0 0.468914 0.382442 0.472660 0.388381 0.479414 0.392044 0.484962 0.392452 0.490831 0.388234 0.492457 0.382104 0.491096 0.374972 0.482460 0.369639 0.475112 0.371041 0.470457 0.375954
0 0.517453 0.361615 0.521199 0.367554 0.527953 0.371217 0.534790 0.369935 0.538356 0.366188 0.540480 0.360998 0.537934 0.353353 0.530999 0.348812 0.523651 0.350213 0.518997 0.355127
0 0.489003 0.312324 0.492749 0.318263 0.499503 0.321926 0.505051 0.322333 0.510919 0.318116 0.512546 0.311985 0.511184 0.304854 0.502549 0.299521 0.495200 0.300922 0.490547 0.305836
0 0.386774 0.296832 0.390519 0.302771 0.397273 0.306435 0.402821 0.306842 0.408690 0.302625 0.410316 0.296494 0.408955 0.289362 0.400319 0.284030 0.392971 0.285431 0.388317 0.290345
0 0.329870 0.351539 0.333616 0.357478 0.340370 0.361142 0.345918 0.361549 0.351786 0.357332 0.353412 0.351201 0.352052 0.344069 0.343415 0.338737 0.336067 0.340138 0.331414 0.345052
0 0.306235 0.404261 0.309981 0.410201 0.316735 0.413864 0.322284 0.414272 0.328152 0.410054 0.329778 0.403923 0.328417 0.396792 0.319781 0.391459 0.312433 0.392861 0.307779 0.397774
0 0.534902 0.457038 0.538647 0.462978 0.545402 0.466640 0.550950 0.467048 0.556818 0.462831 0.558444 0.456700 0.557083 0.449568 0.548447 0.444236 0.541099 0.445637 0.536445 0.450551
0 0.676612 0.308040 0.680357 0.313979 0.687112 0.317643 0.692659 0.318050 0.698528 0.313832 0.700154 0.307702 0.698793 0.300570 0.690157 0.295237 0.682809 0.296639 0.678155 0.301553
0 0.720223 0.297462 0.723969 0.303402 0.730722 0.307065 0.736271 0.307472 0.742139 0.303255 0.743765 0.297124 0.742404 0.289993 0.733768 0.284660 0.726420 0.286061 0.721766 0.290975
0 0.777165 0.446771 0.780911 0.452710 0.787665 0.456373 0.793213 0.456780 0.799082 0.452563 0.800707 0.446433 0.799347 0.439301 0.790711 0.433968 0.783363 0.435369 0.778709 0.440283
0 0.809244 0.437434 0.812989 0.443373 0.819743 0.447036 0.825292 0.447444 0.831160 0.443226 0.832786 0.437096 0.831425 0.429964 0.822789 0.424631 0.815441 0.426033 0.810787 0.430946
0 0.856010 0.400833 0.859756 0.406772 0.866510 0.410435 0.872058 0.410842 0.877926 0.406625 0.879552 0.400494 0.878191 0.393363 0.869556 0.388030 0.862207 0.389431 0.857554 0.394345
0 0.779884 0.323515 0.783630 0.329455 0.790384 0.333118 0.795932 0.333525 0.801800 0.329308 0.803427 0.323177 0.802065 0.316045 0.793430 0.310713 0.786081 0.312114 0.781427 0.317028
0 0.851288 0.297392 0.855034 0.303331 0.861788 0.306995 0.867336 0.307402 0.873204 0.303185 0.874830 0.297054 0.873469 0.289922 0.864834 0.284590 0.857485 0.285991 0.852831 0.290905
0 0.907863 0.339517 0.911609 0.345456 0.918363 0.349119 0.923911 0.349526 0.929779 0.345309 0.931406 0.339179 0.930045 0.332047 0.921409 0.326714 0.914060 0.328115 0.909407 0.333029
0 0.872882 0.314999 0.876627 0.320938 0.883381 0.324601 0.888930 0.325008 0.894798 0.320791 0.896424 0.314660 0.895063 0.307529 0.886427 0.302197 0.879079 0.303598 0.874425 0.308511
0 0.965890 0.314208 0.969636 0.320148 0.976390 0.323810 0.981938 0.324218 0.987806 0.320001 0.989433 0.313870 0.988072 0.306738 0.979436 0.301406 0.972087 0.302807 0.967434 0.307721
0 0.956596 0.612398 0.960341 0.618337 0.967095 0.622001 0.972643 0.622408 0.978512 0.618191 0.980138 0.612060 0.978777 0.604928 0.970141 0.599596 0.962793 0.600997 0.958139 0.605911
0 0.795424 0.652561 0.799170 0.658500 0.805924 0.662163 0.811472 0.662570 0.817340 0.658353 0.818966 0.652222 0.817605 0.645091 0.808969 0.639759 0.801621 0.641160 0.796968 0.646073
0 0.900912 0.777379 0.904658 0.783318 0.911411 0.786981 0.916960 0.787389 0.922828 0.783171 0.924454 0.777041 0.923093 0.769909 0.914457 0.764576 0.907109 0.765978 0.902455 0.770891
0 0.626650 0.691377 0.630396 0.697316 0.637150 0.700979 0.642698 0.701386 0.648566 0.697169 0.650192 0.691039 0.648831 0.683907 0.640195 0.678574 0.632847 0.679975 0.628193 0.684889
0 0.764688 0.657800 0.768433 0.663739 0.775187 0.667402 0.780735 0.667809 0.786604 0.663592 0.788230 0.657462 0.786869 0.650330 0.778233 0.644997 0.770885 0.646398 0.766231 0.651313
0 0.673211 0.745581 0.676957 0.751520 0.683711 0.755184 0.689259 0.755591 0.695128 0.751373 0.696754 0.745243 0.695393 0.738111 0.686757 0.732779 0.679408 0.734180 0.674755 0.739094
0 0.588060 0.605918 0.591806 0.611857 0.598560 0.615520 0.604108 0.615927 0.609976 0.611710 0.611602 0.605580 0.610241 0.598448 0.601606 0.593115 0.594257 0.594516 0.589603 0.599430
0 0.626634 0.606744 0.630380 0.612684 0.637134 0.616347 0.642682 0.616754 0.648550 0.612536 0.650176 0.606406 0.648815 0.599275 0.640180 0.593942 0.632831 0.595343 0.628178 0.600257
0 0.502679 0.540053 0.506424 0.545992 0.513178 0.549656 0.518726 0.550063 0.524595 0.545846 0.526221 0.539715 0.524860 0.532583 0.516224 0.527251 0.508876 0.528652 0.504221 0.533566
0 0.530079 0.767867 0.533825 0.773807 0.540578 0.777469 0.546127 0.777877 0.551995 0.773660 0.553621 0.767529 0.552260 0.760397 0.543624 0.755065 0.536276 0.756466 0.531622 0.761379
0 0.394972 0.609514 0.398718 0.615453 0.405472 0.619116 0.411020 0.619523 0.416889 0.615306 0.418514 0.609176 0.417154 0.602044 0.408518 0.596712 0.401169 0.598112 0.396516 0.603026
0 0.430329 0.678985 0.434075 0.684924 0.440829 0.688587 0.446377 0.688995 0.452245 0.684778 0.453872 0.678647 0.452510 0.671515 0.443875 0.666183 0.436526 0.667584 0.431872 0.672497
0 0.474755 0.657303 0.478501 0.663243 0.485255 0.666906 0.490803 0.667313 0.496671 0.663096 0.498298 0.656965 0.496936 0.649833 0.488301 0.644501 0.480952 0.645902 0.476298 0.650816
0 0.451794 0.764596 0.455540 0.770535 0.462294 0.774199 0.467842 0.774606 0.473710 0.770388 0.475337 0.764258 0.473976 0.757126 0.465340 0.751794 0.457991 0.753195 0.453338 0.758109
0 0.677332 0.588879 0.681078 0.594818 0.687832 0.598481 0.693380 0.598889 0.699249 0.594671 0.700875 0.588541 0.699513 0.581409 0.690878 0.576076 0.683529 0.577478 0.678876 0.582391
0 0.487939 0.566325 0.491685 0.572265 0.498439 0.575928 0.503987 0.576335 0.509856 0.572118 0.511482 0.565988 0.510121 0.558856 0.501485 0.553523 0.494137 0.554924 0.489483 0.559838
0 0.622252 0.547538 0.625998 0.553477 0.632752 0.557140 0.638300 0.557547 0.644168 0.553330 0.645794 0.547199 0.644433 0.540067 0.635797 0.534735 0.628449 0.536136 0.623795 0.541050
0 0.460609 0.613556 0.464355 0.619495 0.471109 0.623158 0.476658 0.623565 0.482526 0.619348 0.484152 0.613217 0.482791 0.606086 0.474155 0.600753 0.466807 0.602154 0.462153 0.607068
0 0.628607 0.667361 0.632352 0.673300 0.639106 0.676963 0.644654 0.677371 0.650523 0.673154 0.652149 0.667023 0.650788 0.659891 0.642152 0.654559 0.634804 0.655960 0.630150 0.660873
0 0.729934 0.610520 0.733680 0.616459 0.740434 0.620122 0.745982 0.620529 0.751851 0.616312 0.753477 0.610182 0.752116 0.603050 0.743480 0.597717 0.736132 0.599118 0.731478 0.604032
0 0.950472 0.761759 0.954217 0.767698 0.960971 0.771361 0.966520 0.771769 0.972388 0.767552 0.974014 0.761421 0.972653 0.754289 0.964017 0.748957 0.956669 0.750358 0.952015 0.755271
0 0.928963 0.547256 0.932708 0.553195 0.939462 0.556858 0.945011 0.557265 0.950879 0.553048 0.952505 0.546917 0.951144 0.539786 0.942508 0.534453 0.935160 0.535854 0.930506 0.540768
0 0.303799 0.434452 0.307545 0.440391 0.314299 0.444054 0.319847 0.444461 0.325715 0.440244 0.327341 0.434113 0.325981 0.426981 0.317345 0.421650 0.309996 0.423051 0.305343 0.427964
0 0.409289 0.437706 0.413035 0.443645 0.419789 0.447308 0.425337 0.447715 0.431205 0.443498 0.432832 0.437367 0.431470 0.430236 0.422835 0.424903 0.415486 0.426304 0.410832 0.431218
0 0.420649 0.363132 0.424395 0.369071 0.431148 0.372735 0.436697 0.373142 0.442565 0.368925 0.444191 0.362794 0.442830 0.355663 0.434194 0.350330 0.426846 0.351731 0.422193 0.356645
0 0.348511 0.455965 0.352257 0.461905 0.359011 0.465567 0.364560 0.465975 0.370428 0.461758 0.372054 0.455627 0.370693 0.448495 0.362057 0.443163 0.354709 0.444564 0.350055 0.449478
0 0.330518 0.480919 0.334263 0.486858 0.341018 0.490521 0.346565 0.490928 0.352434 0.486711 0.354060 0.480581 0.352699 0.473449 0.344063 0.468116 0.336715 0.469517 0.332061 0.474432
0 0.331384 0.505698 0.335129 0.511638 0.341883 0.515301 0.347431 0.515708 0.353300 0.511491 0.354926 0.505360 0.353565 0.498228 0.344929 0.492896 0.337581 0.494297 0.332927 0.499211
0 0.223602 0.535429 0.224493 0.542082 0.231247 0.545746 0.236796 0.546153 0.242664 0.541936 0.244290 0.535805 0.242929 0.528673 0.238270 0.524951 0.232190 0.525772 0.226601 0.530269
0 0.203579 0.583358 0.204471 0.590011 0.211225 0.593674 0.216773 0.594082 0.222641 0.589865 0.224267 0.583734 0.222906 0.576602 0.218247 0.572879 0.212168 0.573701 0.206579 0.578198
0 0.202704 0.605880 0.203595 0.612534 0.210349 0.616196 0.215898 0.616604 0.221766 0.612387 0.223392 0.606256 0.222031 0.599124 0.217372 0.595401 0.211292 0.596223 0.205703 0.600720
0 0.309268 0.637565 0.310159 0.644219 0.316913 0.647882 0.322461 0.648289 0.328330 0.644072 0.329956 0.637942 0.328595 0.630810 0.323936 0.627087 0.317856 0.627909 0.312267 0.632405
0 0.251415 0.638801 0.252307 0.645454 0.259061 0.649118 0.264609 0.649525 0.270477 0.645308 0.272103 0.639177 0.270742 0.632045 0.265786 0.629056 0.260004 0.629144 0.254415 0.633641
0 0.263966 0.699014 0.264858 0.705668 0.271612 0.709331 0.277160 0.709738 0.283028 0.705521 0.284654 0.699390 0.283293 0.692259 0.278634 0.688536 0.272555 0.689358 0.266966 0.693854
0 0.094536 0.704650 0.095427 0.711304 0.102181 0.714967 0.107729 0.715375 0.113598 0.711157 0.115223 0.705027 0.113863 0.697895 0.109203 0.694172 0.103124 0.694994 0.097535 0.699490
0 0.031736 0.595026 0.032628 0.601680 0.039382 0.605343 0.044930 0.605750 0.050798 0.601533 0.052424 0.595403 0.049384 0.589830 0.044829 0.586330 0.038637 0.586862 0.034736 0.589866
0 0.211527 0.690982 0.212419 0.697636 0.219173 0.701299 0.224721 0.701706 0.230589 0.697489 0.232215 0.691359 0.229175 0.685786 0.224620 0.682287 0.218428 0.682818 0.214527 0.685822
0 0.069601 0.538302 0.070493 0.544956 0.077247 0.548619 0.082795 0.549026 0.088663 0.544809 0.090289 0.538678 0.087249 0.533106 0.082694 0.529606 0.076502 0.530138 0.072601 0.533142
0 0.083708 0.469736 0.084600 0.476390 0.091354 0.480053 0.096902 0.480460 0.102770 0.476243 0.104396 0.470113 0.101356 0.464540 0.096801 0.461040 0.090609 0.461572 0.086708 0.464576
0 0.012056 0.461687 0.012947 0.468341 0.019701 0.472004 0.025249 0.472412 0.031118 0.468194 0.032744 0.462064 0.029703 0.456491 0.025149 0.452991 0.018957 0.453523 0.015055 0.456528
0 0.056026 0.427594 0.056917 0.434248 0.063671 0.437911 0.069219 0.438318 0.075087 0.434101 0.076714 0.427970 0.073673 0.422398 0.069119 0.418898 0.062927 0.419430 0.059025 0.422434
0 0.013443 0.417291 0.014335 0.423944 0.021089 0.427608 0.026637 0.428015 0.032505 0.423798 0.034131 0.417667 0.031091 0.412095 0.026536 0.408594 0.020344 0.409127 0.016443 0.412131
0 0.125063 0.394048 0.125954 0.400702 0.132708 0.404365 0.138257 0.404772 0.144125 0.400555 0.145751 0.394425 0.142711 0.388853 0.138155 0.385353 0.131964 0.385885 0.128062 0.388888
0 0.057137 0.275548 0.058028 0.282202 0.064783 0.285865 0.070330 0.286273 0.076199 0.282055 0.077825 0.275925 0.074785 0.270352 0.070230 0.266852 0.064038 0.267384 0.060137 0.270388
0 0.164766 0.252785 0.165657 0.259439 0.172411 0.263102 0.177959 0.263509 0.183828 0.259292 0.185454 0.253162 0.182413 0.247589 0.177858 0.244090 0.171666 0.244621 0.167765 0.247625
0 0.271888 0.308249 0.272780 0.314903 0.279533 0.318566 0.285082 0.318973 0.290950 0.314756 0.292576 0.308625 0.289536 0.303053 0.284981 0.299553 0.278789 0.300085 0.274887 0.303089
0 0.331883 0.286274 0.332774 0.292929 0.339528 0.296592 0.345076 0.296999 0.350945 0.292781 0.352571 0.286651 0.349530 0.281079 0.344975 0.277579 0.338784 0.278111 0.334882 0.281115
0 0.288322 0.241966 0.289213 0.248620 0.295968 0.252283 0.301516 0.252690 0.307384 0.248473 0.309010 0.242342 0.305970 0.236770 0.301415 0.233270 0.295223 0.233802 0.291322 0.236806
0 0.386970 0.262996 0.387861 0.269650 0.394615 0.273313 0.400163 0.273720 0.406032 0.269503 0.407658 0.263372 0.404617 0.257800 0.400062 0.254300 0.393871 0.254832 0.389969 0.257836
0 0.443745 0.273654 0.444636 0.280308 0.451390 0.283971 0.456938 0.284378 0.462807 0.280161 0.464433 0.274030 0.461392 0.268458 0.456838 0.264958 0.450646 0.265490 0.446744 0.268494
0 0.475262 0.267972 0.476154 0.274626 0.482908 0.278289 0.488456 0.278696 0.494324 0.274479 0.495950 0.268349 0.492910 0.262776 0.488355 0.259276 0.482163 0.259808 0.478262 0.262812
0 0.433519 0.236954 0.434410 0.243607 0.441164 0.247270 0.446712 0.247678 0.452581 0.243460 0.454206 0.237330 0.451166 0.231758 0.446611 0.228257 0.440419 0.228789 0.436518 0.231794
0 0.384953 0.239762 0.385844 0.246416 0.392598 0.250079 0.398146 0.250486 0.404015 0.246269 0.405641 0.240139 0.402600 0.234566 0.398046 0.231066 0.391854 0.231598 0.387952 0.234603
0 0.497368 0.259858 0.498259 0.266512 0.505013 0.270175 0.510561 0.270582 0.516429 0.266365 0.518055 0.260235 0.515015 0.254663 0.510460 0.251163 0.504268 0.251695 0.500367 0.254698
0 0.544851 0.353144 0.545743 0.359798 0.552497 0.363461 0.556408 0.362533 0.560770 0.358592 0.561256 0.353923 0.560019 0.349726 0.556233 0.346603 0.550527 0.346518 0.547851 0.347985
0 0.568874 0.366192 0.569766 0.372846 0.576519 0.376509 0.582233 0.376135 0.587093 0.372030 0.587764 0.365505 0.586522 0.360996 0.581967 0.357496 0.575775 0.358028 0.571873 0.361032
0 0.610624 0.369176 0.611516 0.375830 0.618270 0.379493 0.623984 0.379119 0.628844 0.375014 0.629514 0.368490 0.628273 0.363980 0.623717 0.360480 0.617526 0.361012 0.613624 0.364016
0 0.538224 0.424515 0.539116 0.431168 0.545869 0.434832 0.551583 0.434458 0.556444 0.430353 0.557114 0.423828 0.555872 0.419319 0.551317 0.415819 0.545125 0.416351 0.541224 0.419355
0 0.555131 0.413349 0.556022 0.420003 0.562776 0.423666 0.568490 0.423293 0.573351 0.419187 0.574021 0.412663 0.572779 0.408153 0.568224 0.404653 0.562032 0.405185 0.558130 0.408189
0 0.681354 0.383375 0.682245 0.390029 0.689000 0.393691 0.694713 0.393318 0.699574 0.389213 0.700244 0.382688 0.699002 0.378179 0.694447 0.374679 0.688255 0.375211 0.684354 0.378215
0 0.663210 0.356070 0.664101 0.362724 0.670855 0.366386 0.676569 0.366013 0.681430 0.361908 0.682100 0.355384 0.680858 0.350874 0.676303 0.347374 0.670111 0.347906 0.666209 0.350910
0 0.766875 0.357071 0.767766 0.363724 0.774520 0.367387 0.780234 0.367014 0.785094 0.362909 0.785764 0.356384 0.784523 0.351875 0.779967 0.348374 0.773776 0.348906 0.769874 0.351911
0 0.681320 0.413092 0.682212 0.419746 0.688965 0.423409 0.694679 0.423036 0.699540 0.418931 0.700210 0.412406 0.698968 0.407897 0.694413 0.404397 0.688221 0.404928 0.684320 0.407932
0 0.657804 0.407350 0.658696 0.414004 0.665450 0.417667 0.671163 0.417293 0.676024 0.413188 0.676694 0.406663 0.675452 0.402154 0.670897 0.398654 0.664705 0.399186 0.660804 0.402190
0 0.711738 0.328852 0.712629 0.335505 0.719383 0.339168 0.725096 0.338795 0.729957 0.334689 0.730627 0.328165 0.729385 0.323656 0.724830 0.320155 0.718638 0.320687 0.714737 0.323692
0 0.846884 0.357973 0.847776 0.364626 0.854530 0.368289 0.860243 0.367916 0.865103 0.363811 0.865774 0.357286 0.864532 0.352777 0.859977 0.349276 0.853785 0.349808 0.849884 0.352813
0 0.830224 0.453473 0.831115 0.460127 0.837869 0.463790 0.843582 0.463416 0.848443 0.459311 0.849114 0.452786 0.847871 0.448277 0.843317 0.444777 0.837125 0.445309 0.833223 0.448313
0 0.854059 0.537655 0.854950 0.544309 0.861705 0.547971 0.867418 0.547598 0.872279 0.543493 0.872949 0.536968 0.871707 0.532459 0.867152 0.528959 0.860960 0.529491 0.857059 0.532495
0 0.952238 0.701478 0.953129 0.708131 0.959883 0.711794 0.965596 0.711421 0.970457 0.707316 0.971127 0.700791 0.969885 0.696282 0.965330 0.692781 0.959138 0.693313 0.955237 0.696318
0 0.963840 0.642910 0.964731 0.649564 0.971485 0.653228 0.977199 0.652854 0.982060 0.648749 0.982730 0.642224 0.981488 0.637715 0.976933 0.634215 0.970741 0.634747 0.966839 0.637751
0 0.947252 0.629292 0.948144 0.635946 0.954898 0.639610 0.960611 0.639236 0.965472 0.635131 0.966142 0.628606 0.964900 0.624096 0.960345 0.620596 0.954154 0.621129 0.950252 0.624133
0 0.969524 0.663677 0.970557 0.668707 0.974967 0.672069 0.979449 0.672492 0.984410 0.669707 0.985080 0.663182 0.983838 0.658673 0.979283 0.655173 0.973091 0.655705 0.970238 0.659018
0 0.875142 0.653353 0.876033 0.660007 0.882787 0.663670 0.888501 0.663297 0.892897 0.659148 0.893513 0.652618 0.892790 0.648158 0.888235 0.644657 0.882043 0.645189 0.878141 0.648193
0 0.933675 0.803767 0.934566 0.810420 0.941320 0.814083 0.947034 0.813710 0.951430 0.809561 0.952046 0.803031 0.951322 0.798571 0.946768 0.795071 0.940576 0.795602 0.936674 0.798607
0 0.641456 0.763658 0.642902 0.769679 0.647232 0.773031 0.653030 0.773779 0.657426 0.769630 0.658042 0.763100 0.657319 0.758639 0.652764 0.755139 0.646572 0.755671 0.642671 0.758675
0 0.608216 0.732731 0.609661 0.738752 0.613992 0.742104 0.619790 0.742852 0.624185 0.738703 0.624802 0.732173 0.624078 0.727713 0.619523 0.724212 0.613331 0.724744 0.609430 0.727748
0 0.546395 0.730545 0.547841 0.736566 0.552171 0.739918 0.557969 0.740666 0.562365 0.736517 0.562982 0.729987 0.562258 0.725526 0.557703 0.722026 0.551511 0.722558 0.547610 0.725562
0 0.519388 0.705781 0.520833 0.711802 0.525164 0.715154 0.530962 0.715902 0.535358 0.711753 0.535974 0.705223 0.535251 0.700763 0.530696 0.697263 0.524504 0.697795 0.520603 0.700799
0 0.573336 0.675031 0.574781 0.681052 0.579111 0.684403 0.584909 0.685151 0.589305 0.681002 0.589921 0.674473 0.589198 0.670012 0.584643 0.666512 0.578452 0.667044 0.574550 0.670048
0 0.561859 0.697419 0.563305 0.703441 0.567635 0.706792 0.573433 0.707540 0.577829 0.703391 0.578445 0.696861 0.577722 0.692401 0.573167 0.688901 0.566975 0.689433 0.563073 0.692437
0 0.491948 0.697257 0.493394 0.703279 0.497724 0.706629 0.503522 0.707378 0.507918 0.703229 0.508534 0.696699 0.507811 0.692239 0.503256 0.688738 0.497064 0.689270 0.493163 0.692275
0 0.728901 0.637783 0.730347 0.643805 0.734677 0.647156 0.740475 0.647904 0.744871 0.643755 0.745487 0.637225 0.744764 0.632765 0.740209 0.629264 0.734017 0.629797 0.730115 0.632801
0 0.691083 0.553614 0.692528 0.559635 0.696858 0.562987 0.702656 0.563735 0.707052 0.559586 0.707668 0.553056 0.706945 0.548596 0.702390 0.545096 0.696198 0.545628 0.692297 0.548632
0 0.824118 0.595946 0.824624 0.600195 0.827557 0.603596 0.833355 0.604344 0.837751 0.600195 0.837466 0.593672 0.836153 0.590874 0.832710 0.588401 0.827601 0.588396 0.825085 0.591262
0 0.806392 0.607534 0.806898 0.611784 0.809830 0.615183 0.815628 0.615932 0.820025 0.611783 0.819739 0.605260 0.818427 0.602463 0.814984 0.599989 0.809874 0.599984 0.807359 0.602850
0 0.775355 0.618629 0.775861 0.622879 0.778794 0.626279 0.784592 0.627027 0.788987 0.622878 0.788702 0.616355 0.787391 0.613557 0.783946 0.611084 0.778837 0.611079 0.776322 0.613945
0 0.731254 0.657617 0.731760 0.661867 0.734693 0.665267 0.740491 0.666015 0.744887 0.661866 0.744601 0.655343 0.743290 0.652546 0.739846 0.650072 0.734736 0.650067 0.732221 0.652933
0 0.698928 0.573198 0.699434 0.577447 0.702367 0.580848 0.708165 0.581596 0.712561 0.577447 0.712276 0.570924 0.710964 0.568127 0.707520 0.565653 0.702411 0.565648 0.699895 0.568514
0 0.662614 0.598422 0.663121 0.602671 0.666053 0.606071 0.671851 0.606819 0.676247 0.602670 0.675962 0.596148 0.674650 0.593350 0.671206 0.590876 0.666097 0.590872 0.663582 0.593738
0 0.675407 0.550821 0.675913 0.555071 0.678846 0.558471 0.684645 0.559219 0.689040 0.555070 0.688755 0.548548 0.687443 0.545750 0.683999 0.543276 0.678890 0.543271 0.676375 0.546138
0 0.699331 0.684500 0.699837 0.688750 0.702770 0.692150 0.708568 0.692898 0.712964 0.688749 0.712679 0.682227 0.711367 0.679429 0.707923 0.676955 0.702814 0.676950 0.700298 0.679817
0 0.752348 0.740413 0.752854 0.744663 0.755787 0.748063 0.761584 0.748811 0.765980 0.744662 0.765695 0.738140 0.764383 0.735342 0.760939 0.732868 0.755830 0.732864 0.753315 0.735730
0 0.817781 0.749675 0.818287 0.753925 0.821221 0.757325 0.827018 0.758073 0.831414 0.753924 0.831129 0.747402 0.829817 0.744604 0.826373 0.742130 0.821263 0.742125 0.818749 0.744992
0 0.780049 0.780489 0.780556 0.784738 0.783488 0.788139 0.789286 0.788887 0.793682 0.784738 0.793397 0.778215 0.792085 0.775417 0.788641 0.772943 0.783532 0.772939 0.781016 0.775805
0 0.872840 0.708461 0.875737 0.711029 0.878805 0.711932 0.882814 0.712180 0.884930 0.710870 0.887762 0.707093 0.888146 0.703024 0.887758 0.700222 0.884411 0.697178 0.878967 0.696448 0.875652 0.697860 0.872742 0.700544 0.871281 0.704511
0 0.859402 0.668461 0.862299 0.671029 0.865367 0.671932 0.869376 0.672179 0.871492 0.670870 0.874324 0.667093 0.874708 0.663024 0.874319 0.660222 0.870973 0.657178 0.865529 0.656448 0.862214 0.657860 0.859304 0.660543 0.857843 0.664511
0 0.833098 0.658890 0.835995 0.661458 0.839063 0.662361 0.843072 0.662609 0.845188 0.661299 0.848020 0.657522 0.848404 0.653453 0.848015 0.650651 0.844668 0.647607 0.839225 0.646877 0.835910 0.648289 0.833000 0.650973 0.831538 0.654940
0 0.789714 0.716247 0.792611 0.718814 0.795679 0.719718 0.799687 0.719965 0.801804 0.718655 0.804636 0.714878 0.805020 0.710809 0.804631 0.708007 0.801285 0.704963 0.795841 0.704233 0.792526 0.705646 0.789616 0.708329 0.788154 0.712296
0 0.773867 0.694979 0.776764 0.697547 0.779832 0.698451 0.783841 0.698698 0.785957 0.697389 0.788789 0.693611 0.789173 0.689542 0.788785 0.686740 0.785438 0.683696 0.779995 0.682966 0.776679 0.684379 0.773769 0.687062 0.772308 0.691029
0 0.768107 0.716173 0.771005 0.718740 0.774072 0.719644 0.778081 0.719891 0.780197 0.718581 0.783029 0.714804 0.783413 0.710735 0.783025 0.707933 0.779678 0.704889 0.774234 0.704159 0.770919 0.705572 0.768009 0.708255 0.766548 0.712222
0 0.881371 0.771404 0.884269 0.773971 0.887337 0.774875 0.891345 0.775122 0.893462 0.773813 0.896294 0.770035 0.896678 0.765966 0.896289 0.763165 0.892942 0.760120 0.887499 0.759391 0.884183 0.760803 0.881273 0.763486 0.879812 0.767454
0 0.731877 0.703332 0.734774 0.705900 0.737842 0.706803 0.741851 0.707051 0.743966 0.705741 0.746799 0.701964 0.747183 0.697895 0.746794 0.695093 0.743448 0.692049 0.738004 0.691319 0.734689 0.692731 0.731779 0.695415 0.730317 0.699382
0 0.684267 0.769569 0.687164 0.772137 0.690232 0.773040 0.694240 0.773287 0.696357 0.771978 0.699189 0.768200 0.699573 0.764131 0.699184 0.761329 0.695837 0.758285 0.690394 0.757556 0.687079 0.758968 0.684168 0.761651 0.682707 0.765618
0 0.655943 0.749378 0.658840 0.751946 0.661908 0.752849 0.665917 0.753097 0.668033 0.751787 0.670865 0.748010 0.671249 0.743941 0.670860 0.741139 0.667514 0.738095 0.662070 0.737365 0.658755 0.738777 0.655845 0.741461 0.654383 0.745428
0 0.586059 0.663898 0.588957 0.666466 0.592025 0.667370 0.596033 0.667617 0.598149 0.666307 0.600981 0.662530 0.601365 0.658461 0.600977 0.655659 0.597630 0.652615 0.592187 0.651885 0.588871 0.653297 0.585961 0.655981 0.584500 0.659948
0 0.583410 0.732639 0.586307 0.735207 0.589375 0.736111 0.593384 0.736358 0.595500 0.735049 0.598332 0.731271 0.598716 0.727202 0.598328 0.724400 0.594981 0.721356 0.589538 0.720626 0.586222 0.722039 0.583312 0.724722 0.581851 0.728689
0 0.490496 0.732170 0.493394 0.734738 0.496462 0.735641 0.500470 0.735889 0.502586 0.734579 0.505418 0.730802 0.505803 0.726733 0.505414 0.723931 0.502067 0.720887 0.496624 0.720157 0.493309 0.721569 0.490398 0.724252 0.488937 0.728220
0 0.525621 0.730134 0.528518 0.732701 0.531587 0.733605 0.535595 0.733852 0.537711 0.732542 0.540543 0.728765 0.540927 0.724696 0.540539 0.721894 0.537192 0.718850 0.531748 0.718120 0.528433 0.719533 0.525523 0.722216 0.524062 0.726183
0 0.468831 0.742265 0.471728 0.744833 0.474796 0.745737 0.478805 0.745984 0.480921 0.744674 0.483753 0.740896 0.484137 0.736827 0.483749 0.734026 0.480402 0.730981 0.474958 0.730252 0.471643 0.731664 0.468733 0.734348 0.467271 0.738315
0 0.481845 0.685155 0.484743 0.687723 0.487811 0.688627 0.491819 0.688874 0.493935 0.687564 0.496767 0.683786 0.497151 0.679718 0.496763 0.676916 0.493416 0.673871 0.487972 0.673142 0.484657 0.674554 0.481747 0.677238 0.480286 0.681205
0 0.457456 0.722107 0.460354 0.724675 0.463421 0.725579 0.467430 0.725826 0.469546 0.724516 0.472378 0.720739 0.472762 0.716670 0.472374 0.713868 0.469027 0.710824 0.463583 0.710094 0.460268 0.711506 0.457358 0.714190 0.455897 0.718157
0 0.442359 0.746555 0.445256 0.749122 0.448324 0.750026 0.452333 0.750273 0.454449 0.748963 0.457281 0.745186 0.457665 0.741117 0.457277 0.738315 0.453930 0.735271 0.448487 0.734541 0.445171 0.735954 0.442261 0.738637 0.440800 0.742604
0 0.418194 0.718106 0.421092 0.720674 0.424160 0.721577 0.428168 0.721824 0.430285 0.720515 0.433117 0.716738 0.433501 0.712669 0.433112 0.709867 0.429765 0.706822 0.424322 0.706093 0.421007 0.707505 0.418096 0.710188 0.416635 0.714156
0 0.439204 0.706627 0.442102 0.709194 0.445169 0.710098 0.449178 0.710345 0.451294 0.709036 0.454126 0.705258 0.454510 0.701190 0.454122 0.698388 0.450775 0.695343 0.445332 0.694614 0.442016 0.696026 0.439106 0.698709 0.437645 0.702676
0 0.457890 0.693983 0.460788 0.696550 0.463856 0.697454 0.467864 0.697701 0.469981 0.696391 0.472813 0.692614 0.473197 0.688545 0.472808 0.685743 0.469461 0.682699 0.464018 0.681969 0.460703 0.683381 0.457792 0.686065 0.456331 0.690032
0 0.354325 0.711837 0.357222 0.714405 0.360290 0.715308 0.364299 0.715555 0.366415 0.714246 0.369247 0.710468 0.369631 0.706399 0.369243 0.703598 0.365896 0.700553 0.360453 0.699824 0.357137 0.701236 0.354227 0.703919 0.352766 0.707887
0 0.347172 0.724074 0.348635 0.726094 0.351361 0.727435 0.354619 0.727971 0.357290 0.727481 0.360477 0.724564 0.360861 0.720495 0.360473 0.717693 0.357127 0.714649 0.351683 0.713919 0.348367 0.715332 0.346319 0.718005 0.345772 0.721375
0 0.371561 0.717626 0.373024 0.719646 0.375750 0.720987 0.379008 0.721522 0.381679 0.721033 0.384866 0.718116 0.385250 0.714047 0.384862 0.711245 0.381515 0.708201 0.376072 0.707471 0.372756 0.708883 0.370708 0.711556 0.370161 0.714927
0 0.314381 0.723177 0.317279 0.725744 0.320346 0.726648 0.324355 0.726895 0.326471 0.725585 0.329303 0.721808 0.329687 0.717739 0.329299 0.714937 0.325952 0.711893 0.320509 0.711163 0.317193 0.712576 0.314283 0.715259 0.312822 0.719226
0 0.300593 0.659157 0.303491 0.661724 0.306559 0.662628 0.310567 0.662875 0.312684 0.661565 0.315516 0.657788 0.315900 0.653719 0.315511 0.650917 0.312164 0.647873 0.306721 0.647143 0.303405 0.648556 0.300495 0.651239 0.299034 0.655206
0 0.333608 0.665258 0.335071 0.667278 0.337797 0.668619 0.341055 0.669155 0.343726 0.668666 0.346913 0.665748 0.347297 0.661679 0.346909 0.658877 0.343563 0.655833 0.338119 0.655104 0.334803 0.656516 0.332755 0.659189 0.332208 0.662560
0 0.273348 0.672320 0.276245 0.674888 0.279313 0.675791 0.283322 0.676039 0.285438 0.674729 0.288270 0.670952 0.288654 0.666883 0.288266 0.664081 0.284919 0.661037 0.279475 0.660307 0.276160 0.661719 0.273250 0.664403 0.271789 0.668370
0 0.245694 0.705910 0.248591 0.708478 0.251659 0.709381 0.255668 0.709629 0.257784 0.708319 0.260616 0.704541 0.261000 0.700473 0.260612 0.697670 0.257265 0.694626 0.251821 0.693897 0.248506 0.695309 0.245596 0.697992 0.244135 0.701959
0 0.185658 0.715277 0.188556 0.717845 0.191624 0.718748 0.195632 0.718996 0.197748 0.717686 0.200581 0.713909 0.200965 0.709840 0.200576 0.707038 0.197229 0.703994 0.191786 0.703264 0.188471 0.704676 0.185560 0.707359 0.184099 0.711327
0 0.218380 0.666885 0.219271 0.673538 0.226025 0.677201 0.231573 0.677609 0.237442 0.673392 0.239068 0.667261 0.237707 0.660129 0.233048 0.656406 0.226968 0.657228 0.221379 0.661725
0 0.180617 0.688260 0.181509 0.694914 0.188263 0.698577 0.193811 0.698985 0.199679 0.694767 0.201305 0.688637 0.199944 0.681505 0.194163 0.678291 0.188346 0.678367 0.183009 0.681885
0 0.120315 0.678555 0.121207 0.685209 0.127961 0.688871 0.133509 0.689279 0.139377 0.685062 0.141003 0.678931 0.139642 0.671799 0.133861 0.668585 0.128044 0.668662 0.122707 0.672179
0 0.162078 0.656588 0.162969 0.663242 0.169723 0.666905 0.175272 0.667312 0.181140 0.663095 0.182766 0.656964 0.181405 0.649833 0.175623 0.646618 0.169807 0.646695 0.164470 0.650213
0 0.156798 0.691753 0.157690 0.698407 0.164444 0.702070 0.169992 0.702478 0.175860 0.698260 0.177486 0.692130 0.176125 0.684998 0.170344 0.681784 0.164527 0.681860 0.159190 0.685378
0 0.127978 0.711997 0.128869 0.718650 0.135623 0.722314 0.141171 0.722721 0.147039 0.718504 0.148665 0.712373 0.147305 0.705241 0.141523 0.702027 0.135706 0.702104 0.130369 0.705621
0 0.002968 0.633237 0.003860 0.639891 0.010614 0.643554 0.016162 0.643961 0.022030 0.639744 0.023656 0.633614 0.022295 0.626482 0.016514 0.623268 0.010697 0.623344 0.005360 0.626862
0 0.119902 0.577717 0.120794 0.584371 0.127548 0.588034 0.133096 0.588441 0.138964 0.584224 0.140590 0.578094 0.139229 0.570962 0.133448 0.567747 0.127631 0.567824 0.122294 0.571342
0 0.155542 0.595845 0.156433 0.602499 0.163187 0.606162 0.168735 0.606569 0.174603 0.602352 0.176229 0.596222 0.174868 0.589090 0.169087 0.585876 0.163270 0.585952 0.157933 0.589470
0 0.000000 0.520025 0.000000 0.526680 0.003461 0.530342 0.009009 0.530750 0.014878 0.526532 0.016504 0.520402 0.013463 0.514830 0.008908 0.511330 0.002716 0.511861 0.000000 0.514865
0 0.051022 0.478975 0.051913 0.485630 0.058667 0.489293 0.064215 0.489700 0.070084 0.485482 0.071710 0.479352 0.068669 0.473780 0.064115 0.470280 0.057923 0.470812 0.054021 0.473816
0 0.021263 0.486361 0.022155 0.493015 0.028909 0.496678 0.034457 0.497085 0.040325 0.492868 0.041951 0.486738 0.038911 0.481165 0.034356 0.477665 0.028164 0.478197 0.024263 0.481201
0 0.158902 0.499196 0.159793 0.505850 0.166547 0.509513 0.172095 0.509921 0.177963 0.505703 0.179590 0.499573 0.176549 0.494000 0.171995 0.490500 0.165803 0.491032 0.161901 0.494037
0 0.202613 0.534351 0.203504 0.541004 0.210259 0.544667 0.215807 0.545075 0.221675 0.540857 0.223301 0.534727 0.220261 0.529155 0.215706 0.525654 0.209514 0.526186 0.205613 0.529191
0 0.252639 0.449072 0.256385 0.455012 0.263138 0.458674 0.268687 0.459082 0.274555 0.454864 0.276181 0.448734 0.274820 0.441602 0.266184 0.436270 0.258836 0.437671 0.254182 0.442585
0 0.156390 0.375595 0.160136 0.381534 0.166890 0.385197 0.172438 0.385604 0.178306 0.381387 0.179932 0.375256 0.178571 0.368125 0.169936 0.362792 0.162587 0.364193 0.157934 0.369107
0 0.194203 0.436312 0.197949 0.442252 0.204703 0.445915 0.210251 0.446322 0.216120 0.442105 0.217746 0.435975 0.216384 0.428843 0.207749 0.423510 0.200400 0.424911 0.195746 0.429825
0 0.088547 0.385370 0.092293 0.391309 0.099047 0.394972 0.104595 0.395379 0.110463 0.391162 0.112089 0.385031 0.110728 0.377900 0.102093 0.372567 0.094744 0.373968 0.090090 0.378882
0 0.264868 0.747823 0.268614 0.753762 0.275368 0.757425 0.280916 0.757832 0.286784 0.753615 0.288411 0.747484 0.287050 0.740353 0.278414 0.735020 0.271066 0.736421 0.266412 0.741335
0 0.935470 0.315651 0.939216 0.321590 0.945969 0.325254 0.951518 0.325661 0.957386 0.321443 0.959012 0.315313 0.957651 0.308181 0.949015 0.302849 0.941667 0.304250 0.937013 0.309164
0 0.449573 0.313597 0.444924 0.320836 0.444313 0.328645 0.447690 0.334881 0.454681 0.337491 0.460760 0.338403 0.467034 0.336014 0.471576 0.331218 0.472921 0.325949 0.472521 0.319110 0.469718 0.314239 0.463198 0.311295 0.456561 0.310921
0 0.511819 0.429407 0.507170 0.436646 0.506559 0.444455 0.509936 0.450690 0.516927 0.453301 0.523006 0.454213 0.529280 0.451824 0.533823 0.447028 0.535168 0.441759 0.534767 0.434920 0.531965 0.430049 0.525444 0.427105 0.518807 0.426730
0 0.277161 0.389789 0.272512 0.397029 0.271901 0.404838 0.275278 0.411073 0.282270 0.413683 0.288348 0.414596 0.294622 0.412206 0.299164 0.407411 0.300510 0.402142 0.300109 0.395303 0.297307 0.390432 0.290786 0.387488 0.284149 0.387113
0 0.297934 0.540078 0.293285 0.547318 0.295139 0.556067 0.305435 0.562292 0.312797 0.562487 0.318643 0.557535 0.320611 0.552593 0.320882 0.545592 0.318080 0.540720 0.311559 0.537776 0.304922 0.537402
0 0.838534 0.734448 0.833885 0.741688 0.833273 0.749498 0.836651 0.755732 0.843642 0.758343 0.849720 0.759255 0.855995 0.756866 0.860537 0.752071 0.861882 0.746801 0.861481 0.739962 0.858679 0.735091 0.852159 0.732147 0.845522 0.731772
0 0.699515 0.714362 0.695651 0.721061 0.695708 0.727419 0.698146 0.733508 0.703453 0.736738 0.709532 0.737650 0.715806 0.735261 0.719170 0.730677 0.721174 0.725117 0.721101 0.718918 0.718656 0.715238 0.712654 0.712098 0.705285 0.711840
0 0.288563 0.452669 0.283914 0.459908 0.283303 0.467718 0.286680 0.473953 0.293671 0.476563 0.299750 0.477475 0.306024 0.475086 0.310566 0.470290 0.311912 0.465021 0.311511 0.458182 0.308708 0.453311 0.302188 0.450367 0.295551 0.449993
0 0.308606 0.515438 0.305134 0.521739 0.305625 0.529791 0.311907 0.536137 0.318485 0.538008 0.325099 0.536254 0.329642 0.531459 0.330987 0.526189 0.330586 0.519351 0.327784 0.514479 0.321263 0.511535 0.314626 0.511160
0 0.204312 0.633499 0.200840 0.639800 0.201331 0.647852 0.207612 0.654198 0.214190 0.656070 0.220805 0.654315 0.225347 0.649520 0.226693 0.644250 0.226292 0.637412 0.223489 0.632540 0.216969 0.629596 0.210332 0.629222
0 0.173272 0.347625 0.173276 0.352663 0.175477 0.357056 0.179165 0.358453 0.183157 0.358827 0.187226 0.357831 0.190324 0.355358 0.191392 0.350323 0.189886 0.345341 0.186797 0.342430 0.180105 0.341275 0.176360 0.343175
0 0.135152 0.372764 0.135155 0.377802 0.137357 0.382195 0.141045 0.383592 0.145037 0.383966 0.149105 0.382970 0.152203 0.380496 0.153271 0.375461 0.151765 0.370479 0.148677 0.367569 0.141985 0.366414 0.138239 0.368314
0 0.042409 0.364222 0.042412 0.369260 0.044613 0.373653 0.048302 0.375050 0.052293 0.375424 0.056362 0.374428 0.059461 0.371955 0.060528 0.366920 0.059023 0.361938 0.055934 0.359027 0.049242 0.357872 0.045496 0.359772
0 0.151152 0.421793 0.151157 0.426831 0.153358 0.431224 0.157046 0.432621 0.161038 0.432995 0.165106 0.431999 0.168204 0.429526 0.169272 0.424491 0.167767 0.419509 0.164678 0.416598 0.157986 0.415443 0.154240 0.417343
0 0.236303 0.378593 0.236306 0.383631 0.238507 0.388024 0.242196 0.389421 0.246187 0.389796 0.250256 0.388799 0.253354 0.386326 0.254422 0.381291 0.252917 0.376309 0.249828 0.373398 0.243136 0.372244 0.239390 0.374143
0 0.250779 0.397153 0.250782 0.402191 0.252984 0.406584 0.256672 0.407981 0.260664 0.408355 0.264732 0.407359 0.267830 0.404886 0.268898 0.399851 0.267393 0.394868 0.264304 0.391958 0.257612 0.390803 0.253866 0.392703
0 0.236968 0.463376 0.236972 0.468414 0.239173 0.472807 0.242861 0.474204 0.246853 0.474579 0.250922 0.473582 0.254020 0.471109 0.255088 0.466074 0.253583 0.461092 0.250493 0.458181 0.243801 0.457027 0.240055 0.458926
0 0.210346 0.256158 0.210350 0.261196 0.212551 0.265589 0.216239 0.266986 0.220231 0.267360 0.224300 0.266364 0.227398 0.263891 0.228466 0.258856 0.226960 0.253873 0.223871 0.250963 0.217179 0.249808 0.213434 0.251708
0 0.329854 0.262454 0.329858 0.267493 0.332059 0.271886 0.335747 0.273283 0.339739 0.273657 0.343807 0.272661 0.346906 0.270188 0.347974 0.265152 0.346468 0.260171 0.343379 0.257260 0.336687 0.256105 0.332941 0.258005
0 0.362536 0.238460 0.362539 0.243499 0.364741 0.247892 0.368429 0.249289 0.372421 0.249663 0.376489 0.248667 0.379587 0.246193 0.380655 0.241158 0.379150 0.236176 0.376061 0.233266 0.369369 0.232111 0.365623 0.234011
0 0.307293 0.261729 0.307297 0.266768 0.309498 0.271161 0.313186 0.272557 0.317178 0.272932 0.321247 0.271935 0.324345 0.269463 0.325413 0.264427 0.323908 0.259445 0.320818 0.256535 0.314126 0.255380 0.310380 0.257279
0 0.188216 0.402110 0.188219 0.407149 0.190421 0.411542 0.194109 0.412939 0.198101 0.413313 0.202170 0.412317 0.205268 0.409844 0.206336 0.404808 0.204830 0.399827 0.201741 0.396916 0.195049 0.395761 0.191303 0.397660
0 0.214224 0.412454 0.214227 0.417492 0.216428 0.421885 0.220117 0.423282 0.224108 0.423657 0.228177 0.422660 0.231275 0.420187 0.232343 0.415152 0.230838 0.410170 0.227749 0.407259 0.221057 0.406105 0.217311 0.408004
0 0.233097 0.416546 0.233101 0.421585 0.235302 0.425977 0.238990 0.427375 0.242982 0.427749 0.247051 0.426753 0.250149 0.424279 0.251217 0.419244 0.249711 0.414262 0.246622 0.411352 0.239930 0.410197 0.236185 0.412096
0 0.327239 0.375613 0.327243 0.380652 0.329444 0.385045 0.333132 0.386442 0.337124 0.386816 0.341192 0.385819 0.344291 0.383346 0.345359 0.378311 0.343853 0.373329 0.340764 0.370419 0.334072 0.369264 0.330326 0.371164
0 0.096033 0.505140 0.096036 0.510179 0.098238 0.514572 0.101926 0.515969 0.105918 0.516343 0.109986 0.515347 0.113085 0.512873 0.114153 0.507838 0.112647 0.502856 0.109558 0.499946 0.102866 0.498791 0.099120 0.500691
0 0.207415 0.506595 0.207419 0.511633 0.209620 0.516026 0.213308 0.517423 0.217300 0.517797 0.221369 0.516801 0.224467 0.514327 0.225535 0.509292 0.224029 0.504310 0.220940 0.501400 0.214248 0.500245 0.210503 0.502145
0 0.262593 0.537496 0.262597 0.542535 0.264798 0.546928 0.268486 0.548325 0.272478 0.548699 0.276547 0.547703 0.279645 0.545230 0.280713 0.540194 0.279208 0.535213 0.276118 0.532302 0.269426 0.531147 0.265680 0.533047
0 0.360188 0.544085 0.360192 0.549124 0.362393 0.553517 0.366082 0.554914 0.370073 0.555288 0.374142 0.554291 0.377240 0.551818 0.378308 0.546783 0.376803 0.541801 0.373713 0.538891 0.367022 0.537736 0.363276 0.539636
0 0.151772 0.639048 0.151776 0.644087 0.153977 0.648480 0.157665 0.649877 0.161657 0.650251 0.165726 0.649255 0.168824 0.646782 0.169892 0.641746 0.168386 0.636765 0.165297 0.633854 0.158606 0.632699 0.154859 0.634599
0 0.265921 0.502911 0.265925 0.507950 0.268126 0.512343 0.271814 0.513740 0.275806 0.514114 0.279875 0.513118 0.282973 0.510645 0.284041 0.505609 0.282535 0.500627 0.279446 0.497717 0.272754 0.496562 0.269009 0.498461
0 0.466387 0.581207 0.466391 0.586245 0.468592 0.590638 0.472280 0.592035 0.476272 0.592409 0.480341 0.591413 0.483439 0.588940 0.484507 0.583905 0.483001 0.578923 0.479912 0.576012 0.473220 0.574857 0.469475 0.576757
0 0.429703 0.612449 0.429706 0.617487 0.431908 0.621880 0.435596 0.623277 0.439588 0.623652 0.443656 0.622655 0.446754 0.620182 0.447822 0.615147 0.446317 0.610165 0.443228 0.607254 0.436536 0.606100 0.432790 0.607999
0 0.394966 0.577586 0.394970 0.582625 0.397171 0.587018 0.400859 0.588415 0.404851 0.588789 0.408919 0.587793 0.412018 0.585319 0.413086 0.580284 0.411580 0.575302 0.408491 0.572392 0.401799 0.571237 0.398053 0.573137
0 0.444123 0.531335 0.444127 0.536373 0.446328 0.540766 0.450016 0.542163 0.454008 0.542537 0.458077 0.541541 0.461175 0.539068 0.462243 0.534033 0.460738 0.529051 0.457649 0.526140 0.450957 0.524985 0.447211 0.526885
0 0.501816 0.483315 0.501820 0.488353 0.504021 0.492746 0.507709 0.494143 0.511701 0.494517 0.515769 0.493521 0.518867 0.491048 0.519935 0.486012 0.518430 0.481031 0.515341 0.478120 0.508649 0.476965 0.504903 0.478865
0 0.540663 0.505382 0.540667 0.510420 0.542868 0.514813 0.546556 0.516210 0.550548 0.516584 0.554617 0.515588 0.557715 0.513115 0.558783 0.508080 0.557278 0.503098 0.554188 0.500187 0.547497 0.499032 0.543750 0.500932
0 0.519620 0.509568 0.519624 0.514606 0.521825 0.518999 0.525514 0.520396 0.529505 0.520771 0.533574 0.519775 0.536672 0.517301 0.537740 0.512266 0.536234 0.507284 0.533145 0.504373 0.526453 0.503219 0.522708 0.505118
0 0.525651 0.474692 0.525655 0.479730 0.527856 0.484123 0.531544 0.485520 0.535536 0.485894 0.539604 0.484898 0.542703 0.482425 0.543770 0.477390 0.542265 0.472408 0.539176 0.469497 0.532484 0.468343 0.528738 0.470242
0 0.383997 0.431454 0.384000 0.436493 0.386201 0.440886 0.389890 0.442283 0.393881 0.442657 0.397950 0.441660 0.401049 0.439187 0.402117 0.434152 0.400611 0.429170 0.397522 0.426260 0.390830 0.425105 0.387084 0.427005
0 0.399655 0.476432 0.399659 0.481470 0.401860 0.485863 0.405548 0.487260 0.409540 0.487634 0.413608 0.486638 0.416707 0.484165 0.417775 0.479130 0.416269 0.474148 0.413180 0.471237 0.406488 0.470083 0.402742 0.471982
0 0.388307 0.462011 0.388310 0.467050 0.390512 0.471443 0.394200 0.472840 0.398192 0.473214 0.402261 0.472218 0.405359 0.469745 0.406427 0.464709 0.404921 0.459727 0.401832 0.456817 0.395140 0.455662 0.391394 0.457562
0 0.418695 0.385028 0.418699 0.390066 0.420900 0.394459 0.424588 0.395856 0.428580 0.396230 0.432648 0.395234 0.435747 0.392761 0.436814 0.387726 0.435309 0.382743 0.432220 0.379833 0.425528 0.378678 0.421782 0.380578
0 0.505291 0.401304 0.505295 0.406343 0.507496 0.410736 0.511184 0.412132 0.515176 0.412507 0.519245 0.411511 0.522343 0.409038 0.523411 0.404002 0.521906 0.399020 0.518816 0.396110 0.512125 0.394955 0.508379 0.396854
0 0.468992 0.444381 0.468995 0.449420 0.471197 0.453813 0.474885 0.455209 0.478877 0.455584 0.482945 0.454588 0.486043 0.452115 0.487111 0.447079 0.485606 0.442097 0.482517 0.439187 0.475825 0.438032 0.472079 0.439931
0 0.489523 0.433184 0.489527 0.438223 0.491728 0.442616 0.495416 0.444013 0.499408 0.444387 0.503476 0.443391 0.506575 0.440917 0.507643 0.435882 0.506137 0.430900 0.503048 0.427990 0.496356 0.426835 0.492610 0.428734
0 0.414832 0.319252 0.414836 0.324291 0.417037 0.328684 0.420725 0.330081 0.424717 0.330455 0.428785 0.329459 0.431883 0.326986 0.432952 0.321950 0.431446 0.316969 0.428357 0.314058 0.421665 0.312903 0.417919 0.314803
0 0.475278 0.235238 0.475282 0.240276 0.477483 0.244669 0.481171 0.246066 0.485163 0.246440 0.489231 0.245444 0.492330 0.242971 0.493397 0.237936 0.491892 0.232953 0.488803 0.230043 0.482111 0.228888 0.478365 0.230788
0 0.494128 0.235037 0.494131 0.240075 0.496332 0.244468 0.500021 0.245865 0.504013 0.246240 0.507378 0.244398 0.509088 0.241535 0.510182 0.236815 0.508380 0.232253 0.504819 0.229540 0.500961 0.228688 0.497215 0.230587
0 0.407560 0.240118 0.407564 0.245157 0.409765 0.249550 0.413453 0.250947 0.417445 0.251321 0.421513 0.250325 0.424612 0.247851 0.425679 0.242816 0.424174 0.237834 0.421085 0.234924 0.414393 0.233769 0.410647 0.235668
0 0.604992 0.286955 0.604996 0.291994 0.607197 0.296387 0.610886 0.297783 0.614877 0.298158 0.618243 0.296315 0.619953 0.293453 0.621047 0.288732 0.619245 0.284170 0.615684 0.281458 0.611825 0.280606 0.608080 0.282506
0 0.585391 0.285883 0.585395 0.290922 0.587596 0.295314 0.591284 0.296712 0.595276 0.297086 0.598641 0.295244 0.600351 0.292381 0.601445 0.287661 0.599643 0.283099 0.596083 0.280387 0.592224 0.279534 0.588479 0.281433
0 0.576343 0.262426 0.576347 0.267464 0.578548 0.271857 0.582237 0.273254 0.586228 0.273629 0.589594 0.271787 0.591304 0.268924 0.592397 0.264204 0.590596 0.259641 0.587035 0.256929 0.583176 0.256077 0.579431 0.257976
0 0.641535 0.285130 0.641539 0.290168 0.643740 0.294561 0.647428 0.295958 0.651420 0.296333 0.654785 0.294490 0.656496 0.291628 0.657589 0.286907 0.655788 0.282345 0.652227 0.279633 0.648368 0.278781 0.644622 0.280680
0 0.660598 0.265848 0.660602 0.270886 0.662803 0.275279 0.666491 0.276676 0.670483 0.277050 0.673848 0.275208 0.675559 0.272346 0.676652 0.267625 0.674851 0.263063 0.671290 0.260351 0.667431 0.259499 0.663686 0.261398
0 0.686406 0.458051 0.686410 0.463090 0.688612 0.467483 0.692300 0.468879 0.696292 0.469254 0.699657 0.467411 0.701367 0.464549 0.702461 0.459828 0.700659 0.455266 0.697098 0.452554 0.693240 0.451702 0.689494 0.453601
0 0.735998 0.473961 0.736002 0.479000 0.738203 0.483393 0.741891 0.484790 0.745883 0.485164 0.749248 0.483322 0.750958 0.480459 0.752052 0.475739 0.750250 0.471176 0.746690 0.468465 0.742831 0.467612 0.739085 0.469511
0 0.708730 0.474028 0.708734 0.479066 0.710935 0.483459 0.714623 0.484856 0.718615 0.485230 0.721980 0.483388 0.723691 0.480526 0.724784 0.475805 0.722983 0.471243 0.719422 0.468531 0.715563 0.467678 0.711817 0.469578
0 0.665008 0.498350 0.665011 0.503388 0.667212 0.507781 0.670901 0.509178 0.674892 0.509552 0.678258 0.507710 0.679968 0.504848 0.681062 0.500127 0.679260 0.495565 0.675700 0.492853 0.671841 0.492000 0.668095 0.493900
0 0.732019 0.419675 0.732023 0.424713 0.734224 0.429106 0.737912 0.430503 0.741904 0.430877 0.745269 0.429035 0.746979 0.426172 0.748073 0.421452 0.746271 0.416890 0.742711 0.414178 0.738852 0.413325 0.735106 0.415225
0 0.703796 0.401464 0.703800 0.406502 0.706001 0.410895 0.709689 0.412292 0.713681 0.412666 0.717046 0.410824 0.718756 0.407962 0.719850 0.403241 0.718048 0.398679 0.714487 0.395967 0.710629 0.395115 0.706883 0.397014
0 0.726402 0.439932 0.726406 0.444971 0.728607 0.449364 0.732295 0.450760 0.736287 0.451135 0.739652 0.449293 0.741363 0.446430 0.742457 0.441709 0.740655 0.437148 0.737094 0.434435 0.733236 0.433583 0.729490 0.435483
0 0.640060 0.417342 0.640064 0.422381 0.642265 0.426774 0.645953 0.428171 0.649945 0.428545 0.653310 0.426703 0.655021 0.423840 0.656114 0.419120 0.654313 0.414558 0.650752 0.411845 0.646894 0.410993 0.643147 0.412893
0 0.834548 0.499566 0.834552 0.504605 0.836753 0.508998 0.840441 0.510394 0.844433 0.510769 0.847799 0.508926 0.849509 0.506064 0.850602 0.501343 0.848801 0.496781 0.845240 0.494069 0.841381 0.493217 0.837636 0.495117
0 0.641914 0.561663 0.641918 0.566702 0.644119 0.571095 0.647808 0.572492 0.651799 0.572866 0.655165 0.571024 0.656875 0.568161 0.657969 0.563441 0.656167 0.558878 0.652606 0.556167 0.648748 0.555314 0.645002 0.557213
0 0.594261 0.571917 0.594265 0.576956 0.596466 0.581349 0.600154 0.582746 0.604146 0.583120 0.607512 0.581278 0.609222 0.578415 0.610315 0.573695 0.608514 0.569133 0.604953 0.566421 0.601094 0.565568 0.597349 0.567467
0 0.600409 0.547266 0.600413 0.552304 0.602614 0.556697 0.606302 0.558094 0.610294 0.558469 0.613660 0.556626 0.615369 0.553764 0.616463 0.549043 0.614662 0.544481 0.611101 0.541769 0.607242 0.540917 0.603497 0.542816
0 0.564295 0.564281 0.564298 0.569320 0.566500 0.573713 0.570188 0.575110 0.574180 0.575484 0.577545 0.573642 0.579255 0.570779 0.580349 0.566059 0.578547 0.561497 0.574987 0.558784 0.571128 0.557932 0.567382 0.559832
0 0.597077 0.519869 0.597080 0.524908 0.599281 0.529300 0.602970 0.530697 0.606961 0.531072 0.610327 0.529229 0.612037 0.526367 0.613131 0.521646 0.611329 0.517084 0.607769 0.514372 0.603910 0.513520 0.600164 0.515419
0 0.595715 0.488283 0.595718 0.493321 0.597920 0.497714 0.601608 0.499111 0.605600 0.499485 0.608965 0.497643 0.610676 0.494780 0.611769 0.490060 0.609967 0.485498 0.606407 0.482786 0.602548 0.481933 0.598802 0.483833
0 0.569651 0.498499 0.569655 0.503538 0.571856 0.507931 0.575544 0.509327 0.579536 0.509702 0.582902 0.507860 0.584612 0.504997 0.585705 0.500277 0.583904 0.495715 0.580343 0.493003 0.576485 0.492150 0.572739 0.494049
0 0.579356 0.455229 0.579359 0.460268 0.581560 0.464661 0.585249 0.466057 0.589240 0.466432 0.592605 0.464589 0.594316 0.461727 0.595410 0.457006 0.593608 0.452444 0.590047 0.449732 0.586189 0.448880 0.582443 0.450779
0 0.617599 0.451177 0.617602 0.456216 0.619804 0.460609 0.623492 0.462006 0.627484 0.462380 0.630849 0.460538 0.632559 0.457675 0.633653 0.452954 0.631851 0.448393 0.628291 0.445681 0.624432 0.444828 0.620686 0.446728
0 0.687181 0.498516 0.686641 0.502664 0.688842 0.507057 0.692531 0.508454 0.696474 0.507402 0.698332 0.504109 0.698581 0.500939 0.697033 0.497250 0.694125 0.495279 0.689845 0.495673
0 0.758813 0.487216 0.758274 0.491364 0.760475 0.495757 0.764163 0.497154 0.768106 0.496103 0.769965 0.492809 0.770214 0.489639 0.768665 0.485950 0.765757 0.483979 0.761478 0.484374
0 0.641176 0.515099 0.640637 0.519248 0.642838 0.523641 0.646526 0.525038 0.650469 0.523986 0.652328 0.520693 0.652577 0.517522 0.651028 0.513834 0.648120 0.511863 0.643841 0.512257
0 0.620686 0.511443 0.620147 0.515592 0.622348 0.519985 0.626036 0.521382 0.629979 0.520330 0.631838 0.517037 0.632087 0.513867 0.630539 0.510177 0.627630 0.508206 0.623351 0.508601
0 0.549913 0.472718 0.549373 0.476866 0.551574 0.481259 0.555262 0.482656 0.559206 0.481604 0.561064 0.478311 0.561313 0.475141 0.559765 0.471452 0.556856 0.469481 0.552577 0.469875
0 0.584036 0.534636 0.583651 0.538063 0.586008 0.540777 0.590055 0.541038 0.592276 0.538756 0.592615 0.535811 0.591520 0.533884 0.589543 0.532300 0.586431 0.532432
0 0.731182 0.516984 0.730642 0.521132 0.732843 0.525525 0.736531 0.526922 0.740475 0.525870 0.742333 0.522578 0.742582 0.519407 0.741034 0.515718 0.738126 0.513747 0.733846 0.514141
0 0.793074 0.480827 0.793078 0.485866 0.795279 0.490259 0.798967 0.491656 0.802959 0.492030 0.806324 0.490188 0.808034 0.487325 0.809128 0.482604 0.807326 0.478042 0.803766 0.475330 0.799907 0.474478 0.796162 0.476378
0 0.783228 0.536478 0.783231 0.541516 0.785432 0.545909 0.789121 0.547306 0.793113 0.547680 0.796478 0.545838 0.798188 0.542976 0.799282 0.538255 0.797480 0.533693 0.793919 0.530981 0.790061 0.530128 0.786315 0.532028
0 0.876027 0.522350 0.876030 0.527389 0.878232 0.531782 0.881920 0.533179 0.885912 0.533553 0.889277 0.531711 0.890987 0.528848 0.892081 0.524128 0.890279 0.519566 0.886718 0.516853 0.882860 0.516001 0.879114 0.517901
0 0.837665 0.577215 0.837669 0.582254 0.839870 0.586646 0.843558 0.588044 0.847550 0.588418 0.850915 0.586575 0.852625 0.583713 0.853719 0.578992 0.851917 0.574430 0.848357 0.571718 0.844498 0.570866 0.840752 0.572765
0 0.829429 0.413867 0.829433 0.418906 0.831634 0.423299 0.835322 0.424696 0.839314 0.425070 0.842679 0.423228 0.844389 0.420365 0.845483 0.415644 0.843681 0.411083 0.840121 0.408370 0.836262 0.407518 0.832517 0.409418
0 0.865500 0.425258 0.865504 0.430296 0.867705 0.434689 0.871393 0.436086 0.875385 0.436460 0.878750 0.434618 0.880461 0.431756 0.881554 0.427035 0.879752 0.422473 0.876192 0.419761 0.872333 0.418909 0.868588 0.420808
0 0.883842 0.436690 0.883846 0.441728 0.886047 0.446121 0.889735 0.447518 0.893727 0.447892 0.897092 0.446050 0.898803 0.443188 0.899897 0.438467 0.898095 0.433905 0.894534 0.431193 0.890676 0.430340 0.886929 0.432240
0 0.918588 0.443953 0.918591 0.448991 0.920792 0.453384 0.924481 0.454781 0.928472 0.455156 0.931837 0.453313 0.933548 0.450451 0.934642 0.445730 0.932840 0.441168 0.929280 0.438456 0.925421 0.437604 0.921675 0.439503
0 0.932349 0.463528 0.932353 0.468566 0.934554 0.472959 0.938242 0.474356 0.942234 0.474730 0.945599 0.472888 0.947310 0.470026 0.948403 0.465305 0.946602 0.460743 0.943041 0.458031 0.939182 0.457178 0.935436 0.459078
0 0.907663 0.417921 0.907667 0.422960 0.909868 0.427353 0.913557 0.428750 0.917548 0.429124 0.920913 0.427282 0.922624 0.424419 0.923718 0.419699 0.921916 0.415136 0.918355 0.412425 0.914497 0.411572 0.910750 0.413472
0 0.926754 0.411320 0.926758 0.416359 0.928959 0.420752 0.932647 0.422149 0.936639 0.422523 0.940005 0.420680 0.941715 0.417818 0.942808 0.413097 0.941007 0.408535 0.937446 0.405823 0.933587 0.404971 0.929842 0.406871
0 0.928284 0.390865 0.928288 0.395904 0.930489 0.400297 0.934177 0.401694 0.938169 0.402068 0.941534 0.400226 0.943244 0.397364 0.944338 0.392643 0.942536 0.388081 0.938976 0.385369 0.935117 0.384516 0.931371 0.386416
0 0.889731 0.411410 0.889735 0.416449 0.891936 0.420842 0.895624 0.422238 0.899616 0.422613 0.902981 0.420771 0.904692 0.417908 0.905785 0.413188 0.903983 0.408626 0.900423 0.405913 0.896564 0.405061 0.892818 0.406961
0 0.881655 0.391764 0.881658 0.396803 0.883860 0.401196 0.887548 0.402592 0.891540 0.402967 0.894905 0.401124 0.896615 0.398262 0.897709 0.393541 0.895907 0.388979 0.892346 0.386267 0.888488 0.385415 0.884742 0.387314
0 0.886472 0.344559 0.886475 0.349597 0.888676 0.353990 0.892365 0.355387 0.896357 0.355762 0.899722 0.353920 0.901432 0.351057 0.902526 0.346337 0.900724 0.341775 0.897163 0.339062 0.893305 0.338210 0.889559 0.340109
0 0.818551 0.387487 0.818555 0.392525 0.820756 0.396918 0.824444 0.398315 0.828436 0.398689 0.831801 0.396847 0.833511 0.393985 0.834605 0.389264 0.832803 0.384702 0.829243 0.381990 0.825384 0.381138 0.821638 0.383037
0 0.970747 0.586110 0.970751 0.591149 0.972952 0.595542 0.976641 0.596938 0.980632 0.597313 0.983998 0.595471 0.985708 0.592608 0.986802 0.587887 0.985000 0.583326 0.981439 0.580613 0.977580 0.579761 0.973835 0.581661
0 0.928619 0.618514 0.928622 0.623552 0.930823 0.627945 0.934511 0.629342 0.938503 0.629716 0.941868 0.627874 0.943579 0.625012 0.944673 0.620291 0.942871 0.615729 0.939310 0.613017 0.935452 0.612164 0.931706 0.614064
0 0.915737 0.607370 0.915741 0.612409 0.917942 0.616802 0.921630 0.618199 0.925622 0.618573 0.928987 0.616731 0.930698 0.613869 0.931791 0.609148 0.929990 0.604585 0.926429 0.601874 0.922570 0.601021 0.918824 0.602920
0 0.851991 0.620201 0.851995 0.625240 0.854196 0.629633 0.857884 0.631030 0.861876 0.631404 0.865241 0.629562 0.866951 0.626699 0.868045 0.621979 0.866244 0.617417 0.862683 0.614705 0.858824 0.613852 0.855079 0.615752
0 0.928421 0.650265 0.928425 0.655303 0.930626 0.659696 0.934315 0.661093 0.938306 0.661468 0.941671 0.659626 0.943382 0.656763 0.944476 0.652043 0.942674 0.647481 0.939113 0.644768 0.935255 0.643916 0.931509 0.645815
0 0.651851 0.609850 0.651855 0.614889 0.654056 0.619282 0.657745 0.620679 0.661736 0.621053 0.665102 0.619211 0.666812 0.616348 0.667905 0.611628 0.666104 0.607066 0.662543 0.604354 0.658684 0.603501 0.654939 0.605401
0 0.592444 0.625187 0.592447 0.630226 0.594648 0.634619 0.598337 0.636016 0.602328 0.636390 0.605693 0.634548 0.607404 0.631685 0.608498 0.626965 0.606696 0.622403 0.603135 0.619691 0.599277 0.618838 0.595531 0.620737
0 0.469524 0.560209 0.469528 0.565248 0.471729 0.569641 0.475417 0.571038 0.479409 0.571412 0.482774 0.569570 0.484485 0.566707 0.485578 0.561987 0.483777 0.557424 0.480216 0.554713 0.476357 0.553860 0.472611 0.555759
0 0.482488 0.541787 0.482492 0.546825 0.484693 0.551218 0.488381 0.552615 0.492373 0.552989 0.495738 0.551147 0.497449 0.548284 0.498542 0.543563 0.496741 0.539002 0.493180 0.536290 0.489321 0.535437 0.485575 0.537337
0 0.710050 0.612937 0.711496 0.618958 0.715826 0.622310 0.721624 0.623058 0.726020 0.618909 0.726636 0.612379 0.725913 0.607918 0.721358 0.604419 0.715166 0.604951 0.711265 0.607955
0 0.671145 0.619276 0.671149 0.624315 0.673350 0.628708 0.677038 0.630105 0.681030 0.630479 0.684395 0.628636 0.686105 0.625774 0.687199 0.621053 0.685397 0.616491 0.681837 0.613779 0.677978 0.612927 0.674232 0.614827
0 0.991882 0.415734 0.991886 0.420773 0.994088 0.425166 0.997776 0.426563 0.998397 0.426937 0.998397 0.425094 0.998397 0.422232 0.998397 0.417511 0.998397 0.412949 0.998397 0.410237 0.998397 0.409385 0.994970 0.411285
0 0.955816 0.435370 0.955819 0.440408 0.958020 0.444801 0.961709 0.446198 0.965701 0.446573 0.969065 0.444731 0.970776 0.441868 0.971870 0.437148 0.970068 0.432586 0.966507 0.429873 0.962649 0.429021 0.958903 0.430920
0 0.960013 0.483580 0.960016 0.488619 0.962218 0.493012 0.965906 0.494408 0.969898 0.494783 0.973263 0.492941 0.974973 0.490078 0.976067 0.485357 0.974265 0.480796 0.970704 0.478083 0.966846 0.477231 0.963100 0.479131
0 0.925092 0.501990 0.925096 0.507029 0.927297 0.511422 0.930985 0.512819 0.934977 0.513193 0.938342 0.511351 0.940052 0.508489 0.941146 0.503768 0.939344 0.499205 0.935784 0.496494 0.931925 0.495641 0.928179 0.497541
0 0.894827 0.485205 0.894831 0.490243 0.897032 0.494636 0.900720 0.496033 0.904712 0.496407 0.908077 0.494565 0.909788 0.491703 0.910881 0.486982 0.909079 0.482420 0.905519 0.479708 0.901660 0.478855 0.897914 0.480755
0 0.996027 0.376016 0.996030 0.381055 0.998231 0.385448 0.998397 0.386844 0.998397 0.387219 0.998397 0.385376 0.998397 0.382514 0.998397 0.377793 0.998397 0.373231 0.998397 0.370519 0.998397 0.369667 0.998397 0.371566
0 0.933115 0.334615 0.933118 0.339653 0.935319 0.344046 0.939008 0.345443 0.942999 0.345818 0.946365 0.343975 0.948075 0.341113 0.949169 0.336392 0.947367 0.331830 0.943807 0.329118 0.939948 0.328266 0.936202 0.330165
0 0.973182 0.432899 0.973186 0.437937 0.975387 0.442330 0.979075 0.443727 0.983067 0.444101 0.986432 0.442259 0.988143 0.439397 0.989237 0.434676 0.987435 0.430114 0.983874 0.427402 0.980016 0.426549 0.976270 0.428449
0 0.985175 0.467171 0.985179 0.472210 0.987380 0.476603 0.991069 0.477999 0.995060 0.478374 0.998397 0.476531 0.998397 0.473669 0.998397 0.468948 0.998397 0.464386 0.995867 0.461674 0.992009 0.460822 0.988262 0.462721
0 0.973399 0.501486 0.973403 0.506525 0.975604 0.510918 0.979292 0.512315 0.983284 0.512689 0.986649 0.510847 0.988360 0.507985 0.989453 0.503264 0.987652 0.498702 0.984091 0.495990 0.980233 0.495137 0.976486 0.497037
0 0.940994 0.563710 0.940998 0.568749 0.943199 0.573142 0.946887 0.574538 0.950879 0.574913 0.954244 0.573070 0.955955 0.570208 0.957048 0.565487 0.955247 0.560925 0.951686 0.558213 0.947828 0.557361 0.944081 0.559260
0 0.825601 0.668915 0.826041 0.672560 0.827617 0.675791 0.830253 0.677189 0.834240 0.677565 0.837015 0.675842 0.839180 0.673383 0.839865 0.670000 0.838740 0.665872 0.835302 0.662988 0.831890 0.662614 0.827785 0.665151
0 0.895366 0.649772 0.895805 0.653417 0.897381 0.656648 0.900018 0.658046 0.904005 0.658422 0.906780 0.656699 0.908945 0.654240 0.909630 0.650857 0.908504 0.646729 0.905067 0.643845 0.901655 0.643471 0.897550 0.646008
0 0.949816 0.681923 0.950255 0.685569 0.951831 0.688800 0.954467 0.690198 0.958454 0.690574 0.961229 0.688851 0.963394 0.686391 0.964079 0.683009 0.962954 0.678881 0.959517 0.675997 0.956104 0.675622 0.951999 0.678160
0 0.836508 0.554117 0.836948 0.557762 0.838523 0.560992 0.841160 0.562391 0.845147 0.562767 0.847922 0.561044 0.850087 0.558585 0.850772 0.555202 0.849646 0.551073 0.846209 0.548190 0.842797 0.547815 0.838692 0.550353
0 0.891892 0.552931 0.892331 0.556576 0.893907 0.559807 0.896544 0.561205 0.900531 0.561581 0.903306 0.559858 0.905470 0.557399 0.906155 0.554016 0.905030 0.549888 0.901593 0.547004 0.898181 0.546630 0.894075 0.549168
0 0.891774 0.681593 0.892213 0.685239 0.893789 0.688470 0.896426 0.689868 0.900413 0.690244 0.903187 0.688521 0.905353 0.686062 0.906038 0.682679 0.904912 0.678550 0.901475 0.675667 0.898063 0.675292 0.893957 0.677830
0 0.948202 0.816243 0.948641 0.819889 0.950217 0.823119 0.952854 0.824517 0.956841 0.824893 0.959615 0.823170 0.961780 0.820711 0.962465 0.817328 0.961340 0.813200 0.957903 0.810316 0.954490 0.809942 0.950385 0.812479
0 0.917673 0.757430 0.918112 0.761075 0.919688 0.764306 0.922374 0.765186 0.926361 0.765562 0.929086 0.764357 0.931252 0.761898 0.931937 0.758515 0.930811 0.754387 0.927374 0.751503 0.923962 0.751129 0.919856 0.753666
0 0.796218 0.628654 0.796658 0.632299 0.798234 0.635529 0.800919 0.636409 0.804906 0.636785 0.807632 0.635581 0.809797 0.633121 0.810482 0.629738 0.809357 0.625610 0.805920 0.622727 0.802508 0.622352 0.798402 0.624889
0 0.708734 0.769306 0.709704 0.773032 0.713490 0.774931 0.717710 0.775164 0.720058 0.773623 0.722121 0.769854 0.721325 0.766034 0.719155 0.763351 0.714167 0.763100 0.710088 0.765469
0 0.638321 0.720794 0.639292 0.724520 0.643078 0.726419 0.647297 0.726653 0.649645 0.725112 0.651708 0.721342 0.650912 0.717522 0.648742 0.714839 0.643754 0.714589 0.639675 0.716957
0 0.714774 0.755993 0.715744 0.759719 0.719530 0.761618 0.723749 0.761851 0.726097 0.760311 0.728160 0.756541 0.727364 0.752721 0.725194 0.750038 0.720206 0.749787 0.716127 0.752156
0 0.718554 0.734891 0.719880 0.738247 0.723458 0.738640 0.726086 0.738066 0.727991 0.735288 0.727975 0.731399 0.725952 0.729619 0.722726 0.728986 0.720047 0.731254
0 0.920503 0.793786 0.920942 0.797431 0.922518 0.800662 0.925204 0.801541 0.929191 0.801917 0.931916 0.800713 0.934082 0.798253 0.934767 0.794871 0.933641 0.790743 0.930204 0.787859 0.926792 0.787485 0.922687 0.790022
0 0.668617 0.765454 0.669587 0.769180 0.673373 0.771079 0.677592 0.771312 0.679940 0.769771 0.682004 0.766001 0.681208 0.762182 0.679038 0.759499 0.674049 0.759248 0.669970 0.761617
0 0.579835 0.693370 0.580805 0.697096 0.584591 0.698995 0.588810 0.699229 0.591159 0.697688 0.593221 0.693918 0.592425 0.690098 0.590255 0.687415 0.585267 0.687165 0.581188 0.689533
0 0.636412 0.627366 0.637382 0.631092 0.641168 0.632992 0.645387 0.633224 0.647736 0.631684 0.649799 0.627914 0.649003 0.624094 0.646833 0.621411 0.641845 0.621161 0.637766 0.623529
0 0.612001 0.751993 0.612972 0.755719 0.616758 0.757619 0.620977 0.757851 0.623325 0.756311 0.625388 0.752541 0.624592 0.748721 0.622422 0.746038 0.617434 0.745788 0.613355 0.748156
0 0.445953 0.657336 0.446923 0.661062 0.450710 0.662962 0.454928 0.663195 0.457277 0.661654 0.459340 0.657884 0.458544 0.654064 0.456374 0.651381 0.451386 0.651131 0.447307 0.653499
0 0.457402 0.646891 0.458372 0.650617 0.462158 0.652516 0.466377 0.652749 0.468725 0.651208 0.470789 0.647438 0.469993 0.643619 0.467823 0.640936 0.462835 0.640685 0.458755 0.643054
0 0.507797 0.674036 0.508767 0.677762 0.512553 0.679662 0.516772 0.679895 0.519121 0.678354 0.521183 0.674584 0.520388 0.670765 0.518217 0.668081 0.513229 0.667831 0.509151 0.670199
0 0.571529 0.642809 0.572499 0.646535 0.576285 0.648435 0.580504 0.648668 0.582852 0.647128 0.584916 0.643357 0.584120 0.639538 0.581950 0.636855 0.576962 0.636604 0.572882 0.638972
0 0.560548 0.652795 0.561518 0.656521 0.565304 0.658420 0.569523 0.658654 0.571872 0.657113 0.573935 0.653343 0.573139 0.649523 0.570969 0.646840 0.565980 0.646590 0.561901 0.648958
0 0.504412 0.647524 0.505383 0.651250 0.509169 0.653150 0.513388 0.653382 0.515736 0.651842 0.517799 0.648072 0.517003 0.644252 0.514833 0.641569 0.509845 0.641319 0.505766 0.643687
0 0.497727 0.633090 0.498697 0.636816 0.503568 0.638052 0.506265 0.636719 0.507761 0.633685 0.507494 0.630106 0.505486 0.627346 0.502045 0.626945 0.499081 0.629253
0 0.487598 0.629915 0.488569 0.633642 0.493439 0.634877 0.496136 0.633544 0.497632 0.630510 0.497365 0.626931 0.495357 0.624171 0.491917 0.623770 0.488952 0.626078
0 0.597012 0.743582 0.597982 0.747308 0.602853 0.748544 0.605549 0.747211 0.607046 0.744177 0.606779 0.740598 0.604770 0.737837 0.601330 0.737437 0.598365 0.739745
0 0.578200 0.757305 0.579170 0.761031 0.584041 0.762267 0.586738 0.760934 0.588234 0.757899 0.587967 0.754321 0.585959 0.751561 0.582519 0.751160 0.579554 0.753468
0 0.598297 0.718472 0.599267 0.722198 0.604138 0.723433 0.606835 0.722100 0.608331 0.719066 0.608064 0.715488 0.606057 0.712727 0.602615 0.712327 0.599651 0.714635
0 0.609534 0.717107 0.610504 0.720833 0.615375 0.722069 0.618072 0.720736 0.619568 0.717701 0.619301 0.714122 0.617293 0.711362 0.613852 0.710962 0.610887 0.713270
0 0.583780 0.744748 0.584750 0.748474 0.589621 0.749710 0.592318 0.748377 0.593814 0.745343 0.593547 0.741764 0.591539 0.739003 0.588098 0.738603 0.585134 0.740911
0 0.512018 0.778498 0.512988 0.782224 0.517859 0.783460 0.520556 0.782127 0.522052 0.779092 0.521785 0.775514 0.519777 0.772754 0.516336 0.772353 0.513371 0.774661
0 0.501941 0.752151 0.502911 0.755878 0.507782 0.757113 0.510479 0.755780 0.511975 0.752746 0.511708 0.749167 0.509700 0.746407 0.506259 0.746006 0.503294 0.748314
0 0.404787 0.681048 0.405757 0.684774 0.410628 0.686010 0.413325 0.684677 0.414821 0.681642 0.414554 0.678063 0.412546 0.675304 0.409105 0.674903 0.406141 0.677211
0 0.373715 0.633080 0.374685 0.636806 0.379556 0.638042 0.382253 0.636709 0.383749 0.633674 0.383482 0.630095 0.381474 0.627335 0.378033 0.626935 0.375068 0.629243
0 0.345466 0.685110 0.346436 0.688836 0.351307 0.690071 0.354004 0.688738 0.355500 0.685704 0.355233 0.682125 0.353225 0.679365 0.349784 0.678964 0.346819 0.681273
0 0.332999 0.720902 0.333969 0.724629 0.338840 0.725864 0.341537 0.724531 0.343033 0.721497 0.342766 0.717918 0.340758 0.715158 0.337317 0.714758 0.334352 0.717065
0 0.327266 0.730990 0.328236 0.734716 0.333107 0.735952 0.335804 0.734619 0.337300 0.731585 0.337033 0.728006 0.335025 0.725245 0.331584 0.724845 0.328620 0.727153
0 0.359791 0.690350 0.360761 0.694076 0.365632 0.695311 0.368329 0.693979 0.369825 0.690944 0.369558 0.687365 0.367550 0.684605 0.364109 0.684205 0.361144 0.686513
0 0.331164 0.630519 0.332134 0.634245 0.337005 0.635481 0.339702 0.634147 0.341198 0.631113 0.340931 0.627534 0.338923 0.624774 0.335482 0.624374 0.332518 0.626682
0 0.497029 0.667571 0.497999 0.671297 0.502870 0.672533 0.505567 0.671199 0.507063 0.668165 0.506796 0.664587 0.504788 0.661826 0.501347 0.661426 0.498382 0.663734
0 0.213988 0.729679 0.214958 0.733405 0.219829 0.734641 0.222526 0.733308 0.224022 0.730274 0.223755 0.726695 0.221747 0.723935 0.218306 0.723535 0.215341 0.725842
0 0.154819 0.717825 0.155789 0.721551 0.160660 0.722787 0.163357 0.721454 0.164853 0.718420 0.164586 0.714841 0.162578 0.712081 0.159137 0.711680 0.156172 0.713988
0 0.201417 0.728214 0.202387 0.731939 0.207257 0.733175 0.209955 0.731842 0.211450 0.728808 0.211184 0.725229 0.209176 0.722469 0.205735 0.722069 0.202770 0.724376
0 0.173091 0.745943 0.174061 0.749669 0.178932 0.750905 0.181629 0.749572 0.183125 0.746537 0.182858 0.742958 0.180850 0.740199 0.177409 0.739798 0.174444 0.742106
0 0.262656 0.603045 0.263626 0.606772 0.268496 0.608007 0.271193 0.606674 0.272690 0.603640 0.272422 0.600061 0.270415 0.597301 0.266974 0.596901 0.264009 0.599209
0 0.305440 0.580106 0.306410 0.583832 0.311281 0.585068 0.313977 0.583735 0.315474 0.580700 0.315206 0.577121 0.313198 0.574362 0.309758 0.573961 0.306793 0.576269
0 0.152633 0.623057 0.155530 0.625625 0.158598 0.626529 0.162606 0.626776 0.164723 0.625466 0.167555 0.621689 0.167939 0.617620 0.167550 0.614818 0.164203 0.611773 0.158760 0.611044 0.155444 0.612456 0.152534 0.615140 0.151073 0.619107
0 0.076621 0.575486 0.079518 0.578053 0.082586 0.578957 0.086594 0.579205 0.088710 0.577895 0.091542 0.574118 0.091926 0.570049 0.091538 0.567247 0.088191 0.564203 0.082748 0.563473 0.079432 0.564885 0.076522 0.567568 0.075061 0.571536
0 0.053925 0.702093 0.056822 0.704661 0.059890 0.705564 0.063899 0.705812 0.066015 0.704502 0.068847 0.700724 0.069231 0.696655 0.068843 0.693854 0.065496 0.690809 0.060053 0.690080 0.056737 0.691492 0.053827 0.694176 0.052366 0.698143
0 0.027614 0.698476 0.030511 0.701044 0.033580 0.701948 0.037588 0.702195 0.039704 0.700885 0.042536 0.697107 0.042920 0.693038 0.042532 0.690237 0.039185 0.687192 0.033742 0.686463 0.030426 0.687875 0.027516 0.690559 0.026055 0.694526
0 0.009162 0.676549 0.012059 0.679116 0.015128 0.680020 0.019136 0.680267 0.021252 0.678958 0.024084 0.675181 0.024468 0.671112 0.024080 0.668310 0.020733 0.665266 0.015290 0.664536 0.011974 0.665948 0.009064 0.668631 0.007603 0.672598
0 0.000000 0.688169 0.000000 0.690736 0.000000 0.691640 0.000000 0.691888 0.000000 0.690578 0.000000 0.686800 0.000000 0.682732 0.000000 0.679930 0.000000 0.676885 0.000000 0.676156 0.000000 0.677568 0.000000 0.680251 0.000000 0.684219
0 0.000000 0.661088 0.000000 0.663656 0.001723 0.664559 0.005732 0.664807 0.007848 0.663497 0.010680 0.659720 0.011064 0.655651 0.010676 0.652849 0.007329 0.649805 0.001885 0.649075 0.000000 0.650487 0.000000 0.653171 0.000000 0.657138
0 0.101108 0.610755 0.104006 0.613323 0.107073 0.614226 0.111082 0.614473 0.113198 0.613164 0.116030 0.609387 0.116414 0.605318 0.116026 0.602516 0.112679 0.599472 0.107236 0.598742 0.103920 0.600154 0.101010 0.602837 0.099549 0.606805
0 0.050831 0.545070 0.053728 0.547638 0.056796 0.548541 0.060805 0.548789 0.062921 0.547479 0.065753 0.543702 0.066137 0.539633 0.065749 0.536831 0.062402 0.533787 0.056959 0.533057 0.053643 0.534469 0.050733 0.537153 0.049272 0.541120
0 0.000000 0.572942 0.000000 0.575509 0.000000 0.576413 0.003023 0.576660 0.005139 0.575350 0.007971 0.571573 0.008355 0.567504 0.007967 0.564702 0.004620 0.561658 0.000000 0.560928 0.000000 0.562341 0.000000 0.565024 0.000000 0.568991
0 0.057688 0.574761 0.060585 0.577328 0.063653 0.578232 0.067662 0.578479 0.069777 0.577170 0.072609 0.573393 0.072993 0.569324 0.072606 0.566522 0.069259 0.563478 0.063815 0.562748 0.060499 0.564160 0.057590 0.566843 0.056129 0.570811
0 0.142753 0.660348 0.145650 0.662916 0.148718 0.663819 0.152727 0.664066 0.154843 0.662757 0.157675 0.658979 0.158059 0.654910 0.157671 0.652109 0.154324 0.649064 0.148880 0.648335 0.145565 0.649747 0.142655 0.652430 0.141194 0.656398
0 0.192847 0.626667 0.195744 0.629235 0.198813 0.630139 0.202821 0.630386 0.204937 0.629076 0.207769 0.625299 0.208153 0.621230 0.207765 0.618428 0.204418 0.615384 0.198975 0.614654 0.195659 0.616066 0.192749 0.618750 0.191288 0.622717
0 0.236736 0.651710 0.239633 0.654278 0.242701 0.655181 0.246710 0.655428 0.248826 0.654119 0.251658 0.650341 0.252042 0.646272 0.251654 0.643470 0.248307 0.640426 0.242864 0.639697 0.239548 0.641109 0.236638 0.643792 0.235177 0.647759
0 0.179951 0.611089 0.182849 0.613657 0.185916 0.614560 0.189925 0.614807 0.192041 0.613498 0.194873 0.609721 0.195257 0.605652 0.194869 0.602850 0.191522 0.599805 0.186078 0.599076 0.182763 0.600488 0.179853 0.603171 0.178392 0.607139
0 0.138454 0.598086 0.141351 0.600654 0.144419 0.601558 0.148428 0.601805 0.150544 0.600496 0.153376 0.596718 0.153760 0.592649 0.153372 0.589847 0.150025 0.586803 0.144582 0.586073 0.141266 0.587486 0.138356 0.590169 0.136895 0.594136
0 0.094305 0.565782 0.097202 0.568350 0.100270 0.569254 0.104279 0.569501 0.106395 0.568191 0.109227 0.564413 0.109611 0.560345 0.109223 0.557543 0.105876 0.554498 0.100432 0.553769 0.097117 0.555181 0.094207 0.557865 0.092746 0.561832
0 0.115312 0.517263 0.118210 0.519830 0.121278 0.520734 0.125286 0.520981 0.127402 0.519671 0.130235 0.515894 0.130619 0.511825 0.130230 0.509023 0.126883 0.505979 0.121440 0.505249 0.118125 0.506661 0.115214 0.509345 0.113753 0.513312
0 0.282146 0.598473 0.285043 0.601041 0.288111 0.601944 0.292120 0.602192 0.294235 0.600883 0.297068 0.597105 0.297452 0.593036 0.297063 0.590234 0.293717 0.587190 0.288273 0.586460 0.284958 0.587872 0.282048 0.590556 0.280586 0.594523
0 0.284103 0.648218 0.287000 0.650786 0.290068 0.651690 0.294076 0.651937 0.296193 0.650627 0.299025 0.646850 0.299409 0.642781 0.299020 0.639979 0.295673 0.636935 0.290230 0.636205 0.286914 0.637618 0.284004 0.640301 0.282543 0.644268
0 0.339956 0.572836 0.342853 0.575404 0.345921 0.576308 0.349929 0.576555 0.352045 0.575245 0.354877 0.571468 0.355261 0.567399 0.354873 0.564597 0.351526 0.561553 0.346083 0.560823 0.342767 0.562235 0.339857 0.564919 0.338396 0.568886
0 0.356579 0.596692 0.358245 0.598178 0.360232 0.599641 0.362951 0.600110 0.365658 0.599568 0.367587 0.597147 0.368092 0.593754 0.367703 0.590953 0.364872 0.588763 0.359931 0.588191 0.357080 0.590259 0.355886 0.593334
0 0.332257 0.526769 0.335154 0.529337 0.338222 0.530240 0.342230 0.530487 0.344347 0.529178 0.347179 0.525401 0.347563 0.521332 0.347174 0.518530 0.343827 0.515485 0.338384 0.514756 0.335069 0.516168 0.332158 0.518851 0.330697 0.522819
0 0.406653 0.518244 0.409551 0.520811 0.412618 0.521715 0.416627 0.521963 0.418743 0.520653 0.421575 0.516876 0.421959 0.512807 0.421571 0.510005 0.418224 0.506961 0.412780 0.506231 0.409465 0.507643 0.406555 0.510326 0.405094 0.514294
0 0.436234 0.582524 0.439131 0.585092 0.442199 0.585995 0.446208 0.586243 0.448324 0.584933 0.451156 0.581156 0.451540 0.577087 0.451152 0.574285 0.447805 0.571241 0.442362 0.570511 0.439046 0.571923 0.436136 0.574607 0.434675 0.578574
0 0.338118 0.587352 0.339784 0.588837 0.341771 0.590300 0.344489 0.590769 0.347197 0.590228 0.349126 0.587807 0.349630 0.584413 0.349242 0.581612 0.346410 0.579423 0.341471 0.578850 0.338619 0.580918 0.337425 0.583993
0 0.380167 0.582554 0.381833 0.584039 0.383821 0.585502 0.386539 0.585971 0.389246 0.585430 0.391175 0.583008 0.391680 0.579615 0.391292 0.576813 0.388460 0.574625 0.383520 0.574052 0.380668 0.576120 0.379475 0.579195
0 0.382167 0.628995 0.383834 0.630480 0.385821 0.631943 0.388539 0.632412 0.391247 0.631870 0.393175 0.629450 0.393680 0.626057 0.393292 0.623255 0.390460 0.621066 0.385520 0.620493 0.382668 0.622562 0.381475 0.625636
0 0.387539 0.558734 0.389205 0.560220 0.391192 0.561682 0.393911 0.562151 0.396618 0.561610 0.398547 0.559189 0.399052 0.555796 0.398663 0.552994 0.395832 0.550805 0.390891 0.550233 0.388040 0.552301 0.386846 0.555376
0 0.282147 0.557780 0.283813 0.559265 0.285801 0.560728 0.288519 0.561197 0.291226 0.560656 0.293155 0.558235 0.293660 0.554842 0.293271 0.552040 0.290440 0.549851 0.285500 0.549279 0.282648 0.551346 0.281455 0.554421
0 0.512173 0.562084 0.513838 0.563569 0.515826 0.565031 0.518544 0.565500 0.521252 0.564959 0.523180 0.562538 0.523685 0.559145 0.523297 0.556343 0.520465 0.554154 0.515525 0.553582 0.512673 0.555650 0.511480 0.558724
0 0.528560 0.553292 0.530226 0.554778 0.532214 0.556240 0.534932 0.556709 0.537639 0.556168 0.539568 0.553747 0.540073 0.550354 0.539684 0.547552 0.536853 0.545364 0.531913 0.544791 0.529061 0.546859 0.527868 0.549934
0 0.479125 0.715590 0.480791 0.717075 0.482778 0.718537 0.485497 0.719007 0.488204 0.718465 0.490133 0.716044 0.490638 0.712651 0.490249 0.709849 0.487418 0.707660 0.482478 0.707088 0.479626 0.709156 0.478433 0.712231
0 0.485329 0.748712 0.486996 0.750197 0.488983 0.751660 0.491701 0.752129 0.494409 0.751588 0.496338 0.749167 0.496842 0.745774 0.496454 0.742972 0.493622 0.740783 0.488682 0.740211 0.485830 0.742279 0.484637 0.745353
0 0.459254 0.479090 0.460920 0.480575 0.462907 0.482037 0.465626 0.482506 0.468333 0.481965 0.470262 0.479544 0.470766 0.476151 0.470378 0.473349 0.467547 0.471160 0.462606 0.470588 0.459755 0.472656 0.458561 0.475730
0 0.745923 0.443595 0.747589 0.445081 0.749576 0.446543 0.752294 0.447012 0.755002 0.446471 0.756931 0.444050 0.757435 0.440657 0.757047 0.437855 0.754216 0.435666 0.749275 0.435093 0.746423 0.437161 0.745230 0.440236
0 0.725440 0.402599 0.727106 0.404085 0.729094 0.405547 0.731812 0.406016 0.734520 0.405475 0.736448 0.403054 0.736953 0.399661 0.736565 0.396859 0.733733 0.394671 0.728793 0.394098 0.725941 0.396166 0.724748 0.399241
0 0.729497 0.392503 0.731163 0.393989 0.733150 0.395451 0.735869 0.395920 0.738576 0.395379 0.740505 0.392958 0.741010 0.389565 0.740622 0.386763 0.737790 0.384574 0.732850 0.384002 0.729998 0.386070 0.728805 0.389145
0 0.749111 0.391516 0.750777 0.393002 0.752764 0.394464 0.755483 0.394933 0.758190 0.394392 0.760119 0.391971 0.760623 0.388578 0.760235 0.385776 0.757403 0.383588 0.752463 0.383014 0.749611 0.385083 0.748418 0.388158
0 0.841950 0.470880 0.843616 0.472365 0.845603 0.473828 0.848322 0.474297 0.851029 0.473756 0.852958 0.471334 0.853463 0.467941 0.853074 0.465140 0.850243 0.462951 0.845302 0.462378 0.842451 0.464446 0.841257 0.467521
0 0.847810 0.422183 0.849476 0.423668 0.851463 0.425130 0.854182 0.425600 0.856890 0.425058 0.858818 0.422637 0.859323 0.419244 0.858934 0.416442 0.856103 0.414253 0.851162 0.413681 0.848311 0.415749 0.847118 0.418824
0 0.751094 0.367397 0.752917 0.368896 0.756623 0.369564 0.759832 0.368753 0.761691 0.366486 0.760986 0.362514 0.758965 0.360497 0.754901 0.359688 0.751215 0.361623 0.750042 0.364484
0 0.753626 0.323188 0.755448 0.324686 0.759155 0.325355 0.762363 0.324543 0.764223 0.322277 0.763518 0.318305 0.761497 0.316287 0.757432 0.315478 0.753746 0.317413 0.752574 0.320275
0 0.659757 0.303115 0.661580 0.304614 0.665286 0.305282 0.668495 0.304470 0.670354 0.302204 0.669649 0.298232 0.667628 0.296214 0.663564 0.295406 0.659877 0.297340 0.658704 0.300202
0 0.821422 0.341481 0.823245 0.342980 0.826951 0.343648 0.830159 0.342837 0.832019 0.340570 0.831314 0.336598 0.829293 0.334580 0.825228 0.333772 0.821542 0.335707 0.820370 0.338568
0 0.865424 0.336408 0.867247 0.337908 0.870953 0.338575 0.874162 0.337764 0.876021 0.335497 0.875316 0.331526 0.873295 0.329508 0.869231 0.328700 0.865544 0.330634 0.864372 0.333496
0 0.880006 0.334881 0.881828 0.336380 0.885534 0.337048 0.888743 0.336236 0.890603 0.333970 0.889898 0.329998 0.887877 0.327980 0.883812 0.327172 0.880126 0.329106 0.878953 0.331968
0 0.822564 0.328904 0.824386 0.330403 0.828092 0.331071 0.831301 0.330260 0.833161 0.327993 0.832456 0.324021 0.830435 0.322004 0.826370 0.321195 0.822684 0.323130 0.821511 0.325992
0 0.811291 0.281973 0.813114 0.283473 0.816820 0.284141 0.820029 0.283329 0.821888 0.281063 0.821183 0.277091 0.819162 0.275073 0.815098 0.274265 0.811411 0.276199 0.810239 0.279061
0 0.803156 0.266561 0.804979 0.268060 0.808684 0.268729 0.811894 0.267917 0.813753 0.265651 0.813048 0.261678 0.811027 0.259661 0.806963 0.258852 0.803276 0.260787 0.802103 0.263649
0 0.793236 0.277714 0.795059 0.279212 0.798764 0.279881 0.801974 0.279069 0.803833 0.276803 0.803128 0.272831 0.801107 0.270813 0.797043 0.270005 0.793356 0.271939 0.792183 0.274801
0 0.769661 0.263192 0.771483 0.264691 0.775189 0.265359 0.778398 0.264548 0.780258 0.262282 0.779553 0.258309 0.777532 0.256292 0.773467 0.255483 0.769781 0.257418 0.768608 0.260280
0 0.736094 0.279879 0.737916 0.281379 0.741623 0.282047 0.744831 0.281235 0.746691 0.278969 0.745986 0.274997 0.743965 0.272979 0.739900 0.272171 0.736214 0.274105 0.735042 0.276967
0 0.876867 0.275451 0.878690 0.276950 0.882397 0.277619 0.885605 0.276807 0.887465 0.274541 0.886760 0.270569 0.884739 0.268551 0.880674 0.267743 0.876988 0.269677 0.875815 0.272539
0 0.742908 0.262568 0.744731 0.264067 0.748436 0.264735 0.751645 0.263924 0.753505 0.261658 0.752800 0.257685 0.750779 0.255668 0.746714 0.254859 0.743028 0.256794 0.741855 0.259656
0 0.961009 0.273386 0.962832 0.274885 0.966537 0.275553 0.969747 0.274742 0.971606 0.272475 0.970901 0.268504 0.968880 0.266486 0.964816 0.265677 0.961129 0.267612 0.959957 0.270474
0 0.980232 0.276271 0.982055 0.277770 0.985761 0.278438 0.988970 0.277626 0.990830 0.275360 0.990124 0.271388 0.988103 0.269370 0.984039 0.268562 0.980352 0.270496 0.979180 0.273358
0 0.927464 0.432913 0.929287 0.434412 0.932993 0.435080 0.936202 0.434268 0.938061 0.432002 0.937356 0.428030 0.935335 0.426012 0.931271 0.425204 0.927585 0.427139 0.926412 0.430000
0 0.866760 0.381109 0.868582 0.382608 0.872289 0.383276 0.875497 0.382465 0.877357 0.380198 0.876652 0.376227 0.874631 0.374209 0.870566 0.373401 0.866880 0.375335 0.865708 0.378197
0 0.881841 0.376197 0.883664 0.377696 0.887370 0.378365 0.890579 0.377553 0.892439 0.375287 0.891734 0.371315 0.889713 0.369297 0.885648 0.368488 0.881962 0.370423 0.880789 0.373285
0 0.896169 0.287402 0.897992 0.288901 0.901698 0.289569 0.904907 0.288758 0.906766 0.286491 0.906061 0.282519 0.904040 0.280501 0.899976 0.279693 0.896289 0.281628 0.895117 0.284489
0 0.910611 0.519967 0.905962 0.527207 0.905351 0.535016 0.908728 0.541251 0.915719 0.543861 0.921798 0.544773 0.928072 0.542384 0.932615 0.537589 0.933959 0.532319 0.933559 0.525481 0.930757 0.520610 0.924236 0.517665 0.917599 0.517291
0 0.876138 0.570135 0.871489 0.577375 0.870878 0.585185 0.874255 0.591419 0.881246 0.594030 0.887325 0.594942 0.893599 0.592553 0.898142 0.587757 0.899486 0.582488 0.899086 0.575649 0.896284 0.570778 0.889763 0.567834 0.883126 0.567459
0 0.844145 0.610081 0.842931 0.614080 0.844466 0.617207 0.845973 0.617872 0.848365 0.618201 0.850979 0.617471 0.852654 0.615242 0.852982 0.612135 0.851472 0.610040 0.849828 0.608979 0.847008 0.608573
0 0.852665 0.552727 0.851450 0.556726 0.853119 0.559056 0.856099 0.559635 0.858336 0.558603 0.858948 0.555279 0.858131 0.552864 0.855646 0.551784
0 0.828840 0.559444 0.827625 0.563443 0.829294 0.565773 0.832274 0.566352 0.834510 0.565320 0.835123 0.561996 0.834306 0.559581 0.831821 0.558501
0 0.817064 0.551442 0.815849 0.555441 0.817518 0.557771 0.820498 0.558351 0.822734 0.557319 0.823347 0.553994 0.822530 0.551579 0.820045 0.550499
0 0.815651 0.536315 0.814437 0.540314 0.816105 0.542644 0.819085 0.543223 0.821322 0.542191 0.821934 0.538866 0.821118 0.536451 0.818633 0.535371
0 0.762761 0.537724 0.761546 0.541724 0.763215 0.544053 0.766195 0.544633 0.768431 0.543601 0.769044 0.540276 0.768227 0.537862 0.765742 0.536781
0 0.752040 0.533898 0.750826 0.537897 0.752495 0.540227 0.755475 0.540807 0.757711 0.539774 0.758323 0.536450 0.757506 0.534035 0.755022 0.532955
0 0.704408 0.452401 0.705299 0.459054 0.712053 0.462718 0.717767 0.462344 0.722628 0.458239 0.723298 0.451714 0.722056 0.447205 0.717501 0.443705 0.711309 0.444237 0.707407 0.447241
0 0.655253 0.444194 0.656144 0.450848 0.662898 0.454511 0.668612 0.454137 0.673473 0.450032 0.674143 0.443508 0.672901 0.438998 0.668346 0.435498 0.662154 0.436030 0.658253 0.439034
0 0.570790 0.766907 0.571760 0.770634 0.576631 0.771869 0.579327 0.770536 0.580824 0.767502 0.580557 0.763923 0.578548 0.761163 0.575108 0.760763 0.572143 0.763070
0 0.572502 0.784207 0.573473 0.787933 0.578343 0.789169 0.581040 0.787835 0.582537 0.784801 0.582269 0.781223 0.580261 0.778462 0.576821 0.778062 0.573856 0.780370
0 0.708033 0.781788 0.709721 0.784074 0.712520 0.785271 0.714899 0.785445 0.716804 0.782667 0.716788 0.778778 0.714765 0.776999 0.711539 0.776366 0.708272 0.778862
0 0.391694 0.646950 0.392664 0.650676 0.397534 0.651912 0.400232 0.650579 0.401727 0.647544 0.401460 0.643966 0.399453 0.641206 0.396012 0.640806 0.393047 0.643113
0 0.428224 0.759837 0.429688 0.761858 0.432413 0.763198 0.435671 0.763734 0.438341 0.763245 0.441529 0.760327 0.441913 0.756258 0.441525 0.753457 0.438178 0.750412 0.432735 0.749683 0.429419 0.751095 0.427371 0.753768 0.426824 0.757139
0 0.308542 0.684283 0.310231 0.690452 0.316052 0.694237 0.321601 0.694644 0.327469 0.690427 0.329095 0.684296 0.327689 0.677883 0.321066 0.675060 0.315567 0.675859 0.311407 0.678760
0 0.229782 0.714407 0.230752 0.718133 0.235623 0.719369 0.238320 0.718036 0.239817 0.715001 0.239549 0.711423 0.237541 0.708663 0.234101 0.708262 0.231136 0.710570
0 0.240977 0.682345 0.241948 0.686071 0.246818 0.687307 0.249515 0.685974 0.251011 0.682940 0.250744 0.679361 0.248736 0.676601 0.245296 0.676200 0.242331 0.678508
0 0.116878 0.634112 0.117848 0.637838 0.122719 0.639074 0.125416 0.637740 0.126912 0.634706 0.126645 0.631127 0.124637 0.628367 0.121196 0.627967 0.118231 0.630275
0 0.125555 0.614091 0.128452 0.616659 0.131520 0.617563 0.135529 0.617810 0.137645 0.616500 0.140477 0.612723 0.140861 0.608654 0.140473 0.605852 0.137126 0.602808 0.131683 0.602078 0.128367 0.603491 0.125457 0.606174 0.123996 0.610141
0 0.041322 0.616716 0.042826 0.619734 0.046152 0.620748 0.049069 0.620324 0.050995 0.617973 0.050728 0.614395 0.048720 0.611635 0.045279 0.611235 0.042315 0.613542
0 0.144705 0.525245 0.146209 0.528264 0.149535 0.529278 0.152452 0.528853 0.154378 0.526503 0.154111 0.522925 0.152103 0.520164 0.148663 0.519764 0.145698 0.522072
0 0.134482 0.530474 0.135985 0.533493 0.139312 0.534507 0.142228 0.534082 0.144155 0.531733 0.143888 0.528154 0.142044 0.526659 0.138575 0.526277 0.135357 0.527889
0 0.132787 0.521777 0.134291 0.524795 0.137617 0.525809 0.140534 0.525385 0.142460 0.523035 0.142193 0.519456 0.140186 0.516696 0.136745 0.516295 0.133780 0.518603
0 0.077122 0.503204 0.078626 0.506223 0.081952 0.507237 0.084869 0.506812 0.086795 0.504462 0.086528 0.500884 0.084520 0.498123 0.081079 0.497723 0.078115 0.500031
0 0.059731 0.507291 0.061235 0.510310 0.064561 0.511324 0.067478 0.510899 0.069405 0.508549 0.069137 0.504970 0.067129 0.502210 0.063689 0.501809 0.060724 0.504118
0 0.184263 0.515888 0.185767 0.518907 0.189093 0.519920 0.192010 0.519496 0.193936 0.517146 0.193669 0.513567 0.191661 0.510807 0.188220 0.510407 0.185256 0.512715
0 0.121836 0.561524 0.124733 0.564092 0.127801 0.564995 0.131810 0.565242 0.133926 0.563933 0.136758 0.560156 0.137142 0.556087 0.136754 0.553285 0.133407 0.550241 0.127963 0.549511 0.124647 0.550923 0.121738 0.553606 0.120277 0.557574
0 0.152928 0.576111 0.155826 0.578679 0.158893 0.579582 0.162902 0.579830 0.165018 0.578520 0.167850 0.574742 0.168234 0.570673 0.167846 0.567871 0.164499 0.564827 0.159055 0.564098 0.155740 0.565510 0.152830 0.568193 0.151369 0.572160
0 0.128356 0.467140 0.131254 0.469707 0.134322 0.470611 0.138330 0.470858 0.140446 0.469549 0.143278 0.465771 0.143662 0.461703 0.143274 0.458901 0.139927 0.455856 0.134484 0.455127 0.131168 0.456539 0.128258 0.459222 0.126797 0.463189
0 0.165563 0.456020 0.168460 0.458587 0.171528 0.459490 0.175537 0.459738 0.177653 0.458428 0.180485 0.454651 0.180869 0.450582 0.180481 0.447780 0.177134 0.444736 0.171690 0.444007 0.168375 0.445418 0.165465 0.448102 0.164003 0.452069
0 0.090722 0.417393 0.093619 0.419960 0.096687 0.420864 0.100696 0.421111 0.102812 0.419802 0.105644 0.416024 0.106028 0.411955 0.105640 0.409153 0.102293 0.406109 0.096850 0.405380 0.093534 0.406791 0.090624 0.409475 0.089163 0.413442
0 0.039181 0.314573 0.042078 0.317141 0.045146 0.318044 0.049154 0.318292 0.051270 0.316982 0.054102 0.313204 0.054486 0.309135 0.054098 0.306333 0.050751 0.303289 0.045308 0.302560 0.041992 0.303972 0.039082 0.306655 0.037621 0.310622
0 0.081083 0.357164 0.083980 0.359731 0.087048 0.360635 0.091056 0.360882 0.093172 0.359572 0.096004 0.355795 0.096388 0.351726 0.096000 0.348924 0.092653 0.345880 0.087210 0.345150 0.083894 0.346562 0.080984 0.349246 0.079523 0.353213
0 0.040142 0.349993 0.043040 0.352560 0.046107 0.353464 0.050116 0.353711 0.052232 0.352401 0.055064 0.348624 0.055448 0.344555 0.055060 0.341753 0.051713 0.338709 0.046269 0.337979 0.042954 0.339391 0.040044 0.342075 0.038583 0.346042
0 0.111342 0.320326 0.114240 0.322894 0.117307 0.323798 0.121316 0.324045 0.123432 0.322736 0.126264 0.318958 0.126648 0.314889 0.126260 0.312087 0.122913 0.309043 0.117470 0.308313 0.114154 0.309726 0.111244 0.312409 0.109783 0.316376
0 0.020704 0.276810 0.023601 0.279378 0.026669 0.280281 0.030677 0.280528 0.032794 0.279219 0.035626 0.275442 0.036010 0.271373 0.035621 0.268571 0.032274 0.265526 0.026831 0.264797 0.023516 0.266209 0.020605 0.268892 0.019144 0.272860
0 0.025630 0.222102 0.026521 0.228756 0.033275 0.232418 0.038824 0.232826 0.044692 0.228609 0.046318 0.222478 0.043277 0.216906 0.038722 0.213406 0.032530 0.213938 0.028629 0.216942
0 0.074011 0.247196 0.076909 0.249764 0.079977 0.250667 0.083985 0.250915 0.086101 0.249605 0.088933 0.245828 0.089317 0.241759 0.088929 0.238957 0.085582 0.235913 0.080138 0.235183 0.076823 0.236595 0.073913 0.239278 0.072452 0.243246
0 0.060458 0.221560 0.063355 0.224127 0.066423 0.225031 0.070432 0.225278 0.072548 0.223969 0.075380 0.220191 0.075764 0.216122 0.075376 0.213320 0.072029 0.210276 0.066585 0.209546 0.063270 0.210959 0.060360 0.213642 0.058899 0.217609
0 0.033263 0.184836 0.034154 0.191490 0.040908 0.195153 0.046456 0.195561 0.052325 0.191343 0.053951 0.185213 0.050911 0.179641 0.046355 0.176140 0.040164 0.176672 0.036262 0.179677
0 0.070175 0.321788 0.073072 0.324356 0.076140 0.325260 0.080148 0.325507 0.082264 0.324198 0.085096 0.320420 0.085480 0.316351 0.085092 0.313549 0.081745 0.310505 0.076302 0.309775 0.072986 0.311188 0.070076 0.313871 0.068615 0.317838
0 0.144536 0.310622 0.147433 0.313190 0.150501 0.314094 0.154509 0.314341 0.156626 0.313032 0.159458 0.309254 0.159842 0.305185 0.159453 0.302383 0.156107 0.299339 0.150663 0.298609 0.147348 0.300022 0.144438 0.302705 0.142976 0.306672
0 0.095937 0.302412 0.098834 0.304980 0.101902 0.305883 0.105911 0.306130 0.108027 0.304821 0.110859 0.301044 0.111243 0.296975 0.110855 0.294173 0.107508 0.291129 0.102064 0.290399 0.098749 0.291811 0.095839 0.294494 0.094378 0.298462
0 0.134241 0.270749 0.137139 0.273317 0.140206 0.274220 0.144215 0.274468 0.146331 0.273158 0.149163 0.269381 0.149547 0.265312 0.149159 0.262510 0.145812 0.259465 0.140369 0.258736 0.137053 0.260148 0.134143 0.262831 0.132682 0.266798
0 0.117421 0.303207 0.120318 0.305775 0.123386 0.306679 0.127395 0.306926 0.129511 0.305617 0.132343 0.301839 0.132727 0.297770 0.132339 0.294968 0.128992 0.291924 0.123549 0.291194 0.120233 0.292606 0.117323 0.295290 0.115862 0.299257
0 0.070529 0.393345 0.073426 0.395913 0.076494 0.396816 0.080503 0.397063 0.082619 0.395754 0.085451 0.391977 0.085835 0.387908 0.085447 0.385106 0.082100 0.382062 0.076656 0.381332 0.073341 0.382744 0.070431 0.385427 0.068970 0.389395
0 0.040885 0.404017 0.043782 0.406585 0.046850 0.407488 0.050859 0.407736 0.052974 0.406426 0.055806 0.402649 0.056191 0.398580 0.055803 0.395778 0.052456 0.392734 0.047012 0.392004 0.043696 0.393416 0.040787 0.396100 0.039325 0.400067
0 0.025221 0.373908 0.028118 0.376476 0.031186 0.377379 0.035195 0.377627 0.037311 0.376317 0.040143 0.372540 0.040527 0.368471 0.040139 0.365669 0.036792 0.362624 0.031348 0.361895 0.028033 0.363307 0.025123 0.365990 0.023662 0.369958
0 0.127905 0.449155 0.129409 0.452174 0.132734 0.453188 0.135652 0.452763 0.137578 0.450413 0.137311 0.446835 0.135303 0.444074 0.131862 0.443674 0.128898 0.445982
0 0.155265 0.463481 0.156769 0.466500 0.160095 0.467514 0.163012 0.467089 0.164938 0.464739 0.164671 0.461160 0.162663 0.458400 0.159222 0.458000 0.156258 0.460308
0 0.179435 0.440372 0.180939 0.443391 0.184265 0.444405 0.187182 0.443980 0.189108 0.441631 0.188841 0.438052 0.186833 0.435291 0.183392 0.434891 0.180428 0.437199
0 0.153070 0.391308 0.154574 0.394327 0.157900 0.395341 0.160817 0.394916 0.162743 0.392566 0.162476 0.388988 0.160468 0.386228 0.157027 0.385827 0.154062 0.388135
0 0.158136 0.293357 0.161034 0.295924 0.164102 0.296828 0.168110 0.297075 0.170227 0.295766 0.173059 0.291988 0.173443 0.287920 0.173054 0.285118 0.169707 0.282073 0.164264 0.281344 0.160948 0.282756 0.158038 0.285439 0.156577 0.289406
0 0.271739 0.277741 0.274637 0.280308 0.277705 0.281212 0.281713 0.281459 0.283829 0.280150 0.286662 0.276372 0.287046 0.272303 0.286657 0.269502 0.283310 0.266457 0.277867 0.265728 0.274552 0.267139 0.271641 0.269823 0.270180 0.273790
0 0.300592 0.307950 0.303489 0.310517 0.306558 0.311421 0.310566 0.311668 0.312682 0.310359 0.315514 0.306581 0.315898 0.302512 0.315510 0.299710 0.312163 0.296666 0.306720 0.295937 0.303404 0.297348 0.300494 0.300032 0.299033 0.303999
0 0.299149 0.358161 0.301100 0.360426 0.304168 0.361329 0.308176 0.361576 0.310293 0.360267 0.313125 0.356489 0.313509 0.352420 0.313120 0.349619 0.309774 0.346574 0.304330 0.345845 0.301015 0.347257 0.298936 0.350340 0.298220 0.353888
0 0.213062 0.386760 0.215960 0.389328 0.219027 0.390231 0.223036 0.390478 0.225152 0.389169 0.227984 0.385391 0.228368 0.381322 0.227980 0.378521 0.224633 0.375476 0.219190 0.374747 0.215874 0.376159 0.212964 0.378842 0.211503 0.382810
0 0.192865 0.383482 0.195762 0.386049 0.198830 0.386953 0.202838 0.387200 0.204955 0.385890 0.207787 0.382113 0.208171 0.378044 0.207782 0.375242 0.204435 0.372198 0.198992 0.371468 0.195676 0.372881 0.192766 0.375564 0.191305 0.379531
0 0.190359 0.343937 0.193256 0.346504 0.196324 0.347408 0.200333 0.347655 0.202449 0.346345 0.205281 0.342568 0.205665 0.338499 0.205277 0.335697 0.201930 0.332653 0.196486 0.331923 0.193171 0.333335 0.190261 0.336019 0.188799 0.339986
0 0.333400 0.433884 0.336297 0.436452 0.339365 0.437355 0.343374 0.437602 0.345490 0.436293 0.348322 0.432516 0.348706 0.428447 0.348317 0.425645 0.344971 0.422600 0.339527 0.421871 0.336212 0.423283 0.333302 0.425966 0.331841 0.429934
0 0.286712 0.427756 0.288378 0.429241 0.290365 0.430704 0.293083 0.431173 0.295791 0.430632 0.297720 0.428210 0.298224 0.424818 0.297836 0.422016 0.295004 0.419827 0.290064 0.419255 0.287213 0.421322 0.286019 0.424397
0 0.252203 0.503959 0.253869 0.505444 0.255857 0.506906 0.258575 0.507375 0.261282 0.506834 0.263211 0.504413 0.263716 0.501020 0.263328 0.498218 0.260496 0.496029 0.255556 0.495457 0.252704 0.497525 0.251511 0.500600
0 0.248909 0.518984 0.250575 0.520470 0.252563 0.521932 0.255281 0.522401 0.257988 0.521860 0.259917 0.519439 0.260422 0.516046 0.260033 0.513244 0.257202 0.511055 0.252262 0.510483 0.249410 0.512551 0.248217 0.515626
0 0.229617 0.398467 0.231283 0.399953 0.233270 0.401415 0.235989 0.401884 0.238696 0.401343 0.240625 0.398922 0.241129 0.395529 0.240741 0.392727 0.237910 0.390538 0.232970 0.389966 0.230118 0.392034 0.228924 0.395108
0 0.251653 0.358159 0.253319 0.359644 0.255307 0.361106 0.258025 0.361575 0.260732 0.361034 0.262661 0.358613 0.263166 0.355220 0.262778 0.352418 0.259946 0.350230 0.255006 0.349657 0.252154 0.351725 0.250961 0.354800
0 0.239967 0.345891 0.241634 0.347376 0.243620 0.348838 0.246339 0.349307 0.249047 0.348766 0.250975 0.346345 0.251480 0.342952 0.251092 0.340150 0.248260 0.337961 0.243320 0.337389 0.240468 0.339457 0.239275 0.342532
0 0.320056 0.302669 0.321722 0.304155 0.323709 0.305617 0.326428 0.306086 0.329135 0.305545 0.331064 0.303124 0.331569 0.299731 0.331181 0.296929 0.328349 0.294740 0.323409 0.294167 0.320557 0.296236 0.319364 0.299310
0 0.289782 0.268778 0.291448 0.270263 0.293435 0.271725 0.296153 0.272195 0.298861 0.271654 0.300790 0.269232 0.301295 0.265839 0.300906 0.263037 0.298074 0.260849 0.293134 0.260276 0.290283 0.262344 0.289089 0.265419
0 0.229040 0.275654 0.230706 0.277139 0.232693 0.278602 0.235412 0.279071 0.238120 0.278529 0.240048 0.276109 0.240553 0.272716 0.240165 0.269914 0.237333 0.267725 0.232393 0.267152 0.229541 0.269221 0.228348 0.272295
0 0.201013 0.278607 0.202679 0.280092 0.204666 0.281555 0.207385 0.282024 0.210092 0.281482 0.212021 0.279061 0.212526 0.275668 0.212137 0.272866 0.209306 0.270677 0.204365 0.270105 0.201514 0.272173 0.200321 0.275247
0 0.365364 0.332771 0.367030 0.334256 0.369017 0.335719 0.371735 0.336188 0.374443 0.335646 0.376372 0.333226 0.376877 0.329833 0.376488 0.327031 0.373656 0.324842 0.368717 0.324269 0.365865 0.326338 0.364671 0.329412
0 0.663178 0.574106 0.664844 0.575591 0.666832 0.577053 0.669550 0.577523 0.672257 0.576981 0.674186 0.574560 0.674691 0.571167 0.674302 0.568365 0.671471 0.566176 0.666531 0.565604 0.663679 0.567672 0.662486 0.570746
0 0.406478 0.373444 0.408145 0.374929 0.410132 0.376391 0.412850 0.376861 0.415558 0.376319 0.417487 0.373898 0.417991 0.370505 0.417603 0.367703 0.414771 0.365514 0.409831 0.364942 0.406980 0.367010 0.405786 0.370085
0 0.370504 0.402977 0.372170 0.404462 0.374157 0.405924 0.376876 0.406394 0.379583 0.405852 0.381512 0.403431 0.382017 0.400038 0.381629 0.397236 0.378797 0.395047 0.373857 0.394475 0.371005 0.396543 0.369811 0.399618
0 0.352989 0.267263 0.354655 0.268748 0.356642 0.270211 0.359360 0.270680 0.362068 0.270138 0.363997 0.267718 0.364502 0.264325 0.364113 0.261523 0.361281 0.259334 0.356341 0.258761 0.353490 0.260830 0.352296 0.263904
0 0.128215 0.236478 0.129881 0.237963 0.131868 0.239425 0.134587 0.239894 0.137294 0.239353 0.139223 0.236933 0.139727 0.233539 0.139339 0.230737 0.136508 0.228549 0.131567 0.227976 0.128715 0.230044 0.127522 0.233119
0 0.108004 0.273365 0.109670 0.274851 0.111658 0.276313 0.114376 0.276782 0.117083 0.276241 0.119012 0.273820 0.119517 0.270427 0.119129 0.267625 0.116297 0.265436 0.111357 0.264864 0.108505 0.266932 0.107312 0.270006
0 0.086126 0.224813 0.087793 0.226298 0.089780 0.227761 0.092498 0.228230 0.095206 0.227688 0.097135 0.225267 0.097639 0.221874 0.097251 0.219073 0.094419 0.216883 0.089479 0.216311 0.086627 0.218379 0.085434 0.221454
0 0.108048 0.205006 0.109714 0.206491 0.111701 0.207954 0.114419 0.208423 0.117127 0.207881 0.119056 0.205460 0.119560 0.202067 0.119172 0.199266 0.116340 0.197076 0.111400 0.196504 0.108549 0.198572 0.107355 0.201647
0 0.185777 0.221660 0.187443 0.223146 0.189430 0.224608 0.192148 0.225077 0.194856 0.224536 0.196785 0.222115 0.197290 0.218722 0.196901 0.215920 0.194069 0.213731 0.189129 0.213159 0.186278 0.215227 0.185084 0.218302
0 0.185913 0.246159 0.187579 0.247645 0.189566 0.249107 0.192285 0.249576 0.194992 0.249035 0.196921 0.246614 0.197426 0.243221 0.197037 0.240419 0.194206 0.238230 0.189265 0.237657 0.186414 0.239726 0.185220 0.242801
0 0.071206 0.262251 0.072872 0.263737 0.074859 0.265199 0.077578 0.265668 0.080285 0.265127 0.082214 0.262706 0.082719 0.259313 0.082330 0.256511 0.079499 0.254322 0.074559 0.253749 0.071707 0.255818 0.070513 0.258893
0 0.269830 0.203868 0.271497 0.205353 0.273484 0.206815 0.276203 0.207285 0.278910 0.206743 0.280838 0.204323 0.281343 0.200930 0.280955 0.198128 0.278124 0.195939 0.273183 0.195366 0.270331 0.197435 0.269138 0.200509
0 0.278996 0.217612 0.280662 0.219097 0.282650 0.220559 0.285368 0.221029 0.288075 0.220488 0.290004 0.218067 0.290509 0.214674 0.290121 0.211871 0.287289 0.209683 0.282349 0.209110 0.279497 0.211178 0.278304 0.214253
0 0.249310 0.207529 0.249313 0.212568 0.251514 0.216961 0.255202 0.218358 0.259194 0.218732 0.263263 0.217736 0.266361 0.215263 0.267429 0.210227 0.265924 0.205246 0.262835 0.202335 0.256143 0.201180 0.252396 0.203080
0 0.327300 0.207468 0.327304 0.212507 0.329505 0.216900 0.333193 0.218297 0.337185 0.218671 0.341253 0.217675 0.344351 0.215201 0.345419 0.210166 0.343914 0.205184 0.340825 0.202274 0.334133 0.201119 0.330387 0.203019
0 0.359305 0.211054 0.359309 0.216093 0.361510 0.220486 0.365198 0.221883 0.369190 0.222257 0.373259 0.221261 0.376357 0.218788 0.377425 0.213752 0.375919 0.208771 0.372830 0.205860 0.366138 0.204705 0.362393 0.206604
0 0.253249 0.254233 0.254915 0.255718 0.256902 0.257181 0.259620 0.257650 0.262328 0.257108 0.264257 0.254688 0.264761 0.251295 0.264373 0.248493 0.261541 0.246304 0.256602 0.245732 0.253750 0.247800 0.252556 0.250874
0 0.262640 0.265583 0.264307 0.267068 0.266294 0.268530 0.269012 0.268999 0.271720 0.268458 0.273649 0.266037 0.274153 0.262644 0.273765 0.259842 0.270933 0.257653 0.265993 0.257081 0.263141 0.259149 0.261948 0.262224
0 0.461064 0.231155 0.462731 0.232640 0.464718 0.234102 0.467436 0.234571 0.470144 0.234030 0.472073 0.231609 0.472577 0.228216 0.472189 0.225414 0.469357 0.223226 0.464417 0.222653 0.461565 0.224721 0.460372 0.227796
0 0.446211 0.220620 0.447877 0.222105 0.449864 0.223568 0.452583 0.224037 0.455290 0.223496 0.457219 0.221074 0.457724 0.217681 0.457336 0.214880 0.454504 0.212691 0.449564 0.212118 0.446712 0.214186 0.445518 0.217261
0 0.494254 0.283265 0.495921 0.284750 0.497908 0.286213 0.500627 0.286682 0.503334 0.286140 0.505262 0.283719 0.505767 0.280326 0.505379 0.277524 0.502547 0.275335 0.497607 0.274763 0.494755 0.276831 0.493562 0.279906
0 0.575265 0.322312 0.576932 0.323797 0.578919 0.325259 0.581638 0.325729 0.584345 0.325187 0.586273 0.322766 0.586778 0.319373 0.586390 0.316571 0.583558 0.314382 0.578618 0.313810 0.575766 0.315878 0.574573 0.318953
0 0.585904 0.309083 0.587569 0.310568 0.589557 0.312030 0.592275 0.312500 0.594983 0.311958 0.596911 0.309537 0.597416 0.306145 0.597028 0.303343 0.594196 0.301154 0.589256 0.300581 0.586404 0.302649 0.585211 0.305724
0 0.570581 0.350446 0.572248 0.351931 0.574235 0.353394 0.576953 0.353863 0.579661 0.353321 0.581589 0.350901 0.582094 0.347508 0.581706 0.344706 0.578874 0.342517 0.573934 0.341944 0.571082 0.344013 0.569889 0.347087
0 0.516495 0.341711 0.518161 0.343197 0.520148 0.344659 0.522867 0.345128 0.525574 0.344587 0.527503 0.342166 0.528008 0.338773 0.527619 0.335971 0.524788 0.333782 0.519847 0.333209 0.516996 0.335278 0.515802 0.338352
0 0.543323 0.369976 0.546540 0.370996 0.549720 0.369972 0.551053 0.367377 0.550833 0.364909 0.548837 0.362997 0.545194 0.362532 0.542342 0.364600 0.541988 0.367522
0 0.494711 0.337835 0.496377 0.339321 0.498364 0.340783 0.501083 0.341252 0.503791 0.340711 0.505719 0.338290 0.506224 0.334897 0.505836 0.332095 0.503004 0.329906 0.498064 0.329334 0.495212 0.331402 0.494019 0.334476
0 0.490207 0.361618 0.491873 0.363103 0.493860 0.364566 0.496578 0.365035 0.499286 0.364494 0.501215 0.362073 0.501719 0.358679 0.501331 0.355878 0.498499 0.353689 0.493559 0.353116 0.490708 0.355184 0.489514 0.358259
0 0.654362 0.335374 0.656028 0.336859 0.658016 0.338321 0.660734 0.338791 0.663441 0.338250 0.665370 0.335829 0.665875 0.332435 0.665487 0.329633 0.662655 0.327445 0.657715 0.326872 0.654863 0.328940 0.653670 0.332015
0 0.564238 0.465924 0.565905 0.467409 0.567892 0.468871 0.570611 0.469341 0.573318 0.468799 0.575247 0.466378 0.575751 0.462986 0.575363 0.460184 0.572532 0.457995 0.567591 0.457422 0.564740 0.459490 0.563546 0.462565
0 0.593388 0.509745 0.596605 0.510764 0.599785 0.509740 0.601118 0.507146 0.600898 0.504677 0.598902 0.502766 0.595259 0.502301 0.592407 0.504369 0.592053 0.507291
0 0.539133 0.557360 0.538749 0.560787 0.541106 0.563501 0.545153 0.563761 0.547374 0.561480 0.547713 0.558535 0.546619 0.556608 0.544641 0.555024 0.541529 0.555156
0 0.534996 0.573114 0.534611 0.576541 0.536968 0.579255 0.541015 0.579516 0.543236 0.577234 0.543575 0.574288 0.542481 0.572362 0.540504 0.570778 0.537391 0.570910
0 0.240437 0.628857 0.243334 0.631424 0.246402 0.632328 0.250410 0.632575 0.252527 0.631265 0.255359 0.627488 0.255743 0.623419 0.255354 0.620617 0.252007 0.617573 0.246564 0.616843 0.243249 0.618255 0.240338 0.620939 0.238877 0.624906
0 0.363043 0.760236 0.366788 0.766175 0.373542 0.769839 0.379091 0.770246 0.384959 0.766028 0.386585 0.759898 0.385224 0.752766 0.376588 0.747434 0.369240 0.748835 0.364586 0.753749
0 0.142929 0.730609 0.146788 0.733637 0.151643 0.733947 0.153994 0.732009 0.155490 0.728975 0.155223 0.725396 0.154124 0.722564 0.150127 0.721003 0.145084 0.722673 0.142496 0.726572
0 0.226549 0.467203 0.228053 0.470221 0.231379 0.471235 0.234296 0.470811 0.236222 0.468460 0.235955 0.464882 0.233947 0.462122 0.230506 0.461721 0.227542 0.464029
0 0.091373 0.304214 0.089364 0.305763 0.088291 0.308581 0.089187 0.311584 0.092542 0.312894 0.095822 0.313017 0.097913 0.310607 0.097414 0.307330 0.094803 0.304724
0 0.370288 0.422771 0.371955 0.424256 0.373942 0.425718 0.376660 0.426187 0.379368 0.425646 0.381296 0.423225 0.381801 0.419832 0.381412 0.417030 0.378581 0.414841 0.373641 0.414269 0.370789 0.416337 0.369596 0.419411
0 0.756710 0.586964 0.755495 0.590964 0.757165 0.593293 0.760144 0.593873 0.762381 0.592840 0.762993 0.589516 0.762177 0.587101 0.759691 0.586021
