0 0.507039 0.490128 0.507632 0.490567 0.513813 0.489643 0.517134 0.490727 0.521794 0.493718 0.521948 0.494748 0.523209 0.496139 0.524570 0.501729 0.524132 0.502321 0.524309 0.507034 0.520881 0.512285 0.518021 0.514292 0.513385 0.514985 0.512947 0.515577 0.509264 0.515600 0.504758 0.513640 0.501798 0.511449 0.501052 0.509981 0.499922 0.505937 0.499329 0.505499 0.498637 0.500862 0.499206 0.497618 0.499567 0.496511 0.503587 0.491697 0.506601 0.490721
0 0.289976 0.468308 0.290568 0.468746 0.292114 0.468515 0.292706 0.468953 0.295358 0.469083 0.297727 0.470836 0.299065 0.472743 0.300065 0.479439 0.299627 0.480031 0.299496 0.482684 0.298105 0.483945 0.297074 0.484099 0.296636 0.484691 0.295091 0.484922 0.293184 0.486260 0.290532 0.486129 0.287210 0.485046 0.283196 0.479326 0.282504 0.474690 0.283226 0.472475 0.284541 0.470699 0.285571 0.470545 0.287478 0.469207 0.289023 0.468977 0.289461 0.468384
0 0.521153 0.612827 0.524243 0.612366 0.526973 0.613011 0.531117 0.616079 0.533124 0.618938 0.533893 0.624090 0.533094 0.625789 0.533248 0.626819 0.529304 0.632148 0.528351 0.632817 0.527321 0.632970 0.526729 0.632532 0.521062 0.633379 0.514704 0.629589 0.513727 0.626575 0.513135 0.626137 0.512596 0.622531 0.513034 0.621939 0.513011 0.618256 0.516155 0.614627 0.518062 0.613289
0 0.778505 0.657594 0.781235 0.658240 0.787594 0.662030 0.790116 0.664813 0.791608 0.667749 0.792300 0.672386 0.791731 0.675630 0.789979 0.677998 0.786165 0.680674 0.783152 0.681651 0.782713 0.682243 0.777408 0.681982 0.773495 0.680460 0.771050 0.678192 0.770896 0.677162 0.769635 0.675771 0.769173 0.672680 0.768581 0.672242 0.769411 0.663692 0.772040 0.660140 0.775053 0.659163 0.775492 0.658571 0.777552 0.658263 0.777990 0.657671
0 0.727056 0.443576 0.727648 0.444014 0.729193 0.443783 0.731999 0.444944 0.733030 0.444790 0.735836 0.445950 0.737612 0.447265 0.738358 0.448733 0.740803 0.451001 0.741034 0.452547 0.741626 0.452985 0.741727 0.457183 0.739974 0.459551 0.740128 0.460581 0.736984 0.464210 0.729257 0.465365 0.728665 0.464926 0.726012 0.464796 0.723798 0.464073 0.720092 0.460414 0.719115 0.457400 0.718523 0.456962 0.717984 0.453356 0.718784 0.451657 0.718991 0.449520 0.720744 0.447151 0.726541 0.443653
0 0.701555 0.695944 0.702147 0.696383 0.703178 0.696229 0.706499 0.697313 0.709383 0.698988 0.710359 0.702002 0.710951 0.702440 0.711567 0.706561 0.709530 0.710552 0.707546 0.711375 0.707108 0.711967 0.706078 0.712120 0.705640 0.712713 0.704094 0.712943 0.703656 0.713535 0.701596 0.713843 0.701004 0.713405 0.699973 0.713559 0.699381 0.713121 0.698351 0.713275 0.696137 0.712552 0.693538 0.709254 0.693307 0.707709 0.692715 0.707270 0.692330 0.704695 0.692768 0.704103 0.692614 0.703073 0.693053 0.702480 0.693260 0.700343 0.694575 0.698567 0.696481 0.697229 0.697511 0.697075 0.697950 0.696483
0 0.779314 0.437350 0.779906 0.437788 0.780936 0.437635 0.782043 0.437996 0.784926 0.439672 0.786264 0.441578 0.786418 0.442609 0.787010 0.443047 0.787241 0.444592 0.787833 0.445030 0.788141 0.447091 0.787703 0.447683 0.787572 0.450335 0.786696 0.451519 0.786773 0.452035 0.785819 0.452704 0.784789 0.452857 0.784351 0.453449 0.782806 0.453680 0.782368 0.454272 0.778762 0.454811 0.778170 0.454373 0.777139 0.454527 0.776547 0.454088 0.775517 0.454242 0.773303 0.453520 0.771965 0.451613 0.771811 0.450583 0.771219 0.450145 0.770526 0.445509 0.771610 0.442187 0.771456 0.441157 0.773801 0.439227 0.774831 0.439073 0.776738 0.437735
0 0.662483 0.702307 0.665290 0.703467 0.669049 0.703959 0.671495 0.706227 0.674324 0.711070 0.674940 0.715191 0.673856 0.718513 0.672542 0.720289 0.670635 0.721627 0.666591 0.722758 0.666153 0.723350 0.664092 0.723657 0.663500 0.723219 0.658118 0.722443 0.656342 0.721129 0.655596 0.719660 0.654412 0.718784 0.653743 0.717831 0.653435 0.715770 0.652843 0.715332 0.652228 0.711211 0.653673 0.706782 0.656456 0.704260 0.658516 0.703952 0.660938 0.702538
0 0.731453 0.289675 0.732045 0.290113 0.736243 0.290013 0.737942 0.290812 0.740311 0.292565 0.741649 0.294472 0.741802 0.295502 0.743064 0.296893 0.743602 0.300499 0.743164 0.301091 0.743033 0.303744 0.742672 0.304851 0.739528 0.308480 0.736952 0.308865 0.736514 0.309457 0.732393 0.310073 0.726265 0.307828 0.725081 0.306952 0.724927 0.305921 0.723666 0.304530 0.723512 0.303500 0.722920 0.303062 0.722536 0.300486 0.721944 0.300048 0.722358 0.295773 0.724034 0.292890 0.728878 0.290060
0 0.631966 0.455672 0.637064 0.458070 0.639432 0.459823 0.640847 0.462244 0.641539 0.466880 0.641101 0.467472 0.641332 0.469018 0.640970 0.470125 0.640171 0.471824 0.638341 0.473677 0.635482 0.475684 0.630330 0.476454 0.629738 0.476015 0.627163 0.476400 0.624356 0.475239 0.623610 0.473771 0.621165 0.471503 0.620242 0.465322 0.621687 0.460893 0.622563 0.459709 0.625346 0.457187 0.627922 0.456802 0.628360 0.456210
0 0.731942 0.412829 0.732534 0.413267 0.735110 0.412882 0.736217 0.413244 0.741031 0.417264 0.741261 0.418810 0.741853 0.419248 0.742623 0.424399 0.741539 0.427721 0.740224 0.429497 0.738318 0.430835 0.735742 0.431219 0.735304 0.431811 0.731183 0.432427 0.725647 0.430621 0.724386 0.429229 0.723410 0.426215 0.722817 0.425777 0.722279 0.422171 0.722717 0.421579 0.722409 0.419519 0.723132 0.417305 0.727821 0.413444
0 0.789829 0.342043 0.791529 0.342842 0.792559 0.342689 0.795957 0.344287 0.799510 0.346917 0.799663 0.347947 0.800925 0.349338 0.801694 0.354489 0.801256 0.355081 0.801563 0.357142 0.797981 0.361363 0.795921 0.361671 0.795482 0.362263 0.789301 0.363186 0.788709 0.362748 0.786133 0.363133 0.781628 0.361173 0.779183 0.358905 0.777845 0.356998 0.777590 0.351770 0.778313 0.349556 0.781818 0.344819 0.784317 0.343920 0.784755 0.343328 0.788361 0.342789 0.788799 0.342197
0 0.412669 0.464728 0.413261 0.465166 0.414291 0.465012 0.416505 0.465734 0.420135 0.468879 0.420827 0.473515 0.420389 0.474107 0.420620 0.475652 0.417991 0.479204 0.417629 0.480312 0.415723 0.481650 0.410571 0.482419 0.409979 0.481981 0.408434 0.482212 0.407327 0.481850 0.406581 0.480382 0.405397 0.479506 0.404728 0.478552 0.404574 0.477522 0.403982 0.477084 0.403828 0.476054 0.403236 0.475616 0.403005 0.474070 0.403443 0.473478 0.403136 0.471418 0.403497 0.470310 0.405688 0.467350 0.406641 0.466681 0.408702 0.466373 0.409140 0.465781 0.411200 0.465474 0.411638 0.464882
0 0.617147 0.268305 0.618331 0.269181 0.620545 0.269904 0.623505 0.272095 0.623659 0.273125 0.624251 0.273563 0.624559 0.275624 0.625151 0.276062 0.625536 0.278638 0.625098 0.279230 0.625328 0.280775 0.623576 0.283143 0.619762 0.285819 0.616157 0.286358 0.615565 0.285920 0.612989 0.286304 0.610029 0.284113 0.609129 0.281615 0.607868 0.280223 0.607714 0.279193 0.608152 0.278601 0.607691 0.275510 0.608129 0.274918 0.607975 0.273888 0.608336 0.272781 0.610012 0.269897 0.612072 0.269590 0.612511 0.268997
0 0.677989 0.453537 0.678581 0.453975 0.680126 0.453745 0.680718 0.454183 0.683371 0.454313 0.686923 0.456942 0.688184 0.458334 0.688415 0.459879 0.689007 0.460317 0.689853 0.465984 0.689415 0.466576 0.689723 0.468636 0.688639 0.471958 0.686886 0.474326 0.685933 0.474995 0.683358 0.475379 0.682919 0.475972 0.678283 0.476664 0.677691 0.476226 0.673493 0.476326 0.671279 0.475604 0.669426 0.473774 0.667265 0.469884 0.666650 0.465763 0.667088 0.465171 0.667141 0.462003 0.668302 0.459197 0.670055 0.456829 0.669978 0.456313 0.672476 0.455414 0.672915 0.454822 0.674975 0.454514 0.675413 0.453922
0 0.716545 0.366154 0.717137 0.366592 0.721335 0.366492 0.724219 0.368167 0.724734 0.368090 0.727771 0.370797 0.728594 0.372780 0.729186 0.373218 0.729571 0.375794 0.729132 0.376386 0.729002 0.379038 0.728126 0.380223 0.727403 0.382437 0.725058 0.384367 0.717331 0.385521 0.713495 0.384514 0.711719 0.383200 0.711204 0.383277 0.711127 0.382761 0.709943 0.381885 0.708966 0.378871 0.708374 0.378433 0.708220 0.377403 0.708658 0.376811 0.708273 0.374235 0.710826 0.370168 0.711341 0.370091 0.712655 0.368315 0.714124 0.367569 0.715000 0.366385
0 0.641987 0.409940 0.644563 0.409555 0.650252 0.412391 0.650767 0.412314 0.652105 0.414221 0.652259 0.415251 0.652851 0.415689 0.652490 0.416797 0.653029 0.420402 0.652590 0.420994 0.652821 0.422540 0.652460 0.423647 0.651945 0.423724 0.649239 0.426761 0.647332 0.428099 0.644242 0.428561 0.643650 0.428123 0.641074 0.428507 0.639967 0.428146 0.638114 0.426316 0.637291 0.424333 0.636030 0.422941 0.634876 0.415214 0.635237 0.414107 0.637428 0.411147 0.638973 0.410916 0.639411 0.410324
0 0.358260 0.491812 0.358852 0.492250 0.361428 0.491865 0.362020 0.492304 0.365187 0.492357 0.369255 0.494909 0.371262 0.497769 0.371800 0.501375 0.370640 0.504181 0.370794 0.505212 0.370432 0.506319 0.367726 0.509356 0.360000 0.510510 0.353718 0.507235 0.353487 0.505690 0.352895 0.505252 0.352664 0.503707 0.352072 0.503268 0.351534 0.499663 0.351972 0.499071 0.351741 0.497525 0.353055 0.495749 0.357822 0.492404
0 0.421337 0.646167 0.421929 0.646605 0.424504 0.646220 0.425611 0.646582 0.429164 0.649211 0.429987 0.651194 0.430579 0.651632 0.430886 0.653693 0.431478 0.654131 0.431863 0.656707 0.431425 0.657299 0.431295 0.659951 0.429104 0.662912 0.428073 0.663065 0.427635 0.663658 0.426605 0.663811 0.424698 0.665149 0.422123 0.665534 0.421531 0.665096 0.419985 0.665327 0.418286 0.664527 0.416149 0.664320 0.412804 0.659553 0.412034 0.654402 0.412473 0.653810 0.412242 0.652265 0.412603 0.651158 0.414356 0.648789 0.415386 0.648636 0.417292 0.647298 0.419353 0.646990 0.419791 0.646398
0 0.460177 0.424419 0.463525 0.423919 0.466847 0.425003 0.469807 0.427194 0.470322 0.427117 0.470991 0.428070 0.471299 0.430130 0.471891 0.430569 0.472045 0.431599 0.471607 0.432191 0.471838 0.433736 0.471115 0.435951 0.469801 0.437727 0.469878 0.438242 0.469001 0.439426 0.467971 0.439580 0.466064 0.440918 0.459883 0.441841 0.457077 0.440681 0.455070 0.437821 0.454247 0.435837 0.453400 0.430171 0.454638 0.427879 0.454561 0.427364 0.456829 0.424919
0 0.269071 0.458791 0.274683 0.461113 0.277721 0.463819 0.278390 0.464772 0.279982 0.471907 0.277868 0.475382 0.273616 0.478650 0.266405 0.479727 0.265813 0.479289 0.264782 0.479443 0.261899 0.477767 0.261745 0.476737 0.259892 0.474907 0.258323 0.471455 0.257731 0.471017 0.258169 0.470425 0.257862 0.468365 0.259307 0.463936 0.260621 0.462160 0.262966 0.460230 0.267087 0.459614 0.267525 0.459022
0 0.095933 0.371429 0.103529 0.372928 0.108266 0.376433 0.109473 0.380993 0.109035 0.381585 0.109343 0.383645 0.107975 0.388589 0.105061 0.393764 0.103670 0.395025 0.100218 0.396593 0.095582 0.397286 0.094990 0.396848 0.091307 0.396871 0.086724 0.394396 0.083456 0.390144 0.082456 0.383448 0.083463 0.379611 0.086015 0.375544 0.092842 0.371891
0 0.675682 0.600279 0.678772 0.599818 0.681064 0.601056 0.681810 0.602524 0.683663 0.604354 0.683817 0.605384 0.684409 0.605822 0.684640 0.607367 0.685232 0.607805 0.684793 0.608398 0.684947 0.609428 0.684509 0.610020 0.684740 0.611565 0.683864 0.612749 0.683348 0.612826 0.681519 0.614679 0.674822 0.615680 0.670832 0.613643 0.670678 0.612612 0.668748 0.610267 0.668594 0.609237 0.669032 0.608645 0.668724 0.606585 0.669601 0.605401 0.669524 0.604885 0.670400 0.603701 0.670323 0.603186 0.672591 0.600741
0 0.835148 0.599633 0.841276 0.601877 0.842460 0.602754 0.844544 0.606129 0.845160 0.610250 0.844721 0.610842 0.845029 0.612902 0.842915 0.616378 0.839540 0.618461 0.834389 0.619231 0.833797 0.618793 0.830629 0.618739 0.828853 0.617425 0.826923 0.615080 0.826692 0.613535 0.826100 0.613096 0.825715 0.610521 0.825123 0.610083 0.825538 0.605808 0.825899 0.604701 0.828090 0.601740 0.829044 0.601071 0.831104 0.600763 0.831542 0.600171
0 0.551308 0.287618 0.554657 0.287117 0.561607 0.291345 0.562584 0.294359 0.563176 0.294797 0.563715 0.298403 0.562992 0.300618 0.558018 0.306100 0.552429 0.307461 0.551991 0.308053 0.548231 0.307562 0.544087 0.304494 0.543856 0.302949 0.542518 0.301042 0.542956 0.300450 0.542418 0.296845 0.542856 0.296252 0.542702 0.295222 0.543501 0.293523 0.544016 0.293446 0.546207 0.290486 0.546130 0.289971 0.547960 0.288118
0 0.882776 0.421371 0.886381 0.420832 0.891994 0.423154 0.893178 0.424030 0.894747 0.427482 0.895339 0.427920 0.895955 0.432041 0.895516 0.432633 0.895747 0.434179 0.895386 0.435286 0.893272 0.438761 0.889021 0.442029 0.882324 0.443029 0.880110 0.442307 0.877150 0.440116 0.876404 0.438648 0.875219 0.437771 0.874758 0.434680 0.875196 0.434088 0.874965 0.432543 0.875403 0.431951 0.875173 0.430406 0.875818 0.427676 0.875587 0.426131 0.879170 0.421909
0 0.326403 0.451282 0.330831 0.452727 0.333277 0.454994 0.333946 0.455948 0.334253 0.458008 0.334845 0.458446 0.335076 0.459992 0.334638 0.460584 0.335023 0.463159 0.334661 0.464267 0.333708 0.464936 0.332832 0.466120 0.332909 0.466635 0.331079 0.468488 0.330049 0.468642 0.329611 0.469234 0.326005 0.469772 0.325413 0.469334 0.323352 0.469642 0.321061 0.468404 0.319723 0.466498 0.319492 0.464952 0.318900 0.464514 0.318208 0.459878 0.318646 0.459286 0.318492 0.458256 0.319214 0.456041 0.320529 0.454265 0.322436 0.452927 0.323466 0.452773 0.323904 0.452181 0.325449 0.451951 0.325888 0.451358
0 0.241749 0.494469 0.242341 0.494907 0.245509 0.494960 0.246693 0.495837 0.248315 0.496121 0.250684 0.497874 0.251660 0.500887 0.252252 0.501326 0.252406 0.502356 0.251968 0.502948 0.252430 0.506039 0.251992 0.506631 0.252222 0.508176 0.251423 0.509875 0.249232 0.512836 0.245780 0.514404 0.245342 0.514996 0.244312 0.515150 0.243720 0.514712 0.241659 0.515020 0.241067 0.514582 0.239522 0.514813 0.238415 0.514451 0.234862 0.511822 0.233293 0.508370 0.232701 0.507932 0.232086 0.503811 0.232524 0.503219 0.232654 0.500566 0.235284 0.497014 0.236237 0.496345 0.241311 0.495061
0 0.353218 0.359333 0.353810 0.359771 0.355871 0.359463 0.356463 0.359901 0.358008 0.359670 0.359192 0.360547 0.359269 0.361062 0.360454 0.361938 0.360530 0.362453 0.362384 0.364283 0.363076 0.368919 0.362638 0.369511 0.362869 0.371056 0.362069 0.372756 0.361554 0.372833 0.359724 0.374686 0.354058 0.375532 0.353466 0.375094 0.351844 0.374810 0.349476 0.373057 0.349322 0.372027 0.348061 0.370635 0.347599 0.367544 0.348037 0.366952 0.347883 0.365922 0.348321 0.365330 0.348091 0.363785 0.348529 0.363193 0.348452 0.362677 0.350205 0.360309 0.350720 0.360232 0.351158 0.359640
0 0.668888 0.510717 0.672236 0.510217 0.672828 0.510655 0.673858 0.510501 0.677257 0.512100 0.679625 0.513853 0.679779 0.514883 0.681117 0.516790 0.682425 0.525547 0.681987 0.526139 0.682140 0.527169 0.680826 0.528945 0.679796 0.529099 0.677889 0.530437 0.676344 0.530668 0.675905 0.531260 0.668694 0.532337 0.663750 0.530969 0.661382 0.529216 0.660482 0.526718 0.659890 0.526280 0.659197 0.521643 0.659636 0.521051 0.659405 0.519506 0.659843 0.518914 0.659973 0.516262 0.665539 0.511217
0 0.594033 0.247533 0.597354 0.248617 0.602091 0.252122 0.603506 0.254544 0.604198 0.259180 0.603191 0.263017 0.600047 0.266646 0.596672 0.268730 0.596080 0.268292 0.590414 0.269138 0.588199 0.268416 0.583386 0.264395 0.583232 0.263365 0.582640 0.262927 0.581640 0.256230 0.582078 0.255638 0.581924 0.254608 0.585507 0.250386 0.587413 0.249048 0.592049 0.248356 0.592488 0.247764
0 0.610116 0.309378 0.610708 0.309816 0.612253 0.309585 0.612845 0.310023 0.614906 0.309715 0.615498 0.310154 0.616528 0.310000 0.619488 0.312191 0.619642 0.313221 0.620903 0.314612 0.621442 0.318218 0.620358 0.321540 0.619482 0.322724 0.619559 0.323239 0.619043 0.323316 0.618167 0.324500 0.616622 0.324731 0.616184 0.325323 0.614638 0.325554 0.614200 0.326146 0.611624 0.326530 0.609410 0.325808 0.608226 0.324932 0.607711 0.325008 0.605112 0.321710 0.604496 0.317589 0.605657 0.314783 0.605503 0.313753 0.606818 0.311977 0.607333 0.311900 0.609601 0.309455
0 0.436990 0.571157 0.443479 0.572294 0.448654 0.575207 0.449400 0.576676 0.449939 0.580282 0.450531 0.580720 0.450169 0.581827 0.450631 0.584918 0.449032 0.588316 0.444858 0.592099 0.440814 0.593230 0.440376 0.593822 0.436770 0.594360 0.431903 0.593508 0.430719 0.592631 0.428635 0.589256 0.427451 0.588380 0.427220 0.586834 0.426628 0.586396 0.425858 0.581245 0.428695 0.575555 0.430678 0.574732 0.434415 0.571541
0 0.760491 0.350111 0.761083 0.350549 0.762628 0.350319 0.763220 0.350757 0.764251 0.350603 0.764843 0.351041 0.765358 0.350964 0.766542 0.351840 0.766619 0.352356 0.768549 0.354700 0.768857 0.356761 0.769449 0.357199 0.769603 0.358229 0.769164 0.358821 0.769318 0.359852 0.768880 0.360444 0.769111 0.361989 0.767358 0.364357 0.764267 0.364819 0.763829 0.365411 0.760224 0.365949 0.759631 0.365511 0.758601 0.365665 0.758009 0.365227 0.756387 0.364943 0.754611 0.363628 0.754534 0.363113 0.752604 0.360768 0.752296 0.358708 0.752734 0.358116 0.752503 0.356570 0.753741 0.354279 0.753664 0.353764 0.754540 0.352580 0.755055 0.352503 0.757400 0.350573
0 0.575947 0.299209 0.581483 0.301015 0.583851 0.302768 0.584005 0.303798 0.585266 0.305190 0.585805 0.308796 0.585367 0.309388 0.585520 0.310418 0.585082 0.311010 0.585236 0.312040 0.584875 0.313147 0.583999 0.314332 0.582968 0.314485 0.581577 0.315747 0.579516 0.316054 0.579078 0.316646 0.577533 0.316877 0.576941 0.316439 0.575395 0.316670 0.574803 0.316232 0.573773 0.316385 0.572666 0.316024 0.570890 0.314710 0.570736 0.313679 0.568806 0.311335 0.568267 0.307729 0.569067 0.306030 0.568913 0.304999 0.570227 0.303223 0.571696 0.302477 0.572572 0.301293 0.575432 0.299286
0 0.561200 0.447283 0.561792 0.447721 0.563338 0.447490 0.563930 0.447928 0.564445 0.447851 0.566221 0.449166 0.566298 0.449681 0.566890 0.450119 0.567736 0.455786 0.567298 0.456378 0.567529 0.457923 0.566653 0.459107 0.566138 0.459184 0.565699 0.459776 0.564669 0.459930 0.564231 0.460522 0.563201 0.460676 0.562763 0.461268 0.561732 0.461422 0.561294 0.462014 0.560779 0.462091 0.560187 0.461653 0.559672 0.461730 0.558488 0.460853 0.557973 0.460930 0.555604 0.459177 0.555527 0.458662 0.554266 0.457271 0.553574 0.452635 0.554012 0.452043 0.553935 0.451528 0.556126 0.448567 0.557156 0.448413 0.557595 0.447821
0 0.399542 0.288694 0.405439 0.289393 0.408991 0.292022 0.412490 0.297819 0.413260 0.302970 0.412330 0.307322 0.409339 0.311981 0.404573 0.315326 0.400967 0.315865 0.396100 0.315012 0.391441 0.312021 0.388919 0.309239 0.387918 0.302542 0.390447 0.294792 0.392999 0.290724 0.393953 0.290055 0.398073 0.289440 0.398512 0.288848
0 0.274217 0.792947 0.276508 0.794185 0.280937 0.795630 0.282275 0.797536 0.282429 0.798566 0.283021 0.799005 0.283252 0.800550 0.282814 0.801142 0.283121 0.803203 0.282245 0.804387 0.282322 0.804902 0.279693 0.808454 0.278225 0.809200 0.276395 0.811053 0.275803 0.810615 0.273742 0.810923 0.273150 0.810484 0.271090 0.810792 0.270498 0.810354 0.269468 0.810508 0.267099 0.808755 0.265092 0.805895 0.264323 0.800744 0.264761 0.800152 0.264530 0.798607 0.265407 0.797423 0.265330 0.796907 0.266206 0.795723 0.268113 0.794385 0.271203 0.793924 0.271642 0.793332
0 0.620322 0.501119 0.622022 0.501919 0.623052 0.501765 0.623644 0.502203 0.624159 0.502126 0.626450 0.503364 0.626527 0.503879 0.627788 0.505270 0.628635 0.510937 0.628196 0.511529 0.628350 0.512559 0.627912 0.513151 0.627989 0.513666 0.627113 0.514850 0.626598 0.514927 0.625206 0.516188 0.622707 0.517088 0.622269 0.517680 0.619694 0.518065 0.619102 0.517626 0.617556 0.517857 0.616964 0.517419 0.615934 0.517573 0.614235 0.516774 0.614158 0.516258 0.613566 0.515820 0.613258 0.513760 0.612666 0.513322 0.611897 0.508170 0.612335 0.507578 0.612465 0.504926 0.613342 0.503742 0.614372 0.503588 0.614810 0.502996 0.615840 0.502842 0.616278 0.502250 0.617309 0.502096 0.617747 0.501504
0 0.257146 0.541144 0.259722 0.540759 0.260314 0.541197 0.261859 0.540966 0.263044 0.541843 0.263559 0.541766 0.266596 0.544472 0.267934 0.546378 0.268242 0.548439 0.267803 0.549031 0.268034 0.550576 0.267596 0.551168 0.267827 0.552714 0.267466 0.553821 0.264913 0.557888 0.258809 0.559327 0.258371 0.559919 0.255564 0.558758 0.250366 0.552162 0.250728 0.551055 0.250266 0.547964 0.251350 0.544643 0.254571 0.541528
0 0.280543 0.398097 0.281135 0.398536 0.283788 0.398666 0.286002 0.399389 0.287186 0.400265 0.287855 0.401218 0.288009 0.402248 0.288601 0.402687 0.289140 0.406292 0.288702 0.406885 0.288855 0.407915 0.288133 0.410129 0.286457 0.413012 0.284551 0.414350 0.283520 0.414504 0.283082 0.415096 0.279476 0.415635 0.278884 0.415197 0.276309 0.415581 0.274094 0.414859 0.272910 0.413983 0.272756 0.412952 0.272164 0.412514 0.271933 0.410969 0.271341 0.410531 0.270803 0.406925 0.271241 0.406333 0.271372 0.403680 0.273047 0.400797 0.274078 0.400643 0.275984 0.399305 0.277529 0.399074 0.277968 0.398482
0 0.497773 0.399882 0.498365 0.400320 0.500426 0.400013 0.501610 0.400889 0.503824 0.401612 0.503901 0.402127 0.507454 0.404756 0.508123 0.405709 0.508815 0.410345 0.508377 0.410937 0.508170 0.413075 0.507293 0.414259 0.507009 0.415881 0.503196 0.418557 0.497014 0.419480 0.493693 0.418396 0.489317 0.413784 0.489164 0.412754 0.488572 0.412315 0.487879 0.407679 0.489555 0.404796 0.489478 0.404281 0.490793 0.402505 0.493137 0.400575
0 0.678107 0.634147 0.682844 0.637652 0.683074 0.639198 0.684412 0.641104 0.684951 0.644710 0.684075 0.645894 0.683352 0.648109 0.680569 0.650631 0.673872 0.651631 0.671658 0.650908 0.669882 0.649594 0.669136 0.648125 0.667952 0.647249 0.667259 0.642613 0.668059 0.640914 0.667905 0.639884 0.670972 0.635739 0.673033 0.635431 0.673471 0.634839
0 0.234246 0.426603 0.234838 0.427041 0.238959 0.426426 0.245318 0.430216 0.246141 0.432199 0.246733 0.432637 0.247271 0.436243 0.246549 0.438458 0.244796 0.440826 0.240983 0.443502 0.233771 0.444579 0.229781 0.442542 0.229627 0.441512 0.227774 0.439682 0.227620 0.438652 0.227028 0.438214 0.226643 0.435638 0.227804 0.432832 0.227650 0.431801 0.230717 0.427657 0.231671 0.426988
0 0.825325 0.699576 0.827539 0.700299 0.830707 0.700352 0.834259 0.702981 0.836781 0.705764 0.836935 0.706795 0.837527 0.707233 0.838220 0.711869 0.836544 0.714752 0.836259 0.716374 0.832961 0.718973 0.829871 0.719435 0.829432 0.720027 0.825827 0.720566 0.822505 0.719482 0.819468 0.716776 0.818130 0.714869 0.817899 0.713324 0.817307 0.712886 0.816845 0.709795 0.816176 0.708842 0.816615 0.708250 0.816745 0.705597 0.818498 0.703229 0.819966 0.702483 0.822749 0.699961
0 0.158491 0.490579 0.159083 0.491017 0.160628 0.490786 0.161220 0.491224 0.162250 0.491071 0.164465 0.491793 0.166241 0.493108 0.167579 0.495014 0.168271 0.499650 0.167395 0.500834 0.167034 0.501942 0.167187 0.502972 0.165435 0.505340 0.164481 0.506009 0.163451 0.506163 0.162060 0.507424 0.157939 0.508040 0.156755 0.507163 0.156239 0.507240 0.153871 0.505487 0.153356 0.505564 0.150680 0.501751 0.150142 0.498145 0.150864 0.495931 0.152617 0.493563 0.156430 0.490887
0 0.402230 0.560550 0.402822 0.560988 0.405397 0.560604 0.405989 0.561042 0.407020 0.560888 0.414947 0.568130 0.415640 0.572766 0.414917 0.574980 0.413680 0.577271 0.410535 0.580901 0.403401 0.582493 0.401186 0.581770 0.399641 0.582001 0.397427 0.581279 0.394904 0.578496 0.394674 0.576950 0.393336 0.575044 0.393289 0.567678 0.394811 0.563765 0.400169 0.560858
0 0.630522 0.622296 0.635620 0.624694 0.637242 0.624979 0.638426 0.625855 0.638580 0.626885 0.640587 0.629745 0.640895 0.631806 0.641487 0.632244 0.641510 0.635927 0.639319 0.638887 0.636021 0.641486 0.634476 0.641717 0.634038 0.642309 0.631977 0.642617 0.631385 0.642178 0.627779 0.642717 0.625565 0.641994 0.622012 0.639365 0.621859 0.638335 0.620521 0.636429 0.619828 0.631792 0.620912 0.628471 0.623541 0.624919 0.624494 0.624250 0.626555 0.623942 0.626993 0.623350 0.630084 0.622888
0 0.474488 0.734071 0.475080 0.734510 0.477656 0.734125 0.478248 0.734563 0.478763 0.734486 0.480539 0.735801 0.480616 0.736316 0.481877 0.737707 0.482108 0.739253 0.482700 0.739691 0.483085 0.742266 0.482646 0.742859 0.482800 0.743889 0.482362 0.744481 0.482439 0.744996 0.482001 0.745588 0.481486 0.745665 0.480609 0.746849 0.478034 0.747234 0.477596 0.747826 0.473990 0.748364 0.470437 0.745735 0.470207 0.744190 0.469615 0.743752 0.469076 0.740146 0.469514 0.739554 0.469360 0.738524 0.470237 0.737339 0.470160 0.736824 0.471913 0.734456
0 0.310353 0.417869 0.310946 0.418307 0.312491 0.418077 0.315220 0.418722 0.319365 0.421789 0.320780 0.424211 0.321964 0.425087 0.322502 0.428693 0.321419 0.432015 0.318713 0.435052 0.316291 0.436467 0.314745 0.436698 0.314307 0.437290 0.310186 0.437905 0.304574 0.435584 0.301229 0.430817 0.300844 0.428242 0.301282 0.427650 0.301259 0.423967 0.303373 0.420492 0.306748 0.418408
0 0.305688 0.547059 0.308521 0.546636 0.314057 0.548442 0.316425 0.550195 0.319101 0.554008 0.320155 0.557537 0.320747 0.557975 0.321078 0.563718 0.319556 0.567632 0.318242 0.569408 0.315305 0.570900 0.313244 0.571208 0.312806 0.571800 0.305518 0.572362 0.303303 0.571639 0.301527 0.570325 0.296406 0.564244 0.294737 0.556594 0.295305 0.553349 0.300871 0.548305 0.302417 0.548074 0.302855 0.547482
0 0.349365 0.425208 0.349957 0.425646 0.354079 0.425030 0.361314 0.427636 0.364274 0.429827 0.364505 0.431372 0.365097 0.431810 0.365943 0.437477 0.365505 0.438069 0.365374 0.440721 0.364498 0.441905 0.358263 0.445996 0.356203 0.446304 0.355611 0.445866 0.351490 0.446481 0.350382 0.446120 0.346238 0.443053 0.343716 0.440270 0.343331 0.437694 0.342662 0.436741 0.343101 0.436149 0.343154 0.432981 0.344753 0.429583 0.348335 0.425362
0 0.817336 0.462742 0.820426 0.462280 0.823233 0.463441 0.826193 0.465631 0.826708 0.465555 0.827969 0.466946 0.828200 0.468491 0.829538 0.470398 0.829846 0.472458 0.830438 0.472897 0.830076 0.474004 0.830461 0.476579 0.827394 0.480724 0.824534 0.482731 0.816292 0.483962 0.814078 0.483239 0.810525 0.480610 0.810010 0.480687 0.809341 0.479734 0.809187 0.478704 0.808595 0.478265 0.807672 0.472084 0.808110 0.471492 0.807879 0.469947 0.808679 0.468247 0.814245 0.463203
0 0.515921 0.577799 0.516513 0.578237 0.518573 0.577930 0.519165 0.578368 0.520196 0.578214 0.522564 0.579967 0.523902 0.581873 0.524133 0.583419 0.524725 0.583857 0.524956 0.585402 0.524517 0.585994 0.524825 0.588055 0.524464 0.589162 0.522273 0.592122 0.521320 0.592791 0.519259 0.593099 0.518821 0.593691 0.514700 0.594306 0.513593 0.593945 0.510041 0.591316 0.509525 0.591393 0.508264 0.590002 0.507649 0.585881 0.508087 0.585289 0.507933 0.584258 0.508294 0.583151 0.508810 0.583074 0.511877 0.578930 0.512830 0.578261
0 0.855602 0.468612 0.860753 0.467842 0.862967 0.468565 0.867112 0.471632 0.867573 0.474723 0.868165 0.475161 0.868627 0.478252 0.868189 0.478844 0.868343 0.479874 0.867466 0.481058 0.867620 0.482088 0.864553 0.486233 0.863600 0.486902 0.856388 0.487979 0.853066 0.486895 0.850106 0.484704 0.849952 0.483674 0.849360 0.483236 0.848283 0.476024 0.848721 0.475432 0.848567 0.474402 0.852073 0.469665 0.853026 0.468996
0 0.822761 0.435601 0.823353 0.436039 0.824975 0.436323 0.826751 0.437638 0.826905 0.438668 0.828758 0.440498 0.829220 0.443588 0.828782 0.444180 0.828936 0.445211 0.828497 0.445803 0.828728 0.447348 0.825584 0.450977 0.822493 0.451439 0.822055 0.452031 0.818964 0.452493 0.818372 0.452054 0.817857 0.452131 0.814897 0.449940 0.814743 0.448910 0.814151 0.448472 0.813997 0.447442 0.813405 0.447004 0.812790 0.442883 0.813666 0.441699 0.813589 0.441183 0.814750 0.438377 0.815265 0.438300 0.816141 0.437116 0.819747 0.436577 0.820185 0.435985
0 0.266149 0.723060 0.269497 0.722560 0.270089 0.722998 0.270604 0.722921 0.273488 0.724597 0.274233 0.726065 0.275418 0.726941 0.276187 0.732093 0.275749 0.732685 0.275980 0.734230 0.275541 0.734822 0.275618 0.735337 0.272551 0.739482 0.267915 0.740174 0.267323 0.739736 0.265262 0.740044 0.265186 0.739528 0.264001 0.738652 0.263924 0.738137 0.262071 0.736307 0.261918 0.735277 0.261325 0.734839 0.261172 0.733809 0.260580 0.733370 0.259887 0.728734 0.260687 0.727035 0.260533 0.726005 0.260971 0.725413 0.261486 0.725336 0.262800 0.723560
0 0.396892 0.694053 0.402043 0.693284 0.403819 0.694598 0.403896 0.695113 0.405157 0.696505 0.405773 0.700626 0.405335 0.701218 0.405050 0.702840 0.404174 0.704024 0.404251 0.704539 0.402860 0.705801 0.396163 0.706801 0.394979 0.705924 0.394233 0.704456 0.393049 0.703580 0.392972 0.703064 0.392380 0.702626 0.391841 0.699020 0.392279 0.698428 0.392202 0.697913 0.393079 0.696729 0.393002 0.696214 0.394316 0.694438
0 0.203557 0.534929 0.204149 0.535367 0.205179 0.535213 0.205771 0.535652 0.208501 0.536297 0.209685 0.537174 0.209993 0.539234 0.210585 0.539672 0.210816 0.541218 0.210378 0.541810 0.210685 0.543870 0.208056 0.547422 0.207541 0.547499 0.207103 0.548091 0.205557 0.548322 0.205119 0.548914 0.204604 0.548991 0.204012 0.548553 0.201952 0.548861 0.199583 0.547108 0.199068 0.547185 0.197884 0.546309 0.197423 0.543218 0.196831 0.542780 0.196754 0.542265 0.197192 0.541673 0.196961 0.540127 0.197399 0.539535 0.197322 0.539020 0.198637 0.537244 0.199152 0.537167 0.200543 0.535906 0.201574 0.535752 0.202012 0.535160
0 0.824114 0.659735 0.824706 0.660173 0.825736 0.660019 0.827435 0.660819 0.828465 0.660665 0.830680 0.661387 0.831864 0.662263 0.832687 0.664247 0.833279 0.664685 0.833433 0.665715 0.834025 0.666154 0.834563 0.669759 0.834125 0.670351 0.833995 0.673004 0.833118 0.674188 0.833195 0.674703 0.830335 0.676710 0.827322 0.677687 0.826883 0.678279 0.825776 0.677918 0.820548 0.678172 0.819364 0.677296 0.818849 0.677373 0.817588 0.675981 0.816611 0.672967 0.816019 0.672529 0.815327 0.667893 0.816772 0.663464 0.818163 0.662203 0.821177 0.661227 0.821615 0.660635 0.823160 0.660404 0.823599 0.659812
0 0.490271 0.453664 0.493104 0.453241 0.493696 0.453679 0.495242 0.453448 0.496349 0.453809 0.499309 0.456000 0.500132 0.457984 0.500724 0.458422 0.501032 0.460482 0.501624 0.460921 0.502162 0.464526 0.501724 0.465118 0.501517 0.467256 0.499764 0.469624 0.498811 0.470293 0.497265 0.470524 0.496827 0.471116 0.495282 0.471347 0.494844 0.471939 0.492783 0.472247 0.492345 0.472839 0.491315 0.472992 0.489100 0.472270 0.485625 0.470156 0.485110 0.470233 0.483772 0.468326 0.483464 0.466266 0.482872 0.465828 0.481949 0.459646 0.482310 0.458539 0.485016 0.455502 0.487000 0.454679 0.487438 0.454087
0 0.800512 0.678005 0.801104 0.678443 0.801619 0.678366 0.804064 0.680634 0.804218 0.681664 0.804810 0.682102 0.805041 0.683648 0.805633 0.684086 0.806095 0.687177 0.805656 0.687769 0.805810 0.688799 0.805372 0.689391 0.805449 0.689906 0.803258 0.692866 0.801713 0.693097 0.801121 0.692659 0.800090 0.692813 0.799498 0.692375 0.796846 0.692244 0.793294 0.689615 0.793063 0.688070 0.791802 0.686678 0.791263 0.683073 0.793454 0.680112 0.793969 0.680035 0.794407 0.679443 0.797498 0.678982 0.797936 0.678390
0 0.099189 0.640041 0.099781 0.640479 0.102357 0.640095 0.105317 0.642285 0.105394 0.642801 0.105986 0.643239 0.106140 0.644269 0.106732 0.644707 0.107578 0.650374 0.106264 0.652150 0.106341 0.652665 0.105464 0.653849 0.104949 0.653926 0.104511 0.654518 0.097299 0.655595 0.096707 0.655157 0.096630 0.654642 0.094262 0.652889 0.094031 0.651344 0.093439 0.650905 0.092901 0.647300 0.093339 0.646708 0.093108 0.645162 0.093546 0.644570 0.093831 0.642948 0.094707 0.641764 0.094630 0.641249 0.095145 0.641172 0.095583 0.640580
0 0.314957 0.632039 0.316142 0.632915 0.316657 0.632838 0.317841 0.633714 0.317918 0.634230 0.320878 0.636420 0.321494 0.640541 0.320333 0.643348 0.320487 0.644378 0.318734 0.646746 0.317704 0.646900 0.317266 0.647492 0.313145 0.648108 0.312553 0.647669 0.309977 0.648054 0.307609 0.646301 0.307455 0.645271 0.306863 0.644833 0.306709 0.643803 0.306117 0.643365 0.305501 0.639244 0.305940 0.638652 0.306224 0.637029 0.307100 0.635845 0.307023 0.635330 0.307538 0.635253 0.308415 0.634069 0.309960 0.633838 0.310398 0.633246 0.312459 0.632938 0.312897 0.632346
0 0.448936 0.700499 0.449528 0.700937 0.450558 0.700783 0.451150 0.701221 0.451665 0.701144 0.451742 0.701659 0.454188 0.703927 0.454264 0.704442 0.454856 0.704880 0.455395 0.708486 0.454957 0.709078 0.454311 0.711808 0.452997 0.713584 0.452482 0.713661 0.450652 0.715514 0.448076 0.715899 0.447484 0.715460 0.445424 0.715768 0.444832 0.715330 0.443286 0.715561 0.443209 0.715046 0.441433 0.713731 0.441126 0.711671 0.440534 0.711232 0.440303 0.709687 0.440741 0.709095 0.440587 0.708065 0.441025 0.707473 0.440871 0.706443 0.441310 0.705850 0.441233 0.705335 0.443939 0.702298 0.444969 0.702144 0.446360 0.700883
0 0.569004 0.406095 0.572352 0.405595 0.572944 0.406033 0.573459 0.405956 0.574051 0.406394 0.574128 0.406909 0.575904 0.408224 0.575981 0.408739 0.577242 0.410131 0.577396 0.411161 0.577988 0.411599 0.578373 0.414175 0.577935 0.414767 0.578089 0.415797 0.577651 0.416389 0.577727 0.416904 0.575975 0.419272 0.576052 0.419787 0.574660 0.421048 0.568479 0.421972 0.567887 0.421533 0.567372 0.421610 0.564411 0.419419 0.564334 0.418904 0.563073 0.417513 0.562535 0.413907 0.562973 0.413315 0.563103 0.410662 0.564341 0.408371 0.564264 0.407856 0.564779 0.407779 0.565656 0.406595
0 0.102469 0.461030 0.103061 0.461468 0.104092 0.461314 0.104684 0.461753 0.105199 0.461676 0.108674 0.463790 0.108751 0.464305 0.109343 0.464743 0.110036 0.469379 0.109597 0.469971 0.109828 0.471516 0.108514 0.473293 0.107999 0.473370 0.107560 0.473962 0.106530 0.474116 0.106092 0.474708 0.104547 0.474938 0.104108 0.475530 0.102048 0.475838 0.101456 0.475400 0.100426 0.475554 0.099834 0.475116 0.099319 0.475193 0.096950 0.473440 0.096796 0.472410 0.096204 0.471972 0.095743 0.468881 0.096542 0.467182 0.096388 0.466151 0.099894 0.461415
0 0.451560 0.499468 0.452152 0.499906 0.453183 0.499752 0.453775 0.500190 0.455397 0.500475 0.458357 0.502666 0.458511 0.503696 0.459103 0.504134 0.459565 0.507225 0.459127 0.507817 0.458996 0.510469 0.456367 0.514022 0.455852 0.514099 0.455414 0.514691 0.454384 0.514845 0.453945 0.515437 0.450855 0.515898 0.450263 0.515460 0.449232 0.515614 0.448640 0.515176 0.448125 0.515253 0.444058 0.512700 0.443827 0.511155 0.443235 0.510717 0.442466 0.505566 0.442904 0.504974 0.442827 0.504459 0.445018 0.501498 0.446048 0.501344 0.446486 0.500752 0.448031 0.500522 0.448470 0.499930
0 0.773887 0.302295 0.774479 0.302733 0.777055 0.302349 0.778162 0.302710 0.781122 0.304901 0.783206 0.308276 0.783668 0.311367 0.784260 0.311805 0.783845 0.316080 0.782969 0.317264 0.783046 0.317779 0.780340 0.320816 0.778279 0.321124 0.777841 0.321716 0.773205 0.322408 0.772613 0.321970 0.771583 0.322124 0.768699 0.320448 0.766485 0.319726 0.765147 0.317819 0.764839 0.315759 0.764247 0.315321 0.764685 0.314728 0.764147 0.311123 0.764585 0.310531 0.764792 0.308393 0.766545 0.306025 0.770281 0.302834
0 0.195269 0.609893 0.195861 0.610331 0.197921 0.610023 0.198513 0.610461 0.199544 0.610307 0.200136 0.610745 0.200651 0.610669 0.201835 0.611545 0.201912 0.612060 0.203173 0.613452 0.203942 0.618603 0.203504 0.619195 0.203658 0.620225 0.203220 0.620817 0.203374 0.621847 0.202936 0.622439 0.203012 0.622955 0.202136 0.624139 0.201621 0.624216 0.200230 0.625477 0.198684 0.625707 0.198246 0.626300 0.196185 0.626607 0.195593 0.626169 0.194048 0.626400 0.190573 0.624286 0.190058 0.624363 0.189904 0.623333 0.189312 0.622894 0.189004 0.620834 0.188412 0.620396 0.188181 0.618850 0.188619 0.618258 0.188234 0.615683 0.188673 0.615091 0.188519 0.614060 0.189395 0.612876 0.189910 0.612799 0.192255 0.610869 0.193800 0.610638 0.194239 0.610046
0 0.306571 0.575891 0.307163 0.576329 0.308194 0.576175 0.308786 0.576613 0.309301 0.576536 0.313368 0.579088 0.313445 0.579603 0.314037 0.580042 0.314576 0.583647 0.314138 0.584239 0.314368 0.585785 0.313930 0.586377 0.314084 0.587407 0.311378 0.590444 0.310863 0.590521 0.310425 0.591113 0.308879 0.591344 0.308441 0.591936 0.307926 0.592013 0.307334 0.591575 0.305789 0.591806 0.305197 0.591368 0.304166 0.591522 0.303574 0.591083 0.301952 0.590799 0.299584 0.589046 0.299353 0.587501 0.298761 0.587063 0.297992 0.581912 0.298430 0.581319 0.298714 0.579697 0.299590 0.578513 0.299514 0.577998 0.300544 0.577844 0.300982 0.577252 0.304073 0.576790 0.304511 0.576198
0 0.678560 0.404477 0.679152 0.404915 0.682243 0.404454 0.682835 0.404892 0.683350 0.404815 0.686311 0.407006 0.686388 0.407521 0.686980 0.407959 0.687903 0.414140 0.685274 0.417693 0.684759 0.417770 0.684321 0.418362 0.679684 0.419054 0.679092 0.418616 0.677547 0.418847 0.675771 0.417532 0.675694 0.417017 0.674433 0.415626 0.674125 0.413565 0.673533 0.413127 0.673456 0.412612 0.673894 0.412020 0.673663 0.410474 0.674102 0.409882 0.673948 0.408852 0.674386 0.408260 0.674670 0.406638 0.675985 0.404862
0 0.334552 0.678613 0.335144 0.679052 0.336767 0.679336 0.339727 0.681527 0.339804 0.682042 0.341734 0.684387 0.341888 0.685417 0.341450 0.686009 0.341319 0.688661 0.340443 0.689846 0.340520 0.690361 0.339643 0.691545 0.339720 0.692060 0.337891 0.693913 0.336861 0.694067 0.336422 0.694659 0.335907 0.694736 0.335315 0.694298 0.331194 0.694913 0.328903 0.693676 0.328826 0.693161 0.327565 0.691769 0.327411 0.690739 0.326819 0.690301 0.327257 0.689709 0.326796 0.686618 0.327234 0.686026 0.327879 0.683296 0.328756 0.682112 0.329271 0.682035 0.329709 0.681443 0.330739 0.681289 0.334037 0.678690
0 0.358666 0.624984 0.364794 0.627228 0.367754 0.629419 0.368577 0.631403 0.369169 0.631841 0.369323 0.632871 0.369915 0.633309 0.369477 0.633901 0.369500 0.637584 0.368778 0.639798 0.367463 0.641575 0.366433 0.641729 0.365041 0.642990 0.364011 0.643143 0.362104 0.644481 0.358937 0.644428 0.358345 0.643990 0.357314 0.644144 0.353478 0.643137 0.350441 0.640431 0.349671 0.635280 0.350109 0.634688 0.349802 0.632627 0.350808 0.628790 0.352638 0.626937 0.358228 0.625576
0 0.303407 0.489473 0.306240 0.489049 0.309200 0.491240 0.309277 0.491755 0.310461 0.492632 0.311076 0.496753 0.310638 0.497345 0.310792 0.498375 0.310354 0.498967 0.310508 0.499997 0.307725 0.502519 0.306180 0.502750 0.305588 0.502312 0.301467 0.502928 0.299690 0.501613 0.299613 0.501098 0.299021 0.500660 0.298791 0.499114 0.298198 0.498676 0.297660 0.495070 0.298098 0.494478 0.298382 0.492856 0.299259 0.491672 0.299182 0.491157 0.300573 0.489896
0 0.622242 0.478715 0.626387 0.481782 0.626694 0.483843 0.626256 0.484435 0.626564 0.486495 0.626126 0.487087 0.626357 0.488633 0.625918 0.489225 0.625995 0.489740 0.624243 0.492108 0.620637 0.492646 0.620045 0.492208 0.617984 0.492516 0.616800 0.491640 0.616569 0.490094 0.615977 0.489656 0.615823 0.488626 0.615231 0.488188 0.614770 0.485097 0.615208 0.484505 0.615054 0.483475 0.615492 0.482883 0.615338 0.481852 0.615777 0.481260 0.615700 0.480745 0.616730 0.480591 0.617168 0.479999 0.619228 0.479692 0.619667 0.479100
0 0.185527 0.456524 0.186119 0.456962 0.187665 0.456731 0.188257 0.457170 0.190909 0.457300 0.193355 0.459568 0.193432 0.460083 0.195362 0.462428 0.194923 0.463020 0.195308 0.465595 0.194870 0.466188 0.194224 0.468917 0.192910 0.470693 0.191880 0.470847 0.191441 0.471439 0.188866 0.471824 0.188428 0.472416 0.186367 0.472724 0.185775 0.472285 0.184153 0.472001 0.182969 0.471125 0.182892 0.470610 0.179339 0.467980 0.178801 0.464375 0.179239 0.463783 0.179162 0.463267 0.180477 0.461491 0.180400 0.460976 0.183029 0.457424 0.183544 0.457347 0.183982 0.456755
0 0.396241 0.418206 0.396833 0.418645 0.399409 0.418260 0.402369 0.420451 0.402523 0.421481 0.403115 0.421919 0.403731 0.426040 0.403293 0.426632 0.403446 0.427662 0.401694 0.430031 0.401179 0.430108 0.400740 0.430700 0.394044 0.431700 0.391676 0.429947 0.391522 0.428917 0.390930 0.428479 0.390622 0.426418 0.390030 0.425980 0.389953 0.425465 0.390391 0.424873 0.390083 0.422812 0.390522 0.422220 0.390445 0.421705 0.391321 0.420521 0.391244 0.420006 0.392635 0.418745
0 0.620228 0.405290 0.620820 0.405728 0.622881 0.405421 0.623988 0.405782 0.627025 0.408488 0.627179 0.409518 0.627771 0.409956 0.628079 0.412017 0.628671 0.412455 0.628233 0.413047 0.628694 0.416138 0.627895 0.417837 0.628049 0.418867 0.626296 0.421235 0.624828 0.421981 0.623513 0.423758 0.622483 0.423911 0.622045 0.424503 0.617924 0.425119 0.617332 0.424681 0.616301 0.424835 0.614087 0.424112 0.612234 0.422283 0.612003 0.420737 0.611411 0.420299 0.610488 0.414118 0.610926 0.413525 0.610618 0.411465 0.611341 0.409251 0.616107 0.405906
0 0.859729 0.376365 0.861943 0.377087 0.866679 0.380593 0.866833 0.381623 0.867425 0.382061 0.868195 0.387213 0.867833 0.388320 0.866880 0.388989 0.866004 0.390173 0.866081 0.390688 0.864689 0.391949 0.863659 0.392103 0.863221 0.392695 0.854979 0.393926 0.852688 0.392688 0.850681 0.389828 0.850527 0.388798 0.849189 0.386892 0.848958 0.385346 0.850042 0.382025 0.852156 0.378549 0.853109 0.377880 0.855170 0.377573 0.855608 0.376980
0 0.427183 0.604218 0.427775 0.604656 0.429321 0.604425 0.432642 0.605509 0.436271 0.608653 0.436502 0.610199 0.437840 0.612105 0.437402 0.612697 0.437787 0.615273 0.436549 0.617564 0.436626 0.618079 0.434796 0.619933 0.433766 0.620086 0.433328 0.620678 0.431783 0.620909 0.431344 0.621501 0.426708 0.622194 0.426116 0.621756 0.423464 0.621625 0.422280 0.620749 0.420942 0.618842 0.420711 0.617297 0.420119 0.616859 0.419657 0.613768 0.420095 0.613176 0.419788 0.611115 0.420871 0.607794 0.423216 0.605864 0.424246 0.605710 0.424685 0.605118 0.426230 0.604887 0.426668 0.604295
0 0.527035 0.391299 0.527627 0.391737 0.530203 0.391352 0.531310 0.391714 0.534270 0.393905 0.537769 0.399701 0.538384 0.403822 0.537585 0.405522 0.537377 0.407659 0.534156 0.410773 0.528490 0.411619 0.528052 0.412211 0.527460 0.411773 0.521640 0.411589 0.519271 0.409837 0.518525 0.408368 0.517341 0.407492 0.517110 0.405946 0.516518 0.405508 0.516187 0.399765 0.517786 0.396367 0.519616 0.394513 0.521522 0.393175 0.522553 0.393022 0.523944 0.391761
0 0.347126 0.709912 0.347718 0.710350 0.348749 0.710196 0.349341 0.710634 0.350963 0.710919 0.352739 0.712233 0.352816 0.712748 0.353408 0.713187 0.353562 0.714217 0.354154 0.714655 0.354846 0.719291 0.354408 0.719883 0.354124 0.721505 0.353248 0.722689 0.352217 0.722843 0.351779 0.723435 0.349719 0.723743 0.349280 0.724335 0.346705 0.724720 0.346113 0.724282 0.345598 0.724359 0.343229 0.722606 0.343153 0.722091 0.341968 0.721214 0.341276 0.716578 0.341714 0.715986 0.341406 0.713926 0.343597 0.710966 0.344112 0.710889 0.344551 0.710297
0 0.122786 0.343195 0.127214 0.344640 0.130844 0.347784 0.131075 0.349329 0.131667 0.349767 0.132282 0.353888 0.131844 0.354480 0.131998 0.355511 0.130245 0.357879 0.130322 0.358394 0.128054 0.360839 0.127024 0.360993 0.125117 0.362331 0.124087 0.362485 0.123495 0.362047 0.118859 0.362739 0.115384 0.360625 0.113377 0.357765 0.112761 0.353644 0.113199 0.353052 0.112968 0.351507 0.113691 0.349293 0.115805 0.345817 0.116758 0.345148 0.118304 0.344917 0.118742 0.344325 0.120287 0.344094 0.120725 0.343502
0 0.412059 0.368976 0.412651 0.369414 0.413166 0.369337 0.415535 0.371090 0.415919 0.373665 0.416511 0.374103 0.416588 0.374618 0.416150 0.375210 0.416612 0.378301 0.415735 0.379485 0.415812 0.380000 0.414498 0.381777 0.413983 0.381854 0.413544 0.382446 0.406333 0.383523 0.405149 0.382646 0.405072 0.382131 0.403811 0.380740 0.403503 0.378679 0.402911 0.378241 0.402680 0.376696 0.403480 0.374997 0.403326 0.373966 0.403764 0.373374 0.403687 0.372859 0.405001 0.371083 0.406032 0.370929 0.406470 0.370337 0.409045 0.369952 0.409484 0.369360
0 0.089712 0.516650 0.090304 0.517088 0.091334 0.516934 0.091926 0.517372 0.093549 0.517657 0.095402 0.519486 0.095479 0.520001 0.096663 0.520878 0.097202 0.524484 0.096402 0.526183 0.096556 0.527213 0.095757 0.528912 0.095241 0.528989 0.094365 0.530173 0.093850 0.530250 0.092458 0.531511 0.087822 0.532204 0.087230 0.531766 0.085170 0.532073 0.083394 0.530759 0.083317 0.530244 0.082725 0.529806 0.082494 0.528260 0.081902 0.527822 0.081209 0.523186 0.082447 0.520895 0.082370 0.520380 0.083685 0.518603 0.085230 0.518373 0.085668 0.517780 0.088759 0.517319 0.089197 0.516727
0 0.592492 0.364144 0.594191 0.364944 0.595221 0.364790 0.597436 0.365512 0.598620 0.366389 0.600627 0.369249 0.601526 0.371747 0.602118 0.372185 0.603249 0.376229 0.602088 0.379036 0.600774 0.380812 0.598713 0.381120 0.598275 0.381712 0.596215 0.382020 0.595777 0.382612 0.587973 0.383251 0.585681 0.382013 0.584343 0.380106 0.584190 0.379076 0.583598 0.378638 0.582905 0.374002 0.583343 0.373410 0.583113 0.371864 0.584273 0.369058 0.586026 0.366690 0.589040 0.365713 0.590946 0.364375
0 0.197456 0.490552 0.198048 0.490990 0.199078 0.490836 0.199670 0.491274 0.200185 0.491198 0.201961 0.492512 0.202476 0.492435 0.203737 0.493827 0.203968 0.495372 0.204560 0.495810 0.205022 0.498901 0.204584 0.499493 0.204815 0.501038 0.204376 0.501630 0.204453 0.502145 0.200202 0.505413 0.197111 0.505875 0.196519 0.505437 0.196004 0.505514 0.194228 0.504199 0.194151 0.503684 0.192967 0.502808 0.192890 0.502293 0.190960 0.499948 0.190729 0.498403 0.191167 0.497811 0.191013 0.496780 0.191452 0.496188 0.191375 0.495673 0.194004 0.492121 0.193927 0.491606 0.194442 0.491529 0.194880 0.490937
0 0.510523 0.273698 0.514129 0.273159 0.515313 0.274036 0.515829 0.273959 0.517605 0.275273 0.517682 0.275788 0.518274 0.276227 0.518428 0.277257 0.519020 0.277695 0.519173 0.278725 0.519766 0.279163 0.519327 0.279755 0.519712 0.282331 0.519274 0.282923 0.519351 0.283438 0.517160 0.286398 0.516645 0.286475 0.515253 0.287736 0.508557 0.288737 0.506265 0.287499 0.506189 0.286984 0.504335 0.285154 0.504105 0.283609 0.503513 0.283171 0.503205 0.281110 0.503643 0.280518 0.504288 0.277789 0.505165 0.276605 0.505088 0.276089 0.505603 0.276013 0.506918 0.274236
0 0.894058 0.377030 0.894650 0.377469 0.898771 0.376853 0.902092 0.377937 0.905798 0.381596 0.906260 0.384687 0.906852 0.385125 0.906414 0.385717 0.906876 0.388808 0.903885 0.393467 0.901025 0.395474 0.894329 0.396475 0.891007 0.395391 0.887455 0.392762 0.886786 0.391808 0.886170 0.387687 0.886609 0.387095 0.886301 0.385035 0.887023 0.382820 0.889137 0.379345 0.891997 0.377338
0 0.622053 0.738362 0.622645 0.738800 0.627358 0.738623 0.629573 0.739345 0.633717 0.742413 0.635724 0.745273 0.635878 0.746303 0.636470 0.746741 0.636109 0.747848 0.636494 0.750424 0.634818 0.753307 0.634895 0.753822 0.634380 0.753899 0.633503 0.755083 0.632473 0.755237 0.632035 0.755829 0.623793 0.757060 0.620471 0.755976 0.616919 0.753347 0.615942 0.750334 0.615350 0.749895 0.614735 0.745775 0.615173 0.745182 0.615303 0.742530 0.617133 0.740677 0.618163 0.740523 0.620070 0.739185 0.621615 0.738954
0 0.854728 0.342882 0.860264 0.344688 0.863224 0.346879 0.864047 0.348863 0.864639 0.349301 0.864793 0.350331 0.865385 0.350769 0.865770 0.353345 0.865331 0.353937 0.865562 0.355483 0.865201 0.356590 0.863010 0.359550 0.861980 0.359704 0.861542 0.360296 0.859481 0.360604 0.859043 0.361196 0.855952 0.361657 0.855360 0.361219 0.851085 0.360804 0.848640 0.358537 0.847971 0.357583 0.847663 0.355523 0.847071 0.355085 0.846687 0.352509 0.847125 0.351917 0.846894 0.350372 0.847332 0.349780 0.847178 0.348749 0.847901 0.346535 0.848777 0.345351 0.851791 0.344374 0.852229 0.343782 0.853774 0.343551 0.854213 0.342959
0 0.235900 0.582233 0.236492 0.582671 0.242312 0.582855 0.246456 0.585922 0.247871 0.588344 0.249055 0.589220 0.249440 0.591796 0.250032 0.592234 0.248948 0.595556 0.249102 0.596586 0.247865 0.598877 0.248018 0.599908 0.245828 0.602868 0.241784 0.603999 0.241345 0.604591 0.238255 0.605052 0.236555 0.604253 0.231688 0.603400 0.226875 0.599379 0.225721 0.591652 0.226159 0.591060 0.225851 0.589000 0.229357 0.584264 0.234946 0.582902 0.235384 0.582310
0 0.868000 0.287186 0.868592 0.287624 0.872198 0.287085 0.873305 0.287446 0.876266 0.289637 0.878941 0.293451 0.879634 0.298087 0.878757 0.299271 0.878112 0.302000 0.874814 0.304599 0.868117 0.305599 0.867525 0.305161 0.866495 0.305315 0.864281 0.304593 0.862505 0.303278 0.862428 0.302763 0.860574 0.300933 0.859805 0.295782 0.860243 0.295190 0.860089 0.294160 0.863518 0.288908 0.865425 0.287570
0 0.233465 0.685812 0.238924 0.687103 0.241292 0.688856 0.243968 0.692669 0.245253 0.697744 0.244400 0.702610 0.240894 0.707347 0.236489 0.709585 0.234429 0.709892 0.233837 0.709454 0.232291 0.709685 0.229047 0.709117 0.225494 0.706487 0.222664 0.701644 0.221741 0.695463 0.222618 0.694278 0.223263 0.691549 0.225454 0.688589 0.226999 0.688358 0.230374 0.686274
0 0.553488 0.670664 0.554080 0.671103 0.556141 0.670795 0.556733 0.671233 0.558278 0.671002 0.558870 0.671440 0.559386 0.671363 0.561754 0.673116 0.561908 0.674146 0.562500 0.674585 0.562730 0.676130 0.563323 0.676568 0.563707 0.679144 0.563269 0.679736 0.563500 0.681281 0.563062 0.681873 0.563139 0.682388 0.562262 0.683572 0.562339 0.684088 0.560948 0.685349 0.559402 0.685579 0.558964 0.686171 0.554843 0.686787 0.554251 0.686349 0.552629 0.686064 0.552037 0.685626 0.551960 0.685111 0.549000 0.682920 0.548538 0.679829 0.547946 0.679391 0.549107 0.676585 0.548953 0.675555 0.551144 0.672594 0.551659 0.672517 0.552535 0.671333 0.553050 0.671256
0 0.342376 0.646375 0.342968 0.646813 0.347166 0.646713 0.349380 0.647435 0.352933 0.650064 0.353602 0.651017 0.353832 0.652563 0.354425 0.653001 0.355117 0.657637 0.354679 0.658229 0.354910 0.659775 0.354548 0.660882 0.352357 0.663842 0.350451 0.665180 0.348905 0.665411 0.348467 0.666003 0.343316 0.666772 0.342724 0.666334 0.341179 0.666565 0.338449 0.665919 0.336158 0.664682 0.334820 0.662775 0.334589 0.661230 0.333997 0.660792 0.333458 0.657186 0.334750 0.651727 0.337456 0.648690 0.338486 0.648536 0.340392 0.647198 0.341938 0.646967
0 0.761781 0.714860 0.765103 0.715943 0.769247 0.719011 0.769916 0.719964 0.770147 0.721509 0.770739 0.721947 0.771277 0.725553 0.771870 0.725992 0.771431 0.726584 0.771662 0.728129 0.771224 0.728721 0.771378 0.729751 0.769625 0.732120 0.768595 0.732273 0.766765 0.734126 0.765735 0.734280 0.765297 0.734872 0.759630 0.735719 0.759038 0.735281 0.756978 0.735588 0.755279 0.734789 0.752834 0.732521 0.752603 0.730976 0.751188 0.728554 0.750418 0.723403 0.751502 0.720081 0.753693 0.717121 0.754723 0.716967 0.755162 0.716375 0.758767 0.715836 0.759205 0.715244
0 0.569352 0.466603 0.569944 0.467041 0.570459 0.466964 0.571643 0.467841 0.572158 0.467764 0.572751 0.468202 0.572827 0.468717 0.574012 0.469593 0.574089 0.470109 0.575273 0.470985 0.575734 0.474076 0.575296 0.474668 0.575373 0.475183 0.574058 0.476959 0.573543 0.477036 0.572667 0.478220 0.572152 0.478297 0.571714 0.478889 0.566563 0.479658 0.565970 0.479220 0.564425 0.479451 0.562649 0.478137 0.562572 0.477621 0.561980 0.477183 0.561288 0.472547 0.561726 0.471955 0.561572 0.470925 0.562010 0.470333 0.561856 0.469303 0.562294 0.468711 0.563325 0.468557 0.563763 0.467965 0.565823 0.467657 0.566261 0.467065
0 0.710352 0.631437 0.710944 0.631875 0.712566 0.632160 0.714343 0.633474 0.714420 0.633989 0.716350 0.636334 0.716734 0.638910 0.716296 0.639502 0.716320 0.643185 0.715005 0.644961 0.714490 0.645038 0.712145 0.646968 0.708539 0.647506 0.707947 0.647068 0.705372 0.647453 0.704780 0.647015 0.704265 0.647092 0.701896 0.645339 0.701512 0.642763 0.700920 0.642325 0.700304 0.638204 0.701619 0.636428 0.701542 0.635913 0.702856 0.634137 0.702779 0.633622 0.703294 0.633545 0.703733 0.632953 0.706823 0.632491 0.707262 0.631899
0 0.657567 0.369696 0.658159 0.370135 0.660735 0.369750 0.661327 0.370188 0.664418 0.369727 0.665010 0.370165 0.670907 0.370864 0.673790 0.372540 0.674459 0.373493 0.674767 0.375553 0.675359 0.375992 0.674921 0.376584 0.674944 0.380266 0.673423 0.384180 0.671078 0.386110 0.670047 0.386264 0.668656 0.387525 0.667111 0.387756 0.666157 0.388425 0.665565 0.387987 0.660414 0.388756 0.658200 0.388033 0.655832 0.386281 0.655009 0.384297 0.653748 0.382906 0.652978 0.377754 0.653416 0.377162 0.653186 0.375617 0.653985 0.373918 0.656176 0.370958 0.656691 0.370881
0 0.694734 0.526868 0.695326 0.527306 0.696871 0.527075 0.697464 0.527514 0.699601 0.527721 0.703153 0.530350 0.704491 0.532257 0.705107 0.536378 0.704669 0.536970 0.704538 0.539622 0.701909 0.543175 0.699925 0.543997 0.699487 0.544590 0.697942 0.544820 0.697504 0.545412 0.696473 0.545566 0.695881 0.545128 0.693821 0.545436 0.693229 0.544998 0.691092 0.544790 0.688131 0.542599 0.687462 0.541646 0.687154 0.539586 0.686562 0.539147 0.686385 0.534434 0.686823 0.533842 0.686669 0.532812 0.687392 0.530598 0.690252 0.528591 0.692751 0.527691 0.693189 0.527099
0 0.514962 0.751197 0.515554 0.751635 0.518130 0.751251 0.518722 0.751689 0.519752 0.751535 0.523973 0.755117 0.524642 0.756071 0.524873 0.757616 0.525465 0.758054 0.526234 0.763206 0.525796 0.763798 0.525666 0.766450 0.522445 0.769564 0.515310 0.771156 0.513611 0.770357 0.512580 0.770511 0.509697 0.768835 0.508359 0.766929 0.508205 0.765898 0.507613 0.765460 0.506844 0.760309 0.507282 0.759717 0.507051 0.758171 0.507774 0.755957 0.508289 0.755880 0.508650 0.754773 0.509165 0.754696 0.510042 0.753512 0.511948 0.752174 0.512978 0.752020 0.513417 0.751428
0 0.741598 0.703129 0.742190 0.703567 0.743220 0.703413 0.745434 0.704136 0.746619 0.705012 0.748625 0.707872 0.748933 0.709933 0.749525 0.710371 0.749679 0.711401 0.748157 0.715315 0.747642 0.715392 0.746766 0.716576 0.745297 0.717322 0.744421 0.718506 0.742514 0.719844 0.735587 0.719299 0.733811 0.717984 0.733296 0.718061 0.732035 0.716669 0.731419 0.712549 0.731857 0.711956 0.731550 0.709896 0.731911 0.708789 0.734025 0.705313 0.734978 0.704644 0.736523 0.704414 0.736962 0.703822
0 0.452872 0.543507 0.453464 0.543945 0.456555 0.543484 0.457662 0.543845 0.462913 0.547274 0.464251 0.549180 0.465021 0.554331 0.464298 0.556546 0.460870 0.561797 0.458886 0.562620 0.458448 0.563212 0.452782 0.564059 0.452190 0.563620 0.451159 0.563774 0.448945 0.563052 0.447530 0.560630 0.446346 0.559754 0.446038 0.557693 0.445446 0.557255 0.444523 0.551074 0.444961 0.550482 0.444730 0.548936 0.445246 0.548859 0.446998 0.546491 0.447513 0.546414 0.449781 0.543969
0 0.282765 0.550483 0.283357 0.550921 0.284980 0.551205 0.289124 0.554272 0.289278 0.555303 0.289870 0.555741 0.290562 0.560377 0.290124 0.560969 0.290201 0.561484 0.288087 0.564960 0.287572 0.565036 0.287134 0.565628 0.286104 0.565782 0.285665 0.566374 0.284120 0.566605 0.283528 0.566167 0.281468 0.566475 0.280876 0.566037 0.279845 0.566190 0.279253 0.565752 0.278738 0.565829 0.276370 0.564076 0.276293 0.563561 0.275701 0.563123 0.275085 0.559002 0.275885 0.557303 0.275731 0.556273 0.276169 0.555681 0.276092 0.555166 0.276969 0.553981 0.277484 0.553905 0.277922 0.553312 0.278952 0.553159 0.282250 0.550560
0 0.722445 0.321037 0.723038 0.321475 0.723553 0.321399 0.726590 0.324105 0.727051 0.327195 0.727644 0.327634 0.728182 0.331239 0.727744 0.331831 0.727821 0.332346 0.726068 0.334715 0.725553 0.334792 0.724162 0.336053 0.721586 0.336437 0.721148 0.337029 0.717027 0.337645 0.714735 0.336407 0.714659 0.335892 0.713398 0.334501 0.713244 0.333470 0.712652 0.333032 0.712344 0.330972 0.711752 0.330534 0.712190 0.329942 0.711959 0.328396 0.712397 0.327804 0.712243 0.326774 0.712682 0.326182 0.712605 0.325667 0.713481 0.324483 0.713996 0.324406 0.715826 0.322553 0.718401 0.322168 0.718840 0.321576
0 0.340485 0.499733 0.341077 0.500171 0.343807 0.500817 0.346098 0.502054 0.346252 0.503084 0.346844 0.503523 0.347613 0.508674 0.347175 0.509266 0.346891 0.510888 0.346014 0.512072 0.346091 0.512587 0.345576 0.512664 0.345138 0.513256 0.344108 0.513410 0.343670 0.514002 0.339549 0.514618 0.338957 0.514180 0.336896 0.514487 0.336304 0.514049 0.335789 0.514126 0.333421 0.512373 0.333344 0.511858 0.332752 0.511420 0.332521 0.509875 0.331929 0.509437 0.331621 0.507376 0.332859 0.505085 0.332782 0.504570 0.333658 0.503386 0.333581 0.502870 0.334096 0.502794 0.334535 0.502201 0.335565 0.502048 0.336003 0.501456 0.337033 0.501302 0.337471 0.500710 0.338502 0.500556 0.338940 0.499964
0 0.048183 0.704007 0.048775 0.704445 0.051504 0.705090 0.053357 0.706920 0.053434 0.707435 0.054695 0.708827 0.054926 0.710372 0.055518 0.710810 0.055826 0.712871 0.055388 0.713463 0.054742 0.716192 0.053428 0.717968 0.052913 0.718045 0.052474 0.718637 0.051444 0.718791 0.051006 0.719383 0.049461 0.719614 0.049022 0.720206 0.048507 0.720283 0.047915 0.719845 0.046370 0.720076 0.045778 0.719638 0.044155 0.719353 0.042379 0.718039 0.042302 0.717524 0.041710 0.717085 0.041556 0.716055 0.040964 0.715617 0.040657 0.713556 0.041095 0.712964 0.040710 0.710389 0.041586 0.709205 0.041510 0.708690 0.042309 0.706990 0.042824 0.706913 0.043700 0.705729 0.044216 0.705652 0.045607 0.704391
0 0.112808 0.442108 0.117960 0.441338 0.122619 0.444329 0.122696 0.444844 0.123880 0.445720 0.125218 0.447627 0.125526 0.449687 0.126118 0.450126 0.126272 0.451156 0.125188 0.454477 0.121967 0.457591 0.120937 0.457745 0.120499 0.458337 0.115862 0.459030 0.115270 0.458592 0.113210 0.458899 0.109811 0.457301 0.109142 0.456347 0.108989 0.455317 0.108397 0.454879 0.107396 0.448182 0.107835 0.447590 0.107681 0.446560 0.108042 0.445453 0.110233 0.442492
0 0.790208 0.517348 0.792423 0.518070 0.797236 0.522091 0.798213 0.525105 0.798805 0.525543 0.798367 0.526135 0.798828 0.529226 0.797952 0.530410 0.798029 0.530925 0.795838 0.533885 0.793932 0.535223 0.792901 0.535377 0.792463 0.535969 0.791871 0.535531 0.786128 0.535862 0.783913 0.535140 0.780284 0.531995 0.780130 0.530965 0.779538 0.530527 0.779077 0.527436 0.779876 0.525737 0.779722 0.524707 0.783589 0.518863 0.786680 0.518401 0.787118 0.517809
0 0.202418 0.749430 0.206847 0.750875 0.208984 0.751082 0.210760 0.752397 0.212690 0.754741 0.212998 0.756802 0.213590 0.757240 0.214359 0.762391 0.213921 0.762983 0.213791 0.765636 0.211600 0.768596 0.209255 0.770526 0.208225 0.770680 0.206318 0.772018 0.204258 0.772326 0.203666 0.771888 0.201605 0.772195 0.201013 0.771757 0.198361 0.771627 0.198284 0.771112 0.196508 0.769797 0.195685 0.767814 0.194424 0.766422 0.194270 0.765392 0.193678 0.764954 0.193139 0.761348 0.193577 0.760756 0.193631 0.757588 0.194507 0.756404 0.194791 0.754782 0.196544 0.752414 0.200511 0.750768 0.201903 0.749507
0 0.574771 0.531093 0.578377 0.530555 0.578969 0.530993 0.579484 0.530916 0.580668 0.531793 0.581184 0.531716 0.581776 0.532154 0.581852 0.532669 0.583114 0.534060 0.583268 0.535091 0.583860 0.535529 0.583936 0.536044 0.583498 0.536636 0.583883 0.539212 0.583007 0.540396 0.583160 0.541426 0.582722 0.542018 0.582799 0.542533 0.580454 0.544463 0.577879 0.544848 0.577287 0.544410 0.574196 0.544871 0.573604 0.544433 0.572574 0.544587 0.571390 0.543711 0.571313 0.543195 0.570052 0.541804 0.569282 0.536653 0.569721 0.536061 0.569413 0.534000 0.571165 0.531632
0 0.545047 0.333841 0.548395 0.333341 0.548987 0.333779 0.549064 0.334294 0.550325 0.335686 0.550479 0.336716 0.551071 0.337154 0.551533 0.340245 0.551095 0.340837 0.551172 0.341352 0.550733 0.341944 0.550810 0.342459 0.549934 0.343643 0.546328 0.344182 0.545890 0.344774 0.543829 0.345082 0.542053 0.343767 0.541976 0.343252 0.540792 0.342376 0.540715 0.341861 0.540123 0.341422 0.540561 0.340830 0.540100 0.337740 0.541699 0.334341
0 0.838562 0.453252 0.839154 0.453690 0.840700 0.453459 0.841292 0.453897 0.842837 0.453666 0.843429 0.454105 0.844460 0.453951 0.847420 0.456142 0.847728 0.458202 0.848320 0.458640 0.848781 0.461731 0.848343 0.462323 0.848497 0.463353 0.848059 0.463945 0.848136 0.464461 0.845430 0.467498 0.844915 0.467575 0.844476 0.468167 0.843446 0.468321 0.843008 0.468913 0.841463 0.469144 0.841024 0.469736 0.840509 0.469813 0.839917 0.469374 0.838887 0.469528 0.838295 0.469090 0.836673 0.468806 0.835258 0.466384 0.834074 0.465508 0.833381 0.460872 0.834181 0.459172 0.834027 0.458142 0.836218 0.455182 0.836733 0.455105 0.837609 0.453921 0.838124 0.453844
0 0.435568 0.376523 0.438916 0.376023 0.439508 0.376461 0.440023 0.376384 0.441207 0.377261 0.441722 0.377184 0.442314 0.377622 0.442391 0.378137 0.442983 0.378575 0.443137 0.379606 0.444398 0.380997 0.444552 0.382027 0.444114 0.382619 0.444422 0.384680 0.443107 0.386456 0.443184 0.386971 0.442669 0.387048 0.441354 0.388824 0.440839 0.388901 0.440401 0.389493 0.438341 0.389801 0.437748 0.389363 0.433628 0.389978 0.431182 0.387710 0.431028 0.386680 0.430436 0.386242 0.430206 0.384697 0.429614 0.384258 0.429460 0.383228 0.429898 0.382636 0.429744 0.381606 0.430182 0.381014 0.430028 0.379984 0.431343 0.378207 0.431266 0.377692 0.431781 0.377615 0.432219 0.377023
0 0.743727 0.551674 0.744319 0.552112 0.745865 0.551881 0.746457 0.552319 0.748002 0.552088 0.748594 0.552527 0.749110 0.552450 0.751478 0.554202 0.751785 0.556263 0.752377 0.556701 0.752685 0.558762 0.752247 0.559354 0.752478 0.560899 0.751678 0.562598 0.751163 0.562675 0.749772 0.563936 0.748227 0.564167 0.747788 0.564759 0.745728 0.565067 0.745290 0.565659 0.743590 0.564860 0.743075 0.564936 0.741299 0.563622 0.740838 0.560531 0.740245 0.560093 0.740168 0.559578 0.740607 0.558986 0.740145 0.555895 0.740583 0.555303 0.740506 0.554788 0.742259 0.552420 0.742774 0.552343 0.743212 0.551751
0 0.196458 0.356942 0.197050 0.357380 0.199111 0.357072 0.199703 0.357511 0.201248 0.357280 0.201840 0.357718 0.202355 0.357641 0.204131 0.358955 0.204208 0.359471 0.206138 0.361815 0.206908 0.366967 0.206469 0.367559 0.206623 0.368589 0.206185 0.369181 0.206262 0.369696 0.205747 0.369773 0.203917 0.371626 0.201342 0.372011 0.200904 0.372603 0.197298 0.373141 0.196706 0.372703 0.195083 0.372419 0.193899 0.371543 0.193384 0.371619 0.193230 0.370589 0.192638 0.370151 0.192561 0.369636 0.190785 0.368321 0.190093 0.363685 0.190531 0.363093 0.191176 0.360364 0.193444 0.357919 0.194475 0.357765 0.194913 0.357173
0 0.631483 0.321984 0.635036 0.324614 0.635113 0.325129 0.636889 0.326443 0.636966 0.326958 0.638227 0.328350 0.639127 0.330849 0.638688 0.331441 0.638842 0.332471 0.638404 0.333063 0.638481 0.333578 0.636728 0.335946 0.636213 0.336023 0.633868 0.337953 0.632323 0.338184 0.631731 0.337746 0.629670 0.338054 0.629078 0.337615 0.627018 0.337923 0.624650 0.336170 0.624573 0.335655 0.623981 0.335217 0.623827 0.334187 0.623235 0.333749 0.622542 0.329113 0.623419 0.327928 0.623342 0.327413 0.625171 0.325560 0.626202 0.325406 0.630453 0.322138
0 0.323453 0.473840 0.324045 0.474278 0.325075 0.474124 0.325667 0.474562 0.326697 0.474408 0.327289 0.474847 0.328912 0.475131 0.329504 0.475569 0.329581 0.476084 0.330765 0.476961 0.330919 0.477991 0.331511 0.478429 0.331587 0.478944 0.331149 0.479536 0.331534 0.482112 0.331096 0.482704 0.331173 0.483219 0.329420 0.485587 0.328905 0.485664 0.328467 0.486256 0.327436 0.486410 0.326998 0.487002 0.323392 0.487541 0.322800 0.487103 0.321770 0.487256 0.319325 0.484989 0.319248 0.484473 0.318656 0.484035 0.318502 0.483005 0.317910 0.482567 0.317525 0.479991 0.317964 0.479399 0.318609 0.476670 0.319124 0.476593 0.320001 0.475409 0.320516 0.475332 0.320954 0.474740 0.321984 0.474586 0.322422 0.473994
0 0.370567 0.701145 0.371160 0.701583 0.372190 0.701429 0.374558 0.703182 0.374635 0.703697 0.377080 0.705965 0.377234 0.706995 0.377826 0.707433 0.378441 0.711554 0.378080 0.712661 0.376328 0.715029 0.376404 0.715545 0.374060 0.717475 0.373029 0.717628 0.372591 0.718220 0.371046 0.718451 0.370454 0.718013 0.365818 0.718705 0.364711 0.718344 0.360489 0.714762 0.360182 0.712701 0.360620 0.712109 0.360389 0.710564 0.361265 0.709380 0.361627 0.708273 0.361473 0.707242 0.362349 0.706058 0.362272 0.705543 0.364025 0.703175 0.365570 0.702944 0.366008 0.702352 0.368069 0.702044 0.368507 0.701452
0 0.460586 0.644518 0.461178 0.644956 0.465299 0.644340 0.465376 0.644855 0.465968 0.645294 0.466045 0.645809 0.467306 0.647200 0.467460 0.648230 0.467022 0.648823 0.467176 0.649853 0.466737 0.650445 0.466891 0.651475 0.466453 0.652067 0.466530 0.652582 0.465215 0.654358 0.464700 0.654435 0.464262 0.655027 0.463232 0.655181 0.462794 0.655773 0.460218 0.656158 0.458442 0.654843 0.458365 0.654328 0.457104 0.652937 0.456565 0.649331 0.457004 0.648739 0.456927 0.648224 0.457365 0.647632 0.457288 0.647117 0.458164 0.645932 0.458087 0.645417 0.458602 0.645341 0.459041 0.644748
0 0.588850 0.463164 0.589442 0.463603 0.591064 0.463887 0.592248 0.464763 0.592402 0.465794 0.592994 0.466232 0.593148 0.467262 0.593740 0.467700 0.593971 0.469246 0.593533 0.469838 0.593687 0.470868 0.593248 0.471460 0.593402 0.472490 0.592603 0.474189 0.592088 0.474266 0.590696 0.475527 0.586575 0.476143 0.585983 0.475705 0.584953 0.475858 0.584361 0.475420 0.583846 0.475497 0.582662 0.474621 0.582585 0.474106 0.581993 0.473668 0.581300 0.469032 0.581738 0.468439 0.581585 0.467409 0.582384 0.465710 0.582899 0.465633 0.584291 0.464372 0.585321 0.464218 0.585759 0.463626
0 0.184388 0.671025 0.187710 0.672108 0.188894 0.672985 0.189924 0.672831 0.191031 0.673192 0.192215 0.674069 0.194222 0.676928 0.194838 0.681049 0.194400 0.681641 0.194554 0.682672 0.193831 0.684886 0.192516 0.686662 0.191486 0.686816 0.189580 0.688154 0.185459 0.688770 0.184867 0.688331 0.183836 0.688485 0.181622 0.687763 0.180438 0.686886 0.179923 0.686963 0.179254 0.686010 0.179100 0.684980 0.177839 0.683588 0.177454 0.681013 0.176862 0.680575 0.176708 0.679544 0.177146 0.678952 0.176762 0.676377 0.177123 0.675269 0.178361 0.672978 0.179906 0.672747 0.180344 0.672155 0.182920 0.671771 0.183358 0.671179
0 0.896839 0.582520 0.897431 0.582958 0.900083 0.583088 0.903405 0.584172 0.905773 0.585925 0.905927 0.586955 0.907188 0.588347 0.907342 0.589377 0.907934 0.589815 0.908472 0.593421 0.907389 0.596742 0.905482 0.598080 0.898270 0.599157 0.897678 0.598719 0.896648 0.598873 0.895541 0.598512 0.891397 0.595445 0.891012 0.592869 0.890420 0.592431 0.890266 0.591401 0.890704 0.590809 0.890319 0.588233 0.890681 0.587126 0.891995 0.585350 0.894855 0.583343 0.895885 0.583189 0.896324 0.582597
0 0.483214 0.496320 0.483806 0.496758 0.486458 0.496889 0.489265 0.498049 0.489418 0.499080 0.490010 0.499518 0.490164 0.500548 0.490756 0.500986 0.491449 0.505622 0.490572 0.506806 0.490288 0.508429 0.489412 0.509613 0.488897 0.509690 0.487505 0.510951 0.485006 0.511851 0.484568 0.512443 0.483976 0.512004 0.482431 0.512235 0.481839 0.511797 0.480809 0.511951 0.480217 0.511513 0.478594 0.511229 0.478517 0.510713 0.476741 0.509399 0.476664 0.508884 0.476072 0.508446 0.475687 0.505870 0.476126 0.505278 0.475895 0.503733 0.476333 0.503141 0.476617 0.501518 0.479246 0.497966 0.479762 0.497889 0.481153 0.496628
0 0.287050 0.321820 0.287642 0.322258 0.289188 0.322028 0.293539 0.322958 0.296500 0.325148 0.297838 0.327055 0.298968 0.331099 0.299560 0.331537 0.300407 0.337204 0.297854 0.341271 0.294995 0.343278 0.293964 0.343432 0.292058 0.344770 0.284254 0.345409 0.282040 0.344686 0.279518 0.341903 0.279364 0.340873 0.278772 0.340435 0.278310 0.337344 0.277718 0.336906 0.278156 0.336314 0.277618 0.332708 0.280738 0.325396 0.283598 0.323389 0.286612 0.322412
0 0.500329 0.349999 0.500921 0.350437 0.502543 0.350722 0.506687 0.353789 0.507303 0.357910 0.506503 0.359609 0.506657 0.360639 0.505343 0.362416 0.504828 0.362493 0.501530 0.365092 0.499984 0.365322 0.499392 0.364884 0.496816 0.365269 0.496224 0.364831 0.494679 0.365061 0.493495 0.364185 0.493418 0.363670 0.492157 0.362278 0.492003 0.361248 0.490742 0.359857 0.490665 0.359342 0.491103 0.358750 0.490719 0.356174 0.491157 0.355582 0.491080 0.355067 0.493271 0.352107 0.494301 0.351953 0.494739 0.351361 0.496285 0.351130 0.496723 0.350538
0 0.688976 0.386070 0.692582 0.385531 0.693174 0.385969 0.693689 0.385892 0.695466 0.387207 0.695620 0.388237 0.696212 0.388675 0.696827 0.392796 0.696389 0.393388 0.696620 0.394934 0.696182 0.395526 0.696258 0.396041 0.694068 0.399001 0.691492 0.399386 0.691054 0.399978 0.687448 0.400517 0.686856 0.400078 0.686341 0.400155 0.682788 0.397526 0.682096 0.392890 0.682534 0.392298 0.682226 0.390238 0.682665 0.389645 0.682588 0.389130 0.683464 0.387946 0.683979 0.387869 0.685371 0.386608
0 0.310672 0.606875 0.311264 0.607313 0.313325 0.607005 0.313917 0.607443 0.316570 0.607574 0.321306 0.611079 0.321537 0.612625 0.322129 0.613063 0.322591 0.616153 0.322152 0.616746 0.322383 0.618291 0.320861 0.622204 0.320346 0.622281 0.319470 0.623466 0.312335 0.625058 0.311743 0.624620 0.310713 0.624773 0.308498 0.624051 0.305538 0.621860 0.305384 0.620830 0.304792 0.620392 0.304484 0.618331 0.303892 0.617893 0.303738 0.616863 0.304177 0.616271 0.303792 0.613695 0.305829 0.609705 0.308689 0.607698 0.310234 0.607467
0 0.278083 0.634530 0.278675 0.634968 0.279191 0.634891 0.280890 0.635690 0.281121 0.637236 0.281713 0.637674 0.282174 0.640765 0.281736 0.641357 0.281967 0.642902 0.280368 0.646300 0.279853 0.646377 0.279415 0.646969 0.275809 0.647508 0.275217 0.647070 0.274702 0.647147 0.272334 0.645394 0.272257 0.644879 0.271665 0.644441 0.271511 0.643410 0.270919 0.642972 0.270534 0.640397 0.270972 0.639805 0.270895 0.639289 0.271333 0.638697 0.271618 0.637075 0.272133 0.636998 0.273009 0.635814 0.274039 0.635660 0.274478 0.635068
0 0.841746 0.386423 0.844038 0.387661 0.844115 0.388176 0.845299 0.389052 0.845376 0.389567 0.845968 0.390006 0.846122 0.391036 0.846714 0.391474 0.847329 0.395595 0.846891 0.396187 0.847122 0.397733 0.845807 0.399509 0.845292 0.399586 0.843901 0.400847 0.837204 0.401847 0.834913 0.400609 0.834398 0.400686 0.833214 0.399810 0.833060 0.398780 0.832467 0.398341 0.831568 0.395843 0.832006 0.395251 0.831929 0.394736 0.832367 0.394143 0.832213 0.393113 0.833090 0.391929 0.833013 0.391414 0.835642 0.387862 0.839248 0.387323 0.839686 0.386731
0 0.631821 0.236097 0.637587 0.239448 0.638256 0.240402 0.638564 0.242462 0.639156 0.242900 0.639695 0.246506 0.638380 0.248282 0.637658 0.250497 0.637142 0.250573 0.634875 0.253019 0.633844 0.253172 0.633406 0.253765 0.631346 0.254072 0.630754 0.253634 0.626633 0.254250 0.625526 0.253888 0.623157 0.252136 0.622927 0.250590 0.622334 0.250152 0.622104 0.248607 0.621512 0.248169 0.620973 0.244563 0.621772 0.242863 0.621619 0.241833 0.624686 0.237689 0.627777 0.237227 0.628215 0.236635
0 0.492676 0.478582 0.493268 0.479020 0.494299 0.478866 0.494891 0.479304 0.495406 0.479227 0.496590 0.480104 0.496744 0.481134 0.498005 0.482525 0.498620 0.486647 0.498182 0.487239 0.498336 0.488269 0.497898 0.488861 0.498052 0.489891 0.497537 0.489968 0.496660 0.491152 0.496145 0.491229 0.494754 0.492490 0.493208 0.492721 0.492616 0.492283 0.490556 0.492590 0.489964 0.492152 0.487903 0.492460 0.487311 0.492022 0.486796 0.492099 0.485612 0.491222 0.485535 0.490707 0.484274 0.489316 0.483581 0.484680 0.484020 0.484088 0.483943 0.483573 0.485257 0.481796 0.485180 0.481281 0.486572 0.480020 0.489662 0.479559 0.490101 0.478967
0 0.522478 0.716898 0.523070 0.717336 0.524100 0.717183 0.524692 0.717621 0.526314 0.717905 0.528091 0.719220 0.528168 0.719735 0.528760 0.720173 0.528913 0.721203 0.529506 0.721641 0.529890 0.724217 0.529452 0.724809 0.529606 0.725839 0.528807 0.727538 0.528291 0.727615 0.527415 0.728799 0.526900 0.728876 0.525508 0.730138 0.523963 0.730368 0.523525 0.730960 0.522933 0.730522 0.521387 0.730753 0.520795 0.730315 0.520280 0.730392 0.517320 0.728201 0.517166 0.727171 0.516574 0.726732 0.515959 0.722611 0.516397 0.722019 0.516243 0.720989 0.517557 0.719213 0.518073 0.719136 0.519464 0.717875 0.520494 0.717721 0.520932 0.717129
0 0.442535 0.354418 0.443127 0.354856 0.444157 0.354703 0.444749 0.355141 0.445264 0.355064 0.446448 0.355940 0.446525 0.356455 0.447709 0.357332 0.447786 0.357847 0.448378 0.358285 0.449071 0.362921 0.448633 0.363513 0.447987 0.366243 0.447549 0.366835 0.447034 0.366912 0.446158 0.368096 0.445127 0.368250 0.444689 0.368842 0.442113 0.369226 0.441521 0.368788 0.439976 0.369019 0.439384 0.368581 0.438354 0.368735 0.437762 0.368296 0.436139 0.368012 0.435986 0.366982 0.435394 0.366544 0.434624 0.361392 0.435424 0.359693 0.435270 0.358663 0.437538 0.356218 0.438568 0.356064 0.439959 0.354803
0 0.966102 0.563222 0.966694 0.563661 0.968316 0.563945 0.970093 0.565259 0.970247 0.566290 0.970839 0.566728 0.970992 0.567758 0.971584 0.568196 0.972277 0.572832 0.971478 0.574532 0.971631 0.575562 0.970317 0.577338 0.969802 0.577415 0.969364 0.578007 0.968333 0.578161 0.967895 0.578753 0.966350 0.578984 0.965758 0.578546 0.961637 0.579161 0.961045 0.578723 0.960530 0.578800 0.958754 0.577485 0.958677 0.576970 0.956746 0.574625 0.956208 0.571019 0.956646 0.570427 0.957653 0.566591 0.958967 0.564815 0.961543 0.564430 0.961981 0.563838
0 0.432787 0.292681 0.433379 0.293119 0.435002 0.293403 0.437370 0.295156 0.437524 0.296186 0.439377 0.298016 0.439400 0.301699 0.438524 0.302883 0.437955 0.306127 0.435172 0.308650 0.432082 0.309111 0.431490 0.308673 0.428399 0.309135 0.427807 0.308696 0.427292 0.308773 0.425516 0.307459 0.425362 0.306429 0.424770 0.305990 0.424616 0.304960 0.424024 0.304522 0.423331 0.299886 0.423769 0.299294 0.423900 0.296641 0.425214 0.294865 0.425730 0.294788 0.426168 0.294196 0.428228 0.293888 0.428666 0.293296
0 0.893708 0.646181 0.894300 0.646619 0.895923 0.646903 0.900736 0.650924 0.900813 0.651439 0.901405 0.651877 0.901944 0.655483 0.899753 0.658443 0.899830 0.658958 0.898953 0.660142 0.898438 0.660219 0.896093 0.662149 0.893518 0.662534 0.892926 0.662096 0.889320 0.662634 0.888136 0.661758 0.887390 0.660290 0.885537 0.658460 0.884844 0.653824 0.885282 0.653232 0.885928 0.650502 0.887242 0.648726 0.887758 0.648649 0.888196 0.648057 0.889741 0.647826 0.890179 0.647234 0.891725 0.647003 0.892163 0.646411
0 0.074656 0.500467 0.076948 0.501705 0.077463 0.501628 0.078209 0.503096 0.080577 0.504849 0.080885 0.506909 0.081477 0.507348 0.081708 0.508893 0.080908 0.510592 0.081062 0.511622 0.080624 0.512215 0.080701 0.512730 0.078948 0.515098 0.079025 0.515613 0.078587 0.516205 0.078072 0.516282 0.077634 0.516874 0.071452 0.517797 0.070860 0.517359 0.069830 0.517513 0.069753 0.516998 0.066716 0.514292 0.066485 0.512746 0.065893 0.512308 0.065354 0.508702 0.065792 0.508110 0.065639 0.507080 0.068114 0.502498 0.069659 0.502267 0.070097 0.501675 0.072158 0.501367 0.072596 0.500775
0 0.775150 0.628079 0.775742 0.628517 0.777803 0.628209 0.778395 0.628647 0.780532 0.628855 0.781947 0.631276 0.783131 0.632153 0.785807 0.635966 0.786423 0.640087 0.784747 0.642970 0.784824 0.643485 0.782994 0.645338 0.780934 0.645646 0.780496 0.646238 0.775860 0.646931 0.775267 0.646492 0.774237 0.646646 0.768986 0.643218 0.768832 0.642188 0.767571 0.640796 0.767417 0.639766 0.766825 0.639328 0.766363 0.636237 0.767524 0.633431 0.772290 0.630086 0.774120 0.628232
0 0.474224 0.252789 0.477830 0.252250 0.480198 0.254003 0.480275 0.254518 0.481536 0.255910 0.482152 0.260031 0.481713 0.260623 0.481944 0.262168 0.481506 0.262760 0.481222 0.264382 0.479907 0.266158 0.474241 0.267005 0.473803 0.267597 0.473211 0.267159 0.470481 0.266513 0.468705 0.265199 0.468397 0.263138 0.467805 0.262700 0.467267 0.259094 0.467705 0.258502 0.467551 0.257472 0.467989 0.256880 0.467912 0.256365 0.469665 0.253996 0.470180 0.253919 0.470618 0.253327
0 0.148885 0.694232 0.149477 0.694670 0.150507 0.694516 0.152722 0.695239 0.156274 0.697868 0.156428 0.698898 0.157766 0.700805 0.157920 0.701835 0.157482 0.702427 0.157866 0.705003 0.157428 0.705595 0.157582 0.706625 0.157144 0.707217 0.157298 0.708247 0.156937 0.709354 0.153123 0.712030 0.149518 0.712569 0.146196 0.711485 0.144420 0.710171 0.143674 0.708702 0.142490 0.707826 0.142028 0.704735 0.142466 0.704143 0.142082 0.701568 0.142520 0.700975 0.142366 0.699945 0.144557 0.696985 0.148370 0.694309
0 0.584491 0.391670 0.586190 0.392469 0.588843 0.392600 0.591803 0.394791 0.593141 0.396697 0.593372 0.398243 0.593964 0.398681 0.594118 0.399711 0.593679 0.400303 0.594064 0.402879 0.592311 0.405247 0.592388 0.405762 0.591873 0.405839 0.590043 0.407692 0.588498 0.407923 0.588060 0.408515 0.586515 0.408746 0.586076 0.409338 0.584969 0.408977 0.583939 0.409130 0.581133 0.407970 0.581056 0.407455 0.578095 0.405264 0.577711 0.402688 0.577119 0.402250 0.577480 0.401143 0.577326 0.400112 0.577764 0.399520 0.577610 0.398490 0.578564 0.397821 0.582430 0.391978
0 0.217016 0.797804 0.217608 0.798242 0.219153 0.798012 0.219745 0.798450 0.220775 0.798296 0.221367 0.798734 0.222990 0.799018 0.224843 0.800848 0.224920 0.801363 0.226181 0.802755 0.226335 0.803785 0.226927 0.804223 0.226488 0.804815 0.226873 0.807391 0.224398 0.811973 0.223368 0.812127 0.222929 0.812719 0.221899 0.812873 0.221461 0.813465 0.218885 0.813850 0.218447 0.814442 0.214534 0.812920 0.214457 0.812405 0.212527 0.810060 0.212373 0.809030 0.211781 0.808592 0.211550 0.807046 0.210958 0.806608 0.210881 0.806093 0.211319 0.805501 0.211165 0.804471 0.211603 0.803879 0.211450 0.802848 0.212764 0.801072 0.213279 0.800995 0.215985 0.797958
0 0.262791 0.328603 0.267812 0.330486 0.271956 0.333554 0.272779 0.335537 0.273371 0.335975 0.273833 0.339066 0.274425 0.339504 0.274656 0.341050 0.273418 0.343341 0.273134 0.344963 0.272258 0.346147 0.270351 0.347485 0.267852 0.348385 0.267414 0.348977 0.264838 0.349362 0.261517 0.348278 0.257142 0.343665 0.256757 0.341090 0.256165 0.340652 0.255473 0.336016 0.255911 0.335424 0.256118 0.333286 0.256994 0.332102 0.258901 0.330764 0.259931 0.330610 0.262276 0.328680
0 0.488347 0.319139 0.492491 0.322206 0.492568 0.322721 0.493829 0.324113 0.494060 0.325658 0.494652 0.326096 0.494729 0.326611 0.494291 0.327203 0.494599 0.329264 0.493799 0.330963 0.493284 0.331040 0.490939 0.332970 0.485788 0.333740 0.485196 0.333301 0.483651 0.333532 0.481875 0.332218 0.481567 0.330157 0.480975 0.329719 0.480744 0.328174 0.481182 0.327582 0.480951 0.326036 0.481389 0.325444 0.481236 0.324414 0.482396 0.321608 0.483426 0.321454 0.483865 0.320862 0.484895 0.320708 0.485333 0.320116 0.486363 0.319962 0.486801 0.319370
0 0.924388 0.675301 0.924980 0.675740 0.925495 0.675663 0.928456 0.677854 0.929202 0.679322 0.930386 0.680198 0.930616 0.681744 0.931209 0.682182 0.931670 0.685273 0.931232 0.685865 0.931463 0.687410 0.930148 0.689186 0.929633 0.689263 0.929195 0.689855 0.928165 0.690009 0.927727 0.690601 0.924121 0.691140 0.923529 0.690701 0.922498 0.690855 0.921906 0.690417 0.921391 0.690494 0.919023 0.688741 0.918869 0.687711 0.918277 0.687273 0.917431 0.681607 0.917869 0.681015 0.917715 0.679984 0.919030 0.678208 0.919545 0.678131 0.922843 0.675532
0 0.317952 0.743759 0.322381 0.745204 0.325341 0.747395 0.326679 0.749302 0.327579 0.751801 0.328171 0.752239 0.328555 0.754814 0.328117 0.755406 0.328271 0.756437 0.325204 0.760581 0.323297 0.761919 0.322267 0.762073 0.321829 0.762665 0.319768 0.762973 0.319176 0.762534 0.316524 0.762404 0.315340 0.761528 0.314825 0.761605 0.314748 0.761090 0.312971 0.759775 0.312302 0.758822 0.312072 0.757276 0.311480 0.756838 0.311018 0.753747 0.311456 0.753155 0.311225 0.751610 0.311948 0.749396 0.313700 0.747027 0.317514 0.744351
0 0.633833 0.598631 0.634425 0.599069 0.636048 0.599353 0.637232 0.600230 0.637747 0.600153 0.637824 0.600668 0.638416 0.601106 0.638570 0.602136 0.639754 0.603013 0.639831 0.603528 0.640423 0.603966 0.640731 0.606026 0.640292 0.606618 0.640831 0.610224 0.640393 0.610816 0.640470 0.611331 0.639955 0.611408 0.637610 0.613338 0.634519 0.613800 0.633927 0.613362 0.632897 0.613516 0.631713 0.612639 0.631198 0.612716 0.628829 0.610963 0.628752 0.610448 0.627491 0.609057 0.626799 0.604421 0.627237 0.603829 0.627006 0.602283 0.627883 0.601099 0.628398 0.601022 0.628836 0.600430 0.629866 0.600276 0.630304 0.599684 0.631850 0.599454 0.632288 0.598862
0 0.705155 0.254634 0.705747 0.255072 0.707292 0.254841 0.707885 0.255279 0.708915 0.255125 0.709507 0.255564 0.710537 0.255410 0.711129 0.255848 0.711644 0.255771 0.711721 0.256286 0.712905 0.257162 0.713213 0.259223 0.713805 0.259661 0.714036 0.261206 0.713598 0.261799 0.713752 0.262829 0.713313 0.263421 0.713029 0.265043 0.712514 0.265120 0.711123 0.266381 0.710092 0.266535 0.709654 0.267127 0.707594 0.267435 0.707155 0.268027 0.706563 0.267589 0.704503 0.267896 0.703911 0.267458 0.701181 0.266813 0.701104 0.266298 0.700512 0.265859 0.700282 0.264314 0.699690 0.263876 0.699382 0.261815 0.699820 0.261223 0.699589 0.259678 0.701342 0.257310 0.701857 0.257233 0.702733 0.256049 0.703249 0.255972 0.703687 0.255380 0.704717 0.255226
0 0.082356 0.460348 0.082948 0.460786 0.083463 0.460709 0.087016 0.463338 0.087093 0.463853 0.087685 0.464292 0.087916 0.465837 0.088508 0.466275 0.088738 0.467820 0.088300 0.468413 0.088531 0.469958 0.087732 0.471657 0.087217 0.471734 0.085825 0.472995 0.084795 0.473149 0.084357 0.473741 0.081781 0.474126 0.081189 0.473688 0.080159 0.473841 0.079567 0.473403 0.078536 0.473557 0.076760 0.472243 0.076606 0.471212 0.076014 0.470774 0.075860 0.469744 0.075268 0.469306 0.075707 0.468714 0.075245 0.465623 0.076998 0.463255 0.077513 0.463178 0.078389 0.461994 0.078904 0.461917 0.080296 0.460656
0 0.367206 0.682162 0.367798 0.682600 0.368828 0.682446 0.369420 0.682885 0.371042 0.683169 0.374003 0.685360 0.374080 0.685875 0.374672 0.686313 0.375364 0.690949 0.372735 0.694502 0.372220 0.694579 0.371782 0.695171 0.370751 0.695324 0.370313 0.695916 0.366192 0.696532 0.365600 0.696094 0.363025 0.696478 0.361764 0.695087 0.361533 0.693542 0.360941 0.693103 0.360171 0.687952 0.360610 0.687360 0.360456 0.686330 0.360894 0.685738 0.360817 0.685223 0.362208 0.683962 0.363754 0.683731 0.364192 0.683139 0.366252 0.682831 0.366691 0.682239
0 0.361476 0.661427 0.362068 0.661865 0.364643 0.661480 0.367012 0.663233 0.367165 0.664263 0.368427 0.665655 0.369042 0.669776 0.368604 0.670368 0.368681 0.670883 0.367005 0.673766 0.365460 0.673997 0.365021 0.674589 0.359355 0.675435 0.358763 0.674997 0.358248 0.675074 0.358171 0.674559 0.357579 0.674121 0.357502 0.673606 0.355572 0.671261 0.354956 0.667140 0.355395 0.666548 0.355164 0.665003 0.356917 0.662634 0.357432 0.662557 0.357870 0.661965
0 0.111773 0.614991 0.114064 0.616228 0.114141 0.616744 0.116740 0.620042 0.117278 0.623647 0.116840 0.624239 0.116710 0.626892 0.116272 0.627484 0.116349 0.627999 0.114596 0.630367 0.114673 0.630883 0.113281 0.632144 0.112251 0.632298 0.111659 0.631859 0.107023 0.632552 0.104655 0.630799 0.104578 0.630284 0.103317 0.628892 0.103086 0.627347 0.102494 0.626909 0.102109 0.624333 0.102547 0.623741 0.102317 0.622196 0.103554 0.619905 0.103477 0.619389 0.104354 0.618205 0.104277 0.617690 0.104792 0.617613 0.105230 0.617021 0.106775 0.616790 0.107213 0.616198 0.108759 0.615968 0.109197 0.615375
0 0.296126 0.763344 0.296718 0.763782 0.301354 0.763090 0.306091 0.766595 0.306606 0.766518 0.306760 0.767549 0.308021 0.768940 0.308713 0.773576 0.307837 0.774760 0.307630 0.776898 0.306753 0.778082 0.306238 0.778159 0.305362 0.779343 0.303455 0.780681 0.300364 0.781143 0.299926 0.781735 0.297351 0.782119 0.296244 0.781758 0.293875 0.780005 0.293206 0.779052 0.292976 0.777507 0.292383 0.777068 0.291768 0.772947 0.291176 0.772509 0.291614 0.771917 0.291306 0.769857 0.292390 0.766535 0.295096 0.763498
0 0.181189 0.434528 0.181781 0.434966 0.182296 0.434889 0.184072 0.436204 0.184149 0.436719 0.185333 0.437595 0.185410 0.438110 0.186002 0.438548 0.186618 0.442669 0.186180 0.443261 0.186333 0.444292 0.185895 0.444884 0.186049 0.445914 0.185611 0.446506 0.185688 0.447021 0.184373 0.448797 0.183858 0.448874 0.183420 0.449466 0.182905 0.449543 0.182313 0.449105 0.180768 0.449336 0.180175 0.448898 0.178630 0.449128 0.178038 0.448690 0.177008 0.448844 0.175824 0.447968 0.175670 0.446938 0.175078 0.446499 0.174924 0.445469 0.174332 0.445031 0.174178 0.444001 0.173586 0.443562 0.173355 0.442017 0.173793 0.441425 0.173562 0.439880 0.174001 0.439288 0.173924 0.438773 0.174800 0.437588 0.175315 0.437511 0.176707 0.436250 0.177737 0.436097 0.178175 0.435504 0.179720 0.435274 0.180159 0.434682
0 0.605480 0.431717 0.608829 0.431217 0.610605 0.432531 0.610682 0.433047 0.611274 0.433485 0.611659 0.436060 0.612251 0.436498 0.611812 0.437091 0.612197 0.439666 0.610006 0.442626 0.606400 0.443165 0.605962 0.443757 0.603387 0.444142 0.601018 0.442389 0.600942 0.441874 0.600349 0.441436 0.599811 0.437830 0.600610 0.436131 0.600456 0.435100 0.600895 0.434508 0.600818 0.433993 0.602132 0.432217
0 0.650111 0.309197 0.650703 0.309635 0.652249 0.309404 0.653948 0.310203 0.654978 0.310050 0.658969 0.312087 0.659791 0.314070 0.660384 0.314508 0.660845 0.317599 0.660407 0.318191 0.660638 0.319737 0.659761 0.320921 0.659838 0.321436 0.657209 0.324988 0.655226 0.325811 0.654787 0.326403 0.652727 0.326711 0.652289 0.327303 0.648606 0.327326 0.648014 0.326888 0.646984 0.327042 0.644769 0.326319 0.643585 0.325443 0.640832 0.321115 0.640217 0.316994 0.640655 0.316402 0.640501 0.315372 0.642692 0.312411 0.644599 0.311073 0.647097 0.310173 0.647536 0.309581
0 0.655828 0.432096 0.656421 0.432534 0.660026 0.431996 0.661726 0.432795 0.661956 0.434341 0.662548 0.434779 0.663010 0.437870 0.662572 0.438462 0.662803 0.440007 0.662365 0.440599 0.662518 0.441629 0.662080 0.442221 0.662157 0.442736 0.661281 0.443921 0.660251 0.444074 0.659812 0.444667 0.658782 0.444820 0.658344 0.445412 0.656799 0.445643 0.656360 0.446235 0.653116 0.445667 0.651932 0.444790 0.651701 0.443245 0.651109 0.442807 0.650340 0.437656 0.650778 0.437064 0.650547 0.435518 0.651346 0.433819 0.652377 0.433665 0.653768 0.432404
0 0.654077 0.677758 0.654669 0.678196 0.657760 0.677735 0.659974 0.678457 0.662935 0.680648 0.663166 0.682194 0.664427 0.683585 0.665557 0.687629 0.664681 0.688813 0.664473 0.690951 0.662206 0.693396 0.661252 0.694065 0.658677 0.694450 0.658239 0.695042 0.655148 0.695503 0.654710 0.696095 0.650281 0.694650 0.646936 0.689884 0.647043 0.683548 0.651502 0.678143
0 0.246098 0.460116 0.246690 0.460554 0.249780 0.460093 0.251556 0.461407 0.251633 0.461922 0.252225 0.462360 0.252379 0.463391 0.252971 0.463829 0.253741 0.468980 0.252941 0.470679 0.253095 0.471710 0.251704 0.472971 0.248613 0.473432 0.248175 0.474024 0.244569 0.474563 0.243977 0.474125 0.243462 0.474202 0.242278 0.473325 0.242124 0.472295 0.241532 0.471857 0.241378 0.470827 0.240786 0.470388 0.240401 0.467813 0.239809 0.467375 0.239732 0.466860 0.240170 0.466267 0.240016 0.465237 0.240455 0.464645 0.240301 0.463615 0.240739 0.463023 0.240662 0.462508 0.241177 0.462431 0.242053 0.461247 0.242569 0.461170 0.243007 0.460578
0 0.720656 0.340789 0.721248 0.341227 0.724339 0.340766 0.726038 0.341565 0.726115 0.342080 0.726707 0.342518 0.727246 0.346124 0.726807 0.346716 0.726961 0.347747 0.726523 0.348339 0.726677 0.349369 0.725878 0.351068 0.724847 0.351222 0.724409 0.351814 0.723379 0.351968 0.722941 0.352560 0.720880 0.352868 0.720442 0.353460 0.719927 0.353537 0.719335 0.353099 0.717713 0.352814 0.716529 0.351938 0.716013 0.352015 0.715860 0.350985 0.715267 0.350546 0.714575 0.345910 0.715013 0.345318 0.714859 0.344288 0.715374 0.344211 0.717127 0.341843 0.717642 0.341766 0.718080 0.341174
0 0.796501 0.707567 0.797094 0.708006 0.799154 0.707698 0.802706 0.710327 0.802783 0.710842 0.803375 0.711280 0.803529 0.712311 0.804121 0.712749 0.804275 0.713779 0.804867 0.714217 0.805329 0.717308 0.804891 0.717900 0.804968 0.718415 0.803653 0.720191 0.803138 0.720268 0.801746 0.721529 0.797626 0.722145 0.797033 0.721707 0.794458 0.722091 0.791574 0.720415 0.791498 0.719900 0.790905 0.719462 0.790752 0.718432 0.790160 0.717994 0.789467 0.713358 0.789905 0.712766 0.790190 0.711143 0.792381 0.708183
0 0.439789 0.420655 0.440381 0.421093 0.442003 0.421377 0.445556 0.424006 0.445633 0.424521 0.446225 0.424959 0.446686 0.428050 0.446248 0.428642 0.446402 0.429673 0.445964 0.430265 0.445680 0.431887 0.444803 0.433071 0.444288 0.433148 0.442897 0.434409 0.441351 0.434640 0.440913 0.435232 0.439883 0.435386 0.439291 0.434948 0.438260 0.435101 0.437668 0.434663 0.436638 0.434817 0.435454 0.433941 0.434939 0.434018 0.434347 0.433580 0.434270 0.433064 0.433678 0.432626 0.433524 0.431596 0.432932 0.431158 0.432470 0.428067 0.432909 0.427475 0.432755 0.426445 0.433631 0.425261 0.433554 0.424746 0.434431 0.423561 0.434354 0.423046 0.434869 0.422969 0.437214 0.421039
0 0.474866 0.666082 0.475458 0.666521 0.476488 0.666367 0.477672 0.667243 0.478187 0.667166 0.479371 0.668042 0.479525 0.669073 0.480709 0.669949 0.480786 0.670464 0.481378 0.670902 0.481994 0.675023 0.481556 0.675615 0.481271 0.677238 0.479957 0.679014 0.479442 0.679091 0.479003 0.679683 0.477973 0.679837 0.477535 0.680429 0.476505 0.680583 0.475913 0.680144 0.473337 0.680529 0.472745 0.680091 0.471715 0.680245 0.471123 0.679807 0.470608 0.679884 0.468085 0.677101 0.467393 0.672464 0.467831 0.671872 0.467677 0.670842 0.468116 0.670250 0.468039 0.669735 0.469353 0.667959 0.470899 0.667728 0.471337 0.667136 0.473912 0.666751 0.474351 0.666159
0 0.243564 0.628100 0.244156 0.628538 0.244671 0.628461 0.247631 0.630652 0.248377 0.632120 0.249561 0.632997 0.249638 0.633512 0.249200 0.634104 0.249662 0.637195 0.249224 0.637787 0.249454 0.639332 0.248655 0.641031 0.248140 0.641108 0.247263 0.642292 0.246233 0.642446 0.245795 0.643038 0.242704 0.643500 0.242112 0.643062 0.240567 0.643293 0.239975 0.642854 0.238352 0.642570 0.238276 0.642055 0.237684 0.641617 0.237530 0.640587 0.236938 0.640148 0.236784 0.639118 0.236192 0.638680 0.235961 0.637135 0.236399 0.636543 0.236091 0.634482 0.236891 0.632783 0.236737 0.631753 0.237252 0.631676 0.239597 0.629746 0.240627 0.629592 0.242018 0.628331
0 0.034614 0.493283 0.035206 0.493721 0.035721 0.493644 0.039866 0.496711 0.040097 0.498256 0.041358 0.499648 0.040919 0.500240 0.040789 0.502892 0.040351 0.503485 0.040428 0.504000 0.038675 0.506368 0.038160 0.506445 0.036768 0.507706 0.034708 0.508014 0.034116 0.507575 0.030510 0.508114 0.027550 0.505923 0.027088 0.502832 0.026496 0.502394 0.026419 0.501879 0.027219 0.500180 0.027065 0.499150 0.027503 0.498558 0.027787 0.496935 0.028664 0.495751 0.029179 0.495674 0.029617 0.495082 0.030647 0.494928 0.031085 0.494336 0.032631 0.494105 0.033069 0.493513
0 0.200491 0.782367 0.202860 0.784120 0.202937 0.784635 0.204198 0.786027 0.205121 0.792208 0.204683 0.792800 0.204837 0.793830 0.204398 0.794423 0.204114 0.796045 0.202800 0.797821 0.199709 0.798283 0.199271 0.798875 0.196180 0.799336 0.193889 0.798099 0.193143 0.796630 0.190698 0.794362 0.190544 0.793332 0.189952 0.792894 0.189798 0.791864 0.189206 0.791426 0.190520 0.789649 0.190443 0.789134 0.190881 0.788542 0.190728 0.787512 0.192480 0.785144 0.192995 0.785067 0.193872 0.783883 0.196447 0.783498 0.196886 0.782906
0 0.046563 0.657907 0.047155 0.658345 0.048778 0.658629 0.052999 0.662212 0.053691 0.666848 0.053253 0.667440 0.053330 0.667955 0.052892 0.668547 0.053046 0.669577 0.052608 0.670169 0.052093 0.670246 0.050701 0.671507 0.049671 0.671661 0.049233 0.672253 0.046657 0.672638 0.046065 0.672200 0.045035 0.672354 0.044443 0.671915 0.043413 0.672069 0.041713 0.671270 0.041636 0.670755 0.041044 0.670316 0.040813 0.668771 0.040222 0.668333 0.039991 0.666788 0.040429 0.666196 0.040044 0.663620 0.040482 0.663028 0.040405 0.662513 0.041282 0.661329 0.041797 0.661252 0.042235 0.660660 0.042158 0.660145 0.042673 0.660068 0.043111 0.659476 0.044142 0.659322 0.045533 0.658061
0 0.512657 0.689928 0.513249 0.690366 0.517447 0.690266 0.522622 0.693179 0.524244 0.693464 0.526997 0.697792 0.528074 0.705004 0.527636 0.705596 0.527866 0.707141 0.525829 0.711132 0.521578 0.714400 0.516427 0.715169 0.508907 0.714186 0.504840 0.711633 0.502756 0.708258 0.502525 0.706713 0.501110 0.704291 0.501548 0.703699 0.501241 0.701639 0.503047 0.696103 0.505161 0.692627 0.510081 0.690313
0 0.529827 0.251330 0.530419 0.251768 0.531449 0.251614 0.533225 0.252929 0.533741 0.252852 0.536624 0.254528 0.537962 0.256434 0.538116 0.257465 0.538708 0.257903 0.538939 0.259448 0.538500 0.260040 0.538808 0.262101 0.536771 0.266091 0.533911 0.268098 0.532881 0.268252 0.532443 0.268844 0.530382 0.269152 0.529790 0.268714 0.525669 0.269329 0.523893 0.268015 0.523224 0.267061 0.522916 0.265001 0.522324 0.264563 0.521993 0.258819 0.523799 0.253284 0.525345 0.253053 0.525783 0.252461 0.527843 0.252153 0.528282 0.251561
0 0.361459 0.728309 0.362051 0.728747 0.362567 0.728670 0.363159 0.729108 0.363674 0.729031 0.363751 0.729546 0.364343 0.729985 0.364497 0.731015 0.365089 0.731453 0.365781 0.736089 0.364905 0.737273 0.364982 0.737788 0.363667 0.739565 0.363152 0.739642 0.362714 0.740234 0.362122 0.739795 0.360061 0.740103 0.359469 0.739665 0.358439 0.739819 0.357847 0.739381 0.356817 0.739534 0.356225 0.739096 0.356148 0.738581 0.354887 0.737190 0.354271 0.733069 0.354709 0.732477 0.354632 0.731962 0.355071 0.731370 0.354994 0.730854 0.355432 0.730262 0.356977 0.730032 0.357415 0.729439 0.359476 0.729132 0.359914 0.728540
0 0.835477 0.280984 0.839083 0.280446 0.841297 0.281168 0.845519 0.284751 0.846342 0.286734 0.846934 0.287172 0.847472 0.290778 0.847034 0.291370 0.847188 0.292401 0.844997 0.295361 0.845074 0.295876 0.843090 0.296699 0.842652 0.297291 0.834410 0.298522 0.832196 0.297799 0.828052 0.294732 0.827744 0.292672 0.827152 0.292233 0.827282 0.289581 0.829165 0.284560 0.831871 0.281523
0 0.309653 0.793974 0.310246 0.794412 0.311791 0.794181 0.312898 0.794542 0.317042 0.797610 0.317196 0.798640 0.319126 0.800985 0.318765 0.802092 0.319150 0.804667 0.317474 0.807551 0.317113 0.808658 0.317344 0.810203 0.305496 0.811973 0.305265 0.810427 0.303927 0.808521 0.302743 0.807644 0.302512 0.806099 0.301920 0.805661 0.301535 0.803085 0.301974 0.802493 0.301743 0.800948 0.302181 0.800356 0.302027 0.799326 0.302903 0.798141 0.303626 0.795927 0.305533 0.794589
0 0.699976 0.667743 0.700569 0.668181 0.702629 0.667874 0.706696 0.670426 0.708703 0.673286 0.709396 0.677922 0.708958 0.678514 0.709188 0.680059 0.707743 0.684488 0.705991 0.686856 0.705037 0.687525 0.702977 0.687833 0.702539 0.688425 0.697903 0.689117 0.693989 0.687595 0.690721 0.683344 0.689644 0.676132 0.691397 0.673764 0.691320 0.673249 0.694387 0.669105 0.695340 0.668436
0 0.915058 0.482376 0.921263 0.485135 0.922086 0.487119 0.922678 0.487557 0.923447 0.492708 0.923009 0.493300 0.922878 0.495953 0.921126 0.498321 0.921203 0.498836 0.919888 0.500612 0.917028 0.502619 0.915921 0.502258 0.910770 0.503027 0.908555 0.502305 0.907371 0.501428 0.906626 0.499960 0.904849 0.498645 0.904180 0.497692 0.903949 0.496147 0.903358 0.495709 0.903695 0.490919 0.904572 0.489735 0.904856 0.488112 0.907485 0.484560 0.908438 0.483891 0.911014 0.483506 0.911452 0.482914
0 0.504021 0.293627 0.504613 0.294065 0.506158 0.293834 0.506751 0.294273 0.507781 0.294119 0.508965 0.294995 0.509480 0.294918 0.509557 0.295433 0.510149 0.295871 0.510303 0.296902 0.510895 0.297340 0.511510 0.301461 0.511072 0.302053 0.511226 0.303083 0.509112 0.306558 0.508597 0.306635 0.508159 0.307227 0.507129 0.307381 0.506690 0.307973 0.504115 0.308358 0.503523 0.307920 0.501977 0.308151 0.501385 0.307712 0.500870 0.307789 0.499094 0.306475 0.499017 0.305960 0.497756 0.304568 0.497294 0.301478 0.497733 0.300886 0.497502 0.299340 0.497940 0.298748 0.498224 0.297126 0.499101 0.295942 0.499616 0.295865 0.500054 0.295273 0.501084 0.295119 0.501522 0.294527 0.502553 0.294373 0.502991 0.293781
0 0.914460 0.654667 0.916675 0.655389 0.918451 0.656704 0.918528 0.657219 0.920973 0.659487 0.921642 0.660440 0.921873 0.661985 0.922465 0.662423 0.923003 0.666029 0.922565 0.666621 0.922719 0.667651 0.921843 0.668836 0.921328 0.668913 0.919060 0.671358 0.918106 0.672027 0.917076 0.672181 0.916638 0.672773 0.916046 0.672334 0.913470 0.672719 0.912878 0.672281 0.911333 0.672512 0.910226 0.672151 0.906673 0.669521 0.906520 0.668491 0.905927 0.668053 0.905466 0.664962 0.905904 0.664370 0.906034 0.661718 0.907272 0.659426 0.907195 0.658911 0.908587 0.657650 0.911085 0.656750 0.913945 0.654743
0 0.370779 0.314719 0.371371 0.315157 0.374462 0.314695 0.375054 0.315134 0.376599 0.314903 0.377860 0.316294 0.378014 0.317324 0.378606 0.317763 0.378760 0.318793 0.379352 0.319231 0.379814 0.322322 0.379014 0.324021 0.379168 0.325051 0.377854 0.326827 0.377339 0.326904 0.376900 0.327496 0.375870 0.327650 0.374479 0.328911 0.371903 0.329296 0.371311 0.328858 0.369689 0.328574 0.367913 0.327259 0.367836 0.326744 0.365906 0.324399 0.365752 0.323369 0.366190 0.322777 0.366036 0.321747 0.366474 0.321155 0.366320 0.320124 0.368073 0.317756 0.367996 0.317241 0.368873 0.316057 0.370341 0.315311
0 0.588172 0.596135 0.588764 0.596573 0.590825 0.596266 0.591417 0.596704 0.592447 0.596550 0.593039 0.596988 0.594661 0.597273 0.594738 0.597788 0.596514 0.599102 0.596668 0.600132 0.597260 0.600571 0.597414 0.601601 0.598006 0.602039 0.598237 0.603584 0.597799 0.604176 0.598030 0.605722 0.597591 0.606314 0.597461 0.608966 0.597023 0.609558 0.597100 0.610074 0.596585 0.610151 0.596146 0.610743 0.592026 0.611358 0.591587 0.611950 0.589527 0.612258 0.588935 0.611820 0.587312 0.611535 0.587236 0.611020 0.584198 0.608314 0.583583 0.604193 0.584021 0.603601 0.583867 0.602571 0.584305 0.601979 0.584590 0.600357 0.585904 0.598580 0.585827 0.598065 0.587657 0.596212
0 0.996856 0.638674 0.998397 0.639396 0.998397 0.640711 0.998397 0.641226 0.998397 0.643494 0.998397 0.644524 0.998397 0.644962 0.998397 0.647023 0.998397 0.647461 0.998397 0.648053 0.998397 0.649598 0.998397 0.651813 0.998397 0.653589 0.998397 0.653666 0.998397 0.654850 0.998397 0.656188 0.996896 0.656573 0.996304 0.656134 0.995274 0.656288 0.993060 0.655566 0.991283 0.654251 0.990614 0.653298 0.990461 0.652268 0.989868 0.651830 0.989638 0.650284 0.989046 0.649846 0.989484 0.649254 0.989099 0.646678 0.989822 0.644464 0.991136 0.642688 0.991059 0.642173 0.991574 0.642096 0.992889 0.640320 0.993842 0.639651 0.994872 0.639497 0.995311 0.638905
0 0.128903 0.690897 0.133047 0.693965 0.133124 0.694480 0.135054 0.696824 0.135746 0.701461 0.135308 0.702053 0.135462 0.703083 0.135024 0.703675 0.135101 0.704190 0.133786 0.705966 0.133271 0.706043 0.131880 0.707304 0.128274 0.707843 0.127682 0.707405 0.125106 0.707789 0.122738 0.706037 0.122661 0.705521 0.120731 0.703177 0.120423 0.701116 0.120861 0.700524 0.120477 0.697948 0.120915 0.697356 0.120761 0.696326 0.121199 0.695734 0.121122 0.695219 0.122875 0.692851 0.124420 0.692620 0.124859 0.692028 0.126404 0.691797 0.126842 0.691205
0 0.392885 0.677800 0.393477 0.678238 0.394507 0.678084 0.395099 0.678523 0.395614 0.678446 0.396206 0.678884 0.396721 0.678807 0.397905 0.679683 0.398598 0.684319 0.398160 0.684911 0.398237 0.685427 0.397798 0.686019 0.397875 0.686534 0.396999 0.687718 0.396484 0.687795 0.395092 0.689056 0.393547 0.689287 0.392955 0.688848 0.392440 0.688925 0.391848 0.688487 0.391333 0.688564 0.387188 0.685497 0.386958 0.683951 0.387396 0.683360 0.387242 0.682329 0.387680 0.681737 0.387603 0.681222 0.388118 0.681145 0.388995 0.679961 0.389510 0.679884 0.389948 0.679292 0.390463 0.679215 0.391854 0.677954
0 0.680074 0.301780 0.681258 0.302657 0.681335 0.303172 0.681927 0.303610 0.682004 0.304125 0.683265 0.305517 0.683572 0.307577 0.684164 0.308015 0.684395 0.309561 0.683957 0.310153 0.683673 0.311775 0.682358 0.313551 0.678237 0.314167 0.677645 0.313729 0.675585 0.314036 0.673809 0.312722 0.673732 0.312207 0.673140 0.311769 0.672370 0.306617 0.672808 0.306025 0.672731 0.305510 0.673608 0.304326 0.673531 0.303811 0.674046 0.303734 0.674484 0.303142 0.677060 0.302757 0.677498 0.302165
0 0.261475 0.619489 0.262067 0.619927 0.267011 0.621295 0.268195 0.622171 0.268272 0.622686 0.268864 0.623125 0.269480 0.627246 0.269042 0.627838 0.269272 0.629383 0.268834 0.629975 0.268911 0.630490 0.268396 0.630567 0.266643 0.632935 0.266720 0.633450 0.266282 0.634043 0.265767 0.634119 0.265329 0.634712 0.264298 0.634865 0.263860 0.635457 0.261800 0.635765 0.261208 0.635327 0.260177 0.635481 0.259585 0.635043 0.258555 0.635197 0.257963 0.634758 0.257448 0.634835 0.254488 0.632644 0.254411 0.632129 0.253819 0.631691 0.253280 0.628085 0.253718 0.627493 0.253411 0.625433 0.255602 0.622472 0.256117 0.622396 0.258461 0.620466 0.259492 0.620312 0.259930 0.619720
0 0.177662 0.759973 0.179438 0.761288 0.179515 0.761803 0.180776 0.763194 0.181161 0.765770 0.181753 0.766208 0.181907 0.767238 0.181469 0.767830 0.181776 0.769891 0.181338 0.770483 0.181492 0.771513 0.179739 0.773881 0.178194 0.774112 0.177756 0.774704 0.174665 0.775166 0.174227 0.775758 0.173712 0.775835 0.173120 0.775397 0.172090 0.775551 0.169721 0.773798 0.169644 0.773283 0.169052 0.772845 0.168591 0.769754 0.169029 0.769162 0.168798 0.767616 0.169236 0.767024 0.169005 0.765479 0.171196 0.762519 0.171712 0.762442 0.172150 0.761850 0.175240 0.761388 0.175679 0.760796 0.177224 0.760565
0 0.921345 0.312921 0.921937 0.313359 0.923998 0.313052 0.924590 0.313490 0.925620 0.313336 0.926212 0.313774 0.927242 0.313620 0.928349 0.313981 0.928427 0.314497 0.930795 0.316249 0.932133 0.318156 0.932287 0.319186 0.932879 0.319624 0.932440 0.320216 0.932902 0.323307 0.931303 0.326706 0.930350 0.327375 0.929320 0.327528 0.928882 0.328120 0.925353 0.329174 0.924914 0.329766 0.922339 0.330151 0.921747 0.329713 0.920717 0.329867 0.919609 0.329505 0.916649 0.327314 0.915980 0.326361 0.915519 0.323270 0.914926 0.322832 0.915288 0.321725 0.915134 0.320695 0.915495 0.319588 0.919439 0.314259 0.920907 0.313513
0 0.942174 0.321922 0.942766 0.322360 0.943797 0.322207 0.946011 0.322929 0.948971 0.325120 0.949486 0.325043 0.951855 0.326796 0.952677 0.328779 0.953938 0.330171 0.954039 0.334369 0.951848 0.337329 0.949941 0.338667 0.947443 0.339567 0.947004 0.340159 0.945459 0.340390 0.945021 0.340982 0.944429 0.340544 0.942883 0.340774 0.942291 0.340336 0.940154 0.340129 0.938970 0.339252 0.938455 0.339329 0.936010 0.337061 0.935702 0.335001 0.936140 0.334409 0.935678 0.331318 0.936117 0.330726 0.936324 0.328589 0.939314 0.323929 0.939830 0.323852 0.940706 0.322668 0.941736 0.322514
0 0.190623 0.585836 0.192322 0.586635 0.193352 0.586481 0.195720 0.588234 0.197935 0.588957 0.199273 0.590863 0.199427 0.591893 0.200019 0.592332 0.200634 0.596453 0.200196 0.597045 0.200504 0.599105 0.200065 0.599697 0.200219 0.600727 0.197075 0.604357 0.196045 0.604511 0.195607 0.605103 0.189940 0.605949 0.189348 0.605511 0.187288 0.605818 0.187211 0.605303 0.184766 0.603036 0.183943 0.601052 0.182682 0.599661 0.182143 0.596055 0.181551 0.595616 0.181989 0.595024 0.181759 0.593479 0.182197 0.592887 0.182043 0.591857 0.185110 0.587712 0.186655 0.587482 0.187094 0.586890 0.190184 0.586428
0 0.092437 0.319817 0.093029 0.320255 0.094574 0.320025 0.098488 0.321546 0.099518 0.321393 0.103071 0.324022 0.104409 0.325928 0.105539 0.329972 0.104455 0.333294 0.101311 0.336923 0.099766 0.337154 0.099328 0.337746 0.096752 0.338131 0.096314 0.338723 0.093661 0.338592 0.091370 0.337355 0.089748 0.337070 0.084934 0.333050 0.084165 0.327899 0.085172 0.324062 0.087440 0.321617 0.090015 0.321232 0.090453 0.320640 0.091999 0.320409
0 0.562688 0.252741 0.563280 0.253180 0.564825 0.252949 0.565417 0.253387 0.566447 0.253233 0.567039 0.253671 0.568662 0.253956 0.568739 0.254471 0.569331 0.254909 0.569485 0.255939 0.570077 0.256377 0.570769 0.261013 0.570331 0.261605 0.570485 0.262636 0.570046 0.263228 0.570123 0.263743 0.569247 0.264927 0.568732 0.265004 0.567340 0.266265 0.566310 0.266419 0.565872 0.267011 0.563812 0.267319 0.563219 0.266880 0.562189 0.267034 0.561597 0.266596 0.559975 0.266312 0.559383 0.265874 0.559229 0.264843 0.557968 0.263452 0.557199 0.258301 0.557637 0.257709 0.557560 0.257194 0.558436 0.256009 0.558359 0.255494 0.558797 0.254902 0.559313 0.254825 0.560704 0.253564 0.561734 0.253410 0.562172 0.252818
0 0.860963 0.419889 0.861555 0.420327 0.862585 0.420174 0.866499 0.421695 0.866576 0.422211 0.867760 0.423087 0.868145 0.425663 0.868737 0.426101 0.868968 0.427646 0.868529 0.428238 0.868683 0.429268 0.868245 0.429860 0.868399 0.430891 0.864817 0.435112 0.864301 0.435189 0.863863 0.435781 0.862833 0.435935 0.862395 0.436527 0.860850 0.436758 0.860258 0.436320 0.858712 0.436550 0.858120 0.436112 0.857090 0.436266 0.854799 0.435028 0.854722 0.434513 0.854130 0.434075 0.853976 0.433045 0.853384 0.432607 0.852845 0.429001 0.853283 0.428409 0.853129 0.427379 0.853568 0.426787 0.853414 0.425756 0.853852 0.425164 0.853775 0.424649 0.854290 0.424572 0.856043 0.422204 0.856558 0.422127 0.858388 0.420274
0 0.337861 0.290007 0.341210 0.289507 0.343424 0.290230 0.346307 0.291905 0.347930 0.292190 0.349114 0.293066 0.349268 0.294096 0.349860 0.294534 0.350398 0.298140 0.349960 0.298732 0.350191 0.300278 0.349830 0.301385 0.346839 0.306044 0.344933 0.307382 0.339266 0.308229 0.338674 0.307790 0.337129 0.308021 0.336022 0.307660 0.334838 0.306784 0.334092 0.305315 0.332908 0.304439 0.331570 0.302532 0.331339 0.300987 0.330747 0.300549 0.330646 0.296351 0.332168 0.292437 0.334513 0.290507
0 0.740307 0.257283 0.742883 0.256898 0.743475 0.257336 0.745020 0.257105 0.746204 0.257982 0.746719 0.257905 0.748495 0.259219 0.749910 0.261641 0.751094 0.262517 0.751633 0.266123 0.750834 0.267823 0.750987 0.268853 0.750626 0.269960 0.747044 0.274181 0.745499 0.274412 0.744906 0.273974 0.740270 0.274666 0.737387 0.272991 0.736872 0.273068 0.735611 0.271676 0.735380 0.270131 0.734119 0.268739 0.733811 0.266679 0.734249 0.266087 0.734019 0.264541 0.734457 0.263949 0.734587 0.261297 0.737731 0.257667
0 0.608877 0.600778 0.609469 0.601216 0.610499 0.601063 0.611683 0.601939 0.613305 0.602223 0.615082 0.603538 0.615235 0.604568 0.615828 0.605006 0.616058 0.606552 0.616650 0.606990 0.616212 0.607582 0.616366 0.608612 0.615928 0.609204 0.616159 0.610750 0.614921 0.613041 0.614998 0.613556 0.613684 0.615332 0.613168 0.615409 0.611777 0.616670 0.609201 0.617055 0.608609 0.616617 0.607579 0.616770 0.606987 0.616332 0.606472 0.616409 0.605288 0.615533 0.605211 0.615018 0.603358 0.613188 0.602588 0.608037 0.603027 0.607445 0.603672 0.604715 0.605863 0.601755 0.606378 0.601678 0.606816 0.601086
0 0.972055 0.433840 0.973239 0.434717 0.973316 0.435232 0.974500 0.436108 0.974577 0.436623 0.975169 0.437061 0.975477 0.439122 0.976069 0.439560 0.976300 0.441105 0.975862 0.441697 0.976170 0.443758 0.975293 0.444942 0.975370 0.445457 0.973618 0.447825 0.971557 0.448133 0.971119 0.448725 0.966483 0.449418 0.962930 0.446789 0.962700 0.445243 0.962108 0.444805 0.961800 0.442745 0.962238 0.442152 0.962368 0.439500 0.962807 0.438908 0.962730 0.438393 0.963606 0.437209 0.964121 0.437132 0.965436 0.435356 0.968011 0.434971 0.968449 0.434379
0 0.567858 0.590580 0.568450 0.591018 0.568965 0.590941 0.570149 0.591817 0.570303 0.592848 0.570895 0.593286 0.571126 0.594831 0.571718 0.595270 0.571795 0.595785 0.571357 0.596377 0.571664 0.598437 0.571226 0.599029 0.571303 0.599544 0.570865 0.600136 0.570350 0.600213 0.568958 0.601474 0.568443 0.601551 0.567851 0.601113 0.566306 0.601344 0.565714 0.600906 0.564683 0.601060 0.564091 0.600621 0.563576 0.600698 0.562315 0.599307 0.561623 0.594671 0.562061 0.594079 0.561984 0.593564 0.562499 0.593487 0.563376 0.592303 0.564406 0.592149 0.564844 0.591557 0.565874 0.591403 0.566312 0.590811
0 0.283316 0.289728 0.285015 0.290528 0.286045 0.290374 0.288336 0.291611 0.288490 0.292642 0.289751 0.294033 0.290367 0.298154 0.289129 0.300445 0.289206 0.300960 0.288407 0.302660 0.287891 0.302737 0.286500 0.303998 0.285470 0.304152 0.285032 0.304744 0.284516 0.304821 0.283924 0.304382 0.281349 0.304767 0.280757 0.304329 0.279727 0.304483 0.279134 0.304045 0.278619 0.304121 0.275582 0.301415 0.275121 0.298325 0.275559 0.297733 0.275328 0.296187 0.275766 0.295595 0.276412 0.292866 0.277803 0.291605 0.278833 0.291451 0.279272 0.290859 0.281332 0.290551 0.281770 0.289959
0 0.481719 0.620297 0.482311 0.620735 0.482826 0.620658 0.484602 0.621973 0.485118 0.621896 0.488155 0.624602 0.488309 0.625632 0.488901 0.626070 0.489285 0.628646 0.488847 0.629238 0.489078 0.630783 0.486526 0.634851 0.486011 0.634928 0.483666 0.636858 0.479030 0.637550 0.478438 0.637112 0.476893 0.637343 0.474524 0.635590 0.474063 0.632499 0.473471 0.632061 0.473909 0.631469 0.473370 0.627863 0.473808 0.627271 0.473655 0.626241 0.474093 0.625649 0.473939 0.624619 0.474377 0.624026 0.474300 0.623511 0.475176 0.622327 0.475692 0.622250 0.476130 0.621658 0.477675 0.621427 0.478113 0.620835
0 0.738930 0.480771 0.739522 0.481209 0.740553 0.481055 0.744389 0.482062 0.747350 0.484253 0.748688 0.486160 0.749587 0.488659 0.750179 0.489097 0.750641 0.492187 0.749480 0.494994 0.749634 0.496024 0.747366 0.498469 0.745821 0.498700 0.742446 0.500784 0.741416 0.500938 0.740824 0.500500 0.738763 0.500807 0.738171 0.500369 0.735596 0.500754 0.734488 0.500393 0.732120 0.498640 0.731966 0.497610 0.730628 0.495703 0.730013 0.491582 0.730451 0.490990 0.730581 0.488337 0.732542 0.483832 0.734525 0.483009 0.734963 0.482417 0.736509 0.482186 0.738415 0.480848
0 0.270731 0.684986 0.271323 0.685424 0.271400 0.685939 0.273768 0.687692 0.273999 0.689237 0.274591 0.689675 0.275438 0.695342 0.274999 0.695934 0.275230 0.697479 0.274792 0.698071 0.274869 0.698586 0.273039 0.700439 0.266343 0.701440 0.264051 0.700202 0.263974 0.699687 0.261375 0.696389 0.261068 0.694328 0.260476 0.693890 0.260322 0.692860 0.260760 0.692268 0.261405 0.689538 0.261844 0.688946 0.262359 0.688869 0.263673 0.687093 0.264188 0.687016 0.264627 0.686424 0.268232 0.685886 0.268671 0.685294
0 0.025857 0.413492 0.028947 0.413031 0.031316 0.414784 0.031393 0.415299 0.032577 0.416175 0.032654 0.416690 0.033915 0.418082 0.034222 0.420142 0.034814 0.420580 0.034376 0.421172 0.034915 0.424778 0.033162 0.427146 0.032647 0.427223 0.031255 0.428484 0.025074 0.429408 0.022783 0.428170 0.022268 0.428247 0.020491 0.426932 0.019592 0.424434 0.018331 0.423042 0.018769 0.422450 0.018538 0.420905 0.018976 0.420313 0.018822 0.419283 0.019260 0.418691 0.019545 0.417068 0.021297 0.414700 0.022328 0.414546 0.022766 0.413954
0 0.545029 0.649284 0.545621 0.649722 0.548274 0.649852 0.552495 0.653435 0.553318 0.655418 0.553910 0.655856 0.554525 0.659977 0.554087 0.660569 0.554395 0.662630 0.553234 0.665436 0.551251 0.666259 0.550812 0.666851 0.549782 0.667005 0.549344 0.667597 0.548314 0.667751 0.547876 0.668343 0.544785 0.668805 0.544193 0.668366 0.539995 0.668467 0.537627 0.666714 0.535620 0.663854 0.535081 0.660248 0.534489 0.659810 0.534927 0.659218 0.534620 0.657158 0.535058 0.656566 0.534904 0.655535 0.536657 0.653167 0.540470 0.650491 0.542015 0.650260 0.542453 0.649668
0 0.161456 0.771346 0.162048 0.771784 0.164777 0.772430 0.165962 0.773306 0.166115 0.774336 0.167376 0.775728 0.167761 0.778304 0.167323 0.778896 0.167554 0.780441 0.166239 0.782217 0.165724 0.782294 0.164848 0.783478 0.164333 0.783555 0.163895 0.784147 0.156683 0.785224 0.156245 0.785816 0.155061 0.784940 0.154984 0.784425 0.154392 0.783987 0.154161 0.782441 0.153569 0.782003 0.154007 0.781411 0.153699 0.779351 0.154137 0.778759 0.154422 0.777136 0.155298 0.775952 0.155582 0.774330 0.156020 0.773738 0.156536 0.773661 0.157412 0.772477 0.158442 0.772323 0.158880 0.771731
0 0.102958 0.503086 0.103550 0.503524 0.106126 0.503140 0.108932 0.504300 0.109086 0.505331 0.109678 0.505769 0.109832 0.506799 0.110424 0.507237 0.110655 0.508782 0.110217 0.509374 0.110601 0.511950 0.109287 0.513726 0.109364 0.514241 0.108925 0.514833 0.107895 0.514987 0.107457 0.515579 0.104881 0.515964 0.104443 0.516556 0.101868 0.516941 0.101276 0.516503 0.100760 0.516580 0.098392 0.514827 0.098315 0.514312 0.097723 0.513873 0.097185 0.510268 0.096593 0.509830 0.097392 0.508130 0.097238 0.507100 0.097676 0.506508 0.097599 0.505993 0.098476 0.504809 0.098991 0.504732 0.100382 0.503471
0 0.905313 0.293725 0.905905 0.294163 0.906935 0.294009 0.907527 0.294447 0.908042 0.294370 0.909819 0.295685 0.910334 0.295608 0.910926 0.296046 0.911003 0.296561 0.912187 0.297438 0.912341 0.298468 0.912933 0.298906 0.913087 0.299936 0.913679 0.300374 0.913240 0.300966 0.913471 0.302512 0.913033 0.303104 0.913187 0.304134 0.911434 0.306502 0.910919 0.306579 0.908574 0.308509 0.906514 0.308817 0.905922 0.308379 0.903269 0.308248 0.902677 0.307810 0.901055 0.307526 0.900978 0.307011 0.899717 0.305619 0.898947 0.300468 0.899386 0.299876 0.899232 0.298846 0.899670 0.298254 0.899593 0.297739 0.900908 0.295963 0.901423 0.295886 0.901861 0.295294 0.902891 0.295140 0.903329 0.294548 0.904875 0.294317
0 0.887985 0.696010 0.890200 0.696733 0.891976 0.698047 0.892053 0.698562 0.893237 0.699439 0.894575 0.701345 0.894806 0.702891 0.895398 0.703329 0.896167 0.708480 0.895083 0.711802 0.894568 0.711878 0.893254 0.713655 0.891347 0.714993 0.886711 0.715685 0.886119 0.715247 0.884059 0.715555 0.881690 0.713802 0.881021 0.712849 0.880791 0.711303 0.880198 0.710865 0.879275 0.704684 0.879713 0.704092 0.879483 0.702546 0.881520 0.698556 0.882550 0.698402 0.882988 0.697810 0.884533 0.697579 0.884972 0.696987 0.886517 0.696756 0.886955 0.696164
0 0.878377 0.494173 0.883321 0.495542 0.886282 0.497732 0.887619 0.499639 0.887773 0.500669 0.888365 0.501107 0.888927 0.508396 0.887098 0.510249 0.886068 0.510403 0.885629 0.510995 0.883054 0.511380 0.882616 0.511972 0.878495 0.512587 0.876795 0.511788 0.875765 0.511942 0.872444 0.510858 0.871183 0.509467 0.871029 0.508436 0.870437 0.507998 0.869975 0.504907 0.869383 0.504469 0.869798 0.500194 0.871550 0.497826 0.875802 0.494558
0 0.163042 0.337709 0.163634 0.338147 0.165695 0.337839 0.167394 0.338639 0.167471 0.339154 0.169401 0.341498 0.170247 0.347165 0.169809 0.347757 0.169525 0.349379 0.168648 0.350563 0.168725 0.351078 0.168210 0.351155 0.166819 0.352416 0.165273 0.352647 0.164835 0.353239 0.161744 0.353701 0.161152 0.353263 0.159530 0.352978 0.157677 0.351149 0.157523 0.350118 0.156931 0.349680 0.156777 0.348650 0.156185 0.348212 0.155569 0.344091 0.156446 0.342907 0.156730 0.341285 0.158045 0.339508 0.158560 0.339431 0.159951 0.338170
0 0.638936 0.266104 0.639527 0.266542 0.642618 0.266081 0.645502 0.267756 0.648178 0.271570 0.650031 0.273399 0.650338 0.275460 0.650931 0.275898 0.651238 0.277958 0.650155 0.281280 0.648402 0.283648 0.645027 0.285732 0.643920 0.285371 0.641344 0.285755 0.640752 0.285317 0.638691 0.285625 0.638099 0.285187 0.637069 0.285341 0.634186 0.283665 0.632771 0.281243 0.631587 0.280367 0.630894 0.275731 0.631333 0.275139 0.631179 0.274108 0.632624 0.269680 0.635330 0.266643
0 0.253195 0.394810 0.258885 0.397646 0.259400 0.397569 0.262076 0.401382 0.262230 0.402413 0.261792 0.403005 0.262176 0.405580 0.261454 0.407795 0.259263 0.410755 0.255965 0.413354 0.254419 0.413585 0.253827 0.413146 0.250222 0.413685 0.248007 0.412962 0.245639 0.411210 0.244816 0.409226 0.243555 0.407835 0.243016 0.404229 0.243455 0.403637 0.243224 0.402092 0.243662 0.401499 0.243869 0.399362 0.246575 0.396325 0.250696 0.395709 0.251135 0.395117
0 0.145696 0.401386 0.146288 0.401825 0.149378 0.401363 0.151593 0.402085 0.153369 0.403400 0.155376 0.406260 0.155530 0.407290 0.156122 0.407728 0.156583 0.410819 0.156145 0.411411 0.156376 0.412956 0.156015 0.414064 0.153386 0.417616 0.152432 0.418285 0.145736 0.419285 0.145144 0.418847 0.144114 0.419001 0.142337 0.417686 0.140123 0.416964 0.138862 0.415572 0.137216 0.411605 0.137654 0.411013 0.137270 0.408438 0.138069 0.406738 0.137915 0.405708 0.139745 0.403855 0.141729 0.403032 0.143120 0.401771
0 0.942102 0.518885 0.942694 0.519324 0.945270 0.518939 0.945862 0.519377 0.946377 0.519300 0.948153 0.520615 0.948230 0.521130 0.948822 0.521568 0.948976 0.522598 0.949568 0.523036 0.949722 0.524067 0.950314 0.524505 0.950391 0.525020 0.949953 0.525612 0.950337 0.528188 0.949899 0.528780 0.949976 0.529295 0.947785 0.532255 0.940573 0.533332 0.938205 0.531579 0.938128 0.531064 0.937536 0.530626 0.937382 0.529596 0.936790 0.529158 0.936482 0.527097 0.935890 0.526659 0.935813 0.526144 0.936252 0.525552 0.935867 0.522976 0.936305 0.522384 0.936228 0.521869 0.937543 0.520093 0.938058 0.520016 0.938496 0.519424
0 0.623137 0.653943 0.624836 0.654742 0.625866 0.654588 0.630295 0.656033 0.630372 0.656548 0.633409 0.659254 0.633947 0.662860 0.632633 0.664636 0.632710 0.665151 0.631034 0.668035 0.630519 0.668112 0.627375 0.671741 0.625468 0.673079 0.622816 0.672949 0.618902 0.671427 0.617126 0.670112 0.616457 0.669159 0.616226 0.667613 0.614888 0.665707 0.614788 0.661509 0.615871 0.658187 0.621591 0.654173
0 0.289252 0.678533 0.289844 0.678972 0.291389 0.678741 0.291981 0.679179 0.293604 0.679463 0.295972 0.681216 0.296126 0.682246 0.297387 0.683638 0.297464 0.684153 0.297026 0.684745 0.297179 0.685775 0.296741 0.686367 0.296972 0.687913 0.294781 0.690873 0.294266 0.690950 0.292875 0.692211 0.291844 0.692365 0.291406 0.692957 0.290891 0.693034 0.290299 0.692595 0.289269 0.692749 0.288085 0.691873 0.287570 0.691950 0.285793 0.690635 0.285716 0.690120 0.285124 0.689682 0.284817 0.687622 0.284225 0.687183 0.284071 0.686153 0.284509 0.685561 0.284355 0.684531 0.284793 0.683939 0.284639 0.682909 0.286830 0.679948 0.287345 0.679871 0.288737 0.678610
0 0.150676 0.425920 0.154025 0.425420 0.160745 0.428102 0.166381 0.434106 0.166866 0.440880 0.165705 0.443686 0.165859 0.444717 0.163745 0.448192 0.159417 0.450945 0.153235 0.451868 0.149476 0.451376 0.144224 0.447948 0.142217 0.445088 0.141986 0.443543 0.141394 0.443104 0.140548 0.437438 0.141117 0.434194 0.144107 0.429534 0.147328 0.426420
0 0.370539 0.378337 0.373887 0.377837 0.375663 0.379151 0.376178 0.379074 0.377954 0.380389 0.378031 0.380904 0.379961 0.383249 0.380115 0.384279 0.379677 0.384871 0.379831 0.385901 0.379393 0.386493 0.379108 0.388115 0.378232 0.389300 0.377948 0.390922 0.377071 0.392106 0.376556 0.392183 0.376118 0.392775 0.370452 0.393621 0.370014 0.394213 0.369422 0.393775 0.368391 0.393929 0.367207 0.393053 0.366692 0.393130 0.366538 0.392099 0.364608 0.389755 0.363916 0.385119 0.364354 0.384526 0.364046 0.382466 0.365799 0.380098 0.366314 0.380021 0.367190 0.378837
0 0.750190 0.594944 0.750782 0.595382 0.751812 0.595228 0.752405 0.595666 0.754027 0.595951 0.755211 0.596827 0.755365 0.597857 0.755957 0.598295 0.756034 0.598810 0.756626 0.599249 0.756780 0.600279 0.757372 0.600717 0.756934 0.601309 0.757395 0.604400 0.755642 0.606768 0.755127 0.606845 0.752783 0.608775 0.750722 0.609083 0.750130 0.608645 0.749100 0.608799 0.748508 0.608360 0.746885 0.608076 0.745701 0.607200 0.745186 0.607277 0.745109 0.606762 0.744517 0.606323 0.744363 0.605293 0.743771 0.604855 0.743540 0.603310 0.742948 0.602871 0.743387 0.602279 0.743156 0.600734 0.743594 0.600142 0.743440 0.599112 0.744316 0.597928 0.744832 0.597851 0.747176 0.595921 0.748722 0.595690 0.749160 0.595098
0 0.375884 0.437045 0.378099 0.437768 0.380467 0.439520 0.380544 0.440036 0.384019 0.442150 0.384688 0.443103 0.384919 0.444648 0.385511 0.445086 0.385973 0.448177 0.385534 0.448769 0.385688 0.449799 0.385250 0.450391 0.385404 0.451422 0.384681 0.453636 0.384166 0.453713 0.382414 0.456081 0.379400 0.457058 0.378962 0.457650 0.378370 0.457212 0.376824 0.457443 0.375717 0.457081 0.371573 0.454014 0.371419 0.452984 0.370081 0.451077 0.369696 0.448502 0.369104 0.448063 0.369004 0.443866 0.370756 0.441497 0.372225 0.440751 0.373978 0.438383 0.375446 0.437637
0 0.610315 0.525785 0.612014 0.526584 0.613044 0.526430 0.613636 0.526869 0.615258 0.527153 0.616443 0.528029 0.616519 0.528544 0.617781 0.529936 0.618165 0.532511 0.617727 0.533104 0.618419 0.537740 0.617981 0.538332 0.615921 0.538639 0.615483 0.539231 0.613422 0.539539 0.612984 0.540131 0.611439 0.540362 0.610846 0.539924 0.609816 0.540078 0.609224 0.539640 0.607602 0.539355 0.607010 0.538917 0.606933 0.538402 0.605157 0.537087 0.605080 0.536572 0.604488 0.536134 0.604257 0.534589 0.604695 0.533997 0.604387 0.531936 0.605264 0.530752 0.605187 0.530237 0.606063 0.529053 0.605986 0.528538 0.606424 0.527946 0.607893 0.527200 0.608769 0.526016
0 0.085919 0.568824 0.086511 0.569262 0.088134 0.569547 0.090502 0.571299 0.091017 0.571222 0.092278 0.572614 0.092970 0.577250 0.092532 0.577842 0.092248 0.579464 0.090933 0.581241 0.090418 0.581317 0.089980 0.581910 0.088950 0.582063 0.088512 0.582655 0.085421 0.583117 0.084829 0.582679 0.083799 0.582833 0.080915 0.581157 0.080838 0.580642 0.078908 0.578297 0.078678 0.576752 0.079116 0.576160 0.078885 0.574614 0.080200 0.572838 0.080715 0.572761 0.082906 0.569801 0.083421 0.569724 0.083859 0.569132
0 0.632650 0.678852 0.635971 0.679936 0.637747 0.681251 0.639370 0.681535 0.640554 0.682411 0.640631 0.682926 0.641815 0.683803 0.642792 0.686816 0.643384 0.687255 0.643538 0.688285 0.643099 0.688877 0.643715 0.692998 0.643277 0.693590 0.643430 0.694620 0.641163 0.697065 0.639102 0.697373 0.638664 0.697965 0.636604 0.698273 0.636165 0.698865 0.635135 0.699019 0.631814 0.697935 0.627746 0.695383 0.626408 0.693476 0.626023 0.690901 0.625431 0.690463 0.625201 0.688917 0.625639 0.688325 0.625254 0.685750 0.626130 0.684565 0.626054 0.684050 0.627368 0.682274 0.632135 0.678929
0 0.430544 0.542103 0.434381 0.543109 0.437933 0.545739 0.438087 0.546769 0.438679 0.547207 0.438987 0.549267 0.439579 0.549706 0.439218 0.550813 0.439680 0.553903 0.438957 0.556118 0.437643 0.557894 0.436174 0.558640 0.433906 0.561085 0.427287 0.562600 0.426179 0.562239 0.422627 0.559610 0.421958 0.558657 0.421804 0.557626 0.420543 0.556235 0.420904 0.555128 0.420443 0.552037 0.421242 0.550338 0.421088 0.549308 0.424594 0.544571 0.427608 0.543594 0.428046 0.543002 0.429591 0.542772 0.430029 0.542180
0 0.095229 0.752801 0.098063 0.752377 0.098655 0.752816 0.099170 0.752739 0.100946 0.754053 0.101023 0.754568 0.102953 0.756913 0.103030 0.757428 0.102592 0.758020 0.102976 0.760596 0.102538 0.761188 0.102254 0.762810 0.100578 0.765694 0.100063 0.765770 0.095812 0.769038 0.094266 0.769269 0.090791 0.767155 0.090714 0.766640 0.090122 0.766202 0.089891 0.764657 0.089299 0.764219 0.089145 0.763188 0.088553 0.762750 0.088476 0.762235 0.088914 0.761643 0.088530 0.759067 0.089406 0.757883 0.089329 0.757368 0.090205 0.756184 0.090129 0.755669 0.091443 0.753893 0.091958 0.753816 0.092396 0.753224
0 0.944432 0.375826 0.945024 0.376264 0.946055 0.376110 0.946647 0.376548 0.947677 0.376395 0.948269 0.376833 0.950406 0.377040 0.952775 0.378793 0.954782 0.381653 0.955013 0.383198 0.955605 0.383636 0.956066 0.386727 0.955628 0.387319 0.955859 0.388864 0.955498 0.389972 0.952792 0.393009 0.948671 0.393624 0.948232 0.394216 0.945657 0.394601 0.945065 0.394163 0.942927 0.393955 0.939890 0.391249 0.938913 0.388236 0.938321 0.387797 0.938167 0.386767 0.938606 0.386175 0.938221 0.383600 0.939459 0.381308 0.939743 0.379686 0.941057 0.377910 0.941573 0.377833 0.943402 0.375980
0 0.919858 0.426365 0.920450 0.426803 0.920965 0.426726 0.925109 0.429793 0.925263 0.430823 0.925855 0.431262 0.926009 0.432292 0.926601 0.432730 0.926832 0.434275 0.926394 0.434867 0.926701 0.436928 0.925387 0.438704 0.924872 0.438781 0.923480 0.440042 0.922450 0.440196 0.922012 0.440788 0.919951 0.441096 0.919359 0.440658 0.918329 0.440811 0.917737 0.440373 0.916115 0.440089 0.914930 0.439213 0.914854 0.438697 0.913593 0.437306 0.913439 0.436276 0.912847 0.435838 0.912385 0.432747 0.912823 0.432155 0.912669 0.431125 0.913107 0.430532 0.913623 0.430456 0.914937 0.428679 0.915452 0.428602 0.917797 0.426672
0 0.808430 0.290290 0.809022 0.290728 0.810052 0.290574 0.810645 0.291013 0.811675 0.290859 0.812267 0.291297 0.813889 0.291581 0.815073 0.292458 0.815150 0.292973 0.815742 0.293411 0.815973 0.294956 0.816565 0.295394 0.817258 0.300030 0.815505 0.302399 0.814990 0.302476 0.814552 0.303068 0.813521 0.303222 0.813083 0.303814 0.811538 0.304044 0.811100 0.304636 0.809039 0.304944 0.808447 0.304506 0.807417 0.304660 0.806825 0.304222 0.805202 0.303937 0.803426 0.302623 0.803195 0.301078 0.802603 0.300639 0.802142 0.297549 0.802580 0.296957 0.802349 0.295411 0.803226 0.294227 0.803149 0.293712 0.803664 0.293635 0.804978 0.291859 0.805493 0.291782 0.805932 0.291190 0.806962 0.291036 0.807400 0.290444
0 0.531104 0.637145 0.531696 0.637583 0.533756 0.637275 0.534348 0.637714 0.535379 0.637560 0.536563 0.638436 0.536640 0.638951 0.537901 0.640343 0.538593 0.644979 0.538155 0.645571 0.538232 0.646086 0.536917 0.647862 0.530736 0.648785 0.529552 0.647909 0.529475 0.647394 0.528214 0.646002 0.527829 0.643427 0.527237 0.642989 0.527083 0.641958 0.527521 0.641366 0.527291 0.639821 0.527729 0.639229 0.527652 0.638714 0.528528 0.637530
0 0.928881 0.698328 0.929473 0.698766 0.933078 0.698228 0.937223 0.701295 0.938354 0.705339 0.938945 0.705777 0.939638 0.710413 0.939200 0.711005 0.939431 0.712550 0.936286 0.716180 0.936517 0.717725 0.922609 0.719802 0.922378 0.718257 0.920371 0.715397 0.919756 0.711276 0.920194 0.710684 0.920170 0.707001 0.920970 0.705302 0.921177 0.703165 0.923084 0.701827 0.924398 0.700051 0.926382 0.699228 0.926820 0.698636
0 0.924278 0.195049 0.924870 0.195487 0.927961 0.195026 0.928553 0.195464 0.929583 0.195310 0.930690 0.195671 0.933059 0.197424 0.933728 0.198377 0.933881 0.199407 0.934473 0.199846 0.934781 0.201906 0.935373 0.202344 0.934935 0.202936 0.935320 0.205512 0.934959 0.206619 0.932329 0.210171 0.929754 0.210556 0.929316 0.211148 0.924164 0.211918 0.923572 0.211479 0.922027 0.211710 0.919067 0.209519 0.918913 0.208489 0.918321 0.208051 0.917551 0.202900 0.917990 0.202308 0.917836 0.201277 0.918712 0.200093 0.918635 0.199578 0.920826 0.196618 0.922733 0.195280
0 0.065860 0.564974 0.066452 0.565412 0.069181 0.566058 0.072065 0.567734 0.072295 0.569279 0.072888 0.569717 0.073349 0.572808 0.072911 0.573400 0.073142 0.574945 0.072265 0.576130 0.071750 0.576207 0.068452 0.578806 0.067422 0.578959 0.066984 0.579552 0.062117 0.578699 0.060341 0.577384 0.060187 0.576354 0.059595 0.575916 0.059364 0.574370 0.058772 0.573932 0.059210 0.573340 0.059056 0.572310 0.059494 0.571718 0.059779 0.570095 0.062846 0.565951 0.063361 0.565874 0.063799 0.565282
0 0.573010 0.219603 0.573602 0.220041 0.575147 0.219810 0.575739 0.220249 0.576770 0.220095 0.577877 0.220456 0.579653 0.221771 0.580991 0.223677 0.581145 0.224707 0.581737 0.225146 0.582045 0.227206 0.581606 0.227798 0.581837 0.229343 0.581476 0.230451 0.579723 0.232819 0.577817 0.234157 0.576271 0.234388 0.575833 0.234980 0.573258 0.235364 0.572819 0.235956 0.572227 0.235518 0.569575 0.235388 0.567207 0.233635 0.567130 0.233120 0.565945 0.232244 0.565792 0.231213 0.565199 0.230775 0.564969 0.229230 0.564377 0.228792 0.564868 0.225032 0.569919 0.220065
0 0.853305 0.640103 0.853897 0.640541 0.854927 0.640387 0.855519 0.640826 0.856034 0.640749 0.859587 0.643378 0.859664 0.643893 0.860256 0.644331 0.860409 0.645361 0.861002 0.645799 0.861309 0.647860 0.860871 0.648452 0.860225 0.651182 0.858473 0.653550 0.857958 0.653627 0.856566 0.654888 0.851930 0.655580 0.851338 0.655142 0.849278 0.655450 0.846317 0.653259 0.846009 0.651198 0.845417 0.650760 0.845187 0.649215 0.845625 0.648623 0.845394 0.647077 0.845832 0.646485 0.845678 0.645455 0.847431 0.643087 0.847946 0.643010 0.848384 0.642418 0.849415 0.642264 0.849853 0.641672 0.850883 0.641518 0.851321 0.640926 0.852867 0.640695
0 0.893517 0.540887 0.896865 0.540387 0.898049 0.541263 0.898564 0.541186 0.900933 0.542939 0.902271 0.544846 0.902424 0.545876 0.903017 0.546314 0.903324 0.548375 0.903916 0.548813 0.904070 0.549843 0.903348 0.552057 0.903579 0.553603 0.900434 0.557232 0.894253 0.558155 0.893661 0.557717 0.892631 0.557871 0.889747 0.556195 0.889232 0.556272 0.887971 0.554881 0.887817 0.553850 0.886556 0.552459 0.886018 0.548853 0.886817 0.547154 0.886663 0.546124 0.887024 0.545016 0.890169 0.541387
0 0.008861 0.451314 0.011822 0.453505 0.011975 0.454535 0.012568 0.454973 0.012798 0.456518 0.013390 0.456957 0.012952 0.457549 0.013337 0.460124 0.011069 0.462569 0.007463 0.463108 0.006871 0.462670 0.004811 0.462978 0.004219 0.462539 0.003704 0.462616 0.003627 0.462101 0.003034 0.461663 0.002881 0.460633 0.002289 0.460195 0.002135 0.459164 0.001543 0.458726 0.001235 0.456666 0.001673 0.456074 0.001442 0.454528 0.002757 0.452752 0.006363 0.452214 0.006801 0.451621
0 0.613038 0.699160 0.613631 0.699598 0.615176 0.699367 0.617467 0.700604 0.617544 0.701120 0.618136 0.701558 0.618752 0.705679 0.618313 0.706271 0.618467 0.707301 0.618029 0.707893 0.618183 0.708923 0.617745 0.709515 0.617461 0.711138 0.616945 0.711215 0.615631 0.712991 0.615116 0.713068 0.614678 0.713660 0.613647 0.713814 0.613209 0.714406 0.610634 0.714790 0.610041 0.714352 0.609011 0.714506 0.604867 0.711439 0.604713 0.710409 0.604121 0.709970 0.603813 0.707910 0.603221 0.707472 0.603659 0.706880 0.603790 0.704227 0.605542 0.701859 0.606058 0.701782 0.608402 0.699852
0 0.137839 0.486291 0.138431 0.486729 0.139976 0.486498 0.140568 0.486936 0.141083 0.486860 0.141676 0.487298 0.143298 0.487582 0.143890 0.488020 0.144198 0.490081 0.144790 0.490519 0.145021 0.492064 0.144582 0.492656 0.144736 0.493686 0.144298 0.494279 0.144014 0.495901 0.141746 0.498346 0.140716 0.498500 0.140277 0.499092 0.138217 0.499400 0.137033 0.498523 0.136518 0.498600 0.134742 0.497286 0.134665 0.496771 0.134073 0.496332 0.133327 0.494864 0.132143 0.493988 0.131758 0.491412 0.132196 0.490820 0.132042 0.489790 0.132480 0.489198 0.132995 0.489121 0.133872 0.487937 0.134387 0.487860 0.134825 0.487268 0.135855 0.487114 0.136294 0.486522
0 0.158724 0.365211 0.159316 0.365649 0.159831 0.365572 0.160423 0.366010 0.162045 0.366295 0.163822 0.367609 0.163898 0.368124 0.164491 0.368562 0.165106 0.372683 0.164668 0.373275 0.164745 0.373791 0.164307 0.374383 0.164022 0.376005 0.163146 0.377189 0.162631 0.377266 0.162193 0.377858 0.160647 0.378089 0.160209 0.378681 0.159179 0.378835 0.158587 0.378397 0.157557 0.378550 0.156965 0.378112 0.155342 0.377828 0.154750 0.377390 0.154673 0.376875 0.154081 0.376436 0.153927 0.375406 0.153335 0.374968 0.152643 0.370332 0.153081 0.369740 0.153365 0.368118 0.153803 0.367526 0.154319 0.367449 0.155195 0.366264 0.156225 0.366111 0.156663 0.365519
0 0.495520 0.543457 0.496112 0.543895 0.496627 0.543818 0.497811 0.544694 0.498326 0.544618 0.498403 0.545133 0.498995 0.545571 0.499741 0.547039 0.500925 0.547916 0.501541 0.552037 0.501103 0.552629 0.501180 0.553144 0.500303 0.554328 0.500380 0.554843 0.499865 0.554920 0.498473 0.556181 0.495383 0.556643 0.494791 0.556204 0.493245 0.556435 0.492653 0.555997 0.492138 0.556074 0.490954 0.555198 0.490877 0.554682 0.489616 0.553291 0.489539 0.552776 0.489977 0.552184 0.489439 0.548578 0.489877 0.547986 0.489723 0.546956 0.490599 0.545772 0.491115 0.545695 0.491553 0.545103 0.492583 0.544949 0.493021 0.544357 0.495082 0.544049
0 0.154531 0.643887 0.156822 0.645125 0.157338 0.645048 0.160298 0.647239 0.160375 0.647754 0.161636 0.649146 0.161867 0.650691 0.161428 0.651283 0.161659 0.652828 0.159983 0.655712 0.159699 0.657334 0.159184 0.657411 0.157793 0.658672 0.156762 0.658826 0.156324 0.659418 0.155732 0.658980 0.154702 0.659134 0.154110 0.658695 0.153079 0.658849 0.152487 0.658411 0.151457 0.658565 0.150865 0.658127 0.150350 0.658204 0.149166 0.657327 0.149089 0.656812 0.147828 0.655421 0.147674 0.654391 0.148112 0.653798 0.147651 0.650708 0.148089 0.650116 0.148373 0.648493 0.149249 0.647309 0.151671 0.645894 0.153501 0.644041
0 0.924548 0.503603 0.925140 0.504041 0.926762 0.504325 0.928538 0.505640 0.928692 0.506670 0.929284 0.507108 0.930130 0.512774 0.929692 0.513366 0.929408 0.514989 0.928532 0.516173 0.928016 0.516250 0.927140 0.517434 0.926625 0.517511 0.926187 0.518103 0.925672 0.518180 0.925080 0.517742 0.924049 0.517895 0.923457 0.517457 0.922942 0.517534 0.922350 0.517096 0.920728 0.516812 0.918952 0.515497 0.918875 0.514982 0.918283 0.514544 0.917513 0.509393 0.917951 0.508801 0.917721 0.507255 0.918597 0.506071 0.919112 0.505994 0.920504 0.504733 0.921534 0.504579 0.921972 0.503987
0 0.248363 0.665682 0.250809 0.667950 0.250885 0.668465 0.251478 0.668904 0.251708 0.670449 0.252300 0.670887 0.252608 0.672948 0.252170 0.673540 0.252555 0.676115 0.251678 0.677299 0.251755 0.677814 0.250441 0.679591 0.249926 0.679668 0.249487 0.680260 0.247942 0.680490 0.247504 0.681082 0.242868 0.681775 0.242276 0.681337 0.241761 0.681414 0.239392 0.679661 0.239315 0.679146 0.238723 0.678708 0.238031 0.674072 0.238830 0.672372 0.238677 0.671342 0.241744 0.667198 0.245350 0.666659 0.245788 0.666067
0 0.765026 0.264123 0.767317 0.265361 0.767833 0.265284 0.770201 0.267036 0.772877 0.270850 0.773415 0.274455 0.772178 0.276747 0.772255 0.277262 0.771378 0.278446 0.770425 0.279115 0.769395 0.279269 0.768956 0.279861 0.767926 0.280015 0.767488 0.280607 0.766458 0.280761 0.765866 0.280322 0.762775 0.280784 0.762183 0.280346 0.760638 0.280577 0.759530 0.280215 0.758346 0.279339 0.756339 0.276479 0.756701 0.275372 0.756393 0.273312 0.757115 0.271097 0.756885 0.269552 0.757607 0.267337 0.759437 0.265484 0.762527 0.265023 0.762966 0.264431
0 0.730311 0.631089 0.730904 0.631527 0.732526 0.631812 0.734894 0.633565 0.735202 0.635625 0.735794 0.636063 0.735948 0.637093 0.735510 0.637685 0.735379 0.640338 0.734218 0.643144 0.734372 0.644175 0.732027 0.646105 0.725331 0.647105 0.724739 0.646667 0.724224 0.646744 0.722448 0.645429 0.722371 0.644914 0.720441 0.642569 0.720056 0.639994 0.720494 0.639401 0.720263 0.637856 0.720702 0.637264 0.720548 0.636234 0.720986 0.635642 0.720909 0.635127 0.722223 0.633350 0.722739 0.633274 0.723177 0.632682 0.725237 0.632374 0.725675 0.631782
0 0.610805 0.359829 0.611397 0.360267 0.612427 0.360114 0.613612 0.360990 0.614127 0.360913 0.615311 0.361789 0.615826 0.361712 0.617602 0.363027 0.617679 0.363542 0.618271 0.363980 0.618425 0.365010 0.619017 0.365449 0.619402 0.368024 0.618964 0.368616 0.619194 0.370162 0.617003 0.373122 0.616488 0.373199 0.615097 0.374460 0.610976 0.375075 0.610384 0.374637 0.609354 0.374791 0.607577 0.373477 0.607062 0.373554 0.606470 0.373115 0.606393 0.372600 0.605132 0.371209 0.604517 0.367088 0.603925 0.366650 0.603617 0.364589 0.604932 0.362813 0.605447 0.362736 0.605885 0.362144 0.606915 0.361990 0.608307 0.360729 0.609852 0.360498 0.610290 0.359906
0 0.037848 0.388004 0.042354 0.389964 0.043692 0.391871 0.045468 0.393185 0.046137 0.394139 0.046445 0.396199 0.047037 0.396637 0.045953 0.399959 0.043762 0.402919 0.042809 0.403588 0.041779 0.403742 0.041340 0.404334 0.039280 0.404642 0.038688 0.404204 0.036112 0.404588 0.035520 0.404150 0.033975 0.404381 0.031760 0.403658 0.030576 0.402782 0.028569 0.399922 0.028031 0.396316 0.028830 0.394617 0.028676 0.393587 0.029038 0.392480 0.030790 0.390111 0.031744 0.389442 0.035865 0.388827 0.036303 0.388235
0 0.969899 0.627428 0.970491 0.627867 0.973582 0.627405 0.975204 0.627689 0.981279 0.633101 0.983516 0.637507 0.983901 0.640082 0.982302 0.643481 0.979158 0.647110 0.977251 0.648448 0.968494 0.649756 0.967902 0.649318 0.964735 0.649264 0.961259 0.647150 0.959175 0.643775 0.957814 0.638186 0.958252 0.637594 0.958021 0.636048 0.959620 0.632650 0.961450 0.630797 0.966447 0.628997 0.967839 0.627736
0 0.852633 0.233660 0.853225 0.234098 0.854771 0.233867 0.855363 0.234306 0.856393 0.234152 0.858092 0.234951 0.860099 0.237811 0.860253 0.238841 0.860845 0.239279 0.861460 0.243400 0.860738 0.245615 0.858985 0.247983 0.856125 0.249990 0.855095 0.250144 0.854657 0.250736 0.852596 0.251044 0.852004 0.250606 0.849352 0.250475 0.846546 0.249314 0.845876 0.248361 0.845723 0.247331 0.845131 0.246893 0.844977 0.245862 0.844385 0.245424 0.844231 0.244394 0.844669 0.243802 0.844438 0.242257 0.844876 0.241665 0.844722 0.240634 0.845599 0.239450 0.845522 0.238935 0.846037 0.238858 0.846913 0.237674 0.846836 0.237159 0.847351 0.237082 0.848666 0.235306 0.850573 0.233968
0 0.114409 0.763101 0.115593 0.763978 0.117216 0.764262 0.118400 0.765138 0.120614 0.765861 0.122983 0.767613 0.123652 0.768567 0.124782 0.772611 0.124344 0.773203 0.124652 0.775263 0.123929 0.777478 0.122615 0.779254 0.120631 0.780077 0.120193 0.780669 0.119163 0.780823 0.118724 0.781415 0.115196 0.782468 0.114604 0.782030 0.113058 0.782261 0.112466 0.781823 0.111436 0.781977 0.109222 0.781254 0.107291 0.778909 0.107061 0.777364 0.106469 0.776926 0.105930 0.773320 0.106368 0.772728 0.106060 0.770667 0.106499 0.770075 0.106706 0.767938 0.107582 0.766754 0.109566 0.765931 0.112864 0.763332
0 0.286935 0.268123 0.287527 0.268561 0.288557 0.268408 0.289149 0.268846 0.291802 0.268976 0.292986 0.269853 0.294324 0.271759 0.294477 0.272789 0.295070 0.273228 0.295608 0.276833 0.295170 0.277425 0.295039 0.280078 0.293802 0.282369 0.293287 0.282446 0.292410 0.283630 0.291380 0.283784 0.290942 0.284376 0.288881 0.284684 0.288443 0.285276 0.287336 0.284915 0.284761 0.285300 0.284168 0.284861 0.282108 0.285169 0.281001 0.284808 0.277964 0.282102 0.277425 0.278496 0.277863 0.277904 0.277478 0.275328 0.277917 0.274736 0.277763 0.273706 0.278124 0.272599 0.279362 0.270308 0.280315 0.269639 0.282891 0.269254 0.283329 0.268662
0 0.646199 0.550969 0.646791 0.551407 0.647306 0.551330 0.650859 0.553959 0.651374 0.553882 0.652558 0.554758 0.652635 0.555274 0.653227 0.555712 0.653458 0.557257 0.654050 0.557695 0.654204 0.558725 0.653765 0.559318 0.654073 0.561378 0.652320 0.563746 0.651805 0.563823 0.649976 0.565676 0.648430 0.565907 0.647992 0.566499 0.647400 0.566061 0.645855 0.566292 0.644671 0.565415 0.641941 0.564770 0.640680 0.563378 0.640449 0.561833 0.639857 0.561395 0.639396 0.558304 0.639834 0.557712 0.639603 0.556167 0.640918 0.554391 0.642386 0.553645 0.643262 0.552460 0.643777 0.552384 0.645169 0.551122
0 0.461307 0.480107 0.462492 0.480984 0.463007 0.480907 0.463599 0.481345 0.463676 0.481860 0.465452 0.483175 0.465529 0.483690 0.466121 0.484128 0.466429 0.486188 0.467021 0.486627 0.467174 0.487657 0.466298 0.488841 0.466375 0.489356 0.465937 0.489948 0.466091 0.490978 0.465653 0.491570 0.465137 0.491647 0.464261 0.492831 0.463746 0.492908 0.463308 0.493500 0.459187 0.494116 0.458595 0.493678 0.457049 0.493909 0.456457 0.493470 0.455427 0.493624 0.453651 0.492310 0.453497 0.491280 0.452905 0.490841 0.452290 0.486720 0.452728 0.486128 0.453012 0.484506 0.454327 0.482730 0.455357 0.482576 0.456748 0.481315 0.458294 0.481084 0.458732 0.480492
0 0.551305 0.744189 0.551897 0.744628 0.552412 0.744551 0.555372 0.746742 0.556141 0.751893 0.554827 0.753669 0.554312 0.753746 0.553874 0.754338 0.550783 0.754800 0.550191 0.754361 0.548130 0.754669 0.547538 0.754231 0.546508 0.754385 0.546431 0.753870 0.545839 0.753431 0.545147 0.748795 0.545585 0.748203 0.545431 0.747173 0.545869 0.746581 0.546899 0.746427 0.547338 0.745835 0.548368 0.745681 0.548806 0.745089 0.550351 0.744858 0.550789 0.744266
0 0.141764 0.674758 0.142356 0.675196 0.145446 0.674735 0.147738 0.675972 0.148253 0.675895 0.150029 0.677210 0.150183 0.678240 0.150775 0.678678 0.150929 0.679708 0.151521 0.680147 0.152059 0.683752 0.151183 0.684936 0.150538 0.687666 0.150022 0.687743 0.148193 0.689596 0.143042 0.690365 0.142450 0.689927 0.140904 0.690158 0.139128 0.688843 0.139051 0.688328 0.137121 0.685984 0.137559 0.685391 0.136790 0.680240 0.137228 0.679648 0.137074 0.678618 0.139188 0.675143
0 0.218858 0.774885 0.219450 0.775323 0.220481 0.775169 0.225217 0.778674 0.227224 0.781534 0.227840 0.785655 0.226756 0.788977 0.224926 0.790830 0.223896 0.790984 0.221989 0.792322 0.220959 0.792476 0.218745 0.791753 0.217199 0.791984 0.216607 0.791546 0.215062 0.791777 0.213286 0.790462 0.212617 0.789509 0.212463 0.788479 0.211871 0.788040 0.211179 0.783404 0.211617 0.782812 0.211386 0.781267 0.212108 0.779052 0.212985 0.777868 0.212908 0.777353 0.213938 0.777199 0.214376 0.776607 0.215922 0.776377 0.216360 0.775784 0.218420 0.775477
0 0.944782 0.639079 0.945966 0.639955 0.948180 0.640678 0.952479 0.644775 0.952863 0.647351 0.953533 0.648304 0.953094 0.648896 0.953325 0.650442 0.952887 0.651034 0.953041 0.652064 0.952164 0.653248 0.949304 0.655255 0.948274 0.655409 0.947836 0.656001 0.940624 0.657078 0.938410 0.656356 0.935965 0.654088 0.935734 0.652542 0.935142 0.652104 0.934296 0.646438 0.935095 0.644739 0.934941 0.643708 0.936256 0.641932 0.936771 0.641855 0.937647 0.640671 0.940738 0.640210 0.941176 0.639618
0 0.831736 0.538002 0.832328 0.538441 0.833358 0.538287 0.833950 0.538725 0.834465 0.538648 0.835057 0.539086 0.836680 0.539370 0.838456 0.540685 0.839071 0.544806 0.837319 0.547174 0.837034 0.548796 0.836158 0.549981 0.835643 0.550058 0.834251 0.551319 0.832191 0.551626 0.831599 0.551188 0.830053 0.551419 0.829461 0.550981 0.827916 0.551212 0.826732 0.550335 0.826040 0.545699 0.826478 0.545107 0.826324 0.544077 0.828953 0.540524 0.829468 0.540448 0.830344 0.539263 0.830860 0.539187
0 0.544934 0.391259 0.545526 0.391697 0.546556 0.391543 0.547148 0.391981 0.548770 0.392265 0.551138 0.394018 0.551369 0.395564 0.551961 0.396002 0.552269 0.398062 0.551393 0.399246 0.551470 0.399761 0.550155 0.401538 0.550232 0.402053 0.549717 0.402130 0.549279 0.402722 0.548764 0.402799 0.546419 0.404729 0.545904 0.404806 0.545312 0.404367 0.544281 0.404521 0.543689 0.404083 0.543174 0.404160 0.541990 0.403284 0.541913 0.402769 0.541321 0.402330 0.541167 0.401300 0.540575 0.400862 0.540344 0.399317 0.539752 0.398878 0.539522 0.397333 0.538929 0.396895 0.538776 0.395865 0.540967 0.392904 0.541482 0.392827 0.541920 0.392235 0.542950 0.392082 0.543388 0.391489
0 0.142443 0.781558 0.143036 0.781997 0.144066 0.781843 0.144658 0.782281 0.145688 0.782127 0.146280 0.782565 0.146795 0.782488 0.150940 0.785555 0.151632 0.790192 0.151194 0.790784 0.151271 0.791299 0.150033 0.793590 0.149518 0.793667 0.147173 0.795597 0.146143 0.795751 0.145705 0.796343 0.143129 0.796728 0.142537 0.796289 0.140992 0.796520 0.140400 0.796082 0.138854 0.796313 0.138262 0.795875 0.137232 0.796029 0.136640 0.795590 0.136125 0.795667 0.135894 0.794122 0.135302 0.793684 0.134533 0.788533 0.134971 0.787941 0.135255 0.786318 0.135693 0.785726 0.136209 0.785649 0.137523 0.783873 0.138038 0.783796 0.139430 0.782535 0.141490 0.782227 0.141928 0.781635
0 0.190213 0.336284 0.190805 0.336722 0.192350 0.336491 0.192942 0.336929 0.193457 0.336852 0.195826 0.338605 0.196057 0.340150 0.196649 0.340589 0.197418 0.345740 0.196542 0.346924 0.196619 0.347439 0.195304 0.349215 0.192213 0.349677 0.191621 0.349239 0.189046 0.349623 0.188454 0.349185 0.187423 0.349339 0.185647 0.348024 0.185570 0.347509 0.184978 0.347071 0.184824 0.346041 0.184232 0.345603 0.184078 0.344572 0.183486 0.344134 0.182871 0.340013 0.184624 0.337645 0.185139 0.337568 0.185577 0.336976
0 0.651241 0.232143 0.654563 0.233227 0.655232 0.234180 0.656416 0.235056 0.656931 0.234979 0.657008 0.235494 0.658192 0.236371 0.658423 0.237916 0.659015 0.238354 0.659400 0.240930 0.658961 0.241522 0.659115 0.242552 0.658393 0.244766 0.656202 0.247727 0.655249 0.248396 0.653188 0.248704 0.652750 0.249296 0.651643 0.248934 0.649067 0.249319 0.648475 0.248881 0.646415 0.249189 0.644638 0.247874 0.643300 0.245967 0.642993 0.243907 0.642401 0.243469 0.641631 0.238318 0.642869 0.236026 0.642792 0.235511 0.644183 0.234250 0.645214 0.234096 0.645652 0.233504 0.647712 0.233196 0.648151 0.232604
0 0.013708 0.483766 0.014300 0.484204 0.015923 0.484489 0.017107 0.485365 0.017261 0.486395 0.017853 0.486834 0.018007 0.487864 0.018599 0.488302 0.018829 0.489847 0.018391 0.490439 0.018699 0.492500 0.018261 0.493092 0.018338 0.493607 0.016147 0.496567 0.015632 0.496644 0.015194 0.497236 0.014602 0.496798 0.012541 0.497106 0.011949 0.496668 0.010919 0.496822 0.010327 0.496383 0.008704 0.496099 0.008627 0.495584 0.008035 0.495146 0.007882 0.494116 0.007289 0.493677 0.006674 0.489556 0.007112 0.488964 0.007035 0.488449 0.008788 0.486081 0.009303 0.486004 0.009741 0.485412 0.010771 0.485258 0.011210 0.484666 0.012240 0.484512 0.012678 0.483920
0 0.836107 0.507333 0.838322 0.508055 0.839867 0.507824 0.841720 0.509654 0.843058 0.511561 0.843366 0.513621 0.843958 0.514059 0.844343 0.516635 0.843905 0.517227 0.844135 0.518772 0.843774 0.519880 0.842021 0.522248 0.840991 0.522402 0.840553 0.522994 0.839523 0.523148 0.837616 0.524486 0.835556 0.524793 0.834964 0.524355 0.833934 0.524509 0.832826 0.524148 0.829274 0.521519 0.828605 0.520565 0.828220 0.517990 0.827628 0.517552 0.828066 0.516959 0.827836 0.515414 0.828274 0.514822 0.828120 0.513792 0.832064 0.508463 0.833017 0.507794
0 0.441404 0.269276 0.442588 0.270153 0.443103 0.270076 0.443695 0.270514 0.443772 0.271029 0.444956 0.271905 0.445572 0.276026 0.445133 0.276618 0.445364 0.278164 0.444926 0.278756 0.445080 0.279786 0.443327 0.282154 0.441267 0.282462 0.440828 0.283054 0.438253 0.283439 0.437815 0.284031 0.437300 0.284108 0.436707 0.283670 0.436192 0.283746 0.433747 0.281479 0.432901 0.275812 0.433339 0.275220 0.433108 0.273675 0.433546 0.273083 0.433470 0.272568 0.434784 0.270792 0.439935 0.270022 0.440373 0.269430
0 0.561875 0.726812 0.564166 0.728050 0.564681 0.727973 0.568825 0.731040 0.569364 0.734646 0.567972 0.735907 0.568049 0.736422 0.567173 0.737606 0.567327 0.738637 0.566812 0.738714 0.564544 0.741159 0.562483 0.741467 0.562045 0.742059 0.557409 0.742751 0.553342 0.740199 0.552957 0.737623 0.552365 0.737185 0.552803 0.736593 0.552649 0.735563 0.553087 0.734971 0.552857 0.733425 0.555409 0.729358 0.556439 0.729204 0.556877 0.728612 0.558938 0.728304 0.559376 0.727712 0.560406 0.727558 0.560844 0.726966
0 0.057847 0.365006 0.061196 0.364506 0.066808 0.366827 0.068738 0.369172 0.069046 0.371232 0.069638 0.371670 0.070254 0.375791 0.069454 0.377491 0.069608 0.378521 0.067417 0.381481 0.064042 0.383565 0.056754 0.384127 0.053947 0.382966 0.052171 0.381652 0.052017 0.380622 0.049933 0.377247 0.049472 0.374156 0.050917 0.369727 0.053546 0.366175 0.054499 0.365506
0 0.380977 0.330633 0.381569 0.331071 0.382600 0.330917 0.383192 0.331355 0.384222 0.331201 0.386590 0.332954 0.386667 0.333469 0.387259 0.333907 0.388028 0.339059 0.387590 0.339651 0.387744 0.340681 0.386945 0.342380 0.386430 0.342457 0.383131 0.345056 0.382101 0.345210 0.381663 0.345802 0.380479 0.344926 0.379964 0.345003 0.377004 0.342812 0.376773 0.341266 0.376181 0.340828 0.375719 0.337737 0.375127 0.337299 0.374973 0.336269 0.375850 0.335085 0.375773 0.334570 0.376649 0.333386 0.376572 0.332871 0.378917 0.330941
0 0.406304 0.633667 0.406896 0.634105 0.407927 0.633951 0.408519 0.634389 0.409034 0.634313 0.411994 0.636503 0.412071 0.637019 0.412663 0.637457 0.413432 0.642608 0.412272 0.645414 0.411757 0.645491 0.408097 0.649198 0.405445 0.649067 0.404853 0.648629 0.404338 0.648706 0.402561 0.647391 0.402046 0.647468 0.401454 0.647030 0.401377 0.646515 0.399601 0.645200 0.399524 0.644685 0.398263 0.643294 0.397725 0.639688 0.398601 0.638504 0.398524 0.637989 0.399839 0.636213 0.400354 0.636136 0.400792 0.635544 0.401822 0.635390 0.402260 0.634798 0.403291 0.634644 0.403729 0.634052
0 0.191644 0.271823 0.194220 0.271439 0.194812 0.271877 0.196357 0.271646 0.199317 0.273837 0.199394 0.274352 0.200578 0.275228 0.200886 0.277289 0.201478 0.277727 0.201709 0.279272 0.201271 0.279865 0.201425 0.280895 0.200987 0.281487 0.201217 0.283032 0.199465 0.285400 0.198950 0.285477 0.198073 0.286661 0.196013 0.286969 0.195421 0.286531 0.191300 0.287147 0.188339 0.284956 0.188262 0.284440 0.187670 0.284002 0.187440 0.282457 0.186848 0.282019 0.186232 0.277898 0.186670 0.277306 0.187316 0.274576 0.189068 0.272208
0 0.249593 0.316883 0.250185 0.317321 0.252246 0.317013 0.252838 0.317451 0.254460 0.317735 0.254537 0.318251 0.255129 0.318689 0.255437 0.320749 0.256029 0.321187 0.256183 0.322218 0.255745 0.322810 0.255975 0.324355 0.255537 0.324947 0.255614 0.325462 0.254738 0.326646 0.254223 0.326723 0.253784 0.327315 0.252754 0.327469 0.252316 0.328061 0.250771 0.328292 0.250333 0.328884 0.248710 0.328600 0.246934 0.327285 0.246857 0.326770 0.245596 0.325379 0.245442 0.324348 0.244850 0.323910 0.244619 0.322365 0.245057 0.321773 0.244827 0.320228 0.246579 0.317859 0.247095 0.317782 0.247533 0.317190
0 0.607897 0.724678 0.608490 0.725116 0.611580 0.724655 0.612172 0.725093 0.613718 0.724862 0.615494 0.726177 0.615571 0.726692 0.616163 0.727130 0.616624 0.730221 0.617216 0.730659 0.616778 0.731251 0.616932 0.732281 0.616494 0.732873 0.616210 0.734495 0.614895 0.736272 0.609744 0.737041 0.609306 0.737633 0.608791 0.737710 0.607014 0.736395 0.606938 0.735880 0.605676 0.734489 0.605523 0.733459 0.604931 0.733020 0.604777 0.731990 0.605215 0.731398 0.604830 0.728822 0.605268 0.728230 0.605553 0.726608 0.606867 0.724832
0 0.066827 0.624337 0.069041 0.625059 0.071924 0.626735 0.072440 0.626658 0.072517 0.627173 0.074293 0.628488 0.075269 0.631502 0.075862 0.631940 0.076323 0.635031 0.075885 0.635623 0.076193 0.637683 0.075109 0.641005 0.074594 0.641082 0.073279 0.642858 0.071296 0.643681 0.070858 0.644273 0.068797 0.644580 0.068205 0.644142 0.067175 0.644296 0.064960 0.643574 0.063184 0.642259 0.061177 0.639399 0.060716 0.636308 0.060124 0.635870 0.060485 0.634763 0.060100 0.632187 0.061184 0.628866 0.062060 0.627682 0.066389 0.624929
0 0.503779 0.637540 0.507924 0.640607 0.508000 0.641122 0.508592 0.641560 0.509208 0.645681 0.508770 0.646273 0.508924 0.647304 0.508485 0.647896 0.508639 0.648926 0.508124 0.649003 0.506810 0.650779 0.506295 0.650856 0.505856 0.651448 0.503796 0.651756 0.503204 0.651318 0.501658 0.651548 0.501066 0.651110 0.500551 0.651187 0.499959 0.650749 0.498337 0.650465 0.498260 0.649950 0.496330 0.647605 0.495714 0.643484 0.496153 0.642892 0.496076 0.642377 0.496952 0.641192 0.496875 0.640677 0.497390 0.640601 0.497828 0.640008 0.498859 0.639854 0.499297 0.639262 0.500327 0.639109 0.500765 0.638517 0.501796 0.638363 0.502234 0.637771
0 0.802402 0.211146 0.806393 0.213183 0.806908 0.213106 0.809276 0.214858 0.809430 0.215889 0.810022 0.216327 0.810407 0.218902 0.810999 0.219341 0.811229 0.220886 0.810791 0.221478 0.811022 0.223023 0.810584 0.223615 0.810738 0.224646 0.808985 0.227014 0.806125 0.229021 0.803550 0.229406 0.802957 0.228967 0.800897 0.229275 0.800305 0.228837 0.799275 0.228991 0.798168 0.228630 0.798091 0.228115 0.796237 0.226285 0.796084 0.225255 0.794746 0.223348 0.795184 0.222756 0.794645 0.219150 0.795083 0.218558 0.795214 0.215906 0.796528 0.214129 0.797559 0.213975 0.797997 0.213383 0.800496 0.212484 0.801887 0.211223
0 0.708277 0.490616 0.708870 0.491054 0.711522 0.491184 0.713221 0.491984 0.714251 0.491830 0.717212 0.494021 0.719296 0.497396 0.720373 0.504607 0.719573 0.506307 0.717306 0.508752 0.711716 0.510113 0.711278 0.510705 0.710171 0.510344 0.705020 0.511113 0.702290 0.510468 0.702213 0.509953 0.699845 0.508200 0.698430 0.505778 0.698199 0.504233 0.697607 0.503795 0.697069 0.500189 0.697868 0.498490 0.698075 0.496352 0.699751 0.493469 0.701143 0.492208 0.706294 0.491438 0.706732 0.490846
0 0.122292 0.473868 0.122884 0.474306 0.124944 0.473998 0.125536 0.474437 0.126566 0.474283 0.127158 0.474721 0.128781 0.475005 0.128858 0.475520 0.129450 0.475958 0.129604 0.476989 0.130196 0.477427 0.130965 0.482578 0.130527 0.483170 0.130243 0.484792 0.129212 0.484946 0.128774 0.485538 0.127229 0.485769 0.126791 0.486361 0.123700 0.486823 0.122516 0.485946 0.122001 0.486023 0.120224 0.484709 0.120071 0.483679 0.119479 0.483240 0.119248 0.481695 0.118656 0.481257 0.118579 0.480742 0.119017 0.480150 0.118786 0.478604 0.119224 0.478012 0.119070 0.476982 0.119509 0.476390 0.120024 0.476313 0.121338 0.474537 0.121853 0.474460
0 0.984222 0.539978 0.984814 0.540417 0.986359 0.540186 0.988058 0.540985 0.988135 0.541500 0.988727 0.541938 0.988881 0.542969 0.989473 0.543407 0.989704 0.544952 0.990296 0.545390 0.990758 0.548481 0.990319 0.549073 0.990473 0.550103 0.990035 0.550695 0.990112 0.551211 0.989236 0.552395 0.988721 0.552472 0.988282 0.553064 0.987252 0.553218 0.986814 0.553810 0.985269 0.554040 0.984830 0.554632 0.982255 0.555017 0.981663 0.554579 0.980632 0.554733 0.980040 0.554295 0.979525 0.554372 0.977749 0.553057 0.977595 0.552027 0.977003 0.551589 0.976849 0.550558 0.976257 0.550120 0.977110 0.545253 0.977986 0.544069 0.977910 0.543554 0.978786 0.542370 0.978709 0.541855 0.979224 0.541778 0.980101 0.540594
0 0.357547 0.466317 0.359048 0.468373 0.359500 0.471640 0.358688 0.474428 0.356367 0.476038 0.353273 0.476711 0.350455 0.476641 0.348037 0.475493 0.347064 0.472971 0.346536 0.470383 0.347379 0.467800 0.348626 0.465622 0.351124 0.464723 0.353700 0.464338 0.355709 0.464591
0 0.850990 0.183877 0.851582 0.184316 0.854158 0.183931 0.854750 0.184369 0.856811 0.184061 0.857995 0.184938 0.858510 0.184861 0.862139 0.188005 0.862293 0.189035 0.862885 0.189473 0.863654 0.194625 0.862340 0.196401 0.862417 0.196916 0.861902 0.196993 0.860587 0.198769 0.859557 0.198923 0.859119 0.199515 0.858088 0.199669 0.857497 0.199231 0.851830 0.200077 0.849539 0.198839 0.849024 0.198916 0.846656 0.197164 0.846425 0.195618 0.845164 0.194227 0.844933 0.192681 0.845371 0.192089 0.845063 0.190029 0.848054 0.185369 0.849960 0.184031
0 0.904045 0.262317 0.906878 0.261894 0.907470 0.262332 0.907985 0.262256 0.909761 0.263570 0.909838 0.264085 0.910430 0.264523 0.910738 0.266584 0.911330 0.267022 0.911561 0.268567 0.911123 0.269159 0.911354 0.270705 0.910915 0.271297 0.910992 0.271812 0.910116 0.272996 0.909601 0.273073 0.909163 0.273665 0.906072 0.274127 0.905634 0.274719 0.902028 0.275257 0.901436 0.274819 0.900921 0.274896 0.899145 0.273582 0.899068 0.273066 0.898476 0.272628 0.897937 0.269022 0.898375 0.268430 0.898145 0.266885 0.898583 0.266293 0.898506 0.265778 0.900258 0.263410 0.900774 0.263333 0.901212 0.262741
0 0.239616 0.647504 0.240208 0.647942 0.242269 0.647635 0.242861 0.648073 0.244406 0.647842 0.244998 0.648280 0.245513 0.648203 0.245590 0.648718 0.246182 0.649157 0.246798 0.653278 0.246360 0.653870 0.246513 0.654900 0.245637 0.656084 0.245122 0.656161 0.244684 0.656753 0.243653 0.656907 0.243215 0.657499 0.242185 0.657653 0.241747 0.658245 0.240717 0.658399 0.240125 0.657961 0.239609 0.658037 0.237833 0.656723 0.237602 0.655178 0.237010 0.654739 0.236626 0.652164 0.237064 0.651572 0.236910 0.650541 0.237348 0.649949 0.237271 0.649434 0.237709 0.648842 0.238225 0.648765 0.239101 0.647581
0 0.788374 0.321723 0.788966 0.322161 0.789996 0.322007 0.792365 0.323760 0.792442 0.324275 0.793626 0.325151 0.794010 0.327727 0.793572 0.328319 0.793726 0.329349 0.792412 0.331125 0.791896 0.331202 0.791020 0.332386 0.790505 0.332463 0.790067 0.333055 0.789036 0.333209 0.788598 0.333801 0.787568 0.333955 0.786976 0.333517 0.785431 0.333748 0.784839 0.333309 0.783808 0.333463 0.783216 0.333025 0.782186 0.333179 0.781002 0.332303 0.780848 0.331272 0.780256 0.330834 0.779717 0.327228 0.780594 0.326044 0.782062 0.325298 0.783377 0.323522 0.783892 0.323445 0.785283 0.322184
0 0.631061 0.707000 0.637473 0.707622 0.640872 0.709221 0.645170 0.713318 0.647047 0.718831 0.645909 0.725320 0.641474 0.734408 0.640082 0.735669 0.636477 0.736208 0.636038 0.736800 0.634493 0.737031 0.629165 0.733087 0.628134 0.733241 0.624736 0.731642 0.620591 0.728575 0.618277 0.723654 0.618845 0.720410 0.621475 0.716857 0.622404 0.712506 0.624157 0.710138 0.628124 0.708492 0.629516 0.707231
0 0.508736 0.536744 0.509328 0.537182 0.510358 0.537028 0.510950 0.537466 0.511980 0.537312 0.512572 0.537750 0.513087 0.537673 0.514271 0.538550 0.514425 0.539580 0.515017 0.540018 0.515556 0.543624 0.515118 0.544216 0.515426 0.546277 0.513673 0.548645 0.513158 0.548722 0.511766 0.549983 0.508676 0.550444 0.505715 0.548253 0.505638 0.547738 0.505046 0.547300 0.504892 0.546270 0.504300 0.545832 0.504146 0.544801 0.503554 0.544363 0.502939 0.540242 0.503377 0.539650 0.503892 0.539573 0.504769 0.538389 0.505284 0.538312 0.505722 0.537720 0.506752 0.537566 0.507190 0.536974
0 0.990109 0.597026 0.992400 0.598264 0.995076 0.602077 0.995307 0.603622 0.995899 0.604060 0.996361 0.607151 0.995923 0.607743 0.996076 0.608774 0.995715 0.609881 0.993086 0.613433 0.992133 0.614102 0.985951 0.615025 0.984767 0.614149 0.984252 0.614226 0.983583 0.613272 0.981807 0.611958 0.981138 0.611005 0.980753 0.608429 0.980084 0.607476 0.980522 0.606884 0.980292 0.605338 0.980730 0.604746 0.980576 0.603716 0.981298 0.601502 0.982175 0.600318 0.982098 0.599802 0.983489 0.598541 0.986065 0.598157 0.986503 0.597565
0 0.489476 0.652841 0.492825 0.652341 0.493417 0.652779 0.495039 0.653064 0.496223 0.653940 0.496738 0.653863 0.499775 0.656569 0.500083 0.658630 0.499645 0.659222 0.499799 0.660252 0.498561 0.662543 0.497916 0.665273 0.497400 0.665350 0.495056 0.667280 0.491450 0.667818 0.490858 0.667380 0.487767 0.667842 0.487175 0.667404 0.485553 0.667119 0.484807 0.665651 0.482954 0.663821 0.482338 0.659700 0.483576 0.657409 0.483860 0.655787 0.485175 0.654010 0.485690 0.653933 0.486128 0.653341
0 0.927932 0.445170 0.928524 0.445608 0.929039 0.445531 0.932000 0.447722 0.932746 0.449190 0.933930 0.450067 0.934161 0.451612 0.934753 0.452050 0.934984 0.453596 0.934545 0.454188 0.934622 0.454703 0.932431 0.457663 0.931916 0.457740 0.931478 0.458332 0.930448 0.458486 0.930010 0.459078 0.929418 0.458640 0.926327 0.459101 0.925735 0.458663 0.924189 0.458894 0.922413 0.457580 0.922259 0.456549 0.921667 0.456111 0.921206 0.453020 0.921644 0.452428 0.921413 0.450883 0.921851 0.450291 0.921697 0.449261 0.923089 0.448000 0.924119 0.447846 0.924557 0.447254 0.925587 0.447100 0.926026 0.446508 0.927494 0.445762
0 0.400202 0.508192 0.400794 0.508630 0.405946 0.507861 0.410090 0.510928 0.413281 0.514664 0.413512 0.516210 0.414104 0.516648 0.414204 0.520846 0.413328 0.522030 0.412605 0.524244 0.409461 0.527873 0.402765 0.528874 0.401658 0.528512 0.398774 0.526837 0.398028 0.525368 0.395660 0.523615 0.395506 0.522585 0.394914 0.522147 0.394068 0.516481 0.394429 0.515373 0.395305 0.514189 0.395228 0.513674 0.399687 0.508269
0 0.096475 0.410318 0.097067 0.410756 0.100158 0.410294 0.101265 0.410655 0.104225 0.412846 0.104740 0.412769 0.107032 0.414007 0.109039 0.416867 0.109577 0.420473 0.106510 0.424617 0.103650 0.426624 0.102620 0.426778 0.102181 0.427370 0.101589 0.426932 0.095923 0.427778 0.094816 0.427417 0.093040 0.426102 0.092963 0.425587 0.090518 0.423319 0.090056 0.420229 0.090494 0.419637 0.090394 0.415439 0.091116 0.413224 0.093384 0.410779
0 0.876947 0.188426 0.877539 0.188865 0.879162 0.189149 0.882199 0.191855 0.882430 0.193400 0.883022 0.193838 0.883175 0.194869 0.883768 0.195307 0.883329 0.195899 0.883483 0.196929 0.883045 0.197521 0.883276 0.199067 0.881961 0.200843 0.882038 0.201358 0.881523 0.201435 0.879693 0.203288 0.871967 0.204442 0.869598 0.202689 0.869521 0.202174 0.868338 0.201298 0.867722 0.197177 0.868160 0.196585 0.868291 0.193932 0.870481 0.190972 0.872027 0.190741 0.872465 0.190149 0.873495 0.189995 0.873933 0.189403 0.875479 0.189172 0.875917 0.188580
0 0.990825 0.686443 0.991417 0.686881 0.991933 0.686804 0.994301 0.688557 0.994378 0.689072 0.994970 0.689510 0.995201 0.691056 0.995793 0.691494 0.996023 0.693039 0.994425 0.696438 0.993909 0.696515 0.993471 0.697107 0.992441 0.697260 0.992003 0.697852 0.990973 0.698006 0.990381 0.697568 0.988320 0.697876 0.987728 0.697438 0.986698 0.697592 0.986106 0.697153 0.985591 0.697230 0.984999 0.696792 0.984922 0.696277 0.983738 0.695401 0.983353 0.692825 0.983791 0.692233 0.983560 0.690688 0.983998 0.690096 0.983921 0.689581 0.984798 0.688396 0.985828 0.688243 0.986266 0.687651 0.987296 0.687497 0.987735 0.686905
0 0.055940 0.325795 0.056533 0.326233 0.057563 0.326079 0.058155 0.326517 0.058670 0.326440 0.061553 0.328116 0.061938 0.330692 0.062530 0.331130 0.062761 0.332675 0.062323 0.333267 0.062476 0.334298 0.061162 0.336074 0.060647 0.336151 0.060209 0.336743 0.058663 0.336974 0.058225 0.337566 0.055134 0.338027 0.054542 0.337589 0.053512 0.337743 0.052328 0.336867 0.052251 0.336351 0.050990 0.334960 0.050375 0.330839 0.050813 0.330247 0.050736 0.329732 0.052927 0.326772 0.053442 0.326695 0.053880 0.326103
0 0.707371 0.300693 0.709971 0.307287 0.708661 0.311717 0.706164 0.314671 0.700298 0.316527 0.693968 0.315870 0.689647 0.311975 0.688706 0.306864 0.690864 0.301645 0.696946 0.297647 0.702251 0.297908
0 0.697208 0.321645 0.699808 0.328239 0.698498 0.332669 0.696001 0.335623 0.690135 0.337479 0.683805 0.336821 0.679484 0.332927 0.678543 0.327816 0.680701 0.322597 0.686783 0.318599 0.692088 0.318860
0 0.742033 0.207914 0.744634 0.214509 0.743323 0.218938 0.740827 0.221892 0.734961 0.223747 0.728630 0.223091 0.724309 0.219196 0.723368 0.214085 0.725526 0.208866 0.731609 0.204869 0.736914 0.205130
0 0.737731 0.311819 0.738323 0.312257 0.739353 0.312103 0.739945 0.312541 0.740975 0.312388 0.741567 0.312826 0.743190 0.313110 0.744374 0.313986 0.744451 0.314501 0.745043 0.314940 0.745273 0.316485 0.745866 0.316923 0.746558 0.321559 0.744805 0.323928 0.744290 0.324004 0.743852 0.324596 0.742822 0.324750 0.742383 0.325342 0.740838 0.325573 0.740400 0.326165 0.738339 0.326473 0.737747 0.326035 0.736717 0.326189 0.736125 0.325751 0.734503 0.325466 0.732727 0.324152 0.732496 0.322606 0.731904 0.322168 0.731442 0.319077 0.731880 0.318485 0.731650 0.316940 0.732526 0.315756 0.732449 0.315241 0.732964 0.315164 0.734279 0.313388 0.734794 0.313311 0.735232 0.312719 0.736262 0.312565 0.736700 0.311973
0 0.913534 0.180929 0.914126 0.181367 0.915157 0.181213 0.915749 0.181652 0.916779 0.181498 0.917371 0.181936 0.918993 0.182220 0.920177 0.183097 0.920254 0.183612 0.920846 0.184050 0.921077 0.185595 0.921669 0.186033 0.922362 0.190669 0.920609 0.193038 0.920094 0.193115 0.919656 0.193707 0.918625 0.193861 0.918187 0.194453 0.916642 0.194683 0.916204 0.195275 0.914143 0.195583 0.913551 0.195145 0.912521 0.195299 0.911929 0.194861 0.910307 0.194576 0.908530 0.193262 0.908300 0.191717 0.907707 0.191278 0.907246 0.188188 0.907684 0.187596 0.907453 0.186050 0.908329 0.184866 0.908253 0.184351 0.908768 0.184274 0.910082 0.182498 0.910597 0.182421 0.911036 0.181829 0.912066 0.181675 0.912504 0.181083
0 0.876502 0.226845 0.877094 0.227283 0.878125 0.227130 0.878717 0.227568 0.879747 0.227414 0.880339 0.227852 0.881961 0.228136 0.883145 0.229013 0.883222 0.229528 0.883815 0.229966 0.884045 0.231511 0.884637 0.231950 0.885330 0.236586 0.883577 0.238954 0.883062 0.239031 0.882624 0.239623 0.881593 0.239777 0.881155 0.240369 0.879610 0.240600 0.879172 0.241192 0.877111 0.241499 0.876519 0.241061 0.875489 0.241215 0.874897 0.240777 0.873275 0.240493 0.871499 0.239178 0.871268 0.237633 0.870676 0.237195 0.870214 0.234104 0.870652 0.233512 0.870421 0.231966 0.871298 0.230782 0.871221 0.230267 0.871736 0.230190 0.873051 0.228414 0.873566 0.228337 0.874004 0.227745 0.875034 0.227591 0.875472 0.226999
0 0.770050 0.231424 0.770642 0.231862 0.771672 0.231708 0.772264 0.232146 0.773295 0.231992 0.773887 0.232430 0.775509 0.232715 0.776693 0.233591 0.776770 0.234106 0.777362 0.234544 0.777593 0.236090 0.778185 0.236528 0.778877 0.241164 0.777124 0.243532 0.776609 0.243609 0.776171 0.244201 0.775141 0.244355 0.774703 0.244947 0.773157 0.245178 0.772719 0.245770 0.770659 0.246078 0.770067 0.245640 0.769037 0.245794 0.768444 0.245355 0.766822 0.245071 0.765046 0.243756 0.764815 0.242211 0.764223 0.241773 0.763761 0.238682 0.764200 0.238090 0.763969 0.236545 0.764845 0.235361 0.764768 0.234846 0.765283 0.234769 0.766598 0.232992 0.767113 0.232916 0.767551 0.232323 0.768582 0.232170 0.769020 0.231578
0 0.883839 0.397722 0.884431 0.398160 0.885461 0.398006 0.889374 0.399528 0.889451 0.400044 0.890635 0.400920 0.891020 0.403495 0.891612 0.403934 0.891843 0.405479 0.891405 0.406071 0.891559 0.407101 0.891121 0.407693 0.891275 0.408724 0.887692 0.412945 0.887177 0.413022 0.886739 0.413614 0.885709 0.413768 0.885270 0.414360 0.883725 0.414591 0.883133 0.414152 0.881588 0.414383 0.880996 0.413945 0.879965 0.414099 0.877674 0.412861 0.877597 0.412346 0.877005 0.411908 0.876851 0.410878 0.876259 0.410440 0.875721 0.406834 0.876159 0.406242 0.876005 0.405212 0.876443 0.404619 0.876289 0.403589 0.876727 0.402997 0.876651 0.402482 0.877166 0.402405 0.878918 0.400037 0.879433 0.399960 0.881263 0.398107
0 0.921384 0.399150 0.921976 0.399588 0.923007 0.399434 0.926920 0.400956 0.926997 0.401471 0.928181 0.402348 0.928566 0.404923 0.929158 0.405361 0.929389 0.406907 0.928951 0.407499 0.929105 0.408529 0.928666 0.409121 0.928820 0.410151 0.925238 0.414373 0.924723 0.414450 0.924285 0.415042 0.923254 0.415196 0.922816 0.415788 0.921271 0.416018 0.920679 0.415580 0.919133 0.415811 0.918541 0.415373 0.917511 0.415527 0.915220 0.414289 0.915143 0.413774 0.914551 0.413336 0.914397 0.412306 0.913805 0.411867 0.913266 0.408262 0.913704 0.407670 0.913551 0.406639 0.913989 0.406047 0.913835 0.405017 0.914273 0.404425 0.914196 0.403910 0.914711 0.403833 0.916464 0.401465 0.916979 0.401388 0.918809 0.399535
0 0.810291 0.236442 0.812892 0.243036 0.811581 0.247465 0.809085 0.250420 0.803219 0.252275 0.796888 0.251618 0.792567 0.247724 0.791626 0.242612 0.793784 0.237394 0.799867 0.233396 0.805172 0.233657
0 0.923986 0.274152 0.924578 0.274590 0.925608 0.274436 0.926200 0.274875 0.926715 0.274798 0.928491 0.276112 0.929007 0.276035 0.929599 0.276473 0.929676 0.276989 0.930860 0.277865 0.931014 0.278895 0.931606 0.279333 0.931759 0.280364 0.932352 0.280802 0.931913 0.281394 0.932144 0.282939 0.931706 0.283531 0.931860 0.284562 0.930107 0.286930 0.929592 0.287007 0.927247 0.288937 0.925187 0.289245 0.924595 0.288806 0.921942 0.288676 0.921350 0.288238 0.919728 0.287953 0.919651 0.287438 0.918390 0.286047 0.917621 0.280896 0.918059 0.280304 0.917905 0.279273 0.918343 0.278681 0.918266 0.278166 0.919581 0.276390 0.920096 0.276313 0.920534 0.275721 0.921564 0.275567 0.922002 0.274975 0.923548 0.274744
0 0.927937 0.227714 0.928529 0.228152 0.929559 0.227998 0.930151 0.228436 0.930667 0.228359 0.932443 0.229674 0.932958 0.229597 0.933550 0.230035 0.933627 0.230550 0.934811 0.231427 0.934965 0.232457 0.935557 0.232895 0.935711 0.233925 0.936303 0.234363 0.935865 0.234955 0.936096 0.236501 0.935657 0.237093 0.935811 0.238123 0.934058 0.240491 0.933543 0.240568 0.931199 0.242498 0.929138 0.242806 0.928546 0.242368 0.925893 0.242237 0.925301 0.241799 0.923679 0.241515 0.923602 0.241000 0.922341 0.239608 0.921572 0.234457 0.922010 0.233865 0.921856 0.232835 0.922294 0.232243 0.922217 0.231728 0.923532 0.229951 0.924047 0.229875 0.924485 0.229282 0.925515 0.229129 0.925954 0.228537 0.927499 0.228306
0 0.679601 0.285723 0.680785 0.286599 0.680862 0.287115 0.681454 0.287553 0.681531 0.288068 0.682792 0.289459 0.683100 0.291520 0.683692 0.291958 0.683923 0.293503 0.683485 0.294095 0.683200 0.295718 0.681886 0.297494 0.677765 0.298109 0.677173 0.297671 0.675112 0.297979 0.673336 0.296664 0.673259 0.296149 0.672667 0.295711 0.671898 0.290560 0.672336 0.289968 0.672259 0.289453 0.673135 0.288269 0.673058 0.287754 0.673573 0.287677 0.674012 0.287084 0.676587 0.286700 0.677025 0.286108
0 0.780961 0.183216 0.782146 0.184092 0.782222 0.184607 0.782815 0.185045 0.782892 0.185561 0.784153 0.186952 0.784460 0.189013 0.785052 0.189451 0.785283 0.190996 0.784845 0.191588 0.784561 0.193210 0.783246 0.194987 0.779125 0.195602 0.778533 0.195164 0.776473 0.195472 0.774696 0.194157 0.774619 0.193642 0.774027 0.193204 0.773258 0.188053 0.773696 0.187461 0.773619 0.186945 0.774496 0.185761 0.774419 0.185246 0.774934 0.185169 0.775372 0.184577 0.777948 0.184193 0.778386 0.183600
0 0.676552 0.235128 0.677736 0.236005 0.677813 0.236520 0.678405 0.236958 0.678482 0.237473 0.679743 0.238865 0.680050 0.240925 0.680643 0.241363 0.680873 0.242909 0.680435 0.243501 0.680151 0.245123 0.678836 0.246899 0.674715 0.247515 0.674123 0.247076 0.672063 0.247384 0.670287 0.246070 0.670210 0.245555 0.669618 0.245116 0.668848 0.239965 0.669286 0.239373 0.669209 0.238858 0.670086 0.237674 0.670009 0.237159 0.670524 0.237082 0.670962 0.236490 0.673538 0.236105 0.673976 0.235513
0 0.712586 0.214744 0.714877 0.215981 0.715392 0.215904 0.717760 0.217657 0.720436 0.221470 0.720975 0.225076 0.719737 0.227368 0.719814 0.227883 0.718938 0.229067 0.717985 0.229736 0.716954 0.229890 0.716516 0.230482 0.715486 0.230636 0.715048 0.231228 0.714018 0.231381 0.713425 0.230943 0.710335 0.231405 0.709743 0.230967 0.708197 0.231198 0.707090 0.230836 0.705906 0.229960 0.703899 0.227100 0.704260 0.225993 0.703953 0.223932 0.704675 0.221718 0.704444 0.220173 0.705167 0.217958 0.706996 0.216105 0.710087 0.215644 0.710525 0.215052
0 0.754954 0.199565 0.756138 0.200441 0.756215 0.200956 0.756807 0.201395 0.756884 0.201910 0.758145 0.203301 0.758453 0.205362 0.759045 0.205800 0.759276 0.207345 0.758838 0.207937 0.758553 0.209560 0.757239 0.211336 0.753118 0.211951 0.752526 0.211513 0.750465 0.211821 0.748689 0.210506 0.748612 0.209991 0.748020 0.209553 0.747251 0.204402 0.747689 0.203810 0.747612 0.203295 0.748488 0.202111 0.748412 0.201595 0.748927 0.201518 0.749365 0.200926 0.751940 0.200542 0.752379 0.199950
0 0.942175 0.238454 0.942767 0.238893 0.943797 0.238739 0.944389 0.239177 0.944904 0.239100 0.946680 0.240415 0.947195 0.240338 0.947788 0.240776 0.947864 0.241291 0.949049 0.242167 0.949202 0.243198 0.949794 0.243636 0.949948 0.244666 0.950540 0.245104 0.950102 0.245696 0.950333 0.247242 0.949895 0.247834 0.950049 0.248864 0.948296 0.251232 0.947781 0.251309 0.945436 0.253239 0.943376 0.253547 0.942784 0.253109 0.940131 0.252978 0.939539 0.252540 0.937917 0.252256 0.937840 0.251741 0.936579 0.250349 0.935809 0.245198 0.936248 0.244606 0.936094 0.243576 0.936532 0.242984 0.936455 0.242468 0.937769 0.240692 0.938285 0.240615 0.938723 0.240023 0.939753 0.239869 0.940191 0.239277 0.941737 0.239046
0 0.955780 0.268176 0.956372 0.268615 0.957402 0.268461 0.957994 0.268899 0.958510 0.268822 0.960286 0.270137 0.960801 0.270060 0.961393 0.270498 0.961470 0.271013 0.962654 0.271889 0.962808 0.272920 0.963400 0.273358 0.963554 0.274388 0.964146 0.274826 0.963708 0.275418 0.963938 0.276964 0.963500 0.277556 0.963654 0.278586 0.961901 0.280954 0.961386 0.281031 0.959041 0.282961 0.956981 0.283269 0.956389 0.282831 0.953736 0.282700 0.953144 0.282262 0.951522 0.281978 0.951445 0.281463 0.950184 0.280071 0.949415 0.274920 0.949853 0.274328 0.949699 0.273298 0.950137 0.272706 0.950060 0.272190 0.951375 0.270414 0.951890 0.270337 0.952328 0.269745 0.953358 0.269591 0.953797 0.268999 0.955342 0.268769
0 0.747305 0.391095 0.747898 0.391533 0.750988 0.391071 0.752688 0.391871 0.752764 0.392386 0.753357 0.392824 0.753895 0.396430 0.753457 0.397022 0.753611 0.398052 0.753173 0.398644 0.753327 0.399674 0.752527 0.401374 0.751497 0.401527 0.751059 0.402119 0.750028 0.402273 0.749590 0.402865 0.747530 0.403173 0.747091 0.403765 0.746576 0.403842 0.745984 0.403404 0.744362 0.403120 0.743178 0.402243 0.742663 0.402320 0.742509 0.401290 0.741917 0.400852 0.741224 0.396216 0.741663 0.395624 0.741509 0.394593 0.742024 0.394516 0.743777 0.392148 0.744292 0.392071 0.744730 0.391479
0 0.579145 0.333916 0.583289 0.336983 0.583366 0.337498 0.584628 0.338890 0.584858 0.340435 0.585450 0.340873 0.585527 0.341389 0.585089 0.341981 0.585397 0.344041 0.584597 0.345740 0.584082 0.345817 0.581737 0.347747 0.576586 0.348517 0.575994 0.348078 0.574449 0.348309 0.572673 0.346995 0.572365 0.344934 0.571773 0.344496 0.571542 0.342951 0.571980 0.342359 0.571749 0.340813 0.572188 0.340221 0.572034 0.339191 0.573194 0.336385 0.574225 0.336231 0.574663 0.335639 0.575693 0.335485 0.576131 0.334893 0.577161 0.334739 0.577600 0.334147
0 0.477210 0.296440 0.477802 0.296878 0.479425 0.297163 0.481793 0.298915 0.481947 0.299946 0.483800 0.301775 0.483823 0.305458 0.482947 0.306642 0.482378 0.309887 0.479595 0.312409 0.476505 0.312871 0.475912 0.312432 0.472822 0.312894 0.472230 0.312456 0.471715 0.312533 0.469938 0.311218 0.469785 0.310188 0.469192 0.309750 0.469039 0.308719 0.468446 0.308281 0.467754 0.303645 0.468192 0.303053 0.468323 0.300401 0.469637 0.298624 0.470152 0.298548 0.470591 0.297955 0.472651 0.297648 0.473089 0.297056
0 0.343467 0.340097 0.344059 0.340535 0.347150 0.340073 0.347742 0.340512 0.349288 0.340281 0.350549 0.341672 0.350702 0.342702 0.351294 0.343141 0.351448 0.344171 0.352040 0.344609 0.352502 0.347700 0.351703 0.349399 0.351856 0.350429 0.350542 0.352205 0.350027 0.352282 0.349589 0.352874 0.348558 0.353028 0.347167 0.354289 0.344591 0.354674 0.343999 0.354236 0.342377 0.353952 0.340601 0.352637 0.340524 0.352122 0.338594 0.349777 0.338440 0.348747 0.338878 0.348155 0.338724 0.347125 0.339162 0.346532 0.339009 0.345502 0.340761 0.343134 0.340684 0.342619 0.341561 0.341435 0.343029 0.340689
0 0.299419 0.250646 0.300011 0.251084 0.303102 0.250623 0.303694 0.251061 0.305239 0.250830 0.306500 0.252222 0.306654 0.253252 0.307246 0.253690 0.307400 0.254720 0.307992 0.255158 0.308454 0.258249 0.307654 0.259948 0.307808 0.260979 0.306494 0.262755 0.305978 0.262832 0.305540 0.263424 0.304510 0.263578 0.303119 0.264839 0.300543 0.265223 0.299951 0.264785 0.298329 0.264501 0.296552 0.263186 0.296476 0.262671 0.294546 0.260326 0.294392 0.259296 0.294830 0.258704 0.294676 0.257674 0.295114 0.257082 0.294960 0.256052 0.296713 0.253683 0.296636 0.253168 0.297512 0.251984 0.298981 0.251238
0 0.328575 0.240313 0.329167 0.240751 0.330197 0.240597 0.330789 0.241035 0.333442 0.241166 0.334626 0.242042 0.335964 0.243949 0.336118 0.244979 0.336710 0.245417 0.337248 0.249023 0.336810 0.249615 0.336680 0.252268 0.335442 0.254559 0.334927 0.254636 0.334051 0.255820 0.333021 0.255974 0.332582 0.256566 0.330522 0.256874 0.330084 0.257466 0.328976 0.257104 0.326401 0.257489 0.325809 0.257051 0.323748 0.257359 0.322641 0.256997 0.319604 0.254291 0.319065 0.250686 0.319504 0.250094 0.319119 0.247518 0.319557 0.246926 0.319403 0.245896 0.319764 0.244788 0.321002 0.242497 0.321955 0.241828 0.324531 0.241444 0.324969 0.240851
0 0.311807 0.320851 0.313506 0.321650 0.314537 0.321497 0.316828 0.322734 0.316982 0.323764 0.318243 0.325156 0.318858 0.329277 0.317621 0.331568 0.317698 0.332083 0.316898 0.333782 0.316383 0.333859 0.314992 0.335120 0.313961 0.335274 0.313523 0.335866 0.313008 0.335943 0.312416 0.335505 0.309841 0.335890 0.309248 0.335452 0.308218 0.335606 0.307626 0.335167 0.307111 0.335244 0.304074 0.332538 0.303612 0.329448 0.304050 0.328855 0.303820 0.327310 0.304258 0.326718 0.304903 0.323989 0.306295 0.322728 0.307325 0.322574 0.307763 0.321982 0.309824 0.321674 0.310262 0.321082
0 0.263790 0.289268 0.264382 0.289706 0.266443 0.289398 0.267035 0.289836 0.268657 0.290121 0.268734 0.290636 0.269326 0.291074 0.269634 0.293135 0.270226 0.293573 0.270380 0.294603 0.269941 0.295195 0.270172 0.296740 0.269734 0.297332 0.269811 0.297848 0.268935 0.299032 0.268420 0.299109 0.267981 0.299701 0.266951 0.299855 0.266513 0.300447 0.264968 0.300677 0.264529 0.301269 0.262907 0.300985 0.261131 0.299671 0.261054 0.299155 0.259793 0.297764 0.259639 0.296734 0.259047 0.296296 0.258816 0.294750 0.259254 0.294158 0.259024 0.292613 0.260776 0.290245 0.261291 0.290168 0.261730 0.289576
0 0.262849 0.274298 0.264535 0.273836 0.266349 0.273530 0.268514 0.274154 0.270389 0.275313 0.271169 0.278425 0.270425 0.280256 0.268951 0.281669 0.266927 0.282919 0.264804 0.283010 0.263182 0.282726 0.261405 0.281411 0.260549 0.279345 0.260621 0.276772 0.261724 0.274993
0 0.283503 0.255921 0.285189 0.255459 0.287003 0.255153 0.289167 0.255777 0.291043 0.256936 0.291823 0.260048 0.291079 0.261879 0.289605 0.263292 0.287581 0.264542 0.285458 0.264633 0.283836 0.264348 0.282060 0.263034 0.281203 0.260967 0.281275 0.258395 0.282378 0.256616
0 0.223235 0.397147 0.224921 0.396685 0.226735 0.396379 0.228899 0.397003 0.230775 0.398162 0.231555 0.401274 0.230811 0.403105 0.229337 0.404518 0.227313 0.405768 0.225190 0.405859 0.223568 0.405574 0.221792 0.404260 0.220935 0.402193 0.221007 0.399621 0.222110 0.397842
0 0.212113 0.412031 0.215322 0.411835 0.217931 0.412632 0.219863 0.414560 0.221018 0.417150 0.220699 0.421678 0.218292 0.424794 0.215906 0.427027 0.212948 0.427737 0.210738 0.427508 0.209039 0.426709 0.207842 0.425857 0.206440 0.423411 0.205911 0.420364 0.205624 0.418185 0.206831 0.415453 0.208620 0.413372 0.210567 0.412262
0 0.200952 0.407831 0.201544 0.408269 0.202059 0.408192 0.203835 0.409507 0.203912 0.410022 0.205096 0.410898 0.205173 0.411414 0.205765 0.411852 0.206381 0.415973 0.205942 0.416565 0.206096 0.417595 0.205658 0.418187 0.205812 0.419217 0.205374 0.419809 0.205451 0.420324 0.204136 0.422101 0.203621 0.422178 0.203183 0.422770 0.202668 0.422847 0.202076 0.422408 0.200530 0.422639 0.199938 0.422201 0.198393 0.422432 0.197801 0.421994 0.196771 0.422148 0.195587 0.421271 0.195433 0.420241 0.194841 0.419803 0.194687 0.418772 0.194095 0.418334 0.193941 0.417304 0.193349 0.416866 0.193118 0.415321 0.193556 0.414728 0.193325 0.413183 0.193763 0.412591 0.193687 0.412076 0.194563 0.410892 0.195078 0.410815 0.196470 0.409554 0.197500 0.409400 0.197938 0.408808 0.199483 0.408577 0.199921 0.407985
0 0.222644 0.345943 0.227072 0.347388 0.230701 0.350532 0.230932 0.352078 0.231524 0.352516 0.232140 0.356637 0.231702 0.357229 0.231856 0.358259 0.230103 0.360627 0.230180 0.361143 0.227912 0.363588 0.226882 0.363742 0.224975 0.365080 0.223945 0.365233 0.223353 0.364795 0.218717 0.365488 0.215241 0.363374 0.213234 0.360514 0.212619 0.356393 0.213057 0.355801 0.212826 0.354255 0.213549 0.352041 0.215663 0.348566 0.216616 0.347897 0.218161 0.347666 0.218600 0.347074 0.220145 0.346843 0.220583 0.346251
0 0.071954 0.325929 0.072546 0.326367 0.073576 0.326213 0.074168 0.326651 0.074683 0.326574 0.077566 0.328250 0.077951 0.330826 0.078543 0.331264 0.078774 0.332809 0.078336 0.333401 0.078490 0.334431 0.077175 0.336208 0.076660 0.336285 0.076222 0.336877 0.074676 0.337107 0.074238 0.337700 0.071148 0.338161 0.070556 0.337723 0.069525 0.337877 0.068341 0.337000 0.068264 0.336485 0.067003 0.335094 0.066388 0.330973 0.066826 0.330381 0.066749 0.329866 0.068940 0.326905 0.069455 0.326828 0.069893 0.326236
0 0.073762 0.310545 0.074355 0.310984 0.075385 0.310830 0.075977 0.311268 0.076492 0.311191 0.079375 0.312867 0.079760 0.315442 0.080352 0.315880 0.080583 0.317426 0.080145 0.318018 0.080299 0.319048 0.078984 0.320824 0.078469 0.320901 0.078031 0.321493 0.076485 0.321724 0.076047 0.322316 0.072956 0.322778 0.072364 0.322340 0.071334 0.322493 0.070150 0.321617 0.070073 0.321102 0.068812 0.319710 0.068197 0.315590 0.068635 0.314997 0.068558 0.314482 0.070749 0.311522 0.071264 0.311445 0.071702 0.310853
0 0.120710 0.313280 0.121302 0.313719 0.123362 0.313411 0.125061 0.314210 0.125138 0.314725 0.127068 0.317070 0.127915 0.322737 0.127477 0.323329 0.127192 0.324951 0.126316 0.326135 0.126393 0.326650 0.125878 0.326727 0.124486 0.327988 0.122941 0.328219 0.122503 0.328811 0.119412 0.329273 0.118820 0.328834 0.117198 0.328550 0.115345 0.326720 0.115191 0.325690 0.114599 0.325252 0.114445 0.324222 0.113853 0.323784 0.113237 0.319663 0.114114 0.318479 0.114398 0.316856 0.115712 0.315080 0.116228 0.315003 0.117619 0.313742
0 0.138205 0.282294 0.138797 0.282732 0.140858 0.282424 0.142557 0.283223 0.142634 0.283739 0.144564 0.286083 0.145410 0.291750 0.144972 0.292342 0.144688 0.293964 0.143811 0.295148 0.143888 0.295663 0.143373 0.295740 0.141981 0.297001 0.140436 0.297232 0.139998 0.297824 0.136907 0.298286 0.136315 0.297848 0.134693 0.297563 0.132840 0.295734 0.132686 0.294703 0.132094 0.294265 0.131940 0.293235 0.131348 0.292797 0.130732 0.288676 0.131609 0.287492 0.131893 0.285869 0.133208 0.284093 0.133723 0.284016 0.135114 0.282755
0 0.022121 0.442227 0.025081 0.444418 0.025235 0.445448 0.025827 0.445886 0.026058 0.447431 0.026650 0.447870 0.026212 0.448462 0.026596 0.451037 0.024328 0.453482 0.020723 0.454021 0.020131 0.453583 0.018070 0.453891 0.017478 0.453452 0.016963 0.453529 0.016886 0.453014 0.016294 0.452576 0.016140 0.451546 0.015548 0.451108 0.015394 0.450077 0.014802 0.449639 0.014494 0.447579 0.014932 0.446987 0.014702 0.445441 0.016016 0.443665 0.019622 0.443127 0.020060 0.442534
0 0.012983 0.399205 0.015944 0.401395 0.016098 0.402426 0.016690 0.402864 0.016921 0.404409 0.017513 0.404847 0.017074 0.405439 0.017459 0.408015 0.015191 0.410460 0.011585 0.410999 0.010993 0.410561 0.008933 0.410868 0.008341 0.410430 0.007826 0.410507 0.007749 0.409992 0.007157 0.409554 0.007003 0.408524 0.006411 0.408085 0.006257 0.407055 0.005665 0.406617 0.005357 0.404556 0.005795 0.403964 0.005564 0.402419 0.006879 0.400643 0.010485 0.400104 0.010923 0.399512
0 0.080478 0.361876 0.083438 0.364067 0.083592 0.365097 0.084184 0.365535 0.084415 0.367081 0.085007 0.367519 0.084569 0.368111 0.084954 0.370686 0.082686 0.373132 0.079080 0.373670 0.078488 0.373232 0.076427 0.373540 0.075835 0.373101 0.075320 0.373178 0.075243 0.372663 0.074651 0.372225 0.074497 0.371195 0.073905 0.370757 0.073751 0.369726 0.073159 0.369288 0.072852 0.367228 0.073290 0.366636 0.073059 0.365090 0.074374 0.363314 0.077979 0.362776 0.078418 0.362184
0 0.000000 0.437910 0.000000 0.440101 0.000000 0.441131 0.000283 0.441569 0.000514 0.443115 0.001106 0.443553 0.000668 0.444145 0.001053 0.446720 0.000000 0.449166 0.000000 0.449704 0.000000 0.449266 0.000000 0.449574 0.000000 0.449136 0.000000 0.449212 0.000000 0.448697 0.000000 0.448259 0.000000 0.447229 0.000000 0.446791 0.000000 0.445761 0.000000 0.445322 0.000000 0.443262 0.000000 0.442670 0.000000 0.441124 0.000000 0.439348 0.000000 0.438810 0.000000 0.438218
0 0.000000 0.400593 0.000000 0.402784 0.000000 0.403815 0.000000 0.404253 0.000000 0.405798 0.000000 0.406236 0.000000 0.406828 0.000000 0.409404 0.000000 0.411849 0.000000 0.412388 0.000000 0.411949 0.000000 0.412257 0.000000 0.411819 0.000000 0.411896 0.000000 0.411381 0.000000 0.410943 0.000000 0.409912 0.000000 0.409474 0.000000 0.408444 0.000000 0.408006 0.000000 0.405945 0.000000 0.405353 0.000000 0.403808 0.000000 0.402032 0.000000 0.401493 0.000000 0.400901
0 0.027192 0.376215 0.030152 0.378406 0.030306 0.379436 0.030898 0.379874 0.031129 0.381420 0.031721 0.381858 0.031283 0.382450 0.031667 0.385025 0.029400 0.387471 0.025794 0.388009 0.025202 0.387571 0.023141 0.387879 0.022549 0.387441 0.022034 0.387518 0.021957 0.387002 0.021365 0.386564 0.021211 0.385534 0.020619 0.385096 0.020465 0.384066 0.019873 0.383627 0.019565 0.381567 0.020004 0.380975 0.019773 0.379429 0.021087 0.377653 0.024693 0.377115 0.025131 0.376523
0 0.039322 0.367796 0.042282 0.369987 0.042436 0.371018 0.043028 0.371456 0.043259 0.373001 0.043851 0.373439 0.043413 0.374031 0.043798 0.376607 0.041530 0.379052 0.037924 0.379591 0.037332 0.379152 0.035271 0.379460 0.034679 0.379022 0.034164 0.379099 0.034087 0.378584 0.033495 0.378146 0.033341 0.377115 0.032749 0.376677 0.032595 0.375647 0.032003 0.375209 0.031696 0.373148 0.032134 0.372556 0.031903 0.371011 0.033217 0.369235 0.036823 0.368696 0.037261 0.368104
0 0.014892 0.356983 0.017983 0.356521 0.020351 0.358274 0.020428 0.358789 0.021612 0.359665 0.021689 0.360181 0.022950 0.361572 0.023258 0.363633 0.023850 0.364071 0.023412 0.364663 0.023950 0.368269 0.022197 0.370637 0.021682 0.370714 0.020291 0.371975 0.014109 0.372898 0.011818 0.371660 0.011303 0.371737 0.009527 0.370423 0.008627 0.367924 0.007366 0.366533 0.007804 0.365941 0.007573 0.364395 0.008012 0.363803 0.007858 0.362773 0.008296 0.362181 0.008580 0.360559 0.010333 0.358190 0.011363 0.358037 0.011801 0.357444
0 0.000000 0.306546 0.000000 0.306046 0.000000 0.308368 0.000000 0.310712 0.000000 0.312773 0.000000 0.313211 0.000000 0.317332 0.000000 0.319031 0.000000 0.320061 0.000000 0.323022 0.000000 0.325106 0.000000 0.325668 0.000000 0.324507 0.000000 0.323192 0.000000 0.322162 0.000000 0.318787 0.000000 0.315696 0.000000 0.311268 0.000000 0.307715 0.000000 0.307046
0 0.004220 0.369161 0.007181 0.371352 0.007334 0.372382 0.007926 0.372820 0.008157 0.374366 0.008749 0.374804 0.008311 0.375396 0.008696 0.377972 0.006428 0.380417 0.002822 0.380955 0.002230 0.380517 0.000170 0.380825 0.000000 0.380387 0.000000 0.380464 0.000000 0.379949 0.000000 0.379510 0.000000 0.378480 0.000000 0.378042 0.000000 0.377012 0.000000 0.376574 0.000000 0.374513 0.000000 0.373921 0.000000 0.372376 0.000000 0.370599 0.001722 0.370061 0.002160 0.369469
0 0.055338 0.310986 0.058298 0.313177 0.058452 0.314207 0.059044 0.314645 0.059275 0.316191 0.059867 0.316629 0.059429 0.317221 0.059814 0.319796 0.057546 0.322242 0.053940 0.322780 0.053348 0.322342 0.051287 0.322650 0.050695 0.322212 0.050180 0.322288 0.050103 0.321773 0.049511 0.321335 0.049357 0.320305 0.048765 0.319867 0.048611 0.318837 0.048019 0.318398 0.047712 0.316338 0.048150 0.315746 0.047919 0.314200 0.049233 0.312424 0.052839 0.311886 0.053278 0.311294
0 0.116600 0.528771 0.117192 0.529209 0.119767 0.528824 0.122574 0.529985 0.122728 0.531015 0.123320 0.531453 0.123474 0.532484 0.124066 0.532922 0.124296 0.534467 0.123858 0.535059 0.124243 0.537635 0.122928 0.539411 0.123005 0.539926 0.122567 0.540518 0.121537 0.540672 0.121099 0.541264 0.118523 0.541649 0.118085 0.542241 0.115509 0.542626 0.114917 0.542187 0.114402 0.542264 0.112034 0.540512 0.111957 0.539997 0.111365 0.539558 0.110826 0.535953 0.110234 0.535514 0.111034 0.533815 0.110880 0.532785 0.111318 0.532193 0.111241 0.531678 0.112118 0.530494 0.112633 0.530417 0.114024 0.529156
0 0.087346 0.595278 0.087938 0.595716 0.090514 0.595331 0.093320 0.596492 0.093474 0.597522 0.094066 0.597960 0.094220 0.598990 0.094812 0.599429 0.095043 0.600974 0.094605 0.601566 0.094990 0.604142 0.093675 0.605918 0.093752 0.606433 0.093314 0.607025 0.092284 0.607179 0.091845 0.607771 0.089270 0.608156 0.088832 0.608748 0.086256 0.609132 0.085664 0.608694 0.085149 0.608771 0.082781 0.607018 0.082704 0.606503 0.082112 0.606065 0.081573 0.602459 0.080981 0.602021 0.081780 0.600322 0.081626 0.599292 0.082065 0.598699 0.081988 0.598184 0.082864 0.597000 0.083379 0.596923 0.084771 0.595662
0 0.105012 0.596428 0.105604 0.596866 0.108179 0.596482 0.110986 0.597642 0.111140 0.598672 0.111732 0.599111 0.111885 0.600141 0.112478 0.600579 0.112708 0.602124 0.112270 0.602717 0.112655 0.605292 0.111340 0.607068 0.111417 0.607583 0.110979 0.608175 0.109949 0.608329 0.109511 0.608921 0.106935 0.609306 0.106497 0.609898 0.103921 0.610283 0.103329 0.609845 0.102814 0.609922 0.100446 0.608169 0.100369 0.607654 0.099777 0.607216 0.099238 0.603610 0.098646 0.603171 0.099446 0.601472 0.099292 0.600442 0.099730 0.599850 0.099653 0.599335 0.100529 0.598151 0.101045 0.598074 0.102436 0.596813
0 0.011497 0.574734 0.012089 0.575172 0.014664 0.574788 0.017471 0.575948 0.017625 0.576979 0.018217 0.577417 0.018371 0.578447 0.018963 0.578885 0.019193 0.580431 0.018755 0.581023 0.019140 0.583598 0.017825 0.585374 0.017902 0.585889 0.017464 0.586482 0.016434 0.586635 0.015996 0.587228 0.013420 0.587612 0.012982 0.588204 0.010406 0.588589 0.009814 0.588151 0.009299 0.588228 0.006931 0.586475 0.006854 0.585960 0.006262 0.585522 0.005723 0.581916 0.005131 0.581478 0.005931 0.579778 0.005777 0.578748 0.006215 0.578156 0.006138 0.577641 0.007015 0.576457 0.007530 0.576380 0.008921 0.575119
0 0.044277 0.565935 0.045914 0.568830 0.044665 0.571156 0.042776 0.572700 0.039976 0.573223 0.038170 0.572342 0.036866 0.569920 0.037500 0.567157 0.039172 0.565390 0.041921 0.564875
0 0.113148 0.581094 0.114784 0.583989 0.113536 0.586314 0.111647 0.587859 0.108846 0.588382 0.107040 0.587500 0.105736 0.585078 0.106370 0.582315 0.108043 0.580548 0.110792 0.580033
0 0.153967 0.624913 0.155603 0.627808 0.154355 0.630134 0.152465 0.631678 0.149665 0.632201 0.147859 0.631320 0.146555 0.628898 0.147189 0.626135 0.148862 0.624368 0.151610 0.623852
0 0.196992 0.632958 0.198628 0.635853 0.197380 0.638179 0.195490 0.639723 0.192690 0.640245 0.190884 0.639364 0.189580 0.636943 0.190214 0.634179 0.191886 0.632412 0.194636 0.631897
0 0.207524 0.647824 0.209160 0.650720 0.207912 0.653045 0.206023 0.654590 0.203222 0.655112 0.201416 0.654231 0.200112 0.651809 0.200747 0.649046 0.202419 0.647279 0.205168 0.646763
0 0.206744 0.667297 0.209036 0.668535 0.209551 0.668458 0.212511 0.670649 0.212588 0.671164 0.213849 0.672556 0.214080 0.674101 0.213642 0.674693 0.213872 0.676238 0.212197 0.679122 0.211912 0.680744 0.211397 0.680821 0.210006 0.682082 0.208976 0.682236 0.208537 0.682828 0.207945 0.682390 0.206915 0.682544 0.206323 0.682106 0.205293 0.682259 0.204701 0.681821 0.203670 0.681975 0.203078 0.681537 0.202563 0.681614 0.201379 0.680737 0.201302 0.680222 0.200041 0.678831 0.199887 0.677801 0.200325 0.677209 0.199864 0.674118 0.200302 0.673526 0.200586 0.671904 0.201463 0.670719 0.203884 0.669304 0.205714 0.667451
0 0.118781 0.671932 0.121072 0.673170 0.121588 0.673093 0.124548 0.675284 0.124625 0.675799 0.125886 0.677190 0.126117 0.678736 0.125679 0.679328 0.125909 0.680873 0.124234 0.683757 0.123949 0.685379 0.123434 0.685456 0.122043 0.686717 0.121012 0.686871 0.120574 0.687463 0.119982 0.687025 0.118952 0.687178 0.118360 0.686740 0.117330 0.686894 0.116738 0.686456 0.115707 0.686610 0.115115 0.686172 0.114600 0.686249 0.113416 0.685372 0.113339 0.684857 0.112078 0.683466 0.111924 0.682435 0.112362 0.681843 0.111901 0.678753 0.112339 0.678161 0.112623 0.676538 0.113500 0.675354 0.115921 0.673939 0.117751 0.672086
0 0.077185 0.665047 0.079477 0.666285 0.079992 0.666208 0.082952 0.668399 0.083029 0.668914 0.084290 0.670305 0.084521 0.671851 0.084083 0.672443 0.084314 0.673988 0.082638 0.676871 0.082353 0.678494 0.081838 0.678571 0.080447 0.679832 0.079417 0.679986 0.078978 0.680578 0.078386 0.680139 0.077356 0.680293 0.076764 0.679855 0.075734 0.680009 0.075142 0.679571 0.074111 0.679725 0.073519 0.679286 0.073004 0.679363 0.071820 0.678487 0.071743 0.677972 0.070482 0.676580 0.070328 0.675550 0.070767 0.674958 0.070305 0.671867 0.070743 0.671275 0.071027 0.669653 0.071904 0.668469 0.074325 0.667054 0.076155 0.665201
0 0.071102 0.693820 0.071694 0.694258 0.073316 0.694542 0.077537 0.698125 0.078230 0.702761 0.077792 0.703353 0.077869 0.703868 0.077430 0.704460 0.077584 0.705490 0.077146 0.706082 0.076631 0.706159 0.075239 0.707420 0.074209 0.707574 0.073771 0.708166 0.071195 0.708551 0.070603 0.708113 0.069573 0.708266 0.068981 0.707828 0.067951 0.707982 0.066252 0.707183 0.066175 0.706668 0.065583 0.706229 0.065352 0.704684 0.064760 0.704246 0.064529 0.702701 0.064967 0.702109 0.064582 0.699533 0.065021 0.698941 0.064944 0.698426 0.065820 0.697242 0.066335 0.697165 0.066773 0.696573 0.066696 0.696057 0.067212 0.695980 0.067650 0.695388 0.068680 0.695235 0.070071 0.693974
0 0.082799 0.728368 0.083391 0.728806 0.085013 0.729091 0.089234 0.732673 0.089927 0.737309 0.089489 0.737901 0.089565 0.738416 0.089127 0.739008 0.089281 0.740039 0.088843 0.740631 0.088328 0.740708 0.086936 0.741969 0.085906 0.742123 0.085468 0.742715 0.082892 0.743099 0.082300 0.742661 0.081270 0.742815 0.080678 0.742377 0.079648 0.742531 0.077948 0.741731 0.077872 0.741216 0.077279 0.740778 0.077049 0.739233 0.076457 0.738794 0.076226 0.737249 0.076664 0.736657 0.076279 0.734081 0.076717 0.733489 0.076641 0.732974 0.077517 0.731790 0.078032 0.731713 0.078470 0.731121 0.078393 0.730606 0.078908 0.730529 0.079347 0.729937 0.080377 0.729783 0.081768 0.728522
0 0.156241 0.742278 0.157426 0.743155 0.159048 0.743439 0.160232 0.744315 0.162446 0.745038 0.164814 0.746791 0.165483 0.747744 0.166614 0.751788 0.166176 0.752380 0.166484 0.754440 0.165761 0.756655 0.164447 0.758431 0.162463 0.759254 0.162025 0.759846 0.160995 0.760000 0.160556 0.760592 0.157028 0.761645 0.156436 0.761207 0.154890 0.761438 0.154298 0.761000 0.153268 0.761154 0.151054 0.760431 0.149124 0.758087 0.148893 0.756541 0.148301 0.756103 0.147762 0.752497 0.148200 0.751905 0.147892 0.749845 0.148331 0.749252 0.148538 0.747115 0.149414 0.745931 0.151398 0.745108 0.154696 0.742509
0 0.069604 0.789052 0.070788 0.789929 0.072410 0.790213 0.073594 0.791089 0.075809 0.791812 0.078177 0.793565 0.078846 0.794518 0.079977 0.798562 0.079538 0.799154 0.079846 0.801215 0.079124 0.803429 0.077809 0.805205 0.075826 0.806028 0.075387 0.806620 0.074357 0.806774 0.073919 0.807366 0.070390 0.808420 0.069798 0.807981 0.068253 0.808212 0.067661 0.807774 0.066630 0.807928 0.064416 0.807205 0.062486 0.804861 0.062255 0.803315 0.061663 0.802877 0.061125 0.799271 0.061563 0.798679 0.061255 0.796619 0.061693 0.796027 0.061901 0.793889 0.062777 0.792705 0.064760 0.791882 0.068059 0.789283
0 0.105983 0.721152 0.106575 0.721590 0.108121 0.721360 0.108713 0.721798 0.109743 0.721644 0.112550 0.722805 0.112626 0.723320 0.114403 0.724634 0.114787 0.727210 0.115379 0.727648 0.115533 0.728678 0.115095 0.729270 0.114965 0.731923 0.113212 0.734291 0.112182 0.734445 0.111743 0.735037 0.110713 0.735191 0.110275 0.735783 0.108215 0.736091 0.107776 0.736683 0.103863 0.735161 0.103786 0.734646 0.103194 0.734208 0.102886 0.732147 0.102294 0.731709 0.101909 0.729133 0.102347 0.728541 0.102040 0.726481 0.102839 0.724782 0.102685 0.723751 0.103562 0.722567 0.104077 0.722490 0.105468 0.721229
0 0.197002 0.699070 0.201430 0.700515 0.203568 0.700722 0.205344 0.702037 0.207274 0.704381 0.207582 0.706442 0.208174 0.706880 0.208943 0.712031 0.208505 0.712623 0.208375 0.715276 0.206184 0.718236 0.203839 0.720166 0.202809 0.720320 0.200902 0.721658 0.198842 0.721966 0.198249 0.721528 0.196189 0.721835 0.195597 0.721397 0.192944 0.721267 0.192867 0.720751 0.191091 0.719437 0.190268 0.717453 0.189007 0.716062 0.188853 0.715032 0.188261 0.714593 0.187723 0.710988 0.188161 0.710396 0.188215 0.707228 0.189091 0.706044 0.189375 0.704422 0.191128 0.702053 0.195095 0.700408 0.196487 0.699147
0 0.170944 0.716841 0.176403 0.718132 0.178771 0.719885 0.181447 0.723698 0.182732 0.728773 0.181879 0.733640 0.178373 0.738376 0.173968 0.740614 0.171908 0.740922 0.171315 0.740483 0.169770 0.740714 0.166526 0.740146 0.162973 0.737517 0.160143 0.732673 0.159220 0.726492 0.160097 0.725307 0.160742 0.722578 0.162933 0.719618 0.164478 0.719387 0.167853 0.717303
0 0.170758 0.806990 0.176217 0.808281 0.178585 0.810033 0.181261 0.813847 0.182546 0.818921 0.181693 0.823788 0.178187 0.828524 0.173782 0.830762 0.171722 0.831070 0.171130 0.830632 0.169584 0.830862 0.166340 0.830294 0.162787 0.827665 0.159957 0.822821 0.159034 0.816640 0.159911 0.815456 0.160556 0.812726 0.162747 0.809766 0.164292 0.809535 0.167667 0.807451
0 0.240391 0.762574 0.242026 0.765469 0.240779 0.767795 0.238889 0.769339 0.236089 0.769862 0.234283 0.768981 0.232979 0.766559 0.233613 0.763796 0.235285 0.762029 0.238034 0.761513
0 0.124633 0.789903 0.126269 0.792799 0.125021 0.795124 0.123131 0.796669 0.120332 0.797192 0.118525 0.796310 0.117221 0.793888 0.117855 0.791125 0.119527 0.789358 0.122276 0.788843
0 0.241086 0.745628 0.242722 0.748523 0.241474 0.750848 0.239584 0.752393 0.236784 0.752916 0.234977 0.752034 0.233674 0.749613 0.234308 0.746849 0.235980 0.745082 0.238729 0.744567
0 0.349703 0.676266 0.351339 0.679162 0.350091 0.681487 0.348201 0.683032 0.345401 0.683555 0.343595 0.682673 0.342291 0.680251 0.342925 0.677488 0.344597 0.675721 0.347346 0.675206
0 0.336837 0.742053 0.338473 0.744948 0.337225 0.747273 0.335335 0.748818 0.332535 0.749341 0.330729 0.748460 0.329425 0.746037 0.330059 0.743275 0.331731 0.741507 0.334480 0.740992
0 0.245727 0.808038 0.247363 0.810934 0.246115 0.813259 0.244226 0.814804 0.241425 0.815327 0.239619 0.814445 0.238315 0.812023 0.238949 0.809260 0.240622 0.807493 0.243371 0.806977
0 0.242537 0.753900 0.244173 0.756795 0.242924 0.759120 0.241035 0.760665 0.238235 0.761187 0.236429 0.760306 0.235125 0.757884 0.235759 0.755121 0.237431 0.753354 0.240180 0.752839
0 0.125790 0.732884 0.127426 0.735779 0.126178 0.738105 0.124289 0.739649 0.121489 0.740172 0.119682 0.739290 0.118379 0.736869 0.119013 0.734106 0.120685 0.732338 0.123434 0.731823
0 0.141942 0.746686 0.143225 0.747768 0.143955 0.749594 0.143600 0.751989 0.140908 0.753053 0.138524 0.752441 0.137485 0.750255 0.137977 0.748093 0.139559 0.747093
0 0.090915 0.724681 0.092198 0.725763 0.092928 0.727589 0.092573 0.729984 0.089880 0.731048 0.087497 0.730436 0.086458 0.728250 0.086950 0.726088 0.088532 0.725089
0 0.093915 0.716317 0.095197 0.717399 0.095928 0.719225 0.095573 0.721620 0.092880 0.722684 0.090497 0.722072 0.089458 0.719885 0.089950 0.717724 0.091532 0.716724
0 0.111395 0.749337 0.113031 0.752232 0.111783 0.754558 0.109894 0.756102 0.107093 0.756625 0.105287 0.755744 0.103983 0.753322 0.104618 0.750559 0.106290 0.748791 0.109039 0.748277
0 0.047812 0.750149 0.048996 0.751025 0.050619 0.751309 0.051803 0.752186 0.054017 0.752908 0.056385 0.754661 0.057054 0.755614 0.058185 0.759658 0.057747 0.760250 0.058055 0.762311 0.057332 0.764525 0.056018 0.766301 0.054034 0.767124 0.053596 0.767716 0.052566 0.767870 0.052127 0.768462 0.048599 0.769516 0.048006 0.769078 0.046461 0.769309 0.045869 0.768870 0.044839 0.769024 0.042624 0.768302 0.040694 0.765957 0.040464 0.764412 0.039872 0.763973 0.039333 0.760368 0.039771 0.759776 0.039463 0.757715 0.039902 0.757123 0.040109 0.754986 0.040985 0.753801 0.042969 0.752979 0.046267 0.750380
0 0.138533 0.800404 0.141788 0.802013 0.144111 0.805011 0.144871 0.808133 0.144114 0.811923 0.141859 0.814796 0.138795 0.816687 0.134742 0.817366 0.131597 0.816990 0.128908 0.815480 0.127791 0.814477 0.126968 0.812494 0.126268 0.810360 0.125993 0.807534 0.126750 0.804479 0.128392 0.802176 0.130573 0.800784 0.133807 0.799786
0 0.096652 0.809265 0.099907 0.810874 0.102230 0.813872 0.102990 0.816994 0.102233 0.820783 0.099978 0.823657 0.096914 0.825548 0.092860 0.826227 0.089716 0.825851 0.087027 0.824341 0.085909 0.823338 0.085087 0.821355 0.084387 0.819221 0.084112 0.816395 0.084869 0.813340 0.086510 0.811037 0.088693 0.809644 0.091926 0.808647
0 0.090335 0.783637 0.091519 0.784514 0.093141 0.784798 0.094325 0.785674 0.096539 0.786397 0.098908 0.788150 0.099577 0.789103 0.100707 0.793147 0.100269 0.793739 0.100577 0.795800 0.099854 0.798014 0.098540 0.799790 0.096556 0.800613 0.096118 0.801205 0.095088 0.801359 0.094650 0.801951 0.091121 0.803005 0.090529 0.802566 0.088983 0.802797 0.088391 0.802359 0.087361 0.802513 0.085147 0.801790 0.083217 0.799446 0.082986 0.797900 0.082394 0.797462 0.081855 0.793856 0.082293 0.793264 0.081986 0.791204 0.082424 0.790612 0.082631 0.788474 0.083508 0.787290 0.085491 0.786467 0.088789 0.783868
0 0.259232 0.596985 0.259824 0.597423 0.260339 0.597346 0.263300 0.599537 0.264046 0.601006 0.265230 0.601882 0.265307 0.602397 0.264868 0.602989 0.265330 0.606080 0.264892 0.606672 0.265123 0.608217 0.264323 0.609917 0.263808 0.609994 0.262932 0.611178 0.261902 0.611332 0.261463 0.611924 0.258373 0.612385 0.257781 0.611947 0.256235 0.612178 0.255643 0.611740 0.254021 0.611455 0.253944 0.610940 0.253352 0.610502 0.253198 0.609472 0.252606 0.609034 0.252452 0.608003 0.251860 0.607565 0.251629 0.606020 0.252067 0.605428 0.251760 0.603367 0.252559 0.601668 0.252405 0.600638 0.252920 0.600561 0.255265 0.598631 0.256295 0.598477 0.257687 0.597216
0 0.243796 0.609011 0.244389 0.609449 0.244904 0.609372 0.246603 0.610171 0.246834 0.611717 0.247426 0.612155 0.247887 0.615246 0.247449 0.615838 0.247680 0.617383 0.246081 0.620782 0.245566 0.620859 0.245128 0.621451 0.241522 0.621989 0.240930 0.621551 0.240415 0.621628 0.238047 0.619875 0.237970 0.619360 0.237378 0.618922 0.237224 0.617892 0.236632 0.617453 0.236247 0.614878 0.236685 0.614286 0.236608 0.613771 0.237046 0.613179 0.237331 0.611556 0.237846 0.611479 0.238722 0.610295 0.239753 0.610141 0.240191 0.609549
0 0.177029 0.572563 0.177621 0.573002 0.178136 0.572925 0.179835 0.573724 0.180066 0.575269 0.180658 0.575708 0.181120 0.578798 0.180682 0.579390 0.180913 0.580936 0.179314 0.584334 0.178799 0.584411 0.178360 0.585003 0.174755 0.585542 0.174162 0.585104 0.173647 0.585180 0.171279 0.583428 0.171202 0.582913 0.170610 0.582474 0.170456 0.581444 0.169864 0.581006 0.169480 0.578430 0.169918 0.577838 0.169841 0.577323 0.170279 0.576731 0.170563 0.575109 0.171078 0.575032 0.171955 0.573848 0.172985 0.573694 0.173423 0.573102
0 0.034932 0.555628 0.036568 0.558523 0.035320 0.560848 0.033430 0.562393 0.030630 0.562916 0.028824 0.562034 0.027520 0.559612 0.028154 0.556849 0.029827 0.555082 0.032575 0.554567
0 0.201476 0.469552 0.202068 0.469990 0.203613 0.469759 0.204205 0.470197 0.206858 0.470328 0.209303 0.472596 0.209380 0.473111 0.211310 0.475455 0.210872 0.476048 0.211256 0.478623 0.210818 0.479215 0.210173 0.481945 0.208858 0.483721 0.207828 0.483875 0.207390 0.484467 0.204814 0.484851 0.204376 0.485443 0.202315 0.485751 0.201723 0.485313 0.200101 0.485029 0.198917 0.484152 0.198840 0.483637 0.195288 0.481008 0.194749 0.477402 0.195187 0.476810 0.195110 0.476295 0.196425 0.474519 0.196348 0.474004 0.198977 0.470452 0.199492 0.470375 0.199930 0.469783
0 0.194814 0.509832 0.195406 0.510270 0.196952 0.510039 0.197544 0.510477 0.198059 0.510400 0.198651 0.510839 0.200273 0.511123 0.200865 0.511561 0.201173 0.513622 0.201765 0.514060 0.201996 0.515605 0.201558 0.516197 0.201712 0.517227 0.201273 0.517819 0.200989 0.519442 0.198721 0.521887 0.197691 0.522041 0.197253 0.522633 0.195192 0.522941 0.194008 0.522064 0.193493 0.522141 0.191717 0.520827 0.191640 0.520311 0.191048 0.519873 0.190302 0.518405 0.189118 0.517529 0.188733 0.514953 0.189171 0.514361 0.189018 0.513331 0.189456 0.512739 0.189971 0.512662 0.190847 0.511478 0.191362 0.511401 0.191801 0.510809 0.192831 0.510655 0.193269 0.510063
0 0.284511 0.368596 0.285103 0.369034 0.286649 0.368803 0.287241 0.369242 0.287756 0.369165 0.290124 0.370917 0.290355 0.372463 0.290947 0.372901 0.291716 0.378052 0.290840 0.379236 0.290917 0.379751 0.289602 0.381527 0.286512 0.381989 0.285919 0.381551 0.283344 0.381936 0.282752 0.381497 0.281722 0.381651 0.279945 0.380337 0.279868 0.379822 0.279276 0.379383 0.279123 0.378353 0.278530 0.377915 0.278377 0.376885 0.277785 0.376447 0.277169 0.372326 0.278922 0.369957 0.279437 0.369880 0.279875 0.369288
0 0.274434 0.382211 0.275026 0.382649 0.276572 0.382418 0.277164 0.382857 0.277679 0.382780 0.280047 0.384532 0.280278 0.386078 0.280870 0.386516 0.281639 0.391667 0.280763 0.392851 0.280840 0.393366 0.279525 0.395142 0.276435 0.395604 0.275843 0.395166 0.273267 0.395551 0.272675 0.395112 0.271645 0.395266 0.269868 0.393952 0.269792 0.393437 0.269199 0.392998 0.269046 0.391968 0.268454 0.391530 0.268300 0.390500 0.267708 0.390062 0.267092 0.385941 0.268845 0.383572 0.269360 0.383495 0.269798 0.382903
0 0.340720 0.408903 0.341312 0.409342 0.342342 0.409188 0.342934 0.409626 0.343965 0.409472 0.344557 0.409910 0.346179 0.410194 0.346771 0.410633 0.346848 0.411148 0.348032 0.412024 0.348186 0.413054 0.348778 0.413493 0.348855 0.414008 0.348417 0.414600 0.348801 0.417175 0.348363 0.417767 0.348440 0.418282 0.346687 0.420651 0.346172 0.420728 0.345734 0.421320 0.344704 0.421474 0.344266 0.422066 0.340660 0.422604 0.340068 0.422166 0.339038 0.422320 0.336592 0.420052 0.336515 0.419537 0.335923 0.419099 0.335770 0.418068 0.335178 0.417630 0.334793 0.415055 0.335231 0.414463 0.335877 0.411733 0.336392 0.411656 0.337268 0.410472 0.337783 0.410395 0.338221 0.409803 0.339252 0.409649 0.339690 0.409057
0 0.294662 0.436642 0.295254 0.437080 0.296284 0.436926 0.296876 0.437364 0.297906 0.437211 0.298498 0.437649 0.300121 0.437933 0.300713 0.438371 0.300790 0.438886 0.301974 0.439763 0.302128 0.440793 0.302720 0.441231 0.302797 0.441746 0.302358 0.442338 0.302743 0.444914 0.302305 0.445506 0.302382 0.446021 0.300629 0.448389 0.300114 0.448466 0.299676 0.449058 0.298646 0.449212 0.298207 0.449804 0.294602 0.450343 0.294010 0.449905 0.292979 0.450059 0.290534 0.447791 0.290457 0.447276 0.289865 0.446837 0.289711 0.445807 0.289119 0.445369 0.288735 0.442793 0.289173 0.442201 0.289818 0.439472 0.290333 0.439395 0.291210 0.438211 0.291725 0.438134 0.292163 0.437542 0.293193 0.437388 0.293632 0.436796
0 0.323428 0.503770 0.324929 0.505827 0.325381 0.509093 0.324569 0.511882 0.322248 0.513492 0.319154 0.514165 0.316336 0.514094 0.313918 0.512946 0.312945 0.510425 0.312417 0.507836 0.313260 0.505254 0.314507 0.503076 0.317006 0.502176 0.319581 0.501791 0.321591 0.502044
0 0.320612 0.521591 0.322113 0.523648 0.322565 0.526914 0.321753 0.529703 0.319432 0.531313 0.316338 0.531985 0.313520 0.531915 0.311102 0.530767 0.310128 0.528245 0.309601 0.525657 0.310444 0.523074 0.311691 0.520897 0.314189 0.519997 0.316765 0.519612 0.318775 0.519865
0 0.478864 0.465466 0.480364 0.467522 0.480817 0.470789 0.480005 0.473577 0.477683 0.475188 0.474590 0.475860 0.471771 0.475790 0.469353 0.474642 0.468380 0.472120 0.467853 0.469532 0.468696 0.466949 0.469942 0.464771 0.472441 0.463872 0.475017 0.463487 0.477027 0.463740
0 0.323729 0.435044 0.325416 0.434581 0.327230 0.434275 0.329394 0.434900 0.331269 0.436058 0.332050 0.439170 0.331306 0.441001 0.329832 0.442414 0.327807 0.443664 0.325685 0.443755 0.324062 0.443471 0.322286 0.442156 0.321430 0.440090 0.321502 0.437517 0.322605 0.435738
0 0.349499 0.452483 0.351185 0.452020 0.352999 0.451714 0.355163 0.452338 0.357038 0.453497 0.357819 0.456609 0.357075 0.458440 0.355601 0.459853 0.353577 0.461103 0.351454 0.461193 0.349831 0.460909 0.348055 0.459595 0.347199 0.457528 0.347271 0.454956 0.348374 0.453177
0 0.306554 0.474094 0.308239 0.473631 0.310054 0.473325 0.312218 0.473950 0.314094 0.475108 0.314874 0.478220 0.314130 0.480051 0.312656 0.481464 0.310631 0.482714 0.308509 0.482805 0.306886 0.482521 0.305110 0.481206 0.304253 0.479140 0.304326 0.476567 0.305429 0.474788
0 0.450111 0.339396 0.451797 0.338933 0.453611 0.338627 0.455775 0.339252 0.457651 0.340410 0.458431 0.343522 0.457687 0.345353 0.456213 0.346766 0.454189 0.348016 0.452066 0.348107 0.450444 0.347823 0.448668 0.346508 0.447811 0.344442 0.447883 0.341869 0.448986 0.340090
0 0.464548 0.448816 0.466234 0.448354 0.468049 0.448047 0.470213 0.448672 0.472088 0.449831 0.472869 0.452943 0.472124 0.454773 0.470651 0.456187 0.468626 0.457436 0.466503 0.457527 0.464881 0.457243 0.463105 0.455928 0.462249 0.453862 0.462320 0.451290 0.463424 0.449510
0 0.369507 0.273963 0.370099 0.274401 0.371645 0.274171 0.375997 0.275100 0.378957 0.277291 0.380295 0.279198 0.381425 0.283242 0.382017 0.283680 0.382864 0.289346 0.380312 0.293414 0.377452 0.295421 0.376421 0.295575 0.374515 0.296913 0.366711 0.297552 0.364497 0.296829 0.361975 0.294046 0.361821 0.293016 0.361229 0.292578 0.360767 0.289487 0.360175 0.289049 0.360613 0.288457 0.360075 0.284851 0.363195 0.277539 0.366055 0.275532 0.369069 0.274555
0 0.480287 0.276133 0.481973 0.275671 0.483787 0.275365 0.485952 0.275989 0.487827 0.277148 0.488608 0.280260 0.487863 0.282090 0.486389 0.283504 0.484365 0.284754 0.482242 0.284845 0.480620 0.284560 0.478844 0.283246 0.477987 0.281179 0.478059 0.278607 0.479162 0.276828
0 0.557640 0.213090 0.559326 0.212628 0.561140 0.212321 0.563305 0.212946 0.565180 0.214105 0.565961 0.217217 0.565216 0.219047 0.563743 0.220461 0.561718 0.221710 0.559595 0.221802 0.557973 0.221517 0.556197 0.220203 0.555340 0.218136 0.555412 0.215564 0.556515 0.213784
0 0.684680 0.201111 0.688001 0.202195 0.692738 0.205700 0.694153 0.208122 0.694845 0.212758 0.693838 0.216595 0.690694 0.220224 0.687319 0.222308 0.686727 0.221870 0.681061 0.222716 0.678846 0.221994 0.674033 0.217973 0.673879 0.216943 0.673287 0.216505 0.672287 0.209808 0.672725 0.209216 0.672571 0.208186 0.676154 0.203965 0.678060 0.202627 0.682696 0.201934 0.683134 0.201342
0 0.861886 0.446564 0.862478 0.447002 0.864100 0.447286 0.865876 0.448601 0.866030 0.449631 0.867883 0.451461 0.868345 0.454552 0.867907 0.455144 0.868060 0.456174 0.867622 0.456766 0.867853 0.458311 0.864709 0.461940 0.861618 0.462402 0.861180 0.462994 0.858089 0.463456 0.857497 0.463018 0.856982 0.463095 0.854022 0.460904 0.853868 0.459873 0.853276 0.459435 0.853122 0.458405 0.852530 0.457967 0.851914 0.453846 0.852791 0.452662 0.852714 0.452147 0.853875 0.449340 0.854389 0.449263 0.855266 0.448079 0.858872 0.447541 0.859310 0.446949
0 0.854380 0.494226 0.854972 0.494664 0.856594 0.494949 0.858370 0.496263 0.858524 0.497294 0.860377 0.499123 0.860839 0.502214 0.860401 0.502806 0.860555 0.503836 0.860116 0.504428 0.860347 0.505974 0.857203 0.509603 0.854112 0.510065 0.853674 0.510657 0.850583 0.511118 0.849991 0.510680 0.849476 0.510757 0.846516 0.508566 0.846362 0.507536 0.845770 0.507098 0.845616 0.506067 0.845024 0.505629 0.844409 0.501508 0.845285 0.500324 0.845208 0.499809 0.846369 0.497003 0.846884 0.496926 0.847760 0.495742 0.851366 0.495203 0.851804 0.494611
0 0.686019 0.565356 0.689367 0.564856 0.689959 0.565294 0.690990 0.565140 0.694388 0.566739 0.696756 0.568492 0.696910 0.569522 0.698248 0.571429 0.699556 0.580186 0.699118 0.580778 0.699272 0.581808 0.697957 0.583584 0.696927 0.583738 0.695021 0.585076 0.693475 0.585307 0.693037 0.585899 0.685825 0.586976 0.680881 0.585608 0.678513 0.583856 0.677613 0.581357 0.677021 0.580919 0.676329 0.576283 0.676767 0.575691 0.676536 0.574145 0.676975 0.573553 0.677105 0.570901 0.682671 0.565856
0 0.918710 0.627439 0.922058 0.626939 0.922650 0.627377 0.923680 0.627223 0.927079 0.628822 0.929447 0.630575 0.929601 0.631605 0.930939 0.633512 0.932247 0.642269 0.931809 0.642861 0.931963 0.643891 0.930648 0.645667 0.929618 0.645821 0.927711 0.647159 0.926166 0.647390 0.925728 0.647982 0.918516 0.649059 0.913572 0.647691 0.911204 0.645938 0.910304 0.643440 0.909712 0.643001 0.909020 0.638365 0.909458 0.637773 0.909227 0.636228 0.909665 0.635636 0.909796 0.632983 0.915362 0.627939
0 0.998397 0.613055 0.998397 0.613494 0.998397 0.613263 0.998397 0.614062 0.998397 0.614577 0.998397 0.615016 0.998397 0.616046 0.998397 0.616484 0.998397 0.618029 0.998397 0.618468 0.998397 0.621558 0.998397 0.622150 0.998397 0.623181 0.998397 0.623773 0.998397 0.624288 0.998397 0.625472 0.998397 0.625549 0.998397 0.626141 0.998397 0.626295 0.998397 0.626887 0.998397 0.627118 0.998397 0.627710 0.998397 0.628094 0.998397 0.627656 0.998397 0.627810 0.998397 0.627372 0.998379 0.627449 0.996602 0.626134 0.996449 0.625104 0.995856 0.624666 0.995703 0.623636 0.995111 0.623197 0.995963 0.618330 0.996840 0.617146 0.996763 0.616631 0.997639 0.615447 0.997562 0.614932 0.998078 0.614855 0.998397 0.613671
0 0.998397 0.651651 0.998397 0.652089 0.998397 0.651859 0.998397 0.652658 0.998397 0.653173 0.998397 0.653611 0.998397 0.654642 0.998397 0.655080 0.998397 0.656625 0.998397 0.657063 0.998397 0.660154 0.998397 0.660746 0.998397 0.661776 0.998397 0.662368 0.998397 0.662884 0.998397 0.664068 0.998397 0.664145 0.998397 0.664737 0.998397 0.664891 0.998397 0.665483 0.998397 0.665713 0.998397 0.666305 0.998397 0.666690 0.998397 0.666252 0.998397 0.666406 0.998397 0.665968 0.998397 0.666045 0.998397 0.664730 0.998397 0.663700 0.998397 0.663262 0.998397 0.662231 0.998397 0.661793 0.998397 0.656926 0.998397 0.655742 0.998397 0.655227 0.998397 0.654043 0.998397 0.653528 0.998397 0.653451 0.998397 0.652267
0 0.954091 0.698126 0.954683 0.698564 0.955198 0.698487 0.957566 0.700240 0.957643 0.700755 0.958235 0.701193 0.958466 0.702738 0.959058 0.703176 0.959289 0.704722 0.957690 0.708120 0.957175 0.708197 0.956737 0.708789 0.955706 0.708943 0.955268 0.709535 0.954238 0.709689 0.953646 0.709251 0.951586 0.709559 0.950993 0.709120 0.949963 0.709274 0.949371 0.708836 0.948856 0.708913 0.948264 0.708475 0.948187 0.707960 0.947003 0.707083 0.946618 0.704508 0.947056 0.703916 0.946826 0.702370 0.947264 0.701778 0.947187 0.701263 0.948063 0.700079 0.949093 0.699925 0.949532 0.699333 0.950562 0.699179 0.951000 0.698587
0 0.893494 0.675264 0.894086 0.675702 0.894601 0.675625 0.896969 0.677378 0.897046 0.677893 0.897638 0.678331 0.897869 0.679876 0.898461 0.680314 0.898692 0.681860 0.897093 0.685258 0.896578 0.685335 0.896140 0.685927 0.895109 0.686081 0.894671 0.686673 0.893641 0.686827 0.893049 0.686389 0.890988 0.686697 0.890396 0.686258 0.889366 0.686412 0.888774 0.685974 0.888259 0.686051 0.887667 0.685613 0.887590 0.685098 0.886406 0.684221 0.886021 0.681646 0.886459 0.681054 0.886229 0.679508 0.886667 0.678916 0.886590 0.678401 0.887466 0.677217 0.888496 0.677063 0.888934 0.676471 0.889965 0.676317 0.890403 0.675725
0 0.757366 0.659688 0.757958 0.660127 0.758473 0.660050 0.760841 0.661802 0.760918 0.662317 0.761510 0.662756 0.761741 0.664301 0.762333 0.664739 0.762564 0.666285 0.760965 0.669683 0.760450 0.669760 0.760012 0.670352 0.758981 0.670506 0.758543 0.671098 0.757513 0.671252 0.756921 0.670814 0.754860 0.671121 0.754268 0.670683 0.753238 0.670837 0.752646 0.670399 0.752131 0.670476 0.751539 0.670038 0.751462 0.669523 0.750278 0.668646 0.749893 0.666071 0.750331 0.665479 0.750100 0.663933 0.750539 0.663341 0.750462 0.662826 0.751338 0.661642 0.752368 0.661488 0.752807 0.660896 0.753837 0.660742 0.754275 0.660150
0 0.755599 0.620818 0.756191 0.621257 0.756706 0.621180 0.759074 0.622932 0.759151 0.623447 0.759743 0.623886 0.759974 0.625431 0.760566 0.625869 0.760797 0.627414 0.759198 0.630813 0.758683 0.630890 0.758245 0.631482 0.757214 0.631636 0.756776 0.632228 0.755746 0.632382 0.755154 0.631944 0.753093 0.632251 0.752501 0.631813 0.751471 0.631967 0.750879 0.631529 0.750364 0.631606 0.749772 0.631168 0.749695 0.630652 0.748511 0.629776 0.748126 0.627200 0.748564 0.626608 0.748334 0.625063 0.748772 0.624471 0.748695 0.623956 0.749571 0.622772 0.750601 0.622618 0.751040 0.622026 0.752070 0.621872 0.752508 0.621280
0 0.716336 0.651287 0.716928 0.651725 0.717443 0.651648 0.719811 0.653401 0.719888 0.653916 0.720480 0.654354 0.720711 0.655899 0.721303 0.656338 0.721534 0.657883 0.719935 0.661281 0.719420 0.661358 0.718982 0.661950 0.717952 0.662104 0.717513 0.662696 0.716483 0.662850 0.715891 0.662412 0.713831 0.662720 0.713239 0.662282 0.712208 0.662436 0.711616 0.661997 0.711101 0.662074 0.710509 0.661636 0.710432 0.661121 0.709248 0.660245 0.708863 0.657669 0.709302 0.657077 0.709071 0.655532 0.709509 0.654940 0.709432 0.654424 0.710308 0.653240 0.711339 0.653086 0.711777 0.652494 0.712807 0.652340 0.713245 0.651748
0 0.762744 0.558039 0.763336 0.558477 0.763851 0.558400 0.766219 0.560153 0.766296 0.560668 0.766888 0.561106 0.767119 0.562652 0.767711 0.563090 0.767942 0.564635 0.766343 0.568034 0.765828 0.568111 0.765390 0.568703 0.764360 0.568857 0.763922 0.569449 0.762891 0.569603 0.762299 0.569164 0.760239 0.569472 0.759647 0.569034 0.758617 0.569188 0.758024 0.568750 0.757509 0.568827 0.756917 0.568388 0.756840 0.567873 0.755656 0.566997 0.755271 0.564421 0.755710 0.563829 0.755479 0.562284 0.755917 0.561692 0.755840 0.561177 0.756716 0.559993 0.757747 0.559839 0.758185 0.559247 0.759215 0.559093 0.759653 0.558501
0 0.844893 0.578817 0.845485 0.579255 0.846000 0.579178 0.848369 0.580931 0.848446 0.581446 0.849038 0.581884 0.849268 0.583430 0.849860 0.583868 0.850091 0.585413 0.848492 0.588812 0.847977 0.588889 0.847539 0.589481 0.846509 0.589635 0.846071 0.590227 0.845040 0.590380 0.844449 0.589942 0.842388 0.590250 0.841796 0.589812 0.840766 0.589966 0.840174 0.589528 0.839658 0.589604 0.839066 0.589166 0.838990 0.588651 0.837805 0.587775 0.837421 0.585199 0.837859 0.584607 0.837628 0.583062 0.838066 0.582470 0.837989 0.581955 0.838866 0.580771 0.839896 0.580617 0.840334 0.580025 0.841364 0.579871 0.841803 0.579279
0 0.710097 0.558326 0.710689 0.558764 0.711204 0.558687 0.713572 0.560440 0.713649 0.560955 0.714241 0.561393 0.714472 0.562939 0.715064 0.563377 0.715295 0.564922 0.713696 0.568321 0.713181 0.568398 0.712743 0.568990 0.711713 0.569144 0.711274 0.569736 0.710244 0.569889 0.709652 0.569451 0.707592 0.569759 0.706999 0.569321 0.705969 0.569475 0.705377 0.569037 0.704862 0.569114 0.704270 0.568675 0.704193 0.568160 0.703009 0.567284 0.702624 0.564708 0.703063 0.564116 0.702832 0.562571 0.703270 0.561979 0.703193 0.561464 0.704069 0.560280 0.705100 0.560126 0.705538 0.559534 0.706568 0.559380 0.707006 0.558788
0 0.692658 0.611858 0.693250 0.612296 0.693765 0.612219 0.696133 0.613972 0.696210 0.614487 0.696802 0.614925 0.697033 0.616470 0.697625 0.616908 0.697856 0.618454 0.696257 0.621852 0.695742 0.621929 0.695304 0.622521 0.694274 0.622675 0.693835 0.623267 0.692805 0.623421 0.692213 0.622983 0.690153 0.623291 0.689561 0.622852 0.688530 0.623006 0.687938 0.622568 0.687423 0.622645 0.686831 0.622207 0.686754 0.621692 0.685570 0.620815 0.685185 0.618240 0.685624 0.617648 0.685393 0.616102 0.685831 0.615510 0.685754 0.614995 0.686630 0.613811 0.687661 0.613657 0.688099 0.613065 0.689129 0.612911 0.689567 0.612319
0 0.867912 0.534298 0.868504 0.534736 0.869019 0.534659 0.871387 0.536412 0.871464 0.536927 0.872056 0.537365 0.872287 0.538910 0.872879 0.539348 0.873110 0.540894 0.871511 0.544292 0.870996 0.544369 0.870558 0.544961 0.869527 0.545115 0.869089 0.545707 0.868059 0.545861 0.867467 0.545423 0.865406 0.545731 0.864814 0.545292 0.863784 0.545446 0.863192 0.545008 0.862677 0.545085 0.862085 0.544647 0.862008 0.544132 0.860824 0.543255 0.860439 0.540680 0.860877 0.540088 0.860646 0.538542 0.861085 0.537950 0.861008 0.537435 0.861884 0.536251 0.862914 0.536097 0.863352 0.535505 0.864383 0.535351 0.864821 0.534759
0 0.852851 0.565149 0.853443 0.565587 0.853958 0.565510 0.856326 0.567263 0.856403 0.567778 0.856996 0.568216 0.857226 0.569762 0.857818 0.570200 0.858049 0.571745 0.856450 0.575144 0.855935 0.575221 0.855497 0.575813 0.854467 0.575966 0.854028 0.576558 0.852998 0.576712 0.852406 0.576274 0.850346 0.576582 0.849754 0.576144 0.848723 0.576298 0.848132 0.575859 0.847616 0.575936 0.847024 0.575498 0.846947 0.574983 0.845763 0.574107 0.845378 0.571531 0.845817 0.570939 0.845586 0.569394 0.846024 0.568802 0.845947 0.568286 0.846824 0.567102 0.847854 0.566948 0.848292 0.566356 0.849322 0.566203 0.849760 0.565610
0 0.791620 0.622465 0.792213 0.622903 0.793243 0.622750 0.793835 0.623188 0.795457 0.623472 0.796641 0.624348 0.796795 0.625379 0.797387 0.625817 0.797464 0.626332 0.798056 0.626770 0.798210 0.627800 0.798802 0.628239 0.798364 0.628831 0.798826 0.631921 0.797073 0.634290 0.796558 0.634367 0.794213 0.636297 0.792153 0.636604 0.791560 0.636166 0.790530 0.636320 0.789938 0.635882 0.788316 0.635598 0.787132 0.634721 0.786617 0.634798 0.786540 0.634283 0.785948 0.633845 0.785794 0.632815 0.785202 0.632376 0.784971 0.630831 0.784379 0.630393 0.784817 0.629801 0.784586 0.628255 0.785024 0.627663 0.784870 0.626633 0.785747 0.625449 0.786262 0.625372 0.788607 0.623442 0.790152 0.623211 0.790590 0.622619
0 0.751622 0.577055 0.752214 0.577493 0.753244 0.577339 0.753836 0.577777 0.755458 0.578062 0.756642 0.578938 0.756796 0.579968 0.757388 0.580406 0.757465 0.580922 0.758057 0.581360 0.758211 0.582390 0.758803 0.582828 0.758365 0.583420 0.758827 0.586511 0.757074 0.588879 0.756559 0.588956 0.754214 0.590886 0.752154 0.591194 0.751562 0.590756 0.750531 0.590910 0.749939 0.590471 0.748317 0.590187 0.747133 0.589311 0.746618 0.589388 0.746541 0.588872 0.745949 0.588434 0.745795 0.587404 0.745203 0.586966 0.744972 0.585421 0.744380 0.584982 0.744818 0.584390 0.744587 0.582845 0.745025 0.582253 0.744872 0.581223 0.745748 0.580039 0.746263 0.579962 0.748608 0.578032 0.750153 0.577801 0.750591 0.577209
0 0.880356 0.683541 0.880948 0.683979 0.881463 0.683902 0.882647 0.684779 0.882801 0.685809 0.883393 0.686247 0.883624 0.687792 0.884216 0.688231 0.884293 0.688746 0.883854 0.689338 0.884162 0.691398 0.883724 0.691990 0.883801 0.692505 0.883363 0.693097 0.882848 0.693174 0.881456 0.694435 0.880941 0.694512 0.880349 0.694074 0.878804 0.694305 0.878211 0.693867 0.877181 0.694021 0.876589 0.693583 0.876074 0.693659 0.874813 0.692268 0.874121 0.687632 0.874559 0.687040 0.874482 0.686525 0.874997 0.686448 0.875873 0.685264 0.876904 0.685110 0.877342 0.684518 0.878372 0.684364 0.878810 0.683772
0 0.877220 0.674053 0.877812 0.674491 0.878327 0.674414 0.879511 0.675290 0.879665 0.676321 0.880257 0.676759 0.880488 0.678304 0.881080 0.678742 0.881157 0.679257 0.880719 0.679849 0.881027 0.681910 0.880588 0.682502 0.880665 0.683017 0.880227 0.683609 0.879712 0.683686 0.878321 0.684947 0.877806 0.685024 0.877213 0.684586 0.875668 0.684817 0.875076 0.684379 0.874046 0.684532 0.873454 0.684094 0.872939 0.684171 0.871678 0.682780 0.870985 0.678144 0.871423 0.677552 0.871346 0.677036 0.871861 0.676960 0.872738 0.675775 0.873768 0.675621 0.874206 0.675029 0.875237 0.674876 0.875675 0.674284
0 0.657985 0.660857 0.658577 0.661295 0.659092 0.661218 0.661460 0.662971 0.661537 0.663486 0.662129 0.663924 0.662360 0.665470 0.662952 0.665908 0.663183 0.667453 0.661584 0.670852 0.661069 0.670929 0.660631 0.671521 0.659601 0.671675 0.659162 0.672267 0.658132 0.672421 0.657540 0.671982 0.655480 0.672290 0.654888 0.671852 0.653857 0.672006 0.653265 0.671568 0.652750 0.671645 0.652158 0.671206 0.652081 0.670691 0.650897 0.669815 0.650512 0.667239 0.650951 0.666647 0.650720 0.665102 0.651158 0.664510 0.651081 0.663995 0.651957 0.662811 0.652988 0.662657 0.653426 0.662065 0.654456 0.661911 0.654894 0.661319
0 0.718901 0.722774 0.719493 0.723212 0.720008 0.723135 0.722377 0.724888 0.722453 0.725403 0.723045 0.725841 0.723276 0.727386 0.723868 0.727825 0.724099 0.729370 0.722500 0.732768 0.721985 0.732845 0.721547 0.733437 0.720517 0.733591 0.720079 0.734183 0.719048 0.734337 0.718456 0.733899 0.716396 0.734207 0.715804 0.733769 0.714774 0.733923 0.714181 0.733484 0.713666 0.733561 0.713074 0.733123 0.712997 0.732608 0.711813 0.731732 0.711429 0.729156 0.711867 0.728564 0.711636 0.727019 0.712074 0.726427 0.711997 0.725911 0.712874 0.724727 0.713904 0.724573 0.714342 0.723981 0.715372 0.723828 0.715810 0.723235
0 0.648226 0.611695 0.648818 0.612133 0.649849 0.611980 0.651033 0.612856 0.652655 0.613140 0.654431 0.614455 0.654585 0.615485 0.655177 0.615923 0.655408 0.617469 0.656000 0.617907 0.655562 0.618499 0.655716 0.619529 0.655277 0.620121 0.655508 0.621666 0.654271 0.623958 0.654348 0.624473 0.653033 0.626249 0.652518 0.626326 0.651126 0.627587 0.648551 0.627972 0.647959 0.627534 0.646928 0.627687 0.646336 0.627249 0.645821 0.627326 0.644637 0.626450 0.644560 0.625935 0.642707 0.624105 0.641938 0.618954 0.642376 0.618362 0.643022 0.615632 0.645212 0.612672 0.645728 0.612595 0.646166 0.612003
0 0.605830 0.658544 0.606423 0.658982 0.606938 0.658905 0.609306 0.660658 0.609383 0.661173 0.609975 0.661611 0.610206 0.663156 0.610798 0.663595 0.611029 0.665140 0.609430 0.668538 0.608915 0.668615 0.608476 0.669207 0.607446 0.669361 0.607008 0.669953 0.605978 0.670107 0.605386 0.669669 0.603325 0.669977 0.602733 0.669539 0.601703 0.669693 0.601111 0.669254 0.600596 0.669331 0.600004 0.668893 0.599927 0.668378 0.598743 0.667502 0.598358 0.664926 0.598796 0.664334 0.598565 0.662789 0.599003 0.662196 0.598927 0.661681 0.599803 0.660497 0.600833 0.660343 0.601271 0.659751 0.602302 0.659597 0.602740 0.659005
0 0.576403 0.623519 0.576995 0.623957 0.577510 0.623880 0.579879 0.625633 0.579955 0.626148 0.580548 0.626586 0.580778 0.628132 0.581370 0.628570 0.581601 0.630115 0.580002 0.633514 0.579487 0.633591 0.579049 0.634183 0.578019 0.634337 0.577581 0.634929 0.576550 0.635082 0.575958 0.634644 0.573898 0.634952 0.573306 0.634514 0.572276 0.634668 0.571683 0.634230 0.571168 0.634306 0.570576 0.633868 0.570499 0.633353 0.569315 0.632477 0.568931 0.629901 0.569369 0.629309 0.569138 0.627764 0.569576 0.627172 0.569499 0.626657 0.570376 0.625472 0.571406 0.625319 0.571844 0.624727 0.572874 0.624573 0.573312 0.623981
0 0.587074 0.661095 0.587666 0.661533 0.589727 0.661225 0.590319 0.661664 0.591864 0.661433 0.592456 0.661871 0.592971 0.661794 0.595339 0.663547 0.595493 0.664577 0.596085 0.665015 0.596316 0.666561 0.596908 0.666999 0.597293 0.669574 0.596855 0.670166 0.597085 0.671712 0.596647 0.672304 0.596724 0.672819 0.595848 0.674003 0.595925 0.674518 0.594533 0.675779 0.592988 0.676010 0.592550 0.676602 0.588429 0.677218 0.587837 0.676779 0.586214 0.676495 0.585622 0.676057 0.585545 0.675542 0.582585 0.673351 0.582124 0.670260 0.581532 0.669822 0.582692 0.667016 0.582538 0.665985 0.584729 0.663025 0.585244 0.662948 0.586121 0.661764 0.586636 0.661687
0 0.534450 0.726165 0.535042 0.726603 0.537102 0.726295 0.537695 0.726733 0.539240 0.726503 0.539832 0.726941 0.540347 0.726864 0.542715 0.728617 0.542869 0.729647 0.543461 0.730085 0.543692 0.731630 0.544284 0.732069 0.544669 0.734644 0.544230 0.735236 0.544461 0.736781 0.544023 0.737374 0.544100 0.737889 0.543224 0.739073 0.543301 0.739588 0.541909 0.740849 0.540364 0.741080 0.539926 0.741672 0.535805 0.742287 0.535213 0.741849 0.533590 0.741565 0.532998 0.741127 0.532921 0.740612 0.529961 0.738421 0.529499 0.735330 0.528907 0.734892 0.530068 0.732085 0.529914 0.731055 0.532105 0.728095 0.532620 0.728018 0.533496 0.726834 0.534012 0.726757
0 0.490452 0.704132 0.491044 0.704570 0.493105 0.704263 0.493697 0.704701 0.495242 0.704470 0.495834 0.704908 0.496349 0.704831 0.498717 0.706584 0.498871 0.707614 0.499463 0.708052 0.499694 0.709598 0.500286 0.710036 0.500671 0.712612 0.500233 0.713204 0.500464 0.714749 0.500025 0.715341 0.500102 0.715856 0.499226 0.717040 0.499303 0.717555 0.497911 0.718816 0.496366 0.719047 0.495928 0.719639 0.491807 0.720255 0.491215 0.719817 0.489593 0.719532 0.489001 0.719094 0.488924 0.718579 0.485963 0.716388 0.485502 0.713297 0.484910 0.712859 0.486070 0.710053 0.485916 0.709023 0.488107 0.706062 0.488622 0.705985 0.489499 0.704801 0.490014 0.704724
0 0.485662 0.686348 0.486254 0.686787 0.488314 0.686479 0.488906 0.686917 0.490452 0.686686 0.491044 0.687124 0.491559 0.687047 0.493927 0.688800 0.494081 0.689830 0.494673 0.690269 0.494904 0.691814 0.495496 0.692252 0.495880 0.694828 0.495442 0.695420 0.495673 0.696965 0.495235 0.697557 0.495312 0.698072 0.494436 0.699256 0.494512 0.699772 0.493121 0.701033 0.491576 0.701263 0.491137 0.701856 0.487016 0.702471 0.486424 0.702033 0.484802 0.701749 0.484210 0.701310 0.484133 0.700795 0.481173 0.698604 0.480711 0.695514 0.480119 0.695075 0.481280 0.692269 0.481126 0.691239 0.483317 0.688278 0.483832 0.688201 0.484708 0.687017 0.485223 0.686940
0 0.503917 0.670388 0.504509 0.670826 0.506569 0.670518 0.507161 0.670956 0.508707 0.670725 0.509299 0.671164 0.509814 0.671087 0.512182 0.672839 0.512336 0.673870 0.512928 0.674308 0.513159 0.675853 0.513751 0.676291 0.514135 0.678867 0.513697 0.679459 0.513928 0.681004 0.513490 0.681596 0.513567 0.682112 0.512691 0.683296 0.512767 0.683811 0.511376 0.685072 0.509831 0.685303 0.509392 0.685895 0.505271 0.686510 0.504679 0.686072 0.503057 0.685788 0.502465 0.685350 0.502388 0.684834 0.499428 0.682643 0.498966 0.679553 0.498374 0.679115 0.499535 0.676308 0.499381 0.675278 0.501572 0.672318 0.502087 0.672241 0.502963 0.671057 0.503479 0.670980
0 0.484439 0.566993 0.485031 0.567431 0.487091 0.567124 0.487683 0.567562 0.488713 0.567408 0.491082 0.569161 0.492420 0.571067 0.492650 0.572613 0.493242 0.573051 0.493473 0.574596 0.493035 0.575188 0.493343 0.577249 0.492982 0.578356 0.490791 0.581316 0.489837 0.581985 0.487777 0.582293 0.487339 0.582885 0.483218 0.583500 0.482111 0.583139 0.478558 0.580510 0.478043 0.580587 0.476782 0.579195 0.476167 0.575074 0.476605 0.574483 0.476451 0.573452 0.476812 0.572345 0.477327 0.572268 0.480395 0.568124 0.481348 0.567455
0 0.474129 0.583011 0.474721 0.583449 0.476781 0.583141 0.477373 0.583579 0.478403 0.583425 0.480772 0.585178 0.482110 0.587085 0.482340 0.588630 0.482932 0.589068 0.483163 0.590614 0.482725 0.591206 0.483033 0.593266 0.482672 0.594373 0.480481 0.597334 0.479527 0.598003 0.477467 0.598310 0.477029 0.598902 0.472908 0.599518 0.471801 0.599157 0.468248 0.596528 0.467733 0.596604 0.466472 0.595213 0.465857 0.591092 0.466295 0.590500 0.466141 0.589470 0.466502 0.588363 0.467017 0.588286 0.470084 0.584141 0.471038 0.583472
0 0.455504 0.593563 0.456096 0.594001 0.458157 0.593693 0.458749 0.594132 0.459779 0.593978 0.462147 0.595730 0.463485 0.597637 0.463716 0.599182 0.464308 0.599621 0.464539 0.601166 0.464101 0.601758 0.464409 0.603818 0.464047 0.604926 0.461856 0.607886 0.460903 0.608555 0.458843 0.608863 0.458404 0.609455 0.454284 0.610070 0.453176 0.609709 0.449624 0.607080 0.449109 0.607157 0.447848 0.605765 0.447232 0.601644 0.447671 0.601052 0.447517 0.600022 0.447878 0.598915 0.448393 0.598838 0.451460 0.594693 0.452414 0.594025
0 0.488787 0.598899 0.489379 0.599337 0.490410 0.599183 0.491002 0.599621 0.491517 0.599544 0.494477 0.601735 0.494554 0.602250 0.495146 0.602688 0.495915 0.607840 0.494755 0.610646 0.494240 0.610723 0.490580 0.614429 0.487928 0.614299 0.487336 0.613861 0.486821 0.613937 0.485044 0.612623 0.484529 0.612700 0.483937 0.612262 0.483860 0.611747 0.482084 0.610432 0.482007 0.609917 0.480746 0.608525 0.480208 0.604920 0.481084 0.603736 0.481007 0.603220 0.482322 0.601444 0.482837 0.601367 0.483275 0.600775 0.484305 0.600621 0.484743 0.600029 0.485774 0.599875 0.486212 0.599283
0 0.392569 0.642806 0.393161 0.643244 0.394192 0.643090 0.394784 0.643529 0.395299 0.643452 0.395891 0.643890 0.396406 0.643813 0.397590 0.644689 0.398283 0.649325 0.397844 0.649917 0.397921 0.650432 0.397483 0.651025 0.397560 0.651540 0.396684 0.652724 0.396169 0.652801 0.394777 0.654062 0.393232 0.654293 0.392640 0.653854 0.392125 0.653931 0.391532 0.653493 0.391017 0.653570 0.386873 0.650503 0.386642 0.648957 0.387080 0.648365 0.386926 0.647335 0.387365 0.646743 0.387288 0.646228 0.387803 0.646151 0.388679 0.644967 0.389194 0.644890 0.389632 0.644298 0.390148 0.644221 0.391539 0.642960
0 0.379111 0.635260 0.379703 0.635698 0.380733 0.635544 0.381325 0.635982 0.381840 0.635905 0.382432 0.636344 0.382947 0.636267 0.384131 0.637143 0.384824 0.641779 0.384386 0.642371 0.384463 0.642886 0.384024 0.643478 0.384101 0.643993 0.383225 0.645178 0.382710 0.645254 0.381318 0.646515 0.379773 0.646746 0.379181 0.646308 0.378666 0.646385 0.378074 0.645947 0.377559 0.646024 0.373414 0.642957 0.373183 0.641411 0.373622 0.640819 0.373468 0.639789 0.373906 0.639197 0.373829 0.638682 0.374344 0.638605 0.375220 0.637421 0.375736 0.637344 0.376174 0.636752 0.376689 0.636675 0.378080 0.635414
0 0.447714 0.610960 0.448306 0.611398 0.449336 0.611244 0.449928 0.611682 0.450443 0.611605 0.451035 0.612043 0.451550 0.611967 0.452734 0.612843 0.453427 0.617479 0.452989 0.618071 0.453066 0.618586 0.452627 0.619178 0.452704 0.619693 0.451828 0.620878 0.451313 0.620954 0.449921 0.622215 0.448376 0.622446 0.447784 0.622008 0.447269 0.622085 0.446677 0.621647 0.446162 0.621724 0.442017 0.618657 0.441786 0.617111 0.442225 0.616519 0.442071 0.615489 0.442509 0.614897 0.442432 0.614382 0.442947 0.614305 0.443824 0.613121 0.444339 0.613044 0.444777 0.612452 0.445292 0.612375 0.446683 0.611114
0 0.595758 0.578474 0.597394 0.581369 0.596146 0.583695 0.594257 0.585239 0.591456 0.585762 0.589650 0.584880 0.588346 0.582459 0.588981 0.579695 0.590653 0.577928 0.593402 0.577413
0 0.615987 0.633099 0.617623 0.635993 0.616375 0.638319 0.614486 0.639863 0.611685 0.640386 0.609879 0.639505 0.608575 0.637084 0.609210 0.634320 0.610882 0.632553 0.613631 0.632038
0 0.659354 0.543740 0.661053 0.544539 0.662083 0.544385 0.662675 0.544824 0.664298 0.545108 0.665482 0.545984 0.665559 0.546499 0.666820 0.547891 0.667204 0.550466 0.666766 0.551059 0.667459 0.555695 0.667020 0.556287 0.664960 0.556594 0.664522 0.557186 0.662461 0.557494 0.662023 0.558086 0.660478 0.558317 0.659886 0.557879 0.658855 0.558033 0.658264 0.557595 0.656641 0.557310 0.656049 0.556872 0.655972 0.556357 0.654196 0.555042 0.654119 0.554527 0.653527 0.554089 0.653296 0.552544 0.653734 0.551952 0.653427 0.549891 0.654303 0.548707 0.654226 0.548192 0.655102 0.547008 0.655025 0.546493 0.655464 0.545901 0.656932 0.545155 0.657808 0.543971
0 0.717214 0.524563 0.718913 0.525362 0.719943 0.525208 0.720535 0.525646 0.722157 0.525931 0.723341 0.526807 0.723418 0.527322 0.724679 0.528714 0.725064 0.531289 0.724626 0.531881 0.725318 0.536517 0.724880 0.537109 0.722820 0.537417 0.722382 0.538009 0.720321 0.538317 0.719883 0.538909 0.718338 0.539140 0.717745 0.538702 0.716715 0.538856 0.716123 0.538417 0.714501 0.538133 0.713909 0.537695 0.713832 0.537180 0.712056 0.535865 0.711979 0.535350 0.711387 0.534912 0.711156 0.533367 0.711594 0.532775 0.711286 0.530714 0.712163 0.529530 0.712086 0.529015 0.712962 0.527831 0.712885 0.527316 0.713323 0.526724 0.714792 0.525978 0.715668 0.524794
0 0.571557 0.548827 0.572149 0.549265 0.572664 0.549188 0.573848 0.550065 0.574002 0.551095 0.574594 0.551533 0.574825 0.553078 0.575417 0.553517 0.575494 0.554032 0.575055 0.554624 0.575363 0.556684 0.574925 0.557276 0.575002 0.557791 0.574564 0.558383 0.574049 0.558460 0.572657 0.559721 0.572142 0.559798 0.571550 0.559360 0.570005 0.559591 0.569413 0.559153 0.568382 0.559307 0.567790 0.558869 0.567275 0.558945 0.566014 0.557554 0.565322 0.552918 0.565760 0.552326 0.565683 0.551811 0.566198 0.551734 0.567074 0.550550 0.568105 0.550396 0.568543 0.549804 0.569573 0.549650 0.570011 0.549058
0 0.677501 0.533877 0.678093 0.534315 0.678608 0.534238 0.679792 0.535114 0.679946 0.536144 0.680538 0.536583 0.680769 0.538128 0.681361 0.538566 0.681438 0.539081 0.680999 0.539673 0.681307 0.541734 0.680869 0.542326 0.680946 0.542841 0.680508 0.543433 0.679993 0.543510 0.678601 0.544771 0.678086 0.544848 0.677494 0.544410 0.675949 0.544641 0.675357 0.544202 0.674326 0.544356 0.673734 0.543918 0.673219 0.543995 0.671958 0.542603 0.671266 0.537968 0.671704 0.537375 0.671627 0.536860 0.672142 0.536783 0.673018 0.535599 0.674049 0.535445 0.674487 0.534853 0.675517 0.534699 0.675955 0.534107
0 0.703172 0.479183 0.703764 0.479621 0.704279 0.479544 0.705463 0.480420 0.705617 0.481451 0.706209 0.481889 0.706440 0.483434 0.707032 0.483872 0.707109 0.484388 0.706671 0.484980 0.706978 0.487040 0.706540 0.487632 0.706617 0.488147 0.706179 0.488739 0.705664 0.488816 0.704272 0.490077 0.703757 0.490154 0.703165 0.489716 0.701620 0.489947 0.701028 0.489509 0.699997 0.489663 0.699405 0.489224 0.698890 0.489301 0.697629 0.487910 0.696937 0.483274 0.697375 0.482682 0.697298 0.482167 0.697813 0.482090 0.698689 0.480906 0.699720 0.480752 0.700158 0.480160 0.701188 0.480006 0.701626 0.479414
0 0.609147 0.578902 0.609739 0.579340 0.610254 0.579263 0.612622 0.581016 0.612699 0.581531 0.613291 0.581969 0.613522 0.583514 0.614114 0.583952 0.614345 0.585498 0.612746 0.588896 0.612231 0.588973 0.611792 0.589565 0.610762 0.589719 0.610324 0.590311 0.609294 0.590465 0.608702 0.590027 0.606641 0.590335 0.606049 0.589896 0.605019 0.590050 0.604427 0.589612 0.603912 0.589689 0.603320 0.589251 0.603243 0.588736 0.602059 0.587859 0.601674 0.585284 0.602112 0.584692 0.601881 0.583146 0.602320 0.582554 0.602243 0.582039 0.603119 0.580855 0.604149 0.580701 0.604587 0.580109 0.605618 0.579955 0.606056 0.579363
0 0.600266 0.549200 0.600858 0.549638 0.602918 0.549330 0.603510 0.549768 0.604541 0.549614 0.605133 0.550053 0.606755 0.550337 0.606832 0.550852 0.608608 0.552166 0.608762 0.553197 0.609354 0.553635 0.609508 0.554665 0.610100 0.555103 0.610331 0.556649 0.609892 0.557241 0.610123 0.558786 0.609685 0.559378 0.609555 0.562031 0.609116 0.562623 0.609193 0.563138 0.608678 0.563215 0.608240 0.563807 0.604119 0.564422 0.603681 0.565014 0.601620 0.565322 0.601028 0.564884 0.599406 0.564600 0.599329 0.564085 0.596292 0.561378 0.595676 0.557258 0.596115 0.556666 0.595961 0.555635 0.596399 0.555043 0.596683 0.553421 0.597998 0.551645 0.597921 0.551130 0.599751 0.549276
0 0.581321 0.568160 0.581913 0.568598 0.582428 0.568521 0.583612 0.569397 0.583766 0.570428 0.584358 0.570866 0.584589 0.572411 0.585181 0.572849 0.585258 0.573364 0.584820 0.573956 0.585128 0.576017 0.584689 0.576609 0.584766 0.577124 0.584328 0.577716 0.583813 0.577793 0.582422 0.579054 0.581907 0.579131 0.581315 0.578693 0.579769 0.578924 0.579177 0.578486 0.578147 0.578639 0.577555 0.578201 0.577040 0.578278 0.575779 0.576887 0.575086 0.572251 0.575524 0.571658 0.575447 0.571143 0.575962 0.571066 0.576839 0.569882 0.577869 0.569728 0.578307 0.569136 0.579338 0.568983 0.579776 0.568390
0 0.569243 0.515994 0.569835 0.516432 0.570350 0.516355 0.572718 0.518108 0.572795 0.518623 0.573387 0.519061 0.573618 0.520607 0.574210 0.521045 0.574441 0.522590 0.572842 0.525989 0.572327 0.526066 0.571889 0.526658 0.570858 0.526811 0.570420 0.527404 0.569390 0.527557 0.568798 0.527119 0.566737 0.527427 0.566145 0.526989 0.565115 0.527143 0.564523 0.526704 0.564008 0.526781 0.563416 0.526343 0.563339 0.525828 0.562155 0.524952 0.561770 0.522376 0.562208 0.521784 0.561978 0.520239 0.562416 0.519647 0.562339 0.519132 0.563215 0.517947 0.564245 0.517794 0.564683 0.517202 0.565714 0.517048 0.566152 0.516456
0 0.377918 0.666538 0.378510 0.666976 0.379540 0.666822 0.380132 0.667260 0.381754 0.667544 0.384715 0.669735 0.384792 0.670250 0.385384 0.670689 0.386076 0.675325 0.383447 0.678877 0.382932 0.678954 0.382494 0.679546 0.381463 0.679700 0.381025 0.680292 0.376904 0.680907 0.376312 0.680469 0.373737 0.680854 0.372476 0.679462 0.372245 0.677917 0.371653 0.677479 0.370883 0.672328 0.371322 0.671736 0.371168 0.670705 0.371606 0.670113 0.371529 0.669598 0.372920 0.668337 0.374466 0.668106 0.374904 0.667514 0.376964 0.667206 0.377403 0.666614
0 0.337573 0.597168 0.340406 0.596745 0.345942 0.598551 0.348310 0.600304 0.350986 0.604117 0.352040 0.607646 0.352632 0.608084 0.352963 0.613827 0.351441 0.617741 0.350126 0.619517 0.347190 0.621009 0.345129 0.621317 0.344691 0.621909 0.337402 0.622471 0.335188 0.621748 0.333412 0.620434 0.328291 0.614353 0.326622 0.606703 0.327190 0.603458 0.332756 0.598414 0.334301 0.598183 0.334740 0.597591
0 0.359448 0.584476 0.360632 0.585352 0.361147 0.585275 0.362331 0.586151 0.362408 0.586666 0.365368 0.588857 0.365984 0.592978 0.364823 0.595785 0.364977 0.596815 0.363224 0.599183 0.362194 0.599337 0.361756 0.599929 0.357635 0.600545 0.357043 0.600106 0.354467 0.600491 0.352099 0.598738 0.351945 0.597708 0.351353 0.597270 0.351199 0.596240 0.350607 0.595801 0.349992 0.591681 0.350430 0.591089 0.350714 0.589466 0.351591 0.588282 0.351514 0.587767 0.352029 0.587690 0.352905 0.586506 0.354450 0.586275 0.354889 0.585683 0.356949 0.585375 0.357387 0.584783
0 0.554686 0.506186 0.555278 0.506624 0.556308 0.506471 0.556900 0.506909 0.557930 0.506755 0.558522 0.507193 0.559037 0.507116 0.560222 0.507992 0.560376 0.509023 0.560968 0.509461 0.561506 0.513067 0.561068 0.513659 0.561376 0.515719 0.559623 0.518087 0.559108 0.518164 0.557716 0.519425 0.554626 0.519887 0.551665 0.517696 0.551588 0.517181 0.550996 0.516743 0.550842 0.515713 0.550250 0.515274 0.550097 0.514244 0.549504 0.513806 0.548889 0.509685 0.549327 0.509093 0.549842 0.509016 0.550719 0.507832 0.551234 0.507755 0.551672 0.507163 0.552702 0.507009 0.553140 0.506417
0 0.615530 0.449949 0.617166 0.452844 0.615918 0.455170 0.614028 0.456714 0.611228 0.457237 0.609422 0.456356 0.608118 0.453934 0.608752 0.451171 0.610424 0.449404 0.613173 0.448888
0 0.136095 0.628621 0.137377 0.629702 0.138108 0.631528 0.137753 0.633924 0.135060 0.634988 0.132677 0.634376 0.131637 0.632189 0.132129 0.630028 0.133711 0.629028
0 0.127863 0.625884 0.129145 0.626966 0.129876 0.628792 0.129521 0.631187 0.126828 0.632251 0.124445 0.631639 0.123405 0.629452 0.123897 0.627291 0.125479 0.626292
0 0.064133 0.828592 0.064725 0.829030 0.067454 0.829676 0.068638 0.830552 0.068792 0.831583 0.070053 0.832974 0.070438 0.835550 0.070000 0.836142 0.070231 0.837687 0.068916 0.839463 0.068401 0.839540 0.067524 0.840724 0.067009 0.840801 0.066571 0.841393 0.059359 0.842470 0.058921 0.843062 0.057737 0.842186 0.057660 0.841671 0.057068 0.841233 0.056837 0.839687 0.056245 0.839249 0.056684 0.838657 0.056376 0.836597 0.056814 0.836005 0.057098 0.834382 0.057975 0.833198 0.058259 0.831576 0.058697 0.830984 0.059212 0.830907 0.060089 0.829723 0.061119 0.829569 0.061557 0.828977
0 0.058179 0.774407 0.058771 0.774845 0.061501 0.775491 0.062685 0.776367 0.062839 0.777397 0.064100 0.778789 0.064485 0.781364 0.064046 0.781956 0.064277 0.783502 0.062963 0.785278 0.062447 0.785355 0.061571 0.786539 0.061056 0.786616 0.060618 0.787208 0.053406 0.788285 0.052968 0.788877 0.051784 0.788001 0.051707 0.787486 0.051115 0.787048 0.050884 0.785502 0.050292 0.785064 0.050730 0.784472 0.050422 0.782411 0.050861 0.781819 0.051145 0.780197 0.052021 0.779013 0.052306 0.777391 0.052744 0.776799 0.053259 0.776722 0.054135 0.775538 0.055165 0.775384 0.055604 0.774792
0 0.327805 0.665945 0.328397 0.666383 0.328912 0.666306 0.329504 0.666744 0.330019 0.666668 0.330096 0.667183 0.330688 0.667621 0.330842 0.668651 0.331434 0.669089 0.332127 0.673725 0.331250 0.674909 0.331327 0.675425 0.330013 0.677201 0.329498 0.677278 0.329059 0.677870 0.328467 0.677432 0.326407 0.677739 0.325815 0.677301 0.324785 0.677455 0.324193 0.677017 0.323162 0.677171 0.322570 0.676733 0.322493 0.676217 0.321232 0.674826 0.320617 0.670705 0.321055 0.670113 0.320978 0.669598 0.321416 0.669006 0.321339 0.668491 0.321777 0.667899 0.323323 0.667668 0.323761 0.667076 0.325821 0.666768 0.326260 0.666176
0 0.469669 0.694350 0.470261 0.694788 0.472837 0.694403 0.473944 0.694764 0.477496 0.697393 0.478319 0.699377 0.478911 0.699815 0.479219 0.701876 0.479811 0.702314 0.480196 0.704889 0.479758 0.705481 0.479627 0.708134 0.477436 0.711094 0.476406 0.711248 0.475968 0.711840 0.474938 0.711994 0.473031 0.713332 0.470455 0.713717 0.469863 0.713279 0.468318 0.713509 0.466619 0.712710 0.464481 0.712503 0.461136 0.707736 0.460367 0.702585 0.460805 0.701993 0.460574 0.700447 0.460936 0.699340 0.462688 0.696972 0.463718 0.696818 0.465625 0.695480 0.467686 0.695172 0.468124 0.694580
0 0.657575 0.737542 0.660381 0.738703 0.664141 0.739195 0.666586 0.741463 0.669416 0.746306 0.670031 0.750427 0.668947 0.753749 0.667633 0.755525 0.665726 0.756863 0.661682 0.757993 0.661244 0.758585 0.659184 0.758893 0.658592 0.758455 0.653210 0.757679 0.651433 0.756364 0.650687 0.754896 0.649503 0.754020 0.648834 0.753066 0.648527 0.751006 0.647934 0.750568 0.647319 0.746447 0.648764 0.742018 0.651547 0.739496 0.653607 0.739188 0.656029 0.737773
0 0.977372 0.509510 0.980720 0.509009 0.981904 0.509886 0.982419 0.509809 0.984787 0.511562 0.986125 0.513468 0.986279 0.514498 0.986871 0.514937 0.987179 0.516997 0.987771 0.517435 0.987925 0.518466 0.987202 0.520680 0.987433 0.522225 0.984289 0.525855 0.978108 0.526778 0.977516 0.526340 0.976485 0.526493 0.973602 0.524818 0.973087 0.524895 0.971826 0.523503 0.971672 0.522473 0.970411 0.521081 0.969872 0.517476 0.970672 0.515776 0.970518 0.514746 0.970879 0.513639 0.974023 0.510010
