0 0.499510 0.257788 0.500852 0.269566 0.505429 0.278618 0.509987 0.281555 0.516231 0.276622 0.519481 0.266674 0.520517 0.253793 0.514862 0.241096 0.508232 0.240563 0.502799 0.247189
0 0.546852 0.241296 0.548194 0.253074 0.552772 0.262125 0.558935 0.262659 0.563092 0.257613 0.566474 0.249493 0.566667 0.235247 0.562205 0.224604 0.555575 0.224071 0.550142 0.230696
0 0.537940 0.144605 0.539283 0.156383 0.543860 0.165435 0.548418 0.168372 0.554662 0.163439 0.557912 0.153491 0.558948 0.140609 0.553293 0.127913 0.546663 0.127380 0.541230 0.134006
0 0.456412 0.076688 0.457754 0.088466 0.462331 0.097518 0.466889 0.100454 0.473133 0.095522 0.476383 0.085574 0.477419 0.072692 0.471765 0.059996 0.465134 0.059463 0.459701 0.066089
0 0.391633 0.148408 0.392975 0.160186 0.397553 0.169238 0.402110 0.172174 0.408355 0.167242 0.411605 0.157293 0.412641 0.144412 0.406986 0.131716 0.400355 0.131183 0.394923 0.137809
0 0.355538 0.230079 0.356881 0.241857 0.361458 0.250910 0.366016 0.253847 0.372260 0.248913 0.375510 0.238965 0.376546 0.226084 0.370891 0.213388 0.364261 0.212855 0.358828 0.219480
0 0.532349 0.413343 0.533691 0.425121 0.538269 0.434173 0.542826 0.437110 0.549071 0.432177 0.552321 0.422229 0.553357 0.409348 0.547702 0.396651 0.541071 0.396118 0.535639 0.402745
0 0.697579 0.212670 0.698921 0.224448 0.703499 0.233501 0.708056 0.236437 0.714301 0.231504 0.717550 0.221556 0.718587 0.208675 0.712932 0.195978 0.706301 0.195445 0.700869 0.202072
0 0.737623 0.211921 0.738965 0.223700 0.743543 0.232752 0.748101 0.235688 0.754344 0.230756 0.757595 0.220808 0.758631 0.207926 0.752976 0.195230 0.746345 0.194697 0.740913 0.201322
0 0.739945 0.493047 0.741287 0.504825 0.745865 0.513877 0.750422 0.516814 0.756666 0.511881 0.759916 0.501933 0.760952 0.489051 0.755298 0.476355 0.748667 0.475822 0.743235 0.482448
0 0.769877 0.489804 0.771218 0.501583 0.775796 0.510634 0.780354 0.513571 0.786598 0.508639 0.789848 0.498690 0.790884 0.485809 0.785229 0.473112 0.778599 0.472580 0.773166 0.479205
0 0.820555 0.445319 0.821897 0.457097 0.826474 0.466149 0.831032 0.469086 0.837276 0.464153 0.840526 0.454205 0.841562 0.441323 0.835908 0.428627 0.829277 0.428094 0.823844 0.434719
0 0.779992 0.280979 0.781335 0.292757 0.785912 0.301810 0.790470 0.304746 0.796714 0.299813 0.799964 0.289865 0.801000 0.276983 0.795345 0.264288 0.788715 0.263754 0.783282 0.270381
0 0.848253 0.264526 0.849595 0.276305 0.854173 0.285357 0.858731 0.288293 0.864975 0.283360 0.868225 0.273412 0.869261 0.260531 0.863606 0.247835 0.856975 0.247301 0.851543 0.253928
0 0.883096 0.360137 0.884438 0.371916 0.889015 0.380967 0.893573 0.383904 0.899817 0.378971 0.903067 0.369023 0.904103 0.356142 0.898449 0.343446 0.891818 0.342912 0.886385 0.349538
0 0.861084 0.303662 0.862426 0.315441 0.867004 0.324493 0.871561 0.327429 0.877805 0.322496 0.881055 0.312548 0.882091 0.299667 0.876436 0.286972 0.869806 0.286438 0.864373 0.293064
0 0.939818 0.339711 0.941160 0.351491 0.945738 0.360542 0.950295 0.363479 0.956539 0.358546 0.959789 0.348598 0.960825 0.335717 0.955171 0.323021 0.948540 0.322487 0.943108 0.329113
0 0.840638 0.851670 0.841980 0.863449 0.846558 0.872501 0.851115 0.875437 0.857360 0.870505 0.860610 0.860556 0.861646 0.847675 0.855991 0.834979 0.849360 0.834446 0.843928 0.841072
0 0.692321 0.856291 0.693663 0.868069 0.698240 0.877122 0.702798 0.880057 0.709042 0.875125 0.712292 0.865176 0.713328 0.852295 0.707673 0.839599 0.701043 0.839067 0.695610 0.845692
0 0.743112 0.999074 0.744454 0.999074 0.749032 0.999074 0.753589 0.999074 0.759833 0.999074 0.763083 0.999074 0.764119 0.999074 0.758465 0.999074 0.751834 0.999074 0.746402 0.999074
0 0.537999 0.855524 0.539341 0.867302 0.543919 0.876355 0.548476 0.879291 0.554720 0.874358 0.557970 0.864410 0.559006 0.851528 0.553352 0.838832 0.546721 0.838299 0.541289 0.844925
0 0.664777 0.852986 0.666118 0.864764 0.670696 0.873817 0.675254 0.876753 0.681498 0.871820 0.684748 0.861872 0.685784 0.848991 0.680129 0.836294 0.673499 0.835761 0.668066 0.842388
0 0.560691 0.967997 0.562033 0.979775 0.566610 0.988828 0.571168 0.991765 0.577412 0.986831 0.580662 0.976883 0.581698 0.964002 0.576043 0.951306 0.569413 0.950773 0.563980 0.957399
0 0.531608 0.692204 0.532951 0.703983 0.537528 0.713034 0.542086 0.715971 0.548330 0.711038 0.551580 0.701090 0.552616 0.688209 0.546961 0.675513 0.540331 0.674979 0.534898 0.681605
0 0.563909 0.709151 0.565251 0.720931 0.569829 0.729982 0.574386 0.732919 0.580630 0.727986 0.583880 0.718038 0.584916 0.705157 0.579262 0.692461 0.572631 0.691927 0.567199 0.698553
0 0.479728 0.543948 0.481069 0.555726 0.485647 0.564779 0.490205 0.567715 0.496449 0.562782 0.499699 0.552834 0.500735 0.539953 0.495080 0.527257 0.488450 0.526724 0.483017 0.533350
0 0.433072 0.948959 0.434414 0.960737 0.438992 0.969789 0.443549 0.972725 0.449793 0.967793 0.453043 0.957845 0.454080 0.944963 0.448425 0.932267 0.441794 0.931734 0.436362 0.938359
0 0.367557 0.620746 0.368899 0.632524 0.373476 0.641577 0.378034 0.644513 0.384278 0.639580 0.387528 0.629632 0.388564 0.616750 0.382909 0.604055 0.376279 0.603521 0.370846 0.610147
0 0.376115 0.755115 0.377458 0.766893 0.382036 0.775945 0.386593 0.778882 0.392837 0.773949 0.396087 0.764001 0.397123 0.751119 0.391468 0.738423 0.384838 0.737890 0.379405 0.744516
0 0.420249 0.735490 0.421591 0.747269 0.426169 0.756321 0.430726 0.759257 0.436970 0.754324 0.440220 0.744376 0.441256 0.731495 0.435602 0.718799 0.428971 0.718266 0.423538 0.724892
0 0.368008 0.911808 0.369350 0.923587 0.373928 0.932639 0.378485 0.935575 0.384729 0.930642 0.387980 0.920694 0.389015 0.907812 0.383361 0.895116 0.376730 0.894583 0.371298 0.901210
0 0.612166 0.698650 0.613508 0.710429 0.618086 0.719480 0.622643 0.722417 0.628888 0.717485 0.632138 0.707536 0.633173 0.694655 0.627519 0.681959 0.620888 0.681425 0.615456 0.688051
0 0.459242 0.583454 0.460584 0.595233 0.465162 0.604285 0.469719 0.607222 0.475963 0.602288 0.479214 0.592341 0.480249 0.579459 0.474595 0.566763 0.467964 0.566230 0.462532 0.572856
0 0.578346 0.604995 0.579688 0.616773 0.584265 0.625825 0.588823 0.628762 0.595067 0.623829 0.598317 0.613881 0.599353 0.600999 0.593699 0.588303 0.587068 0.587770 0.581635 0.594396
0 0.421711 0.654141 0.423053 0.665919 0.427631 0.674971 0.432188 0.677908 0.438432 0.672975 0.441682 0.663027 0.442718 0.650146 0.437064 0.637449 0.430433 0.636916 0.425001 0.643542
0 0.547007 0.814778 0.548348 0.826556 0.552926 0.835608 0.557484 0.838544 0.563728 0.833612 0.566978 0.823664 0.568014 0.810782 0.562359 0.798086 0.555729 0.797553 0.550296 0.804178
0 0.649930 0.757238 0.651271 0.769016 0.655849 0.778068 0.660407 0.781004 0.666651 0.776072 0.669901 0.766124 0.670937 0.753242 0.665282 0.740546 0.658652 0.740013 0.653219 0.746639
0 0.789721 0.999074 0.791063 0.999074 0.795641 0.999074 0.800198 0.999074 0.806442 0.999074 0.809692 0.999074 0.810728 0.999074 0.805074 0.999074 0.798443 0.999074 0.793011 0.999074
0 0.837272 0.727895 0.838613 0.739673 0.843191 0.748724 0.847749 0.751661 0.853993 0.746729 0.857243 0.736780 0.858279 0.723899 0.852624 0.711203 0.845994 0.710670 0.840561 0.717295
0 0.344235 0.281310 0.345578 0.293089 0.350155 0.302141 0.354713 0.305077 0.360957 0.300144 0.364207 0.290196 0.365243 0.277315 0.359588 0.264619 0.352957 0.264086 0.347525 0.270712
0 0.432263 0.329376 0.433606 0.341154 0.438183 0.350206 0.442741 0.353142 0.448985 0.348210 0.452235 0.338262 0.453271 0.325380 0.447616 0.312684 0.440986 0.312151 0.435553 0.318776
0 0.464693 0.204977 0.466034 0.216755 0.470612 0.225807 0.475169 0.228744 0.481414 0.223811 0.484664 0.213862 0.485700 0.200982 0.480045 0.188285 0.473415 0.187753 0.467982 0.194378
0 0.375379 0.336504 0.376721 0.348283 0.381299 0.357334 0.385857 0.360271 0.392100 0.355338 0.395351 0.345390 0.396387 0.332509 0.390732 0.319813 0.384101 0.319279 0.378669 0.325905
0 0.352551 0.372421 0.353892 0.384199 0.358471 0.393251 0.363028 0.396187 0.369272 0.391255 0.372522 0.381306 0.373558 0.368425 0.367903 0.355729 0.361273 0.355196 0.355840 0.361822
0 0.345692 0.415623 0.347033 0.427402 0.351611 0.436454 0.356168 0.439390 0.362413 0.434458 0.365663 0.424509 0.366699 0.411628 0.361044 0.398932 0.354414 0.398400 0.348981 0.405025
0 0.245626 0.423680 0.244340 0.435546 0.248918 0.444598 0.253475 0.447534 0.259720 0.442602 0.262970 0.432654 0.264006 0.419772 0.261214 0.411460 0.255832 0.410435 0.249738 0.415963
0 0.214048 0.498515 0.212762 0.510381 0.217340 0.519432 0.221897 0.522369 0.228141 0.517436 0.231391 0.507488 0.232427 0.494607 0.229636 0.486294 0.224254 0.485270 0.218160 0.490798
0 0.206411 0.537113 0.205125 0.548979 0.209703 0.558030 0.214260 0.560967 0.220504 0.556035 0.223754 0.546086 0.224790 0.533205 0.221999 0.524892 0.216616 0.523868 0.210522 0.529396
0 0.286637 0.634780 0.285351 0.646646 0.289929 0.655699 0.294486 0.658635 0.300731 0.653702 0.303981 0.643754 0.305016 0.630872 0.302225 0.622560 0.296842 0.621535 0.290748 0.627064
0 0.237435 0.613643 0.236150 0.625509 0.240727 0.634562 0.245285 0.637498 0.251529 0.632565 0.254779 0.622617 0.255815 0.609735 0.252547 0.602572 0.247641 0.600398 0.241547 0.605927
0 0.229584 0.722827 0.228298 0.734693 0.232876 0.743746 0.237433 0.746682 0.243678 0.741749 0.246928 0.731801 0.247964 0.718919 0.245172 0.710607 0.239790 0.709582 0.233696 0.715111
0 0.084872 0.664413 0.083586 0.676280 0.088164 0.685332 0.092721 0.688269 0.098965 0.683335 0.102215 0.673388 0.103251 0.660506 0.100460 0.652193 0.095077 0.651169 0.088984 0.656697
0 0.065452 0.449563 0.064166 0.461430 0.068744 0.470481 0.073301 0.473418 0.079546 0.468486 0.082796 0.458537 0.081937 0.447677 0.079165 0.439791 0.073776 0.438220 0.069564 0.441847
0 0.187790 0.687841 0.186504 0.699707 0.191082 0.708759 0.195639 0.711695 0.201883 0.706763 0.205133 0.696814 0.204274 0.685954 0.201502 0.678070 0.196114 0.676498 0.191902 0.680124
0 0.114782 0.366696 0.113496 0.378562 0.118074 0.387615 0.122631 0.390551 0.128875 0.385618 0.132125 0.375670 0.131266 0.364810 0.128494 0.356925 0.123106 0.355354 0.118894 0.358980
0 0.147689 0.253791 0.146403 0.265657 0.150981 0.274709 0.155538 0.277646 0.161782 0.272713 0.165032 0.262765 0.164173 0.251905 0.161401 0.244019 0.156013 0.242448 0.151801 0.246074
0 0.089685 0.211047 0.088399 0.222913 0.092977 0.231964 0.097534 0.234901 0.103779 0.229969 0.107029 0.220020 0.106170 0.209160 0.103398 0.201274 0.098009 0.199704 0.093796 0.203330
0 0.137235 0.169773 0.135949 0.181639 0.140527 0.190692 0.145084 0.193627 0.151328 0.188695 0.154579 0.178747 0.153720 0.167888 0.150948 0.160002 0.145559 0.158431 0.141347 0.162056
0 0.104454 0.134824 0.103169 0.146690 0.107747 0.155743 0.112304 0.158678 0.118548 0.153746 0.121798 0.143797 0.120939 0.132937 0.118167 0.125052 0.112779 0.123481 0.108566 0.127107
0 0.205772 0.139532 0.204486 0.151398 0.209064 0.160450 0.213621 0.163386 0.219865 0.158453 0.223116 0.148505 0.222257 0.137646 0.219484 0.129760 0.214096 0.128189 0.209884 0.131815
0 0.184744 0.000000 0.183458 0.000000 0.188036 0.000000 0.192594 0.000000 0.198838 0.000000 0.202088 0.000000 0.201229 0.000000 0.198457 0.000000 0.193069 0.000000 0.188856 0.000000
0 0.282547 0.000000 0.281261 0.000000 0.285839 0.000000 0.290396 0.000000 0.296640 0.000000 0.299890 0.000000 0.299031 0.000000 0.296259 0.000000 0.290871 0.000000 0.286658 0.000000
0 0.355961 0.050214 0.354675 0.062080 0.359253 0.071133 0.363810 0.074069 0.370054 0.069136 0.373305 0.059188 0.372446 0.048329 0.369673 0.040443 0.364285 0.038872 0.360073 0.042497
0 0.413322 0.036347 0.412036 0.048213 0.416614 0.057265 0.421171 0.060202 0.427416 0.055268 0.430666 0.045321 0.429807 0.034461 0.427035 0.026575 0.421647 0.025004 0.417434 0.028630
0 0.390132 0.000000 0.388846 0.000000 0.393425 0.000000 0.397982 0.000000 0.404226 0.000000 0.407476 0.000000 0.406617 0.000000 0.403845 0.000000 0.398457 0.000000 0.394244 0.000000
0 0.466941 0.018249 0.465656 0.030115 0.470234 0.039167 0.474791 0.042103 0.481035 0.037171 0.484285 0.027222 0.483426 0.016363 0.480654 0.008477 0.475266 0.006907 0.471053 0.010532
0 0.511591 0.059522 0.510305 0.071387 0.514882 0.080439 0.519440 0.083376 0.525684 0.078443 0.528934 0.068495 0.528075 0.057635 0.525304 0.049749 0.519915 0.048178 0.515702 0.051805
0 0.539929 0.062374 0.538643 0.074241 0.543221 0.083292 0.547779 0.086229 0.554023 0.081296 0.557273 0.071348 0.556414 0.060488 0.553642 0.052602 0.548254 0.051031 0.544041 0.054657
0 0.514202 0.000000 0.512916 0.003803 0.517494 0.012854 0.522051 0.015791 0.528295 0.010859 0.531545 0.000910 0.530686 0.000000 0.527915 0.000000 0.522526 0.000000 0.518314 0.000000
0 0.472356 0.000000 0.471070 0.000000 0.475648 0.000000 0.480205 0.001111 0.486450 0.000000 0.489699 0.000000 0.488840 0.000000 0.486069 0.000000 0.480680 0.000000 0.476468 0.000000
0 0.561069 0.057235 0.559784 0.069101 0.564361 0.078153 0.568919 0.081089 0.575163 0.076156 0.578413 0.066208 0.577554 0.055349 0.574782 0.047463 0.569394 0.045892 0.565181 0.049518
0 0.572568 0.237669 0.571283 0.249535 0.575861 0.258587 0.579446 0.258554 0.584334 0.253495 0.586174 0.245614 0.586416 0.237859 0.584177 0.230935 0.579388 0.228493 0.576680 0.229952
0 0.588845 0.269897 0.587560 0.281763 0.592137 0.290816 0.597073 0.292468 0.602433 0.287324 0.604997 0.276309 0.605330 0.268012 0.602558 0.260126 0.597170 0.258555 0.592957 0.262181
0 0.623165 0.291854 0.621880 0.303720 0.626458 0.312772 0.631394 0.314424 0.636753 0.309280 0.639317 0.298267 0.639650 0.289968 0.636878 0.282082 0.631490 0.280511 0.627277 0.284138
0 0.545115 0.358432 0.543829 0.370298 0.548407 0.379351 0.553343 0.381003 0.558703 0.375859 0.561267 0.364844 0.561600 0.356547 0.558828 0.348661 0.553439 0.347090 0.549227 0.350715
0 0.562803 0.345924 0.561517 0.357790 0.566095 0.366841 0.571031 0.368495 0.576391 0.363351 0.578955 0.352336 0.579288 0.344037 0.576516 0.336152 0.571128 0.334581 0.566915 0.338207
0 0.678506 0.344864 0.677220 0.356730 0.681799 0.365782 0.686734 0.367435 0.692094 0.362291 0.694658 0.351276 0.694991 0.342977 0.692219 0.335092 0.686831 0.333521 0.682618 0.337147
0 0.671558 0.290343 0.670272 0.302209 0.674850 0.311260 0.679786 0.312913 0.685145 0.307769 0.687709 0.296755 0.688042 0.288456 0.685271 0.280570 0.679882 0.279000 0.675669 0.282626
0 0.758736 0.333777 0.757450 0.345643 0.762028 0.354695 0.766964 0.356347 0.772323 0.351204 0.774888 0.340189 0.775221 0.331891 0.772449 0.324005 0.767061 0.322434 0.762848 0.326060
0 0.669375 0.396244 0.668090 0.408110 0.672667 0.417163 0.677603 0.418815 0.682963 0.413671 0.685527 0.402657 0.685860 0.394359 0.683088 0.386473 0.677700 0.384902 0.673487 0.388528
0 0.651289 0.376853 0.650003 0.388719 0.654581 0.397772 0.659517 0.399424 0.664876 0.394280 0.667440 0.383265 0.667773 0.374967 0.665002 0.367082 0.659613 0.365511 0.655401 0.369136
0 0.720848 0.262793 0.719562 0.274659 0.724140 0.283711 0.729076 0.285363 0.734435 0.280219 0.737000 0.269205 0.737333 0.260907 0.734561 0.253021 0.729172 0.251450 0.724959 0.255076
0 0.825981 0.367524 0.824696 0.379390 0.829273 0.388442 0.834209 0.390095 0.839569 0.384950 0.842133 0.373936 0.842466 0.365638 0.839694 0.357752 0.834306 0.356181 0.830093 0.359807
0 0.782669 0.525982 0.781384 0.537848 0.785961 0.546901 0.790897 0.548553 0.796257 0.543409 0.798821 0.532395 0.799154 0.524097 0.796382 0.516211 0.790994 0.514640 0.786781 0.518265
0 0.777000 0.681158 0.775714 0.693023 0.780292 0.702075 0.785227 0.703728 0.790587 0.698584 0.793151 0.687570 0.793484 0.679271 0.790712 0.671385 0.785324 0.669814 0.781111 0.673441
0 0.809675 0.999074 0.808389 0.999074 0.812968 0.999074 0.817903 0.999074 0.823263 0.999074 0.825827 0.999074 0.826160 0.999074 0.823388 0.994201 0.818000 0.992630 0.813787 0.996257
0 0.837406 0.907353 0.836120 0.919219 0.840698 0.928272 0.845634 0.929924 0.850994 0.924780 0.853558 0.913765 0.853891 0.905468 0.851119 0.897582 0.845730 0.896011 0.841518 0.899636
0 0.827578 0.877129 0.826293 0.888995 0.830871 0.898047 0.835807 0.899700 0.841166 0.894555 0.843730 0.883541 0.844064 0.875243 0.841291 0.867357 0.835903 0.865787 0.831690 0.869412
0 0.835842 0.945555 0.835173 0.954669 0.837865 0.962258 0.841518 0.964793 0.846557 0.961971 0.849121 0.950957 0.849454 0.942659 0.846682 0.934773 0.841294 0.933202 0.837872 0.937783
0 0.759353 0.889731 0.758067 0.901596 0.762645 0.910649 0.767581 0.912301 0.772562 0.906895 0.775082 0.895850 0.775838 0.887845 0.773066 0.879959 0.767678 0.878388 0.763465 0.882014
0 0.762679 0.999074 0.761393 0.999074 0.765971 0.999074 0.770907 0.999074 0.775888 0.999074 0.778408 0.999074 0.779163 0.999074 0.776392 0.999074 0.771003 0.999074 0.766790 0.999074
0 0.528355 0.986485 0.527731 0.997480 0.530358 0.999074 0.535022 0.999074 0.540003 0.999074 0.542523 0.992192 0.543279 0.984187 0.540507 0.976302 0.535119 0.974731 0.530906 0.978357
0 0.509775 0.919626 0.509151 0.930621 0.511779 0.938160 0.516443 0.941786 0.521424 0.936379 0.523944 0.925334 0.524699 0.917329 0.521927 0.909443 0.516539 0.907872 0.512327 0.911498
0 0.458274 0.890976 0.457649 0.901971 0.460277 0.909509 0.464941 0.913135 0.469922 0.907728 0.472442 0.896684 0.473198 0.888678 0.470426 0.880792 0.465037 0.879221 0.460824 0.882848
0 0.443067 0.837285 0.442442 0.848279 0.445071 0.855818 0.449735 0.859444 0.454715 0.854037 0.457235 0.842992 0.457991 0.834988 0.455219 0.827102 0.449830 0.825531 0.445618 0.829157
0 0.498013 0.805806 0.497389 0.816801 0.500017 0.824338 0.504681 0.827965 0.509661 0.822559 0.512181 0.811514 0.512937 0.803509 0.510165 0.795622 0.504777 0.794052 0.500564 0.797678
0 0.481470 0.839909 0.480846 0.850904 0.483474 0.858441 0.488138 0.862068 0.493118 0.856661 0.495638 0.845616 0.496394 0.837612 0.493622 0.829725 0.488234 0.828155 0.484021 0.831780
0 0.422521 0.811504 0.421896 0.822499 0.424524 0.830036 0.429188 0.833663 0.434169 0.828256 0.436689 0.817212 0.437445 0.809206 0.434673 0.801320 0.429285 0.799750 0.425072 0.803376
0 0.640707 0.803973 0.640082 0.814968 0.642710 0.822506 0.647374 0.826132 0.652355 0.820725 0.654875 0.809680 0.655631 0.801675 0.652859 0.793789 0.647471 0.792218 0.643258 0.795844
0 0.634572 0.643194 0.633947 0.654189 0.636575 0.661727 0.641239 0.665353 0.646220 0.659946 0.648740 0.648901 0.649496 0.640897 0.646724 0.633011 0.641336 0.631440 0.637123 0.635066
0 0.733877 0.769922 0.733003 0.777476 0.734436 0.784536 0.739100 0.788162 0.744081 0.782755 0.745838 0.771360 0.745587 0.765994 0.743439 0.760330 0.739129 0.758267 0.736128 0.762212
0 0.715368 0.782832 0.714494 0.790385 0.715927 0.797445 0.720591 0.801071 0.725572 0.795664 0.727328 0.784269 0.727078 0.778904 0.724930 0.773240 0.720619 0.771176 0.717619 0.775121
0 0.685777 0.789534 0.684903 0.797087 0.686336 0.804147 0.691000 0.807774 0.695980 0.802367 0.697738 0.790972 0.697488 0.785605 0.695339 0.779941 0.691028 0.777878 0.688028 0.781824
0 0.636617 0.839220 0.635743 0.846774 0.637176 0.853833 0.641840 0.857460 0.646821 0.852053 0.648578 0.840657 0.648328 0.835291 0.646179 0.829628 0.641869 0.827564 0.638868 0.831509
0 0.635195 0.680219 0.634320 0.687772 0.635754 0.694832 0.640418 0.698458 0.645398 0.693051 0.647155 0.681657 0.646905 0.676290 0.644756 0.670626 0.640446 0.668563 0.637445 0.672508
0 0.596823 0.709233 0.595948 0.716786 0.597381 0.723846 0.602045 0.727472 0.607026 0.722065 0.608783 0.710670 0.608533 0.705303 0.606385 0.699640 0.602074 0.697576 0.599074 0.701522
0 0.622199 0.632058 0.621324 0.639611 0.622758 0.646671 0.627422 0.650298 0.632403 0.644891 0.634160 0.633496 0.633909 0.628129 0.631761 0.622466 0.627450 0.620402 0.624450 0.624348
0 0.601443 0.872870 0.600568 0.880423 0.602002 0.887483 0.606666 0.891109 0.611646 0.885702 0.613403 0.874308 0.613153 0.868941 0.611005 0.863277 0.606694 0.861214 0.603694 0.865159
0 0.629058 0.990895 0.628184 0.998449 0.629617 0.999074 0.634281 0.999074 0.639262 0.999074 0.641019 0.992333 0.640769 0.986967 0.638620 0.981304 0.634309 0.979240 0.631309 0.983185
0 0.681442 0.999074 0.680568 0.999074 0.682001 0.999074 0.686665 0.999074 0.691646 0.999074 0.693402 0.999074 0.693152 0.999074 0.691004 0.999074 0.686693 0.999074 0.683693 0.999074
0 0.640161 0.999074 0.639287 0.999074 0.640720 0.999074 0.645384 0.999074 0.650365 0.999074 0.652122 0.999074 0.651871 0.999074 0.649723 0.999074 0.645413 0.999074 0.642412 0.999074
0 0.740531 0.984110 0.742189 0.989716 0.744502 0.992513 0.747809 0.994553 0.749996 0.993139 0.753543 0.987746 0.755113 0.980864 0.755644 0.975862 0.753752 0.969251 0.749382 0.965799 0.746151 0.966908 0.742873 0.970378 0.740425 0.976651
0 0.741442 0.909527 0.743101 0.915133 0.745413 0.917930 0.748720 0.919970 0.750908 0.918556 0.754455 0.913163 0.756025 0.906281 0.756555 0.901279 0.754664 0.894668 0.750293 0.891216 0.747063 0.892325 0.743785 0.895794 0.741336 0.902067
0 0.722175 0.882393 0.723834 0.887999 0.726146 0.890796 0.729454 0.892836 0.731641 0.891422 0.735188 0.886029 0.736758 0.879147 0.737288 0.874145 0.735396 0.867534 0.731026 0.864082 0.727796 0.865190 0.724518 0.868660 0.722070 0.874934
0 0.667994 0.964133 0.669653 0.969739 0.671965 0.972536 0.675273 0.974576 0.677460 0.973163 0.681007 0.967770 0.682577 0.960887 0.683107 0.955885 0.681216 0.949274 0.676845 0.945822 0.673615 0.946931 0.670337 0.950401 0.667889 0.956674
0 0.661135 0.920978 0.662794 0.926584 0.665106 0.929381 0.668413 0.931422 0.670600 0.930009 0.674147 0.924615 0.675718 0.917732 0.676248 0.912730 0.674356 0.906120 0.669986 0.902667 0.666755 0.903776 0.663478 0.907246 0.661029 0.913519
0 0.649783 0.955313 0.651442 0.960919 0.653754 0.963716 0.657061 0.965756 0.659248 0.964343 0.662795 0.958950 0.664366 0.952067 0.664896 0.947065 0.663004 0.940454 0.658633 0.937002 0.655403 0.938111 0.652125 0.941581 0.649677 0.947854
0 0.728452 0.999074 0.730110 0.999074 0.732423 0.999074 0.735730 0.999074 0.737917 0.999074 0.741464 0.999074 0.743034 0.999074 0.743565 0.999074 0.741673 0.999074 0.737302 0.999074 0.734072 0.999074 0.730794 0.999074 0.728346 0.999074
0 0.623140 0.918532 0.624799 0.924137 0.627111 0.926934 0.630419 0.928974 0.632605 0.927561 0.636152 0.922168 0.637723 0.915285 0.638253 0.910283 0.636361 0.903673 0.631991 0.900220 0.628761 0.901328 0.625483 0.904799 0.623034 0.911072
0 0.562673 0.999074 0.564332 0.999074 0.566644 0.999074 0.569951 0.999074 0.572138 0.999074 0.575685 0.999074 0.577256 0.999074 0.577786 0.999074 0.575894 0.999070 0.571524 0.995619 0.568293 0.996727 0.565015 0.999074 0.562567 0.999074
0 0.544954 0.967617 0.546613 0.973223 0.548925 0.976020 0.552233 0.978061 0.554419 0.976647 0.557966 0.971254 0.559537 0.964371 0.560067 0.959369 0.558176 0.952758 0.553805 0.949306 0.550574 0.950415 0.547297 0.953885 0.544848 0.960158
0 0.512161 0.791673 0.513819 0.797278 0.516132 0.800076 0.519439 0.802115 0.521626 0.800702 0.525173 0.795309 0.526743 0.788427 0.527274 0.783425 0.525382 0.776814 0.521011 0.773361 0.517781 0.774469 0.514503 0.777940 0.512055 0.784213
0 0.488869 0.909489 0.490528 0.915095 0.492840 0.917892 0.496147 0.919933 0.498334 0.918520 0.501882 0.913126 0.503452 0.906243 0.503982 0.901241 0.502091 0.894630 0.497720 0.891178 0.494490 0.892287 0.491212 0.895757 0.488763 0.902030
0 0.410602 0.871299 0.412260 0.876905 0.414573 0.879702 0.417880 0.881743 0.420067 0.880330 0.423614 0.874936 0.425184 0.868053 0.425715 0.863051 0.423823 0.856440 0.419452 0.852988 0.416222 0.854097 0.412944 0.857567 0.410496 0.863840
0 0.440868 0.881908 0.442526 0.887513 0.444839 0.890311 0.448146 0.892351 0.450333 0.890937 0.453880 0.885544 0.455450 0.878662 0.455981 0.873660 0.454089 0.867049 0.449719 0.863596 0.446488 0.864705 0.443210 0.868175 0.440762 0.874448
0 0.389226 0.880043 0.390884 0.885648 0.393197 0.888446 0.396504 0.890485 0.398690 0.889072 0.402238 0.883678 0.403808 0.876796 0.404339 0.871795 0.402447 0.865183 0.398076 0.861731 0.394846 0.862839 0.391568 0.866310 0.389119 0.872583
0 0.417701 0.786511 0.419360 0.792117 0.421672 0.794914 0.424980 0.796953 0.427167 0.795540 0.430714 0.790146 0.432284 0.783264 0.432814 0.778262 0.430922 0.771651 0.426552 0.768199 0.423321 0.769307 0.420044 0.772778 0.417595 0.779051
0 0.385800 0.840605 0.387459 0.846211 0.389771 0.849008 0.393079 0.851048 0.395266 0.849634 0.398813 0.844241 0.400383 0.837359 0.400914 0.832357 0.399021 0.825746 0.394651 0.822294 0.391421 0.823403 0.388143 0.826872 0.385695 0.833145
0 0.365571 0.876811 0.367230 0.882417 0.369542 0.885214 0.372850 0.887254 0.375037 0.885840 0.378584 0.880448 0.380154 0.873565 0.380684 0.868563 0.378793 0.861952 0.374422 0.858500 0.371192 0.859609 0.367914 0.863079 0.365465 0.869352
0 0.353892 0.817890 0.355551 0.823496 0.357863 0.826293 0.361171 0.828333 0.363358 0.826920 0.366905 0.821527 0.368475 0.814644 0.369005 0.809642 0.367113 0.803030 0.362743 0.799579 0.359513 0.800687 0.356235 0.804157 0.353786 0.810431
0 0.375139 0.806490 0.376798 0.812096 0.379110 0.814893 0.382417 0.816933 0.384604 0.815519 0.388151 0.810126 0.389721 0.803244 0.390252 0.798242 0.388360 0.791631 0.383990 0.788179 0.380759 0.789288 0.377482 0.792758 0.375033 0.799030
0 0.394782 0.792140 0.396441 0.797746 0.398753 0.800543 0.402060 0.802583 0.404247 0.801169 0.407794 0.795775 0.409365 0.788893 0.409895 0.783892 0.408003 0.777280 0.403632 0.773828 0.400402 0.774937 0.397124 0.778407 0.394676 0.784680
0 0.301912 0.781354 0.303571 0.786960 0.305883 0.789757 0.309190 0.791797 0.311377 0.790384 0.314924 0.784990 0.316495 0.778107 0.317025 0.773106 0.315133 0.766495 0.310763 0.763043 0.307532 0.764151 0.304254 0.767622 0.301806 0.773895
0 0.292127 0.799639 0.292743 0.803722 0.294633 0.807137 0.297219 0.809374 0.299622 0.809602 0.303206 0.805840 0.304776 0.798958 0.305306 0.793956 0.303415 0.787345 0.299044 0.783893 0.295814 0.785001 0.293266 0.788800 0.291773 0.794409
0 0.314684 0.798299 0.315301 0.802382 0.317190 0.805797 0.319776 0.808034 0.322179 0.808262 0.325763 0.804500 0.327333 0.797617 0.327864 0.792615 0.325972 0.786004 0.321602 0.782552 0.318371 0.783660 0.315823 0.787459 0.314330 0.793069
0 0.264729 0.784896 0.266388 0.790502 0.268700 0.793299 0.272008 0.795339 0.274194 0.793925 0.277741 0.788532 0.279312 0.781650 0.279842 0.776648 0.277950 0.770037 0.273580 0.766585 0.270349 0.767694 0.267072 0.771164 0.264623 0.777437
0 0.272703 0.668631 0.274361 0.674237 0.276674 0.677034 0.279981 0.679074 0.282168 0.677661 0.285715 0.672268 0.287286 0.665386 0.287816 0.660383 0.285924 0.653772 0.281553 0.650320 0.278323 0.651429 0.275045 0.654899 0.272597 0.661172
0 0.298695 0.692465 0.299312 0.696547 0.301201 0.699963 0.303787 0.702200 0.306190 0.702429 0.309774 0.698665 0.311345 0.691783 0.311875 0.686781 0.309983 0.680170 0.305613 0.676719 0.302382 0.677827 0.299834 0.681625 0.298341 0.687235
0 0.245678 0.680436 0.247336 0.686043 0.249649 0.688839 0.252956 0.690880 0.255142 0.689466 0.258690 0.684073 0.260260 0.677190 0.260791 0.672188 0.258899 0.665577 0.254528 0.662126 0.251298 0.663234 0.248020 0.666704 0.245572 0.672977
0 0.212051 0.727402 0.213710 0.733009 0.216022 0.735805 0.219329 0.737846 0.221516 0.736432 0.225064 0.731039 0.226634 0.724156 0.227164 0.719154 0.225272 0.712543 0.220902 0.709092 0.217672 0.710200 0.214394 0.713670 0.211946 0.719943
0 0.158517 0.719450 0.160176 0.725056 0.162488 0.727853 0.165795 0.729894 0.167982 0.728481 0.171529 0.723087 0.173100 0.716205 0.173630 0.711202 0.171738 0.704591 0.167368 0.701139 0.164137 0.702248 0.160859 0.705718 0.158411 0.711991
0 0.200954 0.648923 0.199668 0.660789 0.204246 0.669840 0.208803 0.672777 0.215048 0.667845 0.218298 0.657896 0.219334 0.645015 0.216542 0.636702 0.211160 0.635677 0.205066 0.641206
0 0.162538 0.670698 0.161252 0.682565 0.165830 0.691617 0.170387 0.694553 0.176631 0.689621 0.179882 0.679673 0.180917 0.666791 0.177023 0.658906 0.172091 0.656698 0.166509 0.660635
0 0.114621 0.629655 0.113335 0.641521 0.117913 0.650572 0.122470 0.653509 0.128714 0.648576 0.131964 0.638628 0.133000 0.625747 0.129106 0.617862 0.124174 0.615655 0.118592 0.619591
0 0.156594 0.608466 0.155308 0.620332 0.159885 0.629384 0.164443 0.632320 0.170687 0.627388 0.173937 0.617439 0.174973 0.604558 0.171078 0.596673 0.166146 0.594466 0.160565 0.598402
0 0.141367 0.667158 0.140081 0.679024 0.144659 0.688076 0.149217 0.691012 0.155461 0.686079 0.158711 0.676131 0.159747 0.663250 0.155852 0.655366 0.150920 0.653158 0.145338 0.657094
0 0.110844 0.690573 0.109558 0.702438 0.114135 0.711491 0.118693 0.714427 0.124937 0.709494 0.128187 0.699546 0.129223 0.686665 0.125329 0.678781 0.120397 0.676573 0.114815 0.680509
0 0.029470 0.504074 0.028184 0.515940 0.032762 0.524992 0.037319 0.527928 0.043564 0.522996 0.046814 0.513048 0.047849 0.500166 0.043955 0.492281 0.039022 0.490074 0.033441 0.494010
0 0.145158 0.455097 0.143873 0.466963 0.148451 0.476015 0.153008 0.478952 0.159252 0.474019 0.162503 0.464071 0.163538 0.451189 0.159644 0.443305 0.154711 0.441097 0.149130 0.445034
0 0.169683 0.500786 0.168397 0.512652 0.172975 0.521703 0.177532 0.524640 0.183776 0.519707 0.187027 0.509759 0.188062 0.496878 0.184168 0.488993 0.179235 0.486786 0.173654 0.490722
0 0.058111 0.305404 0.056824 0.317271 0.061403 0.326323 0.065960 0.329260 0.072204 0.324326 0.075454 0.314379 0.074595 0.303519 0.071823 0.295633 0.066435 0.294062 0.062223 0.297688
0 0.117274 0.256621 0.115988 0.268488 0.120566 0.277539 0.125123 0.280476 0.131368 0.275543 0.134617 0.265595 0.133758 0.254735 0.130987 0.246849 0.125598 0.245278 0.121385 0.248904
0 0.089898 0.257423 0.088612 0.269288 0.093190 0.278340 0.097747 0.281277 0.103991 0.276344 0.107241 0.266396 0.106382 0.255536 0.103611 0.247650 0.098222 0.246079 0.094009 0.249706
0 0.202122 0.334991 0.200836 0.346856 0.205414 0.355908 0.209971 0.358845 0.216215 0.353912 0.219466 0.343964 0.218607 0.333104 0.215835 0.325218 0.210447 0.323647 0.206234 0.327274
0 0.228243 0.413372 0.226957 0.425238 0.231536 0.434290 0.236093 0.437226 0.242337 0.432294 0.245587 0.422345 0.244728 0.411485 0.241956 0.403600 0.236568 0.402029 0.232355 0.405655
0 0.296582 0.286014 0.297924 0.297793 0.302501 0.306844 0.307059 0.309781 0.313303 0.304848 0.316553 0.294900 0.317589 0.282019 0.311934 0.269322 0.305304 0.268790 0.299871 0.275415
0 0.237862 0.120220 0.239204 0.131999 0.243781 0.141051 0.248339 0.143987 0.254583 0.139054 0.257833 0.129106 0.258869 0.116225 0.253215 0.103529 0.246584 0.102995 0.241151 0.109622
0 0.251175 0.240439 0.252517 0.252218 0.257095 0.261270 0.261652 0.264207 0.267897 0.259274 0.271146 0.249326 0.272182 0.236444 0.266528 0.223748 0.259897 0.223215 0.254465 0.229840
0 0.177613 0.109833 0.178956 0.121611 0.183533 0.130663 0.188091 0.133599 0.194335 0.128667 0.197585 0.118718 0.198621 0.105837 0.192966 0.093141 0.186336 0.092608 0.180903 0.099233
0 0.215395 0.807601 0.216737 0.819379 0.221315 0.828432 0.225873 0.831368 0.232117 0.826435 0.235367 0.816487 0.236403 0.803605 0.230748 0.790909 0.224117 0.790376 0.218685 0.797002
0 0.913703 0.329969 0.915045 0.341748 0.919623 0.350800 0.924181 0.353736 0.930425 0.348803 0.933675 0.338855 0.934711 0.325974 0.929056 0.313277 0.922425 0.312744 0.916993 0.319371
0 0.504275 0.130944 0.498134 0.141594 0.495226 0.154854 0.496166 0.166996 0.501267 0.174322 0.506117 0.178345 0.512144 0.176738 0.517446 0.170271 0.520195 0.161699 0.521952 0.149711 0.521079 0.140160 0.516478 0.132445 0.510992 0.129127
0 0.521333 0.356270 0.515192 0.366920 0.512284 0.380180 0.513225 0.392321 0.518325 0.399648 0.523175 0.403671 0.529202 0.402063 0.534505 0.395597 0.537253 0.387025 0.539010 0.375037 0.538137 0.365485 0.533536 0.357771 0.528050 0.354452
0 0.335435 0.193354 0.329294 0.204004 0.326387 0.217264 0.327327 0.229405 0.332427 0.236732 0.337278 0.240755 0.343305 0.239147 0.348606 0.232681 0.351356 0.224109 0.353112 0.212121 0.352239 0.202570 0.347639 0.194855 0.342152 0.191536
0 0.306932 0.461624 0.300792 0.472274 0.299676 0.488152 0.306458 0.503059 0.312611 0.506358 0.319062 0.500146 0.322236 0.492390 0.324609 0.480391 0.323737 0.470839 0.319136 0.463125 0.313650 0.459807
0 0.703619 0.999074 0.697478 0.999074 0.694570 0.999074 0.695511 0.999074 0.700611 0.999074 0.705462 0.999074 0.711488 0.999074 0.716791 0.999074 0.719540 0.999074 0.721296 0.999074 0.720424 0.999074 0.715823 0.999074 0.710336 0.999074
0 0.592451 0.924588 0.587138 0.934619 0.585239 0.945637 0.585431 0.957149 0.588921 0.964869 0.593772 0.968893 0.599798 0.967285 0.604041 0.960711 0.607436 0.951901 0.609273 0.941152 0.608336 0.933803 0.604233 0.925957 0.598093 0.922547
0 0.325797 0.306686 0.319656 0.317336 0.316749 0.330596 0.317689 0.342737 0.322789 0.350064 0.327640 0.354087 0.333666 0.352480 0.338969 0.346013 0.341718 0.337441 0.343475 0.325453 0.342601 0.315902 0.338000 0.308186 0.332514 0.304869
0 0.323485 0.423304 0.318626 0.432805 0.316574 0.446927 0.319931 0.460430 0.324909 0.466312 0.331029 0.465939 0.336331 0.459473 0.339080 0.450901 0.340837 0.438913 0.339964 0.429361 0.335363 0.421647 0.329877 0.418328
0 0.199308 0.585526 0.194447 0.595026 0.192395 0.609148 0.195753 0.622650 0.200731 0.628534 0.206850 0.628160 0.212153 0.621695 0.214902 0.613123 0.216659 0.601135 0.215786 0.591582 0.211185 0.583868 0.205698 0.580550
0 0.260676 0.078640 0.259136 0.087355 0.259648 0.095838 0.262332 0.099738 0.265587 0.101991 0.269326 0.101905 0.272698 0.098874 0.275141 0.090596 0.275397 0.081373 0.273681 0.075097 0.268387 0.070408 0.264645 0.072187
0 0.220805 0.106780 0.219265 0.115495 0.219777 0.123977 0.222462 0.127877 0.225716 0.130130 0.229455 0.130044 0.232827 0.127013 0.235270 0.118735 0.235526 0.109513 0.233811 0.103237 0.228517 0.098548 0.224774 0.100326
0 0.145154 0.054698 0.143614 0.063413 0.144126 0.071895 0.146810 0.075795 0.150065 0.078048 0.153804 0.077963 0.157176 0.074931 0.159619 0.066653 0.159875 0.057431 0.158159 0.051155 0.152865 0.046466 0.149123 0.048244
0 0.219291 0.198010 0.217751 0.206725 0.218263 0.215207 0.220948 0.219107 0.224202 0.221360 0.227941 0.221274 0.231313 0.218243 0.233756 0.209965 0.234012 0.200743 0.232297 0.194467 0.227003 0.189778 0.223260 0.191556
0 0.304383 0.157553 0.302843 0.166269 0.303355 0.174752 0.306039 0.178651 0.309294 0.180904 0.313032 0.180818 0.316405 0.177787 0.318849 0.169509 0.319104 0.160287 0.317388 0.154011 0.312095 0.149322 0.308351 0.151100
0 0.310915 0.195475 0.309375 0.204190 0.309887 0.212673 0.312572 0.216572 0.315826 0.218825 0.319564 0.218739 0.322937 0.215708 0.325380 0.207430 0.325636 0.198208 0.323920 0.191932 0.318627 0.187243 0.314883 0.189021
0 0.278976 0.304447 0.277436 0.313163 0.277948 0.321645 0.280633 0.325544 0.283887 0.327798 0.287625 0.327711 0.290998 0.324681 0.293441 0.316402 0.293697 0.307181 0.291981 0.300905 0.286687 0.296216 0.282944 0.297993
0 0.319980 0.000000 0.318440 0.000000 0.318952 0.000000 0.321636 0.000000 0.324891 0.000000 0.328630 0.000000 0.332002 0.000000 0.334445 0.000000 0.334701 0.000000 0.332985 0.000000 0.327691 0.000000 0.323949 0.000000
0 0.418906 0.000000 0.417366 0.003051 0.417878 0.011534 0.420563 0.015433 0.423817 0.017687 0.427556 0.017600 0.430928 0.014570 0.433371 0.006291 0.433627 0.000000 0.431911 0.000000 0.426618 0.000000 0.422875 0.000000
0 0.453837 0.000000 0.452296 0.000000 0.452808 0.000000 0.455493 0.000000 0.458747 0.000000 0.462486 0.000000 0.465858 0.000000 0.468301 0.000000 0.468557 0.000000 0.466842 0.000000 0.461548 0.000000 0.457805 0.000000
0 0.400089 0.000000 0.398549 0.000000 0.399061 0.001204 0.401746 0.005103 0.405000 0.007357 0.408738 0.007270 0.412110 0.004239 0.414554 0.000000 0.414810 0.000000 0.413094 0.000000 0.407800 0.000000 0.404057 0.000000
0 0.256598 0.178880 0.255058 0.187596 0.255570 0.196079 0.258255 0.199978 0.261509 0.202232 0.265248 0.202145 0.268620 0.199115 0.271064 0.190836 0.271319 0.181615 0.269603 0.175338 0.264310 0.170649 0.260567 0.172427
0 0.275379 0.207231 0.273838 0.215947 0.274350 0.224430 0.277035 0.228328 0.280289 0.230582 0.284028 0.230495 0.287400 0.227465 0.289844 0.219187 0.290099 0.209965 0.288384 0.203689 0.283090 0.199000 0.279347 0.200778
0 0.290053 0.221902 0.288513 0.230616 0.289025 0.239099 0.291709 0.242999 0.294963 0.245252 0.298702 0.245166 0.302075 0.242135 0.304518 0.233857 0.304773 0.224635 0.303058 0.218359 0.297764 0.213670 0.294021 0.215448
0 0.382039 0.188983 0.380499 0.197699 0.381011 0.206182 0.383695 0.210081 0.386950 0.212334 0.390688 0.212247 0.394061 0.209217 0.396504 0.200939 0.396760 0.191717 0.395044 0.185441 0.389750 0.180752 0.386007 0.182530
0 0.147245 0.319978 0.145705 0.328694 0.146217 0.337177 0.148902 0.341076 0.152156 0.343329 0.155894 0.343243 0.159267 0.340212 0.161711 0.331933 0.161966 0.322712 0.160250 0.316436 0.154957 0.311747 0.151213 0.313525
0 0.240797 0.367302 0.239257 0.376016 0.239769 0.384499 0.242454 0.388399 0.245708 0.390652 0.249447 0.390566 0.252819 0.387535 0.255263 0.379257 0.255518 0.370035 0.253803 0.363759 0.248509 0.359070 0.244766 0.360848
0 0.277898 0.442942 0.276358 0.451658 0.276870 0.460141 0.279555 0.464040 0.282809 0.466293 0.286547 0.466206 0.289920 0.463176 0.292363 0.454897 0.292619 0.445676 0.290903 0.439400 0.285610 0.434711 0.281866 0.436489
0 0.358243 0.493598 0.356702 0.502314 0.357214 0.510796 0.359899 0.514696 0.363153 0.516949 0.366892 0.516863 0.370264 0.513832 0.372708 0.505553 0.372963 0.496332 0.371248 0.490056 0.365954 0.485367 0.362211 0.487145
0 0.153269 0.573986 0.151729 0.582702 0.152241 0.591185 0.154925 0.595084 0.158179 0.597337 0.161918 0.597251 0.165290 0.594220 0.167734 0.585941 0.167989 0.576720 0.166274 0.570444 0.160980 0.565755 0.157237 0.567533
0 0.291300 0.384468 0.289760 0.393184 0.290272 0.401667 0.292956 0.405566 0.296210 0.407819 0.299950 0.407733 0.303322 0.404703 0.305765 0.396424 0.306020 0.387202 0.304305 0.380926 0.299011 0.376237 0.295269 0.378015
0 0.436495 0.600521 0.434955 0.609236 0.435467 0.617718 0.438152 0.621618 0.441406 0.623871 0.445145 0.623785 0.448517 0.620755 0.450961 0.612476 0.451216 0.603255 0.449501 0.596978 0.444207 0.592289 0.440464 0.594067
0 0.395967 0.639793 0.394427 0.648509 0.394939 0.656991 0.397624 0.660891 0.400878 0.663144 0.404617 0.663057 0.407989 0.660027 0.410432 0.651748 0.410688 0.642527 0.408972 0.636251 0.403679 0.631562 0.399935 0.633340
0 0.377331 0.565526 0.375791 0.574242 0.376303 0.582725 0.378987 0.586625 0.382241 0.588878 0.385980 0.588792 0.389352 0.585760 0.391796 0.577482 0.392051 0.568260 0.390336 0.561984 0.385042 0.557295 0.381299 0.559073
0 0.432982 0.505314 0.431442 0.514029 0.431954 0.522512 0.434639 0.526411 0.437893 0.528664 0.441632 0.528579 0.445004 0.525548 0.447448 0.517270 0.447703 0.508048 0.445988 0.501771 0.440694 0.497082 0.436951 0.498861
0 0.496379 0.445476 0.494839 0.454191 0.495351 0.462674 0.498035 0.466574 0.501290 0.468827 0.505028 0.468741 0.508400 0.465710 0.510844 0.457431 0.511100 0.448210 0.509384 0.441934 0.504090 0.437244 0.500347 0.439023
0 0.522404 0.499267 0.520864 0.507982 0.521376 0.516465 0.524060 0.520365 0.527315 0.522618 0.531053 0.522532 0.534426 0.519502 0.536869 0.511223 0.537124 0.502001 0.535409 0.495724 0.530115 0.491035 0.526372 0.492813
0 0.503363 0.498042 0.501823 0.506757 0.502335 0.515239 0.505020 0.519139 0.508273 0.521392 0.512012 0.521307 0.515385 0.518275 0.517828 0.509997 0.518083 0.500775 0.516368 0.494499 0.511074 0.489810 0.507331 0.491588
0 0.519135 0.440152 0.517595 0.448867 0.518107 0.457350 0.520791 0.461250 0.524046 0.463503 0.527784 0.463417 0.531156 0.460385 0.533600 0.452108 0.533856 0.442886 0.532140 0.436610 0.526846 0.431920 0.523103 0.433699
0 0.412834 0.308389 0.411293 0.317105 0.411805 0.325587 0.414491 0.329487 0.417744 0.331740 0.421483 0.331654 0.424855 0.328623 0.427299 0.320344 0.427554 0.311123 0.425839 0.304847 0.420545 0.300158 0.416802 0.301936
0 0.412272 0.392474 0.410731 0.401189 0.411243 0.409672 0.413928 0.413572 0.417182 0.415825 0.420921 0.415739 0.424293 0.412708 0.426737 0.404429 0.426992 0.395208 0.425277 0.388932 0.419983 0.384242 0.416240 0.386021
0 0.407111 0.362970 0.405571 0.371685 0.406083 0.380168 0.408768 0.384068 0.412022 0.386321 0.415761 0.386234 0.419133 0.383204 0.421577 0.374925 0.421832 0.365704 0.420116 0.359428 0.414823 0.354738 0.411080 0.356517
0 0.456337 0.242057 0.454797 0.250772 0.455309 0.259255 0.457993 0.263154 0.461248 0.265407 0.464986 0.265321 0.468358 0.262290 0.470802 0.254012 0.471058 0.244790 0.469342 0.238514 0.464048 0.233825 0.460305 0.235603
0 0.524432 0.305043 0.522891 0.313759 0.523403 0.322241 0.526088 0.326140 0.529342 0.328394 0.533081 0.328308 0.536453 0.325277 0.538897 0.316998 0.539152 0.307777 0.537437 0.301501 0.532143 0.296812 0.528400 0.298589
0 0.480603 0.364939 0.479063 0.373654 0.479575 0.382137 0.482260 0.386036 0.485514 0.388290 0.489252 0.388203 0.492625 0.385172 0.495068 0.376894 0.495324 0.367673 0.493608 0.361396 0.488315 0.356707 0.484571 0.358485
0 0.501359 0.353834 0.499819 0.362549 0.500331 0.371031 0.503016 0.374931 0.506270 0.377184 0.510009 0.377098 0.513381 0.374067 0.515825 0.365789 0.516080 0.356567 0.514365 0.350291 0.509071 0.345602 0.505328 0.347380
0 0.473224 0.126749 0.471683 0.135465 0.472196 0.143948 0.474880 0.147847 0.478134 0.150101 0.481873 0.150014 0.485245 0.146983 0.487689 0.138705 0.487944 0.129483 0.486229 0.123207 0.480935 0.118518 0.477192 0.120296
0 0.549969 0.005769 0.548429 0.014484 0.548941 0.022967 0.551625 0.026866 0.554880 0.029119 0.558618 0.029033 0.561991 0.026002 0.564434 0.017724 0.564690 0.008502 0.562974 0.002226 0.557681 0.000000 0.553937 0.000000
0 0.565938 0.013005 0.564398 0.021720 0.564910 0.030203 0.567595 0.034103 0.570849 0.036356 0.574253 0.034524 0.576573 0.030262 0.578942 0.022538 0.578819 0.013923 0.576644 0.007800 0.573650 0.004773 0.569906 0.006551
0 0.491325 0.000000 0.489785 0.000000 0.490297 0.004165 0.492982 0.008065 0.496236 0.010318 0.499975 0.010232 0.503347 0.007201 0.505790 0.000000 0.506046 0.000000 0.504331 0.000000 0.499037 0.000000 0.495294 0.000000
0 0.643597 0.147393 0.642056 0.156109 0.642568 0.164592 0.645253 0.168491 0.648507 0.170744 0.651912 0.168912 0.654232 0.164650 0.656601 0.156926 0.656477 0.148311 0.654303 0.142188 0.651308 0.139162 0.647565 0.140940
0 0.627383 0.137654 0.625843 0.146369 0.626355 0.154852 0.629039 0.158752 0.632294 0.161005 0.635698 0.159173 0.638018 0.154911 0.640387 0.147187 0.640264 0.138572 0.638090 0.132450 0.635094 0.129422 0.631352 0.131201
0 0.626932 0.093447 0.625392 0.102162 0.625904 0.110645 0.628589 0.114545 0.631843 0.116798 0.635247 0.114966 0.637568 0.110704 0.639936 0.102979 0.639813 0.094364 0.637639 0.088242 0.634644 0.085215 0.630901 0.086994
0 0.674995 0.158937 0.673455 0.167653 0.673967 0.176136 0.676652 0.180035 0.679906 0.182289 0.683310 0.180456 0.685630 0.176194 0.687999 0.168470 0.687876 0.159855 0.685701 0.153732 0.682706 0.150706 0.678963 0.152484
0 0.696989 0.133259 0.695448 0.141975 0.695960 0.150458 0.698645 0.154357 0.701899 0.156611 0.705303 0.154778 0.707624 0.150516 0.709993 0.142792 0.709869 0.134177 0.707695 0.128055 0.704700 0.125028 0.700957 0.126806
0 0.659897 0.476043 0.658357 0.484759 0.658869 0.493242 0.661554 0.497141 0.664808 0.499394 0.668212 0.497562 0.670532 0.493300 0.672901 0.485575 0.672778 0.476961 0.670604 0.470838 0.667608 0.467812 0.663865 0.469590
0 0.696875 0.523509 0.695334 0.532224 0.695846 0.540707 0.698531 0.544607 0.701785 0.546860 0.705190 0.545028 0.707509 0.540766 0.709879 0.533042 0.709756 0.524427 0.707581 0.518305 0.704586 0.515277 0.700843 0.517056
0 0.673843 0.512655 0.672302 0.521370 0.672814 0.529853 0.675499 0.533753 0.678753 0.536006 0.682157 0.534174 0.684478 0.529911 0.686847 0.522187 0.686724 0.513572 0.684549 0.507450 0.681554 0.504423 0.677811 0.506201
0 0.629494 0.537129 0.627954 0.545844 0.628466 0.554327 0.631151 0.558226 0.634405 0.560479 0.637809 0.558648 0.640129 0.554385 0.642498 0.546660 0.642375 0.538046 0.640201 0.531924 0.637206 0.528897 0.633462 0.530675
0 0.710145 0.428024 0.708605 0.436739 0.709117 0.445222 0.711801 0.449122 0.715055 0.451375 0.718459 0.449543 0.720780 0.445280 0.723149 0.437556 0.723026 0.428941 0.720851 0.422819 0.717856 0.419792 0.714113 0.421570
0 0.691905 0.385175 0.690365 0.393891 0.690877 0.402374 0.693561 0.406273 0.696815 0.408527 0.700220 0.406694 0.702540 0.402432 0.704909 0.394708 0.704786 0.386093 0.702611 0.379970 0.699616 0.376944 0.695873 0.378721
0 0.699200 0.460798 0.697660 0.469514 0.698172 0.477997 0.700857 0.481895 0.704111 0.484149 0.707515 0.482317 0.709835 0.478054 0.712204 0.470330 0.712081 0.461716 0.709906 0.455593 0.706911 0.452567 0.703168 0.454345
0 0.633254 0.386996 0.631713 0.395712 0.632225 0.404194 0.634910 0.408094 0.638164 0.410347 0.641568 0.408514 0.643888 0.404252 0.646257 0.396528 0.646134 0.387914 0.643960 0.381791 0.640965 0.378765 0.637222 0.380543
0 0.772201 0.607437 0.770660 0.616152 0.771172 0.624635 0.773857 0.628534 0.777111 0.630788 0.780516 0.628955 0.782836 0.624693 0.785204 0.616969 0.785081 0.608355 0.782907 0.602232 0.779912 0.599205 0.776169 0.600984
0 0.590613 0.637335 0.589072 0.646049 0.589584 0.654532 0.592269 0.658432 0.595523 0.660685 0.598928 0.658853 0.601248 0.654591 0.603617 0.646867 0.603494 0.638252 0.601319 0.632130 0.598324 0.629102 0.594581 0.630881
0 0.547256 0.635898 0.545716 0.644613 0.546228 0.653096 0.548913 0.656995 0.552167 0.659249 0.555572 0.657417 0.557892 0.653154 0.560260 0.645430 0.560137 0.636816 0.557963 0.630693 0.554968 0.627666 0.551225 0.629444
0 0.559996 0.595738 0.558455 0.604453 0.558967 0.612936 0.561652 0.616835 0.564906 0.619089 0.568311 0.617256 0.570630 0.612994 0.572999 0.605270 0.572876 0.596656 0.570702 0.590533 0.567707 0.587506 0.563964 0.589285
0 0.524306 0.610636 0.522766 0.619352 0.523278 0.627835 0.525962 0.631734 0.529216 0.633987 0.532621 0.632155 0.534941 0.627893 0.537310 0.620168 0.537187 0.611554 0.535013 0.605431 0.532017 0.602405 0.528274 0.604183
0 0.565575 0.547016 0.564035 0.555732 0.564547 0.564214 0.567231 0.568114 0.570485 0.570367 0.573890 0.568535 0.576210 0.564272 0.578579 0.556548 0.578456 0.547934 0.576282 0.541811 0.573286 0.538785 0.569543 0.540563
0 0.574100 0.491843 0.572560 0.500557 0.573072 0.509040 0.575757 0.512940 0.579011 0.515193 0.582415 0.513361 0.584736 0.509098 0.587104 0.501374 0.586981 0.492760 0.584807 0.486638 0.581812 0.483610 0.578069 0.485389
0 0.548976 0.499026 0.547435 0.507742 0.547947 0.516224 0.550632 0.520123 0.553886 0.522377 0.557291 0.520545 0.559611 0.516283 0.561979 0.508558 0.561856 0.499944 0.559682 0.493821 0.556687 0.490795 0.552944 0.492572
0 0.570419 0.428097 0.568878 0.436813 0.569390 0.445296 0.572075 0.449195 0.575329 0.451449 0.578734 0.449616 0.581054 0.445354 0.583423 0.437630 0.583300 0.429015 0.581125 0.422892 0.578130 0.419866 0.574387 0.421643
0 0.603934 0.436475 0.602394 0.445190 0.602906 0.453673 0.605590 0.457573 0.608845 0.459826 0.612249 0.457994 0.614569 0.453731 0.616938 0.446007 0.616815 0.437393 0.614641 0.431271 0.611645 0.428244 0.607902 0.430022
0 0.648156 0.546336 0.646430 0.553293 0.646942 0.561776 0.649627 0.565675 0.653277 0.565443 0.655854 0.560495 0.657035 0.555112 0.656858 0.548110 0.655007 0.543531 0.651275 0.542492
0 0.712069 0.555611 0.710343 0.562568 0.710855 0.571051 0.713540 0.574951 0.717190 0.574718 0.719767 0.569770 0.720948 0.564388 0.720771 0.557385 0.718920 0.552806 0.715188 0.551767
0 0.604252 0.556509 0.602526 0.563466 0.603038 0.571949 0.605723 0.575848 0.609373 0.575616 0.611950 0.570668 0.613131 0.565286 0.612954 0.558283 0.611104 0.553704 0.607371 0.552665
0 0.588080 0.541943 0.586354 0.548901 0.586866 0.557384 0.589551 0.561283 0.593201 0.561050 0.595778 0.556103 0.596959 0.550721 0.596782 0.543717 0.594932 0.539138 0.591199 0.538099
0 0.540215 0.446498 0.538488 0.453456 0.539000 0.461938 0.541685 0.465838 0.545335 0.465605 0.547912 0.460658 0.549093 0.455276 0.548917 0.448273 0.547066 0.443694 0.543334 0.442654
0 0.550046 0.567309 0.548672 0.573081 0.549830 0.578723 0.553165 0.580801 0.555738 0.577749 0.556926 0.572791 0.556593 0.569020 0.555409 0.565485 0.552743 0.564460
0 0.679632 0.595977 0.677906 0.602934 0.678418 0.611416 0.681103 0.615316 0.684753 0.615083 0.687330 0.610136 0.688511 0.604753 0.688335 0.597750 0.686484 0.593171 0.682752 0.592132
0 0.742939 0.558344 0.741399 0.567060 0.741911 0.575543 0.744596 0.579442 0.747850 0.581695 0.751254 0.579863 0.753574 0.575601 0.755943 0.567876 0.755820 0.559262 0.753646 0.553139 0.750651 0.550113 0.746908 0.551891
0 0.717584 0.650627 0.716044 0.659342 0.716556 0.667824 0.719241 0.671724 0.722495 0.673977 0.725899 0.672145 0.728219 0.667883 0.730588 0.660159 0.730465 0.651545 0.728290 0.645422 0.725295 0.642395 0.721552 0.644173
0 0.800226 0.663527 0.798686 0.672243 0.799198 0.680725 0.801883 0.684625 0.805137 0.686878 0.808541 0.685045 0.810861 0.680783 0.813230 0.673059 0.813107 0.664445 0.810933 0.658322 0.807938 0.655296 0.804194 0.657074
0 0.751047 0.742979 0.749507 0.751694 0.750019 0.760177 0.752703 0.764077 0.755958 0.766330 0.759362 0.764497 0.761682 0.760235 0.764051 0.752511 0.763928 0.743897 0.761754 0.737774 0.758758 0.734747 0.755015 0.736525
0 0.794130 0.457167 0.792590 0.465883 0.793102 0.474366 0.795786 0.478266 0.799040 0.480519 0.802445 0.478687 0.804765 0.474424 0.807134 0.466700 0.807011 0.458085 0.804837 0.451963 0.801841 0.448936 0.798098 0.450715
0 0.821082 0.491377 0.819542 0.500093 0.820054 0.508576 0.822739 0.512475 0.825993 0.514729 0.829397 0.512896 0.831717 0.508634 0.834086 0.500910 0.833963 0.492295 0.831789 0.486173 0.828793 0.483146 0.825051 0.484924
0 0.833060 0.518527 0.831520 0.527243 0.832032 0.535726 0.834716 0.539624 0.837970 0.541878 0.841375 0.540046 0.843695 0.535783 0.846064 0.528059 0.845941 0.519445 0.843766 0.513322 0.840771 0.510296 0.837028 0.512073
0 0.860157 0.545066 0.858617 0.553782 0.859129 0.562264 0.861814 0.566163 0.865068 0.568417 0.868472 0.566584 0.870792 0.562322 0.873161 0.554598 0.873038 0.545984 0.870864 0.539861 0.867869 0.536835 0.864126 0.538612
0 0.865775 0.584455 0.864235 0.593171 0.864747 0.601653 0.867432 0.605553 0.870686 0.607806 0.874090 0.605974 0.876410 0.601712 0.878779 0.593988 0.878656 0.585373 0.876482 0.579251 0.873487 0.576224 0.869743 0.578002
0 0.858912 0.495652 0.857372 0.504367 0.857884 0.512850 0.860568 0.516749 0.863822 0.519002 0.867226 0.517171 0.869547 0.512908 0.871916 0.505184 0.871793 0.496569 0.869618 0.490447 0.866623 0.487420 0.862880 0.489198
0 0.877045 0.491915 0.875504 0.500631 0.876016 0.509114 0.878701 0.513014 0.881955 0.515267 0.885360 0.513434 0.887680 0.509172 0.890049 0.501448 0.889925 0.492833 0.887752 0.486711 0.884756 0.483684 0.881013 0.485463
0 0.884601 0.457156 0.883061 0.465872 0.883573 0.474355 0.886258 0.478254 0.889512 0.480507 0.892916 0.478675 0.895236 0.474413 0.897605 0.466688 0.897482 0.458074 0.895308 0.451951 0.892312 0.448925 0.888569 0.450702
0 0.845772 0.477177 0.844232 0.485893 0.844744 0.494376 0.847429 0.498275 0.850683 0.500528 0.854088 0.498696 0.856408 0.494434 0.858776 0.486709 0.858653 0.478095 0.856479 0.471972 0.853484 0.468946 0.849741 0.470724
0 0.844975 0.439951 0.843434 0.448667 0.843946 0.457150 0.846631 0.461049 0.849885 0.463303 0.853289 0.461470 0.855609 0.457208 0.857978 0.449484 0.857855 0.440869 0.855681 0.434746 0.852686 0.431720 0.848943 0.433498
0 0.863498 0.360252 0.861958 0.368967 0.862470 0.377450 0.865155 0.381349 0.868409 0.383602 0.871813 0.381771 0.874133 0.377509 0.876502 0.369784 0.876379 0.361170 0.874205 0.355047 0.871210 0.352020 0.867467 0.353798
0 0.793030 0.407168 0.791490 0.415884 0.792002 0.424366 0.794686 0.428266 0.797941 0.430519 0.801345 0.428686 0.803665 0.424424 0.806034 0.416700 0.805911 0.408086 0.803737 0.401963 0.800741 0.398937 0.796998 0.400715
0 0.860633 0.811900 0.859093 0.820616 0.859605 0.829099 0.862290 0.832998 0.865544 0.835251 0.868948 0.833419 0.871268 0.829157 0.873637 0.821433 0.873514 0.812818 0.871340 0.806695 0.868344 0.803669 0.864601 0.805447
0 0.815155 0.850991 0.813614 0.859707 0.814126 0.868190 0.816811 0.872090 0.820065 0.874343 0.823469 0.872510 0.825790 0.868248 0.828159 0.860524 0.828035 0.851909 0.825862 0.845787 0.822866 0.842760 0.819123 0.844538
0 0.807697 0.826538 0.806157 0.835253 0.806669 0.843736 0.809354 0.847636 0.812608 0.849889 0.816012 0.848057 0.818332 0.843795 0.820701 0.836071 0.820578 0.827455 0.818403 0.821333 0.815409 0.818306 0.811665 0.820084
0 0.749970 0.823084 0.748430 0.831799 0.748942 0.840282 0.751627 0.844182 0.754881 0.846435 0.758285 0.844603 0.760605 0.840340 0.762974 0.832616 0.762851 0.824002 0.760677 0.817880 0.757682 0.814852 0.753939 0.816631
0 0.805263 0.905824 0.803723 0.914539 0.804235 0.923022 0.806919 0.926922 0.810174 0.929175 0.813578 0.927343 0.815898 0.923081 0.818267 0.915357 0.818144 0.906742 0.815969 0.900619 0.812974 0.897592 0.809231 0.899370
0 0.584239 0.724668 0.582698 0.733384 0.583210 0.741866 0.585895 0.745766 0.589149 0.748019 0.592554 0.746187 0.594874 0.741925 0.597243 0.734200 0.597119 0.725586 0.594946 0.719463 0.591950 0.716437 0.588207 0.718215
0 0.529406 0.727293 0.527865 0.736008 0.528377 0.744491 0.531062 0.748390 0.534316 0.750643 0.537720 0.748812 0.540041 0.744549 0.542410 0.736825 0.542286 0.728211 0.540112 0.722088 0.537117 0.719061 0.533374 0.720839
0 0.445574 0.565469 0.444034 0.574184 0.444546 0.582667 0.447231 0.586566 0.450485 0.588819 0.453889 0.586988 0.456209 0.582724 0.458578 0.575001 0.458455 0.566386 0.456281 0.560264 0.453286 0.557237 0.449543 0.559015
0 0.462158 0.538824 0.460618 0.547538 0.461130 0.556021 0.463814 0.559921 0.467069 0.562174 0.470473 0.560342 0.472793 0.556079 0.475162 0.548355 0.475039 0.539741 0.472865 0.533619 0.469869 0.530591 0.466126 0.532370
0 0.632409 0.753419 0.631784 0.764414 0.634412 0.771952 0.639076 0.775578 0.644056 0.770171 0.646577 0.759126 0.647333 0.751121 0.644560 0.743236 0.639172 0.741665 0.634960 0.745291
0 0.597634 0.748731 0.596094 0.757446 0.596606 0.765929 0.599291 0.769829 0.602545 0.772082 0.605949 0.770249 0.608269 0.765987 0.610638 0.758263 0.610515 0.749649 0.608341 0.743526 0.605346 0.740499 0.601602 0.742277
0 0.930656 0.525750 0.929116 0.534465 0.929628 0.542948 0.932312 0.546848 0.935567 0.549101 0.938971 0.547268 0.941291 0.543006 0.943660 0.535282 0.943537 0.526668 0.941362 0.520545 0.938367 0.517519 0.934624 0.519297
0 0.894204 0.545200 0.892664 0.553914 0.893175 0.562397 0.895860 0.566297 0.899114 0.568550 0.902518 0.566718 0.904839 0.562456 0.907208 0.554732 0.907084 0.546118 0.904910 0.539995 0.901915 0.536968 0.898172 0.538746
0 0.882979 0.630264 0.881439 0.638979 0.881951 0.647462 0.884636 0.651361 0.887890 0.653615 0.891294 0.651782 0.893614 0.647520 0.895983 0.639796 0.895860 0.631182 0.893685 0.625058 0.890690 0.622032 0.886947 0.623811
0 0.847870 0.648055 0.846329 0.656769 0.846841 0.665252 0.849526 0.669152 0.852780 0.671405 0.856184 0.669573 0.858504 0.665311 0.860873 0.657587 0.860750 0.648972 0.858576 0.642850 0.855581 0.639822 0.851838 0.641601
0 0.827470 0.606849 0.825930 0.615564 0.826442 0.624047 0.829126 0.627947 0.832381 0.630200 0.835785 0.628368 0.838105 0.624106 0.840474 0.616382 0.840351 0.607766 0.838177 0.601645 0.835181 0.598617 0.831438 0.600396
0 0.946319 0.458727 0.944778 0.467443 0.945291 0.475926 0.947976 0.479825 0.951229 0.482078 0.954634 0.480246 0.956954 0.475984 0.959323 0.468260 0.959200 0.459645 0.957026 0.453522 0.954030 0.450496 0.950287 0.452274
0 0.905907 0.361818 0.904367 0.370534 0.904879 0.379017 0.907564 0.382915 0.910818 0.385169 0.914222 0.383337 0.916542 0.379074 0.918911 0.371350 0.918788 0.362736 0.916614 0.356613 0.913619 0.353587 0.909876 0.355364
0 0.909617 0.547912 0.908077 0.556627 0.908589 0.565110 0.911273 0.569010 0.914528 0.571263 0.917932 0.569430 0.920252 0.565168 0.922621 0.557444 0.922498 0.548830 0.920324 0.542707 0.917328 0.539680 0.913585 0.541459
0 0.909240 0.612008 0.907700 0.620723 0.908212 0.629206 0.910897 0.633105 0.914151 0.635359 0.917555 0.633526 0.919875 0.629264 0.922244 0.621540 0.922121 0.612926 0.919947 0.606803 0.916952 0.603777 0.913209 0.605555
0 0.888792 0.666617 0.887251 0.675332 0.887763 0.683815 0.890448 0.687714 0.893702 0.689968 0.897106 0.688135 0.899426 0.683873 0.901795 0.676149 0.901672 0.667535 0.899498 0.661412 0.896503 0.658385 0.892760 0.660163
0 0.842385 0.761191 0.840845 0.769907 0.841357 0.778390 0.844042 0.782289 0.847296 0.784543 0.850700 0.782710 0.853020 0.778448 0.855389 0.770724 0.855266 0.762109 0.853092 0.755986 0.850097 0.752960 0.846353 0.754738
0 0.712778 0.896713 0.712033 0.903195 0.712373 0.909416 0.714170 0.912894 0.717419 0.915149 0.720289 0.913286 0.722869 0.909903 0.724483 0.904328 0.724798 0.896736 0.722781 0.890366 0.720016 0.888346 0.715774 0.891083
0 0.777518 0.891673 0.776772 0.898155 0.777112 0.904376 0.778909 0.907854 0.782159 0.910109 0.785028 0.908245 0.787609 0.904862 0.789223 0.899288 0.789537 0.891696 0.787520 0.885326 0.784755 0.883306 0.780513 0.886043
0 0.813621 0.969181 0.812875 0.975663 0.813215 0.981884 0.815012 0.985363 0.818262 0.987617 0.821131 0.985754 0.823711 0.982371 0.825326 0.976796 0.825640 0.969204 0.823623 0.962835 0.820858 0.960814 0.816616 0.963551
0 0.757145 0.702567 0.756400 0.709048 0.756740 0.715268 0.758537 0.718747 0.761787 0.721002 0.764656 0.719139 0.767236 0.715756 0.768851 0.710181 0.769165 0.702589 0.767148 0.696219 0.764383 0.694199 0.760141 0.696936
0 0.804248 0.722796 0.803502 0.729278 0.803843 0.735499 0.805640 0.738977 0.808889 0.741232 0.811759 0.739368 0.814339 0.735985 0.815953 0.730411 0.816268 0.722819 0.814251 0.716449 0.811486 0.714429 0.807244 0.717166
0 0.764739 0.945261 0.763994 0.951743 0.764334 0.957964 0.766131 0.961442 0.769380 0.963697 0.772250 0.961834 0.774830 0.958451 0.776444 0.952876 0.776759 0.945284 0.774742 0.938914 0.771977 0.936894 0.767735 0.939631
0 0.771117 0.999074 0.770371 0.999074 0.770712 0.999074 0.772508 0.999074 0.775758 0.999074 0.778627 0.999074 0.781208 0.999074 0.782822 0.999074 0.783137 0.999074 0.781119 0.999074 0.778354 0.999074 0.774112 0.999074
0 0.763367 0.999074 0.762622 0.999074 0.762962 0.999074 0.764959 0.999074 0.768208 0.999074 0.770877 0.999074 0.773458 0.999074 0.775072 0.999074 0.775387 0.999074 0.773370 0.999074 0.770605 0.999074 0.766363 0.999074
0 0.700314 0.815264 0.699568 0.821746 0.699909 0.827966 0.701905 0.830568 0.705155 0.832822 0.707824 0.831836 0.710405 0.828453 0.712019 0.822879 0.712334 0.815286 0.710316 0.808917 0.707551 0.806897 0.703309 0.809633
0 0.583402 0.999074 0.583080 0.999074 0.585693 0.999074 0.589182 0.999074 0.591636 0.999074 0.594532 0.999074 0.595030 0.999074 0.594020 0.999074 0.589887 0.999074 0.585720 0.999074
0 0.538839 0.911095 0.538516 0.917929 0.541130 0.922736 0.544618 0.924837 0.547072 0.923117 0.549968 0.917427 0.550466 0.910501 0.549457 0.904988 0.545324 0.902548 0.541156 0.905003
0 0.592577 0.999074 0.592254 0.999074 0.594868 0.999074 0.598357 0.999074 0.600810 0.999074 0.603706 0.999074 0.604204 0.999074 0.603195 0.996617 0.599062 0.994178 0.594894 0.996632
0 0.602231 0.967750 0.602322 0.974088 0.605221 0.976206 0.607614 0.976272 0.610073 0.972234 0.611251 0.965501 0.610088 0.961610 0.607560 0.959217 0.604605 0.962061
0 0.754620 0.999074 0.753874 0.999074 0.754214 0.999074 0.756212 0.999074 0.759461 0.999074 0.762130 0.999074 0.764711 0.999074 0.766325 0.999074 0.766640 0.999074 0.764622 0.999074 0.761857 0.999074 0.757615 0.999074
0 0.550726 0.999074 0.550404 0.999074 0.553017 0.999074 0.556506 0.999074 0.558960 0.999074 0.561856 0.999074 0.562354 0.999074 0.561344 0.994411 0.557212 0.991971 0.553044 0.994426
0 0.497880 0.840138 0.497558 0.846972 0.500171 0.851779 0.503660 0.853880 0.506114 0.852161 0.509010 0.846470 0.509508 0.839544 0.508498 0.834032 0.504366 0.831592 0.500198 0.834047
0 0.565844 0.748749 0.565522 0.755583 0.568135 0.760392 0.571624 0.762491 0.574078 0.760773 0.576974 0.755082 0.577472 0.748156 0.576463 0.742643 0.572330 0.740203 0.568162 0.742658
0 0.507070 0.954462 0.506748 0.961296 0.509361 0.966104 0.512850 0.968204 0.515304 0.966485 0.518200 0.960795 0.518698 0.953869 0.517689 0.948356 0.513555 0.945915 0.509388 0.948370
0 0.395932 0.723960 0.395610 0.730794 0.398223 0.735602 0.401712 0.737702 0.404166 0.735983 0.407062 0.730293 0.407560 0.723367 0.406551 0.717854 0.402418 0.715414 0.398250 0.717869
0 0.408794 0.710501 0.408471 0.717335 0.411085 0.722143 0.414573 0.724244 0.417027 0.722524 0.419923 0.716833 0.420421 0.709908 0.419412 0.704395 0.415279 0.701955 0.411111 0.704410
0 0.443008 0.777721 0.442685 0.784555 0.445299 0.789364 0.448788 0.791464 0.451242 0.789744 0.454138 0.784054 0.454636 0.777128 0.453626 0.771615 0.449493 0.769175 0.445326 0.771630
0 0.506358 0.749355 0.506035 0.756189 0.508649 0.760998 0.512138 0.763098 0.514591 0.761378 0.517487 0.755688 0.517986 0.748762 0.516976 0.743249 0.512843 0.740809 0.508675 0.743264
0 0.494032 0.762207 0.493710 0.769041 0.496323 0.773849 0.499812 0.775950 0.502266 0.774230 0.505162 0.768539 0.505660 0.761614 0.504650 0.756101 0.500517 0.753661 0.496350 0.756116
0 0.448273 0.730509 0.447950 0.737343 0.450564 0.742151 0.454053 0.744251 0.456507 0.742532 0.459402 0.736841 0.459900 0.729915 0.458891 0.724402 0.454758 0.721962 0.450590 0.724417
0 0.447052 0.702857 0.446729 0.709691 0.450461 0.713788 0.453145 0.712567 0.455338 0.707922 0.456209 0.701625 0.455359 0.696043 0.452578 0.693967 0.449370 0.696765
0 0.439477 0.693291 0.439154 0.700126 0.442886 0.704222 0.445570 0.703001 0.447762 0.698356 0.448633 0.692059 0.447784 0.686478 0.445003 0.684401 0.441794 0.687200
0 0.496997 0.933886 0.496674 0.940720 0.500406 0.944817 0.503090 0.943596 0.505282 0.938951 0.506153 0.932654 0.505304 0.927072 0.502523 0.924996 0.499314 0.927794
0 0.476918 0.950051 0.476595 0.956886 0.480327 0.960982 0.483012 0.959761 0.485204 0.955115 0.486074 0.948819 0.485225 0.943238 0.482444 0.941161 0.479235 0.943960
0 0.505773 0.890977 0.505450 0.897811 0.509182 0.901907 0.511866 0.900686 0.514059 0.896041 0.514929 0.889745 0.514080 0.884163 0.511299 0.882087 0.508090 0.884886
0 0.515674 0.893136 0.515351 0.899970 0.519083 0.904067 0.521767 0.902847 0.523959 0.898201 0.524830 0.891904 0.523981 0.886322 0.521200 0.884246 0.517991 0.887045
0 0.485473 0.930580 0.485150 0.937413 0.488882 0.941511 0.491567 0.940290 0.493759 0.935644 0.494630 0.929347 0.493780 0.923765 0.490999 0.921689 0.487791 0.924488
0 0.414574 0.960078 0.414251 0.966913 0.417983 0.971009 0.420668 0.969788 0.422859 0.965142 0.423730 0.958846 0.422881 0.953265 0.420100 0.951188 0.416891 0.953987
0 0.414140 0.910459 0.413817 0.917294 0.417549 0.921390 0.420233 0.920169 0.422425 0.915524 0.423296 0.909227 0.422447 0.903646 0.419666 0.901569 0.416457 0.904368
0 0.353929 0.748407 0.353606 0.755242 0.357338 0.759338 0.360022 0.758117 0.362215 0.753472 0.363085 0.747175 0.362236 0.741594 0.359455 0.739517 0.356246 0.742316
0 0.342399 0.652950 0.342076 0.659784 0.345808 0.663881 0.348493 0.662660 0.350685 0.658015 0.351556 0.651718 0.350706 0.646136 0.347925 0.644060 0.344716 0.646858
0 0.302622 0.731567 0.302300 0.738401 0.306032 0.742498 0.308716 0.741277 0.310908 0.736631 0.311779 0.730335 0.310930 0.724754 0.308149 0.722677 0.304940 0.725476
0 0.281138 0.788453 0.280815 0.795288 0.284547 0.799384 0.287231 0.798163 0.289424 0.793518 0.290294 0.787220 0.289445 0.781640 0.286664 0.779563 0.283455 0.782361
0 0.273210 0.803593 0.272887 0.810426 0.276619 0.814524 0.279303 0.813303 0.281495 0.808657 0.282366 0.802360 0.281517 0.796779 0.278736 0.794702 0.275527 0.797501
0 0.313106 0.746393 0.312784 0.753227 0.316516 0.757323 0.319200 0.756103 0.321392 0.751457 0.322263 0.745160 0.321414 0.739579 0.318633 0.737503 0.315424 0.740301
0 0.307274 0.631403 0.306951 0.638237 0.310683 0.642334 0.313368 0.641113 0.315560 0.636467 0.316430 0.630170 0.315581 0.624590 0.312800 0.622513 0.309591 0.625312
0 0.435901 0.762208 0.435579 0.769042 0.439311 0.773138 0.441995 0.771917 0.444187 0.767272 0.445058 0.760976 0.444209 0.755394 0.441428 0.753318 0.438219 0.756116
0 0.178013 0.755755 0.177691 0.762589 0.181423 0.766686 0.184107 0.765465 0.186299 0.760820 0.187170 0.754523 0.186321 0.748941 0.183540 0.746865 0.180331 0.749663
0 0.131710 0.711451 0.131388 0.718285 0.135120 0.722382 0.137804 0.721161 0.139997 0.716516 0.140867 0.710219 0.140018 0.704637 0.137237 0.702561 0.134028 0.705359
0 0.167853 0.748162 0.167531 0.754997 0.171263 0.759093 0.173947 0.757873 0.176139 0.753227 0.177010 0.746930 0.176161 0.741349 0.173380 0.739273 0.170171 0.742071
0 0.138518 0.767429 0.138196 0.774264 0.141928 0.778360 0.144612 0.777139 0.146804 0.772493 0.147675 0.766196 0.146826 0.760616 0.144045 0.758539 0.140836 0.761338
0 0.257873 0.556329 0.257551 0.563164 0.261282 0.567260 0.263967 0.566040 0.266159 0.561394 0.267029 0.555098 0.266180 0.549516 0.263400 0.547440 0.260190 0.550239
0 0.301006 0.533869 0.300683 0.540703 0.304415 0.544800 0.307099 0.543579 0.309292 0.538933 0.310162 0.532636 0.309313 0.527056 0.306532 0.524979 0.303323 0.527778
0 0.158893 0.546677 0.160551 0.552283 0.162864 0.555080 0.166171 0.557120 0.168358 0.555707 0.171905 0.550314 0.173475 0.543431 0.174006 0.538429 0.172114 0.531817 0.167743 0.528366 0.164513 0.529474 0.161235 0.532945 0.158787 0.539218
0 0.109316 0.433827 0.110974 0.439433 0.113287 0.442230 0.116594 0.444271 0.118781 0.442857 0.122328 0.437463 0.123898 0.430581 0.124429 0.425579 0.122537 0.418968 0.118166 0.415516 0.114936 0.416625 0.111658 0.420094 0.109210 0.426367
0 0.051383 0.643654 0.053041 0.649260 0.055354 0.652058 0.058661 0.654097 0.060848 0.652684 0.064395 0.647290 0.065965 0.640408 0.066496 0.635406 0.064604 0.628795 0.060234 0.625344 0.057003 0.626451 0.053725 0.629922 0.051277 0.636195
0 0.030287 0.626815 0.031945 0.632421 0.034258 0.635218 0.037565 0.637258 0.039751 0.635844 0.043299 0.630450 0.044869 0.623568 0.045400 0.618567 0.043508 0.611955 0.039137 0.608504 0.035907 0.609611 0.032629 0.613082 0.030180 0.619355
0 0.021431 0.581470 0.023089 0.587076 0.025402 0.589873 0.028709 0.591913 0.030896 0.590499 0.034443 0.585106 0.036013 0.578224 0.036544 0.573222 0.034652 0.566611 0.030282 0.563159 0.027051 0.564268 0.023773 0.567738 0.021325 0.574011
0 0.000000 0.591669 0.000000 0.597275 0.001082 0.600072 0.004389 0.602113 0.006575 0.600699 0.010123 0.595306 0.011693 0.588423 0.012224 0.583421 0.010332 0.576810 0.005961 0.573358 0.002731 0.574467 0.000000 0.577937 0.000000 0.584210
0 0.014854 0.549339 0.016513 0.554946 0.018825 0.557742 0.022132 0.559783 0.024319 0.558369 0.027866 0.552976 0.029437 0.546093 0.029968 0.541091 0.028075 0.534480 0.023705 0.531029 0.020474 0.532137 0.017197 0.535607 0.014749 0.541880
0 0.119178 0.504673 0.120837 0.510279 0.123149 0.513076 0.126457 0.515116 0.128644 0.513703 0.132191 0.508310 0.133761 0.501427 0.134292 0.496425 0.132400 0.489814 0.128029 0.486362 0.124799 0.487471 0.121521 0.490941 0.119073 0.497214
0 0.096868 0.370850 0.098527 0.376456 0.100839 0.379253 0.104146 0.381293 0.106333 0.379880 0.109880 0.374487 0.111451 0.367604 0.111981 0.362602 0.110089 0.355991 0.105719 0.352539 0.102488 0.353648 0.099210 0.357118 0.096762 0.363391
0 0.039568 0.395807 0.041227 0.401413 0.043539 0.404209 0.046846 0.406249 0.049033 0.404836 0.052580 0.399443 0.054150 0.392561 0.054681 0.387558 0.052789 0.380947 0.048418 0.377495 0.045188 0.378604 0.041910 0.382074 0.039462 0.388347
0 0.093560 0.424957 0.095219 0.430562 0.097531 0.433360 0.100838 0.435399 0.103025 0.433986 0.106572 0.428593 0.108142 0.421710 0.108673 0.416709 0.106781 0.410098 0.102411 0.406645 0.099180 0.407754 0.095902 0.411224 0.093454 0.417497
0 0.139133 0.607194 0.140791 0.612800 0.143104 0.615597 0.146411 0.617637 0.148598 0.616224 0.152145 0.610830 0.153716 0.603948 0.154246 0.598946 0.152354 0.592334 0.147984 0.588883 0.144753 0.589991 0.141475 0.593462 0.139027 0.599735
0 0.191725 0.569098 0.193384 0.574704 0.195696 0.577501 0.199003 0.579541 0.201190 0.578128 0.204737 0.572734 0.206307 0.565852 0.206838 0.560850 0.204946 0.554239 0.200576 0.550787 0.197345 0.551896 0.194067 0.555366 0.191619 0.561639
0 0.221093 0.630063 0.222752 0.635670 0.225064 0.638466 0.228371 0.640507 0.230558 0.639093 0.234105 0.633699 0.235676 0.626817 0.236206 0.621815 0.234314 0.615204 0.229944 0.611753 0.226713 0.612861 0.223436 0.616331 0.220987 0.622604
0 0.185613 0.536969 0.187272 0.542575 0.189584 0.545372 0.192891 0.547412 0.195079 0.545998 0.198625 0.540605 0.200196 0.533723 0.200726 0.528721 0.198834 0.522109 0.194464 0.518658 0.191233 0.519766 0.187956 0.523236 0.185507 0.529510
0 0.154576 0.497788 0.156235 0.503394 0.158547 0.506191 0.161854 0.508232 0.164041 0.506818 0.167588 0.501424 0.169158 0.494542 0.169689 0.489540 0.167797 0.482929 0.163427 0.479477 0.160196 0.480586 0.156918 0.484055 0.154470 0.490328
0 0.127212 0.424160 0.128871 0.429766 0.131183 0.432563 0.134490 0.434602 0.136678 0.433189 0.140225 0.427795 0.141795 0.420913 0.142325 0.415912 0.140433 0.409300 0.136063 0.405848 0.132833 0.406957 0.129555 0.410427 0.127106 0.416700
0 0.159802 0.348699 0.161461 0.354305 0.163773 0.357102 0.167081 0.359142 0.169268 0.357729 0.172815 0.352336 0.174385 0.345453 0.174916 0.340451 0.173023 0.333840 0.168653 0.330388 0.165423 0.331496 0.162145 0.334967 0.159697 0.341240
0 0.275722 0.556263 0.277380 0.561869 0.279692 0.564666 0.283000 0.566707 0.285186 0.565293 0.288734 0.559899 0.290304 0.553017 0.290835 0.548015 0.288943 0.541404 0.284572 0.537952 0.281342 0.539061 0.278064 0.542530 0.275616 0.548803
0 0.262136 0.643081 0.263795 0.648687 0.266107 0.651484 0.269414 0.653523 0.271601 0.652110 0.275148 0.646717 0.276719 0.639835 0.277249 0.634833 0.275357 0.628221 0.270987 0.624769 0.267756 0.625878 0.264479 0.629348 0.262030 0.635621
0 0.332361 0.535182 0.334020 0.540788 0.336332 0.543585 0.339639 0.545625 0.341826 0.544211 0.345373 0.538818 0.346943 0.531936 0.347474 0.526934 0.345582 0.520323 0.341212 0.516871 0.337981 0.517980 0.334704 0.521450 0.332255 0.527723
0 0.339082 0.583127 0.340034 0.586366 0.341263 0.589695 0.343413 0.591600 0.345864 0.591753 0.348233 0.588341 0.349699 0.582676 0.350229 0.577675 0.348510 0.572750 0.344516 0.569772 0.341476 0.572202 0.339527 0.577040
0 0.339974 0.452415 0.341633 0.458021 0.343945 0.460818 0.347252 0.462858 0.349440 0.461444 0.352987 0.456051 0.354557 0.449169 0.355087 0.444167 0.353195 0.437555 0.348825 0.434103 0.345595 0.435212 0.342317 0.438682 0.339868 0.444955
0 0.405370 0.467600 0.407029 0.473206 0.409341 0.476003 0.412648 0.478044 0.414835 0.476631 0.418382 0.471237 0.419953 0.464354 0.420483 0.459352 0.418591 0.452741 0.414221 0.449289 0.410990 0.450398 0.407712 0.453868 0.405264 0.460141
0 0.410645 0.590669 0.412304 0.596275 0.414616 0.599072 0.417923 0.601112 0.420110 0.599699 0.423657 0.594305 0.425228 0.587422 0.425758 0.582421 0.423866 0.575809 0.419496 0.572358 0.416265 0.573466 0.412988 0.576936 0.410539 0.583209
0 0.326364 0.559546 0.327315 0.562786 0.328544 0.566114 0.330695 0.568019 0.333145 0.568172 0.335515 0.564761 0.336980 0.559096 0.337510 0.554095 0.335791 0.549169 0.331798 0.546192 0.328757 0.548622 0.326808 0.553459
0 0.363320 0.568164 0.364271 0.571404 0.365501 0.574733 0.367651 0.576637 0.370101 0.576790 0.372471 0.573379 0.373936 0.567714 0.374467 0.562712 0.372748 0.557788 0.368754 0.554810 0.365714 0.557240 0.363765 0.562078
0 0.350783 0.649286 0.351734 0.652524 0.352963 0.655853 0.355114 0.657758 0.357565 0.657911 0.359934 0.654501 0.361399 0.648836 0.361930 0.643834 0.360210 0.638909 0.356217 0.635932 0.353176 0.638361 0.351228 0.643198
0 0.376837 0.529936 0.377788 0.533176 0.379017 0.536504 0.381168 0.538409 0.383619 0.538562 0.385988 0.535151 0.387453 0.529486 0.387983 0.524484 0.386264 0.519559 0.382270 0.516581 0.379231 0.519011 0.377281 0.523849
0 0.288187 0.485888 0.289138 0.489126 0.290367 0.492455 0.292518 0.494360 0.294968 0.494513 0.297338 0.491102 0.298803 0.485438 0.299333 0.480435 0.297614 0.475511 0.293620 0.472533 0.290580 0.474962 0.288632 0.479800
0 0.480992 0.585867 0.481943 0.589106 0.483172 0.592434 0.485323 0.594340 0.487774 0.594493 0.490142 0.591082 0.491608 0.585417 0.492138 0.580415 0.490419 0.575490 0.486425 0.572513 0.483385 0.574942 0.481437 0.579779
0 0.497514 0.577256 0.498466 0.580495 0.499695 0.583824 0.501845 0.585729 0.504296 0.585882 0.506665 0.582471 0.508130 0.576807 0.508661 0.571805 0.506941 0.566880 0.502948 0.563902 0.499908 0.566331 0.497959 0.571169
0 0.406083 0.838050 0.407035 0.841289 0.408264 0.844617 0.410414 0.846523 0.412865 0.846675 0.415234 0.843265 0.416700 0.837600 0.417230 0.832597 0.415511 0.827673 0.411517 0.824696 0.408477 0.827125 0.406528 0.831962
0 0.401174 0.897829 0.402125 0.901068 0.403354 0.904397 0.405505 0.906301 0.407956 0.906455 0.410325 0.903044 0.411790 0.897379 0.412321 0.892377 0.410601 0.887453 0.406608 0.884475 0.403568 0.886905 0.401619 0.891742
0 0.461754 0.421047 0.462705 0.424285 0.463934 0.427614 0.466085 0.429518 0.468536 0.429672 0.470905 0.426261 0.472370 0.420596 0.472900 0.415594 0.471181 0.410670 0.467187 0.407692 0.464148 0.410122 0.462199 0.414959
0 0.714552 0.474986 0.715503 0.478225 0.716732 0.481554 0.718882 0.483459 0.721333 0.483612 0.723702 0.480201 0.725167 0.474535 0.725698 0.469534 0.723979 0.464609 0.719985 0.461631 0.716945 0.464061 0.714996 0.468899
0 0.709823 0.395847 0.710774 0.399086 0.712003 0.402415 0.714154 0.404320 0.716604 0.404473 0.718974 0.401062 0.720439 0.395397 0.720969 0.390395 0.719250 0.385471 0.715256 0.382493 0.712216 0.384922 0.710268 0.389760
0 0.716339 0.380018 0.717290 0.383258 0.718519 0.386586 0.720670 0.388491 0.723120 0.388644 0.725490 0.385234 0.726955 0.379569 0.727485 0.374567 0.725766 0.369642 0.721772 0.366665 0.718732 0.369093 0.716784 0.373931
0 0.733194 0.386202 0.734145 0.389441 0.735374 0.392770 0.737524 0.394675 0.739975 0.394828 0.742345 0.391417 0.743809 0.385752 0.744340 0.380750 0.742621 0.375826 0.738627 0.372847 0.735587 0.375277 0.733638 0.380115
0 0.787234 0.560804 0.788185 0.564043 0.789414 0.567372 0.791564 0.569276 0.794015 0.569430 0.796384 0.566018 0.797849 0.560353 0.798380 0.555352 0.796661 0.550427 0.792667 0.547449 0.789627 0.549879 0.787678 0.554717
0 0.807095 0.478943 0.808046 0.482182 0.809275 0.485510 0.811426 0.487416 0.813877 0.487568 0.816246 0.484158 0.817711 0.478493 0.818241 0.473491 0.816522 0.468566 0.812528 0.465589 0.809488 0.468019 0.807539 0.472855
0 0.742256 0.345287 0.743335 0.348612 0.746257 0.351259 0.749214 0.351147 0.751478 0.347975 0.752099 0.340822 0.751011 0.336520 0.747829 0.333487 0.744126 0.335350 0.742260 0.339827
0 0.757933 0.269849 0.759012 0.273174 0.761935 0.275821 0.764892 0.275708 0.767155 0.272537 0.767777 0.265384 0.766690 0.261081 0.763507 0.258048 0.759804 0.259911 0.757937 0.264388
0 0.684863 0.197372 0.685943 0.200698 0.688866 0.203345 0.691822 0.203231 0.694086 0.200061 0.694707 0.192908 0.693620 0.188605 0.690437 0.185572 0.686734 0.187434 0.684868 0.191912
0 0.809545 0.328760 0.810624 0.332085 0.813546 0.334732 0.816503 0.334619 0.818767 0.331448 0.819388 0.324295 0.818301 0.319992 0.815118 0.316959 0.811415 0.318822 0.809549 0.323299
0 0.848233 0.337689 0.849311 0.341015 0.852235 0.343661 0.855191 0.343548 0.857455 0.340377 0.858076 0.333224 0.856988 0.328921 0.853806 0.325888 0.850103 0.327751 0.848236 0.332229
0 0.861006 0.340914 0.862085 0.344239 0.865008 0.346886 0.867965 0.346772 0.870228 0.343601 0.870850 0.336449 0.869762 0.332146 0.866579 0.329113 0.862876 0.330975 0.861010 0.335453
0 0.814360 0.307468 0.815439 0.310794 0.818362 0.313440 0.821319 0.313327 0.823582 0.310156 0.824204 0.303003 0.823117 0.298701 0.819934 0.295667 0.816230 0.297530 0.814364 0.302008
0 0.819222 0.221770 0.820301 0.225096 0.823224 0.227743 0.826181 0.227630 0.828444 0.224459 0.829066 0.217305 0.827978 0.213003 0.824796 0.209970 0.821092 0.211833 0.819226 0.216310
0 0.817077 0.191843 0.818156 0.195169 0.821079 0.197816 0.824036 0.197703 0.826299 0.194532 0.826921 0.187378 0.825833 0.183076 0.822651 0.180043 0.818947 0.181905 0.817081 0.186383
0 0.805290 0.207140 0.806369 0.210465 0.809291 0.213112 0.812248 0.212999 0.814512 0.209828 0.815133 0.202675 0.814046 0.198372 0.810863 0.195340 0.807160 0.197201 0.805294 0.201679
0 0.789842 0.172541 0.790921 0.175867 0.793844 0.178514 0.796800 0.178401 0.799064 0.175230 0.799686 0.168077 0.798598 0.163775 0.795415 0.160741 0.791712 0.162604 0.789846 0.167082
0 0.756403 0.187898 0.757482 0.191224 0.760405 0.193870 0.763362 0.193757 0.765625 0.190586 0.766247 0.183433 0.765159 0.179131 0.761976 0.176097 0.758273 0.177960 0.756407 0.182438
0 0.876561 0.236872 0.877640 0.240197 0.880563 0.242844 0.883520 0.242731 0.885783 0.239560 0.886405 0.232407 0.885317 0.228104 0.882135 0.225072 0.878431 0.226933 0.876565 0.231411
0 0.767456 0.160700 0.768535 0.164026 0.771458 0.166672 0.774414 0.166560 0.776678 0.163389 0.777299 0.156235 0.776212 0.151933 0.773030 0.148900 0.769326 0.150762 0.767460 0.155240
0 0.948202 0.267149 0.949281 0.270475 0.952204 0.273122 0.955161 0.273008 0.957424 0.269837 0.958046 0.262685 0.956958 0.258382 0.953776 0.255349 0.950072 0.257211 0.948206 0.261689
0 0.963542 0.279871 0.964621 0.283197 0.967544 0.285844 0.970500 0.285731 0.972764 0.282560 0.973385 0.275406 0.972298 0.271104 0.969115 0.268071 0.965412 0.269933 0.963546 0.274411
0 0.871030 0.529545 0.872109 0.532870 0.875032 0.535517 0.877989 0.535403 0.880252 0.532232 0.880873 0.525080 0.879786 0.520776 0.876603 0.517744 0.872900 0.519607 0.871034 0.524084
0 0.835668 0.415533 0.836747 0.418859 0.839670 0.421505 0.842626 0.421392 0.844890 0.418221 0.845512 0.411068 0.844424 0.406766 0.841241 0.403733 0.837538 0.405595 0.835672 0.410073
0 0.849900 0.413105 0.850979 0.416431 0.853902 0.419078 0.856859 0.418964 0.859122 0.415794 0.859744 0.408641 0.858656 0.404337 0.855474 0.401304 0.851770 0.403167 0.849904 0.407645
0 0.889189 0.265304 0.890269 0.268629 0.893192 0.271276 0.896148 0.271164 0.898412 0.267992 0.899033 0.260839 0.897946 0.256536 0.894763 0.253504 0.891059 0.255366 0.889193 0.259843
0 0.830143 0.673318 0.824002 0.683968 0.821094 0.697228 0.822034 0.709370 0.827135 0.716696 0.831985 0.720719 0.838012 0.719111 0.843314 0.712645 0.846063 0.704074 0.847820 0.692085 0.846947 0.682534 0.842346 0.674819 0.836860 0.671501
0 0.785684 0.746212 0.779543 0.756862 0.776635 0.770123 0.777575 0.782264 0.782676 0.789591 0.787526 0.793614 0.793553 0.792006 0.798855 0.785540 0.801604 0.776968 0.803361 0.764980 0.802488 0.755428 0.797887 0.747714 0.792401 0.744395
0 0.746449 0.802425 0.744199 0.808853 0.744537 0.814878 0.745605 0.816635 0.747523 0.818165 0.749953 0.817955 0.752049 0.814773 0.753278 0.809532 0.752644 0.805302 0.751583 0.802805 0.749327 0.800968
0 0.771206 0.706663 0.768956 0.713091 0.769651 0.717791 0.771988 0.719992 0.774192 0.719107 0.775727 0.713603 0.775778 0.709098 0.774011 0.706231
0 0.749042 0.708695 0.746793 0.715122 0.747487 0.719823 0.749824 0.722024 0.752028 0.721138 0.753563 0.715635 0.753613 0.711130 0.751847 0.708263
0 0.741555 0.690118 0.739305 0.696547 0.740000 0.701247 0.742337 0.703448 0.744541 0.702563 0.746076 0.697059 0.746127 0.692554 0.744360 0.689687
0 0.744997 0.663389 0.742747 0.669816 0.743441 0.674517 0.745779 0.676718 0.747983 0.675832 0.749518 0.670330 0.749568 0.665824 0.747802 0.662957
0 0.699930 0.644549 0.697680 0.650978 0.698375 0.655678 0.700711 0.657880 0.702915 0.656994 0.704451 0.651490 0.704501 0.646986 0.702735 0.644118
0 0.692055 0.633618 0.689805 0.640047 0.690499 0.644747 0.692837 0.646949 0.695041 0.646063 0.696575 0.640560 0.696626 0.636055 0.694860 0.633187
0 0.676819 0.473514 0.675533 0.485379 0.680111 0.494432 0.685047 0.496084 0.690407 0.490940 0.692971 0.479926 0.693304 0.471628 0.690532 0.463742 0.685144 0.462171 0.680931 0.465797
0 0.637851 0.439546 0.636564 0.451413 0.641142 0.460464 0.646078 0.462117 0.651438 0.456973 0.654002 0.445958 0.654335 0.437660 0.651563 0.429774 0.646175 0.428203 0.641962 0.431829
0 0.467723 0.963676 0.467400 0.970511 0.471132 0.974607 0.473816 0.973387 0.476009 0.968741 0.476880 0.962444 0.476030 0.956863 0.473249 0.954786 0.470040 0.957584
0 0.463869 0.994283 0.463547 0.999074 0.467278 0.999074 0.469963 0.999074 0.472155 0.999074 0.473026 0.993052 0.472177 0.987470 0.469396 0.985393 0.466187 0.988192
0 0.578987 0.999074 0.579712 0.999074 0.581707 0.999074 0.583661 0.999074 0.586120 0.999074 0.587297 0.999074 0.586135 0.999074 0.583606 0.999074 0.580085 0.999074
0 0.353323 0.684171 0.353000 0.691005 0.356732 0.695101 0.359417 0.693880 0.361609 0.689234 0.362479 0.682938 0.361630 0.677357 0.358849 0.675281 0.355640 0.678079
0 0.349574 0.894096 0.350190 0.898179 0.352080 0.901594 0.354665 0.903831 0.357069 0.904059 0.360653 0.900296 0.362223 0.893414 0.362754 0.888413 0.360862 0.881801 0.356491 0.878349 0.353261 0.879457 0.350713 0.883256 0.349219 0.888866
0 0.271715 0.715283 0.271251 0.726631 0.275004 0.735519 0.279562 0.738455 0.285805 0.733522 0.289056 0.723574 0.289833 0.711917 0.285109 0.704370 0.280223 0.703541 0.275824 0.706884
0 0.196021 0.735696 0.195698 0.742531 0.199430 0.746627 0.202114 0.745407 0.204307 0.740761 0.205177 0.734465 0.204328 0.728883 0.201547 0.726806 0.198338 0.729605
0 0.215289 0.684751 0.214966 0.691585 0.218698 0.695682 0.221383 0.694462 0.223575 0.689816 0.224445 0.683519 0.223596 0.677939 0.220815 0.675862 0.217606 0.678660
0 0.125333 0.551411 0.125010 0.558245 0.128742 0.562342 0.131427 0.561121 0.133618 0.556475 0.134489 0.550178 0.133640 0.544598 0.130859 0.542521 0.127650 0.545320
0 0.138787 0.520278 0.140446 0.525884 0.142759 0.528681 0.146066 0.530721 0.148253 0.529308 0.151800 0.523915 0.153370 0.517032 0.153901 0.512030 0.152008 0.505419 0.147639 0.501967 0.144408 0.503076 0.141130 0.506546 0.138682 0.512819
0 0.066898 0.490930 0.067242 0.496756 0.069739 0.499847 0.072331 0.500286 0.074676 0.496997 0.075547 0.490701 0.074698 0.485119 0.071917 0.483043 0.068708 0.485841
0 0.182163 0.374329 0.182507 0.380155 0.185003 0.383246 0.187595 0.383685 0.189941 0.380396 0.190811 0.374100 0.189962 0.368518 0.187182 0.366441 0.183972 0.369241
0 0.171933 0.379260 0.172277 0.385085 0.174774 0.388177 0.177366 0.388616 0.179711 0.385327 0.180582 0.379030 0.179484 0.375704 0.176674 0.373648 0.173463 0.375141
0 0.173167 0.363536 0.173512 0.369362 0.176008 0.372452 0.178600 0.372892 0.180945 0.369603 0.181816 0.363306 0.180967 0.357725 0.178186 0.355648 0.174977 0.358447
0 0.131879 0.309023 0.132223 0.314849 0.134719 0.317940 0.137312 0.318379 0.139657 0.315090 0.140528 0.308794 0.139679 0.303212 0.136897 0.301136 0.133689 0.303934
0 0.115951 0.309094 0.116295 0.314920 0.118791 0.318011 0.121384 0.318451 0.123729 0.315161 0.124599 0.308865 0.123750 0.303283 0.120969 0.301206 0.117760 0.304005
0 0.218412 0.374061 0.218757 0.379886 0.221253 0.382977 0.223845 0.383417 0.226190 0.380127 0.227061 0.373830 0.226212 0.368250 0.223431 0.366173 0.220222 0.368972
0 0.151750 0.427870 0.153409 0.433476 0.155721 0.436273 0.159029 0.438313 0.161216 0.436900 0.164763 0.431507 0.166333 0.424625 0.166864 0.419622 0.164971 0.413011 0.160601 0.409559 0.157370 0.410668 0.154093 0.414138 0.151645 0.420411
0 0.173522 0.465605 0.175181 0.471212 0.177493 0.474008 0.180800 0.476049 0.182987 0.474636 0.186534 0.469242 0.188105 0.462359 0.188635 0.457357 0.186743 0.450746 0.182372 0.447295 0.179142 0.448403 0.175864 0.451873 0.173416 0.458146
0 0.186163 0.267263 0.187822 0.272869 0.190134 0.275666 0.193442 0.277706 0.195628 0.276293 0.199175 0.270900 0.200746 0.264017 0.201276 0.259015 0.199384 0.252404 0.195014 0.248952 0.191783 0.250061 0.188506 0.253531 0.186057 0.259804
0 0.220969 0.263000 0.222627 0.268605 0.224940 0.271402 0.228247 0.273443 0.230434 0.272029 0.233981 0.266635 0.235551 0.259753 0.236082 0.254751 0.234190 0.248140 0.229819 0.244689 0.226589 0.245796 0.223311 0.249267 0.220863 0.255539
0 0.169640 0.166089 0.171299 0.171695 0.173611 0.174492 0.176918 0.176532 0.179106 0.175119 0.182653 0.169725 0.184223 0.162842 0.184753 0.157841 0.182862 0.151230 0.178491 0.147778 0.175261 0.148886 0.171983 0.152357 0.169534 0.158630
0 0.157637 0.000000 0.159296 0.000000 0.161608 0.000000 0.164915 0.000000 0.167102 0.000000 0.170649 0.000000 0.172220 0.000000 0.172750 0.000000 0.170858 0.000000 0.166488 0.000000 0.163257 0.000000 0.159980 0.000000 0.157531 0.000000
0 0.179954 0.058050 0.181612 0.063655 0.183925 0.066453 0.187232 0.068493 0.189418 0.067079 0.192965 0.061686 0.194536 0.054804 0.195067 0.049802 0.193175 0.043191 0.188804 0.039739 0.185574 0.040846 0.182296 0.044317 0.179847 0.050590
0 0.147599 0.029178 0.149258 0.034784 0.151570 0.037581 0.154878 0.039621 0.157065 0.038207 0.160612 0.032814 0.162182 0.025932 0.162713 0.020930 0.160821 0.014318 0.156450 0.010867 0.153220 0.011975 0.149942 0.015445 0.147494 0.021719
0 0.216773 0.006515 0.218432 0.012121 0.220744 0.014918 0.224051 0.016959 0.226239 0.015546 0.229786 0.010152 0.231356 0.003270 0.231887 0.000000 0.229995 0.000000 0.225624 0.000000 0.222394 0.000000 0.219116 0.000000 0.216668 0.000000
0 0.153611 0.000000 0.155270 0.000000 0.157582 0.000000 0.160889 0.000000 0.163076 0.000000 0.166623 0.000000 0.168194 0.000000 0.168724 0.000000 0.166832 0.000000 0.162462 0.000000 0.159231 0.000000 0.155953 0.000000 0.153505 0.000000
0 0.174525 0.000000 0.173240 0.000000 0.177818 0.000000 0.182375 0.000000 0.188619 0.000000 0.191869 0.000000 0.191010 0.000000 0.188238 0.000000 0.182850 0.000000 0.178637 0.000000
0 0.207669 0.000000 0.209328 0.000000 0.211640 0.000000 0.214947 0.000000 0.217134 0.000000 0.220681 0.000000 0.222252 0.000000 0.222782 0.000000 0.220890 0.000000 0.216519 0.000000 0.213289 0.000000 0.210011 0.000000 0.207563 0.000000
0 0.204084 0.000000 0.205742 0.000000 0.208055 0.000000 0.211362 0.000000 0.213549 0.000000 0.217096 0.000000 0.218666 0.000000 0.219197 0.000000 0.217305 0.000000 0.212934 0.000000 0.209704 0.000000 0.206426 0.000000 0.203978 0.000000
0 0.192381 0.000000 0.191096 0.000000 0.195674 0.000000 0.200231 0.000000 0.206475 0.000000 0.209725 0.000000 0.208866 0.000000 0.206094 0.000000 0.200706 0.000000 0.196493 0.000000
0 0.181584 0.000000 0.183242 0.000000 0.185555 0.000886 0.188862 0.002926 0.191048 0.001513 0.194595 0.000000 0.196166 0.000000 0.196697 0.000000 0.194805 0.000000 0.190434 0.000000 0.187203 0.000000 0.183926 0.000000 0.181477 0.000000
0 0.247758 0.003087 0.249417 0.008693 0.251730 0.011490 0.255037 0.013530 0.257224 0.012117 0.260771 0.006723 0.262341 0.000000 0.262872 0.000000 0.260980 0.000000 0.256610 0.000000 0.253379 0.000000 0.250101 0.000000 0.247653 0.000000
0 0.209260 0.000000 0.210918 0.000000 0.213231 0.000000 0.216538 0.000000 0.218725 0.000000 0.222272 0.000000 0.223843 0.000000 0.224373 0.000000 0.222481 0.000000 0.218111 0.000000 0.214880 0.000000 0.211602 0.000000 0.209154 0.000000
0 0.251284 0.000000 0.252943 0.000000 0.255255 0.000000 0.258562 0.000000 0.260749 0.000000 0.264296 0.000000 0.265867 0.000000 0.266397 0.000000 0.264505 0.000000 0.260135 0.000000 0.256904 0.000000 0.253626 0.000000 0.251178 0.000000
0 0.227147 0.000000 0.228806 0.000000 0.231118 0.000000 0.234425 0.000000 0.236612 0.000000 0.240159 0.000000 0.241730 0.000000 0.242260 0.000000 0.240368 0.000000 0.235998 0.000000 0.232767 0.000000 0.229489 0.000000 0.227041 0.000000
0 0.159965 0.116377 0.161623 0.121983 0.163936 0.124780 0.167243 0.126820 0.169430 0.125407 0.172977 0.120014 0.174547 0.113131 0.175078 0.108129 0.173186 0.101518 0.168815 0.098066 0.165585 0.099175 0.162307 0.102645 0.159859 0.108918
0 0.131679 0.122908 0.133337 0.128514 0.135650 0.131311 0.138957 0.133352 0.141143 0.131938 0.144691 0.126544 0.146261 0.119662 0.146792 0.114660 0.144900 0.108049 0.140529 0.104597 0.137299 0.105706 0.134021 0.109176 0.131572 0.115449
0 0.127682 0.064535 0.129341 0.070142 0.131653 0.072938 0.134960 0.074979 0.137147 0.073565 0.140694 0.068171 0.142265 0.061289 0.142795 0.056287 0.140903 0.049676 0.136532 0.046225 0.133302 0.047332 0.130024 0.050802 0.127576 0.057076
0 0.191291 0.235979 0.191635 0.241804 0.194131 0.244896 0.196723 0.245335 0.199069 0.242045 0.199940 0.235749 0.199090 0.230168 0.196309 0.228091 0.193101 0.230890
0 0.209993 0.271761 0.210337 0.277587 0.212833 0.280678 0.215425 0.281118 0.217771 0.277828 0.218642 0.271531 0.217792 0.265949 0.215011 0.263873 0.211803 0.266672
0 0.237469 0.241519 0.237813 0.247345 0.240309 0.250436 0.242901 0.250876 0.245246 0.247587 0.246117 0.241290 0.245268 0.235708 0.242487 0.233632 0.239278 0.236431
0 0.230247 0.146061 0.230591 0.151886 0.233087 0.154977 0.235679 0.155417 0.238025 0.152127 0.238896 0.145831 0.238046 0.140249 0.235265 0.138172 0.232056 0.140972
0 0.264525 0.000000 0.266183 0.000000 0.268496 0.000000 0.271803 0.000000 0.273990 0.000000 0.277537 0.000000 0.279108 0.000000 0.279638 0.000000 0.277746 0.000000 0.273376 0.000000 0.270145 0.000000 0.266867 0.000000 0.264419 0.000000
0 0.365180 0.000000 0.366839 0.002999 0.369151 0.005796 0.372458 0.007836 0.374645 0.006423 0.378192 0.001029 0.379763 0.000000 0.380293 0.000000 0.378401 0.000000 0.374031 0.000000 0.370800 0.000000 0.367522 0.000000 0.365074 0.000000
0 0.380277 0.061245 0.381935 0.066851 0.384248 0.069648 0.387555 0.071688 0.389741 0.070274 0.393289 0.064880 0.394859 0.057998 0.395390 0.052997 0.393498 0.046385 0.389127 0.042934 0.385897 0.044042 0.382619 0.047512 0.380171 0.053786
0 0.363679 0.147501 0.364632 0.152202 0.366944 0.154999 0.370251 0.157039 0.372438 0.155625 0.375985 0.150232 0.377556 0.143349 0.378086 0.138348 0.376194 0.131736 0.371824 0.128285 0.368593 0.129393 0.365894 0.133889 0.364204 0.139737
0 0.282268 0.162328 0.283927 0.167934 0.286239 0.170731 0.289547 0.172771 0.291734 0.171358 0.295281 0.165964 0.296851 0.159082 0.297381 0.154080 0.295490 0.147469 0.291119 0.144018 0.287889 0.145126 0.284611 0.148596 0.282163 0.154869
0 0.266228 0.148533 0.267886 0.154139 0.270198 0.156936 0.273506 0.158976 0.275693 0.157563 0.279240 0.152170 0.280810 0.145287 0.281341 0.140285 0.279449 0.133674 0.275078 0.130222 0.271847 0.131331 0.268570 0.134801 0.266122 0.141074
0 0.276226 0.079135 0.277884 0.084741 0.280197 0.087538 0.283504 0.089578 0.285690 0.088165 0.289237 0.082772 0.290808 0.075889 0.291339 0.070887 0.289447 0.064275 0.285076 0.060824 0.281846 0.061932 0.278568 0.065403 0.276119 0.071676
0 0.369390 0.292237 0.371048 0.297843 0.373361 0.300640 0.376668 0.302680 0.378855 0.301267 0.382402 0.295874 0.383972 0.288991 0.384503 0.283989 0.382611 0.277377 0.378241 0.273926 0.375010 0.275034 0.371732 0.278505 0.369284 0.284778
0 0.331866 0.262856 0.332817 0.266096 0.334046 0.269424 0.336196 0.271329 0.338647 0.271482 0.341016 0.268071 0.342481 0.262407 0.343012 0.257405 0.341293 0.252480 0.337299 0.249503 0.334259 0.251932 0.332310 0.256769
0 0.279402 0.380761 0.280354 0.384000 0.281583 0.387328 0.283733 0.389233 0.286184 0.389386 0.288553 0.385976 0.290018 0.380311 0.290549 0.375309 0.288830 0.370384 0.284836 0.367407 0.281796 0.369836 0.279847 0.374673
0 0.272020 0.405422 0.272971 0.408661 0.274200 0.411990 0.276351 0.413895 0.278801 0.414048 0.281171 0.410636 0.282636 0.404971 0.283166 0.399970 0.281447 0.395045 0.277453 0.392067 0.274413 0.394497 0.272464 0.399335
0 0.292653 0.189236 0.293604 0.192475 0.294833 0.195803 0.296984 0.197708 0.299435 0.197862 0.301804 0.194450 0.303269 0.188785 0.303800 0.183783 0.302080 0.178859 0.298087 0.175881 0.295047 0.178311 0.293098 0.183148
0 0.323597 0.128390 0.324548 0.131628 0.325777 0.134957 0.327928 0.136862 0.330378 0.137015 0.332747 0.133604 0.334213 0.127939 0.334743 0.122937 0.333024 0.118013 0.329030 0.115035 0.325990 0.117465 0.324042 0.122302
0 0.317492 0.102472 0.318444 0.105710 0.319673 0.109039 0.321823 0.110944 0.324274 0.111097 0.326643 0.107687 0.328108 0.102021 0.328639 0.097019 0.326920 0.092095 0.322926 0.089118 0.319886 0.091547 0.317937 0.096384
0 0.398320 0.059942 0.399271 0.063181 0.400500 0.066510 0.402650 0.068415 0.405101 0.068568 0.407470 0.065157 0.408936 0.059492 0.409466 0.054490 0.407747 0.049565 0.403753 0.046588 0.400713 0.049017 0.398764 0.053855
0 0.383152 0.000000 0.384103 0.000000 0.385332 0.000000 0.387482 0.000000 0.389933 0.000000 0.392302 0.000000 0.393768 0.000000 0.394298 0.000000 0.392579 0.000000 0.388585 0.000000 0.385545 0.000000 0.383596 0.000000
0 0.329784 0.000000 0.330736 0.000000 0.331965 0.000000 0.334115 0.000000 0.336566 0.000000 0.338935 0.000000 0.340400 0.000000 0.340931 0.000000 0.339212 0.000000 0.335218 0.000000 0.332178 0.000000 0.330229 0.000000
0 0.305227 0.000000 0.306178 0.000000 0.307408 0.000000 0.309558 0.000000 0.312009 0.000000 0.314378 0.000000 0.315843 0.000000 0.316374 0.000000 0.314655 0.000000 0.310661 0.000000 0.307621 0.000000 0.305672 0.000000
0 0.427336 0.130228 0.428287 0.133467 0.429516 0.136795 0.431666 0.138701 0.434117 0.138853 0.436486 0.135443 0.437952 0.129778 0.438482 0.124776 0.436763 0.119851 0.432769 0.116874 0.429729 0.119304 0.427780 0.124140
0 0.604746 0.667407 0.605698 0.670645 0.606927 0.673974 0.609077 0.675879 0.611528 0.676032 0.613897 0.672621 0.615362 0.666956 0.615893 0.661954 0.614173 0.657030 0.610180 0.654052 0.607140 0.656482 0.605191 0.661319
0 0.449575 0.217109 0.450527 0.220347 0.451755 0.223676 0.453906 0.225581 0.456357 0.225734 0.458726 0.222323 0.460191 0.216658 0.460722 0.211656 0.459002 0.206732 0.455009 0.203754 0.451969 0.206184 0.450020 0.211021
0 0.410170 0.253712 0.411121 0.256950 0.412350 0.260279 0.414500 0.262184 0.416951 0.262337 0.419320 0.258926 0.420785 0.253261 0.421316 0.248259 0.419597 0.243335 0.415603 0.240357 0.412563 0.242787 0.410614 0.247624
0 0.436957 0.011959 0.437908 0.015197 0.439137 0.018526 0.441288 0.020431 0.443739 0.020584 0.446108 0.017173 0.447573 0.011508 0.448104 0.006506 0.446384 0.001582 0.442391 0.000000 0.439350 0.001034 0.437402 0.005871
0 0.256696 0.000000 0.257647 0.000000 0.258876 0.000000 0.261026 0.000000 0.263477 0.000000 0.265846 0.000000 0.267311 0.000000 0.267842 0.000000 0.266123 0.000000 0.262129 0.000000 0.259089 0.000000 0.257140 0.000000
0 0.228341 0.000000 0.229292 0.000000 0.230521 0.000000 0.232672 0.000000 0.235122 0.000000 0.237491 0.000000 0.238957 0.000000 0.239487 0.000000 0.237768 0.000000 0.233774 0.000000 0.230734 0.000000 0.228785 0.000000
0 0.224749 0.000000 0.225701 0.000000 0.226929 0.000000 0.229080 0.000000 0.231531 0.000000 0.233900 0.000000 0.235365 0.000000 0.235896 0.000000 0.234177 0.000000 0.230183 0.000000 0.227143 0.000000 0.225194 0.000000
0 0.249316 0.000000 0.250267 0.000000 0.251496 0.000000 0.253647 0.000000 0.256097 0.000000 0.258467 0.000000 0.259932 0.000000 0.260462 0.000000 0.258743 0.000000 0.254749 0.000000 0.251709 0.000000 0.249760 0.000000
0 0.309812 0.000000 0.310763 0.000000 0.311992 0.000000 0.314142 0.000000 0.316593 0.000000 0.318962 0.000000 0.320428 0.000000 0.320958 0.000000 0.319239 0.000000 0.315245 0.000000 0.312205 0.000000 0.310256 0.000000
0 0.302422 0.000000 0.303374 0.000000 0.304603 0.000000 0.306753 0.000000 0.309204 0.000000 0.311573 0.000000 0.313039 0.000000 0.313569 0.000000 0.311850 0.000000 0.307856 0.000000 0.304816 0.000000 0.302867 0.000000
0 0.200690 0.000000 0.201641 0.000000 0.202870 0.000000 0.205021 0.000000 0.207472 0.000000 0.209841 0.000000 0.211306 0.000000 0.211837 0.000000 0.210117 0.000000 0.206124 0.000000 0.203084 0.000000 0.201134 0.000000
0 0.386196 0.000000 0.387147 0.000000 0.388377 0.000000 0.390527 0.000000 0.392978 0.000000 0.395347 0.000000 0.396812 0.000000 0.397343 0.000000 0.395624 0.000000 0.391630 0.000000 0.388590 0.000000 0.386641 0.000000
0 0.389721 0.000000 0.390673 0.000000 0.391902 0.000000 0.394052 0.000000 0.396503 0.000000 0.398872 0.000000 0.400338 0.000000 0.400868 0.000000 0.399149 0.000000 0.395155 0.000000 0.392115 0.000000 0.390166 0.000000
0 0.367757 0.000000 0.366216 0.000000 0.366728 0.000000 0.369413 0.000000 0.372667 0.000000 0.376406 0.000000 0.379778 0.000000 0.382222 0.000000 0.382477 0.000000 0.380762 0.000000 0.375468 0.000000 0.371725 0.000000
0 0.433593 0.000000 0.432053 0.000000 0.432565 0.000000 0.435249 0.000000 0.438504 0.000000 0.442242 0.000000 0.445614 0.000000 0.448058 0.000000 0.448314 0.000000 0.446598 0.000000 0.441304 0.000000 0.437561 0.000000
0 0.459504 0.000000 0.457964 0.000000 0.458476 0.000000 0.461161 0.000000 0.464415 0.000000 0.468154 0.000000 0.471526 0.000000 0.473970 0.000000 0.474225 0.000000 0.472510 0.000000 0.467216 0.000000 0.463473 0.000000
0 0.356776 0.000000 0.357727 0.000000 0.358956 0.000000 0.361106 0.000000 0.363557 0.000000 0.365926 0.000000 0.367391 0.000000 0.367922 0.000000 0.366203 0.000000 0.362209 0.000000 0.359169 0.000000 0.357220 0.000000
0 0.361225 0.000000 0.362177 0.000000 0.363405 0.000000 0.365556 0.000000 0.368007 0.000000 0.370376 0.000000 0.371841 0.000000 0.372372 0.000000 0.370652 0.000000 0.366659 0.000000 0.363619 0.000000 0.361670 0.000000
0 0.539225 0.000000 0.540176 0.000000 0.541405 0.000000 0.543555 0.001462 0.546006 0.001615 0.548375 0.000000 0.549841 0.000000 0.550371 0.000000 0.548652 0.000000 0.544658 0.000000 0.541618 0.000000 0.539669 0.000000
0 0.529916 0.000000 0.530867 0.000000 0.532096 0.000000 0.534247 0.000000 0.536698 0.000000 0.539067 0.000000 0.540532 0.000000 0.541063 0.000000 0.539343 0.000000 0.535350 0.000000 0.532310 0.000000 0.530360 0.000000
0 0.551273 0.096462 0.552224 0.099701 0.553453 0.103030 0.555604 0.104935 0.558054 0.105088 0.560423 0.101677 0.561889 0.096012 0.562419 0.091010 0.560700 0.086085 0.556706 0.083108 0.553666 0.085537 0.551718 0.090374
0 0.607680 0.196581 0.608631 0.199820 0.609860 0.203149 0.612011 0.205054 0.614461 0.205206 0.616830 0.201796 0.618296 0.196131 0.618826 0.191129 0.617107 0.186204 0.613113 0.183227 0.610073 0.185657 0.608124 0.190494
0 0.620709 0.177982 0.621660 0.181221 0.622889 0.184550 0.625040 0.186455 0.627491 0.186608 0.629860 0.183196 0.631325 0.177532 0.631855 0.172530 0.630136 0.167606 0.626143 0.164627 0.623102 0.167057 0.621154 0.171895
0 0.595109 0.243353 0.596060 0.246592 0.597290 0.249921 0.599440 0.251825 0.601891 0.251978 0.604260 0.248568 0.605725 0.242903 0.606256 0.237901 0.604536 0.232976 0.600542 0.229999 0.597502 0.232428 0.595554 0.237265
0 0.552140 0.206488 0.553091 0.209727 0.554320 0.213056 0.556471 0.214961 0.558921 0.215114 0.561291 0.211703 0.562756 0.206038 0.563286 0.201036 0.561567 0.196111 0.557573 0.193133 0.554533 0.195563 0.552584 0.200401
0 0.566124 0.266163 0.568525 0.269220 0.571523 0.268729 0.573443 0.264778 0.574013 0.260420 0.572914 0.256311 0.569982 0.254042 0.566942 0.256472 0.565748 0.261382
0 0.534943 0.191022 0.535895 0.194262 0.537123 0.197590 0.539274 0.199495 0.541725 0.199648 0.544094 0.196237 0.545559 0.190572 0.546090 0.185570 0.544371 0.180645 0.540377 0.177668 0.537337 0.180097 0.535388 0.184934
0 0.523857 0.230340 0.524808 0.233579 0.526037 0.236908 0.528188 0.238813 0.530639 0.238966 0.533008 0.235555 0.534473 0.229889 0.535003 0.224888 0.533284 0.219963 0.529290 0.216985 0.526251 0.219415 0.524301 0.224253
0 0.670430 0.250991 0.671381 0.254230 0.672610 0.257559 0.674761 0.259464 0.677211 0.259617 0.679581 0.256206 0.681046 0.250541 0.681576 0.245539 0.679857 0.240614 0.675863 0.237637 0.672823 0.240067 0.670875 0.244904
0 0.554385 0.440511 0.555337 0.443751 0.556566 0.447080 0.558716 0.448984 0.561167 0.449137 0.563536 0.445726 0.565001 0.440062 0.565532 0.435060 0.563813 0.430135 0.559819 0.427157 0.556779 0.429587 0.554830 0.434424
0 0.565563 0.528023 0.567965 0.531081 0.570963 0.530590 0.572883 0.526639 0.573453 0.522280 0.572354 0.518172 0.569421 0.515902 0.566381 0.518331 0.565188 0.523243
0 0.505192 0.588545 0.503818 0.594317 0.504976 0.599958 0.508311 0.602037 0.510884 0.598985 0.512072 0.594027 0.511739 0.590255 0.510555 0.586720 0.507889 0.585696
0 0.496874 0.614125 0.495500 0.619898 0.496658 0.625539 0.499994 0.627618 0.502567 0.624566 0.503755 0.619608 0.503422 0.615837 0.502238 0.612301 0.499571 0.611277
0 0.231216 0.592029 0.232875 0.597635 0.235187 0.600432 0.238494 0.602472 0.240681 0.601059 0.244228 0.595666 0.245799 0.588784 0.246329 0.583781 0.244437 0.577170 0.240067 0.573718 0.236837 0.574826 0.233558 0.578297 0.231110 0.584570
0 0.294444 0.868564 0.295786 0.880342 0.300364 0.889395 0.304921 0.892331 0.311165 0.887398 0.314415 0.877450 0.315451 0.864569 0.309797 0.851873 0.303166 0.851340 0.297734 0.857965
0 0.117761 0.728776 0.120090 0.735565 0.124092 0.738055 0.126670 0.735649 0.128862 0.731003 0.129733 0.724706 0.129672 0.719367 0.126777 0.715059 0.122010 0.715919 0.118632 0.721621
0 0.269011 0.306874 0.269355 0.312699 0.271851 0.315791 0.274443 0.316230 0.276789 0.312940 0.277660 0.306644 0.276810 0.301063 0.274029 0.298987 0.270821 0.301785
0 0.204857 0.000000 0.202686 0.000000 0.200918 0.000000 0.200754 0.000000 0.203184 0.000000 0.205914 0.000000 0.208417 0.000000 0.209000 0.000000 0.207595 0.000000
0 0.403925 0.287857 0.404876 0.291096 0.406105 0.294424 0.408256 0.296329 0.410706 0.296482 0.413075 0.293072 0.414540 0.287406 0.415071 0.282404 0.413352 0.277480 0.409358 0.274502 0.406318 0.276932 0.404369 0.281769
0 0.679741 0.727272 0.677491 0.733700 0.678186 0.738401 0.680523 0.740601 0.682727 0.739716 0.684262 0.734213 0.684313 0.729708 0.682546 0.726840
