0 0.578822 0.678709 0.576438 0.671929 0.570442 0.667228 0.564889 0.666145 0.557894 0.669964 0.554760 0.676321 0.554427 0.684097 0.561938 0.690800 0.569761 0.690162 0.575686 0.685457
0 0.524359 0.695285 0.521976 0.688504 0.515979 0.683804 0.508706 0.684375 0.504170 0.687960 0.500756 0.693255 0.501506 0.701716 0.507475 0.707376 0.515298 0.706737 0.521223 0.702033
0 0.541455 0.751248 0.539072 0.744467 0.533075 0.739767 0.527522 0.738684 0.520528 0.742503 0.517393 0.748860 0.517061 0.756636 0.524571 0.763339 0.532394 0.762700 0.538319 0.757996
0 0.641851 0.779728 0.639468 0.772948 0.633471 0.768247 0.627918 0.767164 0.620924 0.770983 0.617790 0.777340 0.617456 0.785116 0.624967 0.791819 0.632790 0.791181 0.638715 0.786476
0 0.713001 0.727946 0.710618 0.721166 0.704622 0.716465 0.699068 0.715383 0.692074 0.719202 0.688940 0.725559 0.688606 0.733334 0.696118 0.740038 0.703940 0.739399 0.709865 0.734694
0 0.749786 0.674400 0.747402 0.667620 0.741405 0.662919 0.735852 0.661836 0.728858 0.665655 0.725724 0.672013 0.725391 0.679788 0.732902 0.686491 0.740725 0.685853 0.746649 0.681148
0 0.529591 0.591338 0.527207 0.584558 0.521210 0.579857 0.515658 0.578774 0.508663 0.582593 0.505529 0.588950 0.505196 0.596726 0.512707 0.603429 0.520530 0.602791 0.526455 0.598086
0 0.349326 0.733918 0.346942 0.727138 0.340946 0.722437 0.335393 0.721354 0.328398 0.725173 0.325264 0.731530 0.324931 0.739306 0.332442 0.746009 0.340265 0.745371 0.346189 0.740666
0 0.302354 0.740123 0.299970 0.733342 0.293974 0.728642 0.288421 0.727559 0.281427 0.731377 0.278292 0.737735 0.277959 0.745510 0.285470 0.752213 0.293293 0.751575 0.299218 0.746871
0 0.280348 0.574018 0.277964 0.567237 0.271967 0.562537 0.266414 0.561454 0.259420 0.565273 0.256286 0.571630 0.255953 0.579405 0.263464 0.586109 0.271287 0.585470 0.277211 0.580766
0 0.245422 0.580244 0.243038 0.573463 0.237042 0.568763 0.231489 0.567680 0.224494 0.571499 0.221360 0.577856 0.221027 0.585632 0.228538 0.592335 0.236361 0.591696 0.242286 0.586992
0 0.188962 0.613872 0.186578 0.607092 0.180582 0.602392 0.175029 0.601309 0.168035 0.605127 0.164901 0.611485 0.164568 0.619260 0.172078 0.625963 0.179901 0.625325 0.185826 0.620621
0 0.247864 0.705333 0.245480 0.698553 0.239484 0.693852 0.233931 0.692769 0.226937 0.696588 0.223802 0.702945 0.223470 0.710721 0.230980 0.717423 0.238803 0.716786 0.244728 0.712081
0 0.168835 0.724895 0.166451 0.718114 0.160455 0.713414 0.154901 0.712331 0.147908 0.716150 0.144773 0.722507 0.144440 0.730283 0.151951 0.736986 0.159774 0.736347 0.165699 0.731643
0 0.121363 0.673302 0.118979 0.666521 0.112983 0.661821 0.107430 0.660738 0.100436 0.664557 0.097301 0.670914 0.096968 0.678690 0.104479 0.685393 0.112302 0.684754 0.118227 0.680050
0 0.151084 0.703570 0.148700 0.696790 0.142704 0.692089 0.137151 0.691007 0.130157 0.694825 0.127022 0.701183 0.126690 0.708958 0.134200 0.715661 0.142023 0.715023 0.147948 0.710318
0 0.056155 0.693555 0.053772 0.686775 0.047775 0.682074 0.042222 0.680991 0.035228 0.684810 0.032094 0.691167 0.031761 0.698943 0.039272 0.705646 0.047095 0.705008 0.053019 0.700303
0 0.137510 0.376183 0.135127 0.369403 0.129130 0.364702 0.123577 0.363620 0.116583 0.367439 0.113449 0.373796 0.113116 0.381571 0.120627 0.388274 0.128449 0.387636 0.134374 0.382931
0 0.311361 0.352109 0.308977 0.345329 0.302981 0.340628 0.297427 0.339545 0.290434 0.343364 0.287299 0.349722 0.286966 0.357497 0.294478 0.364200 0.302300 0.363561 0.308225 0.358857
0 0.234003 0.206491 0.231619 0.199711 0.225623 0.195010 0.220070 0.193927 0.213075 0.197746 0.209941 0.204103 0.209609 0.211879 0.217119 0.218582 0.224942 0.217944 0.230867 0.213239
0 0.492631 0.330360 0.490247 0.323580 0.484251 0.318879 0.478698 0.317797 0.471704 0.321615 0.468570 0.327973 0.468237 0.335748 0.475748 0.342451 0.483570 0.341813 0.489495 0.337108
0 0.343932 0.350103 0.341549 0.343322 0.335552 0.338621 0.329999 0.337539 0.323005 0.341358 0.319871 0.347715 0.319537 0.355490 0.327049 0.362194 0.334871 0.361555 0.340796 0.356851
0 0.458271 0.267036 0.455888 0.260255 0.449891 0.255554 0.444338 0.254471 0.437344 0.258291 0.434209 0.264648 0.433877 0.272423 0.441388 0.279126 0.449210 0.278488 0.455135 0.273784
0 0.511336 0.426133 0.508952 0.419353 0.502956 0.414653 0.497403 0.413570 0.490409 0.417388 0.487275 0.423746 0.486942 0.431521 0.494452 0.438224 0.502275 0.437586 0.508200 0.432882
0 0.472244 0.420747 0.469860 0.413966 0.463864 0.409266 0.458311 0.408183 0.451317 0.412002 0.448183 0.418359 0.447849 0.426134 0.455360 0.432838 0.463183 0.432199 0.469108 0.427495
0 0.582426 0.506443 0.580043 0.499663 0.574047 0.494962 0.568494 0.493880 0.561499 0.497698 0.558365 0.504056 0.558032 0.511831 0.565543 0.518534 0.573366 0.517895 0.579291 0.513191
0 0.609438 0.259946 0.607054 0.253166 0.601058 0.248466 0.595505 0.247383 0.588510 0.251201 0.585376 0.257559 0.585043 0.265334 0.592554 0.272037 0.600377 0.271399 0.606302 0.266695
0 0.708881 0.444837 0.706497 0.438057 0.700501 0.433356 0.694947 0.432273 0.687953 0.436092 0.684819 0.442450 0.684486 0.450225 0.691997 0.456928 0.699820 0.456290 0.705745 0.451585
0 0.689615 0.366516 0.687231 0.359736 0.681235 0.355035 0.675682 0.353952 0.668688 0.357771 0.665553 0.364128 0.665220 0.371904 0.672731 0.378607 0.680554 0.377969 0.686479 0.373264
0 0.639136 0.384484 0.636752 0.377704 0.630756 0.373003 0.625202 0.371921 0.618208 0.375739 0.615074 0.382097 0.614741 0.389872 0.622252 0.396575 0.630075 0.395936 0.636000 0.391232
0 0.688389 0.272580 0.686006 0.265800 0.680009 0.261099 0.674456 0.260016 0.667462 0.263835 0.664328 0.270192 0.663995 0.277968 0.671505 0.284671 0.679328 0.284033 0.685253 0.279328
0 0.416296 0.433907 0.413913 0.427127 0.407916 0.422426 0.402363 0.421343 0.395369 0.425162 0.392234 0.431519 0.391902 0.439295 0.399412 0.445998 0.407235 0.445360 0.413160 0.440656
0 0.603773 0.480107 0.601390 0.473326 0.595393 0.468625 0.589840 0.467542 0.582846 0.471362 0.579711 0.477718 0.579379 0.485494 0.586889 0.492197 0.594712 0.491559 0.600637 0.486855
0 0.462434 0.484489 0.460051 0.477709 0.454054 0.473009 0.448501 0.471926 0.441507 0.475744 0.438373 0.482102 0.438040 0.489877 0.445550 0.496580 0.453373 0.495942 0.459298 0.491238
0 0.642998 0.432857 0.640614 0.426077 0.634617 0.421376 0.629064 0.420293 0.622070 0.424112 0.618936 0.430469 0.618603 0.438245 0.626114 0.444948 0.633936 0.444310 0.639861 0.439606
0 0.484848 0.355780 0.482465 0.348999 0.476468 0.344299 0.470915 0.343216 0.463921 0.347035 0.460787 0.353392 0.460453 0.361168 0.467965 0.367871 0.475787 0.367232 0.481712 0.362528
0 0.367933 0.404654 0.365550 0.397874 0.359554 0.393173 0.354000 0.392090 0.347006 0.395909 0.343872 0.402266 0.343539 0.410042 0.351050 0.416745 0.358872 0.416106 0.364797 0.411402
0 0.179755 0.217386 0.177372 0.210606 0.171376 0.205905 0.165823 0.204822 0.158828 0.208641 0.155694 0.214998 0.155361 0.222774 0.162872 0.229477 0.170695 0.228839 0.176620 0.224135
0 0.149952 0.448980 0.147569 0.442200 0.141573 0.437499 0.136019 0.436416 0.129025 0.440235 0.125891 0.446592 0.125558 0.454368 0.133069 0.461071 0.140891 0.460433 0.146816 0.455728
0 0.759545 0.642443 0.757161 0.635662 0.751165 0.630962 0.745612 0.629879 0.738618 0.633698 0.735484 0.640055 0.735151 0.647831 0.742661 0.654533 0.750484 0.653895 0.756409 0.649191
0 0.652879 0.626651 0.650495 0.619871 0.644498 0.615170 0.638945 0.614087 0.631951 0.617906 0.628817 0.624263 0.628484 0.632039 0.635995 0.638742 0.643818 0.638104 0.649742 0.633399
0 0.623329 0.704966 0.620946 0.698186 0.614949 0.693485 0.609396 0.692402 0.602402 0.696222 0.599268 0.702579 0.598935 0.710354 0.606446 0.717057 0.614268 0.716419 0.620193 0.711714
0 0.719188 0.614246 0.716804 0.607466 0.710808 0.602766 0.705255 0.601683 0.698261 0.605501 0.695126 0.611859 0.694794 0.619634 0.702304 0.626337 0.710127 0.625699 0.716052 0.620995
0 0.743532 0.589698 0.741149 0.582918 0.735152 0.578217 0.729599 0.577134 0.722605 0.580953 0.719471 0.587310 0.719138 0.595086 0.726649 0.601789 0.734471 0.601150 0.740396 0.596446
0 0.748624 0.563133 0.746241 0.556353 0.740244 0.551652 0.734691 0.550569 0.727697 0.554388 0.724563 0.560745 0.724229 0.568521 0.731741 0.575224 0.739563 0.574585 0.745488 0.569881
0 0.865577 0.543966 0.866273 0.536756 0.860277 0.532055 0.854724 0.530973 0.847729 0.534791 0.844595 0.541149 0.844262 0.548924 0.848110 0.553444 0.854501 0.553276 0.861278 0.549126
0 0.897527 0.495117 0.898223 0.487907 0.892226 0.483207 0.886673 0.482124 0.879679 0.485943 0.876545 0.492300 0.876212 0.500075 0.880060 0.504596 0.886451 0.504427 0.893228 0.500278
0 0.903848 0.471167 0.904544 0.463957 0.898548 0.459256 0.892994 0.458173 0.886001 0.461992 0.882866 0.468349 0.882533 0.476125 0.886381 0.480645 0.892772 0.480477 0.899549 0.476327
0 0.802941 0.424886 0.803638 0.417675 0.797641 0.412975 0.792088 0.411892 0.785093 0.415711 0.781959 0.422068 0.781627 0.429844 0.785475 0.434363 0.791865 0.434196 0.798642 0.430046
0 0.862167 0.430321 0.862863 0.423111 0.856867 0.418410 0.851314 0.417327 0.844320 0.421146 0.841186 0.427504 0.840852 0.435279 0.845181 0.439050 0.851091 0.439631 0.857868 0.435481
0 0.863899 0.364550 0.864596 0.357339 0.858599 0.352638 0.853046 0.351556 0.846052 0.355375 0.842917 0.361732 0.842584 0.369508 0.846433 0.374027 0.852823 0.373860 0.859600 0.369710
0 0.998397 0.378313 0.998397 0.371102 0.998397 0.366402 0.998397 0.365319 0.998397 0.369138 0.998397 0.375495 0.998397 0.383270 0.998397 0.387791 0.998397 0.387622 0.998397 0.383473
0 0.998397 0.502720 0.998397 0.495509 0.998397 0.490809 0.998397 0.489726 0.998397 0.493545 0.998397 0.499902 0.998397 0.506208 0.998397 0.510478 0.998397 0.510633 0.998397 0.507880
0 0.915377 0.379250 0.916073 0.372040 0.910077 0.367339 0.904523 0.366256 0.897529 0.370075 0.894395 0.376433 0.896149 0.382739 0.899945 0.387008 0.906380 0.387163 0.911078 0.384410
0 0.998397 0.558878 0.998397 0.551668 0.998397 0.546967 0.998397 0.545884 0.998397 0.549703 0.998397 0.556061 0.998397 0.562367 0.998397 0.566636 0.998397 0.566791 0.998397 0.564038
0 0.992235 0.630457 0.992930 0.623247 0.986934 0.618546 0.981381 0.617463 0.974387 0.621283 0.971253 0.627640 0.973007 0.633946 0.976802 0.638216 0.983237 0.638370 0.987935 0.635618
0 0.998397 0.647419 0.998397 0.640209 0.998397 0.635508 0.998397 0.634425 0.998397 0.638244 0.998397 0.644601 0.998397 0.650907 0.998397 0.655177 0.998397 0.655332 0.998397 0.652579
0 0.998397 0.678696 0.998397 0.671486 0.998397 0.666785 0.998397 0.665702 0.992425 0.669521 0.989290 0.675878 0.991044 0.682184 0.994840 0.686454 0.998397 0.686609 0.998397 0.683856
0 0.998397 0.694671 0.998397 0.687461 0.998397 0.682760 0.998397 0.681677 0.998397 0.685496 0.998397 0.691854 0.998397 0.698160 0.998397 0.702430 0.998397 0.702584 0.998397 0.699831
0 0.931865 0.706461 0.932560 0.699251 0.926564 0.694550 0.921011 0.693467 0.914017 0.697286 0.910882 0.703643 0.912636 0.709949 0.916432 0.714219 0.922867 0.714374 0.927565 0.711621
0 0.972485 0.840946 0.973182 0.833735 0.967185 0.829035 0.961632 0.827952 0.954638 0.831771 0.951504 0.838128 0.953257 0.844434 0.957053 0.848704 0.963488 0.848859 0.968186 0.846106
0 0.857368 0.852689 0.858064 0.845479 0.852067 0.840778 0.846515 0.839696 0.839520 0.843515 0.836386 0.849872 0.838140 0.856178 0.841935 0.860447 0.848371 0.860602 0.853069 0.857850
0 0.761625 0.780949 0.762321 0.773739 0.756325 0.769038 0.750771 0.767955 0.743777 0.771774 0.740643 0.778132 0.742396 0.784437 0.746193 0.788707 0.752627 0.788862 0.757326 0.786109
0 0.695217 0.797412 0.695914 0.790201 0.689917 0.785501 0.684364 0.784418 0.677369 0.788237 0.674236 0.794594 0.675989 0.800900 0.679785 0.805170 0.686220 0.805325 0.690918 0.802572
0 0.728906 0.849818 0.729602 0.842608 0.723605 0.837907 0.718052 0.836825 0.711058 0.840643 0.707924 0.847001 0.709677 0.853306 0.713473 0.857576 0.719908 0.857731 0.724606 0.854978
0 0.633494 0.815841 0.634190 0.808631 0.628193 0.803930 0.622640 0.802848 0.615646 0.806666 0.612512 0.813024 0.614266 0.819329 0.618061 0.823599 0.624496 0.823754 0.629195 0.821001
0 0.578233 0.797830 0.578929 0.790620 0.572932 0.785919 0.567379 0.784836 0.560385 0.788655 0.557251 0.795012 0.559004 0.801318 0.562800 0.805588 0.569235 0.805743 0.573934 0.802990
0 0.544759 0.800218 0.545456 0.793008 0.539459 0.788307 0.533906 0.787224 0.526911 0.791043 0.523777 0.797400 0.525531 0.803706 0.529326 0.807976 0.535762 0.808131 0.540460 0.805379
0 0.579801 0.838219 0.580498 0.831008 0.574501 0.826308 0.568948 0.825225 0.561954 0.829044 0.558819 0.835401 0.560573 0.841707 0.564369 0.845977 0.570804 0.846132 0.575502 0.843379
0 0.629947 0.840889 0.630644 0.833679 0.624647 0.828979 0.619094 0.827896 0.612100 0.831714 0.608965 0.838072 0.610719 0.844378 0.614515 0.848648 0.620950 0.848803 0.625648 0.846049
0 0.520287 0.806302 0.520983 0.799092 0.514987 0.794391 0.509434 0.793309 0.502440 0.797128 0.499305 0.803485 0.501059 0.809790 0.504855 0.814060 0.511290 0.814215 0.515988 0.811463
0 0.494410 0.701132 0.495105 0.693921 0.489109 0.689221 0.484902 0.689756 0.479509 0.693455 0.477888 0.698385 0.478135 0.703011 0.481240 0.706789 0.487031 0.707545 0.490110 0.706292
0 0.473086 0.684393 0.473782 0.677182 0.467785 0.672482 0.461876 0.672214 0.455935 0.676030 0.453680 0.682920 0.453857 0.687881 0.457653 0.692151 0.464088 0.692305 0.468787 0.689553
0 0.431279 0.676331 0.431974 0.669121 0.425978 0.664420 0.420068 0.664152 0.414128 0.667969 0.411872 0.674858 0.412050 0.679819 0.415846 0.684089 0.422281 0.684244 0.426979 0.681491
0 0.518366 0.625684 0.519062 0.618474 0.513066 0.613773 0.507156 0.613505 0.501215 0.617322 0.498959 0.624212 0.499138 0.629173 0.502933 0.633443 0.509368 0.633597 0.514067 0.630845
0 0.498453 0.635635 0.499149 0.628425 0.493153 0.623724 0.487243 0.623456 0.481302 0.627272 0.479046 0.634162 0.479224 0.639123 0.483020 0.643393 0.489455 0.643548 0.494154 0.640795
0 0.362657 0.652909 0.363353 0.645699 0.357356 0.640998 0.351447 0.640730 0.345506 0.644547 0.343250 0.651436 0.343428 0.656398 0.347224 0.660668 0.353659 0.660822 0.358357 0.658069
0 0.374556 0.684188 0.375252 0.676978 0.369255 0.672278 0.363346 0.672009 0.357405 0.675826 0.355149 0.682716 0.355327 0.687677 0.359123 0.691947 0.365558 0.692102 0.370257 0.689349
0 0.269205 0.671016 0.269901 0.663806 0.263904 0.659105 0.257994 0.658837 0.252054 0.662654 0.249798 0.669543 0.249976 0.674505 0.253772 0.678775 0.260207 0.678929 0.264905 0.676176
0 0.369855 0.621176 0.370552 0.613966 0.364555 0.609265 0.358645 0.608997 0.352705 0.612813 0.350449 0.619703 0.350627 0.624664 0.354423 0.628934 0.360858 0.629089 0.365556 0.626336
0 0.392424 0.630054 0.393120 0.622844 0.387124 0.618143 0.381214 0.617875 0.375273 0.621692 0.373018 0.628582 0.373196 0.633542 0.376992 0.637812 0.383427 0.637967 0.388125 0.635214
0 0.318564 0.707591 0.319260 0.700380 0.313264 0.695680 0.307354 0.695412 0.301414 0.699229 0.299158 0.706118 0.299336 0.711079 0.303131 0.715349 0.309567 0.715504 0.314265 0.712751
0 0.187925 0.660711 0.188621 0.653501 0.182624 0.648800 0.176715 0.648532 0.170774 0.652349 0.168519 0.659239 0.168696 0.664200 0.172492 0.668470 0.178927 0.668624 0.183626 0.665871
0 0.227918 0.560665 0.228614 0.553455 0.222618 0.548754 0.216708 0.548486 0.210767 0.552303 0.208512 0.559193 0.208690 0.564153 0.212486 0.568423 0.218921 0.568578 0.223619 0.565825
0 0.223934 0.467979 0.224631 0.460769 0.218634 0.456068 0.212724 0.455800 0.206784 0.459616 0.204528 0.466506 0.204706 0.471467 0.208502 0.475737 0.214937 0.475892 0.219635 0.473139
0 0.163425 0.281558 0.164121 0.274348 0.158124 0.269648 0.152215 0.269380 0.146274 0.273196 0.144018 0.280086 0.144196 0.285047 0.147992 0.289317 0.154427 0.289472 0.159125 0.286719
0 0.137487 0.342752 0.138183 0.335542 0.132187 0.330841 0.126277 0.330573 0.120336 0.334389 0.118080 0.341279 0.118259 0.346240 0.122054 0.350510 0.128490 0.350664 0.133188 0.347912
0 0.151100 0.359232 0.151796 0.352022 0.145800 0.347321 0.139890 0.347053 0.133950 0.350869 0.131694 0.357759 0.131871 0.362720 0.135668 0.366991 0.142103 0.367145 0.146801 0.364392
0 0.136704 0.319909 0.136865 0.314417 0.133183 0.310312 0.128719 0.309337 0.122995 0.311732 0.120740 0.318622 0.120918 0.323583 0.124713 0.327853 0.131149 0.328007 0.134854 0.324803
0 0.230352 0.341955 0.231048 0.334745 0.225052 0.330044 0.219142 0.329776 0.213664 0.333694 0.211462 0.340596 0.211124 0.345443 0.214919 0.349713 0.221355 0.349868 0.226053 0.347116
0 0.206992 0.174484 0.207689 0.167274 0.201692 0.162574 0.195782 0.162306 0.190304 0.166224 0.188102 0.173125 0.187764 0.177973 0.191560 0.182243 0.197995 0.182398 0.202693 0.179645
0 0.494975 0.251438 0.494954 0.244838 0.491351 0.240754 0.485626 0.239278 0.480148 0.243196 0.477946 0.250097 0.477607 0.254945 0.481403 0.259215 0.487838 0.259370 0.492537 0.256617
0 0.521378 0.288348 0.521357 0.281749 0.517754 0.277664 0.512028 0.276188 0.506550 0.280106 0.504348 0.287007 0.504010 0.291855 0.507806 0.296125 0.514241 0.296280 0.518939 0.293527
0 0.583820 0.297900 0.583800 0.291301 0.580196 0.287216 0.574471 0.285740 0.568993 0.289658 0.566791 0.296560 0.566453 0.301408 0.570248 0.305678 0.576684 0.305833 0.581382 0.303080
0 0.605360 0.327500 0.605339 0.320901 0.601736 0.316816 0.596010 0.315340 0.590532 0.319258 0.588331 0.326160 0.587992 0.331007 0.591788 0.335277 0.598223 0.335432 0.602921 0.332679
0 0.542996 0.354042 0.542975 0.347443 0.539372 0.343359 0.533647 0.341883 0.528169 0.345800 0.525967 0.352702 0.525628 0.357550 0.529424 0.361820 0.535859 0.361975 0.540558 0.359221
0 0.560083 0.331472 0.560063 0.324872 0.556460 0.320788 0.550734 0.319312 0.545256 0.323230 0.543054 0.330132 0.542716 0.334979 0.546512 0.339249 0.552947 0.339404 0.557645 0.336651
0 0.631255 0.339807 0.631234 0.333208 0.627631 0.329124 0.621906 0.327648 0.616428 0.331566 0.614226 0.338467 0.613887 0.343315 0.617683 0.347585 0.624118 0.347740 0.628817 0.344987
0 0.375558 0.375658 0.375538 0.369058 0.371935 0.364974 0.366209 0.363498 0.360732 0.367415 0.358530 0.374317 0.358191 0.379165 0.361987 0.383435 0.368422 0.383590 0.373120 0.380837
0 0.393789 0.469963 0.393768 0.463364 0.390165 0.459279 0.384440 0.457803 0.378962 0.461721 0.376760 0.468623 0.376421 0.473470 0.380217 0.477740 0.386652 0.477895 0.391351 0.475143
0 0.268485 0.409222 0.268993 0.404624 0.266826 0.400650 0.261101 0.399174 0.255623 0.403092 0.254341 0.410092 0.255003 0.413233 0.257914 0.416276 0.263117 0.416878 0.266370 0.414111
0 0.289334 0.398916 0.289843 0.394318 0.287676 0.390345 0.281950 0.388869 0.276472 0.392786 0.275191 0.399785 0.275853 0.402926 0.278764 0.405970 0.283967 0.406572 0.287220 0.403805
0 0.323623 0.390690 0.324132 0.386093 0.321964 0.382119 0.316239 0.380643 0.310761 0.384561 0.309479 0.391560 0.310141 0.394701 0.313053 0.397745 0.318256 0.398347 0.321509 0.395579
0 0.377943 0.354201 0.378452 0.349603 0.376285 0.345630 0.370559 0.344154 0.365081 0.348072 0.363799 0.355071 0.364461 0.358212 0.367372 0.361256 0.372576 0.361858 0.375829 0.359090
0 0.390518 0.448133 0.391027 0.443535 0.388859 0.439561 0.383134 0.438085 0.377656 0.442003 0.376374 0.449002 0.377037 0.452143 0.379948 0.455187 0.385151 0.455789 0.388404 0.453021
0 0.433588 0.425434 0.434097 0.420837 0.431930 0.416863 0.426204 0.415387 0.420726 0.419305 0.419445 0.426304 0.420106 0.429445 0.423018 0.432489 0.428221 0.433091 0.431474 0.430323
0 0.409082 0.474776 0.409591 0.470178 0.407423 0.466205 0.401697 0.464729 0.396220 0.468647 0.394938 0.475646 0.395600 0.478787 0.398511 0.481831 0.403715 0.482432 0.406967 0.479665
0 0.416941 0.329218 0.417450 0.324621 0.415282 0.320647 0.409556 0.319171 0.404079 0.323089 0.402797 0.330088 0.403459 0.333229 0.406370 0.336273 0.411573 0.336875 0.414826 0.334107
0 0.376418 0.263315 0.376927 0.258717 0.374759 0.254743 0.369034 0.253267 0.363556 0.257185 0.362274 0.264185 0.362936 0.267326 0.365847 0.270369 0.371051 0.270971 0.374303 0.268204
0 0.312000 0.245784 0.312509 0.241186 0.310341 0.237213 0.304616 0.235737 0.299138 0.239654 0.297857 0.246653 0.298518 0.249794 0.301430 0.252838 0.306633 0.253440 0.309886 0.250673
0 0.357863 0.217281 0.358371 0.212684 0.356204 0.208710 0.350478 0.207234 0.345000 0.211152 0.343718 0.218151 0.344381 0.221292 0.347292 0.224336 0.352495 0.224938 0.355748 0.222171
0 0.245982 0.283370 0.243650 0.280290 0.240743 0.278967 0.236719 0.278235 0.234248 0.279386 0.230453 0.283090 0.229081 0.287390 0.228801 0.290428 0.231476 0.294070 0.236845 0.295485 0.240563 0.294363 0.244173 0.291838 0.246618 0.287771
0 0.250027 0.327658 0.247695 0.324578 0.244788 0.323255 0.240764 0.322523 0.238293 0.323674 0.234497 0.327377 0.233125 0.331678 0.232846 0.334716 0.235520 0.338357 0.240889 0.339772 0.244607 0.338651 0.248218 0.336125 0.250663 0.332059
0 0.274513 0.340951 0.272180 0.337870 0.269273 0.336547 0.265250 0.335815 0.262779 0.336967 0.258983 0.340670 0.257611 0.344970 0.257331 0.348008 0.260007 0.351650 0.265375 0.353065 0.269093 0.351944 0.272704 0.349418 0.275149 0.345352
0 0.332531 0.284761 0.330199 0.281681 0.327292 0.280358 0.323268 0.279626 0.320797 0.280777 0.317001 0.284481 0.315629 0.288781 0.315350 0.291819 0.318024 0.295461 0.323393 0.296876 0.327111 0.295754 0.330722 0.293229 0.333167 0.289162
0 0.343545 0.309324 0.341213 0.306244 0.338306 0.304920 0.334283 0.304188 0.331811 0.305340 0.328016 0.309043 0.326644 0.313344 0.326364 0.316382 0.329039 0.320023 0.334407 0.321438 0.338125 0.320317 0.341736 0.317791 0.344181 0.313725
0 0.354521 0.287363 0.352189 0.284283 0.349282 0.282959 0.345258 0.282227 0.342787 0.283379 0.338992 0.287082 0.337620 0.291383 0.337340 0.294421 0.340015 0.298062 0.345384 0.299477 0.349102 0.298356 0.352713 0.295830 0.355157 0.291764
0 0.252466 0.215154 0.250134 0.212073 0.247227 0.210750 0.243203 0.210018 0.240732 0.211169 0.236936 0.214873 0.235564 0.219174 0.235285 0.222211 0.237960 0.225853 0.243329 0.227268 0.247046 0.226147 0.250657 0.223621 0.253102 0.219554
0 0.388330 0.305306 0.385998 0.302226 0.383091 0.300903 0.379067 0.300171 0.376596 0.301322 0.372801 0.305026 0.371429 0.309326 0.371149 0.312364 0.373824 0.316006 0.379192 0.317421 0.382910 0.316300 0.386521 0.313774 0.388966 0.309707
0 0.452793 0.240127 0.450461 0.237046 0.447554 0.235723 0.443531 0.234991 0.441059 0.236142 0.437264 0.239846 0.435892 0.244147 0.435612 0.247184 0.438287 0.250826 0.443656 0.252241 0.447373 0.251120 0.450985 0.248594 0.453429 0.244528
0 0.476776 0.264996 0.474444 0.261916 0.471537 0.260593 0.467513 0.259860 0.465042 0.261012 0.461247 0.264716 0.459875 0.269016 0.459595 0.272054 0.462270 0.275696 0.467639 0.277111 0.471356 0.275990 0.474967 0.273464 0.477412 0.269398
0 0.527352 0.364445 0.525020 0.361365 0.522112 0.360042 0.518089 0.359310 0.515618 0.360462 0.511823 0.364165 0.510450 0.368465 0.510170 0.371503 0.512845 0.375145 0.518214 0.376560 0.521932 0.375439 0.525543 0.372913 0.527988 0.368847
0 0.546623 0.291342 0.544290 0.288261 0.541383 0.286938 0.537360 0.286206 0.534889 0.287357 0.531093 0.291061 0.529721 0.295361 0.529441 0.298399 0.532116 0.302041 0.537485 0.303456 0.541203 0.302335 0.544813 0.299809 0.547258 0.295743
0 0.641151 0.302691 0.638818 0.299611 0.635911 0.298287 0.631888 0.297555 0.629416 0.298707 0.625621 0.302410 0.624249 0.306711 0.623969 0.309749 0.626644 0.313391 0.632013 0.314806 0.635730 0.313684 0.639342 0.311158 0.641786 0.307092
0 0.604881 0.300765 0.602550 0.297685 0.599642 0.296361 0.595619 0.295630 0.593148 0.296781 0.589352 0.300484 0.587980 0.304785 0.587700 0.307823 0.590375 0.311464 0.595744 0.312879 0.599462 0.311758 0.603073 0.309232 0.605518 0.305166
0 0.665652 0.294439 0.663320 0.291359 0.660413 0.290036 0.656389 0.289304 0.653919 0.290455 0.650123 0.294159 0.648751 0.298460 0.648471 0.301497 0.651146 0.305139 0.656515 0.306554 0.660233 0.305433 0.663844 0.302907 0.666289 0.298840
0 0.638628 0.353911 0.636296 0.350831 0.633389 0.349508 0.629365 0.348776 0.626894 0.349927 0.623098 0.353631 0.621726 0.357932 0.621447 0.360969 0.624122 0.364611 0.629491 0.366026 0.633208 0.364905 0.636819 0.362379 0.639264 0.358312
0 0.672379 0.317295 0.670047 0.314215 0.667140 0.312892 0.663116 0.312160 0.660645 0.313311 0.656850 0.317015 0.655477 0.321315 0.655198 0.324353 0.657873 0.327995 0.663242 0.329410 0.666959 0.328289 0.670570 0.325763 0.673015 0.321696
0 0.693651 0.292949 0.691319 0.289869 0.688412 0.288546 0.684388 0.287814 0.681917 0.288965 0.678121 0.292668 0.676749 0.296969 0.676469 0.300007 0.679144 0.303649 0.684513 0.305064 0.688231 0.303942 0.691842 0.301416 0.694287 0.297350
0 0.711406 0.326153 0.709074 0.323073 0.706167 0.321749 0.702143 0.321017 0.699672 0.322169 0.695877 0.325872 0.694505 0.330173 0.694225 0.333210 0.696900 0.336853 0.702268 0.338267 0.705986 0.337146 0.709597 0.334620 0.712042 0.330554
0 0.687239 0.335959 0.684906 0.332879 0.681999 0.331556 0.677976 0.330824 0.675504 0.331975 0.671709 0.335678 0.670337 0.339979 0.670057 0.343017 0.672732 0.346658 0.678101 0.348074 0.681818 0.346952 0.685429 0.344426 0.687874 0.340360
0 0.665156 0.347281 0.662824 0.344201 0.659917 0.342877 0.655893 0.342146 0.653422 0.343297 0.649627 0.347001 0.648255 0.351301 0.647975 0.354339 0.650650 0.357981 0.656019 0.359396 0.659736 0.358275 0.663348 0.355748 0.665792 0.351682
0 0.774952 0.340305 0.772620 0.337225 0.769713 0.335901 0.765689 0.335170 0.763218 0.336321 0.759422 0.340025 0.758050 0.344325 0.757771 0.347363 0.760445 0.351005 0.765814 0.352419 0.769532 0.351299 0.773143 0.348772 0.775588 0.344706
0 0.785188 0.328072 0.784184 0.325743 0.781731 0.323993 0.778541 0.323041 0.775704 0.323251 0.771753 0.325995 0.770381 0.330295 0.770101 0.333333 0.772776 0.336975 0.778145 0.338390 0.781863 0.337268 0.784594 0.334653 0.785963 0.331117
0 0.758791 0.332111 0.757787 0.329782 0.755334 0.328032 0.752145 0.327080 0.749307 0.327290 0.745356 0.330033 0.743984 0.334334 0.743704 0.337372 0.746379 0.341014 0.751748 0.342429 0.755466 0.341308 0.758197 0.338692 0.759566 0.335156
0 0.818372 0.332858 0.816040 0.329778 0.813133 0.328455 0.809109 0.327723 0.806638 0.328875 0.802843 0.332578 0.801471 0.336878 0.801191 0.339916 0.803866 0.343558 0.809234 0.344973 0.812952 0.343852 0.816563 0.341326 0.819008 0.337260
0 0.816982 0.402840 0.814650 0.399759 0.811743 0.398436 0.807719 0.397704 0.805248 0.398856 0.801453 0.402559 0.800081 0.406859 0.799801 0.409897 0.802476 0.413539 0.807845 0.414954 0.811563 0.413833 0.815173 0.411307 0.817618 0.407241
0 0.784825 0.392469 0.783821 0.390141 0.781368 0.388390 0.778178 0.387437 0.775341 0.387648 0.771390 0.390392 0.770018 0.394692 0.769738 0.397730 0.772413 0.401372 0.777782 0.402786 0.781500 0.401666 0.784231 0.399050 0.785600 0.395514
0 0.847908 0.391962 0.845576 0.388882 0.842668 0.387559 0.838645 0.386826 0.836174 0.387978 0.832379 0.391682 0.831007 0.395982 0.830726 0.399020 0.833402 0.402662 0.838771 0.404076 0.842488 0.402955 0.846099 0.400430 0.848544 0.396363
0 0.884174 0.359318 0.881842 0.356238 0.878935 0.354915 0.874911 0.354182 0.872440 0.355334 0.868644 0.359038 0.867272 0.363338 0.866992 0.366376 0.869668 0.370018 0.875037 0.371432 0.878754 0.370312 0.882365 0.367786 0.884810 0.363720
0 0.947584 0.356324 0.945251 0.353244 0.942344 0.351921 0.938321 0.351188 0.935850 0.352340 0.932054 0.356043 0.930682 0.360344 0.930402 0.363382 0.933078 0.367024 0.938446 0.368438 0.942164 0.367317 0.945775 0.364791 0.948220 0.360725
0 0.902587 0.404185 0.903284 0.396975 0.897287 0.392275 0.891734 0.391192 0.884740 0.395010 0.881606 0.401368 0.881272 0.409143 0.885121 0.413663 0.891511 0.413495 0.898289 0.409346
0 0.946206 0.385766 0.946902 0.378556 0.940905 0.373855 0.935352 0.372772 0.928358 0.376591 0.925224 0.382948 0.924891 0.390724 0.930005 0.394831 0.935948 0.395429 0.942232 0.392296
0 0.998397 0.403172 0.998397 0.395961 0.998397 0.391261 0.994435 0.390178 0.987441 0.393997 0.984307 0.400354 0.983974 0.408130 0.989088 0.412237 0.995031 0.412835 0.998397 0.409701
0 0.957454 0.421755 0.958150 0.414545 0.952154 0.409844 0.946600 0.408762 0.939606 0.412580 0.936472 0.418938 0.936139 0.426713 0.941253 0.430821 0.947197 0.431418 0.953481 0.428285
0 0.971309 0.384816 0.972005 0.377606 0.966009 0.372905 0.960456 0.371823 0.953462 0.375641 0.950327 0.381999 0.949994 0.389774 0.955108 0.393882 0.961052 0.394479 0.967336 0.391346
0 0.998397 0.366562 0.998397 0.359352 0.998397 0.354651 0.994693 0.353569 0.987699 0.357387 0.984565 0.363745 0.984231 0.371520 0.989345 0.375627 0.995289 0.376225 0.998397 0.373092
0 0.998397 0.465270 0.998397 0.458060 0.998397 0.453359 0.998397 0.452277 0.998397 0.456095 0.998397 0.462453 0.998397 0.470228 0.998397 0.474336 0.998397 0.474933 0.998397 0.471800
0 0.981400 0.510911 0.982096 0.503701 0.976099 0.499001 0.970546 0.497918 0.963552 0.501736 0.960418 0.508094 0.960085 0.515869 0.965199 0.519977 0.971143 0.520574 0.977427 0.517440
0 0.949468 0.487390 0.950164 0.480180 0.944168 0.475479 0.938615 0.474396 0.931621 0.478215 0.928486 0.484572 0.928154 0.492348 0.933268 0.496456 0.939211 0.497053 0.945495 0.493919
0 0.998397 0.587012 0.998397 0.579801 0.998397 0.575101 0.998397 0.574018 0.998397 0.577837 0.998397 0.584194 0.998397 0.590500 0.998397 0.594770 0.998397 0.594925 0.998397 0.592172
0 0.998397 0.624406 0.998397 0.617195 0.998397 0.612495 0.998397 0.611412 0.998397 0.615231 0.998397 0.621588 0.998397 0.627894 0.998397 0.632164 0.998397 0.632319 0.998397 0.629566
0 0.998397 0.619993 0.998397 0.612783 0.998397 0.608082 0.998397 0.606999 0.998397 0.610818 0.998397 0.617175 0.998397 0.623481 0.998397 0.627751 0.998397 0.627906 0.998397 0.625153
0 0.922745 0.590215 0.923442 0.583005 0.917445 0.578305 0.911892 0.577222 0.904898 0.581040 0.901763 0.587398 0.903517 0.593704 0.907313 0.597974 0.913748 0.598129 0.918447 0.595375
0 0.886696 0.547568 0.887393 0.540358 0.881395 0.535658 0.875843 0.534575 0.868848 0.538393 0.865714 0.544751 0.867468 0.551057 0.871263 0.555327 0.877699 0.555482 0.882397 0.552728
0 0.815182 0.632802 0.812798 0.626021 0.806802 0.621321 0.801248 0.620238 0.794254 0.624057 0.791120 0.630414 0.790787 0.638190 0.798298 0.644893 0.806121 0.644254 0.812046 0.639550
0 0.895506 0.722511 0.893122 0.715731 0.887126 0.711030 0.881573 0.709947 0.874579 0.713766 0.871445 0.720123 0.871111 0.727899 0.878622 0.734602 0.886445 0.733964 0.892370 0.729259
0 0.871628 0.653252 0.869244 0.646471 0.863248 0.641770 0.857695 0.640687 0.850700 0.644506 0.847566 0.650863 0.847233 0.658639 0.854744 0.665342 0.862567 0.664704 0.868492 0.660000
0 0.966967 0.719993 0.964583 0.713212 0.958587 0.708512 0.953034 0.707429 0.946040 0.711248 0.942906 0.717605 0.942573 0.725381 0.950083 0.732084 0.957906 0.731445 0.963831 0.726741
0 0.874747 0.312318 0.872363 0.305538 0.866367 0.300837 0.860814 0.299755 0.853820 0.303573 0.850686 0.309931 0.850353 0.317706 0.857863 0.324409 0.865686 0.323771 0.871611 0.319066
0 0.087490 0.695566 0.085106 0.688786 0.079110 0.684085 0.073556 0.683002 0.066562 0.686821 0.063428 0.693179 0.063095 0.700954 0.070606 0.707657 0.078429 0.707019 0.084353 0.702314
0 0.581925 0.754492 0.588406 0.747303 0.590911 0.739034 0.588974 0.731981 0.582483 0.728377 0.576511 0.726693 0.569544 0.728512 0.563761 0.733103 0.561121 0.738574 0.559880 0.745924 0.561560 0.751453 0.567492 0.755359 0.574162 0.756534
0 0.546441 0.623543 0.552922 0.616354 0.555427 0.608085 0.553490 0.601032 0.546999 0.597428 0.541027 0.595745 0.534060 0.597564 0.528277 0.602155 0.525637 0.607625 0.524396 0.614975 0.526076 0.620505 0.532008 0.624410 0.538678 0.625585
0 0.775911 0.693251 0.782392 0.686062 0.784897 0.677793 0.782961 0.670740 0.776468 0.667136 0.770497 0.665452 0.763530 0.667271 0.757747 0.671862 0.755107 0.677333 0.753866 0.684683 0.755546 0.690212 0.761478 0.694118 0.768148 0.695293
0 0.790984 0.530322 0.797464 0.523133 0.797686 0.513572 0.788699 0.505722 0.781247 0.504655 0.774098 0.509260 0.770903 0.514309 0.768939 0.521754 0.770618 0.527284 0.776550 0.531189 0.783220 0.532364
0 0.287191 0.259622 0.293672 0.252433 0.296178 0.244164 0.294240 0.237112 0.287749 0.233507 0.281777 0.231823 0.274810 0.233643 0.269027 0.238233 0.266387 0.243704 0.265146 0.251054 0.266826 0.256584 0.272758 0.260489 0.279428 0.261664
0 0.423952 0.297305 0.429503 0.290602 0.430978 0.283806 0.429963 0.277018 0.425335 0.272949 0.419363 0.271265 0.412397 0.273084 0.407865 0.277587 0.404483 0.283291 0.403063 0.289919 0.404667 0.294135 0.410023 0.298190 0.417467 0.299325
0 0.779457 0.624766 0.785937 0.617578 0.788442 0.609309 0.786506 0.602256 0.780014 0.598652 0.774042 0.596968 0.767076 0.598787 0.761292 0.603378 0.758652 0.608848 0.757411 0.616199 0.759092 0.621728 0.765024 0.625634 0.771694 0.626808
0 0.774174 0.555391 0.779229 0.549066 0.780670 0.540410 0.775801 0.532899 0.769552 0.530133 0.762392 0.531234 0.756609 0.535825 0.753968 0.541296 0.752728 0.548646 0.754408 0.554176 0.760340 0.558081 0.767010 0.559256
0 0.908869 0.441482 0.913924 0.435158 0.915365 0.426502 0.910497 0.418991 0.904248 0.416224 0.897087 0.417326 0.891304 0.421917 0.888664 0.427387 0.887423 0.434737 0.889103 0.440267 0.895035 0.444173 0.901705 0.445348
0 0.871567 0.750410 0.872778 0.745029 0.871595 0.740081 0.868175 0.738158 0.864199 0.737293 0.859814 0.737881 0.856062 0.740161 0.853761 0.745414 0.854093 0.750910 0.856538 0.754379 0.863076 0.756394 0.867349 0.754802
0 0.916457 0.728014 0.917668 0.722633 0.916485 0.717685 0.913065 0.715762 0.909089 0.714896 0.904705 0.715485 0.900952 0.717765 0.898651 0.723017 0.898983 0.728514 0.901428 0.731983 0.907966 0.733997 0.912240 0.732406
0 0.998397 0.747965 0.998397 0.742584 0.998397 0.737635 0.998397 0.735712 0.998397 0.734847 0.997112 0.735435 0.993360 0.737715 0.991059 0.742968 0.991391 0.748465 0.993836 0.751934 0.998397 0.753948 0.998397 0.752357
0 0.911978 0.673784 0.913189 0.668403 0.912006 0.663455 0.908586 0.661532 0.904610 0.660666 0.900226 0.661255 0.896474 0.663535 0.894172 0.668787 0.894505 0.674284 0.896949 0.677753 0.903487 0.679767 0.907761 0.678176
0 0.814830 0.709979 0.816042 0.704597 0.814858 0.699649 0.811439 0.697726 0.807463 0.696860 0.803078 0.697449 0.799326 0.699729 0.797024 0.704982 0.797357 0.710478 0.799802 0.713947 0.806340 0.715962 0.810613 0.714370
0 0.804559 0.688467 0.805770 0.683086 0.804587 0.678137 0.801167 0.676215 0.797191 0.675349 0.792807 0.675938 0.789055 0.678218 0.786754 0.683470 0.787086 0.688967 0.789531 0.692436 0.796069 0.694450 0.800342 0.692859
0 0.834592 0.619356 0.835803 0.613974 0.834620 0.609026 0.831200 0.607103 0.827224 0.606237 0.822840 0.606826 0.819087 0.609106 0.816785 0.614359 0.817118 0.619855 0.819563 0.623324 0.826101 0.625338 0.830374 0.623748
0 0.811753 0.843766 0.812964 0.838385 0.811781 0.833436 0.808361 0.831514 0.804385 0.830648 0.800000 0.831237 0.796248 0.833516 0.793947 0.838769 0.794279 0.844266 0.796724 0.847735 0.803262 0.849749 0.807535 0.848158
0 0.691541 0.823088 0.692752 0.817706 0.691569 0.812758 0.688149 0.810836 0.684173 0.809969 0.679789 0.810559 0.676037 0.812838 0.673735 0.818091 0.674067 0.823587 0.676512 0.827056 0.683050 0.829071 0.687324 0.827480
0 0.652467 0.844897 0.653678 0.839516 0.652495 0.834567 0.649075 0.832645 0.645099 0.831779 0.640715 0.832368 0.636963 0.834648 0.634661 0.839900 0.634993 0.845397 0.637438 0.848866 0.643976 0.850880 0.648250 0.849289
0 0.714346 0.826497 0.715557 0.821115 0.714374 0.816166 0.710954 0.814244 0.706978 0.813378 0.702594 0.813967 0.698842 0.816247 0.696541 0.821500 0.696873 0.826996 0.699318 0.830465 0.705856 0.832479 0.710129 0.830888
0 0.869481 0.690477 0.870692 0.685095 0.869509 0.680147 0.866089 0.678225 0.862113 0.677359 0.857728 0.677948 0.853976 0.680227 0.851674 0.685480 0.852007 0.690976 0.854452 0.694445 0.860990 0.696460 0.865264 0.694869
0 0.845483 0.676394 0.846694 0.671013 0.845511 0.666064 0.842091 0.664142 0.838115 0.663276 0.833731 0.663865 0.829979 0.666144 0.827677 0.671397 0.828009 0.676893 0.830454 0.680362 0.836992 0.682377 0.841266 0.680786
0 0.827245 0.669820 0.828456 0.664439 0.827273 0.659490 0.823853 0.657568 0.819878 0.656702 0.815493 0.657291 0.811741 0.659570 0.809439 0.664823 0.809772 0.670320 0.812217 0.673788 0.818755 0.675803 0.823028 0.674212
0 0.721485 0.702543 0.722696 0.697162 0.721513 0.692213 0.718093 0.690291 0.714117 0.689425 0.709733 0.690014 0.705980 0.692294 0.703678 0.697547 0.704011 0.703043 0.706456 0.706512 0.712994 0.708526 0.717268 0.706935
0 0.988216 0.591208 0.989427 0.585826 0.988244 0.580878 0.984824 0.578955 0.980848 0.578089 0.976464 0.578678 0.972712 0.580958 0.970410 0.586211 0.970743 0.591707 0.973187 0.595176 0.979725 0.597191 0.983999 0.595599
0 0.875114 0.576650 0.876325 0.571269 0.875142 0.566320 0.871721 0.564398 0.867746 0.563532 0.863361 0.564121 0.859609 0.566400 0.857307 0.571653 0.857640 0.577150 0.860085 0.580619 0.866623 0.582633 0.870896 0.581042
0 0.826359 0.537205 0.827570 0.531824 0.826387 0.526875 0.822967 0.524953 0.818991 0.524087 0.814607 0.524676 0.810855 0.526955 0.808553 0.532208 0.808886 0.537704 0.811330 0.541174 0.817868 0.543188 0.822142 0.541597
0 0.728538 0.518774 0.729749 0.513393 0.728566 0.508444 0.725145 0.506521 0.721170 0.505656 0.716785 0.506245 0.713033 0.508524 0.710732 0.513777 0.711064 0.519273 0.713509 0.522742 0.720047 0.524757 0.724320 0.523165
0 0.963723 0.441690 0.964934 0.436309 0.963751 0.431360 0.960331 0.429437 0.956355 0.428572 0.951971 0.429161 0.948219 0.431441 0.945917 0.436693 0.946250 0.442190 0.948694 0.445658 0.955232 0.447673 0.959506 0.446082
0 0.814632 0.573753 0.815843 0.568371 0.814660 0.563422 0.811240 0.561500 0.807264 0.560634 0.802879 0.561223 0.799127 0.563503 0.796826 0.568756 0.797158 0.574252 0.799603 0.577721 0.806141 0.579735 0.810414 0.578144
0 0.629314 0.466730 0.630525 0.461349 0.629342 0.456400 0.625922 0.454477 0.621946 0.453612 0.617561 0.454200 0.613809 0.456480 0.611507 0.461733 0.611840 0.467229 0.614285 0.470698 0.620823 0.472713 0.625096 0.471121
0 0.674212 0.437648 0.675423 0.432266 0.674240 0.427318 0.670820 0.425395 0.666844 0.424529 0.662460 0.425119 0.658708 0.427398 0.656406 0.432651 0.656738 0.438147 0.659183 0.441616 0.665721 0.443631 0.669995 0.442039
0 0.701190 0.478936 0.702401 0.473554 0.701218 0.468605 0.697798 0.466683 0.693822 0.465817 0.689438 0.466406 0.685686 0.468686 0.683384 0.473939 0.683716 0.479435 0.686161 0.482904 0.692699 0.484918 0.696973 0.483327
0 0.639968 0.522591 0.641179 0.517210 0.639996 0.512261 0.636576 0.510338 0.632600 0.509473 0.628216 0.510062 0.624464 0.512341 0.622162 0.517594 0.622495 0.523090 0.624939 0.526559 0.631477 0.528574 0.635751 0.526983
0 0.569626 0.567139 0.570837 0.561757 0.569654 0.556809 0.566234 0.554886 0.562259 0.554021 0.557874 0.554609 0.554122 0.556889 0.551821 0.562142 0.552153 0.567638 0.554598 0.571107 0.561136 0.573122 0.565409 0.571530
0 0.535377 0.539036 0.536588 0.533655 0.535405 0.528707 0.531985 0.526784 0.528009 0.525918 0.523624 0.526507 0.519872 0.528786 0.517570 0.534039 0.517903 0.539535 0.520348 0.543005 0.526886 0.545020 0.531160 0.543428
0 0.557821 0.537022 0.559031 0.531641 0.557848 0.526693 0.554428 0.524770 0.550453 0.523904 0.546068 0.524493 0.542316 0.526773 0.540014 0.532025 0.540347 0.537522 0.542792 0.540991 0.549330 0.543005 0.553603 0.541414
0 0.543270 0.573564 0.544480 0.568183 0.543297 0.563235 0.539877 0.561312 0.535902 0.560447 0.531517 0.561035 0.527765 0.563315 0.525464 0.568568 0.525796 0.574064 0.528241 0.577533 0.534779 0.579548 0.539052 0.577956
0 0.677134 0.636281 0.678345 0.630899 0.677162 0.625950 0.673742 0.624028 0.669766 0.623162 0.665381 0.623751 0.661629 0.626031 0.659328 0.631284 0.659660 0.636780 0.662105 0.640249 0.668643 0.642263 0.672916 0.640672
0 0.672027 0.586418 0.673239 0.581036 0.672056 0.576087 0.668636 0.574165 0.664660 0.573299 0.660276 0.573888 0.656523 0.576168 0.654221 0.581421 0.654554 0.586917 0.656999 0.590386 0.663537 0.592400 0.667810 0.590809
0 0.680110 0.603143 0.681321 0.597761 0.680138 0.592813 0.676718 0.590890 0.672743 0.590025 0.668358 0.590614 0.664606 0.592893 0.662304 0.598146 0.662637 0.603642 0.665082 0.607111 0.671620 0.609126 0.675893 0.607534
0 0.630598 0.681811 0.631809 0.676430 0.630626 0.671481 0.627206 0.669559 0.623230 0.668693 0.618846 0.669282 0.615094 0.671562 0.612792 0.676814 0.613124 0.682311 0.615569 0.685780 0.622107 0.687794 0.626381 0.686203
0 0.546315 0.654317 0.547526 0.648936 0.546344 0.643987 0.542923 0.642065 0.538948 0.641199 0.534563 0.641788 0.530811 0.644068 0.528509 0.649320 0.528842 0.654817 0.531287 0.658286 0.537825 0.660300 0.542098 0.658709
0 0.593675 0.612551 0.594886 0.607169 0.593703 0.602221 0.590283 0.600299 0.586307 0.599432 0.581923 0.600022 0.578171 0.602301 0.575869 0.607554 0.576201 0.613050 0.578646 0.616519 0.585184 0.618534 0.589458 0.616943
0 0.570063 0.622112 0.571274 0.616730 0.570091 0.611782 0.566671 0.609859 0.562695 0.608994 0.558311 0.609582 0.554558 0.611862 0.552256 0.617115 0.552589 0.622611 0.555034 0.626080 0.561572 0.628095 0.565846 0.626503
0 0.618676 0.752508 0.619887 0.747126 0.618704 0.742178 0.615284 0.740256 0.611308 0.739389 0.606924 0.739979 0.603172 0.742258 0.600870 0.747511 0.601203 0.753007 0.603647 0.756476 0.610185 0.758491 0.614459 0.756899
0 0.536852 0.835175 0.538063 0.829794 0.536880 0.824846 0.533460 0.822923 0.529484 0.822057 0.525100 0.822646 0.521347 0.824926 0.519046 0.830178 0.519378 0.835675 0.521823 0.839144 0.528361 0.841159 0.532635 0.839567
0 0.517603 0.833188 0.518814 0.827807 0.517631 0.822859 0.514211 0.820936 0.510235 0.820071 0.506364 0.821645 0.503931 0.824502 0.501679 0.829416 0.502415 0.834498 0.505388 0.837811 0.509112 0.839172 0.513386 0.837580
0 0.607006 0.837869 0.608217 0.832488 0.607033 0.827540 0.603614 0.825617 0.599638 0.824752 0.595253 0.825340 0.591501 0.827620 0.589200 0.832873 0.589532 0.838369 0.591977 0.841838 0.598515 0.843853 0.602788 0.842261
0 0.417194 0.764798 0.418405 0.759416 0.417222 0.754468 0.413801 0.752546 0.409826 0.751680 0.405953 0.753254 0.403521 0.756111 0.401269 0.761025 0.402005 0.766108 0.404978 0.769420 0.408703 0.770781 0.412976 0.769189
0 0.436901 0.768231 0.438112 0.762850 0.436929 0.757901 0.433509 0.755979 0.429533 0.755113 0.425661 0.756687 0.423229 0.759545 0.420977 0.764458 0.421712 0.769541 0.424685 0.772853 0.428410 0.774214 0.432683 0.772623
0 0.440462 0.794339 0.441673 0.788958 0.440490 0.784009 0.437069 0.782086 0.433094 0.781221 0.429222 0.782795 0.426789 0.785652 0.424538 0.790566 0.425273 0.795649 0.428246 0.798961 0.431971 0.800322 0.436244 0.798731
0 0.379531 0.762481 0.380742 0.757099 0.379559 0.752151 0.376139 0.750228 0.372163 0.749362 0.368291 0.750937 0.365859 0.753794 0.363607 0.758708 0.364342 0.763790 0.367316 0.767103 0.371040 0.768463 0.375314 0.766873
0 0.355465 0.780847 0.356676 0.775466 0.355493 0.770517 0.352073 0.768595 0.348097 0.767729 0.344226 0.769304 0.341793 0.772161 0.339541 0.777075 0.340276 0.782157 0.343249 0.785470 0.346974 0.786830 0.351247 0.785239
0 0.375513 0.572568 0.376724 0.567186 0.375541 0.562237 0.372121 0.560315 0.368145 0.559449 0.364273 0.561024 0.361841 0.563881 0.359589 0.568795 0.360324 0.573877 0.363297 0.577190 0.367022 0.578550 0.371296 0.576959
0 0.328835 0.549785 0.330046 0.544404 0.328863 0.539456 0.325443 0.537533 0.321468 0.536668 0.317595 0.538242 0.315164 0.541099 0.312912 0.546013 0.313647 0.551096 0.316620 0.554408 0.320345 0.555769 0.324618 0.554177
0 0.356626 0.552898 0.357837 0.547517 0.356654 0.542568 0.353234 0.540646 0.349258 0.539780 0.345386 0.541354 0.342954 0.544212 0.340702 0.549126 0.341437 0.554208 0.344410 0.557520 0.348135 0.558881 0.352409 0.557290
0 0.407025 0.532028 0.408236 0.526647 0.407053 0.521698 0.403633 0.519776 0.399657 0.518910 0.395786 0.520484 0.393353 0.523342 0.391101 0.528256 0.391836 0.533338 0.394809 0.536650 0.398534 0.538011 0.402808 0.536420
0 0.319801 0.608226 0.321012 0.602845 0.319829 0.597897 0.316409 0.595974 0.312433 0.595108 0.308561 0.596683 0.306129 0.599540 0.303877 0.604454 0.304612 0.609537 0.307585 0.612848 0.311310 0.614210 0.315584 0.612618
0 0.344159 0.630971 0.345370 0.625589 0.344187 0.620640 0.340766 0.618718 0.336791 0.617852 0.332919 0.619427 0.330487 0.622284 0.328234 0.627198 0.328970 0.632280 0.331943 0.635593 0.335668 0.636953 0.339941 0.635363
0 0.330406 0.587248 0.331617 0.581866 0.330434 0.576918 0.327013 0.574996 0.323038 0.574130 0.319166 0.575704 0.316734 0.578562 0.314481 0.583475 0.315217 0.588558 0.318190 0.591870 0.321915 0.593231 0.326189 0.591640
0 0.412907 0.621454 0.414118 0.616073 0.412935 0.611124 0.409515 0.609201 0.405539 0.608336 0.401667 0.609911 0.399235 0.612768 0.396983 0.617682 0.397718 0.622764 0.400691 0.626076 0.404416 0.627437 0.408690 0.625846
0 0.234625 0.510934 0.235837 0.505553 0.234654 0.500604 0.231233 0.498682 0.227258 0.497816 0.223385 0.499391 0.220953 0.502248 0.218701 0.507162 0.219437 0.512244 0.222410 0.515556 0.226135 0.516917 0.230408 0.515326
0 0.445811 0.467108 0.447022 0.461726 0.445839 0.456778 0.442419 0.454855 0.438444 0.453990 0.434571 0.455564 0.432139 0.458421 0.429887 0.463335 0.430623 0.468418 0.433596 0.471730 0.437321 0.473091 0.441594 0.471500
0 0.496823 0.461720 0.498034 0.456339 0.496851 0.451390 0.493430 0.449468 0.489455 0.448602 0.485582 0.450177 0.483150 0.453034 0.480898 0.457948 0.481634 0.463030 0.484607 0.466342 0.488332 0.467703 0.492605 0.466112
0 0.484617 0.487330 0.485828 0.481948 0.484645 0.477000 0.481225 0.475078 0.477250 0.474211 0.473377 0.475786 0.470946 0.478643 0.468693 0.483557 0.469429 0.488640 0.472401 0.491952 0.476127 0.493313 0.480400 0.491721
0 0.525505 0.473374 0.526716 0.467993 0.525533 0.463044 0.522113 0.461122 0.518138 0.460256 0.514265 0.461831 0.511833 0.464688 0.509581 0.469602 0.510317 0.474684 0.513289 0.477996 0.517015 0.479357 0.521288 0.477766
0 0.481407 0.516978 0.482618 0.511596 0.481435 0.506648 0.478015 0.504725 0.474039 0.503860 0.470167 0.505434 0.467735 0.508291 0.465483 0.513205 0.466218 0.518288 0.469191 0.521600 0.472916 0.522961 0.477190 0.521369
0 0.475180 0.550870 0.476390 0.545489 0.475207 0.540540 0.471787 0.538617 0.467812 0.537752 0.463939 0.539326 0.461507 0.542184 0.459255 0.547098 0.459991 0.552180 0.462964 0.555492 0.466689 0.556853 0.470962 0.555262
0 0.504191 0.543002 0.505401 0.537620 0.504219 0.532672 0.500798 0.530750 0.496823 0.529884 0.492950 0.531458 0.490518 0.534315 0.488266 0.539229 0.489002 0.544312 0.491975 0.547624 0.495700 0.548985 0.499973 0.547394
0 0.483874 0.588080 0.485085 0.582698 0.483902 0.577750 0.480482 0.575828 0.476506 0.574962 0.472635 0.576537 0.470202 0.579394 0.467950 0.584308 0.468686 0.589390 0.471659 0.592702 0.475384 0.594063 0.479657 0.592472
0 0.443943 0.587942 0.445154 0.582561 0.443971 0.577612 0.440551 0.575690 0.436575 0.574824 0.432704 0.576398 0.430271 0.579256 0.428019 0.584170 0.428755 0.589252 0.431727 0.592564 0.435452 0.593925 0.439726 0.592334
0 0.384480 0.529262 0.386029 0.524895 0.384846 0.519946 0.381427 0.518024 0.377156 0.518687 0.374470 0.521987 0.373452 0.525343 0.374139 0.529464 0.376627 0.531908 0.381081 0.531987
0 0.308791 0.532966 0.310341 0.528599 0.309158 0.523650 0.305738 0.521728 0.301468 0.522391 0.298781 0.525691 0.297763 0.529047 0.298451 0.533168 0.300938 0.535612 0.305392 0.535691
0 0.435338 0.516923 0.436887 0.512555 0.435704 0.507607 0.432285 0.505684 0.428014 0.506347 0.425328 0.509647 0.424310 0.513004 0.424997 0.517124 0.427485 0.519569 0.431939 0.519647
0 0.455327 0.523219 0.456877 0.518852 0.455694 0.513903 0.452274 0.511981 0.448004 0.512644 0.445317 0.515943 0.444299 0.519300 0.444987 0.523421 0.447474 0.525866 0.451928 0.525944
0 0.518081 0.572840 0.519631 0.568473 0.518448 0.563524 0.515028 0.561602 0.510757 0.562265 0.508071 0.565565 0.507053 0.568921 0.507740 0.573042 0.510228 0.575486 0.514682 0.575565
0 0.498251 0.502729 0.499469 0.499114 0.497722 0.495941 0.493662 0.495190 0.490850 0.497368 0.489795 0.500473 0.490445 0.502659 0.492078 0.504581 0.495279 0.504804
0 0.344113 0.504401 0.345663 0.500034 0.344480 0.495085 0.341060 0.493163 0.336789 0.493826 0.334103 0.497125 0.333085 0.500482 0.333772 0.504603 0.336260 0.507048 0.340714 0.507126
0 0.272353 0.535789 0.273564 0.530408 0.272381 0.525459 0.268961 0.523537 0.264985 0.522671 0.261114 0.524245 0.258681 0.527103 0.256429 0.532017 0.257165 0.537099 0.260137 0.540411 0.263863 0.541772 0.268136 0.540181
0 0.295799 0.477506 0.297010 0.472125 0.295827 0.467176 0.292407 0.465254 0.288431 0.464388 0.284559 0.465962 0.282127 0.468820 0.279875 0.473733 0.280610 0.478816 0.283584 0.482128 0.287308 0.483489 0.291582 0.481898
0 0.197869 0.481759 0.199080 0.476377 0.197897 0.471428 0.194477 0.469506 0.190501 0.468640 0.186629 0.470215 0.184197 0.473072 0.181945 0.477986 0.182680 0.483068 0.185653 0.486381 0.189378 0.487741 0.193652 0.486150
0 0.250170 0.427644 0.251381 0.422262 0.250198 0.417314 0.246778 0.415391 0.242802 0.414526 0.238931 0.416100 0.236498 0.418958 0.234246 0.423871 0.234982 0.428954 0.237954 0.432266 0.241680 0.433627 0.245953 0.432035
0 0.219180 0.603056 0.220391 0.597674 0.219208 0.592725 0.215788 0.590803 0.211812 0.589937 0.207940 0.591511 0.205508 0.594369 0.203256 0.599283 0.203991 0.604365 0.206964 0.607677 0.210689 0.609038 0.214962 0.607447
0 0.185184 0.586679 0.186395 0.581298 0.185212 0.576349 0.181792 0.574427 0.177816 0.573561 0.173944 0.575136 0.171512 0.577993 0.169260 0.582907 0.169995 0.587989 0.172968 0.591301 0.176693 0.592662 0.180966 0.591071
0 0.169257 0.572329 0.170468 0.566947 0.169285 0.561999 0.165865 0.560077 0.161889 0.559210 0.158017 0.560785 0.155585 0.563642 0.153333 0.568556 0.154068 0.573639 0.157041 0.576951 0.160766 0.578312 0.165039 0.576721
0 0.135616 0.560515 0.136827 0.555134 0.135644 0.550185 0.132224 0.548263 0.128249 0.547397 0.124377 0.548972 0.121945 0.551829 0.119692 0.556743 0.120428 0.561825 0.123401 0.565137 0.127126 0.566498 0.131399 0.564907
0 0.126319 0.538003 0.127529 0.532622 0.126346 0.527673 0.122926 0.525751 0.118950 0.524885 0.115078 0.526459 0.112646 0.529317 0.110394 0.534230 0.111129 0.539313 0.114103 0.542625 0.117827 0.543986 0.122101 0.542395
0 0.140468 0.589591 0.141679 0.584210 0.140496 0.579262 0.137076 0.577339 0.133100 0.576473 0.129228 0.578048 0.126796 0.580905 0.124544 0.585819 0.125279 0.590901 0.128253 0.594213 0.131977 0.595574 0.136251 0.593983
0 0.119431 0.594412 0.120642 0.589031 0.119459 0.584082 0.116039 0.582160 0.112063 0.581294 0.108191 0.582869 0.105758 0.585726 0.103507 0.590640 0.104242 0.595722 0.107215 0.599034 0.110940 0.600395 0.115213 0.598804
0 0.112941 0.616079 0.114152 0.610697 0.112969 0.605748 0.109549 0.603826 0.105574 0.602960 0.101702 0.604535 0.099269 0.607392 0.097017 0.612306 0.097753 0.617388 0.100725 0.620701 0.104451 0.622061 0.108724 0.620470
0 0.157164 0.598639 0.158375 0.593257 0.157192 0.588309 0.153772 0.586387 0.149797 0.585520 0.145924 0.587095 0.143492 0.589952 0.141240 0.594866 0.141976 0.599948 0.144948 0.603261 0.148674 0.604621 0.152947 0.603030
0 0.160654 0.620563 0.161865 0.615182 0.160682 0.610233 0.157262 0.608311 0.153286 0.607445 0.149415 0.609020 0.146982 0.611877 0.144730 0.616791 0.145466 0.621873 0.148439 0.625185 0.152163 0.626546 0.156437 0.624955
0 0.144368 0.670414 0.145579 0.665033 0.144396 0.660084 0.140976 0.658162 0.137000 0.657296 0.133128 0.658870 0.130696 0.661727 0.128444 0.666641 0.129179 0.671724 0.132152 0.675036 0.135877 0.676397 0.140151 0.674806
0 0.223900 0.632499 0.225111 0.627117 0.223928 0.622169 0.220508 0.620246 0.216532 0.619381 0.212661 0.620956 0.210228 0.623813 0.207976 0.628727 0.208712 0.633809 0.211684 0.637121 0.215409 0.638482 0.219683 0.636891
0 0.116758 0.402606 0.117969 0.397224 0.116786 0.392276 0.113366 0.390354 0.109390 0.389488 0.105518 0.391062 0.103086 0.393919 0.100834 0.398833 0.101569 0.403916 0.104542 0.407228 0.108267 0.408589 0.112541 0.406997
0 0.167482 0.372919 0.168693 0.367537 0.167510 0.362589 0.164090 0.360666 0.160114 0.359801 0.156242 0.361375 0.153810 0.364233 0.151558 0.369146 0.152293 0.374229 0.155266 0.377541 0.158991 0.378902 0.163265 0.377310
0 0.177916 0.386323 0.179127 0.380942 0.177944 0.375994 0.174524 0.374071 0.170548 0.373205 0.166677 0.374780 0.164244 0.377637 0.161992 0.382551 0.162728 0.387634 0.165701 0.390945 0.169425 0.392307 0.173699 0.390715
0 0.245941 0.380063 0.247152 0.374682 0.245969 0.369733 0.242549 0.367811 0.238573 0.366945 0.234701 0.368519 0.232269 0.371377 0.230017 0.376291 0.230752 0.381373 0.233725 0.384685 0.237450 0.386046 0.241723 0.384455
0 0.175337 0.339032 0.176548 0.333651 0.175365 0.328703 0.171945 0.326780 0.167969 0.325914 0.164098 0.327489 0.161665 0.330346 0.159413 0.335260 0.160149 0.340342 0.163122 0.343654 0.166846 0.345016 0.171120 0.343424
0 0.447307 0.414485 0.448518 0.409104 0.447335 0.404155 0.443914 0.402232 0.439939 0.401367 0.436067 0.402942 0.433634 0.405799 0.431383 0.410713 0.432118 0.415795 0.435091 0.419107 0.438816 0.420468 0.443089 0.418877
0 0.511516 0.405042 0.512727 0.399661 0.511544 0.394712 0.508124 0.392790 0.504149 0.391924 0.500277 0.393498 0.497845 0.396356 0.495592 0.401270 0.496328 0.406352 0.499301 0.409664 0.503026 0.411025 0.507299 0.409434
0 0.621056 0.488788 0.622267 0.483407 0.621084 0.478458 0.617664 0.476536 0.613688 0.475670 0.609817 0.477244 0.607384 0.480102 0.605132 0.485015 0.605868 0.490098 0.608841 0.493410 0.612566 0.494771 0.616839 0.493180
0 0.603410 0.506949 0.604621 0.501568 0.603438 0.496620 0.600018 0.494697 0.596042 0.493831 0.592170 0.495406 0.589738 0.498263 0.587486 0.503177 0.588221 0.508259 0.591194 0.511571 0.594919 0.512933 0.599193 0.511341
0 0.388770 0.404394 0.388749 0.397794 0.385146 0.393710 0.379421 0.392234 0.373943 0.396151 0.371741 0.403053 0.371402 0.407901 0.375198 0.412171 0.381633 0.412326 0.386332 0.409573
0 0.429926 0.402166 0.431137 0.396785 0.429954 0.391836 0.426535 0.389914 0.422559 0.389048 0.418687 0.390623 0.416254 0.393480 0.414002 0.398394 0.414738 0.403476 0.417710 0.406788 0.421436 0.408149 0.425709 0.406558
0 0.054156 0.582094 0.055366 0.576713 0.054183 0.571764 0.050763 0.569841 0.046788 0.568976 0.042916 0.570551 0.040484 0.573408 0.038231 0.578322 0.038967 0.583404 0.041940 0.586716 0.045665 0.588077 0.049938 0.586486
0 0.095627 0.565334 0.096838 0.559953 0.095655 0.555005 0.092235 0.553082 0.088259 0.552217 0.084388 0.553791 0.081955 0.556648 0.079703 0.561562 0.080439 0.566644 0.083412 0.569956 0.087136 0.571318 0.091410 0.569726
0 0.102974 0.513358 0.104185 0.507976 0.103002 0.503028 0.099582 0.501106 0.095606 0.500240 0.091735 0.501814 0.089302 0.504672 0.087050 0.509585 0.087786 0.514668 0.090759 0.517980 0.094483 0.519341 0.098757 0.517749
0 0.142983 0.497773 0.144194 0.492392 0.143011 0.487444 0.139591 0.485521 0.135615 0.484656 0.131743 0.486230 0.129311 0.489087 0.127059 0.494001 0.127794 0.499084 0.130767 0.502395 0.134492 0.503757 0.138766 0.502165
0 0.169764 0.519234 0.170975 0.513853 0.169792 0.508904 0.166372 0.506982 0.162396 0.506116 0.158524 0.507690 0.156091 0.510547 0.153840 0.515461 0.154575 0.520544 0.157548 0.523856 0.161273 0.525217 0.165546 0.523626
0 0.040359 0.624028 0.041570 0.618646 0.040387 0.613698 0.036967 0.611776 0.032992 0.610910 0.029119 0.612484 0.026687 0.615341 0.024435 0.620255 0.025171 0.625338 0.028143 0.628650 0.031869 0.630011 0.036142 0.628419
0 0.094460 0.675588 0.095671 0.670207 0.094488 0.665258 0.091068 0.663336 0.087092 0.662470 0.083221 0.664045 0.080788 0.666902 0.078536 0.671816 0.079272 0.676898 0.082244 0.680210 0.085969 0.681571 0.090242 0.679980
0 0.077341 0.565946 0.078552 0.560565 0.077369 0.555616 0.073950 0.553694 0.069974 0.552828 0.066102 0.554403 0.063670 0.557260 0.061417 0.562174 0.062153 0.567256 0.065126 0.570568 0.068851 0.571929 0.073124 0.570338
0 0.073388 0.527945 0.074599 0.522563 0.073416 0.517614 0.069996 0.515692 0.066020 0.514826 0.062148 0.516401 0.059716 0.519258 0.057464 0.524172 0.058199 0.529254 0.061172 0.532566 0.064897 0.533927 0.069171 0.532336
0 0.093656 0.492671 0.094867 0.487290 0.093684 0.482341 0.090264 0.480419 0.086288 0.479553 0.082416 0.481128 0.079984 0.483985 0.077732 0.488899 0.078467 0.493981 0.081440 0.497294 0.085165 0.498654 0.089438 0.497063
0 0.141664 0.430002 0.142875 0.424621 0.141692 0.419672 0.138272 0.417750 0.134296 0.416884 0.130424 0.418459 0.127992 0.421316 0.125740 0.426230 0.126475 0.431312 0.129449 0.434624 0.133173 0.435985 0.137447 0.434394
0 0.284565 0.331120 0.284996 0.327176 0.284170 0.323542 0.281822 0.321741 0.277851 0.320873 0.274610 0.322389 0.271811 0.324763 0.270298 0.328296 0.270449 0.332836 0.273255 0.336317 0.276641 0.337115 0.281434 0.334885
0 0.208889 0.343418 0.209320 0.339474 0.208493 0.335840 0.206145 0.334039 0.202174 0.333172 0.198933 0.334688 0.196134 0.337062 0.194621 0.340594 0.194772 0.345134 0.197578 0.348616 0.200963 0.349413 0.205757 0.347183
0 0.161178 0.302724 0.161609 0.298780 0.160783 0.295146 0.158434 0.293345 0.154464 0.292477 0.151222 0.293993 0.148424 0.296367 0.146910 0.299900 0.147062 0.304440 0.149867 0.307921 0.153253 0.308720 0.158046 0.306489
0 0.245780 0.452447 0.246211 0.448502 0.245386 0.444869 0.243037 0.443068 0.239066 0.442200 0.235825 0.443716 0.233026 0.446090 0.231513 0.449623 0.231664 0.454163 0.234470 0.457644 0.237856 0.458442 0.242649 0.456212
0 0.189081 0.447247 0.189512 0.443302 0.188686 0.439668 0.186337 0.437868 0.182366 0.437000 0.179125 0.438516 0.176327 0.440890 0.174814 0.444423 0.174965 0.448963 0.177770 0.452444 0.181156 0.453242 0.185950 0.451011
0 0.220219 0.309854 0.220650 0.305908 0.219824 0.302275 0.217475 0.300474 0.213505 0.299606 0.210263 0.301122 0.207465 0.303496 0.205952 0.307029 0.206103 0.311569 0.208908 0.315050 0.212294 0.315848 0.217087 0.313618
0 0.195203 0.159464 0.195634 0.155519 0.194808 0.151886 0.192459 0.150085 0.188489 0.149217 0.185247 0.150733 0.182449 0.153107 0.180936 0.156640 0.181087 0.161180 0.183892 0.164661 0.187278 0.165459 0.192072 0.163229
0 0.212121 0.225839 0.212552 0.221894 0.211726 0.218260 0.209202 0.217007 0.205232 0.216140 0.202165 0.217108 0.199367 0.219482 0.197854 0.223015 0.198005 0.227555 0.200810 0.231036 0.204196 0.231834 0.208989 0.229603
0 0.304788 0.377548 0.305219 0.373604 0.304393 0.369970 0.301870 0.368717 0.297899 0.367850 0.294832 0.368818 0.292034 0.371192 0.290521 0.374724 0.290672 0.379265 0.293478 0.382746 0.296863 0.383544 0.301657 0.381313
0 0.427807 0.237551 0.427718 0.233458 0.424319 0.230988 0.420078 0.230246 0.417314 0.231618 0.414304 0.235403 0.414194 0.239575 0.415758 0.242694 0.420778 0.243544 0.425504 0.241491
0 0.487834 0.297581 0.487744 0.293488 0.484345 0.291018 0.480105 0.290276 0.477341 0.291647 0.474331 0.295432 0.474221 0.299605 0.475784 0.302723 0.480805 0.303573 0.485531 0.301520
0 0.418446 0.251063 0.418356 0.246971 0.414958 0.244500 0.410717 0.243759 0.407953 0.245130 0.404943 0.248915 0.404833 0.253088 0.406396 0.256206 0.411417 0.257056 0.416143 0.255003
0 0.409508 0.273158 0.408967 0.269419 0.405417 0.268582 0.402602 0.268888 0.399992 0.271632 0.399071 0.275788 0.400702 0.277924 0.403836 0.278977 0.407111 0.276868
0 0.218003 0.186682 0.218435 0.182737 0.217608 0.179103 0.215084 0.177850 0.211114 0.176983 0.208047 0.177951 0.205249 0.180325 0.203736 0.183857 0.203887 0.188397 0.206692 0.191878 0.210078 0.192677 0.214871 0.190446
0 0.467742 0.246348 0.467652 0.242256 0.464253 0.239786 0.460012 0.239044 0.457249 0.240415 0.454238 0.244201 0.454129 0.248373 0.455692 0.251491 0.460713 0.252341 0.465438 0.250288
0 0.540797 0.333697 0.540707 0.329605 0.537309 0.327135 0.533067 0.326393 0.530304 0.327764 0.527294 0.331550 0.527184 0.335721 0.528747 0.338840 0.533768 0.339690 0.538493 0.337637
0 0.467256 0.397582 0.467166 0.393489 0.463767 0.391018 0.459526 0.390277 0.456762 0.391648 0.453752 0.395434 0.453642 0.399606 0.455206 0.402725 0.460226 0.403575 0.464952 0.401522
0 0.522165 0.267334 0.522075 0.263242 0.518676 0.260771 0.514435 0.260030 0.511672 0.261401 0.508661 0.265186 0.508551 0.269359 0.510115 0.272477 0.515136 0.273327 0.519861 0.271274
0 0.668481 0.387812 0.668391 0.383720 0.664992 0.381249 0.660751 0.380508 0.657988 0.381878 0.654977 0.385664 0.654867 0.389836 0.656431 0.392955 0.661451 0.393805 0.666177 0.391752
0 0.654301 0.397631 0.654211 0.393538 0.650812 0.391068 0.646571 0.390326 0.643808 0.391697 0.640797 0.395483 0.640688 0.399655 0.642251 0.402774 0.647272 0.403624 0.651997 0.401571
0 0.609513 0.362756 0.609424 0.358664 0.606025 0.356193 0.601784 0.355452 0.599020 0.356823 0.596010 0.360608 0.595900 0.364780 0.597464 0.367899 0.602484 0.368749 0.607210 0.366696
0 0.537068 0.388664 0.536978 0.384572 0.533579 0.382101 0.529339 0.381360 0.526575 0.382731 0.523564 0.386516 0.523455 0.390689 0.525018 0.393807 0.530038 0.394657 0.534764 0.392604
0 0.550661 0.379282 0.550571 0.375189 0.547172 0.372719 0.542931 0.371977 0.540167 0.373349 0.537157 0.377134 0.537047 0.381306 0.538611 0.384425 0.543631 0.385275 0.548357 0.383222
0 0.606569 0.391466 0.606479 0.387373 0.603081 0.384902 0.598840 0.384161 0.596076 0.385532 0.593066 0.389317 0.592956 0.393490 0.594519 0.396608 0.599540 0.397458 0.604266 0.395405
0 0.609899 0.407661 0.609810 0.403568 0.605146 0.401680 0.602078 0.402789 0.599822 0.405854 0.599231 0.409708 0.600611 0.412890 0.604020 0.413719 0.607595 0.411601
0 0.619451 0.412234 0.619361 0.408141 0.614698 0.406253 0.611629 0.407362 0.609374 0.410428 0.608783 0.414281 0.610163 0.417463 0.613571 0.418293 0.617147 0.416174
0 0.535406 0.278067 0.535316 0.273975 0.530652 0.272086 0.527584 0.273195 0.525329 0.276261 0.524738 0.280114 0.526118 0.283296 0.529526 0.284125 0.533102 0.282007
0 0.557875 0.265608 0.557786 0.261515 0.553122 0.259627 0.550054 0.260736 0.547798 0.263802 0.547208 0.267654 0.548587 0.270837 0.551995 0.271666 0.555572 0.269547
0 0.528043 0.304734 0.527953 0.300641 0.523289 0.298753 0.520221 0.299862 0.517965 0.302928 0.517375 0.306781 0.518754 0.309963 0.522163 0.310792 0.525739 0.308674
0 0.516268 0.304880 0.516179 0.300788 0.511515 0.298899 0.508446 0.300008 0.506191 0.303073 0.505600 0.306927 0.506980 0.310109 0.510388 0.310938 0.513965 0.308820
0 0.549164 0.278367 0.549075 0.274274 0.544411 0.272386 0.541343 0.273495 0.539087 0.276560 0.538496 0.280414 0.539877 0.283596 0.543285 0.284425 0.546861 0.282307
0 0.630397 0.250702 0.630307 0.246609 0.625644 0.244721 0.622576 0.245830 0.620320 0.248895 0.619730 0.252748 0.621109 0.255931 0.624517 0.256760 0.628094 0.254641
0 0.634310 0.280016 0.634220 0.275923 0.629557 0.274035 0.626488 0.275144 0.624233 0.278210 0.623642 0.282062 0.625022 0.285245 0.628430 0.286074 0.632007 0.283955
0 0.716129 0.367295 0.716039 0.363202 0.711376 0.361314 0.708307 0.362423 0.706051 0.365489 0.705461 0.369342 0.706841 0.372524 0.710249 0.373353 0.713825 0.371235
0 0.736215 0.422151 0.736125 0.418059 0.731461 0.416170 0.728393 0.417279 0.726137 0.420345 0.725546 0.424198 0.726927 0.427381 0.730335 0.428209 0.733911 0.426091
0 0.777532 0.369883 0.777442 0.365791 0.772779 0.363903 0.769710 0.365012 0.767455 0.368077 0.766864 0.371930 0.768244 0.375113 0.771652 0.375942 0.775229 0.373823
0 0.798860 0.333114 0.798770 0.329021 0.794107 0.327132 0.791038 0.328241 0.788782 0.331307 0.788192 0.335160 0.789572 0.338342 0.792980 0.339172 0.796556 0.337054
0 0.807131 0.323009 0.807042 0.318917 0.802378 0.317028 0.799310 0.318137 0.797054 0.321203 0.796463 0.325056 0.797843 0.328239 0.801252 0.329068 0.804827 0.326949
0 0.764204 0.362614 0.764114 0.358522 0.759451 0.356634 0.756382 0.357742 0.754127 0.360808 0.753536 0.364661 0.754916 0.367844 0.758324 0.368673 0.761900 0.366554
0 0.778939 0.429855 0.778849 0.425762 0.774186 0.423874 0.771117 0.424982 0.768862 0.428048 0.768271 0.431902 0.769651 0.435083 0.773059 0.435913 0.776636 0.433794
0 0.618923 0.370918 0.618833 0.366826 0.614169 0.364937 0.611101 0.366046 0.608845 0.369112 0.608255 0.372965 0.609635 0.376147 0.613043 0.376976 0.616619 0.374858
0 0.922200 0.337635 0.922110 0.333543 0.917446 0.331654 0.914378 0.332763 0.912122 0.335829 0.911532 0.339682 0.912912 0.342865 0.916320 0.343694 0.919896 0.341575
0 0.979611 0.357203 0.979521 0.353111 0.974857 0.351222 0.971789 0.352331 0.969534 0.355397 0.968943 0.359250 0.970323 0.362433 0.973731 0.363262 0.977307 0.361143
0 0.934651 0.340669 0.934561 0.336576 0.929898 0.334688 0.926830 0.335796 0.924574 0.338862 0.923983 0.342716 0.925363 0.345898 0.928771 0.346727 0.932348 0.344609
0 0.967778 0.325042 0.967688 0.320949 0.963024 0.319060 0.959956 0.320169 0.957700 0.323235 0.957110 0.327089 0.958490 0.330270 0.961898 0.331100 0.965474 0.328981
0 0.842098 0.467194 0.842008 0.463101 0.837345 0.461213 0.834276 0.462322 0.832021 0.465387 0.831431 0.469240 0.832810 0.472423 0.836218 0.473252 0.839795 0.471133
0 0.792989 0.486697 0.792899 0.482604 0.788235 0.480716 0.785167 0.481825 0.782911 0.484891 0.782321 0.488744 0.783701 0.491926 0.787109 0.492756 0.790685 0.490637
0 0.958992 0.458668 0.956659 0.455587 0.953752 0.454264 0.949729 0.453532 0.947257 0.454684 0.943462 0.458387 0.942090 0.462687 0.941810 0.465725 0.944485 0.469368 0.949854 0.470782 0.953572 0.469661 0.957183 0.467135 0.959627 0.463069
0 0.998397 0.518347 0.998397 0.515267 0.998397 0.513944 0.998397 0.513211 0.998397 0.514363 0.998397 0.518067 0.998397 0.522367 0.998397 0.525405 0.998397 0.529047 0.998397 0.530462 0.998397 0.529340 0.998397 0.526814 0.998397 0.522748
0 0.998397 0.385785 0.998397 0.382704 0.998397 0.381381 0.998397 0.380649 0.998397 0.381801 0.998397 0.385505 0.998397 0.389805 0.998397 0.392842 0.998397 0.396485 0.998397 0.397899 0.998397 0.396778 0.998397 0.394252 0.998397 0.390186
0 0.998397 0.392720 0.998397 0.389639 0.998397 0.388316 0.998397 0.387584 0.998397 0.388736 0.998397 0.392439 0.998397 0.396740 0.998397 0.399777 0.998397 0.403420 0.998397 0.404834 0.998397 0.403713 0.998397 0.401187 0.998397 0.397121
0 0.998397 0.418292 0.998397 0.415211 0.998397 0.413888 0.998397 0.413156 0.998397 0.414308 0.998397 0.418011 0.998397 0.422311 0.998397 0.425349 0.998397 0.428991 0.998397 0.430406 0.998397 0.429285 0.998397 0.426759 0.998397 0.422693
0 0.998397 0.408754 0.998397 0.405674 0.998397 0.404350 0.998397 0.403618 0.998397 0.404770 0.998397 0.408473 0.998397 0.412774 0.998397 0.415812 0.998397 0.419453 0.998397 0.420869 0.998397 0.419747 0.998397 0.417221 0.998397 0.413155
0 0.998397 0.436368 0.998397 0.433287 0.998397 0.431965 0.998397 0.431232 0.998397 0.432384 0.998397 0.436087 0.998397 0.440388 0.998397 0.443426 0.998397 0.447068 0.998397 0.448482 0.998397 0.447361 0.998397 0.444835 0.998397 0.440769
0 0.998397 0.477822 0.998397 0.474742 0.998397 0.473418 0.998397 0.472686 0.996774 0.473838 0.992979 0.477541 0.991607 0.481842 0.991327 0.484880 0.994002 0.488521 0.998397 0.489936 0.998397 0.488815 0.998397 0.486289 0.998397 0.482223
0 0.998397 0.553841 0.998397 0.550761 0.998397 0.549438 0.998397 0.548706 0.998397 0.549857 0.998397 0.553560 0.998397 0.557861 0.998397 0.560899 0.998397 0.564541 0.998397 0.565956 0.998397 0.564834 0.998397 0.562309 0.998397 0.558242
0 0.998397 0.530822 0.998397 0.527742 0.998397 0.526418 0.998397 0.525687 0.998397 0.526838 0.998397 0.530541 0.998397 0.534842 0.998397 0.537880 0.998397 0.541521 0.998397 0.542937 0.998397 0.541815 0.998397 0.539289 0.998397 0.535223
0 0.998397 0.521332 0.998397 0.518252 0.998397 0.516928 0.998397 0.516197 0.998397 0.517348 0.998397 0.521051 0.998397 0.525352 0.998397 0.528390 0.998397 0.532031 0.998397 0.533446 0.998397 0.532325 0.998397 0.529799 0.998397 0.525733
0 0.978045 0.419996 0.975713 0.416916 0.972805 0.415592 0.968782 0.414860 0.966311 0.416012 0.962515 0.419716 0.961143 0.424016 0.960863 0.427054 0.963539 0.430696 0.968907 0.432110 0.972625 0.430990 0.976236 0.428463 0.978681 0.424397
0 0.918899 0.450117 0.916567 0.447037 0.913660 0.445713 0.909636 0.444982 0.907166 0.446133 0.903370 0.449836 0.901998 0.454137 0.901718 0.457175 0.904393 0.460817 0.909762 0.462231 0.913480 0.461110 0.917090 0.458584 0.919536 0.454518
0 0.880231 0.418249 0.877900 0.415168 0.874993 0.413845 0.870969 0.413112 0.868498 0.414264 0.864702 0.417968 0.863330 0.422268 0.863050 0.425306 0.865725 0.428948 0.871094 0.430362 0.874812 0.429242 0.878423 0.426716 0.880868 0.422650
0 0.928280 0.468260 0.925947 0.465179 0.923041 0.463856 0.919017 0.463124 0.916546 0.464276 0.912750 0.467979 0.911378 0.472279 0.911098 0.475317 0.913774 0.478960 0.919142 0.480374 0.922860 0.479253 0.926471 0.476727 0.928916 0.472661
0 0.967414 0.486991 0.965081 0.483911 0.962175 0.482588 0.958151 0.481855 0.955680 0.483007 0.951884 0.486710 0.950512 0.491011 0.950232 0.494049 0.952908 0.497691 0.958276 0.499106 0.961994 0.497984 0.965605 0.495459 0.968050 0.491392
0 0.998397 0.526646 0.998397 0.523565 0.998397 0.522242 0.995333 0.521510 0.992862 0.522662 0.989066 0.526365 0.987694 0.530666 0.987414 0.533703 0.990090 0.537345 0.995459 0.538760 0.998397 0.537639 0.998397 0.535113 0.998397 0.531047
0 0.971501 0.576010 0.969168 0.572930 0.966261 0.571607 0.962238 0.570875 0.959767 0.572026 0.955971 0.575730 0.954599 0.580030 0.954319 0.583068 0.956995 0.586710 0.962363 0.588125 0.966080 0.587004 0.969692 0.584478 0.972136 0.580411
0 0.821143 0.469801 0.818811 0.466721 0.815904 0.465398 0.811881 0.464665 0.809410 0.465817 0.805614 0.469520 0.804242 0.473821 0.803962 0.476859 0.806637 0.480501 0.812006 0.481916 0.815724 0.480794 0.819334 0.478268 0.821780 0.474202
0 0.831143 0.416446 0.828810 0.413366 0.825903 0.412043 0.821880 0.411311 0.819409 0.412462 0.815613 0.416166 0.814241 0.420466 0.813961 0.423504 0.816637 0.427146 0.822005 0.428561 0.825723 0.427440 0.829334 0.424914 0.831779 0.420848
0 0.756078 0.490431 0.753746 0.487351 0.750839 0.486027 0.746815 0.485295 0.744345 0.486447 0.740549 0.490150 0.739177 0.494451 0.738897 0.497488 0.741572 0.501130 0.746941 0.502545 0.750659 0.501424 0.754269 0.498898 0.756715 0.494832
0 0.744897 0.463012 0.743558 0.461231 0.741887 0.459437 0.739231 0.458619 0.736342 0.458881 0.733794 0.461242 0.732462 0.464806 0.732182 0.467844 0.734538 0.470512 0.739433 0.471701 0.742836 0.469825 0.744793 0.466680
0 0.752815 0.540528 0.750482 0.537448 0.747575 0.536125 0.743552 0.535393 0.741080 0.536544 0.737285 0.540247 0.735913 0.544548 0.735633 0.547586 0.738308 0.551228 0.743677 0.552643 0.747394 0.551522 0.751006 0.548995 0.753450 0.544929
0 0.674980 0.540946 0.672647 0.537866 0.669740 0.536543 0.665717 0.535810 0.663246 0.536962 0.659450 0.540666 0.658078 0.544966 0.657798 0.548004 0.660473 0.551646 0.665842 0.553061 0.669560 0.551940 0.673171 0.549414 0.675615 0.545347
0 0.660345 0.468843 0.658013 0.465763 0.655106 0.464440 0.651082 0.463707 0.648611 0.464859 0.644816 0.468563 0.643444 0.472863 0.643164 0.475901 0.645839 0.479543 0.651208 0.480957 0.654925 0.479837 0.658536 0.477311 0.660981 0.473244
0 0.761450 0.475143 0.760111 0.473362 0.758439 0.471568 0.755783 0.470750 0.752895 0.471012 0.750346 0.473373 0.749015 0.476937 0.748734 0.479975 0.751091 0.482643 0.755985 0.483831 0.759388 0.481956 0.761346 0.478811
0 0.717462 0.475358 0.716123 0.473577 0.714451 0.471783 0.711795 0.470965 0.708907 0.471227 0.706359 0.473587 0.705026 0.477152 0.704746 0.480190 0.707103 0.482858 0.711997 0.484046 0.715400 0.482170 0.717357 0.479026
0 0.726620 0.425527 0.725281 0.423746 0.723610 0.421952 0.720954 0.421134 0.718065 0.421396 0.715517 0.423756 0.714185 0.427321 0.713905 0.430358 0.716262 0.433027 0.721156 0.434215 0.724559 0.432339 0.726516 0.429195
0 0.704210 0.499936 0.702871 0.498155 0.701200 0.496361 0.698544 0.495542 0.695655 0.495804 0.693107 0.498165 0.691775 0.501730 0.691496 0.504767 0.693852 0.507436 0.698746 0.508624 0.702149 0.506748 0.704106 0.503603
0 0.811332 0.513260 0.809993 0.511479 0.808321 0.509685 0.805665 0.508867 0.802777 0.509129 0.800229 0.511489 0.798897 0.515054 0.798617 0.518092 0.800973 0.520760 0.805867 0.521948 0.809271 0.520073 0.811227 0.516928
0 0.578067 0.481807 0.576728 0.480027 0.575056 0.478233 0.572400 0.477414 0.569512 0.477676 0.566964 0.480036 0.565632 0.483601 0.565352 0.486639 0.567708 0.489307 0.572603 0.490495 0.576006 0.488619 0.577962 0.485475
0 0.559256 0.489282 0.557917 0.487501 0.556245 0.485707 0.553589 0.484889 0.550701 0.485151 0.548152 0.487512 0.546820 0.491076 0.546540 0.494114 0.548897 0.496782 0.553791 0.497970 0.557194 0.496095 0.559151 0.492950
0 0.648736 0.321726 0.647397 0.319946 0.645726 0.318152 0.643070 0.317333 0.640181 0.317595 0.637633 0.319955 0.636301 0.323520 0.636021 0.326558 0.638378 0.329226 0.643272 0.330414 0.646675 0.328538 0.648631 0.325394
0 0.650401 0.285628 0.649062 0.283847 0.647391 0.282053 0.644735 0.281235 0.641846 0.281497 0.639298 0.283857 0.637967 0.287422 0.637686 0.290459 0.640043 0.293128 0.644937 0.294316 0.648340 0.292440 0.650297 0.289296
0 0.611961 0.576620 0.610622 0.574840 0.608951 0.573046 0.606295 0.572228 0.603406 0.572490 0.600858 0.574850 0.599526 0.578414 0.599247 0.581452 0.601603 0.584120 0.606497 0.585309 0.609900 0.583433 0.611857 0.580289
0 0.311405 0.581057 0.310066 0.579276 0.308395 0.577482 0.305739 0.576664 0.302851 0.576926 0.300302 0.579286 0.298970 0.582851 0.298691 0.585888 0.301047 0.588557 0.305941 0.589745 0.309345 0.587869 0.311301 0.584725
0 0.322386 0.627230 0.321047 0.625449 0.319375 0.623655 0.316719 0.622837 0.313831 0.623099 0.311282 0.625460 0.309950 0.629024 0.309670 0.632062 0.312027 0.634730 0.316921 0.635918 0.320324 0.634043 0.322281 0.630898
0 0.315819 0.637539 0.314480 0.635758 0.312809 0.633964 0.310153 0.633146 0.307265 0.633408 0.304716 0.635768 0.303384 0.639333 0.303104 0.642371 0.305461 0.645039 0.310355 0.646227 0.313758 0.644352 0.315715 0.641207
0 0.295603 0.636303 0.294264 0.634522 0.292592 0.632728 0.289937 0.631910 0.287048 0.632172 0.284500 0.634532 0.283168 0.638097 0.282888 0.641135 0.285245 0.643803 0.290139 0.644991 0.293542 0.643116 0.295499 0.639971
0 0.220171 0.540706 0.218831 0.538925 0.217160 0.537131 0.214504 0.536313 0.211616 0.536575 0.209068 0.538935 0.207736 0.542500 0.207456 0.545537 0.209812 0.548206 0.214706 0.549394 0.218110 0.547518 0.220066 0.544374
0 0.202461 0.592029 0.201122 0.590248 0.199451 0.588454 0.196795 0.587635 0.193907 0.587898 0.191358 0.590258 0.190026 0.593823 0.189747 0.596860 0.192103 0.599529 0.196997 0.600717 0.200400 0.598841 0.202357 0.595697
0 0.287768 0.661830 0.286273 0.660017 0.282659 0.658870 0.279195 0.659362 0.276754 0.661566 0.276515 0.665890 0.278087 0.668280 0.282032 0.669618 0.286253 0.667983 0.288137 0.665064
0 0.274531 0.708749 0.273036 0.706935 0.269422 0.705789 0.265958 0.706281 0.263518 0.708484 0.263278 0.712808 0.264850 0.715199 0.268796 0.716537 0.273017 0.714902 0.274901 0.711982
0 0.365307 0.741145 0.363811 0.739332 0.360197 0.738185 0.356733 0.738678 0.354293 0.740881 0.354054 0.745205 0.355626 0.747596 0.359571 0.748933 0.363792 0.747298 0.365677 0.744379
0 0.209885 0.681296 0.208390 0.679483 0.204776 0.678337 0.201312 0.678829 0.198871 0.681032 0.198632 0.685356 0.200203 0.687747 0.204149 0.689085 0.208370 0.687449 0.210254 0.684530
0 0.163842 0.681576 0.162347 0.679762 0.158733 0.678616 0.155269 0.679108 0.152828 0.681312 0.152589 0.685636 0.154161 0.688027 0.158106 0.689364 0.162327 0.687729 0.164211 0.684809
0 0.148621 0.681505 0.147126 0.679691 0.143512 0.678545 0.140048 0.679037 0.137607 0.681240 0.137368 0.685564 0.138939 0.687955 0.142885 0.689293 0.147106 0.687658 0.148990 0.684738
0 0.205690 0.694595 0.204195 0.692781 0.200581 0.691635 0.197117 0.692127 0.194676 0.694330 0.194437 0.698655 0.196009 0.701045 0.199954 0.702383 0.204175 0.700748 0.206060 0.697828
0 0.205858 0.746031 0.204363 0.744217 0.200749 0.743071 0.197285 0.743563 0.194844 0.745766 0.194605 0.750091 0.196177 0.752482 0.200122 0.753819 0.204344 0.752184 0.206228 0.749265
0 0.210429 0.763441 0.208934 0.761627 0.205320 0.760481 0.201856 0.760973 0.199416 0.763176 0.199176 0.767501 0.200748 0.769891 0.204693 0.771229 0.208915 0.769594 0.210799 0.766674
0 0.223222 0.752689 0.221727 0.750875 0.218113 0.749729 0.214649 0.750221 0.212208 0.752424 0.211969 0.756748 0.213541 0.759139 0.217486 0.760477 0.221707 0.758842 0.223592 0.755922
0 0.243735 0.770950 0.242240 0.769136 0.238626 0.767990 0.235162 0.768482 0.232721 0.770685 0.232482 0.775010 0.234054 0.777400 0.237999 0.778738 0.242220 0.777102 0.244105 0.774183
0 0.281948 0.757048 0.280454 0.755234 0.276840 0.754087 0.273376 0.754579 0.270935 0.756782 0.270695 0.761107 0.272267 0.763498 0.276213 0.764836 0.280434 0.763200 0.282318 0.760280
0 0.137490 0.745340 0.135995 0.743527 0.132381 0.742380 0.128916 0.742873 0.126476 0.745076 0.126237 0.749400 0.127809 0.751791 0.131754 0.753128 0.135976 0.751493 0.137860 0.748574
0 0.270835 0.774740 0.269339 0.772926 0.265726 0.771780 0.262261 0.772272 0.259821 0.774475 0.259582 0.778799 0.261154 0.781190 0.265099 0.782528 0.269320 0.780892 0.271205 0.777973
0 0.051286 0.737722 0.049791 0.735908 0.046178 0.734762 0.042713 0.735254 0.040273 0.737457 0.040033 0.741781 0.041605 0.744172 0.045550 0.745510 0.049772 0.743875 0.051656 0.740955
0 0.032401 0.732397 0.030906 0.730583 0.027292 0.729436 0.023828 0.729929 0.021387 0.732132 0.021148 0.736456 0.022720 0.738847 0.026665 0.740185 0.030887 0.738549 0.032771 0.735630
0 0.123913 0.571269 0.122418 0.569456 0.118804 0.568309 0.115340 0.568802 0.112900 0.571004 0.112661 0.575329 0.114232 0.577720 0.118178 0.579057 0.122399 0.577421 0.124283 0.574503
0 0.173258 0.633681 0.171763 0.631867 0.168149 0.630721 0.164685 0.631213 0.162244 0.633417 0.162004 0.637741 0.163576 0.640131 0.167522 0.641469 0.171743 0.639834 0.173627 0.636914
0 0.156712 0.637166 0.155216 0.635353 0.151602 0.634206 0.148138 0.634699 0.145697 0.636901 0.145458 0.641226 0.147030 0.643617 0.150975 0.644955 0.155197 0.643319 0.157081 0.640400
0 0.120711 0.730324 0.119215 0.728510 0.115601 0.727364 0.112137 0.727856 0.109697 0.730059 0.109458 0.734384 0.111030 0.736775 0.114975 0.738112 0.119196 0.736476 0.121080 0.733558
0 0.162067 0.480266 0.168547 0.473077 0.171053 0.464808 0.169116 0.457755 0.162624 0.454151 0.156652 0.452467 0.149685 0.454286 0.143902 0.458877 0.141262 0.464348 0.140022 0.471698 0.141702 0.477227 0.147633 0.481133 0.154303 0.482308
0 0.209275 0.430713 0.215756 0.423524 0.218261 0.415255 0.216324 0.408202 0.209833 0.404598 0.203861 0.402914 0.196894 0.404733 0.191111 0.409324 0.188471 0.414794 0.187230 0.422145 0.188910 0.427674 0.194842 0.431580 0.201512 0.432755
0 0.251493 0.391788 0.253694 0.387658 0.252884 0.384140 0.251509 0.383253 0.249152 0.382623 0.246314 0.383097 0.244070 0.385283 0.242987 0.388562 0.244020 0.390975 0.245438 0.392301 0.248214 0.393064
0 0.228988 0.452045 0.231189 0.447916 0.230051 0.445233 0.227155 0.444266 0.224629 0.445107 0.223203 0.448586 0.223453 0.451261 0.225724 0.452704
0 0.254876 0.447653 0.257077 0.443524 0.255939 0.440841 0.253043 0.439874 0.250516 0.440716 0.249091 0.444194 0.249341 0.446869 0.251611 0.448313
0 0.264942 0.457574 0.267143 0.453444 0.266004 0.450762 0.263109 0.449795 0.260582 0.450636 0.259157 0.454115 0.259406 0.456790 0.261677 0.458233
0 0.262733 0.473894 0.264935 0.469765 0.263797 0.467082 0.260901 0.466115 0.258374 0.466957 0.256948 0.470435 0.257198 0.473110 0.259469 0.474553
0 0.316947 0.478564 0.319148 0.474435 0.318010 0.471752 0.315115 0.470785 0.312588 0.471626 0.311162 0.475105 0.311412 0.477779 0.313683 0.479223
0 0.326944 0.483903 0.329145 0.479773 0.328007 0.477090 0.325112 0.476123 0.322584 0.476965 0.321160 0.480443 0.321409 0.483118 0.323680 0.484561
0 0.355815 0.576500 0.356511 0.569290 0.350515 0.564589 0.344605 0.564321 0.338664 0.568138 0.336408 0.575027 0.336587 0.579988 0.340382 0.584258 0.346818 0.584413 0.351516 0.581660
0 0.403905 0.591004 0.404602 0.583793 0.398605 0.579093 0.392695 0.578825 0.386754 0.582641 0.384499 0.589531 0.384677 0.594492 0.388472 0.598762 0.394908 0.598917 0.399606 0.596164
0 0.567739 0.256218 0.567649 0.252125 0.562985 0.250237 0.559917 0.251346 0.557661 0.254412 0.557070 0.258265 0.558451 0.261447 0.561859 0.262277 0.565435 0.260158
0 0.570165 0.237543 0.570075 0.233450 0.565412 0.231562 0.562343 0.232671 0.560087 0.235737 0.559497 0.239589 0.560877 0.242772 0.564285 0.243601 0.567861 0.241482
0 0.431530 0.224302 0.430362 0.221663 0.427801 0.220058 0.425419 0.219595 0.422809 0.222339 0.421888 0.226495 0.423519 0.228631 0.426653 0.229684 0.430582 0.227399
0 0.721246 0.405239 0.721156 0.401146 0.716492 0.399258 0.713424 0.400367 0.711168 0.403433 0.710578 0.407286 0.711957 0.410468 0.715366 0.411297 0.718942 0.409179
0 0.711251 0.280414 0.710247 0.278086 0.707794 0.276335 0.704605 0.275383 0.701767 0.275594 0.697816 0.278338 0.696444 0.282638 0.696164 0.285675 0.698839 0.289318 0.704208 0.290732 0.707926 0.289611 0.710656 0.286996 0.712026 0.283460
0 0.814943 0.375077 0.814710 0.368292 0.809693 0.363570 0.804140 0.362488 0.797146 0.366306 0.794011 0.372664 0.793898 0.379677 0.799963 0.383465 0.805757 0.383253 0.810694 0.380641
0 0.902430 0.352102 0.902340 0.348009 0.897677 0.346121 0.894608 0.347229 0.892352 0.350295 0.891762 0.354148 0.893142 0.357330 0.896550 0.358160 0.900126 0.356041
0 0.883297 0.385036 0.883207 0.380943 0.878544 0.379054 0.875475 0.380163 0.873220 0.383229 0.872629 0.387082 0.874009 0.390264 0.877417 0.391094 0.880993 0.388975
0 0.998076 0.451037 0.997987 0.446944 0.993323 0.445056 0.990254 0.446164 0.987999 0.449230 0.987408 0.453084 0.988788 0.456265 0.992197 0.457095 0.995772 0.454976
0 0.984411 0.471404 0.982079 0.468324 0.979172 0.467001 0.975148 0.466269 0.972677 0.467420 0.968882 0.471124 0.967510 0.475424 0.967230 0.478462 0.969905 0.482104 0.975273 0.483519 0.978991 0.482398 0.982602 0.479872 0.985047 0.475805
0 0.998397 0.478437 0.998397 0.475037 0.998397 0.473566 0.998397 0.473679 0.998397 0.475964 0.998397 0.479817 0.998397 0.482999 0.998397 0.483828 0.998397 0.481710
0 0.943486 0.564053 0.942682 0.560654 0.939539 0.559183 0.936465 0.559296 0.933936 0.561581 0.933345 0.565434 0.934725 0.568616 0.938133 0.569445 0.941710 0.567326
0 0.955160 0.559662 0.954356 0.556263 0.951212 0.554792 0.948139 0.554905 0.945611 0.557189 0.945020 0.561043 0.946537 0.562854 0.949978 0.563667 0.953646 0.562321
0 0.954789 0.569149 0.953985 0.565750 0.950842 0.564279 0.947768 0.564391 0.945239 0.566676 0.944649 0.570530 0.946028 0.573712 0.949436 0.574541 0.953013 0.572422
0 0.998397 0.595483 0.998397 0.592083 0.998397 0.590612 0.998397 0.590725 0.997462 0.593010 0.996871 0.596863 0.998251 0.600045 0.998397 0.600874 0.998397 0.598756
0 0.998397 0.593149 0.998397 0.589750 0.998397 0.588279 0.998397 0.588391 0.998397 0.590677 0.998397 0.594529 0.998397 0.597712 0.998397 0.598541 0.998397 0.596422
0 0.900937 0.569428 0.900133 0.566028 0.896989 0.564558 0.893915 0.564670 0.891387 0.566955 0.890796 0.570808 0.892176 0.573990 0.895584 0.574820 0.899160 0.572701
0 0.975527 0.527979 0.973195 0.524899 0.970287 0.523575 0.966264 0.522843 0.963792 0.523995 0.959997 0.527698 0.958625 0.531999 0.958345 0.535037 0.961020 0.538678 0.966389 0.540093 0.970107 0.538972 0.973718 0.536446 0.976162 0.532380
0 0.947373 0.508771 0.945040 0.505690 0.942133 0.504367 0.938110 0.503635 0.935639 0.504786 0.931843 0.508490 0.930471 0.512790 0.930191 0.515828 0.932866 0.519470 0.938235 0.520885 0.941952 0.519764 0.945564 0.517238 0.948008 0.513172
0 0.946131 0.628017 0.943799 0.624937 0.940891 0.623613 0.936868 0.622881 0.934397 0.624033 0.930601 0.627736 0.929229 0.632037 0.928949 0.635074 0.931624 0.638716 0.936993 0.640131 0.940711 0.639010 0.944322 0.636484 0.946767 0.632418
0 0.905551 0.635549 0.903219 0.632468 0.900312 0.631145 0.896289 0.630413 0.893818 0.631565 0.890022 0.635268 0.888650 0.639569 0.888370 0.642607 0.891045 0.646249 0.896414 0.647663 0.900132 0.646542 0.903743 0.644016 0.906188 0.639950
0 0.972472 0.685539 0.970139 0.682459 0.967233 0.681135 0.963209 0.680404 0.960738 0.681555 0.956942 0.685259 0.955570 0.689559 0.955290 0.692597 0.957965 0.696239 0.963334 0.697653 0.967052 0.696533 0.970663 0.694006 0.973108 0.689940
0 0.998397 0.801365 0.997852 0.798284 0.994944 0.796962 0.990921 0.796229 0.988450 0.797381 0.984655 0.801084 0.983283 0.805385 0.983002 0.808423 0.985678 0.812065 0.991047 0.813479 0.994764 0.812358 0.998375 0.809833 0.998397 0.805766
0 0.967771 0.750987 0.965438 0.747907 0.962531 0.746584 0.958508 0.745852 0.956037 0.747003 0.952241 0.750706 0.950869 0.755007 0.950589 0.758045 0.953264 0.761687 0.958633 0.763102 0.962351 0.761981 0.965962 0.759454 0.968407 0.755388
0 0.998397 0.763426 0.998397 0.760345 0.998397 0.759022 0.998397 0.758290 0.996009 0.759442 0.992214 0.763145 0.990842 0.767446 0.990562 0.770483 0.993237 0.774126 0.998397 0.775540 0.998397 0.774419 0.998397 0.771893 0.998397 0.767827
0 0.928068 0.786795 0.925735 0.783715 0.922828 0.782391 0.918805 0.781659 0.916333 0.782811 0.912538 0.786514 0.911166 0.790815 0.910886 0.793853 0.913561 0.797494 0.918930 0.798909 0.922648 0.797788 0.926258 0.795262 0.928703 0.791196
0 0.998397 0.843852 0.998397 0.840771 0.998397 0.839448 0.998397 0.838716 0.998166 0.839868 0.994371 0.843571 0.992999 0.847872 0.992719 0.850909 0.995394 0.854552 0.998397 0.855966 0.998397 0.854845 0.998397 0.852319 0.998397 0.848253
0 0.991694 0.901703 0.992390 0.894493 0.986393 0.889793 0.980840 0.888710 0.973846 0.892529 0.970712 0.898886 0.972466 0.905192 0.976261 0.909462 0.982696 0.909617 0.987394 0.906864
0 0.948462 0.869255 0.946130 0.866174 0.943223 0.864851 0.939200 0.864119 0.936728 0.865270 0.932933 0.868974 0.931561 0.873274 0.931281 0.876312 0.933956 0.879954 0.939325 0.881369 0.943042 0.880248 0.946653 0.877722 0.949098 0.873656
0 0.956087 0.898216 0.953755 0.895136 0.950848 0.893812 0.946824 0.893080 0.944353 0.894231 0.940558 0.897935 0.939185 0.902236 0.938905 0.905274 0.941581 0.908915 0.946950 0.910330 0.950667 0.909209 0.954278 0.906683 0.956723 0.902617
0 0.974935 0.940610 0.975631 0.933400 0.969634 0.928700 0.964081 0.927617 0.957087 0.931436 0.953953 0.937793 0.955706 0.944099 0.959502 0.948369 0.965937 0.948524 0.970636 0.945770
0 0.970353 0.790040 0.968021 0.786960 0.965114 0.785637 0.961090 0.784904 0.958619 0.786056 0.954824 0.789760 0.953452 0.794060 0.953171 0.797098 0.955847 0.800740 0.961216 0.802155 0.964933 0.801033 0.968544 0.798508 0.970989 0.794441
0 0.891917 0.793283 0.889585 0.790203 0.886678 0.788880 0.882655 0.788147 0.880183 0.789299 0.876388 0.793002 0.875016 0.797303 0.874736 0.800341 0.877411 0.803982 0.882780 0.805397 0.886497 0.804276 0.890108 0.801750 0.892553 0.797684
0 0.939440 0.807726 0.937108 0.804646 0.934201 0.803322 0.930178 0.802590 0.927706 0.803742 0.923911 0.807445 0.922539 0.811745 0.922259 0.814783 0.924934 0.818425 0.930303 0.819840 0.934021 0.818719 0.937632 0.816193 0.940076 0.812127
0 0.892791 0.837069 0.890459 0.833988 0.887551 0.832665 0.883528 0.831933 0.881057 0.833084 0.877261 0.836788 0.875889 0.841088 0.875609 0.844126 0.878285 0.847768 0.883653 0.849182 0.887371 0.848062 0.890982 0.845536 0.893427 0.841470
0 0.917749 0.804368 0.915416 0.801288 0.912509 0.799964 0.908486 0.799233 0.906015 0.800383 0.902219 0.804087 0.900847 0.808388 0.900567 0.811426 0.903243 0.815067 0.908611 0.816482 0.912329 0.815361 0.915940 0.812835 0.918385 0.808769
0 0.987243 0.713579 0.984911 0.710499 0.982004 0.709175 0.977980 0.708443 0.975509 0.709595 0.971714 0.713298 0.970342 0.717599 0.970062 0.720636 0.972737 0.724278 0.978106 0.725693 0.981823 0.724572 0.985434 0.722046 0.987879 0.717980
0 0.998397 0.705643 0.998397 0.702562 0.998397 0.701239 0.998397 0.700506 0.998397 0.701658 0.998397 0.705362 0.998397 0.709662 0.998397 0.712700 0.998397 0.716342 0.998397 0.717757 0.998397 0.716636 0.998397 0.714110 0.998397 0.710044
0 0.998397 0.739627 0.998397 0.736546 0.998397 0.735223 0.998397 0.734491 0.998397 0.735643 0.998397 0.739346 0.998397 0.743647 0.998397 0.746685 0.998397 0.750327 0.998397 0.751741 0.998397 0.750620 0.998397 0.748094 0.998397 0.744028
0 0.942255 0.647276 0.941451 0.643877 0.938308 0.642406 0.935234 0.642519 0.932705 0.644804 0.932115 0.648656 0.933495 0.651839 0.936903 0.652668 0.940479 0.650549
0 0.917839 0.628783 0.917036 0.625383 0.913892 0.623912 0.910818 0.624024 0.908290 0.626309 0.907699 0.630163 0.909079 0.633345 0.912487 0.634174 0.916063 0.632056
0 0.887649 0.650640 0.886845 0.647240 0.883702 0.645769 0.880628 0.645882 0.878099 0.648167 0.877509 0.652020 0.878889 0.655202 0.882297 0.656031 0.885873 0.653913
0 0.902676 0.706117 0.901872 0.702717 0.898729 0.701246 0.895655 0.701359 0.893126 0.703644 0.892536 0.707497 0.893916 0.710679 0.897324 0.711509 0.900900 0.709390
0 0.873901 0.810134 0.871569 0.807054 0.868662 0.805731 0.864638 0.804999 0.862167 0.806150 0.858372 0.809853 0.857000 0.814154 0.856720 0.817192 0.859395 0.820834 0.864764 0.822249 0.868482 0.821127 0.872093 0.818601 0.874537 0.814535
0 0.754422 0.813548 0.752089 0.810467 0.749182 0.809144 0.745159 0.808412 0.742687 0.809564 0.738892 0.813267 0.737520 0.817568 0.737240 0.820605 0.739915 0.824248 0.745284 0.825662 0.749001 0.824541 0.752613 0.822015 0.755057 0.817949
0 0.732315 0.777917 0.729983 0.774837 0.727075 0.773513 0.723052 0.772781 0.720581 0.773933 0.716786 0.777637 0.715414 0.781937 0.715133 0.784974 0.717808 0.788617 0.723177 0.790031 0.726895 0.788910 0.730506 0.786384 0.732950 0.782318
0 0.745890 0.724461 0.744448 0.721815 0.741542 0.720492 0.737518 0.719760 0.735047 0.720911 0.731251 0.724615 0.729879 0.728916 0.729599 0.731953 0.732274 0.735595 0.737643 0.737010 0.741361 0.735889 0.744222 0.732839 0.745806 0.729133
0 0.840472 0.703970 0.838140 0.700889 0.835233 0.699566 0.831209 0.698834 0.828738 0.699986 0.824942 0.703690 0.823570 0.707990 0.823291 0.711027 0.825965 0.714670 0.831334 0.716084 0.835052 0.714963 0.838663 0.712437 0.841108 0.708371
0 0.860255 0.709829 0.857922 0.706749 0.855015 0.705426 0.850992 0.704694 0.848520 0.705845 0.844725 0.709549 0.843353 0.713849 0.843073 0.716887 0.845748 0.720529 0.851117 0.721944 0.854835 0.720823 0.858446 0.718297 0.860891 0.714230
0 0.853273 0.752354 0.850941 0.749274 0.848034 0.747951 0.844011 0.747219 0.841540 0.748371 0.837744 0.752074 0.836372 0.756374 0.836092 0.759412 0.838767 0.763054 0.844136 0.764469 0.847854 0.763348 0.851465 0.760822 0.853910 0.756756
0 0.729258 0.639593 0.726925 0.636512 0.724018 0.635189 0.719995 0.634457 0.717523 0.635609 0.713728 0.639312 0.712356 0.643612 0.712076 0.646650 0.714751 0.650292 0.720120 0.651707 0.723837 0.650586 0.727448 0.648060 0.729893 0.643994
0 0.775336 0.651589 0.773997 0.649808 0.772326 0.648014 0.769670 0.647195 0.766782 0.647457 0.764233 0.649818 0.762902 0.653382 0.762622 0.656420 0.764978 0.659088 0.769872 0.660276 0.773275 0.658401 0.775232 0.655256
0 0.828857 0.574236 0.827518 0.572455 0.825846 0.570661 0.823190 0.569843 0.820302 0.570105 0.817754 0.572465 0.816422 0.576030 0.816142 0.579067 0.818498 0.581736 0.823393 0.582924 0.826796 0.581048 0.828753 0.577904
0 0.835835 0.558573 0.834496 0.556792 0.832824 0.554998 0.830168 0.554180 0.827280 0.554442 0.824732 0.556803 0.823400 0.560367 0.823120 0.563405 0.825477 0.566073 0.830371 0.567261 0.833774 0.565386 0.835731 0.562241
0 0.826432 0.689534 0.825093 0.687753 0.823421 0.685959 0.820765 0.685141 0.817877 0.685403 0.815329 0.687763 0.813997 0.691328 0.813716 0.694366 0.816073 0.697034 0.820967 0.698222 0.824371 0.696346 0.826328 0.693202
0 0.794268 0.730009 0.792929 0.728229 0.791257 0.726435 0.788601 0.725617 0.785713 0.725878 0.783165 0.728239 0.781833 0.731803 0.781553 0.734841 0.783909 0.737509 0.788804 0.738697 0.792207 0.736821 0.794163 0.733678
0 0.803214 0.744476 0.801875 0.742695 0.800203 0.740901 0.797547 0.740083 0.794659 0.740345 0.792111 0.742705 0.790779 0.746270 0.790499 0.749307 0.792855 0.751976 0.797749 0.753164 0.801153 0.751288 0.803110 0.748144
0 0.711216 0.781284 0.709877 0.779503 0.708206 0.777709 0.705550 0.776891 0.702661 0.777153 0.700113 0.779513 0.698781 0.783078 0.698501 0.786115 0.700858 0.788784 0.705751 0.789972 0.709155 0.788096 0.711111 0.784952
0 0.733883 0.821013 0.732544 0.819233 0.730872 0.817439 0.728217 0.816620 0.725328 0.816882 0.722780 0.819243 0.721447 0.822807 0.721168 0.825845 0.723524 0.828513 0.728418 0.829701 0.731822 0.827826 0.733779 0.824682
0 0.797412 0.820762 0.796072 0.818981 0.794401 0.817187 0.791745 0.816369 0.788857 0.816631 0.786308 0.818991 0.784976 0.822556 0.784696 0.825593 0.787053 0.828262 0.791947 0.829450 0.795350 0.827574 0.797307 0.824430
0 0.826672 0.820881 0.825333 0.819100 0.823661 0.817306 0.821005 0.816488 0.818117 0.816750 0.815569 0.819110 0.814236 0.822675 0.813957 0.825713 0.816313 0.828381 0.821207 0.829569 0.824611 0.827693 0.826567 0.824549
0 0.672323 0.743846 0.670984 0.742066 0.669312 0.740272 0.666656 0.739453 0.663768 0.739715 0.661220 0.742075 0.659888 0.745640 0.659608 0.748678 0.661964 0.751346 0.666858 0.752534 0.670262 0.750658 0.672219 0.747514
0 0.427152 0.451337 0.425813 0.449557 0.424141 0.447763 0.421485 0.446944 0.418597 0.447206 0.416049 0.449566 0.414717 0.453131 0.414437 0.456169 0.416794 0.458837 0.421687 0.460025 0.425091 0.458149 0.427047 0.455005
0 0.640249 0.695609 0.638910 0.693828 0.637238 0.692034 0.634583 0.691216 0.631694 0.691478 0.629146 0.693838 0.627814 0.697403 0.627534 0.700440 0.629891 0.703109 0.634784 0.704297 0.638188 0.702421 0.640145 0.699277
0 0.684012 0.668269 0.682673 0.666488 0.681002 0.664694 0.678346 0.663875 0.675457 0.664138 0.672909 0.666498 0.671577 0.670063 0.671297 0.673100 0.673654 0.675769 0.678548 0.676957 0.681951 0.675081 0.683908 0.671937
0 0.669136 0.815251 0.667796 0.813471 0.666125 0.811677 0.663469 0.810859 0.660581 0.811120 0.658032 0.813480 0.656700 0.817045 0.656420 0.820083 0.658777 0.822751 0.663671 0.823939 0.667074 0.822063 0.669031 0.818919
0 0.890667 0.874373 0.889328 0.872592 0.887656 0.870798 0.885000 0.869980 0.882112 0.870242 0.879564 0.872602 0.878232 0.876167 0.877952 0.879204 0.880308 0.881873 0.885203 0.883061 0.888606 0.881185 0.890563 0.878041
0 0.920146 0.837338 0.918807 0.835557 0.917135 0.833763 0.914479 0.832944 0.911592 0.833206 0.909043 0.835567 0.907711 0.839132 0.907431 0.842169 0.909787 0.844838 0.914682 0.846026 0.918085 0.844150 0.920042 0.841006
0 0.930726 0.891745 0.929387 0.889964 0.927715 0.888170 0.925059 0.887352 0.922171 0.887614 0.919622 0.889974 0.918291 0.893539 0.918011 0.896576 0.920367 0.899245 0.925261 0.900433 0.928664 0.898557 0.930622 0.895413
0 0.903622 0.910339 0.902283 0.908558 0.900611 0.906764 0.897955 0.905945 0.895067 0.906207 0.892519 0.908568 0.891187 0.912133 0.890907 0.915170 0.893263 0.917839 0.898158 0.919027 0.901561 0.917151 0.903518 0.914006
0 0.828463 0.883477 0.827124 0.881695 0.825452 0.879902 0.822796 0.879083 0.819908 0.879345 0.817360 0.881706 0.816027 0.885270 0.815748 0.888308 0.818104 0.890977 0.822998 0.892165 0.826402 0.890289 0.828359 0.887144
0 0.834230 0.857297 0.832891 0.855516 0.831219 0.853722 0.828563 0.852903 0.825676 0.853165 0.823127 0.855526 0.821795 0.859091 0.821515 0.862128 0.823871 0.864797 0.828766 0.865985 0.832169 0.864109 0.834126 0.860964
0 0.954949 0.853504 0.953610 0.851723 0.951939 0.849929 0.949283 0.849111 0.946394 0.849372 0.943846 0.851733 0.942514 0.855298 0.942234 0.858335 0.944591 0.861004 0.949485 0.862192 0.952888 0.860316 0.954845 0.857172
0 0.738557 0.892664 0.737218 0.890884 0.735546 0.889090 0.732890 0.888271 0.730002 0.888534 0.727454 0.890894 0.726121 0.894458 0.725842 0.897496 0.728198 0.900164 0.733092 0.901353 0.736496 0.899477 0.738452 0.896333
0 0.732534 0.876916 0.731195 0.875136 0.729523 0.873342 0.726867 0.872523 0.723979 0.872785 0.721431 0.875145 0.720099 0.878710 0.719819 0.881748 0.722175 0.884416 0.727069 0.885604 0.730473 0.883728 0.732429 0.880584
0 0.760342 0.891150 0.761553 0.885768 0.760370 0.880820 0.756950 0.878897 0.752974 0.878032 0.748590 0.878621 0.744838 0.880900 0.742536 0.886153 0.742868 0.891649 0.745313 0.895118 0.751851 0.897133 0.756125 0.895542
0 0.680887 0.882110 0.682098 0.876728 0.680915 0.871780 0.677495 0.869857 0.673519 0.868991 0.669135 0.869580 0.665383 0.871860 0.663081 0.877113 0.663413 0.882609 0.665858 0.886078 0.672396 0.888092 0.676669 0.886501
0 0.649151 0.874543 0.650362 0.869161 0.649179 0.864213 0.645759 0.862291 0.641783 0.861424 0.637398 0.862014 0.633646 0.864293 0.631344 0.869546 0.631677 0.875042 0.634122 0.878511 0.640660 0.880526 0.644933 0.878935
0 0.767589 0.840812 0.766250 0.839032 0.764578 0.837238 0.761922 0.836419 0.759034 0.836681 0.756486 0.839041 0.755154 0.842606 0.754873 0.845644 0.757230 0.848312 0.762124 0.849500 0.765527 0.847624 0.767484 0.844480
0 0.760758 0.827595 0.759419 0.825814 0.757748 0.824020 0.755092 0.823202 0.752203 0.823464 0.749655 0.825824 0.748324 0.829389 0.748043 0.832426 0.750400 0.835095 0.755294 0.836283 0.758697 0.834407 0.760654 0.831263
0 0.550345 0.841195 0.549006 0.839415 0.547335 0.837621 0.544679 0.836802 0.541790 0.837064 0.539242 0.839424 0.537910 0.842989 0.537630 0.846027 0.539987 0.848695 0.544881 0.849883 0.548284 0.848008 0.550241 0.844863
0 0.562935 0.854180 0.561596 0.852399 0.559925 0.850605 0.557269 0.849787 0.554380 0.850049 0.551832 0.852410 0.550500 0.855974 0.550220 0.859012 0.552577 0.861680 0.557470 0.862868 0.560874 0.860993 0.562831 0.857848
0 0.529101 0.781669 0.527762 0.779887 0.526090 0.778093 0.523434 0.777275 0.520546 0.777537 0.517998 0.779898 0.516665 0.783463 0.516386 0.786500 0.518742 0.789168 0.523636 0.790357 0.527040 0.788481 0.528996 0.785337
0 0.455997 0.730509 0.454658 0.728728 0.452986 0.726934 0.450330 0.726116 0.447442 0.726378 0.444894 0.728738 0.443561 0.732303 0.443282 0.735341 0.445638 0.738009 0.450532 0.739197 0.453936 0.737321 0.455892 0.734177
0 0.441972 0.743395 0.440633 0.741614 0.438961 0.739820 0.436305 0.739002 0.433417 0.739264 0.430869 0.741624 0.429537 0.745189 0.429257 0.748226 0.431613 0.750895 0.436508 0.752083 0.439911 0.750207 0.441868 0.747063
0 0.467551 0.701009 0.466212 0.699229 0.464540 0.697435 0.461884 0.696617 0.458996 0.696878 0.456448 0.699238 0.455115 0.702803 0.454836 0.705841 0.457192 0.708509 0.462086 0.709697 0.465490 0.707821 0.467446 0.704677
0 0.520537 0.716653 0.519198 0.714872 0.517526 0.713078 0.514870 0.712260 0.511982 0.712522 0.509434 0.714882 0.508102 0.718447 0.507822 0.721484 0.510178 0.724153 0.515073 0.725341 0.518476 0.723465 0.520433 0.720321
0 0.500024 0.683335 0.496993 0.681870 0.493507 0.682592 0.491524 0.685207 0.491153 0.687870 0.492725 0.690144 0.496324 0.691066 0.499728 0.689190 0.500792 0.686111
0 0.541791 0.723335 0.540452 0.721554 0.538781 0.719760 0.536125 0.718942 0.533237 0.719204 0.530688 0.721564 0.529356 0.725129 0.529076 0.728167 0.531433 0.730835 0.536327 0.732023 0.539730 0.730148 0.541687 0.727003
0 0.552113 0.698462 0.550774 0.696681 0.549103 0.694888 0.546447 0.694069 0.543558 0.694331 0.541010 0.696692 0.539678 0.700256 0.539399 0.703294 0.541755 0.705962 0.546649 0.707151 0.550052 0.705275 0.552009 0.702130
0 0.378579 0.707324 0.377240 0.705543 0.375568 0.703749 0.372912 0.702931 0.370024 0.703193 0.367476 0.705553 0.366143 0.709118 0.365863 0.712156 0.368220 0.714824 0.373114 0.716012 0.376517 0.714136 0.378474 0.710992
0 0.501851 0.578424 0.500512 0.576643 0.498840 0.574849 0.496184 0.574030 0.493296 0.574292 0.490748 0.576653 0.489415 0.580217 0.489136 0.583255 0.491492 0.585923 0.496386 0.587112 0.499789 0.585236 0.501746 0.582091
0 0.482723 0.528221 0.479693 0.526756 0.476206 0.527478 0.474223 0.530094 0.473852 0.532756 0.475425 0.535030 0.479024 0.535952 0.482427 0.534077 0.483492 0.530997
0 0.549466 0.483704 0.550684 0.480089 0.548937 0.476915 0.544878 0.476164 0.542065 0.478342 0.541010 0.481448 0.541660 0.483633 0.543293 0.485555 0.546494 0.485778
0 0.557479 0.467362 0.558696 0.463747 0.556950 0.460573 0.552890 0.459822 0.550078 0.462000 0.549023 0.465106 0.549673 0.467291 0.551305 0.469214 0.554507 0.469437
0 0.870953 0.442223 0.868621 0.439142 0.865714 0.437819 0.861690 0.437087 0.859219 0.438238 0.855424 0.441942 0.854051 0.446242 0.853772 0.449280 0.856447 0.452922 0.861816 0.454337 0.865533 0.453216 0.869144 0.450690 0.871589 0.446624
0 0.777740 0.287599 0.775356 0.280819 0.769360 0.276118 0.763807 0.275035 0.756813 0.278854 0.753679 0.285211 0.753346 0.292986 0.760856 0.299689 0.768679 0.299051 0.774604 0.294347
0 0.994804 0.344939 0.991604 0.341255 0.986733 0.340357 0.983871 0.342152 0.981615 0.345218 0.981024 0.349071 0.981462 0.352223 0.985157 0.354357 0.990695 0.353163 0.994272 0.349301
0 0.846127 0.616485 0.845323 0.613086 0.842180 0.611615 0.839106 0.611727 0.836578 0.614012 0.835987 0.617865 0.837367 0.621048 0.840775 0.621877 0.844351 0.619758
0 0.944523 0.806334 0.946944 0.804914 0.948716 0.802031 0.948527 0.798718 0.945426 0.796928 0.942115 0.796413 0.939404 0.798743 0.939122 0.802301 0.941153 0.805389
0 0.689004 0.647155 0.687664 0.645374 0.685993 0.643580 0.683337 0.642762 0.680449 0.643024 0.677901 0.645384 0.676569 0.648949 0.676289 0.651986 0.678645 0.654655 0.683540 0.655843 0.686942 0.653967 0.688899 0.650823
0 0.334981 0.426684 0.337182 0.422554 0.336044 0.419872 0.333148 0.418905 0.330621 0.419746 0.329196 0.423225 0.329446 0.425900 0.331717 0.427343
