0 0.719551 0.330128 0.719551 0.331731 0.719551 0.333333 0.721154 0.336538 0.721154 0.338141 0.722756 0.338141 0.724359 0.338141 0.725962 0.338141 0.727564 0.338141 0.727564 0.339744 0.729167 0.339744 0.733974 0.338141 0.737179 0.338141 0.738782 0.336538 0.738782 0.334936 0.740385 0.334936 0.740385 0.333333 0.743590 0.331731 0.743590 0.330128 0.738782 0.330128 0.738782 0.328526 0.740385 0.325321 0.738782 0.326923 0.737179 0.323718 0.735577 0.323718 0.735577 0.325321 0.730769 0.325321 0.732372 0.322115 0.727564 0.323718 0.725962 0.323718 0.724359 0.323718 0.724359 0.325321 0.722756 0.326923 0.527244 0.331731 0.525641 0.336538 0.525641 0.331731 0.524038 0.331731 0.522436 0.331731 0.520833 0.331731 0.516026 0.333333 0.514423 0.333333 0.511218 0.334936 0.509615 0.334936 0.509615 0.336538 0.508013 0.336538 0.506410 0.338141 0.504808 0.339744 0.503205 0.341346 0.504808 0.346154 0.504808 0.347756 0.506410 0.347756 0.506410 0.349359 0.508013 0.349359 0.509615 0.350962
0 0.511218 0.350962 0.512821 0.350962 0.514423 0.352564 0.516026 0.352564 0.519231 0.350962 0.520833 0.350962 0.524038 0.349359 0.525641 0.349359 0.527244 0.346154 0.527244 0.344551 0.528846 0.344551 0.528846 0.342949 0.530449 0.339744 0.528846 0.336538 0.527244 0.333333 0.440705 0.346154 0.440705 0.341346 0.439103 0.341346 0.437500 0.341346 0.435897 0.341346 0.434295 0.341346 0.432692 0.341346 0.427885 0.342949 0.426282 0.342949 0.424679 0.342949 0.424679 0.344551 0.423077 0.344551 0.423077 0.346154 0.421474 0.347756 0.421474 0.349359 0.421474 0.350962 0.421474 0.352564 0.423077 0.352564 0.423077 0.354167 0.424679 0.355769 0.426282 0.355769 0.427885 0.357372 0.429487 0.357372 0.431090 0.357372 0.432692 0.357372 0.434295 0.357372 0.435897 0.357372 0.435897 0.358974 0.437500 0.358974 0.439103 0.355769 0.439103 0.357372 0.442308 0.354167 0.443910 0.352564 0.445513 0.349359 0.447115 0.346154 0.445513 0.346154 0.443910 0.342949 0.442308 0.342949 0.394231 0.604167 0.395833 0.604167 0.395833 0.605769 0.395833 0.607372 0.395833 0.608974 0.395833 0.610577 0.397436 0.610577 0.397436 0.612179 0.399038 0.612179 0.399038 0.613782 0.402244 0.615385 0.403846 0.615385
0 0.405449 0.615385 0.407051 0.615385 0.408654 0.615385 0.411859 0.613782 0.411859 0.615385 0.415064 0.612179 0.415064 0.613782 0.416667 0.612179 0.416667 0.610577 0.418269 0.610577 0.418269 0.608974 0.418269 0.607372 0.419872 0.605769 0.419872 0.604167 0.419872 0.602564 0.418269 0.602564 0.416667 0.599359 0.415064 0.600962 0.413462 0.597756 0.411859 0.597756 0.410256 0.597756 0.408654 0.597756 0.407051 0.597756 0.403846 0.597756 0.402244 0.597756 0.400641 0.599359 0.399038 0.599359 0.397436 0.600962 0.094551 0.631410 0.094551 0.633013 0.096154 0.633013 0.096154 0.634615 0.097756 0.634615 0.097756 0.636218 0.097756 0.637821 0.100962 0.637821 0.100962 0.639423 0.104167 0.639423 0.108974 0.639423 0.110577 0.641026 0.110577 0.639423 0.112179 0.637821 0.113782 0.636218 0.115385 0.634615 0.115385 0.633013 0.116987 0.631410 0.116987 0.629808 0.115385 0.626603 0.113782 0.628205 0.112179 0.625000 0.110577 0.625000 0.108974 0.625000 0.104167 0.625000 0.104167 0.626603 0.102564 0.626603 0.100962 0.626603 0.099359 0.626603 0.099359 0.628205 0.097756 0.628205 0.097756 0.629808 0.657051 0.360577 0.660256 0.362179 0.660256 0.363782 0.661859 0.363782 0.661859 0.365385 0.663462 0.365385 0.665064 0.366987 0.666667 0.366987 0.669872 0.366987
0 0.671474 0.366987 0.671474 0.368590 0.674679 0.365385 0.674679 0.366987 0.676282 0.366987 0.677885 0.363782 0.677885 0.365385 0.679487 0.363782 0.681090 0.362179 0.682692 0.358974 0.682692 0.355769 0.682692 0.354167 0.681090 0.354167 0.679487 0.350962 0.677885 0.352564 0.676282 0.349359 0.676282 0.352564 0.674679 0.349359 0.671474 0.350962 0.668269 0.350962 0.666667 0.350962 0.666667 0.352564 0.665064 0.352564 0.663462 0.352564 0.663462 0.354167 0.661859 0.354167 0.660256 0.357372 0.809295 0.307692 0.807692 0.310897 0.806090 0.307692 0.806090 0.309295 0.802885 0.306090 0.804487 0.309295 0.801282 0.306090 0.801282 0.307692 0.794872 0.307692 0.794872 0.309295 0.793269 0.309295 0.793269 0.310897 0.791667 0.310897 0.790064 0.310897 0.790064 0.312500 0.790064 0.314103 0.790064 0.315705 0.790064 0.317308 0.791667 0.317308 0.791667 0.318910 0.793269 0.320513 0.794872 0.322115 0.796474 0.322115 0.798077 0.322115 0.804487 0.322115 0.806090 0.322115 0.807692 0.318910 0.807692 0.320513 0.809295 0.318910 0.809295 0.317308 0.809295 0.315705 0.812500 0.314103 0.810897 0.310897 0.809295 0.310897 0.355769 0.681090 0.354167 0.681090 0.352564 0.681090 0.350962 0.681090 0.350962 0.682692 0.349359 0.682692 0.347756 0.679487 0.346154 0.681090
0 0.344551 0.681090 0.342949 0.682692 0.341346 0.682692 0.341346 0.684295 0.339744 0.684295 0.338141 0.685897 0.338141 0.687500 0.338141 0.689103 0.338141 0.690705 0.338141 0.692308 0.339744 0.692308 0.339744 0.693910 0.341346 0.695513 0.342949 0.695513 0.346154 0.695513 0.349359 0.695513 0.349359 0.697115 0.350962 0.695513 0.352564 0.695513 0.354167 0.692308 0.354167 0.693910 0.355769 0.693910 0.355769 0.692308 0.357372 0.692308 0.357372 0.690705 0.357372 0.689103 0.358974 0.687500 0.355769 0.685897 0.357372 0.682692 0.828526 0.592949 0.828526 0.594551 0.830128 0.594551 0.831731 0.594551 0.834936 0.597756 0.836538 0.597756 0.838141 0.599359 0.839744 0.599359 0.842949 0.597756 0.844551 0.599359 0.846154 0.599359 0.847756 0.599359 0.849359 0.596154 0.849359 0.597756 0.850962 0.596154 0.850962 0.594551 0.850962 0.592949 0.852564 0.592949 0.854167 0.591346 0.854167 0.589744 0.854167 0.588141 0.852564 0.588141 0.852564 0.586538 0.847756 0.586538 0.849359 0.583333 0.846154 0.581731
0 0.844551 0.581731 0.834936 0.583333 0.833333 0.584936 0.831731 0.586538 0.830128 0.588141 0.831731 0.588141 0.830128 0.589744 0.953526 0.459936 0.953526 0.461538 0.950321 0.458333 0.950321 0.461538 0.948718 0.458333 0.947115 0.458333 0.945513 0.458333 0.942308 0.459936 0.939103 0.459936 0.939103 0.461538 0.935897 0.464744 0.935897 0.466346 0.935897 0.467949 0.935897 0.469551 0.937500 0.469551 0.937500 0.471154 0.939103 0.471154 0.939103 0.472756 0.940705 0.474359 0.942308 0.474359 0.943910 0.474359 0.945513 0.474359 0.947115 0.474359 0.948718 0.474359 0.950321 0.475962 0.951923 0.472756 0.951923 0.474359 0.953526 0.472756 0.955128 0.471154 0.959936 0.469551 0.955128 0.467949 0.958333 0.466346 0.955128 0.464744 0.956731 0.461538 0.875000 0.314103 0.871795 0.310897 0.866987 0.310897 0.862179 0.310897 0.858974 0.314103 0.857372 0.315705 0.857372 0.317308 0.857372 0.322115 0.860577 0.325321 0.862179 0.326923 0.865385 0.328526 0.866987 0.328526 0.870192 0.328526 0.871795 0.328526 0.873397 0.325321 0.875000 0.325321 0.876603 0.323718 0.878205 0.320513
0 0.875000 0.317308 0.876603 0.314103 0.500000 0.464744 0.501603 0.466346 0.501603 0.467949 0.504808 0.466346 0.504808 0.467949 0.506410 0.467949 0.508013 0.467949 0.509615 0.467949 0.511218 0.467949 0.512821 0.467949 0.514423 0.467949 0.514423 0.469551 0.516026 0.469551 0.517628 0.466346 0.519231 0.466346 0.519231 0.467949 0.520833 0.466346 0.522436 0.464744 0.522436 0.463141 0.524038 0.463141 0.524038 0.461538 0.522436 0.461538 0.522436 0.459936 0.522436 0.458333 0.520833 0.455128 0.519231 0.455128 0.519231 0.456731 0.516026 0.453526 0.516026 0.456731 0.514423 0.453526 0.512821 0.453526 0.509615 0.453526 0.509615 0.455128 0.508013 0.455128 0.506410 0.455128 0.506410 0.456731 0.504808 0.456731 0.503205 0.458333 0.503205 0.459936 0.501603 0.459936 0.503205 0.461538 0.501603 0.461538 0.503205 0.463141 0.780449 0.567308 0.782051 0.567308 0.782051 0.568910 0.782051 0.572115 0.785256 0.573718 0.785256 0.576923 0.786859 0.573718 0.788462 0.575321 0.790064 0.575321 0.791667 0.575321 0.793269 0.576923
0 0.794872 0.573718 0.796474 0.575321 0.798077 0.573718 0.799679 0.572115 0.802885 0.568910 0.802885 0.565705 0.801282 0.565705 0.801282 0.564103 0.799679 0.564103 0.798077 0.560897 0.796474 0.560897 0.794872 0.560897 0.793269 0.560897 0.791667 0.560897 0.790064 0.560897 0.790064 0.562500 0.788462 0.562500 0.786859 0.562500 0.785256 0.562500 0.783654 0.564103 0.431090 0.546474 0.429487 0.546474 0.429487 0.548077 0.427885 0.548077 0.426282 0.548077 0.426282 0.549679 0.424679 0.549679 0.423077 0.552885 0.423077 0.554487 0.423077 0.556090 0.423077 0.557692 0.424679 0.557692 0.424679 0.559295 0.429487 0.562500 0.431090 0.562500 0.432692 0.562500 0.434295 0.562500 0.435897 0.562500 0.435897 0.564103 0.437500 0.562500 0.439103 0.560897 0.440705 0.559295 0.442308 0.557692 0.442308 0.556090 0.447115 0.556090 0.442308 0.554487 0.447115 0.554487 0.447115 0.552885 0.442308 0.552885 0.443910 0.551282 0.442308 0.549679 0.440705 0.549679 0.439103 0.546474 0.439103 0.548077 0.437500 0.548077 0.435897 0.544872 0.432692 0.548077 0.434295 0.544872 0.871795 0.395833 0.870192 0.395833 0.868590 0.395833 0.868590 0.397436 0.865385 0.394231 0.865385 0.395833 0.862179 0.395833
0 0.862179 0.397436 0.860577 0.397436 0.858974 0.397436 0.858974 0.399038 0.857372 0.399038 0.855769 0.402244 0.855769 0.403846 0.855769 0.408654 0.857372 0.408654 0.857372 0.410256 0.858974 0.410256 0.858974 0.411859 0.860577 0.411859 0.862179 0.411859 0.863782 0.411859 0.865385 0.411859 0.870192 0.411859 0.871795 0.411859 0.871795 0.410256 0.873397 0.410256 0.875000 0.407051 0.875000 0.408654 0.876603 0.407051 0.878205 0.403846 0.878205 0.400641 0.873397 0.400641 0.875000 0.397436 0.589744 0.391026 0.589744 0.392628 0.591346 0.394231 0.592949 0.394231 0.592949 0.395833 0.592949 0.399038 0.594551 0.395833 0.596154 0.397436 0.597756 0.397436 0.599359 0.397436 0.600962 0.397436 0.607372 0.395833 0.607372 0.397436 0.608974 0.395833 0.612179 0.392628 0.612179 0.389423 0.607372 0.389423 0.608974 0.387821 0.607372 0.384615 0.605769 0.384615 0.604167 0.384615 0.599359 0.384615 0.597756 0.384615
0 0.597756 0.386218 0.596154 0.386218 0.594551 0.386218 0.594551 0.387821 0.592949 0.387821 0.592949 0.389423 0.588141 0.302885 0.586538 0.299679 0.584936 0.299679 0.583333 0.299679 0.581731 0.299679 0.575321 0.301282 0.575321 0.302885 0.573718 0.302885 0.572115 0.306090 0.572115 0.309295 0.570513 0.309295 0.572115 0.310897 0.572115 0.312500 0.576923 0.314103 0.578526 0.314103 0.580128 0.314103 0.583333 0.314103 0.584936 0.314103 0.586538 0.315705 0.588141 0.312500 0.588141 0.314103 0.589744 0.312500 0.591346 0.310897 0.592949 0.309295 0.594551 0.307692 0.591346 0.306090 0.592949 0.302885 0.318910 0.442308 0.318910 0.443910 0.318910 0.445513 0.320513 0.445513 0.320513 0.448718 0.322115 0.448718 0.322115 0.450321 0.322115 0.453526 0.323718 0.450321 0.325321 0.451923 0.326923 0.451923 0.328526 0.451923 0.330128 0.451923 0.331731 0.451923 0.333333 0.451923 0.333333 0.453526 0.334936 0.451923 0.336538 0.451923 0.336538 0.450321 0.338141 0.450321 0.338141 0.448718 0.339744 0.448718
0 0.339744 0.447115 0.339744 0.445513 0.341346 0.442308 0.339744 0.440705 0.338141 0.437500 0.338141 0.439103 0.334936 0.435897 0.334936 0.439103 0.333333 0.435897 0.331731 0.435897 0.330128 0.435897 0.328526 0.435897 0.328526 0.437500 0.323718 0.437500 0.322115 0.439103 0.357372 0.543269 0.355769 0.543269 0.355769 0.544872 0.355769 0.546474 0.355769 0.548077 0.355769 0.551282 0.357372 0.551282 0.357372 0.552885 0.358974 0.552885 0.360577 0.552885 0.362179 0.552885 0.365385 0.552885 0.368590 0.554487 0.370192 0.551282
0 0.370192 0.552885 0.371795 0.552885 0.371795 0.551282 0.373397 0.551282 0.373397 0.549679 0.376603 0.546474 0.375000 0.543269 0.373397 0.540064 0.371795 0.541667 0.370192 0.538462 0.368590 0.538462 0.366987 0.538462 0.363782 0.538462 0.362179 0.538462 0.360577 0.540064 0.358974 0.540064 0.504808 0.363782 0.503205 0.368590 0.503205 0.363782 0.501603 0.363782 0.500000 0.363782 0.498397 0.363782 0.496795 0.363782 0.493590 0.363782 0.493590 0.365385 0.491987 0.365385 0.490385 0.365385 0.488782 0.366987 0.487179 0.366987 0.485577 0.366987 0.485577 0.368590 0.483974 0.368590 0.483974 0.370192 0.482372 0.370192 0.482372 0.371795 0.482372 0.373397 0.482372 0.375000 0.482372 0.376603 0.483974 0.378205 0.483974 0.379808 0.485577 0.379808 0.485577 0.381410 0.488782 0.383013 0.490385 0.383013 0.490385 0.384615 0.491987 0.384615 0.493590 0.384615 0.500000 0.384615 0.501603 0.383013 0.503205 0.383013 0.503205 0.381410 0.504808 0.381410 0.504808 0.379808 0.506410 0.379808 0.506410 0.378205 0.506410 0.376603 0.508013 0.376603 0.508013 0.375000 0.506410 0.371795 0.509615 0.371795 0.509615 0.370192 0.509615 0.368590 0.504808 0.368590 0.506410 0.365385 0.761218 0.581731 0.761218 0.586538 0.759615 0.583333
0 0.758013 0.583333 0.758013 0.584936 0.756410 0.584936 0.754808 0.586538 0.756410 0.586538 0.754808 0.588141 0.754808 0.589744 0.754808 0.591346 0.756410 0.592949 0.756410 0.594551 0.758013 0.594551 0.758013 0.596154 0.759615 0.596154 0.761218 0.596154 0.762821 0.596154 0.764423 0.596154 0.766026 0.596154 0.766026 0.597756 0.767628 0.597756 0.767628 0.596154 0.769231 0.596154 0.770833 0.592949 0.770833 0.594551 0.774038 0.591346 0.772436 0.586538 0.770833 0.586538 0.769231 0.583333 0.767628 0.584936 0.766026 0.581731 0.764423 0.581731 0.762821 0.581731 0.825321 0.527244 0.825321 0.528846 0.823718 0.528846 0.822115 0.530449 0.820513 0.530449 0.820513 0.532051 0.820513 0.533654 0.818910 0.533654 0.818910 0.535256 0.818910 0.536859 0.820513 0.540064 0.820513 0.541667 0.823718 0.543269 0.825321 0.543269 0.826923 0.543269 0.825321 0.546474 0.828526 0.543269 0.828526 0.544872 0.831731 0.543269 0.830128 0.546474 0.833333 0.543269 0.833333 0.544872 0.834936 0.544872 0.836538 0.541667
0 0.836538 0.543269 0.838141 0.543269 0.838141 0.541667 0.839744 0.540064 0.839744 0.538462 0.844551 0.536859 0.839744 0.536859 0.844551 0.535256 0.839744 0.535256 0.844551 0.533654 0.842949 0.533654 0.842949 0.532051 0.841346 0.532051 0.839744 0.528846 0.838141 0.530449 0.836538 0.527244 0.834936 0.527244 0.834936 0.528846 0.833333 0.528846 0.831731 0.525641 0.830128 0.528846 0.828526 0.525641 0.437500 0.467949 0.434295 0.467949 0.435897 0.469551 0.434295 0.474359 0.437500 0.474359 0.439103 0.474359 0.439103 0.475962 0.440705 0.475962 0.442308 0.477564 0.443910 0.477564 0.450321 0.475962 0.451923 0.475962 0.453526 0.475962 0.453526 0.474359 0.455128 0.474359 0.455128 0.472756 0.456731 0.472756 0.456731 0.471154 0.458333 0.467949 0.459936 0.464744 0.458333 0.464744 0.458333 0.463141 0.456731 0.463141 0.455128 0.463141 0.455128 0.461538 0.451923 0.459936 0.450321 0.459936 0.442308 0.461538 0.440705 0.461538 0.439103 0.461538 0.439103 0.463141 0.437500 0.463141 0.435897 0.464744 0.727564 0.508013 0.725962 0.508013 0.725962 0.509615 0.724359 0.509615 0.724359 0.512821 0.722756 0.512821 0.722756 0.514423 0.722756 0.516026 0.724359 0.519231 0.724359 0.520833 0.725962 0.520833 0.725962 0.522436 0.727564 0.522436 0.729167 0.524038 0.730769 0.524038 0.732372 0.524038 0.733974 0.524038 0.735577 0.524038 0.737179 0.524038
0 0.738782 0.525641 0.741987 0.522436 0.741987 0.524038 0.743590 0.522436 0.745192 0.522436 0.750000 0.520833 0.745192 0.520833 0.746795 0.519231 0.746795 0.517628 0.750000 0.516026 0.750000 0.514423 0.745192 0.514423 0.748397 0.512821 0.748397 0.511218 0.746795 0.511218 0.745192 0.508013 0.743590 0.509615 0.741987 0.506410 0.740385 0.506410 0.738782 0.506410 0.737179 0.506410 0.735577 0.506410 0.733974 0.506410 0.732372 0.506410 0.730769 0.506410 0.730769 0.508013 0.599359 0.328526 0.599359 0.330128 0.600962 0.331731 0.602564 0.331731 0.602564 0.333333 0.604167 0.334936 0.605769 0.334936 0.607372 0.334936 0.607372 0.336538 0.607372 0.338141 0.610577 0.334936 0.615385 0.336538 0.616987 0.334936 0.618590 0.333333 0.620192 0.330128 0.620192 0.328526 0.620192 0.326923 0.615385 0.326923 0.616987 0.325321 0.615385 0.322115 0.613782 0.322115 0.604167 0.323718 0.602564 0.323718 0.602564 0.325321 0.600962 0.325321 0.389423 0.389423 0.392628 0.391026 0.392628 0.392628 0.394231 0.392628 0.394231 0.394231 0.394231 0.395833 0.395833 0.395833 0.397436 0.397436
0 0.399038 0.399038 0.400641 0.399038 0.402244 0.399038 0.403846 0.399038 0.405449 0.399038 0.407051 0.399038 0.408654 0.399038 0.415064 0.399038 0.421474 0.397436 0.419872 0.391026 0.419872 0.387821 0.418269 0.387821 0.416667 0.386218 0.415064 0.386218 0.413462 0.386218 0.411859 0.386218 0.410256 0.386218 0.408654 0.384615 0.407051 0.384615 0.407051 0.383013 0.403846 0.381410 0.402244 0.381410 0.400641 0.383013 0.397436 0.383013 0.397436 0.384615 0.395833 0.384615 0.394231 0.384615 0.394231 0.386218 0.392628 0.386218 0.243590 0.620192 0.241987 0.621795 0.240385 0.621795 0.238782 0.623397 0.237179 0.623397 0.235577 0.625000 0.233974 0.625000 0.232372 0.626603 0.232372 0.628205 0.232372 0.629808 0.230769 0.631410 0.232372 0.631410 0.232372 0.633013 0.232372 0.634615 0.233974 0.634615 0.237179 0.636218 0.238782 0.636218 0.240385 0.637821 0.246795 0.637821 0.246795 0.636218 0.250000 0.633013 0.254808 0.631410
0 0.250000 0.629808 0.253205 0.629808 0.253205 0.628205 0.253205 0.626603 0.251603 0.626603 0.250000 0.623397 0.248397 0.623397 0.245192 0.621795 0.788462 0.500000 0.786859 0.501603 0.785256 0.501603 0.785256 0.503205 0.783654 0.503205 0.782051 0.504808 0.783654 0.504808 0.782051 0.506410 0.782051 0.508013 0.782051 0.509615 0.783654 0.516026 0.785256 0.517628 0.785256 0.519231 0.786859 0.519231 0.788462 0.519231 0.790064 0.519231 0.790064 0.520833 0.791667 0.520833 0.793269 0.520833 0.801282 0.520833 0.802885 0.519231 0.806090 0.516026 0.806090 0.514423 0.807692 0.514423 0.807692 0.512821 0.810897 0.509615 0.806090 0.506410 0.807692 0.504808 0.806090 0.501603 0.804487 0.503205 0.802885 0.500000 0.802885 0.501603 0.801282 0.501603 0.799679 0.498397 0.798077 0.498397 0.793269 0.500000 0.791667 0.500000 0.780449 0.535256 0.782051 0.536859
0 0.783654 0.536859 0.785256 0.538462 0.786859 0.540064 0.788462 0.540064 0.790064 0.540064 0.790064 0.543269 0.791667 0.540064 0.793269 0.541667 0.798077 0.541667 0.799679 0.538462 0.799679 0.540064 0.801282 0.538462 0.801282 0.536859 0.806090 0.535256 0.801282 0.535256 0.806090 0.533654 0.801282 0.533654 0.804487 0.532051 0.802885 0.528846 0.801282 0.530449 0.799679 0.527244 0.799679 0.528846 0.798077 0.528846 0.796474 0.525641 0.794872 0.528846 0.793269 0.525641 0.791667 0.527244 0.790064 0.527244 0.786859 0.527244 0.785256 0.528846 0.783654 0.530449 0.782051 0.532051 0.248397 0.602564 0.248397 0.607372 0.246795 0.604167 0.245192 0.607372 0.245192 0.608974 0.246795 0.610577 0.246795 0.612179 0.248397 0.612179 0.250000 0.612179 0.251603 0.612179 0.253205 0.612179 0.253205 0.615385 0.254808 0.612179 0.254808 0.615385 0.258013 0.612179 0.258013 0.613782 0.259615 0.612179 0.261218 0.612179 0.261218 0.610577 0.262821 0.610577 0.264423 0.607372 0.264423 0.605769 0.264423 0.604167 0.262821 0.604167 0.261218 0.600962 0.259615 0.600962 0.259615 0.602564 0.258013 0.602564 0.256410 0.599359 0.253205 0.600962 0.251603 0.600962
0 0.251603 0.602564 0.250000 0.602564 0.799679 0.338141 0.798077 0.338141 0.796474 0.338141 0.794872 0.339744 0.793269 0.336538 0.791667 0.338141 0.786859 0.339744 0.785256 0.339744 0.785256 0.341346 0.783654 0.341346 0.783654 0.342949 0.783654 0.344551 0.782051 0.346154 0.782051 0.347756 0.782051 0.349359 0.782051 0.350962 0.783654 0.352564 0.783654 0.354167 0.788462 0.355769 0.790064 0.357372 0.796474 0.357372 0.798077 0.355769 0.799679 0.355769 0.801282 0.352564 0.802885 0.352564 0.802885 0.349359 0.802885 0.347756 0.806090 0.346154 0.806090 0.344551 0.806090 0.342949 0.801282 0.342949 0.802885 0.339744 0.703526 0.213141 0.701923 0.214744 0.698718 0.217949 0.700321 0.219551 0.698718 0.219551 0.698718 0.221154 0.698718 0.222756 0.698718 0.224359 0.698718 0.225962 0.700321 0.225962 0.703526 0.229167 0.705128 0.229167 0.706731 0.229167 0.708333 0.229167 0.709936 0.230769 0.713141 0.227564 0.714744 0.229167 0.714744 0.227564 0.716346 0.227564 0.717949 0.224359 0.717949 0.225962
0 0.722756 0.224359 0.717949 0.222756 0.721154 0.222756 0.717949 0.221154 0.721154 0.219551 0.721154 0.217949 0.716346 0.217949 0.717949 0.216346 0.716346 0.214744 0.714744 0.211538 0.713141 0.211538 0.711538 0.211538 0.546474 0.522436 0.544872 0.524038 0.543269 0.520833 0.541667 0.520833 0.540064 0.520833 0.540064 0.522436 0.536859 0.519231 0.536859 0.520833 0.535256 0.520833 0.533654 0.522436 0.532051 0.522436 0.532051 0.524038 0.530449 0.524038 0.527244 0.527244 0.527244 0.528846 0.527244 0.530449 0.527244 0.532051 0.528846 0.533654 0.528846 0.535256 0.530449 0.535256 0.533654 0.536859 0.536859 0.536859 0.538462 0.536859 0.541667 0.538462 0.541667 0.536859 0.543269 0.536859 0.544872 0.533654 0.544872 0.535256 0.546474 0.535256 0.546474 0.533654 0.548077 0.532051 0.548077 0.530449 0.548077 0.528846 0.551282 0.527244 0.549679 0.524038 0.548077 0.524038 0.586538 0.461538 0.581731 0.461538 0.581731 0.463141 0.583333 0.463141 0.586538 0.464744 0.588141 0.466346 0.589744 0.466346 0.591346 0.466346 0.592949 0.466346 0.594551 0.466346 0.596154 0.466346 0.597756 0.467949 0.599359 0.464744 0.599359 0.466346 0.600962 0.464744 0.602564 0.463141 0.602564 0.461538 0.602564 0.458333 0.604167 0.455128 0.600962 0.453526 0.599359 0.453526 0.597756 0.453526 0.596154 0.453526 0.594551 0.453526 0.589744 0.453526 0.588141 0.455128 0.586538 0.455128 0.586538 0.456731 0.586538 0.458333 0.713141 0.344551 0.709936 0.342949 0.708333 0.344551
0 0.705128 0.342949 0.703526 0.342949 0.700321 0.344551 0.698718 0.344551 0.697115 0.347756 0.698718 0.350962 0.700321 0.352564 0.701923 0.354167 0.711538 0.352564 0.716346 0.349359 0.714744 0.346154 0.713141 0.346154 0.330128 0.657051 0.333333 0.660256 0.334936 0.660256 0.336538 0.661859 0.338141 0.661859 0.339744 0.661859 0.338141 0.665064 0.341346 0.661859 0.341346 0.663462 0.347756 0.663462 0.349359 0.661859 0.350962 0.660256 0.350962 0.658654 0.355769 0.657051 0.355769 0.655449 0.350962 0.655449 0.350962 0.653846 0.352564 0.650641 0.349359 0.649038 0.346154 0.647436 0.344551 0.647436 0.336538 0.649038 0.336538 0.650641 0.334936 0.650641 0.334936 0.652244 0.333333 0.652244 0.333333 0.653846 0.331731 0.653846 0.491987 0.415064 0.491987 0.419872 0.490385 0.416667 0.488782 0.416667 0.488782 0.418269 0.487179 0.418269 0.487179 0.419872 0.485577 0.421474 0.485577 0.426282 0.487179 0.426282 0.488782 0.427885 0.490385 0.427885 0.491987 0.427885 0.493590 0.427885 0.495192 0.427885 0.496795 0.427885 0.496795 0.429487 0.498397 0.429487 0.500000 0.426282
0 0.500000 0.424679 0.503205 0.424679 0.500000 0.423077 0.501603 0.419872 0.498397 0.418269 0.496795 0.418269 0.495192 0.415064 0.493590 0.415064 0.520833 0.453526 0.524038 0.455128 0.525641 0.456731 0.525641 0.458333 0.527244 0.458333 0.530449 0.459936 0.535256 0.459936 0.536859 0.461538 0.538462 0.458333 0.538462 0.459936 0.540064 0.459936 0.541667 0.456731 0.541667 0.458333 0.543269 0.458333 0.543269 0.456731 0.544872 0.455128 0.544872 0.453526 0.548077 0.451923 0.544872 0.450321 0.546474 0.448718 0.546474 0.447115 0.544872 0.447115 0.543269 0.443910 0.541667 0.445513 0.540064 0.442308 0.538462 0.442308 0.536859 0.442308 0.535256 0.442308 0.533654 0.442308 0.530449 0.442308 0.530449 0.443910 0.528846 0.443910 0.527244 0.443910 0.525641 0.445513 0.524038 0.447115 0.522436 0.448718 0.524038 0.448718 0.522436 0.450321 0.594551 0.282051 0.592949 0.283654 0.591346 0.280449 0.589744 0.280449 0.586538 0.277244 0.584936 0.277244 0.583333 0.277244 0.581731 0.278846 0.580128 0.278846 0.578526 0.280449 0.576923 0.280449 0.575321 0.282051 0.576923 0.286859 0.578526 0.288462 0.578526 0.290064 0.580128 0.290064 0.581731 0.290064 0.583333 0.290064 0.584936 0.290064 0.586538 0.290064 0.588141 0.290064 0.588141 0.291667 0.589744 0.290064 0.591346 0.290064 0.591346 0.288462 0.592949 0.286859 0.594551 0.283654 0.262821 0.583333 0.261218 0.584936 0.262821 0.586538 0.262821 0.588141 0.262821 0.589744 0.264423 0.589744 0.264423 0.591346 0.266026 0.591346
0 0.264423 0.594551 0.267628 0.591346 0.266026 0.594551 0.269231 0.591346 0.269231 0.592949 0.272436 0.591346 0.272436 0.592949 0.275641 0.592949 0.277244 0.591346 0.278846 0.591346 0.278846 0.589744 0.280449 0.589744 0.280449 0.588141 0.285256 0.588141 0.280449 0.586538 0.283654 0.584936 0.283654 0.583333 0.283654 0.581731 0.278846 0.581731 0.280449 0.578526 0.277244 0.576923 0.275641 0.576923 0.274038 0.576923 0.272436 0.576923 0.269231 0.576923 0.267628 0.578526 0.266026 0.578526 0.264423 0.580128 0.366987 0.661859 0.368590 0.661859 0.370192 0.665064 0.370192 0.666667 0.371795 0.666667 0.373397 0.668269 0.375000 0.668269 0.376603 0.668269 0.378205 0.668269 0.383013 0.668269 0.383013 0.669872 0.384615 0.668269 0.386218 0.668269 0.386218 0.666667 0.387821 0.666667 0.387821 0.665064 0.387821 0.663462 0.391026 0.661859 0.391026 0.660256 0.389423 0.660256 0.389423 0.658654 0.387821 0.655449 0.387821 0.657051 0.386218 0.657051 0.384615 0.653846 0.383013 0.653846 0.381410 0.653846 0.378205 0.653846 0.378205 0.655449 0.376603 0.655449 0.375000 0.655449 0.373397 0.655449 0.373397 0.657051 0.371795 0.657051 0.371795 0.658654 0.370192 0.658654 0.463141 0.328526 0.463141 0.330128
0 0.463141 0.331731 0.463141 0.333333 0.463141 0.334936 0.464744 0.334936 0.464744 0.336538 0.464744 0.338141 0.467949 0.338141 0.469551 0.338141 0.469551 0.339744 0.471154 0.339744 0.472756 0.339744 0.474359 0.339744 0.480769 0.339744 0.483974 0.336538 0.483974 0.334936 0.485577 0.334936 0.485577 0.333333 0.487179 0.330128 0.485577 0.323718 0.483974 0.323718 0.482372 0.323718 0.480769 0.320513 0.480769 0.323718 0.479167 0.320513 0.477564 0.320513 0.472756 0.322115 0.471154 0.322115 0.469551 0.323718 0.466346 0.325321 0.620192 0.301282 0.618590 0.301282 0.616987 0.301282 0.615385 0.301282 0.612179 0.301282 0.607372 0.302885 0.605769 0.304487 0.604167 0.304487 0.604167 0.306090 0.602564 0.307692 0.600962 0.310897 0.602564 0.310897 0.602564 0.312500 0.604167 0.312500 0.604167 0.314103 0.607372 0.315705 0.610577 0.317308 0.612179 0.317308 0.618590 0.317308 0.620192 0.317308 0.620192 0.315705 0.621795 0.315705 0.621795 0.314103 0.621795 0.312500 0.623397 0.310897 0.625000 0.307692 0.625000 0.306090 0.620192 0.306090 0.621795 0.302885 0.322115 0.461538 0.323718 0.463141 0.325321 0.463141 0.325321 0.464744 0.326923 0.466346 0.328526 0.466346 0.330128 0.467949 0.334936 0.466346 0.336538 0.466346 0.338141 0.464744 0.338141 0.463141 0.341346 0.461538 0.341346 0.459936 0.336538 0.459936 0.338141 0.456731 0.334936 0.455128 0.331731 0.455128 0.330128 0.455128 0.326923 0.456731
0 0.325321 0.456731 0.325321 0.458333 0.323718 0.458333 0.676282 0.604167 0.677885 0.604167 0.676282 0.605769 0.676282 0.607372 0.677885 0.607372 0.677885 0.608974 0.679487 0.610577 0.679487 0.612179 0.681090 0.612179 0.682692 0.613782 0.684295 0.613782 0.685897 0.613782 0.687500 0.613782 0.689103 0.613782 0.690705 0.613782 0.692308 0.615385 0.695513 0.612179 0.695513 0.613782 0.697115 0.612179 0.698718 0.610577 0.698718 0.608974 0.701923 0.607372 0.700321 0.604167 0.697115 0.605769 0.698718 0.604167 0.695513 0.602564 0.697115 0.600962 0.695513 0.597756 0.693910 0.597756 0.693910 0.599359 0.692308 0.599359 0.690705 0.596154 0.689103 0.596154 0.687500 0.596154 0.685897 0.596154 0.685897 0.597756 0.684295 0.597756 0.682692 0.597756 0.681090 0.599359 0.679487 0.599359
0 0.679487 0.600962 0.461538 0.599359 0.463141 0.600962 0.464744 0.602564 0.464744 0.604167 0.466346 0.604167 0.467949 0.604167 0.469551 0.604167 0.471154 0.605769 0.475962 0.605769 0.477564 0.602564 0.479167 0.602564 0.480769 0.602564 0.480769 0.600962 0.480769 0.599359 0.483974 0.597756 0.483974 0.596154 0.482372 0.596154 0.482372 0.594551 0.480769 0.594551 0.479167 0.591346 0.477564 0.591346 0.475962 0.591346 0.471154 0.592949 0.469551 0.592949 0.467949 0.592949 0.466346 0.594551 0.464744 0.596154 0.745192 0.371795 0.746795 0.371795 0.748397 0.378205 0.751603 0.383013 0.754808 0.379808 0.754808 0.381410 0.756410 0.381410 0.762821 0.381410 0.764423 0.379808 0.766026 0.379808 0.769231 0.376603 0.767628 0.376603 0.770833 0.373397 0.770833 0.370192 0.769231 0.370192 0.769231 0.368590 0.767628 0.368590 0.766026 0.365385 0.764423 0.366987 0.762821 0.363782 0.761218 0.363782 0.759615 0.363782 0.754808 0.365385 0.753205 0.365385 0.753205 0.366987 0.751603 0.366987 0.750000 0.366987 0.750000 0.368590 0.748397 0.368590 0.181090 0.480769 0.179487 0.482372 0.176282 0.482372 0.173077 0.482372 0.171474 0.483974 0.169872 0.483974 0.168269 0.485577 0.166667 0.485577 0.166667 0.487179 0.165064 0.487179 0.165064 0.488782 0.165064 0.490385 0.165064 0.495192 0.166667 0.495192 0.168269 0.496795 0.171474 0.498397
0 0.173077 0.498397 0.174679 0.498397 0.174679 0.500000 0.176282 0.500000 0.177885 0.500000 0.177885 0.501603 0.181090 0.498397 0.181090 0.500000 0.182692 0.498397 0.184295 0.498397 0.185897 0.495192 0.185897 0.496795 0.187500 0.495192 0.187500 0.493590 0.189103 0.490385 0.187500 0.487179 0.187500 0.485577 0.185897 0.482372 0.184295 0.482372 0.182692 0.482372 0.711538 0.548077 0.709936 0.548077 0.711538 0.551282 0.709936 0.551282 0.713141 0.552885 0.714744 0.554487 0.716346 0.554487 0.717949 0.554487 0.719551 0.554487 0.717949 0.557692 0.721154 0.554487 0.721154 0.556090 0.721154 0.557692 0.722756 0.557692 0.724359 0.554487 0.727564 0.554487 0.727564 0.556090 0.730769 0.552885 0.730769 0.554487 0.732372 0.552885 0.733974 0.549679 0.733974 0.548077 0.730769 0.546474 0.732372 0.546474 0.729167 0.543269 0.729167 0.541667 0.727564 0.538462 0.725962 0.538462 0.724359 0.538462 0.722756 0.538462
0 0.721154 0.540064 0.719551 0.540064 0.717949 0.540064 0.716346 0.540064 0.714744 0.541667 0.713141 0.541667 0.713141 0.543269 0.711538 0.543269 0.573718 0.331731 0.575321 0.333333 0.576923 0.334936 0.578526 0.336538 0.580128 0.336538 0.581731 0.336538 0.581731 0.338141 0.583333 0.338141 0.584936 0.334936 0.584936 0.336538 0.586538 0.336538 0.588141 0.333333 0.588141 0.334936 0.589744 0.334936 0.589744 0.333333 0.591346 0.333333 0.591346 0.331731 0.592949 0.328526 0.592949 0.326923 0.592949 0.325321 0.591346 0.325321 0.589744 0.322115 0.588141 0.322115 0.586538 0.323718 0.584936 0.320513 0.581731 0.323718 0.583333 0.320513 0.578526 0.322115 0.575321 0.323718 0.573718 0.323718 0.573718 0.325321 0.572115 0.326923 0.572115 0.328526 0.331731 0.621795 0.330128 0.623397 0.328526 0.623397 0.328526 0.625000 0.326923 0.625000 0.326923 0.626603 0.325321 0.626603 0.323718 0.629808 0.322115 0.629808 0.323718 0.631410 0.322115 0.631410 0.322115 0.633013 0.323718 0.636218 0.330128 0.641026 0.331731 0.641026 0.333333 0.641026 0.334936 0.641026 0.333333 0.644231 0.336538 0.641026 0.334936 0.644231 0.336538 0.642628 0.338141 0.642628 0.339744 0.639423 0.339744 0.641026 0.341346 0.641026 0.342949 0.637821 0.342949 0.639423 0.344551 0.637821 0.346154 0.636218
0 0.346154 0.634615 0.349359 0.633013 0.349359 0.631410 0.344551 0.631410 0.347756 0.629808 0.347756 0.628205 0.342949 0.628205 0.344551 0.626603 0.342949 0.623397 0.341346 0.623397 0.339744 0.623397 0.338141 0.625000 0.336538 0.621795 0.334936 0.621795 0.333333 0.621795 0.456731 0.375000 0.456731 0.376603 0.459936 0.376603 0.463141 0.378205 0.464744 0.378205 0.466346 0.378205 0.472756 0.378205 0.474359 0.378205 0.474359 0.376603 0.475962 0.375000 0.475962 0.373397 0.477564 0.371795 0.474359 0.370192 0.475962 0.366987 0.472756 0.365385 0.471154 0.365385 0.467949 0.365385 0.464744 0.365385 0.463141 0.365385 0.463141 0.366987 0.461538 0.366987 0.458333 0.370192 0.458333 0.371795 0.270833 0.676282 0.270833 0.677885 0.272436 0.677885 0.272436 0.679487 0.274038 0.682692 0.277244 0.684295 0.278846 0.684295 0.280449 0.684295 0.282051 0.684295 0.283654 0.684295 0.286859 0.684295 0.290064 0.682692 0.291667 0.682692 0.296474 0.681090 0.291667 0.679487 0.296474 0.679487 0.291667 0.677885 0.296474 0.677885
0 0.296474 0.676282 0.291667 0.676282 0.291667 0.674679 0.293269 0.671474 0.288462 0.668269 0.288462 0.671474 0.286859 0.668269 0.282051 0.671474 0.283654 0.668269 0.278846 0.669872 0.277244 0.671474 0.275641 0.671474 0.275641 0.673077 0.274038 0.673077 0.274038 0.674679 0.730769 0.541667 0.730769 0.543269 0.733974 0.541667 0.733974 0.543269 0.737179 0.544872 0.738782 0.544872 0.740385 0.544872 0.743590 0.544872 0.746795 0.544872 0.748397 0.544872 0.750000 0.544872 0.750000 0.543269 0.751603 0.541667 0.753205 0.540064 0.754808 0.536859 0.753205 0.535256 0.751603 0.532051 0.748397 0.530449 0.746795 0.530449 0.745192 0.530449 0.743590 0.530449 0.740385 0.530449 0.738782 0.530449 0.738782 0.532051 0.737179 0.532051 0.735577 0.532051 0.735577 0.533654 0.733974 0.533654 0.732372 0.536859 0.732372 0.538462 0.285256 0.613782 0.285256 0.615385 0.286859 0.620192
0 0.288462 0.621795 0.290064 0.621795 0.290064 0.625000 0.293269 0.621795 0.294872 0.621795 0.298077 0.623397 0.299679 0.621795 0.299679 0.620192 0.301282 0.618590 0.304487 0.615385 0.302885 0.612179 0.301282 0.613782 0.299679 0.610577 0.298077 0.612179 0.296474 0.608974 0.288462 0.610577 0.288462 0.612179 0.863782 0.421474 0.865385 0.424679 0.866987 0.424679 0.866987 0.426282 0.868590 0.426282 0.868590 0.429487 0.870192 0.426282 0.871795 0.427885 0.873397 0.427885 0.875000 0.427885 0.876603 0.427885 0.876603 0.426282 0.878205 0.426282 0.883013 0.424679 0.878205 0.424679 0.881410 0.423077 0.879808 0.421474 0.879808 0.419872 0.878205 0.416667 0.878205 0.418269 0.876603 0.418269 0.875000 0.415064 0.875000 0.418269 0.873397 0.415064 0.871795 0.415064 0.870192 0.415064 0.870192 0.416667 0.868590 0.416667 0.866987 0.416667 0.866987 0.418269 0.865385 0.418269 0.557692 0.455128 0.557692 0.456731 0.559295 0.459936 0.560897 0.461538 0.562500 0.463141 0.564103 0.463141 0.565705 0.464744 0.567308 0.464744 0.568910 0.464744 0.570513 0.464744 0.570513 0.466346 0.580128 0.463141 0.581731 0.459936 0.581731 0.458333
0 0.581731 0.456731 0.584936 0.455128 0.583333 0.451923 0.581731 0.453526 0.580128 0.450321 0.578526 0.450321 0.575321 0.447115 0.573718 0.447115 0.572115 0.450321 0.570513 0.447115 0.565705 0.448718 0.564103 0.448718 0.564103 0.450321 0.562500 0.450321 0.562500 0.451923 0.560897 0.451923 0.559295 0.451923 0.945513 0.560897 0.945513 0.562500 0.947115 0.562500 0.947115 0.564103 0.947115 0.565705 0.948718 0.565705 0.948718 0.567308 0.950321 0.568910 0.951923 0.568910 0.955128 0.568910 0.958333 0.568910 0.958333 0.570513 0.961538 0.567308 0.963141 0.567308 0.964744 0.564103 0.964744 0.562500 0.964744 0.560897 0.963141 0.560897 0.961538 0.557692 0.959936 0.559295 0.958333 0.556090 0.956731 0.556090 0.951923 0.557692 0.948718 0.557692 0.948718 0.559295 0.134615 0.336538 0.134615 0.338141 0.137821 0.336538 0.137821 0.338141 0.139423 0.338141 0.141026 0.339744
0 0.142628 0.342949 0.145833 0.339744 0.145833 0.341346 0.149038 0.339744 0.150641 0.341346 0.152244 0.341346 0.153846 0.338141 0.153846 0.339744 0.155449 0.338141 0.158654 0.334936 0.158654 0.331731 0.157051 0.328526 0.155449 0.330128 0.153846 0.326923 0.152244 0.326923 0.152244 0.328526 0.147436 0.328526 0.149038 0.325321 0.144231 0.326923 0.141026 0.328526 0.139423 0.328526 0.139423 0.330128 0.137821 0.331731 0.136218 0.333333 0.883013 0.495192 0.883013 0.496795 0.881410 0.496795 0.879808 0.496795 0.879808 0.498397 0.878205 0.498397 0.876603 0.498397 0.876603 0.500000 0.875000 0.500000 0.875000 0.501603 0.875000 0.503205 0.876603 0.506410 0.875000 0.506410 0.876603 0.509615 0.878205 0.509615 0.879808 0.511218 0.881410 0.511218 0.883013 0.511218 0.884615 0.511218 0.886218 0.511218 0.887821 0.511218 0.887821 0.512821 0.889423 0.511218 0.891026 0.511218 0.891026 0.509615 0.892628 0.508013 0.894231 0.508013 0.894231 0.506410 0.895833 0.503205 0.895833 0.501603 0.895833 0.500000 0.894231 0.500000 0.892628 0.496795 0.891026 0.496795 0.891026 0.498397 0.887821 0.495192 0.887821 0.498397 0.886218 0.495192 0.528846 0.565705 0.528846 0.567308 0.528846 0.568910 0.528846 0.570513 0.528846 0.572115 0.530449 0.572115 0.530449 0.573718
0 0.532051 0.575321 0.533654 0.575321 0.533654 0.576923 0.535256 0.576923 0.536859 0.573718 0.538462 0.575321 0.540064 0.573718 0.540064 0.572115 0.541667 0.572115 0.541667 0.570513 0.544872 0.567308 0.543269 0.567308 0.541667 0.564103 0.540064 0.564103 0.540064 0.565705 0.536859 0.562500 0.538462 0.565705 0.535256 0.562500 0.535256 0.565705 0.533654 0.562500 0.532051 0.562500 0.532051 0.564103 0.620192 0.349359 0.618590 0.352564 0.620192 0.352564 0.620192 0.354167 0.620192 0.355769 0.621795 0.355769 0.621795 0.357372 0.623397 0.358974 0.625000 0.358974 0.628205 0.358974 0.629808 0.360577 0.631410 0.358974 0.633013 0.358974 0.633013 0.357372 0.634615 0.355769 0.634615 0.354167 0.637821 0.352564 0.637821 0.350962 0.636218 0.350962 0.634615 0.347756 0.633013 0.347756 0.631410 0.347756 0.629808 0.347756 0.628205 0.347756 0.625000 0.347756 0.623397 0.349359 0.621795 0.349359 0.615385 0.330128 0.615385 0.331731 0.482372 0.636218 0.482372 0.637821 0.482372 0.639423 0.482372 0.641026 0.487179 0.644231 0.488782 0.644231 0.490385 0.644231
0 0.496795 0.644231 0.498397 0.641026 0.500000 0.641026 0.503205 0.637821 0.503205 0.636218 0.503205 0.634615 0.501603 0.634615 0.501603 0.633013 0.496795 0.633013 0.498397 0.631410 0.496795 0.628205 0.493590 0.631410 0.495192 0.628205 0.488782 0.629808 0.487179 0.631410 0.485577 0.631410 0.485577 0.633013 0.432692 0.467949 0.431090 0.467949 0.429487 0.467949 0.427885 0.467949 0.426282 0.467949 0.424679 0.467949 0.423077 0.469551 0.421474 0.469551 0.419872 0.471154
0 0.419872 0.472756 0.418269 0.472756 0.419872 0.474359 0.418269 0.475962 0.419872 0.475962 0.419872 0.477564 0.421474 0.477564 0.421474 0.479167 0.423077 0.479167 0.424679 0.479167 0.424679 0.482372 0.427885 0.479167 0.427885 0.480769 0.431090 0.480769 0.432692 0.480769 0.432692 0.479167 0.434295 0.479167 0.435897 0.475962 0.437500 0.475962 0.435897 0.472756 0.434295 0.469551 0.469551 0.307692 0.467949 0.307692 0.466346 0.307692 0.464744 0.307692 0.463141 0.307692 0.461538 0.307692 0.456731 0.307692 0.455128 0.307692 0.455128 0.309295 0.453526 0.309295 0.453526 0.310897 0.451923 0.310897 0.450321 0.310897 0.450321 0.312500 0.448718 0.314103 0.448718 0.315705 0.447115 0.315705 0.447115 0.317308 0.448718 0.317308 0.448718 0.318910 0.450321 0.320513 0.451923 0.322115 0.451923 0.323718 0.453526 0.323718 0.455128 0.323718
0 0.456731 0.323718 0.458333 0.323718 0.459936 0.323718 0.461538 0.323718 0.463141 0.323718 0.464744 0.322115 0.466346 0.322115 0.467949 0.318910 0.467949 0.320513 0.469551 0.318910 0.469551 0.317308 0.469551 0.315705 0.472756 0.314103 0.471154 0.310897 0.469551 0.310897 0.280449 0.346154 0.278846 0.347756 0.277244 0.347756 0.277244 0.349359 0.275641 0.349359 0.275641 0.350962 0.274038 0.352564 0.274038 0.355769 0.278846 0.358974 0.280449 0.358974 0.282051 0.358974 0.283654 0.358974 0.285256 0.358974 0.283654 0.362179 0.286859 0.358974 0.286859 0.360577 0.290064 0.357372 0.290064 0.358974 0.291667 0.357372 0.291667 0.355769 0.291667 0.354167 0.291667 0.352564 0.293269 0.350962 0.293269 0.349359 0.291667 0.349359 0.290064 0.346154 0.288462 0.346154 0.286859 0.346154 0.285256 0.346154
0 0.283654 0.346154 0.282051 0.346154 0.250000 0.498397 0.246795 0.496795 0.246795 0.498397 0.246795 0.500000 0.246795 0.501603 0.246795 0.503205 0.248397 0.503205 0.248397 0.504808 0.250000 0.504808 0.251603 0.506410 0.253205 0.506410 0.254808 0.506410 0.256410 0.506410 0.258013 0.506410 0.259615 0.506410 0.261218 0.506410 0.262821 0.506410 0.266026 0.504808 0.266026 0.506410 0.267628 0.506410 0.267628 0.504808 0.269231 0.503205 0.269231 0.501603 0.269231 0.500000 0.272436 0.496795 0.269231 0.498397 0.272436 0.495192 0.267628 0.495192 0.269231 0.491987 0.266026 0.490385 0.264423 0.490385 0.262821 0.490385 0.261218 0.490385 0.259615 0.490385 0.258013 0.490385 0.254808 0.490385 0.253205 0.490385 0.251603 0.491987 0.250000 0.491987 0.250000 0.493590 0.248397 0.493590 0.753205 0.564103 0.758013 0.564103 0.754808 0.564103 0.756410 0.565705 0.756410 0.567308 0.758013 0.567308 0.758013 0.568910 0.758013 0.570513 0.759615 0.570513 0.761218 0.570513 0.762821 0.570513 0.762821 0.573718 0.764423 0.570513 0.766026 0.572115 0.767628 0.572115 0.770833 0.570513 0.770833 0.572115 0.772436 0.572115 0.774038 0.568910 0.775641 0.568910 0.775641 0.567308 0.775641 0.564103 0.778846 0.562500 0.778846 0.560897
0 0.777244 0.560897 0.775641 0.557692 0.774038 0.557692 0.774038 0.559295 0.770833 0.556090 0.770833 0.559295 0.769231 0.556090 0.767628 0.556090 0.766026 0.556090 0.762821 0.556090 0.761218 0.556090 0.761218 0.557692 0.759615 0.557692 0.759615 0.559295 0.758013 0.559295 0.756410 0.560897 0.131410 0.397436 0.129808 0.392628 0.125000 0.392628 0.121795 0.392628 0.118590 0.395833 0.118590 0.397436 0.118590 0.400641 0.120192 0.402244 0.121795 0.405449 0.128205 0.405449 0.129808 0.405449 0.131410 0.402244 0.133013 0.399038 0.873397 0.366987 0.871795 0.366987 0.866987 0.368590 0.865385 0.370192 0.862179 0.375000 0.862179 0.376603 0.862179 0.378205 0.863782 0.379808 0.865385 0.379808 0.865385 0.381410 0.868590 0.383013 0.870192 0.383013 0.870192 0.384615 0.878205 0.384615 0.878205 0.383013 0.879808 0.383013 0.879808 0.381410 0.881410 0.381410 0.881410 0.379808 0.881410 0.378205 0.884615 0.376603 0.884615 0.375000
0 0.879808 0.375000 0.883013 0.373397 0.881410 0.370192 0.879808 0.371795 0.878205 0.370192 0.876603 0.366987 0.875000 0.366987 0.073718 0.282051 0.075321 0.283654 0.075321 0.285256 0.076923 0.286859 0.081731 0.288462 0.083333 0.288462 0.086538 0.288462 0.089744 0.288462 0.091346 0.286859 0.091346 0.283654 0.092949 0.280449 0.091346 0.277244 0.089744 0.275641 0.088141 0.272436 0.086538 0.272436 0.078526 0.274038 0.078526 0.275641 0.076923 0.275641 0.075321 0.277244 0.099359 0.669872 0.099359 0.671474 0.100962 0.671474 0.100962 0.673077 0.100962 0.674679 0.102564 0.674679 0.102564 0.676282 0.104167 0.676282 0.105769 0.677885 0.108974 0.676282 0.112179 0.677885 0.113782 0.676282 0.115385 0.674679 0.115385 0.673077 0.118590 0.671474 0.118590 0.669872 0.116987 0.669872 0.115385 0.666667 0.115385 0.668269 0.113782 0.668269 0.112179 0.665064 0.110577 0.665064 0.105769 0.666667 0.104167 0.666667 0.102564 0.666667 0.102564 0.668269 0.402244 0.246795 0.402244 0.250000 0.402244 0.254808 0.405449 0.258013 0.407051 0.261218 0.408654 0.261218 0.410256 0.261218
0 0.411859 0.262821 0.413462 0.262821 0.415064 0.262821 0.418269 0.262821 0.419872 0.264423 0.423077 0.261218 0.423077 0.262821 0.426282 0.259615 0.427885 0.259615 0.427885 0.258013 0.427885 0.256410 0.427885 0.254808 0.429487 0.251603 0.431090 0.248397 0.426282 0.248397 0.427885 0.245192 0.424679 0.243590 0.423077 0.240385 0.419872 0.238782 0.416667 0.238782 0.411859 0.238782 0.408654 0.240385 0.405449 0.243590 0.104167 0.528846 0.104167 0.530449 0.104167 0.535256 0.105769 0.535256 0.107372 0.536859 0.108974 0.538462 0.110577 0.538462 0.112179 0.538462 0.115385 0.536859 0.116987 0.536859 0.118590 0.536859 0.118590 0.535256 0.120192 0.535256 0.121795 0.532051 0.120192 0.527244 0.115385 0.524038 0.113782 0.524038 0.110577 0.525641 0.108974 0.525641 0.107372 0.525641 0.107372 0.527244 0.826923 0.203526 0.825321 0.203526 0.825321 0.205128 0.823718 0.205128 0.822115 0.206731 0.820513 0.208333 0.820513 0.209936 0.820513 0.211538 0.820513 0.213141 0.818910 0.213141 0.820513 0.214744 0.820513 0.216346 0.822115 0.217949 0.823718 0.219551 0.825321 0.221154 0.826923 0.221154 0.828526 0.221154
0 0.830128 0.221154 0.831731 0.222756 0.833333 0.222756 0.834936 0.219551 0.834936 0.221154 0.836538 0.221154 0.838141 0.217949 0.839744 0.217949 0.839744 0.216346 0.841346 0.214744 0.841346 0.213141 0.841346 0.211538 0.842949 0.209936 0.839744 0.208333 0.839744 0.206731 0.838141 0.203526 0.836538 0.203526 0.836538 0.205128 0.833333 0.201923 0.833333 0.205128 0.831731 0.201923 0.330128 0.538462 0.330128 0.540064 0.330128 0.541667 0.328526 0.541667 0.328526 0.543269 0.330128 0.543269 0.330128 0.544872 0.331731 0.544872 0.333333 0.546474 0.334936 0.546474 0.336538 0.546474 0.338141 0.546474 0.339744 0.546474 0.341346 0.546474 0.342949 0.548077 0.344551 0.548077 0.346154 0.544872 0.347756 0.544872 0.347756 0.543269 0.352564 0.541667 0.347756 0.540064 0.350962 0.540064 0.347756 0.538462 0.349359 0.536859 0.347756 0.533654 0.346154 0.533654 0.344551 0.533654 0.344551 0.535256 0.341346 0.532051 0.341346 0.535256 0.339744 0.532051 0.338141 0.532051 0.338141 0.533654
0 0.336538 0.533654 0.334936 0.533654 0.334936 0.535256 0.333333 0.535256 0.331731 0.535256 0.524038 0.613782 0.524038 0.618590 0.527244 0.616987 0.527244 0.618590 0.530449 0.618590 0.530449 0.620192 0.532051 0.620192 0.535256 0.618590 0.535256 0.620192 0.540064 0.620192 0.540064 0.618590 0.541667 0.618590 0.541667 0.616987 0.543269 0.616987 0.546474 0.615385 0.546474 0.613782 0.541667 0.613782 0.543269 0.612179 0.541667 0.608974 0.536859 0.605769 0.533654 0.605769 0.533654 0.607372 0.530449 0.607372 0.528846 0.608974 0.527244 0.608974 0.145833 0.358974 0.150641 0.360577 0.147436 0.358974 0.147436 0.360577 0.149038 0.362179 0.149038 0.363782 0.150641 0.363782 0.150641 0.365385 0.152244 0.365385 0.153846 0.365385 0.155449 0.365385 0.157051 0.365385 0.158654 0.365385 0.158654 0.366987 0.161859 0.363782 0.161859 0.365385 0.163462 0.363782 0.166667 0.362179 0.163462 0.360577 0.166667 0.358974 0.166667 0.357372 0.165064 0.357372 0.163462 0.354167 0.161859 0.354167 0.161859 0.355769 0.160256 0.355769 0.158654 0.352564 0.158654 0.355769 0.157051 0.352564 0.153846 0.354167 0.152244 0.354167 0.152244 0.355769
0 0.150641 0.355769 0.149038 0.355769 0.387821 0.652244 0.391026 0.653846 0.391026 0.655449 0.392628 0.655449 0.392628 0.657051 0.394231 0.658654 0.397436 0.660256 0.399038 0.660256 0.400641 0.660256 0.402244 0.660256 0.403846 0.660256 0.405449 0.660256 0.405449 0.663462 0.407051 0.660256 0.407051 0.661859 0.408654 0.660256 0.410256 0.660256 0.410256 0.658654 0.411859 0.658654 0.413462 0.655449 0.413462 0.652244 0.413462 0.650641 0.408654 0.650641 0.410256 0.647436 0.407051 0.645833 0.405449 0.645833 0.403846 0.647436 0.402244 0.644231 0.399038 0.645833 0.394231 0.647436 0.392628 0.647436 0.392628 0.649038 0.391026 0.649038 0.572115 0.496795 0.572115 0.500000 0.570513 0.500000 0.570513 0.501603
0 0.572115 0.501603 0.572115 0.503205 0.573718 0.503205 0.575321 0.503205 0.575321 0.504808 0.576923 0.504808 0.578526 0.504808 0.578526 0.506410 0.580128 0.506410 0.581731 0.503205 0.581731 0.504808 0.583333 0.503205 0.583333 0.501603 0.586538 0.500000 0.586538 0.498397 0.584936 0.498397 0.583333 0.495192 0.581731 0.495192 0.580128 0.495192 0.576923 0.495192 0.575321 0.495192 0.575321 0.496795 0.573718 0.496795 0.211538 0.615385 0.214744 0.618590 0.216346 0.618590 0.216346 0.620192 0.217949 0.620192 0.217949 0.621795 0.219551 0.621795 0.221154 0.621795 0.222756 0.621795 0.224359 0.621795 0.225962 0.621795 0.229167 0.623397 0.230769 0.620192 0.232372 0.620192 0.233974 0.620192 0.233974 0.618590 0.235577 0.616987 0.237179 0.613782 0.237179 0.608974 0.230769 0.605769 0.230769 0.608974 0.229167 0.605769 0.227564 0.605769 0.225962 0.605769 0.224359 0.605769 0.222756 0.605769 0.222756 0.607372 0.221154 0.607372 0.219551 0.607372 0.217949 0.607372 0.217949 0.608974 0.216346 0.608974 0.214744 0.612179 0.169872 0.415064 0.169872 0.419872 0.168269 0.416667 0.166667 0.418269 0.165064 0.419872 0.163462 0.421474 0.163462 0.423077 0.163462 0.424679 0.163462 0.426282 0.163462 0.427885 0.165064 0.429487 0.166667 0.431090 0.168269 0.431090 0.169872 0.431090 0.171474 0.431090 0.173077 0.432692 0.174679 0.432692 0.176282 0.432692 0.176282 0.434295
0 0.179487 0.431090 0.179487 0.432692 0.182692 0.429487 0.184295 0.429487 0.184295 0.427885 0.184295 0.426282 0.184295 0.424679 0.185897 0.421474 0.184295 0.419872 0.182692 0.416667 0.179487 0.415064 0.177885 0.415064 0.176282 0.415064 0.174679 0.415064 0.173077 0.415064 0.171474 0.415064 0.342949 0.562500 0.347756 0.562500 0.344551 0.562500 0.344551 0.564103 0.346154 0.565705 0.347756 0.567308 0.349359 0.567308 0.352564 0.567308 0.354167 0.567308 0.357372 0.565705 0.357372 0.567308 0.358974 0.565705 0.358974 0.564103 0.358974 0.562500 0.362179 0.560897 0.362179 0.559295 0.360577 0.559295 0.358974 0.556090 0.357372 0.556090 0.355769 0.556090 0.350962 0.556090 0.350962 0.557692 0.347756 0.557692 0.346154 0.557692 0.346154 0.559295 0.919872 0.554487 0.919872 0.556090 0.918269 0.556090 0.919872 0.559295 0.919872 0.560897 0.921474 0.560897 0.923077 0.560897
0 0.923077 0.562500 0.924679 0.562500 0.926282 0.562500 0.929487 0.562500 0.932692 0.562500 0.934295 0.562500 0.935897 0.559295 0.935897 0.560897 0.939103 0.557692 0.937500 0.554487 0.934295 0.552885 0.935897 0.549679 0.931090 0.548077 0.924679 0.549679 0.923077 0.549679 0.921474 0.551282 0.802885 0.285256 0.801282 0.285256 0.801282 0.286859 0.799679 0.286859 0.798077 0.286859 0.798077 0.288462 0.796474 0.288462 0.794872 0.291667 0.794872 0.293269 0.794872 0.294872 0.794872 0.296474 0.796474 0.298077 0.796474 0.299679 0.799679 0.301282 0.801282 0.301282 0.802885 0.301282 0.804487 0.301282 0.806090 0.301282 0.807692 0.301282 0.807692 0.302885 0.810897 0.299679 0.810897 0.301282 0.814103 0.298077 0.815705 0.298077 0.815705 0.296474 0.818910 0.294872 0.818910 0.293269 0.818910 0.291667 0.814103 0.291667 0.815705 0.290064
0 0.815705 0.288462 0.812500 0.285256 0.812500 0.288462 0.810897 0.285256 0.809295 0.285256 0.807692 0.285256 0.806090 0.285256 0.804487 0.285256 0.633013 0.266026 0.636218 0.264423 0.636218 0.266026 0.636218 0.267628 0.637821 0.267628 0.637821 0.270833 0.641026 0.267628 0.639423 0.270833 0.642628 0.267628 0.642628 0.270833 0.644231 0.267628 0.644231 0.270833 0.647436 0.267628 0.647436 0.269231 0.649038 0.267628 0.650641 0.267628 0.650641 0.266026 0.652244 0.266026 0.657051 0.264423 0.652244 0.264423 0.653846 0.262821 0.657051 0.261218 0.657051 0.259615 0.652244 0.259615 0.653846 0.258013 0.652244 0.254808 0.650641 0.254808 0.647436 0.254808 0.641026 0.256410 0.639423 0.256410 0.639423 0.258013 0.637821 0.258013 0.636218 0.258013 0.636218 0.259615 0.634615 0.261218 0.126603 0.491987 0.125000 0.491987 0.125000 0.493590 0.123397 0.493590 0.121795 0.495192 0.120192 0.496795 0.120192 0.498397 0.121795 0.504808 0.123397 0.506410 0.125000 0.508013 0.126603 0.508013 0.128205 0.508013 0.129808 0.509615 0.131410 0.509615 0.133013 0.506410 0.133013 0.508013 0.134615 0.508013 0.136218 0.504808 0.136218 0.506410 0.137821 0.506410 0.137821 0.504808 0.137821 0.503205 0.139423 0.503205 0.141026 0.500000 0.139423 0.496795 0.139423 0.495192 0.137821 0.495192 0.136218 0.491987 0.136218 0.495192
0 0.134615 0.491987 0.133013 0.491987 0.131410 0.491987 0.129808 0.491987 0.128205 0.491987 0.405449 0.375000 0.407051 0.375000 0.407051 0.376603 0.405449 0.378205 0.407051 0.378205 0.408654 0.379808 0.410256 0.381410 0.411859 0.381410 0.413462 0.381410 0.415064 0.381410 0.416667 0.381410 0.418269 0.381410 0.419872 0.381410 0.418269 0.384615 0.419872 0.383013 0.421474 0.381410 0.423077 0.379808 0.423077 0.378205 0.426282 0.376603 0.426282 0.375000 0.421474 0.375000 0.424679 0.373397 0.423077 0.370192 0.423077 0.371795 0.421474 0.371795 0.419872 0.368590 0.418269 0.371795 0.416667 0.368590 0.413462 0.370192 0.411859 0.370192 0.410256 0.371795 0.408654 0.371795 0.214744 0.424679 0.213141 0.424679 0.216346 0.426282 0.217949 0.426282 0.219551 0.427885 0.221154 0.427885 0.222756 0.427885 0.225962 0.426282 0.229167 0.427885 0.229167 0.426282 0.230769 0.424679 0.230769 0.423077 0.233974 0.419872 0.229167 0.419872 0.230769 0.418269 0.229167 0.415064 0.227564 0.415064 0.225962 0.415064 0.224359 0.415064 0.222756 0.418269 0.221154 0.415064 0.219551 0.416667 0.217949 0.416667 0.216346 0.418269
0 0.214744 0.418269 0.214744 0.419872 0.213141 0.419872 0.759615 0.307692 0.761218 0.310897 0.762821 0.310897 0.762821 0.312500 0.766026 0.314103 0.767628 0.314103 0.769231 0.314103 0.769231 0.315705 0.770833 0.315705 0.772436 0.312500 0.774038 0.312500 0.774038 0.314103 0.775641 0.312500 0.777244 0.310897 0.777244 0.309295 0.780449 0.307692 0.780449 0.306090 0.778846 0.306090 0.778846 0.304487 0.777244 0.304487 0.775641 0.301282 0.774038 0.301282 0.772436 0.301282 0.770833 0.301282 0.769231 0.301282 0.767628 0.301282 0.766026 0.301282 0.764423 0.302885 0.762821 0.302885 0.762821 0.304487 0.761218 0.304487 0.775641 0.551282 0.775641 0.552885 0.777244 0.552885 0.778846 0.552885 0.782051 0.556090 0.783654 0.556090 0.785256 0.556090 0.785256 0.559295 0.786859 0.556090 0.786859 0.559295 0.790064 0.556090 0.791667 0.556090 0.791667 0.557692 0.793269 0.556090 0.794872 0.554487 0.794872 0.552885 0.794872 0.551282 0.798077 0.549679 0.796474 0.546474 0.794872 0.548077
0 0.793269 0.544872 0.791667 0.544872 0.790064 0.544872 0.788462 0.544872 0.786859 0.544872 0.783654 0.544872 0.782051 0.546474 0.780449 0.546474 0.778846 0.546474 0.777244 0.548077 0.778846 0.548077 0.097756 0.655449 0.099359 0.657051 0.100962 0.657051 0.102564 0.658654 0.107372 0.660256 0.108974 0.660256 0.110577 0.660256 0.113782 0.658654 0.113782 0.660256 0.115385 0.658654 0.115385 0.657051 0.118590 0.655449 0.115385 0.653846 0.116987 0.652244 0.115385 0.649038 0.113782 0.649038 0.112179 0.649038 0.110577 0.649038 0.108974 0.649038 0.104167 0.649038 0.104167 0.650641 0.102564 0.650641 0.102564 0.652244 0.100962 0.652244 0.453526 0.347756 0.453526 0.349359 0.455128 0.349359 0.455128 0.350962 0.456731 0.352564 0.458333 0.352564 0.459936 0.352564 0.459936 0.354167 0.466346 0.354167 0.467949 0.352564 0.469551 0.352564 0.469551 0.350962 0.472756 0.347756 0.471154 0.346154 0.469551 0.342949 0.467949 0.342949 0.466346 0.342949 0.464744 0.342949 0.461538 0.342949 0.456731 0.342949 0.456731 0.344551 0.402244 0.463141 0.403846 0.466346 0.405449 0.467949 0.408654 0.469551 0.410256 0.469551 0.411859 0.469551 0.411859 0.471154 0.415064 0.467949 0.415064 0.469551 0.416667 0.469551 0.418269 0.466346 0.418269 0.467949 0.419872 0.466346 0.419872 0.464744 0.421474 0.463141 0.419872 0.459936 0.416667 0.458333 0.415064 0.458333 0.413462 0.458333 0.410256 0.458333 0.407051 0.458333 0.405449 0.458333 0.405449 0.459936 0.403846 0.459936
0 0.024038 0.586538 0.024038 0.588141 0.025641 0.588141 0.027244 0.589744 0.028846 0.591346 0.030449 0.591346 0.032051 0.591346 0.033654 0.591346 0.033654 0.592949 0.036859 0.591346 0.038462 0.592949 0.040064 0.589744 0.041667 0.589744 0.043269 0.589744 0.043269 0.588141 0.043269 0.586538 0.046474 0.584936 0.046474 0.583333 0.044872 0.583333 0.043269 0.580128 0.041667 0.581731 0.040064 0.578526 0.036859 0.578526 0.030449 0.580128 0.028846 0.580128 0.028846 0.581731 0.027244 0.581731 0.027244 0.583333 0.025641 0.583333 0.387821 0.423077 0.389423 0.424679 0.391026 0.426282 0.392628 0.427885 0.394231 0.427885 0.395833 0.427885 0.397436 0.427885 0.399038 0.427885 0.399038 0.429487 0.400641 0.429487 0.402244 0.429487
0 0.403846 0.426282 0.403846 0.427885 0.405449 0.427885 0.405449 0.426282 0.407051 0.426282 0.407051 0.424679 0.410256 0.423077 0.410256 0.421474 0.405449 0.421474 0.407051 0.419872 0.405449 0.416667 0.403846 0.416667 0.402244 0.416667 0.400641 0.416667 0.399038 0.416667 0.397436 0.416667 0.395833 0.416667 0.395833 0.418269 0.394231 0.418269 0.392628 0.418269 0.392628 0.419872 0.391026 0.419872 0.389423 0.419872 0.169872 0.697115 0.171474 0.698718 0.173077 0.698718 0.174679 0.700321 0.176282 0.700321 0.177885 0.700321 0.179487 0.700321 0.181090 0.700321 0.184295 0.701923 0.185897 0.698718 0.187500 0.698718 0.187500 0.700321 0.189103 0.700321 0.189103 0.698718 0.190705 0.697115 0.192308 0.695513 0.189103 0.693910 0.190705 0.690705 0.187500 0.690705 0.185897 0.687500 0.185897 0.690705 0.184295 0.687500 0.182692 0.687500 0.179487 0.689103 0.177885 0.689103 0.176282 0.690705 0.174679 0.690705 0.174679 0.692308 0.173077 0.692308 0.173077 0.693910 0.171474 0.693910
0 0.437500 0.408654 0.439103 0.408654 0.439103 0.410256 0.440705 0.410256 0.440705 0.411859 0.442308 0.411859 0.443910 0.413462 0.445513 0.415064 0.447115 0.415064 0.448718 0.415064 0.451923 0.413462 0.450321 0.416667 0.451923 0.416667 0.451923 0.415064 0.453526 0.415064 0.455128 0.411859 0.455128 0.410256 0.459936 0.408654 0.455128 0.408654 0.456731 0.407051 0.456731 0.405449 0.455128 0.405449 0.453526 0.402244 0.453526 0.405449 0.451923 0.402244 0.450321 0.402244 0.442308 0.403846 0.440705 0.405449 0.801282 0.600962 0.801282 0.602564 0.798077 0.600962 0.799679 0.605769 0.801282 0.607372 0.801282 0.608974 0.802885 0.608974 0.804487 0.608974 0.802885 0.612179 0.806090 0.608974 0.806090 0.610577 0.807692 0.610577 0.809295 0.610577 0.810897 0.610577 0.812500 0.610577 0.814103 0.610577 0.817308 0.608974 0.817308 0.612179 0.818910 0.608974 0.820513 0.607372 0.820513 0.605769 0.820513 0.604167 0.822115 0.600962 0.822115 0.599359
0 0.822115 0.597756 0.817308 0.597756 0.818910 0.596154 0.817308 0.592949 0.815705 0.592949 0.814103 0.592949 0.812500 0.592949 0.809295 0.592949 0.807692 0.592949 0.806090 0.592949 0.804487 0.594551 0.802885 0.594551 0.802885 0.596154 0.801282 0.596154 0.799679 0.597756 0.684295 0.631410 0.682692 0.628205 0.681090 0.628205 0.679487 0.628205 0.677885 0.628205 0.676282 0.629808 0.673077 0.629808 0.671474 0.629808 0.669872 0.631410 0.668269 0.634615 0.668269 0.636218 0.668269 0.639423 0.669872 0.639423 0.671474 0.641026 0.673077 0.641026 0.674679 0.641026 0.681090 0.641026
0 0.682692 0.641026 0.682692 0.639423 0.684295 0.639423 0.689103 0.637821 0.684295 0.637821 0.689103 0.636218 0.685897 0.633013 0.687500 0.633013 0.903846 0.580128 0.905449 0.580128 0.907051 0.584936 0.908654 0.586538 0.908654 0.588141 0.911859 0.588141 0.913462 0.589744 0.915064 0.589744 0.916667 0.589744 0.919872 0.589744 0.923077 0.591346 0.924679 0.591346 0.926282 0.588141 0.926282 0.589744 0.927885 0.589744 0.929487 0.586538 0.932692 0.583333 0.932692 0.581731 0.932692 0.580128 0.931090 0.580128 0.931090 0.578526 0.926282 0.578526 0.927885 0.575321 0.924679 0.573718 0.923077 0.575321 0.921474 0.572115 0.919872 0.572115 0.918269 0.572115 0.916667 0.575321 0.915064 0.572115 0.911859 0.573718 0.910256 0.575321 0.908654 0.575321 0.908654 0.576923 0.907051 0.576923 0.854167 0.455128 0.854167 0.456731 0.857372 0.455128 0.857372 0.456731 0.858974 0.456731 0.860577 0.456731 0.860577 0.459936 0.862179 0.456731 0.863782 0.458333 0.863782 0.459936 0.865385 0.459936 0.866987 0.456731
0 0.868590 0.458333 0.870192 0.458333 0.871795 0.455128 0.871795 0.456731 0.875000 0.453526 0.873397 0.450321 0.871795 0.447115 0.871795 0.448718 0.868590 0.445513 0.868590 0.448718 0.866987 0.445513 0.866987 0.448718 0.865385 0.445513 0.863782 0.445513 0.862179 0.445513 0.862179 0.447115 0.860577 0.447115 0.858974 0.447115 0.858974 0.448718 0.857372 0.448718 0.857372 0.450321 0.855769 0.450321 0.855769 0.451923 0.408654 0.666667 0.407051 0.666667 0.407051 0.668269 0.405449 0.668269 0.403846 0.665064 0.402244 0.665064 0.400641 0.665064 0.399038 0.665064 0.399038 0.666667 0.397436 0.666667 0.395833 0.666667 0.395833 0.668269 0.394231 0.668269 0.392628 0.668269 0.392628 0.669872 0.391026 0.671474 0.392628 0.674679 0.391026 0.674679 0.394231 0.676282 0.394231 0.679487 0.395833 0.676282 0.395833 0.679487 0.397436 0.676282 0.399038 0.677885 0.400641 0.677885 0.400641 0.679487 0.402244 0.679487 0.403846 0.676282 0.403846 0.677885 0.405449 0.677885 0.407051 0.674679 0.407051 0.676282
0 0.408654 0.674679 0.408654 0.673077 0.467949 0.443910 0.467949 0.445513 0.469551 0.445513 0.471154 0.445513 0.471154 0.447115 0.472756 0.448718 0.474359 0.450321 0.475962 0.450321 0.475962 0.453526 0.477564 0.450321 0.482372 0.450321 0.483974 0.450321 0.485577 0.450321 0.485577 0.448718 0.485577 0.447115 0.488782 0.443910 0.487179 0.440705 0.485577 0.442308 0.483974 0.440705 0.482372 0.437500 0.482372 0.440705 0.480769 0.437500 0.479167 0.440705 0.477564 0.437500 0.475962 0.440705 0.474359 0.437500 0.472756 0.439103 0.471154 0.439103 0.471154 0.440705 0.469551 0.440705 0.137821 0.596154 0.137821 0.597756 0.134615 0.596154 0.136218 0.597756 0.134615 0.597756 0.136218 0.600962 0.136218 0.602564 0.141026 0.604167 0.142628 0.604167 0.141026 0.607372
0 0.144231 0.604167 0.142628 0.607372 0.145833 0.604167 0.145833 0.605769 0.147436 0.605769 0.150641 0.604167 0.152244 0.605769 0.153846 0.602564 0.153846 0.604167 0.155449 0.604167 0.155449 0.602564 0.157051 0.602564 0.157051 0.600962 0.158654 0.597756 0.160256 0.597756 0.160256 0.594551 0.155449 0.594551 0.157051 0.592949 0.155449 0.591346 0.153846 0.588141 0.152244 0.588141 0.150641 0.588141 0.149038 0.588141 0.147436 0.588141 0.145833 0.588141 0.144231 0.588141 0.142628 0.589744 0.141026 0.589744 0.139423 0.591346 0.137821 0.591346 0.136218 0.592949 0.277244 0.512821 0.278846 0.519231 0.278846 0.524038 0.280449 0.520833 0.282051 0.520833 0.283654 0.520833 0.283654 0.522436 0.285256 0.522436 0.286859 0.522436 0.288462 0.522436 0.290064 0.524038 0.291667 0.520833 0.291667 0.522436 0.293269 0.522436 0.294872 0.519231 0.294872 0.520833 0.296474 0.519231 0.296474 0.517628 0.296474 0.516026 0.298077 0.512821 0.298077 0.508013
0 0.296474 0.508013 0.293269 0.506410 0.291667 0.506410 0.290064 0.506410 0.288462 0.508013 0.288462 0.506410 0.286859 0.508013 0.285256 0.504808 0.283654 0.506410 0.282051 0.508013 0.280449 0.508013 0.278846 0.509615 0.370192 0.451923 0.375000 0.451923 0.373397 0.451923 0.373397 0.453526 0.375000 0.453526 0.376603 0.453526 0.378205 0.453526 0.379808 0.453526 0.381410 0.453526 0.381410 0.456731 0.381410 0.455128 0.383013 0.455128 0.384615 0.451923 0.384615 0.453526 0.387821 0.450321 0.386218 0.445513 0.384615 0.447115 0.384615 0.445513 0.379808 0.445513 0.373397 0.445513 0.371795 0.447115 0.371795 0.448718 0.064103 0.508013 0.060897 0.504808 0.059295 0.506410 0.057692 0.503205 0.056090 0.503205 0.054487 0.503205 0.052885 0.503205 0.051282 0.503205 0.049679 0.503205 0.049679 0.504808 0.048077 0.504808 0.046474 0.504808 0.044872 0.506410 0.043269 0.506410 0.041667 0.509615 0.040064 0.511218 0.040064 0.512821 0.041667 0.512821 0.041667 0.514423 0.043269 0.514423 0.043269 0.516026 0.044872 0.516026 0.046474 0.516026 0.049679 0.516026 0.051282 0.517628 0.052885 0.517628
0 0.054487 0.514423 0.054487 0.516026 0.056090 0.516026 0.057692 0.512821 0.057692 0.514423 0.059295 0.512821 0.059295 0.511218 0.060897 0.511218 0.062500 0.508013 0.371795 0.439103 0.375000 0.439103 0.376603 0.439103 0.376603 0.440705 0.378205 0.440705 0.379808 0.440705 0.379808 0.443910 0.383013 0.440705 0.384615 0.440705 0.386218 0.440705 0.387821 0.442308 0.389423 0.439103 0.389423 0.440705 0.391026 0.439103 0.392628 0.439103 0.394231 0.435897 0.392628 0.432692 0.387821 0.429487 0.386218 0.429487 0.378205 0.431090 0.376603 0.431090 0.376603 0.432692 0.375000 0.432692 0.375000 0.434295 0.373397 0.435897 0.762821 0.477564 0.767628 0.479167 0.764423 0.477564 0.766026 0.479167 0.766026 0.480769 0.767628 0.480769 0.767628 0.482372 0.769231 0.482372
0 0.770833 0.482372 0.772436 0.482372 0.772436 0.483974 0.774038 0.483974 0.775641 0.483974 0.777244 0.485577 0.778846 0.482372 0.778846 0.483974 0.780449 0.483974 0.780449 0.482372 0.782051 0.482372 0.782051 0.480769 0.783654 0.480769 0.783654 0.479167 0.786859 0.477564 0.786859 0.475962 0.782051 0.475962 0.783654 0.472756 0.780449 0.471154 0.778846 0.471154 0.777244 0.471154 0.775641 0.471154 0.774038 0.471154 0.772436 0.471154 0.770833 0.471154 0.770833 0.472756 0.769231 0.472756 0.767628 0.472756 0.767628 0.474359 0.766026 0.474359 0.331731 0.573718 0.330128 0.573718 0.328526 0.575321 0.325321 0.573718 0.323718 0.575321 0.320513 0.575321 0.318910 0.575321 0.317308 0.576923 0.317308 0.578526 0.317308 0.580128 0.317308 0.581731 0.317308 0.583333 0.318910 0.583333 0.318910 0.584936 0.320513 0.584936 0.322115 0.584936 0.328526 0.584936 0.330128 0.584936 0.330128 0.583333 0.334936 0.581731 0.330128 0.581731 0.333333 0.578526 0.331731 0.575321 0.815705 0.562500 0.817308 0.564103
0 0.817308 0.565705 0.820513 0.564103 0.820513 0.565705 0.822115 0.565705 0.823718 0.565705 0.825321 0.565705
0 0.826923 0.565705 0.828526 0.565705 0.830128 0.565705 0.836538 0.565705 0.838141 0.565705 0.839744 0.562500 0.841346 0.562500 0.841346 0.564103 0.842949 0.562500 0.844551 0.560897 0.844551 0.559295 0.844551 0.557692 0.844551 0.556090 0.846154 0.554487 0.846154 0.552885 0.841346 0.552885 0.842949 0.551282 0.841346 0.548077 0.839744 0.548077 0.838141 0.548077 0.836538 0.548077 0.834936 0.548077 0.826923 0.549679 0.825321 0.549679 0.823718 0.549679 0.823718 0.551282 0.822115 0.552885 0.820513 0.554487 0.818910 0.556090 0.818910 0.557692 0.818910 0.559295 0.817308 0.559295 0.818910 0.560897 0.536859 0.280449 0.536859 0.275641 0.535256 0.275641 0.533654 0.275641 0.533654 0.277244 0.527244 0.278846
0 0.525641 0.278846 0.525641 0.280449 0.524038 0.280449 0.524038 0.282051 0.522436 0.283654 0.522436 0.286859 0.522436 0.288462 0.524038 0.288462 0.527244 0.290064 0.528846 0.291667 0.530449 0.291667 0.540064 0.290064 0.540064 0.288462 0.541667 0.286859 0.540064 0.283654 0.543269 0.283654 0.543269 0.282051 0.543269 0.280449 0.538462 0.280449 0.540064 0.277244 0.556090 0.352564 0.556090 0.354167 0.557692 0.354167 0.559295 0.354167 0.559295 0.355769 0.560897 0.355769 0.562500 0.357372 0.560897 0.360577 0.564103 0.357372 0.564103 0.358974 0.564103 0.360577 0.565705 0.360577 0.567308 0.357372 0.568910 0.357372 0.568910 0.358974 0.570513 0.357372 0.570513 0.355769 0.572115 0.355769 0.575321 0.354167 0.575321 0.352564 0.570513 0.352564 0.572115 0.350962 0.570513 0.347756 0.568910 0.347756 0.568910 0.349359 0.565705 0.349359 0.564103 0.347756 0.562500 0.347756 0.560897 0.347756 0.559295 0.349359 0.557692 0.349359
0 0.286859 0.597756 0.286859 0.599359 0.286859 0.600962 0.288462 0.602564 0.291667 0.604167 0.293269 0.605769 0.294872 0.605769 0.296474 0.607372 0.298077 0.604167 0.302885 0.604167 0.302885 0.602564 0.302885 0.600962 0.304487 0.597756 0.304487 0.596154 0.302885 0.596154 0.301282 0.592949 0.299679 0.592949 0.298077 0.592949 0.294872 0.592949 0.291667 0.592949 0.291667 0.594551 0.290064 0.594551 0.288462 0.594551 0.415064 0.275641 0.419872 0.275641 0.418269 0.275641 0.421474 0.277244 0.423077 0.277244 0.424679 0.277244 0.426282 0.277244 0.426282 0.278846 0.427885 0.277244 0.429487 0.275641 0.429487 0.272436 0.431090 0.269231 0.429487 0.266026 0.426282 0.266026 0.423077 0.264423 0.419872 0.266026 0.418269 0.267628 0.416667 0.270833 0.416667 0.272436 0.314103 0.698718 0.312500 0.698718 0.310897 0.698718 0.307692 0.698718 0.307692 0.700321 0.306090 0.700321 0.304487 0.700321 0.301282 0.705128 0.302885 0.709936 0.307692 0.713141 0.309295 0.713141 0.314103 0.713141 0.315705 0.711538 0.317308 0.709936 0.318910 0.706731 0.320513 0.706731 0.320513 0.703526 0.318910 0.703526 0.318910 0.701923 0.314103 0.701923 0.315705 0.698718 0.445513 0.189103 0.450321 0.189103 0.448718 0.189103 0.451923 0.190705 0.453526 0.190705 0.453526 0.193910 0.455128 0.190705 0.456731 0.192308 0.456731 0.193910 0.459936 0.190705 0.459936 0.192308
0 0.463141 0.189103 0.463141 0.190705 0.464744 0.190705 0.464744 0.189103 0.464744 0.187500 0.464744 0.185897 0.467949 0.185897 0.464744 0.184295 0.466346 0.182692 0.463141 0.181090 0.464744 0.177885 0.447115 0.181090 0.448718 0.182692 0.447115 0.184295 0.447115 0.185897 0.631410 0.205128 0.631410 0.206731 0.629808 0.206731 0.628205 0.206731 0.628205 0.208333 0.626603 0.208333 0.625000 0.208333 0.625000 0.209936 0.623397 0.209936 0.621795 0.213141 0.621795 0.214744 0.621795 0.216346 0.621795 0.219551 0.621795 0.221154 0.623397 0.221154 0.623397 0.222756 0.625000 0.222756 0.625000 0.224359 0.628205 0.225962 0.629808 0.225962 0.631410 0.225962 0.633013 0.225962 0.634615 0.225962 0.636218 0.227564 0.637821 0.225962 0.637821 0.224359 0.639423 0.224359 0.641026 0.221154 0.641026 0.222756 0.642628 0.222756 0.642628 0.221154 0.642628 0.219551 0.644231 0.217949 0.644231 0.216346 0.647436 0.214744 0.647436 0.213141 0.645833 0.213141 0.645833 0.211538 0.641026 0.211538 0.642628 0.208333 0.639423 0.206731 0.637821 0.206731 0.636218 0.206731 0.634615 0.206731 0.633013 0.206731
0 0.415064 0.511218 0.418269 0.512821 0.415064 0.512821 0.416667 0.512821 0.416667 0.514423 0.418269 0.516026 0.418269 0.520833 0.419872 0.516026 0.419872 0.517628 0.421474 0.517628 0.423077 0.517628 0.423077 0.519231 0.426282 0.516026 0.426282 0.517628 0.427885 0.516026 0.429487 0.516026 0.429487 0.514423 0.431090 0.514423 0.432692 0.511218 0.432692 0.509615 0.431090 0.506410 0.431090 0.508013 0.427885 0.504808 0.427885 0.508013 0.426282 0.504808 0.426282 0.508013 0.424679 0.504808 0.424679 0.508013 0.421474 0.504808 0.421474 0.506410 0.419872 0.506410 0.418269 0.506410 0.418269 0.508013 0.416667 0.508013 0.333333 0.488782 0.333333 0.490385 0.334936 0.490385 0.336538 0.490385 0.338141 0.491987 0.339744 0.493590 0.341346 0.493590 0.342949 0.493590 0.344551 0.493590 0.346154 0.495192 0.347756 0.491987 0.347756 0.493590 0.349359 0.491987 0.350962 0.490385 0.350962 0.488782 0.352564 0.485577 0.347756 0.482372 0.346154 0.482372 0.344551 0.482372 0.342949 0.482372 0.339744 0.482372 0.339744 0.483974 0.338141 0.483974 0.336538 0.483974 0.334936 0.485577 0.748397 0.350962 0.748397 0.352564 0.746795 0.354167 0.745192 0.355769 0.746795 0.355769 0.745192 0.357372 0.746795 0.358974 0.750000 0.360577 0.750000 0.363782 0.751603 0.362179
0 0.753205 0.362179 0.754808 0.358974 0.754808 0.360577 0.756410 0.358974 0.758013 0.355769 0.759615 0.355769 0.758013 0.350962 0.756410 0.350962 0.754808 0.350962 0.753205 0.350962 0.751603 0.350962 0.027244 0.419872 0.028846 0.421474 0.030449 0.421474 0.033654 0.421474 0.035256 0.423077 0.036859 0.421474 0.036859 0.419872 0.038462 0.418269 0.040064 0.415064 0.038462 0.411859 0.036859 0.411859 0.033654 0.410256 0.032051 0.410256 0.028846 0.411859 0.027244 0.411859 0.025641 0.415064 0.025641 0.416667 0.533654 0.485577 0.535256 0.487179 0.536859 0.487179 0.538462 0.487179 0.538462 0.488782 0.540064 0.488782 0.541667 0.488782 0.543269 0.488782 0.543269 0.490385 0.544872 0.490385 0.544872 0.488782 0.546474 0.487179 0.546474 0.485577 0.548077 0.482372 0.544872 0.482372 0.543269 0.479167 0.541667 0.480769 0.540064 0.480769 0.538462 0.480769 0.538462 0.482372 0.536859 0.482372 0.495192 0.495192 0.493590 0.496795 0.491987 0.498397 0.491987 0.500000 0.491987 0.501603 0.493590 0.503205 0.495192 0.503205 0.495192 0.504808 0.501603 0.508013 0.509615 0.508013 0.511218 0.508013 0.511218 0.506410 0.512821 0.504808 0.514423 0.503205 0.519231 0.501603 0.514423 0.500000 0.519231 0.500000 0.517628 0.496795 0.514423 0.498397 0.517628 0.495192 0.516026 0.495192
0 0.514423 0.491987 0.514423 0.493590 0.512821 0.493590 0.511218 0.490385 0.509615 0.490385 0.508013 0.490385 0.506410 0.490385 0.500000 0.490385 0.500000 0.491987 0.496795 0.491987 0.233974 0.655449 0.233974 0.657051 0.235577 0.657051
0 0.235577 0.658654 0.235577 0.660256 0.237179 0.660256 0.237179 0.661859 0.238782 0.661859 0.238782 0.665064 0.240385 0.661859 0.240385 0.665064 0.243590 0.661859 0.243590 0.663462 0.245192 0.663462 0.246795 0.663462 0.248397 0.660256 0.248397 0.661859 0.250000 0.661859 0.250000 0.660256 0.250000 0.658654 0.250000 0.657051 0.251603 0.655449 0.250000 0.653846 0.248397 0.650641 0.246795 0.650641 0.245192 0.650641 0.243590 0.650641 0.241987 0.650641 0.240385 0.650641 0.240385 0.652244 0.238782 0.652244 0.237179 0.652244 0.237179 0.653846 0.019231 0.352564 0.019231 0.354167 0.019231 0.357372 0.022436 0.360577 0.027244 0.362179 0.032051 0.362179 0.035256 0.360577 0.036859 0.358974 0.040064 0.355769 0.038462 0.352564 0.036859 0.349359 0.033654 0.346154 0.028846 0.346154 0.025641 0.347756 0.020833 0.347756 0.357372 0.581731
0 0.358974 0.581731 0.358974 0.583333 0.358974 0.584936 0.360577 0.584936 0.360577 0.586538 0.362179 0.588141 0.363782 0.588141 0.365385 0.588141 0.366987 0.589744 0.368590 0.589744 0.370192 0.589744 0.375000 0.588141 0.375000 0.589744 0.376603 0.588141 0.378205 0.586538 0.379808 0.583333 0.379808 0.581731 0.379808 0.580128 0.378205 0.580128 0.376603 0.576923 0.375000 0.578526 0.373397 0.575321 0.371795 0.575321 0.370192 0.575321 0.368590 0.575321 0.365385 0.575321 0.363782 0.575321 0.363782 0.576923
0 0.362179 0.576923 0.360577 0.576923 0.360577 0.578526 0.471154 0.448718 0.469551 0.448718 0.467949 0.450321 0.466346 0.447115 0.466346 0.448718 0.464744 0.448718 0.463141 0.445513 0.461538 0.445513 0.461538 0.447115 0.459936 0.447115 0.458333 0.447115 0.456731 0.447115 0.456731 0.448718 0.455128 0.450321 0.453526 0.451923 0.453526 0.453526 0.453526 0.455128 0.453526 0.456731 0.456731 0.458333 0.458333 0.458333 0.459936 0.458333 0.461538 0.458333 0.463141 0.458333 0.463141 0.459936 0.464744 0.459936 0.466346 0.456731 0.466346 0.458333 0.467949 0.456731 0.469551 0.455128 0.469551 0.453526 0.471154 0.450321 0.323718 0.663462 0.323718 0.665064 0.322115 0.665064 0.320513 0.669872 0.320513 0.671474 0.320513 0.673077 0.320513 0.674679 0.322115 0.676282 0.322115 0.677885 0.323718 0.677885 0.325321 0.677885 0.326923 0.677885
0 0.328526 0.679487 0.330128 0.679487 0.331731 0.676282 0.331731 0.677885 0.333333 0.677885 0.334936 0.674679 0.336538 0.674679 0.336538 0.673077 0.339744 0.669872 0.338141 0.666667 0.334936 0.663462 0.333333 0.663462 0.331731 0.663462 0.330128 0.663462 0.328526 0.665064 0.326923 0.661859 0.475962 0.581731 0.477564 0.581731 0.479167 0.581731 0.479167 0.583333 0.480769 0.583333 0.482372 0.584936 0.483974 0.581731 0.483974 0.583333 0.485577 0.581731 0.485577 0.580128 0.485577 0.578526 0.487179 0.575321 0.485577 0.576923 0.483974 0.576923 0.482372 0.573718 0.482372 0.576923 0.479167 0.573718 0.479167 0.575321 0.477564 0.575321 0.477564 0.576923 0.475962 0.576923 0.083333 0.307692 0.084936 0.309295 0.083333 0.309295 0.084936 0.310897 0.084936 0.312500 0.088141 0.314103 0.089744 0.314103 0.091346 0.314103 0.089744 0.317308 0.092949 0.314103 0.094551 0.315705
0 0.096154 0.315705 0.097756 0.315705 0.097756 0.314103 0.099359 0.314103 0.100962 0.310897 0.100962 0.312500 0.104167 0.309295 0.102564 0.304487 0.099359 0.302885 0.097756 0.304487 0.096154 0.301282 0.094551 0.301282 0.091346 0.302885 0.089744 0.302885 0.088141 0.304487 0.086538 0.304487 0.086538 0.306090 0.161859 0.616987 0.165064 0.618590 0.165064 0.620192 0.166667 0.620192 0.168269 0.620192 0.168269 0.621795 0.169872 0.621795 0.171474 0.621795 0.173077 0.621795 0.177885 0.620192 0.177885 0.621795 0.179487 0.621795 0.181090 0.618590 0.181090 0.620192 0.182692 0.620192 0.184295 0.616987
0 0.184295 0.618590 0.187500 0.615385 0.187500 0.612179 0.182692 0.612179 0.184295 0.610577 0.184295 0.608974 0.181090 0.607372 0.181090 0.608974 0.179487 0.608974 0.177885 0.605769 0.176282 0.605769 0.166667 0.607372 0.163462 0.610577 0.165064 0.612179 0.163462 0.612179 0.163462 0.613782 0.698718 0.623397 0.698718 0.625000 0.701923 0.623397 0.703526 0.625000 0.705128 0.625000 0.706731 0.625000 0.708333 0.625000 0.716346 0.623397 0.716346 0.625000 0.717949 0.623397 0.719551 0.623397 0.719551 0.621795 0.724359 0.620192 0.719551 0.620192 0.722756 0.618590 0.722756 0.616987 0.717949 0.616987 0.719551 0.615385 0.717949 0.612179 0.716346 0.612179 0.714744 0.612179 0.713141 0.612179 0.711538 0.612179 0.709936 0.612179 0.708333 0.612179 0.706731 0.612179 0.705128 0.612179 0.705128 0.613782 0.703526 0.613782 0.703526 0.615385 0.701923 0.615385 0.701923 0.616987 0.701923 0.618590 0.700321 0.618590 0.700321 0.620192 0.857372 0.269231 0.858974 0.270833 0.860577 0.270833 0.862179 0.270833 0.863782 0.270833 0.862179 0.274038 0.865385 0.270833 0.863782 0.274038 0.866987 0.270833 0.866987 0.272436 0.870192 0.270833 0.871795 0.270833 0.873397 0.270833 0.875000 0.270833 0.875000 0.272436
0 0.878205 0.269231 0.878205 0.270833 0.879808 0.270833 0.881410 0.267628 0.881410 0.269231 0.883013 0.267628 0.884615 0.267628 0.886218 0.264423 0.886218 0.262821 0.886218 0.261218 0.881410 0.261218 0.883013 0.258013 0.879808 0.256410 0.878205 0.256410 0.876603 0.256410 0.875000 0.256410 0.873397 0.258013 0.871795 0.254808 0.868590 0.254808 0.868590 0.256410 0.866987 0.256410 0.866987 0.258013 0.865385 0.258013 0.863782 0.258013 0.863782 0.259615 0.862179 0.259615 0.860577 0.261218 0.860577 0.262821 0.858974 0.264423 0.858974 0.266026 0.350962 0.429487 0.350962 0.431090 0.354167 0.432692 0.355769 0.432692 0.357372 0.432692 0.358974 0.432692 0.358974 0.435897 0.360577 0.432692 0.360577 0.435897 0.362179 0.432692 0.363782 0.434295 0.365385 0.434295 0.366987 0.431090 0.366987 0.432692 0.368590 0.431090 0.368590 0.429487 0.370192 0.429487 0.370192 0.427885 0.371795 0.426282 0.370192 0.424679 0.366987 0.423077 0.366987 0.421474 0.363782 0.423077 0.362179 0.419872 0.358974 0.423077 0.355769 0.421474 0.355769 0.423077 0.354167 0.424679 0.352564 0.426282 0.250000 0.557692 0.246795 0.562500 0.248397 0.562500
0 0.248397 0.564103 0.250000 0.564103 0.250000 0.565705 0.253205 0.567308 0.254808 0.567308 0.256410 0.567308 0.258013 0.567308 0.259615 0.568910 0.261218 0.567308 0.262821 0.567308 0.262821 0.565705 0.264423 0.564103 0.264423 0.562500 0.269231 0.560897 0.267628 0.560897 0.266026 0.557692 0.264423 0.559295 0.262821 0.556090 0.261218 0.556090 0.259615 0.556090 0.258013 0.556090 0.256410 0.556090 0.254808 0.556090 0.254808 0.557692 0.253205 0.557692 0.251603 0.557692 0.358974 0.610577 0.358974 0.613782 0.357372 0.610577 0.354167 0.612179 0.352564 0.612179 0.350962 0.612179 0.350962 0.613782 0.349359 0.613782 0.347756 0.615385 0.346154 0.615385 0.346154 0.616987 0.346154 0.618590 0.346154 0.620192 0.347756 0.620192 0.347756 0.621795 0.349359 0.623397 0.350962 0.625000 0.352564 0.625000 0.354167 0.625000
0 0.354167 0.626603 0.357372 0.623397 0.357372 0.625000 0.358974 0.625000 0.358974 0.623397 0.360577 0.623397 0.360577 0.621795 0.362179 0.621795 0.362179 0.620192 0.362179 0.618590 0.365385 0.615385 0.360577 0.615385 0.362179 0.612179 0.317308 0.594551 0.318910 0.596154 0.322115 0.597756 0.323718 0.599359 0.325321 0.599359 0.325321 0.600962 0.328526 0.597756 0.330128 0.597756 0.330128 0.599359 0.331731 0.597756 0.331731 0.596154 0.333333 0.594551 0.333333 0.592949 0.331731 0.589744 0.330128 0.589744 0.328526 0.589744 0.326923 0.589744 0.325321 0.589744 0.323718 0.589744 0.322115 0.589744 0.320513 0.589744 0.320513 0.591346 0.318910 0.591346 0.415064 0.663462 0.413462 0.663462 0.411859 0.665064 0.411859 0.666667 0.411859 0.668269 0.411859 0.669872 0.411859 0.671474 0.411859 0.676282 0.413462 0.676282 0.415064 0.676282 0.416667 0.677885 0.418269 0.677885 0.419872 0.677885 0.421474 0.677885 0.423077 0.677885 0.424679 0.677885 0.426282 0.679487 0.431090 0.677885 0.426282 0.676282 0.431090 0.676282
0 0.426282 0.674679 0.427885 0.674679 0.427885 0.673077 0.427885 0.671474 0.429487 0.668269 0.426282 0.666667 0.427885 0.663462 0.423077 0.661859 0.376603 0.629808 0.373397 0.628205 0.371795 0.631410 0.370192 0.628205 0.370192 0.631410 0.368590 0.628205 0.368590 0.631410 0.365385 0.628205 0.365385 0.629808 0.363782 0.629808 0.362179 0.629808 0.362179 0.631410 0.360577 0.631410 0.358974 0.633013 0.358974 0.634615 0.358974 0.637821 0.358974 0.639423 0.358974 0.642628 0.360577 0.642628 0.360577 0.644231 0.360577 0.647436 0.363782 0.644231 0.365385 0.645833 0.368590 0.644231 0.368590 0.645833 0.370192 0.645833 0.371795 0.642628 0.371795 0.644231 0.373397 0.642628 0.373397 0.641026 0.375000 0.641026 0.375000 0.639423 0.375000 0.637821 0.375000 0.636218 0.378205 0.633013 0.376603 0.633013 0.418269 0.395833 0.418269 0.397436 0.419872 0.399038 0.421474 0.400641 0.423077 0.400641 0.424679 0.400641 0.424679 0.402244 0.426282 0.402244 0.429487 0.400641 0.429487 0.402244 0.432692 0.402244
0 0.432692 0.400641 0.432692 0.399038 0.432692 0.397436 0.432692 0.395833 0.432692 0.394231 0.434295 0.391026 0.431090 0.389423 0.423077 0.391026 0.421474 0.391026 0.421474 0.392628 0.419872 0.392628 0.540064 0.384615 0.541667 0.384615 0.541667 0.386218 0.541667 0.387821 0.543269 0.387821 0.543269 0.389423 0.543269 0.391026 0.546474 0.391026 0.546474 0.392628 0.548077 0.392628 0.549679 0.394231 0.551282 0.394231 0.552885 0.394231 0.552885 0.395833 0.557692 0.394231 0.559295 0.395833 0.560897 0.394231 0.562500 0.394231 0.564103 0.391026 0.564103 0.392628 0.565705 0.391026 0.565705 0.389423 0.565705 0.387821 0.568910 0.387821 0.565705 0.386218 0.568910 0.383013 0.567308 0.381410 0.565705 0.379808 0.564103 0.376603 0.562500 0.376603 0.560897 0.376603 0.559295 0.376603 0.557692 0.376603 0.556090 0.376603 0.551282 0.376603 0.551282 0.378205 0.548077 0.378205 0.546474 0.378205
0 0.546474 0.379808 0.544872 0.379808 0.544872 0.381410 0.543269 0.381410 0.125000 0.432692 0.123397 0.432692 0.121795 0.429487 0.121795 0.432692 0.121795 0.431090 0.118590 0.429487 0.118590 0.431090 0.113782 0.431090 0.113782 0.432692 0.112179 0.432692 0.110577 0.434295 0.110577 0.435897 0.108974 0.435897 0.110577 0.439103 0.108974 0.439103 0.110577 0.442308 0.110577 0.445513 0.113782 0.447115 0.116987 0.448718 0.120192 0.447115 0.123397 0.448718 0.125000 0.445513 0.126603 0.445513 0.126603 0.443910 0.126603 0.442308 0.131410 0.442308 0.126603 0.440705 0.129808 0.439103 0.126603 0.437500 0.128205 0.432692 0.815705 0.366987 0.814103 0.366987 0.812500 0.366987 0.810897 0.366987 0.809295 0.366987 0.806090 0.368590 0.804487 0.368590 0.802885 0.370192 0.801282 0.371795 0.801282 0.373397 0.801282 0.375000 0.801282 0.379808 0.802885 0.379808
0 0.802885 0.381410 0.804487 0.383013 0.806090 0.383013 0.807692 0.383013 0.807692 0.384615 0.810897 0.381410 0.810897 0.383013 0.814103 0.379808 0.815705 0.379808 0.817308 0.376603 0.817308 0.375000 0.817308 0.373397 0.818910 0.371795 0.817308 0.368590 0.221154 0.350962 0.222756 0.350962 0.225962 0.352564 0.227564 0.350962 0.229167 0.347756 0.227564 0.346154 0.225962 0.342949 0.221154 0.342949 0.219551 0.344551 0.217949 0.347756 0.551282 0.277244 0.549679 0.277244 0.549679 0.278846 0.548077 0.278846 0.546474 0.280449 0.546474 0.282051 0.548077 0.285256 0.548077 0.286859 0.551282 0.286859 0.551282 0.288462 0.552885 0.288462 0.554487 0.288462 0.556090 0.290064 0.557692 0.286859 0.559295 0.286859 0.559295 0.283654 0.560897 0.278846 0.559295 0.278846 0.557692 0.278846 0.556090 0.275641 0.552885 0.278846 0.554487 0.275641 0.820513 0.344551 0.823718 0.347756 0.823718 0.349359 0.825321 0.349359 0.826923 0.349359 0.831731 0.350962 0.833333 0.347756 0.834936 0.347756 0.836538 0.347756 0.836538 0.346154 0.836538 0.344551 0.839744 0.342949 0.839744 0.341346 0.834936 0.341346 0.836538 0.339744 0.834936 0.336538 0.831731 0.338141 0.825321 0.338141 0.825321 0.339744 0.823718 0.339744 0.823718 0.341346 0.822115 0.341346 0.096154 0.501603 0.097756 0.501603 0.097756 0.503205
0 0.097756 0.506410 0.099359 0.506410 0.100962 0.508013 0.102564 0.509615 0.104167 0.509615 0.105769 0.509615 0.107372 0.509615 0.108974 0.509615 0.110577 0.509615 0.113782 0.509615 0.115385 0.509615 0.115385 0.508013 0.116987 0.506410 0.118590 0.503205 0.118590 0.500000 0.118590 0.498397 0.116987 0.498397 0.115385 0.495192 0.113782 0.496795 0.112179 0.493590 0.112179 0.496795 0.110577 0.493590 0.107372 0.495192 0.105769 0.495192 0.104167 0.495192 0.102564 0.495192 0.102564 0.496795 0.100962 0.496795 0.100962 0.498397 0.099359 0.498397 0.344551 0.341346 0.339744 0.338141 0.338141 0.338141 0.336538 0.338141 0.334936 0.338141 0.330128 0.339744 0.328526 0.339744 0.325321 0.344551 0.326923 0.349359 0.328526 0.350962 0.330128 0.350962 0.331731 0.350962 0.336538 0.352564 0.338141 0.349359 0.338141 0.350962 0.339744 0.350962 0.339744 0.349359
0 0.341346 0.349359 0.341346 0.347756 0.341346 0.346154 0.344551 0.342949 0.972756 0.463141 0.972756 0.464744 0.974359 0.464744 0.975962 0.466346 0.975962 0.467949 0.977564 0.469551 0.979167 0.469551 0.979167 0.472756 0.980769 0.469551 0.982372 0.471154 0.983974 0.471154 0.985577 0.471154 0.988782 0.469551 0.988782 0.471154 0.993590 0.469551 0.990385 0.455128 0.987179 0.458333 0.985577 0.455128 0.985577 0.458333 0.983974 0.455128 0.983974 0.458333 0.982372 0.455128 0.979167 0.455128 0.979167 0.456731 0.977564 0.456731 0.977564 0.458333 0.975962 0.458333 0.975962 0.459936 0.974359 0.459936 0.998397 0.508013 0.995192 0.508013 0.991987 0.509615 0.991987 0.511218 0.990385 0.511218 0.990385 0.512821 0.990385 0.514423 0.991987 0.516026 0.993590 0.517628
0 0.995192 0.517628 0.996795 0.517628 0.653846 0.394231 0.653846 0.395833 0.655449 0.395833 0.655449 0.397436 0.657051 0.397436 0.657051 0.399038 0.658654 0.399038 0.660256 0.399038 0.661859 0.399038 0.663462 0.399038 0.665064 0.400641 0.666667 0.399038 0.666667 0.397436 0.666667 0.395833 0.668269 0.394231 0.666667 0.392628 0.665064 0.389423 0.663462 0.389423 0.661859 0.389423 0.660256 0.389423 0.660256 0.391026 0.658654 0.391026 0.657051 0.391026 0.657051 0.392628 0.004808 0.370192 0.000000 0.371795 0.000000 0.383013 0.004808 0.384615 0.009615 0.384615 0.012821 0.383013 0.016026 0.381410 0.016026 0.379808 0.017628 0.375000 0.014423 0.371795 0.011218 0.370192 0.008013 0.370192 0.472756 0.456731 0.471154 0.459936 0.474359 0.461538 0.475962 0.461538 0.477564 0.461538 0.477564 0.464744 0.480769 0.461538 0.479167 0.464744 0.482372 0.461538 0.482372 0.463141 0.485577 0.459936 0.485577 0.458333 0.483974 0.455128 0.483974 0.456731 0.482372 0.456731 0.480769 0.453526 0.479167 0.455128 0.477564 0.455128 0.475962 0.455128 0.474359 0.456731 0.254808 0.581731 0.251603 0.583333 0.248397 0.583333 0.248397 0.584936 0.246795 0.584936 0.245192 0.584936 0.245192 0.586538 0.243590 0.586538 0.243590 0.588141
0 0.243590 0.589744 0.241987 0.589744 0.241987 0.591346 0.241987 0.592949 0.243590 0.592949 0.243590 0.594551 0.245192 0.594551 0.245192 0.596154 0.246795 0.596154 0.248397 0.596154 0.248397 0.597756 0.250000 0.597756 0.253205 0.597756 0.254808 0.596154 0.256410 0.596154 0.256410 0.594551 0.258013 0.594551 0.258013 0.592949 0.258013 0.591346 0.259615 0.588141 0.256410 0.586538 0.258013 0.584936 0.256410 0.581731 0.552885 0.437500 0.549679 0.435897 0.549679 0.437500 0.551282 0.437500 0.551282 0.439103 0.552885 0.440705 0.554487 0.442308 0.556090 0.442308 0.564103 0.440705 0.565705 0.440705 0.565705 0.439103 0.567308 0.435897 0.565705 0.434295 0.564103 0.432692 0.562500 0.429487 0.560897 0.429487 0.556090 0.431090 0.552885 0.431090 0.552885 0.432692 0.551282 0.432692 0.043269 0.373397 0.038462 0.376603 0.036859 0.379808 0.036859 0.383013 0.036859 0.386218 0.038462 0.387821 0.043269 0.391026 0.048077 0.391026 0.051282 0.389423 0.054487 0.387821 0.056090 0.384615 0.056090 0.379808 0.054487 0.376603 0.051282 0.373397 0.046474 0.373397
0 0.064103 0.342949 0.060897 0.344551 0.057692 0.347756 0.057692 0.352564 0.057692 0.355769 0.060897 0.357372 0.064103 0.358974 0.068910 0.358974 0.072115 0.358974 0.075321 0.355769 0.076923 0.354167 0.078526 0.349359 0.076923 0.344551 0.073718 0.342949 0.068910 0.341346 0.044872 0.326923 0.046474 0.328526 0.046474 0.331731 0.048077 0.334936 0.052885 0.336538 0.057692 0.336538 0.062500 0.334936 0.064103 0.333333 0.067308 0.330128 0.065705 0.326923 0.064103 0.323718 0.060897 0.320513 0.054487 0.320513 0.051282 0.322115 0.048077 0.323718 0.001603 0.365385 0.006410 0.363782 0.011218 0.362179 0.014423 0.360577 0.016026 0.357372 0.014423 0.354167 0.012821 0.350962 0.009615 0.349359 0.003205 0.349359 0.000000 0.349359 0.105769 0.394231 0.102564 0.391026 0.097756 0.391026 0.094551 0.391026 0.091346 0.394231 0.091346 0.395833 0.091346 0.399038 0.092949 0.400641 0.094551 0.403846 0.100962 0.403846 0.102564 0.403846 0.104167 0.400641 0.105769 0.397436 0.107372 0.411859 0.104167 0.408654 0.099359 0.408654 0.096154 0.408654 0.094551 0.411859 0.092949 0.413462 0.092949 0.416667 0.094551 0.418269 0.097756 0.419872 0.102564 0.421474 0.104167 0.421474
0 0.107372 0.418269 0.108974 0.415064 0.044872 0.477564 0.040064 0.480769 0.038462 0.483974 0.038462 0.487179 0.038462 0.490385 0.040064 0.493590 0.044872 0.495192 0.049679 0.495192 0.052885 0.493590 0.056090 0.491987 0.057692 0.488782 0.059295 0.485577 0.056090 0.480769 0.052885 0.477564 0.048077 0.477564 0.078526 0.456731 0.075321 0.455128 0.070513 0.453526 0.067308 0.455128 0.065705 0.456731 0.064103 0.459936 0.064103 0.463141 0.065705 0.464744 0.068910 0.466346 0.073718 0.466346 0.075321 0.466346 0.076923 0.464744 0.080128 0.461538 0.057692 0.416667 0.057692 0.421474 0.059295 0.423077 0.062500 0.424679 0.065705 0.424679 0.068910 0.423077 0.068910 0.421474 0.070513 0.416667 0.067308 0.413462 0.062500 0.413462 0.020833 0.384615 0.020833 0.389423 0.022436 0.391026 0.024038 0.392628 0.028846 0.392628 0.030449 0.392628 0.033654 0.389423 0.032051 0.386218 0.030449 0.383013 0.025641 0.383013 0.084936 0.434295 0.081731 0.431090 0.076923 0.431090 0.075321 0.431090 0.072115 0.434295 0.070513 0.435897 0.070513 0.439103 0.072115 0.440705 0.075321 0.442308 0.080128 0.443910
0 0.081731 0.443910 0.084936 0.440705 0.086538 0.437500 0.036859 0.427885 0.041667 0.427885 0.043269 0.429487 0.046474 0.427885 0.048077 0.429487 0.048077 0.427885 0.049679 0.426282 0.049679 0.424679 0.049679 0.423077 0.051282 0.421474 0.049679 0.418269 0.046474 0.416667 0.043269 0.416667 0.041667 0.418269 0.040064 0.419872 0.038462 0.421474 0.038462 0.424679 0.051282 0.442308 0.056090 0.442308 0.057692 0.442308 0.060897 0.442308 0.062500 0.443910 0.062500 0.442308 0.064103 0.440705 0.064103 0.439103 0.064103 0.437500 0.065705 0.432692 0.062500 0.434295 0.060897 0.431090 0.057692 0.431090 0.056090 0.431090 0.054487 0.432692 0.052885 0.435897 0.052885 0.437500 0.001603 0.394231 0.000000 0.392628 0.001603 0.389423 0.000000 0.386218 0.009615 0.298077 0.011218 0.298077 0.012821 0.298077
0 0.014423 0.298077 0.016026 0.294872 0.017628 0.294872 0.017628 0.293269 0.019231 0.290064 0.017628 0.286859 0.014423 0.285256 0.011218 0.285256 0.008013 0.285256 0.004808 0.286859 0.004808 0.290064 0.004808 0.293269 0.006410 0.296474 0.064103 0.293269 0.065705 0.294872 0.068910 0.294872 0.070513 0.291667 0.072115 0.291667 0.072115 0.290064 0.073718 0.286859 0.072115 0.283654 0.068910 0.282051 0.065705 0.282051 0.062500 0.282051 0.060897 0.283654 0.059295 0.286859 0.059295 0.290064 0.060897 0.291667 0.108974 0.278846 0.110577 0.278846 0.113782 0.277244 0.113782 0.278846 0.115385 0.277244 0.116987 0.275641 0.118590 0.270833 0.116987 0.267628 0.113782 0.266026 0.110577 0.266026 0.107372 0.267628 0.104167 0.269231 0.104167 0.270833 0.104167 0.274038 0.105769 0.277244 0.033654 0.302885 0.036859 0.301282 0.038462 0.302885 0.040064 0.301282 0.041667 0.299679 0.043269 0.298077 0.044872 0.293269 0.043269 0.290064 0.040064 0.288462 0.035256 0.288462 0.033654 0.290064 0.030449 0.291667
0 0.030449 0.294872 0.030449 0.298077 0.032051 0.299679 0.017628 0.326923 0.019231 0.326923 0.022436 0.326923 0.024038 0.325321 0.025641 0.323718 0.027244 0.318910 0.025641 0.315705 0.022436 0.314103 0.019231 0.314103 0.016026 0.315705 0.014423 0.317308 0.012821 0.320513 0.012821 0.322115 0.014423 0.325321 0.088141 0.326923 0.091346 0.328526 0.089744 0.328526 0.091346 0.331731 0.091346 0.333333 0.091346 0.334936 0.096154 0.336538 0.097756 0.336538 0.102564 0.336538 0.105769 0.336538 0.107372 0.333333 0.107372 0.331731 0.108974 0.326923 0.107372 0.323718 0.105769 0.323718 0.104167 0.320513 0.102564 0.320513 0.094551 0.322115 0.092949 0.322115 0.092949 0.323718 0.091346 0.323718 0.020833 0.464744 0.017628 0.466346 0.014423 0.469551 0.014423 0.474359 0.014423 0.477564 0.017628 0.479167 0.020833 0.480769 0.025641 0.480769 0.028846 0.480769
0 0.032051 0.479167 0.033654 0.475962 0.035256 0.471154 0.033654 0.466346 0.028846 0.464744 0.025641 0.463141 0.060897 0.448718 0.057692 0.447115 0.052885 0.445513 0.051282 0.447115 0.048077 0.448718 0.048077 0.451923 0.048077 0.455128 0.049679 0.456731 0.051282 0.458333 0.056090 0.458333 0.059295 0.458333 0.059295 0.456731 0.062500 0.453526 0.020833 0.442308 0.017628 0.440705 0.012821 0.439103 0.009615 0.440705 0.006410 0.442308 0.006410 0.445513 0.006410 0.448718 0.008013 0.450321 0.009615 0.451923 0.016026 0.451923 0.017628 0.451923 0.019231 0.450321 0.020833 0.447115 0.139423 0.322115 0.141026 0.323718 0.142628 0.323718 0.145833 0.320513 0.147436 0.320513 0.147436 0.318910 0.149038 0.315705 0.147436 0.312500 0.144231 0.310897 0.139423 0.310897 0.137821 0.310897 0.134615 0.312500 0.134615 0.315705 0.134615 0.318910 0.136218 0.320513 0.112179 0.347756
0 0.108974 0.349359 0.105769 0.352564 0.105769 0.357372 0.105769 0.360577 0.108974 0.362179 0.112179 0.363782 0.116987 0.363782 0.120192 0.363782 0.123397 0.360577 0.125000 0.358974 0.126603 0.354167 0.125000 0.349359 0.121795 0.347756 0.116987 0.346154 0.278846 0.334936 0.282051 0.336538 0.283654 0.336538 0.285256 0.334936 0.286859 0.331731 0.285256 0.330128 0.283654 0.326923 0.280449 0.326923 0.277244 0.330128 0.277244 0.331731 0.293269 0.336538 0.294872 0.336538 0.298077 0.336538 0.299679 0.336538 0.301282 0.333333 0.299679 0.330128 0.296474 0.328526 0.293269 0.328526 0.290064 0.330128 0.290064 0.333333 0.208333 0.307692 0.211538 0.309295
0 0.213141 0.309295 0.216346 0.306090 0.217949 0.306090 0.217949 0.304487 0.219551 0.301282 0.217949 0.298077 0.214744 0.296474 0.209936 0.296474 0.208333 0.296474 0.205128 0.298077 0.203526 0.301282 0.205128 0.304487 0.205128 0.306090 0.190705 0.347756 0.192308 0.347756 0.195513 0.347756 0.197115 0.346154 0.197115 0.342949 0.198718 0.339744 0.197115 0.336538 0.193910 0.336538 0.190705 0.336538 0.187500 0.338141 0.185897 0.339744 0.185897 0.342949 0.187500 0.346154 0.240385 0.333333 0.237179 0.334936 0.233974 0.339744 0.233974 0.342949 0.233974 0.346154 0.237179 0.347756
0 0.240385 0.350962 0.245192 0.350962 0.248397 0.349359 0.251603 0.347756 0.253205 0.344551 0.254808 0.339744 0.253205 0.334936 0.250000 0.333333 0.245192 0.333333 0.227564 0.266026 0.230769 0.267628 0.232372 0.267628 0.233974 0.266026 0.237179 0.262821 0.235577 0.259615 0.232372 0.258013 0.229167 0.258013 0.225962 0.261218 0.225962 0.262821 0.181090 0.375000 0.182692 0.375000 0.185897 0.376603 0.187500 0.375000 0.189103 0.371795 0.187500 0.370192 0.185897 0.366987 0.181090 0.368590 0.179487 0.368590 0.177885 0.371795 0.211538 0.269231 0.214744 0.269231 0.216346 0.270833 0.216346 0.269231 0.217949 0.269231 0.217949 0.267628 0.219551 0.267628 0.221154 0.264423 0.222756 0.261218 0.219551 0.259615 0.217949 0.256410 0.213141 0.256410
0 0.209936 0.258013 0.208333 0.259615 0.206731 0.262821 0.206731 0.266026 0.208333 0.267628 0.168269 0.314103 0.171474 0.315705 0.173077 0.315705 0.174679 0.314103 0.176282 0.310897 0.174679 0.309295 0.173077 0.306090 0.169872 0.306090 0.166667 0.309295 0.166667 0.310897 0.158654 0.320513 0.161859 0.322115 0.163462 0.322115 0.165064 0.320513 0.166667 0.317308 0.165064 0.315705 0.163462 0.312500 0.160256 0.312500 0.157051 0.315705 0.157051 0.317308 0.288462 0.251603 0.290064 0.251603 0.293269 0.251603 0.294872 0.248397 0.296474 0.243590 0.293269 0.240385 0.291667 0.240385 0.286859 0.240385 0.285256 0.241987 0.283654 0.243590 0.283654 0.246795 0.285256 0.250000 0.275641 0.278846 0.277244 0.278846 0.278846 0.280449 0.280449 0.278846 0.282051 0.277244 0.283654 0.275641 0.285256 0.272436 0.283654 0.269231 0.280449 0.266026 0.275641 0.267628 0.274038 0.267628 0.270833 0.269231 0.270833 0.272436 0.270833 0.275641 0.272436 0.277244 0.293269 0.282051 0.296474 0.282051 0.298077 0.282051
0 0.299679 0.280449 0.299679 0.277244 0.301282 0.274038 0.299679 0.270833 0.296474 0.270833 0.293269 0.270833 0.290064 0.272436 0.288462 0.274038 0.288462 0.277244 0.290064 0.280449 0.225962 0.302885 0.229167 0.301282 0.230769 0.301282 0.232372 0.299679 0.235577 0.296474 0.233974 0.294872 0.232372 0.293269 0.230769 0.290064 0.225962 0.290064 0.224359 0.291667 0.222756 0.294872 0.222756 0.298077 0.224359 0.299679 0.193910 0.267628 0.195513 0.267628 0.198718 0.267628 0.200321 0.266026 0.200321 0.264423 0.201923 0.261218 0.200321 0.258013 0.197115 0.256410 0.193910 0.256410 0.190705 0.258013 0.189103 0.261218 0.189103 0.262821 0.190705 0.266026 0.125000 0.283654 0.125000 0.288462 0.125000 0.290064 0.126603 0.293269 0.129808 0.296474 0.131410 0.296474 0.136218 0.294872 0.141026 0.293269 0.141026 0.294872 0.141026 0.291667 0.142628 0.286859 0.141026 0.283654 0.137821 0.282051 0.133013 0.280449 0.128205 0.282051 0.144231 0.250000 0.142628 0.253205 0.144231 0.256410 0.145833 0.258013 0.149038 0.261218 0.150641 0.261218 0.155449 0.261218 0.157051 0.261218 0.158654 0.259615 0.161859 0.256410 0.160256 0.253205 0.158654 0.248397
0 0.155449 0.246795 0.152244 0.245192 0.145833 0.246795 0.153846 0.282051 0.155449 0.282051 0.157051 0.282051 0.158654 0.282051 0.160256 0.278846 0.160256 0.280449 0.161859 0.278846 0.163462 0.274038 0.161859 0.270833 0.158654 0.269231 0.155449 0.269231 0.152244 0.270833 0.149038 0.270833 0.149038 0.274038 0.149038 0.277244 0.150641 0.280449 0.168269 0.254808 0.169872 0.254808 0.173077 0.254808 0.174679 0.251603 0.174679 0.253205 0.176282 0.251603 0.177885 0.246795 0.176282 0.243590 0.173077 0.241987 0.169872 0.241987 0.166667 0.243590 0.165064 0.243590 0.163462 0.246795 0.163462 0.250000 0.165064 0.253205 0.206731 0.232372 0.205128 0.237179 0.206731 0.238782 0.208333 0.241987 0.211538 0.245192 0.213141 0.245192 0.217949 0.245192 0.222756 0.241987 0.222756 0.240385 0.224359 0.235577 0.221154 0.232372
0 0.217949 0.230769 0.214744 0.229167 0.209936 0.230769 0.193910 0.241987 0.195513 0.241987 0.197115 0.241987 0.198718 0.240385 0.201923 0.237179 0.200321 0.233974 0.197115 0.233974 0.193910 0.233974 0.192308 0.235577 0.192308 0.238782 0.298077 0.253205 0.299679 0.253205 0.301282 0.254808 0.302885 0.253205 0.304487 0.250000 0.302885 0.248397 0.301282 0.245192 0.298077 0.246795 0.296474 0.248397 0.296474 0.250000 0.320513 0.219551 0.322115 0.219551 0.323718 0.221154 0.325321 0.219551 0.326923 0.216346 0.325321 0.214744 0.323718 0.211538 0.320513 0.213141 0.318910 0.214744 0.318910 0.216346 0.253205 0.251603 0.251603 0.254808 0.253205 0.258013 0.254808 0.261218 0.258013 0.262821 0.259615 0.264423 0.264423 0.262821 0.267628 0.262821 0.267628 0.261218 0.269231 0.259615 0.270833 0.254808
0 0.267628 0.251603 0.264423 0.248397 0.261218 0.248397 0.256410 0.248397 0.264423 0.232372 0.264423 0.235577 0.266026 0.237179 0.267628 0.240385 0.270833 0.243590 0.272436 0.243590 0.277244 0.243590 0.282051 0.240385 0.282051 0.238782 0.283654 0.233974 0.282051 0.230769 0.278846 0.227564 0.275641 0.225962 0.272436 0.225962 0.267628 0.229167 0.318910 0.235577 0.320513 0.237179 0.322115 0.237179 0.323718 0.237179 0.325321 0.233974 0.326923 0.233974 0.326923 0.232372 0.328526 0.229167 0.326923 0.225962 0.323718 0.224359 0.320513 0.224359 0.317308 0.224359 0.314103 0.225962 0.314103 0.229167 0.314103 0.232372 0.315705 0.233974 0.301282 0.225962 0.302885 0.227564 0.304487 0.227564 0.307692 0.224359 0.309295 0.222756 0.307692 0.219551 0.306090 0.217949 0.304487 0.214744 0.299679 0.216346 0.298077 0.216346 0.296474 0.219551 0.296474 0.222756 0.298077 0.224359 0.344551 0.250000 0.346154 0.250000 0.349359 0.248397 0.349359 0.250000 0.350962 0.248397 0.352564 0.246795 0.354167 0.241987 0.352564 0.238782 0.349359 0.237179 0.344551 0.237179 0.342949 0.238782 0.339744 0.240385 0.339744 0.243590 0.339744 0.245192 0.341346 0.248397 0.355769 0.261218 0.358974 0.261218 0.362179 0.259615 0.363782 0.259615 0.363782 0.258013 0.365385 0.253205 0.363782 0.250000 0.360577 0.248397
0 0.357372 0.248397 0.354167 0.250000 0.352564 0.251603 0.350962 0.254808 0.350962 0.256410 0.352564 0.259615 0.387821 0.222756 0.389423 0.222756 0.392628 0.221154 0.394231 0.221154 0.395833 0.217949 0.394231 0.214744 0.394231 0.213141 0.391026 0.211538 0.386218 0.213141 0.384615 0.213141 0.383013 0.214744 0.383013 0.217949 0.384615 0.221154 0.386218 0.209936 0.389423 0.208333 0.392628 0.208333 0.392628 0.206731 0.395833 0.203526 0.394231 0.201923 0.392628 0.198718 0.389423 0.197115 0.386218 0.197115 0.384615 0.198718 0.383013 0.201923 0.383013 0.205128 0.384615 0.206731 0.418269 0.219551 0.419872 0.219551 0.423077 0.219551 0.424679 0.217949 0.424679 0.216346 0.426282 0.211538 0.423077 0.211538 0.421474 0.208333 0.418269 0.208333 0.415064 0.209936 0.413462 0.213141 0.413462 0.214744 0.415064 0.217949 0.440705 0.262821 0.442308 0.262821 0.445513 0.261218
0 0.447115 0.261218 0.447115 0.259615 0.448718 0.254808 0.445513 0.254808 0.443910 0.251603 0.439103 0.251603 0.437500 0.253205 0.435897 0.256410 0.435897 0.259615 0.437500 0.261218 0.487179 0.206731 0.485577 0.209936 0.487179 0.213141 0.488782 0.214744 0.491987 0.217949 0.493590 0.217949 0.498397 0.217949 0.501603 0.217949 0.503205 0.214744 0.503205 0.213141 0.504808 0.209936 0.503205 0.205128 0.500000 0.203526 0.496795 0.201923 0.493590 0.201923 0.488782 0.203526 0.378205 0.280449 0.378205 0.283654 0.379808 0.286859 0.381410 0.290064 0.384615 0.293269 0.386218 0.293269 0.391026 0.291667 0.394231 0.290064 0.395833 0.290064 0.395833 0.288462 0.397436 0.283654 0.395833 0.280449 0.392628 0.277244 0.389423 0.275641 0.386218 0.275641 0.381410 0.278846 0.402244 0.283654 0.400641 0.288462 0.400641 0.291667 0.403846 0.296474 0.408654 0.298077 0.413462 0.299679 0.416667 0.299679 0.419872 0.298077 0.421474 0.296474 0.421474 0.294872 0.423077 0.293269 0.424679 0.290064 0.424679 0.285256 0.423077 0.282051 0.418269 0.278846 0.415064 0.277244 0.410256 0.277244 0.407051 0.278846 0.403846 0.280449 0.376603 0.270833 0.379808 0.272436 0.383013 0.270833
0 0.386218 0.269231 0.387821 0.266026 0.386218 0.262821 0.384615 0.261218 0.383013 0.258013 0.378205 0.258013 0.375000 0.259615 0.373397 0.261218 0.371795 0.264423 0.373397 0.267628 0.373397 0.269231 0.342949 0.286859 0.342949 0.290064 0.344551 0.293269 0.346154 0.294872 0.349359 0.298077 0.350962 0.298077 0.355769 0.298077 0.357372 0.298077 0.360577 0.294872 0.360577 0.293269 0.362179 0.290064 0.360577 0.285256 0.357372 0.283654 0.354167 0.282051 0.350962 0.282051 0.346154 0.283654 0.467949 0.246795 0.471154 0.245192 0.474359 0.245192 0.477564 0.241987 0.477564 0.240385 0.479167 0.235577 0.477564 0.232372 0.474359 0.230769 0.469551 0.232372 0.467949 0.232372 0.464744 0.233974 0.464744 0.237179 0.464744 0.240385 0.466346 0.243590 0.394231 0.272436 0.394231 0.274038 0.397436 0.272436 0.399038 0.274038 0.402244 0.274038 0.403846 0.274038 0.405449 0.275641 0.407051 0.274038 0.408654 0.272436 0.408654 0.270833 0.410256 0.266026 0.407051 0.266026 0.405449 0.262821 0.402244 0.262821 0.399038 0.262821
0 0.397436 0.264423 0.395833 0.267628 0.395833 0.269231 0.475962 0.203526 0.479167 0.203526 0.482372 0.201923 0.483974 0.201923 0.487179 0.198718 0.485577 0.195513 0.483974 0.192308 0.480769 0.190705 0.477564 0.190705 0.474359 0.192308 0.472756 0.193910 0.471154 0.197115 0.472756 0.198718 0.472756 0.201923 0.435897 0.208333 0.435897 0.213141 0.435897 0.214744 0.437500 0.217949 0.442308 0.221154 0.443910 0.221154 0.448718 0.219551 0.451923 0.217949 0.453526 0.217949 0.453526 0.216346 0.455128 0.211538 0.451923 0.208333 0.450321 0.205128 0.447115 0.203526 0.442308 0.203526 0.439103 0.206731 0.504808 0.240385 0.508013 0.240385 0.511218 0.240385 0.514423 0.238782 0.516026 0.235577 0.514423 0.232372 0.512821 0.229167 0.509615 0.227564 0.506410 0.227564 0.503205 0.229167 0.501603 0.230769 0.500000 0.233974 0.500000 0.237179 0.501603 0.238782 0.485577 0.264423 0.487179 0.266026 0.490385 0.266026 0.493590 0.262821 0.493590 0.261218 0.495192 0.256410 0.493590 0.253205
0 0.490385 0.251603 0.485577 0.251603 0.483974 0.253205 0.482372 0.254808 0.480769 0.258013 0.480769 0.261218 0.482372 0.264423 0.472756 0.266026 0.474359 0.266026 0.475962 0.267628 0.477564 0.266026 0.479167 0.262821 0.477564 0.261218 0.475962 0.258013 0.472756 0.259615 0.471154 0.261218 0.471154 0.262821 0.514423 0.185897 0.516026 0.187500 0.520833 0.185897 0.522436 0.185897 0.522436 0.182692 0.524038 0.177885 0.522436 0.174679 0.519231 0.173077 0.516026 0.173077 0.512821 0.174679 0.511218 0.176282 0.509615 0.179487 0.509615 0.182692 0.511218 0.184295 0.488782 0.182692 0.488782 0.187500 0.488782 0.189103 0.490385 0.192308 0.493590 0.195513 0.495192 0.195513 0.500000 0.195513 0.503205 0.195513 0.504808 0.192308 0.506410 0.189103 0.508013 0.185897 0.504808 0.182692 0.503205 0.179487 0.500000 0.179487 0.495192 0.179487 0.491987 0.181090 0.538462 0.192308 0.538462 0.193910 0.540064 0.197115 0.541667 0.200321 0.544872 0.203526 0.546474 0.203526
0 0.551282 0.201923 0.554487 0.200321 0.556090 0.200321 0.556090 0.198718 0.557692 0.193910 0.556090 0.190705 0.552885 0.187500 0.549679 0.185897 0.546474 0.185897 0.541667 0.189103 0.565705 0.197115 0.567308 0.197115 0.570513 0.198718 0.573718 0.195513 0.573718 0.193910 0.575321 0.189103 0.573718 0.185897 0.570513 0.184295 0.567308 0.184295 0.564103 0.185897 0.562500 0.187500 0.560897 0.190705 0.560897 0.193910 0.562500 0.195513 0.576923 0.174679 0.580128 0.174679 0.583333 0.173077 0.584936 0.173077 0.588141 0.169872 0.586538 0.166667 0.584936 0.165064 0.583333 0.161859 0.578526 0.161859 0.575321 0.163462 0.573718 0.165064 0.572115 0.168269 0.573718 0.171474 0.573718 0.173077 0.557692 0.171474 0.560897 0.173077 0.564103 0.171474 0.567308 0.169872 0.567308 0.168269 0.568910 0.163462 0.565705 0.161859 0.564103 0.158654 0.559295 0.160256 0.556090 0.160256 0.554487 0.161859 0.552885 0.165064
0 0.554487 0.168269 0.554487 0.171474 0.594551 0.185897 0.594551 0.190705 0.594551 0.192308 0.597756 0.195513 0.600962 0.198718 0.602564 0.198718 0.607372 0.198718 0.610577 0.195513 0.612179 0.195513 0.612179 0.193910 0.613782 0.189103 0.612179 0.185897 0.608974 0.182692 0.605769 0.181090 0.602564 0.182692 0.597756 0.184295 0.589744 0.237179 0.592949 0.237179 0.596154 0.237179 0.599359 0.235577 0.599359 0.233974 0.600962 0.229167 0.597756 0.227564 0.596154 0.224359 0.591346 0.224359 0.588141 0.225962 0.586538 0.227564 0.584936 0.230769 0.586538 0.233974 0.586538 0.235577 0.564103 0.262821 0.567308 0.262821 0.570513 0.261218 0.572115 0.261218 0.575321 0.258013 0.573718 0.254808 0.572115 0.251603 0.568910 0.250000 0.565705 0.250000 0.562500 0.250000 0.560897 0.251603 0.559295 0.254808 0.560897 0.258013 0.560897 0.261218 0.543269 0.248397 0.544872 0.250000 0.548077 0.250000 0.551282 0.246795 0.551282 0.245192 0.552885 0.240385 0.551282 0.237179 0.548077 0.235577 0.544872 0.235577 0.541667 0.237179 0.540064 0.238782 0.538462 0.241987 0.538462 0.245192 0.540064 0.246795 0.540064 0.272436 0.541667 0.272436 0.544872 0.272436 0.546474 0.270833 0.549679 0.267628 0.549679 0.264423 0.548077 0.261218 0.544872 0.259615
0 0.540064 0.259615 0.538462 0.259615 0.535256 0.261218 0.535256 0.264423 0.535256 0.267628 0.536859 0.270833 0.559295 0.216346 0.562500 0.217949 0.565705 0.217949 0.567308 0.217949 0.567308 0.214744 0.568910 0.209936 0.565705 0.208333 0.562500 0.208333 0.559295 0.209936 0.557692 0.213141 0.596154 0.176282 0.597756 0.176282 0.600962 0.176282 0.602564 0.174679 0.604167 0.173077 0.605769 0.168269 0.604167 0.165064 0.600962 0.163462 0.597756 0.163462 0.594551 0.165064 0.592949 0.166667 0.591346 0.169872 0.591346 0.171474 0.592949 0.174679 0.660256 0.211538 0.661859 0.211538 0.665064 0.211538 0.666667 0.209936 0.668269 0.208333 0.669872 0.203526 0.668269 0.200321 0.665064 0.198718 0.660256 0.198718 0.658654 0.200321 0.655449 0.201923 0.655449 0.205128 0.655449 0.206731 0.657051 0.209936 0.652244 0.193910 0.653846 0.193910 0.657051 0.193910 0.658654 0.192308 0.660256 0.190705 0.661859 0.185897 0.660256 0.182692 0.657051 0.181090 0.652244 0.181090 0.650641 0.182692 0.647436 0.184295 0.647436 0.187500 0.647436 0.190705
0 0.649038 0.192308 0.665064 0.176282 0.668269 0.174679 0.671474 0.174679 0.674679 0.171474 0.674679 0.169872 0.676282 0.165064 0.674679 0.161859 0.671474 0.160256 0.666667 0.161859 0.665064 0.161859 0.661859 0.163462 0.661859 0.166667 0.661859 0.169872 0.663462 0.173077 0.682692 0.137821 0.682692 0.141026 0.682692 0.144231 0.685897 0.145833 0.690705 0.147436 0.695513 0.145833 0.698718 0.144231 0.700321 0.141026 0.700321 0.136218 0.697115 0.134615 0.693910 0.133013 0.690705 0.133013 0.685897 0.134615 0.705128 0.139423 0.705128 0.142628 0.705128 0.145833 0.708333 0.147436
0 0.713141 0.149038 0.716346 0.149038 0.719551 0.145833 0.722756 0.142628 0.721154 0.139423 0.719551 0.136218 0.716346 0.134615 0.711538 0.134615 0.708333 0.136218 0.623397 0.251603 0.625000 0.251603 0.629808 0.251603 0.629808 0.250000 0.631410 0.248397 0.633013 0.243590 0.631410 0.240385 0.628205 0.238782 0.623397 0.238782 0.621795 0.240385 0.618590 0.241987 0.618590 0.245192 0.618590 0.248397 0.620192 0.250000 0.605769 0.274038 0.610577 0.274038 0.612179 0.275641 0.615385 0.272436 0.616987 0.270833 0.615385 0.269231 0.613782 0.266026 0.610577 0.266026 0.607372 0.267628 0.607372 0.270833 0.610577 0.238782 0.612179 0.240385 0.615385 0.240385 0.618590 0.237179 0.618590 0.235577 0.620192 0.230769 0.618590 0.227564 0.615385 0.225962 0.612179 0.225962 0.608974 0.227564 0.607372 0.229167 0.605769 0.232372 0.605769 0.235577 0.607372 0.237179 0.649038 0.250000 0.650641 0.250000 0.653846 0.250000 0.655449 0.248397 0.657051 0.246795 0.658654 0.241987 0.657051 0.238782 0.653846 0.237179 0.649038 0.237179 0.647436 0.238782 0.644231 0.240385 0.644231 0.241987
0 0.644231 0.245192 0.645833 0.248397 0.649038 0.219551 0.649038 0.222756 0.649038 0.225962 0.650641 0.229167 0.655449 0.232372 0.657051 0.232372 0.661859 0.230769 0.665064 0.229167 0.666667 0.229167 0.666667 0.227564 0.668269 0.222756 0.666667 0.219551 0.663462 0.216346 0.660256 0.214744 0.657051 0.214744 0.652244 0.217949 0.713141 0.173077 0.713141 0.177885 0.711538 0.174679 0.709936 0.174679 0.709936 0.176282 0.708333 0.176282 0.706731 0.176282 0.706731 0.177885 0.705128 0.179487 0.703526 0.181090 0.705128 0.181090 0.703526 0.182692 0.703526 0.184295 0.705128 0.187500 0.705128 0.189103 0.706731 0.189103 0.706731 0.190705 0.709936 0.192308 0.711538 0.192308 0.713141 0.192308 0.714744 0.192308 0.714744 0.195513 0.716346 0.192308 0.717949 0.193910 0.719551 0.193910 0.721154 0.192308
0 0.722756 0.189103 0.722756 0.190705 0.724359 0.190705 0.724359 0.189103 0.725962 0.187500 0.725962 0.185897 0.729167 0.185897 0.725962 0.182692 0.727564 0.182692 0.727564 0.181090 0.724359 0.179487 0.725962 0.176282 0.722756 0.174679 0.722756 0.176282 0.721154 0.176282 0.719551 0.173077 0.717949 0.173077 0.716346 0.173077 0.714744 0.173077 0.740385 0.171474 0.738782 0.171474 0.738782 0.173077 0.737179 0.173077 0.737179 0.174679 0.735577 0.174679 0.733974 0.174679 0.733974 0.176282 0.732372 0.177885 0.730769 0.177885 0.732372 0.179487 0.730769 0.179487 0.730769 0.181090 0.730769 0.182692 0.732372 0.185897 0.732372 0.187500 0.733974 0.187500 0.733974 0.189103 0.737179 0.190705 0.738782 0.190705 0.740385 0.190705 0.741987 0.190705 0.743590 0.190705 0.745192 0.190705 0.746795 0.192308 0.746795 0.190705 0.748397 0.190705 0.750000 0.187500 0.750000 0.189103 0.753205 0.185897 0.753205 0.184295 0.756410 0.182692 0.753205 0.181090 0.756410 0.179487 0.754808 0.177885 0.753205 0.174679 0.750000 0.171474 0.750000 0.174679 0.748397 0.171474 0.746795 0.171474 0.745192 0.171474 0.743590 0.171474 0.741987 0.171474 0.767628 0.179487 0.766026 0.181090 0.764423 0.181090 0.764423 0.182692 0.762821 0.182692
0 0.761218 0.182692 0.761218 0.184295 0.759615 0.185897 0.759615 0.187500 0.758013 0.187500 0.758013 0.189103 0.758013 0.190705 0.759615 0.193910 0.759615 0.195513 0.761218 0.195513 0.761218 0.197115 0.764423 0.198718 0.766026 0.198718 0.767628 0.198718 0.769231 0.198718 0.770833 0.198718 0.772436 0.200321 0.774038 0.200321 0.774038 0.198718 0.775641 0.198718 0.777244 0.195513 0.777244 0.197115 0.778846 0.197115 0.780449 0.193910 0.780449 0.192308 0.785256 0.190705 0.780449 0.189103 0.783654 0.189103 0.783654 0.187500 0.783654 0.185897 0.778846 0.185897 0.780449 0.182692 0.777244 0.181090 0.775641 0.182692 0.774038 0.179487 0.772436 0.179487 0.770833 0.179487 0.769231 0.179487 0.766026 0.142628 0.766026 0.147436
0 0.766026 0.149038 0.769231 0.152244 0.774038 0.153846 0.778846 0.152244 0.780449 0.149038 0.783654 0.145833 0.782051 0.142628 0.780449 0.139423 0.777244 0.139423 0.772436 0.139423 0.769231 0.141026 0.727564 0.203526 0.729167 0.203526 0.732372 0.203526 0.733974 0.201923 0.735577 0.200321 0.737179 0.195513 0.735577 0.192308 0.732372 0.190705 0.727564 0.190705 0.725962 0.192308 0.722756 0.193910 0.722756 0.197115 0.722756 0.198718 0.724359 0.201923 0.751603 0.165064 0.754808 0.165064 0.758013 0.165064 0.761218 0.161859 0.761218 0.160256 0.762821 0.155449 0.761218 0.152244 0.758013 0.150641 0.753205 0.150641 0.751603 0.152244 0.748397 0.153846 0.748397 0.157051 0.748397 0.160256 0.750000 0.161859 0.897436 0.157051 0.900641 0.155449 0.903846 0.157051 0.907051 0.153846 0.908654 0.150641 0.905449 0.149038 0.907051 0.144231 0.903846 0.142628 0.899038 0.142628 0.897436 0.144231 0.894231 0.145833 0.894231 0.149038 0.894231 0.152244 0.895833 0.153846 0.766026 0.163462 0.764423 0.166667 0.766026 0.169872 0.767628 0.171474 0.772436 0.173077 0.777244 0.171474 0.780449 0.169872 0.783654 0.165064 0.782051 0.161859 0.778846 0.158654 0.775641 0.158654 0.772436 0.158654 0.767628 0.160256 0.677885 0.230769 0.679487 0.230769 0.682692 0.232372 0.685897 0.229167 0.685897 0.227564 0.687500 0.222756 0.685897 0.219551 0.682692 0.217949 0.677885 0.217949 0.676282 0.219551 0.674679 0.221154 0.673077 0.224359
0 0.673077 0.227564 0.674679 0.229167 0.677885 0.248397 0.681090 0.248397 0.684295 0.248397 0.687500 0.245192 0.687500 0.243590 0.689103 0.238782 0.685897 0.237179 0.684295 0.233974 0.679487 0.233974 0.677885 0.235577 0.674679 0.237179 0.673077 0.240385 0.674679 0.243590 0.676282 0.245192 0.653846 0.296474 0.658654 0.296474 0.660256 0.296474 0.661859 0.294872 0.665064 0.291667 0.663462 0.288462 0.660256 0.286859 0.658654 0.286859 0.655449 0.290064 0.655449 0.291667 0.652244 0.322115 0.657051 0.322115 0.660256 0.320513 0.661859 0.320513 0.663462 0.317308 0.661859 0.315705 0.660256 0.312500 0.657051 0.312500 0.653846 0.315705 0.653846 0.317308 0.700321 0.283654 0.701923 0.283654 0.705128 0.285256 0.708333 0.282051 0.708333 0.280449 0.709936 0.275641 0.708333 0.272436 0.705128 0.270833 0.700321 0.270833 0.698718 0.272436 0.695513 0.274038 0.695513 0.277244 0.695513 0.280449
0 0.697115 0.282051 0.681090 0.258013 0.681090 0.261218 0.681090 0.264423 0.682692 0.267628 0.685897 0.269231 0.687500 0.269231 0.692308 0.269231 0.695513 0.269231 0.697115 0.267628 0.698718 0.266026 0.700321 0.261218 0.697115 0.258013 0.695513 0.254808 0.692308 0.253205 0.687500 0.253205 0.684295 0.254808 0.730769 0.230769 0.730769 0.235577 0.730769 0.237179 0.732372 0.240385 0.737179 0.243590 0.738782 0.243590 0.743590 0.243590 0.745192 0.243590 0.748397 0.240385 0.748397 0.238782 0.750000 0.233974 0.748397 0.230769 0.745192 0.227564 0.741987 0.225962 0.738782 0.227564 0.733974 0.229167 0.751603 0.238782 0.750000 0.241987 0.751603 0.245192 0.753205 0.248397 0.756410 0.250000 0.758013 0.251603 0.762821 0.250000 0.766026 0.250000 0.766026 0.248397 0.767628 0.246795 0.769231 0.241987 0.767628 0.237179 0.764423 0.235577 0.761218 0.233974 0.758013 0.233974 0.753205 0.235577
0 0.780449 0.235577 0.782051 0.237179 0.786859 0.235577 0.788462 0.235577 0.788462 0.232372 0.790064 0.227564 0.788462 0.224359 0.785256 0.222756 0.782051 0.222756 0.778846 0.224359 0.777244 0.225962 0.775641 0.229167 0.775641 0.232372 0.777244 0.235577 0.793269 0.254808 0.794872 0.256410 0.798077 0.254808 0.799679 0.254808 0.799679 0.253205 0.801282 0.248397 0.798077 0.246795 0.794872 0.248397 0.791667 0.250000 0.791667 0.251603 0.814103 0.229167 0.815705 0.229167 0.817308 0.230769 0.820513 0.227564 0.822115 0.225962 0.820513 0.222756 0.817308 0.221154 0.815705 0.221154 0.812500 0.222756 0.812500 0.225962 0.798077 0.232372 0.801282 0.232372 0.804487 0.232372 0.806090 0.230769 0.809295 0.227564 0.807692 0.224359 0.804487 0.222756 0.801282 0.222756
0 0.799679 0.225962 0.799679 0.227564 0.846154 0.205128 0.849359 0.205128 0.852564 0.203526 0.854167 0.203526 0.857372 0.200321 0.855769 0.197115 0.854167 0.193910 0.850962 0.192308 0.847756 0.192308 0.844551 0.193910 0.842949 0.195513 0.841346 0.198718 0.842949 0.200321 0.842949 0.203526 0.788462 0.158654 0.793269 0.158654 0.796474 0.158654 0.796474 0.157051 0.799679 0.153846 0.798077 0.150641 0.794872 0.149038
0 0.793269 0.150641 0.790064 0.152244 0.790064 0.155449 0.814103 0.155449 0.818910 0.155449 0.822115 0.155449 0.823718 0.155449 0.823718 0.152244 0.825321 0.147436 0.822115 0.145833 0.818910 0.147436 0.815705 0.149038 0.815705 0.152244 0.804487 0.187500 0.807692 0.185897 0.810897 0.185897 0.812500 0.184295 0.814103 0.182692 0.815705 0.177885 0.814103 0.174679 0.810897 0.173077 0.806090 0.173077 0.804487 0.174679 0.801282 0.176282 0.801282 0.177885 0.801282 0.181090 0.802885 0.184295 0.849359 0.182692 0.850962 0.182692 0.854167 0.182692 0.855769 0.181090 0.858974 0.177885 0.858974 0.174679 0.857372 0.171474
0 0.854167 0.169872 0.850962 0.169872 0.847756 0.169872 0.846154 0.171474 0.844551 0.174679 0.844551 0.177885 0.846154 0.181090 0.875000 0.192308 0.878205 0.192308 0.881410 0.192308 0.884615 0.190705 0.886218 0.187500 0.884615 0.184295 0.883013 0.181090 0.879808 0.179487 0.876603 0.179487 0.873397 0.181090 0.871795 0.182692 0.870192 0.185897 0.871795 0.189103 0.871795 0.190705 0.887821 0.200321 0.887821 0.203526 0.889423 0.206731 0.891026 0.208333 0.895833 0.211538 0.900641 0.209936 0.903846 0.206731 0.903846 0.205128 0.905449 0.200321 0.902244 0.197115 0.899038 0.195513 0.895833 0.195513 0.891026 0.198718 0.886218 0.243590 0.891026 0.243590 0.892628 0.245192 0.895833 0.241987 0.897436 0.240385
0 0.895833 0.237179 0.892628 0.235577 0.891026 0.235577 0.887821 0.237179 0.887821 0.240385 0.842949 0.227564 0.842949 0.229167 0.841346 0.229167 0.839744 0.229167 0.839744 0.230769 0.838141 0.230769 0.838141 0.232372 0.836538 0.233974 0.834936 0.235577 0.836538 0.235577 0.834936 0.237179 0.836538 0.240385 0.836538 0.241987 0.838141 0.241987 0.838141 0.243590 0.839744 0.243590 0.839744 0.245192 0.841346 0.245192 0.842949 0.245192 0.841346 0.248397 0.844551 0.245192 0.844551 0.246795 0.849359 0.245192 0.849359 0.246795 0.850962 0.246795 0.852564 0.243590 0.854167 0.243590 0.854167 0.241987 0.855769 0.241987 0.855769 0.240385 0.857372 0.238782 0.857372 0.237179 0.860577 0.235577 0.860577 0.233974 0.858974 0.233974 0.857372 0.230769 0.855769 0.232372 0.855769 0.230769 0.852564 0.227564 0.852564 0.230769 0.850962 0.227564 0.849359 0.227564 0.847756 0.227564 0.868590 0.174679 0.870192 0.174679 0.873397 0.174679 0.876603 0.171474 0.876603 0.169872 0.878205 0.165064 0.876603 0.161859 0.873397 0.160256 0.868590 0.161859 0.866987 0.161859 0.863782 0.163462 0.863782 0.166667 0.863782 0.169872 0.865385 0.173077 0.889423 0.254808 0.889423 0.258013 0.891026 0.261218 0.892628 0.262821 0.897436 0.264423 0.902244 0.262821 0.905449 0.259615 0.908654 0.256410 0.907051 0.253205 0.903846 0.250000 0.900641 0.250000 0.897436 0.250000 0.892628 0.251603 0.841346 0.298077 0.846154 0.298077 0.847756 0.299679
0 0.850962 0.296474 0.852564 0.294872 0.850962 0.291667 0.847756 0.290064 0.844551 0.290064 0.842949 0.291667 0.842949 0.294872 0.833333 0.267628 0.834936 0.267628 0.838141 0.267628 0.839744 0.267628 0.839744 0.264423 0.841346 0.261218 0.838141 0.259615 0.834936 0.261218 0.833333 0.261218 0.831731 0.264423 0.823718 0.259615 0.828526 0.259615 0.831731 0.258013 0.833333 0.258013 0.834936 0.254808 0.833333 0.253205 0.831731 0.250000 0.828526 0.251603 0.825321 0.253205 0.825321 0.256410 0.886218 0.294872 0.887821 0.294872 0.891026 0.294872 0.892628 0.293269 0.895833 0.290064 0.895833 0.286859 0.894231 0.283654 0.891026 0.282051 0.887821 0.282051 0.884615 0.282051 0.883013 0.283654 0.881410 0.286859 0.881410 0.290064 0.883013 0.293269 0.915064 0.290064 0.918269 0.290064 0.921474 0.288462 0.923077 0.288462 0.926282 0.285256 0.924679 0.282051 0.923077 0.280449 0.921474 0.277244 0.916667 0.277244 0.913462 0.278846 0.911859 0.280449
0 0.910256 0.283654 0.911859 0.285256 0.911859 0.288462 0.887821 0.320513 0.889423 0.322115 0.892628 0.322115 0.895833 0.318910 0.895833 0.317308 0.897436 0.312500 0.895833 0.309295 0.892628 0.307692 0.889423 0.307692 0.886218 0.309295 0.884615 0.310897 0.883013 0.314103 0.883013 0.317308 0.884615 0.320513 0.894231 0.341346 0.891026 0.338141 0.886218 0.338141 0.881410 0.339744 0.878205 0.341346 0.876603 0.342949 0.876603 0.346154 0.876603 0.349359 0.878205 0.352564 0.881410 0.354167 0.884615 0.355769 0.886218 0.355769 0.889423 0.355769 0.891026 0.355769 0.892628 0.352564 0.894231 0.352564 0.894231 0.350962 0.897436 0.347756 0.895833 0.342949 0.894231 0.342949 0.862179 0.331731 0.857372 0.330128 0.852564 0.331731 0.849359 0.333333 0.847756 0.334936 0.847756 0.338141 0.847756 0.342949 0.849359 0.346154 0.852564 0.347756 0.855769 0.347756 0.857372 0.347756 0.860577 0.349359
0 0.862179 0.346154 0.862179 0.347756 0.865385 0.344551 0.865385 0.342949 0.870192 0.342949 0.865385 0.341346 0.868590 0.339744 0.868590 0.338141 0.866987 0.334936 0.865385 0.334936 0.905449 0.355769 0.910256 0.355769 0.911859 0.355769 0.913462 0.354167 0.916667 0.350962 0.915064 0.347756 0.911859 0.346154 0.910256 0.347756 0.907051 0.349359 0.907051 0.350962 0.921474 0.349359 0.924679 0.350962 0.927885 0.349359 0.929487 0.349359 0.931090 0.346154 0.929487 0.342949 0.927885 0.339744 0.924679 0.339744 0.921474 0.341346 0.919872 0.342949 0.918269 0.346154 0.940705 0.365385 0.940705 0.370192 0.939103 0.366987
0 0.937500 0.366987 0.937500 0.368590 0.935897 0.368590 0.934295 0.368590 0.934295 0.370192 0.932692 0.370192 0.931090 0.371795 0.931090 0.373397 0.931090 0.375000 0.931090 0.376603 0.931090 0.379808 0.932692 0.379808 0.932692 0.381410 0.934295 0.383013 0.935897 0.387821 0.937500 0.384615 0.937500 0.387821
0 0.940705 0.384615 0.939103 0.387821 0.942308 0.384615 0.943910 0.386218 0.943910 0.387821 0.945513 0.386218 0.947115 0.386218 0.948718 0.383013 0.948718 0.384615 0.950321 0.384615 0.950321 0.383013 0.951923 0.383013 0.951923 0.381410 0.953526 0.379808 0.953526 0.378205 0.953526 0.376603 0.953526 0.375000 0.955128 0.373397 0.951923 0.371795 0.953526 0.368590 0.950321 0.366987 0.948718 0.366987 0.948718 0.368590 0.947115 0.368590 0.945513 0.365385 0.945513 0.368590 0.943910 0.365385 0.942308 0.365385 0.833333 0.354167 0.831731 0.354167 0.831731 0.355769 0.830128 0.355769 0.828526 0.355769 0.828526 0.357372 0.826923 0.357372 0.825321 0.360577 0.825321 0.362179 0.825321 0.363782
0 0.823718 0.363782 0.825321 0.366987 0.825321 0.368590 0.826923 0.368590 0.826923 0.370192 0.828526 0.370192 0.828526 0.371795 0.831731 0.373397 0.834936 0.373397 0.836538 0.373397 0.838141 0.373397 0.839744 0.375000 0.841346 0.371795 0.841346 0.373397 0.842949 0.371795 0.842949 0.370192 0.844551 0.370192 0.844551 0.368590 0.846154 0.366987 0.847756 0.365385 0.847756 0.363782 0.850962 0.362179 0.850962 0.360577 0.849359 0.360577 0.849359 0.358974 0.844551 0.358974 0.846154 0.355769 0.842949 0.354167 0.841346 0.354167 0.839744 0.354167 0.838141 0.354167 0.836538 0.354167 0.834936 0.354167 0.935897 0.421474 0.939103 0.421474 0.942308 0.421474 0.943910 0.419872 0.947115 0.416667 0.945513 0.413462 0.943910 0.410256 0.940705 0.410256 0.937500 0.411859 0.934295 0.413462 0.934295 0.418269 0.955128 0.394231 0.958333 0.394231 0.961538 0.394231 0.963141 0.392628 0.966346 0.389423 0.964744 0.386218 0.963141 0.383013
0 0.959936 0.383013 0.956731 0.384615 0.953526 0.386218 0.953526 0.391026 0.881410 0.394231 0.884615 0.395833 0.889423 0.394231 0.889423 0.392628 0.892628 0.391026 0.891026 0.387821 0.887821 0.384615 0.884615 0.386218 0.879808 0.387821 0.879808 0.391026 0.935897 0.437500 0.939103 0.439103 0.942308 0.437500 0.943910 0.437500 0.945513 0.432692 0.943910 0.431090 0.942308 0.427885 0.939103 0.427885 0.935897 0.427885 0.934295 0.431090 0.932692 0.434295 0.945513 0.451923 0.948718 0.453526 0.951923 0.453526 0.953526 0.451923 0.953526 0.448718 0.955128 0.445513 0.953526 0.442308 0.950321 0.442308 0.947115 0.442308 0.943910 0.445513 0.943910 0.448718 0.828526 0.442308 0.830128 0.443910 0.833333 0.443910 0.836538 0.440705 0.838141 0.439103 0.836538 0.435897 0.833333 0.434295 0.830128 0.434295 0.825321 0.435897 0.825321 0.439103 0.818910 0.463141 0.822115 0.463141 0.826923 0.463141 0.826923 0.461538 0.828526 0.458333 0.826923 0.456731 0.825321 0.453526 0.822115 0.453526 0.817308 0.455128 0.817308 0.459936 0.783654 0.442308 0.786859 0.443910 0.790064 0.442308 0.791667 0.440705
0 0.793269 0.437500 0.791667 0.434295 0.788462 0.432692 0.786859 0.432692 0.782051 0.435897 0.782051 0.439103 0.790064 0.453526 0.793269 0.455128 0.796474 0.453526 0.798077 0.453526 0.799679 0.450321 0.798077 0.447115 0.794872 0.445513 0.791667 0.445513 0.788462 0.447115
0 0.786859 0.450321 0.812500 0.437500 0.815705 0.439103 0.818910 0.437500 0.820513 0.435897 0.822115 0.432692 0.820513 0.429487 0.817308 0.427885 0.814103 0.427885 0.810897 0.431090 0.809295 0.434295 0.785256 0.375000 0.778846 0.376603 0.778846 0.378205 0.775641 0.383013 0.775641 0.384615 0.775641 0.386218 0.777244 0.387821 0.778846 0.387821 0.778846 0.389423 0.782051 0.391026 0.783654 0.392628 0.790064 0.392628 0.791667 0.391026 0.793269 0.391026 0.793269 0.389423 0.794872 0.387821 0.794872 0.386218 0.798077 0.384615 0.798077 0.383013 0.793269 0.383013 0.794872 0.381410 0.793269 0.379808 0.791667 0.376603 0.788462 0.375000 0.786859 0.375000 0.748397 0.483974 0.748397 0.485577 0.751603 0.485577 0.753205 0.485577 0.754808 0.487179 0.758013 0.483974 0.758013 0.485577 0.759615 0.482372 0.758013 0.479167 0.756410 0.479167 0.753205 0.479167 0.750000 0.480769 0.713141 0.461538 0.714744 0.463141 0.717949 0.463141 0.721154 0.459936 0.722756 0.458333 0.721154 0.455128 0.717949 0.453526 0.714744 0.453526 0.709936 0.455128 0.709936 0.458333 0.780449 0.394231 0.775641 0.394231
0 0.770833 0.394231 0.767628 0.397436 0.766026 0.399038 0.766026 0.400641 0.766026 0.405449 0.769231 0.408654 0.770833 0.410256 0.774038 0.411859 0.775641 0.411859 0.778846 0.411859 0.780449 0.411859 0.782051 0.408654 0.783654 0.408654 0.785256 0.407051 0.786859 0.403846 0.785256 0.400641 0.783654 0.397436 0.727564 0.407051 0.729167 0.408654 0.730769 0.408654 0.729167 0.411859 0.732372 0.408654 0.732372 0.410256 0.733974 0.410256 0.735577 0.408654 0.737179 0.408654 0.738782 0.405449 0.737179 0.402244 0.735577 0.402244 0.730769 0.403846 0.729167 0.403846 0.735577 0.463141 0.737179 0.463141 0.740385 0.464744 0.743590 0.461538 0.743590 0.459936 0.745192 0.455128 0.743590 0.451923 0.740385 0.450321 0.735577 0.450321 0.733974 0.451923 0.732372 0.453526 0.730769 0.456731 0.730769 0.459936 0.732372 0.461538 0.706731 0.437500 0.708333 0.437500 0.713141 0.437500 0.714744 0.437500 0.714744 0.434295 0.716346 0.429487
0 0.714744 0.426282 0.711538 0.424679 0.708333 0.424679 0.705128 0.426282 0.703526 0.427885 0.701923 0.431090 0.701923 0.434295 0.703526 0.435897 0.705128 0.453526 0.706731 0.453526 0.709936 0.453526 0.713141 0.450321 0.713141 0.448718 0.714744 0.443910 0.713141 0.440705 0.709936 0.439103 0.706731 0.440705 0.703526 0.440705 0.701923 0.442308 0.700321 0.445513 0.700321 0.448718 0.701923 0.451923 0.822115 0.503205 0.823718 0.504808 0.828526 0.503205 0.828526 0.501603 0.831731 0.500000 0.830128 0.496795 0.825321 0.495192 0.823718 0.495192 0.818910 0.496795 0.818910 0.500000 0.735577 0.618590 0.738782 0.620192 0.741987 0.618590 0.743590 0.618590 0.745192 0.615385 0.743590 0.612179 0.740385 0.610577 0.738782 0.610577 0.733974 0.612179 0.732372 0.615385 0.589744 0.408654 0.589744 0.411859 0.591346 0.416667 0.594551 0.419872 0.599359 0.421474 0.605769 0.419872 0.607372 0.419872 0.608974 0.418269 0.610577 0.416667 0.610577 0.413462
0 0.612179 0.408654 0.610577 0.403846 0.605769 0.402244 0.602564 0.400641 0.597756 0.400641 0.592949 0.402244 0.591346 0.405449 0.625000 0.415064 0.628205 0.415064 0.631410 0.415064 0.634615 0.411859 0.634615 0.410256 0.636218 0.405449 0.633013 0.403846 0.631410 0.400641 0.626603 0.400641 0.625000 0.402244 0.621795 0.403846 0.621795 0.407051 0.621795 0.410256 0.623397 0.411859 0.660256 0.384615 0.663462 0.384615 0.666667 0.383013 0.669872 0.381410 0.671474 0.378205 0.669872 0.375000 0.668269 0.371795 0.665064 0.370192 0.661859 0.371795 0.658654 0.371795 0.657051 0.373397 0.655449 0.376603 0.657051 0.379808 0.657051 0.383013
0 0.639423 0.410256 0.641026 0.410256 0.642628 0.410256 0.642628 0.411859 0.644231 0.411859 0.647436 0.410256 0.647436 0.411859 0.649038 0.410256 0.650641 0.408654 0.649038 0.407051 0.647436 0.403846 0.644231 0.403846 0.641026 0.405449 0.687500 0.458333 0.684295 0.456731 0.682692 0.458333 0.681090 0.459936 0.679487 0.461538 0.679487 0.463141 0.681090 0.466346 0.681090 0.467949 0.682692 0.467949 0.682692 0.469551 0.684295 0.469551 0.684295 0.471154 0.685897 0.471154 0.687500 0.471154 0.689103 0.471154 0.690705 0.471154 0.692308 0.472756 0.693910 0.469551 0.693910 0.471154 0.695513 0.471154 0.695513 0.469551 0.697115 0.467949 0.698718 0.466346 0.698718 0.464744 0.700321 0.463141 0.697115 0.461538 0.698718 0.459936 0.697115 0.458333 0.695513 0.455128
0 0.692308 0.455128 0.689103 0.455128 0.685897 0.418269 0.682692 0.419872 0.681090 0.421474 0.679487 0.423077 0.677885 0.424679 0.679487 0.426282 0.677885 0.426282 0.679487 0.429487 0.679487 0.431090 0.681090 0.431090 0.681090 0.432692 0.681090 0.435897 0.682692 0.432692 0.684295 0.434295 0.685897 0.434295 0.687500 0.434295 0.689103 0.434295
0 0.689103 0.435897 0.690705 0.435897 0.692308 0.432692 0.692308 0.434295 0.693910 0.434295 0.693910 0.432692 0.695513 0.432692 0.695513 0.431090 0.697115 0.429487 0.697115 0.427885 0.700321 0.426282 0.700321 0.424679 0.695513 0.424679 0.697115 0.423077 0.695513 0.421474 0.693910 0.418269 0.690705 0.418269 0.689103 0.418269 0.758013 0.437500 0.754808 0.439103 0.753205 0.440705 0.751603 0.443910 0.751603 0.445513 0.751603 0.447115 0.751603 0.448718 0.753205 0.448718 0.753205 0.450321 0.754808 0.450321 0.754808 0.451923 0.756410 0.451923 0.758013 0.451923 0.759615 0.451923 0.758013 0.455128 0.761218 0.451923 0.761218 0.455128 0.762821 0.453526 0.764423 0.453526 0.766026 0.450321 0.766026 0.451923 0.767628 0.451923 0.767628 0.450321 0.769231 0.450321 0.769231 0.448718 0.769231 0.447115 0.769231 0.445513 0.772436 0.445513 0.772436 0.443910 0.770833 0.440705
0 0.769231 0.442308 0.767628 0.440705 0.766026 0.437500 0.762821 0.439103 0.761218 0.435897 0.740385 0.421474 0.737179 0.419872 0.735577 0.421474 0.733974 0.423077 0.732372 0.424679 0.732372 0.426282 0.733974 0.429487 0.733974 0.431090 0.735577 0.431090 0.735577 0.432692 0.737179 0.434295 0.738782 0.434295 0.740385 0.434295 0.741987 0.434295 0.743590 0.434295 0.745192 0.435897 0.746795 0.432692 0.746795 0.434295 0.748397 0.434295 0.748397 0.432692 0.750000 0.431090 0.751603 0.429487 0.754808 0.427885 0.754808 0.426282 0.750000 0.426282 0.753205 0.424679 0.753205 0.423077 0.748397 0.423077 0.750000 0.419872 0.746795 0.418269 0.745192 0.418269 0.741987 0.418269 0.724359 0.400641 0.727564 0.400641 0.730769 0.400641 0.733974 0.397436 0.733974 0.395833 0.735577 0.391026 0.732372 0.389423 0.730769 0.386218 0.725962 0.386218 0.724359 0.387821 0.721154 0.389423 0.719551 0.392628 0.721154 0.395833 0.722756 0.397436 0.671474 0.402244 0.669872 0.402244 0.668269 0.403846 0.666667 0.403846 0.665064 0.407051 0.666667 0.407051 0.665064 0.408654 0.666667 0.410256 0.666667 0.411859 0.668269 0.411859 0.668269 0.413462 0.669872 0.413462 0.669872 0.415064 0.671474 0.415064 0.673077 0.415064
0 0.674679 0.415064 0.676282 0.415064 0.677885 0.416667 0.679487 0.416667 0.679487 0.415064 0.681090 0.415064 0.682692 0.411859 0.682692 0.413462 0.684295 0.411859 0.684295 0.410256 0.684295 0.408654 0.685897 0.407051 0.684295 0.403846 0.682692 0.400641 0.681090 0.400641 0.677885 0.399038 0.674679 0.399038 0.693910 0.506410 0.695513 0.508013 0.698718 0.508013 0.701923 0.504808 0.701923 0.503205 0.703526 0.498397 0.701923 0.495192 0.698718 0.493590 0.693910 0.493590 0.692308 0.495192 0.689103 0.496795 0.689103 0.500000 0.689103 0.503205 0.690705 0.504808 0.698718 0.549679 0.700321 0.551282 0.705128 0.549679 0.706731 0.549679 0.706731 0.546474 0.708333 0.541667 0.706731 0.541667 0.703526 0.540064 0.698718 0.538462 0.697115 0.538462 0.695513 0.540064 0.693910 0.543269 0.693910 0.546474 0.695513 0.548077 0.719551 0.524038 0.716346 0.524038 0.714744 0.520833 0.713141 0.520833 0.711538 0.520833 0.709936 0.522436 0.708333 0.522436 0.706731 0.522436 0.706731 0.524038 0.705128 0.524038 0.703526 0.525641 0.701923 0.528846 0.700321 0.528846 0.701923 0.530449 0.700321 0.530449 0.700321 0.532051 0.700321 0.533654 0.701923 0.533654 0.703526 0.535256 0.705128 0.536859 0.706731 0.536859 0.708333 0.536859 0.709936 0.536859 0.716346 0.535256 0.716346 0.536859 0.717949 0.536859 0.717949 0.535256 0.719551 0.533654 0.719551 0.532051 0.722756 0.528846 0.719551 0.527244 0.721154 0.524038 0.677885 0.517628
0 0.681090 0.519231 0.684295 0.517628 0.685897 0.516026 0.687500 0.512821 0.685897 0.509615 0.682692 0.508013 0.679487 0.508013 0.676282 0.511218 0.674679 0.514423 0.610577 0.466346 0.612179 0.466346 0.615385 0.466346 0.618590 0.463141 0.618590 0.461538 0.620192 0.456731 0.618590 0.453526 0.615385 0.451923 0.610577 0.453526 0.608974 0.453526 0.607372 0.455128 0.605769 0.458333 0.605769 0.461538 0.607372 0.464744 0.584936 0.490385 0.586538 0.491987 0.589744 0.491987 0.592949 0.488782 0.592949 0.487179 0.594551 0.482372 0.592949 0.479167 0.589744 0.477564 0.584936 0.477564 0.583333 0.479167 0.581731 0.480769 0.580128 0.483974 0.580128 0.487179 0.581731 0.490385 0.681090 0.549679 0.684295 0.549679 0.689103 0.549679 0.689103 0.548077 0.690705 0.544872 0.689103 0.541667 0.685897 0.543269 0.682692 0.541667 0.679487 0.543269 0.679487 0.546474 0.684295 0.536859 0.687500 0.538462 0.690705 0.536859 0.692308 0.536859 0.693910 0.533654 0.692308 0.530449
0 0.689103 0.528846 0.685897 0.528846 0.682692 0.530449 0.681090 0.533654 0.649038 0.578526 0.652244 0.576923 0.655449 0.576923 0.657051 0.575321 0.658654 0.573718 0.660256 0.568910 0.657051 0.567308 0.655449 0.564103 0.650641 0.564103 0.649038 0.565705 0.645833 0.567308 0.644231 0.570513 0.645833 0.572115 0.647436 0.575321 0.649038 0.546474 0.652244 0.546474 0.655449 0.544872 0.657051 0.544872 0.660256 0.541667 0.658654 0.538462 0.657051 0.535256 0.653846 0.533654 0.650641 0.533654 0.647436 0.535256 0.645833 0.536859 0.644231 0.538462 0.645833 0.541667 0.645833 0.544872 0.639423 0.559295 0.641026 0.559295 0.644231 0.559295 0.645833 0.557692 0.647436 0.556090 0.649038 0.551282 0.647436 0.548077 0.644231 0.546474 0.639423 0.546474 0.637821 0.548077 0.634615 0.549679 0.634615 0.552885 0.634615 0.556090 0.636218 0.557692 0.615385 0.543269 0.616987 0.543269 0.620192 0.543269 0.623397 0.540064 0.623397 0.538462
0 0.625000 0.533654 0.623397 0.530449 0.620192 0.528846 0.615385 0.530449 0.613782 0.530449 0.610577 0.532051 0.610577 0.535256 0.610577 0.538462 0.612179 0.541667 0.613782 0.568910 0.615385 0.570513 0.618590 0.570513 0.621795 0.567308 0.621795 0.565705 0.623397 0.560897 0.621795 0.557692 0.618590 0.556090 0.613782 0.556090 0.612179 0.557692 0.608974 0.559295 0.608974 0.562500 0.608974 0.565705 0.610577 0.567308 0.681090 0.475962 0.677885 0.477564 0.676282 0.479167 0.674679 0.482372 0.674679 0.483974 0.674679 0.487179 0.676282 0.487179 0.676282 0.488782 0.677885 0.488782 0.677885 0.490385 0.679487 0.490385 0.681090 0.490385 0.682692 0.490385 0.682692 0.493590 0.685897 0.490385 0.684295 0.493590 0.687500 0.490385 0.687500 0.491987 0.689103 0.490385 0.690705 0.490385 0.690705 0.488782 0.692308 0.488782 0.692308 0.487179 0.692308 0.485577 0.697115 0.485577 0.692308 0.483974 0.695513 0.483974 0.695513 0.482372 0.693910 0.479167 0.692308 0.480769 0.690705 0.479167 0.689103 0.475962 0.687500 0.475962 0.684295 0.475962 0.644231 0.612179 0.647436 0.613782 0.652244 0.612179 0.652244 0.610577 0.653846 0.607372
0 0.652244 0.604167 0.649038 0.602564 0.647436 0.602564 0.642628 0.605769 0.642628 0.608974 0.641026 0.625000 0.642628 0.626603 0.645833 0.626603 0.649038 0.623397 0.650641 0.621795 0.649038 0.618590 0.645833 0.616987 0.642628 0.616987 0.637821 0.618590 0.637821 0.621795 0.653846 0.634615 0.657051 0.634615 0.661859 0.634615 0.661859 0.633013 0.663462 0.629808 0.661859 0.628205 0.660256 0.625000 0.657051 0.625000 0.652244 0.626603 0.652244 0.631410 0.634615 0.641026 0.637821 0.641026 0.642628 0.641026 0.642628 0.639423 0.644231 0.636218 0.642628 0.633013 0.639423 0.631410 0.637821 0.631410 0.633013 0.633013 0.633013 0.637821 0.620192 0.647436 0.623397 0.649038 0.626603 0.649038 0.628205 0.647436 0.629808 0.644231 0.628205 0.641026 0.625000 0.639423
0 0.623397 0.639423 0.618590 0.641026 0.618590 0.644231 0.703526 0.580128 0.705128 0.580128 0.708333 0.580128 0.709936 0.578526 0.711538 0.576923 0.713141 0.572115 0.711538 0.568910 0.708333 0.567308 0.705128 0.567308 0.701923 0.568910 0.700321 0.570513 0.698718 0.573718 0.698718 0.575321 0.700321 0.578526 0.685897 0.626603 0.689103 0.628205 0.692308 0.626603 0.693910 0.626603 0.695513 0.623397 0.693910 0.620192 0.690705 0.618590 0.689103 0.618590 0.684295 0.620192 0.684295 0.623397 0.594551 0.608974 0.597756 0.607372 0.600962 0.607372 0.602564 0.605769 0.604167 0.604167 0.605769 0.599359 0.604167 0.596154 0.600962 0.594551 0.596154 0.594551
0 0.594551 0.596154 0.591346 0.597756 0.591346 0.599359 0.591346 0.602564 0.592949 0.605769 0.608974 0.610577 0.605769 0.612179 0.604167 0.613782 0.602564 0.615385 0.600962 0.616987 0.602564 0.618590 0.600962 0.618590 0.602564 0.621795 0.602564 0.623397 0.604167 0.623397 0.604167 0.625000 0.605769 0.625000 0.607372 0.625000 0.608974 0.626603 0.610577 0.626603 0.612179 0.626603 0.612179 0.628205 0.613782 0.628205 0.615385 0.625000 0.615385 0.626603 0.616987 0.626603 0.616987 0.625000 0.618590 0.625000 0.618590 0.623397 0.620192 0.621795 0.620192 0.620192 0.620192 0.618590 0.621795 0.616987 0.620192 0.615385 0.618590 0.613782 0.616987 0.610577 0.613782 0.610577 0.612179 0.610577 0.525641 0.661859 0.528846 0.663462 0.532051 0.661859 0.535256 0.660256 0.536859 0.657051 0.535256 0.653846 0.533654 0.652244 0.532051 0.649038 0.527244 0.649038 0.524038 0.650641 0.522436 0.652244 0.520833 0.655449 0.522436 0.658654 0.522436 0.660256 0.516026 0.575321 0.517628 0.576923 0.520833 0.576923
0 0.524038 0.573718 0.524038 0.572115 0.525641 0.567308 0.524038 0.564103 0.520833 0.562500 0.516026 0.562500 0.514423 0.564103 0.511218 0.565705 0.511218 0.568910 0.511218 0.572115 0.512821 0.573718 0.576923 0.604167 0.580128 0.605769 0.583333 0.604167 0.584936 0.604167 0.586538 0.600962 0.584936 0.597756
0 0.581731 0.596154 0.580128 0.596154 0.575321 0.597756 0.575321 0.600962 0.586538 0.570513 0.589744 0.570513 0.592949 0.570513 0.594551 0.568910 0.596154 0.565705 0.594551 0.562500 0.591346 0.560897 0.589744 0.560897 0.584936 0.562500 0.584936 0.567308 0.568910 0.565705 0.565705 0.567308 0.564103 0.568910 0.562500 0.568910 0.560897 0.572115 0.560897 0.573718 0.562500 0.576923 0.564103 0.578526 0.565705 0.580128 0.567308 0.580128 0.568910 0.580128 0.570513 0.580128 0.568910 0.583333 0.572115 0.580128 0.572115 0.581731 0.573718 0.581731 0.575321 0.581731 0.576923 0.578526 0.576923 0.580128 0.578526 0.578526 0.580128 0.576923
0 0.580128 0.575321 0.580128 0.573718 0.581731 0.572115 0.580128 0.570513 0.578526 0.568910 0.576923 0.565705 0.573718 0.565705 0.570513 0.565705 0.551282 0.570513 0.552885 0.570513 0.556090 0.572115 0.559295 0.568910 0.559295 0.567308 0.560897 0.562500 0.559295 0.559295 0.556090 0.557692 0.552885 0.559295 0.549679 0.559295 0.546474 0.560897 0.546474 0.564103 0.546474 0.567308 0.548077 0.568910 0.544872 0.556090 0.548077 0.556090 0.551282 0.556090 0.554487 0.554487 0.556090 0.551282 0.554487 0.548077 0.552885 0.546474 0.551282 0.543269 0.546474 0.543269 0.543269 0.544872 0.541667 0.546474 0.541667 0.551282 0.541667 0.552885 0.541667 0.554487 0.548077 0.610577 0.551282 0.610577 0.556090 0.610577 0.556090 0.608974 0.559295 0.605769 0.557692 0.602564 0.554487 0.600962 0.551282 0.600962 0.546474 0.604167 0.546474 0.607372 0.551282 0.644231 0.549679 0.649038 0.549679 0.652244 0.552885 0.657051 0.557692 0.658654 0.560897 0.660256 0.565705 0.658654 0.568910 0.658654 0.568910 0.657051 0.570513 0.655449 0.572115 0.653846 0.572115 0.650641 0.573718 0.645833 0.570513 0.641026 0.567308 0.639423 0.564103 0.637821 0.559295 0.637821 0.554487 0.639423 0.552885 0.641026 0.310897 0.556090
0 0.309295 0.560897 0.309295 0.564103 0.312500 0.568910 0.317308 0.570513 0.322115 0.572115 0.326923 0.570513 0.328526 0.570513 0.330128 0.568910 0.331731 0.567308 0.331731 0.565705 0.331731 0.562500 0.333333 0.557692 0.331731 0.552885 0.326923 0.551282 0.323718 0.549679 0.318910 0.549679 0.315705 0.551282 0.312500 0.552885 0.464744 0.677885 0.466346 0.677885 0.469551 0.677885 0.471154 0.676282 0.472756 0.674679 0.474359 0.669872 0.472756 0.666667 0.469551 0.665064 0.464744 0.665064 0.463141 0.666667 0.461538 0.668269 0.459936 0.669872 0.459936 0.673077 0.461538 0.676282 0.508013 0.532051 0.511218 0.535256 0.512821 0.535256 0.516026 0.535256 0.517628 0.532051 0.516026 0.528846 0.512821 0.528846 0.509615 0.528846
0 0.517628 0.538462 0.520833 0.540064 0.524038 0.540064 0.525641 0.540064 0.527244 0.536859 0.525641 0.533654 0.522436 0.532051 0.519231 0.533654 0.475962 0.552885 0.479167 0.556090 0.480769 0.556090 0.483974 0.556090 0.485577 0.552885 0.483974 0.549679 0.480769 0.548077 0.477564 0.549679 0.589744 0.583333 0.592949 0.586538 0.594551 0.586538 0.597756 0.586538 0.599359 0.583333 0.597756 0.580128 0.594551 0.578526 0.591346 0.580128 0.645833 0.459936 0.645833 0.463141 0.647436 0.467949 0.650641 0.471154 0.655449 0.472756 0.661859 0.471154 0.665064 0.471154 0.666667 0.467949 0.666667 0.469551 0.666667 0.466346 0.668269 0.461538 0.666667 0.456731 0.661859 0.453526 0.658654 0.451923 0.653846 0.451923 0.650641 0.453526 0.647436 0.456731 0.525641 0.498397 0.525641 0.503205 0.527244 0.506410 0.530449 0.509615 0.535256 0.511218 0.541667 0.511218 0.543269 0.511218 0.544872 0.509615 0.546474 0.506410 0.546474 0.504808 0.548077 0.500000
0 0.544872 0.495192 0.541667 0.491987 0.536859 0.491987 0.532051 0.491987 0.528846 0.493590 0.527244 0.495192 0.567308 0.525641 0.567308 0.528846 0.568910 0.533654 0.572115 0.536859
0 0.576923 0.538462 0.583333 0.536859 0.584936 0.536859 0.588141 0.533654 0.588141 0.532051 0.589744 0.527244 0.586538 0.522436 0.583333 0.519231 0.578526 0.517628 0.575321 0.517628 0.570513 0.519231 0.568910 0.522436 0.516026 0.613782 0.519231 0.613782 0.522436 0.615385 0.524038 0.615385 0.525641 0.612179 0.524038 0.608974 0.520833 0.607372 0.519231 0.610577 0.508013 0.607372 0.509615 0.610577 0.512821 0.610577 0.516026 0.608974 0.517628 0.607372 0.516026 0.604167 0.512821 0.602564 0.509615 0.604167 0.437500 0.506410 0.440705 0.508013 0.443910 0.509615 0.445513 0.509615 0.447115 0.504808 0.445513 0.501603
0 0.442308 0.501603 0.439103 0.503205 0.503205 0.554487 0.506410 0.554487 0.509615 0.552885 0.511218 0.552885 0.511218 0.551282 0.512821 0.546474 0.511218 0.543269 0.508013 0.541667 0.504808 0.541667 0.501603 0.543269 0.500000 0.544872 0.498397 0.548077 0.498397 0.549679 0.500000 0.552885 0.525641 0.543269 0.522436 0.544872 0.520833 0.546474 0.519231 0.546474 0.517628 0.549679 0.517628 0.551282 0.517628 0.554487 0.519231 0.554487 0.519231 0.556090 0.520833 0.556090 0.520833 0.557692 0.522436 0.557692 0.522436 0.560897 0.524038 0.557692 0.525641 0.559295 0.527244 0.559295
0 0.528846 0.559295 0.530449 0.559295 0.532051 0.559295 0.533654 0.556090 0.533654 0.557692 0.535256 0.556090 0.536859 0.554487 0.536859 0.552885 0.540064 0.551282 0.540064 0.549679 0.538462 0.549679 0.538462 0.548077 0.533654 0.548077 0.535256 0.544872 0.532051 0.543269 0.530449 0.543269 0.527244 0.543269 0.440705 0.543269 0.442308 0.544872 0.443910 0.544872 0.443910 0.546474 0.447115 0.544872 0.445513 0.543269 0.443910 0.540064 0.442308 0.540064 0.405449 0.520833 0.408654 0.522436 0.411859 0.522436 0.415064 0.520833 0.416667 0.519231 0.415064 0.516026 0.411859 0.514423 0.407051 0.516026 0.459936 0.520833 0.463141 0.519231 0.466346 0.519231 0.469551 0.516026 0.469551 0.514423 0.471154 0.509615 0.467949 0.508013 0.466346 0.504808 0.461538 0.506410 0.459936 0.506410 0.456731 0.508013 0.455128 0.511218 0.456731 0.514423 0.458333 0.517628 0.415064 0.540064 0.416667 0.540064 0.419872 0.540064 0.423077 0.536859 0.423077 0.535256 0.424679 0.530449 0.423077 0.527244
0 0.419872 0.525641 0.415064 0.527244 0.413462 0.527244 0.411859 0.528846 0.410256 0.532051 0.410256 0.535256 0.411859 0.538462 0.442308 0.573718 0.445513 0.573718 0.450321 0.573718 0.450321 0.572115 0.451923 0.568910 0.450321 0.565705 0.447115 0.564103 0.445513 0.564103 0.440705 0.565705 0.440705 0.570513 0.391026 0.495192 0.389423 0.495192 0.389423 0.496795 0.387821 0.496795 0.386218 0.498397 0.384615 0.500000 0.384615 0.501603 0.383013 0.501603 0.384615 0.503205 0.383013 0.503205 0.383013 0.504808 0.384615 0.504808 0.384615 0.506410 0.384615 0.508013 0.386218 0.508013 0.387821 0.512821 0.391026 0.509615 0.391026 0.511218 0.392628 0.511218
0 0.394231 0.511218 0.395833 0.511218 0.395833 0.512821 0.397436 0.512821 0.399038 0.509615 0.399038 0.511218 0.400641 0.509615 0.402244 0.506410 0.402244 0.508013 0.403846 0.506410 0.403846 0.504808 0.403846 0.503205 0.407051 0.501603 0.407051 0.500000 0.402244 0.500000 0.403846 0.496795 0.402244 0.496795 0.399038 0.493590 0.399038 0.496795 0.397436 0.493590 0.395833 0.493590 0.394231 0.493590 0.432692 0.596154 0.435897 0.596154 0.439103 0.594551 0.440705 0.594551 0.443910 0.591346 0.442308 0.588141 0.440705 0.584936 0.437500 0.583333 0.434295 0.583333 0.431090 0.584936 0.429487 0.586538 0.427885 0.589744 0.429487 0.591346
0 0.429487 0.594551 0.543269 0.641026 0.544872 0.641026 0.548077 0.641026 0.549679 0.639423 0.551282 0.637821 0.552885 0.633013 0.551282 0.629808 0.548077 0.628205 0.544872 0.628205 0.541667 0.629808 0.540064 0.631410 0.538462 0.634615 0.538462 0.636218 0.540064 0.639423 0.500000 0.625000 0.501603 0.625000 0.506410 0.623397 0.508013 0.623397 0.508013 0.621795 0.509615 0.616987 0.508013 0.613782 0.504808 0.612179 0.501603 0.612179 0.498397 0.613782
0 0.496795 0.615385 0.495192 0.618590 0.495192 0.620192 0.496795 0.623397 0.495192 0.674679 0.496795 0.676282 0.501603 0.674679 0.503205 0.674679 0.503205 0.671474 0.504808 0.666667 0.503205 0.663462 0.500000 0.661859 0.496795 0.661859 0.493590 0.663462 0.491987 0.665064 0.490385 0.668269 0.490385 0.671474 0.491987 0.673077 0.508013 0.660256 0.509615 0.661859 0.512821 0.661859 0.516026 0.658654 0.516026 0.657051 0.517628 0.652244 0.516026 0.649038 0.512821 0.647436 0.508013 0.647436 0.506410 0.649038 0.503205 0.650641 0.503205 0.653846 0.503205 0.657051 0.504808 0.658654 0.583333 0.661859 0.586538 0.661859 0.589744 0.661859 0.591346 0.660256 0.594551 0.657051 0.592949 0.653846 0.591346 0.650641 0.588141 0.649038 0.584936 0.649038 0.581731 0.650641 0.580128 0.652244 0.578526 0.655449 0.578526 0.658654 0.580128 0.660256
0 0.544872 0.669872 0.546474 0.669872 0.549679 0.671474 0.552885 0.668269 0.552885 0.666667 0.554487 0.661859 0.552885 0.658654 0.549679 0.657051 0.544872 0.657051 0.543269 0.658654 0.540064 0.660256 0.540064 0.663462 0.540064 0.666667 0.541667 0.668269 0.474359 0.568910
0 0.477564 0.570513 0.480769 0.568910 0.482372 0.567308 0.483974 0.565705 0.482372 0.562500 0.479167 0.559295 0.475962 0.560897 0.472756 0.562500 0.471154 0.565705 0.532051 0.588141 0.533654 0.589744 0.536859 0.591346 0.538462 0.589744 0.541667 0.588141 0.540064 0.586538 0.538462 0.583333 0.535256 0.584936 0.511218 0.581731 0.514423 0.583333 0.516026 0.583333 0.517628 0.583333 0.519231 0.581731 0.517628 0.578526 0.516026 0.578526 0.514423 0.578526 0.496795 0.580128 0.500000 0.578526 0.503205 0.580128 0.506410 0.576923 0.506410 0.575321 0.508013 0.570513 0.506410 0.567308 0.503205 0.565705 0.498397 0.565705
0 0.496795 0.567308 0.493590 0.568910 0.493590 0.572115 0.493590 0.575321 0.495192 0.576923 0.517628 0.522436 0.519231 0.522436 0.522436 0.522436 0.524038 0.520833 0.525641 0.519231 0.527244 0.514423 0.525641 0.511218 0.522436 0.509615 0.517628 0.509615 0.516026 0.511218 0.512821 0.512821 0.512821 0.516026 0.512821 0.517628 0.514423 0.520833 0.219551 0.573718 0.222756 0.575321 0.225962 0.575321 0.229167 0.573718 0.230769 0.572115 0.229167 0.568910 0.225962 0.567308 0.221154 0.568910 0.238782 0.556090 0.241987 0.559295 0.245192 0.559295 0.246795 0.559295 0.248397 0.556090 0.241987 0.552885 0.240385 0.552885 0.243590 0.551282 0.246795 0.552885 0.250000 0.552885 0.253205 0.551282 0.254808 0.549679 0.253205 0.546474 0.250000 0.544872 0.245192 0.546474 0.275641 0.538462 0.277244 0.538462 0.280449 0.538462 0.283654 0.535256 0.283654 0.533654 0.285256 0.528846 0.283654 0.525641 0.280449 0.524038 0.275641 0.525641 0.272436 0.527244 0.270833 0.527244 0.270833 0.530449 0.270833 0.533654 0.272436 0.536859 0.301282 0.538462 0.301282 0.540064 0.304487 0.541667 0.306090 0.540064 0.309295 0.538462 0.307692 0.536859 0.306090 0.533654
0 0.302885 0.535256 0.285256 0.540064 0.288462 0.541667 0.291667 0.541667 0.293269 0.541667 0.294872 0.538462 0.293269 0.535256 0.290064 0.533654 0.286859 0.535256 0.251603 0.538462 0.254808 0.538462 0.259615 0.538462 0.259615 0.536859 0.261218 0.533654 0.259615 0.532051 0.258013 0.528846 0.254808 0.528846 0.250000 0.530449 0.250000 0.535256 0.237179 0.543269 0.238782 0.543269 0.241987 0.543269 0.243590 0.541667 0.245192 0.540064 0.246795 0.535256 0.245192 0.532051 0.241987 0.530449 0.237179 0.530449 0.235577 0.532051 0.233974 0.533654 0.232372 0.536859 0.232372 0.538462 0.233974 0.541667 0.225962 0.524038 0.229167 0.525641 0.232372 0.524038 0.235577 0.522436 0.237179 0.519231 0.235577 0.516026
0 0.233974 0.512821 0.230769 0.511218 0.227564 0.511218 0.224359 0.512821 0.222756 0.514423 0.221154 0.517628 0.222756 0.520833 0.222756 0.522436 0.267628 0.524038 0.269231 0.524038 0.272436 0.524038 0.274038 0.522436 0.275641 0.520833 0.277244 0.516026 0.275641 0.512821
0 0.272436 0.511218 0.269231 0.511218 0.266026 0.512821 0.264423 0.512821 0.262821 0.516026 0.262821 0.519231 0.264423 0.522436 0.294872 0.472756 0.296474 0.472756 0.294872 0.475962 0.294872 0.480769 0.298077 0.485577 0.302885 0.487179 0.306090 0.488782 0.310897 0.487179
0 0.314103 0.487179 0.314103 0.485577 0.315705 0.483974 0.317308 0.482372 0.317308 0.479167 0.318910 0.474359 0.315705 0.469551 0.312500 0.467949 0.309295 0.466346 0.304487 0.466346 0.299679 0.467949 0.298077 0.469551 0.397436 0.560897 0.400641 0.559295 0.403846 0.559295
0 0.405449 0.557692 0.407051 0.556090 0.408654 0.551282 0.407051 0.548077 0.403846 0.546474 0.399038 0.546474 0.397436 0.548077 0.394231 0.549679 0.394231 0.552885 0.394231 0.554487 0.395833 0.557692 0.391026 0.594551 0.394231 0.594551 0.397436 0.592949 0.399038 0.592949
0 0.402244 0.589744 0.400641 0.586538 0.399038 0.584936 0.397436 0.581731 0.392628 0.581731 0.389423 0.583333 0.387821 0.584936 0.386218 0.588141 0.387821 0.589744 0.387821 0.592949 0.314103 0.500000 0.310897 0.501603 0.309295 0.503205
0 0.307692 0.506410 0.307692 0.508013 0.307692 0.511218 0.309295 0.511218 0.309295 0.512821 0.310897 0.512821 0.310897 0.514423 0.312500 0.514423 0.314103 0.514423 0.314103 0.517628 0.315705 0.514423 0.315705 0.517628 0.318910 0.514423
0 0.318910 0.516026 0.322115 0.514423 0.323718 0.512821 0.323718 0.509615 0.325321 0.504808 0.322115 0.501603 0.318910 0.500000 0.317308 0.500000 0.368590 0.487179 0.365385 0.488782 0.363782 0.490385 0.362179 0.491987 0.360577 0.493590 0.362179 0.495192 0.360577 0.495192
0 0.362179 0.498397 0.362179 0.500000 0.363782 0.500000 0.363782 0.501603 0.363782 0.504808 0.365385 0.501603 0.366987 0.503205 0.368590 0.503205 0.370192 0.503205 0.371795 0.503205 0.376603 0.501603 0.378205 0.500000 0.379808 0.495192
0 0.378205 0.493590 0.376603 0.490385 0.373397 0.488782 0.370192 0.487179 0.391026 0.477564 0.392628 0.479167 0.395833 0.479167 0.399038 0.475962 0.399038 0.474359 0.400641 0.469551
0 0.399038 0.466346 0.395833 0.464744 0.392628 0.464744 0.389423 0.466346 0.387821 0.467949 0.386218 0.471154 0.386218 0.474359 0.387821 0.477564 0.209936 0.594551 0.213141 0.596154
0 0.213141 0.597756 0.214744 0.596154 0.217949 0.594551 0.216346 0.592949 0.214744 0.589744 0.213141 0.591346 0.209936 0.647436 0.213141 0.647436 0.216346 0.647436 0.217949 0.645833 0.219551 0.642628 0.217949 0.641026 0.216346 0.637821
0 0.213141 0.637821 0.208333 0.639423 0.208333 0.644231 0.150641 0.621795 0.153846 0.621795 0.157051 0.620192 0.158654 0.620192 0.160256 0.616987 0.158654 0.613782 0.155449 0.612179 0.153846 0.612179 0.149038 0.613782 0.149038 0.618590 0.150641 0.572115 0.152244 0.573718 0.155449 0.573718 0.158654 0.570513
0 0.160256 0.568910 0.158654 0.565705 0.155449 0.564103 0.152244 0.564103 0.147436 0.565705 0.147436 0.568910 0.168269 0.568910 0.169872 0.568910 0.174679 0.568910 0.174679 0.567308 0.176282 0.565705 0.177885 0.560897 0.176282 0.557692 0.173077 0.556090 0.168269 0.556090 0.166667 0.557692 0.165064 0.559295
0 0.163462 0.562500 0.163462 0.565705 0.165064 0.567308 0.197115 0.564103 0.200321 0.564103 0.203526 0.564103 0.206731 0.560897 0.206731 0.559295 0.208333 0.554487 0.206731 0.551282 0.203526 0.549679 0.198718 0.549679 0.197115 0.551282 0.193910 0.552885 0.193910 0.556090 0.193910 0.559295 0.195513 0.560897 0.203526 0.516026 0.205128 0.516026 0.208333 0.516026 0.209936 0.514423 0.211538 0.512821 0.213141 0.508013 0.211538 0.504808 0.208333 0.503205 0.203526 0.503205 0.201923 0.504808 0.200321 0.504808 0.198718 0.508013 0.198718 0.511218 0.200321 0.514423 0.185897 0.525641 0.187500 0.525641 0.190705 0.525641 0.192308 0.524038 0.193910 0.522436 0.195513 0.517628 0.193910 0.514423 0.190705 0.512821 0.185897 0.512821 0.184295 0.514423 0.182692 0.514423
0 0.181090 0.517628 0.181090 0.520833 0.182692 0.524038 0.158654 0.535256 0.161859 0.535256 0.166667 0.535256 0.166667 0.533654 0.168269 0.530449 0.166667 0.528846 0.165064 0.525641 0.161859 0.525641 0.157051 0.527244 0.157051 0.532051 0.147436 0.520833 0.149038 0.522436 0.152244 0.522436 0.153846 0.520833 0.157051 0.517628 0.155449 0.514423
0 0.152244 0.512821 0.149038 0.512821 0.144231 0.514423 0.144231 0.519231 0.107372 0.610577 0.110577 0.610577 0.113782 0.608974 0.115385 0.608974 0.118590 0.605769 0.118590 0.600962 0.115385 0.600962 0.113782 0.597756 0.108974 0.597756 0.105769 0.597756 0.104167 0.599359 0.102564 0.602564 0.104167 0.605769 0.104167 0.608974 0.147436 0.677885
0 0.150641 0.679487 0.153846 0.677885 0.155449 0.677885 0.157051 0.674679 0.155449 0.671474 0.152244 0.669872 0.149038 0.669872 0.145833 0.671474 0.144231 0.676282 0.158654 0.668269 0.161859 0.668269 0.165064 0.666667 0.166667 0.666667 0.169872 0.663462 0.168269 0.660256 0.166667 0.657051 0.163462 0.655449 0.160256 0.655449 0.157051 0.657051
0 0.155449 0.658654 0.153846 0.661859 0.155449 0.663462 0.155449 0.666667 0.216346 0.663462 0.219551 0.663462 0.224359 0.663462 0.224359 0.661859 0.227564 0.658654 0.225962 0.655449 0.222756 0.653846 0.219551 0.653846 0.214744 0.655449 0.214744 0.660256 0.203526 0.682692 0.200321 0.684295 0.198718 0.685897 0.198718 0.687500 0.197115 0.689103
0 0.197115 0.690705 0.197115 0.693910 0.198718 0.693910 0.198718 0.695513 0.200321 0.695513 0.200321 0.697115 0.201923 0.697115 0.203526 0.698718 0.205128 0.698718 0.206731 0.698718 0.208333 0.698718 0.211538 0.697115 0.213141 0.695513 0.214744 0.690705 0.213141 0.687500 0.211538 0.684295 0.208333 0.682692 0.206731 0.682692 0.224359 0.697115
0 0.222756 0.698718 0.221154 0.700321 0.219551 0.700321 0.217949 0.701923 0.217949 0.703526 0.217949 0.705128 0.219551 0.706731 0.219551 0.708333 0.219551 0.709936 0.221154 0.709936 0.221154 0.711538 0.222756 0.711538 0.224359 0.711538 0.225962 0.711538 0.227564 0.711538 0.229167 0.711538 0.233974 0.709936 0.233974 0.708333 0.233974 0.705128
0 0.235577 0.700321 0.232372 0.700321 0.230769 0.697115 0.227564 0.695513 0.253205 0.701923 0.250000 0.703526 0.248397 0.705128 0.246795 0.706731 0.245192 0.708333 0.245192 0.709936 0.246795 0.713141 0.246795 0.714744 0.248397 0.714744 0.248397 0.716346 0.250000 0.716346 0.251603 0.716346 0.251603 0.717949 0.253205 0.717949 0.254808 0.717949 0.256410 0.717949 0.261218 0.716346 0.261218 0.714744 0.261218 0.711538 0.262821 0.706731 0.261218 0.703526 0.258013 0.701923 0.254808 0.701923 0.232372 0.692308
0 0.233974 0.692308 0.238782 0.692308 0.240385 0.690705 0.241987 0.687500 0.240385 0.684295 0.237179 0.682692 0.233974 0.682692 0.229167 0.685897 0.229167 0.689103 0.219551 0.684295 0.222756 0.684295 0.225962 0.684295 0.227564 0.682692 0.229167 0.679487 0.227564 0.676282
0 0.224359 0.674679 0.221154 0.674679 0.217949 0.676282 0.216346 0.681090 0.160256 0.708333 0.163462 0.709936 0.168269 0.708333 0.168269 0.706731 0.169872 0.705128 0.168269 0.701923 0.165064 0.698718 0.163462 0.700321 0.158654 0.701923
0 0.158654 0.705128 0.185897 0.733974 0.189103 0.735577 0.192308 0.733974 0.193910 0.733974 0.195513 0.730769 0.193910 0.727564 0.190705 0.725962 0.187500 0.725962 0.184295 0.727564 0.182692 0.730769 0.168269 0.730769 0.169872 0.730769
0 0.173077 0.732372 0.176282 0.729167 0.176282 0.727564 0.177885 0.722756 0.176282 0.719551 0.173077 0.717949 0.168269 0.717949 0.166667 0.719551 0.165064 0.721154 0.163462 0.724359 0.163462 0.727564 0.165064 0.729167 0.141026 0.697115
0 0.144231 0.698718 0.147436 0.697115 0.149038 0.697115 0.149038 0.693910 0.150641 0.689103 0.149038 0.685897 0.145833 0.684295 0.142628 0.684295 0.139423 0.685897 0.137821 0.687500 0.136218 0.690705 0.136218 0.693910 0.137821 0.695513 0.102564 0.719551 0.104167 0.719551 0.107372 0.721154 0.110577 0.717949 0.110577 0.716346 0.112179 0.711538
0 0.110577 0.708333 0.107372 0.706731 0.102564 0.706731 0.100962 0.708333 0.099359 0.709936 0.097756 0.713141 0.097756 0.716346 0.099359 0.717949 0.121795 0.729167 0.125000 0.727564 0.126603 0.727564 0.128205 0.725962 0.129808 0.721154 0.126603 0.716346 0.121795 0.716346
0 0.120192 0.716346 0.116987 0.717949 0.116987 0.721154 0.116987 0.724359 0.118590 0.727564 0.084936 0.762821 0.088141 0.762821 0.091346 0.761218 0.091346 0.759615 0.092949 0.754808
0 0.091346 0.751603 0.086538 0.750000 0.083333 0.751603 0.081731 0.753205 0.080128 0.756410 0.080128 0.759615 0.081731 0.761218 0.060897 0.698718 0.064103 0.698718 0.067308 0.698718
0 0.070513 0.697115 0.072115 0.693910 0.070513 0.690705 0.068910 0.689103 0.067308 0.685897 0.062500 0.685897 0.059295 0.687500 0.057692 0.689103 0.056090 0.692308 0.057692 0.695513 0.057692 0.697115 0.080128 0.717949 0.081731 0.719551 0.086538 0.717949 0.088141 0.717949 0.088141 0.714744 0.089744 0.709936 0.088141 0.706731 0.084936 0.705128
0 0.081731 0.705128 0.078526 0.706731 0.076923 0.708333 0.075321 0.711538 0.075321 0.714744 0.076923 0.716346 0.049679 0.669872 0.048077 0.669872 0.046474 0.671474 0.044872 0.673077 0.044872 0.674679 0.044872 0.676282 0.044872 0.677885
0 0.046474 0.679487 0.046474 0.681090 0.048077 0.681090 0.048077 0.682692 0.049679 0.682692 0.051282 0.682692 0.052885 0.682692 0.054487 0.682692 0.056090 0.682692 0.059295 0.681090 0.060897 0.679487 0.062500 0.674679 0.060897 0.673077 0.059295 0.669872 0.056090 0.668269
0 0.052885 0.666667 0.062500 0.597756 0.065705 0.599359 0.068910 0.599359 0.070513 0.597756 0.072115 0.594551 0.070513 0.592949 0.068910 0.589744 0.065705 0.589744 0.060897 0.591346
0 0.060897 0.594551 0.041667 0.613782 0.038462 0.615385 0.036859 0.616987 0.035256 0.618590 0.033654 0.620192 0.035256 0.621795 0.033654 0.621795 0.035256 0.625000 0.035256 0.626603
0 0.036859 0.626603 0.036859 0.628205 0.038462 0.628205 0.038462 0.629808 0.040064 0.629808 0.041667 0.629808 0.043269 0.629808 0.044872 0.629808 0.046474 0.629808 0.049679 0.628205 0.051282 0.626603 0.052885 0.621795 0.051282 0.620192 0.049679 0.616987 0.046474 0.615385 0.043269 0.613782 0.068910 0.653846 0.065705 0.655449 0.064103 0.657051
0 0.062500 0.660256 0.062500 0.661859 0.062500 0.663462 0.064103 0.665064 0.064103 0.666667 0.065705 0.666667 0.065705 0.668269 0.067308 0.668269 0.068910 0.668269 0.070513 0.668269
0 0.072115 0.668269 0.073718 0.668269 0.078526 0.666667 0.078526 0.665064 0.080128 0.661859 0.080128 0.657051 0.076923 0.655449 0.073718 0.653846 0.072115 0.653846 0.075321 0.647436
0 0.076923 0.649038 0.080128 0.649038 0.083333 0.645833 0.083333 0.644231 0.084936 0.639423 0.083333 0.636218 0.080128 0.634615 0.075321 0.634615 0.073718 0.636218 0.070513 0.637821 0.070513 0.641026 0.070513 0.644231 0.072115 0.645833
0 0.070513 0.584936 0.072115 0.586538 0.075321 0.586538 0.078526 0.583333 0.078526 0.581731 0.080128 0.576923 0.078526 0.573718 0.075321 0.572115 0.072115 0.572115 0.068910 0.573718 0.067308 0.575321 0.065705 0.578526 0.065705 0.581731 0.067308 0.583333 0.041667 0.540064 0.044872 0.540064 0.048077 0.538462 0.049679 0.538462 0.049679 0.536859
0 0.051282 0.532051 0.049679 0.528846 0.046474 0.527244 0.043269 0.527244 0.040064 0.528846 0.038462 0.528846 0.036859 0.532051 0.036859 0.535256 0.038462 0.538462 0.097756 0.552885 0.100962 0.551282 0.104167 0.549679 0.107372 0.548077
0 0.107372 0.546474 0.108974 0.541667 0.105769 0.540064 0.104167 0.536859 0.099359 0.538462 0.097756 0.538462 0.094551 0.540064 0.092949 0.543269 0.094551 0.546474 0.096154 0.549679 0.060897 0.538462 0.064103 0.540064 0.067308 0.540064
0 0.070513 0.536859 0.072115 0.535256 0.070513 0.532051 0.067308 0.530449 0.064103 0.530449 0.059295 0.532051 0.059295 0.535256 0.072115 0.551282 0.075321 0.551282 0.080128 0.551282 0.080128 0.549679 0.083333 0.546474 0.081731 0.543269
0 0.078526 0.541667 0.075321 0.541667 0.070513 0.543269 0.070513 0.548077 0.032051 0.556090 0.033654 0.556090 0.036859 0.556090 0.038462 0.554487 0.041667 0.551282 0.041667 0.548077 0.040064 0.544872 0.036859 0.543269 0.032051 0.543269 0.030449 0.543269 0.027244 0.544872
0 0.027244 0.548077 0.027244 0.551282 0.028846 0.554487 0.036859 0.560897 0.035256 0.560897 0.033654 0.562500 0.032051 0.562500 0.032051 0.564103 0.032051 0.565705 0.032051 0.567308 0.032051 0.568910 0.033654 0.570513 0.033654 0.572115 0.035256 0.572115 0.035256 0.573718
0 0.036859 0.573718 0.038462 0.573718 0.040064 0.573718 0.041667 0.573718 0.043269 0.573718 0.046474 0.572115 0.048077 0.570513 0.049679 0.565705 0.048077 0.564103 0.046474 0.560897 0.043269 0.559295 0.040064 0.557692 0.185897 0.589744 0.184295 0.591346 0.182692 0.592949 0.181090 0.594551 0.179487 0.596154 0.179487 0.597756 0.181090 0.600962
0 0.181090 0.602564 0.182692 0.602564 0.182692 0.604167 0.184295 0.604167 0.185897 0.604167 0.184295 0.607372 0.187500 0.604167 0.187500 0.605769 0.189103 0.605769 0.190705 0.605769 0.193910 0.604167 0.195513 0.602564 0.195513 0.599359 0.197115 0.594551 0.193910 0.592949 0.192308 0.589744 0.189103 0.589744 0.200321 0.573718 0.198718 0.575321
0 0.197115 0.576923 0.195513 0.578526 0.193910 0.580128 0.193910 0.581731 0.193910 0.584936 0.195513 0.584936 0.195513 0.586538 0.197115 0.586538 0.197115 0.588141 0.198718 0.588141 0.200321 0.588141 0.200321 0.589744 0.201923 0.589744 0.203526 0.589744 0.205128 0.589744
0 0.209936 0.588141 0.209936 0.586538 0.209936 0.583333 0.211538 0.578526 0.208333 0.576923 0.206731 0.573718 0.203526 0.573718 0.084936 0.565705 0.088141 0.567308 0.086538 0.567308
0 0.084936 0.567308 0.086538 0.570513 0.086538 0.572115 0.091346 0.573718 0.092949 0.573718 0.094551 0.573718 0.096154 0.573718 0.097756 0.573718 0.099359 0.573718 0.100962 0.573718
0 0.104167 0.572115 0.104167 0.573718 0.105769 0.573718 0.105769 0.572115 0.107372 0.572115 0.107372 0.570513 0.112179 0.568910 0.107372 0.568910 0.110577 0.565705 0.110577 0.564103
0 0.110577 0.562500 0.105769 0.562500 0.107372 0.559295 0.104167 0.557692 0.102564 0.557692 0.100962 0.557692 0.099359 0.557692 0.097756 0.557692 0.096154 0.557692 0.094551 0.557692 0.092949 0.557692 0.092949 0.559295 0.091346 0.559295 0.089744 0.559295 0.089744 0.560897
0 0.088141 0.560897 0.088141 0.562500 0.086538 0.562500 0.073718 0.512821 0.075321 0.514423 0.080128 0.512821 0.081731 0.512821 0.081731 0.509615 0.083333 0.504808 0.081731 0.501603 0.078526 0.500000 0.075321 0.500000 0.072115 0.503205 0.070513 0.503205 0.068910 0.506410 0.068910 0.509615
0 0.070513 0.511218 0.064103 0.498397 0.067308 0.500000 0.070513 0.500000 0.072115 0.498397 0.073718 0.495192 0.072115 0.491987 0.068910 0.490385 0.067308 0.490385 0.062500 0.491987 0.062500 0.495192 0.065705 0.479167 0.067308 0.480769 0.072115 0.479167 0.072115 0.477564 0.075321 0.475962 0.073718 0.472756 0.070513 0.469551 0.067308 0.471154
0 0.062500 0.472756 0.062500 0.475962 0.038462 0.403846 0.040064 0.405449 0.044872 0.403846 0.046474 0.403846 0.048077 0.400641 0.046474 0.397436 0.043269 0.395833 0.040064 0.395833 0.035256 0.397436 0.035256 0.400641 0.019231 0.403846
0 0.022436 0.405449 0.025641 0.405449 0.028846 0.402244 0.030449 0.400641 0.028846 0.397436 0.025641 0.395833 0.022436 0.395833 0.017628 0.397436 0.017628 0.400641 0.269231 0.435897 0.272436 0.437500 0.274038 0.437500 0.275641 0.435897 0.278846 0.432692 0.275641 0.431090 0.274038 0.427885 0.270833 0.427885 0.267628 0.431090 0.267628 0.432692
0 0.251603 0.434295 0.248397 0.431090 0.245192 0.431090 0.241987 0.431090 0.238782 0.434295 0.238782 0.435897 0.238782 0.439103 0.240385 0.440705 0.241987 0.443910 0.246795 0.443910 0.250000 0.443910 0.251603 0.440705 0.253205 0.437500 0.328526 0.410256
0 0.331731 0.410256 0.333333 0.410256 0.334936 0.408654 0.336538 0.405449 0.334936 0.402244 0.333333 0.402244 0.330128 0.402244 0.326923 0.403846 0.326923 0.407051 0.293269 0.451923 0.291667 0.448718 0.286859 0.447115 0.283654 0.448718
0 0.280449 0.450321 0.280449 0.451923 0.280449 0.455128 0.282051 0.458333 0.283654 0.459936 0.288462 0.459936 0.291667 0.459936 0.293269 0.456731 0.294872 0.453526 0.261218 0.455128 0.258013 0.453526 0.253205 0.451923 0.250000 0.453526
0 0.248397 0.455128 0.246795 0.458333 0.246795 0.459936 0.248397 0.463141 0.251603 0.464744 0.256410 0.464744 0.258013 0.464744 0.259615 0.463141 0.262821 0.459936 0.250000 0.469551 0.246795 0.466346 0.241987 0.466346 0.238782 0.466346
0 0.235577 0.469551 0.235577 0.471154 0.235577 0.474359 0.237179 0.475962 0.238782 0.479167 0.245192 0.479167 0.246795 0.479167 0.248397 0.475962 0.250000 0.472756 0.219551 0.471154 0.216346 0.467949 0.211538 0.467949 0.208333 0.467949
0 0.205128 0.471154 0.205128 0.472756 0.205128 0.475962 0.206731 0.477564 0.208333 0.479167 0.214744 0.480769 0.216346 0.480769 0.217949 0.477564 0.219551 0.474359 0.190705 0.464744 0.187500 0.463141 0.182692 0.461538 0.179487 0.463141 0.176282 0.464744 0.176282 0.467949 0.176282 0.471154
0 0.177885 0.472756 0.179487 0.474359 0.185897 0.474359 0.187500 0.474359 0.189103 0.472756 0.190705 0.469551 0.221154 0.435897 0.219551 0.437500 0.217949 0.439103 0.216346 0.440705 0.214744 0.442308 0.214744 0.443910 0.216346 0.447115 0.216346 0.448718 0.217949 0.448718 0.217949 0.450321
0 0.217949 0.453526 0.219551 0.450321 0.221154 0.451923 0.222756 0.451923 0.224359 0.451923 0.225962 0.451923 0.230769 0.450321 0.230769 0.448718 0.230769 0.445513 0.232372 0.440705 0.229167 0.440705 0.227564 0.437500 0.224359 0.435897 0.195513 0.429487 0.192308 0.431090 0.190705 0.432692 0.189103 0.434295 0.189103 0.435897 0.189103 0.437500 0.189103 0.439103
0 0.190705 0.440705 0.190705 0.442308 0.192308 0.442308 0.192308 0.443910 0.193910 0.443910 0.195513 0.443910 0.197115 0.443910 0.198718 0.443910 0.200321 0.443910 0.205128 0.442308 0.205128 0.440705 0.205128 0.437500 0.206731 0.432692 0.203526 0.432692
0 0.201923 0.429487 0.198718 0.427885 0.254808 0.416667 0.251603 0.415064 0.246795 0.413462 0.245192 0.415064 0.241987 0.416667 0.241987 0.419872 0.241987 0.421474 0.243590 0.424679 0.245192 0.426282 0.250000 0.426282 0.253205 0.426282 0.253205 0.424679 0.256410 0.421474 0.286859 0.415064
0 0.285256 0.411859 0.280449 0.411859 0.277244 0.411859 0.274038 0.415064 0.274038 0.416667 0.274038 0.419872 0.275641 0.421474 0.277244 0.424679 0.282051 0.424679 0.285256 0.424679 0.286859 0.421474 0.288462 0.418269 0.258013 0.384615 0.254808 0.386218
0 0.254808 0.387821 0.253205 0.387821 0.251603 0.391026 0.251603 0.392628 0.251603 0.395833 0.253205 0.395833 0.253205 0.397436 0.254808 0.397436 0.254808 0.399038 0.256410 0.399038 0.258013 0.399038 0.259615 0.400641 0.261218 0.400641 0.262821 0.400641 0.266026 0.399038 0.267628 0.397436 0.267628 0.394231 0.269231 0.389423 0.266026 0.387821 0.264423 0.384615 0.261218 0.384615 0.274038 0.360577 0.270833 0.362179
0 0.269231 0.363782 0.269231 0.365385 0.267628 0.366987 0.267628 0.368590 0.267628 0.371795 0.269231 0.371795 0.269231 0.373397 0.270833 0.375000 0.272436 0.375000 0.272436 0.376603 0.274038 0.376603 0.275641 0.376603 0.277244 0.376603 0.278846 0.376603
0 0.283654 0.375000 0.283654 0.373397 0.283654 0.370192 0.285256 0.365385 0.282051 0.365385 0.280449 0.362179 0.277244 0.360577 0.221154 0.365385 0.217949 0.368590 0.216346 0.368590 0.214744 0.370192 0.213141 0.371795 0.213141 0.373397 0.214744 0.376603 0.214744 0.378205 0.216346 0.378205
0 0.216346 0.379808 0.217949 0.379808 0.217949 0.381410 0.219551 0.381410 0.221154 0.381410 0.222756 0.381410 0.224359 0.381410 0.229167 0.379808 0.229167 0.378205 0.229167 0.375000 0.230769 0.371795 0.229167 0.368590 0.225962 0.366987 0.222756 0.365385
0 0.227564 0.392628 0.224359 0.394231 0.222756 0.395833 0.222756 0.397436 0.221154 0.399038 0.221154 0.400641 0.221154 0.403846 0.222756 0.403846 0.222756 0.405449 0.224359 0.405449 0.224359 0.407051 0.225962 0.407051 0.225962 0.410256 0.227564 0.407051
0 0.229167 0.408654 0.230769 0.408654 0.232372 0.408654 0.235577 0.407051 0.237179 0.405449 0.238782 0.400641 0.237179 0.397436 0.235577 0.394231 0.232372 0.392628 0.230769 0.392628
0 0.299679 0.407051 0.298077 0.410256 0.298077 0.415064 0.302885 0.419872 0.306090 0.421474 0.310897 0.423077 0.315705 0.421474 0.317308 0.421474 0.318910 0.419872 0.320513 0.418269 0.320513 0.416667 0.320513 0.413462 0.322115 0.408654 0.320513 0.403846
0 0.315705 0.402244 0.312500 0.400641 0.307692 0.400641 0.304487 0.402244 0.301282 0.403846 0.168269 0.434295 0.166667 0.434295 0.165064 0.434295 0.163462 0.434295 0.158654 0.435897 0.157051 0.437500 0.155449 0.439103 0.155449 0.440705 0.155449 0.442308 0.155449 0.443910 0.155449 0.445513
0 0.155449 0.447115 0.155449 0.450321 0.158654 0.450321 0.161859 0.451923 0.165064 0.451923 0.168269 0.453526 0.169872 0.450321 0.171474 0.450321 0.173077 0.447115 0.173077 0.445513 0.174679 0.443910 0.171474 0.442308 0.174679 0.440705 0.173077 0.437500 0.129808 0.416667 0.126603 0.415064
0 0.123397 0.413462 0.120192 0.415064 0.116987 0.416667 0.116987 0.419872 0.116987 0.421474 0.118590 0.424679 0.120192 0.426282 0.125000 0.426282 0.128205 0.426282 0.128205 0.424679 0.131410 0.421474 0.147436 0.387821 0.144231 0.384615 0.139423 0.383013
0 0.136218 0.384615 0.133013 0.387821 0.133013 0.389423 0.133013 0.392628 0.134615 0.394231 0.136218 0.395833 0.142628 0.395833 0.145833 0.394231 0.147436 0.391026 0.179487 0.347756 0.177885 0.349359 0.176282 0.350962 0.174679 0.352564 0.173077 0.354167
0 0.173077 0.355769 0.174679 0.358974 0.174679 0.360577 0.176282 0.360577 0.176282 0.362179 0.176282 0.365385 0.177885 0.362179 0.179487 0.363782 0.181090 0.363782 0.182692 0.363782 0.184295 0.363782 0.189103 0.362179 0.189103 0.360577 0.189103 0.357372
0 0.190705 0.354167 0.189103 0.350962 0.185897 0.349359 0.182692 0.347756 0.338141 0.384615 0.336538 0.381410 0.331731 0.379808 0.328526 0.381410 0.325321 0.383013 0.325321 0.386218 0.325321 0.387821 0.326923 0.391026 0.328526 0.392628 0.333333 0.392628 0.336538 0.392628 0.336538 0.391026
0 0.339744 0.387821 0.320513 0.362179 0.318910 0.362179 0.318910 0.365385 0.318910 0.370192 0.322115 0.375000 0.326923 0.376603 0.330128 0.376603 0.334936 0.376603 0.336538 0.376603 0.338141 0.375000 0.339744 0.373397 0.341346 0.370192 0.341346 0.368590
0 0.342949 0.363782 0.339744 0.358974 0.336538 0.355769 0.331731 0.355769 0.328526 0.355769 0.323718 0.357372 0.322115 0.358974 0.350962 0.403846 0.349359 0.408654 0.349359 0.411859 0.354167 0.418269 0.357372 0.418269 0.360577 0.419872 0.365385 0.418269
0 0.368590 0.418269 0.368590 0.416667 0.370192 0.415064 0.371795 0.413462 0.371795 0.410256 0.373397 0.405449 0.371795 0.400641 0.366987 0.399038 0.363782 0.397436 0.358974 0.397436 0.355769 0.399038 0.352564 0.400641 0.344551 0.421474 0.346154 0.423077
0 0.347756 0.423077 0.349359 0.421474 0.352564 0.418269 0.350962 0.415064 0.347756 0.413462 0.344551 0.413462 0.341346 0.416667 0.341346 0.418269 0.371795 0.387821 0.375000 0.387821 0.376603 0.389423 0.378205 0.387821 0.379808 0.384615 0.378205 0.381410
0 0.375000 0.379808 0.371795 0.381410 0.370192 0.383013 0.370192 0.384615 0.354167 0.339744 0.350962 0.341346 0.349359 0.342949 0.347756 0.344551 0.346154 0.346154 0.347756 0.347756
0 0.346154 0.347756 0.347756 0.350962 0.347756 0.352564 0.349359 0.352564 0.349359 0.354167 0.350962 0.354167 0.352564 0.354167 0.354167 0.355769 0.355769 0.355769 0.357372 0.355769 0.358974 0.355769 0.362179 0.352564 0.363782 0.352564 0.365385 0.347756
0 0.363782 0.344551 0.362179 0.341346 0.358974 0.339744 0.355769 0.339744 0.370192 0.312500 0.366987 0.315705 0.365385 0.315705 0.363782 0.317308 0.362179 0.318910 0.362179 0.320513 0.363782 0.323718 0.363782 0.325321 0.365385 0.325321 0.365385 0.326923
0 0.366987 0.326923 0.366987 0.328526 0.368590 0.328526 0.370192 0.328526 0.371795 0.328526 0.373397 0.328526 0.378205 0.326923 0.378205 0.325321 0.378205 0.322115 0.379808 0.318910 0.378205 0.315705 0.375000 0.314103 0.371795 0.312500 0.323718 0.314103
0 0.320513 0.315705 0.318910 0.317308 0.318910 0.318910 0.317308 0.320513 0.317308 0.322115 0.317308 0.325321 0.318910 0.325321 0.318910 0.326923 0.320513 0.326923 0.320513 0.328526 0.322115 0.328526 0.322115 0.331731 0.323718 0.328526 0.325321 0.330128
0 0.326923 0.330128 0.328526 0.330128 0.331731 0.328526 0.333333 0.326923 0.333333 0.323718 0.334936 0.318910 0.331731 0.315705 0.328526 0.314103 0.326923 0.314103 0.266026 0.346154 0.267628 0.346154 0.269231 0.346154 0.272436 0.342949
0 0.274038 0.341346 0.272436 0.338141 0.270833 0.334936 0.269231 0.334936 0.264423 0.334936 0.262821 0.336538 0.261218 0.338141 0.261218 0.341346 0.262821 0.344551 0.256410 0.294872 0.253205 0.296474 0.251603 0.298077 0.250000 0.299679
0 0.250000 0.301282 0.250000 0.302885 0.250000 0.304487 0.250000 0.306090 0.251603 0.306090 0.251603 0.307692 0.253205 0.307692 0.253205 0.309295 0.254808 0.309295 0.256410 0.309295 0.258013 0.309295 0.259615 0.309295 0.261218 0.309295 0.264423 0.307692
0 0.266026 0.306090 0.267628 0.302885 0.266026 0.299679 0.264423 0.296474 0.261218 0.294872 0.259615 0.294872 0.394231 0.318910 0.395833 0.318910 0.399038 0.318910 0.400641 0.317308
0 0.402244 0.315705 0.403846 0.310897 0.402244 0.307692 0.399038 0.306090 0.394231 0.306090 0.392628 0.307692 0.389423 0.309295 0.389423 0.312500 0.389423 0.314103 0.391026 0.317308 0.427885 0.310897 0.429487 0.310897 0.432692 0.312500 0.435897 0.309295
0 0.435897 0.307692 0.437500 0.302885 0.435897 0.299679 0.432692 0.298077 0.427885 0.298077 0.426282 0.299679 0.424679 0.301282 0.423077 0.304487 0.423077 0.307692 0.424679 0.309295 0.415064 0.320513 0.416667 0.320513 0.419872 0.320513 0.421474 0.318910
0 0.421474 0.317308 0.423077 0.314103 0.421474 0.310897 0.418269 0.309295 0.415064 0.309295 0.411859 0.310897 0.410256 0.314103 0.410256 0.317308 0.411859 0.318910 0.389423 0.251603 0.392628 0.253205 0.394231 0.253205 0.395833 0.251603 0.395833 0.248397 0.397436 0.245192 0.395833 0.241987
0 0.392628 0.240385 0.389423 0.241987 0.386218 0.241987 0.384615 0.245192 0.386218 0.248397 0.386218 0.250000 0.533654 0.307692 0.535256 0.307692 0.536859 0.309295 0.538462 0.307692 0.540064 0.304487 0.538462 0.302885 0.536859 0.299679 0.533654 0.301282 0.532051 0.302885 0.532051 0.304487 0.528846 0.322115 0.530449 0.322115 0.532051 0.323718 0.533654 0.322115 0.535256 0.318910 0.533654 0.317308 0.532051 0.314103 0.528846 0.315705 0.527244 0.317308 0.527244 0.318910 0.543269 0.322115 0.544872 0.322115 0.546474 0.323718 0.548077 0.322115 0.549679 0.318910 0.548077 0.317308 0.546474 0.314103 0.543269 0.315705 0.541667 0.317308 0.541667 0.318910 0.548077 0.299679 0.546474 0.296474 0.546474 0.301282 0.546474 0.306090 0.549679 0.310897 0.554487 0.312500 0.557692 0.312500 0.562500 0.312500 0.564103 0.312500 0.567308 0.309295 0.568910 0.306090 0.568910 0.304487 0.570513 0.299679 0.567308 0.294872 0.564103 0.291667 0.559295 0.290064 0.554487 0.290064 0.551282 0.293269 0.549679 0.294872 0.564103 0.331731 0.564103 0.333333 0.562500 0.333333 0.560897 0.334936 0.559295 0.336538 0.559295 0.338141 0.560897 0.341346 0.562500 0.341346 0.562500 0.342949 0.564103 0.342949 0.565705 0.342949 0.564103 0.346154 0.567308 0.342949 0.567308 0.344551 0.568910 0.344551 0.572115 0.341346 0.575321 0.338141 0.573718 0.333333 0.572115 0.334936 0.570513 0.331731 0.568910 0.331731 0.567308 0.331731 0.706731 0.326923
0 0.705128 0.326923 0.705128 0.328526 0.703526 0.328526 0.701923 0.330128 0.701923 0.331731 0.703526 0.334936 0.703526 0.336538 0.706731 0.336538 0.706731 0.338141 0.708333 0.338141 0.708333 0.339744 0.709936 0.339744 0.711538 0.336538 0.713141 0.336538 0.714744 0.336538 0.714744 0.333333 0.716346 0.328526 0.714744 0.328526 0.713141 0.328526 0.711538 0.325321 0.708333 0.328526 0.709936 0.325321 0.277244 0.500000 0.280449 0.501603 0.282051 0.503205 0.285256 0.503205 0.286859 0.498397 0.285256 0.495192 0.282051 0.495192 0.278846 0.495192 0.283654 0.483974 0.286859 0.485577 0.290064 0.485577 0.291667 0.485577 0.293269 0.482372 0.291667 0.479167 0.288462 0.477564 0.285256 0.479167 0.339744 0.508013 0.342949 0.508013 0.346154 0.509615 0.349359 0.508013 0.349359 0.506410 0.347756 0.504808 0.346154 0.501603 0.341346 0.503205 0.347756 0.501603 0.347756 0.503205 0.350962 0.504808 0.352564 0.503205 0.355769 0.501603 0.354167 0.500000 0.352564 0.496795 0.349359 0.498397 0.067308 0.740385 0.070513 0.741987 0.073718 0.741987 0.075321 0.740385 0.076923 0.737179 0.075321 0.735577 0.073718 0.732372 0.070513 0.732372 0.065705 0.733974 0.065705 0.737179 0.086538 0.693910 0.089744 0.693910 0.094551 0.693910 0.094551 0.692308 0.096154 0.689103 0.094551 0.685897 0.091346 0.684295 0.089744 0.684295 0.084936 0.687500 0.084936 0.690705 0.041667 0.655449 0.044872 0.657051 0.048077 0.657051 0.049679 0.655449
0 0.051282 0.652244 0.049679 0.649038 0.046474 0.647436 0.044872 0.647436 0.040064 0.649038 0.040064 0.652244 0.019231 0.600962 0.022436 0.602564 0.025641 0.602564 0.027244 0.600962 0.028846 0.597756 0.027244 0.596154 0.025641 0.592949 0.022436 0.592949 0.017628 0.594551 0.017628 0.597756 0.000000 0.506410 0.003205 0.508013 0.006410 0.506410 0.008013 0.506410 0.009615 0.503205 0.008013 0.500000 0.004808 0.498397 0.001603 0.498397 0.991987 0.572115 0.995192 0.573718 0.998397 0.564103 0.995192 0.564103 0.990385 0.565705 0.990385 0.568910 0.823718 0.475962 0.820513 0.477564 0.818910 0.479167 0.817308 0.482372 0.817308 0.483974 0.817308 0.487179 0.818910 0.487179 0.818910 0.488782 0.820513 0.488782 0.820513 0.490385 0.822115 0.490385 0.823718 0.490385 0.825321 0.490385 0.825321 0.493590 0.828526 0.490385 0.826923 0.493590 0.830128 0.490385 0.830128 0.491987 0.831731 0.490385 0.833333 0.490385 0.833333 0.488782 0.834936 0.488782 0.834936 0.487179 0.834936 0.485577 0.839744 0.485577 0.834936 0.483974 0.838141 0.483974 0.838141 0.482372 0.836538 0.479167 0.834936 0.480769 0.833333 0.479167 0.831731 0.475962 0.830128 0.475962 0.826923 0.475962 0.860577 0.477564 0.857372 0.477564 0.855769 0.479167 0.854167 0.480769 0.854167 0.482372 0.854167 0.483974 0.854167 0.485577 0.855769 0.487179 0.855769 0.488782 0.857372 0.488782 0.857372 0.490385 0.858974 0.490385 0.860577 0.490385 0.862179 0.490385
0 0.863782 0.490385 0.865385 0.490385 0.866987 0.491987 0.868590 0.488782 0.868590 0.490385 0.870192 0.490385 0.871795 0.487179 0.871795 0.488782 0.876603 0.487179 0.871795 0.485577 0.873397 0.485577 0.876603 0.483974 0.876603 0.482372
0 0.871795 0.482372 0.873397 0.480769 0.871795 0.479167 0.870192 0.475962 0.868590 0.477564 0.866987 0.474359 0.863782 0.474359 0.841346 0.487179 0.838141 0.488782 0.836538 0.490385 0.834936 0.490385 0.833333 0.493590 0.834936 0.495192 0.833333 0.495192
0 0.834936 0.498397 0.836538 0.500000 0.838141 0.501603 0.839744 0.501603 0.841346 0.501603 0.839744 0.504808 0.842949 0.501603 0.841346 0.504808 0.844551 0.501603 0.844551 0.504808 0.846154 0.503205 0.847756 0.503205 0.849359 0.500000 0.849359 0.501603
0 0.850962 0.501603 0.850962 0.500000 0.852564 0.498397 0.852564 0.496795 0.852564 0.495192 0.854167 0.493590 0.852564 0.491987 0.850962 0.490385 0.849359 0.487179 0.846154 0.487179 0.844551 0.487179 0.855769 0.509615 0.850962 0.511218 0.849359 0.512821
0 0.849359 0.514423 0.847756 0.516026 0.847756 0.517628 0.847756 0.520833 0.849359 0.520833 0.849359 0.522436 0.850962 0.522436 0.850962 0.524038 0.852564 0.524038 0.850962 0.527244 0.854167 0.524038 0.854167 0.525641 0.855769 0.525641
0 0.857372 0.525641 0.858974 0.525641 0.860577 0.527244 0.860577 0.525641 0.862179 0.525641 0.863782 0.522436 0.863782 0.524038 0.865385 0.522436 0.866987 0.520833 0.866987 0.519231 0.868590 0.517628 0.868590 0.516026 0.866987 0.512821 0.865385 0.514423
0 0.863782 0.512821 0.862179 0.509615 0.860577 0.509615 0.857372 0.509615 0.975962 0.514423 0.979167 0.516026 0.982372 0.514423 0.983974 0.514423 0.985577 0.511218 0.983974 0.508013 0.982372 0.504808 0.979167 0.504808 0.975962 0.506410 0.974359 0.508013
0 0.972756 0.512821 0.996795 0.535256 0.995192 0.536859 0.993590 0.536859 0.991987 0.538462 0.991987 0.540064 0.993590 0.543269 0.993590 0.544872 0.995192 0.544872 0.995192 0.546474
0 0.996795 0.546474 0.996795 0.548077 0.998397 0.548077 0.926282 0.483974 0.929487 0.483974 0.934295 0.483974 0.934295 0.482372 0.935897 0.479167 0.934295 0.475962 0.931090 0.474359
0 0.929487 0.474359 0.924679 0.475962 0.924679 0.480769 0.902244 0.493590 0.903846 0.495192 0.908654 0.493590 0.908654 0.491987 0.911859 0.488782 0.910256 0.487179 0.908654 0.483974 0.905449 0.483974 0.902244 0.483974 0.899038 0.487179 0.899038 0.490385
0 0.868590 0.588141 0.871795 0.588141 0.875000 0.586538 0.876603 0.586538 0.879808 0.583333 0.878205 0.580128 0.876603 0.578526 0.875000 0.575321 0.870192 0.575321 0.866987 0.575321 0.865385 0.576923 0.863782 0.580128 0.865385 0.583333 0.865385 0.586538 0.881410 0.562500 0.883013 0.564103
0 0.886218 0.564103 0.889423 0.560897 0.889423 0.559295 0.891026 0.554487 0.889423 0.551282 0.886218 0.549679 0.881410 0.549679 0.879808 0.551282 0.878205 0.552885 0.876603 0.556090 0.876603 0.559295 0.878205 0.560897 0.903846 0.564103 0.905449 0.565705 0.908654 0.565705 0.911859 0.562500
0 0.911859 0.560897 0.913462 0.556090 0.911859 0.552885 0.908654 0.551282 0.903846 0.551282 0.902244 0.552885 0.899038 0.554487 0.899038 0.557692 0.899038 0.560897 0.900641 0.562500 0.891026 0.594551 0.894231 0.594551 0.897436 0.592949 0.900641 0.591346 0.902244 0.588141 0.900641 0.584936
0 0.899038 0.583333 0.897436 0.580128 0.892628 0.581731 0.889423 0.581731 0.887821 0.583333 0.886218 0.586538 0.887821 0.589744 0.887821 0.592949 0.868590 0.543269 0.871795 0.543269 0.876603 0.543269 0.876603 0.541667 0.878205 0.538462 0.876603 0.536859
0 0.875000 0.533654 0.871795 0.533654 0.866987 0.536859 0.866987 0.540064 0.948718 0.538462 0.950321 0.540064 0.953526 0.540064 0.955128 0.538462 0.958333 0.535256 0.956731 0.532051
0 0.953526 0.530449 0.950321 0.530449 0.945513 0.532051 0.945513 0.535256 0.926282 0.535256 0.929487 0.535256 0.932692 0.535256 0.934295 0.533654 0.937500 0.530449 0.935897 0.527244
0 0.934295 0.525641 0.932692 0.522436 0.927885 0.522436 0.924679 0.524038 0.923077 0.525641 0.921474 0.528846 0.923077 0.532051 0.923077 0.533654 0.905449 0.535256 0.908654 0.535256
0 0.911859 0.533654 0.913462 0.533654 0.915064 0.530449 0.915064 0.527244 0.913462 0.524038 0.910256 0.522436 0.907051 0.522436 0.903846 0.522436 0.902244 0.524038 0.900641 0.527244 0.900641 0.530449 0.902244 0.533654 0.876603 0.528846 0.878205 0.528846
0 0.881410 0.530449 0.884615 0.527244 0.884615 0.525641 0.886218 0.520833 0.884615 0.517628 0.881410 0.516026 0.878205 0.516026 0.875000 0.517628 0.873397 0.519231 0.871795 0.522436
0 0.871795 0.525641 0.873397 0.527244 0.706731 0.591346 0.705128 0.591346 0.703526 0.592949 0.701923 0.592949 0.700321 0.596154 0.700321 0.597756 0.701923 0.599359 0.701923 0.600962
0 0.703526 0.600962 0.703526 0.602564 0.705128 0.602564 0.705128 0.604167 0.706731 0.604167 0.708333 0.604167 0.709936 0.604167 0.711538 0.604167 0.713141 0.605769 0.714744 0.605769 0.716346 0.602564 0.716346 0.604167 0.717949 0.602564 0.719551 0.600962
0 0.719551 0.599359 0.719551 0.597756 0.721154 0.596154 0.719551 0.592949 0.717949 0.589744 0.716346 0.589744 0.713141 0.588141 0.709936 0.588141
