0 0.168269 0.506410 0.169872 0.506410 0.171474 0.506410 0.173077 0.506410 0.174679 0.508013 0.176282 0.508013 0.181090 0.511218 0.182692 0.511218 0.184295 0.512821 0.184295 0.514423 0.185897 0.514423 0.185897 0.516026 0.185897 0.517628 0.187500 0.519231 0.187500 0.520833 0.185897 0.524038 0.182692 0.525641 0.181090 0.527244 0.179487 0.527244 0.177885 0.527244 0.174679 0.527244 0.168269 0.525641 0.168269 0.524038 0.163462 0.524038 0.165064 0.522436 0.161859 0.520833 0.161859 0.519231 0.161859 0.517628 0.163462 0.514423 0.163462 0.511218 0.165064 0.511218 0.166667 0.508013 0.483974 0.431090 0.479167 0.431090 0.480769 0.432692 0.479167 0.432692 0.479167 0.434295 0.477564 0.434295 0.477564 0.435897 0.475962 0.435897 0.474359 0.435897 0.472756 0.435897 0.471154 0.435897 0.469551 0.435897 0.467949 0.435897 0.461538 0.432692 0.459936 0.432692 0.459936 0.431090 0.458333 0.431090 0.458333 0.429487 0.453526 0.429487 0.453526 0.427885 0.453526 0.426282 0.455128 0.423077 0.456731 0.418269 0.461538 0.418269 0.463141 0.415064 0.463141 0.418269 0.464744 0.415064 0.466346 0.416667 0.469551 0.416667 0.474359 0.418269 0.474359 0.419872 0.475962 0.419872 0.475962 0.421474 0.477564 0.421474 0.477564 0.423077
0 0.479167 0.423077 0.480769 0.426282 0.480769 0.427885 0.173077 0.325321 0.168269 0.325321 0.171474 0.325321 0.171474 0.326923 0.171474 0.328526 0.169872 0.328526 0.169872 0.331731 0.168269 0.331731 0.166667 0.333333 0.165064 0.334936 0.163462 0.334936 0.161859 0.334936 0.158654 0.334936 0.155449 0.333333 0.153846 0.333333 0.153846 0.331731 0.152244 0.331731 0.152244 0.330128 0.147436 0.330128 0.147436 0.328526 0.147436 0.326923 0.147436 0.325321 0.147436 0.322115 0.147436 0.320513 0.149038 0.320513 0.149038 0.318910 0.150641 0.318910 0.152244 0.315705 0.153846 0.315705 0.155449 0.315705 0.157051 0.315705 0.158654 0.315705 0.160256 0.315705 0.163462 0.317308 0.166667 0.318910 0.168269 0.320513 0.169872 0.320513 0.169872 0.322115 0.203526 0.557692 0.200321 0.559295 0.201923 0.559295 0.200321 0.564103 0.200321 0.565705 0.198718 0.565705 0.198718 0.567308 0.197115 0.567308 0.195513 0.567308 0.193910 0.567308 0.192308 0.567308 0.190705 0.567308 0.189103 0.567308 0.184295 0.565705 0.181090 0.565705 0.177885 0.564103 0.177885 0.562500 0.179487 0.560897
0 0.176282 0.559295 0.176282 0.557692 0.177885 0.554487 0.177885 0.552885 0.181090 0.549679 0.184295 0.548077 0.185897 0.548077 0.187500 0.548077 0.189103 0.548077 0.190705 0.549679 0.192308 0.549679 0.193910 0.549679 0.195513 0.551282 0.197115 0.551282 0.198718 0.552885 0.200321 0.554487 0.201923 0.554487 0.291667 0.591346 0.286859 0.591346 0.290064 0.591346 0.290064 0.592949 0.290064 0.594551 0.288462 0.596154 0.288462 0.599359 0.286859 0.599359 0.285256 0.600962 0.283654 0.600962 0.282051 0.600962 0.280449 0.600962 0.280449 0.602564 0.277244 0.599359 0.277244 0.600962 0.275641 0.600962 0.274038 0.597756 0.272436 0.599359 0.272436 0.597756 0.267628 0.597756 0.269231 0.596154 0.266026 0.594551 0.266026 0.592949 0.266026 0.591346 0.266026 0.589744 0.266026 0.588141 0.267628 0.588141 0.267628 0.586538 0.269231 0.584936 0.270833 0.584936 0.272436 0.581731 0.274038 0.581731 0.275641 0.581731 0.277244 0.581731 0.278846 0.581731 0.278846 0.584936 0.280449 0.581731 0.282051 0.583333 0.283654 0.583333 0.283654 0.586538 0.285256 0.586538 0.285256 0.588141 0.286859 0.588141 0.288462 0.588141 0.592949 0.698718 0.589744 0.698718 0.588141 0.698718 0.586538 0.698718 0.584936 0.698718 0.583333 0.698718 0.580128 0.700321 0.573718 0.698718 0.573718 0.697115 0.568910 0.697115 0.570513 0.693910
0 0.570513 0.692308 0.565705 0.692308 0.565705 0.690705 0.565705 0.689103 0.565705 0.687500 0.567308 0.685897 0.570513 0.682692 0.570513 0.684295 0.573718 0.681090 0.576923 0.681090 0.578526 0.681090 0.581731 0.682692 0.586538 0.684295 0.588141 0.685897 0.588141 0.687500 0.589744 0.687500 0.589744 0.689103 0.591346 0.690705 0.591346 0.692308 0.591346 0.693910 0.591346 0.695513 0.503205 0.597756 0.498397 0.597756 0.500000 0.599359 0.498397 0.599359 0.496795 0.599359 0.495192 0.599359 0.495192 0.602564 0.493590 0.599359 0.493590 0.602564 0.491987 0.599359 0.490385 0.599359 0.485577 0.599359 0.485577 0.597756 0.480769 0.597756 0.482372 0.596154 0.482372 0.594551 0.482372 0.592949 0.477564 0.592949 0.477564 0.591346 0.477564 0.589744 0.479167 0.584936 0.480769 0.586538 0.482372 0.583333 0.483974 0.583333 0.485577 0.583333 0.485577 0.584936 0.487179 0.584936 0.488782 0.581731 0.495192 0.584936 0.496795 0.586538 0.496795 0.588141 0.498397 0.588141 0.498397 0.589744 0.500000 0.589744 0.501603 0.594551 0.160256 0.426282 0.157051 0.426282 0.155449 0.426282 0.155449 0.427885 0.153846 0.427885 0.152244 0.427885
0 0.150641 0.427885 0.149038 0.427885 0.147436 0.429487 0.147436 0.427885 0.145833 0.427885 0.145833 0.426282 0.144231 0.426282 0.144231 0.424679 0.142628 0.424679 0.142628 0.423077 0.137821 0.423077 0.137821 0.421474 0.139423 0.419872 0.141026 0.415064 0.141026 0.416667 0.144231 0.413462 0.145833 0.413462 0.147436 0.413462 0.149038 0.413462 0.150641 0.413462 0.152244 0.415064 0.153846 0.415064 0.155449 0.415064 0.155449 0.416667 0.157051 0.416667 0.157051 0.418269 0.158654 0.418269 0.158654 0.419872 0.158654 0.421474 0.158654 0.423077 0.482372 0.700321 0.483974 0.701923 0.483974 0.703526 0.485577 0.703526 0.485577 0.705128 0.487179 0.711538 0.488782 0.711538 0.488782 0.714744 0.487179 0.714744 0.487179 0.716346 0.485577 0.716346 0.483974 0.717949 0.482372 0.719551 0.480769 0.716346 0.479167 0.717949 0.475962 0.717949 0.475962 0.716346 0.474359 0.716346 0.474359 0.714744 0.472756 0.714744 0.471154 0.711538 0.469551 0.711538 0.466346 0.709936 0.466346 0.708333 0.467949 0.705128 0.467949 0.703526 0.467949 0.701923 0.469551 0.701923 0.471154 0.698718 0.474359 0.698718 0.475962 0.698718 0.477564 0.698718 0.479167 0.698718 0.298077 0.378205 0.298077 0.379808 0.296474 0.379808 0.296474 0.381410 0.294872 0.381410
0 0.294872 0.383013 0.293269 0.383013 0.291667 0.383013 0.290064 0.383013 0.288462 0.383013 0.286859 0.383013 0.282051 0.381410 0.280449 0.383013 0.280449 0.381410 0.278846 0.381410 0.278846 0.379808 0.274038 0.379808 0.275641 0.376603 0.274038 0.373397 0.274038 0.370192 0.275641 0.370192 0.277244 0.366987 0.278846 0.366987 0.282051 0.365385 0.282051 0.366987 0.285256 0.368590 0.288462 0.366987 0.290064 0.370192 0.291667 0.370192 0.293269 0.370192 0.294872 0.370192 0.294872 0.371795 0.296474 0.373397 0.296474 0.375000 0.261218 0.616987 0.261218 0.618590 0.259615 0.618590 0.254808 0.620192 0.253205 0.620192 0.251603 0.620192 0.243590 0.618590 0.241987 0.616987 0.238782 0.615385 0.240385 0.613782 0.238782 0.610577 0.237179 0.607372 0.237179 0.604167 0.238782 0.604167 0.240385 0.600962 0.241987 0.600962 0.241987 0.602564 0.245192 0.599359 0.248397 0.599359 0.250000 0.599359 0.254808 0.600962 0.256410 0.600962 0.258013 0.600962 0.258013 0.602564 0.259615 0.604167 0.261218 0.605769 0.262821 0.610577 0.262821 0.612179 0.262821 0.613782 0.269231 0.649038 0.272436 0.649038 0.272436 0.650641 0.270833 0.657051
0 0.269231 0.657051 0.269231 0.658654 0.267628 0.658654 0.266026 0.658654 0.264423 0.658654 0.262821 0.658654 0.261218 0.658654 0.259615 0.660256 0.258013 0.657051 0.258013 0.658654 0.256410 0.658654 0.254808 0.655449 0.253205 0.657051 0.253205 0.655449 0.251603 0.655449 0.251603 0.653846 0.250000 0.653846 0.250000 0.652244 0.245192 0.652244 0.245192 0.650641 0.245192 0.649038 0.245192 0.647436 0.246795 0.644231 0.246795 0.642628 0.248397 0.639423 0.248397 0.641026 0.251603 0.637821 0.253205 0.637821 0.254808 0.637821 0.256410 0.637821 0.258013 0.637821 0.259615 0.637821 0.261218 0.637821 0.262821 0.637821 0.262821 0.639423 0.266026 0.639423 0.266026 0.641026 0.267628 0.641026 0.267628 0.642628 0.269231 0.642628 0.269231 0.644231 0.270833 0.644231 0.270833 0.645833 0.690705 0.722756 0.687500 0.722756 0.685897 0.722756 0.684295 0.724359 0.682692 0.724359 0.681090 0.724359 0.681090 0.727564 0.679487 0.724359 0.677885 0.725962 0.673077 0.724359 0.671474 0.721154 0.669872 0.722756
0 0.669872 0.721154 0.668269 0.721154 0.668269 0.719551 0.663462 0.719551 0.665064 0.717949 0.661859 0.716346 0.663462 0.714744 0.665064 0.711538 0.665064 0.709936 0.665064 0.708333 0.668269 0.705128 0.669872 0.705128 0.668269 0.708333 0.669872 0.708333 0.671474 0.705128 0.671474 0.708333 0.673077 0.705128 0.674679 0.705128 0.676282 0.705128 0.682692 0.708333 0.684295 0.708333 0.684295 0.709936 0.685897 0.709936 0.685897 0.713141 0.687500 0.713141 0.689103 0.716346 0.687500 0.717949 0.689103 0.717949 0.689103 0.719551 0.886218 0.607372 0.887821 0.608974 0.886218 0.608974 0.886218 0.610577 0.883013 0.612179 0.881410 0.612179 0.879808 0.612179 0.879808 0.615385 0.878205 0.612179 0.878205 0.615385 0.876603 0.612179 0.875000 0.613782 0.870192 0.610577 0.870192 0.613782 0.870192 0.612179 0.865385 0.612179 0.866987 0.610577 0.865385 0.607372 0.863782 0.608974 0.862179 0.607372 0.858974 0.605769 0.858974 0.604167 0.858974 0.602564 0.858974 0.600962 0.860577 0.597756 0.860577 0.594551 0.860577 0.592949 0.862179 0.592949 0.863782 0.589744 0.865385 0.589744 0.868590 0.588141 0.870192 0.588141 0.871795 0.588141 0.873397 0.588141 0.875000 0.589744
0 0.878205 0.589744 0.878205 0.591346 0.883013 0.592949 0.884615 0.594551 0.887821 0.600962 0.887821 0.602564 0.887821 0.604167 0.322115 0.618590 0.318910 0.621795 0.315705 0.618590 0.315705 0.620192 0.312500 0.618590 0.310897 0.620192 0.310897 0.618590 0.309295 0.618590 0.309295 0.616987 0.307692 0.616987 0.306090 0.613782 0.304487 0.613782 0.301282 0.612179 0.302885 0.608974 0.304487 0.604167 0.304487 0.605769 0.307692 0.602564 0.309295 0.602564 0.310897 0.602564 0.312500 0.602564 0.314103 0.602564 0.317308 0.604167 0.317308 0.605769 0.318910 0.605769 0.320513 0.605769 0.320513 0.607372 0.322115 0.607372 0.322115 0.608974 0.323718 0.612179 0.323718 0.613782 0.522436 0.625000 0.519231 0.626603 0.522436 0.626603 0.520833 0.626603 0.522436 0.628205 0.520833 0.631410 0.516026 0.636218 0.512821 0.633013 0.512821 0.634615 0.506410 0.633013 0.506410 0.631410 0.504808 0.631410 0.504808 0.629808 0.500000 0.629808 0.500000 0.628205 0.501603 0.626603 0.500000 0.623397 0.500000 0.621795 0.500000 0.620192
0 0.501603 0.620192 0.501603 0.618590 0.503205 0.618590 0.504808 0.615385 0.508013 0.615385 0.509615 0.615385 0.517628 0.618590 0.519231 0.620192 0.519231 0.621795 0.520833 0.621795 0.141026 0.483974 0.141026 0.485577 0.141026 0.487179 0.141026 0.488782 0.141026 0.490385 0.139423 0.490385 0.139423 0.491987 0.137821 0.491987 0.137821 0.493590 0.134615 0.493590 0.133013 0.493590 0.131410 0.493590 0.126603 0.491987 0.125000 0.491987 0.123397 0.488782 0.121795 0.488782 0.118590 0.487179 0.118590 0.485577 0.118590 0.483974 0.120192 0.482372 0.120192 0.480769 0.121795 0.480769 0.123397 0.477564 0.125000 0.477564 0.126603 0.477564 0.128205 0.477564 0.129808 0.477564 0.131410 0.477564 0.133013 0.477564 0.134615 0.477564 0.137821 0.479167 0.139423 0.480769 0.491987 0.331731 0.490385 0.331731 0.488782 0.334936 0.487179 0.336538 0.485577 0.338141 0.485577 0.339744 0.483974 0.339744 0.482372 0.339744 0.480769 0.339744 0.479167 0.339744 0.477564 0.339744 0.475962 0.339744 0.474359 0.339744 0.472756 0.336538 0.471154 0.338141 0.469551 0.336538 0.466346 0.334936 0.466346 0.333333 0.466346 0.331731 0.466346 0.330128 0.466346 0.328526 0.466346 0.326923 0.467949 0.325321 0.469551 0.322115 0.471154 0.322115 0.471154 0.323718
0 0.474359 0.320513 0.472756 0.323718 0.475962 0.320513 0.474359 0.323718 0.475962 0.323718 0.477564 0.320513 0.479167 0.322115 0.480769 0.322115 0.482372 0.322115 0.483974 0.323718 0.485577 0.325321 0.487179 0.325321 0.487179 0.326923 0.488782 0.328526 0.748397 0.685897 0.746795 0.685897 0.745192 0.685897 0.743590 0.685897 0.741987 0.685897 0.738782 0.685897 0.735577 0.684295 0.730769 0.684295 0.732372 0.682692 0.729167 0.681090 0.729167 0.679487 0.729167 0.677885 0.729167 0.676282 0.730769 0.673077 0.730769 0.674679 0.733974 0.671474 0.735577 0.671474 0.737179 0.671474 0.738782 0.671474 0.746795 0.674679 0.748397 0.676282 0.748397 0.677885 0.750000 0.677885 0.750000 0.679487 0.750000 0.681090 0.750000 0.682692 0.581731 0.572115 0.581731 0.573718 0.581731 0.575321 0.580128 0.576923 0.578526 0.578526 0.578526 0.581731 0.575321 0.578526 0.576923 0.581731 0.573718 0.578526 0.573718 0.580128 0.567308 0.576923 0.567308 0.575321
0 0.562500 0.575321 0.562500 0.573718 0.562500 0.572115 0.562500 0.570513 0.562500 0.567308 0.564103 0.567308 0.565705 0.564103 0.567308 0.564103 0.568910 0.564103 0.570513 0.564103 0.573718 0.565705 0.575321 0.565705 0.578526 0.567308 0.580128 0.568910 0.387821 0.516026 0.389423 0.516026 0.391026 0.516026 0.392628 0.516026 0.394231 0.516026 0.395833 0.516026 0.397436 0.516026 0.399038 0.517628 0.400641 0.517628 0.400641 0.519231 0.402244 0.519231 0.402244 0.520833 0.403846 0.522436 0.407051 0.527244 0.405449 0.527244 0.407051 0.530449 0.407051 0.532051 0.407051 0.535256 0.405449 0.535256 0.405449 0.536859 0.403846 0.536859 0.402244 0.536859 0.400641 0.538462 0.399038 0.538462 0.397436 0.538462 0.395833 0.538462 0.394231 0.538462 0.391026 0.536859 0.391026 0.538462 0.386218 0.538462 0.387821 0.535256 0.386218 0.536859 0.386218 0.535256 0.384615 0.535256 0.384615 0.533654 0.383013 0.533654 0.381410 0.530449 0.378205 0.532051 0.379808 0.527244 0.379808 0.522436 0.381410 0.520833 0.383013 0.517628 0.383013 0.519231 0.386218 0.516026 0.366987 0.597756 0.368590 0.594551 0.370192 0.594551 0.370192 0.596154 0.373397 0.592949 0.373397 0.596154 0.375000 0.592949 0.375000 0.596154 0.376603 0.592949 0.378205 0.594551 0.383013 0.596154 0.383013 0.597756 0.384615 0.597756 0.384615 0.599359 0.386218 0.600962 0.384615 0.600962 0.386218 0.602564 0.383013 0.607372
0 0.383013 0.608974 0.381410 0.608974 0.381410 0.610577 0.379808 0.610577 0.378205 0.610577 0.375000 0.608974 0.370192 0.608974 0.368590 0.605769 0.366987 0.605769 0.363782 0.604167 0.366987 0.600962 0.365385 0.600962 0.862179 0.820513 0.862179 0.822115 0.860577 0.823718 0.862179 0.823718 0.860577 0.825321 0.860577 0.826923 0.858974 0.826923 0.858974 0.828526 0.857372 0.828526 0.857372 0.830128 0.855769 0.830128 0.854167 0.830128 0.852564 0.830128 0.852564 0.831731 0.849359 0.828526 0.849359 0.831731 0.847756 0.828526 0.846154 0.830128 0.842949 0.828526 0.844551 0.825321 0.839744 0.826923 0.841346 0.825321 0.838141 0.823718 0.839744 0.822115 0.836538 0.820513 0.836538 0.818910 0.836538 0.817308 0.836538 0.815705 0.838141 0.810897 0.839744 0.810897 0.842949 0.807692 0.844551 0.807692 0.846154 0.807692 0.847756 0.807692 0.850962 0.809295 0.852564 0.809295 0.855769 0.810897 0.857372 0.812500 0.857372 0.814103 0.858974 0.814103 0.858974 0.815705 0.860577 0.817308 0.458333 0.299679 0.458333 0.301282 0.459936 0.304487 0.459936 0.306090 0.459936 0.307692 0.459936 0.310897 0.458333 0.310897 0.458333 0.312500
0 0.453526 0.314103 0.455128 0.317308 0.451923 0.314103 0.451923 0.317308 0.450321 0.314103 0.447115 0.312500 0.445513 0.315705 0.443910 0.314103 0.442308 0.312500 0.442308 0.310897 0.440705 0.310897 0.440705 0.309295 0.435897 0.309295 0.437500 0.306090 0.434295 0.304487 0.437500 0.302885 0.434295 0.301282 0.435897 0.299679 0.437500 0.298077 0.440705 0.294872 0.442308 0.296474 0.443910 0.293269 0.445513 0.294872 0.447115 0.294872 0.448718 0.294872 0.450321 0.294872 0.451923 0.296474 0.455128 0.298077 0.200321 0.241987 0.200321 0.243590 0.201923 0.243590 0.201923 0.245192 0.200321 0.245192 0.200321 0.246795 0.198718 0.246795 0.200321 0.250000 0.198718 0.250000 0.197115 0.246795 0.195513 0.248397 0.189103 0.245192 0.187500 0.245192 0.187500 0.243590 0.182692 0.243590 0.187500 0.241987 0.182692 0.241987 0.182692 0.240385 0.182692 0.238782 0.182692 0.237179 0.184295 0.235577 0.185897 0.232372 0.187500 0.232372 0.189103 0.232372 0.190705 0.232372 0.195513 0.233974 0.198718 0.235577 0.200321 0.237179 0.201923 0.238782 0.697115 0.649038 0.700321 0.649038 0.697115 0.650641 0.700321 0.650641 0.700321 0.652244 0.698718 0.652244 0.698718 0.653846 0.697115 0.655449 0.695513 0.655449 0.693910 0.657051 0.692308 0.657051
0 0.692308 0.658654 0.690705 0.658654 0.689103 0.655449 0.687500 0.657051 0.679487 0.653846 0.676282 0.652244 0.676282 0.650641 0.676282 0.649038 0.676282 0.647436 0.677885 0.644231 0.677885 0.642628 0.679487 0.639423 0.679487 0.641026 0.682692 0.637821 0.684295 0.637821 0.684295 0.641026 0.685897 0.637821 0.689103 0.639423 0.690705 0.639423 0.692308 0.641026 0.693910 0.641026 0.695513 0.642628 0.697115 0.644231 0.698718 0.645833 0.235577 0.512821 0.232372 0.514423 0.235577 0.514423 0.233974 0.514423 0.235577 0.516026 0.233974 0.519231 0.232372 0.519231 0.230769 0.520833 0.229167 0.522436 0.229167 0.524038 0.225962 0.520833 0.227564 0.524038 0.224359 0.520833 0.224359 0.524038 0.222756 0.520833 0.221154 0.520833 0.219551 0.520833 0.214744 0.520833 0.216346 0.517628 0.211538 0.519231 0.213141 0.516026 0.209936 0.514423 0.209936 0.512821 0.209936 0.511218 0.209936 0.509615
0 0.209936 0.508013 0.213141 0.504808 0.217949 0.501603 0.219551 0.501603 0.221154 0.503205 0.222756 0.503205 0.224359 0.503205 0.229167 0.504808 0.230769 0.506410 0.232372 0.508013 0.232372 0.509615 0.233974 0.509615 0.802885 0.873397 0.801282 0.878205 0.799679 0.878205 0.798077 0.878205 0.798077 0.879808 0.796474 0.879808 0.794872 0.879808 0.794872 0.881410 0.791667 0.878205 0.791667 0.879808 0.783654 0.878205 0.785256 0.875000 0.783654 0.876603 0.782051 0.873397 0.780449 0.875000 0.777244 0.873397 0.782051 0.871795 0.777244 0.871795 0.777244 0.870192 0.778846 0.866987 0.778846 0.865385 0.780449 0.863782 0.783654 0.860577 0.785256 0.860577 0.786859 0.860577 0.788462 0.860577 0.790064 0.860577 0.793269 0.862179 0.794872 0.862179 0.796474 0.863782 0.798077 0.865385 0.799679 0.865385 0.799679 0.866987
0 0.801282 0.866987 0.801282 0.868590 0.801282 0.870192 0.657051 0.857372 0.658654 0.858974 0.658654 0.860577 0.660256 0.860577 0.660256 0.862179 0.661859 0.862179 0.665064 0.866987 0.663462 0.868590 0.665064 0.868590 0.665064 0.870192 0.665064 0.871795 0.663462 0.875000 0.663462 0.876603 0.661859 0.876603 0.661859 0.878205 0.660256 0.878205 0.660256 0.881410 0.658654 0.878205 0.657051 0.879808 0.655449 0.881410 0.653846 0.878205 0.652244 0.878205 0.650641 0.878205 0.650641 0.879808 0.649038 0.879808 0.649038 0.878205 0.644231 0.878205 0.645833 0.875000 0.644231 0.876603 0.644231 0.875000 0.642628 0.875000 0.641026 0.871795 0.637821 0.873397 0.641026 0.870192 0.636218 0.868590 0.639423 0.868590 0.637821 0.865385 0.637821 0.862179 0.639423 0.862179 0.639423 0.860577 0.641026 0.858974 0.644231 0.855769 0.642628 0.858974 0.645833 0.855769 0.647436 0.855769 0.649038 0.855769 0.647436 0.858974 0.650641 0.855769 0.649038 0.858974 0.652244 0.855769 0.652244 0.857372
0 0.653846 0.857372 0.655449 0.857372 0.889423 0.836538 0.889423 0.838141 0.887821 0.838141 0.886218 0.838141 0.884615 0.838141 0.883013 0.838141 0.881410 0.838141 0.879808 0.838141 0.873397 0.838141 0.875000 0.834936 0.873397 0.834936 0.871795 0.834936 0.871795 0.833333 0.866987 0.833333 0.868590 0.831731 0.865385 0.830128 0.865385 0.828526 0.865385 0.826923 0.866987 0.825321 0.866987 0.823718 0.868590 0.823718 0.870192 0.820513 0.870192 0.822115 0.871795 0.822115 0.873397 0.818910 0.875000 0.818910 0.876603 0.818910 0.878205 0.820513 0.884615 0.822115 0.884615 0.823718 0.886218 0.823718 0.887821 0.825321 0.887821 0.826923 0.889423 0.826923 0.891026 0.830128 0.891026 0.831731 0.891026 0.833333 0.355769 0.250000 0.355769 0.253205 0.355769 0.254808 0.354167 0.258013 0.352564 0.258013 0.352564 0.259615 0.350962 0.261218 0.347756 0.262821 0.346154 0.262821 0.344551 0.262821 0.341346 0.261218 0.338141 0.259615 0.336538 0.261218 0.334936 0.259615 0.334936 0.258013 0.333333 0.254808 0.331731 0.254808 0.328526 0.253205 0.328526 0.251603 0.328526 0.250000 0.328526 0.248397 0.328526 0.246795 0.330128 0.246795 0.330128 0.245192 0.333333 0.241987 0.336538 0.240385 0.338141 0.240385 0.339744 0.240385 0.342949 0.241987 0.347756 0.243590 0.349359 0.245192 0.350962 0.245192 0.350962 0.246795 0.352564 0.246795 0.352564 0.248397 0.610577 0.584936 0.607372 0.584936
0 0.605769 0.586538 0.605769 0.588141 0.604167 0.588141 0.604167 0.589744 0.600962 0.591346 0.599359 0.591346 0.599359 0.592949 0.596154 0.589744 0.597756 0.592949 0.594551 0.589744 0.594551 0.591346 0.589744 0.591346 0.591346 0.588141 0.589744 0.588141 0.588141 0.588141 0.588141 0.586538 0.586538 0.586538 0.584936 0.583333 0.581731 0.584936 0.581731 0.581731 0.581731 0.580128 0.581731 0.578526 0.583333 0.575321 0.584936 0.572115 0.586538 0.572115 0.588141 0.572115 0.589744 0.572115 0.591346 0.572115 0.596154 0.570513 0.602564 0.573718 0.604167 0.575321 0.605769 0.576923 0.607372 0.576923 0.607372 0.580128 0.608974 0.581731 0.685897 0.690705 0.685897 0.692308 0.682692 0.690705 0.682692 0.692308 0.681090 0.693910 0.679487 0.693910 0.677885 0.693910 0.676282 0.693910 0.674679 0.693910 0.673077 0.693910 0.671474 0.695513 0.669872 0.693910 0.668269 0.690705 0.666667 0.692308 0.663462 0.690705 0.665064 0.689103 0.661859 0.687500 0.661859 0.685897 0.661859 0.684295 0.661859 0.682692 0.665064 0.679487 0.665064 0.681090
0 0.668269 0.677885 0.669872 0.677885 0.671474 0.677885 0.674679 0.679487 0.676282 0.679487 0.677885 0.679487 0.677885 0.681090 0.679487 0.681090 0.681090 0.682692 0.682692 0.684295 0.682692 0.685897 0.684295 0.685897 0.684295 0.687500 0.169872 0.358974 0.169872 0.360577 0.168269 0.365385 0.165064 0.366987 0.163462 0.366987 0.161859 0.366987 0.160256 0.366987 0.157051 0.365385 0.153846 0.365385 0.152244 0.362179 0.149038 0.363782 0.149038 0.360577 0.149038 0.358974 0.149038 0.357372 0.149038 0.355769 0.152244 0.352564 0.153846 0.352564 0.157051 0.349359 0.158654 0.349359 0.161859 0.350962 0.163462 0.350962 0.166667 0.352564 0.168269 0.354167 0.211538 0.608974 0.214744 0.608974 0.216346 0.610577 0.217949 0.612179 0.216346 0.612179 0.211538 0.610577 0.229167 0.588141 0.229167 0.591346 0.224359 0.592949 0.222756 0.592949 0.221154 0.592949 0.216346 0.591346 0.214744 0.591346 0.214744 0.589744 0.213141 0.589744 0.211538 0.586538
0 0.209936 0.586538 0.208333 0.583333 0.205128 0.581731 0.206731 0.580128 0.208333 0.576923 0.214744 0.573718 0.213141 0.576923 0.214744 0.576923 0.216346 0.573718 0.225962 0.578526 0.227564 0.580128 0.229167 0.583333 0.230769 0.583333 0.230769 0.584936 0.447115 0.677885 0.447115 0.679487 0.447115 0.681090 0.445513 0.687500 0.443910 0.687500 0.443910 0.689103 0.440705 0.689103 0.439103 0.689103 0.437500 0.689103 0.435897 0.689103 0.435897 0.690705 0.431090 0.690705 0.432692 0.687500 0.427885 0.687500 0.427885 0.685897 0.423077 0.685897 0.424679 0.684295 0.421474 0.682692 0.421474 0.681090 0.423077 0.679487 0.419872 0.677885 0.421474 0.674679 0.421474 0.676282 0.421474 0.673077 0.423077 0.673077 0.423077 0.671474 0.424679 0.671474 0.426282 0.668269 0.427885 0.668269 0.427885 0.669872 0.429487 0.668269 0.429487 0.669872 0.431090 0.669872 0.432692 0.666667 0.434295 0.666667 0.437500 0.668269 0.442308 0.669872 0.442308 0.671474 0.443910 0.671474 0.443910 0.673077 0.445513 0.674679 0.578526 0.730769 0.578526 0.732372 0.576923 0.732372 0.576923 0.733974 0.575321 0.733974 0.573718 0.733974 0.572115 0.733974 0.570513 0.733974 0.568910 0.733974 0.567308 0.733974 0.564103 0.732372 0.557692 0.732372 0.559295 0.730769 0.557692 0.727564 0.557692 0.724359 0.552885 0.724359 0.554487 0.721154 0.556090 0.717949 0.560897 0.714744 0.562500 0.714744
0 0.564103 0.714744 0.565705 0.714744 0.572115 0.716346 0.573718 0.717949 0.575321 0.717949 0.575321 0.719551 0.576923 0.719551 0.576923 0.721154 0.578526 0.721154 0.578526 0.722756 0.580128 0.724359 0.580128 0.725962 0.580128 0.727564 0.168269 0.556090 0.168269 0.559295 0.166667 0.559295 0.166667 0.562500 0.165064 0.559295 0.163462 0.562500 0.161859 0.559295 0.158654 0.557692 0.158654 0.559295 0.157051 0.559295 0.157051 0.557692 0.152244 0.557692 0.153846 0.556090 0.150641 0.554487 0.150641 0.552885 0.152244 0.549679 0.153846 0.546474 0.155449 0.546474 0.155449 0.548077 0.158654 0.544872 0.157051 0.548077 0.160256 0.544872 0.165064 0.546474 0.165064 0.548077 0.166667 0.548077 0.166667 0.549679 0.168269 0.549679 0.168269 0.551282
0 0.169872 0.552885 0.657051 0.600962 0.652244 0.602564 0.655449 0.604167 0.653846 0.604167 0.652244 0.604167 0.652244 0.605769 0.650641 0.605769 0.650641 0.608974 0.649038 0.605769 0.647436 0.607372 0.645833 0.607372 0.645833 0.608974 0.644231 0.608974 0.642628 0.605769 0.642628 0.608974 0.641026 0.605769 0.639423 0.605769 0.639423 0.607372 0.634615 0.607372 0.636218 0.604167 0.631410 0.604167 0.631410 0.602564 0.629808 0.602564 0.629808 0.600962 0.625000 0.600962 0.626603 0.599359 0.626603 0.597756 0.626603 0.596154 0.626603 0.594551 0.626603 0.592949 0.625000 0.589744 0.625000 0.588141 0.626603 0.586538 0.629808 0.583333 0.631410 0.583333 0.633013 0.583333 0.634615 0.583333 0.636218 0.583333 0.637821 0.583333 0.639423 0.583333 0.642628 0.584936 0.645833 0.584936 0.645833 0.586538 0.647436 0.586538 0.647436 0.588141 0.649038 0.588141 0.649038 0.589744 0.650641 0.589744 0.650641 0.591346 0.652244 0.591346 0.653846 0.592949 0.653846 0.594551 0.653846 0.596154 0.653846 0.597756 0.653846 0.599359 0.131410 0.410256 0.129808 0.410256 0.129808 0.411859 0.129808 0.413462 0.129808 0.415064 0.129808 0.416667 0.128205 0.416667 0.128205 0.418269 0.126603 0.419872 0.125000 0.421474 0.123397 0.421474 0.121795 0.421474 0.120192 0.421474 0.118590 0.421474 0.112179 0.418269 0.108974 0.418269 0.105769 0.416667 0.105769 0.415064 0.107372 0.413462
0 0.104167 0.411859 0.104167 0.410256 0.105769 0.407051 0.105769 0.405449 0.107372 0.403846 0.110577 0.400641 0.113782 0.399038 0.113782 0.402244 0.116987 0.399038 0.120192 0.400641 0.123397 0.402244 0.123397 0.403846 0.125000 0.403846 0.126603 0.405449 0.128205 0.405449 0.128205 0.407051 0.796474 0.616987 0.793269 0.620192 0.791667 0.620192 0.791667 0.621795 0.790064 0.621795 0.788462 0.621795 0.790064 0.625000 0.786859 0.621795 0.786859 0.625000 0.785256 0.621795 0.783654 0.621795 0.782051 0.623397 0.782051 0.621795 0.780449 0.621795 0.778846 0.618590 0.777244 0.620192 0.775641 0.618590 0.772436 0.616987 0.772436 0.615385 0.772436 0.613782 0.772436 0.612179 0.772436 0.610577 0.774038 0.610577 0.774038 0.608974 0.777244 0.605769 0.778846 0.605769 0.777244 0.608974 0.780449 0.605769 0.782051 0.607372 0.783654 0.607372 0.788462 0.608974 0.788462 0.610577 0.790064 0.610577 0.791667 0.610577 0.791667 0.612179 0.791667 0.613782 0.793269 0.613782 0.793269 0.615385 0.679487 0.780449 0.677885 0.782051 0.677885 0.783654 0.676282 0.783654 0.676282 0.785256
0 0.676282 0.786859 0.674679 0.786859 0.673077 0.788462 0.671474 0.788462 0.669872 0.788462 0.668269 0.788462 0.668269 0.790064 0.665064 0.786859 0.665064 0.790064 0.663462 0.786859 0.661859 0.788462 0.660256 0.785256 0.655449 0.785256 0.657051 0.782051 0.657051 0.780449 0.653846 0.778846 0.657051 0.777244 0.653846 0.775641 0.653846 0.774038 0.655449 0.772436 0.657051 0.769231 0.657051 0.770833 0.660256 0.767628 0.661859 0.767628 0.663462 0.767628 0.666667 0.769231 0.671474 0.770833 0.673077 0.772436 0.674679 0.774038 0.676282 0.774038 0.676282 0.775641 0.677885 0.775641 0.677885 0.777244 0.657051 0.828526 0.657051 0.830128 0.657051 0.831731 0.655449 0.833333 0.653846 0.833333 0.652244 0.833333 0.650641 0.833333 0.649038 0.833333 0.647436 0.833333 0.644231 0.831731 0.641026 0.831731 0.639423 0.828526 0.637821 0.825321 0.634615 0.823718 0.636218 0.822115 0.636218 0.820513 0.637821 0.818910 0.639423 0.818910 0.641026 0.815705
0 0.642628 0.815705 0.644231 0.815705 0.652244 0.818910 0.655449 0.820513 0.657051 0.822115 0.657051 0.823718 0.658654 0.825321 0.334936 0.551282 0.334936 0.552885 0.336538 0.554487 0.336538 0.556090 0.336538 0.557692 0.336538 0.559295 0.334936 0.564103 0.333333 0.565705 0.328526 0.570513 0.326923 0.567308 0.325321 0.567308 0.323718 0.567308 0.322115 0.567308 0.320513 0.567308 0.320513 0.565705 0.318910 0.565705 0.318910 0.564103 0.317308 0.564103 0.315705 0.562500 0.315705 0.560897 0.315705 0.559295 0.314103 0.556090 0.314103 0.554487 0.312500 0.551282 0.312500 0.549679 0.314103 0.548077 0.317308 0.544872 0.318910 0.544872 0.320513 0.546474 0.322115 0.546474 0.323718 0.546474 0.325321 0.546474 0.328526 0.548077 0.330128 0.548077 0.331731 0.549679 0.756410 0.469551 0.756410 0.471154 0.753205 0.471154 0.754808 0.471154 0.753205 0.472756 0.751603 0.475962 0.750000 0.475962 0.748397 0.475962 0.746795 0.475962 0.746795 0.479167 0.745192 0.475962 0.743590 0.475962 0.738782 0.477564 0.740385 0.474359 0.737179 0.472756 0.735577 0.472756 0.732372 0.469551 0.733974 0.466346 0.733974 0.463141
0 0.737179 0.459936 0.738782 0.459936 0.740385 0.459936 0.741987 0.459936 0.743590 0.459936 0.745192 0.459936 0.746795 0.459936 0.748397 0.461538 0.750000 0.461538 0.750000 0.463141 0.751603 0.463141 0.751603 0.464744 0.753205 0.464744 0.753205 0.466346 0.754808 0.466346 0.301282 0.669872 0.298077 0.671474 0.299679 0.673077 0.298077 0.673077 0.298077 0.674679 0.294872 0.676282 0.293269 0.676282 0.290064 0.677885 0.288462 0.679487 0.286859 0.676282 0.285256 0.679487 0.283654 0.676282 0.278846 0.676282 0.277244 0.674679 0.277244 0.673077 0.272436 0.673077 0.274038 0.671474 0.272436 0.668269 0.270833 0.665064 0.270833 0.663462 0.270833 0.661859 0.270833 0.660256 0.272436 0.658654 0.274038 0.657051 0.275641 0.657051 0.275641 0.655449 0.277244 0.652244 0.278846 0.652244 0.280449 0.652244 0.283654 0.652244 0.290064 0.655449 0.293269 0.657051 0.294872 0.658654 0.296474 0.660256 0.296474 0.661859 0.298077 0.661859 0.299679 0.665064 0.299679 0.666667 0.496795 0.621795 0.495192 0.623397 0.491987 0.623397 0.490385 0.623397 0.490385 0.626603 0.488782 0.623397 0.487179 0.625000 0.485577 0.625000
0 0.483974 0.625000 0.482372 0.626603 0.480769 0.623397 0.477564 0.623397 0.475962 0.621795 0.474359 0.618590 0.471154 0.616987 0.471154 0.615385 0.471154 0.613782 0.471154 0.612179 0.474359 0.608974 0.475962 0.610577 0.477564 0.607372 0.477564 0.610577 0.479167 0.607372 0.480769 0.608974 0.483974 0.608974 0.485577 0.608974 0.487179 0.610577 0.488782 0.610577 0.488782 0.612179 0.490385 0.612179 0.490385 0.613782 0.491987 0.613782 0.491987 0.615385 0.493590 0.618590 0.493590 0.620192 0.219551 0.317308 0.216346 0.320513 0.214744 0.320513 0.214744 0.322115 0.213141 0.322115 0.213141 0.323718 0.211538 0.323718 0.209936 0.323718 0.203526 0.323718 0.205128 0.320513 0.203526 0.320513 0.201923 0.320513 0.201923 0.318910 0.197115 0.318910 0.198718 0.317308 0.197115 0.315705 0.193910 0.314103 0.195513 0.310897 0.195513 0.309295 0.197115 0.307692 0.198718 0.307692 0.200321 0.304487 0.201923 0.304487 0.203526 0.304487
0 0.205128 0.304487 0.206731 0.304487 0.213141 0.307692 0.214744 0.309295 0.216346 0.310897 0.217949 0.312500 0.216346 0.312500 0.217949 0.314103 0.216346 0.315705 0.668269 0.589744 0.669872 0.589744 0.673077 0.588141 0.674679 0.588141 0.676282 0.588141 0.677885 0.588141 0.682692 0.589744 0.682692 0.591346 0.685897 0.592949 0.685897 0.594551 0.687500 0.594551 0.689103 0.597756 0.689103 0.599359 0.690705 0.600962 0.690705 0.602564 0.690705 0.604167 0.690705 0.605769 0.689103 0.605769 0.689103 0.607372 0.687500 0.607372 0.687500 0.608974 0.685897 0.608974 0.684295 0.608974 0.682692 0.608974 0.681090 0.608974 0.679487 0.608974 0.673077 0.607372 0.673077 0.605769 0.668269 0.605769 0.669872 0.604167 0.666667 0.602564 0.666667 0.600962 0.668269 0.597756 0.665064 0.596154 0.666667 0.591346 0.817308 0.834936 0.814103 0.834936 0.812500 0.836538 0.810897 0.836538 0.809295 0.836538 0.807692 0.836538 0.806090 0.836538 0.804487 0.836538 0.801282 0.836538 0.799679 0.833333 0.796474 0.833333 0.794872 0.831731 0.791667 0.830128 0.791667 0.828526 0.794872 0.826923 0.791667 0.825321 0.793269 0.823718 0.794872 0.823718 0.796474 0.820513 0.798077 0.820513 0.798077 0.822115 0.799679 0.822115 0.801282 0.818910 0.804487 0.820513 0.806090 0.820513 0.809295 0.822115 0.810897 0.823718 0.812500 0.825321 0.814103 0.825321 0.814103 0.826923 0.815705 0.828526 0.815705 0.830128 0.815705 0.831731 0.770833 0.588141 0.769231 0.588141 0.769231 0.589744
0 0.767628 0.589744 0.766026 0.591346 0.762821 0.591346 0.761218 0.591346 0.759615 0.592949 0.758013 0.589744 0.754808 0.588141 0.750000 0.588141 0.748397 0.584936 0.751603 0.584936 0.748397 0.583333 0.748397 0.581731 0.750000 0.581731 0.751603 0.578526 0.751603 0.580128 0.754808 0.576923 0.756410 0.576923 0.758013 0.576923 0.756410 0.580128 0.758013 0.580128 0.759615 0.576923 0.759615 0.580128 0.761218 0.576923 0.761218 0.580128 0.762821 0.576923 0.764423 0.578526 0.766026 0.580128 0.767628 0.581731 0.767628 0.583333 0.769231 0.583333 0.767628 0.584936 0.798077 0.899038 0.793269 0.900641 0.796474 0.899038 0.794872 0.902244 0.793269 0.902244 0.790064 0.903846 0.788462 0.903846 0.785256 0.905449 0.783654 0.902244 0.782051 0.902244 0.778846 0.900641 0.775641 0.900641 0.775641 0.899038 0.770833 0.899038 0.770833 0.897436 0.772436 0.894231 0.770833 0.891026 0.770833 0.889423 0.772436 0.889423 0.772436 0.887821 0.774038 0.887821 0.775641 0.884615 0.778846 0.884615 0.780449 0.884615 0.782051 0.884615 0.783654 0.884615 0.785256 0.884615 0.786859 0.884615 0.786859 0.886218 0.788462 0.886218 0.790064 0.887821 0.790064 0.889423 0.791667 0.889423
0 0.793269 0.891026 0.794872 0.892628 0.794872 0.894231 0.794872 0.895833 0.347756 0.695513 0.347756 0.700321 0.349359 0.695513 0.350962 0.695513 0.352564 0.695513 0.354167 0.695513 0.355769 0.695513 0.357372 0.695513 0.358974 0.697115 0.360577 0.697115 0.360577 0.698718 0.362179 0.698718 0.362179 0.700321 0.363782 0.700321 0.365385 0.700321 0.365385 0.701923 0.366987 0.703526 0.368590 0.708333 0.368590 0.709936 0.368590 0.713141 0.366987 0.713141 0.365385 0.713141 0.365385 0.714744 0.363782 0.714744 0.357372 0.719551 0.355769 0.716346 0.352564 0.714744 0.350962 0.717949 0.349359 0.716346 0.349359 0.714744 0.344551 0.714744 0.346154 0.713141 0.344551 0.709936 0.341346 0.708333 0.344551 0.706731 0.344551 0.705128 0.347756 0.698718 0.698718 0.626603 0.698718 0.628205 0.700321 0.628205 0.698718 0.629808 0.698718 0.631410 0.697115 0.633013 0.693910 0.634615 0.692308 0.634615 0.690705 0.634615 0.689103 0.634615 0.685897 0.633013 0.681090 0.631410 0.676282 0.631410 0.677885 0.629808 0.674679 0.628205 0.674679 0.626603 0.676282 0.623397 0.676282 0.620192 0.677885 0.620192 0.679487 0.616987 0.682692 0.615385 0.682692 0.618590 0.684295 0.615385 0.685897 0.616987 0.687500 0.616987 0.689103 0.616987 0.690705 0.616987
0 0.697115 0.620192 0.698718 0.621795 0.700321 0.623397 0.937500 0.761218 0.939103 0.761218 0.940705 0.761218 0.942308 0.761218 0.940705 0.764423 0.943910 0.761218 0.942308 0.764423 0.945513 0.761218 0.945513 0.762821 0.947115 0.762821 0.950321 0.764423 0.951923 0.766026 0.953526 0.767628 0.955128 0.767628 0.955128 0.769231 0.958333 0.774038 0.956731 0.774038 0.958333 0.775641 0.955128 0.777244 0.953526 0.777244 0.948718 0.780449 0.948718 0.782051 0.945513 0.778846 0.945513 0.780449 0.943910 0.780449 0.942308 0.780449 0.942308 0.778846 0.940705 0.778846 0.940705 0.777244 0.935897 0.777244 0.937500 0.775641 0.935897 0.772436 0.932692 0.770833 0.932692 0.769231 0.932692 0.767628 0.934295 0.764423 0.934295 0.766026 0.937500 0.762821 0.806090 0.735577 0.804487 0.732372 0.809295 0.730769 0.809295 0.733974 0.810897 0.730769 0.812500 0.732372 0.815705 0.732372 0.817308 0.732372 0.817308 0.733974 0.818910 0.733974 0.818910 0.735577 0.820513 0.735577 0.820513 0.737179 0.822115 0.737179 0.822115 0.738782 0.823718 0.738782 0.823718 0.740385 0.825321 0.743590
0 0.823718 0.748397 0.823718 0.751603 0.822115 0.748397 0.818910 0.750000 0.817308 0.750000 0.817308 0.751603 0.814103 0.748397 0.814103 0.750000 0.810897 0.748397 0.809295 0.748397 0.807692 0.745192 0.807692 0.746795 0.802885 0.746795 0.804487 0.743590 0.801282 0.740385 0.801282 0.738782 0.801282 0.737179 0.802885 0.733974 0.647436 0.564103 0.647436 0.565705 0.647436 0.567308 0.645833 0.568910 0.645833 0.570513 0.644231 0.570513 0.644231 0.572115 0.642628 0.572115 0.641026 0.572115 0.639423 0.572115 0.637821 0.572115 0.636218 0.572115 0.636218 0.573718 0.631410 0.573718 0.633013 0.570513 0.631410 0.572115 0.631410 0.570513 0.629808 0.570513 0.629808 0.568910 0.628205 0.568910 0.626603 0.565705 0.625000 0.565705 0.621795 0.564103 0.626603 0.562500 0.621795 0.562500 0.623397 0.560897 0.623397 0.559295 0.623397 0.557692 0.625000 0.557692 0.626603 0.554487 0.629808 0.552885 0.631410 0.552885 0.633013 0.552885 0.636218 0.554487 0.637821 0.554487 0.641026 0.556090 0.641026 0.557692 0.642628 0.557692 0.642628 0.559295 0.644231 0.559295 0.645833 0.560897 0.884615 0.959936 0.883013 0.961538 0.883013 0.963141 0.881410 0.963141 0.879808 0.964744 0.878205 0.964744 0.876603 0.964744 0.876603 0.966346 0.871795 0.966346 0.873397 0.963141 0.871795 0.964744 0.871795 0.963141 0.870192 0.963141
0 0.868590 0.959936 0.866987 0.959936 0.863782 0.958333 0.863782 0.956731 0.863782 0.955128 0.863782 0.953526 0.865385 0.953526 0.865385 0.951923 0.866987 0.951923 0.868590 0.948718 0.870192 0.948718 0.871795 0.948718 0.873397 0.948718 0.875000 0.948718 0.878205 0.950321 0.879808 0.950321 0.879808 0.951923 0.881410 0.951923 0.881410 0.953526 0.883013 0.955128 0.883013 0.956731 0.689103 0.738782 0.693910 0.738782 0.695513 0.735577 0.697115 0.737179 0.698718 0.737179 0.700321 0.737179 0.705128 0.740385 0.706731 0.740385 0.706731 0.741987 0.708333 0.741987 0.708333 0.743590 0.709936 0.743590 0.711538 0.746795 0.711538 0.748397 0.711538 0.750000 0.711538 0.751603 0.709936 0.754808 0.709936 0.756410 0.708333 0.756410 0.708333 0.758013 0.705128 0.759615 0.703526 0.759615 0.701923 0.759615 0.700321 0.759615
0 0.695513 0.758013 0.692308 0.758013 0.690705 0.754808 0.685897 0.750000 0.685897 0.748397 0.687500 0.745192 0.923077 0.754808 0.923077 0.756410 0.921474 0.756410 0.919872 0.758013 0.916667 0.759615 0.915064 0.761218 0.913462 0.761218
0 0.911859 0.761218 0.910256 0.761218 0.907051 0.759615 0.905449 0.759615 0.905449 0.758013 0.900641 0.758013 0.902244 0.756410 0.900641 0.753205 0.897436 0.751603 0.899038 0.748397 0.900641 0.745192 0.903846 0.743590 0.905449 0.743590 0.907051 0.743590 0.908654 0.743590 0.907051 0.746795 0.910256 0.743590 0.908654 0.746795 0.911859 0.743590 0.913462 0.745192 0.913462 0.746795 0.918269 0.748397 0.919872 0.748397 0.919872 0.750000 0.214744 0.674679 0.216346 0.676282 0.214744 0.676282 0.214744 0.677885 0.213141 0.677885 0.213141 0.679487 0.211538 0.679487 0.208333 0.681090 0.208333 0.684295 0.206731 0.681090 0.205128 0.684295 0.203526 0.681090 0.197115 0.679487 0.197115 0.677885 0.195513 0.677885
0 0.193910 0.674679 0.190705 0.673077 0.192308 0.668269 0.192308 0.666667 0.193910 0.665064 0.195513 0.661859 0.195513 0.665064 0.198718 0.661859 0.201923 0.660256 0.200321 0.663462 0.203526 0.660256 0.205128 0.665064 0.208333 0.661859 0.211538 0.663462 0.211538 0.665064 0.213141 0.665064 0.213141 0.666667 0.216346 0.671474 0.224359 0.634615 0.227564 0.636218 0.225962 0.636218 0.224359 0.636218 0.222756 0.637821 0.221154 0.637821 0.219551 0.637821 0.217949 0.637821 0.213141 0.636218 0.211538 0.636218 0.211538 0.634615 0.209936 0.634615 0.209936 0.633013 0.205128 0.633013 0.205128 0.631410 0.205128 0.629808 0.206731 0.626603 0.206731 0.625000 0.208333 0.621795 0.209936 0.621795 0.211538 0.621795 0.213141 0.621795 0.214744 0.621795 0.216346 0.621795 0.221154 0.623397 0.221154 0.625000 0.224359 0.625000 0.224359 0.626603 0.225962 0.628205 0.225962 0.629808 0.225962 0.631410 0.612179 0.788462 0.610577 0.791667 0.608974 0.791667 0.608974 0.793269 0.607372 0.793269 0.605769 0.794872 0.604167 0.794872 0.602564 0.794872 0.600962 0.794872 0.599359 0.794872 0.597756 0.794872 0.597756 0.796474 0.596154 0.796474 0.594551 0.793269 0.592949 0.794872 0.592949 0.793269 0.591346 0.793269 0.591346 0.791667 0.586538 0.791667 0.588141 0.790064 0.584936 0.788462 0.584936 0.786859 0.584936 0.785256 0.586538 0.782051 0.588141 0.777244 0.591346 0.775641 0.594551 0.774038 0.592949 0.777244 0.596154 0.774038
0 0.597756 0.775641 0.599359 0.775641 0.604167 0.777244 0.605769 0.778846 0.607372 0.780449 0.608974 0.780449 0.608974 0.782051 0.291667 0.525641 0.291667 0.527244 0.290064 0.527244 0.290064 0.528846 0.288462 0.532051 0.288462 0.533654 0.288462 0.535256 0.286859 0.535256 0.286859 0.536859 0.285256 0.536859 0.283654 0.536859 0.282051 0.536859 0.278846 0.535256 0.275641 0.535256 0.274038 0.532051 0.272436 0.528846 0.270833 0.525641 0.272436 0.520833 0.272436 0.522436 0.275641 0.519231 0.277244 0.519231 0.278846 0.519231 0.288462 0.522436 0.288462 0.524038 0.322115 0.432692 0.318910 0.435897 0.322115 0.437500 0.320513 0.437500 0.318910 0.437500 0.318910 0.439103 0.317308 0.439103 0.317308 0.440705 0.315705 0.440705 0.314103 0.440705 0.312500 0.440705 0.310897 0.440705 0.309295 0.440705 0.302885 0.439103 0.302885 0.437500 0.298077 0.437500 0.299679 0.435897 0.298077 0.434295 0.294872 0.432692 0.294872 0.431090 0.298077 0.429487 0.298077 0.427885 0.294872 0.426282 0.294872 0.424679 0.294872 0.423077 0.296474 0.419872
0 0.298077 0.419872 0.299679 0.419872 0.299679 0.421474 0.301282 0.421474 0.302885 0.418269 0.304487 0.419872 0.306090 0.419872 0.314103 0.423077 0.315705 0.423077 0.315705 0.424679 0.317308 0.424679 0.317308 0.426282 0.318910 0.427885 0.320513 0.429487 0.320513 0.432692 0.357372 0.738782 0.355769 0.741987 0.352564 0.740385 0.352564 0.741987 0.350962 0.741987 0.349359 0.741987 0.347756 0.741987 0.346154 0.741987 0.346154 0.743590 0.342949 0.740385 0.342949 0.741987 0.341346 0.741987 0.341346 0.740385 0.339744 0.740385 0.339744 0.738782 0.338141 0.738782 0.338141 0.737179 0.333333 0.737179 0.333333 0.735577 0.333333 0.733974 0.333333 0.732372 0.333333 0.730769 0.333333 0.729167 0.334936 0.729167 0.336538 0.725962 0.339744 0.725962 0.341346 0.725962 0.342949 0.725962 0.344551 0.725962 0.347756 0.727564
0 0.349359 0.729167 0.350962 0.729167 0.350962 0.730769 0.352564 0.730769 0.352564 0.732372 0.354167 0.732372 0.354167 0.733974 0.354167 0.735577 0.355769 0.735577 0.354167 0.737179 0.897436 0.538462 0.899038 0.538462 0.900641 0.538462 0.902244 0.538462 0.903846 0.540064 0.907051 0.540064 0.907051 0.541667 0.908654 0.541667 0.908654 0.543269 0.910256 0.543269 0.910256 0.544872 0.911859 0.544872 0.911859 0.546474 0.910256 0.551282 0.907051 0.551282 0.907051 0.552885 0.905449 0.552885 0.903846 0.552885 0.902244 0.554487 0.900641 0.551282 0.900641 0.552885 0.899038 0.552885 0.897436 0.549679 0.895833 0.551282 0.894231 0.548077 0.891026 0.544872 0.891026 0.543269 0.892628 0.543269 0.894231 0.540064 0.737179 0.706731 0.733974 0.706731 0.732372 0.706731 0.730769 0.708333 0.729167 0.708333 0.727564 0.708333 0.725962 0.708333 0.719551 0.706731 0.719551 0.705128 0.714744 0.705128 0.716346 0.703526 0.713141 0.701923 0.716346 0.700321 0.713141 0.698718 0.714744 0.697115 0.716346 0.695513 0.717949 0.695513 0.719551 0.692308 0.721154 0.692308 0.722756 0.692308 0.729167 0.693910 0.730769 0.695513 0.732372 0.695513 0.732372 0.697115 0.733974 0.697115 0.733974 0.698718 0.735577 0.700321 0.735577 0.701923 0.735577 0.703526 0.995192 0.693910 0.996795 0.695513 0.995192 0.695513 0.995192 0.697115 0.990385 0.698718 0.988782 0.698718 0.987179 0.698718 0.985577 0.698718 0.979167 0.697115 0.979167 0.695513 0.977564 0.695513 0.975962 0.692308 0.974359 0.692308 0.971154 0.689103 0.972756 0.685897 0.972756 0.682692 0.974359 0.682692 0.975962 0.679487 0.977564 0.679487 0.979167 0.679487 0.980769 0.679487 0.982372 0.679487 0.983974 0.679487 0.991987 0.682692 0.993590 0.684295 0.995192 0.685897 0.996795 0.690705 0.192308 0.375000 0.195513 0.373397
0 0.193910 0.376603 0.197115 0.373397 0.197115 0.375000 0.198718 0.375000 0.200321 0.375000 0.200321 0.376603 0.206731 0.378205 0.206731 0.379808 0.208333 0.379808 0.209936 0.381410 0.211538 0.381410 0.211538 0.383013 0.213141 0.383013 0.213141 0.384615 0.213141 0.386218 0.213141 0.387821 0.214744 0.389423 0.213141 0.392628 0.211538 0.392628 0.211538 0.394231 0.209936 0.394231 0.209936 0.395833 0.208333 0.395833 0.206731 0.397436 0.205128 0.397436 0.203526 0.397436 0.203526 0.399038 0.201923 0.399038 0.200321 0.395833 0.198718 0.399038 0.197115 0.395833 0.195513 0.395833 0.193910 0.392628 0.192308 0.394231 0.190705 0.391026 0.187500 0.389423 0.187500 0.387821 0.187500 0.386218 0.187500 0.384615 0.189103 0.381410 0.189103 0.379808 0.190705 0.376603 0.192308 0.376603 0.975962 0.716346 0.972756 0.717949 0.972756 0.719551 0.971154 0.719551 0.971154 0.721154 0.969551 0.721154 0.967949 0.721154 0.966346 0.721154 0.964744 0.721154 0.963141 0.721154 0.959936 0.719551 0.958333 0.721154 0.956731 0.719551 0.956731 0.717949 0.951923 0.717949
0 0.953526 0.716346 0.951923 0.714744 0.948718 0.713141 0.953526 0.711538 0.948718 0.711538 0.948718 0.709936 0.950321 0.708333 0.951923 0.705128 0.951923 0.706731 0.955128 0.703526 0.958333 0.703526 0.959936 0.703526 0.961538 0.703526 0.961538 0.706731 0.964744 0.703526 0.966346 0.705128 0.967949 0.705128 0.967949 0.706731 0.969551 0.706731 0.969551 0.708333 0.971154 0.709936 0.971154 0.711538 0.972756 0.711538 0.972756 0.713141 0.974359 0.713141 0.658654 0.748397 0.658654 0.751603 0.657051 0.753205 0.652244 0.754808 0.650641 0.754808 0.647436 0.754808 0.645833 0.754808 0.645833 0.753205 0.644231 0.753205 0.644231 0.751603 0.639423 0.751603 0.639423 0.750000 0.639423 0.748397 0.641026 0.745192 0.642628 0.740385 0.647436 0.738782 0.653846 0.741987 0.655449 0.741987 0.655449 0.743590 0.657051 0.743590 0.246795 0.341346 0.246795 0.342949 0.246795 0.347756 0.245192 0.347756 0.243590 0.349359 0.241987 0.352564 0.240385 0.352564 0.238782 0.349359 0.238782 0.352564 0.237179 0.349359 0.235577 0.349359 0.233974 0.349359 0.232372 0.349359 0.230769 0.349359
0 0.230769 0.347756 0.225962 0.347756 0.227564 0.346154 0.225962 0.342949 0.221154 0.339744 0.222756 0.338141 0.222756 0.336538 0.224359 0.333333 0.225962 0.333333 0.227564 0.333333 0.230769 0.330128 0.229167 0.333333 0.232372 0.330128 0.232372 0.331731 0.233974 0.331731 0.235577 0.331731 0.237179 0.331731 0.238782 0.333333 0.240385 0.333333 0.241987 0.334936 0.243590 0.336538 0.245192 0.336538 0.245192 0.338141 0.703526 0.905449 0.706731 0.905449 0.705128 0.907051 0.705128 0.908654 0.703526 0.910256 0.700321 0.911859 0.698718 0.911859 0.698718 0.913462 0.695513 0.910256 0.695513 0.911859 0.693910 0.911859 0.692308 0.908654 0.690705 0.910256 0.690705 0.908654 0.685897 0.908654 0.687500 0.907051 0.684295 0.905449 0.684295 0.903846 0.685897 0.900641 0.687500 0.895833 0.690705 0.895833 0.692308 0.895833 0.693910 0.895833 0.695513 0.895833 0.697115 0.895833 0.698718 0.895833 0.700321 0.897436 0.701923 0.897436 0.701923 0.899038 0.703526 0.899038 0.703526 0.900641 0.705128 0.902244 0.296474 0.527244 0.298077 0.527244 0.298077 0.528846 0.299679 0.528846 0.301282 0.525641 0.302885 0.527244 0.306090 0.528846 0.306090 0.530449
0 0.307692 0.530449 0.309295 0.532051 0.312500 0.538462 0.310897 0.543269 0.309295 0.544872 0.307692 0.544872 0.307692 0.546474 0.306090 0.546474 0.304487 0.546474 0.302885 0.546474 0.296474 0.544872 0.296474 0.543269 0.294872 0.543269 0.294872 0.541667 0.293269 0.541667 0.293269 0.540064 0.288462 0.540064 0.288462 0.538462 0.290064 0.535256 0.290064 0.533654 0.290064 0.532051 0.291667 0.528846 0.291667 0.530449 0.294872 0.527244 0.250000 0.437500 0.251603 0.437500 0.253205 0.437500 0.254808 0.437500 0.256410 0.437500 0.258013 0.437500 0.258013 0.439103 0.259615 0.439103 0.261218 0.440705 0.262821 0.442308 0.264423 0.442308 0.266026 0.443910 0.266026 0.445513 0.267628 0.447115 0.267628 0.448718 0.267628 0.450321 0.266026 0.451923 0.267628 0.453526 0.266026 0.453526 0.266026 0.455128 0.264423 0.458333 0.261218 0.459936 0.259615 0.459936
0 0.259615 0.461538 0.256410 0.458333 0.256410 0.459936 0.250000 0.458333 0.248397 0.456731 0.248397 0.455128 0.246795 0.451923 0.245192 0.451923 0.241987 0.450321 0.246795 0.448718 0.241987 0.448718 0.241987 0.447115 0.241987 0.445513 0.241987 0.443910 0.243590 0.443910 0.243590 0.442308 0.246795 0.439103 0.620192 0.713141 0.618590 0.714744 0.618590 0.716346 0.620192 0.717949 0.618590 0.717949 0.620192 0.719551 0.618590 0.719551 0.620192 0.721154 0.618590 0.722756 0.618590 0.724359 0.616987 0.724359 0.615385 0.725962 0.613782 0.725962 0.612179 0.725962 0.610577 0.725962 0.608974 0.725962 0.607372 0.725962 0.605769 0.725962 0.604167 0.725962 0.596154 0.721154 0.592949 0.722756 0.591346 0.719551 0.594551 0.717949 0.592949 0.716346 0.589744 0.714744 0.589744 0.713141 0.589744 0.711538 0.591346 0.711538 0.591346 0.709936 0.592949 0.708333 0.594551 0.706731 0.596154 0.706731 0.597756 0.703526 0.599359 0.703526 0.600962 0.705128 0.602564 0.701923 0.604167 0.703526 0.605769 0.703526 0.608974 0.705128 0.610577 0.705128 0.612179 0.706731 0.613782 0.706731 0.613782 0.708333 0.615385 0.708333 0.615385 0.709936 0.616987 0.709936 0.616987 0.711538 0.368590 0.625000 0.370192 0.625000 0.370192 0.626603 0.373397 0.623397 0.373397 0.625000
0 0.375000 0.625000 0.378205 0.626603 0.381410 0.628205 0.381410 0.629808 0.383013 0.629808 0.383013 0.631410 0.384615 0.631410 0.384615 0.633013 0.386218 0.636218 0.386218 0.637821 0.384615 0.637821 0.384615 0.639423 0.383013 0.639423 0.381410 0.639423 0.379808 0.639423 0.378205 0.639423 0.376603 0.639423 0.375000 0.639423 0.371795 0.637821 0.371795 0.639423 0.370192 0.639423 0.370192 0.637821 0.365385 0.637821 0.366987 0.636218 0.363782 0.634615 0.363782 0.633013 0.366987 0.628205 0.366987 0.629808 0.745192 0.891026 0.741987 0.892628 0.743590 0.892628 0.741987 0.894231 0.740385 0.895833 0.741987 0.899038 0.738782 0.895833 0.738782 0.897436 0.737179 0.897436 0.735577 0.897436 0.733974 0.897436 0.732372 0.897436 0.730769 0.897436 0.727564 0.897436 0.725962 0.897436 0.725962 0.895833 0.724359 0.895833 0.722756 0.892628 0.721154 0.894231 0.719551 0.891026 0.716346 0.892628 0.717949 0.889423 0.714744 0.887821 0.714744 0.886218 0.714744 0.884615 0.716346 0.884615
0 0.716346 0.883013 0.717949 0.881410 0.719551 0.878205 0.719551 0.879808 0.722756 0.876603 0.724359 0.876603 0.725962 0.876603 0.729167 0.876603 0.729167 0.879808 0.730769 0.876603 0.733974 0.878205 0.733974 0.879808 0.738782 0.881410 0.740385 0.881410 0.741987 0.886218 0.741987 0.887821 0.743590 0.887821 0.469551 0.758013 0.466346 0.758013 0.464744 0.758013 0.464744 0.759615 0.463141 0.759615 0.461538 0.759615 0.459936 0.759615 0.458333 0.759615 0.448718 0.758013 0.451923 0.756410 0.451923 0.754808 0.451923 0.753205 0.451923 0.750000 0.451923 0.748397 0.453526 0.745192 0.455128 0.745192 0.464744 0.748397 0.464744 0.750000 0.466346 0.750000 0.466346 0.751603 0.467949 0.751603 0.467949 0.753205 0.467949 0.754808 0.350962 0.325321 0.349359 0.326923 0.350962 0.328526 0.349359 0.330128 0.347756 0.330128 0.347756 0.331731 0.346154 0.331731 0.346154 0.333333 0.342949 0.330128 0.342949 0.331731 0.341346 0.331731 0.339744 0.331731 0.339744 0.330128 0.338141 0.330128 0.338141 0.328526 0.333333 0.328526 0.333333 0.326923 0.334936 0.325321 0.331731 0.323718 0.333333 0.320513 0.333333 0.322115 0.336538 0.318910 0.338141 0.318910 0.339744 0.318910 0.341346 0.318910 0.347756 0.320513
0 0.347756 0.322115 0.349359 0.322115 0.636218 0.737179 0.636218 0.738782 0.636218 0.741987 0.636218 0.743590 0.634615 0.743590 0.633013 0.743590 0.631410 0.743590 0.623397 0.740385 0.621795 0.740385 0.621795 0.738782 0.616987 0.738782 0.616987 0.737179 0.616987 0.735577 0.616987 0.733974 0.616987 0.732372 0.618590 0.732372 0.618590 0.730769 0.620192 0.730769 0.621795 0.727564 0.625000 0.727564 0.626603 0.727564 0.628205 0.727564 0.634615 0.730769 0.636218 0.730769 0.636218 0.732372 0.637821 0.733974 0.604167 0.863782 0.602564 0.863782 0.602564 0.865385 0.602564 0.866987 0.597756 0.868590 0.596154 0.868590 0.596154 0.870192 0.581731 0.866987 0.584936 0.863782 0.583333 0.862179 0.580128 0.860577 0.580128 0.858974 0.580128 0.857372 0.581731 0.857372 0.583333 0.854167 0.586538 0.852564 0.588141 0.852564 0.589744 0.852564 0.591346 0.852564 0.597756 0.855769 0.599359 0.855769 0.600962 0.858974 0.600962 0.860577 0.477564 0.355769 0.479167 0.355769 0.479167 0.358974 0.482372 0.355769 0.483974 0.357372 0.485577 0.357372 0.487179 0.357372 0.487179 0.358974
0 0.488782 0.358974 0.490385 0.360577 0.491987 0.360577 0.491987 0.362179 0.493590 0.362179 0.493590 0.363782 0.495192 0.365385 0.495192 0.366987 0.495192 0.368590 0.495192 0.370192 0.493590 0.371795 0.495192 0.371795 0.493590 0.373397 0.493590 0.375000 0.491987 0.376603 0.490385 0.376603 0.490385 0.378205 0.488782 0.378205 0.488782 0.379808 0.487179 0.381410 0.485577 0.378205 0.483974 0.378205 0.480769 0.378205 0.479167 0.375000 0.477564 0.376603 0.475962 0.375000 0.475962 0.373397 0.471154 0.373397 0.472756 0.371795 0.469551 0.370192 0.469551 0.368590 0.471154 0.365385 0.471154 0.362179 0.471154 0.360577 0.472756 0.360577 0.474359 0.357372 0.475962 0.357372 0.525641 0.725962 0.525641 0.727564 0.525641 0.729167 0.524038 0.730769 0.522436 0.730769 0.522436 0.732372 0.520833 0.732372 0.520833 0.733974 0.519231 0.733974 0.517628 0.733974 0.516026 0.733974 0.516026 0.735577 0.512821 0.732372 0.512821 0.733974 0.511218 0.733974 0.509615 0.733974 0.509615 0.732372 0.508013 0.732372 0.508013 0.730769 0.506410 0.730769
0 0.506410 0.729167 0.501603 0.729167 0.501603 0.727564 0.501603 0.725962 0.501603 0.724359 0.501603 0.722756 0.501603 0.719551 0.503205 0.717949 0.504808 0.716346 0.506410 0.716346 0.508013 0.716346 0.509615 0.714744 0.509615 0.716346 0.512821 0.713141 0.512821 0.714744 0.514423 0.714744 0.524038 0.717949 0.524038 0.719551 0.525641 0.719551 0.525641 0.721154 0.527244 0.722756 0.235577 0.649038 0.230769 0.650641 0.235577 0.650641 0.230769 0.652244 0.233974 0.650641 0.232372 0.653846 0.230769 0.653846 0.230769 0.655449 0.229167 0.655449 0.227564 0.655449 0.225962 0.655449 0.224359 0.655449 0.224359 0.657051 0.222756 0.657051 0.222756 0.655449 0.221154 0.655449 0.219551 0.652244 0.217949 0.653846 0.214744 0.652244 0.214744 0.650641 0.214744 0.649038 0.214744 0.647436 0.216346 0.645833 0.217949 0.642628 0.219551 0.642628 0.221154 0.642628 0.222756 0.642628 0.224359 0.642628 0.225962 0.642628 0.227564 0.642628 0.227564 0.644231 0.230769 0.644231 0.230769 0.645833 0.232372 0.645833 0.232372 0.647436 0.232372 0.612179 0.233974 0.613782 0.232372 0.613782 0.232372 0.615385 0.230769 0.615385 0.230769 0.616987 0.229167 0.616987
0 0.229167 0.618590 0.227564 0.618590 0.225962 0.618590 0.224359 0.618590 0.222756 0.618590 0.221154 0.618590 0.219551 0.620192 0.217949 0.616987 0.216346 0.618590 0.214744 0.615385 0.213141 0.615385 0.213141 0.613782 0.211538 0.613782 0.211538 0.612179 0.206731 0.612179 0.208333 0.610577 0.205128 0.608974 0.205128 0.607372 0.205128 0.605769 0.206731 0.604167 0.206731 0.602564 0.208333 0.602564 0.209936 0.599359 0.211538 0.599359 0.216346 0.597756 0.217949 0.597756 0.222756 0.599359 0.225962 0.600962 0.227564 0.600962 0.229167 0.602564 0.230769 0.602564 0.230769 0.604167 0.232372 0.605769 0.233974 0.608974 0.214744 0.291667 0.213141 0.291667 0.213141 0.293269 0.213141 0.294872 0.213141 0.296474 0.211538 0.296474 0.211538 0.298077 0.208333 0.301282 0.206731 0.298077 0.203526 0.298077 0.201923 0.298077 0.201923 0.296474 0.200321 0.296474 0.200321 0.294872 0.195513 0.294872 0.195513 0.293269 0.195513 0.291667 0.195513 0.290064 0.195513 0.288462 0.197115 0.288462 0.198718 0.285256 0.200321 0.286859 0.203526 0.283654 0.201923 0.286859 0.205128 0.283654 0.208333 0.285256 0.208333 0.286859
0 0.209936 0.286859 0.209936 0.288462 0.211538 0.288462 0.684295 0.373397 0.679487 0.375000 0.682692 0.373397 0.682692 0.375000 0.681090 0.379808 0.679487 0.379808 0.679487 0.381410 0.677885 0.381410 0.677885 0.383013 0.676282 0.383013 0.674679 0.383013 0.673077 0.383013 0.671474 0.383013 0.669872 0.383013 0.668269 0.384615 0.668269 0.383013 0.663462 0.383013 0.665064 0.379808 0.663462 0.379808 0.661859 0.379808 0.661859 0.378205 0.657051 0.378205 0.658654 0.376603 0.655449 0.375000 0.657051 0.371795 0.653846 0.370192 0.655449 0.368590 0.655449 0.365385 0.657051 0.365385 0.658654 0.362179 0.660256 0.363782 0.661859 0.360577 0.663462 0.360577 0.665064 0.360577 0.666667 0.360577 0.668269 0.362179 0.669872 0.362179 0.671474 0.362179 0.673077 0.362179 0.676282 0.363782 0.676282 0.365385 0.677885 0.365385 0.677885 0.366987
0 0.679487 0.366987 0.679487 0.368590 0.681090 0.368590 0.681090 0.370192 0.751603 0.910256 0.750000 0.913462 0.750000 0.915064 0.748397 0.915064 0.748397 0.916667 0.746795 0.916667 0.745192 0.918269 0.743590 0.918269 0.738782 0.915064 0.737179 0.916667 0.735577 0.915064 0.732372 0.913462 0.732372 0.911859 0.735577 0.910256 0.735577 0.908654 0.732372 0.907051 0.732372 0.905449 0.733974 0.902244 0.735577 0.902244 0.737179 0.902244 0.738782 0.902244 0.740385 0.902244 0.741987 0.902244 0.743590 0.902244 0.745192 0.902244 0.748397 0.903846 0.748397 0.905449 0.750000 0.907051 0.612179 0.641026 0.612179 0.642628 0.612179 0.644231 0.610577 0.645833 0.607372 0.649038 0.605769 0.645833 0.604167 0.645833 0.600962 0.644231 0.599359 0.645833 0.599359 0.644231 0.594551 0.644231 0.594551 0.642628 0.596154 0.641026 0.592949 0.639423 0.592949 0.636218 0.594551 0.636218 0.596154 0.633013 0.597756 0.633013 0.597756 0.634615 0.600962 0.631410 0.599359 0.634615 0.602564 0.631410 0.604167 0.631410 0.605769 0.633013 0.607372 0.634615 0.608974 0.634615 0.610577 0.636218 0.474359 0.490385 0.474359 0.491987 0.475962 0.491987
0 0.474359 0.493590 0.474359 0.496795 0.472756 0.498397 0.471154 0.500000 0.469551 0.500000 0.467949 0.501603 0.466346 0.498397 0.464744 0.498397 0.463141 0.498397 0.461538 0.498397 0.458333 0.496795 0.455128 0.496795 0.453526 0.493590 0.450321 0.491987 0.450321 0.490385 0.451923 0.487179 0.451923 0.483974 0.453526 0.483974 0.455128 0.480769 0.455128 0.482372 0.456731 0.482372 0.458333 0.479167 0.459936 0.479167 0.461538 0.479167 0.463141 0.479167 0.463141 0.482372 0.464744 0.479167 0.466346 0.480769 0.467949 0.480769 0.469551 0.482372 0.472756 0.483974 0.474359 0.485577 0.475962 0.485577 0.475962 0.487179 0.399038 0.565705 0.397436 0.567308 0.395833 0.567308 0.395833 0.568910 0.394231 0.568910 0.392628 0.570513 0.391026 0.570513 0.391026 0.572115 0.387821 0.568910 0.387821 0.572115 0.386218 0.568910 0.384615 0.570513 0.384615 0.568910 0.383013 0.568910 0.383013 0.567308 0.378205 0.567308 0.378205 0.565705 0.383013 0.564103 0.379808 0.562500 0.379808 0.560897 0.381410 0.559295 0.384615 0.556090 0.386218 0.556090 0.387821 0.556090 0.389423 0.556090 0.392628 0.557692 0.395833 0.559295 0.397436 0.560897 0.397436 0.562500
0 0.419872 0.637821 0.418269 0.639423 0.416667 0.642628 0.415064 0.644231 0.415064 0.645833 0.411859 0.645833 0.410256 0.645833 0.408654 0.645833 0.400641 0.644231 0.400641 0.642628 0.400641 0.641026 0.399038 0.641026 0.399038 0.639423 0.394231 0.639423 0.394231 0.637821 0.394231 0.636218 0.394231 0.634615 0.394231 0.633013 0.395833 0.631410 0.397436 0.628205 0.399038 0.628205 0.400641 0.628205 0.405449 0.626603 0.408654 0.626603 0.413462 0.629808 0.415064 0.629808 0.415064 0.631410 0.416667 0.631410 0.418269 0.634615 0.187500 0.639423 0.187500 0.637821 0.190705 0.639423 0.192308 0.639423 0.197115 0.637821 0.195513 0.637821 0.203526 0.639423 0.201923 0.641026 0.203526 0.642628 0.203526 0.644231 0.203526 0.645833 0.203526 0.647436 0.203526 0.649038 0.201923 0.649038 0.201923 0.650641 0.200321 0.650641 0.198718 0.650641 0.197115 0.650641 0.193910 0.649038 0.193910 0.650641 0.192308 0.650641 0.190705 0.647436 0.189103 0.649038 0.185897 0.647436 0.187500 0.645833
0 0.184295 0.644231 0.184295 0.642628 0.185897 0.639423 0.809295 0.538462 0.814103 0.538462 0.812500 0.535256 0.815705 0.535256 0.817308 0.535256 0.818910 0.535256 0.820513 0.535256 0.822115 0.536859 0.823718 0.536859 0.825321 0.538462 0.826923 0.540064 0.828526 0.541667 0.826923 0.543269 0.828526 0.544872 0.826923 0.546474 0.826923 0.548077 0.825321 0.548077 0.825321 0.549679 0.823718 0.549679 0.822115 0.549679 0.820513 0.549679 0.818910 0.549679 0.817308 0.549679 0.815705 0.549679 0.814103 0.546474 0.812500 0.548077 0.812500 0.546474 0.812500 0.544872 0.807692 0.544872 0.809295 0.541667 0.810897 0.538462 0.581731 0.831731 0.583333 0.830128 0.584936 0.830128 0.586538 0.830128 0.586538 0.828526 0.589744 0.825321 0.589744 0.826923 0.592949 0.823718 0.594551 0.825321 0.600962 0.828526 0.600962 0.830128 0.605769 0.836538 0.604167 0.838141 0.605769 0.838141 0.604167 0.839744 0.605769 0.839744 0.604167 0.841346 0.604167 0.844551 0.602564 0.841346 0.600962 0.842949 0.599359 0.842949 0.597756 0.842949 0.596154 0.842949 0.594551 0.842949
0 0.586538 0.841346 0.586538 0.839744 0.586538 0.838141 0.581731 0.838141 0.581731 0.836538 0.581731 0.834936 0.583333 0.831731 0.157051 0.258013 0.157051 0.259615 0.158654 0.259615 0.157051 0.261218 0.155449 0.261218 0.153846 0.261218 0.152244 0.261218 0.150641 0.261218 0.149038 0.261218 0.144231 0.261218 0.147436 0.259615 0.147436 0.258013 0.142628 0.258013 0.142628 0.256410 0.142628 0.254808 0.142628 0.253205 0.145833 0.250000 0.147436 0.250000 0.149038 0.250000 0.150641 0.250000 0.153846 0.250000 0.153846 0.251603 0.155449 0.251603 0.155449 0.253205 0.157051 0.253205 0.158654 0.254808 0.331731 0.629808 0.331731 0.631410 0.334936 0.628205 0.336538 0.628205 0.338141 0.628205 0.339744 0.628205 0.339744 0.629808 0.344551 0.631410 0.346154 0.631410 0.346154 0.633013 0.347756 0.634615 0.347756 0.636218 0.347756 0.637821 0.347756 0.639423 0.346154 0.639423 0.346154 0.641026 0.344551 0.641026
0 0.342949 0.642628 0.339744 0.641026 0.339744 0.644231 0.338141 0.641026 0.338141 0.642628 0.336538 0.642628 0.336538 0.641026 0.334936 0.641026 0.334936 0.639423 0.330128 0.639423 0.331731 0.637821 0.328526 0.636218 0.331731 0.634615 0.330128 0.631410 0.294872 0.620192 0.294872 0.621795 0.294872 0.623397 0.293269 0.623397 0.293269 0.625000 0.291667 0.626603 0.290064 0.628205 0.290064 0.629808 0.286859 0.626603 0.286859 0.629808 0.285256 0.626603 0.283654 0.626603 0.280449 0.626603 0.280449 0.625000 0.275641 0.625000 0.277244 0.623397 0.275641 0.620192 0.275641 0.618590 0.275641 0.616987 0.277244 0.615385 0.280449 0.612179 0.278846 0.615385 0.282051 0.612179 0.283654 0.612179 0.283654 0.615385 0.285256 0.612179 0.290064 0.615385 0.291667 0.615385 0.293269 0.616987 0.705128 0.413462 0.703526 0.413462 0.703526 0.415064 0.705128 0.418269 0.703526 0.421474 0.703526 0.423077 0.701923 0.423077 0.701923 0.424679 0.700321 0.424679 0.698718 0.424679 0.697115 0.424679 0.695513 0.424679 0.690705 0.423077 0.689103 0.423077 0.685897 0.423077 0.685897 0.421474 0.684295 0.418269 0.682692 0.418269
0 0.679487 0.416667 0.682692 0.415064 0.681090 0.411859 0.679487 0.411859 0.679487 0.408654 0.681090 0.408654 0.682692 0.405449 0.682692 0.407051 0.685897 0.403846 0.684295 0.407051 0.687500 0.403846 0.689103 0.403846 0.690705 0.403846 0.692308 0.403846 0.697115 0.405449 0.698718 0.407051 0.700321 0.408654 0.701923 0.410256 0.514423 0.759615 0.512821 0.762821 0.511218 0.762821 0.509615 0.762821 0.508013 0.762821 0.504808 0.762821 0.504808 0.761218 0.500000 0.761218 0.501603 0.758013 0.503205 0.753205 0.504808 0.753205 0.506410 0.753205 0.508013 0.753205 0.509615 0.753205 0.511218 0.754808 0.512821 0.756410 0.378205 0.551282 0.379808 0.552885 0.378205 0.552885 0.376603 0.554487 0.375000 0.554487 0.371795 0.552885 0.368590 0.554487 0.366987 0.552885 0.363782 0.551282 0.363782 0.549679 0.363782 0.548077 0.366987 0.546474 0.363782 0.543269 0.365385 0.543269 0.370192 0.541667 0.375000 0.543269 0.378205 0.544872 0.379808 0.548077 0.591346 0.612179 0.589744 0.613782
0 0.589744 0.615385 0.588141 0.615385 0.588141 0.616987 0.586538 0.616987 0.584936 0.616987 0.583333 0.616987 0.576923 0.615385 0.573718 0.613782 0.573718 0.612179 0.573718 0.610577 0.575321 0.605769 0.578526 0.604167 0.580128 0.604167 0.581731 0.604167 0.584936 0.605769 0.588141 0.607372 0.589744 0.607372 0.589744 0.608974 0.713141 0.820513 0.711538 0.823718 0.708333 0.823718 0.708333 0.826923 0.706731 0.823718 0.705128 0.825321 0.703526 0.825321 0.703526 0.826923 0.698718 0.826923 0.700321 0.823718 0.697115 0.823718 0.695513 0.820513 0.693910 0.820513 0.690705 0.818910 0.692308 0.815705 0.693910 0.810897 0.698718 0.807692 0.700321 0.809295 0.701923 0.809295 0.703526 0.809295 0.705128 0.809295 0.706731 0.810897 0.708333 0.812500 0.708333 0.814103 0.709936 0.814103 0.709936 0.815705 0.711538 0.815705 0.711538 0.817308 0.450321 0.745192 0.447115 0.746795 0.448718 0.746795 0.448718 0.748397 0.448718 0.750000 0.448718 0.751603
0 0.448718 0.753205 0.447115 0.753205 0.447115 0.754808 0.445513 0.754808 0.447115 0.758013 0.443910 0.754808 0.443910 0.758013 0.442308 0.754808 0.440705 0.754808 0.439103 0.754808 0.437500 0.754808 0.434295 0.754808 0.432692 0.753205 0.432692 0.751603 0.431090 0.751603 0.431090 0.750000 0.426282 0.750000 0.427885 0.746795 0.427885 0.743590 0.431090 0.738782 0.427885 0.737179 0.432692 0.733974 0.434295 0.733974 0.435897 0.733974 0.437500 0.733974 0.439103 0.733974 0.443910 0.735577 0.443910 0.737179 0.445513 0.737179 0.445513 0.738782 0.447115 0.738782 0.447115 0.740385 0.447115 0.741987 0.448718 0.741987 0.049679 0.572115 0.051282 0.568910 0.052885 0.568910 0.054487 0.568910 0.056090 0.568910 0.057692 0.568910 0.059295 0.568910 0.064103 0.572115 0.065705 0.573718 0.067308 0.573718 0.067308 0.575321 0.068910 0.575321
0 0.070513 0.580128 0.068910 0.580128 0.070513 0.581731 0.068910 0.583333 0.070513 0.583333 0.068910 0.586538 0.067308 0.586538 0.067308 0.588141 0.067308 0.591346 0.065705 0.588141 0.064103 0.589744 0.062500 0.589744 0.060897 0.589744 0.059295 0.589744 0.057692 0.589744 0.048077 0.588141 0.049679 0.586538 0.048077 0.583333 0.044872 0.581731 0.044872 0.580128 0.044872 0.578526 0.044872 0.576923 0.044872 0.575321 0.048077 0.572115 0.280449 0.697115 0.278846 0.698718 0.280449 0.698718 0.278846 0.700321 0.277244 0.701923 0.275641 0.701923 0.275641 0.703526 0.274038 0.703526 0.272436 0.703526 0.270833 0.703526 0.269231 0.703526 0.266026 0.703526 0.266026 0.701923 0.264423 0.701923 0.262821 0.698718 0.259615 0.700321 0.259615 0.697115 0.259615 0.695513 0.259615 0.693910 0.259615 0.692308 0.261218 0.692308 0.262821 0.689103 0.266026 0.687500 0.267628 0.687500
0 0.269231 0.687500 0.274038 0.689103 0.274038 0.690705 0.277244 0.690705 0.277244 0.692308 0.277244 0.693910 0.278846 0.693910 0.804487 0.935897 0.806090 0.937500 0.804487 0.937500 0.804487 0.939103 0.799679 0.940705 0.798077 0.940705 0.796474 0.940705 0.794872 0.942308 0.793269 0.939103 0.791667 0.939103 0.790064 0.940705 0.786859 0.939103 0.788462 0.935897 0.783654 0.937500 0.785256 0.935897 0.783654 0.932692 0.780449 0.931090 0.780449 0.929487 0.782051 0.927885 0.783654 0.924679 0.785256 0.926282 0.786859 0.923077 0.788462 0.924679 0.790064 0.924679 0.791667 0.921474 0.791667 0.924679 0.793269 0.921474 0.794872 0.923077 0.796474 0.923077 0.799679 0.924679 0.801282 0.926282 0.802885 0.926282 0.802885 0.927885 0.804487 0.927885 0.804487 0.929487 0.806090 0.929487 0.806090 0.931090 0.806090 0.932692 0.275641 0.296474 0.275641 0.298077 0.274038 0.298077 0.274038 0.299679 0.272436 0.301282 0.272436 0.302885 0.270833 0.302885 0.269231 0.304487 0.267628 0.304487
0 0.266026 0.304487 0.261218 0.301282 0.258013 0.301282 0.254808 0.299679 0.256410 0.298077 0.253205 0.296474 0.254808 0.294872 0.254808 0.293269 0.256410 0.293269 0.256410 0.291667 0.259615 0.288462 0.261218 0.288462 0.262821 0.288462 0.270833 0.291667 0.272436 0.293269 0.272436 0.294872 0.102564 0.371795 0.100962 0.371795 0.100962 0.373397 0.100962 0.376603 0.099359 0.376603 0.099359 0.378205 0.097756 0.378205 0.096154 0.378205 0.094551 0.378205 0.092949 0.378205 0.091346 0.378205 0.086538 0.376603 0.089744 0.363782 0.094551 0.365385 0.094551 0.366987 0.097756 0.368590 0.099359 0.368590 0.594551 0.474359 0.594551 0.475962 0.596154 0.475962 0.597756 0.475962 0.596154 0.477564 0.594551 0.480769 0.592949 0.483974 0.591346 0.483974 0.589744 0.480769 0.588141 0.483974 0.586538 0.480769 0.584936 0.480769 0.581731 0.479167 0.576923 0.479167 0.578526 0.477564 0.575321 0.475962 0.573718 0.472756 0.575321 0.472756 0.576923 0.472756 0.576923 0.471154 0.580128 0.469551 0.581731 0.469551 0.581731 0.467949
0 0.583333 0.464744 0.584936 0.464744 0.584936 0.467949 0.586538 0.464744 0.591346 0.466346 0.591346 0.467949 0.594551 0.469551 0.596154 0.469551 0.596154 0.471154 0.881410 0.791667 0.878205 0.793269 0.879808 0.793269 0.879808 0.794872 0.879808 0.796474 0.878205 0.796474 0.878205 0.798077 0.876603 0.799679 0.875000 0.799679 0.873397 0.799679 0.871795 0.799679 0.870192 0.799679 0.870192 0.801282 0.868590 0.801282 0.866987 0.798077 0.865385 0.799679 0.865385 0.798077 0.860577 0.798077 0.862179 0.796474 0.860577 0.794872 0.858974 0.791667 0.858974 0.788462 0.860577 0.788462 0.862179 0.785256 0.862179 0.786859 0.865385 0.783654 0.866987 0.783654 0.868590 0.783654 0.870192 0.783654 0.871795 0.783654 0.870192 0.786859 0.873397 0.783654 0.873397 0.785256 0.875000 0.785256
0 0.875000 0.786859 0.876603 0.786859 0.876603 0.788462 0.878205 0.788462 0.879808 0.788462 0.929487 0.782051 0.927885 0.778846 0.927885 0.780449 0.924679 0.777244 0.924679 0.780449 0.923077 0.777244 0.919872 0.775641 0.918269 0.775641 0.918269 0.774038 0.913462 0.774038 0.915064 0.772436 0.913462 0.769231 0.915064 0.766026 0.918269 0.764423 0.919872 0.764423 0.921474 0.764423 0.923077 0.767628 0.924679 0.764423 0.929487 0.766026 0.931090 0.770833 0.932692 0.774038 0.931090 0.777244 0.421474 0.756410 0.418269 0.756410 0.416667 0.756410 0.416667 0.759615 0.415064 0.756410 0.413462 0.758013 0.411859 0.758013 0.410256 0.758013 0.407051 0.756410 0.403846 0.756410 0.403846 0.754808 0.399038 0.754808 0.400641 0.753205 0.397436 0.751603 0.397436 0.750000 0.397436 0.748397 0.397436 0.746795 0.397436 0.745192 0.399038 0.745192 0.399038 0.743590 0.402244 0.740385 0.400641 0.743590 0.403846 0.740385 0.405449 0.740385 0.407051 0.740385 0.415064 0.743590 0.415064 0.745192 0.416667 0.745192 0.416667 0.746795 0.416667 0.748397 0.418269 0.748397 0.419872 0.751603 0.419872 0.753205 0.568910 0.514423 0.564103 0.516026 0.567308 0.516026 0.565705 0.519231 0.564103 0.519231 0.562500 0.520833 0.560897 0.520833 0.556090 0.519231 0.554487 0.520833 0.554487 0.519231 0.554487 0.517628
0 0.549679 0.517628 0.549679 0.516026 0.549679 0.514423 0.549679 0.512821 0.551282 0.511218 0.551282 0.509615 0.554487 0.506410 0.556090 0.506410 0.557692 0.506410 0.560897 0.508013 0.560897 0.509615 0.564103 0.509615 0.564103 0.511218 0.565705 0.511218 0.565705 0.512821 0.766026 0.822115 0.766026 0.825321 0.762821 0.826923 0.761218 0.828526 0.759615 0.828526 0.758013 0.828526 0.753205 0.826923 0.751603 0.828526 0.750000 0.826923 0.748397 0.823718 0.746795 0.825321 0.745192 0.823718 0.745192 0.822115 0.740385 0.822115 0.743590 0.820513 0.743590 0.818910 0.738782 0.818910 0.743590 0.817308 0.740385 0.815705 0.741987 0.812500 0.741987 0.814103 0.743590 0.809295 0.745192 0.810897 0.746795 0.807692 0.748397 0.807692 0.750000 0.807692 0.751603 0.807692 0.753205 0.807692 0.754808 0.807692 0.759615 0.809295 0.762821 0.810897 0.762821 0.812500 0.764423 0.812500 0.764423 0.814103 0.766026 0.814103 0.766026 0.815705 0.766026 0.817308 0.767628 0.818910 0.224359 0.447115 0.224359 0.448718 0.224359 0.450321 0.224359 0.451923 0.222756 0.451923 0.222756 0.453526 0.221154 0.453526 0.219551 0.455128 0.217949 0.451923 0.216346 0.451923 0.214744 0.448718 0.214744 0.450321 0.209936 0.450321 0.209936 0.448718 0.209936 0.447115
0 0.209936 0.445513 0.209936 0.443910 0.211538 0.443910 0.213141 0.440705 0.213141 0.442308 0.216346 0.439103 0.219551 0.440705 0.221154 0.440705 0.224359 0.442308 0.225962 0.443910 0.399038 0.375000 0.399038 0.376603 0.395833 0.375000 0.395833 0.376603 0.392628 0.376603 0.391026 0.376603 0.389423 0.376603 0.383013 0.375000 0.383013 0.373397 0.378205 0.373397 0.379808 0.371795 0.376603 0.370192 0.376603 0.368590 0.376603 0.366987 0.378205 0.365385 0.379808 0.362179 0.383013 0.360577 0.384615 0.360577 0.386218 0.360577 0.392628 0.363782 0.394231 0.363782 0.394231 0.365385 0.395833 0.365385 0.395833 0.366987 0.397436 0.368590 0.397436 0.370192 0.397436 0.371795 0.272436 0.253205 0.275641 0.251603 0.277244 0.251603 0.278846 0.253205 0.282051 0.250000
0 0.280449 0.253205 0.283654 0.250000 0.286859 0.251603 0.286859 0.253205 0.288462 0.253205 0.290064 0.254808 0.290064 0.256410 0.291667 0.256410 0.291667 0.258013 0.293269 0.258013 0.294872 0.262821 0.294872 0.264423 0.294872 0.266026 0.294872 0.267628 0.293269 0.267628 0.293269 0.269231 0.291667 0.269231 0.291667 0.270833 0.290064 0.270833 0.288462 0.270833 0.286859 0.270833 0.285256 0.270833 0.278846 0.269231 0.278846 0.267628 0.277244 0.267628 0.277244 0.266026 0.275641 0.266026 0.275641 0.264423 0.270833 0.264423 0.270833 0.262821 0.270833 0.261218 0.272436 0.258013 0.599359 0.559295 0.599359 0.560897 0.597756 0.560897 0.597756 0.564103 0.596154 0.564103 0.596154 0.565705 0.594551 0.565705 0.592949 0.567308 0.591346 0.567308 0.589744 0.567308 0.588141 0.567308 0.586538 0.567308 0.583333 0.567308 0.581731 0.564103 0.580128 0.564103 0.575321 0.564103 0.576923 0.562500 0.573718 0.560897 0.573718 0.559295 0.575321 0.556090 0.573718 0.552885
0 0.575321 0.549679 0.581731 0.548077 0.581731 0.549679 0.584936 0.546474 0.586538 0.551282 0.589744 0.548077 0.591346 0.549679 0.592949 0.551282 0.594551 0.552885 0.596154 0.554487 0.597756 0.556090 0.586538 0.391026 0.583333 0.389423 0.583333 0.391026 0.581731 0.391026 0.580128 0.391026 0.578526 0.391026 0.576923 0.391026 0.575321 0.392628 0.573718 0.389423 0.572115 0.391026 0.567308 0.389423 0.567308 0.387821 0.562500 0.387821 0.565705 0.386218 0.565705 0.384615 0.565705 0.383013 0.564103 0.379808 0.565705 0.378205 0.565705 0.376603 0.568910 0.373397 0.570513 0.373397 0.578526 0.376603 0.580128 0.378205 0.581731 0.379808 0.583333 0.381410 0.584936 0.383013 0.583333 0.383013 0.584936 0.386218 0.395833 0.653846 0.392628 0.653846 0.391026 0.653846 0.389423 0.653846 0.387821 0.655449 0.386218 0.653846 0.384615 0.650641 0.383013 0.652244 0.379808 0.650641 0.379808 0.649038 0.379808 0.647436 0.379808 0.645833 0.379808 0.644231 0.383013 0.641026 0.386218 0.639423
0 0.392628 0.642628 0.394231 0.642628 0.394231 0.644231 0.395833 0.644231 0.395833 0.645833 0.397436 0.645833 0.397436 0.647436 0.397436 0.649038 0.397436 0.650641 0.360577 0.376603 0.362179 0.376603 0.363782 0.376603 0.366987 0.378205 0.370192 0.379808 0.370192 0.381410 0.371795 0.381410 0.371795 0.383013 0.373397 0.386218 0.373397 0.387821 0.373397 0.389423 0.375000 0.389423 0.373397 0.391026 0.373397 0.392628 0.371795 0.392628 0.371795 0.394231 0.370192 0.394231 0.368590 0.394231 0.366987 0.394231 0.363782 0.392628 0.362179 0.392628 0.360577 0.392628 0.360577 0.391026 0.355769 0.391026 0.355769 0.389423 0.357372 0.387821 0.354167 0.386218 0.354167 0.384615 0.355769 0.381410 0.355769 0.383013 0.357372 0.378205 0.358974 0.378205 0.360577 0.378205 0.051282 0.528846 0.049679 0.530449 0.048077 0.530449 0.046474 0.530449 0.044872 0.530449 0.040064 0.530449 0.038462 0.528846 0.036859 0.525641 0.035256 0.522436 0.036859 0.517628 0.040064 0.516026 0.041667 0.516026 0.043269 0.516026 0.044872 0.516026 0.046474 0.516026 0.048077 0.516026 0.048077 0.517628 0.049679 0.517628 0.051282 0.517628 0.051282 0.519231 0.052885 0.520833 0.051282 0.522436 0.052885 0.524038 0.052885 0.525641 0.200321 0.578526 0.197115 0.580128 0.197115 0.581731 0.195513 0.581731 0.193910 0.581731 0.192308 0.581731
0 0.190705 0.581731 0.189103 0.578526 0.187500 0.580128 0.184295 0.578526 0.184295 0.576923 0.184295 0.573718 0.185897 0.573718 0.187500 0.570513 0.189103 0.570513 0.190705 0.570513 0.192308 0.570513 0.192308 0.572115 0.193910 0.572115 0.195513 0.572115 0.197115 0.573718 0.197115 0.575321 0.198718 0.575321 0.387821 0.737179 0.389423 0.738782 0.386218 0.740385 0.384615 0.740385 0.383013 0.740385 0.381410 0.740385 0.378205 0.738782 0.376603 0.738782 0.375000 0.740385 0.373397 0.737179 0.368590 0.733974 0.368590 0.732372 0.373397 0.730769 0.368590 0.730769 0.370192 0.727564 0.371795 0.727564 0.373397 0.727564 0.376603 0.724359 0.378205 0.724359 0.379808 0.724359 0.386218 0.727564 0.387821 0.727564 0.389423 0.732372 0.389423 0.733974 0.520833 0.432692 0.516026 0.434295 0.519231 0.434295 0.516026 0.435897 0.517628 0.435897 0.517628 0.437500 0.512821 0.439103 0.511218 0.439103 0.509615 0.439103 0.508013 0.439103 0.504808 0.439103 0.503205 0.435897 0.500000 0.435897 0.496795 0.434295 0.496795 0.432692 0.500000 0.432692 0.496795 0.431090 0.496795 0.429487 0.498397 0.427885 0.500000 0.424679 0.504808 0.423077 0.506410 0.423077 0.508013 0.423077 0.509615 0.423077 0.511218 0.423077 0.512821 0.424679 0.514423 0.424679 0.514423 0.426282 0.516026 0.427885 0.516026 0.429487 0.517628 0.429487 0.517628 0.431090
0 0.697115 0.676282 0.698718 0.677885 0.697115 0.677885 0.695513 0.677885 0.693910 0.679487 0.692308 0.679487 0.690705 0.679487 0.689103 0.679487 0.687500 0.679487 0.681090 0.677885 0.679487 0.674679 0.677885 0.674679 0.676282 0.671474 0.674679 0.668269 0.676282 0.663462 0.677885 0.663462 0.679487 0.663462 0.679487 0.665064 0.681090 0.665064 0.682692 0.661859 0.684295 0.663462 0.687500 0.666667 0.689103 0.663462 0.692308 0.666667 0.693910 0.666667 0.695513 0.668269 0.697115 0.668269 0.697115 0.669872 0.698718 0.669872 0.698718 0.671474 0.700321 0.673077 0.700321 0.674679
0 0.488782 0.791667 0.488782 0.793269 0.491987 0.794872 0.490385 0.794872 0.490385 0.798077 0.488782 0.798077 0.485577 0.799679 0.483974 0.799679 0.483974 0.802885 0.482372 0.799679 0.480769 0.799679 0.479167 0.801282 0.479167 0.799679 0.477564 0.799679 0.475962 0.796474 0.474359 0.796474 0.472756 0.793269 0.469551 0.791667 0.471154 0.790064 0.471154 0.788462 0.472756 0.785256 0.474359 0.786859 0.477564 0.783654 0.479167 0.783654 0.480769 0.783654 0.482372 0.783654 0.485577 0.785256 0.485577 0.786859 0.487179 0.786859 0.487179 0.788462 0.927885 0.665064 0.929487 0.661859 0.932692 0.660256 0.934295 0.660256 0.935897 0.660256 0.935897 0.663462 0.937500 0.660256 0.937500 0.663462 0.939103 0.660256 0.940705 0.661859 0.942308 0.661859 0.943910 0.663462 0.945513 0.665064 0.947115 0.666667 0.948718 0.666667 0.948718 0.668269 0.950321 0.669872 0.951923 0.671474 0.950321 0.671474 0.950321 0.673077 0.951923 0.674679 0.951923 0.676282 0.950321 0.676282 0.950321 0.677885 0.950321 0.679487 0.948718 0.679487
0 0.947115 0.681090 0.945513 0.681090 0.943910 0.681090 0.942308 0.681090 0.939103 0.679487 0.937500 0.679487 0.935897 0.679487 0.934295 0.679487 0.934295 0.677885 0.932692 0.677885 0.932692 0.676282 0.931090 0.676282 0.931090 0.674679 0.926282 0.674679 0.927885 0.671474 0.924679 0.669872 0.924679 0.668269 0.926282 0.665064 0.788462 0.798077 0.785256 0.799679 0.783654 0.799679 0.785256 0.802885 0.783654 0.802885 0.782051 0.799679 0.782051 0.802885 0.780449 0.799679 0.778846 0.799679 0.777244 0.799679 0.774038 0.798077 0.772436 0.799679 0.772436 0.798077 0.767628 0.798077 0.769231 0.796474 0.766026 0.794872 0.767628 0.791667 0.769231 0.786859 0.769231 0.788462 0.770833 0.788462 0.772436 0.785256 0.774038 0.786859 0.775641 0.786859 0.777244 0.786859 0.778846 0.786859 0.782051 0.788462 0.782051 0.790064 0.783654 0.790064 0.785256 0.791667 0.786859 0.794872 0.785256 0.794872 0.342949 0.698718 0.342949 0.701923 0.341346 0.701923
0 0.341346 0.703526 0.339744 0.703526 0.338141 0.703526 0.336538 0.703526 0.334936 0.703526 0.333333 0.703526 0.333333 0.705128 0.330128 0.701923 0.330128 0.705128 0.328526 0.703526 0.328526 0.701923 0.323718 0.701923 0.325321 0.700321 0.322115 0.698718 0.322115 0.697115 0.322115 0.695513 0.323718 0.693910 0.323718 0.692308 0.325321 0.692308 0.326923 0.689103 0.328526 0.689103 0.328526 0.690705 0.331731 0.687500 0.333333 0.687500 0.334936 0.687500 0.342949 0.690705 0.342949 0.692308 0.344551 0.692308 0.344551 0.693910 0.344551 0.695513 0.397436 0.653846 0.399038 0.655449 0.403846 0.658654 0.405449 0.658654 0.407051 0.661859 0.407051 0.663462 0.407051 0.665064 0.405449 0.668269 0.403846 0.669872 0.402244 0.669872 0.402244 0.671474 0.400641 0.671474 0.399038 0.668269 0.397436 0.669872 0.397436 0.668269 0.395833 0.668269 0.395833 0.666667 0.394231 0.666667 0.394231 0.665064 0.389423 0.665064 0.389423 0.663462 0.389423 0.661859 0.394231 0.660256 0.389423 0.660256 0.391026 0.658654
0 0.394231 0.655449 0.395833 0.655449 0.427885 0.738782 0.426282 0.738782 0.426282 0.740385 0.424679 0.740385 0.424679 0.741987 0.423077 0.743590 0.421474 0.740385 0.419872 0.740385 0.418269 0.741987 0.418269 0.740385 0.416667 0.740385 0.415064 0.737179 0.413462 0.738782 0.411859 0.737179 0.408654 0.735577 0.408654 0.733974 0.410256 0.730769 0.411859 0.725962 0.413462 0.725962 0.415064 0.725962 0.416667 0.725962 0.418269 0.725962 0.419872 0.725962 0.427885 0.729167 0.429487 0.732372 0.429487 0.733974 0.258013 0.283654 0.258013 0.285256 0.256410 0.285256 0.254808 0.286859 0.254808 0.288462 0.253205 0.288462 0.251603 0.288462 0.250000 0.288462 0.246795 0.286859 0.246795 0.290064 0.246795 0.288462 0.241987 0.288462 0.243590 0.286859 0.240385 0.285256 0.241987 0.283654 0.238782 0.282051 0.240385 0.280449 0.241987 0.277244 0.243590 0.277244 0.243590 0.278846 0.246795 0.275641 0.246795 0.277244 0.248397 0.277244 0.250000 0.277244 0.251603 0.277244 0.251603 0.278846 0.253205 0.278846 0.253205 0.280449 0.254808 0.280449 0.254808 0.282051 0.959936 0.799679 0.961538 0.802885 0.961538 0.804487 0.961538 0.806090 0.959936 0.809295 0.958333 0.810897
0 0.958333 0.812500 0.956731 0.812500 0.955128 0.809295 0.953526 0.810897 0.950321 0.807692 0.948718 0.810897 0.947115 0.809295 0.947115 0.807692 0.945513 0.807692 0.945513 0.806090 0.940705 0.806090 0.942308 0.804487 0.939103 0.802885 0.940705 0.801282 0.940705 0.799679 0.942308 0.796474 0.945513 0.796474 0.947115 0.793269 0.948718 0.793269 0.950321 0.793269 0.951923 0.793269 0.955128 0.794872 0.958333 0.796474 0.261218 0.488782 0.266026 0.490385 0.262821 0.488782 0.261218 0.490385 0.258013 0.491987 0.256410 0.491987 0.253205 0.490385 0.246795 0.490385 0.250000 0.488782 0.250000 0.487179 0.250000 0.485577 0.248397 0.483974 0.248397 0.480769 0.251603 0.477564 0.253205 0.477564 0.258013 0.479167 0.261218 0.480769 0.261218 0.482372 0.262821 0.482372 0.264423 0.485577 0.661859 0.713141 0.660256 0.713141 0.658654 0.713141 0.658654 0.714744 0.653846 0.714744 0.655449 0.711538 0.650641 0.709936 0.647436 0.711538 0.647436 0.708333 0.647436 0.706731 0.649038 0.705128 0.650641 0.701923 0.653846 0.700321 0.655449 0.701923 0.660256 0.703526 0.661859 0.706731 0.661859 0.708333 0.152244 0.652244 0.152244 0.653846 0.150641 0.657051 0.149038 0.653846 0.147436 0.655449 0.139423 0.650641 0.136218 0.649038 0.136218 0.647436 0.139423 0.644231 0.142628 0.642628 0.144231 0.642628 0.147436 0.644231 0.152244 0.645833
0 0.153846 0.647436 0.153846 0.649038 0.693910 0.766026 0.690705 0.766026 0.689103 0.767628 0.687500 0.767628 0.685897 0.767628 0.684295 0.767628 0.682692 0.767628 0.682692 0.769231 0.681090 0.769231 0.679487 0.766026 0.677885 0.767628 0.676282 0.764423 0.674679 0.764423 0.674679 0.762821 0.669872 0.762821 0.669872 0.761218 0.671474 0.758013 0.673077 0.754808 0.676282 0.753205 0.677885 0.753205 0.679487 0.753205 0.681090 0.753205 0.682692 0.753205 0.684295 0.753205 0.684295 0.754808 0.685897 0.754808 0.687500 0.754808 0.687500 0.756410 0.689103 0.758013 0.690705 0.758013 0.690705 0.759615 0.692308 0.759615 0.692308 0.762821 0.190705 0.402244 0.187500 0.405449 0.187500 0.407051 0.185897 0.407051 0.185897 0.408654 0.181090 0.410256 0.179487 0.410256 0.177885 0.410256 0.174679 0.408654 0.171474 0.408654 0.168269 0.407051 0.169872 0.403846 0.166667 0.402244 0.171474 0.400641 0.166667 0.400641 0.171474 0.399038 0.166667 0.399038 0.168269 0.397436 0.169872 0.395833 0.171474 0.392628 0.176282 0.391026 0.177885 0.392628 0.181090 0.392628 0.182692 0.392628 0.184295 0.394231 0.185897 0.395833 0.187500 0.397436 0.187500 0.399038
0 0.189103 0.399038 0.198718 0.631410 0.198718 0.633013 0.197115 0.633013 0.195513 0.633013 0.195513 0.636218 0.193910 0.636218 0.192308 0.633013 0.190705 0.634615 0.189103 0.634615 0.185897 0.633013 0.182692 0.631410 0.181090 0.631410 0.181090 0.629808 0.176282 0.629808 0.176282 0.628205 0.176282 0.626603 0.176282 0.625000 0.176282 0.623397 0.177885 0.621795 0.179487 0.618590 0.181090 0.618590 0.182692 0.618590 0.184295 0.618590 0.185897 0.618590 0.187500 0.621795 0.189103 0.618590 0.190705 0.620192 0.192308 0.620192 0.193910 0.620192 0.195513 0.621795 0.195513 0.623397 0.197115 0.623397 0.197115 0.625000 0.198718 0.625000 0.198718 0.626603 0.200321 0.626603 0.200321 0.628205 0.282051 0.349359 0.283654 0.349359 0.285256 0.349359 0.285256 0.350962 0.286859 0.350962 0.288462 0.347756 0.288462 0.350962 0.290064 0.347756 0.291667 0.349359 0.291667 0.350962 0.293269 0.350962 0.293269 0.352564 0.294872 0.352564 0.294872 0.354167 0.296474 0.354167 0.296474 0.355769 0.298077 0.355769 0.298077 0.357372 0.298077 0.358974 0.298077 0.360577 0.298077 0.362179 0.296474 0.362179 0.296474 0.363782 0.294872 0.363782
0 0.294872 0.366987 0.293269 0.363782 0.291667 0.366987 0.290064 0.363782 0.286859 0.362179 0.286859 0.365385 0.286859 0.363782 0.285256 0.363782 0.285256 0.362179 0.283654 0.362179 0.283654 0.360577 0.278846 0.360577 0.278846 0.358974 0.277244 0.355769 0.282051 0.355769 0.277244 0.354167 0.278846 0.354167 0.280449 0.350962 0.282051 0.350962 0.708333 0.801282 0.708333 0.802885 0.706731 0.804487 0.705128 0.804487 0.703526 0.804487 0.701923 0.804487 0.700321 0.806090 0.700321 0.804487 0.695513 0.804487 0.697115 0.801282 0.695513 0.801282 0.690705 0.801282 0.692308 0.799679 0.689103 0.798077 0.689103 0.796474 0.689103 0.794872 0.689103 0.793269 0.690705 0.790064 0.690705 0.791667 0.693910 0.788462 0.695513 0.788462
0 0.697115 0.788462 0.698718 0.788462 0.705128 0.791667 0.706731 0.791667 0.706731 0.793269 0.708333 0.793269 0.708333 0.794872 0.709936 0.798077 0.753205 0.536859 0.756410 0.536859 0.758013 0.536859 0.759615 0.533654 0.759615 0.536859 0.761218 0.533654 0.762821 0.535256 0.764423 0.535256 0.769231 0.538462 0.770833 0.538462 0.770833 0.540064 0.772436 0.541667 0.774038 0.544872 0.772436 0.548077 0.772436 0.549679 0.770833 0.549679 0.770833 0.552885 0.769231 0.552885 0.767628 0.549679 0.766026 0.552885 0.764423 0.549679 0.762821 0.549679 0.759615 0.549679 0.759615 0.548077 0.758013 0.548077 0.758013 0.546474 0.753205 0.546474 0.754808 0.543269 0.751603 0.541667 0.756410 0.540064 0.751603 0.540064 0.754808 0.536859 0.314103 0.562500 0.314103 0.564103 0.312500 0.564103 0.310897 0.565705
0 0.309295 0.565705 0.307692 0.565705 0.306090 0.565705 0.306090 0.567308 0.304487 0.567308 0.304487 0.565705 0.302885 0.565705 0.302885 0.564103 0.301282 0.564103 0.299679 0.560897 0.298077 0.560897 0.294872 0.562500 0.294872 0.559295 0.294872 0.557692 0.294872 0.554487 0.296474 0.552885 0.299679 0.549679 0.298077 0.552885 0.301282 0.549679 0.304487 0.551282 0.306090 0.551282 0.307692 0.551282 0.309295 0.551282 0.309295 0.552885 0.310897 0.556090 0.312500 0.559295 0.341346 0.447115 0.339744 0.447115 0.339744 0.448718 0.339744 0.450321 0.339744 0.451923 0.341346 0.453526 0.341346 0.455128 0.339744 0.455128 0.339744 0.456731 0.338141 0.456731 0.338141 0.458333 0.334936 0.459936 0.333333 0.459936 0.331731 0.459936 0.331731 0.461538 0.330128 0.461538 0.328526 0.458333 0.326923 0.459936 0.322115 0.458333 0.322115 0.456731 0.320513 0.456731
0 0.320513 0.455128 0.315705 0.455128 0.318910 0.453526 0.314103 0.451923 0.317308 0.451923 0.315705 0.448718 0.315705 0.445513 0.317308 0.445513 0.317308 0.443910 0.318910 0.443910 0.320513 0.440705 0.320513 0.442308 0.323718 0.439103 0.325321 0.439103 0.326923 0.439103 0.328526 0.439103 0.330128 0.439103 0.330128 0.442308 0.331731 0.439103 0.333333 0.440705 0.334936 0.442308 0.336538 0.442308 0.338141 0.443910 0.259615 0.325321 0.259615 0.326923 0.258013 0.330128 0.254808 0.331731 0.253205 0.331731 0.251603 0.331731 0.250000 0.331731 0.248397 0.331731 0.245192 0.330128 0.243590 0.330128
0 0.241987 0.330128 0.241987 0.328526 0.240385 0.328526 0.240385 0.326923 0.235577 0.326923 0.237179 0.323718 0.235577 0.320513 0.237179 0.315705 0.237179 0.317308 0.240385 0.314103 0.245192 0.312500 0.248397 0.314103 0.250000 0.314103 0.253205 0.315705 0.254808 0.317308 0.254808 0.318910 0.256410 0.318910 0.256410 0.320513 0.302885 0.580128 0.301282 0.584936 0.296474 0.586538 0.294872 0.586538 0.290064 0.584936 0.285256 0.584936 0.286859 0.581731 0.285256 0.578526 0.286859 0.573718 0.286859 0.575321 0.290064 0.572115 0.288462 0.575321 0.291667 0.572115 0.293269 0.572115 0.299679 0.575321 0.299679 0.576923 0.301282 0.576923 0.506410 0.786859 0.506410 0.788462 0.504808 0.791667 0.503205 0.791667 0.501603 0.791667 0.501603 0.794872 0.500000 0.791667 0.500000 0.794872 0.498397 0.791667 0.495192 0.794872 0.496795 0.791667 0.495192 0.793269 0.495192 0.791667 0.493590 0.791667 0.491987 0.788462 0.490385 0.788462 0.488782 0.783654 0.490385 0.778846 0.490385 0.780449 0.493590 0.777244 0.495192 0.777244 0.496795 0.780449 0.498397 0.777244 0.500000 0.778846 0.501603 0.778846 0.503205 0.780449 0.504808 0.780449 0.504808 0.782051 0.504808 0.783654 0.923077 0.879808 0.924679 0.879808 0.926282 0.879808 0.927885 0.879808 0.932692 0.881410 0.932692 0.883013 0.935897 0.883013 0.935897 0.884615 0.937500 0.884615 0.937500 0.886218
0 0.939103 0.887821 0.939103 0.889423 0.937500 0.889423 0.939103 0.891026 0.937500 0.892628 0.932692 0.894231 0.923077 0.892628 0.924679 0.889423 0.923077 0.887821 0.919872 0.886218 0.923077 0.883013 0.357372 0.471154 0.355769 0.467949 0.358974 0.466346 0.358974 0.469551 0.360577 0.466346 0.362179 0.467949 0.363782 0.467949 0.365385 0.467949 0.368590 0.469551 0.368590 0.471154 0.370192 0.471154 0.370192 0.472756 0.371795 0.472756 0.370192 0.474359 0.371795 0.474359 0.370192 0.475962 0.370192 0.479167 0.368590 0.480769 0.368590 0.482372 0.366987 0.483974 0.365385 0.485577 0.363782 0.482372 0.362179 0.483974 0.357372 0.480769 0.357372 0.479167 0.357372 0.477564 0.352564 0.477564 0.352564 0.475962 0.352564 0.474359 0.352564 0.472756 0.354167 0.469551 0.525641 0.685897 0.527244 0.687500 0.527244 0.689103 0.525641 0.695513 0.524038 0.695513 0.524038 0.697115 0.522436 0.697115 0.520833 0.697115 0.516026 0.695513 0.516026 0.693910 0.511218 0.693910 0.512821 0.690705 0.511218 0.687500 0.511218 0.685897 0.512821 0.682692 0.512821 0.685897 0.514423 0.684295 0.517628 0.682692 0.519231 0.682692 0.522436 0.684295 0.466346 0.551282 0.464744 0.552885
0 0.461538 0.554487 0.459936 0.551282 0.458333 0.551282 0.453526 0.551282 0.453526 0.549679 0.448718 0.549679 0.450321 0.548077 0.447115 0.546474 0.450321 0.544872 0.447115 0.543269 0.448718 0.541667 0.450321 0.541667 0.453526 0.541667 0.459936 0.541667 0.461538 0.541667 0.461538 0.543269 0.463141 0.543269 0.463141 0.544872 0.464744 0.544872 0.464744 0.546474 0.464744 0.548077 0.463141 0.549679 0.104167 0.443910 0.105769 0.443910 0.105769 0.445513 0.104167 0.445513 0.104167 0.447115 0.102564 0.447115 0.102564 0.448718 0.100962 0.448718 0.100962 0.450321 0.099359 0.450321 0.096154 0.451923 0.092949 0.450321 0.089744 0.450321 0.088141 0.447115 0.086538 0.447115 0.083333 0.445513 0.083333 0.443910 0.083333 0.442308 0.084936 0.442308 0.084936 0.440705 0.086538 0.440705 0.086538 0.439103 0.088141 0.439103 0.088141 0.437500 0.089744 0.434295 0.091346 0.434295 0.094551 0.432692
0 0.097756 0.434295 0.102564 0.435897 0.104167 0.437500 0.105769 0.439103 0.753205 0.410256 0.748397 0.411859 0.750000 0.411859 0.746795 0.413462 0.746795 0.415064 0.745192 0.415064 0.743590 0.415064 0.741987 0.415064 0.740385 0.418269 0.738782 0.415064 0.733974 0.413462 0.732372 0.413462 0.732372 0.411859 0.727564 0.411859 0.729167 0.410256 0.725962 0.408654 0.725962 0.407051 0.725962 0.405449 0.725962 0.402244 0.727564 0.402244 0.729167 0.399038 0.729167 0.400641 0.732372 0.397436 0.733974 0.397436 0.735577 0.397436 0.737179 0.397436 0.738782 0.397436 0.745192 0.400641 0.746795 0.400641 0.746795 0.402244 0.748397 0.402244 0.748397 0.403846 0.750000 0.405449 0.751603 0.407051 0.750000 0.407051 0.544872 0.706731 0.543269 0.706731 0.543269 0.709936 0.541667 0.706731 0.540064 0.706731 0.540064 0.709936 0.538462 0.706731 0.536859 0.706731 0.532051 0.705128 0.530449 0.705128 0.530449 0.703526 0.528846 0.703526 0.527244 0.700321 0.525641 0.700321 0.525641 0.697115 0.527244 0.697115 0.527244 0.695513 0.528846 0.695513 0.528846 0.693910 0.532051 0.690705 0.533654 0.690705 0.536859 0.692308 0.538462 0.692308 0.541667 0.693910 0.541667 0.695513 0.543269 0.695513 0.543269 0.697115 0.544872 0.698718 0.546474 0.701923 0.381410 0.336538 0.378205 0.336538 0.376603 0.336538 0.370192 0.333333 0.366987 0.331731 0.366987 0.330128
0 0.366987 0.328526 0.368590 0.328526 0.370192 0.325321 0.373397 0.325321 0.381410 0.328526 0.383013 0.331731 0.383013 0.333333 0.224359 0.559295 0.224359 0.560897 0.222756 0.560897 0.222756 0.562500 0.221154 0.562500 0.219551 0.562500 0.217949 0.562500 0.216346 0.562500 0.211538 0.562500 0.209936 0.560897 0.206731 0.559295 0.206731 0.557692 0.206731 0.556090 0.209936 0.552885 0.213141 0.551282 0.214744 0.551282 0.216346 0.551282 0.217949 0.551282 0.219551 0.551282 0.219551 0.552885 0.221154 0.554487 0.222756 0.556090 0.108974 0.580128 0.110577 0.580128 0.110577 0.583333 0.112179 0.580128 0.115385 0.581731 0.115385 0.583333 0.116987 0.583333 0.116987 0.584936 0.118590 0.584936 0.120192 0.584936 0.120192 0.586538 0.121795 0.586538 0.121795 0.588141 0.123397 0.588141 0.121795 0.591346 0.121795 0.592949 0.120192 0.592949 0.120192 0.594551 0.118590 0.594551
0 0.115385 0.594551 0.113782 0.594551 0.112179 0.594551 0.110577 0.596154 0.108974 0.594551 0.107372 0.592949 0.105769 0.589744 0.104167 0.584936 0.105769 0.581731 0.378205 0.434295 0.375000 0.435897 0.376603 0.435897 0.376603 0.437500 0.375000 0.440705 0.375000 0.442308 0.371795 0.442308 0.370192 0.442308 0.368590 0.442308 0.366987 0.442308 0.365385 0.443910 0.363782 0.442308 0.362179 0.440705 0.362179 0.439103 0.362179 0.437500 0.357372 0.437500 0.357372 0.435897 0.358974 0.432692 0.358974 0.431090 0.360577 0.427885 0.360577 0.429487 0.363782 0.426282 0.365385 0.426282 0.366987 0.426282 0.368590 0.426282 0.370192 0.426282 0.371795 0.427885 0.373397 0.427885 0.373397 0.429487 0.375000 0.429487 0.375000 0.431090 0.376603 0.431090 0.564103 0.375000 0.562500 0.375000 0.562500 0.376603 0.562500 0.379808 0.560897 0.383013 0.560897 0.384615 0.559295 0.384615 0.557692 0.384615 0.556090 0.384615 0.556090 0.386218 0.552885 0.383013 0.552885 0.384615 0.548077 0.381410 0.544872 0.379808 0.541667 0.381410 0.544872 0.378205 0.540064 0.376603 0.543269 0.376603 0.540064 0.375000 0.540064 0.373397 0.540064 0.371795 0.540064 0.370192 0.543269 0.366987 0.543269 0.368590 0.546474 0.365385 0.548077 0.365385 0.549679 0.365385 0.554487 0.366987 0.556090 0.366987 0.557692 0.366987 0.557692 0.368590 0.559295 0.368590 0.559295 0.370192 0.560897 0.370192 0.560897 0.371795 0.394231 0.455128 0.400641 0.451923 0.400641 0.453526
0 0.402244 0.453526 0.405449 0.455128 0.408654 0.456731 0.410256 0.458333 0.410256 0.459936 0.411859 0.463141 0.411859 0.464744 0.410256 0.467949 0.408654 0.467949 0.408654 0.469551 0.407051 0.469551 0.405449 0.469551 0.397436 0.466346 0.395833 0.466346 0.391026 0.459936 0.394231 0.456731 0.599359 0.732372 0.597756 0.735577 0.596154 0.735577 0.596154 0.738782 0.594551 0.735577 0.594551 0.738782 0.592949 0.735577 0.591346 0.737179 0.586538 0.735577 0.586538 0.733974 0.581731 0.733974 0.586538 0.732372 0.581731 0.732372 0.581731 0.730769 0.581731 0.729167 0.581731 0.727564 0.583333 0.724359 0.588141 0.722756 0.588141 0.725962 0.589744 0.722756 0.591346 0.724359 0.592949 0.724359 0.594551 0.724359 0.596154 0.724359 0.596154 0.725962 0.597756 0.727564 0.597756 0.729167 0.451923 0.427885 0.450321 0.427885 0.450321 0.429487 0.450321 0.431090 0.448718 0.432692 0.447115 0.434295
0 0.445513 0.434295 0.445513 0.435897 0.443910 0.435897 0.442308 0.435897 0.439103 0.435897 0.435897 0.434295 0.431090 0.435897 0.432692 0.434295 0.431090 0.432692 0.427885 0.431090 0.431090 0.427885 0.427885 0.429487 0.427885 0.426282 0.427885 0.423077 0.429487 0.423077 0.431090 0.419872 0.432692 0.421474 0.434295 0.418269 0.435897 0.418269 0.437500 0.418269 0.439103 0.418269 0.447115 0.421474 0.448718 0.423077 0.448718 0.424679 0.631410 0.628205 0.633013 0.629808 0.633013 0.631410 0.634615 0.631410 0.636218 0.636218 0.636218 0.637821 0.634615 0.637821 0.634615 0.639423 0.633013 0.639423 0.633013 0.641026 0.631410 0.641026 0.629808 0.641026 0.628205 0.642628 0.626603 0.639423
0 0.626603 0.641026 0.625000 0.641026 0.625000 0.639423 0.623397 0.639423 0.623397 0.637821 0.618590 0.637821 0.618590 0.636218 0.618590 0.633013 0.620192 0.629808 0.621795 0.629808 0.626603 0.628205 0.628205 0.628205 0.629808 0.628205 0.125000 0.471154 0.121795 0.471154 0.120192 0.471154 0.120192 0.474359 0.118590 0.474359 0.116987 0.471154 0.115385 0.471154 0.110577 0.469551 0.108974 0.469551 0.108974 0.467949 0.104167 0.467949 0.104167 0.466346 0.107372 0.464744 0.107372 0.463141 0.102564 0.463141 0.105769 0.459936 0.110577 0.458333 0.112179 0.458333 0.113782 0.458333 0.115385 0.458333 0.116987 0.458333 0.120192 0.459936 0.121795 0.461538 0.121795 0.463141 0.123397 0.463141 0.123397 0.464744 0.123397 0.466346 0.123397 0.467949 0.189103 0.677885 0.192308 0.679487 0.190705 0.679487 0.189103 0.679487 0.189103 0.681090 0.185897 0.681090 0.184295 0.681090 0.182692 0.681090 0.182692 0.682692 0.181090 0.682692 0.181090 0.681090 0.179487 0.681090 0.179487 0.679487 0.174679 0.679487 0.174679 0.677885 0.174679 0.676282 0.174679 0.674679 0.176282 0.671474 0.176282 0.673077
0 0.179487 0.669872 0.181090 0.669872 0.182692 0.669872 0.187500 0.671474 0.187500 0.673077 0.189103 0.673077 0.190705 0.674679 0.192308 0.214744 0.193910 0.214744 0.195513 0.214744 0.197115 0.214744 0.198718 0.214744 0.198718 0.216346 0.200321 0.216346 0.200321 0.217949 0.201923 0.217949 0.201923 0.219551 0.203526 0.219551 0.205128 0.221154 0.205128 0.222756 0.206731 0.222756 0.205128 0.225962 0.205128 0.227564 0.203526 0.227564 0.203526 0.229167 0.200321 0.230769 0.197115 0.229167 0.192308 0.229167 0.190705 0.225962 0.189103 0.225962 0.187500 0.221154 0.187500 0.219551 0.189103 0.216346 0.179487 0.592949 0.181090 0.594551 0.181090 0.596154 0.182692 0.596154 0.182692 0.597756 0.182692 0.599359 0.182692 0.600962 0.184295 0.600962 0.182692 0.602564 0.181090 0.604167 0.181090 0.605769 0.179487 0.605769 0.177885 0.605769 0.176282 0.605769 0.174679 0.605769 0.173077 0.607372 0.173077 0.605769 0.168269 0.605769 0.171474 0.604167
0 0.166667 0.602564 0.169872 0.602564 0.168269 0.599359 0.169872 0.596154 0.171474 0.596154 0.174679 0.592949 0.176282 0.592949 0.177885 0.592949 0.706731 0.690705 0.705128 0.692308 0.703526 0.692308 0.703526 0.693910 0.701923 0.693910 0.700321 0.693910 0.698718 0.693910 0.692308 0.693910 0.690705 0.692308 0.690705 0.690705 0.690705 0.689103 0.685897 0.689103 0.690705 0.687500 0.685897 0.687500 0.690705 0.685897 0.685897 0.685897 0.689103 0.682692 0.693910 0.681090 0.695513 0.681090 0.697115 0.681090 0.697115 0.684295 0.698718 0.681090 0.701923 0.682692 0.703526 0.684295 0.705128 0.684295 0.705128 0.685897 0.706731 0.685897 0.708333 0.687500 0.062500 0.490385 0.064103 0.491987 0.064103 0.493590 0.062500 0.493590 0.060897 0.495192 0.057692 0.496795 0.056090 0.496795 0.054487 0.496795 0.049679 0.495192 0.046474 0.491987 0.046474 0.487179 0.046474 0.483974 0.049679 0.480769 0.054487 0.479167 0.057692 0.479167 0.060897 0.482372 0.062500 0.482372 0.062500 0.483974
0 0.064103 0.485577 0.565705 0.743590 0.565705 0.745192 0.567308 0.745192 0.567308 0.746795 0.565705 0.748397 0.565705 0.751603 0.564103 0.748397 0.562500 0.750000 0.560897 0.750000 0.557692 0.748397 0.556090 0.748397 0.554487 0.748397 0.554487 0.746795 0.552885 0.746795 0.552885 0.745192 0.548077 0.745192 0.549679 0.741987 0.549679 0.738782 0.551282 0.738782 0.551282 0.737179 0.552885 0.737179 0.554487 0.733974 0.554487 0.737179 0.556090 0.733974 0.556090 0.737179 0.557692 0.733974 0.562500 0.737179 0.565705 0.738782 0.567308 0.740385 0.554487 0.681090 0.551282 0.681090 0.549679 0.681090 0.548077 0.681090 0.548077 0.682692 0.543269 0.682692 0.544872 0.679487 0.541667 0.679487 0.536859 0.679487 0.536859 0.677885 0.536859 0.676282 0.538462 0.671474 0.538462 0.673077 0.541667 0.669872 0.540064 0.673077 0.543269 0.669872 0.544872 0.669872 0.544872 0.673077 0.546474 0.669872 0.549679 0.671474 0.549679 0.673077 0.551282 0.673077 0.552885 0.674679 0.552885 0.676282 0.552885 0.677885 0.315705 0.375000 0.314103 0.376603
0 0.314103 0.378205 0.312500 0.378205 0.312500 0.379808 0.310897 0.379808 0.309295 0.379808 0.307692 0.379808 0.306090 0.379808 0.304487 0.379808 0.304487 0.378205 0.299679 0.378205 0.301282 0.375000 0.299679 0.371795 0.301282 0.366987 0.302885 0.366987 0.304487 0.366987 0.306090 0.366987 0.307692 0.366987 0.309295 0.368590 0.310897 0.368590 0.310897 0.370192 0.312500 0.370192 0.312500 0.371795 0.314103 0.371795 0.397436 0.448718 0.392628 0.448718 0.391026 0.448718 0.389423 0.448718 0.387821 0.448718 0.381410 0.447115 0.381410 0.445513 0.376603 0.445513 0.376603 0.443910 0.376603 0.442308 0.376603 0.440705 0.376603 0.439103 0.378205 0.439103 0.378205 0.437500 0.381410 0.434295 0.383013 0.434295 0.384615 0.434295 0.391026 0.437500 0.392628 0.437500 0.392628 0.439103 0.394231 0.439103 0.394231 0.440705 0.395833 0.442308 0.395833 0.443910 0.395833 0.445513 0.940705 0.636218 0.943910 0.636218 0.940705 0.637821 0.943910 0.637821 0.942308 0.637821 0.943910 0.639423
0 0.943910 0.642628 0.942308 0.639423 0.940705 0.641026 0.939103 0.641026 0.937500 0.641026 0.937500 0.642628 0.934295 0.639423 0.934295 0.641026 0.932692 0.641026 0.931090 0.637821 0.929487 0.639423 0.929487 0.637821 0.929487 0.636218 0.924679 0.636218 0.924679 0.634615 0.924679 0.633013 0.926282 0.631410 0.927885 0.628205 0.929487 0.628205 0.931090 0.628205 0.932692 0.628205 0.934295 0.628205 0.935897 0.628205 0.937500 0.628205 0.939103 0.628205 0.939103 0.629808 0.940705 0.631410 0.942308 0.633013 0.615385 0.442308 0.616987 0.447115 0.616987 0.442308 0.618590 0.442308 0.620192 0.443910 0.621795 0.443910 0.623397 0.443910 0.626603 0.445513 0.626603 0.447115 0.628205 0.447115 0.628205 0.448718 0.628205 0.450321 0.628205 0.451923 0.628205 0.453526 0.628205 0.455128 0.626603 0.455128 0.626603 0.456731 0.625000 0.456731 0.623397 0.456731 0.621795 0.456731 0.620192 0.456731 0.618590 0.456731 0.616987 0.453526 0.615385 0.455128 0.615385 0.453526 0.610577 0.451923 0.613782 0.451923 0.610577 0.450321 0.610577 0.448718 0.610577 0.447115 0.612179 0.447115
0 0.613782 0.443910 0.615385 0.443910 0.344551 0.354167 0.344551 0.355769 0.347756 0.354167 0.346154 0.357372 0.344551 0.357372 0.344551 0.358974 0.342949 0.358974 0.342949 0.360577 0.339744 0.357372 0.339744 0.358974 0.336538 0.358974 0.336538 0.357372 0.334936 0.357372 0.334936 0.355769 0.330128 0.355769 0.330128 0.354167 0.330128 0.352564 0.333333 0.350962 0.330128 0.349359 0.334936 0.346154 0.336538 0.346154 0.338141 0.346154 0.339744 0.346154 0.342949 0.347756 0.344551 0.347756 0.344551 0.349359 0.346154 0.349359 0.346154 0.350962 0.846154 0.538462 0.842949 0.538462 0.841346 0.538462 0.839744 0.538462 0.838141 0.538462 0.836538 0.538462 0.831731 0.536859 0.830128 0.538462 0.830128 0.536859 0.825321 0.536859
0 0.826923 0.535256 0.826923 0.533654 0.822115 0.532051 0.823718 0.532051 0.823718 0.530449 0.826923 0.527244 0.830128 0.525641 0.831731 0.525641 0.833333 0.525641 0.834936 0.525641 0.838141 0.527244 0.839744 0.527244 0.839744 0.528846 0.841346 0.528846 0.841346 0.530449 0.842949 0.530449 0.844551 0.533654 0.844551 0.535256 0.751603 0.519231 0.753205 0.514423 0.754808 0.516026 0.756410 0.517628 0.758013 0.517628 0.759615 0.519231 0.761218 0.522436 0.761218 0.524038 0.762821 0.525641 0.761218 0.527244 0.759615 0.528846 0.758013 0.528846 0.758013 0.530449 0.756410 0.530449 0.750000 0.528846 0.750000 0.527244 0.745192 0.527244 0.748397 0.525641 0.743590 0.524038 0.746795 0.524038 0.743590 0.522436 0.745192 0.520833 0.745192 0.519231 0.746795 0.519231 0.748397 0.516026 0.750000 0.516026 0.913462 0.980769
0 0.908654 0.995192 0.905449 0.995192 0.905449 0.993590 0.903846 0.993590 0.902244 0.990385 0.902244 0.991987 0.900641 0.991987 0.899038 0.988782 0.895833 0.990385 0.895833 0.987179 0.897436 0.983974 0.897436 0.982372 0.899038 0.979167 0.902244 0.977564 0.902244 0.980769 0.903846 0.977564 0.905449 0.979167 0.907051 0.979167 0.908654 0.979167 0.910256 0.979167 0.794872 0.758013 0.796474 0.758013 0.796474 0.756410 0.798077 0.756410 0.799679 0.753205 0.801282 0.753205 0.802885 0.753205 0.804487 0.753205 0.806090 0.753205 0.806090 0.756410 0.807692 0.753205 0.809295 0.754808 0.810897 0.756410 0.812500 0.756410 0.812500 0.758013 0.814103 0.758013 0.814103 0.759615 0.815705 0.759615 0.815705 0.761218 0.817308 0.761218 0.818910 0.764423 0.818910 0.766026 0.818910 0.767628 0.818910 0.769231 0.818910 0.770833 0.818910 0.774038 0.817308 0.774038 0.815705 0.774038 0.814103 0.774038
0 0.812500 0.774038 0.814103 0.777244 0.810897 0.774038 0.810897 0.777244 0.809295 0.774038 0.807692 0.774038 0.804487 0.772436 0.804487 0.774038 0.802885 0.774038 0.802885 0.772436 0.798077 0.772436 0.799679 0.770833 0.799679 0.769231 0.799679 0.767628 0.794872 0.767628 0.796474 0.766026 0.793269 0.764423 0.793269 0.762821 0.794872 0.759615 0.588141 0.408654 0.588141 0.410256 0.584936 0.408654 0.584936 0.410256 0.583333 0.411859 0.581731 0.411859 0.580128 0.411859 0.578526 0.411859 0.576923 0.411859 0.575321 0.413462 0.573718 0.410256 0.570513 0.410256 0.568910 0.407051 0.565705 0.408654 0.568910 0.405449 0.567308 0.402244 0.565705 0.402244 0.567308 0.397436 0.568910 0.397436 0.572115 0.395833 0.573718 0.395833 0.573718 0.399038 0.575321 0.395833 0.578526 0.397436 0.580128 0.397436 0.580128 0.399038 0.581731 0.399038 0.581731 0.400641 0.583333 0.400641 0.584936 0.402244 0.584936 0.403846 0.586538 0.403846 0.586538 0.405449 0.304487 0.706731 0.301282 0.711538 0.299679 0.711538 0.298077 0.711538 0.296474 0.711538 0.294872 0.711538 0.290064 0.713141 0.291667 0.711538 0.291667 0.709936 0.290064 0.709936 0.290064 0.708333 0.285256 0.708333 0.288462 0.706731 0.288462 0.705128 0.283654 0.705128 0.283654 0.703526 0.285256 0.703526
0 0.285256 0.701923 0.288462 0.698718 0.290064 0.698718 0.290064 0.700321 0.293269 0.697115 0.291667 0.700321 0.293269 0.700321 0.294872 0.697115 0.296474 0.698718 0.298077 0.698718 0.299679 0.698718 0.299679 0.700321 0.301282 0.700321 0.301282 0.701923 0.302885 0.703526 0.328526 0.483974 0.325321 0.483974 0.325321 0.487179 0.323718 0.487179 0.322115 0.483974 0.320513 0.487179 0.318910 0.483974 0.317308 0.483974 0.315705 0.485577 0.315705 0.483974 0.314103 0.483974 0.314103 0.482372 0.309295 0.482372 0.310897 0.480769 0.307692 0.479167 0.307692 0.477564 0.307692 0.475962 0.307692 0.474359
0 0.310897 0.471154 0.312500 0.472756 0.314103 0.469551 0.315705 0.471154 0.318910 0.471154 0.322115 0.472756 0.323718 0.474359 0.325321 0.474359 0.325321 0.475962 0.325321 0.477564 0.326923 0.477564 0.326923 0.479167 0.326923 0.480769 0.381410 0.293269 0.379808 0.293269 0.379808 0.294872 0.379808 0.296474 0.376603 0.296474 0.378205 0.299679 0.375000 0.296474 0.375000 0.298077 0.370192 0.296474 0.370192 0.294872 0.365385 0.294872 0.365385 0.293269 0.366987 0.291667 0.366987 0.290064 0.368590 0.290064 0.370192 0.286859 0.371795 0.286859 0.375000 0.288462 0.376603 0.288462 0.378205 0.290064 0.865385 0.562500 0.865385 0.564103 0.866987 0.564103 0.865385 0.567308 0.863782 0.564103 0.862179 0.565705
0 0.862179 0.567308 0.857372 0.567308 0.858974 0.564103 0.852564 0.562500 0.849359 0.559295 0.849359 0.557692 0.850962 0.556090 0.852564 0.552885 0.855769 0.552885 0.858974 0.552885 0.863782 0.556090 0.865385 0.556090 0.865385 0.557692 0.866987 0.557692 0.866987 0.559295 0.491987 0.693910 0.493590 0.693910 0.495192 0.693910 0.496795 0.693910 0.498397 0.693910 0.500000 0.693910 0.501603 0.695513 0.504808 0.697115 0.506410 0.698718 0.508013 0.700321 0.511218 0.706731 0.509615 0.709936 0.508013 0.709936 0.508013 0.711538 0.506410 0.711538 0.503205 0.713141 0.501603 0.713141 0.500000 0.714744 0.498397 0.711538 0.496795 0.711538
0 0.495192 0.711538 0.493590 0.711538 0.491987 0.708333 0.488782 0.709936 0.488782 0.705128 0.490385 0.705128 0.487179 0.700321 0.487179 0.698718 0.488782 0.698718 0.490385 0.695513 0.423077 0.767628 0.423077 0.772436 0.424679 0.769231 0.424679 0.772436 0.426282 0.772436 0.426282 0.774038 0.424679 0.775641 0.421474 0.777244 0.421474 0.778846 0.419872 0.778846 0.419872 0.777244 0.415064 0.777244 0.416667 0.775641 0.416667 0.774038 0.416667 0.772436 0.411859 0.772436 0.415064 0.769231 0.418269 0.767628 0.419872 0.767628 0.421474 0.767628 0.416667 0.326923 0.418269 0.326923 0.419872 0.326923 0.421474 0.326923 0.423077 0.326923 0.424679 0.326923 0.426282 0.328526 0.427885 0.330128 0.429487 0.330128 0.429487 0.331731 0.429487 0.333333 0.429487 0.334936 0.429487 0.338141
0 0.427885 0.338141 0.427885 0.339744 0.426282 0.339744 0.424679 0.339744 0.421474 0.338141 0.419872 0.338141 0.415064 0.338141 0.416667 0.336538 0.413462 0.334936 0.413462 0.333333 0.413462 0.331731 0.415064 0.328526 0.416667 0.328526 0.868590 0.567308 0.870192 0.567308 0.870192 0.570513 0.871795 0.567308 0.873397 0.567308 0.871795 0.570513 0.875000 0.567308 0.876603 0.568910 0.878205 0.570513 0.879808 0.570513 0.881410 0.572115 0.883013 0.573718 0.884615 0.575321 0.886218 0.576923 0.884615 0.576923 0.886218 0.578526 0.884615 0.578526 0.884615 0.580128 0.886218 0.580128 0.884615 0.581731 0.884615 0.583333 0.883013 0.583333 0.883013 0.584936 0.881410 0.584936 0.879808 0.584936 0.878205 0.584936 0.876603 0.584936 0.870192 0.583333 0.868590 0.581731 0.866987 0.578526 0.863782 0.572115 0.865385 0.568910 0.866987 0.568910 0.407051 0.599359 0.405449 0.602564 0.405449 0.605769 0.403846 0.602564 0.402244 0.602564 0.402244 0.604167 0.400641 0.604167 0.399038 0.604167 0.397436 0.600962 0.395833 0.602564 0.395833 0.600962 0.395833 0.599359 0.392628 0.597756 0.392628 0.596154 0.395833 0.592949
0 0.397436 0.592949 0.399038 0.592949 0.400641 0.592949 0.403846 0.592949 0.403846 0.594551 0.405449 0.596154 0.169872 0.240385 0.168269 0.240385 0.168269 0.241987 0.168269 0.243590 0.166667 0.243590 0.165064 0.245192 0.163462 0.246795 0.161859 0.246795 0.158654 0.245192 0.157051 0.245192 0.152244 0.245192 0.153846 0.243590 0.150641 0.241987 0.150641 0.240385 0.150641 0.238782 0.150641 0.237179 0.152244 0.237179 0.153846 0.233974 0.153846 0.235577 0.157051 0.232372 0.157051 0.235577 0.158654 0.232372 0.161859 0.233974 0.163462 0.233974 0.165064 0.235577 0.166667 0.235577 0.166667 0.237179 0.306090 0.405449 0.306090 0.407051 0.307692 0.407051 0.306090 0.411859 0.304487 0.411859 0.301282 0.413462 0.296474 0.411859 0.293269 0.410256 0.291667 0.410256 0.288462 0.407051 0.288462 0.405449 0.288462 0.403846 0.288462 0.402244 0.288462 0.400641 0.290064 0.400641 0.290064 0.399038 0.291667 0.399038 0.293269 0.395833 0.294872 0.395833 0.296474 0.395833 0.298077 0.395833 0.302885 0.397436 0.302885 0.399038 0.306090 0.400641 0.307692 0.402244 0.923077 0.690705 0.926282 0.689103 0.929487 0.689103 0.931090 0.689103 0.932692 0.689103 0.935897 0.690705 0.937500 0.692308 0.939103 0.693910
0 0.940705 0.693910 0.940705 0.695513 0.942308 0.695513 0.942308 0.697115 0.943910 0.698718 0.943910 0.700321 0.945513 0.701923 0.943910 0.703526 0.942308 0.708333 0.940705 0.708333 0.939103 0.708333 0.937500 0.708333 0.935897 0.708333 0.934295 0.708333 0.932692 0.708333 0.929487 0.706731 0.927885 0.709936 0.927885 0.708333 0.923077 0.708333 0.924679 0.706731 0.923077 0.703526 0.919872 0.700321 0.923077 0.698718 0.918269 0.697115 0.921474 0.697115 0.918269 0.695513 0.921474 0.692308 0.072115 0.618590 0.075321 0.618590 0.075321 0.620192 0.073718 0.623397 0.072115 0.625000 0.072115 0.626603 0.070513 0.626603 0.068910 0.628205 0.067308 0.628205 0.065705 0.628205 0.065705 0.629808 0.064103 0.629808 0.062500 0.626603 0.060897 0.628205 0.056090 0.625000 0.054487 0.625000 0.054487 0.623397 0.052885 0.623397 0.051282 0.620192 0.048077 0.621795 0.049679 0.616987 0.046474 0.615385 0.046474 0.613782 0.046474 0.612179 0.046474 0.610577 0.048077 0.608974 0.049679 0.608974
0 0.051282 0.608974 0.051282 0.607372 0.054487 0.605769 0.056090 0.605769 0.057692 0.605769 0.059295 0.605769 0.065705 0.607372 0.065705 0.608974 0.067308 0.608974 0.068910 0.610577 0.070513 0.610577 0.070513 0.612179 0.072115 0.612179 0.072115 0.613782 0.073718 0.615385 0.456731 0.559295 0.456731 0.554487 0.458333 0.559295 0.458333 0.554487 0.459936 0.556090 0.461538 0.556090 0.463141 0.556090 0.464744 0.556090 0.464744 0.557692 0.466346 0.557692 0.467949 0.559295 0.467949 0.560897 0.469551 0.560897 0.469551 0.562500 0.471154 0.562500 0.471154 0.564103 0.472756 0.565705 0.474359 0.567308 0.474359 0.570513 0.474359 0.572115 0.474359 0.573718 0.475962 0.573718 0.474359 0.575321 0.469551 0.576923 0.469551 0.578526 0.464744 0.578526 0.466346 0.575321 0.461538 0.573718 0.459936 0.575321 0.459936 0.573718 0.458333 0.570513 0.458333 0.572115 0.456731 0.572115 0.456731 0.570513 0.455128 0.570513 0.455128 0.568910 0.450321 0.568910 0.455128 0.567308 0.450321 0.567308 0.450321 0.565705 0.450321 0.564103 0.450321 0.562500
0 0.450321 0.560897 0.450321 0.559295 0.451923 0.559295 0.453526 0.556090 0.455128 0.556090 0.847756 0.983974 0.849359 0.980769 0.849359 0.982372 0.852564 0.979167 0.852564 0.980769 0.855769 0.977564 0.854167 0.980769 0.857372 0.977564 0.855769 0.980769 0.858974 0.977564 0.860577 0.977564 0.862179 0.977564 0.862179 0.979167 0.863782 0.979167 0.863782 0.980769 0.866987 0.980769 0.866987 0.982372 0.868590 0.982372 0.868590 0.983974 0.870192 0.983974 0.870192 0.985577 0.871795 0.987179 0.870192 0.987179 0.870192 0.988782 0.868590 0.991987 0.849359 0.983974 0.972756 0.725962 0.974359 0.725962 0.975962 0.725962 0.977564 0.725962 0.979167 0.725962 0.980769 0.725962 0.982372 0.725962 0.983974 0.725962 0.985577 0.725962 0.985577 0.727564 0.987179 0.727564 0.987179 0.729167 0.988782 0.729167 0.988782 0.730769 0.990385 0.730769 0.990385 0.732372 0.991987 0.735577 0.991987 0.737179 0.991987 0.738782 0.991987 0.743590
0 0.988782 0.745192 0.987179 0.746795 0.985577 0.746795 0.982372 0.745192 0.979167 0.745192 0.977564 0.745192 0.977564 0.743590 0.972756 0.743590 0.974359 0.741987 0.974359 0.740385 0.969551 0.740385 0.971154 0.737179 0.967949 0.735577 0.969551 0.732372 0.969551 0.730769 0.972756 0.727564 0.482372 0.415064 0.480769 0.416667 0.477564 0.413462 0.477564 0.416667 0.475962 0.413462 0.471154 0.413462 0.471154 0.411859 0.466346 0.411859 0.466346 0.410256 0.466346 0.408654 0.466346 0.407051 0.467949 0.405449
0 0.467949 0.403846 0.469551 0.403846 0.471154 0.400641 0.472756 0.400641 0.474359 0.400641 0.475962 0.402244 0.477564 0.402244 0.479167 0.402244 0.479167 0.403846 0.480769 0.403846 0.480769 0.405449 0.482372 0.405449 0.483974 0.407051 0.483974 0.408654 0.483974 0.410256 0.483974 0.411859 0.314103 0.730769 0.314103 0.732372 0.314103 0.733974 0.312500 0.738782 0.310897 0.738782 0.309295 0.741987 0.307692 0.738782 0.306090 0.738782 0.304487 0.738782 0.302885 0.738782 0.301282 0.740385 0.296474 0.740385 0.299679 0.738782 0.299679 0.737179 0.298077 0.737179 0.298077 0.735577 0.293269 0.735577 0.294872 0.733974 0.293269 0.730769 0.293269 0.727564 0.294872 0.727564 0.296474 0.724359 0.299679 0.722756 0.301282 0.722756 0.302885 0.722756 0.304487 0.722756 0.306090 0.722756 0.306090 0.724359 0.307692 0.724359 0.309295 0.725962 0.310897 0.725962 0.310897 0.727564 0.312500 0.727564 0.466346 0.389423 0.466346 0.391026 0.467949 0.392628 0.469551 0.395833
0 0.469551 0.397436 0.467949 0.399038 0.466346 0.400641 0.464744 0.403846 0.463141 0.403846 0.461538 0.403846 0.459936 0.403846 0.456731 0.403846 0.451923 0.403846 0.453526 0.400641 0.450321 0.399038 0.450321 0.397436 0.450321 0.395833 0.450321 0.394231 0.450321 0.392628 0.450321 0.391026 0.451923 0.387821 0.455128 0.386218 0.456731 0.386218 0.458333 0.386218 0.463141 0.387821 0.410256 0.586538 0.413462 0.586538 0.415064 0.586538 0.416667 0.586538 0.418269 0.586538 0.419872 0.586538 0.421474 0.586538 0.421474 0.588141 0.423077 0.588141 0.423077 0.589744 0.424679 0.589744 0.426282 0.591346 0.427885 0.594551 0.427885 0.596154 0.427885 0.599359 0.427885 0.600962 0.424679 0.605769 0.423077 0.605769 0.423077 0.607372 0.419872 0.604167 0.419872 0.607372 0.418269 0.604167 0.416667 0.604167 0.415064 0.604167 0.415064 0.602564 0.410256 0.602564 0.411859 0.600962 0.410256 0.599359 0.407051 0.597756 0.407051 0.596154 0.408654 0.592949 0.798077 0.594551 0.798077 0.596154 0.794872 0.594551 0.794872 0.596154 0.791667 0.597756 0.790064 0.597756 0.786859 0.596154
0 0.785256 0.596154 0.782051 0.596154 0.782051 0.594551 0.780449 0.594551 0.780449 0.592949 0.778846 0.592949 0.778846 0.591346 0.774038 0.591346 0.774038 0.589744 0.774038 0.588141 0.777244 0.584936 0.783654 0.581731 0.785256 0.581731 0.786859 0.581731 0.788462 0.583333 0.790064 0.583333 0.791667 0.584936 0.793269 0.584936 0.793269 0.586538 0.794872 0.586538 0.796474 0.589744 0.796474 0.591346 0.150641 0.620192 0.152244 0.620192 0.153846 0.620192 0.153846 0.623397 0.155449 0.620192 0.157051 0.621795 0.158654 0.621795 0.160256 0.621795 0.161859 0.623397 0.163462 0.625000 0.165064 0.625000 0.166667 0.626603 0.168269 0.631410 0.169872 0.631410
0 0.169872 0.633013 0.171474 0.633013 0.171474 0.634615 0.171474 0.636218 0.171474 0.637821 0.171474 0.639423 0.169872 0.642628 0.168269 0.644231 0.165064 0.645833 0.165064 0.647436 0.161859 0.644231 0.161859 0.647436 0.160256 0.644231 0.158654 0.644231 0.153846 0.644231 0.155449 0.641026 0.153846 0.642628 0.153846 0.641026 0.149038 0.641026 0.150641 0.637821 0.149038 0.636218 0.145833 0.634615 0.145833 0.633013 0.145833 0.631410 0.145833 0.629808 0.145833 0.628205 0.145833 0.626603 0.147436 0.625000 0.149038 0.621795 0.150641 0.621795 0.235577 0.418269 0.237179 0.421474 0.235577 0.426282 0.233974 0.426282 0.235577 0.429487 0.232372 0.426282 0.232372 0.429487 0.230769 0.426282 0.229167 0.427885 0.227564 0.424679 0.225962 0.421474 0.227564 0.416667 0.230769 0.415064 0.229167 0.418269 0.230769 0.418269 0.232372 0.415064 0.421474 0.435897 0.419872 0.439103 0.418269 0.439103 0.416667 0.439103 0.415064 0.439103 0.408654 0.437500 0.407051 0.434295 0.407051 0.432692 0.408654 0.429487 0.411859 0.427885 0.413462 0.429487 0.418269 0.431090 0.419872 0.431090 0.419872 0.432692
0 0.846154 0.969551 0.846154 0.971154 0.841346 0.972756 0.839744 0.972756 0.838141 0.974359 0.838141 0.972756 0.836538 0.972756 0.836538 0.971154 0.831731 0.971154 0.833333 0.969551 0.830128 0.967949 0.830128 0.966346 0.831731 0.964744 0.833333 0.961538 0.834936 0.961538 0.836538 0.961538 0.838141 0.961538 0.839744 0.961538 0.841346 0.961538 0.844551 0.963141 0.846154 0.963141 0.846154 0.964744 0.847756 0.966346 0.623397 0.594551 0.623397 0.596154 0.621795 0.597756 0.621795 0.599359 0.621795 0.600962 0.620192 0.600962 0.618590 0.597756 0.618590 0.600962 0.616987 0.597756 0.613782 0.600962 0.615385 0.599359 0.613782 0.596154 0.612179 0.597756 0.610577 0.596154 0.608974 0.592949
0 0.608974 0.589744 0.612179 0.586538 0.613782 0.586538 0.615385 0.586538 0.616987 0.586538 0.620192 0.588141 0.620192 0.589744 0.621795 0.591346 0.634615 0.701923 0.634615 0.703526 0.633013 0.703526 0.631410 0.703526 0.629808 0.703526 0.628205 0.703526 0.620192 0.701923 0.620192 0.700321 0.620192 0.698718 0.618590 0.698718 0.618590 0.697115 0.613782 0.697115 0.613782 0.695513 0.613782 0.693910 0.613782 0.692308 0.615385 0.690705 0.616987 0.687500 0.618590 0.689103 0.621795 0.685897 0.623397 0.685897 0.625000 0.685897 0.633013 0.689103 0.633013 0.690705 0.634615 0.690705 0.634615 0.692308 0.636218 0.692308 0.636218 0.693910 0.636218 0.695513 0.636218 0.697115 0.636218 0.698718 0.326923 0.383013 0.326923 0.384615 0.325321 0.384615 0.323718 0.384615 0.322115 0.384615 0.320513 0.386218 0.320513 0.384615 0.315705 0.384615 0.318910 0.383013 0.317308 0.379808 0.315705 0.379808 0.317308 0.375000 0.317308 0.376603 0.318910 0.376603 0.323718 0.378205 0.328526 0.378205 0.326923 0.378205 0.328526 0.379808 0.442308 0.647436 0.445513 0.647436 0.448718 0.645833
0 0.450321 0.645833 0.453526 0.647436 0.456731 0.649038 0.458333 0.650641 0.459936 0.653846 0.461538 0.655449 0.461538 0.657051 0.461538 0.658654 0.461538 0.660256 0.461538 0.661859 0.459936 0.661859 0.458333 0.663462 0.456731 0.663462 0.455128 0.663462 0.453526 0.663462 0.451923 0.663462 0.447115 0.663462 0.445513 0.660256 0.443910 0.660256 0.440705 0.658654 0.440705 0.657051 0.442308 0.655449 0.440705 0.652244 0.798077 0.857372 0.796474 0.855769 0.794872 0.855769 0.794872 0.857372 0.791667 0.854167 0.791667 0.857372 0.790064 0.854167 0.788462 0.855769 0.786859 0.854167 0.786859 0.852564 0.785256 0.852564 0.783654 0.849359 0.780449 0.850962 0.778846 0.847756 0.783654 0.847756 0.778846 0.846154 0.780449 0.846154
0 0.780449 0.844551 0.783654 0.841346 0.785256 0.841346 0.786859 0.841346 0.788462 0.841346 0.790064 0.842949 0.791667 0.842949 0.793269 0.842949 0.794872 0.844551 0.796474 0.846154 0.796474 0.847756 0.798077 0.847756 0.798077 0.849359 0.798077 0.850962 0.799679 0.852564 0.798077 0.852564 0.761218 0.706731 0.761218 0.708333 0.759615 0.708333 0.758013 0.708333 0.758013 0.709936 0.756410 0.709936 0.754808 0.709936 0.751603 0.713141 0.750000 0.713141 0.750000 0.711538 0.745192 0.711538 0.746795 0.708333 0.745192 0.709936 0.743590 0.706731 0.740385 0.708333 0.740385 0.705128 0.740385 0.703526 0.740385 0.701923 0.741987 0.701923 0.743590 0.698718 0.745192 0.698718 0.745192 0.700321 0.746795 0.700321 0.748397 0.697115 0.750000 0.698718 0.751603 0.698718 0.753205 0.698718 0.754808 0.698718 0.756410 0.700321 0.758013 0.701923 0.758013 0.703526 0.759615 0.703526
0 0.432692 0.376603 0.429487 0.378205 0.431090 0.378205 0.431090 0.379808 0.429487 0.379808 0.429487 0.381410 0.426282 0.381410 0.424679 0.381410 0.423077 0.383013 0.421474 0.379808 0.421474 0.383013 0.421474 0.381410 0.419872 0.381410 0.419872 0.379808 0.418269 0.379808 0.416667 0.376603 0.415064 0.376603 0.411859 0.375000 0.413462 0.371795 0.415064 0.366987 0.418269 0.366987 0.419872 0.366987 0.421474 0.366987 0.426282 0.368590 0.426282 0.370192 0.427885 0.370192 0.427885 0.371795 0.429487 0.371795 0.429487 0.373397 0.431090 0.373397 0.996795 0.557692 0.993590 0.560897 0.991987 0.562500 0.987179 0.560897 0.983974 0.557692 0.983974 0.552885 0.987179 0.551282 0.990385 0.551282 0.993590 0.551282 0.995192 0.554487 0.995192 0.491987 0.993590 0.495192 0.990385 0.496795 0.985577 0.495192 0.982372 0.491987 0.983974 0.487179 0.985577 0.483974 0.988782 0.483974 0.991987 0.485577 0.993590 0.487179 0.975962 0.536859 0.974359 0.540064 0.971154 0.541667 0.966346 0.538462 0.964744 0.535256 0.963141 0.532051 0.966346 0.528846 0.969551 0.528846 0.972756 0.530449 0.974359 0.532051 0.951923 0.538462 0.950321 0.541667 0.947115 0.543269
0 0.942308 0.541667 0.940705 0.538462 0.939103 0.535256 0.942308 0.532051 0.945513 0.530449 0.948718 0.532051 0.950321 0.533654 0.977564 0.583333 0.974359 0.586538 0.972756 0.588141 0.966346 0.586538 0.964744 0.583333 0.964744 0.578526 0.967949 0.576923 0.971154 0.576923 0.974359 0.576923 0.975962 0.580128 0.929487 0.536859 0.927885 0.540064 0.926282 0.541667 0.919872 0.540064 0.916667 0.536859 0.918269 0.532051 0.921474 0.528846 0.924679 0.528846 0.927885 0.530449 0.929487 0.532051 0.985577 0.520833 0.985577 0.524038 0.983974 0.525641 0.977564 0.522436 0.975962 0.519231 0.974359 0.516026 0.977564 0.512821 0.982372 0.512821 0.983974 0.514423 0.987179 0.516026 0.879808 0.455128 0.878205 0.458333 0.875000 0.459936 0.870192 0.458333 0.868590 0.455128 0.868590 0.450321 0.870192 0.447115 0.873397 0.447115 0.876603 0.448718 0.878205 0.450321 0.817308 0.463141 0.815705 0.466346 0.814103 0.467949 0.807692 0.466346 0.806090 0.463141 0.809295 0.459936 0.812500 0.458333 0.814103 0.459936 0.865385 0.443910 0.865385 0.448718 0.862179 0.450321
0 0.857372 0.447115 0.854167 0.443910 0.855769 0.442308 0.860577 0.443910 0.860577 0.442308 0.846154 0.437500 0.846154 0.442308 0.842949 0.443910 0.838141 0.440705 0.836538 0.437500 0.839744 0.434295 0.841346 0.434295 0.844551 0.434295 0.862179 0.432692 0.862179 0.437500 0.858974 0.439103 0.854167 0.435897 0.852564 0.432692 0.855769 0.429487 0.857372 0.429487 0.860577 0.429487 0.897436 0.440705 0.899038 0.435897 0.895833 0.432692 0.891026 0.429487 0.886218 0.429487 0.881410 0.431090 0.879808 0.435897 0.878205 0.439103 0.881410 0.443910 0.886218 0.448718 0.891026 0.448718 0.895833 0.447115 0.897436 0.442308 0.958333 0.488782 0.955128 0.493590 0.948718 0.495192 0.943910 0.490385 0.942308 0.483974 0.942308 0.479167 0.947115 0.475962 0.951923 0.475962 0.958333 0.479167 0.959936 0.483974 0.931090 0.455128 0.929487 0.458333
0 0.926282 0.459936 0.921474 0.458333 0.916667 0.455128 0.918269 0.450321 0.921474 0.447115 0.924679 0.447115 0.927885 0.448718 0.929487 0.450321 0.889423 0.503205 0.886218 0.508013 0.878205 0.508013 0.873397 0.503205 0.870192 0.498397 0.871795 0.493590 0.876603 0.488782 0.881410 0.488782 0.887821 0.493590 0.891026 0.498397 0.964744 0.554487 0.963141 0.557692 0.959936 0.559295 0.955128 0.556090 0.953526 0.552885 0.951923 0.549679 0.955128 0.546474 0.958333 0.546474 0.961538 0.548077 0.963141 0.549679 0.942308 0.576923 0.939103 0.580128 0.934295 0.580128 0.929487 0.575321 0.927885 0.570513 0.931090 0.565705 0.935897 0.565705 0.940705 0.568910 0.942308 0.572115 0.955128 0.572115 0.953526 0.573718 0.951923 0.573718 0.947115 0.573718 0.947115 0.570513 0.948718 0.567308 0.950321 0.567308
0 0.951923 0.567308 0.953526 0.568910 0.842949 0.463141 0.841346 0.464744 0.838141 0.467949 0.836538 0.464744 0.833333 0.463141 0.834936 0.459936 0.838141 0.458333 0.839744 0.458333 0.841346 0.459936 0.915064 0.528846 0.911859 0.530449 0.905449 0.530449 0.897436 0.527244 0.894231 0.522436 0.894231 0.517628 0.895833 0.512821 0.899038 0.509615 0.902244 0.506410 0.905449 0.506410 0.910256 0.508013 0.913462 0.509615 0.916667 0.514423 0.918269 0.517628 0.918269 0.520833 0.918269 0.524038 0.842949 0.483974 0.841346 0.487179 0.838141 0.488782 0.833333 0.487179 0.831731 0.483974 0.831731 0.479167 0.833333 0.475962 0.836538 0.475962 0.839744 0.477564 0.841346 0.479167 0.834936 0.504808 0.833333 0.508013 0.830128 0.509615 0.825321 0.508013 0.820513 0.504808 0.822115 0.500000 0.825321 0.496795 0.828526 0.496795 0.831731 0.498397 0.833333 0.500000 0.817308 0.511218 0.815705 0.514423 0.812500 0.516026 0.807692 0.514423 0.802885 0.511218
0 0.804487 0.506410 0.807692 0.503205 0.810897 0.503205 0.814103 0.504808 0.815705 0.506410 0.826923 0.477564 0.825321 0.482372 0.822115 0.483974 0.817308 0.480769 0.814103 0.477564 0.814103 0.472756 0.817308 0.471154 0.820513 0.471154 0.823718 0.472756 0.825321 0.474359 0.801282 0.429487 0.798077 0.434295 0.791667 0.434295 0.785256 0.431090 0.783654 0.424679 0.785256 0.419872 0.788462 0.416667 0.794872 0.415064 0.799679 0.419872 0.802885 0.424679 0.793269 0.458333 0.791667 0.461538 0.790064 0.463141 0.783654 0.461538 0.782051 0.458333 0.785256 0.455128 0.788462 0.453526 0.790064 0.455128 0.762821 0.458333 0.762821 0.461538 0.759615 0.463141 0.754808 0.461538 0.753205 0.456731
0 0.756410 0.455128 0.758013 0.455128 0.759615 0.455128 0.767628 0.503205 0.767628 0.508013 0.764423 0.509615 0.759615 0.506410 0.758013 0.503205 0.761218 0.500000 0.762821 0.500000 0.766026 0.500000 0.737179 0.439103 0.737179 0.442308 0.733974 0.443910 0.729167 0.442308 0.725962 0.439103 0.729167 0.435897 0.732372 0.435897 0.733974 0.435897 0.745192 0.485577 0.745192 0.488782 0.743590 0.490385 0.737179 0.488782 0.737179 0.483974 0.738782 0.480769 0.740385 0.480769 0.743590 0.480769 0.778846 0.480769 0.772436 0.480769 0.769231 0.479167 0.769231 0.475962 0.770833 0.471154 0.774038 0.466346 0.780449 0.467949 0.782051 0.472756 0.783654 0.477564 0.767628 0.431090 0.764423 0.434295
0 0.756410 0.435897 0.751603 0.431090 0.750000 0.424679 0.751603 0.421474 0.754808 0.416667 0.759615 0.416667 0.766026 0.419872 0.769231 0.426282 0.709936 0.391026 0.706731 0.394231 0.700321 0.395833 0.695513 0.391026 0.692308 0.386218 0.693910 0.381410 0.698718 0.376603 0.703526 0.376603 0.708333 0.379808 0.711538 0.386218 0.762821 0.379808 0.756410 0.379808 0.754808 0.376603 0.753205 0.373397 0.754808 0.370192 0.758013 0.365385 0.762821 0.366987 0.766026 0.371795 0.766026 0.378205 0.729167 0.358974 0.725962 0.363782 0.719551 0.362179 0.714744 0.358974 0.713141 0.354167 0.713141 0.349359 0.717949 0.344551 0.722756 0.344551 0.729167 0.349359
0 0.730769 0.354167 0.661859 0.392628 0.661859 0.395833 0.658654 0.397436 0.653846 0.395833 0.652244 0.391026 0.653846 0.387821 0.657051 0.387821 0.658654 0.387821 0.637821 0.358974 0.637821 0.363782 0.634615 0.365385 0.629808 0.363782 0.629808 0.358974 0.631410 0.355769 0.633013 0.355769 0.636218 0.355769 0.625000 0.314103 0.625000 0.317308 0.621795 0.318910 0.616987 0.317308 0.616987 0.312500 0.618590 0.309295 0.620192 0.309295 0.623397 0.310897 0.573718 0.318910 0.573718 0.322115 0.570513 0.323718 0.565705 0.322115 0.564103 0.317308 0.567308 0.315705 0.567308 0.317308 0.572115 0.315705 0.629808 0.336538 0.623397 0.336538 0.618590 0.334936 0.618590 0.331731 0.620192 0.326923 0.623397 0.322115 0.629808 0.323718 0.633013 0.328526 0.633013 0.333333 0.660256 0.355769 0.657051 0.357372 0.650641 0.358974 0.644231 0.355769 0.639423 0.352564 0.637821 0.349359 0.634615 0.344551 0.634615 0.339744 0.637821 0.330128 0.642628 0.326923 0.650641 0.328526 0.653846 0.328526 0.660256 0.331731 0.665064 0.336538 0.666667 0.346154
0 0.663462 0.352564 0.661859 0.419872 0.658654 0.419872 0.655449 0.418269 0.657051 0.413462 0.660256 0.413462 0.661859 0.413462 0.663462 0.416667 0.713141 0.459936 0.709936 0.464744 0.703526 0.464744 0.698718 0.459936 0.695513 0.455128 0.697115 0.450321 0.701923 0.445513 0.706731 0.445513 0.713141 0.450321 0.714744 0.455128 0.687500 0.443910 0.684295 0.448718 0.676282 0.448718 0.671474 0.445513 0.669872 0.439103 0.671474 0.434295 0.674679 0.431090 0.681090 0.431090 0.685897 0.434295 0.689103 0.439103 0.655449 0.456731 0.655449 0.461538 0.652244 0.463141 0.649038 0.459936 0.645833 0.458333 0.647436 0.456731 0.650641 0.453526 0.653846 0.453526 0.661859 0.466346 0.658654 0.467949 0.657051 0.464744 0.658654 0.459936 0.660256 0.459936 0.661859 0.461538 0.663462 0.463141 0.620192 0.363782 0.616987 0.366987 0.612179 0.368590 0.608974 0.366987 0.605769 0.360577 0.605769 0.354167 0.608974 0.350962 0.613782 0.349359 0.618590 0.352564 0.621795 0.358974 0.621795 0.371795 0.620192 0.368590
0 0.620192 0.366987 0.623397 0.363782 0.625000 0.365385 0.626603 0.368590 0.636218 0.383013 0.633013 0.387821 0.626603 0.389423 0.621795 0.384615 0.618590 0.378205 0.620192 0.373397 0.625000 0.370192 0.629808 0.370192 0.634615 0.373397 0.637821 0.378205 0.631410 0.403846 0.626603 0.403846 0.626603 0.402244 0.628205 0.397436 0.629808 0.397436 0.633013 0.397436 0.634615 0.400641 0.623397 0.408654 0.620192 0.413462 0.613782 0.413462 0.607372 0.408654 0.605769 0.402244 0.607372 0.399038 0.610577 0.394231 0.616987 0.394231 0.621795 0.399038 0.625000 0.403846 0.589744 0.358974 0.583333 0.358974 0.581731 0.355769 0.580128 0.352564 0.581731 0.349359 0.584936 0.344551 0.591346 0.346154 0.592949 0.350962 0.594551 0.355769 0.596154 0.320513 0.592949 0.325321 0.584936 0.325321 0.580128 0.320513 0.578526 0.314103 0.580128 0.310897 0.583333 0.306090 0.588141 0.306090 0.594551 0.310897
0 0.597756 0.315705 0.552885 0.312500 0.546474 0.310897 0.541667 0.310897 0.541667 0.307692 0.543269 0.302885 0.546474 0.298077 0.552885 0.299679 0.556090 0.304487 0.556090 0.309295 0.568910 0.312500 0.562500 0.310897 0.557692 0.310897 0.557692 0.307692 0.559295 0.302885 0.562500 0.298077 0.568910 0.299679 0.572115 0.304487 0.572115 0.309295 0.543269 0.291667 0.541667 0.294872 0.540064 0.296474 0.533654 0.294872 0.532051 0.291667 0.535256 0.288462 0.538462 0.288462 0.540064 0.288462 0.509615 0.280449 0.503205 0.278846 0.498397 0.278846 0.498397 0.275641 0.500000 0.270833 0.503205 0.266026 0.509615 0.267628 0.512821 0.272436 0.512821 0.277244 0.482372 0.256410 0.475962 0.254808 0.471154 0.254808 0.471154 0.251603 0.472756 0.246795 0.475962 0.241987 0.482372 0.243590 0.485577 0.248397 0.485577 0.253205 0.483974 0.272436 0.480769 0.277244 0.472756 0.277244 0.467949 0.274038 0.466346 0.267628 0.467949 0.262821 0.471154 0.258013 0.477564 0.258013 0.482372 0.262821 0.485577 0.267628 0.508013 0.315705 0.504808 0.320513 0.500000 0.322115 0.496795 0.318910 0.493590 0.314103 0.493590 0.307692 0.496795 0.302885 0.501603 0.301282 0.508013 0.306090 0.509615 0.310897 0.516026 0.328526 0.511218 0.328526 0.511218 0.326923 0.512821 0.322115 0.514423 0.322115 0.517628 0.322115 0.517628 0.325321
0 0.448718 0.285256 0.443910 0.283654 0.440705 0.282051 0.439103 0.278846 0.440705 0.275641 0.443910 0.270833 0.450321 0.270833 0.451923 0.277244 0.453526 0.282051 0.427885 0.278846 0.427885 0.282051 0.424679 0.283654 0.419872 0.282051 0.418269 0.278846 0.419872 0.277244 0.423077 0.274038 0.426282 0.275641 0.434295 0.286859 0.432692 0.285256 0.429487 0.283654 0.431090 0.278846 0.432692 0.278846 0.435897 0.278846 0.435897 0.282051 0.469551 0.243590 0.466346 0.248397 0.461538 0.246795 0.455128 0.243590 0.455128 0.238782 0.456731 0.232372 0.463141 0.230769 0.469551 0.233974 0.471154 0.238782 0.424679 0.227564 0.419872 0.230769 0.413462 0.230769 0.408654 0.225962 0.407051 0.221154 0.410256 0.214744 0.415064 0.213141 0.421474 0.216346 0.424679 0.221154 0.375000 0.216346 0.371795 0.219551
0 0.365385 0.219551 0.358974 0.214744 0.358974 0.209936 0.360577 0.205128 0.365385 0.205128 0.373397 0.206731 0.375000 0.209936 0.391026 0.254808 0.387821 0.259615 0.381410 0.259615 0.376603 0.254808 0.375000 0.250000 0.378205 0.243590 0.384615 0.243590 0.389423 0.246795 0.392628 0.250000 0.371795 0.201923 0.370192 0.200321 0.366987 0.197115 0.365385 0.198718 0.365385 0.203526 0.368590 0.200321 0.346154 0.222756 0.339744 0.221154 0.334936 0.219551 0.334936 0.216346 0.336538 0.211538 0.339744 0.208333 0.346154 0.208333 0.349359 0.213141 0.349359 0.219551 0.314103 0.227564 0.309295 0.230769 0.302885 0.230769 0.298077 0.225962 0.296474 0.221154 0.299679 0.214744 0.304487 0.214744 0.310897 0.217949 0.314103 0.221154 0.325321 0.235577 0.325321 0.237179 0.323718 0.238782 0.320513 0.238782 0.317308 0.238782 0.315705 0.235577 0.314103 0.232372 0.315705 0.230769 0.318910 0.227564 0.323718 0.229167 0.325321 0.230769 0.326923 0.232372 0.325321 0.222756 0.323718 0.222756 0.322115 0.222756
0 0.317308 0.221154 0.318910 0.217949 0.320513 0.214744 0.322115 0.214744 0.325321 0.214744 0.326923 0.216346 0.326923 0.217949 0.322115 0.198718 0.317308 0.203526 0.310897 0.201923 0.306090 0.198718 0.304487 0.193910 0.307692 0.187500 0.312500 0.185897 0.318910 0.189103 0.322115 0.193910 0.317308 0.168269 0.317308 0.169872 0.314103 0.171474 0.312500 0.173077 0.310897 0.174679 0.309295 0.174679 0.306090 0.174679 0.304487 0.176282 0.302885 0.173077 0.298077 0.171474 0.299679 0.168269 0.298077 0.163462 0.298077 0.160256 0.301282 0.157051 0.304487 0.158654 0.307692 0.160256 0.310897 0.161859 0.314103 0.163462 0.315705 0.165064 0.307692 0.259615 0.307692 0.261218 0.304487 0.262821 0.302885 0.262821 0.299679 0.261218 0.296474 0.259615 0.296474 0.256410 0.298077 0.254808
0 0.301282 0.251603 0.304487 0.251603 0.307692 0.253205 0.309295 0.256410 0.274038 0.243590 0.270833 0.246795 0.264423 0.246795 0.258013 0.241987 0.258013 0.237179 0.259615 0.232372 0.266026 0.230769 0.272436 0.233974 0.275641 0.237179 0.256410 0.227564 0.254808 0.227564 0.253205 0.227564 0.248397 0.225962 0.250000 0.224359 0.251603 0.219551 0.254808 0.219551 0.256410 0.219551 0.258013 0.221154 0.258013 0.222756 0.248397 0.221154 0.246795 0.221154 0.245192 0.221154 0.240385 0.219551 0.241987 0.216346 0.243590 0.213141 0.246795 0.213141 0.248397 0.213141 0.250000 0.214744 0.250000 0.216346 0.253205 0.240385 0.248397 0.245192 0.241987 0.245192 0.237179 0.240385 0.235577 0.235577 0.238782 0.229167 0.243590 0.227564 0.250000 0.230769 0.253205 0.235577 0.213141 0.187500 0.208333 0.190705
0 0.201923 0.190705 0.197115 0.185897 0.195513 0.181090 0.198718 0.176282 0.203526 0.174679 0.209936 0.177885 0.213141 0.182692 0.177885 0.197115 0.177885 0.198718 0.176282 0.201923 0.174679 0.203526 0.174679 0.205128 0.173077 0.205128 0.169872 0.206731 0.168269 0.206731 0.166667 0.206731 0.163462 0.205128 0.163462 0.206731 0.161859 0.206731 0.160256 0.203526 0.158654 0.205128 0.158654 0.203526 0.157051 0.203526 0.155449 0.200321 0.153846 0.200321 0.155449 0.197115 0.150641 0.197115 0.150641 0.195513 0.150641 0.193910 0.150641 0.192308 0.152244 0.190705 0.152244 0.189103 0.155449 0.185897 0.155449 0.187500 0.158654 0.184295 0.160256 0.184295 0.161859 0.184295 0.165064 0.185897 0.169872 0.187500 0.171474 0.189103 0.173077 0.189103 0.173077 0.190705 0.174679 0.190705 0.174679 0.192308 0.176282 0.192308 0.078526 0.498397
0 0.076923 0.501603 0.073718 0.501603 0.068910 0.500000 0.068910 0.495192 0.070513 0.491987 0.073718 0.491987 0.075321 0.493590 0.076923 0.495192 0.110577 0.514423 0.108974 0.517628 0.105769 0.517628 0.102564 0.516026 0.100962 0.511218 0.102564 0.508013 0.105769 0.508013 0.107372 0.509615 0.108974 0.511218 0.129808 0.543269 0.128205 0.546474 0.125000 0.546474 0.121795 0.543269 0.120192 0.540064 0.121795 0.536859 0.125000 0.536859 0.126603 0.538462 0.128205 0.540064 0.096154 0.549679 0.092949 0.554487 0.089744 0.554487 0.084936 0.552885 0.086538 0.548077 0.088141 0.544872 0.091346 0.544872 0.092949 0.544872 0.094551 0.546474 0.096154 0.588141 0.096154 0.589744 0.092949 0.589744 0.088141 0.589744 0.089744 0.584936 0.091346 0.580128 0.092949 0.581731 0.096154 0.581731 0.097756 0.583333 0.113782 0.538462
0 0.112179 0.540064 0.110577 0.540064 0.108974 0.541667 0.105769 0.543269 0.104167 0.540064 0.100962 0.540064 0.099359 0.538462 0.097756 0.535256 0.097756 0.533654 0.099359 0.530449 0.099359 0.528846 0.100962 0.525641 0.102564 0.525641 0.105769 0.524038 0.107372 0.524038 0.108974 0.525641 0.112179 0.527244 0.113782 0.530449 0.115385 0.532051 0.115385 0.535256 0.105769 0.575321 0.104167 0.575321 0.102564 0.576923 0.099359 0.576923 0.097756 0.576923 0.094551 0.575321 0.092949 0.575321 0.091346 0.573718 0.088141 0.572115 0.088141 0.570513 0.088141 0.567308 0.089744 0.565705 0.091346 0.564103 0.094551 0.560897
0 0.096154 0.560897 0.099359 0.560897 0.100962 0.562500 0.104167 0.564103 0.105769 0.565705 0.105769 0.568910 0.105769 0.570513 0.134615 0.591346 0.131410 0.589744 0.131410 0.588141 0.131410 0.586538 0.133013 0.583333 0.134615 0.583333 0.136218 0.583333 0.137821 0.586538 0.137821 0.588141 0.118590 0.581731 0.118590 0.580128 0.118590 0.578526 0.115385 0.576923 0.116987 0.573718 0.118590 0.573718 0.120192 0.573718 0.121795 0.576923
0 0.121795 0.578526 0.173077 0.588141 0.173077 0.589744 0.171474 0.591346 0.168269 0.591346 0.166667 0.591346 0.163462 0.591346 0.161859 0.589744 0.160256 0.588141 0.157051 0.586538 0.157051 0.584936 0.157051 0.581731 0.158654 0.580128 0.160256 0.578526 0.161859 0.576923 0.165064 0.573718 0.168269 0.573718 0.169872 0.575321 0.173077 0.576923 0.174679 0.580128 0.174679 0.581731 0.174679 0.584936 0.097756 0.525641 0.096154 0.527244 0.091346 0.527244 0.088141 0.524038 0.086538 0.519231 0.088141 0.516026 0.092949 0.514423
0 0.096154 0.516026 0.099359 0.519231 0.099359 0.522436 0.089744 0.605769 0.089744 0.607372 0.086538 0.608974 0.083333 0.608974 0.076923 0.605769 0.078526 0.600962 0.080128 0.597756 0.083333 0.596154 0.088141 0.597756 0.089744 0.600962 0.091346 0.602564 0.052885 0.600962 0.052885 0.602564 0.049679 0.604167 0.046474 0.602564 0.043269 0.599359 0.041667 0.596154 0.043269 0.592949 0.046474 0.591346 0.051282 0.592949 0.052885 0.596154 0.054487 0.597756 0.032051 0.608974 0.032051 0.610577 0.030449 0.610577 0.027244 0.610577 0.025641 0.610577 0.022436 0.612179 0.020833 0.610577 0.019231 0.608974 0.016026 0.607372 0.016026 0.604167 0.017628 0.600962 0.017628 0.599359 0.019231 0.597756 0.022436 0.594551 0.024038 0.594551 0.027244 0.594551 0.028846 0.596154 0.032051 0.597756 0.033654 0.599359 0.033654 0.602564 0.033654 0.605769 0.076923 0.554487 0.075321 0.556090 0.073718 0.556090 0.072115 0.556090 0.068910 0.556090 0.067308 0.556090 0.064103 0.556090 0.062500 0.554487 0.059295 0.552885 0.059295 0.549679 0.062500 0.546474 0.062500 0.544872 0.064103 0.541667 0.065705 0.541667 0.068910 0.540064 0.070513 0.540064 0.072115 0.541667 0.075321 0.543269
0 0.076923 0.546474 0.078526 0.548077 0.078526 0.551282 0.108974 0.625000 0.105769 0.626603 0.102564 0.626603 0.096154 0.625000 0.097756 0.620192 0.099359 0.615385 0.102564 0.613782 0.107372 0.615385 0.108974 0.618590 0.110577 0.621795 0.116987 0.615385 0.116987 0.616987 0.113782 0.616987 0.112179 0.615385 0.110577 0.612179 0.112179 0.608974 0.113782 0.608974 0.115385 0.608974 0.118590 0.610577 0.118590 0.612179 0.139423 0.613782 0.136218 0.615385 0.134615 0.616987 0.131410 0.616987 0.129808 0.618590 0.128205 0.615385 0.125000 0.615385 0.123397 0.613782 0.120192 0.612179 0.121795 0.608974 0.121795 0.607372 0.123397 0.605769 0.123397 0.604167 0.126603 0.600962 0.129808 0.600962 0.131410 0.600962 0.133013 0.600962 0.136218 0.604167 0.137821 0.605769 0.139423 0.608974 0.137821 0.610577 0.134615 0.636218 0.134615 0.637821
0 0.131410 0.639423 0.128205 0.641026 0.126603 0.641026 0.121795 0.639423 0.120192 0.639423 0.118590 0.634615 0.116987 0.631410 0.118590 0.626603 0.120192 0.623397 0.121795 0.625000 0.125000 0.621795 0.129808 0.621795 0.131410 0.623397 0.134615 0.626603 0.134615 0.628205 0.136218 0.631410 0.083333 0.567308 0.081731 0.570513 0.078526 0.570513 0.072115 0.570513 0.073718 0.565705 0.075321 0.560897 0.078526 0.560897 0.080128 0.562500 0.081731 0.564103 0.096154 0.500000 0.094551 0.503205 0.091346 0.503205 0.084936 0.501603 0.086538 0.496795 0.088141 0.493590 0.091346 0.493590 0.092949 0.495192 0.094551 0.496795 0.080128 0.459936 0.073718 0.458333 0.068910 0.458333 0.070513 0.453526 0.072115 0.450321 0.073718 0.447115 0.078526 0.447115 0.083333 0.450321 0.083333 0.455128 0.083333 0.437500 0.081731 0.439103 0.078526 0.442308 0.073718 0.442308 0.068910 0.437500 0.065705 0.432692 0.067308 0.429487 0.068910 0.424679 0.070513 0.421474 0.073718 0.419872 0.081731 0.423077 0.084936 0.427885 0.084936 0.432692 0.254808 0.560897 0.254808 0.562500 0.251603 0.564103 0.248397 0.562500 0.245192 0.560897 0.246795 0.557692 0.248397 0.554487
0 0.250000 0.554487 0.251603 0.554487 0.254808 0.556090 0.245192 0.485577 0.245192 0.487179 0.243590 0.487179 0.240385 0.485577 0.237179 0.483974 0.237179 0.482372 0.238782 0.480769 0.240385 0.477564 0.243590 0.479167 0.246795 0.480769 0.238782 0.472756 0.237179 0.474359 0.235577 0.475962 0.232372 0.474359 0.229167 0.472756 0.230769 0.469551 0.232372 0.466346 0.235577 0.466346 0.237179 0.467949 0.235577 0.459936 0.232372 0.459936 0.229167 0.459936 0.227564 0.456731 0.227564 0.455128 0.232372 0.456731 0.237179 0.453526 0.233974 0.453526 0.230769 0.453526 0.229167 0.450321 0.230769 0.447115 0.233974 0.447115 0.235577 0.448718 0.251603 0.421474 0.251603 0.424679 0.253205 0.424679 0.254808 0.427885 0.253205 0.432692 0.251603 0.432692 0.250000 0.432692 0.250000 0.434295 0.246795 0.431090 0.246795 0.434295 0.245192 0.432692 0.243590 0.429487 0.241987 0.426282 0.243590 0.423077 0.246795 0.421474 0.248397 0.421474 0.250000 0.421474 0.272436 0.421474 0.274038 0.421474 0.275641 0.424679 0.274038 0.429487 0.274038 0.432692 0.272436 0.429487 0.270833 0.429487 0.272436 0.432692 0.269231 0.429487 0.269231 0.432692 0.267628 0.429487 0.266026 0.431090
0 0.264423 0.427885 0.262821 0.424679 0.264423 0.419872 0.266026 0.421474 0.269231 0.418269 0.267628 0.421474 0.270833 0.418269 0.272436 0.474359 0.272436 0.475962 0.270833 0.477564 0.269231 0.477564 0.262821 0.475962 0.259615 0.474359 0.259615 0.472756 0.259615 0.469551 0.259615 0.467949 0.261218 0.466346 0.264423 0.463141 0.266026 0.463141 0.270833 0.464744 0.274038 0.467949 0.274038 0.471154 0.285256 0.495192 0.283654 0.498397 0.282051 0.500000 0.278846 0.498397 0.275641 0.496795 0.277244 0.493590 0.278846 0.490385 0.282051 0.490385 0.283654 0.491987 0.299679 0.516026 0.299679 0.517628 0.298077 0.519231 0.296474 0.519231 0.290064 0.517628 0.286859 0.516026 0.286859 0.514423 0.286859 0.511218 0.286859 0.509615 0.288462 0.508013 0.291667 0.504808 0.293269 0.504808 0.298077 0.506410 0.301282 0.511218 0.301282 0.512821
0 0.310897 0.493590 0.310897 0.495192 0.309295 0.496795 0.307692 0.496795 0.301282 0.495192 0.298077 0.493590 0.298077 0.491987 0.298077 0.488782 0.298077 0.487179 0.299679 0.485577 0.302885 0.482372 0.304487 0.482372 0.309295 0.483974 0.310897 0.483974 0.312500 0.488782 0.312500 0.490385 0.299679 0.477564 0.298077 0.480769 0.296474 0.480769 0.290064 0.479167 0.286859 0.477564 0.286859 0.475962 0.286859 0.472756 0.288462 0.469551 0.290064 0.466346 0.291667 0.466346 0.293269 0.466346 0.298077 0.466346 0.298077 0.467949 0.301282 0.471154 0.301282 0.474359 0.352564 0.445513 0.352564 0.447115 0.354167 0.447115 0.354167 0.450321 0.354167 0.458333 0.352564 0.455128 0.350962 0.455128 0.352564 0.458333 0.349359 0.455128 0.349359 0.458333 0.347756 0.455128 0.346154 0.456731
0 0.344551 0.453526 0.342949 0.450321 0.344551 0.445513 0.347756 0.443910 0.346154 0.447115 0.347756 0.447115 0.349359 0.443910 0.389423 0.506410 0.386218 0.506410 0.381410 0.503205 0.383013 0.500000 0.384615 0.496795 0.387821 0.495192 0.389423 0.496795 0.392628 0.500000 0.392628 0.503205 0.434295 0.496795 0.432692 0.496795 0.429487 0.496795 0.424679 0.495192 0.424679 0.491987 0.427885 0.488782 0.431090 0.487179 0.434295 0.487179 0.435897 0.491987 0.435897 0.493590 0.419872 0.477564 0.418269 0.477564 0.413462 0.475962 0.408654 0.474359 0.408654 0.472756 0.411859 0.469551 0.416667 0.467949 0.418269 0.467949 0.421474 0.472756 0.421474 0.474359 0.426282 0.504808 0.423077 0.508013 0.421474 0.511218 0.419872 0.511218 0.413462 0.508013 0.410256 0.506410 0.410256 0.504808 0.410256 0.503205 0.410256 0.500000 0.413462 0.496795 0.415064 0.498397 0.416667 0.495192 0.421474 0.496795
0 0.423077 0.496795 0.424679 0.501603 0.424679 0.504808 0.408654 0.491987 0.408654 0.493590 0.405449 0.495192 0.400641 0.495192 0.397436 0.495192 0.394231 0.493590 0.394231 0.491987 0.395833 0.487179 0.395833 0.482372 0.399038 0.479167 0.405449 0.479167 0.408654 0.482372 0.408654 0.483974 0.410256 0.487179 0.392628 0.487179 0.389423 0.488782 0.386218 0.490385 0.383013 0.491987 0.378205 0.490385 0.375000 0.487179 0.373397 0.483974 0.371795 0.479167 0.371795 0.477564 0.373397 0.475962 0.376603 0.472756 0.379808 0.471154 0.381410 0.471154 0.386218 0.472756 0.389423 0.474359 0.392628 0.477564 0.392628 0.482372 0.375000 0.458333 0.375000 0.461538 0.373397 0.463141 0.368590 0.461538 0.365385 0.461538 0.360577 0.459936 0.360577 0.458333 0.362179 0.455128 0.362179 0.450321 0.366987 0.445513 0.371795 0.447115 0.375000 0.448718 0.376603 0.451923 0.376603 0.455128 0.423077 0.424679 0.421474 0.424679 0.416667 0.423077 0.411859 0.421474 0.411859 0.419872 0.415064 0.416667 0.419872 0.415064 0.421474 0.415064 0.424679 0.419872 0.424679 0.421474 0.400641 0.424679 0.397436 0.423077 0.392628 0.421474 0.394231 0.418269 0.395833 0.415064 0.399038 0.413462 0.402244 0.415064 0.403846 0.419872 0.403846 0.421474 0.394231 0.410256 0.392628 0.410256 0.386218 0.410256 0.387821 0.405449 0.391026 0.402244
0 0.395833 0.405449 0.395833 0.407051 0.394231 0.402244 0.387821 0.400641 0.389423 0.395833 0.391026 0.392628 0.395833 0.394231 0.397436 0.397436 0.397436 0.399038 0.354167 0.365385 0.352564 0.365385 0.349359 0.363782 0.347756 0.360577 0.350962 0.357372 0.354167 0.357372 0.355769 0.360577 0.355769 0.362179 0.410256 0.418269 0.408654 0.419872 0.407051 0.416667 0.403846 0.415064 0.407051 0.411859 0.410256 0.413462 0.411859 0.415064 0.384615 0.399038 0.383013 0.399038 0.379808 0.397436 0.379808 0.395833 0.381410 0.392628 0.384615 0.392628 0.386218 0.394231 0.384615 0.381410 0.383013 0.381410 0.379808 0.383013 0.379808 0.379808 0.381410 0.376603 0.384615 0.376603 0.386218 0.378205 0.384615 0.387821 0.383013 0.389423 0.379808 0.387821 0.381410 0.383013 0.384615 0.383013 0.386218 0.384615 0.411859 0.355769 0.410256 0.355769
0 0.405449 0.354167 0.405449 0.349359 0.408654 0.347756 0.410256 0.349359 0.411859 0.352564 0.413462 0.352564 0.416667 0.349359 0.413462 0.349359 0.410256 0.347756 0.410256 0.346154 0.413462 0.342949 0.416667 0.342949 0.416667 0.344551 0.432692 0.368590 0.431090 0.370192 0.427885 0.368590 0.427885 0.366987 0.429487 0.363782 0.432692 0.363782 0.434295 0.365385 0.426282 0.397436 0.426282 0.399038 0.424679 0.399038 0.424679 0.400641 0.423077 0.403846 0.424679 0.407051 0.423077 0.407051 0.421474 0.403846
0 0.419872 0.407051 0.418269 0.403846 0.413462 0.402244 0.411859 0.397436 0.410256 0.394231 0.411859 0.394231 0.413462 0.391026 0.413462 0.394231 0.415064 0.391026 0.416667 0.391026 0.415064 0.394231 0.418269 0.391026 0.419872 0.392628 0.421474 0.394231 0.423077 0.394231 0.423077 0.395833 0.443910 0.392628 0.448718 0.392628 0.443910 0.394231 0.447115 0.392628 0.445513 0.395833 0.443910 0.397436 0.442308 0.397436 0.439103 0.397436 0.435897 0.397436 0.434295 0.394231 0.432692 0.391026 0.432692 0.387821 0.434295 0.384615 0.435897 0.384615 0.437500 0.384615 0.439103 0.384615 0.442308 0.386218 0.443910 0.387821 0.445513 0.387821 0.445513 0.389423 0.500000 0.387821 0.498397 0.387821 0.493590 0.386218 0.493590 0.381410 0.495192 0.378205 0.500000 0.379808 0.501603 0.383013
0 0.501603 0.384615 0.487179 0.392628 0.485577 0.392628 0.480769 0.391026 0.479167 0.387821 0.482372 0.384615 0.487179 0.384615 0.488782 0.387821 0.488782 0.389423 0.504808 0.448718 0.501603 0.450321 0.500000 0.451923 0.496795 0.450321 0.495192 0.450321 0.493590 0.448718 0.490385 0.447115 0.491987 0.443910 0.491987 0.442308 0.495192 0.439103 0.496795 0.439103 0.498397 0.439103 0.503205 0.440705 0.504808 0.443910 0.514423 0.397436 0.511218 0.400641 0.509615 0.400641 0.506410 0.400641 0.503205 0.399038 0.500000 0.397436 0.500000 0.395833
0 0.500000 0.394231 0.501603 0.391026 0.504808 0.387821 0.506410 0.387821 0.508013 0.387821 0.511218 0.389423 0.512821 0.394231 0.533654 0.384615 0.530449 0.386218 0.528846 0.387821 0.525641 0.386218 0.522436 0.384615 0.517628 0.383013 0.517628 0.381410 0.519231 0.376603 0.519231 0.375000 0.522436 0.371795 0.525641 0.371795 0.527244 0.371795 0.532051 0.373397 0.533654 0.375000 0.533654 0.378205 0.535256 0.381410 0.541667 0.357372 0.538462 0.360577 0.536859 0.362179 0.533654 0.360577 0.530449 0.360577 0.527244 0.358974 0.527244 0.357372 0.527244 0.355769 0.528846 0.350962 0.532051 0.349359 0.532051 0.350962 0.535256 0.347756 0.538462 0.350962 0.540064 0.354167 0.552885 0.411859 0.552885 0.413462 0.549679 0.413462 0.548077 0.413462 0.544872 0.413462 0.543269 0.410256
0 0.540064 0.408654 0.540064 0.407051 0.541667 0.405449 0.544872 0.402244 0.548077 0.400641 0.552885 0.402244 0.554487 0.407051 0.567308 0.443910 0.565705 0.445513 0.564103 0.445513 0.560897 0.447115 0.559295 0.445513 0.557692 0.442308 0.554487 0.440705 0.554487 0.439103 0.556090 0.437500 0.557692 0.435897 0.560897 0.432692 0.562500 0.432692 0.567308 0.434295 0.568910 0.439103 0.568910 0.424679 0.565705 0.424679 0.564103 0.426282 0.560897 0.424679 0.557692 0.423077 0.552885 0.421474 0.552885 0.419872 0.554487 0.415064 0.554487 0.413462 0.557692 0.410256 0.560897 0.410256
0 0.564103 0.410256 0.567308 0.413462 0.568910 0.413462 0.570513 0.416667 0.570513 0.419872 0.524038 0.466346 0.522436 0.467949 0.519231 0.469551 0.516026 0.467949 0.512821 0.466346 0.509615 0.464744 0.509615 0.463141 0.511218 0.458333 0.511218 0.456731 0.514423 0.453526 0.517628 0.453526 0.519231 0.453526 0.524038 0.455128 0.525641 0.456731 0.525641 0.459936 0.525641 0.463141 0.485577 0.451923 0.488782 0.450321 0.490385 0.450321 0.491987 0.450321 0.491987 0.451923 0.493590 0.451923 0.495192 0.453526 0.496795 0.455128 0.498397 0.455128 0.498397 0.456731 0.500000 0.459936 0.500000 0.461538 0.500000 0.463141
0 0.500000 0.464744 0.500000 0.467949 0.498397 0.469551 0.496795 0.469551 0.496795 0.471154 0.495192 0.471154 0.495192 0.472756 0.493590 0.472756 0.491987 0.472756 0.490385 0.472756 0.483974 0.471154 0.483974 0.469551 0.479167 0.469551 0.480769 0.467949 0.479167 0.464744 0.479167 0.459936 0.480769 0.456731 0.482372 0.453526 0.511218 0.480769 0.509615 0.482372 0.508013 0.485577 0.506410 0.482372 0.501603 0.483974 0.501603 0.482372 0.501603 0.479167 0.504808 0.475962 0.508013 0.475962 0.508013 0.477564 0.509615 0.477564 0.485577 0.500000 0.483974 0.500000 0.480769 0.500000 0.475962 0.496795 0.475962 0.495192 0.477564 0.491987 0.482372 0.490385 0.483974 0.490385 0.487179 0.495192 0.487179 0.496795 0.469551 0.514423 0.469551 0.516026 0.466346 0.516026 0.463141 0.517628 0.461538 0.514423 0.459936 0.512821 0.456731 0.511218 0.456731 0.509615 0.459936 0.506410 0.461538 0.503205 0.463141 0.503205 0.464744 0.503205 0.469551 0.504808 0.471154 0.509615
0 0.509615 0.540064 0.508013 0.540064 0.504808 0.540064 0.500000 0.538462 0.500000 0.535256 0.503205 0.532051 0.506410 0.530449 0.509615 0.530449 0.511218 0.535256 0.511218 0.536859 0.519231 0.560897 0.516026 0.562500 0.514423 0.564103 0.511218 0.562500 0.508013 0.560897 0.503205 0.559295 0.503205 0.557692 0.503205 0.554487 0.506410 0.551282 0.506410 0.549679 0.509615 0.549679 0.512821 0.549679 0.517628 0.551282 0.519231 0.551282 0.519231 0.554487 0.520833 0.557692 0.509615 0.543269 0.511218 0.546474 0.508013 0.548077 0.503205 0.548077 0.503205 0.546474 0.503205 0.544872 0.506410 0.541667 0.508013 0.543269 0.613782 0.501603 0.613782 0.503205 0.610577 0.506410 0.608974 0.503205 0.605769 0.503205 0.604167 0.501603 0.600962 0.500000 0.602564 0.496795 0.602564 0.495192 0.605769 0.491987 0.608974 0.490385 0.613782 0.493590 0.615385 0.496795 0.576923 0.467949 0.575321 0.467949 0.572115 0.469551 0.568910 0.467949 0.565705 0.466346 0.560897 0.464744 0.562500 0.461538 0.562500 0.459936 0.564103 0.455128 0.567308 0.453526 0.568910 0.453526 0.572115 0.453526 0.575321 0.455128 0.576923 0.456731 0.578526 0.459936 0.578526 0.463141
0 0.580128 0.500000 0.576923 0.503205 0.575321 0.503205 0.572115 0.503205 0.568910 0.500000 0.564103 0.498397 0.564103 0.496795 0.564103 0.493590 0.567308 0.490385 0.568910 0.487179 0.572115 0.487179 0.573718 0.487179 0.578526 0.490385 0.580128 0.490385 0.580128 0.493590 0.581731 0.496795 0.588141 0.447115 0.584936 0.448718 0.583333 0.448718 0.580128 0.448718 0.576923 0.447115 0.572115 0.443910 0.572115 0.442308 0.573718 0.439103 0.573718 0.437500 0.576923 0.434295 0.580128 0.432692 0.583333 0.432692 0.586538 0.435897 0.588141 0.437500 0.589744 0.440705 0.589744 0.442308 0.621795 0.469551 0.620192 0.472756 0.616987 0.474359 0.613782 0.475962 0.610577 0.475962 0.602564 0.474359 0.602564 0.472756 0.602564 0.469551 0.602564 0.466346
0 0.602564 0.463141 0.605769 0.459936 0.607372 0.458333 0.610577 0.455128 0.615385 0.456731 0.616987 0.458333 0.621795 0.459936 0.621795 0.461538 0.623397 0.464744 0.684295 0.500000 0.682692 0.501603 0.679487 0.503205 0.676282 0.501603 0.673077 0.500000 0.671474 0.498397 0.669872 0.495192 0.669872 0.493590 0.671474 0.488782 0.674679 0.487179 0.676282 0.487179 0.679487 0.487179 0.684295 0.488782 0.684295 0.490385 0.685897 0.493590 0.685897 0.496795 0.628205 0.520833 0.625000 0.522436
0 0.621795 0.525641 0.620192 0.522436 0.615385 0.520833 0.612179 0.519231 0.612179 0.517628 0.613782 0.512821 0.613782 0.511218 0.616987 0.508013 0.620192 0.508013 0.621795 0.508013 0.626603 0.511218 0.628205 0.511218 0.628205 0.514423 0.629808 0.517628 0.596154 0.519231 0.594551 0.522436 0.591346 0.524038 0.588141 0.525641 0.584936 0.525641 0.580128 0.520833 0.578526 0.520833 0.575321 0.517628 0.576923 0.514423 0.576923 0.512821 0.578526 0.509615 0.581731 0.506410 0.584936 0.504808 0.588141 0.506410 0.591346 0.506410 0.594551 0.509615 0.596154 0.511218 0.596154 0.514423 0.604167 0.544872 0.600962 0.546474 0.599359 0.548077 0.596154 0.548077 0.592949 0.546474 0.589744 0.544872 0.589744 0.543269 0.589744 0.541667
0 0.591346 0.536859 0.594551 0.535256 0.596154 0.535256 0.597756 0.535256 0.600962 0.536859 0.602564 0.541667 0.641026 0.540064 0.639423 0.541667 0.637821 0.543269 0.634615 0.541667 0.631410 0.540064 0.626603 0.538462 0.626603 0.536859 0.628205 0.532051 0.628205 0.530449 0.631410 0.527244 0.634615 0.527244 0.636218 0.527244 0.641026 0.528846 0.642628 0.530449 0.642628 0.533654 0.644231 0.536859 0.645833 0.516026 0.642628 0.519231 0.641026 0.519231 0.637821 0.519231 0.634615 0.519231 0.631410 0.517628 0.631410 0.514423 0.631410 0.512821 0.633013 0.509615 0.636218 0.506410 0.637821 0.506410 0.639423 0.506410 0.642628 0.508013 0.644231 0.512821 0.665064 0.517628 0.663462 0.519231 0.661859 0.519231 0.658654 0.519231 0.655449 0.517628 0.650641 0.514423 0.652244 0.509615
0 0.652244 0.508013 0.655449 0.504808 0.658654 0.504808 0.660256 0.504808 0.665064 0.506410 0.666667 0.508013 0.666667 0.511218 0.668269 0.514423 0.693910 0.524038 0.690705 0.527244 0.687500 0.527244 0.684295 0.527244 0.681090 0.524038 0.677885 0.522436 0.677885 0.520833 0.677885 0.517628 0.681090 0.514423 0.682692 0.511218 0.685897 0.511218 0.687500 0.511218 0.692308 0.514423 0.693910 0.514423 0.693910 0.517628 0.695513 0.520833 0.716346 0.522436 0.714744 0.522436 0.711538 0.524038 0.709936 0.524038 0.706731 0.522436 0.705128 0.520833 0.701923 0.519231 0.703526 0.516026 0.703526 0.514423 0.706731 0.511218 0.709936 0.511218 0.714744 0.512821 0.716346 0.517628 0.701923 0.501603 0.701923 0.503205 0.698718 0.504808 0.695513 0.504808 0.693910 0.503205 0.692308 0.501603 0.689103 0.500000 0.689103 0.496795 0.690705 0.495192 0.692308 0.493590 0.695513 0.490385 0.697115 0.490385 0.701923 0.493590 0.703526 0.496795 0.727564 0.490385 0.725962 0.495192 0.724359 0.496795 0.717949 0.495192 0.717949 0.491987 0.719551 0.488782 0.722756 0.487179 0.724359 0.487179 0.741987 0.514423
0 0.740385 0.516026 0.737179 0.516026 0.733974 0.516026 0.730769 0.512821 0.729167 0.511218 0.727564 0.508013 0.727564 0.506410 0.729167 0.503205 0.730769 0.503205 0.733974 0.500000 0.737179 0.500000 0.741987 0.503205 0.741987 0.504808 0.743590 0.506410 0.743590 0.509615 0.815705 0.572115 0.815705 0.575321 0.812500 0.576923 0.807692 0.575321 0.806090 0.570513 0.809295 0.567308 0.810897 0.567308 0.814103 0.567308 0.759615 0.567308 0.758013 0.570513 0.756410 0.572115 0.751603 0.572115 0.750000 0.572115 0.743590 0.570513 0.740385 0.568910 0.740385 0.565705 0.741987 0.562500 0.741987 0.560897 0.743590 0.556090 0.745192 0.556090 0.748397 0.552885 0.753205 0.552885 0.754808 0.554487 0.759615 0.557692 0.761218 0.559295 0.761218 0.562500 0.733974 0.567308 0.732372 0.567308 0.729167 0.568910 0.725962 0.567308 0.722756 0.565705 0.721154 0.564103 0.719551 0.560897 0.719551 0.559295 0.721154 0.554487 0.724359 0.552885 0.725962 0.552885 0.729167 0.552885 0.732372 0.554487 0.733974 0.556090 0.735577 0.559295
0 0.735577 0.562500 0.706731 0.567308 0.703526 0.568910 0.700321 0.572115 0.698718 0.568910 0.693910 0.567308 0.690705 0.565705 0.690705 0.564103 0.692308 0.559295 0.692308 0.557692 0.695513 0.554487 0.698718 0.554487 0.700321 0.554487 0.705128 0.557692 0.706731 0.557692 0.706731 0.560897 0.708333 0.564103 0.714744 0.599359 0.713141 0.600962 0.706731 0.600962 0.706731 0.597756 0.708333 0.594551 0.709936 0.591346 0.713141 0.592949 0.716346 0.594551 0.741987 0.618590 0.740385 0.620192 0.733974 0.620192
0 0.733974 0.616987 0.735577 0.613782 0.737179 0.610577 0.740385 0.610577 0.743590 0.613782 0.737179 0.655449 0.735577 0.655449 0.732372 0.655449 0.732372 0.653846 0.730769 0.650641 0.732372 0.647436 0.733974 0.647436 0.735577 0.647436 0.738782 0.650641 0.716346 0.628205 0.714744 0.629808 0.711538 0.628205 0.708333 0.626603 0.708333 0.625000 0.709936 0.623397 0.713141 0.620192 0.714744 0.621795 0.717949 0.623397 0.725962 0.653846 0.724359 0.653846 0.721154 0.653846 0.717949 0.652244 0.719551 0.649038 0.721154 0.645833 0.724359 0.645833 0.727564 0.649038 0.725962 0.612179 0.725962 0.613782 0.722756 0.612179 0.717949 0.612179 0.717949 0.608974 0.719551 0.607372 0.722756 0.604167
0 0.725962 0.605769 0.727564 0.607372 0.780449 0.653846 0.777244 0.655449 0.774038 0.653846 0.769231 0.653846 0.770833 0.650641 0.770833 0.649038 0.774038 0.645833 0.777244 0.647436 0.777244 0.649038 0.778846 0.649038 0.778846 0.669872 0.778846 0.671474 0.775641 0.669872 0.770833 0.668269 0.770833 0.666667 0.772436 0.665064 0.775641 0.661859 0.778846 0.663462 0.780449 0.665064 0.849359 0.722756 0.847756 0.722756 0.842949 0.722756 0.839744 0.721154 0.841346 0.717949 0.842949 0.714744 0.844551 0.714744 0.846154 0.714744 0.847756 0.716346 0.849359 0.717949 0.881410 0.750000 0.879808 0.751603 0.876603 0.750000 0.871795 0.750000 0.873397 0.746795 0.873397 0.745192 0.876603 0.745192 0.879808 0.743590 0.879808 0.745192 0.881410 0.745192 0.894231 0.743590 0.891026 0.745192 0.887821 0.745192 0.883013 0.743590 0.884615 0.741987 0.886218 0.737179 0.887821 0.737179 0.891026 0.737179 0.892628 0.738782 0.892628 0.740385 0.875000 0.740385 0.875000 0.741987
0 0.871795 0.740385 0.866987 0.738782 0.868590 0.735577 0.870192 0.732372 0.871795 0.732372 0.875000 0.733974 0.876603 0.735577 0.844551 0.693910 0.841346 0.695513 0.838141 0.693910 0.833333 0.693910 0.834936 0.690705 0.836538 0.687500 0.838141 0.687500 0.841346 0.687500 0.841346 0.689103 0.842949 0.690705 0.780449 0.687500 0.778846 0.690705 0.775641 0.690705 0.772436 0.690705 0.769231 0.689103 0.767628 0.685897 0.767628 0.684295 0.769231 0.679487 0.772436 0.677885 0.774038 0.677885 0.778846 0.681090 0.778846 0.684295 0.791667 0.692308 0.790064 0.692308 0.785256 0.692308 0.782051 0.690705 0.783654 0.687500 0.785256 0.684295 0.786859 0.684295 0.790064 0.685897 0.791667 0.687500 0.802885 0.673077 0.801282 0.676282 0.801282 0.674679 0.796474 0.674679 0.796474 0.673077 0.798077 0.669872 0.799679 0.669872 0.801282 0.669872 0.810897 0.687500 0.807692 0.687500 0.807692 0.689103 0.802885 0.689103 0.802885 0.687500
0 0.804487 0.685897 0.807692 0.682692 0.809295 0.684295 0.830128 0.697115 0.828526 0.698718 0.826923 0.698718 0.822115 0.698718 0.822115 0.697115 0.825321 0.693910 0.826923 0.693910 0.828526 0.693910 0.855769 0.700321 0.855769 0.701923 0.852564 0.700321 0.849359 0.701923 0.849359 0.698718 0.852564 0.695513 0.854167 0.697115 0.858974 0.740385 0.857372 0.743590 0.854167 0.743590 0.850962 0.745192 0.849359 0.741987 0.846154 0.740385 0.847756 0.735577 0.847756 0.733974 0.850962 0.730769 0.854167 0.730769 0.858974 0.732372 0.860577 0.735577 0.866987 0.745192 0.868590 0.746795 0.866987 0.746795 0.862179 0.746795 0.863782 0.741987 0.863782 0.743590 0.866987 0.740385 0.868590 0.741987 0.884615 0.732372 0.886218 0.733974 0.883013 0.733974 0.879808 0.732372 0.879808 0.730769 0.883013 0.727564 0.884615 0.727564 0.886218 0.729167 0.881410 0.717949 0.881410 0.721154 0.878205 0.721154 0.875000 0.721154 0.871795 0.719551 0.868590 0.717949 0.870192 0.713141 0.871795 0.709936 0.875000 0.708333
0 0.876603 0.708333 0.881410 0.709936 0.883013 0.713141 0.847756 0.649038 0.846154 0.650641 0.842949 0.649038 0.839744 0.647436 0.841346 0.644231 0.842949 0.641026 0.844551 0.641026 0.846154 0.642628 0.846154 0.644231 0.847756 0.645833 0.855769 0.641026 0.855769 0.642628 0.852564 0.641026 0.847756 0.642628 0.847756 0.639423 0.850962 0.636218 0.852564 0.636218 0.854167 0.637821 0.826923 0.639423 0.826923 0.642628 0.823718 0.642628 0.820513 0.642628 0.817308 0.641026 0.814103 0.639423 0.815705 0.636218 0.817308 0.631410 0.820513 0.629808 0.822115 0.629808 0.826923 0.633013 0.828526 0.634615 0.809295 0.631410 0.807692 0.636218 0.806090 0.637821 0.801282 0.637821 0.799679 0.637821 0.793269 0.636218 0.790064 0.634615 0.790064 0.631410 0.791667 0.628205 0.791667 0.626603 0.793269 0.621795 0.796474 0.618590
0 0.799679 0.618590 0.802885 0.618590 0.806090 0.620192 0.809295 0.623397 0.810897 0.625000 0.810897 0.628205 0.809295 0.615385 0.807692 0.615385 0.804487 0.615385 0.801282 0.613782 0.802885 0.610577 0.804487 0.607372 0.807692 0.607372 0.809295 0.608974 0.810897 0.610577 0.846154 0.618590 0.844551 0.621795 0.841346 0.623397 0.838141 0.623397 0.834936 0.625000 0.830128 0.621795 0.828526 0.618590 0.825321 0.616987 0.826923 0.615385 0.828526 0.610577 0.828526 0.608974 0.831731 0.605769 0.834936 0.604167 0.838141 0.605769 0.839744 0.607372 0.844551 0.608974 0.846154 0.610577 0.846154 0.613782 0.910256 0.607372 0.910256 0.608974 0.907051 0.610577 0.903846 0.610577 0.902244 0.607372 0.897436 0.605769 0.899038 0.604167 0.900641 0.599359
0 0.902244 0.599359 0.905449 0.596154 0.910256 0.599359 0.911859 0.602564 0.921474 0.685897 0.921474 0.687500 0.916667 0.685897 0.913462 0.684295 0.913462 0.682692 0.915064 0.681090 0.918269 0.677885 0.921474 0.679487 0.923077 0.681090 0.921474 0.655449 0.921474 0.657051 0.918269 0.657051 0.915064 0.658654 0.913462 0.655449 0.910256 0.653846 0.910256 0.652244 0.911859 0.647436 0.915064 0.644231 0.918269 0.644231 0.921474 0.647436 0.923077 0.650641 0.939103 0.724359 0.937500 0.725962 0.934295 0.727564 0.931090 0.727564 0.929487 0.724359 0.926282 0.722756 0.926282 0.721154 0.927885 0.716346 0.931090 0.713141 0.934295 0.713141 0.937500 0.716346 0.940705 0.719551 0.895833 0.674679 0.894231 0.676282 0.892628 0.677885 0.889423 0.676282 0.886218 0.674679 0.883013 0.673077 0.884615 0.669872 0.886218 0.666667 0.889423 0.663462
0 0.891026 0.663462 0.895833 0.666667 0.897436 0.669872 0.972756 0.759615 0.969551 0.762821 0.966346 0.761218 0.963141 0.759615 0.963141 0.758013 0.964744 0.756410 0.966346 0.753205 0.969551 0.754808 0.971154 0.754808 0.971154 0.756410 0.958333 0.746795 0.958333 0.748397 0.955128 0.750000 0.951923 0.748397 0.948718 0.748397 0.947115 0.745192 0.947115 0.743590 0.948718 0.738782 0.951923 0.737179 0.953526 0.737179 0.958333 0.738782 0.959936 0.741987 0.953526 0.634615 0.951923 0.636218 0.950321 0.637821 0.947115 0.636218 0.943910 0.634615 0.945513 0.633013 0.948718 0.629808 0.950321 0.629808 0.951923 0.631410 0.844551 0.597756 0.842949 0.600962 0.841346 0.602564 0.836538 0.600962 0.834936 0.596154 0.836538 0.592949 0.839744 0.592949 0.841346 0.592949 0.883013 0.761218 0.879808 0.762821 0.876603 0.762821
0 0.873397 0.761218 0.875000 0.758013 0.876603 0.754808 0.879808 0.754808 0.881410 0.756410 0.881410 0.758013 0.953526 0.820513 0.951923 0.822115 0.948718 0.820513 0.945513 0.818910 0.947115 0.815705 0.948718 0.812500 0.951923 0.814103 0.953526 0.814103 0.955128 0.815705 0.945513 0.842949 0.943910 0.842949 0.940705 0.842949 0.937500 0.841346 0.939103 0.838141 0.940705 0.834936 0.943910 0.834936 0.945513 0.836538 0.947115 0.838141 0.953526 0.855769 0.950321 0.857372 0.951923 0.857372 0.951923 0.858974 0.950321 0.860577
0 0.948718 0.862179 0.948718 0.865385 0.945513 0.862179 0.945513 0.865385 0.943910 0.862179 0.942308 0.862179 0.940705 0.862179 0.939103 0.863782 0.937500 0.862179 0.937500 0.860577 0.935897 0.860577 0.934295 0.857372 0.932692 0.857372 0.931090 0.852564 0.932692 0.850962 0.935897 0.847756 0.935897 0.849359 0.937500 0.849359 0.939103 0.846154 0.940705 0.846154 0.939103 0.849359 0.942308 0.846154 0.942308 0.847756 0.943910 0.847756 0.945513 0.847756 0.947115 0.849359 0.948718 0.850962 0.950321 0.850962 0.950321 0.852564 0.951923 0.852564 0.943910 0.878205 0.942308 0.879808 0.939103 0.878205 0.935897 0.876603 0.937500 0.873397 0.939103 0.870192 0.942308 0.871795 0.943910 0.871795 0.945513 0.873397 0.870192 0.852564 0.868590 0.855769 0.865385 0.855769 0.862179 0.857372 0.860577 0.854167 0.857372 0.852564
0 0.858974 0.849359 0.858974 0.844551 0.862179 0.842949 0.865385 0.842949 0.868590 0.846154 0.871795 0.847756 0.884615 0.857372 0.881410 0.860577 0.878205 0.858974 0.875000 0.857372 0.875000 0.855769 0.876603 0.854167 0.878205 0.850962 0.881410 0.852564 0.883013 0.852564 0.883013 0.854167 0.918269 0.903846 0.919872 0.903846 0.921474 0.903846 0.923077 0.903846 0.923077 0.905449 0.924679 0.905449 0.924679 0.907051 0.926282 0.907051 0.927885 0.911859 0.927885 0.913462 0.926282 0.913462 0.924679 0.915064 0.923077 0.915064 0.921474 0.915064 0.919872 0.915064 0.918269 0.915064 0.918269 0.913462 0.913462 0.913462 0.913462 0.911859 0.913462 0.910256 0.913462 0.908654 0.915064 0.905449 0.916667 0.905449 0.883013 0.924679 0.879808 0.926282 0.876603 0.924679 0.871795 0.924679 0.871795 0.921474 0.873397 0.919872 0.876603 0.916667
0 0.879808 0.918269 0.879808 0.919872 0.881410 0.919872 0.865385 0.907051 0.862179 0.910256 0.858974 0.908654 0.855769 0.907051 0.857372 0.903846 0.858974 0.900641 0.862179 0.902244 0.863782 0.902244 0.863782 0.903846 0.828526 0.899038 0.825321 0.900641 0.822115 0.900641 0.818910 0.899038 0.820513 0.895833 0.822115 0.892628 0.825321 0.892628 0.826923 0.894231 0.826923 0.895833 0.825321 0.926282 0.830128 0.926282 0.825321 0.927885 0.828526 0.926282 0.826923 0.927885 0.828526 0.927885 0.826923 0.931090 0.825321 0.931090 0.825321 0.932692 0.823718 0.935897 0.822115 0.932692 0.822115 0.935897 0.820513 0.932692 0.818910 0.932692 0.817308 0.932692 0.817308 0.934295 0.815705 0.934295 0.814103 0.931090 0.812500 0.932692 0.810897 0.931090 0.809295 0.927885 0.807692 0.923077 0.807692 0.921474
0 0.809295 0.921474 0.810897 0.918269 0.812500 0.918269 0.814103 0.918269 0.815705 0.918269 0.817308 0.918269 0.818910 0.918269 0.820513 0.918269 0.823718 0.919872 0.825321 0.921474 0.826923 0.921474 0.826923 0.923077 0.850962 0.932692 0.850962 0.934295 0.847756 0.935897 0.844551 0.934295 0.841346 0.934295 0.838141 0.932692 0.839744 0.927885 0.841346 0.924679 0.844551 0.923077 0.846154 0.923077 0.850962 0.924679 0.852564 0.927885 0.825321 0.966346 0.825321 0.967949 0.822115 0.967949 0.818910 0.967949 0.815705 0.966346 0.812500 0.964744 0.814103 0.961538 0.815705 0.958333 0.818910 0.955128 0.820513 0.955128 0.825321 0.958333 0.826923 0.961538 0.782051 0.916667 0.782051 0.919872 0.778846 0.919872 0.775641 0.921474 0.774038 0.918269 0.770833 0.915064 0.770833 0.913462 0.772436 0.908654 0.775641 0.907051
0 0.778846 0.907051 0.782051 0.908654 0.783654 0.911859 0.775641 0.833333 0.772436 0.836538 0.769231 0.836538 0.766026 0.834936 0.766026 0.831731 0.767628 0.830128 0.769231 0.826923 0.772436 0.828526 0.774038 0.830128 0.772436 0.863782 0.769231 0.865385 0.766026 0.865385 0.762821 0.863782 0.764423 0.860577 0.766026 0.857372 0.769231 0.858974 0.770833 0.858974 0.770833 0.860577 0.741987 0.868590 0.741987 0.871795 0.738782 0.871795 0.735577 0.873397 0.733974 0.870192 0.730769 0.868590 0.730769 0.865385 0.732372 0.860577 0.735577 0.858974 0.738782 0.858974 0.741987 0.860577 0.743590 0.863782 0.746795 0.846154 0.746795 0.847756 0.743590 0.849359 0.740385 0.847756 0.738782 0.847756 0.735577 0.846154 0.735577 0.842949 0.737179 0.838141 0.740385 0.836538 0.743590 0.834936 0.746795 0.838141 0.748397 0.841346 0.733974 0.839744 0.732372 0.839744 0.729167 0.839744 0.725962 0.838141 0.727564 0.834936 0.729167 0.831731 0.730769 0.831731 0.732372 0.831731 0.733974 0.833333 0.735577 0.834936 0.711538 0.875000 0.709936 0.876603 0.706731 0.879808 0.701923 0.879808 0.698718 0.876603 0.693910 0.871795 0.695513 0.865385 0.697115 0.860577
0 0.701923 0.858974 0.706731 0.858974 0.709936 0.860577 0.713141 0.866987 0.714744 0.871795 0.689103 0.871795 0.689103 0.873397 0.685897 0.875000 0.682692 0.875000 0.681090 0.871795 0.677885 0.870192 0.677885 0.868590 0.679487 0.863782 0.682692 0.860577 0.685897 0.860577 0.689103 0.863782 0.690705 0.866987 0.677885 0.894231 0.676282 0.895833 0.674679 0.897436 0.671474 0.895833 0.666667 0.895833 0.668269 0.891026 0.669872 0.886218 0.673077 0.884615 0.677885 0.886218 0.679487 0.889423 0.671474 0.857372 0.669872 0.858974 0.666667 0.860577 0.663462 0.860577 0.661859 0.857372 0.658654 0.855769 0.660256 0.852564 0.661859 0.849359 0.663462 0.846154 0.666667 0.846154 0.671474 0.849359 0.673077 0.852564 0.725962 0.818910 0.725962 0.820513 0.722756 0.822115 0.719551 0.822115 0.717949 0.818910 0.713141 0.817308 0.714744 0.815705 0.716346 0.810897 0.719551 0.807692 0.721154 0.807692 0.725962 0.810897 0.727564 0.814103 0.780449 0.750000 0.778846 0.750000 0.774038 0.750000 0.770833 0.748397 0.772436 0.745192 0.774038 0.741987
0 0.775641 0.741987 0.777244 0.743590 0.778846 0.743590 0.780449 0.745192 0.836538 0.774038 0.834936 0.777244 0.831731 0.777244 0.828526 0.778846 0.826923 0.775641 0.823718 0.774038 0.825321 0.769231 0.825321 0.767628 0.828526 0.764423 0.831731 0.764423 0.836538 0.766026 0.838141 0.769231 0.842949 0.759615 0.839744 0.761218 0.836538 0.761218 0.833333 0.759615 0.834936 0.756410 0.836538 0.753205 0.839744 0.753205 0.841346 0.754808 0.828526 0.806090 0.826923 0.807692 0.825321 0.809295 0.820513 0.810897 0.818910 0.807692 0.815705 0.806090 0.817308 0.801282 0.817308 0.799679 0.820513 0.796474 0.823718 0.796474 0.828526 0.798077 0.830128 0.801282 0.902244 0.873397 0.902244 0.875000 0.899038 0.875000 0.895833 0.875000 0.892628 0.873397 0.889423 0.871795 0.891026 0.868590
0 0.892628 0.865385 0.895833 0.862179 0.897436 0.862179 0.902244 0.865385 0.903846 0.868590 0.794872 0.815705 0.790064 0.822115 0.785256 0.820513 0.780449 0.815705 0.778846 0.810897 0.783654 0.806090 0.788462 0.804487 0.793269 0.807692 0.794872 0.810897 0.806090 0.802885 0.802885 0.806090 0.799679 0.804487 0.794872 0.802885 0.796474 0.799679 0.798077 0.796474 0.799679 0.796474 0.802885 0.798077 0.804487 0.798077 0.804487 0.799679 0.769231 0.778846 0.769231 0.780449 0.766026 0.782051 0.762821 0.780449 0.759615 0.778846 0.756410 0.777244 0.758013 0.774038 0.759615 0.770833 0.761218 0.770833 0.764423 0.767628 0.769231 0.770833 0.770833 0.774038 0.564103 0.850962 0.560897 0.852564 0.557692 0.852564 0.554487 0.850962 0.556090 0.847756 0.557692 0.844551 0.560897 0.844551 0.562500 0.846154
0 0.564103 0.846154 0.655449 0.801282 0.653846 0.804487 0.650641 0.804487 0.647436 0.806090 0.645833 0.802885 0.642628 0.801282 0.644231 0.796474 0.644231 0.794872 0.647436 0.791667 0.650641 0.791667 0.655449 0.793269 0.657051 0.796474 0.650641 0.780449 0.649038 0.783654 0.645833 0.783654 0.642628 0.785256 0.641026 0.782051 0.637821 0.780449 0.639423 0.775641 0.639423 0.774038 0.642628 0.770833 0.645833 0.770833 0.650641 0.772436 0.652244 0.775641 0.584936 0.825321 0.581731 0.826923 0.578526 0.826923 0.575321 0.825321 0.576923 0.822115 0.578526 0.818910 0.581731 0.818910 0.583333 0.820513 0.583333 0.822115 0.613782 0.873397 0.612179 0.873397 0.608974 0.873397 0.605769 0.871795 0.607372 0.868590 0.608974 0.865385 0.610577 0.865385 0.612179 0.865385 0.613782 0.866987 0.615385 0.868590
0 0.549679 0.839744 0.548077 0.839744 0.543269 0.839744 0.540064 0.838141 0.541667 0.834936 0.543269 0.831731 0.544872 0.831731 0.546474 0.833333 0.548077 0.833333 0.549679 0.834936 0.575321 0.815705 0.572115 0.820513 0.567308 0.822115 0.562500 0.820513 0.559295 0.817308 0.557692 0.814103 0.557692 0.810897 0.559295 0.807692 0.564103 0.804487 0.568910 0.804487 0.573718 0.807692 0.573718 0.810897 0.633013 0.810897 0.633013 0.812500 0.629808 0.814103 0.626603 0.812500 0.623397 0.810897 0.620192 0.809295 0.621795 0.806090 0.623397 0.802885 0.625000 0.802885 0.628205 0.799679 0.633013 0.802885 0.634615 0.806090
0 0.634615 0.788462 0.631410 0.794872 0.626603 0.796474 0.623397 0.796474 0.616987 0.793269 0.613782 0.790064 0.613782 0.785256 0.615385 0.780449 0.618590 0.775641 0.625000 0.774038 0.631410 0.777244 0.633013 0.780449 0.633013 0.783654 0.583333 0.790064 0.580128 0.796474 0.575321 0.796474 0.570513 0.796474 0.567308 0.793269 0.565705 0.790064 0.565705 0.785256 0.567308 0.782051 0.572115 0.780449 0.575321 0.778846 0.580128 0.782051
0 0.581731 0.786859 0.544872 0.786859 0.540064 0.791667 0.536859 0.793269 0.532051 0.791667 0.528846 0.788462 0.527244 0.785256 0.527244 0.780449 0.528846 0.777244 0.532051 0.775641 0.536859 0.774038 0.541667 0.777244 0.543269 0.782051 0.463141 0.783654 0.461538 0.785256 0.456731 0.783654 0.453526 0.782051 0.455128 0.777244 0.456731 0.774038 0.461538 0.775641 0.464744 0.778846 0.471154 0.814103 0.469551 0.815705 0.464744 0.814103 0.461538 0.812500 0.463141 0.807692 0.466346 0.804487 0.471154 0.806090 0.472756 0.809295 0.442308 0.778846 0.439103 0.780449 0.434295 0.780449 0.432692 0.777244 0.431090 0.774038 0.434295 0.770833 0.439103 0.770833 0.442308 0.774038 0.434295 0.791667 0.432692 0.793269 0.426282 0.790064 0.424679 0.785256 0.427885 0.782051 0.432692 0.783654 0.435897 0.786859 0.379808 0.751603 0.378205 0.753205 0.371795 0.753205 0.368590 0.751603 0.370192 0.746795 0.373397 0.743590 0.378205 0.743590 0.381410 0.746795 0.394231 0.754808 0.391026 0.756410 0.383013 0.756410 0.384615 0.753205 0.383013 0.750000 0.386218 0.746795 0.391026 0.746795 0.394231 0.750000 0.318910 0.705128 0.315705 0.706731 0.310897 0.706731 0.307692 0.705128 0.309295 0.700321 0.312500 0.697115 0.315705 0.697115 0.318910 0.700321 0.399038 0.719551 0.397436 0.717949 0.395833 0.716346 0.394231 0.713141 0.395833 0.709936 0.397436 0.709936 0.399038 0.711538 0.400641 0.714744
0 0.395833 0.698718 0.394231 0.698718 0.391026 0.697115 0.391026 0.695513 0.392628 0.692308 0.394231 0.692308 0.395833 0.692308 0.397436 0.695513 0.410256 0.709936 0.407051 0.709936 0.405449 0.709936 0.400641 0.709936 0.400641 0.708333 0.403846 0.706731 0.405449 0.705128 0.407051 0.705128 0.408654 0.706731 0.402244 0.706731 0.400641 0.703526 0.395833 0.703526 0.395833 0.701923 0.397436 0.700321 0.400641 0.697115 0.402244 0.698718 0.403846 0.701923 0.416667 0.706731 0.415064 0.703526 0.410256 0.703526 0.410256 0.701923 0.411859 0.700321 0.415064 0.697115 0.416667 0.698718 0.418269 0.701923 0.519231 0.677885 0.517628 0.679487 0.516026 0.679487 0.511218 0.679487 0.511218 0.677885 0.512821 0.676282 0.516026 0.673077 0.517628 0.673077 0.517628 0.674679 0.559295 0.631410 0.559295 0.633013 0.556090 0.633013 0.552885 0.631410 0.551282 0.628205 0.554487 0.626603 0.554487 0.625000 0.556090 0.621795 0.559295 0.623397 0.559295 0.625000 0.560897 0.626603 0.552885 0.623397 0.551282 0.625000
0 0.549679 0.625000 0.546474 0.625000 0.544872 0.621795 0.546474 0.618590 0.548077 0.618590 0.549679 0.618590 0.551282 0.620192 0.546474 0.610577 0.543269 0.613782 0.540064 0.613782 0.536859 0.613782 0.533654 0.612179 0.530449 0.608974 0.530449 0.607372 0.532051 0.604167 0.532051 0.602564 0.535256 0.599359 0.538462 0.597756 0.540064 0.597756 0.544872 0.600962 0.546474 0.602564 0.546474 0.605769 0.548077 0.607372 0.432692 0.607372 0.431090 0.607372 0.429487 0.610577 0.427885 0.608974 0.426282 0.605769 0.427885 0.602564 0.429487 0.602564 0.431090 0.602564 0.432692 0.602564 0.453526 0.612179 0.451923 0.613782 0.450321 0.613782 0.445513 0.613782 0.445513 0.612179 0.445513 0.610577 0.448718 0.607372 0.450321 0.607372 0.451923 0.608974 0.487179 0.661859 0.477564 0.660256 0.472756 0.657051 0.467949 0.649038 0.467949 0.644231 0.471154 0.639423 0.472756 0.636218 0.477564 0.634615 0.480769 0.633013 0.487179 0.637821 0.488782 0.639423
0 0.490385 0.644231 0.490385 0.649038 0.491987 0.652244 0.490385 0.655449 0.487179 0.695513 0.485577 0.695513 0.480769 0.695513 0.475962 0.690705 0.472756 0.687500 0.472756 0.682692 0.472756 0.677885 0.475962 0.673077 0.480769 0.673077 0.483974 0.674679 0.487179 0.676282 0.488782 0.681090 0.490385 0.685897 0.490385 0.689103 0.488782 0.692308 0.432692 0.663462 0.431090 0.663462 0.426282 0.663462 0.426282 0.661859 0.427885 0.660256 0.427885 0.658654 0.429487 0.658654 0.432692 0.657051 0.434295 0.658654 0.434295 0.660256 0.424679 0.645833 0.423077 0.647436 0.423077 0.649038 0.423077 0.652244 0.426282 0.655449 0.427885 0.655449 0.429487 0.655449 0.429487 0.653846 0.429487 0.652244 0.431090 0.650641 0.427885 0.649038 0.432692 0.644231 0.431090 0.645833 0.429487 0.647436 0.427885 0.645833 0.424679 0.644231 0.426282 0.642628 0.429487 0.639423 0.431090 0.639423 0.431090 0.641026 0.448718 0.641026
0 0.447115 0.642628 0.445513 0.642628 0.440705 0.642628 0.440705 0.641026 0.440705 0.639423 0.443910 0.636218 0.445513 0.636218 0.447115 0.637821 0.445513 0.564103 0.445513 0.565705 0.442308 0.567308 0.440705 0.565705 0.439103 0.562500 0.439103 0.560897 0.442308 0.557692 0.445513 0.559295 0.447115 0.560897 0.411859 0.551282 0.411859 0.552885 0.408654 0.554487 0.403846 0.554487 0.402244 0.554487 0.397436 0.551282 0.399038 0.546474 0.399038 0.541667 0.403846 0.538462 0.408654 0.538462 0.411859 0.541667 0.413462 0.543269
0 0.413462 0.546474 0.439103 0.544872 0.439103 0.546474 0.437500 0.546474 0.434295 0.546474 0.431090 0.544872 0.427885 0.543269 0.427885 0.541667 0.427885 0.540064 0.429487 0.536859 0.432692 0.533654 0.434295 0.533654 0.435897 0.533654 0.439103 0.535256 0.440705 0.540064 0.456731 0.536859 0.455128 0.536859 0.451923 0.538462 0.447115 0.535256 0.448718 0.532051 0.450321 0.528846 0.453526 0.527244 0.455128 0.528846 0.458333 0.532051 0.458333 0.533654 0.354167 0.528846 0.352564 0.530449 0.349359 0.532051 0.346154 0.532051 0.341346 0.532051 0.338141 0.528846 0.334936 0.525641 0.334936 0.520833 0.334936 0.519231
0 0.338141 0.516026 0.339744 0.512821 0.342949 0.512821 0.344551 0.512821 0.349359 0.512821 0.352564 0.516026 0.355769 0.519231 0.355769 0.524038 0.339744 0.661859 0.336538 0.666667 0.331731 0.669872 0.325321 0.669872 0.318910 0.665064 0.315705 0.660256 0.317308 0.655449 0.322115 0.649038 0.325321 0.647436 0.328526 0.645833 0.334936 0.649038 0.338141 0.652244 0.339744 0.657051 0.354167 0.679487 0.352564 0.682692 0.349359 0.684295 0.341346 0.684295 0.336538 0.677885 0.336538 0.673077 0.338141 0.668269 0.341346 0.665064 0.344551 0.663462 0.347756 0.665064 0.352564 0.666667 0.355769 0.671474 0.355769 0.674679 0.375000 0.684295 0.373397 0.684295 0.371795 0.685897 0.368590 0.685897 0.365385 0.684295 0.362179 0.682692 0.362179 0.681090 0.362179 0.679487 0.363782 0.676282 0.366987 0.673077 0.368590 0.673077 0.370192 0.673077 0.373397 0.674679 0.375000 0.679487 0.362179 0.631410 0.360577 0.633013
0 0.358974 0.631410 0.355769 0.629808 0.357372 0.625000 0.358974 0.625000 0.360577 0.625000 0.363782 0.625000 0.363782 0.626603 0.363782 0.628205 0.326923 0.575321 0.325321 0.578526 0.323718 0.578526 0.320513 0.578526 0.315705 0.576923 0.318910 0.573718 0.320513 0.570513 0.322115 0.570513 0.323718 0.570513 0.325321 0.572115 0.331731 0.540064 0.330128 0.540064 0.326923 0.540064 0.322115 0.538462 0.322115 0.535256 0.325321 0.532051 0.328526 0.530449 0.331731 0.530449 0.333333 0.535256 0.334936 0.536859 0.318910 0.415064 0.315705 0.416667 0.314103 0.413462 0.310897 0.411859 0.314103 0.408654 0.317308 0.410256
0 0.317308 0.411859 0.326923 0.375000 0.325321 0.375000 0.320513 0.373397 0.320513 0.368590 0.323718 0.366987 0.326923 0.366987 0.328526 0.370192 0.328526 0.371795 0.328526 0.349359 0.322115 0.347756 0.323718 0.342949 0.325321 0.339744 0.330128 0.341346 0.331731 0.342949 0.331731 0.346154 0.336538 0.314103 0.333333 0.314103 0.330128 0.312500 0.328526 0.307692 0.331731 0.306090 0.334936 0.306090 0.336538 0.309295 0.338141 0.310897 0.312500 0.339744 0.306090 0.338141 0.307692 0.333333 0.309295 0.330128 0.314103 0.331731 0.315705 0.333333 0.315705 0.336538 0.230769 0.408654 0.229167 0.410256 0.225962 0.408654 0.225962 0.407051 0.227564 0.402244 0.230769 0.403846 0.232372 0.405449 0.551282 0.392628 0.549679 0.392628 0.548077 0.392628 0.546474 0.394231 0.544872 0.392628 0.541667 0.391026 0.543269 0.389423 0.543269 0.387821
0 0.546474 0.384615 0.548077 0.386218 0.549679 0.386218 0.551282 0.387821 0.557692 0.458333 0.556090 0.458333 0.552885 0.461538 0.551282 0.458333 0.548077 0.458333 0.546474 0.456731 0.543269 0.455128 0.544872 0.451923 0.544872 0.450321 0.548077 0.447115 0.551282 0.447115 0.556090 0.448718 0.557692 0.453526 0.665064 0.738782 0.663462 0.740385 0.661859 0.741987 0.660256 0.740385 0.657051 0.738782 0.658654 0.737179 0.661859 0.733974 0.663462 0.733974 0.663462 0.735577 0.639423 0.660256 0.637821 0.661859 0.636218 0.661859 0.631410 0.661859 0.631410 0.660256 0.633013 0.658654 0.634615 0.655449 0.636218 0.655449 0.637821 0.657051 0.641026 0.682692 0.639423 0.684295 0.637821 0.684295 0.633013 0.684295 0.633013 0.682692 0.633013 0.681090 0.636218 0.677885 0.637821 0.677885 0.639423 0.679487 0.650641 0.682692 0.649038 0.684295 0.647436 0.684295 0.642628 0.684295 0.642628 0.682692 0.642628 0.681090 0.645833 0.677885 0.647436 0.677885 0.649038 0.679487 0.642628 0.650641 0.641026 0.652244 0.639423 0.653846 0.637821 0.652244
0 0.634615 0.650641 0.636218 0.649038 0.639423 0.645833 0.641026 0.645833 0.641026 0.647436 0.629808 0.655449 0.629808 0.657051 0.628205 0.658654 0.626603 0.657051 0.623397 0.655449 0.625000 0.653846 0.628205 0.650641 0.629808 0.650641 0.631410 0.652244 0.625000 0.645833 0.623397 0.647436 0.621795 0.649038 0.620192 0.647436 0.616987 0.645833 0.618590 0.644231 0.621795 0.641026 0.623397 0.641026 0.623397 0.642628 0.663462 0.665064 0.661859 0.666667 0.660256 0.666667 0.657051 0.668269 0.655449 0.665064 0.653846 0.663462 0.650641 0.661859 0.650641 0.660256 0.653846 0.657051
0 0.655449 0.653846 0.657051 0.653846 0.658654 0.653846 0.663462 0.655449 0.665064 0.660256 0.645833 0.629808 0.644231 0.631410 0.642628 0.633013 0.639423 0.631410 0.637821 0.631410
0 0.636218 0.629808 0.633013 0.628205 0.633013 0.625000 0.634615 0.623397 0.636218 0.621795 0.639423 0.618590 0.641026 0.618590 0.645833 0.621795
