0 0.327915 0.655001 0.327355 0.654460 0.326046 0.655286 0.325487 0.654745 0.323181 0.655306 0.320071 0.653695 0.318705 0.650983 0.318459 0.649351 0.317899 0.648811 0.317037 0.643100 0.317351 0.642009 0.317171 0.637655 0.319051 0.631109 0.320673 0.629192 0.320986 0.628101 0.322296 0.627275 0.322609 0.626184 0.326100 0.623982 0.326659 0.624522 0.327532 0.623972 0.331203 0.626123 0.332568 0.628836 0.332814 0.630467 0.333374 0.631008 0.334728 0.639981 0.334158 0.645701 0.333531 0.647883 0.332659 0.648434 0.331596 0.650891 0.330723 0.651442 0.329224 0.654175
0 0.304631 0.180984 0.301520 0.179373 0.299092 0.179118 0.295611 0.175059 0.294436 0.170440 0.293877 0.169900 0.292768 0.162558 0.293082 0.161467 0.292589 0.158204 0.294469 0.151658 0.297031 0.146468 0.298340 0.145642 0.298653 0.144551 0.304449 0.141788 0.306441 0.142318 0.311354 0.146366 0.311846 0.149629 0.312406 0.150170 0.313883 0.159959 0.313570 0.161050 0.313939 0.163497 0.313873 0.166219 0.311557 0.173041 0.308871 0.177415 0.304944 0.179893
0 0.459042 0.231882 0.455181 0.231637 0.453872 0.232463 0.450884 0.231668 0.446654 0.228976 0.445043 0.224632 0.443811 0.216474 0.444505 0.211570 0.445758 0.207206 0.447257 0.204473 0.453187 0.196265 0.459419 0.193227 0.461411 0.193757 0.464768 0.197000 0.466380 0.201343 0.467488 0.208685 0.467041 0.215221 0.465285 0.222583 0.464222 0.225041 0.459355 0.230791
0 0.447270 0.739628 0.446711 0.739088 0.445402 0.739914 0.444842 0.739373 0.442537 0.739934 0.439863 0.738047 0.437815 0.733979 0.436706 0.726637 0.437019 0.725546 0.436773 0.723915 0.436963 0.722008 0.438843 0.715462 0.441841 0.709996 0.446205 0.707243 0.446765 0.707784 0.448510 0.706683 0.451308 0.709385 0.452673 0.712097 0.453848 0.716717 0.454408 0.717257 0.454095 0.718348 0.454587 0.721611 0.454140 0.728147 0.453323 0.732236 0.451824 0.734969 0.450079 0.736070 0.449765 0.737161 0.448020 0.738262 0.447707 0.739353
0 0.414409 0.113517 0.411354 0.115444 0.410795 0.114903 0.409922 0.115454 0.406688 0.113027 0.406252 0.113302 0.404573 0.111681 0.404327 0.110049 0.403767 0.109509 0.402536 0.101351 0.403106 0.095631 0.404672 0.090176 0.406172 0.087443 0.407044 0.086893 0.407358 0.085802 0.409103 0.084700 0.409663 0.085241 0.413154 0.083039 0.414273 0.084119 0.416265 0.084650 0.417507 0.086546 0.417753 0.088178 0.419118 0.090890 0.420473 0.099864 0.420160 0.100955 0.420406 0.102586 0.419153 0.106950 0.419276 0.107766 0.417464 0.111590
0 0.393914 0.189879 0.393355 0.189339 0.392046 0.190165 0.389058 0.189369 0.388935 0.188553 0.387133 0.186116 0.385655 0.176327 0.385969 0.175236 0.385599 0.172789 0.387165 0.167334 0.387915 0.165968 0.388788 0.165417 0.389101 0.164326 0.391719 0.162674 0.392279 0.163215 0.394461 0.161838 0.396453 0.162368 0.398814 0.165346 0.399183 0.167793 0.399743 0.168334 0.400605 0.174044 0.400292 0.175135 0.400538 0.176766 0.400348 0.178673 0.398905 0.184944 0.397596 0.185770 0.397282 0.186861 0.394664 0.188513 0.394351 0.189604
0 0.336915 0.708289 0.336355 0.707749 0.334173 0.709125 0.333614 0.708585 0.330872 0.709421 0.329877 0.709155 0.326956 0.705638 0.325601 0.696664 0.325914 0.695573 0.325545 0.693126 0.327928 0.683582 0.328801 0.683031 0.330300 0.680299 0.331609 0.679473 0.331922 0.678382 0.332795 0.677831 0.333354 0.678372 0.335100 0.677271 0.335660 0.677811 0.337405 0.676710 0.338401 0.676975 0.340639 0.679137 0.341445 0.681309 0.342564 0.682390 0.343056 0.685653 0.343616 0.686193 0.343985 0.688640 0.343538 0.695176 0.341972 0.700631 0.340473 0.703364 0.337228 0.707198
0 0.621434 0.077618 0.618597 0.079407 0.615609 0.078612 0.610697 0.074563 0.608649 0.070495 0.607664 0.063969 0.608290 0.061787 0.608357 0.059064 0.609610 0.054700 0.613358 0.047868 0.619031 0.044290 0.619591 0.044830 0.620464 0.044279 0.625007 0.045881 0.628174 0.051030 0.628789 0.055109 0.629349 0.055649 0.629595 0.057281 0.629282 0.058372 0.629898 0.062450 0.629708 0.064357 0.628141 0.069812 0.624270 0.075828
0 0.527167 0.774994 0.526608 0.774454 0.524303 0.775014 0.522311 0.774484 0.521192 0.773403 0.519267 0.770150 0.518159 0.762809 0.518472 0.761717 0.518293 0.757363 0.519546 0.752999 0.519423 0.752184 0.520362 0.748910 0.521861 0.746178 0.523171 0.745352 0.523484 0.744261 0.525666 0.742884 0.526225 0.743425 0.527098 0.742874 0.530522 0.743394 0.530645 0.744210 0.533566 0.747728 0.534249 0.749084 0.534741 0.752347 0.535301 0.752888 0.535850 0.759689 0.534407 0.765960 0.534530 0.766776 0.533467 0.769233 0.532594 0.769784 0.531095 0.772516
0 0.408516 0.679201 0.407957 0.678660 0.406647 0.679486 0.403100 0.678150 0.400862 0.675988 0.398814 0.671920 0.397706 0.664578 0.398276 0.658858 0.400905 0.650945 0.402841 0.647937 0.406332 0.645735 0.406891 0.646276 0.409633 0.645439 0.411188 0.646245 0.414109 0.649763 0.414725 0.653842 0.415284 0.654382 0.415900 0.658461 0.415587 0.659552 0.416079 0.662815 0.415766 0.663906 0.416135 0.666353 0.415945 0.668260 0.413943 0.673991 0.410575 0.677009 0.410262 0.678100
0 0.473445 0.347876 0.470608 0.349665 0.470049 0.349125 0.468617 0.349135 0.468493 0.348319 0.466815 0.346698 0.466692 0.345882 0.466132 0.345342 0.465024 0.338000 0.465337 0.336909 0.464845 0.333646 0.466411 0.328191 0.466847 0.327915 0.467160 0.326824 0.468033 0.326274 0.468346 0.325183 0.473147 0.322155 0.474825 0.323776 0.475262 0.323501 0.475385 0.324316 0.476504 0.325397 0.476750 0.327029 0.477310 0.327569 0.478418 0.334911 0.478105 0.336002 0.478474 0.338449 0.477848 0.340631 0.477971 0.341447 0.477031 0.344720 0.476595 0.344995 0.476281 0.346087
0 0.302588 0.753174 0.297049 0.751307 0.296176 0.751858 0.293938 0.749696 0.292572 0.746984 0.291834 0.742089 0.292147 0.740998 0.291777 0.738551 0.292348 0.732831 0.294663 0.726009 0.297349 0.721635 0.298658 0.720809 0.299217 0.721349 0.302272 0.719422 0.304700 0.719677 0.307934 0.722104 0.310665 0.727529 0.311527 0.733239 0.310710 0.737328 0.310643 0.740051 0.307701 0.749054 0.302901 0.752083
0 0.246322 0.700220 0.245763 0.699679 0.242585 0.700790 0.239910 0.698904 0.239474 0.699179 0.236866 0.694570 0.235635 0.686413 0.235948 0.685322 0.235892 0.681783 0.236832 0.678510 0.238331 0.675778 0.240390 0.673585 0.240703 0.672494 0.242448 0.671393 0.242762 0.670302 0.243634 0.669752 0.244194 0.670292 0.245940 0.669191 0.246499 0.669731 0.248368 0.669446 0.250606 0.671608 0.251535 0.674595 0.252094 0.675136 0.252341 0.676767 0.252900 0.677308 0.253146 0.678939 0.252833 0.680030 0.253326 0.683293 0.252755 0.689014 0.251816 0.692287 0.247631 0.699394
0 0.232368 0.522296 0.231808 0.521756 0.226135 0.525334 0.222152 0.524274 0.220473 0.522653 0.219108 0.519940 0.217932 0.515321 0.217373 0.514780 0.217127 0.513149 0.217440 0.512058 0.216824 0.507979 0.217204 0.504166 0.221210 0.492705 0.222955 0.491604 0.223268 0.490513 0.227196 0.488035 0.229624 0.488290 0.232735 0.489901 0.234537 0.492338 0.235712 0.496957 0.236271 0.497498 0.237313 0.507562 0.236742 0.513282 0.235803 0.516555 0.232681 0.521205
0 0.173974 0.439415 0.171792 0.440791 0.171233 0.440251 0.170360 0.440801 0.165817 0.439200 0.164015 0.436763 0.163030 0.430237 0.163343 0.429146 0.162974 0.426699 0.163164 0.424792 0.165233 0.416339 0.167795 0.411149 0.174028 0.408111 0.177698 0.410262 0.179746 0.414331 0.180978 0.422488 0.180665 0.423579 0.181034 0.426027 0.178964 0.434480 0.178215 0.435846 0.176469 0.436947 0.176156 0.438038
0 0.376770 0.164958 0.376211 0.164417 0.375338 0.164968 0.374778 0.164427 0.372350 0.164172 0.372227 0.163357 0.371108 0.162276 0.370985 0.161460 0.370425 0.160919 0.370179 0.159288 0.369619 0.158748 0.369373 0.157116 0.369686 0.156025 0.369317 0.153578 0.369630 0.152487 0.369697 0.149764 0.370324 0.147582 0.370760 0.147307 0.371823 0.144849 0.373132 0.144024 0.373445 0.142933 0.376063 0.141281 0.376623 0.141821 0.377059 0.141546 0.380417 0.144789 0.380540 0.145604 0.381099 0.146145 0.381469 0.148592 0.382028 0.149133 0.382521 0.152395 0.382207 0.153487 0.382454 0.155118 0.382141 0.156209 0.382264 0.157025 0.381950 0.158116 0.381514 0.158391 0.380888 0.160573 0.380451 0.160848 0.379388 0.163306
0 0.187467 0.740922 0.186907 0.740382 0.183729 0.741493 0.180182 0.740157 0.177821 0.737180 0.176399 0.730929 0.176713 0.729838 0.176220 0.726575 0.176980 0.718948 0.177920 0.715675 0.180169 0.711576 0.182664 0.709108 0.182977 0.708017 0.184723 0.706916 0.185282 0.707457 0.186592 0.706631 0.190452 0.706876 0.192690 0.709037 0.194861 0.713922 0.195970 0.721263 0.195656 0.722355 0.195836 0.726709 0.193520 0.733530 0.190711 0.737089 0.189649 0.739546
0 0.569710 0.262131 0.569151 0.261590 0.568278 0.262141 0.567159 0.261060 0.563175 0.259999 0.562493 0.258643 0.562000 0.255380 0.561440 0.254840 0.561631 0.252933 0.561138 0.249670 0.561775 0.241227 0.563465 0.236587 0.564964 0.233855 0.567146 0.232478 0.567459 0.231387 0.570514 0.229460 0.573065 0.230531 0.575303 0.232693 0.577351 0.236761 0.578459 0.244103 0.577956 0.247101 0.578202 0.248732 0.576323 0.255279 0.574824 0.258011 0.570023 0.261039
0 0.600994 0.719486 0.596630 0.722239 0.594638 0.721709 0.591158 0.717650 0.589680 0.707861 0.590060 0.704048 0.590687 0.701866 0.590564 0.701050 0.591503 0.697777 0.592253 0.696411 0.593126 0.695860 0.593439 0.694769 0.595621 0.693393 0.596180 0.693933 0.599235 0.692006 0.601910 0.693892 0.602715 0.696064 0.603834 0.697145 0.604327 0.700408 0.604886 0.700949 0.605995 0.708290 0.605805 0.710197 0.603925 0.716743 0.603176 0.718110
0 0.434599 0.503716 0.434039 0.503176 0.433167 0.503726 0.429183 0.502666 0.426945 0.500504 0.425400 0.493437 0.425713 0.492346 0.425221 0.489083 0.425411 0.487177 0.426664 0.482812 0.427414 0.481446 0.428286 0.480896 0.428600 0.479804 0.429909 0.478979 0.430222 0.477888 0.432404 0.476511 0.432963 0.477052 0.434273 0.476226 0.438066 0.479193 0.438312 0.480825 0.438872 0.481365 0.439857 0.487891 0.439544 0.488982 0.439913 0.491429 0.439723 0.493336 0.438973 0.494702 0.437721 0.499067 0.435472 0.503166
0 0.372567 0.399900 0.372008 0.399360 0.371135 0.399911 0.370575 0.399370 0.370139 0.399645 0.366222 0.395862 0.365483 0.390968 0.364924 0.390427 0.365237 0.389336 0.364991 0.387705 0.365304 0.386614 0.365371 0.383891 0.366937 0.378436 0.367374 0.378161 0.368437 0.375703 0.371928 0.373501 0.372487 0.374042 0.374669 0.372665 0.378026 0.375908 0.378396 0.378355 0.378955 0.378895 0.380063 0.386237 0.379750 0.387328 0.379873 0.388144 0.377994 0.394690 0.376685 0.395516 0.376371 0.396607 0.373753 0.398259 0.373440 0.399350
0 0.328334 0.320593 0.325498 0.322383 0.323942 0.321577 0.323070 0.322128 0.321951 0.321047 0.319959 0.320517 0.317911 0.316448 0.316926 0.309922 0.317809 0.303111 0.320875 0.294923 0.325239 0.292170 0.325552 0.291079 0.327857 0.290518 0.328976 0.291599 0.330408 0.291589 0.333206 0.294291 0.333452 0.295923 0.334012 0.296463 0.335366 0.305436 0.334986 0.309250 0.334046 0.312523 0.331171 0.318804
0 0.511377 0.578574 0.510817 0.578033 0.508949 0.578319 0.505591 0.575076 0.505155 0.575351 0.504909 0.573720 0.504349 0.573179 0.503857 0.569916 0.503297 0.569376 0.503610 0.568285 0.502872 0.563390 0.503811 0.560117 0.503878 0.557395 0.505131 0.553030 0.506630 0.550298 0.513176 0.546168 0.516847 0.548320 0.517093 0.549952 0.518335 0.551848 0.518704 0.554296 0.519264 0.554836 0.520126 0.560546 0.519813 0.561637 0.520182 0.564084 0.517989 0.571722 0.517240 0.573088 0.512126 0.577207 0.511813 0.578298
0 0.372302 0.445633 0.367568 0.445939 0.366013 0.445133 0.362969 0.440799 0.361234 0.435640 0.360126 0.428298 0.360640 0.419039 0.362643 0.413309 0.366011 0.410291 0.366324 0.409200 0.373866 0.405335 0.375857 0.405866 0.377413 0.406671 0.380893 0.410730 0.381139 0.412361 0.383064 0.415614 0.384172 0.422956 0.383412 0.430583 0.381846 0.436038 0.380347 0.438771 0.376542 0.442064 0.376229 0.443155
0 0.479423 0.384309 0.476586 0.386099 0.475467 0.385018 0.470924 0.383417 0.469245 0.381795 0.468809 0.382070 0.468126 0.380714 0.467634 0.377451 0.467074 0.376911 0.466526 0.370110 0.466716 0.368203 0.469031 0.361381 0.469904 0.360831 0.471403 0.358098 0.478822 0.353418 0.483801 0.354744 0.486040 0.356906 0.486409 0.359353 0.486969 0.359893 0.487707 0.364788 0.487394 0.365879 0.487764 0.368326 0.485694 0.376779 0.482259 0.382520
0 0.287697 0.467736 0.283277 0.466950 0.281599 0.465329 0.280234 0.462617 0.279495 0.457722 0.278935 0.457182 0.279248 0.456091 0.279002 0.454459 0.279315 0.453368 0.279069 0.451737 0.279449 0.447923 0.280702 0.443559 0.281575 0.443008 0.283074 0.440276 0.286565 0.438073 0.287125 0.438614 0.289307 0.437237 0.291299 0.437768 0.291422 0.438583 0.293100 0.440205 0.294466 0.442917 0.294712 0.444549 0.295271 0.445089 0.296257 0.451615 0.295127 0.456795 0.295250 0.457611 0.293997 0.461975 0.293247 0.463341 0.291065 0.464718 0.290752 0.465809
0 0.345837 0.263987 0.345277 0.263447 0.343968 0.264272 0.343409 0.263732 0.341976 0.263742 0.339738 0.261580 0.339615 0.260765 0.338496 0.259684 0.337265 0.251526 0.337891 0.249344 0.337768 0.248528 0.338585 0.244440 0.339021 0.244164 0.340834 0.240341 0.342143 0.239515 0.342456 0.238424 0.343015 0.238964 0.345197 0.237588 0.345757 0.238128 0.348062 0.237567 0.348185 0.238383 0.349427 0.240280 0.349674 0.241911 0.350916 0.243808 0.351901 0.250334 0.351588 0.251425 0.351331 0.256054 0.349955 0.259603 0.349082 0.260153 0.348769 0.261244 0.347459 0.262070 0.347146 0.263161
0 0.530845 0.555571 0.526862 0.554510 0.525060 0.552073 0.524377 0.550717 0.523269 0.543375 0.523839 0.537655 0.524779 0.534382 0.525965 0.532740 0.526592 0.530558 0.527464 0.530007 0.527778 0.528916 0.528650 0.528366 0.529210 0.528906 0.533137 0.526428 0.534133 0.526694 0.535812 0.528315 0.536494 0.529671 0.536741 0.531303 0.537300 0.531843 0.537670 0.534290 0.538229 0.534831 0.538599 0.537278 0.538285 0.538369 0.538778 0.541632 0.538398 0.545446 0.537458 0.548719 0.536708 0.550085 0.535836 0.550636 0.535522 0.551727 0.533341 0.553103 0.533027 0.554194
0 0.506490 0.631688 0.505931 0.631148 0.504185 0.632249 0.503626 0.631708 0.502753 0.632259 0.500079 0.630373 0.499955 0.629557 0.498836 0.628476 0.498467 0.626029 0.497907 0.625488 0.496922 0.618962 0.497236 0.617871 0.496866 0.615424 0.498309 0.609153 0.498186 0.608337 0.498622 0.608062 0.499249 0.605880 0.500122 0.605329 0.501185 0.602872 0.502494 0.602046 0.502807 0.600955 0.503680 0.600405 0.504239 0.600945 0.506421 0.599568 0.506981 0.600109 0.508726 0.599008 0.511524 0.601710 0.513572 0.605779 0.514311 0.610673 0.514870 0.611214 0.514557 0.612305 0.515173 0.616383 0.514982 0.618290 0.513103 0.624836 0.512353 0.626203 0.508986 0.629221 0.508672 0.630312
0 0.322515 0.391272 0.321955 0.390731 0.318341 0.392118 0.317222 0.391037 0.316786 0.391312 0.313619 0.386163 0.313126 0.382900 0.312567 0.382360 0.311772 0.373927 0.312398 0.371745 0.312275 0.370929 0.313841 0.365474 0.314591 0.364107 0.320700 0.360253 0.321260 0.360794 0.323565 0.360233 0.324561 0.360498 0.327358 0.363200 0.328041 0.364557 0.328287 0.366188 0.329652 0.368901 0.330761 0.376242 0.330447 0.377333 0.330504 0.380872 0.329564 0.384145 0.328691 0.384695 0.327192 0.387428 0.325446 0.388529 0.325133 0.389620
0 0.401664 0.282374 0.401104 0.281834 0.399795 0.282660 0.399236 0.282119 0.396931 0.282680 0.394379 0.281609 0.392701 0.279988 0.392331 0.277540 0.390966 0.274828 0.390104 0.269118 0.390674 0.263397 0.392240 0.257942 0.392990 0.256576 0.395172 0.255200 0.395485 0.254108 0.398104 0.252457 0.398663 0.252997 0.399536 0.252447 0.403083 0.253783 0.406127 0.258116 0.406989 0.263826 0.406676 0.264918 0.406922 0.266549 0.406609 0.267640 0.406665 0.271178 0.404662 0.276909 0.402100 0.282099
0 0.167464 0.640076 0.166904 0.639535 0.162417 0.641473 0.158311 0.639596 0.155267 0.635262 0.154774 0.631999 0.154215 0.631459 0.153420 0.623026 0.154359 0.619753 0.154739 0.615940 0.157369 0.608027 0.161486 0.603643 0.161799 0.602552 0.167405 0.601695 0.173124 0.607916 0.175541 0.614431 0.176090 0.621233 0.174143 0.630501 0.167900 0.639801
0 0.177574 0.555076 0.177014 0.554536 0.174273 0.555372 0.171598 0.553485 0.169673 0.550232 0.167759 0.540719 0.168206 0.534183 0.169459 0.529819 0.170959 0.527086 0.173017 0.524894 0.173331 0.523803 0.176072 0.522967 0.176632 0.523507 0.177941 0.522681 0.178500 0.523222 0.180369 0.522936 0.182607 0.525098 0.182853 0.526730 0.184096 0.528626 0.184834 0.533521 0.185394 0.534061 0.185943 0.540862 0.184936 0.546858 0.183437 0.549591 0.182128 0.550417 0.181814 0.551508 0.179632 0.552884 0.179319 0.553975
0 0.050210 0.528213 0.049651 0.527672 0.048778 0.528223 0.045354 0.527703 0.043116 0.525541 0.042187 0.522553 0.040945 0.520656 0.040083 0.514946 0.040396 0.513855 0.040216 0.509501 0.041783 0.504046 0.042969 0.502404 0.043595 0.500222 0.044904 0.499396 0.045218 0.498305 0.051014 0.495542 0.053005 0.496073 0.055926 0.499591 0.056173 0.501222 0.057538 0.503935 0.057348 0.505841 0.058087 0.510736 0.057583 0.513734 0.057639 0.517272 0.056700 0.520545 0.055077 0.522462 0.054764 0.523553 0.051833 0.526296 0.051519 0.527387
0 0.508400 0.064943 0.507840 0.064403 0.506095 0.065504 0.505535 0.064964 0.504662 0.065514 0.501865 0.062812 0.499817 0.058743 0.498831 0.052218 0.499335 0.049220 0.499279 0.045681 0.500845 0.040226 0.502344 0.037494 0.503653 0.036668 0.503966 0.035577 0.505276 0.034751 0.505589 0.033660 0.506148 0.034200 0.508453 0.033639 0.511005 0.034710 0.512124 0.035791 0.513489 0.038504 0.513859 0.040951 0.514418 0.041491 0.515526 0.048833 0.515213 0.049924 0.515269 0.053462 0.514330 0.056735 0.513144 0.058377 0.512517 0.060559 0.511018 0.063292
0 0.395968 0.444104 0.395408 0.443564 0.390675 0.443870 0.387318 0.440627 0.386076 0.438730 0.385214 0.433020 0.385717 0.430022 0.385348 0.427575 0.387294 0.418306 0.391412 0.413922 0.391725 0.412831 0.393034 0.412005 0.393594 0.412545 0.396212 0.410894 0.396771 0.411434 0.399076 0.410873 0.401874 0.413576 0.401997 0.414391 0.403553 0.415197 0.403799 0.416828 0.405164 0.419541 0.406149 0.426067 0.405456 0.430971 0.404203 0.435335 0.402704 0.438068 0.400522 0.439445 0.400209 0.440536 0.398463 0.441637 0.398150 0.442728
0 0.096634 0.655276 0.094015 0.656928 0.093456 0.656387 0.092583 0.656938 0.090591 0.656408 0.087671 0.652890 0.086562 0.645548 0.087066 0.642550 0.086696 0.640103 0.088386 0.635464 0.089885 0.632731 0.093812 0.630253 0.094125 0.629162 0.095435 0.628336 0.095994 0.628877 0.096867 0.628326 0.098859 0.628857 0.101097 0.631018 0.101343 0.632650 0.102708 0.635362 0.103324 0.639441 0.102754 0.645161 0.101188 0.650616 0.100315 0.651167 0.099252 0.653624
0 0.564046 0.224606 0.563486 0.224066 0.562613 0.224616 0.561494 0.223536 0.561058 0.223811 0.559939 0.222730 0.559133 0.220558 0.557455 0.218937 0.557768 0.217846 0.557029 0.212951 0.557655 0.210769 0.557409 0.209138 0.557722 0.208047 0.557599 0.207231 0.559165 0.201776 0.559602 0.201500 0.559915 0.200409 0.561661 0.199308 0.562220 0.199849 0.564838 0.198197 0.565398 0.198737 0.565834 0.198462 0.567513 0.200083 0.567636 0.200899 0.568196 0.201440 0.568442 0.203071 0.569684 0.204968 0.570177 0.208231 0.569863 0.209322 0.570356 0.212585 0.569539 0.216673 0.569662 0.217489 0.569036 0.219671 0.567290 0.220772 0.566977 0.221864 0.564795 0.223240 0.564482 0.224331
0 0.266493 0.631209 0.265933 0.630668 0.262878 0.632595 0.262319 0.632055 0.260573 0.633156 0.259454 0.632075 0.257462 0.631545 0.256780 0.630189 0.256534 0.628557 0.255291 0.626661 0.255481 0.624754 0.254743 0.619859 0.255313 0.614139 0.257002 0.609500 0.258748 0.608398 0.259061 0.607307 0.260807 0.606206 0.261120 0.605115 0.262429 0.604289 0.264421 0.604820 0.265540 0.605901 0.265976 0.605625 0.269020 0.609959 0.270375 0.618932 0.269994 0.622746 0.269055 0.626019 0.266806 0.630118
0 0.422974 0.347553 0.420982 0.347022 0.416942 0.342423 0.416259 0.341067 0.415028 0.332910 0.415598 0.327189 0.416538 0.323916 0.417287 0.322550 0.418597 0.321724 0.418910 0.320633 0.421964 0.318706 0.422524 0.319246 0.425142 0.317595 0.427817 0.319481 0.428623 0.321653 0.430424 0.324090 0.431409 0.330616 0.430839 0.336336 0.429586 0.340701 0.428837 0.342067 0.427964 0.342618 0.427651 0.343709 0.425905 0.344810 0.425592 0.345901
0 0.642343 0.000000 0.638795 0.000000 0.637430 0.000000 0.635192 0.000000 0.634207 0.000000 0.634710 0.000000 0.634464 0.000000 0.637719 0.000000 0.641210 0.000000 0.641524 0.000000 0.643269 0.000000 0.643829 0.000000 0.644702 0.000000 0.645697 0.000000 0.645821 0.000000 0.649178 0.000000 0.649424 0.000000 0.649984 0.000000 0.651338 0.000000 0.648642 0.000000 0.647769 0.000000 0.647456 0.000000 0.642656 0.000000
0 0.477221 0.252577 0.474384 0.254367 0.473825 0.253826 0.473388 0.254102 0.470591 0.251399 0.470468 0.250584 0.469225 0.248687 0.468240 0.242161 0.468553 0.241070 0.468184 0.238623 0.469124 0.235350 0.469001 0.234534 0.470377 0.230985 0.475613 0.227682 0.475927 0.226591 0.476486 0.227131 0.477918 0.227121 0.479597 0.228743 0.479720 0.229558 0.480839 0.230639 0.481455 0.234718 0.482014 0.235258 0.482137 0.236074 0.481824 0.237165 0.482440 0.241244 0.482127 0.242335 0.482250 0.243151 0.481623 0.245333 0.481746 0.246149 0.480057 0.250788
0 0.213429 0.599464 0.212869 0.598924 0.211560 0.599750 0.210005 0.598944 0.209132 0.599495 0.207453 0.597873 0.207017 0.598149 0.205092 0.594896 0.203491 0.584291 0.203804 0.583200 0.203625 0.578846 0.204878 0.574482 0.208313 0.568741 0.211804 0.566539 0.212363 0.567079 0.216101 0.566508 0.218339 0.568670 0.218585 0.570302 0.220633 0.574370 0.221249 0.578449 0.221808 0.578990 0.222055 0.580621 0.221741 0.581712 0.222357 0.585791 0.220164 0.593428 0.219292 0.593979 0.218978 0.595070 0.216797 0.596446 0.216483 0.597537
0 0.209405 0.332187 0.208845 0.331647 0.206104 0.332483 0.204112 0.331952 0.202993 0.330872 0.202870 0.330056 0.200509 0.327078 0.199524 0.320552 0.200027 0.317554 0.199971 0.314016 0.202723 0.306919 0.203473 0.305553 0.204782 0.304727 0.205095 0.303636 0.206404 0.302810 0.206964 0.303351 0.209582 0.301699 0.210141 0.302239 0.211014 0.301689 0.215054 0.306288 0.215300 0.307919 0.216542 0.309816 0.216845 0.314986 0.216532 0.316077 0.216778 0.317708 0.215022 0.325070 0.214149 0.325621 0.212650 0.328353 0.211341 0.329179 0.209841 0.331912
0 0.297355 0.645690 0.296795 0.645149 0.295486 0.645975 0.292935 0.644904 0.292812 0.644089 0.291010 0.641651 0.289902 0.634310 0.290718 0.630221 0.290595 0.629405 0.291848 0.625041 0.292284 0.624766 0.294097 0.620942 0.295406 0.620116 0.295966 0.620657 0.297711 0.619555 0.298271 0.620096 0.300016 0.618995 0.301695 0.620616 0.301818 0.621432 0.303060 0.623328 0.303306 0.624960 0.304549 0.626857 0.304235 0.627948 0.304974 0.632842 0.304661 0.633933 0.304784 0.634749 0.303218 0.640204 0.301472 0.641305 0.301159 0.642396 0.298977 0.643773 0.298664 0.644864
0 0.436923 0.444177 0.432268 0.447114 0.430276 0.446584 0.426359 0.442800 0.424994 0.440088 0.423762 0.431931 0.424333 0.426210 0.424769 0.425935 0.425396 0.423753 0.427018 0.421836 0.427331 0.420745 0.434000 0.417431 0.437424 0.417951 0.441900 0.422275 0.442270 0.424722 0.443635 0.427435 0.443322 0.428526 0.443378 0.432064 0.442125 0.436428 0.439250 0.442709
0 0.200653 0.134900 0.200093 0.134360 0.197475 0.136012 0.196356 0.134931 0.195919 0.135206 0.194800 0.134125 0.193435 0.131413 0.193189 0.129781 0.192629 0.129241 0.191644 0.122715 0.192147 0.119717 0.191901 0.118086 0.192718 0.113997 0.194217 0.111264 0.199890 0.107685 0.202878 0.108481 0.204926 0.112549 0.206045 0.113630 0.206907 0.119340 0.206403 0.122338 0.206650 0.123970 0.206459 0.125876 0.205520 0.129150 0.203271 0.133249
0 0.445946 0.350929 0.445387 0.350388 0.444514 0.350939 0.443954 0.350398 0.443082 0.350949 0.442522 0.350408 0.442086 0.350684 0.440407 0.349062 0.440284 0.348247 0.439165 0.347166 0.439042 0.346350 0.437800 0.344453 0.437061 0.339559 0.437374 0.338468 0.437128 0.336836 0.437441 0.335745 0.437318 0.334930 0.438571 0.330565 0.439007 0.330290 0.439321 0.329199 0.440193 0.328649 0.440506 0.327557 0.441379 0.327007 0.441693 0.325916 0.445184 0.323714 0.445743 0.324254 0.448171 0.324509 0.450779 0.329118 0.451887 0.336460 0.451574 0.337551 0.451820 0.339182 0.451507 0.340273 0.451630 0.341089 0.450064 0.346544 0.449627 0.346820 0.448565 0.349277
0 0.497708 0.488026 0.496712 0.487761 0.492795 0.483978 0.492113 0.482621 0.491497 0.478543 0.490938 0.478002 0.491251 0.476911 0.490512 0.472017 0.490702 0.470110 0.492581 0.463564 0.493454 0.463013 0.493767 0.461922 0.495513 0.460821 0.496073 0.461361 0.499127 0.459434 0.502484 0.462677 0.503850 0.465390 0.504342 0.468652 0.504902 0.469193 0.504522 0.473006 0.504891 0.475454 0.502698 0.483091 0.500953 0.484192 0.500640 0.485283 0.498458 0.486660 0.498144 0.487751
0 0.507411 0.675779 0.506851 0.675238 0.502364 0.677176 0.499130 0.674749 0.497765 0.672036 0.496780 0.665510 0.497093 0.664419 0.496914 0.660065 0.497540 0.657883 0.497417 0.657068 0.498983 0.651612 0.500606 0.649695 0.500919 0.648604 0.502228 0.647778 0.502541 0.646688 0.504723 0.645311 0.505283 0.645851 0.506156 0.645301 0.506715 0.645841 0.508584 0.645556 0.511381 0.648258 0.512310 0.651246 0.512870 0.651786 0.514224 0.660759 0.513531 0.665664 0.512591 0.668937 0.511092 0.671670 0.509033 0.673862 0.508720 0.674953
0 0.212725 0.791102 0.212166 0.790561 0.209984 0.791938 0.209424 0.791397 0.208552 0.791948 0.205441 0.790337 0.205318 0.789521 0.204199 0.788440 0.203090 0.781098 0.203403 0.780007 0.202911 0.776744 0.204667 0.769382 0.207352 0.765008 0.210720 0.761990 0.211280 0.762530 0.212589 0.761704 0.216013 0.762225 0.219493 0.766283 0.220176 0.767639 0.220669 0.770902 0.221228 0.771443 0.220915 0.772534 0.221217 0.777704 0.219964 0.782068 0.218465 0.784800 0.216406 0.786992 0.216093 0.788084 0.214784 0.788909 0.214471 0.790000
0 0.718540 0.516678 0.717980 0.516138 0.716671 0.516963 0.714679 0.516433 0.711322 0.513191 0.710639 0.511834 0.710270 0.509387 0.709710 0.508847 0.708848 0.503136 0.709162 0.502045 0.708915 0.500414 0.710359 0.494143 0.713793 0.488402 0.717721 0.485925 0.718280 0.486465 0.719589 0.485639 0.720585 0.485904 0.724625 0.490503 0.726170 0.497570 0.725857 0.498661 0.726349 0.501924 0.724593 0.509286 0.723094 0.512018 0.721035 0.514211 0.720722 0.515302
0 0.527708 0.496796 0.527149 0.496256 0.523221 0.498734 0.522225 0.498468 0.519551 0.496582 0.518745 0.494410 0.517626 0.493329 0.517257 0.490882 0.516697 0.490341 0.516205 0.487079 0.516965 0.479451 0.519091 0.474537 0.525636 0.470407 0.526196 0.470948 0.527069 0.470397 0.529184 0.471743 0.531914 0.477168 0.531601 0.478259 0.532340 0.483153 0.531770 0.488874 0.530517 0.493238 0.529767 0.494604 0.528894 0.495155 0.528581 0.496246
0 0.682727 0.176539 0.679890 0.178328 0.678894 0.178063 0.676097 0.175361 0.674731 0.172648 0.674485 0.171017 0.673243 0.169120 0.672381 0.163410 0.673007 0.161228 0.672761 0.159597 0.674014 0.155232 0.676263 0.151133 0.678008 0.150032 0.678322 0.148941 0.682249 0.146464 0.684241 0.146994 0.687598 0.150237 0.687844 0.151868 0.688404 0.152409 0.689758 0.161382 0.688819 0.164655 0.688752 0.167377 0.688125 0.169559 0.685563 0.174749
0 0.552491 0.461507 0.551932 0.460966 0.548441 0.463169 0.547881 0.462628 0.546572 0.463454 0.545576 0.463189 0.542845 0.457764 0.541983 0.452054 0.542610 0.449872 0.542867 0.445242 0.544120 0.440878 0.546369 0.436779 0.547242 0.436229 0.547555 0.435138 0.549300 0.434036 0.551415 0.435383 0.551852 0.435107 0.553530 0.436729 0.553967 0.436453 0.555086 0.437534 0.555578 0.440797 0.556138 0.441338 0.556753 0.445416 0.556440 0.446507 0.556933 0.449770 0.556743 0.451677 0.555803 0.454950 0.555926 0.455766 0.553677 0.459865 0.552805 0.460416
0 0.227290 0.216373 0.226730 0.215833 0.222679 0.217495 0.220688 0.216965 0.219009 0.215343 0.218886 0.214527 0.217084 0.212090 0.216222 0.206380 0.216793 0.200660 0.218045 0.196296 0.219355 0.195470 0.219668 0.194379 0.223159 0.192176 0.223472 0.191085 0.226460 0.191881 0.229940 0.195939 0.230746 0.198111 0.230433 0.199202 0.231172 0.204097 0.230668 0.207095 0.230915 0.208726 0.229975 0.211999 0.228476 0.214732 0.227603 0.215282
0 0.486823 0.191127 0.486263 0.190587 0.484518 0.191688 0.481530 0.190892 0.479292 0.188731 0.477927 0.186018 0.476875 0.182215 0.477188 0.181124 0.476695 0.177861 0.478329 0.169683 0.479078 0.168317 0.480387 0.167491 0.480701 0.166400 0.484941 0.162831 0.485501 0.163372 0.486810 0.162546 0.487369 0.163086 0.489238 0.162801 0.491476 0.164963 0.491599 0.165778 0.492718 0.166859 0.493950 0.175017 0.493446 0.178014 0.493693 0.179646 0.492753 0.182919 0.490191 0.188109 0.488882 0.188935 0.488568 0.190026
0 0.225229 0.364195 0.224670 0.363655 0.220742 0.366133 0.218314 0.365878 0.214957 0.362635 0.214521 0.362910 0.213155 0.360198 0.210805 0.350959 0.211129 0.343608 0.213445 0.336786 0.214317 0.336235 0.214631 0.335144 0.221300 0.331831 0.223291 0.332361 0.226089 0.335063 0.226525 0.334788 0.229133 0.339397 0.229379 0.341029 0.229939 0.341569 0.231047 0.348911 0.230734 0.350002 0.230980 0.351633 0.229101 0.358180 0.226102 0.363645
0 0.417564 0.777131 0.417004 0.776590 0.415695 0.777416 0.415136 0.776876 0.413827 0.777701 0.413267 0.777161 0.412394 0.777712 0.410716 0.776090 0.410593 0.775275 0.410033 0.774734 0.409787 0.773103 0.409227 0.772562 0.408612 0.768483 0.408925 0.767392 0.408555 0.764945 0.408869 0.763854 0.408745 0.763038 0.409685 0.759765 0.410122 0.759490 0.411184 0.757033 0.412494 0.756207 0.412807 0.755116 0.415425 0.753464 0.415985 0.754004 0.417294 0.753179 0.419409 0.754525 0.419845 0.754249 0.421647 0.756686 0.422139 0.759949 0.422699 0.760490 0.422945 0.762121 0.422632 0.763212 0.422878 0.764844 0.422565 0.765935 0.422498 0.768657 0.422062 0.768933 0.421435 0.771115 0.420999 0.771390 0.419936 0.773847 0.419063 0.774398 0.418000 0.776855
0 0.253402 0.313366 0.252842 0.312825 0.251533 0.313651 0.250974 0.313111 0.249541 0.313121 0.248422 0.312040 0.247986 0.312315 0.246867 0.311234 0.246620 0.309603 0.246061 0.309063 0.245568 0.305800 0.245009 0.305259 0.245322 0.304168 0.244830 0.300905 0.245143 0.299814 0.244897 0.298183 0.245210 0.297092 0.245087 0.296276 0.246776 0.291636 0.247649 0.291086 0.247962 0.289995 0.251889 0.287517 0.252449 0.288058 0.254194 0.286956 0.254754 0.287497 0.255190 0.287222 0.256869 0.288843 0.256992 0.289659 0.258234 0.291555 0.258727 0.294818 0.259286 0.295359 0.259409 0.296174 0.259096 0.297265 0.259589 0.300528 0.259276 0.301619 0.259209 0.304342 0.258269 0.307615 0.257396 0.308166 0.256333 0.310623 0.254588 0.311724 0.254274 0.312815
0 0.426674 0.802653 0.425555 0.801573 0.423563 0.801042 0.421885 0.799421 0.421202 0.798065 0.420956 0.796433 0.420396 0.795893 0.419657 0.790998 0.419971 0.789907 0.419724 0.788276 0.421044 0.781189 0.423293 0.777090 0.429402 0.773236 0.432077 0.775123 0.434125 0.779191 0.434494 0.781638 0.435054 0.782179 0.435546 0.785442 0.434473 0.794160 0.434036 0.794435 0.433097 0.797708 0.430915 0.799085 0.430602 0.800176
0 0.565383 0.315786 0.564824 0.315245 0.563078 0.316346 0.562519 0.315806 0.561646 0.316356 0.557662 0.315296 0.555424 0.313134 0.554562 0.307424 0.554875 0.306333 0.554573 0.301163 0.555390 0.297074 0.555143 0.295443 0.556083 0.292170 0.559954 0.286154 0.562573 0.284502 0.564564 0.285032 0.567306 0.284196 0.569980 0.286083 0.572028 0.290151 0.572521 0.293414 0.572208 0.294505 0.572700 0.297768 0.572387 0.298859 0.572756 0.301307 0.572566 0.303213 0.570877 0.307853 0.570004 0.308403 0.566256 0.315235
0 0.131747 0.479455 0.131187 0.478915 0.129442 0.480016 0.128882 0.479476 0.127573 0.480301 0.125145 0.480046 0.121228 0.476263 0.119740 0.472735 0.118508 0.464578 0.119135 0.462396 0.119202 0.459673 0.120455 0.455309 0.122267 0.451485 0.124013 0.450384 0.124326 0.449293 0.128253 0.446815 0.130245 0.447346 0.134039 0.450313 0.136769 0.455738 0.137139 0.458185 0.137698 0.458726 0.138683 0.465252 0.138180 0.468249 0.136614 0.473705 0.132060 0.478364
0 0.359230 0.913102 0.358670 0.912561 0.356488 0.913938 0.355492 0.913673 0.353254 0.911511 0.352572 0.910155 0.352202 0.907707 0.351643 0.907167 0.351150 0.903904 0.351463 0.902813 0.350971 0.899550 0.351597 0.897368 0.351664 0.894645 0.352917 0.890281 0.354226 0.889455 0.354539 0.888364 0.356721 0.886988 0.357035 0.885897 0.357907 0.885346 0.358467 0.885887 0.359340 0.885336 0.359899 0.885876 0.360772 0.885326 0.362764 0.885856 0.363883 0.886937 0.365248 0.889649 0.366603 0.898623 0.366289 0.899714 0.366659 0.902161 0.366469 0.904068 0.365093 0.907616 0.364220 0.908167 0.362721 0.910899
0 0.677826 0.436938 0.677266 0.436397 0.674212 0.438324 0.673652 0.437784 0.672343 0.438610 0.668303 0.434011 0.667934 0.431564 0.666569 0.428851 0.666882 0.427760 0.666579 0.422591 0.668336 0.415229 0.669085 0.413862 0.670394 0.413036 0.670708 0.411945 0.672890 0.410569 0.673203 0.409478 0.676381 0.408367 0.676940 0.408907 0.677813 0.408356 0.679805 0.408887 0.681606 0.411324 0.682289 0.412680 0.682659 0.415127 0.683218 0.415668 0.683711 0.418931 0.683397 0.420022 0.683767 0.422469 0.683387 0.426282 0.681071 0.433104 0.678576 0.435572 0.678262 0.436663
0 0.622647 0.729949 0.622087 0.729408 0.621214 0.729959 0.618417 0.727257 0.618294 0.726441 0.617734 0.725901 0.617118 0.721822 0.616559 0.721281 0.616436 0.720466 0.616939 0.717468 0.616570 0.715021 0.616883 0.713930 0.616950 0.711207 0.617889 0.707934 0.618326 0.707659 0.618639 0.706568 0.622130 0.704365 0.622690 0.704906 0.624435 0.703805 0.626673 0.705966 0.626796 0.706782 0.628039 0.708679 0.628408 0.711126 0.628968 0.711666 0.629214 0.713298 0.628901 0.714389 0.629270 0.716836 0.628957 0.717927 0.629080 0.718743 0.627200 0.725289 0.625455 0.726390 0.625142 0.727481 0.622960 0.728858
0 0.458740 0.407185 0.456122 0.408836 0.454130 0.408306 0.451769 0.405329 0.451086 0.403972 0.450840 0.402341 0.450280 0.401800 0.449911 0.399353 0.449351 0.398813 0.449664 0.397722 0.449295 0.395274 0.449608 0.394183 0.449362 0.392552 0.449988 0.390370 0.449865 0.389554 0.450805 0.386281 0.451555 0.384915 0.452427 0.384364 0.452741 0.383273 0.458414 0.379694 0.459410 0.379959 0.461771 0.382937 0.462453 0.384293 0.462700 0.385925 0.463942 0.387821 0.464188 0.389453 0.464748 0.389993 0.465487 0.394888 0.463294 0.402525 0.462544 0.403891 0.461671 0.404442 0.461358 0.405533
0 0.407240 0.335142 0.404185 0.337070 0.398590 0.331665 0.397661 0.328677 0.397101 0.328137 0.396239 0.322427 0.396810 0.316706 0.396564 0.315075 0.399629 0.306887 0.402247 0.305235 0.402561 0.304144 0.405615 0.302217 0.408166 0.303288 0.411524 0.306531 0.412889 0.309243 0.413258 0.311690 0.413818 0.312231 0.414926 0.319572 0.414613 0.320663 0.414859 0.322295 0.412230 0.330207 0.410608 0.332124 0.410295 0.333215
0 0.366821 0.065809 0.364421 0.067323 0.363862 0.066783 0.363425 0.067058 0.361747 0.065437 0.361500 0.063805 0.360941 0.063265 0.360079 0.057555 0.360392 0.056464 0.360146 0.054832 0.360459 0.053741 0.360336 0.052925 0.360839 0.049928 0.361276 0.049652 0.361589 0.048561 0.365516 0.046084 0.365830 0.044993 0.366389 0.045533 0.367821 0.045523 0.369500 0.047144 0.369746 0.048776 0.370306 0.049316 0.371168 0.055026 0.370855 0.056117 0.370788 0.058840 0.369221 0.064295
0 0.268738 0.411796 0.268179 0.411255 0.267306 0.411806 0.265314 0.411275 0.261397 0.407492 0.260715 0.406136 0.259237 0.396347 0.259427 0.394440 0.259864 0.394165 0.262056 0.386528 0.262929 0.385977 0.263242 0.384886 0.266733 0.382684 0.267293 0.383224 0.268602 0.382398 0.269162 0.382939 0.271030 0.382653 0.273951 0.386171 0.274197 0.387803 0.275563 0.390515 0.275809 0.392147 0.275496 0.393238 0.275988 0.396501 0.275608 0.400314 0.274478 0.405494 0.273729 0.406861 0.271983 0.407962 0.271670 0.409053 0.269051 0.410705
0 0.334370 0.811745 0.333811 0.811205 0.328888 0.813417 0.326896 0.812887 0.324781 0.811541 0.322296 0.807747 0.321804 0.804484 0.321244 0.803944 0.320382 0.798234 0.320696 0.797143 0.320449 0.795511 0.322955 0.786783 0.323705 0.785417 0.324578 0.784866 0.324891 0.783775 0.329255 0.781022 0.329568 0.779931 0.330564 0.780196 0.331873 0.779370 0.335297 0.779890 0.338341 0.784224 0.340132 0.792922 0.339819 0.794013 0.340188 0.796460 0.339808 0.800274 0.337805 0.806004 0.334807 0.811470
0 0.542147 0.392984 0.541588 0.392444 0.541151 0.392719 0.540032 0.391638 0.539596 0.391913 0.539473 0.391098 0.538231 0.389201 0.537984 0.387569 0.537425 0.387029 0.537302 0.386213 0.537615 0.385122 0.537246 0.382675 0.537559 0.381584 0.537436 0.380768 0.537749 0.379677 0.538006 0.375048 0.538946 0.371775 0.540255 0.370949 0.540568 0.369858 0.544932 0.367105 0.546051 0.368186 0.546487 0.367911 0.546610 0.368726 0.547170 0.369267 0.547416 0.370898 0.548658 0.372795 0.549644 0.379321 0.549330 0.380412 0.549073 0.385041 0.548447 0.387223 0.548010 0.387499 0.547697 0.388590 0.544643 0.390517 0.544329 0.391608
0 0.162353 0.352936 0.159299 0.354863 0.157307 0.354332 0.154509 0.351630 0.153513 0.351365 0.152831 0.350009 0.152338 0.346746 0.151779 0.346205 0.151532 0.344574 0.151846 0.343483 0.151353 0.340220 0.152483 0.335040 0.152360 0.334224 0.153299 0.330951 0.154799 0.328218 0.155671 0.327668 0.155985 0.326577 0.156544 0.327117 0.161344 0.324089 0.164578 0.326516 0.164702 0.327332 0.167063 0.330309 0.167432 0.332756 0.168674 0.334653 0.168361 0.335744 0.168664 0.340914 0.168473 0.342821 0.166907 0.348276 0.165408 0.351009
0 0.436851 0.208357 0.434176 0.206471 0.434053 0.205655 0.433494 0.205115 0.433247 0.203483 0.432688 0.202943 0.431826 0.197233 0.432139 0.196142 0.431770 0.193694 0.432083 0.192603 0.431960 0.191788 0.432586 0.189606 0.432463 0.188790 0.433403 0.185517 0.433839 0.185241 0.434152 0.184150 0.439825 0.180572 0.442063 0.182733 0.442187 0.183549 0.443306 0.184630 0.443429 0.185446 0.443988 0.185986 0.444481 0.189249 0.445040 0.189790 0.445287 0.191421 0.444973 0.192512 0.445153 0.196866 0.443586 0.202321 0.442714 0.202872 0.442401 0.203963 0.440219 0.205339 0.439905 0.206430
0 0.663614 0.589746 0.660559 0.591673 0.657202 0.588430 0.653789 0.581649 0.652804 0.575123 0.652994 0.573216 0.654247 0.568852 0.656496 0.564753 0.658241 0.563652 0.658801 0.564192 0.662728 0.561715 0.664720 0.562245 0.666958 0.564407 0.667328 0.566854 0.667887 0.567394 0.669242 0.576368 0.668615 0.578550 0.668861 0.580181 0.668671 0.582088 0.666669 0.587818
0 0.384589 0.796146 0.384029 0.795606 0.383157 0.796156 0.381601 0.795351 0.380729 0.795901 0.379733 0.795636 0.377495 0.793474 0.377371 0.792659 0.376252 0.791578 0.375637 0.787499 0.375077 0.786958 0.374708 0.784511 0.375021 0.783420 0.374528 0.780157 0.375155 0.777975 0.375591 0.777700 0.376218 0.775518 0.377090 0.774967 0.378153 0.772510 0.379026 0.771959 0.379339 0.770868 0.380648 0.770042 0.380962 0.768951 0.381834 0.768401 0.382394 0.768941 0.384140 0.767840 0.385695 0.768646 0.386568 0.768095 0.388246 0.769716 0.388929 0.771073 0.389298 0.773520 0.389858 0.774060 0.391089 0.782218 0.390709 0.786031 0.390083 0.788213 0.390206 0.789029 0.389333 0.789580 0.388270 0.792037 0.387397 0.792588 0.385898 0.795320
0 0.152666 0.228606 0.152106 0.228066 0.150797 0.228892 0.148246 0.227821 0.147373 0.228372 0.145135 0.226210 0.144889 0.224578 0.143523 0.221866 0.141799 0.210445 0.142123 0.203094 0.143063 0.199821 0.147248 0.192714 0.148557 0.191888 0.149116 0.192428 0.152607 0.190226 0.153603 0.190491 0.157833 0.193183 0.159758 0.196436 0.160128 0.198883 0.160687 0.199424 0.161795 0.206765 0.161482 0.207856 0.161851 0.210304 0.161225 0.212486 0.161158 0.215208 0.158216 0.224212 0.154288 0.226689 0.153975 0.227780
0 0.485060 0.600536 0.483068 0.600006 0.480830 0.597844 0.478961 0.598130 0.477719 0.596233 0.477350 0.593786 0.476790 0.593245 0.476174 0.589166 0.476488 0.588075 0.476118 0.585628 0.476935 0.581539 0.476812 0.580724 0.477438 0.578542 0.480437 0.573076 0.484801 0.570323 0.485360 0.570864 0.486669 0.570038 0.487665 0.570303 0.488784 0.571384 0.489713 0.574372 0.490955 0.576268 0.491694 0.581163 0.492254 0.581703 0.491940 0.582794 0.492433 0.586057 0.492120 0.587148 0.492366 0.588780 0.491046 0.595866 0.489301 0.596968 0.488987 0.598059
0 0.047485 0.266371 0.045303 0.267747 0.040446 0.267237 0.038208 0.265075 0.036160 0.261007 0.034806 0.252033 0.035309 0.249036 0.035253 0.245497 0.036629 0.241949 0.040500 0.235933 0.044428 0.233455 0.044987 0.233996 0.047729 0.233160 0.050963 0.235587 0.051892 0.238574 0.053134 0.240471 0.054365 0.248629 0.054052 0.249720 0.054421 0.252167 0.054231 0.254074 0.052475 0.261436 0.051725 0.262802 0.049980 0.263903 0.049667 0.264994
0 0.249634 0.367561 0.249075 0.367021 0.248202 0.367572 0.246524 0.365950 0.246400 0.365134 0.245841 0.364594 0.244733 0.357252 0.245046 0.356161 0.244800 0.354530 0.245426 0.352348 0.245303 0.351532 0.246556 0.347168 0.247865 0.346342 0.248425 0.346882 0.250170 0.345781 0.250730 0.346322 0.252039 0.345496 0.252598 0.346036 0.253035 0.345761 0.255396 0.348738 0.255765 0.351186 0.256325 0.351726 0.256817 0.354989 0.256504 0.356080 0.256750 0.357712 0.256437 0.358803 0.256560 0.359618 0.255934 0.361800 0.255497 0.362076 0.255184 0.363167 0.252566 0.364819 0.252253 0.365910
0 0.366680 0.709167 0.366120 0.708627 0.365247 0.709177 0.364688 0.708637 0.363256 0.708647 0.361017 0.706485 0.360894 0.705669 0.359775 0.704589 0.359036 0.699694 0.359350 0.698603 0.359417 0.695881 0.361173 0.688519 0.362046 0.687968 0.362359 0.686877 0.366286 0.684399 0.366846 0.684940 0.368591 0.683839 0.369151 0.684379 0.369274 0.685195 0.370516 0.687091 0.370762 0.688723 0.371322 0.689263 0.372430 0.696605 0.372117 0.697696 0.372050 0.700419 0.371110 0.703692 0.370238 0.704242 0.369924 0.705333 0.368615 0.706159 0.368302 0.707250 0.366993 0.708076
0 0.180385 0.260258 0.179826 0.259718 0.175462 0.262471 0.174466 0.262205 0.171109 0.258963 0.170862 0.257331 0.169061 0.254894 0.167952 0.247552 0.168456 0.244555 0.168209 0.242923 0.169026 0.238834 0.169462 0.238559 0.170839 0.235011 0.177384 0.230881 0.179499 0.232227 0.179936 0.231952 0.181614 0.233573 0.182051 0.233298 0.183416 0.236010 0.183662 0.237642 0.184222 0.238182 0.184032 0.240089 0.184770 0.244984 0.184267 0.247981 0.184323 0.251520 0.183070 0.255884 0.180821 0.259983
0 0.358100 0.576349 0.357541 0.575809 0.355795 0.576910 0.355236 0.576369 0.353804 0.576379 0.353680 0.575564 0.352125 0.574758 0.352002 0.573942 0.351442 0.573402 0.350211 0.565244 0.350524 0.564153 0.350278 0.562522 0.350781 0.559524 0.351218 0.559249 0.351844 0.557067 0.352280 0.556792 0.352907 0.554609 0.353343 0.554334 0.354406 0.551877 0.355279 0.551326 0.355838 0.551867 0.358020 0.550490 0.358580 0.551031 0.359889 0.550205 0.361008 0.551286 0.361131 0.552101 0.362373 0.553998 0.363425 0.557801 0.363985 0.558342 0.363672 0.559433 0.364041 0.561880 0.363728 0.562971 0.363974 0.564603 0.362968 0.570598 0.362095 0.571149 0.361782 0.572240 0.360472 0.573066 0.360159 0.574157 0.358850 0.574983 0.358537 0.576074
0 0.453629 0.446146 0.453069 0.445606 0.450764 0.446166 0.449645 0.445085 0.449209 0.445361 0.447407 0.442924 0.447038 0.440476 0.446478 0.439936 0.445862 0.435857 0.446176 0.434766 0.445806 0.432319 0.446746 0.429046 0.447932 0.427404 0.449308 0.423856 0.450181 0.423305 0.451680 0.420573 0.455171 0.418370 0.455731 0.418911 0.457476 0.417810 0.458595 0.418890 0.458965 0.421338 0.459524 0.421878 0.460017 0.425141 0.460576 0.425682 0.461315 0.430576 0.461002 0.431667 0.461248 0.433299 0.460868 0.437112 0.458932 0.440120 0.457556 0.443668
0 0.369582 0.107845 0.367591 0.107315 0.365912 0.105694 0.365476 0.105969 0.364670 0.103797 0.362868 0.101360 0.362252 0.097281 0.361693 0.096741 0.361447 0.095109 0.361760 0.094018 0.361267 0.090755 0.362397 0.085575 0.362274 0.084760 0.362900 0.082578 0.364400 0.079845 0.365272 0.079294 0.365586 0.078203 0.367331 0.077102 0.367891 0.077643 0.371382 0.075440 0.373743 0.078418 0.375791 0.082486 0.376037 0.084118 0.376597 0.084658 0.377336 0.089553 0.377022 0.090644 0.377079 0.094182 0.375322 0.101544 0.374573 0.102910 0.373264 0.103736 0.372950 0.104827 0.371205 0.105928 0.370892 0.107020
0 0.669425 0.143832 0.668306 0.142751 0.667870 0.143027 0.663953 0.139244 0.662588 0.136531 0.661603 0.130005 0.662419 0.125916 0.662363 0.122378 0.665115 0.115281 0.666111 0.115546 0.670475 0.112793 0.673586 0.114405 0.676317 0.119829 0.677425 0.127171 0.677112 0.128262 0.677481 0.130709 0.675602 0.137256 0.674852 0.138622 0.673106 0.139723 0.672793 0.140814 0.669739 0.142741
0 0.267158 0.208197 0.266599 0.207657 0.265289 0.208483 0.264730 0.207942 0.263857 0.208493 0.263298 0.207952 0.262861 0.208228 0.260623 0.206066 0.260500 0.205250 0.259258 0.203354 0.258642 0.199275 0.258955 0.198184 0.258709 0.196552 0.259022 0.195461 0.259279 0.190832 0.259906 0.188650 0.260342 0.188375 0.261405 0.185917 0.262278 0.185367 0.262591 0.184276 0.264337 0.183174 0.264896 0.183715 0.267324 0.183970 0.269003 0.185591 0.269126 0.186407 0.270928 0.188844 0.272159 0.197002 0.271846 0.198093 0.271779 0.200815 0.269217 0.206005 0.267908 0.206831 0.267594 0.207922
0 0.497150 0.341856 0.496590 0.341315 0.494845 0.342416 0.494285 0.341876 0.493849 0.342151 0.492170 0.340530 0.492047 0.339714 0.491488 0.339174 0.491241 0.337542 0.490682 0.337002 0.490313 0.334555 0.490626 0.333464 0.490256 0.331016 0.490570 0.329925 0.490637 0.327203 0.491576 0.323930 0.492013 0.323654 0.492326 0.322563 0.493199 0.322013 0.493512 0.320922 0.497003 0.318719 0.497562 0.319260 0.498435 0.318709 0.500673 0.320871 0.500796 0.321687 0.501916 0.322768 0.502778 0.328478 0.502151 0.330660 0.501894 0.335289 0.501267 0.337471 0.500831 0.337747 0.499768 0.340204
0 0.163509 0.731020 0.162949 0.730480 0.162076 0.731031 0.158160 0.727247 0.157723 0.727523 0.157600 0.726707 0.156481 0.725626 0.155496 0.719100 0.156066 0.713380 0.156503 0.713104 0.157442 0.709831 0.159691 0.705732 0.161437 0.704631 0.161996 0.705172 0.165487 0.702969 0.167479 0.703500 0.169717 0.705661 0.170087 0.708109 0.170646 0.708649 0.171262 0.712728 0.170949 0.713819 0.171318 0.716266 0.171128 0.718173 0.169875 0.722537 0.169998 0.723353 0.169562 0.723628 0.168935 0.725810 0.165131 0.729103 0.164818 0.730195
0 0.473779 0.570129 0.473219 0.569589 0.470601 0.571240 0.470041 0.570700 0.468732 0.571526 0.467736 0.571261 0.466058 0.569639 0.465621 0.569915 0.464379 0.568018 0.464010 0.565571 0.463450 0.565030 0.462342 0.557689 0.464221 0.551142 0.464971 0.549776 0.471953 0.545371 0.472949 0.545637 0.476866 0.549420 0.477112 0.551051 0.478354 0.552948 0.478723 0.555395 0.478220 0.558393 0.478466 0.560024 0.477840 0.562206 0.477404 0.562482 0.475837 0.567937 0.475088 0.569303
0 0.682338 0.311691 0.681779 0.311151 0.678041 0.311722 0.675490 0.310651 0.672569 0.307133 0.672077 0.303870 0.671517 0.303330 0.670969 0.296528 0.671595 0.294346 0.672479 0.287535 0.673541 0.285078 0.674851 0.284252 0.675164 0.283161 0.676473 0.282335 0.676786 0.281244 0.679404 0.279592 0.679964 0.280133 0.680837 0.279582 0.682392 0.280388 0.684261 0.280102 0.687428 0.285252 0.687921 0.288515 0.688480 0.289055 0.689398 0.298303 0.689085 0.299395 0.689141 0.302933 0.687888 0.307297 0.684834 0.309224 0.684520 0.310315
0 0.470719 0.828474 0.468167 0.827403 0.465750 0.820887 0.466063 0.819796 0.465571 0.816533 0.466387 0.812444 0.466264 0.811628 0.466890 0.809446 0.466767 0.808630 0.467204 0.808355 0.469016 0.804532 0.469453 0.804256 0.470012 0.804797 0.472630 0.803145 0.473190 0.803685 0.474499 0.802859 0.476301 0.805297 0.476424 0.806112 0.477666 0.808009 0.478774 0.815351 0.478461 0.816442 0.478584 0.817257 0.477768 0.821346 0.477331 0.821622 0.476268 0.824079 0.474959 0.824905 0.474646 0.825996
0 0.130007 0.404611 0.129448 0.404071 0.126706 0.404907 0.124032 0.403020 0.123595 0.403296 0.121794 0.400858 0.121547 0.399227 0.120988 0.398687 0.119880 0.391345 0.121200 0.384258 0.121076 0.383442 0.121513 0.383167 0.122889 0.379619 0.125071 0.378242 0.125384 0.377151 0.128439 0.375224 0.128998 0.375765 0.129871 0.375214 0.131863 0.375744 0.134784 0.379262 0.135466 0.380619 0.135836 0.383066 0.136395 0.383606 0.137627 0.391764 0.137436 0.393670 0.135747 0.398310 0.134248 0.401043 0.133375 0.401593 0.133062 0.402684
0 0.084063 0.252229 0.083504 0.251689 0.080326 0.252800 0.079330 0.252535 0.077651 0.250914 0.076969 0.249557 0.076476 0.246294 0.075917 0.245754 0.075301 0.241675 0.075614 0.240584 0.075245 0.238137 0.075435 0.236230 0.076565 0.231050 0.077314 0.229684 0.078187 0.229133 0.078500 0.228042 0.079809 0.227216 0.080123 0.226125 0.082741 0.224474 0.083300 0.225014 0.084173 0.224464 0.086165 0.224994 0.087844 0.226615 0.088649 0.228787 0.089768 0.229868 0.091000 0.238025 0.090430 0.243746 0.087431 0.249211 0.086558 0.249762 0.086245 0.250853
0 0.431270 0.085905 0.430710 0.085364 0.429278 0.085374 0.427600 0.083753 0.427476 0.082937 0.425552 0.079684 0.424813 0.074790 0.425126 0.073699 0.425193 0.070976 0.425819 0.068794 0.425696 0.067979 0.426133 0.067703 0.426446 0.066612 0.427755 0.065786 0.428068 0.064695 0.428505 0.064420 0.429064 0.064960 0.432119 0.063033 0.432678 0.063574 0.433551 0.063023 0.435230 0.064645 0.435353 0.065460 0.436472 0.066541 0.437211 0.071436 0.437770 0.071976 0.436887 0.078788 0.436450 0.079063 0.435388 0.081520 0.434078 0.082346 0.433765 0.083437 0.432020 0.084538 0.431706 0.085629
0 0.567638 0.055269 0.567078 0.054729 0.566205 0.055279 0.565646 0.054739 0.564213 0.054749 0.564090 0.053933 0.562971 0.052852 0.562848 0.052037 0.561170 0.050415 0.560061 0.043074 0.560688 0.040892 0.560565 0.040076 0.561068 0.037078 0.561504 0.036803 0.562567 0.034345 0.563440 0.033795 0.563753 0.032704 0.565935 0.031327 0.566495 0.031868 0.568677 0.030491 0.569236 0.031032 0.570109 0.030481 0.570668 0.031022 0.571105 0.030746 0.571664 0.031287 0.571787 0.032102 0.573030 0.033999 0.573276 0.035631 0.573835 0.036171 0.573522 0.037262 0.573892 0.039709 0.573578 0.040800 0.573825 0.042432 0.573198 0.044614 0.573131 0.047336 0.572505 0.049519 0.571632 0.050069 0.571319 0.051160 0.570446 0.051711 0.570133 0.052802 0.568387 0.053903 0.568074 0.054994
0 0.650418 0.369353 0.643883 0.367221 0.642081 0.364784 0.640593 0.361256 0.639731 0.355546 0.640044 0.354455 0.639798 0.352823 0.641990 0.345186 0.644989 0.339721 0.649353 0.336968 0.649912 0.337508 0.651658 0.336407 0.652654 0.336672 0.656134 0.340731 0.657499 0.343443 0.657869 0.345890 0.658428 0.346431 0.658977 0.353232 0.657970 0.359228 0.655968 0.364958 0.653349 0.366610 0.653036 0.367701
0 0.227231 0.684567 0.226672 0.684026 0.223930 0.684862 0.220819 0.683251 0.220696 0.682435 0.219018 0.680814 0.218648 0.678367 0.218089 0.677826 0.217473 0.673748 0.217853 0.669934 0.218793 0.666661 0.219229 0.666386 0.221982 0.659289 0.228964 0.654884 0.229960 0.655149 0.230642 0.656506 0.233440 0.659208 0.233686 0.660839 0.234928 0.662736 0.235544 0.666815 0.235231 0.667906 0.235477 0.669537 0.235287 0.671444 0.233408 0.677990 0.232658 0.679356 0.230912 0.680458 0.230599 0.681549 0.228417 0.682925 0.228104 0.684016
0 0.425493 0.873980 0.424933 0.873439 0.422628 0.874000 0.419954 0.872113 0.419831 0.871298 0.419271 0.870757 0.418163 0.863416 0.418476 0.862324 0.418923 0.855788 0.420489 0.850333 0.421362 0.849783 0.421675 0.848692 0.424294 0.847040 0.424853 0.847580 0.426162 0.846754 0.426722 0.847295 0.428154 0.847285 0.429956 0.849722 0.430448 0.852985 0.431008 0.853525 0.431870 0.859235 0.431557 0.860326 0.431926 0.862774 0.431109 0.866862 0.430673 0.867138 0.430047 0.869320 0.429174 0.869870 0.428861 0.870961 0.427988 0.871512 0.427675 0.872603
0 0.457613 0.627679 0.457054 0.627138 0.455308 0.628240 0.454749 0.627699 0.453876 0.628250 0.451638 0.626088 0.450709 0.623100 0.450149 0.622560 0.448918 0.614402 0.449231 0.613311 0.449052 0.608957 0.450305 0.604593 0.451178 0.604042 0.451491 0.602952 0.452800 0.602126 0.453113 0.601035 0.454859 0.599933 0.455172 0.598842 0.456045 0.598292 0.461584 0.600158 0.464314 0.605583 0.465300 0.612109 0.464986 0.613200 0.465043 0.616738 0.464103 0.620011 0.461854 0.624110 0.460981 0.624661 0.460668 0.625752
0 0.101737 0.331316 0.097373 0.334069 0.093390 0.333008 0.089909 0.328950 0.088734 0.324331 0.088175 0.323790 0.087503 0.316173 0.088006 0.313175 0.087760 0.311544 0.088699 0.308271 0.090512 0.304447 0.091385 0.303896 0.091698 0.302805 0.095625 0.300328 0.096185 0.300868 0.098926 0.300032 0.100918 0.300562 0.103156 0.302724 0.103962 0.304896 0.105641 0.306518 0.106379 0.311412 0.106939 0.311953 0.106626 0.313044 0.107365 0.317938 0.106112 0.322302 0.106045 0.325025 0.103919 0.329939
0 0.655386 0.000000 0.654827 0.000000 0.653395 0.000000 0.651716 0.000000 0.651593 0.000000 0.650351 0.000000 0.649119 0.000000 0.649432 0.000000 0.649186 0.000000 0.649499 0.000000 0.649376 0.000000 0.650003 0.000000 0.650439 0.000000 0.651502 0.000000 0.652375 0.000000 0.652688 0.000000 0.655306 0.000000 0.655866 0.000000 0.656739 0.000000 0.657298 0.000000 0.658730 0.000000 0.659849 0.000000 0.660219 0.000000 0.661461 0.000000 0.661954 0.000000 0.661640 0.000000 0.662133 0.000000 0.661820 0.000000 0.661943 0.000000 0.660690 0.000000 0.660254 0.000000 0.658441 0.000000
0 0.132589 0.532529 0.132030 0.531989 0.129725 0.532550 0.128606 0.531469 0.128169 0.531744 0.125931 0.529582 0.124566 0.526870 0.124320 0.525238 0.123760 0.524698 0.123514 0.523066 0.123827 0.521975 0.123211 0.517897 0.123838 0.515715 0.123715 0.514899 0.124341 0.512717 0.125840 0.509984 0.127586 0.508883 0.127899 0.507792 0.131390 0.505590 0.135374 0.506650 0.136616 0.508547 0.136862 0.510178 0.137422 0.510719 0.137914 0.513982 0.138474 0.514522 0.138720 0.516154 0.138407 0.517245 0.138900 0.520508 0.136271 0.528420 0.135521 0.529787 0.134648 0.530337 0.134335 0.531428
0 0.453506 0.119229 0.452947 0.118688 0.452074 0.119239 0.448717 0.115996 0.448594 0.115180 0.446792 0.112743 0.446546 0.111112 0.445986 0.110571 0.446299 0.109480 0.445930 0.107033 0.446243 0.105942 0.445997 0.104310 0.447753 0.096948 0.448190 0.096673 0.448503 0.095582 0.449376 0.095031 0.449689 0.093940 0.451434 0.092839 0.451994 0.093380 0.454176 0.092003 0.454735 0.092544 0.455608 0.091993 0.455731 0.092809 0.456850 0.093890 0.456973 0.094706 0.458216 0.096602 0.458708 0.099865 0.459268 0.100406 0.459760 0.103669 0.459447 0.104760 0.459693 0.106391 0.459380 0.107482 0.459313 0.110205 0.458687 0.112387 0.457814 0.112937 0.456001 0.116761 0.454692 0.117587 0.454379 0.118678
0 0.850558 0.371747 0.849998 0.371207 0.846821 0.372318 0.843833 0.371523 0.842154 0.369901 0.840789 0.367189 0.840420 0.364742 0.839860 0.364201 0.838998 0.358491 0.839445 0.351955 0.840698 0.347591 0.843193 0.345123 0.843507 0.344032 0.844816 0.343206 0.845129 0.342115 0.847311 0.340739 0.847870 0.341279 0.849179 0.340453 0.849739 0.340994 0.852044 0.340433 0.854965 0.343951 0.856330 0.346664 0.856823 0.349927 0.857382 0.350467 0.857495 0.357543 0.855738 0.364906 0.852930 0.368464 0.852617 0.369555 0.851308 0.370381 0.850994 0.371472
0 0.242202 0.163188 0.237782 0.162403 0.234984 0.159700 0.234861 0.158885 0.233742 0.157804 0.233126 0.153725 0.232567 0.153184 0.232321 0.151553 0.232634 0.150462 0.232018 0.146383 0.232645 0.144201 0.233025 0.140388 0.234401 0.136839 0.236896 0.134372 0.237209 0.133281 0.239391 0.131904 0.239951 0.132445 0.241260 0.131619 0.243252 0.132149 0.244930 0.133770 0.246855 0.137023 0.247225 0.139470 0.247784 0.140011 0.248646 0.145721 0.249206 0.146262 0.249452 0.147893 0.248882 0.153613 0.247942 0.156887 0.247069 0.157437 0.245570 0.160170 0.243824 0.161271 0.243511 0.162362
0 0.229245 0.853048 0.227690 0.852242 0.226817 0.852793 0.225262 0.851987 0.224389 0.852537 0.222397 0.852007 0.219667 0.846582 0.219174 0.843319 0.218615 0.842779 0.217943 0.835162 0.218446 0.832164 0.219699 0.827800 0.220572 0.827249 0.221635 0.824792 0.222944 0.823966 0.223257 0.822875 0.226312 0.820948 0.226871 0.821489 0.229053 0.820112 0.231481 0.820367 0.235398 0.824150 0.237569 0.829035 0.238308 0.833929 0.238867 0.834469 0.237861 0.840465 0.236608 0.844829 0.234795 0.848653 0.231304 0.850855 0.230991 0.851946
0 0.062778 0.389843 0.062219 0.389303 0.060037 0.390679 0.059477 0.390139 0.059041 0.390414 0.056803 0.388253 0.056680 0.387437 0.056120 0.386896 0.055258 0.381186 0.055571 0.380095 0.055325 0.378464 0.055638 0.377373 0.055705 0.374650 0.056645 0.371377 0.056522 0.370561 0.057395 0.370011 0.057708 0.368920 0.058581 0.368369 0.058894 0.367278 0.062821 0.364800 0.063940 0.365881 0.065373 0.365871 0.067611 0.368033 0.067857 0.369664 0.068417 0.370205 0.069279 0.375915 0.068965 0.377006 0.069212 0.378638 0.067332 0.385184 0.066896 0.385459 0.065833 0.387916
0 0.782690 0.511052 0.782131 0.510512 0.779389 0.511348 0.777397 0.510817 0.776278 0.509737 0.773548 0.504312 0.773055 0.501049 0.772496 0.500508 0.772126 0.498061 0.772316 0.496154 0.774073 0.488792 0.774945 0.488242 0.775259 0.487151 0.777440 0.485774 0.777754 0.484683 0.780808 0.482756 0.781368 0.483297 0.782241 0.482746 0.782800 0.483286 0.784669 0.483001 0.786347 0.484622 0.788395 0.488691 0.789011 0.492770 0.789571 0.493310 0.789257 0.494401 0.789627 0.496848 0.789314 0.497939 0.789370 0.501478 0.788430 0.504751 0.787557 0.505301 0.786058 0.508034 0.784749 0.508860 0.784436 0.509951
0 0.253927 0.804420 0.253367 0.803880 0.251185 0.805256 0.248511 0.803370 0.246463 0.799301 0.245108 0.790328 0.245422 0.789237 0.245052 0.786790 0.246495 0.780519 0.246932 0.780244 0.247558 0.778062 0.251799 0.774493 0.252112 0.773402 0.255849 0.772831 0.258837 0.773626 0.261321 0.777420 0.261814 0.780683 0.262374 0.781223 0.263169 0.789656 0.262475 0.794560 0.260663 0.798384 0.258167 0.800852 0.257854 0.801943
0 0.208864 0.194047 0.206464 0.195561 0.205905 0.195021 0.205032 0.195571 0.201361 0.193419 0.199929 0.193430 0.196639 0.187464 0.196213 0.181479 0.196974 0.173852 0.199356 0.164308 0.201169 0.160484 0.203910 0.159648 0.207334 0.160168 0.211934 0.165307 0.212180 0.166939 0.214105 0.170192 0.214721 0.174271 0.215403 0.175627 0.215090 0.176718 0.215269 0.181072 0.213200 0.189525 0.211264 0.192533
0 0.486452 0.840884 0.485893 0.840343 0.485020 0.840894 0.483901 0.839813 0.483465 0.840088 0.480667 0.837386 0.479682 0.830860 0.479995 0.829769 0.479749 0.828137 0.480062 0.827046 0.479816 0.825415 0.480755 0.822142 0.481192 0.821866 0.482255 0.819409 0.484873 0.817757 0.485433 0.818298 0.487614 0.816921 0.489170 0.817727 0.489293 0.818543 0.491901 0.823152 0.492639 0.828046 0.492326 0.829137 0.492572 0.830769 0.491946 0.832951 0.491510 0.833226 0.490447 0.835683 0.489138 0.836509 0.488824 0.837600 0.487952 0.838151 0.487638 0.839242 0.486766 0.839793
0 0.530202 0.639959 0.529642 0.639418 0.528333 0.640244 0.526341 0.639714 0.523108 0.637287 0.522671 0.637562 0.520187 0.633769 0.519694 0.630506 0.520007 0.629415 0.519638 0.626968 0.522211 0.615517 0.525019 0.611958 0.525333 0.610867 0.526642 0.610041 0.526955 0.608950 0.529137 0.607574 0.529696 0.608114 0.531878 0.606738 0.534306 0.606993 0.536668 0.609970 0.537037 0.612418 0.538526 0.615946 0.538212 0.617037 0.538828 0.621116 0.538258 0.626836 0.537005 0.631200 0.536132 0.631751 0.532820 0.638307
0 0.453201 0.079217 0.452642 0.078676 0.449587 0.080603 0.449028 0.080063 0.448155 0.080613 0.447596 0.080073 0.447159 0.080348 0.446600 0.079808 0.446476 0.078992 0.445357 0.077911 0.445234 0.077095 0.443992 0.075199 0.443007 0.068673 0.443320 0.067582 0.443074 0.065950 0.443387 0.064859 0.443264 0.064043 0.444204 0.060770 0.444640 0.060495 0.444953 0.059404 0.450626 0.055825 0.453178 0.056896 0.453301 0.057712 0.455226 0.060964 0.456211 0.067490 0.455898 0.068581 0.456144 0.070213 0.455831 0.071304 0.455954 0.072120 0.454388 0.077575 0.453951 0.077850 0.453638 0.078941
0 0.543176 0.048365 0.541184 0.047835 0.538510 0.045948 0.538074 0.046224 0.536026 0.042155 0.535533 0.038892 0.534973 0.038351 0.534604 0.035904 0.534917 0.034813 0.534671 0.033182 0.535051 0.029368 0.537490 0.023362 0.538363 0.022812 0.538676 0.021721 0.543040 0.018968 0.543599 0.019508 0.544909 0.018682 0.547706 0.021385 0.547953 0.023016 0.549318 0.025729 0.550303 0.032254 0.549610 0.037159 0.549856 0.038791 0.548290 0.044246 0.544799 0.046448 0.544485 0.047539
0 0.241055 0.250574 0.240496 0.250033 0.239187 0.250859 0.238191 0.250594 0.235953 0.248432 0.235829 0.247617 0.234710 0.246536 0.233345 0.243823 0.232360 0.237297 0.232673 0.236206 0.232304 0.233759 0.234183 0.227213 0.234933 0.225846 0.238860 0.223369 0.239173 0.222278 0.241479 0.221717 0.246022 0.223318 0.247387 0.226031 0.247756 0.228478 0.248316 0.229018 0.248685 0.231465 0.248372 0.232557 0.248865 0.235820 0.248551 0.236911 0.248608 0.240449 0.246918 0.245088 0.245296 0.247005 0.244983 0.248096
0 0.263092 0.146436 0.262533 0.145895 0.261223 0.146721 0.259668 0.145915 0.258795 0.146466 0.256557 0.144304 0.256311 0.142673 0.255751 0.142132 0.255012 0.137238 0.255326 0.136147 0.254833 0.132884 0.255146 0.131793 0.255213 0.129070 0.256276 0.126613 0.257149 0.126062 0.257462 0.124971 0.258771 0.124145 0.259085 0.123054 0.260394 0.122228 0.260953 0.122769 0.262386 0.122759 0.264624 0.124920 0.264747 0.125736 0.265306 0.126277 0.265676 0.128724 0.266918 0.130621 0.266605 0.131712 0.266974 0.134159 0.266661 0.135250 0.266907 0.136881 0.266594 0.137972 0.266717 0.138788 0.265151 0.144243 0.264715 0.144519 0.264401 0.145610
0 0.408536 0.812309 0.405481 0.814236 0.403490 0.813706 0.401375 0.812360 0.401252 0.811544 0.398890 0.808566 0.397905 0.802040 0.398475 0.796320 0.400981 0.787592 0.402291 0.786766 0.402604 0.785675 0.407840 0.782371 0.409832 0.782902 0.411511 0.784523 0.414498 0.785319 0.415114 0.789397 0.414801 0.790488 0.415170 0.792935 0.414857 0.794026 0.415036 0.798381 0.414410 0.800563 0.414343 0.803285 0.413090 0.807649 0.411591 0.810382
0 0.522843 0.356917 0.522283 0.356377 0.520101 0.357753 0.519542 0.357213 0.519105 0.357488 0.517427 0.355867 0.517057 0.353420 0.516498 0.352879 0.515882 0.348801 0.516195 0.347709 0.515703 0.344447 0.516643 0.341173 0.517515 0.340623 0.517829 0.339532 0.522629 0.336504 0.523748 0.337584 0.524184 0.337309 0.525426 0.339206 0.525796 0.341653 0.526355 0.342193 0.526848 0.345456 0.526535 0.346548 0.526781 0.348179 0.526468 0.349270 0.526591 0.350086 0.525025 0.355541
0 0.668691 0.624960 0.665854 0.626750 0.662497 0.623507 0.662251 0.621875 0.661692 0.621335 0.660706 0.614809 0.661020 0.613718 0.660650 0.611271 0.660963 0.610180 0.661220 0.605550 0.661657 0.605275 0.662283 0.603093 0.668393 0.599239 0.670508 0.600585 0.670631 0.601401 0.672992 0.604378 0.673854 0.610088 0.673351 0.613086 0.673597 0.614718 0.673284 0.615809 0.673407 0.616625 0.671527 0.623171
0 0.701905 0.412813 0.699286 0.414465 0.698727 0.413925 0.697854 0.414475 0.696176 0.412854 0.695739 0.413129 0.695616 0.412313 0.694497 0.411233 0.694128 0.408785 0.693568 0.408245 0.692090 0.398456 0.692404 0.397365 0.692471 0.394642 0.693097 0.392460 0.693970 0.391910 0.694283 0.390819 0.700392 0.386965 0.700952 0.387505 0.702384 0.387495 0.702507 0.388311 0.703626 0.389392 0.703750 0.390207 0.705428 0.391829 0.705798 0.394276 0.706357 0.394816 0.706850 0.398079 0.706536 0.399170 0.706716 0.403524 0.704523 0.411162
0 0.581087 0.381820 0.580527 0.381280 0.579655 0.381830 0.576980 0.379944 0.576734 0.378312 0.575492 0.376416 0.574876 0.372337 0.575189 0.371246 0.574943 0.369615 0.575256 0.368524 0.575133 0.367708 0.575446 0.366617 0.575883 0.366341 0.576509 0.364159 0.577382 0.363609 0.577695 0.362518 0.580750 0.360591 0.581309 0.361131 0.582182 0.360581 0.584733 0.361651 0.584857 0.362467 0.585416 0.363008 0.585909 0.366271 0.586468 0.366811 0.586715 0.368442 0.586401 0.369534 0.586524 0.370349 0.585831 0.375254 0.585395 0.375529 0.583582 0.379353 0.582709 0.379903 0.582396 0.380994
0 0.609750 0.299412 0.609190 0.298871 0.608317 0.299422 0.607758 0.298881 0.606326 0.298891 0.606202 0.298076 0.603964 0.295914 0.603718 0.294282 0.603158 0.293742 0.602666 0.290479 0.602106 0.289938 0.602420 0.288847 0.602050 0.286400 0.602363 0.285309 0.602117 0.283678 0.602430 0.282587 0.602307 0.281771 0.602620 0.280680 0.603057 0.280405 0.603997 0.277131 0.604433 0.276856 0.604746 0.275765 0.606055 0.274939 0.606369 0.273848 0.606805 0.273573 0.607365 0.274113 0.609110 0.273012 0.609670 0.273553 0.610542 0.273002 0.611102 0.273542 0.612534 0.273532 0.614336 0.275969 0.614459 0.276785 0.615019 0.277326 0.615388 0.279773 0.615947 0.280313 0.616686 0.285208 0.616373 0.286299 0.616619 0.287930 0.615366 0.292294 0.614930 0.292570 0.613867 0.295027 0.612994 0.295578 0.612681 0.296669 0.611372 0.297495 0.611059 0.298586
0 0.347318 0.162988 0.346759 0.162448 0.344577 0.163824 0.344018 0.163284 0.343145 0.163835 0.342026 0.162754 0.341903 0.161938 0.341343 0.161397 0.341097 0.159766 0.340537 0.159226 0.339552 0.152700 0.339865 0.151609 0.339742 0.150793 0.340995 0.146429 0.341432 0.146153 0.342494 0.143696 0.343367 0.143145 0.343680 0.142054 0.346735 0.140127 0.347295 0.140668 0.348167 0.140117 0.348727 0.140658 0.349163 0.140382 0.349723 0.140923 0.349846 0.141739 0.351525 0.143360 0.352756 0.151517 0.351000 0.158879 0.350127 0.159430 0.349064 0.161887
0 0.579148 0.495616 0.578588 0.495075 0.577715 0.495626 0.575164 0.494555 0.575041 0.493739 0.574481 0.493199 0.574235 0.491568 0.573675 0.491027 0.573429 0.489396 0.572870 0.488855 0.572623 0.487224 0.572937 0.486133 0.572444 0.482870 0.572757 0.481779 0.572634 0.480963 0.573261 0.478781 0.573697 0.478505 0.574010 0.477414 0.574883 0.476864 0.575196 0.475773 0.576505 0.474947 0.576819 0.473856 0.578564 0.472755 0.579124 0.473295 0.581552 0.473550 0.583230 0.475172 0.583477 0.476803 0.584036 0.477343 0.584283 0.478975 0.584842 0.479515 0.585088 0.481147 0.584775 0.482238 0.585021 0.483869 0.584708 0.484960 0.584831 0.485776 0.583578 0.490140 0.583142 0.490416 0.582515 0.492598 0.582079 0.492873 0.581766 0.493964
0 0.719656 0.000000 0.719097 0.000000 0.718224 0.000000 0.717228 0.000000 0.716109 0.000000 0.714117 0.000000 0.713434 0.000000 0.713188 0.000000 0.712629 0.000000 0.711397 0.000000 0.711711 0.000000 0.711464 0.000000 0.713030 0.000000 0.713780 0.000000 0.714653 0.000000 0.714966 0.000000 0.719330 0.000000 0.719889 0.000000 0.721635 0.000000 0.724433 0.000000 0.725115 0.000000 0.725485 0.000000 0.726044 0.000000 0.726660 0.000000 0.726347 0.000000 0.726526 0.000000 0.725586 0.000000 0.725709 0.000000 0.723460 0.000000 0.722151 0.000000 0.721838 0.000000
0 0.293044 0.943240 0.290426 0.944892 0.285446 0.943566 0.284327 0.942485 0.284081 0.940854 0.283522 0.940314 0.282413 0.932972 0.282603 0.931065 0.284796 0.923428 0.286295 0.920695 0.290223 0.918217 0.290536 0.917126 0.291845 0.916301 0.293837 0.916831 0.294956 0.917912 0.297004 0.921980 0.298235 0.930138 0.297922 0.931229 0.298292 0.933676 0.296412 0.940222 0.295663 0.941589
0 0.510491 0.224441 0.509932 0.223900 0.509059 0.224451 0.505076 0.223390 0.503397 0.221769 0.503151 0.220138 0.502591 0.219597 0.502099 0.216334 0.502412 0.215243 0.502042 0.212796 0.502803 0.205169 0.503743 0.201896 0.504179 0.201620 0.504805 0.199438 0.506305 0.196706 0.512347 0.195574 0.514585 0.197736 0.515391 0.199908 0.516510 0.200989 0.517741 0.209146 0.517428 0.210237 0.517484 0.213775 0.516858 0.215957 0.515359 0.218690 0.512427 0.221433 0.511364 0.223890
0 0.732733 0.591706 0.730551 0.593083 0.727754 0.590380 0.727631 0.589565 0.726388 0.587668 0.725280 0.580326 0.725593 0.579235 0.725347 0.577604 0.725660 0.576513 0.725537 0.575697 0.725850 0.574606 0.726287 0.574331 0.727540 0.569966 0.729722 0.568590 0.730281 0.569131 0.733336 0.567204 0.736134 0.569906 0.736380 0.571537 0.736939 0.572078 0.737309 0.574525 0.737868 0.575065 0.738115 0.576697 0.737801 0.577788 0.738294 0.581051 0.737981 0.582142 0.738104 0.582958 0.736538 0.588413 0.735228 0.589239 0.734915 0.590330
0 0.580764 0.101068 0.580205 0.100528 0.579332 0.101078 0.575729 0.096204 0.575359 0.093757 0.574800 0.093217 0.574307 0.089954 0.574620 0.088863 0.574251 0.086415 0.576130 0.079869 0.576567 0.079594 0.577630 0.077136 0.581121 0.074934 0.581434 0.073843 0.582307 0.073292 0.582866 0.073833 0.584175 0.073007 0.585294 0.074088 0.585418 0.074904 0.587219 0.077341 0.587958 0.082235 0.588518 0.082776 0.588014 0.085773 0.588261 0.087405 0.587444 0.091494 0.587567 0.092310 0.587131 0.092585 0.586191 0.095858 0.585318 0.096409 0.585005 0.097500 0.581950 0.099427 0.581637 0.100518
0 0.366038 0.321824 0.364483 0.321018 0.361182 0.321314 0.358631 0.320243 0.357825 0.318071 0.356023 0.315634 0.355654 0.313187 0.355094 0.312646 0.354232 0.306936 0.354545 0.305845 0.354176 0.303398 0.354556 0.299584 0.355932 0.296036 0.357241 0.295210 0.357555 0.294119 0.358864 0.293293 0.359177 0.292202 0.360923 0.291101 0.361236 0.290010 0.364850 0.288623 0.367838 0.289419 0.370009 0.294303 0.370378 0.296750 0.370938 0.297291 0.371800 0.303001 0.372359 0.303541 0.372595 0.311434 0.371219 0.314982 0.369719 0.317715 0.368847 0.318265 0.367784 0.320723
0 0.480130 0.498222 0.477948 0.499598 0.477388 0.499058 0.476079 0.499884 0.475520 0.499343 0.475083 0.499619 0.472162 0.496101 0.470438 0.484680 0.470752 0.483589 0.470628 0.482774 0.472631 0.477043 0.476559 0.474565 0.476872 0.473474 0.477745 0.472924 0.478304 0.473464 0.479736 0.473454 0.483093 0.476697 0.483463 0.479144 0.484022 0.479685 0.485254 0.487842 0.483061 0.495479 0.482625 0.495755 0.482312 0.496846
0 0.298905 0.396339 0.296286 0.397990 0.295727 0.397450 0.294418 0.398276 0.293422 0.398011 0.290311 0.396399 0.289192 0.395319 0.288946 0.393687 0.288386 0.393147 0.286349 0.382817 0.286662 0.381726 0.286237 0.375741 0.287680 0.369470 0.289615 0.366462 0.296597 0.362057 0.297157 0.362598 0.298030 0.362047 0.302506 0.366371 0.304431 0.369623 0.304677 0.371255 0.305237 0.371795 0.306468 0.379953 0.306155 0.381044 0.306647 0.384307 0.306021 0.386489 0.301523 0.394687
0 0.598718 0.000000 0.598158 0.000000 0.596849 0.000000 0.596290 0.000000 0.595417 0.000000 0.594857 0.000000 0.594421 0.000000 0.593302 0.000000 0.593056 0.000000 0.592496 0.000000 0.591880 0.000000 0.592194 0.000000 0.591824 0.000000 0.592451 0.000000 0.592887 0.000000 0.593950 0.000000 0.594823 0.000000 0.595136 0.000000 0.597754 0.000000 0.598314 0.000000 0.598750 0.000000 0.600988 0.000000 0.601234 0.000000 0.601794 0.000000 0.602533 0.000000 0.602220 0.000000 0.602153 0.000000 0.601526 0.000000 0.601090 0.000000 0.600777 0.000000 0.599904 0.000000 0.599591 0.000000
0 0.266557 0.087070 0.265997 0.086530 0.263569 0.086275 0.261891 0.084653 0.261644 0.083022 0.261085 0.082481 0.260839 0.080850 0.260279 0.080310 0.259540 0.075415 0.259853 0.074324 0.259607 0.072693 0.259920 0.071602 0.260177 0.066972 0.260614 0.066697 0.261677 0.064240 0.262549 0.063689 0.262863 0.062598 0.263735 0.062047 0.264295 0.062588 0.265604 0.061762 0.266164 0.062302 0.267473 0.061476 0.268032 0.062017 0.268469 0.061742 0.270830 0.064719 0.270953 0.065535 0.271513 0.066075 0.272005 0.069338 0.272565 0.069879 0.272934 0.072326 0.272621 0.073417 0.272867 0.075049 0.272554 0.076140 0.272800 0.077771 0.272487 0.078862 0.272610 0.079678 0.271984 0.081860 0.271111 0.082411 0.270798 0.083502 0.268179 0.085153 0.267866 0.086244
0 0.665862 0.405174 0.663870 0.404644 0.662751 0.403563 0.662315 0.403839 0.660636 0.402217 0.660390 0.400586 0.659148 0.398689 0.658532 0.394610 0.657973 0.394070 0.657603 0.391623 0.657983 0.387809 0.659236 0.383445 0.660109 0.382894 0.660422 0.381803 0.661295 0.381253 0.662794 0.378520 0.666845 0.376858 0.667404 0.377399 0.668277 0.376848 0.669273 0.377113 0.672753 0.381172 0.673123 0.383619 0.673682 0.384159 0.674298 0.388238 0.673985 0.389329 0.674354 0.391776 0.674164 0.393683 0.672598 0.399138 0.671289 0.399964 0.670976 0.401055 0.669666 0.401881 0.669353 0.402972
0 0.318276 0.249211 0.317716 0.248670 0.314661 0.250597 0.314102 0.250057 0.313666 0.250332 0.312546 0.249251 0.312423 0.248436 0.311304 0.247355 0.311181 0.246539 0.310622 0.245998 0.309760 0.240288 0.310073 0.239197 0.309894 0.234843 0.310207 0.233752 0.310084 0.232936 0.310397 0.231845 0.310833 0.231570 0.311460 0.229388 0.317569 0.225534 0.320120 0.226605 0.320244 0.227420 0.322168 0.230673 0.323154 0.237199 0.322840 0.238290 0.322773 0.241013 0.322147 0.243195 0.322270 0.244011 0.320458 0.247834
0 0.518293 0.431262 0.516615 0.429640 0.516492 0.428825 0.515932 0.428284 0.515686 0.426653 0.515126 0.426112 0.514634 0.422849 0.514947 0.421758 0.514454 0.418495 0.515394 0.415222 0.515271 0.414406 0.515584 0.413315 0.517766 0.411939 0.518079 0.410848 0.521134 0.408921 0.521694 0.409461 0.522130 0.409186 0.523809 0.410807 0.523932 0.411623 0.524491 0.412163 0.525476 0.418689 0.525163 0.419780 0.525286 0.420596 0.523720 0.426051 0.523284 0.426327 0.522970 0.427418 0.520788 0.428794 0.520475 0.429885
0 0.641543 0.000000 0.639428 0.000000 0.638992 0.000000 0.636753 0.000000 0.636507 0.000000 0.634582 0.000000 0.634336 0.000000 0.634649 0.000000 0.634157 0.000000 0.634470 0.000000 0.634347 0.000000 0.635287 0.000000 0.635163 0.000000 0.636540 0.000000 0.637412 0.000000 0.637726 0.000000 0.641217 0.000000 0.641776 0.000000 0.643958 0.000000 0.645077 0.000000 0.645513 0.000000 0.645760 0.000000 0.646319 0.000000 0.646442 0.000000 0.647002 0.000000 0.647248 0.000000 0.647808 0.000000 0.649285 0.000000 0.647406 0.000000 0.646533 0.000000 0.646220 0.000000 0.643165 0.000000 0.642852 0.000000
0 0.385812 0.338833 0.385252 0.338292 0.384379 0.338843 0.381392 0.338047 0.379713 0.336426 0.379590 0.335610 0.377788 0.333173 0.376557 0.325016 0.376870 0.323925 0.376624 0.322293 0.377877 0.317929 0.378626 0.316563 0.379936 0.315737 0.380249 0.314646 0.381558 0.313820 0.381871 0.312729 0.384053 0.311352 0.384613 0.311893 0.385922 0.311067 0.386481 0.311608 0.388786 0.311047 0.389905 0.312128 0.391953 0.316196 0.393431 0.325985 0.393118 0.327076 0.393364 0.328708 0.391675 0.333347 0.390366 0.334173 0.390052 0.335264 0.388743 0.336090 0.388430 0.337181
0 0.691596 0.034249 0.688541 0.036176 0.685990 0.035105 0.684312 0.033484 0.683506 0.031312 0.681827 0.029691 0.681458 0.027243 0.680898 0.026703 0.680159 0.021808 0.680473 0.020717 0.680103 0.018270 0.681669 0.012815 0.681860 0.010908 0.684108 0.006809 0.689345 0.003506 0.691337 0.004036 0.693015 0.005657 0.693138 0.006473 0.695377 0.008635 0.695813 0.008360 0.696306 0.011623 0.696865 0.012163 0.698096 0.020320 0.697526 0.026041 0.694651 0.032322
0 0.627776 0.463151 0.623412 0.465904 0.622853 0.465364 0.621980 0.465915 0.617627 0.462407 0.617190 0.462682 0.615948 0.460785 0.614650 0.455350 0.614090 0.454810 0.613228 0.449100 0.613799 0.443379 0.614862 0.440922 0.615734 0.440372 0.616797 0.437914 0.617670 0.437364 0.619169 0.434631 0.623969 0.431603 0.624283 0.430512 0.630381 0.432918 0.632429 0.436987 0.632922 0.440250 0.633481 0.440790 0.634276 0.449223 0.633896 0.453037 0.632643 0.457401 0.629958 0.461775
0 0.622761 0.681632 0.620361 0.683146 0.619242 0.682065 0.618805 0.682340 0.618246 0.681800 0.617999 0.680168 0.616757 0.678272 0.615280 0.668483 0.615593 0.667392 0.615223 0.664944 0.617349 0.660030 0.623022 0.656451 0.625260 0.658613 0.625383 0.659428 0.627308 0.662681 0.628047 0.667576 0.628607 0.668116 0.628730 0.668932 0.628416 0.670023 0.628159 0.674652 0.627846 0.675743 0.627410 0.676019 0.626783 0.678201 0.625474 0.679026 0.625161 0.680118
0 0.369380 0.768217 0.368821 0.767676 0.367948 0.768227 0.367388 0.767686 0.366952 0.767962 0.364714 0.765800 0.364591 0.764984 0.363472 0.763903 0.363349 0.763087 0.362789 0.762547 0.363102 0.761456 0.362856 0.759824 0.363169 0.758733 0.362923 0.757102 0.363236 0.756011 0.363113 0.755195 0.363740 0.753013 0.363616 0.752197 0.364556 0.748924 0.365429 0.748374 0.365742 0.747283 0.367051 0.746457 0.367611 0.746997 0.368484 0.746447 0.369043 0.746987 0.369480 0.746712 0.371718 0.748874 0.371841 0.749689 0.372400 0.750230 0.372893 0.753493 0.373452 0.754033 0.373699 0.755665 0.373385 0.756756 0.373509 0.757571 0.372569 0.760845 0.372692 0.761660 0.372379 0.762751 0.371942 0.763027 0.371629 0.764118 0.371193 0.764393 0.370880 0.765484 0.369693 0.767126
0 0.612367 0.623862 0.611808 0.623321 0.610375 0.623331 0.607578 0.620629 0.606470 0.613287 0.606783 0.612196 0.606413 0.609749 0.606917 0.606751 0.607353 0.606476 0.607980 0.604294 0.608416 0.604019 0.608729 0.602928 0.611347 0.601276 0.611907 0.601816 0.614525 0.600165 0.616204 0.601786 0.616450 0.603417 0.617010 0.603958 0.617872 0.609668 0.617558 0.610759 0.617805 0.612390 0.617491 0.613482 0.617738 0.615113 0.616798 0.618386 0.615925 0.618937 0.615612 0.620028 0.614739 0.620578 0.614426 0.621669 0.613117 0.622495 0.612804 0.623586
0 0.851247 0.512474 0.848193 0.514401 0.847633 0.513861 0.845764 0.514146 0.842407 0.510903 0.841725 0.509547 0.840739 0.503021 0.841053 0.501930 0.840806 0.500299 0.841187 0.496485 0.842943 0.489123 0.843693 0.487757 0.847184 0.485555 0.847497 0.484464 0.849242 0.483362 0.852230 0.484158 0.854032 0.486595 0.854155 0.487411 0.855833 0.489032 0.856080 0.490663 0.856639 0.491204 0.857624 0.497730 0.857434 0.499637 0.856808 0.501819 0.856931 0.502634 0.855052 0.509181 0.854302 0.510547
0 0.603294 0.491998 0.602734 0.491457 0.601861 0.492008 0.598874 0.491212 0.597755 0.490132 0.595707 0.486063 0.596020 0.484972 0.595281 0.480077 0.595594 0.478986 0.595348 0.477355 0.595661 0.476264 0.595415 0.474632 0.595605 0.472726 0.597417 0.468902 0.598290 0.468351 0.599789 0.465619 0.601099 0.464793 0.601658 0.465333 0.602531 0.464783 0.603090 0.465323 0.603963 0.464772 0.604959 0.465038 0.606638 0.466659 0.607074 0.466384 0.607320 0.468015 0.609245 0.471268 0.608932 0.472359 0.609671 0.477254 0.609291 0.481067 0.608038 0.485431 0.607601 0.485707 0.606975 0.487889 0.605475 0.490621
0 0.036304 0.394931 0.035744 0.394390 0.034871 0.394941 0.033875 0.394675 0.029646 0.391983 0.029399 0.390352 0.028840 0.389811 0.028470 0.387364 0.027911 0.386824 0.027541 0.384377 0.027855 0.383285 0.027362 0.380023 0.029555 0.372385 0.030427 0.371835 0.031490 0.369377 0.034981 0.367175 0.035541 0.367715 0.037286 0.366614 0.037846 0.367155 0.038719 0.366604 0.041516 0.369306 0.041639 0.370122 0.042759 0.371203 0.043867 0.378545 0.043554 0.379636 0.043923 0.382083 0.043733 0.383990 0.042167 0.389445 0.041294 0.389995 0.040981 0.391087 0.037926 0.393014 0.037613 0.394105
0 0.663283 0.492571 0.662724 0.492030 0.661851 0.492581 0.661291 0.492040 0.660855 0.492316 0.658057 0.489613 0.656949 0.482272 0.657262 0.481181 0.656770 0.477918 0.658023 0.473553 0.658459 0.473278 0.659835 0.469730 0.665072 0.466426 0.667187 0.467772 0.667623 0.467497 0.667746 0.468313 0.669425 0.469934 0.670410 0.476460 0.669907 0.479458 0.670153 0.481089 0.669840 0.482180 0.669963 0.482996 0.668587 0.486545 0.667714 0.487095 0.667401 0.488186 0.665219 0.489563 0.664905 0.490654 0.663596 0.491480
0 0.658032 0.196585 0.655632 0.198099 0.655073 0.197558 0.653763 0.198384 0.651648 0.197038 0.651525 0.196222 0.650283 0.194326 0.650037 0.192694 0.649477 0.192154 0.649354 0.191338 0.649667 0.190247 0.648929 0.185353 0.649242 0.184261 0.649499 0.179632 0.650875 0.176084 0.653057 0.174707 0.653370 0.173616 0.656425 0.171689 0.659972 0.173025 0.660095 0.173841 0.660655 0.174381 0.660901 0.176013 0.662020 0.177094 0.662266 0.178725 0.662826 0.179266 0.663565 0.184160 0.662938 0.186342 0.662871 0.189065 0.661931 0.192338 0.661495 0.192613 0.660432 0.195070
0 0.633870 0.000000 0.630815 0.000000 0.630256 0.000000 0.628823 0.000000 0.627145 0.000000 0.627022 0.000000 0.625220 0.000000 0.624235 0.000000 0.624548 0.000000 0.624302 0.000000 0.624615 0.000000 0.624492 0.000000 0.626371 0.000000 0.626808 0.000000 0.627121 0.000000 0.633230 0.000000 0.637024 0.000000 0.637393 0.000000 0.637953 0.000000 0.639307 0.000000 0.638994 0.000000 0.638737 0.000000 0.638301 0.000000 0.636924 0.000000
0 0.600806 0.000000 0.600247 0.000000 0.598938 0.000000 0.598378 0.000000 0.596946 0.000000 0.596386 0.000000 0.596263 0.000000 0.594338 0.000000 0.593476 0.000000 0.593790 0.000000 0.593857 0.000000 0.595110 0.000000 0.595982 0.000000 0.596295 0.000000 0.598914 0.000000 0.599473 0.000000 0.600346 0.000000 0.600906 0.000000 0.601342 0.000000 0.602461 0.000000 0.602584 0.000000 0.604263 0.000000 0.605125 0.000000 0.604811 0.000000 0.604935 0.000000 0.604308 0.000000 0.604241 0.000000 0.603178 0.000000 0.602306 0.000000 0.601992 0.000000 0.601120 0.000000
0 0.570484 0.789659 0.569924 0.789118 0.569052 0.789669 0.568492 0.789128 0.568056 0.789404 0.566937 0.788323 0.566814 0.787507 0.566254 0.786967 0.566008 0.785335 0.565448 0.784795 0.564340 0.777453 0.564653 0.776362 0.564720 0.773640 0.565660 0.770366 0.566533 0.769816 0.566846 0.768725 0.567719 0.768174 0.568032 0.767083 0.570650 0.765431 0.571210 0.765972 0.572082 0.765421 0.572642 0.765962 0.573078 0.765686 0.574197 0.766767 0.574321 0.767583 0.575563 0.769480 0.576671 0.776821 0.576358 0.777912 0.576291 0.780635 0.575038 0.784999 0.574601 0.785274 0.573539 0.787732
0 0.393054 0.545113 0.392495 0.544573 0.391185 0.545399 0.390626 0.544858 0.388757 0.545144 0.386519 0.542982 0.384471 0.538913 0.383979 0.535650 0.383419 0.535110 0.383050 0.532662 0.383363 0.531571 0.382993 0.529124 0.383184 0.527217 0.386495 0.520661 0.387804 0.519835 0.388118 0.518744 0.392045 0.516266 0.392605 0.516807 0.393477 0.516256 0.394037 0.516797 0.395906 0.516511 0.397584 0.518133 0.398267 0.519489 0.398636 0.521936 0.399196 0.522477 0.400304 0.529818 0.399991 0.530909 0.400170 0.535263 0.399734 0.535539 0.398358 0.539087 0.397485 0.539638 0.395236 0.543737
0 0.736799 0.146894 0.736240 0.146354 0.734494 0.147455 0.731696 0.144753 0.731573 0.143937 0.730331 0.142040 0.729346 0.135514 0.729972 0.133332 0.729849 0.132516 0.730476 0.130334 0.730353 0.129519 0.731606 0.125154 0.733787 0.123778 0.734101 0.122687 0.737155 0.120760 0.737715 0.121300 0.738151 0.121025 0.740389 0.123187 0.740513 0.124003 0.742437 0.127255 0.743423 0.133781 0.742919 0.136779 0.743165 0.138411 0.742226 0.141684 0.741789 0.141959 0.740726 0.144417
0 0.414704 0.014160 0.414145 0.013619 0.411840 0.014180 0.410721 0.013099 0.408729 0.012569 0.404812 0.008786 0.403447 0.006073 0.402339 0.000000 0.402652 0.000000 0.402406 0.000000 0.402596 0.000000 0.404162 0.000000 0.405035 0.000000 0.405348 0.000000 0.407966 0.000000 0.408280 0.000000 0.410461 0.000000 0.412453 0.000000 0.416370 0.000000 0.418418 0.000000 0.418910 0.000000 0.419470 0.000000 0.420209 0.000000 0.419896 0.001057 0.420142 0.002689 0.419639 0.005686 0.419695 0.009225 0.418386 0.010051 0.418072 0.011142 0.415018 0.013069
0 0.485130 0.000000 0.479032 0.000000 0.478786 0.000000 0.477420 0.000000 0.477051 0.000000 0.477364 0.000000 0.476748 0.000000 0.478191 0.000000 0.480440 0.000000 0.481313 0.000000 0.481626 0.000000 0.483808 0.000000 0.484368 0.000000 0.486986 0.000000 0.488541 0.000000 0.489347 0.000000 0.490466 0.000000 0.491832 0.000000 0.492694 0.000000 0.492123 0.000000 0.490870 0.000000 0.490121 0.000000 0.488812 0.000000 0.487312 0.000000
0 0.541788 0.203804 0.541228 0.203264 0.540792 0.203539 0.537994 0.200837 0.537871 0.200021 0.537312 0.199480 0.536942 0.197033 0.536383 0.196493 0.536260 0.195677 0.536763 0.192679 0.536517 0.191048 0.536830 0.189957 0.536707 0.189141 0.537020 0.188050 0.537456 0.187775 0.539269 0.183951 0.541451 0.182574 0.542010 0.183115 0.542883 0.182564 0.543443 0.183105 0.544315 0.182554 0.545434 0.183635 0.545558 0.184451 0.546117 0.184991 0.546610 0.188254 0.547169 0.188795 0.546856 0.189886 0.547102 0.191517 0.546789 0.192608 0.547035 0.194240 0.546722 0.195331 0.546845 0.196147 0.545905 0.199420 0.545469 0.199695 0.544406 0.202152
0 0.733875 0.434636 0.730821 0.436563 0.729702 0.435482 0.729265 0.435757 0.727587 0.434136 0.727464 0.433320 0.726904 0.432780 0.726658 0.431148 0.725416 0.429251 0.724430 0.422726 0.724744 0.421635 0.725001 0.417005 0.725437 0.416730 0.725750 0.415639 0.726623 0.415088 0.726936 0.413997 0.733046 0.410143 0.735597 0.411214 0.735720 0.412030 0.738081 0.415007 0.739190 0.422349 0.738876 0.423440 0.739246 0.425887 0.737680 0.431342 0.737243 0.431618 0.736930 0.432709
0 0.102772 0.417325 0.102213 0.416785 0.100031 0.418161 0.099471 0.417621 0.099035 0.417896 0.096797 0.415734 0.096674 0.414919 0.095431 0.413022 0.095062 0.410575 0.095375 0.409484 0.094883 0.406221 0.095509 0.404039 0.095386 0.403223 0.096326 0.399950 0.101126 0.396922 0.101439 0.395831 0.103118 0.397452 0.103554 0.397177 0.105792 0.399338 0.106162 0.401786 0.107404 0.403682 0.107773 0.406130 0.107460 0.407221 0.107706 0.408852 0.107203 0.411850 0.106767 0.412125 0.106140 0.414307 0.105267 0.414858 0.104954 0.415949
0 0.409894 0.530023 0.406223 0.527871 0.406100 0.527055 0.404981 0.525974 0.404735 0.524343 0.404175 0.523802 0.403806 0.521355 0.403246 0.520815 0.403750 0.517817 0.403503 0.516185 0.403817 0.515094 0.403884 0.512372 0.404320 0.512096 0.404946 0.509914 0.405383 0.509639 0.405696 0.508548 0.408314 0.506896 0.408874 0.507437 0.410183 0.506611 0.410743 0.507151 0.411615 0.506601 0.412175 0.507141 0.412611 0.506866 0.412734 0.507682 0.413977 0.509578 0.414346 0.512026 0.414906 0.512566 0.415152 0.514198 0.414839 0.515289 0.415208 0.517736 0.414895 0.518827 0.415141 0.520458 0.414515 0.522640 0.414078 0.522916 0.412266 0.526739 0.411393 0.527290 0.410330 0.529747
0 0.548839 0.647857 0.546003 0.649646 0.545443 0.649106 0.545007 0.649381 0.543328 0.647760 0.543082 0.646128 0.542522 0.645588 0.542276 0.643956 0.541717 0.643416 0.541470 0.641784 0.541783 0.640693 0.541045 0.635799 0.541358 0.634708 0.541112 0.633076 0.541738 0.630894 0.542174 0.630619 0.542488 0.629528 0.548597 0.625674 0.549156 0.626214 0.549593 0.625939 0.549716 0.626755 0.550835 0.627836 0.550958 0.628651 0.552637 0.630273 0.553129 0.633536 0.553689 0.634076 0.554058 0.636523 0.553555 0.639521 0.553801 0.641153 0.553175 0.643335 0.552738 0.643610 0.551676 0.646068
0 0.348769 0.441716 0.348210 0.441176 0.344472 0.441747 0.342794 0.440125 0.341429 0.437413 0.340320 0.430071 0.340634 0.428980 0.340387 0.427349 0.340767 0.423535 0.341517 0.422169 0.342960 0.415898 0.343833 0.415347 0.344146 0.414256 0.350692 0.410127 0.351251 0.410667 0.352124 0.410117 0.353680 0.410922 0.355728 0.414991 0.356220 0.418254 0.356780 0.418794 0.357452 0.426411 0.357071 0.430225 0.356445 0.432407 0.354823 0.434324 0.354509 0.435415 0.353200 0.436241 0.351701 0.438973 0.350392 0.439799 0.350078 0.440890
0 0.341780 0.757932 0.338944 0.759721 0.338384 0.759181 0.337948 0.759456 0.337825 0.758641 0.336146 0.757019 0.336023 0.756203 0.335463 0.755663 0.334355 0.748321 0.334668 0.747230 0.334053 0.743152 0.334679 0.740970 0.334556 0.740154 0.335619 0.737696 0.341728 0.733842 0.342288 0.734383 0.342724 0.734107 0.343843 0.735188 0.344279 0.734913 0.344403 0.735729 0.345522 0.736810 0.345891 0.739257 0.346451 0.739797 0.346697 0.741429 0.347256 0.741969 0.346943 0.743060 0.347436 0.746323 0.347122 0.747414 0.347246 0.748230 0.345679 0.753685 0.345243 0.753961 0.344617 0.756143
0 0.185434 0.800278 0.179459 0.798687 0.179212 0.797055 0.177847 0.794343 0.176862 0.787817 0.177622 0.780190 0.178059 0.779914 0.179435 0.776366 0.180308 0.775815 0.181807 0.773083 0.183116 0.772257 0.183675 0.772797 0.186730 0.770870 0.187290 0.771411 0.188162 0.770860 0.190401 0.773022 0.190647 0.774653 0.192012 0.777366 0.193244 0.785523 0.192930 0.786614 0.193300 0.789061 0.191734 0.794517 0.190984 0.795883 0.188366 0.797535 0.188052 0.798626
0 0.701772 0.598730 0.701212 0.598190 0.700776 0.598465 0.700216 0.597925 0.699780 0.598200 0.699220 0.597660 0.698784 0.597935 0.698224 0.597395 0.696792 0.597405 0.696233 0.596864 0.695617 0.592785 0.695057 0.592245 0.694811 0.590614 0.695124 0.589523 0.694755 0.587075 0.695068 0.585984 0.694945 0.585169 0.695258 0.584078 0.695695 0.583802 0.696758 0.581345 0.697630 0.580794 0.697944 0.579703 0.700998 0.577776 0.701558 0.578317 0.702431 0.577766 0.702990 0.578306 0.704422 0.578296 0.704545 0.579112 0.706470 0.582365 0.706840 0.584812 0.706527 0.585903 0.707019 0.589166 0.706393 0.591348 0.705956 0.591624 0.705016 0.594897 0.704580 0.595172 0.703517 0.597629
0 0.472418 0.130527 0.471858 0.129987 0.470549 0.130813 0.467438 0.129202 0.467192 0.127570 0.466632 0.127030 0.465894 0.122135 0.466397 0.119137 0.466151 0.117506 0.466777 0.115324 0.467213 0.115048 0.467840 0.112866 0.468276 0.112591 0.469339 0.110134 0.471085 0.109033 0.471644 0.109573 0.472517 0.109022 0.473077 0.109563 0.474509 0.109553 0.475628 0.110634 0.475751 0.111449 0.476311 0.111990 0.477419 0.119332 0.477106 0.120423 0.477229 0.121238 0.475976 0.125602 0.475539 0.125878 0.473727 0.129701
0 0.329488 0.427970 0.327933 0.427165 0.326064 0.427450 0.324386 0.425829 0.323949 0.426104 0.322148 0.423667 0.320726 0.417416 0.321230 0.414418 0.320860 0.411971 0.321050 0.410064 0.322930 0.403518 0.324429 0.400786 0.325302 0.400235 0.325615 0.399144 0.331288 0.395565 0.333962 0.397452 0.334399 0.397176 0.334645 0.398808 0.336570 0.402061 0.338428 0.408036 0.337801 0.410218 0.337544 0.414847 0.335665 0.421394 0.332297 0.424412 0.331984 0.425503 0.330674 0.426329 0.330361 0.427420
0 0.571074 0.410473 0.568892 0.411849 0.568333 0.411309 0.567460 0.411859 0.562984 0.407536 0.562737 0.405904 0.561372 0.403192 0.562132 0.395565 0.562759 0.393383 0.563195 0.393107 0.564571 0.389559 0.570681 0.385705 0.572796 0.387051 0.573232 0.386776 0.574351 0.387856 0.575157 0.390029 0.576959 0.392466 0.576578 0.396279 0.576825 0.397911 0.576635 0.399817 0.575695 0.403091 0.575818 0.403906 0.575192 0.406088 0.574442 0.407455 0.573569 0.408005 0.573256 0.409096
0 0.152620 0.544909 0.152060 0.544369 0.148133 0.546846 0.146141 0.546316 0.143343 0.543614 0.140736 0.539005 0.139751 0.532479 0.140377 0.530297 0.140634 0.525667 0.142514 0.519121 0.143263 0.517755 0.144573 0.516929 0.144886 0.515838 0.147068 0.514461 0.147381 0.513370 0.149127 0.512269 0.151118 0.512800 0.154912 0.515767 0.155841 0.518755 0.157083 0.520651 0.157699 0.524730 0.157385 0.525821 0.157755 0.528268 0.157498 0.532897 0.153493 0.544359
0 0.734520 0.204618 0.733961 0.204077 0.731779 0.205454 0.728668 0.203843 0.728545 0.203027 0.726866 0.201405 0.725501 0.198693 0.725008 0.195430 0.724326 0.194074 0.724639 0.192983 0.724393 0.191351 0.724706 0.190260 0.724650 0.186722 0.726529 0.180176 0.727402 0.179625 0.727715 0.178534 0.730333 0.176882 0.730647 0.175791 0.733265 0.174140 0.733824 0.174680 0.734697 0.174130 0.739733 0.178994 0.739979 0.180625 0.740539 0.181166 0.741524 0.187691 0.741211 0.188783 0.741580 0.191230 0.741200 0.195043 0.740573 0.197225 0.738011 0.202415
0 0.350719 0.647762 0.350159 0.647221 0.349723 0.647497 0.348604 0.646416 0.348481 0.645600 0.347239 0.643703 0.346746 0.640440 0.347059 0.639349 0.346690 0.636902 0.347003 0.635811 0.346880 0.634995 0.347506 0.632813 0.347383 0.631998 0.348010 0.629815 0.352374 0.627063 0.352933 0.627603 0.353806 0.627052 0.354365 0.627593 0.354489 0.628409 0.355731 0.630305 0.356346 0.634384 0.356033 0.635475 0.356403 0.637922 0.356089 0.639013 0.356213 0.639829 0.355586 0.642011 0.355150 0.642286 0.354087 0.644744 0.352778 0.645570 0.352464 0.646661
0 0.503495 0.852468 0.502936 0.851927 0.501626 0.852753 0.501067 0.852213 0.500194 0.852763 0.499075 0.851682 0.498952 0.850867 0.497710 0.848970 0.497340 0.846523 0.496781 0.845982 0.496658 0.845167 0.496971 0.844076 0.496725 0.842444 0.497038 0.841353 0.496792 0.839722 0.497731 0.836448 0.498168 0.836173 0.498481 0.835082 0.499354 0.834532 0.499667 0.833441 0.500540 0.832890 0.500853 0.831799 0.503471 0.830147 0.504031 0.830688 0.504467 0.830412 0.506705 0.832574 0.507075 0.835021 0.507634 0.835562 0.507880 0.837193 0.508440 0.837734 0.508563 0.838549 0.508250 0.839640 0.508496 0.841272 0.508183 0.842363 0.508429 0.843995 0.506863 0.849450 0.506427 0.849725 0.506113 0.850816
0 0.700906 0.703808 0.700346 0.703267 0.699474 0.703818 0.698914 0.703277 0.698041 0.703828 0.697045 0.703563 0.694248 0.700861 0.692882 0.698148 0.691774 0.690807 0.692278 0.687809 0.692031 0.686177 0.692221 0.684270 0.693474 0.679906 0.694974 0.677174 0.698465 0.674971 0.699024 0.675512 0.699897 0.674961 0.700456 0.675502 0.701329 0.674951 0.702325 0.675216 0.703444 0.676297 0.703881 0.676022 0.705929 0.680090 0.706175 0.681722 0.706734 0.682262 0.707720 0.688788 0.707216 0.691786 0.707462 0.693418 0.707272 0.695324 0.705896 0.698873 0.705023 0.699423 0.704710 0.700514 0.702092 0.702166 0.701779 0.703257
0 0.190328 0.615824 0.187492 0.617613 0.183072 0.616828 0.180834 0.614666 0.179469 0.611954 0.178607 0.606244 0.178920 0.605152 0.178427 0.601890 0.178617 0.599983 0.180184 0.594528 0.180060 0.593712 0.183059 0.588247 0.189168 0.584392 0.191720 0.585463 0.195759 0.590062 0.197304 0.597128 0.196991 0.598219 0.197047 0.601758 0.194664 0.611302 0.193165 0.614035
0 0.106279 0.478547 0.105719 0.478006 0.104410 0.478832 0.103851 0.478292 0.102978 0.478842 0.102418 0.478302 0.101982 0.478577 0.100303 0.476956 0.100057 0.475324 0.099497 0.474784 0.098635 0.469074 0.098949 0.467983 0.098702 0.466351 0.099016 0.465260 0.098893 0.464444 0.099832 0.461171 0.101141 0.460345 0.101455 0.459254 0.103637 0.457878 0.103950 0.456787 0.104823 0.456236 0.105382 0.456777 0.106255 0.456226 0.106814 0.456767 0.107687 0.456216 0.109925 0.458378 0.110541 0.462456 0.111100 0.462997 0.111224 0.463813 0.110910 0.464904 0.111157 0.466535 0.110843 0.467626 0.111213 0.470073 0.110273 0.473347 0.109837 0.473622 0.109210 0.475804 0.108774 0.476079 0.108461 0.477170
0 0.559303 0.592117 0.558744 0.591576 0.557871 0.592127 0.555879 0.591597 0.555756 0.590781 0.554078 0.589160 0.553954 0.588344 0.552835 0.587263 0.551850 0.580737 0.552163 0.579646 0.551794 0.577199 0.551984 0.575292 0.553550 0.569837 0.555050 0.567104 0.555922 0.566554 0.556236 0.565462 0.557108 0.564912 0.557668 0.565452 0.558541 0.564902 0.559100 0.565442 0.559973 0.564892 0.560532 0.565432 0.561405 0.564882 0.562401 0.565147 0.565199 0.567849 0.567247 0.571917 0.567057 0.573824 0.567672 0.577903 0.565480 0.585540 0.564607 0.586091 0.564294 0.587182 0.563421 0.587732 0.561922 0.590465
0 0.224778 0.481519 0.224219 0.480979 0.222910 0.481804 0.222350 0.481264 0.220918 0.481274 0.219799 0.480193 0.219676 0.479378 0.218434 0.477481 0.218187 0.475849 0.217628 0.475309 0.216643 0.468783 0.216956 0.467692 0.216710 0.466060 0.217336 0.463878 0.217772 0.463603 0.218086 0.462512 0.218958 0.461961 0.219272 0.460870 0.220581 0.460045 0.220894 0.458954 0.221767 0.458403 0.222080 0.457312 0.222953 0.456761 0.223512 0.457302 0.225941 0.457557 0.227619 0.459178 0.227742 0.459994 0.228861 0.461075 0.229108 0.462706 0.229667 0.463247 0.230529 0.468957 0.230216 0.470048 0.230339 0.470864 0.229399 0.474137 0.229522 0.474953 0.229209 0.476044 0.228773 0.476319 0.226960 0.480143
0 0.802099 0.088725 0.801539 0.088184 0.800666 0.088735 0.797432 0.086308 0.797309 0.085492 0.796750 0.084952 0.796503 0.083320 0.795384 0.082239 0.794892 0.078976 0.795205 0.077885 0.794836 0.075438 0.795462 0.073256 0.795339 0.072440 0.795965 0.070258 0.795842 0.069442 0.797218 0.065894 0.798091 0.065343 0.798404 0.064252 0.804077 0.060673 0.804637 0.061214 0.805073 0.060939 0.806752 0.062560 0.806875 0.063376 0.808800 0.066629 0.809785 0.073154 0.809472 0.074246 0.809215 0.078875 0.807525 0.083514 0.805780 0.084615 0.805466 0.085706 0.803285 0.087083 0.802971 0.088174
0 0.511116 0.187417 0.510556 0.186876 0.509247 0.187702 0.506449 0.185000 0.506326 0.184184 0.505767 0.183644 0.505151 0.179565 0.505464 0.178474 0.505218 0.176842 0.505531 0.175751 0.505408 0.174936 0.505721 0.173844 0.505598 0.173029 0.506225 0.170847 0.507097 0.170296 0.507411 0.169205 0.508720 0.168379 0.509279 0.168920 0.510152 0.168369 0.510712 0.168909 0.511148 0.168634 0.511707 0.169175 0.511831 0.169990 0.513509 0.171612 0.513632 0.172427 0.514192 0.172968 0.514931 0.177862 0.513365 0.183318 0.512928 0.183593 0.512302 0.185775 0.511429 0.186326
0 0.286854 0.324426 0.284018 0.326215 0.282026 0.325685 0.279228 0.322983 0.278792 0.323258 0.278669 0.322442 0.277550 0.321361 0.276565 0.314835 0.276878 0.313744 0.276699 0.309390 0.278265 0.303935 0.278142 0.303119 0.280390 0.299020 0.286500 0.295166 0.288492 0.295696 0.290170 0.297318 0.290293 0.298134 0.292095 0.300571 0.293517 0.306821 0.293203 0.307912 0.293573 0.310360 0.293193 0.314173 0.292063 0.319353 0.291313 0.320719 0.290004 0.321545 0.289691 0.322636
0 0.293370 0.283685 0.292810 0.283144 0.290628 0.284521 0.288636 0.283991 0.285716 0.280473 0.284540 0.275853 0.283981 0.275313 0.283309 0.267696 0.283812 0.264698 0.283566 0.263067 0.284819 0.258703 0.286318 0.255970 0.288064 0.254869 0.288623 0.255409 0.292114 0.253207 0.294666 0.254278 0.299701 0.259142 0.301000 0.264577 0.300686 0.265668 0.301056 0.268115 0.300743 0.269206 0.300799 0.272744 0.299546 0.277108 0.297297 0.281207
0 0.537797 0.424318 0.537237 0.423778 0.535492 0.424879 0.534496 0.424614 0.532694 0.422177 0.532448 0.420545 0.531888 0.420005 0.531396 0.416742 0.530836 0.416202 0.530220 0.412123 0.530534 0.411032 0.530287 0.409400 0.530477 0.407494 0.531607 0.402314 0.532916 0.401488 0.533230 0.400397 0.535848 0.398745 0.536161 0.397654 0.537470 0.396828 0.538030 0.397369 0.538903 0.396818 0.540894 0.397348 0.543133 0.399510 0.543815 0.400866 0.544431 0.404945 0.544990 0.405485 0.545114 0.406301 0.544174 0.409574 0.543413 0.417201 0.541724 0.421841
0 0.327264 0.960964 0.326704 0.960423 0.325395 0.961249 0.324836 0.960709 0.323963 0.961259 0.322967 0.960994 0.320169 0.958292 0.319487 0.956936 0.318501 0.950410 0.318815 0.949319 0.318635 0.944965 0.320515 0.938419 0.322014 0.935686 0.326378 0.932933 0.326937 0.933473 0.328683 0.932372 0.330798 0.933718 0.330921 0.934534 0.332723 0.936971 0.333092 0.939418 0.333652 0.939959 0.334514 0.945669 0.334200 0.946760 0.334447 0.948392 0.334257 0.950298 0.333004 0.954662 0.332131 0.955213 0.331818 0.956304 0.330509 0.957130 0.330195 0.958221 0.328886 0.959047 0.328573 0.960138
0 0.571319 0.557734 0.570759 0.557194 0.567705 0.559121 0.567145 0.558580 0.566709 0.558855 0.563475 0.556429 0.563228 0.554797 0.562669 0.554256 0.561561 0.546915 0.561874 0.545824 0.561628 0.544192 0.562254 0.542010 0.562690 0.541735 0.563317 0.539553 0.563753 0.539278 0.564067 0.538187 0.565376 0.537361 0.565935 0.537901 0.569426 0.535699 0.569986 0.536239 0.570422 0.535964 0.572660 0.538126 0.572907 0.539757 0.573466 0.540298 0.573712 0.541929 0.574272 0.542470 0.574395 0.543285 0.574082 0.544376 0.574698 0.548455 0.574071 0.550637 0.574194 0.551453 0.572941 0.555817 0.573064 0.556633
0 0.733319 0.649410 0.732759 0.648869 0.728832 0.651347 0.727836 0.651082 0.725475 0.648104 0.724110 0.645392 0.723001 0.638050 0.723315 0.636959 0.722945 0.634512 0.724511 0.629057 0.724701 0.627150 0.725574 0.626599 0.725887 0.625508 0.726760 0.624958 0.728259 0.622225 0.730441 0.620848 0.731001 0.621389 0.731874 0.620838 0.732870 0.621103 0.736909 0.625702 0.737525 0.629781 0.738085 0.630322 0.737894 0.632228 0.738387 0.635491 0.738074 0.636582 0.738320 0.638214 0.737694 0.640396 0.737257 0.640671 0.736441 0.644760 0.734941 0.647493 0.734069 0.648043 0.733755 0.649134
0 0.137382 0.751076 0.136822 0.750536 0.135950 0.751086 0.132716 0.748659 0.132279 0.748935 0.132156 0.748119 0.130914 0.746222 0.130052 0.740512 0.130365 0.739421 0.130119 0.737790 0.130432 0.736699 0.130309 0.735883 0.131752 0.729612 0.132189 0.729337 0.132502 0.728246 0.133375 0.727695 0.133688 0.726604 0.134124 0.726329 0.134684 0.726869 0.135993 0.726043 0.136552 0.726584 0.137425 0.726033 0.137985 0.726574 0.138857 0.726023 0.139417 0.726563 0.139853 0.726288 0.142091 0.728450 0.142215 0.729266 0.142774 0.729806 0.143143 0.732253 0.143703 0.732794 0.144072 0.735241 0.143759 0.736332 0.144005 0.737964 0.143692 0.739055 0.143625 0.741777 0.142686 0.745050 0.141376 0.745876 0.141063 0.746967 0.140190 0.747518 0.139877 0.748609 0.138568 0.749435 0.138255 0.750526
0 0.124299 0.718232 0.123739 0.717692 0.121121 0.719343 0.120125 0.719078 0.116645 0.715020 0.115962 0.713664 0.115347 0.709585 0.114787 0.709044 0.115167 0.705231 0.114798 0.702784 0.116051 0.698419 0.118300 0.694320 0.121354 0.692393 0.121668 0.691302 0.122540 0.690752 0.124532 0.691282 0.126211 0.692903 0.126647 0.692628 0.128885 0.694790 0.129132 0.696421 0.130497 0.699134 0.130184 0.700225 0.130922 0.705119 0.130732 0.707026 0.129983 0.708392 0.129043 0.711666 0.129166 0.712481 0.126917 0.716580
0 0.100005 0.541471 0.099446 0.540930 0.098573 0.541481 0.096581 0.540950 0.095462 0.539869 0.095339 0.539054 0.094220 0.537973 0.093784 0.538248 0.092855 0.535260 0.092295 0.534720 0.090941 0.525747 0.091321 0.521933 0.092887 0.516478 0.095136 0.512379 0.101245 0.508525 0.105039 0.511492 0.105968 0.514480 0.107210 0.516377 0.107949 0.521271 0.107636 0.522362 0.107938 0.527532 0.105745 0.535169 0.104996 0.536536 0.103250 0.537637 0.102937 0.538728 0.100319 0.540380
0 0.574145 0.145868 0.573585 0.145327 0.572276 0.146153 0.569725 0.145082 0.569355 0.142635 0.568796 0.142095 0.568057 0.137200 0.568370 0.136109 0.568001 0.133662 0.568314 0.132571 0.568191 0.131755 0.569757 0.126300 0.570193 0.126025 0.572006 0.122201 0.572565 0.122741 0.574311 0.121640 0.574871 0.122181 0.576303 0.122170 0.577981 0.123792 0.578105 0.124608 0.578664 0.125148 0.579772 0.132490 0.579459 0.133581 0.579392 0.136303 0.578139 0.140667 0.577703 0.140943 0.577076 0.143125 0.576204 0.143675 0.575890 0.144766
0 0.716528 0.000000 0.715968 0.000000 0.714536 0.000000 0.712857 0.000000 0.712051 0.000000 0.710932 0.000000 0.710809 0.000000 0.710250 0.000000 0.710003 0.000000 0.710317 0.000000 0.709824 0.000000 0.710137 0.000000 0.710014 0.000000 0.710641 0.000000 0.710518 0.000000 0.711144 0.000000 0.711580 0.000000 0.711894 0.000000 0.712766 0.000000 0.713080 0.000000 0.714825 0.000000 0.715385 0.000000 0.716694 0.000000 0.717253 0.000000 0.718126 0.000000 0.719805 0.000000 0.719928 0.000000 0.721170 0.000000 0.721663 0.000000 0.722222 0.000000 0.722592 0.000000 0.722278 0.000000 0.722525 0.000000 0.722211 0.000000 0.722335 0.000000 0.721395 0.000000 0.720522 0.000000 0.719459 0.000000 0.718150 0.000000 0.717837 0.000000
0 0.238055 0.908243 0.233076 0.906917 0.232953 0.906101 0.231834 0.905020 0.230468 0.902308 0.229483 0.895782 0.230110 0.893600 0.229987 0.892784 0.230803 0.888695 0.231240 0.888420 0.231866 0.886238 0.233365 0.883505 0.235984 0.881854 0.236543 0.882394 0.239598 0.880467 0.242395 0.883169 0.243201 0.885341 0.244320 0.886422 0.245429 0.893764 0.244612 0.897853 0.244735 0.898668 0.243169 0.904124 0.239242 0.906601 0.238928 0.907692
0 0.509897 0.027369 0.506539 0.024126 0.506416 0.023310 0.505857 0.022770 0.505241 0.018691 0.505554 0.017600 0.505308 0.015968 0.505934 0.013786 0.505811 0.012971 0.506751 0.009697 0.507624 0.009147 0.507937 0.008056 0.508497 0.008596 0.511551 0.006669 0.512111 0.007210 0.513420 0.006384 0.513666 0.008015 0.514226 0.008556 0.514472 0.010187 0.515032 0.010728 0.515524 0.013991 0.515211 0.015082 0.515827 0.019160 0.515513 0.020251 0.515636 0.021067 0.515200 0.021342 0.514137 0.023800 0.512392 0.024901 0.512078 0.025992
0 0.195610 0.532083 0.192555 0.534010 0.191559 0.533745 0.189321 0.531584 0.187956 0.528871 0.187710 0.527240 0.187150 0.526699 0.186288 0.520989 0.186601 0.519898 0.186422 0.515544 0.187049 0.513362 0.186926 0.512546 0.187362 0.512271 0.188302 0.508998 0.189051 0.507631 0.193851 0.504603 0.194165 0.503512 0.194724 0.504053 0.195597 0.503502 0.197276 0.505123 0.197712 0.504848 0.201069 0.508091 0.201998 0.511078 0.202558 0.511619 0.203050 0.514882 0.202737 0.515973 0.203106 0.518420 0.202916 0.520327 0.201663 0.524691 0.198665 0.530156
0 0.256269 0.854762 0.255709 0.854221 0.253527 0.855598 0.249734 0.852630 0.249051 0.851274 0.248559 0.848011 0.247999 0.847471 0.248312 0.846380 0.247697 0.842301 0.247887 0.840394 0.249766 0.833848 0.250516 0.832482 0.251389 0.831931 0.251702 0.830840 0.252575 0.830289 0.252888 0.829198 0.255942 0.827271 0.258057 0.828617 0.258494 0.828342 0.261415 0.831860 0.262097 0.833216 0.262959 0.838927 0.262646 0.840018 0.263015 0.842465 0.262825 0.844372 0.261886 0.847645 0.261449 0.847920 0.260823 0.850102 0.259324 0.852835
0 0.589630 0.628378 0.589070 0.627837 0.588198 0.628388 0.587638 0.627847 0.586206 0.627858 0.582849 0.624615 0.581864 0.618089 0.582177 0.616998 0.582054 0.616182 0.582993 0.612909 0.582870 0.612093 0.583307 0.611818 0.584370 0.609361 0.585242 0.608810 0.585555 0.607719 0.587301 0.606618 0.587861 0.607158 0.588733 0.606608 0.589293 0.607148 0.590725 0.607138 0.590848 0.607954 0.591967 0.609035 0.592404 0.608759 0.592527 0.609575 0.593086 0.610116 0.593702 0.614194 0.593389 0.615285 0.593758 0.617733 0.593322 0.618008 0.591129 0.625645 0.589943 0.627287
0 0.784025 0.364755 0.783465 0.364214 0.782592 0.364765 0.780601 0.364235 0.777803 0.361532 0.776438 0.358820 0.775822 0.354741 0.775262 0.354201 0.775766 0.351203 0.775519 0.349571 0.775710 0.347665 0.776962 0.343300 0.777399 0.343025 0.778775 0.339477 0.780084 0.338651 0.780397 0.337560 0.782702 0.336999 0.784694 0.337530 0.785813 0.338610 0.786250 0.338335 0.787928 0.339956 0.788611 0.341313 0.788857 0.342944 0.789417 0.343485 0.790402 0.350011 0.789832 0.355731 0.788892 0.359004 0.787393 0.361737 0.786083 0.362563 0.785770 0.363654
0 0.107029 0.983754 0.106469 0.983214 0.105160 0.984040 0.104600 0.983499 0.103728 0.984050 0.103168 0.983509 0.102732 0.983785 0.100370 0.980807 0.100247 0.979991 0.099688 0.979451 0.099318 0.977004 0.098759 0.976463 0.098143 0.972385 0.098456 0.971294 0.098523 0.968571 0.099150 0.966389 0.099027 0.965573 0.101589 0.960383 0.102898 0.959557 0.103211 0.958466 0.106389 0.957355 0.106948 0.957895 0.109377 0.958150 0.109936 0.958691 0.110059 0.959507 0.110619 0.960047 0.110865 0.961679 0.111425 0.962219 0.112656 0.970376 0.112343 0.971467 0.112466 0.972283 0.111213 0.976647 0.111336 0.977463 0.110900 0.977738 0.110273 0.979920 0.109837 0.980196 0.109524 0.981287 0.108651 0.981837 0.108338 0.982928
0 0.528689 0.000000 0.528129 0.000000 0.526384 0.000000 0.525824 0.000000 0.524951 0.000000 0.522277 0.000000 0.522031 0.000000 0.520665 0.000000 0.519680 0.000000 0.519993 0.000000 0.519814 0.000000 0.520754 0.000000 0.522253 0.000000 0.523998 0.000000 0.524312 0.000000 0.526057 0.000000 0.526370 0.000000 0.531350 0.000000 0.533588 0.000000 0.534953 0.000000 0.535446 0.000000 0.536005 0.000000 0.536375 0.000000 0.536062 0.000000 0.536431 0.000000 0.536241 0.000000 0.535301 0.000000 0.533679 0.000000 0.533366 0.000000 0.532057 0.000000 0.531743 0.000000
0 0.414151 0.444248 0.413592 0.443707 0.412159 0.443718 0.409921 0.441556 0.409675 0.439924 0.408433 0.438028 0.407448 0.431502 0.407761 0.430411 0.407582 0.426057 0.408521 0.422783 0.409394 0.422233 0.409707 0.421142 0.412762 0.419215 0.413322 0.419755 0.414631 0.418929 0.415190 0.419470 0.416063 0.418919 0.416623 0.419460 0.417059 0.419184 0.417618 0.419725 0.417742 0.420541 0.419980 0.422702 0.420965 0.429228 0.420652 0.430319 0.420394 0.434949 0.419455 0.438222 0.418582 0.438772 0.418269 0.439863 0.416960 0.440689 0.416646 0.441780 0.415774 0.442331 0.415460 0.443422
0 0.778470 0.321627 0.777911 0.321087 0.777038 0.321637 0.776478 0.321097 0.774050 0.320842 0.772372 0.319221 0.771879 0.315958 0.771320 0.315417 0.770950 0.312970 0.771263 0.311879 0.771017 0.310247 0.771330 0.309156 0.771084 0.307525 0.772024 0.304252 0.772460 0.303976 0.773523 0.301519 0.774396 0.300968 0.774709 0.299877 0.776018 0.299052 0.776578 0.299592 0.778323 0.298491 0.778883 0.299031 0.779755 0.298481 0.780315 0.299021 0.780751 0.298746 0.781311 0.299286 0.781434 0.300102 0.781994 0.300642 0.782240 0.302274 0.782799 0.302814 0.783538 0.307709 0.783225 0.308800 0.783471 0.310431 0.783158 0.311522 0.783281 0.312338 0.782028 0.316702 0.781592 0.316978 0.781279 0.318069 0.780406 0.318619 0.780093 0.319710 0.778783 0.320536
0 0.377511 0.530796 0.374456 0.532723 0.371658 0.530021 0.370852 0.527849 0.371166 0.526758 0.370304 0.521048 0.370617 0.519957 0.370371 0.518325 0.370684 0.517234 0.370561 0.516418 0.370874 0.515327 0.371310 0.515052 0.371937 0.512870 0.374555 0.511218 0.374868 0.510127 0.377487 0.508476 0.378046 0.509016 0.378483 0.508741 0.379602 0.509822 0.380038 0.509546 0.380598 0.510087 0.380721 0.510902 0.381280 0.511443 0.381526 0.513074 0.382769 0.514971 0.383015 0.516603 0.382702 0.517694 0.382948 0.519325 0.382635 0.520416 0.382568 0.523139 0.381628 0.526412 0.381192 0.526687 0.380565 0.528869
0 0.812744 0.488519 0.812185 0.487978 0.809566 0.489630 0.807452 0.488284 0.807328 0.487468 0.805404 0.484215 0.804418 0.477689 0.804732 0.476598 0.804799 0.473876 0.805425 0.471694 0.805302 0.470878 0.805738 0.470603 0.806365 0.468421 0.806801 0.468145 0.807114 0.467054 0.808860 0.465953 0.809173 0.464862 0.812664 0.462660 0.813224 0.463200 0.814097 0.462650 0.814656 0.463190 0.815092 0.462915 0.817331 0.465077 0.817454 0.465892 0.818696 0.467789 0.819188 0.471052 0.818875 0.472143 0.819245 0.474590 0.817992 0.478954 0.818115 0.479770 0.816862 0.484134 0.816425 0.484410 0.815363 0.486867
0 0.804678 0.001328 0.804118 0.000788 0.803245 0.001339 0.802686 0.000798 0.801253 0.000808 0.801130 0.000000 0.799888 0.000000 0.799519 0.000000 0.798959 0.000000 0.798220 0.000000 0.798534 0.000000 0.798164 0.000000 0.798477 0.000000 0.798354 0.000000 0.799607 0.000000 0.800044 0.000000 0.800357 0.000000 0.801230 0.000000 0.801543 0.000000 0.805034 0.000000 0.805593 0.000000 0.806466 0.000000 0.807026 0.000000 0.807462 0.000000 0.808581 0.000000 0.808704 0.000000 0.809946 0.000000 0.811055 0.000000 0.810741 0.000000 0.810675 0.000000 0.808795 0.000000 0.808359 0.000000 0.807296 0.000000
0 0.122631 0.203776 0.122071 0.203236 0.120762 0.204061 0.119084 0.202440 0.118961 0.201624 0.117718 0.199728 0.117226 0.196465 0.116666 0.195924 0.116420 0.194293 0.116923 0.191295 0.116677 0.189663 0.116990 0.188572 0.116867 0.187757 0.117494 0.185575 0.117930 0.185299 0.118243 0.184208 0.119116 0.183658 0.119429 0.182567 0.121175 0.181465 0.121488 0.180374 0.124353 0.180354 0.126591 0.182516 0.126960 0.184963 0.128202 0.186860 0.128449 0.188491 0.128135 0.189582 0.128628 0.192845 0.128315 0.193936 0.128438 0.194752 0.126872 0.200207 0.126435 0.200483 0.126122 0.201574
0 0.068444 0.607840 0.062905 0.605974 0.060174 0.600549 0.059312 0.594839 0.059815 0.591841 0.059569 0.590209 0.060195 0.588027 0.061695 0.585294 0.063753 0.583102 0.064067 0.582011 0.068990 0.579799 0.069550 0.580339 0.070859 0.579513 0.071855 0.579778 0.072974 0.580859 0.073410 0.580584 0.074339 0.583572 0.075581 0.585468 0.075827 0.587100 0.075514 0.588191 0.076007 0.591454 0.075436 0.597174 0.073870 0.602629 0.072561 0.603455 0.072248 0.604546 0.070066 0.605923 0.069753 0.607014
0 0.632519 0.602215 0.631959 0.601674 0.630527 0.601684 0.629408 0.600604 0.628602 0.598432 0.626923 0.596810 0.625938 0.590284 0.626565 0.588102 0.626442 0.587286 0.627068 0.585104 0.626945 0.584289 0.628947 0.578558 0.631129 0.577182 0.631689 0.577722 0.634744 0.575795 0.635303 0.576336 0.635739 0.576060 0.637541 0.578497 0.638034 0.581760 0.638593 0.582301 0.639455 0.588011 0.639142 0.589102 0.639075 0.591825 0.638449 0.594007 0.638572 0.594822 0.638135 0.595098 0.637073 0.597555 0.635327 0.598656 0.635014 0.599747 0.633268 0.600848 0.632955 0.601939
0 0.369376 0.502871 0.368816 0.502331 0.367943 0.502881 0.366824 0.501801 0.366388 0.502076 0.365828 0.501535 0.365705 0.500720 0.364586 0.499639 0.364463 0.498823 0.363903 0.498283 0.362672 0.490125 0.364551 0.483579 0.364988 0.483304 0.365301 0.482213 0.366174 0.481662 0.366487 0.480571 0.368233 0.479470 0.368792 0.480010 0.370101 0.479184 0.370661 0.479725 0.371534 0.479174 0.372093 0.479715 0.372530 0.479439 0.374891 0.482417 0.375876 0.488943 0.375563 0.490034 0.375306 0.494663 0.374679 0.496845 0.373806 0.497396 0.373493 0.498487 0.373057 0.498762 0.372743 0.499853 0.371871 0.500404 0.371557 0.501495
0 0.295024 0.589087 0.293905 0.588006 0.293781 0.587191 0.292662 0.586110 0.292539 0.585294 0.291980 0.584754 0.291118 0.579043 0.291431 0.577952 0.291308 0.577137 0.291934 0.574955 0.291811 0.574139 0.292751 0.570866 0.297987 0.567562 0.300226 0.569724 0.300349 0.570540 0.301591 0.572436 0.301714 0.573252 0.301401 0.574343 0.302016 0.578422 0.300450 0.583877 0.299578 0.584428 0.299264 0.585519 0.297082 0.586895 0.296769 0.587986
0 0.227340 0.295857 0.226780 0.295317 0.225471 0.296142 0.224911 0.295602 0.222606 0.296163 0.221487 0.295082 0.221051 0.295357 0.219686 0.292645 0.219439 0.291013 0.218880 0.290473 0.218141 0.285578 0.218901 0.277951 0.221407 0.269223 0.223030 0.267306 0.223343 0.266215 0.223902 0.266755 0.226521 0.265104 0.227080 0.265644 0.228826 0.264543 0.232866 0.269142 0.233235 0.271589 0.233795 0.272129 0.234590 0.280562 0.233270 0.287649 0.233393 0.288465 0.231894 0.291197 0.230148 0.292298 0.229835 0.293389 0.228089 0.294491 0.227776 0.295582
0 0.690385 0.457605 0.687330 0.459532 0.686770 0.458991 0.686647 0.458176 0.684969 0.456554 0.684846 0.455739 0.684286 0.455198 0.683055 0.447041 0.683368 0.445950 0.682999 0.443502 0.684565 0.438047 0.685437 0.437497 0.686500 0.435039 0.690864 0.432286 0.693662 0.434989 0.694098 0.434713 0.694221 0.435529 0.695463 0.437426 0.695710 0.439057 0.696269 0.439598 0.696762 0.442861 0.696449 0.443952 0.696382 0.446674 0.694189 0.454311 0.693753 0.454587 0.693439 0.455678
0 0.081150 0.533710 0.080591 0.533170 0.079718 0.533720 0.079158 0.533180 0.078286 0.533730 0.077726 0.533190 0.076853 0.533740 0.074862 0.533210 0.073183 0.531589 0.072814 0.529142 0.072254 0.528601 0.070899 0.519628 0.071470 0.513908 0.072409 0.510634 0.073909 0.507902 0.075967 0.505710 0.076281 0.504619 0.079022 0.503783 0.079582 0.504323 0.080891 0.503497 0.081450 0.504038 0.083319 0.503752 0.084998 0.505373 0.086486 0.508902 0.087605 0.509983 0.087292 0.511073 0.088277 0.517599 0.087964 0.518691 0.088333 0.521138 0.087393 0.524411 0.085145 0.528510 0.081463 0.532619
0 0.379095 0.297505 0.378536 0.296965 0.377226 0.297791 0.376667 0.297250 0.375794 0.297801 0.374675 0.296720 0.374552 0.295904 0.373310 0.294007 0.372694 0.289929 0.372135 0.289388 0.371765 0.286941 0.372078 0.285850 0.371832 0.284218 0.372145 0.283127 0.371899 0.281496 0.372526 0.279314 0.374707 0.277937 0.375021 0.276846 0.378075 0.274919 0.380627 0.275990 0.380750 0.276806 0.382675 0.280059 0.383537 0.285769 0.383223 0.286860 0.383347 0.287676 0.383033 0.288767 0.382966 0.291489 0.382027 0.294762 0.381590 0.295038 0.381277 0.296129
0 0.745827 0.618290 0.745268 0.617749 0.742839 0.617494 0.739359 0.613436 0.739236 0.612620 0.738676 0.612080 0.737938 0.607185 0.738251 0.606094 0.738128 0.605278 0.740007 0.598732 0.740443 0.598457 0.741070 0.596275 0.741506 0.595999 0.742569 0.593542 0.745624 0.591615 0.746183 0.592155 0.748365 0.590779 0.751656 0.596744 0.752271 0.600823 0.752831 0.601363 0.753077 0.602995 0.752451 0.605177 0.752574 0.605993 0.751007 0.611448 0.750571 0.611723 0.749945 0.613905 0.749508 0.614181 0.749195 0.615272 0.748322 0.615822 0.748009 0.616913
0 0.763961 0.466137 0.763402 0.465597 0.760974 0.465342 0.758859 0.463996 0.758613 0.462364 0.758053 0.461824 0.757684 0.459376 0.757124 0.458836 0.757001 0.458020 0.757314 0.456929 0.756698 0.452851 0.757012 0.451760 0.756889 0.450944 0.758142 0.446580 0.758578 0.446304 0.758891 0.445213 0.759764 0.444663 0.760077 0.443572 0.763132 0.441645 0.763691 0.442185 0.765437 0.441084 0.765996 0.441624 0.766869 0.441074 0.769107 0.443236 0.769230 0.444051 0.769790 0.444592 0.770159 0.447039 0.770719 0.447579 0.771088 0.450027 0.770775 0.451118 0.770708 0.453840 0.769142 0.459295 0.768705 0.459571 0.768079 0.461753 0.767206 0.462303 0.766143 0.464761
0 0.205702 0.855392 0.205143 0.854851 0.204270 0.855402 0.203274 0.855137 0.199917 0.851894 0.199234 0.850538 0.198988 0.848906 0.198429 0.848366 0.197443 0.841840 0.198260 0.837751 0.198137 0.836935 0.200139 0.831205 0.201012 0.830654 0.201325 0.829563 0.207435 0.825709 0.209427 0.826240 0.211105 0.827861 0.211351 0.829492 0.213276 0.832745 0.213523 0.834377 0.213209 0.835468 0.213825 0.839546 0.213255 0.845267 0.212315 0.848540 0.211565 0.849906 0.210693 0.850457 0.210379 0.851548 0.207761 0.853200 0.207448 0.854291
0 0.739150 0.000000 0.738591 0.000000 0.736162 0.000000 0.735603 0.000000 0.735357 0.000000 0.734114 0.000000 0.733129 0.000000 0.733633 0.000000 0.733453 0.000000 0.735579 0.000000 0.740816 0.000000 0.741129 0.000000 0.743367 0.000000 0.743490 0.000000 0.744050 0.000000 0.744419 0.000000 0.744979 0.000000 0.746087 0.000000 0.745774 0.000000 0.745517 0.000000 0.744577 0.000000 0.743704 0.000000 0.743391 0.000000 0.742082 0.000000 0.741768 0.000000
0 0.255927 0.763848 0.255368 0.763307 0.254058 0.764133 0.253499 0.763593 0.252626 0.764143 0.252067 0.763603 0.251630 0.763878 0.250511 0.762797 0.250388 0.761981 0.249829 0.761441 0.248597 0.753284 0.248910 0.752192 0.248977 0.749470 0.250790 0.745646 0.252099 0.744820 0.252412 0.743729 0.255467 0.741802 0.256026 0.742343 0.256899 0.741792 0.257459 0.742333 0.257895 0.742057 0.260133 0.744219 0.260256 0.745035 0.260816 0.745575 0.261801 0.752101 0.261488 0.753192 0.261611 0.754008 0.260671 0.757281 0.260235 0.757556 0.259608 0.759739 0.259172 0.760014 0.258859 0.761105 0.257986 0.761655 0.257673 0.762746
0 0.325511 0.767302 0.322674 0.769092 0.320996 0.767470 0.320559 0.767745 0.318881 0.766124 0.318758 0.765308 0.318198 0.764768 0.317829 0.762321 0.317269 0.761780 0.316284 0.755254 0.316597 0.754163 0.316474 0.753348 0.317414 0.750074 0.317291 0.749259 0.317604 0.748168 0.318040 0.747892 0.319103 0.745435 0.325213 0.741581 0.325772 0.742121 0.327204 0.742111 0.330685 0.746170 0.331793 0.753511 0.331290 0.756509 0.331536 0.758141 0.328347 0.765513
0 0.285775 0.499325 0.285215 0.498785 0.282787 0.498530 0.281668 0.497449 0.281545 0.496633 0.280303 0.494736 0.279810 0.491473 0.280123 0.490382 0.279877 0.488751 0.280190 0.487660 0.280257 0.484937 0.280571 0.483846 0.281007 0.483571 0.281947 0.480298 0.282819 0.479747 0.283133 0.478656 0.286187 0.476729 0.286747 0.477270 0.287620 0.476719 0.288179 0.477259 0.289052 0.476709 0.289611 0.477249 0.290048 0.476974 0.291167 0.478055 0.291290 0.478871 0.291850 0.479411 0.292342 0.482674 0.292902 0.483215 0.293148 0.484846 0.292835 0.485937 0.292958 0.486753 0.292645 0.487844 0.292388 0.492473 0.291515 0.493024 0.291202 0.494115 0.290329 0.494665 0.290016 0.495756 0.289143 0.496307 0.288830 0.497398
0 0.088893 0.195576 0.088334 0.195036 0.087461 0.195586 0.085782 0.193965 0.085659 0.193149 0.083858 0.190712 0.082626 0.182555 0.082939 0.181464 0.082570 0.179017 0.085322 0.171920 0.090995 0.168341 0.094229 0.170768 0.094475 0.172399 0.095035 0.172940 0.095528 0.176203 0.096087 0.176743 0.095774 0.177834 0.096390 0.181913 0.096076 0.183004 0.096199 0.183820 0.094320 0.190366 0.093447 0.190917 0.093134 0.192008 0.090516 0.193659 0.090202 0.194750
0 0.174011 0.490317 0.172892 0.489236 0.172456 0.489511 0.170777 0.487890 0.169176 0.477285 0.169489 0.476194 0.169366 0.475378 0.169993 0.473196 0.170429 0.472921 0.171492 0.470464 0.175419 0.467986 0.175979 0.468526 0.177288 0.467700 0.177848 0.468241 0.178284 0.467966 0.179963 0.469587 0.180209 0.471218 0.180768 0.471759 0.181507 0.476653 0.181194 0.477744 0.181317 0.478560 0.180624 0.483465 0.180187 0.483740 0.179561 0.485922 0.176943 0.487574 0.176629 0.488665
0 0.346008 0.309444 0.345448 0.308904 0.344139 0.309730 0.343580 0.309189 0.342707 0.309740 0.342147 0.309199 0.341711 0.309474 0.340032 0.307853 0.339909 0.307037 0.339350 0.306497 0.337749 0.295892 0.338062 0.294801 0.337939 0.293985 0.338879 0.290712 0.344552 0.287134 0.345671 0.288214 0.346107 0.287939 0.348345 0.290101 0.348715 0.292548 0.349957 0.294445 0.350080 0.295261 0.349767 0.296352 0.350136 0.298799 0.349823 0.299890 0.350069 0.301521 0.348503 0.306977 0.348067 0.307252 0.347753 0.308343
0 0.622523 0.222559 0.621964 0.222019 0.618909 0.223946 0.618349 0.223405 0.617913 0.223681 0.616235 0.222059 0.615003 0.213902 0.615316 0.212811 0.615070 0.211179 0.616323 0.206815 0.617632 0.205989 0.617945 0.204898 0.620564 0.203247 0.621123 0.203787 0.621996 0.203236 0.624234 0.205398 0.624357 0.206214 0.624917 0.206754 0.626025 0.214096 0.625399 0.216278 0.625522 0.217094 0.625085 0.217369 0.624459 0.219551 0.624022 0.219827 0.623709 0.220918 0.622836 0.221468
0 0.549926 0.251382 0.549367 0.250842 0.547934 0.250852 0.546256 0.249231 0.545819 0.249506 0.543022 0.246804 0.542898 0.245988 0.542339 0.245448 0.542093 0.243816 0.541533 0.243276 0.541164 0.240828 0.541477 0.239737 0.541108 0.237290 0.541421 0.236199 0.541298 0.235383 0.542237 0.232110 0.544296 0.229918 0.545359 0.227461 0.547541 0.226084 0.550092 0.227155 0.550965 0.226604 0.551525 0.227145 0.552957 0.227135 0.554076 0.228216 0.554322 0.229847 0.554882 0.230387 0.555497 0.234466 0.555184 0.235557 0.555430 0.237189 0.555117 0.238280 0.555240 0.239096 0.554614 0.241278 0.553428 0.242919 0.552488 0.246192 0.552052 0.246468 0.551112 0.249741 0.550676 0.250016 0.550362 0.251107
0 0.748788 0.000000 0.748228 0.000000 0.746482 0.000000 0.744244 0.000000 0.744121 0.000000 0.743562 0.000000 0.743315 0.000000 0.742756 0.000000 0.741278 0.000000 0.741591 0.000000 0.741658 0.000000 0.742721 0.000000 0.744467 0.000000 0.744780 0.000000 0.749144 0.000000 0.750263 0.000000 0.750699 0.000000 0.751259 0.000000 0.751505 0.000000 0.752065 0.000000 0.752188 0.000000 0.752747 0.000000 0.752994 0.000000 0.753553 0.000000 0.754292 0.000000 0.753789 0.000000 0.754035 0.000000 0.753722 0.000000 0.753845 0.000000 0.752279 0.000000
0 0.714474 0.454916 0.713914 0.454376 0.710859 0.456303 0.707502 0.453060 0.706517 0.446534 0.707021 0.443536 0.706774 0.441905 0.707088 0.440814 0.706964 0.439998 0.707904 0.436725 0.709213 0.435899 0.709526 0.434808 0.711272 0.433707 0.711585 0.432616 0.713331 0.431515 0.713890 0.432055 0.715323 0.432045 0.716442 0.433126 0.716878 0.432851 0.718557 0.434472 0.718680 0.435288 0.719239 0.435828 0.719486 0.437460 0.720045 0.438000 0.720291 0.439632 0.719978 0.440723 0.720348 0.443170 0.720034 0.444261 0.720157 0.445077 0.718155 0.450807 0.717718 0.451082 0.716656 0.453540
0 0.714762 0.251032 0.709346 0.249982 0.707668 0.248361 0.705620 0.244292 0.704511 0.236950 0.705138 0.234768 0.705205 0.232046 0.706894 0.227406 0.707767 0.226856 0.709266 0.224123 0.714066 0.221095 0.714626 0.221635 0.716371 0.220534 0.719046 0.222421 0.719975 0.225408 0.721217 0.227305 0.721956 0.232199 0.721643 0.233290 0.721822 0.237644 0.721632 0.239551 0.720379 0.243915 0.719629 0.245282 0.718320 0.246108 0.718007 0.247199 0.716698 0.248025 0.715199 0.250757
0 0.455167 0.022584 0.454608 0.022043 0.452179 0.021788 0.450501 0.020167 0.450378 0.019351 0.449818 0.018811 0.449572 0.017179 0.449012 0.016639 0.448643 0.014192 0.448956 0.013101 0.448777 0.008747 0.450970 0.001109 0.451406 0.000834 0.451719 0.000000 0.452592 0.000000 0.452905 0.000000 0.453778 0.000000 0.454337 0.000000 0.455647 0.000000 0.456206 0.000000 0.457079 0.000000 0.457638 0.000000 0.458075 0.000000 0.460313 0.000000 0.461667 0.008655 0.461354 0.009747 0.461097 0.014376 0.460471 0.016558 0.460034 0.016833 0.458222 0.020657
0 0.281535 0.593130 0.278698 0.594919 0.278139 0.594379 0.277702 0.594654 0.276583 0.593573 0.276460 0.592757 0.274535 0.589505 0.273673 0.583794 0.274613 0.580521 0.274490 0.579706 0.275743 0.575341 0.279234 0.573139 0.279547 0.572048 0.280856 0.571222 0.281416 0.571763 0.282288 0.571212 0.282848 0.571752 0.283721 0.571202 0.283844 0.572018 0.284403 0.572558 0.284650 0.574190 0.285209 0.574730 0.285456 0.576361 0.286015 0.576902 0.286877 0.582612 0.285937 0.585885 0.286060 0.586701 0.285121 0.589974 0.284684 0.590249 0.284371 0.591340
0 0.222423 0.728698 0.221863 0.728158 0.220990 0.728708 0.219994 0.728443 0.217756 0.726281 0.217320 0.726556 0.216201 0.725476 0.215518 0.724119 0.215149 0.721672 0.214589 0.721132 0.213604 0.714606 0.214174 0.708885 0.216737 0.703695 0.218046 0.702869 0.218359 0.701778 0.218918 0.702319 0.220664 0.701218 0.222656 0.701748 0.223965 0.700922 0.225644 0.702544 0.226449 0.704715 0.227568 0.705796 0.228554 0.712322 0.228240 0.713413 0.228420 0.717767 0.226853 0.723223 0.225981 0.723773 0.224481 0.726506 0.223172 0.727332 0.222859 0.728423
0 0.045337 0.609909 0.044777 0.609368 0.043905 0.609919 0.041913 0.609389 0.039675 0.607227 0.038992 0.605871 0.038623 0.603423 0.038063 0.602883 0.037201 0.597173 0.037961 0.589545 0.039338 0.585997 0.040210 0.585446 0.040524 0.584355 0.044451 0.581878 0.045011 0.582418 0.046756 0.581317 0.048994 0.583479 0.051042 0.587547 0.052274 0.595705 0.051960 0.596796 0.052207 0.598427 0.052017 0.600334 0.051077 0.603607 0.050327 0.604974 0.048582 0.606075 0.048268 0.607166 0.046523 0.608267 0.046210 0.609358
0 0.620735 0.000000 0.620176 0.000000 0.618430 0.000000 0.614390 0.000000 0.614144 0.000000 0.613585 0.000000 0.612107 0.000000 0.612733 0.000000 0.612610 0.000000 0.613863 0.000000 0.614613 0.000000 0.615922 0.000000 0.616481 0.000000 0.620845 0.000000 0.624762 0.000000 0.626810 0.000000 0.627302 0.000000 0.626989 0.000000 0.627359 0.000000 0.625792 0.000000 0.625916 0.000000 0.624226 0.000000
0 0.675733 0.513306 0.672897 0.515096 0.672337 0.514555 0.671464 0.515106 0.670345 0.514025 0.669909 0.514300 0.669349 0.513760 0.669103 0.512128 0.668544 0.511588 0.668297 0.509956 0.667738 0.509416 0.667245 0.506153 0.667558 0.505062 0.667189 0.502615 0.668755 0.497159 0.669192 0.496884 0.669505 0.495793 0.670814 0.494967 0.671127 0.493876 0.675491 0.491123 0.676610 0.492204 0.677046 0.491929 0.677606 0.492469 0.677729 0.493285 0.678848 0.494366 0.679464 0.498445 0.680023 0.498985 0.680393 0.501432 0.680080 0.502523 0.680572 0.505786 0.679319 0.510150 0.678883 0.510426 0.678570 0.511517
0 0.209928 0.462298 0.206941 0.461502 0.205822 0.460421 0.205139 0.459065 0.204893 0.457434 0.204333 0.456893 0.203717 0.452814 0.203158 0.452274 0.202665 0.449011 0.203236 0.443291 0.206234 0.437825 0.207107 0.437275 0.207420 0.436184 0.208416 0.436449 0.210161 0.435348 0.210721 0.435888 0.212467 0.434787 0.213462 0.435052 0.214581 0.436133 0.216629 0.440202 0.216999 0.442649 0.217558 0.443189 0.218051 0.446452 0.217738 0.447543 0.217984 0.449175 0.217794 0.451082 0.216541 0.455446 0.215232 0.456272 0.214919 0.457363 0.214046 0.457913 0.212547 0.460646
0 0.421737 0.269711 0.419556 0.271087 0.418996 0.270547 0.417687 0.271373 0.416691 0.271107 0.415012 0.269486 0.414889 0.268670 0.413211 0.267049 0.412718 0.263786 0.412159 0.263245 0.411543 0.259167 0.411856 0.258076 0.411487 0.255628 0.412236 0.254262 0.413803 0.248807 0.414552 0.247441 0.416298 0.246339 0.416611 0.245248 0.418793 0.243872 0.419106 0.242781 0.420538 0.242771 0.423336 0.245473 0.423459 0.246289 0.424578 0.247370 0.426626 0.251438 0.427242 0.255517 0.426929 0.256608 0.427175 0.258240 0.424669 0.266968 0.423919 0.268334
0 0.538417 0.000000 0.537857 0.000000 0.536548 0.000000 0.535989 0.000000 0.534556 0.000000 0.534433 0.000000 0.533191 0.000000 0.532083 0.000000 0.532396 0.000000 0.532150 0.000000 0.532463 0.000000 0.532217 0.000000 0.532530 0.000000 0.532966 0.000000 0.534779 0.000000 0.536088 0.000000 0.536401 0.000000 0.537710 0.000000 0.538270 0.000000 0.539143 0.000000 0.539702 0.000000 0.541134 0.000000 0.542253 0.000000 0.542377 0.000000 0.543619 0.000000 0.543865 0.000000 0.544425 0.000000 0.544111 0.000000 0.544850 0.000000 0.544537 0.000000 0.544660 0.000000 0.542657 0.000000 0.541785 0.000000 0.541471 0.000000
0 0.822632 0.007870 0.819795 0.009660 0.816998 0.006958 0.816875 0.006142 0.816315 0.005601 0.816069 0.003970 0.815509 0.003429 0.815263 0.001798 0.814704 0.001257 0.814581 0.000442 0.814894 0.000000 0.814278 0.000000 0.814904 0.000000 0.814781 0.000000 0.816034 0.000000 0.819962 0.000000 0.820275 0.000000 0.821584 0.000000 0.822144 0.000000 0.823016 0.000000 0.826374 0.000000 0.827482 0.000000 0.826979 0.000000 0.827348 0.000000 0.825468 0.006081
0 0.101636 0.824552 0.101076 0.824012 0.099644 0.824022 0.099521 0.823206 0.098279 0.821310 0.098032 0.819678 0.097473 0.819138 0.097350 0.818322 0.097663 0.817231 0.096924 0.812337 0.098803 0.805790 0.104040 0.802487 0.104600 0.803027 0.105036 0.802752 0.107397 0.805730 0.107890 0.808992 0.107576 0.810084 0.107946 0.812531 0.107633 0.813622 0.107566 0.816344 0.106626 0.819617 0.104880 0.820719 0.104567 0.821810 0.102385 0.823186 0.102072 0.824277
0 0.160941 0.486054 0.160382 0.485513 0.158636 0.486615 0.158077 0.486074 0.157204 0.486625 0.155648 0.485819 0.155525 0.485003 0.154966 0.484463 0.154719 0.482831 0.154160 0.482291 0.153298 0.476581 0.153611 0.475490 0.153365 0.473858 0.153991 0.471676 0.153868 0.470860 0.154305 0.470585 0.154931 0.468403 0.155367 0.468128 0.155681 0.467037 0.156553 0.466486 0.156867 0.465395 0.158176 0.464569 0.158489 0.463478 0.161354 0.463458 0.164588 0.465885 0.165024 0.465610 0.165147 0.466425 0.165707 0.466966 0.166446 0.471860 0.164879 0.477315 0.165002 0.478131 0.163436 0.483586 0.163000 0.483862 0.162687 0.484953
0 0.541482 0.815996 0.540922 0.815455 0.540050 0.816006 0.539490 0.815465 0.539054 0.815741 0.537375 0.814119 0.536267 0.806778 0.536580 0.805687 0.536087 0.802424 0.537340 0.798059 0.537777 0.797784 0.538090 0.796693 0.539399 0.795867 0.539712 0.794776 0.544076 0.792023 0.544636 0.792564 0.545072 0.792288 0.545195 0.793104 0.546314 0.794185 0.547669 0.803158 0.547166 0.806156 0.547412 0.807788 0.546785 0.809970 0.546349 0.810245 0.546036 0.811336 0.544727 0.812162 0.544413 0.813253 0.542231 0.814629 0.541918 0.815720
0 0.454865 0.523988 0.454305 0.523448 0.453433 0.523998 0.452873 0.523458 0.451564 0.524284 0.451004 0.523743 0.449572 0.523753 0.448453 0.522672 0.448207 0.521041 0.447647 0.520500 0.446416 0.512343 0.447736 0.505256 0.448172 0.504981 0.448485 0.503890 0.449795 0.503064 0.450108 0.501973 0.451853 0.500872 0.452167 0.499781 0.454595 0.500036 0.455714 0.501117 0.455837 0.501933 0.458198 0.504910 0.458321 0.505726 0.458881 0.506266 0.459250 0.508714 0.459810 0.509254 0.459363 0.515790 0.458423 0.519063 0.457237 0.520705 0.456610 0.522887
0 0.585092 0.000000 0.582256 0.000000 0.581137 0.000000 0.580700 0.000000 0.580141 0.000000 0.580018 0.000000 0.578899 0.000000 0.578406 0.000000 0.577847 0.000000 0.577477 0.000000 0.577790 0.000000 0.577421 0.000000 0.577734 0.000000 0.577488 0.000000 0.579054 0.000000 0.584727 0.000000 0.587402 0.000000 0.587525 0.000000 0.588767 0.000000 0.589136 0.000000 0.589696 0.000000 0.589942 0.000000 0.589629 0.000000 0.589875 0.000000 0.589562 0.000000 0.589808 0.000000 0.587929 0.000000
0 0.903125 0.511017 0.900944 0.512393 0.898952 0.511863 0.895035 0.508079 0.894352 0.506723 0.893860 0.503460 0.893300 0.502920 0.893121 0.498566 0.893311 0.496659 0.895504 0.489022 0.896253 0.487656 0.902363 0.483801 0.902922 0.484342 0.903795 0.483791 0.904914 0.484872 0.905350 0.484597 0.907589 0.486759 0.908271 0.488115 0.908764 0.491378 0.909323 0.491918 0.909570 0.493550 0.909256 0.494641 0.909749 0.497904 0.909559 0.499811 0.908429 0.504990 0.907993 0.505266 0.907366 0.507448 0.905621 0.508549 0.905307 0.509640
0 0.646654 0.312761 0.646095 0.312220 0.645658 0.312495 0.645535 0.311680 0.643297 0.309518 0.642861 0.309793 0.641742 0.308712 0.641305 0.308988 0.640813 0.305725 0.640253 0.305184 0.639884 0.302737 0.640197 0.301646 0.640018 0.297292 0.640454 0.297017 0.641394 0.293743 0.641830 0.293468 0.642457 0.291286 0.642893 0.291011 0.643956 0.288553 0.644829 0.288003 0.645388 0.288543 0.646697 0.287717 0.647257 0.288258 0.648566 0.287432 0.649126 0.287972 0.649998 0.287422 0.651117 0.288503 0.651554 0.288227 0.651677 0.289043 0.652919 0.290940 0.653289 0.293387 0.653848 0.293928 0.654217 0.296375 0.653904 0.297466 0.654397 0.300729 0.653770 0.302911 0.653893 0.303727 0.652954 0.307000 0.652517 0.307275 0.652204 0.308366 0.650459 0.309467 0.650145 0.310558
0 0.097241 0.700458 0.096681 0.699917 0.094063 0.701569 0.089207 0.701059 0.086969 0.698897 0.085603 0.696185 0.084741 0.690475 0.085435 0.685570 0.085189 0.683939 0.087885 0.673304 0.090010 0.668389 0.095247 0.665085 0.096679 0.665075 0.097798 0.666156 0.100663 0.666136 0.102901 0.668298 0.104949 0.672366 0.105565 0.676445 0.106247 0.677801 0.105934 0.678892 0.106236 0.684062 0.104793 0.690333 0.100296 0.698531
0 0.436613 0.165623 0.436053 0.165083 0.434621 0.165093 0.432942 0.163471 0.432506 0.163747 0.432383 0.162931 0.431823 0.162390 0.430961 0.156680 0.431275 0.155589 0.431152 0.154773 0.431465 0.153682 0.431532 0.150960 0.432158 0.148778 0.432595 0.148502 0.433657 0.146045 0.435403 0.144944 0.435963 0.145484 0.436835 0.144934 0.437395 0.145474 0.438827 0.145464 0.438950 0.146280 0.439510 0.146820 0.439633 0.147636 0.440875 0.149533 0.441491 0.153611 0.441178 0.154702 0.441424 0.156334 0.439858 0.161789 0.439421 0.162064 0.438358 0.164522
0 0.790506 0.000000 0.787887 0.000000 0.787328 0.000000 0.785895 0.000000 0.785772 0.000000 0.784530 0.000000 0.784284 0.000000 0.783724 0.000000 0.783478 0.000000 0.783791 0.000000 0.783299 0.000000 0.783612 0.000000 0.783869 0.000000 0.784495 0.000000 0.784372 0.000000 0.784809 0.000000 0.785122 0.000000 0.787740 0.000000 0.788053 0.000000 0.790235 0.000000 0.790795 0.000000 0.792227 0.000000 0.793346 0.000000 0.793469 0.000000 0.794029 0.000000 0.794275 0.000000 0.794835 0.000000 0.795574 0.000000 0.795260 0.000000 0.795630 0.000000 0.795003 0.000000 0.795126 0.000000 0.793873 0.000000 0.793437 0.000000 0.793124 0.000000
0 0.327620 0.102154 0.327061 0.101613 0.324319 0.102449 0.322764 0.101644 0.321891 0.102194 0.318534 0.098952 0.317851 0.097595 0.317359 0.094332 0.316799 0.093792 0.316251 0.086991 0.317380 0.081811 0.317257 0.080995 0.317694 0.080720 0.318320 0.078538 0.320502 0.077161 0.320815 0.076070 0.324743 0.073593 0.325302 0.074133 0.326175 0.073583 0.328167 0.074113 0.332520 0.077621 0.332889 0.080068 0.333449 0.080608 0.334188 0.085503 0.333874 0.086594 0.333931 0.090132 0.332678 0.094496 0.330429 0.098595 0.328370 0.100787 0.328057 0.101879
0 0.873846 0.408875 0.873287 0.408334 0.871541 0.409435 0.870982 0.408895 0.870109 0.409445 0.869549 0.408905 0.869113 0.409180 0.867994 0.408099 0.867748 0.406468 0.867188 0.405927 0.866819 0.403480 0.866259 0.402940 0.866013 0.401308 0.866326 0.400217 0.866080 0.398586 0.866393 0.397495 0.866147 0.395863 0.866773 0.393681 0.867210 0.393406 0.868273 0.390948 0.869145 0.390398 0.869458 0.389307 0.872513 0.387380 0.873073 0.387920 0.873509 0.387645 0.874069 0.388185 0.875501 0.388175 0.876620 0.389256 0.876989 0.391703 0.877549 0.392244 0.878165 0.396323 0.877851 0.397414 0.877975 0.398229 0.877661 0.399320 0.877594 0.402043 0.875469 0.406958 0.874160 0.407784
0 0.820942 0.000000 0.818324 0.000000 0.817764 0.000000 0.817328 0.000000 0.815090 0.000000 0.814654 0.000000 0.814530 0.000000 0.813971 0.000000 0.813725 0.000000 0.813165 0.000000 0.812180 0.000000 0.812493 0.000000 0.812560 0.000000 0.813813 0.000000 0.814249 0.000000 0.814563 0.000000 0.820672 0.000000 0.821791 0.000000 0.822227 0.000000 0.824589 0.000000 0.825574 0.000000 0.825261 0.000000 0.825507 0.000000 0.825194 0.000000 0.825127 0.000000 0.823560 0.000000
0 0.159768 0.999074 0.159209 0.999074 0.156904 0.999074 0.155225 0.999074 0.154789 0.999074 0.154666 0.999074 0.153424 0.999074 0.152438 0.999074 0.153322 0.999074 0.153758 0.999074 0.155571 0.999074 0.156880 0.999074 0.157193 0.999074 0.157630 0.999074 0.158189 0.999074 0.159935 0.998623 0.160494 0.999074 0.161803 0.998338 0.162363 0.998878 0.163236 0.998328 0.164355 0.999074 0.164478 0.999074 0.165720 0.999074 0.165966 0.999074 0.166526 0.999074 0.166649 0.999074 0.166336 0.999074 0.166828 0.999074 0.166515 0.999074 0.166761 0.999074 0.166448 0.999074 0.166571 0.999074 0.165632 0.999074 0.165195 0.999074 0.164882 0.999074 0.163136 0.999074 0.162823 0.999074
0 0.848224 0.280303 0.847665 0.279762 0.845919 0.280864 0.845360 0.280323 0.843055 0.280884 0.841376 0.279262 0.840011 0.276550 0.839641 0.274103 0.839082 0.273562 0.838097 0.267036 0.838410 0.265945 0.838164 0.264314 0.838544 0.260500 0.839797 0.256136 0.842292 0.253669 0.842605 0.252578 0.845660 0.250651 0.846219 0.251191 0.847529 0.250365 0.849520 0.250895 0.851882 0.253873 0.852128 0.255505 0.852687 0.256045 0.853303 0.260124 0.853863 0.260664 0.854109 0.262296 0.853796 0.263387 0.854411 0.267465 0.854031 0.271279 0.853405 0.273461 0.851905 0.276194 0.849410 0.278661 0.849097 0.279752
0 0.076120 0.779002 0.074128 0.778472 0.072819 0.779298 0.070145 0.777412 0.068220 0.774159 0.067850 0.771712 0.067291 0.771171 0.066306 0.764645 0.066809 0.761647 0.066753 0.758109 0.067379 0.755927 0.071877 0.747729 0.075055 0.746618 0.075614 0.747158 0.076487 0.746608 0.077047 0.747148 0.078915 0.746863 0.080594 0.748484 0.083325 0.753909 0.084433 0.761250 0.084120 0.762341 0.084489 0.764789 0.083796 0.769693 0.082106 0.774333 0.079488 0.775984 0.079175 0.777075
0 0.269422 0.267522 0.268863 0.266982 0.268426 0.267257 0.263950 0.262933 0.263827 0.262118 0.263268 0.261577 0.262282 0.255051 0.262596 0.253960 0.262663 0.251238 0.263289 0.249055 0.263726 0.248780 0.265538 0.244956 0.266411 0.244406 0.266724 0.243315 0.267284 0.243855 0.268593 0.243029 0.269152 0.243570 0.270025 0.243019 0.270585 0.243560 0.272017 0.243550 0.272576 0.244090 0.272699 0.244906 0.273259 0.245446 0.273505 0.247078 0.274065 0.247618 0.275173 0.254960 0.274547 0.257142 0.274670 0.257958 0.274233 0.258233 0.272980 0.262597 0.272544 0.262872 0.270732 0.266696
0 0.452353 0.282560 0.449299 0.284487 0.448739 0.283946 0.448303 0.284222 0.445695 0.279613 0.444587 0.272271 0.444900 0.271180 0.444777 0.270364 0.446343 0.264909 0.446780 0.264634 0.447093 0.263543 0.448839 0.262442 0.449152 0.261350 0.452206 0.259423 0.456123 0.263207 0.456246 0.264022 0.456806 0.264563 0.457791 0.271089 0.457478 0.272180 0.457221 0.276809 0.456784 0.277084 0.456158 0.279266 0.455721 0.279542 0.455408 0.280633
0 0.779611 0.000000 0.779051 0.000000 0.776869 0.000000 0.775191 0.000000 0.774944 0.000000 0.774385 0.000000 0.773523 0.000000 0.772963 0.000000 0.772840 0.000000 0.773153 0.000000 0.772907 0.000000 0.773220 0.000000 0.773287 0.000000 0.774227 0.000000 0.775100 0.000000 0.775413 0.000000 0.776722 0.000000 0.777035 0.000000 0.780090 0.000000 0.783201 0.000000 0.783447 0.000000 0.784007 0.000000 0.785238 0.000000 0.784925 0.000000 0.785048 0.000000 0.784422 0.000000 0.784545 0.000000 0.783918 0.000000 0.784041 0.000000 0.783728 0.000000 0.783292 0.000000 0.782665 0.000000
0 0.391746 0.219837 0.390190 0.219031 0.390067 0.218216 0.388825 0.216319 0.387593 0.208162 0.388220 0.205980 0.388097 0.205164 0.389036 0.201891 0.391655 0.200239 0.392214 0.200779 0.393523 0.199954 0.394083 0.200494 0.394956 0.199943 0.395515 0.200484 0.395638 0.201300 0.396881 0.203196 0.397373 0.206459 0.397060 0.207550 0.397552 0.210813 0.397239 0.211904 0.397485 0.213536 0.397049 0.213811 0.395986 0.216268 0.394677 0.217094 0.394364 0.218185
0 0.606887 0.334274 0.604269 0.335926 0.603710 0.335385 0.602277 0.335395 0.601158 0.334315 0.601035 0.333499 0.600476 0.332958 0.600106 0.330511 0.599547 0.329971 0.598561 0.323445 0.599188 0.321263 0.599065 0.320447 0.600944 0.313901 0.603999 0.311974 0.604312 0.310883 0.606494 0.309506 0.607054 0.310047 0.609482 0.310302 0.609728 0.311933 0.611653 0.315186 0.612022 0.317633 0.611709 0.318724 0.612202 0.321987 0.611888 0.323078 0.611631 0.327708 0.611005 0.329890 0.610568 0.330165 0.609506 0.332622
0 0.707477 0.069795 0.706917 0.069255 0.705172 0.070356 0.702934 0.068194 0.702810 0.067379 0.701568 0.065482 0.700953 0.061403 0.701646 0.056499 0.701400 0.054867 0.702216 0.050778 0.702653 0.050503 0.702966 0.049412 0.704275 0.048586 0.704588 0.047495 0.706770 0.046119 0.707083 0.045027 0.710508 0.045548 0.712186 0.047169 0.712432 0.048801 0.712992 0.049341 0.713361 0.051788 0.713921 0.052329 0.713720 0.060496 0.712154 0.065951 0.711717 0.066227 0.711404 0.067318
0 0.232372 0.411509 0.231812 0.410968 0.228388 0.410448 0.227269 0.409367 0.227023 0.407736 0.226463 0.407195 0.225109 0.398222 0.225422 0.397131 0.225299 0.396315 0.226865 0.390860 0.227301 0.390585 0.227614 0.389494 0.228487 0.388943 0.228800 0.387852 0.232728 0.385374 0.233287 0.385915 0.235469 0.384538 0.236588 0.385619 0.236835 0.387251 0.237394 0.387791 0.238010 0.391870 0.238569 0.392410 0.239308 0.397305 0.238995 0.398396 0.239241 0.400027 0.238425 0.404116 0.237988 0.404391 0.237675 0.405483 0.236802 0.406033 0.236489 0.407124 0.235616 0.407675 0.235303 0.408766 0.234430 0.409316 0.234117 0.410407
0 0.677456 0.000000 0.676337 0.000000 0.675901 0.000000 0.673103 0.000000 0.672857 0.000000 0.672298 0.000000 0.671682 0.000000 0.671995 0.000000 0.672252 0.000000 0.673505 0.000000 0.674378 0.000000 0.674691 0.000000 0.675564 0.000000 0.676123 0.000000 0.678742 0.000000 0.679301 0.000000 0.680174 0.000000 0.681293 0.000000 0.682781 0.000000 0.683901 0.000000 0.684147 0.000000 0.683834 0.000000 0.684326 0.000000 0.684013 0.000000 0.684136 0.000000 0.683006 0.000000 0.681697 0.000000 0.681384 0.000000
0 0.416591 0.618714 0.416032 0.618174 0.414722 0.619000 0.410806 0.615216 0.410123 0.613860 0.409877 0.612229 0.409317 0.611688 0.408209 0.604347 0.408399 0.602440 0.409652 0.598076 0.409529 0.597260 0.411778 0.593161 0.413087 0.592335 0.413400 0.591244 0.413960 0.591784 0.415269 0.590959 0.415828 0.591499 0.416701 0.590948 0.417261 0.591489 0.418133 0.590938 0.419129 0.591203 0.421927 0.593906 0.422610 0.595262 0.423102 0.598525 0.423662 0.599065 0.423908 0.600697 0.423338 0.606417 0.422398 0.609690 0.417900 0.617888
0 0.753988 0.507717 0.753429 0.507176 0.752556 0.507727 0.751996 0.507186 0.751560 0.507462 0.749881 0.505840 0.749635 0.504209 0.748393 0.502312 0.747408 0.495786 0.749601 0.488149 0.750037 0.487874 0.750350 0.486783 0.753841 0.484580 0.754401 0.485121 0.756583 0.483744 0.758261 0.485366 0.758384 0.486181 0.759503 0.487262 0.760365 0.492972 0.760052 0.494063 0.759985 0.496786 0.758855 0.501966 0.758979 0.502782 0.757233 0.503883 0.756920 0.504974 0.754301 0.506626
0 0.283041 0.785160 0.282482 0.784619 0.281609 0.785170 0.281049 0.784630 0.278744 0.785190 0.275264 0.781132 0.274279 0.774606 0.274592 0.773515 0.274413 0.769161 0.275039 0.766979 0.275476 0.766703 0.278038 0.761514 0.278911 0.760963 0.279224 0.759872 0.280533 0.759046 0.281093 0.759586 0.282525 0.759576 0.283644 0.760657 0.284080 0.760382 0.285759 0.762003 0.285882 0.762819 0.287807 0.766072 0.288792 0.772598 0.288479 0.773689 0.288602 0.774505 0.287036 0.779960 0.286599 0.780235 0.286286 0.781326 0.285413 0.781877 0.284350 0.784334
0 0.645701 0.106980 0.645141 0.106440 0.644268 0.106990 0.641471 0.104288 0.640855 0.100209 0.640295 0.099669 0.640609 0.098578 0.640239 0.096131 0.640553 0.095040 0.640306 0.093408 0.640620 0.092317 0.640496 0.091501 0.640933 0.091226 0.641872 0.087953 0.642309 0.087678 0.642622 0.086587 0.643931 0.085761 0.644491 0.086301 0.645800 0.085475 0.646359 0.086016 0.647232 0.085465 0.647792 0.086006 0.648228 0.085730 0.649347 0.086811 0.649963 0.090890 0.650522 0.091430 0.650769 0.093062 0.650455 0.094153 0.651071 0.098232 0.650758 0.099323 0.651004 0.100954 0.650568 0.101230 0.649505 0.103687 0.648196 0.104513 0.647883 0.105604
0 0.859032 0.586185 0.858472 0.585645 0.856727 0.586746 0.856167 0.586205 0.855294 0.586756 0.854735 0.586215 0.854298 0.586491 0.853179 0.585410 0.853056 0.584594 0.852497 0.584054 0.852127 0.581606 0.851568 0.581066 0.851075 0.577803 0.851388 0.576712 0.851142 0.575080 0.851455 0.573989 0.851086 0.571542 0.851399 0.570451 0.851276 0.569635 0.851903 0.567453 0.852339 0.567178 0.852652 0.566087 0.853525 0.565536 0.853838 0.564445 0.857766 0.561968 0.858325 0.562508 0.858761 0.562233 0.861559 0.564935 0.861682 0.565751 0.862242 0.566291 0.862488 0.567923 0.863048 0.568463 0.864033 0.574989 0.863720 0.576080 0.863843 0.576896 0.862590 0.581260 0.862153 0.581535 0.861090 0.583993 0.860218 0.584543 0.859904 0.585634
0 0.660258 0.000000 0.659699 0.000000 0.658266 0.000000 0.656028 0.000000 0.655905 0.000000 0.654786 0.000000 0.653678 0.000000 0.654304 0.000000 0.654181 0.000000 0.655121 0.000000 0.655557 0.000000 0.656620 0.000000 0.659238 0.000000 0.659798 0.000000 0.660671 0.000000 0.661230 0.000000 0.662663 0.000000 0.665024 0.000000 0.665516 0.000000 0.666076 0.000000 0.666568 0.000000 0.665629 0.000000 0.665192 0.000000 0.663939 0.000000 0.663503 0.000000 0.662440 0.000000
0 0.273046 0.912078 0.272487 0.911538 0.272050 0.911813 0.270931 0.910732 0.270495 0.911008 0.268816 0.909386 0.268200 0.905307 0.268514 0.904216 0.268144 0.901769 0.268458 0.900678 0.267842 0.896599 0.268155 0.895508 0.268412 0.890879 0.268849 0.890604 0.269911 0.888146 0.270784 0.887596 0.271344 0.888136 0.273962 0.886485 0.274521 0.887025 0.275831 0.886199 0.276950 0.887280 0.277073 0.888096 0.278192 0.889177 0.278315 0.889992 0.278875 0.890533 0.280106 0.898690 0.279793 0.899781 0.280162 0.902229 0.278909 0.906593 0.278473 0.906868 0.278160 0.907959 0.275541 0.909611 0.275228 0.910702
0 0.775076 0.000000 0.771405 0.000000 0.770969 0.000000 0.769167 0.000000 0.768921 0.000000 0.768362 0.000000 0.767376 0.000000 0.767690 0.000000 0.767443 0.000000 0.767633 0.000000 0.769200 0.000000 0.771448 0.000000 0.774503 0.000000 0.775063 0.000000 0.777681 0.000000 0.778677 0.000000 0.781038 0.000000 0.781284 0.000000 0.781844 0.000000 0.783199 0.000000 0.782818 0.000000 0.781252 0.000000 0.779943 0.000000 0.779630 0.000000 0.778757 0.000000 0.777258 0.000000
0 0.287497 0.149801 0.285819 0.148180 0.285695 0.147364 0.284453 0.145468 0.284084 0.143020 0.283524 0.142480 0.283032 0.139217 0.283345 0.138126 0.283222 0.137310 0.283535 0.136219 0.283602 0.133497 0.284229 0.131315 0.284665 0.131039 0.284978 0.129948 0.285851 0.129398 0.286410 0.129938 0.289029 0.128286 0.289588 0.128827 0.290461 0.128276 0.291580 0.129357 0.291703 0.130173 0.292822 0.131254 0.292945 0.132070 0.293505 0.132610 0.293628 0.133426 0.293315 0.134517 0.293931 0.138596 0.292678 0.142960 0.292241 0.143235 0.291928 0.144326 0.291055 0.144877 0.290742 0.145968 0.290306 0.146243 0.289992 0.147334 0.289120 0.147885 0.288806 0.148976
0 0.659820 0.080204 0.656463 0.076962 0.656340 0.076146 0.655781 0.075605 0.655411 0.073158 0.654852 0.072618 0.654605 0.070986 0.655109 0.067988 0.654862 0.066357 0.655176 0.065266 0.655052 0.064450 0.656742 0.059811 0.657178 0.059535 0.657738 0.060076 0.662102 0.057323 0.662225 0.058139 0.663344 0.059219 0.663713 0.061667 0.664273 0.062207 0.664519 0.063839 0.665078 0.064379 0.665448 0.066826 0.665135 0.067917 0.665627 0.071180 0.664687 0.074453 0.663815 0.075004 0.663502 0.076095 0.662629 0.076646 0.662315 0.077737 0.661006 0.078563 0.660693 0.079654
0 0.472909 0.000000 0.472350 0.000000 0.469732 0.000000 0.469172 0.000000 0.468736 0.000000 0.467617 0.000000 0.467494 0.000000 0.466934 0.000000 0.466688 0.000000 0.466128 0.000000 0.466005 0.000000 0.466318 0.000000 0.466072 0.000000 0.466385 0.000000 0.466139 0.000000 0.467705 0.000000 0.469014 0.000000 0.469328 0.000000 0.470200 0.000000 0.470514 0.000000 0.473568 0.000000 0.476366 0.000000 0.476489 0.000000 0.477049 0.000000 0.477664 0.000000 0.478224 0.000000 0.477911 0.000000 0.477844 0.000000 0.477217 0.000000 0.477340 0.000000 0.476714 0.000000 0.476277 0.000000 0.475964 0.000000
0 0.009731 0.275893 0.006677 0.277820 0.004685 0.277289 0.000768 0.273506 0.000085 0.272150 0.000000 0.264808 0.000000 0.263717 0.000000 0.262086 0.001673 0.254173 0.002546 0.253623 0.002859 0.252532 0.008096 0.249228 0.008655 0.249769 0.009528 0.249218 0.010524 0.249483 0.014441 0.253266 0.015056 0.257345 0.015616 0.257885 0.015303 0.258977 0.015672 0.261424 0.015359 0.262515 0.015605 0.264146 0.014665 0.267419 0.014788 0.268235 0.013536 0.272599 0.012786 0.273966
0 0.540193 0.117254 0.539634 0.116714 0.536143 0.118916 0.534151 0.118386 0.529798 0.114878 0.528309 0.111350 0.526585 0.099929 0.526899 0.098838 0.526529 0.096391 0.527289 0.088764 0.530478 0.081392 0.536711 0.078353 0.543492 0.082116 0.545730 0.084278 0.547141 0.096790 0.546817 0.104141 0.545374 0.110412 0.541939 0.116153
0 0.787791 0.152250 0.787232 0.151709 0.786359 0.152260 0.785799 0.151719 0.784367 0.151729 0.783248 0.150649 0.781893 0.141675 0.782207 0.140584 0.781960 0.138953 0.783213 0.134589 0.783650 0.134313 0.784713 0.131856 0.786458 0.130755 0.787018 0.131295 0.787890 0.130745 0.788450 0.131285 0.789323 0.130735 0.789882 0.131275 0.790755 0.130724 0.790878 0.131540 0.791997 0.132621 0.792367 0.135068 0.792926 0.135609 0.793296 0.138056 0.793855 0.138596 0.793542 0.139687 0.793788 0.141319 0.793475 0.142410 0.793721 0.144041 0.793095 0.146224 0.792658 0.146499 0.792345 0.147590 0.791472 0.148140 0.791159 0.149232 0.789414 0.150333 0.789100 0.151424
0 0.017191 0.391799 0.016632 0.391259 0.015323 0.392085 0.012335 0.391289 0.011216 0.390208 0.008485 0.384784 0.007377 0.377442 0.007690 0.376351 0.007444 0.374719 0.007634 0.372813 0.008070 0.372537 0.008697 0.370355 0.009446 0.368989 0.011192 0.367888 0.011505 0.366797 0.013251 0.365696 0.013564 0.364604 0.014873 0.363779 0.017861 0.364574 0.018980 0.365655 0.019416 0.365380 0.020535 0.366461 0.021218 0.367817 0.021464 0.369448 0.022024 0.369989 0.023132 0.377330 0.022192 0.380603 0.021812 0.384417 0.021376 0.384692 0.020436 0.387965 0.018937 0.390698
0 0.803236 0.000000 0.802676 0.000000 0.801804 0.000000 0.797204 0.000000 0.795839 0.000000 0.794608 0.000000 0.795178 0.000000 0.795614 0.000000 0.796554 0.000000 0.798803 0.000000 0.800112 0.000000 0.800672 0.000000 0.802853 0.000000 0.803413 0.000000 0.804722 0.000000 0.806960 0.000000 0.807889 0.000000 0.809131 0.000000 0.809501 0.000000 0.809188 0.000000 0.809680 0.000000 0.808920 0.000000 0.808293 0.000000 0.806671 0.000000 0.803672 0.000000
0 0.321019 0.192981 0.318182 0.194770 0.317063 0.193689 0.316940 0.192874 0.316381 0.192333 0.315765 0.188255 0.315206 0.187714 0.315082 0.186898 0.315396 0.185807 0.315026 0.183360 0.315530 0.180362 0.320330 0.177334 0.320889 0.177875 0.321762 0.177324 0.321885 0.178140 0.322445 0.178680 0.322568 0.179496 0.323810 0.181393 0.324549 0.186287 0.324236 0.187378 0.324359 0.188194 0.323855 0.191192
0 0.758821 0.159804 0.758262 0.159264 0.756953 0.160090 0.756393 0.159549 0.753965 0.159294 0.753842 0.158478 0.750238 0.153604 0.749500 0.148710 0.748940 0.148169 0.749633 0.143265 0.749387 0.141633 0.749824 0.141358 0.750137 0.140267 0.757119 0.135862 0.757678 0.136403 0.758551 0.135852 0.762031 0.139910 0.762278 0.141542 0.762837 0.142082 0.763084 0.143714 0.763643 0.144254 0.763889 0.145886 0.763386 0.148884 0.763632 0.150515 0.762066 0.155970 0.761630 0.156246 0.760567 0.158703
0 0.591932 0.412503 0.591372 0.411962 0.590936 0.412238 0.589817 0.411157 0.588385 0.411167 0.585587 0.408465 0.585464 0.407649 0.584904 0.407108 0.584535 0.404661 0.583975 0.404121 0.583483 0.400858 0.583796 0.399767 0.583673 0.398951 0.584926 0.394587 0.585362 0.394312 0.585675 0.393221 0.587421 0.392119 0.587734 0.391028 0.589916 0.389652 0.590476 0.390192 0.591348 0.389642 0.594706 0.392884 0.594829 0.393700 0.595388 0.394241 0.595758 0.396688 0.596317 0.397228 0.596564 0.398860 0.596250 0.399951 0.596183 0.402673 0.595557 0.404855 0.595680 0.405671 0.595244 0.405946 0.593554 0.410586 0.592682 0.411136 0.592368 0.412227
0 0.806369 0.447869 0.803533 0.449659 0.802414 0.448578 0.802290 0.447762 0.801731 0.447221 0.801485 0.445590 0.800242 0.443693 0.799380 0.437983 0.800007 0.435801 0.800074 0.433078 0.800700 0.430896 0.801573 0.430346 0.801886 0.429255 0.807123 0.425951 0.807682 0.426492 0.808555 0.425941 0.808678 0.426757 0.810603 0.430010 0.811219 0.434088 0.810906 0.435179 0.811152 0.436811 0.810839 0.437902 0.810772 0.440625 0.810145 0.442807 0.810268 0.443622 0.809205 0.446080
0 0.743445 0.301732 0.742885 0.301191 0.741140 0.302293 0.739584 0.301487 0.739461 0.300671 0.738902 0.300131 0.738532 0.297684 0.737973 0.297143 0.737357 0.293064 0.737670 0.291973 0.737301 0.289526 0.737994 0.284622 0.738431 0.284346 0.738744 0.283255 0.739617 0.282705 0.739930 0.281614 0.741239 0.280788 0.741552 0.279697 0.743298 0.278595 0.743857 0.279136 0.746286 0.279391 0.746409 0.280207 0.748334 0.283460 0.748580 0.285091 0.749139 0.285632 0.749755 0.289710 0.747999 0.297072 0.747562 0.297347 0.746500 0.299805
0 0.529482 0.587700 0.528923 0.587160 0.528050 0.587711 0.527491 0.587170 0.527054 0.587445 0.525935 0.586365 0.525499 0.586640 0.525376 0.585824 0.524133 0.583927 0.523271 0.578217 0.523585 0.577126 0.523652 0.574404 0.524088 0.574128 0.524401 0.573037 0.524838 0.572762 0.525151 0.571671 0.525587 0.571396 0.526650 0.568938 0.528396 0.567837 0.528955 0.568378 0.529392 0.568102 0.530511 0.569183 0.530947 0.568908 0.532066 0.569989 0.532189 0.570805 0.532749 0.571345 0.532872 0.572161 0.533431 0.572701 0.534237 0.574873 0.533611 0.577055 0.533544 0.579778 0.532291 0.584142 0.531854 0.584417 0.530792 0.586875
0 0.174222 0.295416 0.173662 0.294876 0.173226 0.295151 0.171547 0.293530 0.171424 0.292714 0.169746 0.291093 0.169376 0.288645 0.168817 0.288105 0.167955 0.282395 0.168268 0.281304 0.167899 0.278856 0.168715 0.274768 0.169151 0.274492 0.170214 0.272035 0.171960 0.270934 0.172519 0.271474 0.173392 0.270924 0.173952 0.271464 0.175261 0.270638 0.175820 0.271179 0.176693 0.270628 0.178808 0.271974 0.179244 0.271699 0.179368 0.272515 0.179927 0.273055 0.181282 0.282028 0.180968 0.283119 0.181215 0.284751 0.179649 0.290206 0.179212 0.290481 0.178899 0.291572 0.176717 0.292949 0.176404 0.294040
0 0.722209 0.000000 0.721649 0.000000 0.720217 0.000000 0.719098 0.000000 0.718662 0.000000 0.716424 0.000000 0.715808 0.000000 0.715248 0.000000 0.715562 0.000000 0.715315 0.000000 0.715942 0.000000 0.715819 0.000000 0.716445 0.000000 0.716882 0.000000 0.717195 0.000000 0.718068 0.000000 0.718381 0.000000 0.720126 0.000000 0.720686 0.000000 0.721559 0.000000 0.722118 0.000000 0.722991 0.000000 0.724670 0.000000 0.724793 0.000000 0.725912 0.000000 0.726527 0.000000 0.726214 0.000000 0.726460 0.000000 0.724894 0.000000 0.724458 0.000000 0.723395 0.000000 0.722522 0.000000
0 0.704118 0.121946 0.701281 0.123736 0.699043 0.121574 0.698920 0.120758 0.697801 0.119677 0.697678 0.118862 0.697118 0.118321 0.696133 0.111795 0.696446 0.110704 0.696513 0.107982 0.697453 0.104709 0.697889 0.104433 0.698203 0.103342 0.703876 0.099763 0.705554 0.101385 0.705677 0.102201 0.706920 0.104097 0.707166 0.105729 0.707725 0.106269 0.708464 0.111164 0.708151 0.112255 0.708274 0.113070 0.707961 0.114161 0.707894 0.116884 0.706954 0.120157
0 0.454185 0.557474 0.452629 0.556669 0.451320 0.557494 0.450760 0.556954 0.449888 0.557505 0.449328 0.556964 0.448892 0.557239 0.447773 0.556158 0.447650 0.555343 0.447090 0.554802 0.446597 0.551539 0.446038 0.550999 0.445792 0.549367 0.446105 0.548276 0.445982 0.547461 0.446608 0.545278 0.446485 0.544463 0.447112 0.542281 0.447548 0.542005 0.447861 0.540914 0.448734 0.540364 0.449047 0.539273 0.450793 0.538172 0.451106 0.537081 0.452852 0.535979 0.453411 0.536520 0.454843 0.536510 0.456522 0.538131 0.456645 0.538947 0.457764 0.540028 0.457887 0.540843 0.458447 0.541384 0.458693 0.543015 0.458380 0.544106 0.458123 0.548736 0.457496 0.550918 0.457060 0.551193 0.455494 0.556648
0 0.732348 0.019261 0.731789 0.018721 0.731352 0.018996 0.730233 0.017915 0.730110 0.017100 0.728185 0.013847 0.727323 0.008137 0.727637 0.007046 0.727513 0.006230 0.729080 0.000775 0.729516 0.000499 0.729829 0.000000 0.732448 0.000000 0.733007 0.000000 0.735189 0.000000 0.737550 0.000000 0.737920 0.002345 0.738479 0.002886 0.739095 0.006964 0.738782 0.008055 0.738715 0.010778 0.737775 0.014051 0.736466 0.014877 0.736153 0.015968 0.734843 0.016794 0.734530 0.017885
0 0.433686 0.238050 0.431068 0.239702 0.430508 0.239162 0.429635 0.239712 0.427957 0.238091 0.427834 0.237275 0.426032 0.234838 0.425663 0.232391 0.425976 0.231300 0.425483 0.228037 0.425987 0.225039 0.425740 0.223407 0.426054 0.222316 0.425930 0.221501 0.426367 0.221225 0.427430 0.218768 0.429175 0.217667 0.429488 0.216576 0.433852 0.213823 0.434412 0.214363 0.434848 0.214088 0.436527 0.215709 0.436650 0.216525 0.437209 0.217066 0.437579 0.219513 0.438138 0.220053 0.439000 0.225763 0.438061 0.229037 0.438184 0.229852 0.436304 0.236399
0 0.826604 0.251058 0.826044 0.250517 0.825171 0.251068 0.824052 0.249987 0.823616 0.250262 0.822497 0.249181 0.821691 0.247009 0.819889 0.244572 0.818904 0.238046 0.819218 0.236955 0.818848 0.234508 0.820101 0.230144 0.820974 0.229593 0.821287 0.228502 0.822160 0.227952 0.822473 0.226861 0.823782 0.226035 0.824342 0.226575 0.825215 0.226025 0.825774 0.226565 0.826647 0.226014 0.827206 0.226555 0.828639 0.226545 0.829198 0.227085 0.829445 0.228717 0.830004 0.229257 0.830373 0.231704 0.830933 0.232245 0.831795 0.237955 0.831482 0.239046 0.831728 0.240678 0.831415 0.241769 0.831538 0.242584 0.830598 0.245857 0.830162 0.246133 0.829849 0.247224 0.828976 0.247774 0.828663 0.248865 0.827790 0.249416 0.827477 0.250507
0 0.609610 0.380802 0.609050 0.380261 0.605559 0.382464 0.604999 0.381923 0.604563 0.382199 0.603444 0.381118 0.603321 0.380302 0.602761 0.379762 0.602638 0.378946 0.602079 0.378405 0.601273 0.376233 0.601586 0.375142 0.601217 0.372695 0.601530 0.371604 0.601407 0.370788 0.602033 0.368606 0.602470 0.368331 0.603533 0.365874 0.604405 0.365323 0.604719 0.364232 0.605591 0.363681 0.605905 0.362590 0.606777 0.362040 0.607091 0.360949 0.608400 0.360123 0.608959 0.360663 0.609396 0.360388 0.610515 0.361469 0.610951 0.361194 0.611074 0.362009 0.612753 0.363631 0.613122 0.366078 0.612809 0.367169 0.613178 0.369616 0.612552 0.371798 0.612675 0.372614 0.612049 0.374796 0.612172 0.375612 0.610919 0.379976
0 0.650138 0.532133 0.649578 0.531593 0.648705 0.532144 0.648146 0.531603 0.646714 0.531613 0.645035 0.529992 0.644296 0.525097 0.643737 0.524557 0.644050 0.523466 0.643927 0.522650 0.645806 0.516104 0.646243 0.515829 0.646556 0.514738 0.647429 0.514187 0.647742 0.513096 0.649487 0.511995 0.650047 0.512535 0.650920 0.511985 0.651479 0.512525 0.651916 0.512250 0.652039 0.513066 0.653281 0.514962 0.653527 0.516594 0.654087 0.517134 0.653773 0.518225 0.654020 0.519857 0.653707 0.520948 0.653640 0.523670 0.651447 0.531308
0 0.686267 0.489686 0.685707 0.489145 0.685271 0.489421 0.684711 0.488880 0.683838 0.489431 0.682719 0.488350 0.682283 0.488625 0.680045 0.486463 0.679922 0.485648 0.678680 0.483751 0.678433 0.482120 0.678937 0.479122 0.678690 0.477490 0.679943 0.473126 0.680380 0.472851 0.681319 0.469578 0.681756 0.469302 0.682819 0.466845 0.683378 0.467386 0.685124 0.466284 0.685683 0.466825 0.688111 0.467080 0.689231 0.468161 0.689354 0.468976 0.689913 0.469517 0.690898 0.476043 0.690585 0.477134 0.690518 0.479856 0.689265 0.484221 0.686580 0.488595
0 0.353616 0.122385 0.353056 0.121845 0.348569 0.123782 0.342224 0.119744 0.341978 0.118112 0.340736 0.116216 0.339068 0.108334 0.339381 0.107243 0.338889 0.103980 0.339828 0.100706 0.343263 0.094966 0.345009 0.093865 0.347001 0.094395 0.350178 0.093284 0.356333 0.099229 0.356770 0.098953 0.357016 0.100585 0.358381 0.103297 0.358191 0.105204 0.358807 0.109283 0.357867 0.112556 0.357431 0.112831 0.356491 0.116104 0.356614 0.116920 0.354488 0.121835
0 0.688090 0.000000 0.687530 0.000000 0.685225 0.000000 0.684106 0.000000 0.683860 0.000000 0.683300 0.000000 0.681699 0.000000 0.682013 0.000000 0.681643 0.000000 0.682270 0.000000 0.682527 0.000000 0.685525 0.000000 0.686398 0.000000 0.688390 0.000000 0.689509 0.000000 0.689945 0.000000 0.690068 0.000000 0.692866 0.000000 0.693359 0.000000 0.693918 0.000000 0.694411 0.000000 0.694097 0.000000 0.694590 0.000000 0.694400 0.000000 0.693963 0.000000 0.693024 0.000000 0.693147 0.000000 0.691144 0.000000
0 0.296935 0.057185 0.296376 0.056644 0.294630 0.057746 0.294071 0.057205 0.292761 0.058031 0.291766 0.057766 0.288968 0.055064 0.286987 0.048273 0.287300 0.047182 0.286808 0.043919 0.287691 0.037107 0.287322 0.034660 0.296049 0.029154 0.296419 0.031601 0.299776 0.034844 0.300022 0.036475 0.300582 0.037016 0.301567 0.043542 0.301254 0.044633 0.301623 0.047080 0.300370 0.051444 0.297372 0.056910
0 0.445605 0.766588 0.445045 0.766048 0.444172 0.766599 0.443613 0.766058 0.442181 0.766068 0.439943 0.763906 0.439137 0.761734 0.437335 0.759297 0.437648 0.758206 0.437469 0.753852 0.439281 0.750029 0.440154 0.749478 0.440467 0.748387 0.441777 0.747561 0.442090 0.746470 0.442963 0.745920 0.443522 0.746460 0.445268 0.745359 0.445827 0.745899 0.447136 0.745073 0.447696 0.745614 0.448569 0.745063 0.449688 0.746144 0.449934 0.747776 0.451176 0.749672 0.451299 0.750488 0.450986 0.751579 0.451355 0.754026 0.451042 0.755117 0.451288 0.756749 0.450662 0.758931 0.450226 0.759206 0.449163 0.761664 0.447104 0.763856 0.446041 0.766313
0 0.345905 0.545421 0.345345 0.544880 0.344909 0.545155 0.343790 0.544074 0.343667 0.543259 0.342425 0.541362 0.341932 0.538099 0.342245 0.537008 0.341876 0.534561 0.342189 0.533470 0.342066 0.532654 0.342693 0.530472 0.342569 0.529656 0.343196 0.527474 0.347560 0.524721 0.348119 0.525262 0.348992 0.524711 0.349551 0.525252 0.349675 0.526067 0.350917 0.527964 0.351533 0.532043 0.351219 0.533134 0.351589 0.535581 0.351275 0.536672 0.351399 0.537488 0.350772 0.539670 0.350336 0.539945 0.349273 0.542403 0.347964 0.543228 0.347650 0.544319
0 0.407166 0.490413 0.406606 0.489873 0.406170 0.490148 0.405051 0.489067 0.404928 0.488252 0.403686 0.486355 0.403193 0.483092 0.403506 0.482001 0.403137 0.479554 0.403450 0.478463 0.403327 0.477647 0.403953 0.475465 0.403830 0.474649 0.404457 0.472467 0.408821 0.469714 0.409380 0.470255 0.410253 0.469704 0.410812 0.470244 0.410935 0.471060 0.412178 0.472957 0.412793 0.477036 0.412480 0.478127 0.412850 0.480574 0.412536 0.481665 0.412659 0.482481 0.412033 0.484663 0.411597 0.484938 0.410534 0.487395 0.409225 0.488221 0.408911 0.489312
0 0.436157 0.538398 0.435598 0.537857 0.435161 0.538133 0.434042 0.537052 0.433919 0.536236 0.432677 0.534339 0.432184 0.531076 0.432497 0.529985 0.432128 0.527538 0.432441 0.526447 0.432318 0.525631 0.432945 0.523449 0.432821 0.522634 0.433448 0.520452 0.437812 0.517699 0.438371 0.518239 0.439244 0.517688 0.439804 0.518229 0.439927 0.519045 0.441169 0.520941 0.441785 0.525020 0.441471 0.526111 0.441841 0.528558 0.441528 0.529649 0.441651 0.530465 0.441024 0.532647 0.440588 0.532922 0.439525 0.535380 0.438216 0.536206 0.437903 0.537297
0 0.421800 0.572061 0.417066 0.572367 0.415511 0.571561 0.412467 0.567228 0.410732 0.562068 0.409624 0.554726 0.410138 0.545468 0.412141 0.539737 0.415509 0.536719 0.415822 0.535628 0.423363 0.531764 0.425355 0.532294 0.426911 0.533100 0.430391 0.537158 0.430637 0.538790 0.432562 0.542043 0.433670 0.549384 0.432910 0.557011 0.431344 0.562467 0.429844 0.565199 0.426040 0.568493 0.425727 0.569584
0 0.253538 0.580129 0.252978 0.579589 0.249924 0.581516 0.249364 0.580975 0.247619 0.582077 0.246500 0.580996 0.244508 0.580465 0.243825 0.579109 0.243579 0.577478 0.242337 0.575581 0.242527 0.573674 0.241788 0.568780 0.242358 0.563060 0.244047 0.558420 0.245793 0.557319 0.246106 0.556228 0.247852 0.555127 0.248165 0.554036 0.249474 0.553210 0.251466 0.553740 0.252585 0.554821 0.253021 0.554546 0.256065 0.558879 0.257420 0.567853 0.257040 0.571666 0.256100 0.574939 0.253851 0.579038
0 0.238394 0.604363 0.237834 0.603822 0.234780 0.605749 0.234220 0.605209 0.232475 0.606310 0.231356 0.605229 0.229364 0.604699 0.228681 0.603343 0.228435 0.601711 0.227193 0.599815 0.227383 0.597908 0.226644 0.593013 0.227214 0.587293 0.228904 0.582654 0.230649 0.581552 0.230962 0.580461 0.232708 0.579360 0.233021 0.578269 0.234330 0.577443 0.236322 0.577974 0.237441 0.579054 0.237877 0.578779 0.240921 0.583113 0.242276 0.592086 0.241896 0.595900 0.240956 0.599173 0.238707 0.603272
0 0.158448 0.886949 0.157888 0.886409 0.156579 0.887235 0.156020 0.886694 0.155147 0.887245 0.154587 0.886704 0.154151 0.886980 0.151790 0.884002 0.151667 0.883186 0.151107 0.882646 0.150738 0.880199 0.150178 0.879658 0.149562 0.875579 0.149876 0.874488 0.149943 0.871766 0.150569 0.869584 0.150446 0.868768 0.153008 0.863578 0.154317 0.862752 0.154630 0.861661 0.157808 0.860550 0.158368 0.861090 0.160796 0.861345 0.161355 0.861886 0.161479 0.862702 0.162038 0.863242 0.162284 0.864873 0.162844 0.865414 0.164075 0.873571 0.163762 0.874662 0.163885 0.875478 0.162632 0.879842 0.162755 0.880658 0.162319 0.880933 0.161693 0.883115 0.161256 0.883391 0.160943 0.884482 0.160070 0.885032 0.159757 0.886123
0 0.118783 0.999074 0.118224 0.999074 0.116915 0.999074 0.116355 0.999074 0.115482 0.999074 0.114923 0.999074 0.114486 0.999074 0.112125 0.999074 0.112002 0.999074 0.111442 0.999074 0.111073 0.999074 0.110514 0.999074 0.109898 0.999074 0.110211 0.999074 0.110278 0.999074 0.110904 0.999074 0.110781 0.999074 0.113343 0.999074 0.114653 0.999074 0.114966 0.999074 0.118144 0.999074 0.118703 0.999074 0.121131 0.999074 0.121691 0.999074 0.121814 0.999074 0.122374 0.999074 0.122620 0.999074 0.123179 0.999074 0.124411 0.999074 0.124098 0.999074 0.124221 0.999074 0.122968 0.999074 0.123091 0.999074 0.122654 0.999074 0.122028 0.999074 0.121592 0.999074 0.121278 0.999074 0.120406 0.999074 0.120092 0.999074
0 0.172696 0.999074 0.172137 0.999074 0.170828 0.999074 0.170268 0.999074 0.169395 0.999074 0.168836 0.999074 0.168399 0.999074 0.166038 0.999074 0.165915 0.999074 0.165356 0.999074 0.164986 0.999074 0.164427 0.999074 0.163811 0.999074 0.164124 0.999074 0.164191 0.999074 0.164818 0.999074 0.164694 0.999074 0.167257 0.999074 0.168566 0.999074 0.168879 0.999074 0.172057 0.999074 0.172616 0.999074 0.175044 0.999074 0.175604 0.999074 0.175727 0.999074 0.176287 0.999074 0.176533 0.999074 0.177092 0.999074 0.178324 0.999074 0.178011 0.999074 0.178134 0.999074 0.176881 0.999074 0.177004 0.999074 0.176568 0.999074 0.175941 0.999074 0.175505 0.999074 0.175191 0.999074 0.174319 0.999074 0.174005 0.999074
0 0.104837 0.921573 0.102845 0.921043 0.101536 0.921868 0.098862 0.919982 0.096937 0.916729 0.096568 0.914282 0.096008 0.913741 0.095023 0.907215 0.095526 0.904218 0.095470 0.900679 0.096097 0.898497 0.100594 0.890299 0.103772 0.889188 0.104332 0.889728 0.105204 0.889178 0.105764 0.889718 0.107633 0.889433 0.109311 0.891054 0.112042 0.896479 0.113150 0.903821 0.112837 0.904912 0.113206 0.907359 0.112513 0.912264 0.110823 0.916903 0.108205 0.918555 0.107892 0.919646
0 0.141976 0.909802 0.139984 0.909272 0.138675 0.910098 0.136000 0.908211 0.134075 0.904958 0.133706 0.902511 0.133146 0.901971 0.132161 0.895445 0.132665 0.892447 0.132608 0.888909 0.133235 0.886727 0.137733 0.878529 0.140910 0.877417 0.141470 0.877958 0.142343 0.877407 0.142902 0.877948 0.144771 0.877662 0.146450 0.879284 0.149180 0.884708 0.150288 0.892050 0.149975 0.893141 0.150345 0.895588 0.149651 0.900493 0.147962 0.905132 0.145344 0.906784 0.145030 0.907875
0 0.198143 0.907623 0.197583 0.907083 0.196711 0.907633 0.195715 0.907368 0.192358 0.904125 0.191675 0.902769 0.191429 0.901138 0.190869 0.900597 0.189884 0.894071 0.190701 0.889983 0.190577 0.889167 0.192580 0.883436 0.193453 0.882886 0.193766 0.881795 0.199875 0.877941 0.201867 0.878471 0.203546 0.880092 0.203792 0.881724 0.205717 0.884977 0.205963 0.886608 0.205650 0.887699 0.206266 0.891778 0.205695 0.897498 0.204756 0.900771 0.204006 0.902138 0.203133 0.902688 0.202820 0.903779 0.200202 0.905431 0.199888 0.906522
0 0.216299 0.888763 0.215739 0.888222 0.214867 0.888773 0.213871 0.888508 0.210514 0.885265 0.209831 0.883909 0.209585 0.882277 0.209025 0.881737 0.208040 0.875211 0.208857 0.871122 0.208733 0.870306 0.210736 0.864576 0.211609 0.864025 0.211922 0.862934 0.218031 0.859080 0.220023 0.859611 0.221702 0.861232 0.221948 0.862863 0.223873 0.866116 0.224119 0.867748 0.223806 0.868839 0.224422 0.872918 0.223851 0.878638 0.222912 0.881911 0.222162 0.883277 0.221289 0.883828 0.220976 0.884919 0.218358 0.886571 0.218044 0.887662
0 0.100424 0.765124 0.099865 0.764584 0.098992 0.765135 0.095758 0.762708 0.095322 0.762983 0.095199 0.762167 0.093956 0.760271 0.093094 0.754560 0.093408 0.753469 0.093161 0.751838 0.093475 0.750747 0.093352 0.749931 0.094795 0.743660 0.095231 0.743385 0.095544 0.742294 0.096417 0.741743 0.096730 0.740652 0.097167 0.740377 0.097726 0.740917 0.099035 0.740091 0.099595 0.740632 0.100468 0.740081 0.101027 0.740622 0.101900 0.740071 0.102459 0.740612 0.102896 0.740336 0.105134 0.742498 0.105257 0.743314 0.105816 0.743854 0.106186 0.746301 0.106745 0.746842 0.107115 0.749289 0.106802 0.750380 0.107048 0.752012 0.106735 0.753103 0.106668 0.755825 0.105728 0.759098 0.104419 0.759924 0.104106 0.761015 0.103233 0.761566 0.102920 0.762657 0.101610 0.763483 0.101297 0.764574
0 0.141251 0.711038 0.140691 0.710498 0.139818 0.711049 0.136584 0.708622 0.136148 0.708897 0.136025 0.708081 0.134783 0.706185 0.133921 0.700474 0.134234 0.699383 0.133987 0.697752 0.134301 0.696661 0.134178 0.695845 0.135621 0.689574 0.136057 0.689299 0.136370 0.688208 0.137243 0.687657 0.137556 0.686566 0.137993 0.686291 0.138552 0.686831 0.139861 0.686005 0.140421 0.686546 0.141294 0.685995 0.141853 0.686536 0.142726 0.685985 0.143285 0.686526 0.143722 0.686250 0.145960 0.688412 0.146083 0.689228 0.146643 0.689768 0.147012 0.692216 0.147572 0.692756 0.147941 0.695203 0.147628 0.696294 0.147874 0.697926 0.147561 0.699017 0.147494 0.701739 0.146554 0.705012 0.145245 0.705838 0.144932 0.706929 0.144059 0.707480 0.143746 0.708571 0.142437 0.709397 0.142123 0.710488
0 0.058973 0.828268 0.059577 0.820474 0.062359 0.815000 0.068830 0.812545 0.072505 0.814644 0.074733 0.819515 0.075709 0.826805 0.074434 0.833189 0.071198 0.838950 0.065989 0.843167 0.062555 0.841845 0.060036 0.836692
0 0.100683 0.855050 0.101297 0.846758 0.104116 0.838237 0.108537 0.831263 0.114714 0.830157 0.118439 0.831759 0.120233 0.834580 0.122924 0.843344 0.123650 0.854744 0.121900 0.863752 0.118484 0.870789 0.112287 0.874234 0.107749 0.873841 0.104083 0.866855 0.101630 0.860497
0 0.174054 0.927385 0.174491 0.918740 0.178772 0.908367 0.184535 0.902871 0.188778 0.904612 0.193743 0.910314 0.197504 0.919567 0.197728 0.930120 0.196159 0.937852 0.193116 0.944887 0.189365 0.948880 0.184630 0.950472 0.179906 0.945548 0.177113 0.939405 0.174724 0.933472
0 0.081742 0.914557 0.081182 0.914016 0.079750 0.914026 0.079627 0.913211 0.078385 0.911314 0.078138 0.909682 0.077579 0.909142 0.077456 0.908326 0.077769 0.907235 0.077030 0.902341 0.078909 0.895794 0.084146 0.892491 0.084706 0.893031 0.085142 0.892756 0.087503 0.895734 0.087996 0.898997 0.087683 0.900088 0.088052 0.902535 0.087739 0.903626 0.087672 0.906348 0.086732 0.909622 0.084987 0.910723 0.084673 0.911814 0.082491 0.913190 0.082178 0.914281
0 0.154013 0.778661 0.153453 0.778120 0.152580 0.778671 0.148664 0.774888 0.148227 0.775163 0.148104 0.774347 0.146985 0.773267 0.146000 0.766741 0.146570 0.761020 0.147007 0.760745 0.147946 0.757472 0.150195 0.753373 0.151941 0.752272 0.152500 0.752812 0.155991 0.750610 0.157983 0.751140 0.160221 0.753302 0.160591 0.755749 0.161150 0.756290 0.161766 0.760368 0.161453 0.761459 0.161822 0.763907 0.161632 0.765813 0.160379 0.770178 0.160502 0.770993 0.160066 0.771269 0.159439 0.773451 0.155635 0.776744 0.155322 0.777835
0 0.116557 0.690324 0.115997 0.689784 0.114565 0.689794 0.114442 0.688978 0.113199 0.687081 0.112953 0.685450 0.112394 0.684909 0.112270 0.684094 0.112584 0.683003 0.111845 0.678108 0.113724 0.671562 0.118961 0.668258 0.119520 0.668799 0.119957 0.668523 0.122318 0.671501 0.122811 0.674764 0.122497 0.675855 0.122867 0.678302 0.122554 0.679393 0.122487 0.682116 0.121547 0.685389 0.119801 0.686490 0.119488 0.687581 0.117306 0.688958 0.116993 0.690049
0 0.211340 0.662414 0.210780 0.661874 0.209348 0.661884 0.209225 0.661068 0.207983 0.659172 0.207736 0.657540 0.207177 0.657000 0.207054 0.656184 0.207367 0.655093 0.206628 0.650198 0.208508 0.643652 0.213744 0.640349 0.214304 0.640889 0.214740 0.640614 0.217101 0.643591 0.217594 0.646854 0.217281 0.647945 0.217650 0.650393 0.217337 0.651484 0.217270 0.654206 0.216330 0.657479 0.214585 0.658580 0.214271 0.659671 0.212090 0.661048 0.211776 0.662139
0 0.169386 0.667957 0.168826 0.667417 0.167394 0.667427 0.167271 0.666611 0.166029 0.664714 0.165782 0.663083 0.165223 0.662542 0.165100 0.661727 0.165413 0.660636 0.164674 0.655741 0.166553 0.649195 0.171790 0.645891 0.172350 0.646432 0.172786 0.646157 0.175147 0.649134 0.175640 0.652397 0.175327 0.653488 0.175696 0.655935 0.175383 0.657026 0.175316 0.659749 0.174376 0.663022 0.172631 0.664123 0.172317 0.665214 0.170135 0.666591 0.169822 0.667682
0 0.147044 0.657511 0.146484 0.656970 0.145612 0.657521 0.141695 0.653738 0.141258 0.654013 0.141135 0.653197 0.140016 0.652116 0.139031 0.645591 0.139601 0.639870 0.140038 0.639595 0.140978 0.636322 0.143226 0.632223 0.144972 0.631122 0.145531 0.631662 0.149023 0.629460 0.151014 0.629990 0.153252 0.632152 0.153622 0.634599 0.154181 0.635140 0.154797 0.639218 0.154484 0.640309 0.154853 0.642756 0.154663 0.644663 0.153410 0.649027 0.153533 0.649843 0.153097 0.650118 0.152470 0.652301 0.148666 0.655594 0.148353 0.656685
0 0.097737 0.999074 0.097178 0.999074 0.095746 0.999074 0.095622 0.999074 0.094380 0.999074 0.094134 0.999074 0.093574 0.999074 0.093451 0.999074 0.093764 0.999074 0.093026 0.999074 0.094905 0.999074 0.100142 0.999074 0.100701 0.999074 0.101138 0.999074 0.103499 0.999074 0.103991 0.999074 0.103678 0.999074 0.104048 0.999074 0.103734 0.999074 0.103667 0.999074 0.102728 0.999074 0.100982 0.999074 0.100669 0.999074 0.098487 0.999074 0.098174 0.999074
0 0.274257 0.964609 0.271638 0.966260 0.266659 0.964935 0.265540 0.963854 0.265293 0.962222 0.264734 0.961682 0.263626 0.954340 0.263816 0.952433 0.266008 0.944796 0.267508 0.942063 0.271435 0.939586 0.271748 0.938495 0.273057 0.937669 0.275049 0.938199 0.276168 0.939280 0.278216 0.943349 0.279448 0.951506 0.279134 0.952597 0.279504 0.955044 0.277624 0.961591 0.276875 0.962957
0 0.293981 0.979350 0.291363 0.981001 0.286383 0.979676 0.285264 0.978595 0.285018 0.976963 0.284458 0.976423 0.283350 0.969081 0.283540 0.967174 0.285733 0.959537 0.287232 0.956804 0.291160 0.954327 0.291473 0.953236 0.292782 0.952410 0.294774 0.952940 0.295893 0.954021 0.297941 0.958090 0.299172 0.966247 0.298859 0.967338 0.299228 0.969785 0.297349 0.976332 0.296599 0.977698
0 0.255752 0.901933 0.255510 0.897017 0.257191 0.893130 0.259683 0.890851 0.262193 0.892448 0.263477 0.897822 0.263003 0.900947 0.262665 0.904341 0.259221 0.908457 0.256639 0.906376
0 0.303344 0.961637 0.303101 0.956722 0.304783 0.952835 0.307275 0.950556 0.309784 0.952152 0.311068 0.957526 0.310595 0.960651 0.310256 0.964045 0.306813 0.968161 0.304230 0.966080
0 0.259814 0.999074 0.257196 0.999074 0.252217 0.999074 0.251098 0.999074 0.250851 0.999074 0.250292 0.999074 0.249183 0.999074 0.249374 0.999074 0.251566 0.995578 0.253065 0.992846 0.256993 0.990368 0.257306 0.989277 0.258615 0.988451 0.260607 0.988981 0.261726 0.990062 0.263774 0.994131 0.265006 0.999074 0.264692 0.999074 0.265062 0.999074 0.263182 0.999074 0.262433 0.999074
0 0.354501 0.815243 0.351664 0.817032 0.349986 0.815411 0.349549 0.815686 0.347871 0.814065 0.347747 0.813249 0.347188 0.812709 0.346819 0.810261 0.346259 0.809721 0.345274 0.803195 0.345587 0.802104 0.345464 0.801288 0.346404 0.798015 0.346281 0.797199 0.346594 0.796108 0.347030 0.795833 0.348093 0.793376 0.354202 0.789522 0.354762 0.790062 0.356194 0.790052 0.359674 0.794110 0.360783 0.801452 0.360279 0.804450 0.360526 0.806081 0.357337 0.813453
0 0.282062 0.816218 0.279226 0.818007 0.277547 0.816386 0.277111 0.816661 0.275432 0.815040 0.275309 0.814224 0.274750 0.813683 0.274380 0.811236 0.273821 0.810696 0.272835 0.804170 0.273149 0.803079 0.273026 0.802263 0.273965 0.798990 0.273842 0.798174 0.274155 0.797083 0.274592 0.796808 0.275655 0.794350 0.281764 0.790496 0.282323 0.791037 0.283756 0.791027 0.287236 0.795085 0.288344 0.802427 0.287841 0.805425 0.288087 0.807056 0.284899 0.814428
0 0.303793 0.792813 0.303234 0.792272 0.301925 0.793098 0.301365 0.792558 0.300492 0.793108 0.299933 0.792568 0.299497 0.792843 0.298378 0.791762 0.298254 0.790947 0.297695 0.790406 0.296463 0.782249 0.296777 0.781158 0.296844 0.778435 0.298656 0.774611 0.299965 0.773786 0.300279 0.772695 0.303333 0.770768 0.303893 0.771308 0.304766 0.770757 0.305325 0.771298 0.305761 0.771023 0.307999 0.773184 0.308123 0.774000 0.308682 0.774541 0.309667 0.781066 0.309354 0.782157 0.309477 0.782973 0.308537 0.786246 0.308101 0.786522 0.307475 0.788704 0.307038 0.788979 0.306725 0.790070 0.305852 0.790621 0.305539 0.791712
0 0.290039 0.661033 0.290642 0.653761 0.293201 0.648791 0.298103 0.648702 0.299794 0.653642 0.299526 0.658758 0.299091 0.661506 0.296262 0.665940 0.293193 0.667524 0.292064 0.665056
0 0.347660 0.668827 0.348264 0.661556 0.350685 0.658781 0.354220 0.656676 0.355977 0.661277 0.357147 0.666552 0.356711 0.669300 0.353883 0.673735 0.350814 0.675318 0.349685 0.672850
0 0.377159 0.731981 0.376599 0.731441 0.375727 0.731992 0.375167 0.731451 0.373735 0.731461 0.371497 0.729299 0.371373 0.728484 0.370254 0.727403 0.369516 0.722508 0.369829 0.721417 0.369896 0.718695 0.371652 0.711333 0.372525 0.710782 0.372838 0.709691 0.376766 0.707214 0.377325 0.707754 0.379071 0.706653 0.379630 0.707193 0.379753 0.708009 0.380995 0.709906 0.381242 0.711537 0.381801 0.712078 0.382909 0.719419 0.382596 0.720510 0.382529 0.723233 0.381590 0.726506 0.380717 0.727057 0.380404 0.728148 0.379094 0.728974 0.378781 0.730065 0.377472 0.730890
0 0.407814 0.877489 0.407254 0.876949 0.405073 0.878325 0.404077 0.878060 0.401839 0.875898 0.401156 0.874542 0.400786 0.872095 0.400227 0.871554 0.399734 0.868291 0.400048 0.867200 0.399555 0.863937 0.400182 0.861755 0.400248 0.859033 0.401501 0.854668 0.402811 0.853843 0.403124 0.852752 0.405306 0.851375 0.405619 0.850284 0.406492 0.849733 0.407051 0.850274 0.407924 0.849723 0.408484 0.850264 0.409356 0.849713 0.411348 0.850244 0.412467 0.851324 0.413832 0.854037 0.415187 0.863010 0.414874 0.864101 0.415243 0.866548 0.415053 0.868455 0.413677 0.872003 0.412804 0.872554 0.411305 0.875287
0 0.406320 0.912492 0.405761 0.911951 0.400837 0.914164 0.398846 0.913633 0.396731 0.912287 0.394246 0.908494 0.393754 0.905231 0.393194 0.904691 0.392332 0.898980 0.392645 0.897889 0.392399 0.896258 0.394905 0.887529 0.395655 0.886163 0.396527 0.885613 0.396841 0.884522 0.401204 0.881769 0.401518 0.880678 0.402514 0.880943 0.403823 0.880117 0.407247 0.880637 0.410291 0.884971 0.412082 0.893669 0.411768 0.894760 0.412138 0.897207 0.411758 0.901021 0.409755 0.906751 0.406757 0.912216
0 0.409481 0.714464 0.408921 0.713924 0.403998 0.716136 0.402006 0.715606 0.399891 0.714260 0.397407 0.710467 0.396914 0.707204 0.396355 0.706663 0.395493 0.700953 0.395806 0.699862 0.395560 0.698230 0.398066 0.689502 0.398815 0.688136 0.399688 0.687585 0.400001 0.686494 0.404365 0.683741 0.404678 0.682650 0.405674 0.682915 0.406983 0.682089 0.410408 0.682610 0.413451 0.686943 0.415242 0.695641 0.414929 0.696732 0.415299 0.699180 0.414918 0.702993 0.412916 0.708723 0.409917 0.714189
0 0.359889 0.839296 0.360004 0.835073 0.361223 0.831078 0.364764 0.828486 0.367047 0.830272 0.368152 0.834414 0.368482 0.838508 0.367753 0.841298 0.365360 0.845138 0.363135 0.845646 0.360714 0.843587
0 0.454860 0.757750 0.454975 0.753528 0.456194 0.749533 0.459735 0.746941 0.462018 0.748727 0.463123 0.752869 0.463453 0.756963 0.462724 0.759753 0.460330 0.763593 0.458105 0.764100 0.455685 0.762042
0 0.467822 0.735827 0.467937 0.731604 0.469156 0.727609 0.472697 0.725017 0.474980 0.726803 0.476085 0.730946 0.476415 0.735039 0.475686 0.737829 0.473292 0.741669 0.471068 0.742177 0.468647 0.740119
0 0.444027 0.850500 0.443865 0.845448 0.446447 0.840951 0.448697 0.840608 0.450581 0.842287 0.450949 0.845998 0.451255 0.849927 0.448922 0.854804 0.446172 0.855643
0 0.437138 0.633956 0.436578 0.633416 0.435269 0.634241 0.431722 0.632905 0.429484 0.630744 0.427436 0.626675 0.426327 0.619333 0.426898 0.613613 0.429527 0.605700 0.431462 0.602692 0.434953 0.600490 0.435513 0.601031 0.438254 0.600195 0.439810 0.601000 0.442731 0.604518 0.443346 0.608597 0.443906 0.609137 0.444522 0.613216 0.444208 0.614307 0.444701 0.617570 0.444388 0.618661 0.444757 0.621108 0.444567 0.623015 0.442564 0.628746 0.439196 0.631764 0.438883 0.632855
0 0.449488 0.497751 0.445818 0.495600 0.445695 0.494784 0.444576 0.493703 0.444329 0.492071 0.443770 0.491531 0.443400 0.489084 0.442841 0.488543 0.443344 0.485546 0.443098 0.483914 0.443411 0.482823 0.443478 0.480100 0.443914 0.479825 0.444541 0.477643 0.444977 0.477368 0.445291 0.476277 0.447909 0.474625 0.448468 0.475165 0.449777 0.474340 0.450337 0.474880 0.451210 0.474329 0.451769 0.474870 0.452206 0.474595 0.452329 0.475410 0.453571 0.477307 0.453940 0.479754 0.454500 0.480295 0.454746 0.481926 0.454433 0.483017 0.454802 0.485464 0.454489 0.486555 0.454735 0.488187 0.454109 0.490369 0.453673 0.490644 0.451860 0.494468 0.450987 0.495019 0.449924 0.497476
0 0.395992 0.482194 0.395433 0.481653 0.394123 0.482479 0.393564 0.481939 0.391695 0.482224 0.389457 0.480062 0.387409 0.475994 0.386917 0.472731 0.386357 0.472190 0.385988 0.469743 0.386301 0.468652 0.385931 0.466205 0.386121 0.464298 0.389433 0.457742 0.390742 0.456916 0.391056 0.455825 0.394983 0.453347 0.395543 0.453888 0.396415 0.453337 0.396975 0.453878 0.398843 0.453592 0.400522 0.455213 0.401205 0.456570 0.401574 0.459017 0.402134 0.459557 0.403242 0.466899 0.402929 0.467990 0.403108 0.472344 0.402672 0.472619 0.401296 0.476168 0.400423 0.476718 0.398174 0.480817
0 0.378004 0.470867 0.377444 0.470326 0.377008 0.470602 0.375889 0.469521 0.375765 0.468705 0.374523 0.466808 0.374031 0.463545 0.374344 0.462454 0.373974 0.460007 0.374288 0.458916 0.374165 0.458100 0.374791 0.455918 0.374668 0.455102 0.375294 0.452920 0.379658 0.450167 0.380218 0.450708 0.381091 0.450157 0.381650 0.450698 0.381773 0.451513 0.383015 0.453410 0.383631 0.457489 0.383318 0.458580 0.383687 0.461027 0.383374 0.462118 0.383497 0.462934 0.382871 0.465116 0.382434 0.465391 0.381371 0.467849 0.380062 0.468675 0.379749 0.469766
0 0.496697 0.522779 0.496137 0.522238 0.494392 0.523339 0.493832 0.522799 0.492960 0.523349 0.490722 0.521188 0.489793 0.518200 0.489233 0.517659 0.488002 0.509502 0.488315 0.508411 0.488136 0.504057 0.489388 0.499693 0.490261 0.499142 0.490575 0.498051 0.491884 0.497225 0.492197 0.496134 0.493942 0.495033 0.494256 0.493942 0.495128 0.493391 0.500667 0.495258 0.503398 0.500682 0.504383 0.507208 0.504070 0.508299 0.504126 0.511838 0.503186 0.515111 0.500938 0.519210 0.500065 0.519760 0.499752 0.520851
0 0.553313 0.559638 0.552754 0.559097 0.551881 0.559648 0.551322 0.559107 0.550885 0.559383 0.549766 0.558302 0.549330 0.558577 0.549207 0.557761 0.547965 0.555865 0.547103 0.550154 0.547416 0.549063 0.547483 0.546341 0.547919 0.546066 0.548232 0.544975 0.548669 0.544699 0.548982 0.543608 0.549418 0.543333 0.550481 0.540875 0.552227 0.539774 0.552786 0.540315 0.553223 0.540039 0.554342 0.541120 0.554778 0.540845 0.555897 0.541926 0.556020 0.542742 0.556580 0.543282 0.556703 0.544098 0.557263 0.544638 0.558068 0.546810 0.557442 0.548992 0.557375 0.551715 0.556122 0.556079 0.555686 0.556354 0.554623 0.558812
0 0.483943 0.556525 0.484617 0.551733 0.488346 0.547868 0.490958 0.549999 0.492040 0.553598 0.491858 0.557743 0.490580 0.560438 0.487986 0.562452 0.485645 0.560780
0 0.430236 0.577071 0.430910 0.572279 0.434639 0.568415 0.437251 0.570545 0.438334 0.574144 0.438151 0.578289 0.436873 0.580984 0.434280 0.582997 0.431939 0.581326
0 0.452435 0.585667 0.450880 0.584862 0.449571 0.585688 0.449011 0.585147 0.448138 0.585698 0.447579 0.585157 0.447142 0.585433 0.446023 0.584352 0.445900 0.583536 0.445341 0.582996 0.444848 0.579733 0.444289 0.579192 0.444042 0.577561 0.444356 0.576470 0.444232 0.575654 0.444859 0.573472 0.444736 0.572656 0.445362 0.570474 0.445799 0.570199 0.446112 0.569108 0.446985 0.568557 0.447298 0.567466 0.449043 0.566365 0.449357 0.565274 0.451102 0.564173 0.451662 0.564713 0.453094 0.564703 0.454773 0.566324 0.454896 0.567140 0.456015 0.568221 0.456138 0.569037 0.456697 0.569577 0.456944 0.571209 0.456630 0.572300 0.456373 0.576929 0.455747 0.579111 0.455310 0.579386 0.453744 0.584842
0 0.577091 0.605169 0.576532 0.604629 0.573477 0.606556 0.572917 0.606015 0.572481 0.606291 0.569247 0.603864 0.569001 0.602232 0.568441 0.601692 0.567333 0.594350 0.567646 0.593259 0.567400 0.591627 0.568026 0.589445 0.568463 0.589170 0.569089 0.586988 0.569526 0.586713 0.569839 0.585622 0.571148 0.584796 0.571707 0.585336 0.575198 0.583134 0.575758 0.583674 0.576194 0.583399 0.578433 0.585561 0.578679 0.587192 0.579238 0.587733 0.579485 0.589364 0.580044 0.589905 0.580167 0.590720 0.579854 0.591811 0.580470 0.595890 0.579843 0.598072 0.579966 0.598888 0.578713 0.603252 0.578837 0.604068
0 0.579323 0.577700 0.578763 0.577159 0.577891 0.577710 0.577331 0.577169 0.576895 0.577445 0.575776 0.576364 0.575339 0.576639 0.575216 0.575823 0.573974 0.573927 0.573112 0.568217 0.573425 0.567125 0.573492 0.564403 0.573929 0.564128 0.574242 0.563037 0.574678 0.562761 0.574991 0.561670 0.575428 0.561395 0.576491 0.558938 0.578236 0.557836 0.578796 0.558377 0.579232 0.558102 0.580351 0.559183 0.580788 0.558907 0.581907 0.559988 0.582030 0.560804 0.582589 0.561344 0.582712 0.562160 0.583272 0.562701 0.584078 0.564872 0.583451 0.567055 0.583384 0.569777 0.582131 0.574141 0.581695 0.574416 0.580632 0.576874
0 0.591018 0.511975 0.590459 0.511435 0.589586 0.511986 0.589026 0.511445 0.588590 0.511720 0.587471 0.510640 0.587035 0.510915 0.586911 0.510099 0.585669 0.508202 0.584807 0.502492 0.585120 0.501401 0.585187 0.498679 0.585624 0.498403 0.585937 0.497312 0.586373 0.497037 0.586687 0.495946 0.587123 0.495671 0.588186 0.493213 0.589931 0.492112 0.590491 0.492653 0.590927 0.492377 0.592046 0.493458 0.592483 0.493183 0.593602 0.494264 0.593725 0.495080 0.594284 0.495620 0.594408 0.496436 0.594967 0.496976 0.595773 0.499148 0.595146 0.501330 0.595080 0.504053 0.593827 0.508417 0.593390 0.508692 0.592327 0.511150
0 0.627666 0.529194 0.627106 0.528654 0.626234 0.529205 0.624242 0.528674 0.624119 0.527859 0.622440 0.526237 0.622317 0.525421 0.621198 0.524341 0.620213 0.517815 0.620526 0.516724 0.620157 0.514276 0.620347 0.512370 0.621913 0.506914 0.623412 0.504182 0.624285 0.503631 0.624598 0.502540 0.625471 0.501989 0.626030 0.502530 0.626903 0.501979 0.627463 0.502520 0.628335 0.501969 0.628895 0.502510 0.629768 0.501959 0.630764 0.502224 0.633561 0.504926 0.635609 0.508995 0.635419 0.510902 0.636035 0.514980 0.633842 0.522618 0.632969 0.523168 0.632656 0.524259 0.631783 0.524810 0.630284 0.527543
0 0.635956 0.565868 0.635396 0.565328 0.633964 0.565338 0.632845 0.564257 0.632039 0.562085 0.630361 0.560464 0.629376 0.553938 0.630002 0.551756 0.629879 0.550940 0.630505 0.548758 0.630382 0.547942 0.632385 0.542212 0.634567 0.540835 0.635126 0.541376 0.638181 0.539449 0.638740 0.539989 0.639177 0.539714 0.640979 0.542151 0.641471 0.545414 0.642031 0.545954 0.642893 0.551664 0.642579 0.552756 0.642512 0.555478 0.641886 0.557660 0.642009 0.558476 0.641573 0.558751 0.640510 0.561209 0.638764 0.562310 0.638451 0.563401 0.636706 0.564502 0.636392 0.565593
0 0.668941 0.546142 0.668381 0.545601 0.667508 0.546152 0.664521 0.545356 0.663402 0.544275 0.661354 0.540207 0.661667 0.539116 0.660928 0.534221 0.661241 0.533130 0.660995 0.531499 0.661308 0.530408 0.661062 0.528776 0.661252 0.526869 0.663064 0.523046 0.663937 0.522495 0.665436 0.519763 0.666746 0.518937 0.667305 0.519477 0.668178 0.518927 0.668737 0.519467 0.669610 0.518916 0.670606 0.519182 0.672285 0.520803 0.672721 0.520528 0.672967 0.522159 0.674892 0.525412 0.674579 0.526503 0.675318 0.531397 0.674938 0.535211 0.673685 0.539575 0.673248 0.539850 0.672622 0.542033 0.671122 0.544765
0 0.617733 0.486529 0.618348 0.481301 0.620208 0.477238 0.624203 0.473658 0.627537 0.474926 0.629365 0.477818 0.629520 0.481573 0.629385 0.485799 0.628937 0.488971 0.626976 0.492712 0.625093 0.494575 0.622563 0.493859 0.620967 0.492844 0.618400 0.489839
0 0.607645 0.501131 0.607878 0.498307 0.609736 0.495594 0.611698 0.494934 0.613388 0.495891 0.614049 0.497881 0.614394 0.500168 0.614429 0.503132 0.613573 0.505309 0.612221 0.506933 0.610863 0.507500 0.609032 0.506633 0.608224 0.504349 0.607772 0.501360
0 0.604849 0.454110 0.605083 0.451286 0.606940 0.448573 0.608902 0.447913 0.610593 0.448869 0.611254 0.450860 0.611599 0.453147 0.611634 0.456110 0.610777 0.458287 0.609425 0.459911 0.608068 0.460478 0.606237 0.459611 0.605428 0.457328 0.604977 0.454338
0 0.581120 0.441256 0.580560 0.440715 0.579687 0.441266 0.576700 0.440470 0.575581 0.439389 0.573533 0.435321 0.573846 0.434230 0.573107 0.429335 0.573420 0.428244 0.573174 0.426613 0.573487 0.425522 0.573241 0.423890 0.573431 0.421983 0.575244 0.418160 0.576116 0.417609 0.577616 0.414876 0.578925 0.414051 0.579484 0.414591 0.580357 0.414040 0.580917 0.414581 0.581789 0.414030 0.582785 0.414295 0.584464 0.415917 0.584900 0.415642 0.585146 0.417273 0.587071 0.420526 0.586758 0.421617 0.587497 0.426511 0.587117 0.430325 0.585864 0.434689 0.585427 0.434964 0.584801 0.437146 0.583302 0.439879
0 0.627804 0.409423 0.627245 0.408883 0.626372 0.409434 0.623384 0.408638 0.622265 0.407557 0.620217 0.403489 0.620530 0.402398 0.619792 0.397503 0.620105 0.396412 0.619859 0.394781 0.620172 0.393690 0.619926 0.392058 0.620116 0.390151 0.621928 0.386328 0.622801 0.385777 0.624300 0.383044 0.625609 0.382218 0.626169 0.382759 0.627042 0.382208 0.627601 0.382749 0.628474 0.382198 0.629470 0.382463 0.631148 0.384085 0.631585 0.383809 0.631831 0.385441 0.633756 0.388694 0.633443 0.389785 0.634181 0.394679 0.633801 0.398493 0.632548 0.402857 0.632112 0.403132 0.631485 0.405314 0.629986 0.408047
0 0.646751 0.405369 0.646192 0.404829 0.645319 0.405379 0.642331 0.404584 0.641212 0.403503 0.639164 0.399435 0.639478 0.398344 0.638739 0.393449 0.639052 0.392358 0.638806 0.390726 0.639119 0.389635 0.638873 0.388004 0.639063 0.386097 0.640875 0.382273 0.641748 0.381723 0.643247 0.378990 0.644556 0.378164 0.645116 0.378705 0.645989 0.378154 0.646548 0.378695 0.647421 0.378144 0.648417 0.378409 0.650096 0.380031 0.650532 0.379755 0.650778 0.381387 0.652703 0.384640 0.652390 0.385731 0.653129 0.390625 0.652748 0.394439 0.651496 0.398803 0.651059 0.399078 0.650433 0.401260 0.648933 0.403993
0 0.624706 0.368133 0.625321 0.362906 0.627181 0.358843 0.631175 0.355263 0.634510 0.356531 0.636338 0.359423 0.636493 0.363178 0.636358 0.367404 0.635909 0.370576 0.633949 0.374317 0.632066 0.376180 0.629536 0.375464 0.627940 0.374449 0.625373 0.371444
0 0.611094 0.422790 0.610534 0.422250 0.609661 0.422801 0.606674 0.422005 0.605555 0.420924 0.603507 0.416856 0.603820 0.415765 0.603081 0.410870 0.603394 0.409779 0.603148 0.408148 0.603461 0.407057 0.603215 0.405425 0.603405 0.403518 0.605217 0.399695 0.606090 0.399144 0.607589 0.396411 0.608899 0.395586 0.609458 0.396126 0.610331 0.395575 0.610890 0.396116 0.611763 0.395565 0.612759 0.395830 0.614438 0.397452 0.614874 0.397176 0.615120 0.398808 0.617045 0.402061 0.616732 0.403152 0.617471 0.408046 0.617091 0.411860 0.615838 0.416224 0.615401 0.416499 0.614775 0.418681 0.613276 0.421414
0 0.688026 0.342905 0.687466 0.342364 0.686593 0.342915 0.683606 0.342119 0.682487 0.341038 0.680439 0.336970 0.680752 0.335879 0.680013 0.330984 0.680326 0.329893 0.680080 0.328262 0.680393 0.327171 0.680147 0.325539 0.680337 0.323632 0.682149 0.319809 0.683022 0.319258 0.684521 0.316525 0.685831 0.315700 0.686390 0.316240 0.687263 0.315689 0.687822 0.316230 0.688695 0.315679 0.689691 0.315944 0.691370 0.317566 0.691806 0.317290 0.692052 0.318922 0.693977 0.322175 0.693664 0.323266 0.694403 0.328160 0.694023 0.331974 0.692770 0.336338 0.692333 0.336613 0.691707 0.338795 0.690208 0.341528
0 0.668122 0.341918 0.661587 0.339786 0.659785 0.337349 0.658296 0.333821 0.657434 0.328111 0.657748 0.327020 0.657501 0.325388 0.659694 0.317751 0.662692 0.312286 0.667056 0.309533 0.667616 0.310073 0.669361 0.308972 0.670357 0.309237 0.673838 0.313296 0.675203 0.316008 0.675572 0.318455 0.676132 0.318996 0.676681 0.325797 0.675674 0.331793 0.673671 0.337523 0.671053 0.339175 0.670740 0.340266
0 0.724231 0.348123 0.723672 0.347583 0.722799 0.348133 0.719811 0.347338 0.718692 0.346257 0.716644 0.342188 0.716957 0.341097 0.716218 0.336203 0.716532 0.335112 0.716285 0.333480 0.716599 0.332389 0.716352 0.330758 0.716542 0.328851 0.718355 0.325027 0.719228 0.324477 0.720727 0.321744 0.722036 0.320918 0.722596 0.321459 0.723468 0.320908 0.724028 0.321449 0.724901 0.320898 0.725897 0.321163 0.727575 0.322784 0.728011 0.322509 0.728258 0.324141 0.730183 0.327393 0.729869 0.328484 0.730608 0.333379 0.730228 0.337193 0.728975 0.341557 0.728539 0.341832 0.727912 0.344014 0.726413 0.346747
0 0.693726 0.372708 0.693167 0.372168 0.692294 0.372718 0.689306 0.371923 0.688187 0.370842 0.686139 0.366773 0.686452 0.365682 0.685714 0.360788 0.686027 0.359697 0.685781 0.358065 0.686094 0.356974 0.685847 0.355343 0.686038 0.353436 0.687850 0.349612 0.688723 0.349062 0.690222 0.346329 0.691531 0.345503 0.692091 0.346044 0.692964 0.345493 0.693523 0.346034 0.694396 0.345483 0.695392 0.345748 0.697070 0.347369 0.697507 0.347094 0.697753 0.348726 0.699678 0.351978 0.699365 0.353069 0.700103 0.357964 0.699723 0.361778 0.698470 0.366142 0.698034 0.366417 0.697407 0.368599 0.695908 0.371332
0 0.724774 0.282814 0.718239 0.280683 0.716437 0.278245 0.714949 0.274717 0.714087 0.269007 0.714400 0.267916 0.714154 0.266285 0.716347 0.258647 0.719345 0.253182 0.723709 0.250429 0.724268 0.250970 0.726014 0.249868 0.727010 0.250134 0.730490 0.254192 0.731856 0.256904 0.732225 0.259352 0.732784 0.259892 0.733333 0.266693 0.732327 0.272689 0.730324 0.278419 0.727706 0.280071 0.727392 0.281162
0 0.771548 0.189110 0.765013 0.186979 0.763211 0.184542 0.761722 0.181014 0.760860 0.175304 0.761174 0.174213 0.760927 0.172581 0.763120 0.164944 0.766119 0.159478 0.770482 0.156726 0.771042 0.157266 0.772787 0.156165 0.773783 0.156430 0.777264 0.160488 0.778629 0.163201 0.778998 0.165648 0.779558 0.166188 0.780107 0.172990 0.779100 0.178985 0.777097 0.184716 0.774479 0.186368 0.774166 0.187459
0 0.791745 0.204694 0.785210 0.202562 0.783409 0.200125 0.781920 0.196597 0.781058 0.190887 0.781371 0.189796 0.781125 0.188164 0.783318 0.180527 0.786316 0.175062 0.790680 0.172309 0.791240 0.172849 0.792985 0.171748 0.793981 0.172013 0.797461 0.176072 0.798827 0.178784 0.799196 0.181231 0.799756 0.181772 0.800304 0.188573 0.799298 0.194569 0.797295 0.200299 0.794677 0.201951 0.794364 0.203042
0 0.806532 0.174026 0.799997 0.171895 0.798195 0.169457 0.796707 0.165929 0.795845 0.160219 0.796158 0.159128 0.795912 0.157497 0.798105 0.149859 0.801103 0.144394 0.805467 0.141641 0.806026 0.142182 0.807772 0.141080 0.808768 0.141346 0.812248 0.145404 0.813613 0.148116 0.813983 0.150564 0.814542 0.151104 0.815091 0.157905 0.814084 0.163901 0.812082 0.169631 0.809464 0.171283 0.809150 0.172374
0 0.838372 0.141812 0.831837 0.139681 0.830035 0.137244 0.828547 0.133716 0.827685 0.128005 0.827998 0.126914 0.827752 0.125283 0.829945 0.117646 0.832943 0.112180 0.837307 0.109427 0.837866 0.109968 0.839612 0.108867 0.840608 0.109132 0.844088 0.113190 0.845453 0.115903 0.845823 0.118350 0.846382 0.118890 0.846931 0.125692 0.845924 0.131687 0.843922 0.137418 0.841304 0.139069 0.840990 0.140160
0 0.843930 0.050478 0.837395 0.048346 0.835593 0.045909 0.834104 0.042381 0.833242 0.036671 0.833556 0.035580 0.833309 0.033948 0.835502 0.026311 0.838501 0.020846 0.842864 0.018093 0.843424 0.018633 0.845169 0.017532 0.846165 0.017797 0.849646 0.021856 0.851011 0.024568 0.851380 0.027015 0.851940 0.027556 0.852489 0.034357 0.851482 0.040353 0.849479 0.046083 0.846861 0.047735 0.846548 0.048826
0 0.782194 0.034840 0.775659 0.032708 0.773857 0.030271 0.772369 0.026743 0.771507 0.021033 0.771820 0.019942 0.771574 0.018310 0.773767 0.010673 0.776765 0.005208 0.781129 0.002455 0.781689 0.002995 0.783434 0.001894 0.784430 0.002159 0.787910 0.006218 0.789276 0.008930 0.789645 0.011377 0.790204 0.011918 0.790753 0.018719 0.789747 0.024715 0.787744 0.030445 0.785126 0.032097 0.784812 0.033188
0 0.765032 0.008306 0.758497 0.006175 0.756695 0.003738 0.755207 0.000209 0.754345 0.000000 0.754658 0.000000 0.754412 0.000000 0.756604 0.000000 0.759603 0.000000 0.763967 0.000000 0.764526 0.000000 0.766272 0.000000 0.767268 0.000000 0.770748 0.000000 0.772113 0.000000 0.772483 0.000000 0.773042 0.000000 0.773591 0.000000 0.772584 0.000000 0.770582 0.003911 0.767963 0.005563 0.767650 0.006654
0 0.840513 0.010251 0.839954 0.009711 0.839081 0.010262 0.838521 0.009721 0.837089 0.009731 0.836966 0.008915 0.835724 0.007019 0.835354 0.004572 0.834795 0.004031 0.834056 0.000000 0.834369 0.000000 0.834000 0.000000 0.834313 0.000000 0.834190 0.000000 0.835443 0.000000 0.835879 0.000000 0.836192 0.000000 0.837065 0.000000 0.837378 0.000000 0.840869 0.000000 0.841429 0.000000 0.842302 0.000000 0.842861 0.000000 0.843298 0.000000 0.844417 0.000000 0.844540 0.000000 0.845782 0.000000 0.846890 0.000000 0.846577 0.000000 0.846510 0.000000 0.844631 0.005867 0.844194 0.006142 0.843131 0.008600
0 0.820811 0.061555 0.820251 0.061014 0.819378 0.061565 0.818819 0.061024 0.817387 0.061035 0.817263 0.060219 0.816021 0.058322 0.815652 0.055875 0.815092 0.055335 0.814353 0.050440 0.814667 0.049349 0.814297 0.046902 0.814610 0.045811 0.814487 0.044995 0.815740 0.040631 0.816177 0.040356 0.816490 0.039265 0.817363 0.038714 0.817676 0.037623 0.821167 0.035421 0.821727 0.035961 0.822599 0.035410 0.823159 0.035951 0.823595 0.035676 0.824714 0.036757 0.824837 0.037572 0.826079 0.039469 0.827188 0.046811 0.826875 0.047902 0.826808 0.050624 0.824928 0.057170 0.824492 0.057446 0.823429 0.059903
0 0.802262 0.034827 0.801702 0.034286 0.800829 0.034837 0.800270 0.034296 0.798838 0.034306 0.798715 0.033491 0.797472 0.031594 0.797103 0.029147 0.796543 0.028606 0.795805 0.023712 0.796118 0.022621 0.795748 0.020174 0.796062 0.019082 0.795938 0.018267 0.797191 0.013903 0.797628 0.013627 0.797941 0.012536 0.798814 0.011986 0.799127 0.010895 0.802618 0.008692 0.803178 0.009233 0.804050 0.008682 0.804610 0.009223 0.805046 0.008947 0.806165 0.010028 0.806288 0.010844 0.807531 0.012741 0.808639 0.020082 0.808326 0.021173 0.808259 0.023896 0.806379 0.030442 0.805943 0.030717 0.804880 0.033175
0 0.747199 0.041147 0.746640 0.040607 0.745767 0.041157 0.745208 0.040617 0.743775 0.040627 0.743652 0.039811 0.742410 0.037915 0.742041 0.035467 0.741481 0.034927 0.740742 0.030032 0.741055 0.028941 0.740686 0.026494 0.740999 0.025403 0.740876 0.024587 0.742129 0.020223 0.742566 0.019948 0.742879 0.018857 0.743752 0.018306 0.744065 0.017215 0.747556 0.015013 0.748115 0.015553 0.748988 0.015003 0.749548 0.015543 0.749984 0.015268 0.751103 0.016349 0.751226 0.017165 0.752468 0.019061 0.753577 0.026403 0.753263 0.027494 0.753196 0.030217 0.751317 0.036763 0.750881 0.037038 0.749818 0.039495
0 0.750893 0.074219 0.750334 0.073679 0.749461 0.074229 0.748901 0.073689 0.747469 0.073699 0.747346 0.072883 0.746104 0.070986 0.745734 0.068539 0.745175 0.067999 0.744436 0.063104 0.744749 0.062013 0.744380 0.059566 0.744693 0.058475 0.744570 0.057659 0.745823 0.053295 0.746259 0.053020 0.746573 0.051929 0.747445 0.051378 0.747759 0.050287 0.751250 0.048085 0.751809 0.048625 0.752682 0.048075 0.753241 0.048615 0.753678 0.048340 0.754797 0.049421 0.754920 0.050236 0.756162 0.052133 0.757271 0.059475 0.756957 0.060566 0.756890 0.063288 0.755011 0.069835 0.754574 0.070110 0.753512 0.072567
0 0.764912 0.000000 0.764352 0.000000 0.763916 0.000000 0.762797 0.000000 0.762674 0.000000 0.760749 0.000000 0.759887 0.000000 0.760200 0.000000 0.760077 0.000000 0.761643 0.000000 0.762079 0.000000 0.762393 0.000000 0.765011 0.000000 0.765571 0.000000 0.767752 0.000000 0.770114 0.000000 0.770483 0.000000 0.771043 0.000000 0.771658 0.000000 0.771345 0.000000 0.771278 0.000000 0.770338 0.000000 0.769029 0.000000 0.768716 0.000000 0.767407 0.000000 0.767094 0.000000
0 0.719691 0.000000 0.719131 0.000000 0.718695 0.000000 0.717576 0.000000 0.717453 0.000000 0.715528 0.000000 0.714666 0.000000 0.714979 0.000000 0.714856 0.000000 0.716422 0.000000 0.716859 0.000000 0.717172 0.000000 0.719790 0.000000 0.720350 0.000000 0.722532 0.000000 0.724893 0.000000 0.725262 0.000000 0.725822 0.000000 0.726438 0.000000 0.726124 0.000000 0.726057 0.000000 0.725118 0.000000 0.723809 0.000000 0.723495 0.000000 0.722186 0.000000 0.721873 0.000000
0 0.730964 0.000000 0.730404 0.000000 0.729968 0.000000 0.728849 0.000000 0.728726 0.000000 0.726801 0.000000 0.725939 0.000000 0.726252 0.000000 0.726129 0.000000 0.727695 0.000000 0.728132 0.000000 0.728445 0.000000 0.731063 0.000000 0.731623 0.000000 0.733805 0.000000 0.736166 0.000000 0.736535 0.000000 0.737095 0.000000 0.737710 0.000000 0.737397 0.000000 0.737330 0.000000 0.736391 0.000000 0.735081 0.000000 0.734768 0.000000 0.733459 0.000000 0.733146 0.000000
0 0.747123 0.000000 0.746564 0.000000 0.745691 0.000000 0.744695 0.000000 0.743576 0.000000 0.741584 0.000000 0.740902 0.000000 0.740655 0.000000 0.740096 0.000000 0.738864 0.000000 0.739178 0.000000 0.738931 0.000000 0.740497 0.000000 0.741247 0.000000 0.742120 0.000000 0.742433 0.000000 0.746797 0.000000 0.747356 0.000000 0.749102 0.000000 0.751900 0.000000 0.752582 0.000000 0.752952 0.000000 0.753511 0.000000 0.754127 0.000000 0.753814 0.000000 0.753993 0.000000 0.753053 0.000000 0.753176 0.000000 0.750928 0.000000 0.749618 0.000000 0.749305 0.000000
0 0.751162 0.000000 0.750603 0.000000 0.750166 0.000000 0.749047 0.000000 0.748924 0.000000 0.746999 0.000000 0.746137 0.000000 0.746450 0.000000 0.746327 0.000000 0.747894 0.000000 0.748330 0.000000 0.748643 0.000000 0.751261 0.000000 0.751821 0.000000 0.754003 0.000000 0.756364 0.000000 0.756734 0.000000 0.757293 0.000000 0.757909 0.000000 0.757595 0.000000 0.757529 0.000000 0.756589 0.000000 0.755280 0.000000 0.754966 0.000000 0.753657 0.000000 0.753344 0.000000
0 0.769898 0.000000 0.769338 0.000000 0.766910 0.000000 0.766351 0.000000 0.766104 0.000000 0.764862 0.000000 0.763877 0.000000 0.764380 0.000000 0.764201 0.000000 0.766327 0.000000 0.771563 0.000000 0.771877 0.000000 0.774115 0.000000 0.774238 0.000000 0.774797 0.000000 0.775167 0.000000 0.775726 0.000000 0.776835 0.000000 0.776521 0.000000 0.776264 0.000000 0.775325 0.000000 0.774452 0.000000 0.774139 0.000000 0.772829 0.000000 0.772516 0.000000
0 0.791008 0.000000 0.790448 0.000000 0.788020 0.000000 0.787460 0.000000 0.787214 0.000000 0.785972 0.000000 0.784987 0.000000 0.785490 0.000000 0.785311 0.000000 0.787436 0.000000 0.792673 0.000000 0.792986 0.000000 0.795224 0.000000 0.795348 0.000000 0.795907 0.000000 0.796276 0.000000 0.796836 0.000000 0.797944 0.000000 0.797631 0.000000 0.797374 0.000000 0.796434 0.000000 0.795561 0.000000 0.795248 0.000000 0.793939 0.000000 0.793626 0.000000
0 0.801132 0.000000 0.800573 0.000000 0.798145 0.000000 0.797585 0.000000 0.797339 0.000000 0.796097 0.000000 0.795111 0.000000 0.795615 0.000000 0.795436 0.000000 0.797561 0.000000 0.802798 0.000000 0.803111 0.000000 0.805349 0.000000 0.805472 0.000000 0.806032 0.000000 0.806401 0.000000 0.806961 0.000000 0.808069 0.000000 0.807756 0.000000 0.807499 0.000000 0.806559 0.000000 0.805686 0.000000 0.805373 0.000000 0.804064 0.000000 0.803751 0.000000
0 0.790409 0.000000 0.790209 0.000000 0.791382 0.000000 0.795116 0.000000 0.797765 0.000000 0.798874 0.000000 0.798216 0.000000 0.796097 0.000000 0.792056 0.000000 0.790407 0.000000
0 0.821065 0.000000 0.820505 0.000000 0.818077 0.000000 0.817518 0.000000 0.817271 0.000000 0.816029 0.000000 0.815044 0.000000 0.815548 0.000000 0.815368 0.000000 0.817494 0.000000 0.822730 0.000000 0.823044 0.000000 0.825282 0.000000 0.825405 0.000000 0.825965 0.000000 0.826334 0.000000 0.826893 0.000000 0.828002 0.000000 0.827688 0.000000 0.827431 0.000000 0.826492 0.000000 0.825619 0.000000 0.825306 0.000000 0.823996 0.000000 0.823683 0.000000
0 0.758932 0.000000 0.758732 0.000000 0.759905 0.000000 0.763639 0.000000 0.766288 0.000000 0.767397 0.000000 0.766738 0.000000 0.764620 0.000000 0.760579 0.000000 0.758930 0.000000
0 0.709421 0.000000 0.708861 0.000000 0.707429 0.000000 0.706310 0.000000 0.705873 0.000000 0.703635 0.000000 0.703019 0.000000 0.702460 0.000000 0.702773 0.000000 0.702527 0.000000 0.703153 0.000000 0.703030 0.000000 0.703657 0.000000 0.704093 0.000000 0.704406 0.000000 0.705279 0.000000 0.705592 0.000000 0.707338 0.000000 0.707897 0.000000 0.708770 0.000000 0.709330 0.000000 0.710202 0.000000 0.711881 0.000000 0.712004 0.000000 0.713123 0.000000 0.713739 0.000000 0.713426 0.000000 0.713672 0.000000 0.712106 0.000000 0.711669 0.000000 0.710607 0.000000 0.709734 0.000000
0 0.712104 0.000000 0.712161 0.000000 0.714671 0.000000 0.717932 0.000000 0.722236 0.000000 0.723986 0.000000 0.726709 0.000000 0.727465 0.000000 0.727268 0.000000 0.726422 0.000000 0.723883 0.000000 0.721619 0.000000 0.716963 0.000000 0.713998 0.000000 0.712860 0.000000
0 0.809635 0.000000 0.807017 0.000000 0.806457 0.000000 0.805025 0.000000 0.804902 0.000000 0.803660 0.000000 0.803414 0.000000 0.802854 0.000000 0.802608 0.000000 0.802921 0.000000 0.802428 0.000000 0.802742 0.000000 0.802999 0.000000 0.803625 0.000000 0.803502 0.000000 0.803938 0.000000 0.804252 0.000000 0.806870 0.000000 0.807183 0.000000 0.809365 0.000000 0.809925 0.000000 0.811357 0.000000 0.812476 0.000000 0.812599 0.000000 0.813159 0.000000 0.813405 0.000000 0.813964 0.000000 0.814703 0.000000 0.814390 0.000000 0.814759 0.000000 0.814133 0.000000 0.814256 0.000000 0.813003 0.000000 0.812567 0.000000 0.812254 0.000000
0 0.649698 0.000000 0.646151 0.000000 0.644786 0.000000 0.642548 0.000000 0.641563 0.000000 0.642066 0.000000 0.641820 0.000000 0.645075 0.000000 0.648566 0.000000 0.648879 0.000000 0.650625 0.000000 0.651184 0.000000 0.652057 0.000000 0.653053 0.000000 0.653176 0.000000 0.656533 0.000000 0.656780 0.000000 0.657339 0.000000 0.658694 0.000000 0.655998 0.000000 0.655125 0.000000 0.654812 0.000000 0.650012 0.000000
0 0.633775 0.000000 0.633216 0.000000 0.631906 0.000000 0.631347 0.000000 0.630474 0.000000 0.629915 0.000000 0.629478 0.000000 0.628359 0.000000 0.628113 0.000000 0.627553 0.000000 0.626938 0.000000 0.627251 0.000000 0.626882 0.000000 0.627508 0.000000 0.627944 0.000000 0.629007 0.000000 0.629880 0.000000 0.630193 0.000000 0.632812 0.000000 0.633371 0.000000 0.633807 0.000000 0.636046 0.000000 0.636292 0.000000 0.636851 0.000000 0.637590 0.000000 0.637277 0.000000 0.637210 0.000000 0.636584 0.000000 0.636147 0.000000 0.635834 0.000000 0.634961 0.000000 0.634648 0.000000
0 0.611795 0.000000 0.611167 0.000000 0.614351 0.000000 0.617894 0.000000 0.621426 0.000000 0.621992 0.000000 0.621466 0.000000 0.620259 0.000000 0.617895 0.000000 0.615775 0.000000 0.613173 0.000000
0 0.663829 0.019168 0.663269 0.018628 0.661960 0.019454 0.661401 0.018913 0.660528 0.019464 0.659968 0.018923 0.659532 0.019199 0.658413 0.018118 0.658167 0.016486 0.657607 0.015946 0.656991 0.011867 0.657305 0.010776 0.656935 0.008329 0.657562 0.006147 0.657998 0.005872 0.659061 0.003414 0.659934 0.002864 0.660247 0.001773 0.662865 0.000121 0.663425 0.000661 0.663861 0.000386 0.666099 0.002548 0.666345 0.004179 0.666905 0.004720 0.667644 0.009614 0.667331 0.010705 0.667264 0.013428 0.666637 0.015610 0.666201 0.015885 0.665888 0.016976 0.665015 0.017527 0.664702 0.018618
0 0.675236 0.039824 0.674676 0.039284 0.673367 0.040109 0.672808 0.039569 0.671935 0.040120 0.671375 0.039579 0.670939 0.039854 0.669820 0.038773 0.669574 0.037142 0.669014 0.036602 0.668398 0.032523 0.668712 0.031432 0.668342 0.028985 0.668969 0.026802 0.669405 0.026527 0.670468 0.024070 0.671341 0.023519 0.671654 0.022428 0.674272 0.020776 0.674832 0.021317 0.675268 0.021042 0.677506 0.023203 0.677752 0.024835 0.678312 0.025375 0.679051 0.030270 0.678738 0.031361 0.678671 0.034083 0.678044 0.036265 0.677608 0.036541 0.677295 0.037632 0.676422 0.038182 0.676109 0.039273
0 0.677723 0.091103 0.677164 0.090563 0.675854 0.091388 0.675295 0.090848 0.674422 0.091399 0.673863 0.090858 0.673426 0.091133 0.672307 0.090052 0.672061 0.088421 0.671501 0.087881 0.670886 0.083802 0.671199 0.082711 0.670830 0.080264 0.671456 0.078081 0.671892 0.077806 0.672955 0.075349 0.673828 0.074798 0.674141 0.073707 0.676760 0.072055 0.677319 0.072596 0.677755 0.072321 0.679994 0.074482 0.680240 0.076114 0.680799 0.076654 0.681538 0.081549 0.681225 0.082640 0.681158 0.085362 0.680532 0.087544 0.680095 0.087820 0.679782 0.088911 0.678909 0.089461 0.678596 0.090552
0 0.641571 0.139863 0.641012 0.139322 0.639702 0.140148 0.639143 0.139608 0.638270 0.140158 0.637711 0.139618 0.637274 0.139893 0.636155 0.138812 0.635909 0.137181 0.635349 0.136640 0.634734 0.132562 0.635047 0.131471 0.634678 0.129023 0.635304 0.126841 0.635740 0.126566 0.636803 0.124109 0.637676 0.123558 0.637989 0.122467 0.640608 0.120815 0.641167 0.121356 0.641603 0.121080 0.643842 0.123242 0.644088 0.124874 0.644647 0.125414 0.645386 0.130309 0.645073 0.131400 0.645006 0.134122 0.644380 0.136304 0.643943 0.136579 0.643630 0.137671 0.642757 0.138221 0.642444 0.139312
0 0.644727 0.174266 0.644168 0.173726 0.642859 0.174552 0.642299 0.174011 0.641426 0.174562 0.640867 0.174022 0.640430 0.174297 0.639311 0.173216 0.639065 0.171584 0.638506 0.171044 0.637890 0.166965 0.638203 0.165874 0.637834 0.163427 0.638460 0.161245 0.638896 0.160970 0.639959 0.158512 0.640832 0.157962 0.641145 0.156871 0.643764 0.155219 0.644323 0.155759 0.644760 0.155484 0.646998 0.157646 0.647244 0.159277 0.647803 0.159818 0.648542 0.164712 0.648229 0.165803 0.648162 0.168526 0.647536 0.170708 0.647099 0.170983 0.646786 0.172074 0.645913 0.172625 0.645600 0.173716
0 0.630678 0.164786 0.630119 0.164246 0.628810 0.165072 0.628250 0.164531 0.627378 0.165082 0.626818 0.164541 0.626382 0.164817 0.625263 0.163736 0.625016 0.162104 0.624457 0.161564 0.623841 0.157485 0.624154 0.156394 0.623785 0.153947 0.624411 0.151765 0.624848 0.151489 0.625911 0.149032 0.626783 0.148481 0.627097 0.147390 0.629715 0.145739 0.630274 0.146279 0.630711 0.146004 0.632949 0.148166 0.633195 0.149797 0.633755 0.150338 0.634494 0.155232 0.634180 0.156323 0.634113 0.159046 0.633487 0.161228 0.633051 0.161503 0.632737 0.162594 0.631864 0.163145 0.631551 0.164236
0 0.595865 0.109711 0.595306 0.109171 0.593997 0.109997 0.593437 0.109456 0.592564 0.110007 0.592005 0.109467 0.591568 0.109742 0.590449 0.108661 0.590203 0.107029 0.589644 0.106489 0.589028 0.102410 0.589341 0.101319 0.588972 0.098872 0.589598 0.096690 0.590034 0.096415 0.591097 0.093957 0.591970 0.093407 0.592283 0.092316 0.594902 0.090664 0.595461 0.091204 0.595898 0.090929 0.598136 0.093091 0.598382 0.094722 0.598942 0.095263 0.599680 0.100157 0.599367 0.101248 0.599300 0.103971 0.598674 0.106153 0.598237 0.106428 0.597924 0.107519 0.597051 0.108070 0.596738 0.109161
0 0.590859 0.157333 0.590300 0.156792 0.588991 0.157618 0.588431 0.157078 0.587558 0.157628 0.586999 0.157088 0.586562 0.157363 0.585443 0.156282 0.585197 0.154651 0.584638 0.154110 0.584022 0.150032 0.584335 0.148941 0.583966 0.146493 0.584592 0.144311 0.585029 0.144036 0.586091 0.141579 0.586964 0.141028 0.587277 0.139937 0.589896 0.138285 0.590455 0.138826 0.590892 0.138550 0.593130 0.140712 0.593376 0.142344 0.593936 0.142884 0.594674 0.147779 0.594361 0.148870 0.594294 0.151592 0.593668 0.153774 0.593231 0.154049 0.592918 0.155141 0.592045 0.155691 0.591732 0.156782
0 0.596465 0.191141 0.595906 0.190600 0.594597 0.191426 0.594037 0.190886 0.593164 0.191436 0.592605 0.190896 0.592168 0.191171 0.591049 0.190090 0.590803 0.188459 0.590243 0.187918 0.589628 0.183840 0.589941 0.182748 0.589572 0.180301 0.590198 0.178119 0.590634 0.177844 0.591697 0.175387 0.592570 0.174836 0.592883 0.173745 0.595502 0.172093 0.596061 0.172634 0.596498 0.172358 0.598736 0.174520 0.598982 0.176152 0.599541 0.176692 0.600280 0.181587 0.599967 0.182678 0.599900 0.185400 0.599274 0.187582 0.598837 0.187857 0.598524 0.188948 0.597651 0.189499 0.597338 0.190590
0 0.606166 0.216194 0.605606 0.215654 0.604297 0.216480 0.603738 0.215939 0.602865 0.216490 0.602306 0.215949 0.601869 0.216225 0.600750 0.215144 0.600504 0.213512 0.599944 0.212972 0.599329 0.208893 0.599642 0.207802 0.599272 0.205355 0.599899 0.203173 0.600335 0.202898 0.601398 0.200440 0.602271 0.199890 0.602584 0.198799 0.605202 0.197147 0.605762 0.197687 0.606198 0.197412 0.608436 0.199574 0.608683 0.201205 0.609242 0.201746 0.609981 0.206640 0.609668 0.207731 0.609601 0.210454 0.608974 0.212636 0.608538 0.212911 0.608225 0.214002 0.607352 0.214553 0.607039 0.215644
0 0.610662 0.188053 0.610102 0.187512 0.609230 0.188063 0.608110 0.186982 0.604127 0.185921 0.603444 0.184565 0.602952 0.181302 0.602392 0.180762 0.602582 0.178855 0.602090 0.175592 0.602727 0.167149 0.604416 0.162510 0.605915 0.159777 0.608097 0.158401 0.608411 0.157309 0.611465 0.155382 0.614017 0.156453 0.616255 0.158615 0.618303 0.162684 0.619411 0.170025 0.618908 0.173023 0.619154 0.174655 0.617274 0.181201 0.615775 0.183933 0.610975 0.186962
0 0.932722 0.591516 0.930322 0.593030 0.929762 0.592490 0.928453 0.593316 0.926338 0.591969 0.926215 0.591154 0.924973 0.589257 0.924727 0.587626 0.924167 0.587085 0.924044 0.586269 0.924357 0.585178 0.923618 0.580284 0.923932 0.579193 0.924189 0.574564 0.925565 0.571015 0.927747 0.569639 0.928060 0.568548 0.931115 0.566620 0.934662 0.567956 0.934785 0.568772 0.935345 0.569313 0.935591 0.570944 0.936710 0.572025 0.936956 0.573657 0.937516 0.574197 0.938255 0.579091 0.937628 0.581273 0.937561 0.583996 0.936621 0.587269 0.936185 0.587544 0.935122 0.590002
0 0.627028 0.316452 0.624628 0.317966 0.624068 0.317425 0.622759 0.318251 0.620644 0.316905 0.620521 0.316089 0.619279 0.314193 0.619033 0.312561 0.618473 0.312021 0.618350 0.311205 0.618663 0.310114 0.617925 0.305219 0.618238 0.304128 0.618495 0.299499 0.619871 0.295951 0.622053 0.294574 0.622366 0.293483 0.625421 0.291556 0.628968 0.292892 0.629091 0.293708 0.629651 0.294248 0.629897 0.295880 0.631016 0.296961 0.631262 0.298592 0.631822 0.299133 0.632561 0.304027 0.631934 0.306209 0.631867 0.308932 0.630927 0.312205 0.630491 0.312480 0.629428 0.314937
0 0.583868 0.302957 0.583309 0.302416 0.580254 0.304343 0.579694 0.303803 0.579258 0.304078 0.577579 0.302457 0.576348 0.294299 0.576661 0.293208 0.576415 0.291577 0.577668 0.287213 0.578977 0.286387 0.579290 0.285296 0.581909 0.283644 0.582468 0.284184 0.583341 0.283634 0.585579 0.285796 0.585702 0.286611 0.586262 0.287152 0.587370 0.294494 0.586743 0.296676 0.586867 0.297491 0.586430 0.297767 0.585804 0.299949 0.585367 0.300224 0.585054 0.301315 0.584181 0.301866
0 0.595766 0.307799 0.595206 0.307259 0.592152 0.309186 0.591592 0.308645 0.591156 0.308921 0.589477 0.307299 0.588246 0.299142 0.588559 0.298051 0.588313 0.296419 0.589566 0.292055 0.590875 0.291229 0.591188 0.290138 0.593806 0.288486 0.594366 0.289027 0.595239 0.288476 0.597477 0.290638 0.597600 0.291454 0.598159 0.291994 0.599268 0.299336 0.598641 0.301518 0.598764 0.302334 0.598328 0.302609 0.597701 0.304791 0.597265 0.305066 0.596952 0.306157 0.596079 0.306708
0 0.645751 0.239729 0.645191 0.239189 0.642136 0.241116 0.641577 0.240575 0.641141 0.240851 0.639462 0.239229 0.638231 0.231072 0.638544 0.229981 0.638297 0.228349 0.639550 0.223985 0.640860 0.223159 0.641173 0.222068 0.643791 0.220417 0.644351 0.220957 0.645223 0.220406 0.647462 0.222568 0.647585 0.223384 0.648144 0.223924 0.649252 0.231266 0.648626 0.233448 0.648749 0.234264 0.648313 0.234539 0.647686 0.236721 0.647250 0.236997 0.646937 0.238088 0.646064 0.238638
0 0.644987 0.270595 0.644427 0.270054 0.641373 0.271981 0.640813 0.271441 0.640377 0.271716 0.638698 0.270095 0.637467 0.261937 0.637780 0.260846 0.637534 0.259215 0.638787 0.254851 0.640096 0.254025 0.640409 0.252934 0.643027 0.251282 0.643587 0.251823 0.644460 0.251272 0.646698 0.253434 0.646821 0.254250 0.647380 0.254790 0.648489 0.262132 0.647862 0.264314 0.647985 0.265129 0.647549 0.265405 0.646922 0.267587 0.646486 0.267862 0.646173 0.268953 0.645300 0.269504
0 0.660540 0.253672 0.659980 0.253132 0.656926 0.255059 0.656366 0.254518 0.655930 0.254794 0.654251 0.253172 0.653020 0.245015 0.653333 0.243924 0.653087 0.242292 0.654340 0.237928 0.655649 0.237102 0.655962 0.236011 0.658580 0.234360 0.659140 0.234900 0.660013 0.234349 0.662251 0.236511 0.662374 0.237327 0.662933 0.237867 0.664042 0.245209 0.663415 0.247391 0.663538 0.248207 0.663102 0.248482 0.662475 0.250664 0.662039 0.250940 0.661726 0.252031 0.660853 0.252581
0 0.664429 0.297421 0.663870 0.296881 0.660815 0.298808 0.660256 0.298267 0.659819 0.298543 0.658141 0.296921 0.656909 0.288764 0.657223 0.287673 0.656976 0.286041 0.658229 0.281677 0.659538 0.280851 0.659852 0.279760 0.662470 0.278109 0.663029 0.278649 0.663902 0.278098 0.666140 0.280260 0.666263 0.281076 0.666823 0.281616 0.667931 0.288958 0.667305 0.291140 0.667428 0.291956 0.666991 0.292231 0.666365 0.294413 0.665929 0.294689 0.665615 0.295780 0.664743 0.296330
0 0.675535 0.273361 0.673135 0.274876 0.672576 0.274335 0.671266 0.275161 0.669151 0.273815 0.669028 0.272999 0.667786 0.271103 0.667540 0.269471 0.666980 0.268931 0.666857 0.268115 0.667170 0.267024 0.666431 0.262129 0.666745 0.261038 0.667002 0.256409 0.668378 0.252861 0.670560 0.251484 0.670873 0.250393 0.673928 0.248466 0.677475 0.249802 0.677598 0.250618 0.678158 0.251158 0.678404 0.252790 0.679523 0.253871 0.679769 0.255502 0.680329 0.256042 0.681068 0.260937 0.680441 0.263119 0.680374 0.265842 0.679434 0.269115 0.678998 0.269390 0.677935 0.271847
0 0.618794 0.353191 0.616175 0.354842 0.615616 0.354302 0.614184 0.354312 0.613065 0.353231 0.612941 0.352415 0.612382 0.351875 0.612012 0.349428 0.611453 0.348887 0.610468 0.342361 0.611094 0.340179 0.610971 0.339363 0.612851 0.332817 0.615905 0.330890 0.616218 0.329799 0.618400 0.328423 0.618960 0.328963 0.621388 0.329218 0.621634 0.330850 0.623559 0.334102 0.623929 0.336550 0.623615 0.337641 0.624108 0.340904 0.623795 0.341995 0.623538 0.346624 0.622911 0.348806 0.622475 0.349081 0.621412 0.351539
0 0.582250 0.328199 0.581690 0.327659 0.578636 0.329586 0.578076 0.329046 0.577640 0.329321 0.575961 0.327700 0.574730 0.319542 0.575043 0.318451 0.574797 0.316820 0.576050 0.312455 0.577359 0.311629 0.577672 0.310538 0.580290 0.308887 0.580850 0.309427 0.581723 0.308877 0.583961 0.311038 0.584084 0.311854 0.584643 0.312395 0.585752 0.319736 0.585125 0.321918 0.585248 0.322734 0.584812 0.323009 0.584185 0.325191 0.583749 0.325467 0.583436 0.326558 0.582563 0.327108
0 0.637719 0.212535 0.637073 0.208397 0.638316 0.204291 0.641373 0.202679 0.643454 0.204688 0.644782 0.208438 0.644124 0.212492 0.642973 0.214958 0.639321 0.215996
0 0.630345 0.081300 0.629699 0.077162 0.630941 0.073056 0.633999 0.071443 0.636080 0.073453 0.637408 0.077203 0.636750 0.081257 0.635599 0.083723 0.631947 0.084761
0 0.558792 0.084746 0.558233 0.084205 0.557360 0.084756 0.556801 0.084216 0.555368 0.084226 0.555245 0.083410 0.554126 0.082329 0.554003 0.081513 0.552324 0.079892 0.551216 0.072550 0.551843 0.070368 0.551719 0.069552 0.552223 0.066555 0.552659 0.066279 0.553722 0.063822 0.554595 0.063271 0.554908 0.062180 0.557090 0.060804 0.557649 0.061344 0.559831 0.059968 0.560391 0.060508 0.561264 0.059958 0.561823 0.060498 0.562259 0.060223 0.562819 0.060763 0.562942 0.061579 0.564184 0.063476 0.564431 0.065107 0.564990 0.065648 0.564677 0.066739 0.565046 0.069186 0.564733 0.070277 0.564979 0.071908 0.564353 0.074090 0.564286 0.076813 0.563659 0.078995 0.562787 0.079546 0.562473 0.080637 0.561601 0.081187 0.561287 0.082278 0.559542 0.083379 0.559229 0.084471
0 0.526581 0.068214 0.526021 0.067673 0.525149 0.068224 0.524589 0.067683 0.523157 0.067693 0.523034 0.066878 0.521915 0.065797 0.521791 0.064981 0.520113 0.063360 0.519005 0.056018 0.519631 0.053836 0.519508 0.053020 0.520011 0.050022 0.520448 0.049747 0.521510 0.047290 0.522383 0.046739 0.522696 0.045648 0.524878 0.044271 0.525438 0.044812 0.527620 0.043435 0.528179 0.043976 0.529052 0.043425 0.529612 0.043966 0.530048 0.043691 0.530608 0.044231 0.530731 0.045047 0.531973 0.046943 0.532219 0.048575 0.532779 0.049115 0.532465 0.050206 0.532835 0.052654 0.532522 0.053745 0.532768 0.055376 0.532141 0.057558 0.532075 0.060281 0.531448 0.062463 0.530575 0.063013 0.530262 0.064104 0.529389 0.064655 0.529076 0.065746 0.527330 0.066847 0.527017 0.067938
0 0.535081 0.151565 0.534522 0.151025 0.534085 0.151300 0.531288 0.148598 0.531164 0.147782 0.530605 0.147241 0.530236 0.144794 0.529676 0.144254 0.529553 0.143438 0.530056 0.140440 0.529810 0.138809 0.530123 0.137718 0.530000 0.136902 0.530313 0.135811 0.530750 0.135535 0.532562 0.131712 0.534744 0.130335 0.535304 0.130876 0.536176 0.130325 0.536736 0.130866 0.537609 0.130315 0.538728 0.131396 0.538851 0.132212 0.539410 0.132752 0.539903 0.136015 0.540462 0.136556 0.540149 0.137647 0.540395 0.139278 0.540082 0.140369 0.540329 0.142001 0.540015 0.143092 0.540138 0.143907 0.539199 0.147181 0.538762 0.147456 0.537699 0.149913
0 0.488342 0.307082 0.487782 0.306542 0.486910 0.307092 0.482926 0.306032 0.481247 0.304410 0.481001 0.302779 0.480442 0.302238 0.479949 0.298975 0.480262 0.297884 0.479893 0.295437 0.480653 0.287810 0.481593 0.284537 0.482029 0.284262 0.482656 0.282079 0.484155 0.279347 0.490198 0.278215 0.492436 0.280377 0.493241 0.282549 0.494360 0.283630 0.495592 0.291787 0.495279 0.292878 0.495335 0.296417 0.494708 0.298599 0.493209 0.301331 0.490278 0.304074 0.489215 0.306531
0 0.521942 0.213770 0.521875 0.208276 0.525465 0.204587 0.528307 0.206591 0.529493 0.209957 0.530089 0.215591 0.527767 0.219271 0.525736 0.220394 0.522717 0.218344
0 0.533501 0.255055 0.533433 0.249560 0.537024 0.245872 0.539866 0.247875 0.541051 0.251241 0.541648 0.256876 0.539326 0.260556 0.537295 0.261679 0.534276 0.259628
0 0.545171 0.329774 0.544612 0.329233 0.543739 0.329784 0.539755 0.328723 0.538077 0.327102 0.537831 0.325470 0.537271 0.324930 0.536779 0.321667 0.537092 0.320576 0.536722 0.318129 0.537483 0.310502 0.538422 0.307229 0.538859 0.306953 0.539485 0.304771 0.540985 0.302039 0.547027 0.300907 0.549265 0.303069 0.550071 0.305241 0.551190 0.306322 0.552421 0.314479 0.552108 0.315570 0.552164 0.319108 0.551538 0.321290 0.550039 0.324023 0.547107 0.326766 0.546044 0.329223
0 0.501252 0.249765 0.498416 0.251554 0.497856 0.251014 0.497420 0.251289 0.494622 0.248587 0.494499 0.247771 0.493257 0.245875 0.492272 0.239349 0.492585 0.238258 0.492216 0.235810 0.493155 0.232537 0.493032 0.231721 0.494408 0.228173 0.499645 0.224870 0.499958 0.223779 0.500518 0.224319 0.501950 0.224309 0.503629 0.225930 0.503752 0.226746 0.504871 0.227827 0.505486 0.231906 0.506046 0.232446 0.506169 0.233262 0.505856 0.234353 0.506472 0.238432 0.506158 0.239523 0.506281 0.240338 0.505655 0.242520 0.505778 0.243336 0.504089 0.247976
0 0.449075 0.145381 0.448515 0.144841 0.447206 0.145667 0.444095 0.144055 0.443849 0.142424 0.443289 0.141884 0.442550 0.136989 0.443054 0.133991 0.442807 0.132360 0.443434 0.130178 0.443870 0.129902 0.444497 0.127720 0.444933 0.127445 0.445996 0.124988 0.447742 0.123886 0.448301 0.124427 0.449174 0.123876 0.449733 0.124417 0.451166 0.124407 0.452285 0.125488 0.452408 0.126303 0.452967 0.126844 0.454076 0.134185 0.453762 0.135276 0.453885 0.136092 0.452633 0.140456 0.452196 0.140732 0.450384 0.144555
0 0.459829 0.000000 0.459269 0.000000 0.456841 0.000000 0.455163 0.000000 0.455040 0.000000 0.454480 0.000000 0.454234 0.000000 0.453674 0.000000 0.453305 0.000000 0.453618 0.000000 0.453439 0.000000 0.455631 0.000000 0.456068 0.000000 0.456381 0.000000 0.457254 0.000000 0.457567 0.000000 0.458440 0.000000 0.458999 0.000000 0.460308 0.000000 0.460868 0.000000 0.461741 0.000000 0.462300 0.000000 0.462737 0.000000 0.464975 0.000000 0.466329 0.000000 0.466016 0.000000 0.465759 0.000000 0.465132 0.000000 0.464696 0.000000 0.462884 0.000000
0 0.441905 0.000000 0.438548 0.000000 0.438425 0.000000 0.437866 0.000000 0.437250 0.000000 0.437563 0.000000 0.437317 0.000000 0.437943 0.000000 0.437820 0.000000 0.438760 0.000000 0.439633 0.000000 0.439946 0.000000 0.440505 0.000000 0.443560 0.000000 0.444120 0.000000 0.445429 0.000000 0.445675 0.000000 0.446235 0.000000 0.446481 0.000000 0.447040 0.000000 0.447533 0.000000 0.447220 0.000000 0.447835 0.000000 0.447522 0.000000 0.447645 0.000000 0.447209 0.000000 0.446146 0.000000 0.444400 0.000000 0.444087 0.000000
0 0.408777 0.049804 0.402678 0.047397 0.402432 0.045765 0.401066 0.043053 0.400697 0.040606 0.401010 0.039515 0.400394 0.035436 0.401838 0.029165 0.404086 0.025066 0.404959 0.024516 0.405272 0.023425 0.407454 0.022048 0.408014 0.022589 0.410632 0.020937 0.412188 0.021742 0.412993 0.023914 0.414112 0.024995 0.415478 0.027708 0.416340 0.033418 0.415769 0.039138 0.414516 0.043502 0.413767 0.044869 0.412458 0.045695 0.410958 0.048427
0 0.440657 0.012276 0.437300 0.009033 0.437177 0.008218 0.436617 0.007677 0.436001 0.003598 0.436315 0.002507 0.436068 0.000876 0.436695 0.000000 0.436572 0.000000 0.437512 0.000000 0.438384 0.000000 0.438698 0.000000 0.439257 0.000000 0.442312 0.000000 0.442871 0.000000 0.444180 0.000000 0.444427 0.000000 0.444986 0.000000 0.445232 0.000000 0.445792 0.000000 0.446285 0.000000 0.445971 0.000000 0.446587 0.004068 0.446274 0.005159 0.446397 0.005975 0.445961 0.006250 0.444898 0.008707 0.443152 0.009809 0.442839 0.010900
0 0.495875 0.000000 0.492518 0.000000 0.492395 0.000000 0.491835 0.000000 0.491220 0.000000 0.491533 0.000000 0.491287 0.000000 0.491913 0.000000 0.491790 0.000000 0.492730 0.000000 0.493602 0.000000 0.493916 0.000000 0.494475 0.000000 0.497530 0.000000 0.498089 0.000000 0.499399 0.000000 0.499645 0.000000 0.500204 0.000000 0.500451 0.000000 0.501010 0.000000 0.501503 0.000000 0.501189 0.000000 0.501805 0.000000 0.501492 0.000000 0.501615 0.000000 0.501179 0.000000 0.500116 0.000000 0.498370 0.000000 0.498057 0.000000
0 0.485780 0.017804 0.486283 0.012175 0.489506 0.008878 0.492138 0.010631 0.493664 0.015358 0.493355 0.020484 0.491817 0.022845 0.489937 0.024284 0.487482 0.021913
0 0.320896 0.019161 0.321399 0.013533 0.324622 0.010236 0.327254 0.011989 0.328780 0.016716 0.328471 0.021842 0.326933 0.024203 0.325053 0.025642 0.322598 0.023271
0 0.308684 0.212210 0.308125 0.211670 0.305070 0.213597 0.304510 0.213056 0.304074 0.213331 0.302955 0.212251 0.302832 0.211435 0.301713 0.210354 0.301590 0.209538 0.301030 0.208998 0.300168 0.203288 0.300481 0.202196 0.300302 0.197842 0.300615 0.196751 0.300492 0.195936 0.300805 0.194845 0.301242 0.194569 0.301868 0.192387 0.307977 0.188533 0.310529 0.189604 0.310652 0.190420 0.312577 0.193673 0.313562 0.200198 0.313249 0.201289 0.313182 0.204012 0.312555 0.206194 0.312678 0.207010 0.310866 0.210834
0 0.329555 0.208523 0.326719 0.210312 0.325600 0.209231 0.325477 0.208415 0.324917 0.207875 0.324301 0.203796 0.323742 0.203256 0.323619 0.202440 0.323932 0.201349 0.323563 0.198902 0.324066 0.195904 0.328866 0.192876 0.329426 0.193416 0.330298 0.192865 0.330422 0.193681 0.330981 0.194222 0.331104 0.195037 0.332346 0.196934 0.333085 0.201829 0.332772 0.202920 0.332895 0.203735 0.332392 0.206733
0 0.312722 0.277555 0.312162 0.277015 0.309108 0.278942 0.308548 0.278401 0.308112 0.278677 0.306993 0.277596 0.306869 0.276780 0.305750 0.275699 0.305627 0.274884 0.305068 0.274343 0.304206 0.268633 0.304519 0.267542 0.304340 0.263188 0.304653 0.262097 0.304530 0.261281 0.304843 0.260190 0.305279 0.259915 0.305906 0.257733 0.312015 0.253879 0.314567 0.254949 0.314690 0.255765 0.316615 0.259018 0.317600 0.265544 0.317286 0.266635 0.317220 0.269357 0.316593 0.271539 0.316716 0.272355 0.314904 0.276179
0 0.297438 0.355427 0.296879 0.354887 0.293824 0.356814 0.293264 0.356273 0.292828 0.356549 0.291709 0.355468 0.291586 0.354652 0.290467 0.353571 0.290344 0.352755 0.289784 0.352215 0.288922 0.346505 0.289235 0.345414 0.289056 0.341060 0.289369 0.339969 0.289246 0.339153 0.289559 0.338062 0.289996 0.337787 0.290622 0.335605 0.296732 0.331750 0.299283 0.332821 0.299406 0.333637 0.301331 0.336890 0.302316 0.343416 0.302003 0.344507 0.301936 0.347229 0.301309 0.349411 0.301433 0.350227 0.299620 0.354051
0 0.274042 0.437580 0.273482 0.437040 0.272610 0.437590 0.270931 0.435969 0.270808 0.435153 0.270248 0.434613 0.269140 0.427271 0.269453 0.426180 0.269207 0.424548 0.269834 0.422366 0.269710 0.421551 0.270963 0.417186 0.272273 0.416361 0.272832 0.416901 0.274578 0.415800 0.275137 0.416340 0.276446 0.415514 0.277006 0.416055 0.277442 0.415780 0.279803 0.418757 0.280173 0.421204 0.280732 0.421745 0.281225 0.425008 0.280912 0.426099 0.281158 0.427730 0.280845 0.428821 0.280968 0.429637 0.280341 0.431819 0.279905 0.432094 0.279592 0.433185 0.276973 0.434837 0.276660 0.435928
0 0.309615 0.362047 0.309056 0.361507 0.308183 0.362057 0.306505 0.360436 0.306381 0.359620 0.305822 0.359080 0.304714 0.351738 0.305027 0.350647 0.304781 0.349016 0.305407 0.346834 0.305284 0.346018 0.306537 0.341654 0.307846 0.340828 0.308406 0.341368 0.310151 0.340267 0.310711 0.340807 0.312020 0.339982 0.312579 0.340522 0.313016 0.340247 0.315377 0.343224 0.315746 0.345672 0.316306 0.346212 0.316798 0.349475 0.316485 0.350566 0.316731 0.352197 0.316418 0.353289 0.316541 0.354104 0.315915 0.356286 0.315479 0.356562 0.315165 0.357653 0.312547 0.359304 0.312234 0.360395
0 0.315814 0.453780 0.314258 0.452975 0.312390 0.453260 0.310711 0.451639 0.310275 0.451914 0.308473 0.449477 0.307051 0.443226 0.307555 0.440228 0.307185 0.437781 0.307375 0.435874 0.309255 0.429328 0.310754 0.426596 0.311627 0.426045 0.311940 0.424954 0.317613 0.421375 0.320288 0.423262 0.320724 0.422986 0.320970 0.424618 0.322895 0.427871 0.324753 0.433846 0.324127 0.436028 0.323869 0.440657 0.321990 0.447204 0.318622 0.450222 0.318309 0.451313 0.317000 0.452139 0.316687 0.453230
0 0.249738 0.403532 0.249178 0.402991 0.248305 0.403542 0.246314 0.403012 0.242397 0.399228 0.241714 0.397872 0.240237 0.388083 0.240427 0.386176 0.240863 0.385901 0.243056 0.378264 0.243928 0.377713 0.244242 0.376622 0.247733 0.374420 0.248292 0.374960 0.249601 0.374135 0.250161 0.374675 0.252030 0.374390 0.254950 0.377908 0.255197 0.379539 0.256562 0.382251 0.256808 0.383883 0.256495 0.384974 0.256988 0.388237 0.256607 0.392051 0.255478 0.397230 0.254728 0.398597 0.252982 0.399698 0.252669 0.400789 0.250051 0.402441
0 0.195256 0.475465 0.192268 0.474670 0.191149 0.473589 0.190466 0.472233 0.190220 0.470601 0.189660 0.470061 0.189045 0.465982 0.188485 0.465442 0.187993 0.462179 0.188563 0.456458 0.191561 0.450993 0.192434 0.450442 0.192747 0.449351 0.193743 0.449617 0.195489 0.448515 0.196048 0.449056 0.197794 0.447955 0.198790 0.448220 0.199909 0.449301 0.201957 0.453369 0.202326 0.455817 0.202886 0.456357 0.203378 0.459620 0.203065 0.460711 0.203311 0.462342 0.203121 0.464249 0.201868 0.468613 0.200559 0.469439 0.200246 0.470530 0.199373 0.471081 0.197874 0.473814
0 0.156705 0.286362 0.156145 0.285822 0.154836 0.286647 0.153281 0.285842 0.152408 0.286392 0.150170 0.284231 0.149924 0.282599 0.149364 0.282059 0.148625 0.277164 0.148939 0.276073 0.148446 0.272810 0.148759 0.271719 0.148826 0.268997 0.149889 0.266539 0.150762 0.265989 0.151075 0.264898 0.152384 0.264072 0.152698 0.262981 0.154007 0.262155 0.154566 0.262695 0.155998 0.262685 0.158237 0.264847 0.158360 0.265663 0.158919 0.266203 0.159289 0.268650 0.160531 0.270547 0.160218 0.271638 0.160587 0.274085 0.160274 0.275176 0.160520 0.276808 0.160207 0.277899 0.160330 0.278715 0.158764 0.284170 0.158327 0.284445 0.158014 0.285536
0 0.193083 0.284226 0.192524 0.283685 0.191215 0.284511 0.189659 0.283706 0.188787 0.284256 0.186549 0.282094 0.186302 0.280463 0.185743 0.279922 0.185004 0.275028 0.185317 0.273937 0.184825 0.270674 0.185138 0.269583 0.185205 0.266860 0.186268 0.264403 0.187140 0.263853 0.187454 0.262761 0.188763 0.261936 0.189076 0.260845 0.190385 0.260019 0.190945 0.260559 0.192377 0.260549 0.194615 0.262711 0.194738 0.263527 0.195298 0.264067 0.195667 0.266514 0.196909 0.268411 0.196596 0.269502 0.196966 0.271949 0.196652 0.273040 0.196899 0.274672 0.196585 0.275763 0.196708 0.276578 0.195142 0.282034 0.194706 0.282309 0.194393 0.283400
0 0.178352 0.151603 0.177793 0.151063 0.175174 0.152715 0.174055 0.151634 0.173619 0.151909 0.172500 0.150828 0.171135 0.148116 0.170888 0.146484 0.170329 0.145944 0.169344 0.139418 0.169847 0.136420 0.169601 0.134789 0.170417 0.130700 0.171916 0.127967 0.177589 0.124388 0.180577 0.125184 0.182625 0.129252 0.183744 0.130333 0.184606 0.136043 0.184103 0.139041 0.184349 0.140673 0.184159 0.142579 0.183219 0.145853 0.180970 0.149952
0 0.183727 0.219642 0.183168 0.219101 0.181859 0.219927 0.180303 0.219122 0.179431 0.219672 0.177193 0.217511 0.176946 0.215879 0.176387 0.215339 0.175648 0.210444 0.175961 0.209353 0.175469 0.206090 0.175782 0.204999 0.175849 0.202277 0.176912 0.199819 0.177784 0.199269 0.178098 0.198178 0.179407 0.197352 0.179720 0.196261 0.181029 0.195435 0.181589 0.195975 0.183021 0.195965 0.185259 0.198127 0.185382 0.198943 0.185942 0.199483 0.186311 0.201930 0.187553 0.203827 0.187240 0.204918 0.187610 0.207365 0.187296 0.208456 0.187543 0.210088 0.187229 0.211179 0.187352 0.211994 0.185786 0.217450 0.185350 0.217725 0.185037 0.218816
0 0.222297 0.255531 0.221738 0.254990 0.220429 0.255816 0.219433 0.255551 0.217195 0.253389 0.217072 0.252573 0.215953 0.251492 0.214587 0.248780 0.213602 0.242254 0.213915 0.241163 0.213546 0.238716 0.215425 0.232170 0.216175 0.230803 0.220102 0.228326 0.220416 0.227235 0.222721 0.226674 0.227264 0.228275 0.228629 0.230987 0.228999 0.233435 0.229558 0.233975 0.229928 0.236422 0.229614 0.237513 0.230107 0.240776 0.229794 0.241867 0.229850 0.245406 0.228160 0.250045 0.226538 0.251962 0.226225 0.253053
0 0.149648 0.179198 0.149086 0.173769 0.151704 0.168906 0.154436 0.168788 0.156883 0.171903 0.157199 0.176844 0.156511 0.179686 0.154143 0.182787 0.151457 0.182072
0 0.188372 0.248859 0.187810 0.243430 0.190428 0.238566 0.193160 0.238448 0.195607 0.241563 0.195923 0.246504 0.195235 0.249347 0.192867 0.252447 0.190181 0.251733
0 0.173303 0.337355 0.172742 0.331926 0.175359 0.327062 0.178092 0.326945 0.180538 0.330060 0.180854 0.335000 0.180167 0.337844 0.177799 0.340944 0.175112 0.340229
0 0.190557 0.338800 0.189996 0.333371 0.192613 0.328508 0.195346 0.328390 0.197793 0.331504 0.198108 0.336446 0.197421 0.339289 0.195052 0.342389 0.192366 0.341675
0 0.146385 0.316928 0.145825 0.316388 0.144516 0.317214 0.142960 0.316408 0.142088 0.316959 0.139850 0.314797 0.139603 0.313165 0.139044 0.312625 0.138305 0.307730 0.138618 0.306639 0.138126 0.303376 0.138439 0.302285 0.138506 0.299563 0.139569 0.297106 0.140441 0.296555 0.140755 0.295464 0.142064 0.294638 0.142377 0.293547 0.143686 0.292721 0.144246 0.293262 0.145678 0.293251 0.147916 0.295413 0.148039 0.296229 0.148599 0.296769 0.148968 0.299217 0.150210 0.301113 0.149897 0.302204 0.150267 0.304652 0.149953 0.305743 0.150200 0.307374 0.149886 0.308465 0.150009 0.309281 0.148443 0.314736 0.148007 0.315011 0.147694 0.316102
0 0.151051 0.402934 0.150491 0.402394 0.149182 0.403220 0.147626 0.402414 0.146754 0.402965 0.144516 0.400803 0.144269 0.399172 0.143710 0.398631 0.142971 0.393737 0.143284 0.392646 0.142792 0.389383 0.143105 0.388292 0.143172 0.385569 0.144235 0.383112 0.145107 0.382561 0.145421 0.381470 0.146730 0.380644 0.147043 0.379553 0.148352 0.378727 0.148912 0.379268 0.150344 0.379258 0.152582 0.381419 0.152705 0.382235 0.153265 0.382776 0.153634 0.385223 0.154876 0.387119 0.154563 0.388211 0.154933 0.390658 0.154619 0.391749 0.154866 0.393380 0.154552 0.394471 0.154676 0.395287 0.153109 0.400742 0.152673 0.401017 0.152360 0.402109
0 0.060669 0.318436 0.060110 0.317895 0.056932 0.319006 0.055936 0.318741 0.054257 0.317120 0.053575 0.315764 0.053082 0.312501 0.052522 0.311960 0.051907 0.307882 0.052220 0.306791 0.051851 0.304343 0.052041 0.302437 0.053171 0.297257 0.053920 0.295890 0.054793 0.295340 0.055106 0.294249 0.056415 0.293423 0.056729 0.292332 0.059347 0.290680 0.059906 0.291220 0.060779 0.290670 0.062771 0.291200 0.064449 0.292822 0.065255 0.294993 0.066374 0.296074 0.067606 0.304232 0.067035 0.309952 0.064037 0.315417 0.063164 0.315968 0.062851 0.317059
0 0.073735 0.298210 0.073175 0.297670 0.069998 0.298781 0.069002 0.298516 0.067323 0.296895 0.066640 0.295538 0.066148 0.292275 0.065588 0.291735 0.064973 0.287656 0.065286 0.286565 0.064916 0.284118 0.065107 0.282211 0.066236 0.277031 0.066986 0.275665 0.067859 0.275114 0.068172 0.274023 0.069481 0.273197 0.069794 0.272106 0.072413 0.270455 0.072972 0.270995 0.073845 0.270445 0.075837 0.270975 0.077515 0.272596 0.078321 0.274768 0.079440 0.275849 0.080672 0.284006 0.080101 0.289727 0.077103 0.295192 0.076230 0.295743 0.075917 0.296834
0 0.024845 0.234353 0.024286 0.233813 0.022977 0.234639 0.021298 0.233017 0.021175 0.232202 0.019933 0.230305 0.019440 0.227042 0.018881 0.226502 0.018635 0.224870 0.019138 0.221872 0.018892 0.220241 0.019205 0.219150 0.019082 0.218334 0.019708 0.216152 0.020145 0.215877 0.020458 0.214786 0.021331 0.214235 0.021644 0.213144 0.023389 0.212043 0.023703 0.210952 0.026567 0.210932 0.028805 0.213093 0.029175 0.215541 0.030417 0.217437 0.030663 0.219069 0.030350 0.220160 0.030842 0.223423 0.030529 0.224514 0.030652 0.225329 0.029086 0.230785 0.028650 0.231060 0.028337 0.232151
0 0.027227 0.273141 0.026668 0.272601 0.025358 0.273426 0.023680 0.271805 0.023557 0.270989 0.022315 0.269093 0.021822 0.265830 0.021262 0.265289 0.021016 0.263658 0.021519 0.260660 0.021273 0.259028 0.021586 0.257937 0.021463 0.257122 0.022090 0.254940 0.022526 0.254664 0.022839 0.253573 0.023712 0.253023 0.024025 0.251932 0.025771 0.250830 0.026084 0.249739 0.028949 0.249719 0.031187 0.251881 0.031556 0.254328 0.032798 0.256225 0.033045 0.257856 0.032731 0.258947 0.033224 0.262210 0.032911 0.263301 0.033034 0.264117 0.031468 0.269572 0.031031 0.269848 0.030718 0.270939
0 0.001300 0.299546 0.000738 0.294118 0.003356 0.289254 0.006088 0.289136 0.008535 0.292251 0.008851 0.297192 0.008163 0.300035 0.005795 0.303136 0.003109 0.302420
0 0.073023 0.200878 0.072463 0.200338 0.071154 0.201164 0.069475 0.199542 0.069352 0.198727 0.068110 0.196830 0.067618 0.193567 0.067058 0.193027 0.066812 0.191395 0.067315 0.188397 0.067069 0.186766 0.067382 0.185675 0.067259 0.184859 0.067885 0.182677 0.068322 0.182402 0.068635 0.181311 0.069508 0.180760 0.069821 0.179669 0.071567 0.178568 0.071880 0.177477 0.074744 0.177456 0.076982 0.179618 0.077352 0.182065 0.078594 0.183962 0.078840 0.185594 0.078527 0.186685 0.079020 0.189948 0.078706 0.191039 0.078830 0.191854 0.077263 0.197310 0.076827 0.197585 0.076514 0.198676
0 0.046175 0.422495 0.045615 0.421955 0.044742 0.422506 0.043746 0.422240 0.039517 0.419548 0.039270 0.417917 0.038711 0.417376 0.038341 0.414929 0.037782 0.414389 0.037412 0.411941 0.037726 0.410850 0.037233 0.407587 0.039426 0.399950 0.040298 0.399400 0.041361 0.396942 0.044852 0.394740 0.045412 0.395280 0.047157 0.394179 0.047717 0.394720 0.048590 0.394169 0.051387 0.396871 0.051511 0.397687 0.052630 0.398768 0.053738 0.406110 0.053425 0.407201 0.053794 0.409648 0.053604 0.411555 0.052038 0.417010 0.051165 0.417560 0.050852 0.418651 0.047797 0.420579 0.047484 0.421670
0 0.000000 0.358475 0.000000 0.352294 0.000850 0.346793 0.004509 0.346119 0.006997 0.350434 0.007444 0.355712 0.007311 0.360045 0.005720 0.363992 0.002788 0.366006 0.000000 0.365578 0.000000 0.362403
0 0.000000 0.338652 0.000000 0.332470 0.000000 0.326969 0.000000 0.326296 0.000000 0.330611 0.000000 0.335887 0.000000 0.340222 0.000000 0.344169 0.000000 0.346182 0.000000 0.345755 0.000000 0.342579
0 0.033253 0.314223 0.033423 0.309662 0.036710 0.307099 0.037713 0.306793 0.038778 0.310371 0.038692 0.313858 0.037832 0.316853 0.036462 0.318207 0.034630 0.317075
0 0.044213 0.312492 0.044382 0.307931 0.047669 0.305367 0.048673 0.305061 0.049738 0.308640 0.049652 0.312127 0.048791 0.315122 0.047422 0.316476 0.045589 0.315344
0 0.010144 0.430796 0.010873 0.424615 0.013891 0.419114 0.017550 0.418440 0.020039 0.422756 0.020485 0.428032 0.020353 0.432367 0.018761 0.436313 0.015829 0.438326 0.012878 0.437900 0.011174 0.434724
0 0.024900 0.473916 0.025628 0.467735 0.028647 0.462234 0.032306 0.461560 0.034795 0.465876 0.035241 0.471153 0.035109 0.475487 0.033517 0.479433 0.030585 0.481446 0.027634 0.481020 0.025930 0.477844
0 0.040328 0.440975 0.039769 0.440435 0.037587 0.441811 0.037027 0.441271 0.036591 0.441546 0.034353 0.439384 0.034230 0.438569 0.032988 0.436672 0.032618 0.434225 0.032931 0.433134 0.032439 0.429871 0.033065 0.427689 0.032942 0.426873 0.033882 0.423600 0.038682 0.420572 0.038995 0.419480 0.040674 0.421102 0.041110 0.420827 0.043348 0.422988 0.043718 0.425436 0.044960 0.427332 0.045329 0.429779 0.045016 0.430870 0.045263 0.432502 0.044759 0.435500 0.044323 0.435775 0.043696 0.437957 0.042824 0.438508 0.042510 0.439599
0 0.017767 0.527903 0.018496 0.521721 0.021514 0.516221 0.025174 0.515547 0.027662 0.519862 0.028108 0.525139 0.027976 0.529473 0.026385 0.533420 0.023452 0.535433 0.020501 0.535006 0.018797 0.531830
0 0.040303 0.571183 0.039744 0.570643 0.038871 0.571194 0.036879 0.570663 0.034641 0.568501 0.033958 0.567145 0.033589 0.564698 0.033029 0.564158 0.032167 0.558447 0.032928 0.550820 0.034304 0.547272 0.035177 0.546721 0.035490 0.545630 0.039417 0.543153 0.039977 0.543693 0.041722 0.542592 0.043960 0.544754 0.046008 0.548822 0.047240 0.556980 0.046927 0.558071 0.047173 0.559702 0.046983 0.561609 0.046043 0.564882 0.045293 0.566248 0.043548 0.567350 0.043235 0.568441 0.041489 0.569542 0.041176 0.570633
0 0.097115 0.501118 0.096556 0.500577 0.095247 0.501403 0.094687 0.500863 0.093814 0.501413 0.093255 0.500873 0.092818 0.501148 0.091140 0.499527 0.090893 0.497895 0.090334 0.497355 0.089472 0.491645 0.089785 0.490554 0.089539 0.488922 0.089852 0.487831 0.089729 0.487015 0.090669 0.483742 0.091978 0.482916 0.092291 0.481825 0.094473 0.480449 0.094786 0.479358 0.095659 0.478807 0.096219 0.479348 0.097091 0.478797 0.097651 0.479338 0.098524 0.478787 0.100762 0.480949 0.101377 0.485028 0.101937 0.485568 0.102060 0.486384 0.101747 0.487475 0.101993 0.489106 0.101680 0.490197 0.102049 0.492645 0.101110 0.495918 0.100673 0.496193 0.100047 0.498375 0.099610 0.498650 0.099297 0.499741
0 0.109428 0.571280 0.108869 0.570740 0.107996 0.571290 0.106004 0.570760 0.104885 0.569679 0.104762 0.568863 0.103643 0.567783 0.103206 0.568058 0.102278 0.565070 0.101718 0.564530 0.100363 0.555556 0.100744 0.551743 0.102310 0.546288 0.104559 0.542189 0.110668 0.538335 0.114462 0.541302 0.115391 0.544290 0.116633 0.546186 0.117372 0.551081 0.117058 0.552172 0.117361 0.557342 0.115168 0.564979 0.114418 0.566345 0.112673 0.567446 0.112360 0.568537 0.109741 0.570189
0 0.078332 0.571394 0.077772 0.570854 0.076899 0.571404 0.074907 0.570874 0.073788 0.569793 0.073665 0.568977 0.072546 0.567896 0.072110 0.568172 0.071181 0.565184 0.070621 0.564644 0.069267 0.555670 0.069647 0.551857 0.071213 0.546402 0.073462 0.542303 0.079571 0.538449 0.083365 0.541416 0.084294 0.544404 0.085536 0.546300 0.086275 0.551195 0.085962 0.552286 0.086264 0.557456 0.084071 0.565093 0.083322 0.566459 0.081576 0.567560 0.081263 0.568651 0.078645 0.570303
0 0.108295 0.603820 0.107735 0.603280 0.106863 0.603830 0.104871 0.603300 0.102633 0.601138 0.101950 0.599782 0.101581 0.597335 0.101021 0.596794 0.100159 0.591084 0.100919 0.583457 0.102296 0.579908 0.103168 0.579358 0.103482 0.578267 0.107409 0.575789 0.107968 0.576330 0.109714 0.575229 0.111952 0.577390 0.114000 0.581459 0.115232 0.589616 0.114918 0.590707 0.115165 0.592339 0.114974 0.594246 0.114035 0.597519 0.113285 0.598885 0.111540 0.599986 0.111226 0.601077 0.109481 0.602179 0.109168 0.603270
0 0.141863 0.576873 0.141303 0.576333 0.140430 0.576883 0.138439 0.576353 0.136201 0.574191 0.135518 0.572835 0.135149 0.570388 0.134589 0.569847 0.133727 0.564137 0.134487 0.556510 0.135863 0.552961 0.136736 0.552411 0.137049 0.551320 0.140977 0.548842 0.141536 0.549383 0.143282 0.548281 0.145520 0.550443 0.147568 0.554512 0.148799 0.562669 0.148486 0.563760 0.148733 0.565392 0.148542 0.567298 0.147603 0.570572 0.146853 0.571938 0.145108 0.573039 0.144794 0.574130 0.143049 0.575231 0.142736 0.576322
0 0.045350 0.719665 0.044790 0.719125 0.043358 0.719135 0.043235 0.718319 0.041993 0.716423 0.041747 0.714791 0.041187 0.714251 0.041064 0.713435 0.041377 0.712344 0.040638 0.707449 0.042518 0.700903 0.047754 0.697600 0.048314 0.698140 0.048750 0.697865 0.051111 0.700842 0.051604 0.704105 0.051291 0.705196 0.051660 0.707644 0.051347 0.708735 0.051280 0.711457 0.050340 0.714730 0.048595 0.715832 0.048282 0.716923 0.046100 0.718299 0.045786 0.719390
0 0.270440 0.582405 0.269881 0.581864 0.266826 0.583791 0.266267 0.583251 0.264521 0.584352 0.263402 0.583271 0.261410 0.582741 0.260728 0.581385 0.260481 0.579753 0.259239 0.577857 0.259429 0.575950 0.258690 0.571055 0.259261 0.565335 0.260950 0.560696 0.262696 0.559594 0.263009 0.558503 0.264754 0.557402 0.265068 0.556311 0.266377 0.555485 0.268369 0.556016 0.269488 0.557096 0.269924 0.556821 0.272968 0.561155 0.274322 0.570128 0.273942 0.573942 0.273003 0.577215 0.270754 0.581314
0 0.203270 0.550103 0.204183 0.544037 0.206270 0.538267 0.210130 0.535524 0.213189 0.537281 0.214259 0.537835 0.216154 0.543858 0.216302 0.550829 0.216141 0.551392 0.214075 0.557303 0.212713 0.558622 0.211297 0.560130 0.207666 0.560577 0.206200 0.560120 0.204740 0.556434 0.203824 0.553633
0 0.190191 0.653883 0.193167 0.648012 0.194998 0.647624 0.196326 0.647709 0.198042 0.652002 0.197975 0.653734 0.197800 0.655841 0.197315 0.657529 0.195930 0.659785 0.194352 0.661855 0.191697 0.661687
0 0.260490 0.648700 0.260088 0.652025 0.262041 0.655708 0.262341 0.655519 0.265267 0.653673 0.265667 0.651424 0.265394 0.648524 0.265086 0.647029 0.264407 0.643618 0.262317 0.644475 0.261042 0.645279
0 0.618076 0.652566 0.615676 0.654081 0.614557 0.653000 0.614121 0.653275 0.613561 0.652734 0.613315 0.651103 0.612073 0.649206 0.610595 0.639417 0.610908 0.638326 0.610539 0.635879 0.612665 0.630964 0.618338 0.627386 0.620576 0.629547 0.620699 0.630363 0.622624 0.633616 0.623363 0.638510 0.623922 0.639051 0.624045 0.639867 0.623732 0.640958 0.623475 0.645587 0.623162 0.646678 0.622725 0.646953 0.622099 0.649135 0.620790 0.649961 0.620477 0.651052
0 0.663246 0.690217 0.660846 0.691731 0.659727 0.690650 0.659290 0.690925 0.658731 0.690385 0.658485 0.688753 0.657242 0.686857 0.655765 0.677068 0.656078 0.675977 0.655708 0.673530 0.657834 0.668615 0.663507 0.665036 0.665745 0.667198 0.665868 0.668014 0.667793 0.671266 0.668532 0.676161 0.669092 0.676701 0.669215 0.677517 0.668902 0.678608 0.668644 0.683237 0.668331 0.684329 0.667895 0.684604 0.667268 0.686786 0.665959 0.687612 0.665646 0.688703
0 0.664755 0.656795 0.662355 0.658309 0.661236 0.657228 0.660799 0.657504 0.660240 0.656963 0.659993 0.655332 0.658751 0.653435 0.657273 0.643646 0.657587 0.642555 0.657217 0.640108 0.659343 0.635193 0.665016 0.631614 0.667254 0.633776 0.667377 0.634592 0.669302 0.637845 0.670041 0.642739 0.670600 0.643280 0.670724 0.644095 0.670410 0.645186 0.670153 0.649816 0.669840 0.650907 0.669404 0.651182 0.668777 0.653364 0.667468 0.654190 0.667155 0.655281
0 0.697018 0.567582 0.696458 0.567041 0.695586 0.567592 0.695026 0.567051 0.693594 0.567061 0.691915 0.565440 0.691176 0.560546 0.690617 0.560005 0.690930 0.558914 0.690807 0.558098 0.692686 0.551552 0.693123 0.551277 0.693436 0.550186 0.694309 0.549635 0.694622 0.548544 0.696368 0.547443 0.696927 0.547983 0.697800 0.547433 0.698359 0.547973 0.698796 0.547698 0.698919 0.548514 0.700161 0.550410 0.700407 0.552042 0.700967 0.552582 0.700654 0.553673 0.700900 0.555305 0.700587 0.556396 0.700520 0.559119 0.698327 0.566756
0 0.757082 0.547053 0.756522 0.546512 0.755213 0.547338 0.753222 0.546808 0.749864 0.543565 0.749182 0.542209 0.748812 0.539762 0.748253 0.539221 0.747391 0.533511 0.747704 0.532420 0.747458 0.530789 0.748901 0.524518 0.752336 0.518777 0.756263 0.516299 0.756823 0.516840 0.758132 0.516014 0.759128 0.516279 0.763168 0.520878 0.764712 0.527945 0.764399 0.529036 0.764892 0.532299 0.763135 0.539661 0.761636 0.542393 0.759577 0.544585 0.759264 0.545676
0 0.715117 0.670727 0.712717 0.672241 0.711598 0.671160 0.711162 0.671436 0.710602 0.670895 0.710356 0.669264 0.709114 0.667367 0.707636 0.657578 0.707949 0.656487 0.707580 0.654040 0.709706 0.649125 0.715379 0.645546 0.717617 0.647708 0.717740 0.648524 0.719665 0.651777 0.720403 0.656671 0.720963 0.657212 0.721086 0.658027 0.720773 0.659118 0.720516 0.663748 0.720203 0.664839 0.719766 0.665114 0.719140 0.667296 0.717831 0.668122 0.717517 0.669213
0 0.677102 0.746333 0.676542 0.745793 0.675670 0.746343 0.675110 0.745803 0.674237 0.746354 0.673241 0.746089 0.670444 0.743386 0.669079 0.740674 0.667970 0.733332 0.668474 0.730334 0.668227 0.728703 0.668417 0.726796 0.669670 0.722432 0.671170 0.719699 0.674661 0.717497 0.675220 0.718037 0.676093 0.717487 0.676652 0.718027 0.677525 0.717477 0.678521 0.717742 0.679640 0.718823 0.680077 0.718547 0.682125 0.722616 0.682371 0.724247 0.682930 0.724788 0.683915 0.731314 0.683412 0.734312 0.683658 0.735943 0.683468 0.737850 0.682092 0.741398 0.681219 0.741949 0.680906 0.743040 0.678288 0.744692 0.677975 0.745783
0 0.716030 0.546259 0.715470 0.545718 0.715034 0.545994 0.714474 0.545453 0.714038 0.545729 0.713478 0.545188 0.713042 0.545463 0.712482 0.544923 0.711050 0.544933 0.710491 0.544393 0.709875 0.540314 0.709315 0.539774 0.709069 0.538142 0.709382 0.537051 0.709013 0.534604 0.709326 0.533513 0.709203 0.532697 0.709516 0.531606 0.709953 0.531331 0.711015 0.528873 0.711888 0.528323 0.712201 0.527232 0.715256 0.525305 0.715816 0.525845 0.716688 0.525294 0.717248 0.525835 0.718680 0.525825 0.718803 0.526641 0.720728 0.529893 0.721098 0.532341 0.720784 0.533432 0.721277 0.536695 0.720650 0.538877 0.720214 0.539152 0.719274 0.542425 0.718838 0.542700 0.717775 0.545158
0 0.616513 0.778076 0.615508 0.765951 0.619031 0.757439 0.624003 0.752955 0.627278 0.751563 0.630939 0.753521 0.632546 0.757000 0.634991 0.764443 0.635535 0.767245 0.634457 0.774439 0.633450 0.777321 0.629466 0.781182 0.627364 0.783182 0.622366 0.784313 0.618860 0.783380
0 0.555216 0.804335 0.554656 0.803795 0.553784 0.804345 0.553224 0.803805 0.552788 0.804080 0.551669 0.802999 0.551545 0.802183 0.550986 0.801643 0.550740 0.800011 0.550180 0.799471 0.549072 0.792129 0.549385 0.791038 0.549452 0.788316 0.550392 0.785043 0.551265 0.784492 0.551578 0.783401 0.552451 0.782850 0.552764 0.781759 0.555382 0.780107 0.555942 0.780648 0.556814 0.780097 0.557374 0.780638 0.557810 0.780363 0.558929 0.781443 0.559052 0.782259 0.560295 0.784156 0.561403 0.791498 0.561090 0.792589 0.561023 0.795311 0.559770 0.799675 0.559333 0.799951 0.558271 0.802408
0 0.691937 0.648299 0.690743 0.641190 0.693225 0.636928 0.696517 0.634851 0.699455 0.638390 0.699841 0.641741 0.699441 0.646261 0.696897 0.650111 0.694799 0.650537
0 0.701495 0.529143 0.700935 0.528602 0.700063 0.529153 0.699503 0.528612 0.698071 0.528622 0.696392 0.527001 0.695653 0.522107 0.695094 0.521566 0.695407 0.520475 0.695284 0.519659 0.697163 0.513113 0.697600 0.512838 0.697913 0.511747 0.698786 0.511196 0.699099 0.510105 0.700845 0.509004 0.701404 0.509545 0.702277 0.508994 0.702836 0.509534 0.703273 0.509259 0.703396 0.510075 0.704638 0.511971 0.704884 0.513603 0.705444 0.514143 0.705131 0.515234 0.705377 0.516866 0.705064 0.517957 0.704997 0.520679 0.702804 0.528317
0 0.747296 0.367273 0.746737 0.366733 0.746300 0.367008 0.745741 0.366468 0.744868 0.367018 0.743749 0.365937 0.743313 0.366213 0.741075 0.364051 0.740951 0.363235 0.739709 0.361339 0.739463 0.359707 0.739966 0.356709 0.739720 0.355078 0.740973 0.350714 0.741409 0.350438 0.742349 0.347165 0.742785 0.346890 0.743848 0.344433 0.744408 0.344973 0.746153 0.343872 0.746713 0.344412 0.749141 0.344667 0.750260 0.345748 0.750383 0.346564 0.750943 0.347104 0.751928 0.353630 0.751615 0.354721 0.751548 0.357444 0.750295 0.361808 0.747609 0.366182
0 0.782743 0.409942 0.783850 0.396748 0.789441 0.387605 0.794508 0.382162 0.800471 0.384241 0.802905 0.389220 0.803581 0.396880 0.804071 0.403310 0.804062 0.408033 0.802152 0.416876 0.799021 0.425590 0.791662 0.424616 0.785503 0.418843
0 0.778424 0.598740 0.778594 0.591231 0.782809 0.580934 0.788062 0.576721 0.795172 0.576055 0.798251 0.579729 0.799340 0.583759 0.800269 0.589912 0.800320 0.596619 0.799673 0.599498 0.796891 0.605746 0.794927 0.609456 0.792040 0.612626 0.788778 0.614907 0.784743 0.612062 0.782304 0.610231 0.779588 0.604981
0 0.823628 0.443148 0.820792 0.444938 0.819673 0.443857 0.819550 0.443041 0.818990 0.442501 0.818744 0.440869 0.817502 0.438973 0.816640 0.433262 0.817266 0.431080 0.817333 0.428358 0.817960 0.426176 0.818832 0.425625 0.819146 0.424534 0.824382 0.421231 0.824942 0.421771 0.825814 0.421220 0.825938 0.422036 0.827863 0.425289 0.828478 0.429368 0.828165 0.430459 0.828411 0.432090 0.828098 0.433181 0.828031 0.435904 0.827405 0.438086 0.827528 0.438902 0.826465 0.441359
0 0.775989 0.396253 0.773153 0.398043 0.772034 0.396962 0.771911 0.396146 0.771351 0.395606 0.771105 0.393974 0.769863 0.392077 0.769001 0.386367 0.769627 0.384185 0.769694 0.381463 0.770321 0.379280 0.771193 0.378730 0.771507 0.377639 0.776743 0.374335 0.777303 0.374876 0.778176 0.374325 0.778299 0.375141 0.780224 0.378394 0.780839 0.382473 0.780526 0.383564 0.780772 0.385195 0.780459 0.386286 0.780392 0.389009 0.779766 0.391191 0.779889 0.392006 0.778826 0.394464
0 0.782310 0.474207 0.781751 0.473667 0.779323 0.473412 0.777208 0.472066 0.776962 0.470434 0.776402 0.469894 0.776033 0.467447 0.775473 0.466906 0.775350 0.466090 0.775663 0.464999 0.775047 0.460921 0.775361 0.459830 0.775238 0.459014 0.776491 0.454650 0.776927 0.454374 0.777240 0.453283 0.778113 0.452733 0.778426 0.451642 0.781481 0.449715 0.782040 0.450255 0.783786 0.449154 0.784345 0.449694 0.785218 0.449144 0.787456 0.451306 0.787579 0.452121 0.788139 0.452662 0.788508 0.455109 0.789068 0.455649 0.789437 0.458097 0.789124 0.459188 0.789057 0.461910 0.787491 0.467365 0.787054 0.467641 0.786428 0.469823 0.785555 0.470373 0.784492 0.472831
0 0.797431 0.528568 0.796871 0.528028 0.794443 0.527773 0.792328 0.526427 0.792082 0.524795 0.791522 0.524255 0.791153 0.521808 0.790594 0.521267 0.790470 0.520451 0.790784 0.519360 0.790168 0.515282 0.790481 0.514191 0.790358 0.513375 0.791611 0.509011 0.792047 0.508735 0.792361 0.507644 0.793233 0.507094 0.793547 0.506003 0.796601 0.504076 0.797161 0.504616 0.798906 0.503515 0.799466 0.504055 0.800339 0.503505 0.802577 0.505667 0.802700 0.506482 0.803259 0.507023 0.803629 0.509470 0.804188 0.510010 0.804558 0.512458 0.804245 0.513549 0.804178 0.516271 0.802611 0.521726 0.802175 0.522002 0.801549 0.524184 0.800676 0.524734 0.799613 0.527192
0 0.813731 0.548110 0.813171 0.547570 0.810743 0.547314 0.808628 0.545968 0.808382 0.544337 0.807822 0.543796 0.807453 0.541349 0.806893 0.540809 0.806770 0.539993 0.807083 0.538902 0.806468 0.534823 0.806781 0.533732 0.806658 0.532916 0.807911 0.528552 0.808347 0.528277 0.808660 0.527186 0.809533 0.526635 0.809846 0.525544 0.812901 0.523617 0.813460 0.524158 0.815206 0.523057 0.815766 0.523597 0.816638 0.523046 0.818876 0.525208 0.819000 0.526024 0.819559 0.526564 0.819928 0.529012 0.820488 0.529552 0.820857 0.531999 0.820544 0.533090 0.820477 0.535813 0.818911 0.541268 0.818475 0.541543 0.817848 0.543726 0.816975 0.544276 0.815913 0.546733
0 0.806665 0.573614 0.806835 0.566104 0.811050 0.555808 0.816303 0.551595 0.823414 0.550928 0.826492 0.554601 0.827581 0.558632 0.828510 0.564785 0.828561 0.571492 0.827914 0.574372 0.825132 0.580620 0.823168 0.584329 0.820281 0.587499 0.817020 0.589780 0.812984 0.586935 0.810544 0.585104 0.807829 0.579854
0 0.912665 0.563013 0.909610 0.564940 0.909050 0.564399 0.907182 0.564685 0.903825 0.561442 0.903142 0.560086 0.902157 0.553560 0.902470 0.552469 0.902224 0.550837 0.902604 0.547024 0.904360 0.539662 0.905110 0.538295 0.908601 0.536093 0.908914 0.535002 0.910660 0.533901 0.913647 0.534696 0.915449 0.537133 0.915572 0.537949 0.917251 0.539571 0.917497 0.541202 0.918057 0.541743 0.919042 0.548268 0.918852 0.550175 0.918225 0.552357 0.918348 0.553173 0.916469 0.559719 0.915719 0.561086
0 0.904441 0.606042 0.901386 0.607969 0.900826 0.607428 0.898958 0.607714 0.895600 0.604471 0.894918 0.603115 0.893933 0.596589 0.894246 0.595498 0.894000 0.593867 0.894380 0.590053 0.896136 0.582691 0.896886 0.581325 0.900377 0.579122 0.900690 0.578031 0.902436 0.576930 0.905423 0.577726 0.907225 0.580163 0.907348 0.580978 0.909027 0.582600 0.909273 0.584231 0.909833 0.584772 0.910818 0.591298 0.910628 0.593204 0.910001 0.595387 0.910124 0.596202 0.908245 0.602749 0.907495 0.604115
0 0.876821 0.487132 0.878019 0.482332 0.881830 0.478703 0.885502 0.477385 0.887723 0.480600 0.888321 0.486334 0.888070 0.490858 0.885451 0.496502 0.880953 0.498092 0.878824 0.496425 0.876950 0.493564
0 0.877561 0.432249 0.878759 0.427450 0.882570 0.423821 0.886242 0.422503 0.888462 0.425718 0.889061 0.431452 0.888810 0.435976 0.886192 0.441619 0.881693 0.443209 0.879564 0.441543 0.877690 0.438682
0 0.893303 0.430769 0.894501 0.425969 0.898313 0.422341 0.901984 0.421022 0.904204 0.424237 0.904803 0.429971 0.904552 0.434495 0.901934 0.440139 0.897435 0.441729 0.895306 0.440062 0.893432 0.437201
0 0.849751 0.424659 0.850950 0.419859 0.854761 0.416230 0.858433 0.414912 0.860653 0.418127 0.861252 0.423861 0.861000 0.428385 0.858382 0.434028 0.853884 0.435618 0.851755 0.433952 0.849881 0.431091
0 0.861739 0.436772 0.862937 0.431972 0.866749 0.428344 0.870421 0.427025 0.872641 0.430240 0.873240 0.435974 0.872988 0.440498 0.870370 0.446142 0.865872 0.447732 0.863743 0.446065 0.861869 0.443204
0 0.902561 0.458635 0.903759 0.453836 0.907571 0.450208 0.911243 0.448889 0.913463 0.452103 0.914061 0.457838 0.913811 0.462362 0.911192 0.468005 0.906694 0.469596 0.904565 0.467929 0.902691 0.465068
0 0.769442 0.637545 0.768883 0.637004 0.766455 0.636750 0.764340 0.635403 0.764093 0.633772 0.763534 0.633232 0.763164 0.630784 0.762605 0.630244 0.762482 0.629428 0.762795 0.628337 0.762179 0.624258 0.762493 0.623167 0.762369 0.622352 0.763622 0.617987 0.764059 0.617712 0.764372 0.616621 0.765245 0.616070 0.765558 0.614979 0.768613 0.613052 0.769172 0.613593 0.770918 0.612492 0.771477 0.613032 0.772350 0.612482 0.774588 0.614643 0.774711 0.615459 0.775271 0.616000 0.775640 0.618447 0.776200 0.618987 0.776569 0.621434 0.776256 0.622525 0.776189 0.625248 0.774623 0.630703 0.774186 0.630979 0.773560 0.633161 0.772687 0.633711 0.771624 0.636168
0 0.782945 0.647122 0.782385 0.646582 0.779957 0.646327 0.777842 0.644981 0.777596 0.643349 0.777036 0.642809 0.776667 0.640362 0.776107 0.639821 0.775984 0.639006 0.776297 0.637915 0.775682 0.633836 0.775995 0.632745 0.775872 0.631929 0.777125 0.627565 0.777561 0.627290 0.777874 0.626199 0.778747 0.625648 0.779060 0.624557 0.782115 0.622630 0.782675 0.623170 0.784420 0.622069 0.784980 0.622610 0.785852 0.622059 0.788090 0.624221 0.788214 0.625037 0.788773 0.625577 0.789143 0.628024 0.789702 0.628565 0.790071 0.631012 0.789758 0.632103 0.789691 0.634825 0.788125 0.640281 0.787689 0.640556 0.787062 0.642738 0.786189 0.643289 0.785127 0.645746
0 0.755448 0.702651 0.754889 0.702111 0.750961 0.704588 0.749965 0.704323 0.747604 0.701346 0.746239 0.698633 0.745130 0.691292 0.745444 0.690201 0.745074 0.687753 0.746640 0.682298 0.746831 0.680391 0.747703 0.679841 0.748017 0.678750 0.748889 0.678199 0.750389 0.675467 0.752571 0.674090 0.753130 0.674631 0.754003 0.674080 0.754999 0.674345 0.759039 0.678944 0.759654 0.683023 0.760214 0.683563 0.760024 0.685470 0.760516 0.688733 0.760203 0.689824 0.760449 0.691455 0.759823 0.693638 0.759386 0.693913 0.758570 0.698002 0.757071 0.700734 0.756198 0.701285 0.755885 0.702376
0 0.782710 0.539209 0.782148 0.532865 0.783857 0.527637 0.787643 0.526977 0.790530 0.530171 0.791031 0.533486 0.789926 0.537813 0.787884 0.540831 0.784869 0.541695
0 0.768054 0.556522 0.767493 0.550178 0.769201 0.544950 0.772987 0.544291 0.775875 0.547484 0.776375 0.550799 0.775271 0.555127 0.773228 0.558144 0.770213 0.559009
0 0.781221 0.571845 0.780659 0.565500 0.782368 0.560272 0.786154 0.559614 0.789041 0.562806 0.789542 0.566121 0.788438 0.570450 0.786395 0.573467 0.783380 0.574332
0 0.844399 0.645327 0.843840 0.644787 0.842094 0.645888 0.841535 0.645347 0.840662 0.645898 0.840103 0.645357 0.839666 0.645633 0.838547 0.644552 0.838424 0.643736 0.837865 0.643196 0.837495 0.640749 0.836936 0.640208 0.836443 0.636945 0.836756 0.635854 0.836510 0.634223 0.836823 0.633132 0.836454 0.630684 0.836767 0.629593 0.836644 0.628778 0.837270 0.626595 0.837707 0.626320 0.838020 0.625229 0.838893 0.624679 0.839206 0.623587 0.843133 0.621110 0.843693 0.621650 0.844129 0.621375 0.846927 0.624077 0.847050 0.624893 0.847610 0.625433 0.847856 0.627065 0.848415 0.627605 0.849401 0.634131 0.849087 0.635222 0.849210 0.636038 0.847957 0.640402 0.847521 0.640678 0.846458 0.643135 0.845586 0.643685 0.845272 0.644777
0 0.826653 0.322274 0.826093 0.321734 0.822915 0.322845 0.819928 0.322049 0.818249 0.320428 0.816884 0.317716 0.816514 0.315269 0.815955 0.314728 0.815093 0.309018 0.815540 0.302482 0.816793 0.298118 0.819288 0.295650 0.819601 0.294559 0.820911 0.293733 0.821224 0.292642 0.823406 0.291266 0.823965 0.291806 0.825274 0.290980 0.825834 0.291521 0.828139 0.290960 0.831060 0.294478 0.832425 0.297190 0.832918 0.300453 0.833477 0.300994 0.833589 0.308070 0.831833 0.315432 0.829025 0.318991 0.828712 0.320082 0.827402 0.320908 0.827089 0.321999
0 0.801789 0.259773 0.801229 0.259233 0.800356 0.259783 0.798365 0.259253 0.795567 0.256551 0.794202 0.253838 0.793586 0.249760 0.793026 0.249219 0.793530 0.246221 0.793283 0.244590 0.793473 0.242683 0.794726 0.238319 0.795163 0.238044 0.796539 0.234495 0.797848 0.233669 0.798161 0.232578 0.800466 0.232018 0.802458 0.232548 0.803577 0.233629 0.804014 0.233354 0.805692 0.234975 0.806375 0.236331 0.806621 0.237963 0.807181 0.238503 0.808166 0.245029 0.807595 0.250749 0.806656 0.254022 0.805157 0.256755 0.803847 0.257581 0.803534 0.258672
0 0.851615 0.217042 0.851055 0.216501 0.850183 0.217052 0.848191 0.216522 0.845393 0.213819 0.844028 0.211107 0.843412 0.207028 0.842853 0.206488 0.843356 0.203490 0.843110 0.201858 0.843300 0.199952 0.844553 0.195588 0.844989 0.195312 0.846365 0.191764 0.847674 0.190938 0.847988 0.189847 0.850293 0.189286 0.852284 0.189817 0.853403 0.190897 0.853840 0.190622 0.855518 0.192243 0.856201 0.193600 0.856447 0.195231 0.857007 0.195772 0.857992 0.202298 0.857422 0.208018 0.856482 0.211291 0.854983 0.214024 0.853674 0.214850 0.853360 0.215941
0 0.811058 0.352976 0.810498 0.352435 0.807320 0.353547 0.804333 0.352751 0.802654 0.351130 0.801289 0.348417 0.800919 0.345970 0.800360 0.345430 0.799498 0.339719 0.799945 0.333183 0.801198 0.328819 0.803693 0.326352 0.804006 0.325261 0.805315 0.324435 0.805629 0.323344 0.807811 0.321967 0.808370 0.322508 0.809679 0.321682 0.810239 0.322222 0.812544 0.321662 0.815465 0.325180 0.816830 0.327892 0.817322 0.331155 0.817882 0.331695 0.817994 0.338772 0.816238 0.346134 0.813430 0.349692 0.813116 0.350783 0.811807 0.351609 0.811494 0.352700
0 0.752085 0.272361 0.751526 0.271820 0.749780 0.272921 0.748225 0.272116 0.748101 0.271300 0.747542 0.270759 0.747173 0.268312 0.746613 0.267772 0.745997 0.263693 0.746311 0.262602 0.745941 0.260155 0.746635 0.255250 0.747071 0.254975 0.747384 0.253884 0.748257 0.253333 0.748570 0.252242 0.749879 0.251416 0.750193 0.250325 0.751938 0.249224 0.752498 0.249765 0.754926 0.250020 0.755049 0.250835 0.756974 0.254088 0.757220 0.255720 0.757780 0.256260 0.758395 0.260339 0.756639 0.267701 0.756203 0.267976 0.755140 0.270433
0 0.768596 0.271223 0.768036 0.270682 0.766291 0.271784 0.764735 0.270978 0.764612 0.270162 0.764053 0.269622 0.763683 0.267175 0.763124 0.266634 0.762508 0.262555 0.762821 0.261464 0.762452 0.259017 0.763145 0.254113 0.763582 0.253837 0.763895 0.252746 0.764768 0.252196 0.765081 0.251105 0.766390 0.250279 0.766703 0.249188 0.768449 0.248086 0.769008 0.248627 0.771437 0.248882 0.771560 0.249698 0.773485 0.252951 0.773731 0.254582 0.774290 0.255122 0.774906 0.259201 0.773150 0.266563 0.772713 0.266838 0.771651 0.269296
0 0.771875 0.219817 0.771315 0.219276 0.769570 0.220377 0.768014 0.219572 0.767891 0.218756 0.767332 0.218216 0.766962 0.215768 0.766403 0.215228 0.765787 0.211149 0.766100 0.210058 0.765731 0.207611 0.766424 0.202706 0.766861 0.202431 0.767174 0.201340 0.768047 0.200789 0.768360 0.199698 0.769669 0.198872 0.769982 0.197781 0.771728 0.196680 0.772287 0.197221 0.774715 0.197476 0.774839 0.198291 0.776763 0.201544 0.777010 0.203176 0.777569 0.203716 0.778185 0.207795 0.776429 0.215157 0.775992 0.215432 0.774929 0.217890
0 0.753942 0.325656 0.753874 0.320370 0.755572 0.314457 0.759156 0.312450 0.762191 0.313567 0.764255 0.318662 0.764742 0.322505 0.764348 0.327249 0.762306 0.330266 0.758518 0.332137 0.755930 0.330312
0 0.806460 0.279828 0.805388 0.272723 0.808424 0.266485 0.813284 0.264975 0.815452 0.265855 0.817020 0.271955 0.816962 0.277698 0.815630 0.281132 0.812984 0.285048 0.810426 0.286489 0.808524 0.284922
0 0.848644 0.119672 0.847572 0.112568 0.850608 0.106330 0.855468 0.104819 0.857636 0.105700 0.859204 0.111800 0.859146 0.117542 0.857814 0.120976 0.855168 0.124894 0.852610 0.126334 0.850708 0.124767
0 0.855738 0.151967 0.854665 0.144863 0.857702 0.138625 0.862562 0.137114 0.864730 0.137994 0.865862 0.144369 0.866240 0.149837 0.864908 0.153271 0.862262 0.157189 0.860461 0.158603 0.857802 0.157062
0 0.768084 0.140322 0.769790 0.134190 0.773111 0.131002 0.776432 0.133143 0.778195 0.138044 0.777415 0.143045 0.776829 0.145464 0.773585 0.149151 0.771496 0.150332 0.769435 0.146849
0 0.717251 0.161628 0.718957 0.155495 0.722278 0.152308 0.725599 0.154448 0.727362 0.159349 0.726582 0.164350 0.725997 0.166770 0.722752 0.170457 0.720663 0.171638 0.718602 0.168155
0 0.836699 0.161022 0.838405 0.154890 0.841726 0.151701 0.845047 0.153842 0.846810 0.158743 0.846030 0.163745 0.845444 0.166164 0.842199 0.169851 0.840111 0.171031 0.838050 0.167549
0 0.824538 0.157112 0.826244 0.150978 0.829565 0.147791 0.832886 0.149932 0.834649 0.154832 0.833868 0.159834 0.833283 0.162253 0.830038 0.165940 0.827949 0.167121 0.825889 0.163638
0 0.835712 0.083404 0.835153 0.082863 0.834280 0.083414 0.831046 0.080987 0.830923 0.080171 0.830363 0.079631 0.830117 0.077999 0.828998 0.076918 0.828505 0.073655 0.828819 0.072564 0.828449 0.070117 0.829076 0.067935 0.828953 0.067119 0.829579 0.064937 0.829456 0.064121 0.830832 0.060573 0.831705 0.060022 0.832018 0.058931 0.837691 0.055352 0.838250 0.055893 0.838687 0.055618 0.840365 0.057239 0.840489 0.058055 0.842413 0.061307 0.843399 0.067833 0.843085 0.068924 0.842828 0.073554 0.841139 0.078193 0.839393 0.079294 0.839080 0.080385 0.836898 0.081762 0.836585 0.082853
0 0.404289 0.378019 0.403730 0.377479 0.403293 0.377754 0.402174 0.376673 0.402051 0.375858 0.400809 0.373961 0.400317 0.370698 0.400630 0.369607 0.400260 0.367160 0.400574 0.366069 0.400450 0.365253 0.401077 0.363071 0.400954 0.362255 0.401580 0.360073 0.405944 0.357320 0.406504 0.357860 0.407376 0.357310 0.407936 0.357850 0.408059 0.358666 0.409301 0.360563 0.409917 0.364641 0.409604 0.365732 0.409973 0.368180 0.409660 0.369271 0.409783 0.370086 0.409157 0.372269 0.408720 0.372544 0.407657 0.375001 0.406348 0.375827 0.406035 0.376918
0 0.371207 0.348437 0.370648 0.347897 0.369339 0.348723 0.368779 0.348182 0.367906 0.348733 0.366787 0.347652 0.366664 0.346836 0.365422 0.344940 0.364806 0.340861 0.364247 0.340321 0.363877 0.337873 0.364190 0.336782 0.363944 0.335151 0.364257 0.334060 0.364011 0.332428 0.364638 0.330246 0.366819 0.328870 0.367133 0.327779 0.370187 0.325852 0.372739 0.326922 0.372862 0.327738 0.374787 0.330991 0.375649 0.336701 0.375336 0.337792 0.375459 0.338608 0.375145 0.339699 0.375078 0.342422 0.374139 0.345695 0.373702 0.345970 0.373389 0.347061
0 0.433262 0.278424 0.432702 0.277883 0.432266 0.278159 0.431147 0.277078 0.431024 0.276262 0.429782 0.274365 0.429289 0.271102 0.429602 0.270011 0.429233 0.267564 0.429546 0.266473 0.429423 0.265657 0.430050 0.263475 0.429926 0.262659 0.430553 0.260477 0.434917 0.257724 0.435476 0.258265 0.436349 0.257714 0.436909 0.258255 0.437032 0.259071 0.438274 0.260967 0.438890 0.265046 0.438576 0.266137 0.438946 0.268584 0.438632 0.269675 0.438756 0.270491 0.438129 0.272673 0.437693 0.272948 0.436630 0.275406 0.435321 0.276232 0.435008 0.277323
0 0.413396 0.235614 0.412708 0.231159 0.413645 0.226593 0.416341 0.222905 0.418795 0.222176 0.421000 0.223941 0.422630 0.228523 0.422051 0.233799 0.420619 0.237158 0.418228 0.239133 0.416010 0.239364
