0 0.458666 0.412971 0.461718 0.413641 0.462623 0.414374 0.466196 0.419958 0.466766 0.422216 0.465648 0.427303 0.463452 0.430020 0.457867 0.433592 0.450522 0.433045 0.447297 0.430737 0.445709 0.428255 0.445200 0.428143 0.444518 0.426393 0.444853 0.424867 0.444456 0.424247 0.445065 0.419048 0.447486 0.415314 0.452846 0.412759 0.455613 0.412300
0 0.529666 0.526690 0.530063 0.527310 0.534021 0.528713 0.535720 0.530686 0.536973 0.534694 0.535967 0.539273 0.535346 0.539670 0.535123 0.540687 0.533658 0.542498 0.531797 0.543689 0.531288 0.543577 0.530047 0.544371 0.529030 0.544148 0.526772 0.544718 0.525245 0.544383 0.524625 0.544779 0.524228 0.544159 0.522702 0.543824 0.522305 0.543203 0.521288 0.542980 0.519476 0.541515 0.517889 0.539033 0.517318 0.536775 0.517654 0.535249 0.517257 0.534628 0.518660 0.530671 0.521477 0.527557 0.522097 0.527160 0.523115 0.527383 0.523735 0.526986 0.524752 0.527210 0.525373 0.526813 0.526390 0.527037 0.528649 0.526466
0 0.779859 0.521403 0.781670 0.522867 0.785628 0.524270 0.788741 0.527087 0.791805 0.532560 0.792152 0.535835 0.791481 0.538888 0.789061 0.542622 0.783986 0.546306 0.779978 0.547558 0.774270 0.546838 0.773650 0.547235 0.768898 0.544591 0.765387 0.541153 0.763168 0.534266 0.764509 0.528162 0.768790 0.523237 0.772401 0.521364 0.778841 0.521179
0 0.597879 0.490485 0.598276 0.491105 0.602742 0.492620 0.604554 0.494084 0.607841 0.498539 0.608188 0.501815 0.606958 0.507411 0.606338 0.507807 0.606002 0.509334 0.600418 0.512906 0.590479 0.514455 0.590082 0.513835 0.584090 0.511985 0.582787 0.510632 0.580802 0.507530 0.579997 0.501487 0.580444 0.499452 0.584552 0.492889 0.589404 0.490222 0.590930 0.490558 0.595335 0.489926
0 0.539298 0.703714 0.539695 0.704335 0.541729 0.704782 0.542635 0.705514 0.545811 0.710478 0.546666 0.713865 0.545487 0.716806 0.542273 0.719299 0.542161 0.719808 0.540299 0.720998 0.538041 0.721569 0.535498 0.721010 0.534877 0.721407 0.530299 0.720401 0.528996 0.719048 0.527073 0.718093 0.525882 0.716231 0.525027 0.712844 0.526033 0.708265 0.526653 0.707868 0.526989 0.706342 0.527721 0.705437 0.530203 0.703849 0.534719 0.702708
0 0.615340 0.539648 0.615737 0.540268 0.617771 0.540715 0.618168 0.541336 0.618677 0.541447 0.620550 0.545059 0.620438 0.545567 0.620835 0.546188 0.620388 0.548222 0.620785 0.548843 0.620561 0.549860 0.619209 0.551163 0.618873 0.552689 0.615374 0.554053 0.612831 0.553494 0.612210 0.553891 0.607123 0.552774 0.606726 0.552153 0.606218 0.552041 0.604630 0.549560 0.604742 0.549051 0.603774 0.546172 0.604557 0.542611 0.608900 0.539833 0.609012 0.539324 0.609520 0.539436 0.610761 0.538642
0 0.596540 0.615506 0.596937 0.616126 0.601006 0.617020 0.605819 0.621810 0.606613 0.623051 0.607642 0.628077 0.606972 0.631129 0.607368 0.631749 0.606748 0.632146 0.604898 0.638139 0.602193 0.640744 0.599202 0.642220 0.593668 0.643137 0.587564 0.641796 0.582924 0.638644 0.580257 0.633792 0.578770 0.625999 0.579664 0.621930 0.581860 0.619213 0.587445 0.615640 0.590609 0.615802 0.594505 0.615058
0 0.584120 0.548253 0.584517 0.548873 0.588078 0.549656 0.588475 0.550276 0.590398 0.551232 0.591192 0.552473 0.592606 0.553317 0.594194 0.555799 0.594764 0.558057 0.593361 0.562015 0.591500 0.563206 0.590656 0.564620 0.587553 0.566605 0.585295 0.567175 0.582752 0.566616 0.582355 0.565996 0.578794 0.565213 0.576982 0.563749 0.575395 0.561267 0.575221 0.559629 0.574030 0.557768 0.574925 0.553698 0.575545 0.553301 0.576501 0.551378 0.579603 0.549393 0.580112 0.549505 0.583103 0.548029
0 0.376897 0.544850 0.380458 0.545633 0.383572 0.548450 0.385557 0.551552 0.385507 0.554207 0.385904 0.554828 0.384165 0.560312 0.378358 0.564902 0.374970 0.565757 0.369374 0.564528 0.365355 0.560978 0.364338 0.560755 0.363432 0.560022 0.362291 0.555506 0.362627 0.553980 0.362230 0.553359 0.363012 0.549798 0.363633 0.549401 0.364700 0.546970 0.366673 0.545270 0.368932 0.544700 0.371587 0.544750 0.373336 0.544068
0 0.401445 0.391866 0.403256 0.393331 0.406320 0.398803 0.405761 0.401347 0.406046 0.402476 0.405426 0.402873 0.405090 0.404399 0.404470 0.404796 0.404246 0.405813 0.399903 0.408592 0.397645 0.409162 0.395610 0.408715 0.395213 0.408095 0.392161 0.407424 0.391764 0.406804 0.390746 0.406580 0.389159 0.404098 0.389270 0.403590 0.388477 0.402349 0.388812 0.400822 0.388415 0.400202 0.389421 0.395624 0.390885 0.393812 0.393988 0.391828 0.395514 0.392163 0.396134 0.391766 0.397152 0.391990 0.397772 0.391593 0.399298 0.391928 0.399919 0.391531
0 0.672285 0.445508 0.677433 0.448772 0.678798 0.452272 0.681576 0.456615 0.682432 0.460002 0.680744 0.462831 0.678882 0.464022 0.678038 0.465436 0.674316 0.467818 0.668273 0.468623 0.664203 0.467729 0.663806 0.467108 0.660866 0.465929 0.658372 0.462715 0.656947 0.457069 0.657729 0.453508 0.659193 0.451697 0.660708 0.447231 0.664319 0.445358 0.669630 0.445458 0.670250 0.445061
0 0.284447 0.414687 0.286146 0.416660 0.286035 0.417169 0.286717 0.418918 0.286493 0.419936 0.286890 0.420556 0.285214 0.428187 0.280982 0.430456 0.274369 0.429003 0.273178 0.427142 0.272669 0.427030 0.271590 0.424660 0.271814 0.423643 0.271417 0.423022 0.271641 0.422005 0.271244 0.421384 0.271579 0.419858 0.272199 0.419461 0.272647 0.417427 0.273887 0.416633 0.273999 0.416124 0.275240 0.415330 0.275352 0.414821 0.275861 0.414933 0.277610 0.414251 0.279136 0.414586 0.279757 0.414190 0.283318 0.414972 0.283938 0.414575
0 0.740609 0.668490 0.746043 0.672883 0.747519 0.675874 0.748089 0.678132 0.747642 0.680167 0.748039 0.680788 0.747307 0.681693 0.746748 0.684237 0.743422 0.687239 0.740035 0.688094 0.739017 0.687871 0.736759 0.688441 0.731672 0.687323 0.731275 0.686703 0.729240 0.686256 0.727429 0.684791 0.724874 0.679431 0.725656 0.675870 0.726277 0.675473 0.727344 0.673041 0.729317 0.671342 0.730161 0.669927 0.733264 0.667943 0.734393 0.667657 0.738463 0.668552 0.739083 0.668155
0 0.537720 0.587117 0.538116 0.587738 0.541057 0.588917 0.542359 0.590270 0.545423 0.595742 0.545200 0.596760 0.545596 0.597380 0.544926 0.600432 0.544305 0.600829 0.543970 0.602356 0.541265 0.604961 0.538783 0.606548 0.536525 0.607119 0.533981 0.606560 0.533360 0.606957 0.529800 0.606174 0.525668 0.603134 0.523399 0.598902 0.523734 0.597376 0.523337 0.596756 0.524008 0.593703 0.524628 0.593307 0.525075 0.591272 0.526540 0.589460 0.529133 0.587364 0.534159 0.586335
0 0.354728 0.463724 0.355125 0.464344 0.357668 0.464903 0.358065 0.465523 0.359083 0.465747 0.362767 0.470822 0.362331 0.477659 0.361090 0.478453 0.358782 0.481678 0.357541 0.482472 0.355282 0.483043 0.350084 0.482434 0.349463 0.482831 0.346920 0.482272 0.346523 0.481651 0.342056 0.480137 0.341151 0.479405 0.339848 0.478052 0.339166 0.476302 0.339613 0.474267 0.339216 0.473647 0.340334 0.468560 0.344219 0.463014 0.346986 0.462556 0.349529 0.463115 0.350150 0.462718
0 0.602727 0.249985 0.608161 0.254378 0.608955 0.255619 0.610492 0.260756 0.610157 0.262282 0.610554 0.262903 0.609772 0.266463 0.607351 0.270198 0.604869 0.271785 0.602611 0.272356 0.601085 0.272020 0.600465 0.272417 0.594869 0.271188 0.594472 0.270567 0.591928 0.270009 0.589720 0.267924 0.588244 0.264933 0.588468 0.263916 0.587612 0.260528 0.588059 0.258493 0.587662 0.257873 0.588283 0.257476 0.588954 0.254424 0.590195 0.253630 0.591771 0.251310 0.595382 0.249437 0.596399 0.249661 0.597020 0.249264 0.601598 0.250270 0.602218 0.249873
0 0.326394 0.498026 0.329111 0.500223 0.331890 0.504566 0.331666 0.505583 0.332063 0.506204 0.331504 0.508747 0.330884 0.509144 0.330660 0.510161 0.330040 0.510558 0.329084 0.512481 0.325981 0.514466 0.323723 0.515036 0.322706 0.514813 0.322085 0.515210 0.319542 0.514651 0.319145 0.514030 0.317619 0.513695 0.317222 0.513075 0.315299 0.512119 0.313029 0.507887 0.312459 0.505629 0.312682 0.504612 0.312285 0.503991 0.312509 0.502974 0.313129 0.502577 0.313576 0.500542 0.315550 0.498843 0.319557 0.497590 0.322721 0.497752 0.323342 0.497355
0 0.579255 0.427201 0.584341 0.428319 0.587964 0.431248 0.588981 0.431471 0.590122 0.435988 0.589675 0.438023 0.590072 0.438643 0.587999 0.445653 0.585293 0.448258 0.579647 0.449684 0.570999 0.447784 0.568282 0.445587 0.565392 0.441753 0.565554 0.438589 0.565157 0.437968 0.567119 0.431467 0.572194 0.427783 0.576711 0.426642
0 0.362821 0.706000 0.365364 0.706559 0.368937 0.712144 0.368713 0.713161 0.369110 0.713781 0.367992 0.718868 0.366131 0.720059 0.364555 0.722379 0.361676 0.723346 0.354554 0.721782 0.353648 0.721049 0.352458 0.719188 0.352172 0.718059 0.352396 0.717041 0.351999 0.716421 0.352223 0.715404 0.351826 0.714783 0.352496 0.711731 0.353117 0.711334 0.354184 0.708902 0.358131 0.705503 0.359657 0.705839 0.360277 0.705442
0 0.735086 0.484903 0.737803 0.487099 0.738596 0.488340 0.740520 0.489296 0.741313 0.490537 0.742057 0.494433 0.740939 0.499520 0.741336 0.500141 0.740889 0.502175 0.736831 0.506083 0.731297 0.507000 0.726719 0.505994 0.726322 0.505374 0.724287 0.504927 0.723381 0.504194 0.721794 0.501713 0.721223 0.499454 0.720033 0.497593 0.720927 0.493523 0.721547 0.493126 0.721883 0.491600 0.725544 0.487072 0.728026 0.485484 0.729043 0.485708 0.730793 0.485026 0.731810 0.485249 0.734068 0.484679
0 0.482808 0.752094 0.483205 0.752714 0.485240 0.753161 0.486145 0.753894 0.488130 0.756996 0.489494 0.760495 0.489109 0.764677 0.488488 0.765074 0.487421 0.767505 0.484939 0.769093 0.480931 0.770345 0.476749 0.769960 0.476129 0.770357 0.471662 0.768842 0.471265 0.768222 0.469231 0.767775 0.467581 0.763146 0.468028 0.761112 0.467632 0.760491 0.468302 0.757439 0.471455 0.752799 0.473204 0.752117 0.475860 0.752167 0.478738 0.751200
0 0.617664 0.519361 0.619475 0.520826 0.621510 0.521273 0.623495 0.524375 0.623271 0.525393 0.623668 0.526013 0.623333 0.527539 0.623618 0.528668 0.622997 0.529065 0.622438 0.531609 0.620974 0.533420 0.618492 0.535008 0.617475 0.534784 0.616854 0.535181 0.615328 0.534846 0.614708 0.535243 0.613182 0.534908 0.612561 0.535304 0.611656 0.534572 0.610638 0.534349 0.607921 0.532152 0.606730 0.530291 0.606160 0.528032 0.606607 0.525997 0.606210 0.525377 0.606546 0.523851 0.607166 0.523454 0.607501 0.521928 0.608234 0.521022 0.609474 0.520228 0.610492 0.520452 0.615120 0.518802
0 0.327323 0.697668 0.328626 0.699021 0.329643 0.699244 0.330834 0.701106 0.330722 0.701614 0.332422 0.703587 0.332992 0.705846 0.332769 0.706863 0.333166 0.707484 0.331763 0.711441 0.328549 0.713935 0.328437 0.714444 0.327928 0.714332 0.325558 0.715411 0.324541 0.715187 0.323920 0.715584 0.317307 0.714131 0.316402 0.713399 0.314814 0.710917 0.314752 0.708771 0.313958 0.707530 0.314405 0.705495 0.315026 0.705098 0.315585 0.702554 0.316205 0.702157 0.316541 0.700631 0.320375 0.697741 0.321504 0.697456 0.323539 0.697903 0.324160 0.697506 0.326194 0.697953 0.326815 0.697556
0 0.238622 0.398752 0.241928 0.399479 0.242834 0.400211 0.246009 0.405175 0.246580 0.407433 0.245797 0.410994 0.245065 0.411900 0.243824 0.412694 0.242360 0.414505 0.241119 0.415299 0.238860 0.415869 0.232247 0.414416 0.231342 0.413684 0.229754 0.411202 0.229977 0.410185 0.228898 0.407815 0.230016 0.402727 0.230637 0.402331 0.230972 0.400805 0.232833 0.399614 0.232945 0.399105 0.235315 0.398026
0 0.379030 0.680766 0.379427 0.681387 0.380953 0.681722 0.383670 0.683918 0.385258 0.686400 0.386113 0.689788 0.385666 0.691823 0.386063 0.692443 0.385728 0.693969 0.385107 0.694366 0.383928 0.697307 0.380317 0.699179 0.378791 0.698844 0.378170 0.699241 0.373083 0.698123 0.372178 0.697391 0.369684 0.694177 0.369176 0.694065 0.369002 0.692428 0.367923 0.690057 0.368929 0.685479 0.369550 0.685082 0.369773 0.684065 0.370506 0.683159 0.375978 0.680095
0 0.818492 0.801852 0.824150 0.805228 0.827040 0.809062 0.827672 0.813467 0.826219 0.820080 0.824531 0.822909 0.819964 0.826705 0.817706 0.827275 0.811601 0.825934 0.810981 0.826331 0.810584 0.825711 0.807643 0.824531 0.804133 0.821094 0.802768 0.817594 0.802930 0.814430 0.802533 0.813810 0.803651 0.808723 0.806295 0.803971 0.809509 0.801478 0.814423 0.800958
0 0.561442 0.467014 0.561839 0.467635 0.564270 0.468702 0.566987 0.470899 0.567384 0.471519 0.567049 0.473046 0.567446 0.473666 0.567110 0.475192 0.567507 0.475813 0.566613 0.479882 0.565993 0.480279 0.565769 0.481296 0.563908 0.482487 0.562270 0.482661 0.559168 0.484645 0.558150 0.484422 0.557530 0.484819 0.557133 0.484198 0.554589 0.483639 0.554192 0.483019 0.551761 0.481952 0.550173 0.479470 0.549032 0.474953 0.549926 0.470883 0.551167 0.470089 0.552744 0.467769 0.555114 0.466691 0.557148 0.467138 0.557769 0.466741 0.560821 0.467411
0 0.359512 0.621552 0.359909 0.622173 0.362961 0.622843 0.365678 0.625040 0.367886 0.627125 0.370156 0.631356 0.370849 0.637908 0.370179 0.640960 0.367647 0.645203 0.364544 0.647188 0.358105 0.647373 0.352336 0.644505 0.349619 0.642309 0.346728 0.638474 0.344570 0.633734 0.344385 0.627294 0.344721 0.625768 0.346185 0.623957 0.349399 0.621463 0.354201 0.621452 0.356459 0.620881
0 0.930989 0.763111 0.931386 0.763732 0.933929 0.764291 0.934326 0.764911 0.935344 0.765135 0.937328 0.768237 0.937899 0.770495 0.937005 0.774565 0.936384 0.774962 0.935317 0.777394 0.932835 0.778982 0.930576 0.779552 0.927921 0.779502 0.927301 0.779899 0.924757 0.779340 0.920229 0.775679 0.919944 0.774549 0.920167 0.773532 0.919770 0.772911 0.920217 0.770877 0.919821 0.770256 0.920441 0.769859 0.921509 0.767428 0.924102 0.765331 0.924214 0.764822 0.926075 0.763632 0.929463 0.762776
0 0.559664 0.550345 0.560061 0.550965 0.562095 0.551412 0.562889 0.552653 0.562666 0.553671 0.563348 0.555420 0.563124 0.556438 0.563521 0.557058 0.563298 0.558076 0.563695 0.558696 0.563583 0.559205 0.560766 0.562319 0.560257 0.562207 0.559637 0.562604 0.557602 0.562157 0.556981 0.562554 0.554946 0.562107 0.554326 0.562504 0.553309 0.562280 0.552912 0.561660 0.551894 0.561436 0.551497 0.560816 0.550083 0.559972 0.550306 0.558954 0.549339 0.556075 0.550122 0.552514 0.553224 0.550530 0.553336 0.550021 0.553956 0.549624 0.554974 0.549848 0.555594 0.549451
0 0.289891 0.494272 0.290288 0.494892 0.292831 0.495451 0.294419 0.497933 0.294307 0.498441 0.294989 0.500191 0.294654 0.501717 0.294034 0.502114 0.293587 0.504149 0.292966 0.504546 0.290658 0.507771 0.289417 0.508565 0.288908 0.508453 0.288288 0.508851 0.286761 0.508515 0.286141 0.508912 0.282580 0.508130 0.282183 0.507509 0.281675 0.507397 0.280484 0.505536 0.279975 0.505424 0.280087 0.504916 0.279293 0.503675 0.279628 0.502149 0.278946 0.500399 0.279567 0.500002 0.279902 0.498476 0.280522 0.498079 0.280746 0.497062 0.282719 0.495362 0.282831 0.494853 0.284072 0.494060 0.284580 0.494171 0.286330 0.493489
0 0.729836 0.746645 0.733459 0.749574 0.735891 0.750641 0.737478 0.753123 0.738334 0.756511 0.736260 0.763521 0.733952 0.766746 0.727574 0.769078 0.725936 0.769251 0.718306 0.767575 0.714510 0.763008 0.713431 0.760638 0.713704 0.756965 0.713307 0.756344 0.715046 0.750861 0.717751 0.748255 0.723112 0.745701 0.727690 0.746706 0.728310 0.746309
0 0.998397 0.389849 0.998397 0.392828 0.998397 0.395025 0.998397 0.397507 0.998397 0.402024 0.998397 0.408240 0.998397 0.410051 0.998397 0.411577 0.998397 0.415261 0.998397 0.416464 0.998397 0.415458 0.998397 0.415855 0.998397 0.415519 0.992401 0.410791 0.991322 0.408420 0.990517 0.402378 0.991411 0.398308 0.995916 0.392366 0.998397 0.390778 0.998397 0.389067
0 0.744803 0.603288 0.745200 0.603908 0.747744 0.604467 0.749555 0.605931 0.750746 0.607793 0.750410 0.609319 0.750807 0.609939 0.749578 0.615535 0.748225 0.616838 0.748002 0.617855 0.745520 0.619443 0.744391 0.619728 0.742864 0.619393 0.742244 0.619790 0.740718 0.619454 0.740097 0.619851 0.737554 0.619292 0.734837 0.617096 0.733249 0.614614 0.732679 0.612355 0.732902 0.611338 0.732506 0.610717 0.733176 0.607665 0.733797 0.607268 0.734864 0.604837 0.737855 0.603361 0.741242 0.602505
0 0.623671 0.574540 0.624068 0.575161 0.627008 0.576340 0.629328 0.577916 0.631313 0.581019 0.631486 0.582656 0.632565 0.585026 0.631671 0.589096 0.629586 0.591304 0.629363 0.592322 0.625528 0.595212 0.624399 0.595497 0.622364 0.595050 0.621744 0.595447 0.616148 0.594217 0.615751 0.593597 0.612811 0.592418 0.611223 0.589936 0.609685 0.584799 0.610691 0.580220 0.612888 0.577504 0.616723 0.574613 0.618249 0.574949 0.622654 0.574317
0 0.653998 0.499615 0.654395 0.500236 0.657447 0.500906 0.657844 0.501527 0.659370 0.501862 0.660164 0.503103 0.660672 0.503215 0.660561 0.503723 0.662037 0.506714 0.661701 0.508240 0.662098 0.508860 0.661428 0.511913 0.660807 0.512310 0.660472 0.513836 0.659740 0.514741 0.656017 0.517123 0.651836 0.516737 0.651215 0.517134 0.647146 0.516240 0.646748 0.515620 0.644317 0.514552 0.642444 0.510941 0.642159 0.509812 0.643500 0.503708 0.644120 0.503311 0.644344 0.502293 0.648067 0.499912 0.650213 0.499850 0.650834 0.499453 0.651851 0.499677 0.652472 0.499280
0 0.372608 0.523111 0.373005 0.523731 0.374023 0.523955 0.374928 0.524687 0.377819 0.528522 0.378104 0.529651 0.377098 0.534229 0.376478 0.534626 0.376142 0.536152 0.375410 0.537058 0.374901 0.536946 0.372419 0.538534 0.372308 0.539043 0.370558 0.539725 0.369541 0.539501 0.368920 0.539898 0.366885 0.539451 0.366488 0.538830 0.362927 0.538048 0.361228 0.536075 0.361055 0.534437 0.360261 0.533196 0.360708 0.531161 0.360311 0.530541 0.361602 0.527092 0.362222 0.526695 0.362446 0.525677 0.363178 0.524772 0.365772 0.522675 0.367298 0.523011 0.367918 0.522614 0.370462 0.523173 0.371082 0.522776
0 0.685252 0.505416 0.685649 0.506036 0.690736 0.507154 0.693453 0.509350 0.694247 0.510591 0.694023 0.511609 0.694593 0.513867 0.693699 0.517937 0.693079 0.518334 0.692011 0.520765 0.687892 0.522527 0.684331 0.521744 0.683710 0.522141 0.680658 0.521470 0.677147 0.518033 0.676862 0.516904 0.677086 0.515886 0.676118 0.513007 0.676789 0.509955 0.678030 0.509161 0.679606 0.506841 0.681976 0.505762 0.683105 0.505477 0.684123 0.505701 0.684743 0.505304
0 0.366912 0.337886 0.367309 0.338506 0.372681 0.340753 0.376589 0.344811 0.378461 0.348422 0.378299 0.351586 0.378696 0.352207 0.377294 0.356164 0.373968 0.359167 0.368831 0.360704 0.362614 0.359872 0.361994 0.360269 0.356957 0.356496 0.355369 0.354014 0.354676 0.347462 0.356017 0.341358 0.358214 0.338641 0.360584 0.337562 0.365783 0.338171 0.366403 0.337774
0 0.200539 0.383986 0.200936 0.384606 0.201953 0.384830 0.202350 0.385450 0.203764 0.386294 0.204955 0.388156 0.205464 0.388268 0.205352 0.388776 0.205749 0.389397 0.205525 0.390414 0.205922 0.391035 0.205475 0.393069 0.204855 0.393466 0.204408 0.395501 0.203787 0.395898 0.202211 0.398218 0.199841 0.399297 0.198823 0.399074 0.198203 0.399471 0.197186 0.399247 0.196565 0.399644 0.194530 0.399197 0.194133 0.398576 0.193116 0.398353 0.192719 0.397732 0.191702 0.397509 0.191305 0.396888 0.189890 0.396044 0.190002 0.395536 0.189035 0.392657 0.189817 0.389096 0.189420 0.388475 0.190041 0.388079 0.190376 0.386553 0.190997 0.386156 0.191220 0.385138 0.191841 0.384741 0.191952 0.384232 0.193702 0.383550 0.194719 0.383774 0.195340 0.383377 0.196357 0.383601 0.196978 0.383204
0 0.241916 0.337466 0.242313 0.338086 0.245874 0.338868 0.246271 0.339489 0.247797 0.339824 0.248703 0.340556 0.252164 0.346649 0.251940 0.347667 0.252337 0.348287 0.251443 0.352357 0.250822 0.352754 0.250599 0.353771 0.249470 0.354056 0.246541 0.357679 0.243550 0.359155 0.236825 0.358211 0.233823 0.354885 0.231503 0.353308 0.231727 0.352291 0.231330 0.351670 0.231889 0.349127 0.231492 0.348507 0.232833 0.342402 0.233453 0.342005 0.233677 0.340988 0.235141 0.339177 0.241296 0.337862
0 0.430680 0.380159 0.431077 0.380780 0.432603 0.381115 0.433000 0.381735 0.434526 0.382071 0.435432 0.382803 0.438607 0.387767 0.437489 0.392854 0.436869 0.393251 0.436645 0.394268 0.435913 0.395174 0.432811 0.397158 0.431682 0.397443 0.430664 0.397220 0.430044 0.397617 0.429026 0.397393 0.426768 0.397964 0.420775 0.396114 0.420378 0.395493 0.419361 0.395270 0.418567 0.394029 0.417712 0.390641 0.418382 0.387589 0.420579 0.384872 0.420802 0.383855 0.422664 0.382664 0.422776 0.382155 0.423284 0.382267 0.425146 0.381076 0.429154 0.379824
0 0.614083 0.297806 0.618550 0.299321 0.623028 0.305638 0.623325 0.311568 0.622207 0.316655 0.618769 0.320166 0.612788 0.323118 0.610753 0.322671 0.610133 0.323068 0.603011 0.321503 0.599674 0.319704 0.597689 0.316601 0.596202 0.308809 0.597208 0.304230 0.599292 0.302022 0.599516 0.301005 0.604592 0.297321 0.608264 0.297594 0.611031 0.297136
0 0.359979 0.580594 0.364507 0.584255 0.365301 0.585496 0.365586 0.586625 0.365362 0.587643 0.365759 0.588263 0.365200 0.590807 0.365597 0.591427 0.365262 0.592953 0.364642 0.593350 0.364418 0.594368 0.362954 0.596179 0.361713 0.596973 0.358325 0.597828 0.357308 0.597605 0.356687 0.598002 0.354144 0.597443 0.353747 0.596822 0.352221 0.596487 0.351824 0.595866 0.350806 0.595643 0.349901 0.594911 0.349107 0.593670 0.347966 0.589153 0.348587 0.588756 0.349481 0.584687 0.352410 0.581064 0.355065 0.581114 0.358453 0.580259
0 0.183678 0.633045 0.184075 0.633666 0.187015 0.634845 0.189732 0.637042 0.191717 0.640144 0.192461 0.644040 0.191678 0.647601 0.191058 0.647998 0.189258 0.651335 0.186156 0.653320 0.183389 0.653778 0.181863 0.653443 0.181242 0.653840 0.177173 0.652946 0.176776 0.652326 0.174344 0.651258 0.172074 0.647026 0.172298 0.646009 0.171727 0.643751 0.172621 0.639681 0.173242 0.639284 0.173577 0.637758 0.175153 0.635438 0.177015 0.634247 0.180402 0.633392 0.183058 0.633442
0 0.171788 0.491786 0.175094 0.492512 0.177476 0.496235 0.177934 0.499002 0.178728 0.500243 0.178169 0.502787 0.177549 0.503184 0.177325 0.504201 0.175129 0.506918 0.171629 0.508282 0.165016 0.506829 0.163205 0.505365 0.162411 0.504124 0.161953 0.501357 0.161159 0.500116 0.161941 0.496555 0.163294 0.495252 0.163517 0.494235 0.168481 0.491059
0 0.331062 0.678226 0.332538 0.681216 0.332426 0.681725 0.333679 0.685733 0.332896 0.689294 0.330414 0.690881 0.330303 0.691390 0.327932 0.692469 0.323354 0.691463 0.322734 0.691860 0.321716 0.691637 0.321319 0.691016 0.320811 0.690904 0.318144 0.686052 0.318479 0.684526 0.318082 0.683906 0.318418 0.682380 0.319038 0.681983 0.320614 0.679663 0.324846 0.677393 0.329424 0.678399 0.330045 0.678002
0 0.553635 0.415173 0.555446 0.416637 0.558621 0.421601 0.557504 0.426688 0.556039 0.428499 0.553446 0.430596 0.552937 0.430484 0.551696 0.431278 0.550170 0.430943 0.549549 0.431339 0.549152 0.430719 0.547118 0.430272 0.546721 0.429651 0.545195 0.429316 0.544798 0.428696 0.543780 0.428472 0.541399 0.424749 0.541622 0.423732 0.541052 0.421474 0.541276 0.420456 0.541896 0.420059 0.542343 0.418025 0.543584 0.417231 0.545048 0.415419 0.546289 0.414625 0.547307 0.414849 0.547927 0.414452 0.550979 0.415123 0.551600 0.414726
0 0.786190 0.310558 0.792356 0.314045 0.793832 0.317036 0.794861 0.322061 0.794302 0.324605 0.794699 0.325225 0.793296 0.329183 0.790255 0.333314 0.786533 0.335696 0.780490 0.336501 0.780093 0.335881 0.773988 0.334540 0.770366 0.331611 0.768778 0.329129 0.767923 0.325741 0.768247 0.319413 0.772355 0.312850 0.776586 0.310581 0.779974 0.309725 0.785061 0.310843 0.785681 0.310446
0 0.108387 0.378670 0.108784 0.379291 0.110198 0.380135 0.110992 0.381375 0.111501 0.381487 0.112753 0.385495 0.112082 0.388547 0.111462 0.388944 0.111238 0.389962 0.110618 0.390359 0.109550 0.392790 0.108309 0.393584 0.107801 0.393473 0.106051 0.394155 0.098421 0.392478 0.098024 0.391858 0.096609 0.391014 0.095815 0.389773 0.096039 0.388755 0.095642 0.388135 0.095866 0.387117 0.095469 0.386497 0.096251 0.382936 0.096872 0.382539 0.097095 0.381522 0.097716 0.381125 0.098560 0.379711 0.100421 0.378520 0.100930 0.378631 0.101550 0.378235 0.104602 0.378905 0.105223 0.378508 0.107766 0.379067
0 0.510507 0.405164 0.516449 0.409669 0.518322 0.413280 0.517316 0.417858 0.516696 0.418255 0.516361 0.419781 0.512526 0.422672 0.510268 0.423242 0.509250 0.423018 0.508630 0.423415 0.507104 0.423080 0.506483 0.423477 0.504957 0.423142 0.504560 0.422521 0.503543 0.422298 0.501732 0.420833 0.499350 0.417110 0.498780 0.414852 0.499003 0.413835 0.498606 0.413214 0.499612 0.408636 0.500853 0.407842 0.500965 0.407333 0.503956 0.405857 0.508472 0.404717
0 0.575743 0.683459 0.579304 0.684242 0.582418 0.687059 0.584006 0.689541 0.583782 0.690558 0.584464 0.692308 0.583459 0.696886 0.582218 0.697680 0.581374 0.699094 0.577142 0.701364 0.576013 0.701649 0.570926 0.700531 0.570305 0.700928 0.569288 0.700705 0.567477 0.699240 0.566286 0.697379 0.565777 0.697267 0.564983 0.696026 0.563731 0.692018 0.564625 0.687949 0.565246 0.687552 0.565693 0.685517 0.568174 0.683929 0.569812 0.683756 0.572182 0.682677
0 0.981093 0.501093 0.981490 0.501713 0.983016 0.502048 0.983413 0.502669 0.985844 0.503736 0.987147 0.505089 0.990037 0.508924 0.990496 0.511691 0.991290 0.512932 0.990507 0.516492 0.987914 0.518589 0.987690 0.519606 0.982726 0.522782 0.980691 0.522335 0.980071 0.522732 0.974984 0.521614 0.974587 0.520994 0.972155 0.519926 0.968868 0.515471 0.969315 0.513436 0.968918 0.512816 0.970036 0.507729 0.970657 0.507332 0.970880 0.506314 0.973697 0.503200 0.974206 0.503312 0.976688 0.501725 0.980584 0.500981
0 0.445936 0.665071 0.446333 0.665691 0.447859 0.666026 0.448256 0.666647 0.449670 0.667491 0.452164 0.670705 0.451158 0.675283 0.450537 0.675680 0.450314 0.676698 0.449693 0.677094 0.449582 0.677603 0.447100 0.679191 0.446591 0.679079 0.444841 0.679761 0.443824 0.679538 0.443204 0.679935 0.441169 0.679488 0.440772 0.678867 0.439754 0.678644 0.439358 0.678023 0.438340 0.677800 0.437943 0.677179 0.436529 0.676335 0.436641 0.675826 0.435959 0.674077 0.436182 0.673059 0.435500 0.671310 0.436120 0.670913 0.437412 0.667464 0.439273 0.666273 0.439782 0.666385 0.443790 0.665132 0.445316 0.665468
0 0.787947 0.785542 0.788344 0.786163 0.790379 0.786610 0.790776 0.787230 0.792302 0.787565 0.793208 0.788298 0.794795 0.790780 0.795081 0.791909 0.794857 0.792926 0.795539 0.794676 0.795316 0.795693 0.794695 0.796090 0.794136 0.798633 0.792275 0.799824 0.791431 0.801239 0.790190 0.802032 0.789061 0.802318 0.787535 0.801982 0.786914 0.802379 0.782224 0.801882 0.781827 0.801262 0.780301 0.800926 0.778490 0.799462 0.777299 0.797600 0.777523 0.796583 0.777126 0.795963 0.778243 0.790876 0.779708 0.789064 0.780949 0.788271 0.781060 0.787762 0.782922 0.786571 0.783431 0.786683 0.786421 0.785207
0 0.501064 0.472412 0.502875 0.473877 0.503669 0.475118 0.504178 0.475230 0.504463 0.476359 0.506448 0.479461 0.506733 0.480590 0.506174 0.483134 0.506571 0.483754 0.505107 0.485566 0.504883 0.486583 0.503642 0.487377 0.503530 0.487886 0.503022 0.487774 0.501160 0.488965 0.498902 0.489535 0.494832 0.488641 0.494435 0.488020 0.492909 0.487685 0.492512 0.487064 0.491495 0.486841 0.489510 0.483739 0.489225 0.482609 0.489560 0.481083 0.489163 0.480463 0.489946 0.476902 0.490566 0.476505 0.490790 0.475488 0.492254 0.473676 0.494736 0.472089 0.496771 0.472536 0.497391 0.472139 0.500444 0.472809
0 0.474805 0.689011 0.475202 0.689631 0.477745 0.690190 0.478142 0.690811 0.479159 0.691034 0.480747 0.693516 0.480635 0.694025 0.481429 0.695266 0.480535 0.699335 0.479915 0.699732 0.479803 0.700241 0.476080 0.702623 0.475571 0.702511 0.473822 0.703193 0.472804 0.702969 0.472184 0.703366 0.469132 0.702696 0.467432 0.700722 0.466923 0.700611 0.466750 0.698973 0.465956 0.697732 0.466068 0.697223 0.465671 0.696603 0.466453 0.693042 0.468427 0.691342 0.468538 0.690834 0.471020 0.689246 0.471529 0.689358 0.473279 0.688676
0 0.106319 0.482734 0.106716 0.483355 0.110054 0.485154 0.111530 0.488145 0.112100 0.490403 0.111876 0.491421 0.112559 0.493170 0.112111 0.495205 0.112508 0.495826 0.111502 0.500404 0.109529 0.502103 0.105013 0.503244 0.101849 0.503082 0.101228 0.503479 0.095459 0.500612 0.093078 0.496889 0.092792 0.495760 0.093239 0.493725 0.092843 0.493105 0.093848 0.488526 0.094469 0.488129 0.094804 0.486603 0.096889 0.484395 0.099371 0.482807 0.100388 0.483031 0.104285 0.482287
0 0.137629 0.393627 0.139329 0.395600 0.139837 0.395712 0.139726 0.396221 0.141995 0.400452 0.141548 0.402487 0.141945 0.403108 0.141722 0.404125 0.140369 0.405428 0.140034 0.406954 0.138172 0.408144 0.137664 0.408033 0.136423 0.408827 0.135405 0.408603 0.134785 0.409000 0.132750 0.408553 0.132353 0.407932 0.128792 0.407150 0.128395 0.406529 0.126981 0.405686 0.126187 0.404445 0.126411 0.403427 0.126014 0.402807 0.126349 0.401281 0.125952 0.400660 0.126287 0.399134 0.126908 0.398737 0.127355 0.396702 0.127975 0.396305 0.129552 0.393985 0.130793 0.393192 0.131301 0.393303 0.131922 0.392906 0.137009 0.394024
0 0.498888 0.365816 0.500191 0.367169 0.501208 0.367393 0.504434 0.369701 0.505401 0.372580 0.505239 0.375744 0.505636 0.376364 0.504904 0.377270 0.504457 0.379305 0.502260 0.382022 0.500399 0.383212 0.498140 0.383783 0.496614 0.383447 0.495994 0.383844 0.491924 0.382950 0.491527 0.382330 0.488475 0.381659 0.487681 0.380418 0.487173 0.380306 0.486602 0.378048 0.485412 0.376187 0.485635 0.375169 0.485065 0.372911 0.485847 0.369350 0.489285 0.365839 0.491655 0.364760 0.494707 0.365431 0.495327 0.365034
0 0.111760 0.513792 0.112157 0.514412 0.113175 0.514636 0.114080 0.515368 0.116462 0.519091 0.117032 0.521349 0.116697 0.522875 0.117094 0.523496 0.116870 0.524513 0.116250 0.524910 0.115803 0.526945 0.112477 0.529947 0.112365 0.530456 0.110107 0.531026 0.109089 0.530803 0.108469 0.531200 0.105926 0.530641 0.105529 0.530020 0.102476 0.529350 0.100777 0.527376 0.100604 0.525739 0.099810 0.524498 0.100927 0.519411 0.101548 0.519014 0.101771 0.517996 0.103236 0.516185 0.105097 0.514994 0.106735 0.514821 0.107976 0.514027 0.108993 0.514251 0.111252 0.513680
0 0.699212 0.437026 0.705439 0.442661 0.707312 0.446272 0.707944 0.450677 0.705871 0.457687 0.704294 0.460007 0.703053 0.460800 0.700398 0.460750 0.697519 0.461718 0.694244 0.462064 0.687122 0.460500 0.684914 0.458415 0.681056 0.451701 0.681280 0.450684 0.680597 0.448934 0.681889 0.445485 0.684197 0.442259 0.692263 0.437099 0.698591 0.437423
0 0.678132 0.622767 0.683678 0.626652 0.685774 0.629246 0.686803 0.634271 0.685909 0.638341 0.684333 0.640661 0.680101 0.642931 0.678575 0.642595 0.674679 0.643339 0.667669 0.641266 0.663761 0.637207 0.662620 0.632691 0.663626 0.628112 0.666443 0.624999 0.670166 0.622617 0.672822 0.622667 0.673442 0.622270 0.677003 0.623053 0.677623 0.622656
0 0.649309 0.428728 0.649706 0.429349 0.651741 0.429796 0.652138 0.430416 0.654172 0.430863 0.655078 0.431596 0.658762 0.436671 0.659729 0.439550 0.659394 0.441076 0.659791 0.441696 0.659344 0.443731 0.658612 0.444637 0.654157 0.447924 0.650149 0.449176 0.647097 0.448506 0.646476 0.448903 0.643424 0.448232 0.642518 0.447500 0.640930 0.445018 0.638722 0.442933 0.637978 0.439037 0.638537 0.436493 0.638252 0.435364 0.639605 0.434062 0.640561 0.432139 0.645413 0.429472 0.648800 0.428616
0 0.484306 0.315686 0.484703 0.316306 0.487247 0.316865 0.487644 0.317486 0.489170 0.317821 0.491155 0.320923 0.492010 0.324311 0.491787 0.325328 0.492183 0.325949 0.491563 0.326346 0.490892 0.329398 0.487567 0.332400 0.485308 0.332970 0.483782 0.332635 0.483162 0.333032 0.480109 0.332361 0.479489 0.332758 0.479092 0.332138 0.477566 0.331802 0.475755 0.330338 0.474961 0.329097 0.475184 0.328080 0.474105 0.325710 0.475223 0.320623 0.476687 0.318811 0.480410 0.316430 0.480919 0.316541 0.483289 0.315462
0 0.577196 0.487540 0.578386 0.489401 0.578275 0.489910 0.579068 0.491151 0.578957 0.491660 0.579354 0.492280 0.578683 0.495332 0.578063 0.495729 0.577727 0.497255 0.577107 0.497652 0.576771 0.499178 0.573669 0.501163 0.567056 0.499710 0.566262 0.498469 0.565754 0.498357 0.564563 0.496496 0.564898 0.494970 0.564501 0.494349 0.565395 0.490280 0.566016 0.489883 0.566127 0.489374 0.570471 0.486596 0.574032 0.487378 0.574652 0.486981
0 0.483794 0.526743 0.484191 0.527363 0.484700 0.527475 0.485891 0.529337 0.485779 0.529845 0.486176 0.530466 0.485058 0.535553 0.484438 0.535950 0.484214 0.536967 0.483594 0.537364 0.483370 0.538382 0.481509 0.539572 0.481397 0.540081 0.479647 0.540763 0.477613 0.540316 0.477216 0.539696 0.475181 0.539248 0.474784 0.538628 0.473767 0.538404 0.473878 0.537896 0.473196 0.536146 0.473643 0.534111 0.473246 0.533491 0.474140 0.529421 0.474761 0.529024 0.474985 0.528007 0.475605 0.527610 0.475717 0.527101 0.478596 0.526134 0.480122 0.526469 0.480742 0.526072
0 0.466332 0.547969 0.466729 0.548590 0.467747 0.548814 0.468144 0.549434 0.468652 0.549546 0.470637 0.552648 0.469519 0.557735 0.468899 0.558132 0.468675 0.559149 0.468055 0.559546 0.467943 0.560055 0.466082 0.561246 0.465573 0.561134 0.464953 0.561531 0.463935 0.561307 0.463315 0.561704 0.460771 0.561145 0.460374 0.560525 0.458960 0.559681 0.457769 0.557820 0.457993 0.556802 0.457596 0.556182 0.457707 0.555673 0.456914 0.554432 0.457137 0.553415 0.457758 0.553018 0.458205 0.550983 0.460066 0.549792 0.460178 0.549284 0.462039 0.548093 0.462548 0.548204 0.464298 0.547522
0 0.446696 0.392210 0.447093 0.392831 0.448110 0.393054 0.449016 0.393786 0.450207 0.395648 0.452924 0.397845 0.454573 0.402473 0.453282 0.405922 0.451309 0.407622 0.451197 0.408130 0.448827 0.409209 0.447809 0.408986 0.445551 0.409556 0.444025 0.409221 0.443405 0.409618 0.442387 0.409394 0.440576 0.407930 0.439782 0.406689 0.439273 0.406577 0.436495 0.402234 0.436718 0.401216 0.437339 0.400819 0.437898 0.398276 0.438518 0.397879 0.438742 0.396862 0.439474 0.395956 0.445058 0.392384 0.446076 0.392607
0 0.748083 0.581078 0.748480 0.581699 0.751929 0.582990 0.754931 0.586316 0.754993 0.588462 0.755675 0.590212 0.754781 0.594281 0.754160 0.594678 0.753601 0.597222 0.751405 0.599939 0.749543 0.601130 0.748414 0.601415 0.746379 0.600968 0.745759 0.601365 0.743215 0.600806 0.742595 0.601203 0.741578 0.600979 0.741181 0.600359 0.738637 0.599800 0.738240 0.599179 0.736714 0.598844 0.735808 0.598112 0.734729 0.595742 0.734953 0.594724 0.734271 0.592975 0.734494 0.591957 0.733924 0.589699 0.735327 0.585741 0.737524 0.583024 0.740005 0.581436 0.742661 0.581487 0.745540 0.580519
0 0.458680 0.725995 0.461397 0.728192 0.463890 0.731406 0.465304 0.732250 0.466098 0.733491 0.465936 0.736655 0.466333 0.737276 0.465713 0.737673 0.465266 0.739707 0.464645 0.740104 0.464422 0.741122 0.462225 0.743839 0.459743 0.745426 0.457597 0.745488 0.456976 0.745885 0.455959 0.745661 0.455338 0.746058 0.451889 0.744767 0.450586 0.743415 0.448663 0.742459 0.447238 0.736813 0.447685 0.734778 0.447288 0.734158 0.448802 0.729691 0.451396 0.727595 0.451508 0.727086 0.453766 0.726516 0.458059 0.726393
0 0.359996 0.493144 0.360392 0.493764 0.361807 0.494608 0.362998 0.496469 0.362886 0.496978 0.363853 0.499857 0.363406 0.501892 0.362785 0.502289 0.362450 0.503815 0.361209 0.504609 0.360365 0.506023 0.358504 0.507214 0.357995 0.507102 0.357375 0.507499 0.353305 0.506605 0.352908 0.505984 0.350873 0.505537 0.349571 0.504185 0.349794 0.503167 0.349397 0.502547 0.350515 0.497460 0.351136 0.497063 0.351471 0.495537 0.352091 0.495140 0.352315 0.494122 0.352935 0.493725 0.353444 0.493837 0.356323 0.492870 0.357340 0.493093 0.357961 0.492697
0 0.628133 0.408611 0.629435 0.409964 0.632773 0.411764 0.634360 0.414245 0.636295 0.420003 0.635959 0.421529 0.635339 0.421926 0.635004 0.423452 0.629928 0.427136 0.628799 0.427421 0.627273 0.427086 0.626652 0.427483 0.625126 0.427148 0.622868 0.427718 0.621962 0.426986 0.619419 0.426427 0.619022 0.425807 0.616478 0.425248 0.615176 0.423895 0.614382 0.422654 0.613465 0.417120 0.614979 0.412654 0.617176 0.409937 0.620167 0.408461 0.621184 0.408684 0.623442 0.408114 0.624969 0.408449 0.625589 0.408052
0 0.261909 0.699293 0.262306 0.699914 0.263720 0.700758 0.264911 0.702619 0.264799 0.703128 0.265481 0.704877 0.264140 0.710982 0.263520 0.711379 0.263408 0.711887 0.260306 0.713872 0.259288 0.713649 0.258668 0.714045 0.256633 0.713598 0.256236 0.712978 0.255219 0.712754 0.254822 0.712134 0.253407 0.711290 0.251820 0.708808 0.251931 0.708299 0.251535 0.707679 0.251758 0.706662 0.251361 0.706041 0.251920 0.703498 0.252540 0.703101 0.252764 0.702083 0.253384 0.701686 0.253608 0.700669 0.255469 0.699478 0.255978 0.699590 0.257728 0.698908 0.258745 0.699131 0.259366 0.698734
0 0.333826 0.369544 0.334223 0.370165 0.335241 0.370388 0.335638 0.371009 0.337561 0.371964 0.338355 0.373205 0.340166 0.374670 0.342150 0.377772 0.341815 0.379298 0.342212 0.379919 0.341541 0.382971 0.340921 0.383368 0.340586 0.384894 0.336242 0.387672 0.334208 0.387225 0.333587 0.387622 0.327483 0.386281 0.327086 0.385661 0.326068 0.385437 0.324257 0.383973 0.321764 0.380759 0.321926 0.377595 0.321529 0.376974 0.322311 0.373413 0.323043 0.372508 0.325637 0.370411 0.327895 0.369841 0.330551 0.369891 0.331171 0.369494 0.332697 0.369829 0.333318 0.369432
0 0.398482 0.570390 0.398879 0.571010 0.400914 0.571457 0.400802 0.571966 0.402390 0.574448 0.402278 0.574957 0.402675 0.575577 0.402451 0.576594 0.402848 0.577215 0.401954 0.581284 0.401334 0.581681 0.401110 0.582699 0.398628 0.584287 0.397611 0.584063 0.396990 0.584460 0.391395 0.583230 0.389807 0.580749 0.389919 0.580240 0.389522 0.579619 0.389857 0.578093 0.389460 0.577473 0.389684 0.576455 0.389287 0.575835 0.389907 0.575438 0.390578 0.572386 0.391819 0.571592 0.391931 0.571083 0.394412 0.569496
0 0.300980 0.383124 0.301377 0.383745 0.304318 0.384924 0.307320 0.388250 0.307158 0.391414 0.307555 0.392035 0.307219 0.393561 0.306599 0.393957 0.306040 0.396501 0.302379 0.401029 0.299897 0.402617 0.298768 0.402902 0.296733 0.402455 0.296113 0.402852 0.293060 0.402181 0.288023 0.398408 0.285642 0.394686 0.285580 0.392539 0.284786 0.391298 0.285457 0.388246 0.288386 0.384623 0.290868 0.383036 0.296402 0.382118
0 0.429432 0.354289 0.429829 0.354909 0.430846 0.355133 0.431243 0.355753 0.432260 0.355977 0.433451 0.357838 0.433228 0.358855 0.433910 0.360605 0.433239 0.363657 0.432619 0.364054 0.431775 0.365468 0.430534 0.366262 0.430422 0.366771 0.428560 0.367962 0.427543 0.367738 0.425793 0.368420 0.425396 0.367800 0.423870 0.367465 0.423473 0.366844 0.422456 0.366621 0.422059 0.366000 0.420645 0.365156 0.419851 0.363915 0.419963 0.363406 0.419281 0.361657 0.420175 0.357587 0.420795 0.357190 0.421019 0.356173 0.421639 0.355776 0.421751 0.355267 0.422992 0.354473 0.424009 0.354697 0.424630 0.354300 0.425647 0.354524 0.426268 0.354127 0.427285 0.354350 0.427906 0.353953
0 0.723462 0.278111 0.723859 0.278732 0.726403 0.279291 0.726800 0.279911 0.729231 0.280979 0.730534 0.282332 0.732010 0.285322 0.732518 0.285434 0.732804 0.286563 0.731686 0.291650 0.728025 0.296178 0.725543 0.297766 0.722155 0.298621 0.718595 0.297839 0.717974 0.298236 0.715939 0.297789 0.715542 0.297168 0.713111 0.296101 0.711808 0.294748 0.710791 0.294525 0.709426 0.291025 0.709700 0.287353 0.709303 0.286732 0.710706 0.282774 0.713635 0.279152 0.714876 0.278358 0.720410 0.277441
0 0.198475 0.276881 0.203562 0.277999 0.205373 0.279463 0.206564 0.281325 0.206737 0.282963 0.207531 0.284204 0.206637 0.288273 0.204155 0.289861 0.202691 0.291672 0.199812 0.292639 0.195742 0.291745 0.195122 0.292142 0.193087 0.291695 0.192181 0.290963 0.190594 0.288481 0.190420 0.286843 0.189229 0.284982 0.190124 0.280912 0.191476 0.279610 0.191700 0.278592 0.194802 0.276608 0.195931 0.276322
0 0.637056 0.785451 0.642489 0.789844 0.643345 0.793232 0.642674 0.796284 0.640478 0.799001 0.637487 0.800477 0.635229 0.801047 0.634211 0.800824 0.633591 0.801221 0.630539 0.800550 0.630142 0.799930 0.628616 0.799594 0.628219 0.798974 0.627201 0.798750 0.626296 0.798018 0.626407 0.797509 0.625614 0.796268 0.625043 0.794010 0.625826 0.790449 0.626446 0.790052 0.626670 0.789035 0.628134 0.787224 0.629995 0.786033 0.633383 0.785177 0.634400 0.785401 0.635021 0.785004
0 0.238644 0.443551 0.239947 0.444904 0.243793 0.446815 0.245889 0.449409 0.246459 0.451667 0.246124 0.453193 0.246521 0.453814 0.245962 0.456357 0.245342 0.456754 0.244162 0.459695 0.241060 0.461679 0.235414 0.463105 0.231853 0.462323 0.231456 0.461702 0.229422 0.461255 0.227610 0.459791 0.227152 0.457024 0.226358 0.455783 0.226805 0.453748 0.226408 0.453127 0.227190 0.449567 0.227811 0.449170 0.228146 0.447643 0.228767 0.447247 0.229834 0.444815 0.232316 0.443227 0.234860 0.443786 0.235480 0.443389 0.237515 0.443836 0.238135 0.443439
0 0.791891 0.733616 0.796704 0.738406 0.798292 0.740888 0.799209 0.746422 0.798203 0.751001 0.796006 0.753718 0.793015 0.755193 0.791489 0.754858 0.787593 0.755602 0.785558 0.755155 0.785161 0.754534 0.782109 0.753864 0.779789 0.752288 0.778598 0.750426 0.777458 0.745909 0.777223 0.742125 0.777843 0.741728 0.778402 0.739185 0.779643 0.738391 0.780487 0.736976 0.784210 0.734595 0.786865 0.734645 0.791382 0.733504
0 0.351730 0.438535 0.353033 0.439888 0.354050 0.440111 0.355861 0.441576 0.358863 0.444902 0.359719 0.448289 0.359048 0.451341 0.358428 0.451738 0.357757 0.454791 0.355163 0.456887 0.350647 0.458028 0.345957 0.457530 0.345560 0.456910 0.344034 0.456575 0.342222 0.455110 0.340635 0.452628 0.340858 0.451611 0.340461 0.450990 0.340908 0.448956 0.340511 0.448335 0.341406 0.444266 0.342026 0.443869 0.343094 0.441437 0.344335 0.440643 0.344446 0.440134 0.351221 0.438423
0 0.495696 0.707999 0.496093 0.708619 0.497110 0.708843 0.497507 0.709463 0.498524 0.709687 0.500336 0.711151 0.502320 0.714254 0.502605 0.715383 0.501711 0.719452 0.501091 0.719849 0.500867 0.720867 0.499403 0.722678 0.493757 0.724104 0.490196 0.723321 0.488894 0.721969 0.487876 0.721745 0.486970 0.721013 0.485383 0.718531 0.485606 0.717514 0.485209 0.716893 0.485992 0.713332 0.485707 0.712203 0.486948 0.711409 0.488412 0.709598 0.489653 0.708804 0.491911 0.708234 0.494567 0.708284 0.495187 0.707887
0 0.443273 0.708746 0.443669 0.709366 0.444178 0.709478 0.445766 0.711960 0.445654 0.712468 0.447242 0.714950 0.447018 0.715968 0.447415 0.716588 0.446856 0.719132 0.446236 0.719529 0.445392 0.720943 0.441669 0.723325 0.441160 0.723213 0.439919 0.724007 0.437376 0.723448 0.436979 0.722827 0.434944 0.722380 0.434547 0.721760 0.433530 0.721536 0.433133 0.720916 0.432624 0.720804 0.431545 0.718434 0.432104 0.715890 0.431707 0.715270 0.431931 0.714253 0.432551 0.713856 0.433110 0.711312 0.433730 0.710915 0.433954 0.709898 0.434574 0.709501 0.434686 0.708992 0.436548 0.707801 0.438582 0.708248 0.439203 0.707852
0 0.467484 0.367982 0.467881 0.368602 0.469916 0.369049 0.470312 0.369670 0.471330 0.369893 0.471218 0.370402 0.472297 0.372772 0.471738 0.375316 0.472135 0.375936 0.471912 0.376953 0.471291 0.377350 0.470844 0.379385 0.470224 0.379782 0.470112 0.380291 0.467630 0.381878 0.467121 0.381767 0.465880 0.382561 0.465372 0.382449 0.464751 0.382846 0.463225 0.382510 0.462605 0.382907 0.461587 0.382684 0.461190 0.382063 0.460173 0.381840 0.459776 0.381219 0.459267 0.381108 0.456886 0.377385 0.457221 0.375859 0.456824 0.375238 0.457495 0.372186 0.458115 0.371789 0.458959 0.370375 0.460821 0.369184 0.461329 0.369296 0.463811 0.367708 0.464320 0.367820 0.464940 0.367423
0 0.841335 0.479451 0.841732 0.480072 0.846310 0.481078 0.846707 0.481698 0.848122 0.482542 0.849597 0.485533 0.849262 0.487059 0.849659 0.487679 0.848988 0.490731 0.848368 0.491128 0.848033 0.492654 0.845551 0.494242 0.845042 0.494130 0.844422 0.494527 0.842896 0.494192 0.842275 0.494589 0.840749 0.494254 0.840128 0.494651 0.838094 0.494204 0.837473 0.494600 0.837076 0.493980 0.835662 0.493136 0.834868 0.491895 0.834359 0.491783 0.833169 0.489922 0.833280 0.489413 0.832883 0.488793 0.833107 0.487775 0.832710 0.487155 0.833381 0.484103 0.834001 0.483706 0.834225 0.482688 0.834845 0.482291 0.834957 0.481783 0.836818 0.480592 0.837327 0.480704 0.838568 0.479910 0.839585 0.480133 0.840826 0.479339
0 0.754962 0.811890 0.755359 0.812510 0.757791 0.813578 0.760508 0.815775 0.761587 0.818145 0.761425 0.821309 0.760804 0.821706 0.760246 0.824249 0.759625 0.824646 0.758557 0.827078 0.753085 0.830141 0.751956 0.830427 0.748395 0.829644 0.747998 0.829024 0.745963 0.828577 0.745566 0.827956 0.744549 0.827733 0.742453 0.825139 0.742564 0.824630 0.741770 0.823389 0.742217 0.821355 0.741821 0.820734 0.742827 0.816156 0.743447 0.815759 0.744514 0.813327 0.746996 0.811740 0.748125 0.811454 0.749652 0.811790 0.750272 0.811393 0.753833 0.812175 0.754453 0.811778
0 0.902003 0.831932 0.903815 0.833396 0.906196 0.837119 0.906482 0.838249 0.906258 0.839266 0.906655 0.839886 0.905873 0.843447 0.905252 0.843844 0.905029 0.844862 0.900685 0.847640 0.899668 0.847417 0.899047 0.847814 0.892434 0.846361 0.892037 0.845740 0.891020 0.845517 0.889035 0.842414 0.888750 0.841285 0.888974 0.840268 0.888577 0.839647 0.889583 0.835069 0.890203 0.834672 0.890427 0.833655 0.894149 0.831273 0.895279 0.830988 0.898331 0.831658 0.898951 0.831261
0 0.462553 0.266646 0.462950 0.267266 0.463967 0.267490 0.464364 0.268110 0.465778 0.268954 0.467478 0.270928 0.467366 0.271436 0.467763 0.272057 0.467316 0.274092 0.467713 0.274712 0.467377 0.276238 0.466757 0.276635 0.466422 0.278161 0.465801 0.278558 0.465466 0.280084 0.464845 0.280481 0.464734 0.280990 0.463493 0.281784 0.462984 0.281672 0.461234 0.282354 0.459200 0.281907 0.458579 0.282304 0.455130 0.281013 0.453430 0.279040 0.452922 0.278928 0.451843 0.276558 0.452290 0.274523 0.451893 0.273903 0.452675 0.270342 0.453296 0.269945 0.453519 0.268927 0.454140 0.268530 0.454251 0.268022 0.456113 0.266831 0.456622 0.266943 0.458371 0.266261 0.459389 0.266484 0.460009 0.266087
0 0.714757 0.701204 0.715154 0.701825 0.718715 0.702607 0.719112 0.703228 0.721035 0.704184 0.723814 0.708527 0.724099 0.709656 0.723875 0.710673 0.724272 0.711294 0.723490 0.714855 0.722869 0.715252 0.722646 0.716269 0.721405 0.717063 0.720561 0.718477 0.717570 0.719953 0.716553 0.719730 0.715932 0.720127 0.714915 0.719903 0.714518 0.719283 0.708922 0.718053 0.707111 0.716589 0.705350 0.712469 0.706915 0.705347 0.708379 0.703536 0.709620 0.702742 0.709732 0.702233 0.713231 0.700869
0 0.847250 0.755911 0.849061 0.757376 0.851840 0.761719 0.852410 0.763977 0.852075 0.765503 0.852472 0.766124 0.851689 0.769685 0.848984 0.772290 0.848475 0.772178 0.844864 0.774051 0.843847 0.773827 0.842097 0.774510 0.835484 0.773057 0.835087 0.772436 0.834070 0.772213 0.832370 0.770239 0.832197 0.768602 0.830721 0.765611 0.831056 0.764085 0.830486 0.761827 0.832794 0.758601 0.837138 0.755822 0.838887 0.755140 0.842560 0.755414 0.843180 0.755017
0 0.354886 0.671728 0.355283 0.672349 0.357318 0.672796 0.357715 0.673417 0.358732 0.673640 0.361114 0.677363 0.360443 0.680415 0.360840 0.681036 0.360220 0.681432 0.359437 0.684993 0.358817 0.685390 0.358370 0.687425 0.357129 0.688219 0.355664 0.690030 0.353406 0.690600 0.350863 0.690042 0.350242 0.690439 0.347699 0.689880 0.345887 0.688415 0.344697 0.686554 0.344188 0.686442 0.342488 0.684469 0.343830 0.678365 0.344450 0.677968 0.345121 0.674915 0.346473 0.673613 0.346982 0.673725 0.349464 0.672137 0.349973 0.672249 0.350705 0.671343 0.351834 0.671058
0 0.788998 0.610865 0.792050 0.611535 0.792956 0.612268 0.796925 0.618472 0.797211 0.619602 0.796875 0.621128 0.797272 0.621748 0.796602 0.624800 0.795137 0.626612 0.792655 0.628199 0.789268 0.629055 0.781129 0.627266 0.780223 0.626534 0.778635 0.624052 0.778462 0.622415 0.777668 0.621174 0.777942 0.617501 0.778562 0.617104 0.779630 0.614672 0.780362 0.613767 0.783464 0.611782 0.783576 0.611273 0.784085 0.611385 0.785946 0.610194
0 0.864047 0.409252 0.869812 0.410519 0.874960 0.413783 0.877342 0.417506 0.878086 0.421402 0.876012 0.428412 0.873083 0.432035 0.870602 0.433622 0.867214 0.434478 0.865067 0.434539 0.859472 0.433310 0.858851 0.433707 0.855911 0.432528 0.850477 0.428134 0.849113 0.424635 0.848766 0.421359 0.850331 0.414237 0.851287 0.412314 0.855742 0.409027 0.861164 0.408619
0 0.117723 0.219678 0.118120 0.220298 0.119646 0.220634 0.122872 0.222942 0.124857 0.226045 0.125142 0.227174 0.124806 0.228700 0.125203 0.229320 0.124086 0.234407 0.121777 0.237633 0.120536 0.238427 0.117149 0.239282 0.116131 0.239059 0.115511 0.239456 0.113476 0.239009 0.112856 0.239405 0.112459 0.238785 0.110424 0.238338 0.110027 0.237717 0.108501 0.237382 0.106181 0.235806 0.104196 0.232704 0.104420 0.231686 0.103849 0.229428 0.104632 0.225867 0.108293 0.221339 0.110775 0.219751 0.111792 0.219975 0.114051 0.219404 0.115577 0.219740 0.116197 0.219343
0 0.422778 0.501072 0.423175 0.501692 0.424589 0.502536 0.424986 0.503157 0.424762 0.504174 0.425159 0.504795 0.423818 0.510899 0.423197 0.511296 0.422750 0.513331 0.421509 0.514125 0.421398 0.514633 0.419648 0.515315 0.418631 0.515092 0.418010 0.515489 0.416993 0.515265 0.416372 0.515662 0.411794 0.514656 0.409809 0.511554 0.409921 0.511045 0.409239 0.509296 0.409463 0.508278 0.409066 0.507658 0.409960 0.503588 0.410580 0.503191 0.412157 0.500871 0.413397 0.500077 0.414415 0.500301 0.415035 0.499904 0.420631 0.501134 0.421252 0.500737
0 0.148635 0.649342 0.149032 0.649963 0.151067 0.650410 0.153275 0.652495 0.153163 0.653003 0.154416 0.657011 0.153969 0.659046 0.153348 0.659443 0.153013 0.660969 0.149911 0.662954 0.149402 0.662842 0.146523 0.663809 0.145506 0.663586 0.144885 0.663983 0.143868 0.663759 0.143471 0.663139 0.142454 0.662915 0.142057 0.662295 0.141548 0.662183 0.139960 0.659701 0.140072 0.659192 0.139675 0.658572 0.140010 0.657046 0.139613 0.656425 0.140172 0.653882 0.141525 0.652579 0.141748 0.651562 0.142369 0.651165 0.142481 0.650656 0.143722 0.649862 0.144230 0.649974 0.147109 0.649007
0 0.136545 0.672816 0.136942 0.673436 0.137960 0.673660 0.140677 0.675856 0.142264 0.678338 0.142153 0.678847 0.143232 0.681217 0.142449 0.684778 0.141097 0.686080 0.140873 0.687098 0.139520 0.688400 0.137262 0.688971 0.134210 0.688300 0.133589 0.688697 0.128105 0.686959 0.127709 0.686338 0.126691 0.686115 0.126009 0.684365 0.126233 0.683348 0.125662 0.681090 0.126221 0.678546 0.126842 0.678149 0.127177 0.676623 0.128530 0.675320 0.128753 0.674303 0.130615 0.673112 0.132873 0.672542 0.133890 0.672765 0.134511 0.672368
0 0.164717 0.452371 0.165113 0.452992 0.166131 0.453215 0.169753 0.456144 0.170944 0.458005 0.171800 0.461393 0.171129 0.464445 0.170509 0.464842 0.170285 0.465859 0.169665 0.466256 0.169441 0.467274 0.167976 0.469085 0.166736 0.469879 0.164477 0.470449 0.162951 0.470114 0.160693 0.470684 0.156562 0.467643 0.154974 0.465162 0.155197 0.464144 0.154627 0.461886 0.155745 0.456799 0.156365 0.456402 0.156701 0.454876 0.157433 0.453970 0.159691 0.453400 0.160932 0.452606 0.161949 0.452830 0.164208 0.452259
0 0.064766 0.611184 0.065163 0.611805 0.069629 0.613320 0.071502 0.616931 0.072072 0.619189 0.071849 0.620206 0.072134 0.621335 0.069937 0.624052 0.066835 0.626037 0.066326 0.625925 0.065085 0.626719 0.062827 0.627289 0.061810 0.627066 0.061189 0.627463 0.059154 0.627016 0.057343 0.625551 0.055073 0.621320 0.055297 0.620302 0.054900 0.619682 0.055906 0.615104 0.056638 0.614198 0.059740 0.612213 0.060249 0.612325 0.061490 0.611531 0.063748 0.610961
0 0.164096 0.677269 0.167403 0.677996 0.167800 0.678616 0.170740 0.679795 0.171534 0.681036 0.172551 0.681260 0.174139 0.683742 0.175168 0.688767 0.173715 0.695380 0.172027 0.698209 0.168701 0.701211 0.163676 0.702240 0.156554 0.700675 0.153328 0.698367 0.150153 0.693403 0.149297 0.690015 0.149124 0.688377 0.150353 0.682782 0.152438 0.680574 0.152662 0.679556 0.160790 0.676543
0 0.900961 0.513882 0.901357 0.514503 0.902375 0.514726 0.902772 0.515346 0.904695 0.516302 0.907585 0.520137 0.907870 0.521266 0.907535 0.522792 0.907932 0.523413 0.906926 0.527991 0.903997 0.531613 0.901118 0.532581 0.896937 0.532195 0.896316 0.532592 0.894282 0.532145 0.889245 0.528372 0.888451 0.527131 0.887595 0.523744 0.888266 0.520691 0.888886 0.520295 0.889222 0.518768 0.890574 0.517466 0.890798 0.516448 0.892039 0.515655 0.892151 0.515146 0.897908 0.513211
0 0.395698 0.658299 0.396095 0.658919 0.398415 0.660495 0.399209 0.661736 0.399718 0.661848 0.401305 0.664330 0.401194 0.664839 0.401591 0.665459 0.401367 0.666477 0.401764 0.667097 0.400870 0.671167 0.400249 0.671563 0.400138 0.672072 0.398276 0.673263 0.398164 0.673772 0.397656 0.673660 0.397035 0.674057 0.396018 0.673833 0.395397 0.674230 0.393871 0.673895 0.393251 0.674292 0.389690 0.673509 0.388387 0.672157 0.387370 0.671933 0.385670 0.669960 0.385782 0.669451 0.385100 0.667702 0.386106 0.663123 0.386726 0.662727 0.387794 0.660295 0.390276 0.658707 0.390785 0.658819 0.393663 0.657852
0 0.268964 0.341962 0.269360 0.342582 0.273827 0.344097 0.276544 0.346293 0.279434 0.350128 0.280005 0.352386 0.279619 0.356568 0.278999 0.356964 0.278552 0.358999 0.276355 0.361716 0.273141 0.364210 0.269244 0.364953 0.262631 0.363500 0.261329 0.362148 0.259406 0.361192 0.256912 0.357978 0.255772 0.353461 0.255934 0.350297 0.256554 0.349900 0.257225 0.346848 0.258801 0.344528 0.260774 0.342828 0.266929 0.341514
0 0.418303 0.732589 0.419606 0.733941 0.419494 0.734450 0.419891 0.735071 0.419556 0.736597 0.419953 0.737217 0.419394 0.739761 0.418773 0.740158 0.418438 0.741684 0.417818 0.742081 0.416974 0.743495 0.415733 0.744289 0.415621 0.744798 0.415112 0.744686 0.414492 0.745083 0.413474 0.744859 0.412854 0.745256 0.410819 0.744809 0.410199 0.745206 0.408164 0.744759 0.407767 0.744138 0.406749 0.743915 0.405559 0.742053 0.405894 0.740527 0.405497 0.739907 0.406503 0.735329 0.407123 0.734932 0.407967 0.733517 0.409208 0.732723 0.409320 0.732215 0.409829 0.732327 0.411070 0.731533 0.413613 0.732091 0.414234 0.731695
0 0.295349 0.437879 0.295746 0.438500 0.298289 0.439058 0.299480 0.440920 0.299368 0.441428 0.299765 0.442049 0.299318 0.444084 0.299715 0.444704 0.299380 0.446230 0.298759 0.446627 0.298648 0.447136 0.298027 0.447533 0.297183 0.448947 0.296563 0.449344 0.295545 0.449121 0.294925 0.449518 0.289329 0.448288 0.288138 0.446427 0.288362 0.445409 0.287965 0.444789 0.288188 0.443771 0.287792 0.443151 0.288127 0.441625 0.288747 0.441228 0.289083 0.439702 0.289703 0.439305 0.289815 0.438796 0.292297 0.437208
0 0.459988 0.635096 0.462705 0.637293 0.463498 0.638534 0.464913 0.639378 0.466104 0.641239 0.464762 0.647343 0.464142 0.647740 0.462963 0.650681 0.461610 0.651983 0.459972 0.652157 0.455852 0.653918 0.452291 0.653136 0.451894 0.652515 0.448954 0.651336 0.446969 0.648233 0.447131 0.645069 0.446734 0.644449 0.447517 0.640888 0.448137 0.640491 0.448584 0.638456 0.449205 0.638059 0.450161 0.636136 0.451401 0.635343 0.453660 0.634772 0.456824 0.634934 0.457444 0.634537
0 0.310726 0.418861 0.311123 0.419481 0.312140 0.419705 0.312537 0.420325 0.313555 0.420549 0.313951 0.421169 0.315366 0.422013 0.316333 0.424892 0.315998 0.426418 0.316395 0.427039 0.316059 0.428565 0.315439 0.428962 0.314992 0.430997 0.312510 0.432584 0.312001 0.432472 0.310252 0.433155 0.309234 0.432931 0.308614 0.433328 0.305053 0.432546 0.304656 0.431925 0.304147 0.431813 0.302560 0.429331 0.302671 0.428823 0.302274 0.428202 0.302498 0.427185 0.302101 0.426564 0.302436 0.425038 0.302039 0.424418 0.302660 0.424021 0.302883 0.423004 0.303504 0.422607 0.303839 0.421080 0.305701 0.419890 0.306209 0.420002 0.308071 0.418811 0.308579 0.418922 0.309200 0.418526
0 0.868588 0.772864 0.868985 0.773485 0.871529 0.774044 0.871926 0.774664 0.874357 0.775732 0.876342 0.778834 0.876230 0.779343 0.876627 0.779963 0.876292 0.781489 0.876689 0.782110 0.875398 0.785559 0.874777 0.785956 0.874665 0.786465 0.870943 0.788846 0.867890 0.788176 0.867270 0.788572 0.864726 0.788014 0.864330 0.787393 0.862915 0.786549 0.860534 0.782826 0.860757 0.781809 0.860360 0.781188 0.860584 0.780171 0.860187 0.779551 0.860299 0.779042 0.860919 0.778645 0.861143 0.777628 0.861763 0.777231 0.861987 0.776213 0.866330 0.773435 0.867968 0.773261
0 0.510536 0.252126 0.510933 0.252746 0.512459 0.253081 0.512856 0.253702 0.513874 0.253925 0.514271 0.254546 0.515288 0.254770 0.516194 0.255502 0.517385 0.257363 0.517161 0.258381 0.517558 0.259001 0.516776 0.262562 0.516155 0.262959 0.515820 0.264485 0.513847 0.266184 0.513735 0.266693 0.510633 0.268678 0.509615 0.268454 0.508995 0.268851 0.507469 0.268516 0.506848 0.268913 0.505942 0.268181 0.504925 0.267957 0.504528 0.267337 0.503002 0.267001 0.501191 0.265537 0.500000 0.263675 0.499715 0.262546 0.499938 0.261529 0.499541 0.260908 0.500436 0.256839 0.501056 0.256442 0.501280 0.255424 0.502012 0.254519 0.503873 0.253328 0.507261 0.252472 0.508278 0.252696 0.510028 0.252014
0 0.820159 0.459334 0.820556 0.459955 0.822082 0.460290 0.822479 0.460910 0.823496 0.461134 0.824402 0.461866 0.826275 0.465477 0.825939 0.467003 0.826336 0.467624 0.825219 0.472711 0.822737 0.474298 0.821608 0.474584 0.820590 0.474360 0.819970 0.474757 0.818444 0.474422 0.817823 0.474819 0.814262 0.474036 0.813865 0.473416 0.812848 0.473192 0.812451 0.472572 0.810019 0.471504 0.808828 0.469643 0.809052 0.468625 0.808655 0.468005 0.808990 0.466479 0.808593 0.465858 0.809326 0.464953 0.809661 0.463427 0.810281 0.463030 0.810505 0.462012 0.811969 0.460201 0.812590 0.459804 0.813607 0.460028 0.818124 0.458887
0 0.294082 0.640238 0.294479 0.640859 0.297531 0.641529 0.297928 0.642150 0.299454 0.642485 0.300248 0.643726 0.300136 0.644235 0.300533 0.644855 0.300197 0.646381 0.300594 0.647002 0.299700 0.651071 0.299080 0.651468 0.298744 0.652994 0.296883 0.654185 0.295866 0.653961 0.295245 0.654358 0.293210 0.653911 0.292590 0.654308 0.290555 0.653861 0.290158 0.653241 0.288744 0.652397 0.287553 0.650535 0.287665 0.650027 0.287268 0.649406 0.287603 0.647880 0.287206 0.647260 0.288100 0.643190 0.288721 0.642793 0.288833 0.642284 0.291315 0.640697 0.291823 0.640809 0.293573 0.640126
0 0.136182 0.497294 0.140710 0.500955 0.141901 0.502817 0.142186 0.503946 0.141851 0.505472 0.142248 0.506093 0.141801 0.508127 0.141180 0.508524 0.140733 0.510559 0.138760 0.512259 0.138648 0.512767 0.137407 0.513561 0.136390 0.513338 0.135770 0.513735 0.134243 0.513399 0.133623 0.513796 0.132097 0.513461 0.131476 0.513858 0.130571 0.513126 0.129045 0.512790 0.127233 0.511326 0.125646 0.508844 0.125361 0.507715 0.126031 0.504663 0.125634 0.504042 0.126255 0.503645 0.126925 0.500593 0.127658 0.499687 0.131380 0.497306 0.132510 0.497021 0.133527 0.497244 0.134147 0.496847
0 0.644497 0.542855 0.644894 0.543475 0.646929 0.543922 0.647326 0.544543 0.648344 0.544766 0.649249 0.545498 0.651631 0.549221 0.651407 0.550239 0.652089 0.551988 0.651083 0.556566 0.647869 0.559060 0.645611 0.559630 0.643576 0.559183 0.642956 0.559580 0.638377 0.558574 0.637980 0.557954 0.636963 0.557730 0.636057 0.556998 0.634073 0.553895 0.634296 0.552878 0.633899 0.552258 0.634235 0.550732 0.633838 0.550111 0.634397 0.547568 0.635017 0.547171 0.635241 0.546153 0.637834 0.544057 0.638343 0.544169 0.640204 0.542978 0.641333 0.542693 0.642351 0.542916 0.642971 0.542519
0 0.929796 0.642334 0.935515 0.647856 0.936544 0.652881 0.935650 0.656951 0.935030 0.657348 0.934582 0.659383 0.931368 0.661876 0.926343 0.662905 0.917695 0.661005 0.915884 0.659540 0.913105 0.655197 0.913329 0.654180 0.912932 0.653559 0.913938 0.648981 0.914558 0.648584 0.914894 0.647058 0.916358 0.645247 0.921210 0.642580 0.925615 0.641948 0.929176 0.642730
0 0.292493 0.708146 0.292890 0.708766 0.293907 0.708990 0.294304 0.709610 0.294813 0.709722 0.296400 0.712204 0.296289 0.712713 0.297368 0.715083 0.296747 0.715480 0.296077 0.718532 0.294836 0.719326 0.294724 0.719834 0.294103 0.720231 0.293880 0.721249 0.292639 0.722043 0.292130 0.721931 0.289760 0.723010 0.284164 0.721780 0.283767 0.721160 0.281733 0.720713 0.279636 0.718119 0.279972 0.716593 0.279575 0.715973 0.280133 0.713429 0.280754 0.713032 0.281201 0.710997 0.281822 0.710601 0.283398 0.708281 0.284639 0.707487 0.285147 0.707598 0.285768 0.707202 0.290346 0.708207 0.290967 0.707811
0 0.531838 0.395453 0.534555 0.397649 0.535349 0.398890 0.536763 0.399734 0.537842 0.402104 0.537619 0.403122 0.538301 0.404871 0.537518 0.408432 0.536054 0.410244 0.534813 0.411037 0.534701 0.411546 0.533460 0.412340 0.532443 0.412116 0.531822 0.412513 0.529787 0.412066 0.529167 0.412463 0.526115 0.411793 0.525718 0.411172 0.524192 0.410837 0.522095 0.408243 0.521587 0.408131 0.520396 0.406270 0.520619 0.405253 0.520222 0.404632 0.520670 0.402597 0.520273 0.401977 0.520893 0.401580 0.521961 0.399148 0.523934 0.397449 0.524046 0.396940 0.525286 0.396146 0.528674 0.395291 0.530200 0.395626 0.530820 0.395229
0 0.478353 0.720186 0.481151 0.720801 0.481548 0.721421 0.482057 0.721533 0.482851 0.722774 0.482739 0.723283 0.484215 0.726273 0.483433 0.729834 0.481348 0.732042 0.481124 0.733060 0.480615 0.732948 0.479375 0.733742 0.478866 0.733630 0.478245 0.734027 0.477228 0.733804 0.476608 0.734200 0.472538 0.733306 0.472141 0.732686 0.470106 0.732239 0.468518 0.729757 0.468965 0.727722 0.468569 0.727102 0.469463 0.723032 0.470704 0.722238 0.470815 0.721730 0.473409 0.719633 0.474935 0.719968 0.475556 0.719572
0 0.528886 0.649167 0.529283 0.649788 0.530697 0.650632 0.531491 0.651873 0.531999 0.651985 0.530323 0.659615 0.528970 0.660918 0.528747 0.661935 0.525868 0.662902 0.520781 0.661785 0.520384 0.661164 0.518858 0.660829 0.518970 0.660320 0.517717 0.656312 0.518276 0.653769 0.517879 0.653148 0.517991 0.652639 0.518611 0.652243 0.518723 0.651734 0.519964 0.650940 0.520076 0.650431 0.521937 0.649240 0.522446 0.649352 0.523066 0.648955 0.524592 0.649291 0.525213 0.648894 0.526739 0.649229 0.527360 0.648832
0 0.901951 0.715671 0.902348 0.716291 0.906194 0.718203 0.907385 0.720064 0.908241 0.723452 0.907682 0.725995 0.908079 0.726616 0.907123 0.728539 0.906503 0.728936 0.906279 0.729953 0.904814 0.731764 0.902333 0.733352 0.901315 0.733128 0.900695 0.733525 0.898660 0.733078 0.898040 0.733475 0.896005 0.733028 0.895608 0.732408 0.893176 0.731340 0.892382 0.730099 0.890968 0.729255 0.889889 0.726885 0.889827 0.724739 0.889430 0.724118 0.890213 0.720557 0.890833 0.720160 0.891057 0.719143 0.893253 0.716426 0.896132 0.715459 0.897150 0.715682 0.899408 0.715112
0 0.916643 0.728878 0.917040 0.729498 0.918566 0.729833 0.918963 0.730454 0.920378 0.731298 0.921457 0.733668 0.921121 0.735194 0.921518 0.735815 0.921071 0.737849 0.920451 0.738246 0.919383 0.740678 0.915040 0.743457 0.914531 0.743345 0.913911 0.743742 0.906789 0.742177 0.906392 0.741556 0.905883 0.741445 0.905995 0.740936 0.904519 0.737945 0.905413 0.733876 0.906654 0.733082 0.907498 0.731668 0.909360 0.730477 0.909472 0.729968 0.910489 0.730192 0.913368 0.729224 0.916023 0.729275
0 0.357205 0.294692 0.357602 0.295313 0.358619 0.295536 0.359016 0.296157 0.360430 0.297001 0.361224 0.298242 0.361733 0.298353 0.363321 0.300835 0.362203 0.305922 0.361582 0.306319 0.361247 0.307845 0.359274 0.309545 0.358765 0.309433 0.358145 0.309830 0.356619 0.309495 0.355998 0.309892 0.353963 0.309444 0.353343 0.309841 0.352946 0.309221 0.351929 0.308997 0.351532 0.308377 0.350514 0.308153 0.350117 0.307533 0.349609 0.307421 0.347624 0.304319 0.347736 0.303810 0.346769 0.300931 0.347389 0.300534 0.347724 0.299008 0.348345 0.298611 0.348568 0.297594 0.349189 0.297197 0.349301 0.296688 0.351782 0.295101 0.352291 0.295212 0.354041 0.294530 0.355567 0.294866 0.356187 0.294469
0 0.443054 0.617511 0.445151 0.620104 0.447471 0.621681 0.448662 0.623542 0.448947 0.624671 0.448723 0.625689 0.449120 0.626309 0.448449 0.629361 0.448846 0.629982 0.448226 0.630379 0.447667 0.632922 0.445806 0.634113 0.443547 0.634683 0.442530 0.634460 0.439651 0.635427 0.438634 0.635204 0.438237 0.634583 0.436202 0.634136 0.435805 0.633516 0.434279 0.633180 0.432468 0.631716 0.431786 0.629966 0.432344 0.627423 0.431948 0.626802 0.433065 0.621715 0.433686 0.621318 0.434133 0.619283 0.436503 0.618204 0.438538 0.618651 0.439158 0.618255 0.440176 0.618478 0.442434 0.617908
0 0.076197 0.525176 0.076594 0.525796 0.078009 0.526640 0.077897 0.527149 0.078691 0.528390 0.078579 0.528898 0.078976 0.529519 0.078417 0.532062 0.078814 0.532683 0.078591 0.533700 0.077238 0.535003 0.077014 0.536020 0.076394 0.536417 0.076282 0.536926 0.074421 0.538117 0.073912 0.538005 0.073291 0.538402 0.071765 0.538066 0.071368 0.537446 0.067807 0.536664 0.067411 0.536043 0.066902 0.535931 0.066108 0.534690 0.066332 0.533673 0.065935 0.533053 0.066158 0.532035 0.065761 0.531415 0.066208 0.529380 0.066829 0.528983 0.067276 0.526948 0.068517 0.526154 0.068629 0.525646 0.070378 0.524963 0.072413 0.525411 0.073033 0.525014 0.075068 0.525461 0.075689 0.525064
0 0.020849 0.507682 0.022661 0.509147 0.023455 0.510388 0.023963 0.510499 0.025724 0.514619 0.025054 0.517671 0.022969 0.519880 0.022745 0.520897 0.022013 0.521803 0.019531 0.523390 0.019419 0.523899 0.017670 0.524581 0.013600 0.523687 0.012980 0.524084 0.010945 0.523637 0.010548 0.523016 0.009531 0.522793 0.007149 0.519070 0.006864 0.517941 0.007758 0.513871 0.008379 0.513474 0.008714 0.511948 0.009334 0.511551 0.009558 0.510534 0.011755 0.507817 0.012263 0.507929 0.013504 0.507135 0.014633 0.506850 0.019212 0.507856 0.019832 0.507459
0 0.540918 0.630097 0.543970 0.630767 0.544367 0.631388 0.544876 0.631500 0.545334 0.634267 0.546128 0.635508 0.545793 0.637034 0.546190 0.637654 0.545072 0.642741 0.543211 0.643932 0.543099 0.644441 0.542590 0.644329 0.540729 0.645520 0.539711 0.645296 0.539314 0.644676 0.536262 0.644005 0.535865 0.643385 0.534339 0.643049 0.533148 0.641188 0.532640 0.641076 0.532243 0.640456 0.532466 0.639438 0.532069 0.638818 0.533410 0.632713 0.534031 0.632316 0.534875 0.630902 0.536736 0.629711 0.537245 0.629823 0.537866 0.629426
0 0.393658 0.265907 0.396456 0.266522 0.399061 0.269227 0.400984 0.270183 0.402857 0.273794 0.402472 0.277975 0.402869 0.278596 0.402086 0.282157 0.399554 0.286400 0.393685 0.288843 0.390409 0.289190 0.382890 0.287004 0.379268 0.284075 0.377568 0.282102 0.377730 0.278938 0.377333 0.278318 0.377954 0.277921 0.378736 0.274360 0.379357 0.273963 0.379804 0.271928 0.380424 0.271531 0.381604 0.268591 0.388714 0.265354 0.390240 0.265689 0.390860 0.265292
0 0.612656 0.362550 0.613053 0.363171 0.615088 0.363618 0.615485 0.364238 0.616503 0.364462 0.619393 0.368296 0.619281 0.368805 0.621551 0.373037 0.620657 0.377106 0.619416 0.377900 0.618572 0.379314 0.613720 0.381981 0.612194 0.381646 0.611573 0.382043 0.607504 0.381149 0.606883 0.381546 0.606486 0.380925 0.604563 0.379969 0.601673 0.376135 0.601164 0.376023 0.600309 0.372635 0.601426 0.367548 0.602047 0.367151 0.602382 0.365625 0.603114 0.364720 0.604976 0.363529 0.610113 0.361991
0 0.324747 0.352618 0.325144 0.353239 0.326670 0.353574 0.327067 0.354194 0.329387 0.355771 0.330181 0.357012 0.329957 0.358029 0.330354 0.358649 0.329237 0.363736 0.328616 0.364133 0.328504 0.364642 0.324670 0.367532 0.324161 0.367421 0.323541 0.367817 0.322523 0.367594 0.321903 0.367991 0.319359 0.367432 0.318962 0.366812 0.317945 0.366588 0.317548 0.365968 0.316134 0.365124 0.315340 0.363883 0.315452 0.363374 0.314484 0.360495 0.315378 0.356426 0.315999 0.356029 0.317066 0.353597 0.319945 0.352630 0.320963 0.352853 0.321583 0.352456 0.322601 0.352680 0.323221 0.352283
0 0.894947 0.361649 0.899922 0.363276 0.901907 0.366378 0.903445 0.371515 0.902886 0.374059 0.903171 0.375188 0.901086 0.377396 0.900862 0.378413 0.897760 0.380398 0.895502 0.380968 0.888889 0.379515 0.885775 0.376698 0.884584 0.374837 0.884014 0.372578 0.884573 0.370035 0.884176 0.369414 0.885579 0.365457 0.886311 0.364551 0.891275 0.361376 0.892404 0.361090
0 0.230707 0.360752 0.231104 0.361372 0.234553 0.362664 0.234950 0.363284 0.236364 0.364128 0.237158 0.365369 0.236934 0.366386 0.237331 0.367007 0.236884 0.369042 0.237281 0.369662 0.236661 0.370059 0.235990 0.373111 0.235369 0.373508 0.235146 0.374526 0.234525 0.374922 0.233681 0.376337 0.233173 0.376225 0.230294 0.377192 0.228768 0.376857 0.228147 0.377254 0.226113 0.376807 0.225716 0.376186 0.224698 0.375963 0.222602 0.373369 0.222714 0.372860 0.221746 0.369982 0.222305 0.367438 0.221908 0.366818 0.222976 0.364386 0.224217 0.363592 0.224329 0.363083 0.226810 0.361496 0.227319 0.361607 0.229069 0.360925 0.230086 0.361149
0 0.768957 0.687517 0.770769 0.688981 0.772356 0.691463 0.772245 0.691972 0.773832 0.694454 0.773497 0.695980 0.773894 0.696600 0.773559 0.698126 0.772938 0.698523 0.772715 0.699540 0.772094 0.699937 0.771871 0.700955 0.770406 0.702766 0.768545 0.703957 0.767416 0.704242 0.766398 0.704019 0.765778 0.704415 0.764252 0.704080 0.763855 0.703460 0.760802 0.702789 0.760406 0.702169 0.759388 0.701945 0.757912 0.698954 0.757627 0.697825 0.758074 0.695791 0.757677 0.695170 0.758460 0.691609 0.762121 0.687081 0.762741 0.686684 0.767319 0.687690 0.767940 0.687293
0 0.762929 0.481955 0.763326 0.482575 0.766887 0.483358 0.770510 0.486287 0.770795 0.487416 0.772892 0.490010 0.773177 0.491139 0.772618 0.493682 0.773015 0.494303 0.771947 0.496734 0.766313 0.502962 0.763831 0.504550 0.762702 0.504835 0.760158 0.504276 0.759538 0.504673 0.754960 0.503667 0.754563 0.503047 0.752528 0.502600 0.749699 0.500912 0.747653 0.495663 0.747815 0.492499 0.747244 0.490240 0.747692 0.488206 0.749888 0.485489 0.754231 0.482710 0.761403 0.481620
0 0.819632 0.617062 0.820029 0.617683 0.822064 0.618130 0.822461 0.618750 0.823478 0.618974 0.824781 0.620327 0.824669 0.620835 0.826145 0.623826 0.825251 0.627895 0.823898 0.629198 0.823674 0.630215 0.822942 0.631121 0.820460 0.632709 0.819443 0.632485 0.817185 0.633056 0.815150 0.632608 0.814529 0.633005 0.813512 0.632782 0.809889 0.629853 0.808302 0.627371 0.808525 0.626354 0.807955 0.624095 0.808575 0.623698 0.809358 0.620137 0.812460 0.618153 0.812572 0.617644 0.813080 0.617756 0.814322 0.616962 0.816580 0.616392
0 0.437416 0.645601 0.438892 0.648592 0.441609 0.650788 0.442402 0.652029 0.442179 0.653047 0.442576 0.653667 0.441458 0.658754 0.440726 0.659660 0.438244 0.661247 0.437115 0.661533 0.436098 0.661309 0.433219 0.662276 0.432822 0.661656 0.430787 0.661209 0.430390 0.660588 0.427338 0.659918 0.425527 0.658453 0.423766 0.654334 0.425057 0.650884 0.425677 0.650487 0.425901 0.649470 0.427365 0.647659 0.430467 0.645674 0.431485 0.645898 0.433234 0.645216 0.434761 0.645551 0.435381 0.645154
0 0.205729 0.688016 0.206126 0.688637 0.207143 0.688860 0.207540 0.689480 0.208049 0.689592 0.208842 0.690833 0.208731 0.691342 0.209128 0.691962 0.208792 0.693488 0.209189 0.694109 0.208854 0.695635 0.208233 0.696032 0.208122 0.696541 0.207501 0.696938 0.206657 0.698352 0.204796 0.699543 0.203778 0.699319 0.203158 0.699716 0.200106 0.699046 0.199709 0.698425 0.198691 0.698201 0.197389 0.696849 0.197501 0.696340 0.197104 0.695720 0.197327 0.694702 0.196930 0.694082 0.197377 0.692047 0.197998 0.691650 0.198221 0.690633 0.198842 0.690236 0.198954 0.689727 0.201436 0.688139 0.201944 0.688251 0.203694 0.687569
0 0.563516 0.649311 0.566568 0.649981 0.566965 0.650602 0.567474 0.650713 0.569061 0.653195 0.568950 0.653704 0.569917 0.656583 0.569023 0.660652 0.568402 0.661049 0.568067 0.662575 0.567446 0.662972 0.567223 0.663990 0.564232 0.665466 0.556602 0.663789 0.554902 0.661816 0.554394 0.661704 0.553600 0.660463 0.553935 0.658937 0.553253 0.657188 0.554035 0.653627 0.556009 0.651927 0.556853 0.650513 0.559334 0.648925 0.559843 0.649037 0.560464 0.648640
0 0.124130 0.583700 0.124527 0.584321 0.125544 0.584544 0.125941 0.585165 0.126450 0.585276 0.127641 0.587138 0.127529 0.587646 0.128211 0.589396 0.127540 0.592448 0.126920 0.592845 0.126808 0.593354 0.125567 0.594148 0.124723 0.595562 0.123482 0.596356 0.121844 0.596529 0.120604 0.597323 0.118569 0.596876 0.118172 0.596256 0.117663 0.596144 0.116869 0.594903 0.116361 0.594791 0.115567 0.593550 0.115790 0.592533 0.114996 0.591292 0.115108 0.590783 0.114711 0.590163 0.115046 0.588637 0.114650 0.588016 0.115097 0.585981 0.118199 0.583997 0.118708 0.584109 0.119949 0.583315 0.120457 0.583426 0.121078 0.583029
0 0.772752 0.762473 0.773149 0.763093 0.774167 0.763317 0.775072 0.764049 0.776263 0.765911 0.776151 0.766419 0.777739 0.768901 0.777292 0.770936 0.777689 0.771557 0.777353 0.773083 0.776733 0.773479 0.776286 0.775514 0.773183 0.777499 0.772675 0.777387 0.770813 0.778578 0.769796 0.778354 0.769175 0.778751 0.767649 0.778416 0.767252 0.777796 0.765218 0.777349 0.764821 0.776728 0.763295 0.776393 0.761483 0.774928 0.760404 0.772558 0.761746 0.766454 0.762366 0.766057 0.762590 0.765040 0.763322 0.764134 0.766424 0.762149 0.767442 0.762373 0.768062 0.761976 0.770097 0.762423 0.770717 0.762026
0 0.750616 0.506446 0.751013 0.507066 0.752030 0.507290 0.753842 0.508754 0.756223 0.512477 0.755888 0.514003 0.756285 0.514623 0.755167 0.519710 0.750936 0.521980 0.748677 0.522551 0.747660 0.522327 0.747040 0.522724 0.739918 0.521159 0.739012 0.520427 0.736234 0.516084 0.735725 0.515972 0.735949 0.514955 0.735552 0.514334 0.735999 0.512299 0.737240 0.511505 0.738816 0.509185 0.740677 0.507995 0.741521 0.506580 0.743383 0.505390 0.746435 0.506060 0.747055 0.505663
0 0.777517 0.439833 0.777914 0.440454 0.779440 0.440789 0.779837 0.441409 0.781363 0.441745 0.781760 0.442365 0.783286 0.442700 0.784874 0.445182 0.784427 0.447217 0.784823 0.447838 0.784600 0.448855 0.783979 0.449252 0.783644 0.450778 0.783024 0.451175 0.782800 0.452192 0.781447 0.453495 0.780939 0.453383 0.780318 0.453780 0.779301 0.453557 0.778680 0.453953 0.776646 0.453506 0.776025 0.453903 0.773990 0.453456 0.773593 0.452836 0.772576 0.452612 0.772179 0.451992 0.771670 0.451880 0.770877 0.450639 0.770368 0.450527 0.769971 0.449907 0.770306 0.448381 0.769909 0.447760 0.770580 0.444708 0.771200 0.444311 0.771424 0.443294 0.772044 0.442897 0.772888 0.441482 0.774129 0.440689 0.776896 0.440230
0 0.757065 0.651842 0.757462 0.652462 0.758479 0.652686 0.760291 0.654150 0.762275 0.657253 0.762784 0.657364 0.762672 0.657873 0.763466 0.659114 0.763243 0.660131 0.763813 0.662390 0.762919 0.666459 0.760325 0.668556 0.760213 0.669064 0.758067 0.669126 0.757446 0.669523 0.756429 0.669299 0.755808 0.669696 0.754282 0.669361 0.753662 0.669758 0.752644 0.669535 0.752248 0.668914 0.750213 0.668467 0.749816 0.667847 0.747781 0.667399 0.745970 0.665935 0.744209 0.661815 0.744544 0.660289 0.743974 0.658031 0.744594 0.657634 0.745041 0.655599 0.745662 0.655202 0.745885 0.654185 0.750340 0.650898 0.754410 0.651792 0.755030 0.651395
0 0.544146 0.238713 0.546943 0.239328 0.551980 0.243101 0.554250 0.247332 0.554027 0.248350 0.554597 0.250608 0.553591 0.255186 0.551283 0.258412 0.547783 0.259776 0.542585 0.259167 0.541964 0.259564 0.540947 0.259340 0.540550 0.258720 0.537498 0.258049 0.537101 0.257429 0.535066 0.256982 0.531158 0.252924 0.531382 0.251906 0.530526 0.248519 0.531309 0.244958 0.531929 0.244561 0.532997 0.242129 0.534858 0.240939 0.536322 0.239127 0.539201 0.238160 0.540727 0.238495 0.541348 0.238098
0 0.871622 0.482373 0.874674 0.483043 0.876485 0.484508 0.877676 0.486369 0.878185 0.486481 0.879376 0.488343 0.878817 0.490886 0.879214 0.491507 0.878482 0.492412 0.878035 0.494447 0.877414 0.494844 0.877191 0.495861 0.876570 0.496258 0.875614 0.498181 0.873132 0.499769 0.870874 0.500339 0.869857 0.500116 0.869236 0.500513 0.868839 0.499892 0.865787 0.499222 0.865390 0.498601 0.863355 0.498154 0.862450 0.497422 0.860862 0.494940 0.860006 0.491552 0.860454 0.489518 0.860057 0.488897 0.860280 0.487880 0.860901 0.487483 0.862080 0.484542 0.866423 0.481764 0.867949 0.482099 0.868570 0.481702
0 0.477803 0.230002 0.480601 0.230617 0.480997 0.231238 0.482524 0.231573 0.484335 0.233037 0.486828 0.236251 0.487398 0.238510 0.487175 0.239527 0.487572 0.240148 0.486951 0.240545 0.486169 0.244106 0.485437 0.245011 0.482335 0.246996 0.480076 0.247566 0.479059 0.247343 0.478438 0.247740 0.476403 0.247292 0.476007 0.246672 0.471937 0.245778 0.471143 0.244537 0.469332 0.243072 0.469158 0.241435 0.468079 0.239064 0.468353 0.235392 0.468974 0.234995 0.470153 0.232054 0.473876 0.229673 0.475005 0.229388
0 0.572416 0.567545 0.572812 0.568165 0.574227 0.569009 0.574400 0.570647 0.575479 0.573017 0.575032 0.575052 0.575429 0.575672 0.575206 0.576690 0.574585 0.577087 0.573518 0.579518 0.571544 0.581218 0.570700 0.582632 0.568951 0.583314 0.566407 0.582755 0.566010 0.582135 0.562449 0.581353 0.561656 0.580112 0.561767 0.579603 0.560180 0.577121 0.560739 0.574578 0.560341 0.573957 0.560565 0.572940 0.561186 0.572543 0.561633 0.570508 0.565355 0.568126 0.565467 0.567618 0.565976 0.567730 0.566596 0.567333 0.568631 0.567780 0.569252 0.567383 0.571286 0.567830 0.571907 0.567433
0 0.579237 0.774347 0.581445 0.776432 0.585292 0.778344 0.589708 0.782514 0.590278 0.784772 0.589831 0.786807 0.587014 0.789921 0.582559 0.793208 0.580412 0.793269 0.577422 0.794745 0.576404 0.794522 0.575784 0.794919 0.569680 0.793578 0.567360 0.792001 0.565660 0.790028 0.564978 0.788279 0.564519 0.785511 0.565637 0.780424 0.566258 0.780028 0.567325 0.777596 0.572401 0.773912 0.573418 0.774135 0.574039 0.773738 0.578108 0.774632 0.578728 0.774235
0 0.838398 0.526799 0.838795 0.527419 0.840321 0.527755 0.841115 0.528996 0.841623 0.529107 0.842926 0.530460 0.842814 0.530969 0.843211 0.531589 0.842093 0.536676 0.841473 0.537073 0.841249 0.538091 0.840008 0.538884 0.839897 0.539393 0.839388 0.539281 0.837526 0.540472 0.836509 0.540249 0.835889 0.540646 0.834871 0.540422 0.834251 0.540819 0.833742 0.540707 0.833345 0.540087 0.831025 0.538511 0.829834 0.536649 0.829946 0.536140 0.829549 0.535520 0.829885 0.533994 0.829488 0.533373 0.829823 0.531847 0.830443 0.531450 0.830667 0.530433 0.831287 0.530036 0.831511 0.529019 0.835234 0.526637 0.836251 0.526861 0.836872 0.526464
0 0.681993 0.418312 0.684537 0.418871 0.684933 0.419491 0.686460 0.419827 0.686857 0.420447 0.689288 0.421515 0.691161 0.425126 0.691223 0.427272 0.691905 0.429022 0.690055 0.435014 0.686109 0.438413 0.683850 0.438984 0.682833 0.438760 0.679334 0.440124 0.673738 0.438895 0.673341 0.438275 0.670909 0.437207 0.670115 0.435966 0.667795 0.434390 0.667052 0.430494 0.668058 0.425915 0.668678 0.425518 0.669125 0.423484 0.669857 0.422578 0.676794 0.417703 0.678829 0.418150 0.679450 0.417753
0 0.416247 0.652148 0.416644 0.652769 0.417152 0.652881 0.419534 0.656603 0.419422 0.657112 0.420104 0.658862 0.419881 0.659879 0.420278 0.660500 0.418925 0.661802 0.418701 0.662820 0.418081 0.663217 0.417969 0.663725 0.416728 0.664519 0.416220 0.664407 0.414470 0.665089 0.413453 0.664866 0.412832 0.665263 0.412435 0.664642 0.409383 0.663972 0.408986 0.663351 0.407460 0.663016 0.405252 0.660931 0.406481 0.655335 0.407102 0.654938 0.407325 0.653921 0.409919 0.651825 0.410936 0.652048 0.411557 0.651651 0.413083 0.651986 0.413703 0.651590
0 0.920864 0.604109 0.923662 0.604724 0.924059 0.605345 0.925585 0.605680 0.927855 0.609911 0.927631 0.610929 0.928201 0.613187 0.927978 0.614205 0.927357 0.614601 0.926799 0.617145 0.924602 0.619862 0.922852 0.620544 0.914713 0.618756 0.913807 0.618023 0.911141 0.613171 0.911364 0.612154 0.910682 0.610404 0.911973 0.606955 0.912705 0.606050 0.913214 0.606161 0.916937 0.603780 0.918066 0.603495
0 0.208374 0.612875 0.212902 0.616536 0.214489 0.619018 0.214775 0.620147 0.214439 0.621673 0.214836 0.622294 0.214277 0.624837 0.213657 0.625234 0.213322 0.626760 0.212081 0.627554 0.211237 0.628968 0.209996 0.629762 0.208867 0.630047 0.207849 0.629824 0.207229 0.630221 0.206211 0.629997 0.205591 0.630394 0.202539 0.629723 0.202142 0.629103 0.200616 0.628768 0.199313 0.627415 0.198296 0.627191 0.197614 0.625442 0.197837 0.624424 0.197440 0.623804 0.197999 0.621260 0.197602 0.620640 0.197937 0.619114 0.198558 0.618717 0.199005 0.616682 0.199625 0.616285 0.199849 0.615268 0.203460 0.613395 0.205718 0.612825 0.206736 0.613048 0.207356 0.612651
0 0.904157 0.669229 0.905968 0.670693 0.908746 0.675036 0.909652 0.675769 0.908646 0.680347 0.907182 0.682158 0.903459 0.684540 0.902950 0.684428 0.900580 0.685507 0.900183 0.684887 0.894587 0.683657 0.893682 0.682925 0.891300 0.679202 0.891747 0.677167 0.891350 0.676547 0.891686 0.675021 0.892306 0.674624 0.892530 0.673606 0.893994 0.671795 0.897829 0.668905 0.899355 0.669240 0.899975 0.668843 0.903536 0.669626
0 0.084796 0.459341 0.088022 0.461650 0.089548 0.461985 0.090739 0.463846 0.091594 0.467234 0.090588 0.471812 0.089968 0.472209 0.089521 0.474244 0.088900 0.474641 0.087833 0.477073 0.086592 0.477867 0.086480 0.478375 0.085971 0.478263 0.084110 0.479454 0.081963 0.479516 0.081343 0.479913 0.076256 0.478795 0.075859 0.478175 0.073316 0.477616 0.071046 0.473384 0.071716 0.470332 0.071319 0.469712 0.072052 0.468806 0.072610 0.466262 0.073231 0.465866 0.074299 0.463434 0.077116 0.460320 0.078865 0.459638 0.079883 0.459861 0.083270 0.459006
0 0.612379 0.388085 0.612775 0.388706 0.615207 0.389773 0.616510 0.391126 0.617527 0.391350 0.619512 0.394452 0.618729 0.398013 0.618109 0.398410 0.617041 0.400842 0.615068 0.402541 0.614051 0.402318 0.613430 0.402715 0.612413 0.402491 0.611793 0.402888 0.610775 0.402664 0.610155 0.403061 0.609137 0.402838 0.608517 0.403235 0.608120 0.402614 0.607611 0.402503 0.606420 0.400641 0.605912 0.400529 0.604324 0.398047 0.604436 0.397539 0.603468 0.394660 0.604251 0.391099 0.606733 0.389511 0.607241 0.389623 0.608482 0.388829 0.608594 0.388321 0.609612 0.388544 0.611361 0.387862
0 0.989137 0.415939 0.992698 0.416722 0.996097 0.420668 0.997511 0.421512 0.998193 0.423262 0.996964 0.428857 0.994991 0.430557 0.993414 0.432877 0.989295 0.434638 0.986242 0.433967 0.985622 0.434364 0.981552 0.433470 0.981155 0.432849 0.980138 0.432626 0.976516 0.429697 0.975660 0.426310 0.976889 0.420714 0.978242 0.419411 0.978466 0.418394 0.980948 0.416806 0.985576 0.415157
0 0.644817 0.298693 0.651157 0.303819 0.652695 0.308956 0.652533 0.312120 0.652929 0.312741 0.652035 0.316810 0.649839 0.319527 0.648486 0.320830 0.644478 0.322082 0.635321 0.320070 0.634924 0.319450 0.632890 0.319003 0.629379 0.315565 0.626712 0.310713 0.627545 0.304497 0.630362 0.301383 0.636963 0.298034 0.638093 0.297749 0.642162 0.298643 0.642783 0.298246
0 0.349455 0.266860 0.349852 0.267480 0.350870 0.267704 0.352681 0.269168 0.356203 0.277408 0.355583 0.277805 0.354515 0.280237 0.352654 0.281427 0.350395 0.281998 0.349378 0.281774 0.347628 0.282456 0.346611 0.282233 0.345990 0.282630 0.345593 0.282009 0.344067 0.281674 0.343670 0.281053 0.341636 0.280606 0.341239 0.279986 0.339713 0.279651 0.338919 0.278410 0.338410 0.278298 0.337728 0.276548 0.339181 0.269935 0.340422 0.269141 0.341886 0.267330 0.343636 0.266648 0.345162 0.266983 0.345783 0.266586 0.348326 0.267145 0.348947 0.266748
0 0.123701 0.168199 0.124098 0.168820 0.126133 0.169267 0.126530 0.169887 0.127547 0.170111 0.129247 0.172084 0.130499 0.176092 0.129493 0.180670 0.128873 0.181067 0.127917 0.182990 0.124703 0.185483 0.123574 0.185768 0.122048 0.185433 0.121427 0.185830 0.118884 0.185271 0.118263 0.185668 0.112494 0.182801 0.110907 0.180319 0.110845 0.178172 0.110448 0.177552 0.110783 0.176026 0.110386 0.175405 0.111007 0.175008 0.111566 0.172465 0.112186 0.172068 0.113142 0.170145 0.115624 0.168557 0.117770 0.168496 0.121158 0.167640
0 0.143167 0.370847 0.143564 0.371468 0.145090 0.371803 0.145487 0.372424 0.147919 0.373491 0.148825 0.374223 0.150412 0.376705 0.150189 0.377723 0.150871 0.379472 0.150424 0.381507 0.149803 0.381904 0.149356 0.383939 0.148736 0.384336 0.147668 0.386768 0.145919 0.387450 0.144901 0.387226 0.144281 0.387623 0.141229 0.386952 0.140608 0.387349 0.138573 0.386902 0.138176 0.386282 0.136650 0.385947 0.136253 0.385326 0.135236 0.385103 0.133028 0.383018 0.133251 0.382000 0.132854 0.381380 0.133190 0.379854 0.132793 0.379233 0.133463 0.376181 0.134084 0.375784 0.135152 0.373352 0.137013 0.372162 0.142659 0.370736
0 0.668246 0.670188 0.674077 0.675202 0.675218 0.679719 0.674435 0.683280 0.673083 0.684582 0.672127 0.686505 0.667387 0.688663 0.665128 0.689234 0.660550 0.688228 0.659930 0.688625 0.657386 0.688066 0.655798 0.685584 0.655910 0.685075 0.654434 0.682085 0.654881 0.680050 0.654484 0.679429 0.656111 0.674454 0.656731 0.674057 0.657687 0.672134 0.660789 0.670150 0.663953 0.670312 0.664574 0.669915 0.666100 0.670250 0.666720 0.669853
0 0.100595 0.569464 0.100992 0.570084 0.101501 0.570196 0.103088 0.572678 0.102194 0.576747 0.102591 0.577368 0.101921 0.580420 0.101300 0.580817 0.101188 0.581326 0.098707 0.582914 0.097180 0.582578 0.096560 0.582975 0.095543 0.582752 0.095146 0.582131 0.092602 0.581572 0.092205 0.580952 0.091188 0.580728 0.090791 0.580108 0.090282 0.579996 0.090394 0.579487 0.089997 0.578867 0.090221 0.577850 0.089824 0.577229 0.090159 0.575703 0.089762 0.575082 0.089986 0.574065 0.089589 0.573445 0.089812 0.572427 0.090433 0.572030 0.090880 0.569995 0.092741 0.568805 0.093758 0.569028 0.094379 0.568631 0.095905 0.568967 0.096525 0.568570
0 0.900536 0.336214 0.900932 0.336835 0.904779 0.338746 0.907048 0.342978 0.907507 0.345745 0.906389 0.350832 0.905037 0.352134 0.904813 0.353152 0.902331 0.354739 0.899564 0.355198 0.898038 0.354863 0.895780 0.355433 0.892727 0.354762 0.890408 0.353186 0.888373 0.352739 0.887182 0.350878 0.886041 0.346361 0.886377 0.344835 0.885980 0.344214 0.886538 0.341671 0.887159 0.341274 0.888226 0.338842 0.891441 0.336349 0.891552 0.335840 0.892173 0.335443 0.893190 0.335667 0.893811 0.335270 0.895846 0.335717 0.896466 0.335320
0 0.749170 0.315222 0.752477 0.315949 0.755591 0.318766 0.757464 0.322377 0.756569 0.326446 0.755949 0.326843 0.755614 0.328369 0.754373 0.329163 0.752908 0.330974 0.750426 0.332562 0.748168 0.333133 0.746133 0.332685 0.745513 0.333082 0.740934 0.332076 0.739123 0.330612 0.737139 0.327510 0.736283 0.324122 0.736669 0.319941 0.737289 0.319544 0.737513 0.318526 0.738133 0.318130 0.739089 0.316207 0.745864 0.314496
0 0.309684 0.479423 0.310081 0.480044 0.314151 0.480938 0.314548 0.481558 0.315565 0.481782 0.316471 0.482514 0.318232 0.486634 0.317226 0.491212 0.316606 0.491609 0.316159 0.493644 0.313056 0.495629 0.311021 0.495181 0.310401 0.495578 0.306840 0.494796 0.306220 0.495193 0.304520 0.493220 0.304011 0.493108 0.302821 0.491247 0.302312 0.491135 0.301742 0.488876 0.300948 0.487636 0.301618 0.484583 0.301221 0.483963 0.301445 0.482946 0.302177 0.482040 0.304039 0.480849 0.304150 0.480340 0.306409 0.479770 0.309064 0.479820
0 0.159890 0.323862 0.160287 0.324483 0.160795 0.324594 0.161589 0.325835 0.162098 0.325947 0.162892 0.327188 0.163401 0.327300 0.163289 0.327809 0.163686 0.328429 0.163462 0.329446 0.163859 0.330067 0.163636 0.331084 0.163015 0.331481 0.162792 0.332499 0.162171 0.332896 0.161948 0.333913 0.158225 0.336295 0.157716 0.336183 0.157096 0.336580 0.154043 0.335909 0.153646 0.335289 0.151103 0.334730 0.150706 0.334109 0.150197 0.333998 0.149800 0.333377 0.149912 0.332868 0.149118 0.331627 0.150124 0.327049 0.150745 0.326652 0.151589 0.325238 0.153450 0.324047 0.154467 0.324271 0.155088 0.323874 0.156614 0.324209 0.157235 0.323812 0.158761 0.324147 0.159381 0.323750
0 0.944482 0.475985 0.944879 0.476605 0.946914 0.477052 0.948390 0.480043 0.948166 0.481060 0.948563 0.481680 0.948228 0.483207 0.948625 0.483827 0.948178 0.485862 0.947557 0.486259 0.947222 0.487785 0.946601 0.488182 0.946490 0.488690 0.945869 0.489087 0.945361 0.488976 0.943499 0.490166 0.940956 0.489608 0.940335 0.490005 0.937792 0.489446 0.937171 0.489843 0.935869 0.488490 0.934851 0.488266 0.932755 0.485673 0.932867 0.485164 0.932470 0.484544 0.932693 0.483526 0.932296 0.482906 0.932520 0.481888 0.932123 0.481268 0.932743 0.480871 0.933811 0.478439 0.938775 0.475264 0.939283 0.475376 0.939904 0.474979
0 0.242823 0.619910 0.246129 0.620637 0.246526 0.621257 0.247035 0.621369 0.248225 0.623231 0.248114 0.623739 0.249590 0.626730 0.249143 0.628765 0.249540 0.629385 0.248981 0.631929 0.248360 0.632325 0.248025 0.633852 0.246164 0.635042 0.245655 0.634931 0.243905 0.635613 0.239836 0.634719 0.239439 0.634098 0.236895 0.633539 0.234687 0.631454 0.234799 0.630946 0.234402 0.630325 0.234625 0.629308 0.233943 0.627558 0.234390 0.625523 0.233993 0.624903 0.234329 0.623377 0.236302 0.621677 0.237146 0.620263 0.239516 0.619184
0 0.397019 0.501811 0.398321 0.503164 0.399339 0.503388 0.399736 0.504008 0.401150 0.504852 0.401944 0.506093 0.401832 0.506602 0.402229 0.507222 0.402005 0.508240 0.402402 0.508860 0.401508 0.512930 0.400888 0.513327 0.400044 0.514741 0.398803 0.515535 0.397785 0.515311 0.397165 0.515708 0.395639 0.515373 0.395018 0.515770 0.390440 0.514764 0.390043 0.514143 0.388517 0.513808 0.388120 0.513188 0.387611 0.513076 0.387215 0.512455 0.387326 0.511947 0.385739 0.509465 0.386409 0.506413 0.389226 0.503299 0.389450 0.502281 0.391200 0.501599 0.392217 0.501823 0.392837 0.501426 0.393855 0.501649 0.394475 0.501253
0 0.180367 0.429680 0.180764 0.430301 0.182290 0.430636 0.183878 0.433118 0.183766 0.433626 0.184845 0.435997 0.184398 0.438031 0.184795 0.438652 0.184013 0.442213 0.183392 0.442610 0.181816 0.444930 0.179955 0.446120 0.178937 0.445897 0.178317 0.446294 0.172212 0.444953 0.171815 0.444332 0.171307 0.444220 0.170116 0.442359 0.170228 0.441850 0.169546 0.440101 0.169993 0.438066 0.169596 0.437445 0.170266 0.434393 0.170887 0.433996 0.171222 0.432470 0.173195 0.430771 0.173307 0.430262 0.175789 0.428674
0 0.203364 0.337147 0.203761 0.337767 0.204270 0.337879 0.205572 0.339232 0.205461 0.339741 0.205858 0.340361 0.205746 0.340870 0.206143 0.341490 0.206031 0.341999 0.206713 0.343749 0.206490 0.344766 0.205869 0.345163 0.205646 0.346180 0.205025 0.346577 0.204802 0.347595 0.202320 0.349182 0.201811 0.349071 0.201191 0.349468 0.197121 0.348573 0.196724 0.347953 0.195198 0.347618 0.194801 0.346997 0.194292 0.346885 0.193610 0.345136 0.194728 0.340049 0.195348 0.339652 0.195572 0.338634 0.197433 0.337444 0.197942 0.337555 0.198562 0.337159 0.199580 0.337382 0.200200 0.336985 0.201218 0.337209 0.201838 0.336812
0 0.090249 0.552413 0.090646 0.553033 0.091663 0.553257 0.092060 0.553877 0.093475 0.554721 0.094157 0.556471 0.093822 0.557997 0.094218 0.558617 0.093213 0.563196 0.090110 0.565180 0.089601 0.565068 0.087852 0.565750 0.086326 0.565415 0.085929 0.564795 0.084403 0.564459 0.084006 0.563839 0.083497 0.563727 0.081909 0.561245 0.082245 0.559719 0.081848 0.559099 0.082518 0.556046 0.083139 0.555650 0.083362 0.554632 0.083983 0.554235 0.084095 0.553727 0.084715 0.553330 0.085224 0.553441 0.088103 0.552474 0.089120 0.552698 0.089740 0.552301
0 0.491562 0.396735 0.492356 0.397976 0.492864 0.398088 0.494055 0.399949 0.493608 0.401984 0.494005 0.402605 0.493670 0.404131 0.493049 0.404528 0.492491 0.407071 0.491249 0.407865 0.491138 0.408374 0.488656 0.409961 0.484586 0.409067 0.484189 0.408447 0.482155 0.408000 0.481361 0.406759 0.481472 0.406250 0.480790 0.404501 0.481573 0.400940 0.482193 0.400543 0.482417 0.399525 0.483037 0.399128 0.483149 0.398620 0.485234 0.396412 0.486760 0.396747 0.487381 0.396350 0.490433 0.397020 0.491053 0.396624
0 0.582660 0.717508 0.583057 0.718128 0.585601 0.718687 0.585998 0.719307 0.586506 0.719419 0.586903 0.720040 0.586792 0.720548 0.588776 0.723651 0.588553 0.724668 0.588950 0.725289 0.588279 0.728341 0.587659 0.728738 0.587435 0.729755 0.586815 0.730152 0.586703 0.730661 0.582359 0.733439 0.574729 0.731763 0.573935 0.730522 0.574047 0.730013 0.572968 0.727643 0.573303 0.726117 0.572906 0.725496 0.574024 0.720409 0.574644 0.720012 0.576221 0.717693 0.578591 0.716613
0 0.811852 0.552962 0.812249 0.553582 0.812758 0.553694 0.815140 0.557417 0.815028 0.557926 0.816330 0.559278 0.816219 0.559787 0.816615 0.560408 0.816280 0.561934 0.816677 0.562554 0.816565 0.563063 0.815945 0.563460 0.815610 0.564986 0.813016 0.567082 0.812507 0.566970 0.810025 0.568558 0.809517 0.568446 0.808896 0.568843 0.801774 0.567279 0.800584 0.565417 0.800695 0.564909 0.800013 0.563159 0.800572 0.560615 0.800175 0.559995 0.800399 0.558978 0.801019 0.558581 0.801354 0.557054 0.801975 0.556658 0.802198 0.555640 0.802819 0.555243 0.802931 0.554735 0.805413 0.553147 0.806430 0.553370 0.807050 0.552973 0.808068 0.553197 0.808688 0.552800 0.810214 0.553135 0.810835 0.552738
0 0.185720 0.660157 0.186117 0.660777 0.187135 0.661001 0.187023 0.661509 0.187817 0.662750 0.187705 0.663259 0.188784 0.665629 0.188449 0.667155 0.188845 0.667776 0.188510 0.669302 0.188907 0.669922 0.188348 0.672466 0.187107 0.673260 0.186996 0.673768 0.185022 0.675468 0.184005 0.675244 0.183384 0.675641 0.182367 0.675418 0.181747 0.675815 0.180221 0.675479 0.179824 0.674859 0.177280 0.674300 0.176883 0.673679 0.175357 0.673344 0.174390 0.670465 0.174949 0.667922 0.175569 0.667525 0.175904 0.665999 0.176525 0.665602 0.176860 0.664076 0.177481 0.663679 0.178325 0.662265 0.179566 0.661471 0.179677 0.660962 0.181539 0.659771 0.182048 0.659883 0.182668 0.659486
0 0.790305 0.814856 0.793612 0.815582 0.794009 0.816203 0.793897 0.816712 0.794294 0.817332 0.793959 0.818858 0.794356 0.819479 0.794020 0.821005 0.793400 0.821402 0.792953 0.823437 0.791091 0.824627 0.788039 0.823957 0.787419 0.824354 0.784875 0.823795 0.784478 0.823174 0.783461 0.822951 0.782270 0.821089 0.783164 0.817020 0.783785 0.816623 0.783896 0.816114 0.784517 0.815717 0.784629 0.815209 0.785869 0.814415 0.786378 0.814526 0.786999 0.814130
0 0.423797 0.620212 0.424194 0.620833 0.424702 0.620944 0.424591 0.621453 0.426575 0.624555 0.426464 0.625064 0.426861 0.625684 0.426078 0.629245 0.424837 0.630039 0.424725 0.630548 0.423373 0.631851 0.422864 0.631739 0.422244 0.632136 0.421226 0.631912 0.420606 0.632309 0.419080 0.631974 0.418683 0.631353 0.416648 0.630906 0.416251 0.630286 0.414725 0.629950 0.414328 0.629330 0.414551 0.628313 0.414155 0.627692 0.414378 0.626675 0.413981 0.626054 0.414602 0.625657 0.415272 0.622605 0.415893 0.622208 0.416004 0.621700 0.417866 0.620509 0.418375 0.620620 0.419616 0.619827 0.420633 0.620050 0.421253 0.619653
0 0.636849 0.699018 0.639392 0.699577 0.639789 0.700197 0.643239 0.701488 0.645335 0.704082 0.648399 0.709554 0.648745 0.712830 0.647628 0.717917 0.644302 0.720919 0.637639 0.722122 0.630008 0.720445 0.627179 0.718757 0.625083 0.716163 0.624116 0.713285 0.624675 0.710741 0.624278 0.710121 0.625731 0.703508 0.626575 0.702093 0.629057 0.700505 0.634305 0.698459
0 0.391521 0.376355 0.391918 0.376975 0.392936 0.377199 0.393730 0.378440 0.393618 0.378948 0.394585 0.381827 0.394138 0.383862 0.394535 0.384483 0.394311 0.385500 0.393691 0.385897 0.393579 0.386405 0.392959 0.386802 0.392115 0.388217 0.390253 0.389408 0.389236 0.389184 0.388615 0.389581 0.386581 0.389134 0.386184 0.388513 0.384658 0.388178 0.384261 0.387558 0.383243 0.387334 0.382846 0.386714 0.382338 0.386602 0.382673 0.385076 0.382276 0.384455 0.382500 0.383438 0.382103 0.382817 0.382723 0.382421 0.383505 0.378860 0.387737 0.376590 0.388246 0.376702 0.388866 0.376305 0.390392 0.376640 0.391013 0.376243
0 0.698451 0.780276 0.703538 0.781394 0.708066 0.785055 0.709256 0.786917 0.710000 0.790813 0.709330 0.793865 0.707021 0.797091 0.705160 0.798281 0.701772 0.799137 0.700755 0.798913 0.699005 0.799595 0.696065 0.798416 0.695668 0.797796 0.693633 0.797348 0.690407 0.795040 0.689217 0.793179 0.689440 0.792161 0.688361 0.789791 0.689144 0.786230 0.690496 0.784928 0.690720 0.783910 0.693313 0.781814 0.693425 0.781305 0.695907 0.779717
0 0.955094 0.590300 0.955490 0.590920 0.958431 0.592100 0.958828 0.592720 0.960354 0.593055 0.961942 0.595537 0.962512 0.597796 0.962065 0.599830 0.962462 0.600451 0.961791 0.603503 0.961171 0.603900 0.960612 0.606444 0.956889 0.608825 0.955760 0.609110 0.954234 0.608775 0.953613 0.609172 0.951070 0.608613 0.950449 0.609010 0.944680 0.606143 0.943489 0.604281 0.942634 0.600894 0.943640 0.596315 0.944260 0.595919 0.944596 0.594392 0.946060 0.592581 0.947922 0.591390 0.950180 0.590820 0.951197 0.591044 0.954076 0.590076
0 0.508270 0.745423 0.508667 0.746044 0.510193 0.746379 0.510590 0.747000 0.513022 0.748067 0.514213 0.749928 0.516035 0.756195 0.515812 0.757212 0.516382 0.759471 0.515762 0.759867 0.513962 0.763205 0.513453 0.763093 0.509842 0.764966 0.507807 0.764519 0.507187 0.764916 0.501591 0.763686 0.496778 0.758896 0.495637 0.754379 0.496196 0.751836 0.495799 0.751215 0.498108 0.747990 0.500589 0.746402 0.506235 0.744976
0 0.521869 0.360734 0.522266 0.361354 0.523792 0.361689 0.524189 0.362310 0.525206 0.362533 0.525603 0.363154 0.525491 0.363663 0.526459 0.366541 0.525788 0.369594 0.525167 0.369990 0.525056 0.370499 0.524435 0.370896 0.523591 0.372310 0.522350 0.373104 0.521842 0.372993 0.521221 0.373389 0.520204 0.373166 0.519583 0.373563 0.518566 0.373339 0.517945 0.373736 0.515402 0.373177 0.515005 0.372557 0.513591 0.371713 0.512797 0.370472 0.514361 0.363350 0.514982 0.362953 0.515206 0.361936 0.515826 0.361539 0.515938 0.361030 0.517179 0.360236 0.517687 0.360348 0.518308 0.359951
0 0.797781 0.362164 0.798178 0.362785 0.800213 0.363232 0.802309 0.365825 0.803277 0.368704 0.802941 0.370230 0.803338 0.370851 0.802668 0.373903 0.802047 0.374300 0.801712 0.375826 0.797877 0.378716 0.795731 0.378778 0.795110 0.379175 0.794093 0.378951 0.793472 0.379348 0.791946 0.379013 0.791326 0.379410 0.789291 0.378963 0.788894 0.378342 0.786351 0.377783 0.785954 0.377163 0.784936 0.376939 0.783746 0.375078 0.783684 0.372931 0.783002 0.371182 0.783784 0.367621 0.785137 0.366318 0.785361 0.365301 0.786825 0.363490 0.790436 0.361617 0.792583 0.361555 0.793203 0.361158
0 0.577524 0.459349 0.577921 0.459970 0.578938 0.460193 0.579335 0.460814 0.580352 0.461037 0.580749 0.461658 0.581258 0.461770 0.582449 0.463631 0.582337 0.464140 0.582734 0.464760 0.582287 0.466795 0.582684 0.467415 0.582063 0.467812 0.581728 0.469338 0.581107 0.469735 0.580772 0.471262 0.577049 0.473643 0.576032 0.473420 0.575411 0.473817 0.574394 0.473593 0.573774 0.473990 0.572756 0.473766 0.572359 0.473146 0.571851 0.473034 0.571057 0.471793 0.570548 0.471681 0.568960 0.469200 0.568452 0.469088 0.567261 0.467226 0.567708 0.465192 0.567311 0.464571 0.567423 0.464062 0.568775 0.462760 0.568999 0.461742 0.571481 0.460155 0.571990 0.460266 0.573231 0.459473 0.573739 0.459584 0.575489 0.458902
0 0.443611 0.496051 0.444405 0.497292 0.450236 0.502306 0.451712 0.505296 0.451376 0.506822 0.451773 0.507443 0.450768 0.512021 0.448347 0.515755 0.445865 0.517343 0.442478 0.518198 0.439314 0.518037 0.438693 0.518434 0.437788 0.517701 0.434736 0.517031 0.434339 0.516410 0.431907 0.515343 0.429128 0.510999 0.428670 0.508232 0.430184 0.503766 0.431649 0.501955 0.431984 0.500428 0.432605 0.500031 0.433672 0.497600 0.436663 0.496124 0.438698 0.496571 0.439318 0.496174 0.442991 0.496448
0 0.335258 0.282938 0.335654 0.283558 0.337689 0.284005 0.338086 0.284626 0.338595 0.284738 0.339786 0.286599 0.339674 0.287108 0.340071 0.287728 0.339289 0.291289 0.338668 0.291686 0.338556 0.292195 0.337936 0.292592 0.337824 0.293100 0.336583 0.293894 0.335057 0.293559 0.334437 0.293956 0.329858 0.292950 0.329064 0.291709 0.328556 0.291597 0.327874 0.289848 0.328544 0.286795 0.328147 0.286175 0.328768 0.285778 0.328991 0.284761 0.329612 0.284364 0.329835 0.283346 0.331076 0.282552 0.331585 0.282664 0.332205 0.282267
0 0.246458 0.522057 0.249002 0.522616 0.249399 0.523236 0.253357 0.524639 0.256135 0.528982 0.257896 0.533102 0.257399 0.537792 0.257796 0.538413 0.257349 0.540447 0.255661 0.543276 0.253179 0.544864 0.252335 0.546278 0.248947 0.547133 0.242731 0.546301 0.242111 0.546698 0.241205 0.545966 0.235213 0.544116 0.232719 0.540902 0.231467 0.536894 0.231293 0.535256 0.232920 0.530281 0.239398 0.522639 0.241260 0.521448 0.243294 0.521895 0.243915 0.521498
0 0.043966 0.441305 0.044363 0.441925 0.045889 0.442261 0.046286 0.442881 0.047700 0.443725 0.047588 0.444234 0.047985 0.444854 0.047762 0.445872 0.048158 0.446492 0.047935 0.447509 0.048332 0.448130 0.048108 0.449147 0.048505 0.449768 0.047885 0.450165 0.047438 0.452200 0.046817 0.452597 0.046594 0.453614 0.045973 0.454011 0.045861 0.454520 0.044621 0.455313 0.044112 0.455202 0.043491 0.455599 0.042474 0.455375 0.041854 0.455772 0.037784 0.454878 0.037387 0.454257 0.035973 0.453413 0.034782 0.451552 0.034894 0.451043 0.034497 0.450423 0.035056 0.447879 0.037140 0.445671 0.037476 0.444145 0.042440 0.440970
0 0.963871 0.469046 0.966668 0.469661 0.967065 0.470281 0.968083 0.470505 0.970973 0.474339 0.971482 0.474451 0.972449 0.477330 0.972225 0.478347 0.972511 0.479477 0.971158 0.480779 0.970934 0.481796 0.970202 0.482702 0.965574 0.484351 0.963030 0.483793 0.962410 0.484190 0.957831 0.483184 0.956132 0.481210 0.955623 0.481099 0.954433 0.479237 0.954656 0.478220 0.954086 0.475962 0.954309 0.474944 0.954930 0.474547 0.955997 0.472115 0.957238 0.471322 0.957350 0.470813 0.961073 0.468431
0 0.504090 0.674648 0.504487 0.675269 0.506013 0.675604 0.506410 0.676224 0.507427 0.676448 0.507824 0.677069 0.509238 0.677913 0.509127 0.678421 0.509921 0.679662 0.509809 0.680171 0.510206 0.680791 0.509423 0.684352 0.508803 0.684749 0.508691 0.685258 0.507450 0.686052 0.507338 0.686560 0.506097 0.687354 0.505589 0.687243 0.504968 0.687639 0.503442 0.687304 0.502822 0.687701 0.501296 0.687366 0.500675 0.687763 0.499658 0.687539 0.499261 0.686919 0.498752 0.686807 0.497164 0.684325 0.497276 0.683816 0.496879 0.683196 0.496991 0.682687 0.496197 0.681446 0.496421 0.680429 0.496024 0.679808 0.496583 0.677265 0.500305 0.674883 0.500814 0.674995 0.502564 0.674313
0 0.681566 0.381423 0.681963 0.382044 0.685524 0.382826 0.689828 0.387505 0.691081 0.391513 0.690075 0.396091 0.689454 0.396488 0.689119 0.398014 0.684044 0.401698 0.680656 0.402554 0.678621 0.402107 0.678001 0.402504 0.675966 0.402057 0.675345 0.402453 0.673819 0.402118 0.669688 0.399077 0.668100 0.396596 0.667245 0.393208 0.667804 0.390665 0.667407 0.390044 0.668027 0.389647 0.669207 0.386707 0.671292 0.384499 0.678514 0.380753
0 0.117643 0.635067 0.118437 0.636308 0.118325 0.636817 0.119119 0.638058 0.119007 0.638567 0.119404 0.639187 0.118846 0.641731 0.119242 0.642351 0.118622 0.642748 0.118510 0.643257 0.117269 0.644050 0.117157 0.644559 0.115805 0.645862 0.109700 0.644521 0.109080 0.644917 0.109192 0.644409 0.108795 0.643788 0.109130 0.642262 0.108733 0.641642 0.109627 0.637572 0.110248 0.637175 0.110583 0.635649 0.111824 0.634855 0.113350 0.635191 0.113971 0.634794 0.116005 0.635241 0.116626 0.634844
0 0.722795 0.518997 0.725848 0.519668 0.726245 0.520288 0.727771 0.520623 0.729358 0.523105 0.729247 0.523614 0.730040 0.524855 0.729929 0.525364 0.730326 0.525984 0.729767 0.528527 0.730164 0.529148 0.727347 0.532262 0.726838 0.532150 0.726217 0.532547 0.725200 0.532323 0.724580 0.532720 0.718984 0.531491 0.718363 0.531888 0.717855 0.531776 0.717458 0.531156 0.716440 0.530932 0.716043 0.530312 0.714629 0.529468 0.714456 0.527830 0.712868 0.525348 0.713488 0.524951 0.714159 0.521899 0.716020 0.520708 0.716864 0.519294 0.719743 0.518326
0 0.401959 0.299726 0.402356 0.300346 0.403373 0.300570 0.403770 0.301190 0.404279 0.301302 0.404676 0.301923 0.406996 0.303499 0.406884 0.304008 0.407566 0.305757 0.406560 0.310336 0.405940 0.310733 0.405716 0.311750 0.402614 0.313735 0.402105 0.313623 0.401485 0.314020 0.399450 0.313573 0.398829 0.313970 0.397812 0.313746 0.397415 0.313126 0.395889 0.312790 0.395492 0.312170 0.394078 0.311326 0.392713 0.307827 0.393608 0.303757 0.394228 0.303360 0.394563 0.301834 0.395184 0.301437 0.395296 0.300928 0.396536 0.300134 0.397045 0.300246 0.397666 0.299849 0.398683 0.300073 0.399304 0.299676 0.400321 0.299899 0.400941 0.299502
0 0.202961 0.499168 0.203358 0.499789 0.204884 0.500124 0.205281 0.500745 0.205789 0.500856 0.206980 0.502718 0.206310 0.505770 0.205689 0.506167 0.205466 0.507184 0.204845 0.507581 0.204622 0.508599 0.202760 0.509789 0.202252 0.509678 0.201631 0.510075 0.200105 0.509739 0.199485 0.510136 0.196941 0.509577 0.196544 0.508957 0.196035 0.508845 0.195242 0.507604 0.195465 0.506587 0.195068 0.505966 0.195850 0.502405 0.196471 0.502008 0.196806 0.500482 0.199909 0.498498
0 0.570852 0.244581 0.571249 0.245201 0.572267 0.245425 0.575492 0.247733 0.576968 0.250724 0.576745 0.251741 0.577142 0.252362 0.576248 0.256431 0.575627 0.256828 0.575292 0.258354 0.572078 0.260848 0.571966 0.261357 0.569087 0.262324 0.567561 0.261988 0.566940 0.262385 0.564906 0.261938 0.564509 0.261318 0.559930 0.260312 0.557834 0.257718 0.556979 0.254331 0.557202 0.253313 0.556520 0.251564 0.556906 0.247382 0.560740 0.244492 0.564128 0.243637 0.569215 0.244754 0.569835 0.244357
0 0.772961 0.708127 0.777936 0.709753 0.781620 0.714829 0.782588 0.717707 0.782252 0.719234 0.782649 0.719854 0.781420 0.725450 0.779335 0.727658 0.773354 0.730610 0.772225 0.730895 0.769681 0.730336 0.769061 0.730733 0.764991 0.729839 0.760463 0.726178 0.759384 0.723808 0.759607 0.722790 0.758925 0.721041 0.759261 0.719514 0.758864 0.718894 0.759646 0.715333 0.760267 0.714936 0.762402 0.710073 0.763643 0.709279 0.765789 0.709217 0.769177 0.708362 0.770418 0.707568
0 0.122351 0.288418 0.122747 0.289039 0.123765 0.289262 0.125067 0.290615 0.126085 0.290839 0.126482 0.291459 0.126990 0.291571 0.128578 0.294053 0.128355 0.295070 0.128752 0.295690 0.128416 0.297217 0.128813 0.297837 0.128031 0.301398 0.127410 0.301795 0.126963 0.303830 0.126343 0.304227 0.126231 0.304735 0.124481 0.305417 0.121938 0.304859 0.121317 0.305255 0.117248 0.304361 0.116851 0.303741 0.115834 0.303517 0.115040 0.302276 0.114531 0.302165 0.114134 0.301544 0.114246 0.301035 0.112658 0.298554 0.113776 0.293467 0.115017 0.292673 0.115861 0.291258 0.120204 0.288480 0.120713 0.288592 0.121333 0.288195
0 0.258902 0.268828 0.261619 0.271024 0.262698 0.273395 0.262587 0.273903 0.263380 0.275144 0.262598 0.278705 0.260625 0.280405 0.259781 0.281819 0.257299 0.283407 0.256282 0.283183 0.254532 0.283865 0.247634 0.281283 0.246443 0.279422 0.245302 0.274905 0.245923 0.274508 0.246705 0.270947 0.248170 0.269136 0.250031 0.267945 0.251160 0.267660 0.253704 0.268219 0.254324 0.267822
0 0.696585 0.543634 0.696982 0.544254 0.698508 0.544590 0.698905 0.545210 0.701225 0.546786 0.702813 0.549268 0.702478 0.550794 0.702875 0.551415 0.702651 0.552432 0.703048 0.553053 0.702825 0.554070 0.703221 0.554691 0.702774 0.556725 0.700292 0.558313 0.699784 0.558201 0.698543 0.558995 0.697017 0.558660 0.696396 0.559057 0.694870 0.558721 0.694250 0.559118 0.691706 0.558560 0.691309 0.557939 0.690292 0.557716 0.687910 0.553993 0.687402 0.553881 0.687005 0.553261 0.687117 0.552752 0.686720 0.552131 0.687167 0.550097 0.686770 0.549476 0.687390 0.549079 0.687725 0.547553 0.688346 0.547156 0.688569 0.546139 0.689190 0.545742 0.689699 0.545853 0.691560 0.544663 0.692069 0.544775 0.693310 0.543981 0.693818 0.544092 0.695568 0.543410
0 0.855562 0.570031 0.855959 0.570652 0.857485 0.570987 0.857882 0.571607 0.858899 0.571831 0.859805 0.572563 0.861281 0.575554 0.861566 0.576683 0.861231 0.578209 0.861628 0.578829 0.860510 0.583916 0.858028 0.585504 0.854640 0.586360 0.853623 0.586136 0.853003 0.586533 0.851477 0.586198 0.850856 0.586595 0.846501 0.584571 0.845311 0.582710 0.844405 0.581978 0.843835 0.579719 0.844840 0.575141 0.845461 0.574744 0.845796 0.573218 0.847037 0.572424 0.847149 0.571916 0.847658 0.572027 0.850139 0.570440 0.853527 0.569584
0 0.000000 0.645910 0.000000 0.646530 0.000000 0.646642 0.000000 0.649124 0.000000 0.650650 0.000000 0.651270 0.000000 0.655849 0.000000 0.656245 0.000000 0.656754 0.000000 0.657945 0.000000 0.657833 0.000000 0.658627 0.000000 0.657062 0.000000 0.656442 0.000000 0.656330 0.000000 0.655821 0.000000 0.654580 0.000000 0.654072 0.000000 0.653451 0.000000 0.651416 0.000000 0.651020 0.000000 0.648476 0.000000 0.648079 0.000000 0.647062 0.000000 0.646665 0.000000 0.646156 0.000000 0.645362 0.000000 0.645474 0.000000 0.645077 0.000000 0.645748 0.000000 0.645351
0 0.609345 0.678577 0.609742 0.679197 0.611776 0.679645 0.612173 0.680265 0.613191 0.680489 0.614778 0.682970 0.614667 0.683479 0.615349 0.685229 0.614790 0.687772 0.615187 0.688393 0.614963 0.689410 0.614343 0.689807 0.613784 0.692351 0.611190 0.694447 0.610682 0.694335 0.608932 0.695017 0.602828 0.693676 0.602431 0.693056 0.601922 0.692944 0.599937 0.689842 0.599429 0.689730 0.599032 0.689109 0.599255 0.688092 0.598858 0.687471 0.599641 0.683910 0.600261 0.683514 0.600708 0.681479 0.601329 0.681082 0.602905 0.678762 0.603414 0.678874 0.606293 0.677906
0 0.226459 0.380083 0.226856 0.380703 0.227365 0.380815 0.228556 0.382676 0.228332 0.383694 0.229014 0.385443 0.228120 0.389513 0.227611 0.389401 0.225750 0.390592 0.225241 0.390480 0.224621 0.390877 0.222586 0.390430 0.222189 0.389809 0.220663 0.389474 0.220266 0.388854 0.219757 0.388742 0.219361 0.388121 0.218852 0.388010 0.218170 0.386260 0.218952 0.382699 0.219573 0.382302 0.219684 0.381793 0.221546 0.380603 0.222055 0.380714 0.223804 0.380032 0.224822 0.380256 0.225442 0.379859
0 0.486447 0.667572 0.486844 0.668193 0.490070 0.670501 0.490864 0.671742 0.490752 0.672251 0.491149 0.672871 0.490590 0.675415 0.490987 0.676035 0.490875 0.676544 0.490255 0.676941 0.489696 0.679485 0.487834 0.680675 0.486197 0.680849 0.483715 0.682436 0.483206 0.682325 0.481456 0.683007 0.478913 0.682448 0.478516 0.681827 0.475972 0.681269 0.475575 0.680648 0.475067 0.680536 0.475179 0.680028 0.474782 0.679407 0.475005 0.678390 0.474323 0.676640 0.474882 0.674097 0.474485 0.673476 0.474820 0.671950 0.475441 0.671553 0.475776 0.670027 0.476397 0.669630 0.476508 0.669121 0.478370 0.667931 0.481025 0.667981 0.483395 0.666902
0 0.308550 0.571961 0.309344 0.573202 0.309852 0.573313 0.309741 0.573822 0.310534 0.575063 0.310423 0.575572 0.311105 0.577321 0.309540 0.584443 0.307058 0.586031 0.306550 0.585919 0.305929 0.586316 0.304403 0.585981 0.304006 0.585360 0.299936 0.584466 0.299539 0.583846 0.298522 0.583622 0.297728 0.582381 0.297219 0.582269 0.297331 0.581761 0.296934 0.581140 0.297158 0.580123 0.296761 0.579502 0.297543 0.575941 0.298164 0.575544 0.298387 0.574527 0.299008 0.574130 0.299120 0.573621 0.300981 0.572431 0.301490 0.572542 0.303239 0.571860 0.305274 0.572307 0.305895 0.571911 0.307929 0.572358
0 0.138632 0.600218 0.141237 0.602923 0.141013 0.603941 0.141410 0.604561 0.141075 0.606087 0.141472 0.606708 0.141360 0.607216 0.140739 0.607613 0.140181 0.610157 0.138828 0.611459 0.138604 0.612477 0.137984 0.612874 0.137872 0.613382 0.134993 0.614350 0.132959 0.613903 0.132562 0.613282 0.128492 0.612388 0.127301 0.610526 0.127413 0.610018 0.127016 0.609397 0.127240 0.608380 0.126843 0.607759 0.127737 0.603690 0.128357 0.603293 0.128581 0.602275 0.129201 0.601879 0.129425 0.600861 0.130666 0.600067 0.131174 0.600179 0.131795 0.599782 0.134338 0.600341 0.134959 0.599944 0.137502 0.600503 0.138123 0.600106
0 0.327754 0.558582 0.330551 0.559197 0.330948 0.559818 0.331457 0.559929 0.332251 0.561170 0.332139 0.561679 0.332821 0.563429 0.332486 0.564955 0.331865 0.565352 0.331307 0.567895 0.330686 0.568292 0.330463 0.569310 0.329842 0.569706 0.328998 0.571121 0.321876 0.569556 0.320574 0.568203 0.320686 0.567695 0.320289 0.567074 0.320512 0.566057 0.320115 0.565436 0.321009 0.561367 0.321630 0.560970 0.321742 0.560461 0.322983 0.559667 0.323826 0.558253 0.324335 0.558365 0.324956 0.557968
0 0.413421 0.698987 0.413818 0.699608 0.417379 0.700390 0.418682 0.701743 0.418570 0.702252 0.420046 0.705242 0.419599 0.707277 0.419996 0.707897 0.419213 0.711458 0.419610 0.712079 0.418990 0.712476 0.418766 0.713493 0.417302 0.715304 0.415043 0.715875 0.414026 0.715651 0.413405 0.716048 0.411371 0.715601 0.410750 0.715998 0.407189 0.715216 0.406792 0.714595 0.404361 0.713528 0.402549 0.712063 0.402264 0.710934 0.402488 0.709917 0.402091 0.709296 0.403209 0.704209 0.403829 0.703812 0.404052 0.702795 0.404785 0.701889 0.405914 0.701604 0.409637 0.699222 0.411895 0.698652
0 0.233071 0.262619 0.234882 0.264083 0.237660 0.268427 0.237946 0.269556 0.237387 0.272099 0.237784 0.272720 0.235649 0.277583 0.234519 0.277868 0.232658 0.279059 0.231529 0.279344 0.230003 0.279009 0.229382 0.279406 0.227856 0.279071 0.227459 0.278450 0.224916 0.277891 0.224519 0.277271 0.223501 0.277047 0.222596 0.276315 0.221008 0.273833 0.220723 0.272704 0.220946 0.271687 0.220549 0.271066 0.221555 0.266488 0.223752 0.263771 0.225725 0.262072 0.227251 0.262407 0.227872 0.262010 0.229398 0.262345 0.230018 0.261948
0 0.616624 0.698840 0.617021 0.699461 0.618944 0.700417 0.619738 0.701658 0.621549 0.703122 0.623137 0.705604 0.622640 0.710294 0.623037 0.710914 0.622590 0.712949 0.621237 0.714252 0.621013 0.715269 0.619772 0.716063 0.616385 0.716919 0.615368 0.716695 0.612997 0.717774 0.604350 0.715874 0.603556 0.714633 0.603047 0.714521 0.601571 0.711531 0.601795 0.710513 0.601398 0.709893 0.602627 0.704297 0.603248 0.703900 0.604315 0.701468 0.606797 0.699881 0.610805 0.698628 0.611822 0.698852 0.614081 0.698282
0 0.733592 0.639752 0.737561 0.645957 0.737338 0.646974 0.737734 0.647595 0.737511 0.648612 0.737908 0.649232 0.736555 0.650535 0.736332 0.651552 0.735711 0.651949 0.735599 0.652458 0.733118 0.654046 0.732609 0.653934 0.730859 0.654616 0.727807 0.653946 0.727410 0.653325 0.724358 0.652654 0.723961 0.652034 0.723452 0.651922 0.721865 0.649440 0.723429 0.642319 0.724050 0.641922 0.724894 0.640507 0.727376 0.638920 0.732971 0.640149
0 0.590400 0.670148 0.590796 0.670769 0.592323 0.671104 0.592720 0.671725 0.594246 0.672060 0.594643 0.672680 0.595151 0.672792 0.595548 0.673413 0.595325 0.674430 0.596007 0.676180 0.595448 0.678723 0.594827 0.679120 0.594045 0.682681 0.593425 0.683078 0.593089 0.684604 0.591848 0.685398 0.587779 0.684504 0.587158 0.684901 0.586141 0.684677 0.585744 0.684057 0.584330 0.683213 0.583536 0.681972 0.583027 0.681860 0.582630 0.681240 0.582742 0.680731 0.580757 0.677629 0.581651 0.673559 0.582892 0.672765 0.583004 0.672256 0.583625 0.671859 0.583848 0.670842 0.584357 0.670954 0.585598 0.670160 0.586106 0.670272 0.586727 0.669875 0.587744 0.670098 0.588365 0.669701
0 0.945142 0.397741 0.945539 0.398361 0.946557 0.398585 0.950179 0.401514 0.951370 0.403375 0.951940 0.405634 0.951605 0.407160 0.952002 0.407780 0.951219 0.411341 0.950487 0.412247 0.947497 0.413723 0.946479 0.413499 0.945859 0.413896 0.944333 0.413561 0.943712 0.413958 0.938116 0.412728 0.937720 0.412108 0.935176 0.411549 0.934271 0.410817 0.932683 0.408335 0.933353 0.405283 0.933068 0.404153 0.933689 0.403756 0.934980 0.400307 0.936444 0.398496 0.937685 0.397702 0.938703 0.397926 0.940961 0.397355 0.942487 0.397691 0.943108 0.397294
0 0.428651 0.476766 0.433638 0.483194 0.433414 0.484212 0.434096 0.485961 0.433538 0.488505 0.432917 0.488902 0.432582 0.490428 0.431117 0.492239 0.428635 0.493827 0.426377 0.494397 0.425360 0.494174 0.424739 0.494571 0.420161 0.493565 0.419764 0.492944 0.417729 0.492497 0.415124 0.489792 0.414269 0.486404 0.414604 0.484878 0.414207 0.484258 0.414878 0.481205 0.417074 0.478489 0.420797 0.476107 0.421926 0.475822 0.423961 0.476269 0.424582 0.475872
0 0.319665 0.259248 0.320062 0.259869 0.322097 0.260316 0.322494 0.260936 0.324020 0.261272 0.324417 0.261892 0.324926 0.262004 0.325720 0.263245 0.325608 0.263753 0.326005 0.264374 0.325781 0.265391 0.326178 0.266012 0.325619 0.268555 0.324999 0.268952 0.324664 0.270478 0.323423 0.271272 0.321846 0.273592 0.320097 0.274274 0.318571 0.273939 0.317950 0.274336 0.313881 0.273442 0.313484 0.272821 0.311164 0.271245 0.310990 0.269607 0.309800 0.267746 0.310806 0.263167 0.312667 0.261977 0.312779 0.261468 0.314131 0.260165 0.314640 0.260277 0.315881 0.259483 0.316390 0.259595 0.318139 0.258913
0 0.688974 0.573424 0.692596 0.576353 0.695375 0.580696 0.694592 0.584257 0.693972 0.584654 0.693748 0.585671 0.692284 0.587482 0.689293 0.588958 0.688164 0.589243 0.687147 0.589020 0.686526 0.589417 0.683474 0.588746 0.683077 0.588126 0.681551 0.587790 0.681154 0.587170 0.680137 0.586946 0.679231 0.586214 0.677643 0.583732 0.677358 0.582603 0.677582 0.581586 0.677185 0.580965 0.677967 0.577404 0.679320 0.576102 0.679543 0.575084 0.680276 0.574179 0.682137 0.572988 0.683663 0.573323 0.684284 0.572926 0.687336 0.573597 0.687956 0.573200
0 0.706408 0.564456 0.706805 0.565077 0.708331 0.565412 0.710143 0.566876 0.711333 0.568738 0.711619 0.569867 0.711171 0.571902 0.711568 0.572522 0.711233 0.574048 0.710613 0.574445 0.710166 0.576480 0.709545 0.576877 0.709322 0.577894 0.708589 0.578800 0.706728 0.579991 0.705599 0.580276 0.704581 0.580052 0.701194 0.580908 0.700176 0.580684 0.699780 0.580064 0.698762 0.579840 0.696951 0.578376 0.695760 0.576514 0.695251 0.576403 0.693379 0.572792 0.693602 0.571774 0.694222 0.571377 0.694781 0.568834 0.695402 0.568437 0.695625 0.567419 0.696358 0.566514 0.698728 0.565435 0.700366 0.565261 0.703356 0.563785
0 0.246313 0.213269 0.249620 0.213996 0.254830 0.219407 0.255909 0.221777 0.255685 0.222794 0.256541 0.226182 0.256094 0.228216 0.256491 0.228837 0.255932 0.231380 0.255311 0.231777 0.255088 0.232795 0.251985 0.234779 0.248598 0.235635 0.247072 0.235300 0.246451 0.235696 0.243399 0.235026 0.243002 0.234405 0.241476 0.234070 0.241079 0.233450 0.238648 0.232382 0.237172 0.229392 0.236031 0.224875 0.237037 0.220297 0.237657 0.219900 0.238104 0.217865 0.239457 0.216562 0.240413 0.214639 0.243006 0.212543
0 0.106403 0.305178 0.106800 0.305799 0.107818 0.306022 0.108214 0.306643 0.109232 0.306866 0.109629 0.307487 0.110137 0.307598 0.110820 0.309348 0.110373 0.311383 0.110770 0.312003 0.110149 0.312400 0.109367 0.315961 0.108746 0.316358 0.108634 0.316867 0.106153 0.318455 0.104626 0.318119 0.104006 0.318516 0.100954 0.317846 0.100557 0.317225 0.099539 0.317002 0.096761 0.312658 0.097655 0.308589 0.098896 0.307795 0.099740 0.306380 0.102731 0.304904 0.103748 0.305128 0.104368 0.304731
0 0.601243 0.739721 0.601640 0.740342 0.606106 0.741856 0.607297 0.743718 0.607806 0.743829 0.609282 0.746820 0.609517 0.750605 0.608896 0.751001 0.608226 0.754054 0.607605 0.754451 0.606538 0.756882 0.602306 0.759152 0.598410 0.759896 0.596884 0.759561 0.596264 0.759957 0.593323 0.758778 0.590098 0.756470 0.588225 0.752859 0.587940 0.751729 0.588275 0.750203 0.587878 0.749583 0.588549 0.746531 0.591701 0.741891 0.593562 0.740700 0.596950 0.739845 0.597967 0.740068 0.599717 0.739386
0 0.681918 0.552143 0.683505 0.554625 0.683791 0.555754 0.683567 0.556771 0.684819 0.560779 0.684372 0.562814 0.684769 0.563434 0.682573 0.566151 0.680091 0.567739 0.677832 0.568309 0.675798 0.567862 0.675401 0.567242 0.672857 0.566683 0.672460 0.566063 0.670934 0.565727 0.670029 0.564995 0.669235 0.563754 0.668664 0.561496 0.668888 0.560478 0.668491 0.559858 0.669161 0.556806 0.672823 0.552278 0.674064 0.551484 0.675081 0.551707 0.675702 0.551310 0.677228 0.551646 0.677848 0.551249
0 0.264411 0.658782 0.268033 0.661711 0.270018 0.664813 0.269795 0.665831 0.270477 0.667580 0.269471 0.672159 0.265748 0.674540 0.264619 0.674826 0.263601 0.674602 0.260723 0.675569 0.258688 0.675122 0.258291 0.674502 0.257273 0.674278 0.256876 0.673658 0.254445 0.672590 0.253651 0.671349 0.253366 0.670220 0.253589 0.669203 0.253192 0.668582 0.254310 0.663495 0.254930 0.663098 0.255266 0.661572 0.257239 0.659873 0.257748 0.659984 0.259609 0.658794 0.260738 0.658508 0.262264 0.658844 0.262885 0.658447
0 0.356944 0.232777 0.357341 0.233398 0.358358 0.233621 0.361248 0.237456 0.361025 0.238473 0.361422 0.239094 0.361086 0.240620 0.361483 0.241240 0.361260 0.242258 0.360639 0.242654 0.360192 0.244689 0.358219 0.246389 0.357375 0.247803 0.354384 0.249279 0.351332 0.248608 0.350935 0.247988 0.348392 0.247429 0.347995 0.246809 0.346978 0.246585 0.345390 0.244103 0.345502 0.243595 0.344820 0.241845 0.345937 0.236758 0.346558 0.236361 0.346781 0.235344 0.347402 0.234947 0.347513 0.234438 0.349375 0.233247 0.349884 0.233359 0.350504 0.232962 0.351521 0.233185 0.352142 0.232789 0.353668 0.233124 0.354288 0.232727 0.356323 0.233174
0 0.060658 0.582553 0.063965 0.583279 0.065329 0.586778 0.064099 0.592374 0.063479 0.592771 0.063367 0.593280 0.062126 0.594074 0.061617 0.593962 0.060997 0.594359 0.056419 0.593353 0.056022 0.592732 0.054496 0.592397 0.053702 0.591156 0.053813 0.590647 0.053417 0.590027 0.053752 0.588501 0.053355 0.587880 0.053690 0.586354 0.054311 0.585957 0.054758 0.583922 0.055378 0.583526 0.055490 0.583017 0.057351 0.581826
0 0.612594 0.430793 0.612991 0.431414 0.615534 0.431973 0.615931 0.432593 0.616440 0.432705 0.618027 0.435187 0.617916 0.435695 0.618883 0.438574 0.618771 0.439083 0.618151 0.439480 0.617592 0.442023 0.616971 0.442420 0.616860 0.442929 0.614378 0.444517 0.613869 0.444405 0.612119 0.445087 0.606524 0.443858 0.606127 0.443237 0.603807 0.441661 0.602219 0.439179 0.602331 0.438670 0.601934 0.438050 0.602716 0.434489 0.603337 0.434092 0.603560 0.433075 0.604181 0.432678 0.605025 0.431263 0.606266 0.430469 0.606774 0.430581 0.608524 0.429899
0 0.870063 0.586549 0.870460 0.587169 0.871875 0.588013 0.872668 0.589254 0.873177 0.589366 0.873574 0.589986 0.873462 0.590495 0.873859 0.591116 0.873636 0.592133 0.874033 0.592753 0.873474 0.595297 0.872853 0.595694 0.872518 0.597220 0.871898 0.597617 0.871674 0.598634 0.869080 0.600731 0.868572 0.600619 0.866822 0.601301 0.866425 0.600681 0.864899 0.600345 0.864502 0.599725 0.863485 0.599501 0.863088 0.598881 0.861673 0.598037 0.860483 0.596175 0.860594 0.595667 0.860197 0.595046 0.860645 0.593011 0.860248 0.592391 0.861030 0.588830 0.861651 0.588433 0.861762 0.587924 0.863003 0.587131 0.863512 0.587242 0.864132 0.586845 0.865658 0.587181 0.866279 0.586784 0.867296 0.587007 0.867917 0.586610 0.868934 0.586834 0.869555 0.586437
0 0.624543 0.750173 0.627260 0.752370 0.628277 0.752593 0.630485 0.754678 0.631056 0.756937 0.630385 0.759989 0.630782 0.760609 0.630447 0.762135 0.629826 0.762532 0.628759 0.764964 0.627406 0.766267 0.620122 0.767866 0.619725 0.767245 0.617691 0.766798 0.617294 0.766178 0.616276 0.765954 0.615879 0.765334 0.613956 0.764378 0.612877 0.762008 0.613039 0.758844 0.612642 0.758224 0.613536 0.754154 0.614157 0.753757 0.614492 0.752231 0.615224 0.751325 0.618215 0.749849 0.619741 0.750185 0.620362 0.749788 0.622396 0.750235 0.623017 0.749838
0 0.028497 0.421908 0.032740 0.424440 0.038012 0.431998 0.037850 0.435162 0.038247 0.435782 0.037353 0.439852 0.036112 0.440646 0.035268 0.442060 0.032389 0.443027 0.027699 0.442530 0.027078 0.442927 0.024026 0.442256 0.023406 0.442653 0.019448 0.441250 0.019051 0.440630 0.016110 0.439451 0.013444 0.434599 0.013606 0.431435 0.013209 0.430814 0.013829 0.430417 0.014611 0.426856 0.016920 0.423631 0.019402 0.422043 0.024936 0.421126
0 0.176895 0.159090 0.182329 0.163483 0.182217 0.163992 0.183011 0.165233 0.182453 0.167776 0.182849 0.168397 0.182117 0.169302 0.181894 0.170320 0.181273 0.170717 0.181050 0.171734 0.179585 0.173545 0.176595 0.175021 0.175465 0.175306 0.174448 0.175083 0.173828 0.175480 0.172301 0.175144 0.171905 0.174524 0.169473 0.173456 0.167885 0.170974 0.167376 0.170863 0.166236 0.166346 0.167130 0.162276 0.168594 0.160465 0.169835 0.159671 0.172094 0.159101 0.173111 0.159325 0.173732 0.158928 0.175258 0.159263 0.175878 0.158866
0 0.055363 0.600586 0.055760 0.601207 0.056777 0.601430 0.057174 0.602051 0.057683 0.602163 0.058985 0.603515 0.058650 0.605041 0.059047 0.605662 0.058711 0.607188 0.058091 0.607585 0.057867 0.608602 0.057247 0.608999 0.057023 0.610017 0.053921 0.612001 0.053412 0.611890 0.052792 0.612286 0.052283 0.612175 0.050534 0.612857 0.050025 0.612745 0.049628 0.612125 0.048214 0.611281 0.047420 0.610040 0.047532 0.609531 0.046849 0.607781 0.047855 0.603203 0.048476 0.602806 0.048699 0.601789 0.050052 0.600486 0.050561 0.600598 0.052310 0.599916
0 0.951077 0.375582 0.951474 0.376202 0.953509 0.376649 0.953906 0.377270 0.954924 0.377493 0.955829 0.378225 0.957417 0.380707 0.957305 0.381216 0.958099 0.382457 0.958669 0.384715 0.957775 0.388785 0.957155 0.389182 0.956199 0.391105 0.953717 0.392693 0.951459 0.393263 0.946372 0.392145 0.945751 0.392542 0.945354 0.391922 0.943828 0.391586 0.943431 0.390966 0.942414 0.390742 0.942017 0.390122 0.940094 0.389166 0.939015 0.386796 0.940356 0.380692 0.940977 0.380295 0.942156 0.377354 0.948534 0.375023
0 0.531814 0.736724 0.532210 0.737345 0.536168 0.738747 0.539282 0.741565 0.540473 0.743426 0.540758 0.744555 0.540311 0.746590 0.540708 0.747210 0.539478 0.752806 0.538858 0.753203 0.538523 0.754729 0.536550 0.756429 0.529663 0.758648 0.526102 0.757866 0.525481 0.758263 0.522938 0.757704 0.519204 0.755284 0.516140 0.749811 0.516078 0.747665 0.515396 0.745915 0.516290 0.741845 0.518487 0.739129 0.521589 0.737144 0.527235 0.735718
0 0.545716 0.363840 0.547019 0.365193 0.548036 0.365416 0.549339 0.366769 0.550356 0.366993 0.551150 0.368234 0.550926 0.369251 0.551323 0.369871 0.551100 0.370889 0.551497 0.371509 0.550491 0.376088 0.549870 0.376485 0.549647 0.377502 0.549026 0.377899 0.548914 0.378408 0.547673 0.379201 0.546656 0.378978 0.546036 0.379375 0.543492 0.378816 0.542872 0.379213 0.541346 0.378878 0.540949 0.378257 0.539534 0.377413 0.536867 0.372561 0.537203 0.371035 0.536806 0.370415 0.537365 0.367871 0.537985 0.367474 0.538829 0.366060 0.541311 0.364472 0.541820 0.364584 0.544190 0.363505
0 0.367493 0.604642 0.368287 0.605883 0.368796 0.605995 0.369193 0.606615 0.369081 0.607124 0.370272 0.608985 0.370160 0.609494 0.369539 0.609891 0.368645 0.613960 0.368025 0.614357 0.367689 0.615883 0.366449 0.616677 0.365940 0.616565 0.364190 0.617247 0.362155 0.616800 0.361759 0.616180 0.358198 0.615398 0.357007 0.613536 0.358572 0.606414 0.359192 0.606017 0.359304 0.605509 0.361165 0.604318 0.362183 0.604541 0.362803 0.604145 0.364838 0.604592 0.365458 0.604195
0 0.806325 0.580543 0.806722 0.581164 0.808249 0.581499 0.808645 0.582120 0.811983 0.583919 0.813967 0.587022 0.813744 0.588039 0.814141 0.588660 0.812800 0.594764 0.812179 0.595161 0.811844 0.596687 0.811223 0.597084 0.810888 0.598610 0.810156 0.599516 0.807786 0.600595 0.804622 0.600433 0.804001 0.600830 0.802475 0.600495 0.801855 0.600891 0.798914 0.599712 0.794274 0.596560 0.793084 0.594698 0.792910 0.593060 0.792116 0.591819 0.793458 0.585715 0.794078 0.585318 0.794413 0.583792 0.795766 0.582489 0.798868 0.580505 0.802032 0.580667 0.802653 0.580270 0.804179 0.580605 0.804799 0.580208
0 0.085041 0.608707 0.085437 0.609327 0.087472 0.609774 0.087869 0.610395 0.088378 0.610507 0.089966 0.612988 0.089295 0.616041 0.088675 0.616438 0.088339 0.617964 0.087098 0.618757 0.086986 0.619266 0.085125 0.620457 0.084616 0.620345 0.083996 0.620742 0.082979 0.620519 0.082358 0.620916 0.079815 0.620357 0.079418 0.619736 0.078909 0.619624 0.078115 0.618384 0.078339 0.617366 0.077942 0.616746 0.078165 0.615728 0.077768 0.615108 0.078327 0.612564 0.077930 0.611944 0.078042 0.611435 0.081765 0.609054 0.082273 0.609165 0.084023 0.608483
0 0.666186 0.800917 0.666583 0.801537 0.667092 0.801649 0.667886 0.802890 0.668394 0.803002 0.668283 0.803510 0.668680 0.804131 0.668456 0.805148 0.668853 0.805769 0.668518 0.807295 0.668915 0.807915 0.668132 0.811476 0.666271 0.812667 0.665762 0.812555 0.662883 0.813522 0.661866 0.813299 0.661469 0.812679 0.659434 0.812231 0.659037 0.811611 0.658020 0.811387 0.657623 0.810767 0.656606 0.810543 0.656717 0.810035 0.655923 0.808794 0.656706 0.805233 0.657326 0.804836 0.657662 0.803310 0.658282 0.802913 0.658394 0.802404 0.660255 0.801213 0.660764 0.801325 0.662514 0.800643 0.663531 0.800867 0.664151 0.800470
0 0.139434 0.298038 0.139831 0.298658 0.140849 0.298882 0.141245 0.299502 0.142660 0.300346 0.143454 0.301587 0.143962 0.301699 0.145550 0.304181 0.145438 0.304689 0.145835 0.305310 0.145276 0.307853 0.144656 0.308250 0.144321 0.309776 0.143700 0.310173 0.143477 0.311191 0.142856 0.311588 0.142744 0.312096 0.140995 0.312778 0.139977 0.312555 0.139357 0.312952 0.137322 0.312505 0.136702 0.312902 0.135684 0.312678 0.135287 0.312058 0.133761 0.311722 0.133364 0.311102 0.131950 0.310258 0.131268 0.308508 0.131603 0.306982 0.131206 0.306362 0.132212 0.301783 0.132833 0.301386 0.134409 0.299066 0.135029 0.298670 0.135538 0.298781 0.137288 0.298099 0.138305 0.298323 0.138926 0.297926
0 0.845023 0.462664 0.845420 0.463285 0.846438 0.463508 0.846835 0.464129 0.849155 0.465705 0.850345 0.467566 0.850010 0.469092 0.850407 0.469713 0.849848 0.472256 0.849228 0.472653 0.848892 0.474179 0.846919 0.475879 0.846808 0.476388 0.845567 0.477181 0.845058 0.477070 0.844437 0.477467 0.843420 0.477243 0.842800 0.477640 0.839239 0.476858 0.838842 0.476237 0.836807 0.475790 0.836410 0.475170 0.835393 0.474946 0.834599 0.473705 0.834710 0.473196 0.833631 0.470826 0.834526 0.466757 0.835146 0.466360 0.835370 0.465342 0.835990 0.464945 0.836834 0.463531 0.838075 0.462737 0.839092 0.462961 0.839713 0.462564 0.841239 0.462899 0.841859 0.462502 0.843894 0.462949 0.844515 0.462552
0 0.226260 0.320314 0.226657 0.320934 0.228071 0.321778 0.229262 0.323640 0.229038 0.324657 0.229721 0.326407 0.229162 0.328950 0.228541 0.329347 0.228318 0.330365 0.227697 0.330762 0.227362 0.332288 0.226009 0.333590 0.224992 0.333367 0.224371 0.333764 0.220811 0.332981 0.220414 0.332361 0.217870 0.331802 0.217076 0.330561 0.217188 0.330052 0.216506 0.328303 0.216953 0.326268 0.216556 0.325647 0.216891 0.324121 0.217512 0.323724 0.217624 0.323216 0.219708 0.321008 0.220217 0.321119 0.221967 0.320437 0.222984 0.320661 0.223605 0.320264 0.225639 0.320711
0 0.076805 0.590366 0.077202 0.590987 0.078728 0.591322 0.079125 0.591943 0.080143 0.592166 0.080540 0.592787 0.081954 0.593631 0.082748 0.594872 0.082636 0.595380 0.083033 0.596001 0.081915 0.601088 0.079433 0.602675 0.079322 0.603184 0.078081 0.603978 0.077063 0.603755 0.076443 0.604151 0.075425 0.603928 0.074805 0.604325 0.073279 0.603990 0.072658 0.604386 0.071641 0.604163 0.071244 0.603542 0.069830 0.602698 0.068639 0.600837 0.068466 0.599199 0.067672 0.597958 0.068454 0.594397 0.069074 0.594000 0.069298 0.592983 0.069918 0.592586 0.070763 0.591172 0.074262 0.589808
0 0.766858 0.376700 0.767255 0.377320 0.770307 0.377991 0.770704 0.378612 0.771722 0.378835 0.772913 0.380697 0.772801 0.381205 0.773768 0.384084 0.773544 0.385101 0.772924 0.385498 0.772365 0.388042 0.771745 0.388439 0.770168 0.390759 0.767798 0.391838 0.761185 0.390385 0.760788 0.389764 0.759374 0.388920 0.758580 0.387679 0.758804 0.386662 0.757725 0.384292 0.758507 0.380731 0.759127 0.380334 0.759239 0.379825 0.760480 0.379031 0.761324 0.377617 0.764823 0.376253
0 0.258250 0.563042 0.259950 0.565015 0.260458 0.565127 0.261141 0.566877 0.260693 0.568911 0.261090 0.569532 0.260196 0.573602 0.259576 0.573998 0.258000 0.576318 0.256138 0.577509 0.255629 0.577397 0.255009 0.577794 0.252465 0.577236 0.251845 0.577632 0.248284 0.576850 0.247887 0.576230 0.247378 0.576118 0.246299 0.573748 0.246635 0.572222 0.246238 0.571601 0.246908 0.568549 0.246512 0.567929 0.246735 0.566911 0.247355 0.566514 0.247803 0.564479 0.248423 0.564083 0.248535 0.563574 0.250396 0.562383 0.250905 0.562495 0.251525 0.562098 0.253560 0.562545 0.254181 0.562148
0 0.187832 0.196687 0.188229 0.197308 0.190549 0.198884 0.191343 0.200125 0.191851 0.200237 0.191740 0.200745 0.192707 0.203624 0.191701 0.208203 0.191080 0.208600 0.188772 0.211825 0.188152 0.212222 0.187643 0.212110 0.185893 0.212792 0.184876 0.212569 0.184255 0.212966 0.183747 0.212854 0.183350 0.212234 0.181824 0.211898 0.181427 0.211278 0.180409 0.211054 0.178710 0.209081 0.178201 0.208969 0.178313 0.208461 0.177346 0.205582 0.177793 0.203547 0.177396 0.202926 0.177843 0.200892 0.178463 0.200495 0.178575 0.199986 0.179195 0.199589 0.179419 0.198572 0.180660 0.197778 0.180772 0.197269 0.181280 0.197381 0.181901 0.196984 0.182918 0.197208 0.183539 0.196811 0.184556 0.197034 0.185177 0.196637 0.187211 0.197084
0 0.854128 0.608110 0.854524 0.608731 0.857577 0.609402 0.857974 0.610022 0.859388 0.610866 0.860976 0.613348 0.860640 0.614874 0.861037 0.615494 0.860255 0.619055 0.859635 0.619452 0.859411 0.620470 0.855576 0.623360 0.853033 0.622801 0.852412 0.623198 0.847325 0.622080 0.846928 0.621460 0.846420 0.621348 0.844038 0.617625 0.844150 0.617117 0.843753 0.616496 0.844647 0.612427 0.845268 0.612030 0.845379 0.611521 0.850343 0.608346 0.850852 0.608457 0.852093 0.607663
0 0.018527 0.646885 0.018924 0.647506 0.020959 0.647953 0.021356 0.648573 0.022373 0.648797 0.023961 0.651279 0.023849 0.651787 0.024817 0.654666 0.023811 0.659244 0.023190 0.659641 0.022346 0.661056 0.019976 0.662135 0.018959 0.661911 0.018338 0.662308 0.016812 0.661973 0.016192 0.662370 0.012122 0.661476 0.011725 0.660855 0.010311 0.660011 0.009629 0.658262 0.010076 0.656227 0.009679 0.655606 0.010685 0.651028 0.011305 0.650631 0.011529 0.649614 0.012149 0.649217 0.012261 0.648708 0.015363 0.646723 0.015872 0.646835 0.016492 0.646438
0 0.738437 0.350725 0.738834 0.351345 0.740869 0.351793 0.741266 0.352413 0.743300 0.352860 0.743697 0.353481 0.745112 0.354325 0.745905 0.355565 0.745682 0.356583 0.746079 0.357203 0.745408 0.360256 0.744788 0.360652 0.744341 0.362687 0.741127 0.365181 0.740618 0.365069 0.739997 0.365466 0.738980 0.365242 0.738360 0.365639 0.737342 0.365416 0.736722 0.365813 0.733670 0.365142 0.733273 0.364521 0.732255 0.364298 0.731858 0.363678 0.731350 0.363566 0.729365 0.360463 0.729477 0.359955 0.729080 0.359334 0.729639 0.356791 0.729242 0.356170 0.730930 0.353342 0.733412 0.351754 0.733920 0.351866 0.737928 0.350613
0 0.239714 0.560036 0.240110 0.560656 0.240619 0.560768 0.241413 0.562009 0.241301 0.562518 0.242268 0.565397 0.242045 0.566414 0.242442 0.567034 0.241660 0.570595 0.241039 0.570992 0.240704 0.572518 0.240083 0.572915 0.239972 0.573424 0.238731 0.574218 0.238222 0.574106 0.237601 0.574503 0.236584 0.574279 0.235963 0.574676 0.235455 0.574565 0.235058 0.573944 0.233532 0.573609 0.233135 0.572988 0.232626 0.572877 0.232229 0.572256 0.230815 0.571412 0.230418 0.570792 0.230641 0.569774 0.229959 0.568025 0.230965 0.563446 0.231586 0.563049 0.231809 0.562032 0.234291 0.560444 0.234800 0.560556 0.237679 0.559589
0 0.987862 0.367133 0.990660 0.367747 0.991566 0.368480 0.995138 0.374064 0.994914 0.375081 0.995311 0.375702 0.994641 0.378754 0.994020 0.379151 0.993797 0.380168 0.990694 0.382153 0.990186 0.382041 0.988945 0.382835 0.986687 0.383405 0.980073 0.381952 0.979676 0.381332 0.978659 0.381108 0.977753 0.380376 0.975372 0.376653 0.976266 0.372584 0.978463 0.369867 0.983426 0.366691 0.984444 0.366915 0.985064 0.366518
0 0.377457 0.471917 0.378251 0.473158 0.378760 0.473270 0.379951 0.475131 0.379727 0.476149 0.380124 0.476769 0.379901 0.477787 0.380298 0.478407 0.380074 0.479424 0.379453 0.479821 0.378895 0.482365 0.378274 0.482762 0.378051 0.483779 0.377430 0.484176 0.377318 0.484685 0.376078 0.485479 0.375569 0.485367 0.374948 0.485764 0.370370 0.484758 0.369973 0.484137 0.368447 0.483802 0.368050 0.483182 0.367541 0.483070 0.366748 0.481829 0.366859 0.481320 0.366177 0.479571 0.367071 0.475501 0.367692 0.475104 0.368362 0.472052 0.369603 0.471258 0.370112 0.471370 0.370733 0.470973 0.373785 0.471644 0.374405 0.471247
0 0.671879 0.748309 0.672276 0.748929 0.673293 0.749153 0.673690 0.749773 0.675105 0.750617 0.675899 0.751858 0.676407 0.751970 0.676296 0.752478 0.677089 0.753719 0.676866 0.754737 0.677263 0.755357 0.676592 0.758410 0.675972 0.758806 0.675128 0.760221 0.673266 0.761412 0.672758 0.761300 0.672137 0.761697 0.671120 0.761473 0.670499 0.761870 0.669991 0.761758 0.669370 0.762155 0.668353 0.761932 0.667732 0.762329 0.666206 0.761993 0.665809 0.761373 0.663489 0.759797 0.662298 0.757935 0.662410 0.757427 0.662013 0.756806 0.662349 0.755280 0.661952 0.754660 0.662175 0.753642 0.662796 0.753245 0.663243 0.751210 0.663863 0.750813 0.663975 0.750305 0.666569 0.748208 0.667077 0.748320 0.668827 0.747638
0 0.643437 0.571951 0.643834 0.572571 0.644852 0.572795 0.647568 0.574991 0.648759 0.576853 0.649268 0.576965 0.650062 0.578206 0.650917 0.581593 0.650694 0.582610 0.650073 0.583007 0.649738 0.584533 0.646809 0.588156 0.646188 0.588553 0.645171 0.588329 0.643421 0.589011 0.641895 0.588676 0.641275 0.589073 0.638223 0.588402 0.635506 0.586206 0.633745 0.582086 0.633968 0.581069 0.633001 0.578190 0.634354 0.576887 0.634577 0.575870 0.635309 0.574964 0.637171 0.573773 0.637680 0.573885 0.640670 0.572409 0.641799 0.572124 0.642817 0.572348
0 0.893956 0.419556 0.896673 0.421753 0.899960 0.426208 0.899736 0.427226 0.900133 0.427846 0.899351 0.431407 0.898730 0.431804 0.898395 0.433330 0.894449 0.436729 0.889932 0.437870 0.887389 0.437311 0.886992 0.436690 0.884448 0.436131 0.884051 0.435511 0.883034 0.435287 0.882240 0.434046 0.881670 0.431788 0.881720 0.429133 0.881323 0.428512 0.882664 0.422408 0.884129 0.420597 0.885990 0.419406 0.887119 0.419121 0.889154 0.419568 0.889774 0.419171 0.891809 0.419618 0.892430 0.419221
0 0.082141 0.199595 0.082538 0.200216 0.084065 0.200551 0.084461 0.201172 0.085479 0.201395 0.085876 0.202016 0.086384 0.202127 0.087575 0.203989 0.087240 0.205515 0.087637 0.206135 0.086966 0.209187 0.086346 0.209584 0.086010 0.211110 0.084770 0.211904 0.084658 0.212413 0.083417 0.213207 0.083305 0.213716 0.082796 0.213604 0.081047 0.214286 0.080029 0.214062 0.079409 0.214459 0.077374 0.214012 0.076977 0.213392 0.074434 0.212833 0.074037 0.212212 0.073019 0.211989 0.071829 0.210128 0.071940 0.209619 0.071258 0.207869 0.071594 0.206343 0.071197 0.205723 0.071755 0.203179 0.072996 0.202385 0.073108 0.201877 0.075590 0.200289 0.076607 0.200512 0.077228 0.200115 0.078245 0.200339 0.078866 0.199942 0.081521 0.199992
0 0.290367 0.598895 0.290764 0.599515 0.291781 0.599739 0.292178 0.600359 0.293705 0.600694 0.294101 0.601315 0.295119 0.601538 0.295516 0.602159 0.296025 0.602271 0.297215 0.604132 0.296098 0.609219 0.295477 0.609616 0.295030 0.611651 0.293057 0.613350 0.292548 0.613238 0.291928 0.613635 0.290910 0.613412 0.290290 0.613809 0.288764 0.613473 0.288143 0.613870 0.285600 0.613311 0.285203 0.612691 0.284694 0.612579 0.281010 0.607504 0.281234 0.606486 0.280837 0.605866 0.281507 0.602814 0.282128 0.602417 0.282351 0.601399 0.283592 0.600605 0.284101 0.600717 0.285342 0.599923 0.285851 0.600035 0.287091 0.599241 0.287600 0.599353 0.289350 0.598671
0 0.091929 0.276402 0.092326 0.277022 0.093343 0.277246 0.095551 0.279331 0.095725 0.280968 0.096804 0.283339 0.095910 0.287408 0.095289 0.287805 0.094954 0.289331 0.094333 0.289728 0.094222 0.290237 0.092360 0.291428 0.091852 0.291316 0.088973 0.292283 0.085921 0.291612 0.085524 0.290992 0.083998 0.290657 0.083601 0.290036 0.082583 0.289813 0.082186 0.289192 0.081678 0.289080 0.081789 0.288572 0.080710 0.286202 0.081381 0.283149 0.082001 0.282753 0.082337 0.281226 0.082957 0.280829 0.083181 0.279812 0.083801 0.279415 0.083913 0.278906 0.085774 0.277716 0.085886 0.277207 0.086395 0.277319 0.087636 0.276525 0.088653 0.276748 0.089274 0.276351 0.090291 0.276575 0.090911 0.276178
0 0.931568 0.461949 0.931965 0.462569 0.932982 0.462793 0.934967 0.465895 0.935476 0.466007 0.935873 0.466627 0.935761 0.467136 0.936158 0.467757 0.935152 0.472335 0.934532 0.472732 0.934420 0.473240 0.931938 0.474828 0.931429 0.474716 0.930188 0.475510 0.929679 0.475398 0.927930 0.476081 0.923860 0.475186 0.923463 0.474566 0.920920 0.474007 0.920523 0.473387 0.920014 0.473275 0.918823 0.471413 0.919494 0.468361 0.920114 0.467964 0.920450 0.466438 0.921070 0.466041 0.921406 0.464515 0.922026 0.464118 0.922138 0.463610 0.923999 0.462419 0.924508 0.462531 0.925749 0.461737 0.926258 0.461848 0.926878 0.461452 0.927895 0.461675 0.928516 0.461278
0 0.173268 0.536372 0.175476 0.538456 0.176494 0.538680 0.178305 0.540144 0.179099 0.541385 0.179954 0.544773 0.178390 0.551895 0.176528 0.553085 0.174270 0.553656 0.171106 0.553494 0.170486 0.553891 0.168959 0.553555 0.168339 0.553952 0.164493 0.552041 0.163190 0.550688 0.162173 0.550465 0.161206 0.547586 0.161541 0.546060 0.161144 0.545439 0.162038 0.541370 0.162659 0.540973 0.162882 0.539955 0.163503 0.539558 0.164458 0.537635 0.165699 0.536842 0.167846 0.536780 0.170725 0.535813
0 0.196073 0.312082 0.196470 0.312702 0.196979 0.312814 0.198964 0.315916 0.198516 0.317951 0.197896 0.318348 0.197561 0.319874 0.196320 0.320668 0.196208 0.321177 0.194967 0.321971 0.194458 0.321859 0.193217 0.322653 0.190674 0.322094 0.190277 0.321473 0.189260 0.321250 0.188863 0.320629 0.187845 0.320406 0.187051 0.319165 0.187275 0.318148 0.186878 0.317527 0.187772 0.313457 0.188393 0.313061 0.188504 0.312552 0.189125 0.312155 0.189634 0.312267 0.191383 0.311585 0.192401 0.311808 0.193021 0.311411
0 0.931065 0.369585 0.932764 0.371558 0.933273 0.371670 0.934464 0.373531 0.936275 0.374996 0.936337 0.377142 0.936734 0.377763 0.936175 0.380306 0.936572 0.380927 0.936236 0.382453 0.934040 0.385170 0.931049 0.386646 0.930032 0.386422 0.927773 0.386992 0.920143 0.385316 0.918332 0.383851 0.917141 0.381990 0.917476 0.380464 0.916906 0.378205 0.917526 0.377809 0.918197 0.374756 0.921126 0.371134 0.924849 0.368752 0.927392 0.369311 0.928013 0.368914
0 0.389100 0.190783 0.392153 0.191453 0.392550 0.192074 0.394870 0.193650 0.395837 0.196529 0.395390 0.198564 0.395787 0.199184 0.395451 0.200710 0.394831 0.201107 0.394496 0.202633 0.393875 0.203030 0.393652 0.204048 0.391678 0.205747 0.391170 0.205635 0.388800 0.206714 0.388403 0.206094 0.382807 0.204864 0.382013 0.203624 0.381504 0.203512 0.380314 0.201650 0.380425 0.201142 0.380028 0.200521 0.380252 0.199504 0.379855 0.198883 0.380973 0.193796 0.381593 0.193399 0.382437 0.191985 0.384919 0.190397 0.385428 0.190509 0.386048 0.190112
0 0.144236 0.557722 0.147797 0.558504 0.148590 0.559745 0.149099 0.559857 0.149496 0.560478 0.149161 0.562004 0.149558 0.562624 0.149222 0.564150 0.149619 0.564771 0.148837 0.568332 0.148217 0.568728 0.148105 0.569237 0.145623 0.570825 0.138501 0.569260 0.137310 0.567399 0.137422 0.566890 0.136628 0.565649 0.136740 0.565140 0.136343 0.564520 0.137125 0.560959 0.138478 0.559657 0.138702 0.558639 0.139322 0.558242 0.139434 0.557733 0.140675 0.556940
0 0.234354 0.492201 0.234751 0.492822 0.235768 0.493045 0.236165 0.493666 0.237580 0.494510 0.238373 0.495751 0.238262 0.496259 0.238944 0.498009 0.237938 0.502587 0.234215 0.504969 0.233706 0.504857 0.233086 0.505254 0.232068 0.505030 0.231448 0.505427 0.231051 0.504807 0.229525 0.504472 0.229128 0.503851 0.228619 0.503739 0.227032 0.501258 0.227143 0.500749 0.226746 0.500128 0.227194 0.498094 0.226797 0.497473 0.227132 0.495947 0.227752 0.495550 0.227976 0.494533 0.228596 0.494136 0.228708 0.493627 0.229949 0.492833 0.230458 0.492945 0.231078 0.492548 0.232096 0.492772 0.232716 0.492375 0.233734 0.492598
0 0.570825 0.516536 0.572636 0.518000 0.576594 0.519403 0.577897 0.520756 0.578914 0.520979 0.580725 0.522444 0.580613 0.522952 0.581692 0.525323 0.580575 0.530410 0.578602 0.532109 0.578490 0.532618 0.576628 0.533809 0.576517 0.534317 0.572794 0.536699 0.571268 0.536364 0.570871 0.535743 0.567310 0.534961 0.566404 0.534228 0.563849 0.528868 0.564073 0.527850 0.563502 0.525592 0.564235 0.524686 0.564794 0.522143 0.567611 0.519029 0.569472 0.517838 0.570316 0.516424
0 0.931397 0.579228 0.931794 0.579848 0.934337 0.580407 0.934734 0.581027 0.936769 0.581474 0.937674 0.582207 0.938927 0.586215 0.938480 0.588249 0.937859 0.588646 0.936853 0.593225 0.936233 0.593622 0.935165 0.596053 0.933304 0.597244 0.932287 0.597020 0.928391 0.597764 0.922795 0.596535 0.922398 0.595914 0.920363 0.595467 0.918552 0.594003 0.917361 0.592141 0.917188 0.590504 0.916394 0.589263 0.917847 0.582649 0.918579 0.581744 0.919088 0.581856 0.923431 0.579077 0.924560 0.578792 0.926086 0.579127 0.926707 0.578730 0.929250 0.579289 0.929871 0.578892
0 0.705486 0.651174 0.705883 0.651795 0.707297 0.652639 0.708376 0.655009 0.708264 0.655518 0.709455 0.657379 0.709343 0.657888 0.709740 0.658508 0.709070 0.661560 0.707208 0.662751 0.707097 0.663260 0.705856 0.664054 0.705744 0.664562 0.704106 0.664736 0.702865 0.665530 0.701848 0.665306 0.701227 0.665703 0.700830 0.665083 0.695743 0.663965 0.695346 0.663344 0.693932 0.662500 0.693535 0.661880 0.693362 0.660242 0.692568 0.659001 0.692680 0.658492 0.692283 0.657872 0.693065 0.654311 0.695038 0.652612 0.695150 0.652103 0.696391 0.651309 0.696900 0.651421 0.698649 0.650739 0.700684 0.651186 0.701304 0.650789 0.703339 0.651236 0.703960 0.650839
0 0.709107 0.499992 0.712414 0.500718 0.714398 0.503821 0.715539 0.508337 0.714756 0.511898 0.714136 0.512295 0.713801 0.513821 0.712336 0.515632 0.711095 0.516426 0.710984 0.516935 0.708105 0.517902 0.701492 0.516449 0.700698 0.515208 0.700128 0.512950 0.698937 0.511089 0.698763 0.509451 0.697573 0.507589 0.698467 0.503520 0.700663 0.500803 0.702922 0.500233 0.704163 0.499439 0.705180 0.499662 0.705800 0.499265
0 0.536024 0.563282 0.536421 0.563902 0.537947 0.564238 0.538344 0.564858 0.539870 0.565193 0.539535 0.566719 0.539932 0.567340 0.539485 0.569375 0.538864 0.569772 0.537288 0.572092 0.534806 0.573679 0.533962 0.575094 0.533454 0.574982 0.532213 0.575776 0.531704 0.575664 0.531084 0.576061 0.529557 0.575726 0.529160 0.575105 0.527126 0.574658 0.526729 0.574037 0.525203 0.573702 0.524806 0.573082 0.525029 0.572064 0.524632 0.571444 0.524968 0.569918 0.524571 0.569297 0.524682 0.568789 0.525303 0.568392 0.526085 0.564831 0.526706 0.564434 0.526929 0.563416 0.527550 0.563020 0.527662 0.562511 0.528679 0.562734 0.529299 0.562337 0.531334 0.562785 0.531955 0.562388
0 0.277532 0.239859 0.277929 0.240480 0.283301 0.242726 0.286080 0.247070 0.286203 0.251363 0.285583 0.251760 0.285135 0.253795 0.283051 0.256003 0.282827 0.257020 0.280345 0.258608 0.277690 0.258558 0.274811 0.259525 0.273285 0.259190 0.272665 0.259587 0.266163 0.257625 0.262988 0.252661 0.263211 0.251644 0.262132 0.249274 0.262915 0.245713 0.263535 0.245316 0.264714 0.242375 0.269790 0.238691 0.272842 0.239362 0.273463 0.238965
0 0.696097 0.693905 0.696891 0.695146 0.697400 0.695258 0.698988 0.697740 0.698876 0.698248 0.699670 0.699489 0.698664 0.704068 0.698043 0.704464 0.697708 0.705990 0.697088 0.706387 0.696976 0.706896 0.693253 0.709278 0.692744 0.709166 0.692124 0.709563 0.689580 0.709004 0.689183 0.708384 0.686131 0.707713 0.683750 0.703990 0.683973 0.702973 0.683576 0.702352 0.683912 0.700826 0.683515 0.700206 0.684135 0.699809 0.684470 0.698283 0.685091 0.697886 0.685314 0.696868 0.686555 0.696074 0.686667 0.695566 0.687176 0.695678 0.688417 0.694884 0.688925 0.694995 0.689546 0.694599 0.690563 0.694822 0.694571 0.693570
0 0.370574 0.262968 0.370971 0.263588 0.371988 0.263812 0.372385 0.264432 0.373403 0.264656 0.373800 0.265276 0.374817 0.265500 0.375214 0.266120 0.375723 0.266232 0.376517 0.267473 0.376293 0.268491 0.376690 0.269111 0.376243 0.271146 0.376640 0.271766 0.375969 0.274819 0.375349 0.275215 0.374902 0.277250 0.374281 0.277647 0.374169 0.278156 0.373661 0.278044 0.371911 0.278726 0.370894 0.278503 0.370273 0.278900 0.367730 0.278341 0.367109 0.278738 0.364281 0.277050 0.363090 0.275188 0.363313 0.274171 0.362916 0.273550 0.363140 0.272533 0.362743 0.271913 0.363078 0.270386 0.362681 0.269766 0.363128 0.267731 0.365102 0.266032 0.365213 0.265523 0.366454 0.264729 0.366566 0.264220 0.370065 0.262856
0 0.998397 0.331383 0.998397 0.332004 0.998397 0.332339 0.998397 0.332960 0.998397 0.333915 0.998397 0.335777 0.998397 0.338035 0.998397 0.339052 0.998397 0.339673 0.998397 0.344251 0.998397 0.346062 0.998397 0.347650 0.998397 0.347427 0.998397 0.347824 0.998397 0.347376 0.998397 0.347773 0.998397 0.346879 0.998397 0.346259 0.998397 0.346035 0.996819 0.344571 0.994834 0.341469 0.994772 0.339322 0.994376 0.338701 0.994711 0.337175 0.994426 0.336046 0.995046 0.335649 0.995270 0.334632 0.995890 0.334235 0.996846 0.332312 0.998397 0.330601
0 0.547076 0.389202 0.547473 0.389822 0.550016 0.390381 0.550413 0.391002 0.551431 0.391225 0.551828 0.391846 0.552336 0.391958 0.554321 0.395060 0.553986 0.396586 0.554383 0.397206 0.553824 0.399750 0.553203 0.400147 0.552868 0.401673 0.552248 0.402070 0.551180 0.404502 0.548810 0.405581 0.543723 0.404463 0.543102 0.404860 0.542594 0.404748 0.539133 0.398655 0.539357 0.397638 0.538675 0.395888 0.539233 0.393345 0.539854 0.392948 0.540077 0.391930 0.544421 0.389152 0.544929 0.389264 0.545550 0.388867
0 0.875354 0.625572 0.877053 0.627546 0.877562 0.627657 0.878356 0.628898 0.878244 0.629407 0.879832 0.631889 0.878491 0.637993 0.877870 0.638390 0.877647 0.639408 0.874656 0.640884 0.874147 0.640772 0.873527 0.641169 0.872510 0.640945 0.871889 0.641342 0.869346 0.640783 0.868949 0.640163 0.865500 0.638872 0.864706 0.637631 0.864818 0.637122 0.864420 0.636502 0.864644 0.635484 0.864247 0.634864 0.864471 0.633846 0.864074 0.633226 0.864968 0.629156 0.866321 0.627854 0.866544 0.626836 0.867165 0.626439 0.867276 0.625931 0.867897 0.625534 0.868914 0.625757 0.869535 0.625360 0.870552 0.625584 0.871173 0.625187 0.872190 0.625410 0.872810 0.625013
0 0.957160 0.556625 0.957557 0.557246 0.958971 0.558090 0.961353 0.561813 0.961129 0.562830 0.961526 0.563451 0.961191 0.564977 0.961588 0.565597 0.960917 0.568649 0.960296 0.569046 0.960185 0.569555 0.958323 0.570746 0.957815 0.570634 0.952677 0.572172 0.951151 0.571836 0.950754 0.571216 0.948434 0.569640 0.947641 0.568399 0.947132 0.568287 0.945544 0.565805 0.945991 0.563770 0.945594 0.563150 0.946153 0.560606 0.946774 0.560209 0.947109 0.558683 0.947729 0.558286 0.947841 0.557778 0.949703 0.556587 0.950211 0.556699 0.951452 0.555905 0.952470 0.556128 0.953090 0.555731
0 0.162220 0.625131 0.165527 0.625857 0.165924 0.626478 0.166941 0.626701 0.167735 0.627942 0.167623 0.628451 0.168020 0.629072 0.167797 0.630089 0.168194 0.630709 0.167970 0.631727 0.167350 0.632124 0.166791 0.634667 0.166170 0.635064 0.165947 0.636082 0.165326 0.636479 0.165103 0.637496 0.163353 0.638178 0.156231 0.636613 0.154644 0.634131 0.154755 0.633623 0.154358 0.633002 0.154582 0.631985 0.154185 0.631364 0.155079 0.627295 0.155700 0.626898 0.156544 0.625484 0.157785 0.624690 0.158293 0.624801 0.158914 0.624404
0 0.826854 0.648511 0.830160 0.649238 0.830557 0.649858 0.831066 0.649970 0.831860 0.651211 0.832033 0.652849 0.832827 0.654090 0.832715 0.654598 0.833112 0.655219 0.832889 0.656236 0.833285 0.656857 0.832503 0.660418 0.831883 0.660815 0.831547 0.662341 0.828445 0.664325 0.827936 0.664214 0.827316 0.664611 0.820703 0.663158 0.820306 0.662537 0.819797 0.662425 0.818321 0.659435 0.818656 0.657909 0.818259 0.657288 0.818483 0.656271 0.818086 0.655650 0.818868 0.652089 0.819489 0.651693 0.819712 0.650675 0.821686 0.648976 0.821797 0.648467 0.822306 0.648579 0.823547 0.647785
0 0.037349 0.651021 0.037746 0.651641 0.038763 0.651865 0.039160 0.652485 0.039669 0.652597 0.040860 0.654458 0.040189 0.657511 0.039569 0.657907 0.039345 0.658925 0.036243 0.660910 0.035734 0.660798 0.033985 0.661480 0.032458 0.661144 0.032062 0.660524 0.031044 0.660301 0.029853 0.658439 0.029965 0.657930 0.029283 0.656181 0.029842 0.653637 0.030462 0.653240 0.030686 0.652223 0.033168 0.650635 0.033676 0.650747 0.034297 0.650350
0 0.807257 0.674601 0.810563 0.675328 0.810960 0.675948 0.811978 0.676172 0.815550 0.681756 0.815611 0.683903 0.816008 0.684523 0.815450 0.687066 0.814829 0.687463 0.814606 0.688481 0.813365 0.689275 0.808228 0.690812 0.806193 0.690365 0.805572 0.690762 0.800994 0.689756 0.796913 0.684060 0.797136 0.683043 0.796566 0.680784 0.797298 0.679879 0.797745 0.677844 0.800848 0.675859 0.800959 0.675351 0.803950 0.673875
0 0.680051 0.645586 0.680448 0.646206 0.682483 0.646653 0.682880 0.647274 0.683897 0.647497 0.684294 0.648118 0.684803 0.648230 0.685596 0.649471 0.685149 0.651505 0.685546 0.652126 0.685434 0.652635 0.684814 0.653031 0.684591 0.654049 0.683970 0.654446 0.683858 0.654954 0.683238 0.655351 0.683126 0.655860 0.682617 0.655748 0.681997 0.656145 0.680979 0.655922 0.680359 0.656319 0.676289 0.655424 0.675892 0.654804 0.675384 0.654692 0.674081 0.653340 0.674417 0.651813 0.674020 0.651193 0.674355 0.649667 0.674975 0.649270 0.675087 0.648761 0.675708 0.648364 0.675819 0.647856 0.676440 0.647459 0.676552 0.646950 0.677793 0.646156 0.678301 0.646268 0.678922 0.645871 0.679430 0.645983
0 0.644188 0.602511 0.645491 0.603864 0.646508 0.604088 0.648319 0.605552 0.649510 0.607413 0.650080 0.609672 0.649857 0.610689 0.650254 0.611310 0.649248 0.615888 0.648627 0.616285 0.648404 0.617302 0.646543 0.618493 0.645413 0.618778 0.644396 0.618555 0.643776 0.618952 0.642758 0.618728 0.642138 0.619125 0.640612 0.618790 0.639991 0.619187 0.639085 0.618454 0.637051 0.618007 0.636654 0.617387 0.635128 0.617052 0.634731 0.616431 0.633713 0.616208 0.633031 0.614458 0.633255 0.613441 0.632684 0.611182 0.633305 0.610785 0.634199 0.606716 0.634820 0.606319 0.635043 0.605301 0.635775 0.604396 0.638766 0.602920 0.641024 0.602349 0.642042 0.602573 0.642662 0.602176
0 0.264448 0.472766 0.265353 0.473498 0.268132 0.477841 0.267908 0.478859 0.268305 0.479479 0.268082 0.480497 0.268652 0.482755 0.268093 0.485298 0.266852 0.486092 0.266629 0.487110 0.264656 0.488809 0.261268 0.489665 0.256181 0.488547 0.255561 0.488944 0.254543 0.488720 0.252844 0.486747 0.252335 0.486635 0.250747 0.484154 0.250971 0.483136 0.250289 0.481386 0.250736 0.479352 0.251356 0.478955 0.251692 0.477429 0.253888 0.474712 0.257102 0.472218 0.258232 0.471933 0.263319 0.473051 0.263939 0.472654
0 0.381839 0.721377 0.384668 0.723065 0.389084 0.727235 0.391527 0.733105 0.391874 0.736380 0.390036 0.747175 0.387789 0.752547 0.387056 0.753453 0.381299 0.755387 0.373160 0.753599 0.371460 0.751626 0.368631 0.749938 0.366077 0.744577 0.366003 0.737629 0.365148 0.734241 0.366551 0.730283 0.372073 0.724564 0.373935 0.723374 0.380822 0.721154
0 0.594555 0.352707 0.594952 0.353328 0.596478 0.353663 0.596875 0.354284 0.599307 0.355351 0.599989 0.357101 0.599766 0.358118 0.600163 0.358739 0.599939 0.359756 0.600336 0.360377 0.600112 0.361394 0.599492 0.361791 0.598933 0.364334 0.598313 0.364731 0.596736 0.367051 0.595210 0.366716 0.594590 0.367113 0.593064 0.366778 0.592443 0.367174 0.588882 0.366392 0.588485 0.365772 0.587977 0.365660 0.587183 0.364419 0.587295 0.363910 0.586501 0.362669 0.586613 0.362161 0.585025 0.359679 0.585360 0.358153 0.584963 0.357532 0.585187 0.356515 0.585807 0.356118 0.586031 0.355100 0.586651 0.354703 0.586763 0.354195 0.589133 0.353116 0.589642 0.353228 0.592521 0.352260
0 0.863533 0.737625 0.863929 0.738246 0.866473 0.738805 0.866870 0.739425 0.868396 0.739760 0.868793 0.740381 0.869302 0.740493 0.869699 0.741113 0.869872 0.742751 0.870666 0.743992 0.869548 0.749079 0.868928 0.749476 0.868704 0.750493 0.868084 0.750890 0.867972 0.751399 0.866111 0.752590 0.864584 0.752254 0.863964 0.752651 0.862438 0.752316 0.861817 0.752713 0.859274 0.752154 0.858877 0.751534 0.856557 0.749957 0.855763 0.748716 0.855875 0.748208 0.854908 0.745329 0.855914 0.740751 0.858395 0.739163 0.858507 0.738654 0.859128 0.738257 0.859636 0.738369 0.861386 0.737687 0.862403 0.737910 0.863024 0.737513
0 0.937550 0.680836 0.939759 0.682921 0.942934 0.687884 0.942996 0.690031 0.943393 0.690651 0.942499 0.694721 0.940525 0.696420 0.938888 0.696594 0.935897 0.698070 0.934880 0.697846 0.934259 0.698243 0.927137 0.696678 0.925326 0.695214 0.925041 0.694085 0.922659 0.690362 0.923106 0.688327 0.922709 0.687707 0.923665 0.685784 0.927500 0.682893 0.928964 0.681082 0.931334 0.680003 0.936930 0.681233
0 0.647079 0.346650 0.649857 0.350993 0.652462 0.353699 0.652921 0.356466 0.652586 0.357992 0.652983 0.358612 0.650524 0.369804 0.649903 0.370201 0.649568 0.371727 0.646354 0.374220 0.642458 0.374964 0.633810 0.373064 0.631093 0.370867 0.628426 0.366015 0.628985 0.363472 0.628588 0.362851 0.630265 0.355221 0.630885 0.354824 0.631332 0.352789 0.633641 0.349563 0.641209 0.349093 0.643468 0.348523 0.646061 0.346426
0 0.812848 0.732888 0.813244 0.733509 0.814262 0.733732 0.815564 0.735085 0.816582 0.735308 0.818393 0.736773 0.818281 0.737281 0.820042 0.741401 0.819483 0.743945 0.819880 0.744565 0.819260 0.744962 0.818589 0.748014 0.817348 0.748808 0.815090 0.749379 0.812435 0.749328 0.811814 0.749725 0.810288 0.749390 0.809668 0.749787 0.805598 0.748893 0.802881 0.746696 0.801864 0.746472 0.800276 0.743991 0.800215 0.741844 0.799818 0.741224 0.800376 0.738680 0.800997 0.738283 0.801332 0.736757 0.804882 0.732738 0.805899 0.732961 0.806520 0.732564 0.807537 0.732788 0.809795 0.732217
0 0.017087 0.587911 0.019071 0.591013 0.018848 0.592030 0.020782 0.597788 0.019888 0.601857 0.016277 0.603730 0.015769 0.603619 0.013398 0.604698 0.006277 0.603133 0.005086 0.601272 0.005198 0.600763 0.004516 0.599013 0.005410 0.594944 0.006030 0.594547 0.006366 0.593020 0.006986 0.592624 0.007210 0.591606 0.008562 0.590304 0.008786 0.589286 0.010027 0.588492 0.010535 0.588604 0.012285 0.587922 0.013302 0.588146 0.015052 0.587463
0 0.815351 0.525856 0.815748 0.526476 0.817274 0.526812 0.818068 0.528053 0.818577 0.528164 0.819879 0.529517 0.819768 0.530026 0.820165 0.530646 0.819047 0.535733 0.818426 0.536130 0.818203 0.537147 0.816962 0.537941 0.816850 0.538450 0.816341 0.538338 0.814480 0.539529 0.813463 0.539305 0.812842 0.539702 0.811825 0.539479 0.811204 0.539876 0.810696 0.539764 0.810299 0.539144 0.807979 0.537567 0.806788 0.535706 0.806900 0.535197 0.806503 0.534577 0.806838 0.533051 0.806441 0.532430 0.806776 0.530904 0.807397 0.530507 0.807620 0.529490 0.808241 0.529093 0.808464 0.528075 0.812187 0.525694 0.813205 0.525917 0.813825 0.525520
0 0.964481 0.408181 0.964878 0.408801 0.966404 0.409137 0.967198 0.410378 0.967707 0.410489 0.969009 0.411842 0.968898 0.412351 0.969294 0.412971 0.968177 0.418058 0.967556 0.418455 0.967333 0.419473 0.966092 0.420266 0.965980 0.420775 0.965471 0.420663 0.963610 0.421854 0.962593 0.421631 0.961972 0.422028 0.960955 0.421804 0.960334 0.422201 0.959825 0.422089 0.959429 0.421469 0.957109 0.419893 0.955918 0.418031 0.956030 0.417522 0.955633 0.416902 0.955968 0.415376 0.955571 0.414755 0.955906 0.413229 0.956527 0.412832 0.956750 0.411815 0.957371 0.411418 0.957594 0.410401 0.961317 0.408019 0.962334 0.408243 0.962955 0.407846
0 0.956928 0.450163 0.957325 0.450783 0.958851 0.451118 0.959645 0.452359 0.960154 0.452471 0.961456 0.453824 0.961345 0.454333 0.961742 0.454953 0.960624 0.460040 0.960003 0.460437 0.959780 0.461454 0.958539 0.462248 0.958427 0.462757 0.957919 0.462645 0.956057 0.463836 0.955040 0.463612 0.954419 0.464009 0.953402 0.463786 0.952781 0.464183 0.952273 0.464071 0.951876 0.463450 0.949556 0.461874 0.948365 0.460013 0.948477 0.459504 0.948080 0.458884 0.948415 0.457358 0.948018 0.456737 0.948354 0.455211 0.948974 0.454814 0.949198 0.453797 0.949818 0.453400 0.950042 0.452382 0.953764 0.450001 0.954782 0.450224 0.955402 0.449827
0 0.901330 0.462746 0.901727 0.463366 0.902745 0.463590 0.903141 0.464210 0.905462 0.465786 0.906652 0.467648 0.906317 0.469174 0.906714 0.469794 0.906155 0.472338 0.905535 0.472735 0.905199 0.474261 0.903226 0.475960 0.903114 0.476469 0.901873 0.477263 0.901365 0.477151 0.900744 0.477548 0.899727 0.477324 0.899106 0.477721 0.895545 0.476939 0.895148 0.476319 0.893114 0.475872 0.892717 0.475251 0.891699 0.475027 0.890905 0.473787 0.891017 0.473278 0.889938 0.470908 0.890832 0.466838 0.891453 0.466441 0.891676 0.465424 0.892297 0.465027 0.893141 0.463613 0.894382 0.462819 0.895399 0.463042 0.896020 0.462645 0.897546 0.462981 0.898166 0.462584 0.900201 0.463031 0.900822 0.462634
0 0.845472 0.442270 0.845869 0.442891 0.846886 0.443114 0.847283 0.443735 0.849603 0.445311 0.850794 0.447172 0.850459 0.448698 0.850855 0.449319 0.850297 0.451862 0.849676 0.452259 0.849341 0.453785 0.847368 0.455485 0.847256 0.455994 0.846015 0.456787 0.845506 0.456676 0.844886 0.457073 0.843868 0.456849 0.843248 0.457246 0.839687 0.456464 0.839290 0.455843 0.837255 0.455396 0.836858 0.454776 0.835841 0.454552 0.835047 0.453311 0.835159 0.452802 0.834080 0.450432 0.834974 0.446363 0.835594 0.445966 0.835818 0.444948 0.836438 0.444551 0.837282 0.443137 0.838523 0.442343 0.839541 0.442567 0.840161 0.442170 0.841687 0.442505 0.842308 0.442108 0.844343 0.442555 0.844963 0.442158
0 0.832145 0.422178 0.832542 0.422798 0.833559 0.423022 0.833956 0.423642 0.836276 0.425218 0.837467 0.427080 0.837132 0.428606 0.837529 0.429226 0.836970 0.431770 0.836349 0.432167 0.836014 0.433693 0.834041 0.435392 0.833929 0.435901 0.832688 0.436695 0.832179 0.436583 0.831559 0.436980 0.830541 0.436756 0.829921 0.437153 0.826360 0.436371 0.825963 0.435751 0.823928 0.435304 0.823532 0.434683 0.822514 0.434459 0.821720 0.433219 0.821832 0.432710 0.820753 0.430340 0.821647 0.426270 0.822268 0.425873 0.822491 0.424856 0.823112 0.424459 0.823956 0.423045 0.825197 0.422251 0.826214 0.422474 0.826834 0.422077 0.828361 0.422413 0.828981 0.422016 0.831016 0.422463 0.831636 0.422066
0 0.816217 0.442550 0.816614 0.443171 0.817631 0.443394 0.818028 0.444015 0.820348 0.445591 0.821539 0.447452 0.821204 0.448979 0.821601 0.449599 0.821042 0.452142 0.820421 0.452539 0.820086 0.454066 0.818113 0.455765 0.818001 0.456274 0.816760 0.457068 0.816252 0.456956 0.815631 0.457353 0.814614 0.457129 0.813993 0.457526 0.810432 0.456744 0.810035 0.456123 0.808001 0.455676 0.807604 0.455056 0.806586 0.454832 0.805792 0.453591 0.805904 0.453083 0.804825 0.450712 0.805719 0.446643 0.806340 0.446246 0.806563 0.445229 0.807184 0.444832 0.808028 0.443417 0.809269 0.442623 0.810286 0.442847 0.810907 0.442450 0.812433 0.442785 0.813053 0.442388 0.815088 0.442835 0.815708 0.442439
0 0.821613 0.331840 0.822010 0.332460 0.824044 0.332907 0.826141 0.335501 0.827108 0.338380 0.826773 0.339906 0.827170 0.340526 0.826499 0.343579 0.825879 0.343976 0.825543 0.345502 0.821709 0.348392 0.819562 0.348454 0.818942 0.348851 0.817924 0.348627 0.817304 0.349024 0.815778 0.348689 0.815157 0.349086 0.813122 0.348638 0.812726 0.348018 0.810182 0.347459 0.809785 0.346839 0.808768 0.346615 0.807577 0.344754 0.807515 0.342607 0.806833 0.340858 0.807616 0.337297 0.808968 0.335994 0.809192 0.334977 0.810656 0.333165 0.814267 0.331293 0.816414 0.331231 0.817034 0.330834
0 0.857560 0.351008 0.857957 0.351628 0.858974 0.351852 0.859371 0.352472 0.861691 0.354049 0.862882 0.355910 0.862547 0.357436 0.862943 0.358056 0.862385 0.360600 0.861764 0.360997 0.861429 0.362523 0.859456 0.364222 0.859344 0.364731 0.858103 0.365525 0.857594 0.365413 0.856974 0.365810 0.855956 0.365587 0.855336 0.365984 0.851775 0.365201 0.851378 0.364581 0.849343 0.364134 0.848946 0.363513 0.847929 0.363290 0.847135 0.362049 0.847247 0.361540 0.846168 0.359170 0.847062 0.355100 0.847682 0.354703 0.847906 0.353686 0.848526 0.353289 0.849370 0.351875 0.850611 0.351081 0.851629 0.351304 0.852249 0.350908 0.853775 0.351243 0.854396 0.350846 0.856431 0.351293 0.857051 0.350896
0 0.849514 0.365566 0.849911 0.366186 0.850929 0.366410 0.851326 0.367030 0.853646 0.368606 0.854836 0.370468 0.854501 0.371994 0.854898 0.372614 0.854339 0.375158 0.853719 0.375555 0.853383 0.377081 0.851410 0.378780 0.851299 0.379289 0.850058 0.380083 0.849549 0.379971 0.848928 0.380368 0.847911 0.380145 0.847291 0.380542 0.843730 0.379759 0.843333 0.379139 0.841298 0.378692 0.840901 0.378071 0.839884 0.377848 0.839090 0.376607 0.839201 0.376098 0.838122 0.373728 0.839017 0.369658 0.839637 0.369261 0.839861 0.368244 0.840481 0.367847 0.841325 0.366433 0.842566 0.365639 0.843583 0.365862 0.844204 0.365465 0.845730 0.365801 0.846350 0.365404 0.848385 0.365851 0.849006 0.365454
0 0.827889 0.365348 0.828286 0.365968 0.829303 0.366192 0.829700 0.366812 0.832020 0.368388 0.833211 0.370250 0.832876 0.371776 0.833273 0.372396 0.832714 0.374940 0.832094 0.375337 0.831758 0.376863 0.829785 0.378562 0.829673 0.379071 0.828432 0.379865 0.827924 0.379753 0.827303 0.380150 0.826286 0.379927 0.825665 0.380323 0.822104 0.379541 0.821707 0.378921 0.819673 0.378474 0.819276 0.377853 0.818258 0.377629 0.817464 0.376389 0.817576 0.375880 0.816497 0.373510 0.817391 0.369440 0.818012 0.369043 0.818235 0.368026 0.818856 0.367629 0.819700 0.366215 0.820941 0.365421 0.821958 0.365644 0.822579 0.365247 0.824105 0.365583 0.824725 0.365186 0.826760 0.365633 0.827380 0.365236
0 0.834397 0.349456 0.834794 0.350076 0.835811 0.350300 0.836208 0.350920 0.838528 0.352496 0.839719 0.354358 0.839384 0.355884 0.839781 0.356504 0.839222 0.359048 0.838601 0.359445 0.838266 0.360971 0.836293 0.362670 0.836181 0.363179 0.834940 0.363973 0.834431 0.363861 0.833811 0.364258 0.832794 0.364035 0.832173 0.364432 0.828612 0.363649 0.828215 0.363029 0.826180 0.362582 0.825784 0.361961 0.824766 0.361738 0.823972 0.360497 0.824084 0.359988 0.823005 0.357618 0.823899 0.353548 0.824520 0.353151 0.824743 0.352134 0.825364 0.351737 0.826208 0.350323 0.827449 0.349529 0.828466 0.349752 0.829086 0.349355 0.830612 0.349691 0.831233 0.349294 0.833268 0.349741 0.833888 0.349344
0 0.842858 0.314654 0.843255 0.315275 0.844272 0.315498 0.844669 0.316119 0.846989 0.317695 0.848180 0.319556 0.847844 0.321083 0.848241 0.321703 0.847682 0.324247 0.847062 0.324643 0.846727 0.326170 0.844753 0.327869 0.844642 0.328378 0.843401 0.329172 0.842892 0.329060 0.842272 0.329457 0.841254 0.329233 0.840634 0.329630 0.837073 0.328848 0.836676 0.328227 0.834641 0.327780 0.834244 0.327160 0.833227 0.326936 0.832433 0.325695 0.832545 0.325187 0.831466 0.322816 0.832360 0.318747 0.832980 0.318350 0.833204 0.317333 0.833824 0.316936 0.834668 0.315521 0.835909 0.314727 0.836927 0.314951 0.837547 0.314554 0.839073 0.314889 0.839694 0.314492 0.841728 0.314939 0.842349 0.314543
0 0.803022 0.419783 0.803419 0.420403 0.804945 0.420738 0.805342 0.421359 0.806868 0.421694 0.807265 0.422315 0.808791 0.422650 0.810379 0.425132 0.809932 0.427167 0.810329 0.427787 0.810105 0.428804 0.809485 0.429201 0.809150 0.430727 0.808529 0.431124 0.808305 0.432142 0.806953 0.433444 0.806444 0.433333 0.805824 0.433729 0.804806 0.433506 0.804186 0.433903 0.802151 0.433456 0.801530 0.433853 0.799496 0.433406 0.799099 0.432785 0.798081 0.432562 0.797684 0.431941 0.797176 0.431829 0.796382 0.430589 0.795873 0.430477 0.795476 0.429856 0.795811 0.428330 0.795415 0.427710 0.796085 0.424657 0.796706 0.424261 0.796929 0.423243 0.797550 0.422846 0.798394 0.421432 0.799635 0.420638 0.802402 0.420180
0 0.795435 0.403624 0.795832 0.404244 0.797358 0.404580 0.797755 0.405200 0.799281 0.405535 0.799678 0.406156 0.801204 0.406491 0.802792 0.408973 0.802345 0.411008 0.802742 0.411628 0.802518 0.412646 0.801898 0.413043 0.801563 0.414569 0.800942 0.414966 0.800719 0.415983 0.799366 0.417286 0.798857 0.417174 0.798237 0.417571 0.797220 0.417347 0.796599 0.417744 0.794564 0.417297 0.793944 0.417694 0.791909 0.417247 0.791512 0.416627 0.790495 0.416403 0.790098 0.415783 0.789589 0.415671 0.788795 0.414430 0.788286 0.414318 0.787889 0.413698 0.788225 0.412171 0.787828 0.411551 0.788499 0.408499 0.789119 0.408102 0.789342 0.407084 0.789963 0.406688 0.790807 0.405273 0.792048 0.404479 0.794815 0.404021
0 0.801582 0.382936 0.801979 0.383556 0.803505 0.383892 0.803902 0.384512 0.805428 0.384847 0.805825 0.385468 0.807351 0.385803 0.808938 0.388285 0.808491 0.390320 0.808888 0.390940 0.808665 0.391958 0.808044 0.392355 0.807709 0.393881 0.807088 0.394278 0.806865 0.395295 0.805512 0.396598 0.805004 0.396486 0.804383 0.396883 0.803366 0.396659 0.802745 0.397056 0.800710 0.396609 0.800090 0.397006 0.798055 0.396559 0.797658 0.395939 0.796641 0.395715 0.796244 0.395095 0.795735 0.394983 0.794941 0.393742 0.794433 0.393630 0.794036 0.393010 0.794371 0.391483 0.793974 0.390863 0.794645 0.387811 0.795265 0.387414 0.795489 0.386396 0.796109 0.386000 0.796953 0.384585 0.798194 0.383791 0.800961 0.383333
0 0.752534 0.423075 0.752930 0.423696 0.754457 0.424031 0.754853 0.424651 0.756380 0.424987 0.756777 0.425607 0.758303 0.425942 0.759890 0.428424 0.759443 0.430459 0.759840 0.431080 0.759617 0.432097 0.758996 0.432494 0.758661 0.434020 0.758040 0.434417 0.757817 0.435434 0.756464 0.436737 0.755955 0.436625 0.755335 0.437022 0.754318 0.436799 0.753697 0.437196 0.751662 0.436748 0.751042 0.437145 0.749007 0.436698 0.748610 0.436078 0.747593 0.435854 0.747196 0.435234 0.746687 0.435122 0.745893 0.433881 0.745385 0.433769 0.744988 0.433149 0.745323 0.431623 0.744926 0.431002 0.745597 0.427950 0.746217 0.427553 0.746441 0.426536 0.747061 0.426139 0.747905 0.424725 0.749146 0.423931 0.751913 0.423472
0 0.797408 0.345647 0.797805 0.346267 0.799331 0.346602 0.799728 0.347223 0.801254 0.347558 0.801651 0.348178 0.803177 0.348514 0.804765 0.350996 0.804318 0.353030 0.804715 0.353651 0.804491 0.354668 0.803871 0.355065 0.803535 0.356591 0.802915 0.356988 0.802691 0.358006 0.801338 0.359308 0.800830 0.359196 0.800209 0.359593 0.799192 0.359370 0.798571 0.359767 0.796537 0.359320 0.795916 0.359717 0.793881 0.359270 0.793485 0.358649 0.792467 0.358426 0.792070 0.357805 0.791561 0.357693 0.790768 0.356452 0.790259 0.356341 0.789862 0.355720 0.790197 0.354194 0.789800 0.353574 0.790471 0.350521 0.791091 0.350124 0.791315 0.349107 0.791935 0.348710 0.792779 0.347296 0.794020 0.346502 0.796787 0.346043
0 0.726470 0.468238 0.726867 0.468858 0.728393 0.469194 0.728790 0.469814 0.730316 0.470149 0.730713 0.470770 0.732239 0.471105 0.733827 0.473587 0.733380 0.475622 0.733777 0.476242 0.733553 0.477260 0.732933 0.477657 0.732597 0.479183 0.731977 0.479580 0.731753 0.480597 0.730401 0.481900 0.729892 0.481788 0.729272 0.482185 0.728254 0.481961 0.727634 0.482358 0.725599 0.481911 0.724978 0.482308 0.722944 0.481861 0.722547 0.481241 0.721529 0.481017 0.721132 0.480397 0.720624 0.480285 0.719830 0.479044 0.719321 0.478932 0.718924 0.478312 0.719259 0.476786 0.718863 0.476165 0.719533 0.473113 0.720154 0.472716 0.720377 0.471699 0.720998 0.471302 0.721842 0.469887 0.723083 0.469093 0.725850 0.468635
0 0.716066 0.451303 0.716463 0.451924 0.717989 0.452259 0.718386 0.452880 0.719912 0.453215 0.720309 0.453835 0.721835 0.454171 0.723423 0.456653 0.722976 0.458687 0.723373 0.459308 0.723149 0.460325 0.722529 0.460722 0.722193 0.462248 0.721573 0.462645 0.721349 0.463663 0.719997 0.464965 0.719488 0.464853 0.718867 0.465250 0.717850 0.465027 0.717230 0.465424 0.715195 0.464977 0.714574 0.465374 0.712539 0.464927 0.712143 0.464306 0.711125 0.464082 0.710728 0.463462 0.710220 0.463350 0.709426 0.462109 0.708917 0.461998 0.708520 0.461377 0.708855 0.459851 0.708458 0.459230 0.709129 0.456178 0.709749 0.455781 0.709973 0.454764 0.710594 0.454367 0.711438 0.452953 0.712678 0.452159 0.715446 0.451700
0 0.738843 0.398579 0.739240 0.399199 0.740766 0.399534 0.741163 0.400155 0.742689 0.400490 0.743086 0.401111 0.744612 0.401446 0.746200 0.403928 0.745753 0.405963 0.746150 0.406583 0.745926 0.407600 0.745306 0.407997 0.744971 0.409523 0.744350 0.409920 0.744127 0.410938 0.742774 0.412240 0.742265 0.412129 0.741645 0.412526 0.740627 0.412302 0.740007 0.412699 0.737972 0.412252 0.737352 0.412649 0.735317 0.412202 0.734920 0.411581 0.733903 0.411358 0.733506 0.410737 0.732997 0.410626 0.732203 0.409385 0.731694 0.409273 0.731297 0.408652 0.731633 0.407126 0.731236 0.406506 0.731906 0.403454 0.732527 0.403057 0.732750 0.402039 0.733371 0.401642 0.734215 0.400228 0.735456 0.399434 0.738223 0.398976
0 0.733790 0.417410 0.734187 0.418031 0.735713 0.418366 0.736110 0.418986 0.737636 0.419322 0.738033 0.419942 0.739559 0.420277 0.741147 0.422759 0.740700 0.424794 0.741097 0.425415 0.740873 0.426432 0.740253 0.426829 0.739918 0.428355 0.739297 0.428752 0.739074 0.429769 0.737721 0.431072 0.737212 0.430960 0.736592 0.431357 0.735574 0.431133 0.734954 0.431530 0.732919 0.431083 0.732299 0.431480 0.730264 0.431033 0.729867 0.430413 0.728849 0.430189 0.728453 0.429569 0.727944 0.429457 0.727150 0.428216 0.726641 0.428104 0.726244 0.427484 0.726580 0.425958 0.726183 0.425337 0.726853 0.422285 0.727474 0.421888 0.727697 0.420871 0.728318 0.420474 0.729162 0.419059 0.730403 0.418266 0.733170 0.417807
0 0.668060 0.368432 0.668456 0.369052 0.669982 0.369388 0.670380 0.370008 0.671906 0.370343 0.672303 0.370964 0.673829 0.371299 0.675416 0.373781 0.674969 0.375816 0.675366 0.376436 0.675143 0.377454 0.674522 0.377850 0.674187 0.379377 0.673566 0.379773 0.673343 0.380791 0.671990 0.382093 0.671481 0.381982 0.670861 0.382379 0.669844 0.382155 0.669223 0.382552 0.667188 0.382105 0.666568 0.382502 0.664533 0.382055 0.664136 0.381434 0.663119 0.381211 0.662722 0.380590 0.662213 0.380479 0.661419 0.379238 0.660911 0.379126 0.660514 0.378505 0.660849 0.376979 0.660452 0.376359 0.661123 0.373307 0.661743 0.372910 0.661967 0.371892 0.662587 0.371495 0.663431 0.370081 0.664672 0.369287 0.667439 0.368829
0 0.679789 0.323767 0.680186 0.324387 0.682221 0.324834 0.682618 0.325455 0.684653 0.325902 0.685558 0.326634 0.689242 0.331709 0.690210 0.334588 0.689874 0.336114 0.690271 0.336735 0.689824 0.338770 0.689092 0.339675 0.684637 0.342962 0.680629 0.344215 0.677577 0.343544 0.676956 0.343941 0.673904 0.343271 0.672998 0.342538 0.671411 0.340056 0.669202 0.337972 0.668459 0.334075 0.669017 0.331532 0.668732 0.330403 0.670085 0.329100 0.671041 0.327177 0.675893 0.324510 0.679280 0.323655
0 0.634840 0.320070 0.635237 0.320690 0.636763 0.321026 0.637160 0.321646 0.638686 0.321982 0.639083 0.322602 0.640609 0.322937 0.642197 0.325419 0.641750 0.327454 0.642146 0.328074 0.641923 0.329092 0.641303 0.329489 0.640967 0.331015 0.640347 0.331412 0.640123 0.332429 0.638770 0.333732 0.638262 0.333620 0.637641 0.334017 0.636624 0.333793 0.636003 0.334190 0.633969 0.333743 0.633348 0.334140 0.631313 0.333693 0.630916 0.333073 0.629899 0.332849 0.629502 0.332229 0.628993 0.332117 0.628200 0.330876 0.627691 0.330764 0.627294 0.330144 0.627629 0.328618 0.627232 0.327997 0.627903 0.324945 0.628523 0.324548 0.628747 0.323531 0.629367 0.323134 0.630211 0.321719 0.631452 0.320926 0.634219 0.320467
0 0.718728 0.407184 0.719125 0.407804 0.720651 0.408140 0.721048 0.408760 0.722574 0.409095 0.722971 0.409716 0.724497 0.410051 0.726085 0.412533 0.725638 0.414568 0.726035 0.415188 0.725811 0.416206 0.725191 0.416603 0.724855 0.418129 0.724235 0.418526 0.724011 0.419543 0.722659 0.420846 0.722150 0.420734 0.721530 0.421131 0.720512 0.420907 0.719892 0.421304 0.717857 0.420857 0.717236 0.421254 0.715202 0.420807 0.714805 0.420186 0.713787 0.419963 0.713390 0.419342 0.712882 0.419231 0.712088 0.417990 0.711579 0.417878 0.711182 0.417258 0.711517 0.415731 0.711121 0.415111 0.711791 0.412059 0.712412 0.411662 0.712635 0.410644 0.713256 0.410248 0.714100 0.408833 0.715341 0.408039 0.718108 0.407581
0 0.628327 0.266098 0.628724 0.266719 0.630251 0.267054 0.630647 0.267675 0.632173 0.268010 0.632571 0.268630 0.634097 0.268966 0.635684 0.271448 0.635237 0.273482 0.635634 0.274103 0.635411 0.275120 0.634790 0.275517 0.634455 0.277043 0.633834 0.277440 0.633611 0.278458 0.632258 0.279760 0.631749 0.279648 0.631129 0.280045 0.630112 0.279822 0.629491 0.280219 0.627456 0.279772 0.626836 0.280169 0.624801 0.279722 0.624404 0.279101 0.623387 0.278877 0.622990 0.278257 0.622481 0.278145 0.621687 0.276904 0.621179 0.276793 0.620782 0.276172 0.621117 0.274646 0.620720 0.274026 0.621391 0.270973 0.622011 0.270576 0.622235 0.269559 0.622855 0.269162 0.623699 0.267748 0.624940 0.266954 0.627707 0.266495
0 0.645995 0.270268 0.646392 0.270889 0.647918 0.271224 0.648315 0.271844 0.649841 0.272180 0.650238 0.272800 0.651764 0.273136 0.653352 0.275617 0.652905 0.277652 0.653302 0.278273 0.653078 0.279290 0.652458 0.279687 0.652123 0.281213 0.651502 0.281610 0.651279 0.282627 0.649926 0.283930 0.649417 0.283818 0.648797 0.284215 0.647779 0.283992 0.647159 0.284389 0.645124 0.283942 0.644504 0.284338 0.642469 0.283891 0.642072 0.283271 0.641055 0.283047 0.640658 0.282427 0.640149 0.282315 0.639355 0.281074 0.638846 0.280962 0.638449 0.280342 0.638785 0.278816 0.638388 0.278195 0.639058 0.275143 0.639679 0.274746 0.639902 0.273729 0.640523 0.273332 0.641367 0.271918 0.642608 0.271124 0.645375 0.270665
0 0.723939 0.260619 0.724336 0.261239 0.725862 0.261575 0.726259 0.262195 0.727785 0.262530 0.728182 0.263151 0.729708 0.263486 0.731296 0.265968 0.730849 0.268003 0.731246 0.268623 0.731022 0.269641 0.730402 0.270038 0.730067 0.271564 0.729446 0.271961 0.729223 0.272978 0.727870 0.274281 0.727361 0.274169 0.726741 0.274566 0.725723 0.274342 0.725103 0.274739 0.723068 0.274292 0.722448 0.274689 0.720413 0.274242 0.720016 0.273621 0.718998 0.273398 0.718602 0.272777 0.718093 0.272666 0.717299 0.271425 0.716790 0.271313 0.716393 0.270693 0.716729 0.269166 0.716332 0.268546 0.717002 0.265494 0.717623 0.265097 0.717846 0.264079 0.718467 0.263682 0.719311 0.262268 0.720552 0.261474 0.723319 0.261016
0 0.797529 0.276787 0.800835 0.277514 0.803949 0.280331 0.805559 0.284640 0.804929 0.287508 0.803257 0.289693 0.798793 0.292455 0.794203 0.292694 0.789843 0.291112 0.786957 0.287983 0.785558 0.285577 0.785320 0.281498 0.786974 0.277325 0.789367 0.275469 0.794222 0.276061
0 0.944070 0.339274 0.944467 0.339894 0.948313 0.341806 0.950583 0.346037 0.951042 0.348804 0.949924 0.353891 0.948571 0.355194 0.948348 0.356211 0.945866 0.357799 0.943099 0.358258 0.941573 0.357922 0.939314 0.358493 0.936262 0.357822 0.933942 0.356246 0.931907 0.355799 0.930717 0.353937 0.929576 0.349420 0.929911 0.347894 0.929514 0.347274 0.930073 0.344730 0.930694 0.344334 0.931761 0.341902 0.934975 0.339408 0.935087 0.338900 0.935708 0.338503 0.936725 0.338726 0.937345 0.338329 0.939380 0.338777 0.940001 0.338380
0 0.886423 0.383827 0.886820 0.384447 0.888346 0.384782 0.888743 0.385403 0.890269 0.385738 0.890666 0.386359 0.892192 0.386694 0.893780 0.389176 0.893332 0.391211 0.893729 0.391831 0.893506 0.392849 0.892885 0.393245 0.892550 0.394772 0.891930 0.395169 0.891706 0.396186 0.890353 0.397488 0.889845 0.397377 0.889224 0.397774 0.888207 0.397550 0.887586 0.397947 0.885552 0.397500 0.884931 0.397897 0.882896 0.397450 0.882499 0.396829 0.881482 0.396606 0.881085 0.395985 0.880576 0.395874 0.879782 0.394633 0.879274 0.394521 0.878877 0.393900 0.879212 0.392374 0.878815 0.391754 0.879486 0.388702 0.880106 0.388305 0.880330 0.387287 0.880950 0.386890 0.881794 0.385476 0.883035 0.384682 0.885802 0.384224
0 0.998397 0.424598 0.998397 0.425219 0.998397 0.425554 0.998397 0.426174 0.998397 0.426510 0.998397 0.427130 0.998397 0.427466 0.998397 0.429947 0.998397 0.431982 0.998397 0.432603 0.998397 0.433620 0.998397 0.434017 0.998397 0.435543 0.998397 0.435940 0.998397 0.436957 0.998397 0.438260 0.998397 0.438148 0.998397 0.438545 0.998397 0.438322 0.998397 0.438719 0.998397 0.438271 0.998397 0.438668 0.998397 0.438221 0.998397 0.437601 0.998397 0.437377 0.998397 0.436757 0.998397 0.436645 0.998397 0.435404 0.998397 0.435292 0.998397 0.434672 0.998397 0.433146 0.998397 0.432525 0.998397 0.429473 0.998397 0.429076 0.998397 0.428059 0.998397 0.427662 0.998397 0.426248 0.998397 0.425454 0.998397 0.424995
0 0.930371 0.540456 0.930768 0.541076 0.932294 0.541411 0.932691 0.542032 0.934217 0.542367 0.934614 0.542988 0.936140 0.543323 0.937728 0.545805 0.937280 0.547840 0.937677 0.548460 0.937454 0.549478 0.936833 0.549874 0.936498 0.551400 0.935878 0.551797 0.935654 0.552815 0.934301 0.554117 0.933793 0.554006 0.933172 0.554403 0.932155 0.554179 0.931534 0.554576 0.929500 0.554129 0.928879 0.554526 0.926844 0.554079 0.926447 0.553458 0.925430 0.553235 0.925033 0.552614 0.924524 0.552503 0.923730 0.551262 0.923222 0.551150 0.922825 0.550529 0.923160 0.549003 0.922763 0.548383 0.923434 0.545331 0.924054 0.544934 0.924278 0.543916 0.924898 0.543519 0.925742 0.542105 0.926983 0.541311 0.929750 0.540853
0 0.979578 0.576800 0.979975 0.577420 0.981501 0.577755 0.981898 0.578376 0.983424 0.578711 0.983821 0.579332 0.985347 0.579667 0.986934 0.582149 0.986487 0.584183 0.986884 0.584804 0.986661 0.585821 0.986040 0.586218 0.985705 0.587744 0.985085 0.588141 0.984861 0.589159 0.983508 0.590461 0.983000 0.590349 0.982379 0.590746 0.981362 0.590523 0.980741 0.590920 0.978707 0.590473 0.978086 0.590870 0.976051 0.590423 0.975654 0.589802 0.974637 0.589579 0.974240 0.588958 0.973731 0.588846 0.972937 0.587605 0.972429 0.587494 0.972032 0.586873 0.972367 0.585347 0.971970 0.584727 0.972641 0.581674 0.973261 0.581277 0.973485 0.580260 0.974105 0.579863 0.974949 0.578449 0.976190 0.577655 0.978957 0.577196
0 0.834684 0.552354 0.835081 0.552974 0.836607 0.553309 0.837401 0.554550 0.837910 0.554662 0.839212 0.556015 0.839100 0.556523 0.839497 0.557144 0.838380 0.562231 0.837759 0.562628 0.837536 0.563645 0.836295 0.564439 0.836183 0.564948 0.835674 0.564836 0.833813 0.566027 0.832795 0.565803 0.832175 0.566200 0.831158 0.565977 0.830537 0.566374 0.830028 0.566262 0.829632 0.565641 0.827312 0.564065 0.826121 0.562204 0.826232 0.561695 0.825836 0.561075 0.826171 0.559548 0.825774 0.558928 0.826109 0.557402 0.826730 0.557005 0.826953 0.555988 0.827574 0.555591 0.827797 0.554573 0.831520 0.552192 0.832537 0.552415 0.833158 0.552018
0 0.822655 0.589064 0.823052 0.589684 0.824578 0.590020 0.825372 0.591261 0.825881 0.591372 0.827183 0.592725 0.827071 0.593234 0.827468 0.593854 0.826351 0.598941 0.825730 0.599338 0.825507 0.600356 0.824266 0.601149 0.824154 0.601658 0.823645 0.601546 0.821784 0.602737 0.820766 0.602514 0.820146 0.602911 0.819129 0.602687 0.818508 0.603084 0.818000 0.602972 0.817603 0.602352 0.815283 0.600775 0.814092 0.598914 0.814204 0.598405 0.813807 0.597785 0.814142 0.596259 0.813745 0.595638 0.814080 0.594112 0.814701 0.593715 0.814924 0.592698 0.815545 0.592301 0.815768 0.591284 0.819491 0.588902 0.820509 0.589126 0.821129 0.588729
0 0.786350 0.573453 0.786747 0.574073 0.789290 0.574632 0.791102 0.576096 0.792293 0.577958 0.791957 0.579484 0.792354 0.580104 0.791125 0.585700 0.789772 0.587003 0.789548 0.588020 0.787067 0.589608 0.785937 0.589893 0.784411 0.589558 0.783791 0.589954 0.782265 0.589619 0.781644 0.590016 0.779101 0.589457 0.776384 0.587261 0.774796 0.584779 0.774226 0.582520 0.774449 0.581503 0.774052 0.580882 0.774723 0.577830 0.775344 0.577433 0.776411 0.575002 0.779402 0.573526 0.782789 0.572670
0 0.881925 0.511815 0.884357 0.512882 0.886168 0.514347 0.886998 0.515571 0.887024 0.517734 0.885563 0.520537 0.884539 0.522320 0.882250 0.523597 0.879525 0.523457 0.877364 0.522580 0.875437 0.520378 0.874979 0.517235 0.875935 0.514977 0.877445 0.513070 0.879407 0.512239
0 0.863153 0.548015 0.865585 0.549083 0.867396 0.550548 0.868227 0.551773 0.868252 0.553935 0.866791 0.556737 0.865768 0.558521 0.863478 0.559798 0.860753 0.559658 0.858592 0.558782 0.856665 0.556579 0.856208 0.553436 0.857163 0.551178 0.858673 0.549271 0.860635 0.548440
0 0.872668 0.558478 0.875099 0.559546 0.876911 0.561010 0.877741 0.562234 0.877766 0.564398 0.876305 0.567199 0.875282 0.568984 0.872992 0.570260 0.870268 0.570120 0.868107 0.569244 0.866179 0.567041 0.865722 0.563899 0.866677 0.561640 0.868187 0.559734 0.870149 0.558902
0 0.875404 0.546200 0.877836 0.547267 0.879647 0.548732 0.880477 0.549956 0.880503 0.552119 0.879042 0.554922 0.878019 0.556705 0.875729 0.557981 0.873004 0.557842 0.870843 0.556965 0.868916 0.554763 0.868458 0.551620 0.869414 0.549362 0.870923 0.547455 0.872886 0.546624
0 0.845322 0.514173 0.847753 0.515241 0.849564 0.516705 0.850395 0.517930 0.850420 0.520093 0.848960 0.522895 0.847936 0.524679 0.845647 0.525955 0.842922 0.525816 0.840761 0.524939 0.838834 0.522736 0.838376 0.519594 0.839331 0.517336 0.840841 0.515429 0.842804 0.514598
0 0.982153 0.559526 0.984585 0.560594 0.986396 0.562058 0.987226 0.563283 0.987251 0.565446 0.985791 0.568247 0.984767 0.570032 0.982477 0.571308 0.979753 0.571168 0.977592 0.570292 0.975665 0.568089 0.975207 0.564947 0.976162 0.562688 0.977672 0.560782 0.979634 0.559950
0 0.977955 0.546794 0.980387 0.547862 0.982198 0.549326 0.983028 0.550551 0.983053 0.552714 0.981593 0.555516 0.980569 0.557300 0.978280 0.558576 0.975555 0.558436 0.973394 0.557560 0.971467 0.555357 0.971009 0.552215 0.971964 0.549957 0.973474 0.548050 0.975436 0.547218
0 0.966829 0.603175 0.969261 0.604243 0.971073 0.605707 0.971902 0.606931 0.971928 0.609095 0.970467 0.611896 0.969444 0.613680 0.967154 0.614957 0.964429 0.614817 0.962268 0.613941 0.960341 0.611738 0.959884 0.608595 0.960839 0.606337 0.962348 0.604430 0.964311 0.603599
0 0.947509 0.620297 0.949940 0.621365 0.951752 0.622829 0.952582 0.624054 0.952607 0.626217 0.951147 0.629019 0.950123 0.630803 0.947834 0.632079 0.945109 0.631940 0.942948 0.631063 0.941021 0.628860 0.940563 0.625718 0.941519 0.623460 0.943028 0.621553 0.944990 0.620721
0 0.930422 0.623080 0.932854 0.624148 0.934665 0.625612 0.935495 0.626836 0.935520 0.629000 0.934059 0.631802 0.933036 0.633586 0.930746 0.634862 0.928022 0.634722 0.925861 0.633846 0.923934 0.631643 0.923476 0.628501 0.924431 0.626243 0.925941 0.624336 0.927903 0.623504
0 0.898605 0.644184 0.901037 0.645252 0.902848 0.646716 0.903678 0.647941 0.903704 0.650104 0.902243 0.652905 0.901220 0.654689 0.898930 0.655966 0.896205 0.655826 0.894044 0.654950 0.892117 0.652747 0.891660 0.649604 0.892615 0.647346 0.894125 0.645439 0.896087 0.644608
0 0.955355 0.717745 0.957166 0.719210 0.959944 0.723553 0.960850 0.724285 0.959844 0.728864 0.958380 0.730675 0.954657 0.733056 0.954148 0.732945 0.951778 0.734024 0.951381 0.733403 0.945785 0.732174 0.944880 0.731441 0.942498 0.727719 0.942945 0.725684 0.942548 0.725063 0.942884 0.723537 0.943504 0.723140 0.943728 0.722123 0.945192 0.720312 0.949027 0.717422 0.950553 0.717757 0.951173 0.717360 0.954734 0.718142
0 0.894901 0.701584 0.897333 0.702651 0.899144 0.704116 0.899974 0.705340 0.900000 0.707503 0.898539 0.710305 0.897516 0.712089 0.895226 0.713365 0.892501 0.713226 0.890340 0.712350 0.888413 0.710147 0.887955 0.707004 0.888911 0.704746 0.890421 0.702839 0.892383 0.702007
0 0.945778 0.747889 0.948210 0.748957 0.950021 0.750421 0.950851 0.751646 0.950876 0.753809 0.949416 0.756611 0.948393 0.758395 0.946103 0.759671 0.943378 0.759531 0.941217 0.758655 0.939290 0.756452 0.938832 0.753310 0.939788 0.751051 0.941297 0.749145 0.943259 0.748313
0 0.889556 0.758280 0.891988 0.759347 0.893799 0.760812 0.894629 0.762036 0.894654 0.764199 0.893194 0.767001 0.892170 0.768785 0.889880 0.770062 0.887156 0.769922 0.884995 0.769046 0.883068 0.766843 0.882610 0.763700 0.883565 0.761442 0.885075 0.759535 0.887038 0.758704
0 0.865810 0.707159 0.868241 0.708226 0.870052 0.709691 0.870883 0.710915 0.870908 0.713078 0.869448 0.715881 0.868424 0.717665 0.866135 0.718940 0.863410 0.718801 0.861249 0.717925 0.859322 0.715722 0.858864 0.712579 0.859819 0.710321 0.861329 0.708414 0.863291 0.707583
0 0.814943 0.755113 0.817375 0.756181 0.819186 0.757645 0.820017 0.758870 0.820041 0.761033 0.818581 0.763835 0.817558 0.765619 0.815268 0.766896 0.812543 0.766756 0.810382 0.765879 0.808455 0.763677 0.807997 0.760534 0.808953 0.758276 0.810462 0.756369 0.812424 0.755537
0 0.830428 0.742578 0.832859 0.743646 0.834671 0.745110 0.835501 0.746335 0.835526 0.748498 0.834066 0.751300 0.833042 0.753084 0.830753 0.754360 0.828028 0.754221 0.825867 0.753344 0.823940 0.751142 0.823482 0.747999 0.824437 0.745741 0.825947 0.743834 0.827909 0.743002
0 0.909401 0.818296 0.911832 0.819364 0.913643 0.820828 0.914473 0.822052 0.914499 0.824216 0.913038 0.827017 0.912015 0.828802 0.909725 0.830078 0.907000 0.829938 0.904839 0.829062 0.902912 0.826859 0.902455 0.823717 0.903410 0.821458 0.904920 0.819552 0.906882 0.818720
0 0.839460 0.832565 0.845117 0.835941 0.848008 0.839776 0.848639 0.844181 0.847186 0.850794 0.845499 0.853623 0.840932 0.857419 0.838673 0.857989 0.832569 0.856648 0.831949 0.857045 0.831552 0.856424 0.828611 0.855245 0.825100 0.851807 0.823736 0.848308 0.823898 0.845144 0.823501 0.844523 0.824619 0.839436 0.827263 0.834685 0.830477 0.832191 0.835390 0.831671
0 0.751988 0.755312 0.752385 0.755932 0.754929 0.756491 0.755326 0.757112 0.757758 0.758179 0.759742 0.761282 0.759630 0.761790 0.760027 0.762411 0.759692 0.763937 0.760089 0.764557 0.758798 0.768006 0.758177 0.768403 0.758066 0.768912 0.754343 0.771294 0.751291 0.770623 0.750670 0.771020 0.748127 0.770461 0.747730 0.769841 0.746315 0.768997 0.743934 0.765274 0.744157 0.764256 0.743760 0.763636 0.743984 0.762619 0.743587 0.761998 0.743699 0.761489 0.744319 0.761092 0.744543 0.760075 0.745163 0.759678 0.745387 0.758661 0.749730 0.755882 0.751368 0.755709
0 0.708593 0.806180 0.708990 0.806800 0.710007 0.807024 0.710404 0.807644 0.711819 0.808488 0.712613 0.809729 0.713121 0.809841 0.713010 0.810350 0.713803 0.811591 0.713580 0.812608 0.713977 0.813228 0.713306 0.816281 0.712686 0.816678 0.711842 0.818092 0.709980 0.819283 0.709472 0.819171 0.708851 0.819568 0.707834 0.819344 0.707213 0.819741 0.706705 0.819630 0.706084 0.820027 0.705067 0.819803 0.704446 0.820200 0.702920 0.819865 0.702523 0.819244 0.700203 0.817668 0.699012 0.815806 0.699124 0.815298 0.698727 0.814677 0.699063 0.813151 0.698666 0.812531 0.698889 0.811513 0.699510 0.811116 0.699957 0.809082 0.700577 0.808685 0.700689 0.808176 0.703283 0.806080 0.703791 0.806191 0.705541 0.805509
0 0.685506 0.799388 0.685902 0.800009 0.686920 0.800232 0.687317 0.800853 0.688731 0.801697 0.689525 0.802938 0.690034 0.803050 0.689922 0.803558 0.690716 0.804799 0.690492 0.805817 0.690889 0.806437 0.690219 0.809489 0.689598 0.809886 0.688754 0.811301 0.686893 0.812491 0.686384 0.812379 0.685763 0.812777 0.684746 0.812553 0.684126 0.812950 0.683617 0.812838 0.682996 0.813235 0.681979 0.813012 0.681359 0.813408 0.679832 0.813073 0.679435 0.812453 0.677115 0.810876 0.675925 0.809015 0.676036 0.808506 0.675640 0.807886 0.675975 0.806360 0.675578 0.805739 0.675802 0.804722 0.676422 0.804325 0.676869 0.802290 0.677489 0.801893 0.677601 0.801385 0.680195 0.799288 0.680704 0.799400 0.682453 0.798718
0 0.685371 0.733450 0.687802 0.734518 0.689614 0.735982 0.690444 0.737207 0.690469 0.739370 0.689009 0.742172 0.687985 0.743956 0.685696 0.745232 0.682970 0.745093 0.680810 0.744216 0.678882 0.742013 0.678425 0.738871 0.679380 0.736613 0.680890 0.734706 0.682852 0.733874
0 0.708782 0.685096 0.709179 0.685717 0.710196 0.685940 0.710593 0.686561 0.712008 0.687405 0.712802 0.688646 0.713310 0.688758 0.713198 0.689266 0.713992 0.690507 0.713769 0.691525 0.714166 0.692145 0.713495 0.695197 0.712875 0.695594 0.712031 0.697008 0.710169 0.698199 0.709661 0.698088 0.709040 0.698484 0.708023 0.698261 0.707402 0.698658 0.706894 0.698546 0.706273 0.698943 0.705256 0.698719 0.704635 0.699116 0.703109 0.698781 0.702712 0.698161 0.700392 0.696584 0.699201 0.694723 0.699313 0.694214 0.698916 0.693594 0.699252 0.692068 0.698855 0.691447 0.699078 0.690430 0.699699 0.690033 0.700146 0.687998 0.700766 0.687601 0.700878 0.687092 0.703472 0.684996 0.703980 0.685108 0.705730 0.684426
0 0.648233 0.677858 0.650665 0.678926 0.652476 0.680390 0.653306 0.681615 0.653332 0.683778 0.651871 0.686580 0.650847 0.688364 0.648558 0.689640 0.645833 0.689501 0.643672 0.688624 0.641745 0.686422 0.641287 0.683279 0.642243 0.681021 0.643752 0.679114 0.645715 0.678282
0 0.580544 0.656310 0.580941 0.656930 0.581959 0.657154 0.582356 0.657774 0.583770 0.658618 0.584564 0.659859 0.585073 0.659971 0.584961 0.660479 0.585755 0.661720 0.585531 0.662738 0.585928 0.663358 0.585257 0.666411 0.584637 0.666807 0.583793 0.668222 0.581932 0.669412 0.581423 0.669301 0.580803 0.669698 0.579785 0.669474 0.579165 0.669871 0.578656 0.669759 0.578035 0.670156 0.577018 0.669933 0.576398 0.670330 0.574871 0.669994 0.574475 0.669374 0.572155 0.667798 0.570964 0.665936 0.571076 0.665428 0.570679 0.664807 0.571014 0.663281 0.570617 0.662660 0.570840 0.661643 0.571461 0.661246 0.571908 0.659211 0.572529 0.658814 0.572640 0.658306 0.575234 0.656209 0.575743 0.656321 0.577492 0.655639
0 0.620259 0.653634 0.622691 0.654702 0.624503 0.656166 0.625332 0.657391 0.625358 0.659554 0.623897 0.662356 0.622874 0.664140 0.620584 0.665416 0.617859 0.665277 0.615698 0.664400 0.613771 0.662197 0.613314 0.659055 0.614269 0.656797 0.615779 0.654890 0.617741 0.654058
0 0.490152 0.690600 0.492584 0.691667 0.494395 0.693132 0.495225 0.694356 0.495251 0.696519 0.493790 0.699322 0.492767 0.701106 0.490477 0.702382 0.487752 0.702242 0.485591 0.701366 0.483664 0.699163 0.483207 0.696020 0.484162 0.693762 0.485672 0.691855 0.487634 0.691024
0 0.510921 0.773202 0.511318 0.773822 0.512335 0.774046 0.512732 0.774666 0.513749 0.774890 0.515561 0.776354 0.517545 0.779457 0.517830 0.780586 0.516936 0.784655 0.516316 0.785052 0.516092 0.786070 0.514628 0.787881 0.508982 0.789307 0.505421 0.788524 0.504119 0.787172 0.503101 0.786948 0.502195 0.786216 0.500608 0.783734 0.500831 0.782717 0.500434 0.782096 0.501217 0.778535 0.500932 0.777406 0.502173 0.776612 0.503637 0.774801 0.504878 0.774007 0.507136 0.773437 0.509792 0.773487 0.510412 0.773090
0 0.544411 0.753879 0.544808 0.754500 0.545825 0.754723 0.546222 0.755344 0.547240 0.755567 0.549051 0.757032 0.551036 0.760134 0.551321 0.761263 0.550427 0.765333 0.549806 0.765730 0.549583 0.766747 0.548118 0.768558 0.542584 0.769475 0.539023 0.768693 0.537609 0.767849 0.536591 0.767625 0.535686 0.766893 0.534098 0.764411 0.534322 0.763394 0.533925 0.762774 0.534707 0.759213 0.534422 0.758084 0.535663 0.757290 0.537127 0.755478 0.538368 0.754684 0.540627 0.754114 0.543282 0.754164 0.543902 0.753767
0 0.439903 0.759731 0.441205 0.761084 0.441094 0.761593 0.441490 0.762213 0.441155 0.763739 0.441552 0.764360 0.440993 0.766903 0.440373 0.767300 0.440037 0.768826 0.439417 0.769223 0.438573 0.770637 0.437332 0.771431 0.437220 0.771940 0.436712 0.771828 0.436091 0.772225 0.435074 0.772002 0.434453 0.772399 0.432418 0.771951 0.431798 0.772348 0.429763 0.771901 0.429366 0.771281 0.428349 0.771057 0.427158 0.769196 0.427493 0.767670 0.427096 0.767049 0.428102 0.762471 0.428723 0.762074 0.429567 0.760660 0.430808 0.759866 0.430920 0.759357 0.431428 0.759469 0.432669 0.758675 0.435213 0.759234 0.435833 0.758837
0 0.387177 0.631904 0.389894 0.634101 0.390688 0.635342 0.392102 0.636186 0.393293 0.638047 0.391952 0.644152 0.391331 0.644548 0.390152 0.647489 0.388799 0.648791 0.387161 0.648965 0.383041 0.650726 0.379481 0.649944 0.379084 0.649323 0.376143 0.648144 0.374159 0.645041 0.374320 0.641877 0.373924 0.641257 0.374706 0.637696 0.375326 0.637299 0.375773 0.635264 0.376394 0.634867 0.377350 0.632944 0.378591 0.632151 0.380849 0.631580 0.384013 0.631742 0.384633 0.631345
0 0.440560 0.600466 0.440957 0.601087 0.441466 0.601198 0.441354 0.601707 0.443339 0.604809 0.443227 0.605318 0.443624 0.605938 0.442841 0.609499 0.441601 0.610293 0.441489 0.610802 0.440136 0.612105 0.439627 0.611993 0.439007 0.612390 0.437990 0.612166 0.437369 0.612563 0.435843 0.612228 0.435446 0.611607 0.433411 0.611160 0.433014 0.610540 0.431488 0.610204 0.431091 0.609584 0.431315 0.608567 0.430918 0.607946 0.431141 0.606929 0.430745 0.606308 0.431365 0.605911 0.432036 0.602859 0.432656 0.602462 0.432768 0.601954 0.434629 0.600763 0.435138 0.600874 0.436379 0.600081 0.437396 0.600304 0.438017 0.599907
0 0.270459 0.675446 0.270856 0.676066 0.271873 0.676290 0.272270 0.676910 0.272779 0.677022 0.273572 0.678263 0.273461 0.678772 0.273858 0.679392 0.273522 0.680918 0.273919 0.681539 0.273584 0.683065 0.272963 0.683462 0.272852 0.683970 0.272231 0.684367 0.271387 0.685782 0.269526 0.686972 0.268508 0.686749 0.267888 0.687146 0.264836 0.686475 0.264439 0.685855 0.263421 0.685631 0.262119 0.684278 0.262231 0.683770 0.261834 0.683149 0.262057 0.682132 0.261660 0.681512 0.262107 0.679477 0.262728 0.679080 0.262951 0.678062 0.263572 0.677665 0.263684 0.677157 0.266166 0.675569 0.266674 0.675681 0.268424 0.674999
0 0.328835 0.721717 0.329232 0.722338 0.330250 0.722561 0.330647 0.723182 0.331155 0.723293 0.331949 0.724534 0.331837 0.725043 0.332234 0.725664 0.331899 0.727190 0.332296 0.727810 0.331961 0.729336 0.331340 0.729733 0.331228 0.730242 0.330608 0.730639 0.329764 0.732053 0.327903 0.733244 0.326885 0.733020 0.326265 0.733417 0.323213 0.732747 0.322816 0.732126 0.321798 0.731903 0.320496 0.730550 0.320607 0.730041 0.320210 0.729421 0.320434 0.728403 0.320037 0.727783 0.320484 0.725748 0.321105 0.725351 0.321328 0.724334 0.321949 0.723937 0.322060 0.723428 0.324542 0.721841 0.325051 0.721952 0.326801 0.721270
0 0.316816 0.716746 0.317213 0.717367 0.318230 0.717590 0.318627 0.718210 0.319136 0.718322 0.319930 0.719563 0.319818 0.720072 0.320215 0.720692 0.319880 0.722219 0.320276 0.722839 0.319941 0.724365 0.319321 0.724762 0.319209 0.725271 0.318588 0.725668 0.317744 0.727082 0.315883 0.728273 0.314866 0.728049 0.314245 0.728446 0.311193 0.727775 0.310796 0.727155 0.309779 0.726931 0.308476 0.725579 0.308588 0.725070 0.308191 0.724450 0.308414 0.723432 0.308018 0.722812 0.308465 0.720777 0.309085 0.720380 0.309309 0.719363 0.309929 0.718966 0.310041 0.718457 0.312523 0.716869 0.313031 0.716981 0.314781 0.716299
0 0.342242 0.722295 0.342639 0.722916 0.343657 0.723139 0.344054 0.723760 0.344562 0.723872 0.345356 0.725112 0.345244 0.725621 0.345641 0.726242 0.345306 0.727768 0.345703 0.728388 0.345368 0.729914 0.344747 0.730311 0.344635 0.730820 0.344015 0.731217 0.343171 0.732631 0.341310 0.733822 0.340292 0.733599 0.339672 0.733995 0.336620 0.733325 0.336223 0.732704 0.335205 0.732481 0.333903 0.731128 0.334014 0.730619 0.333617 0.729999 0.333841 0.728981 0.333444 0.728361 0.333891 0.726326 0.334512 0.725929 0.334735 0.724912 0.335356 0.724515 0.335467 0.724006 0.337949 0.722419 0.338458 0.722530 0.340208 0.721848
0 0.281149 0.621230 0.281546 0.621851 0.282564 0.622075 0.282961 0.622695 0.283469 0.622807 0.284263 0.624048 0.284151 0.624556 0.284548 0.625177 0.284213 0.626703 0.284610 0.627323 0.284275 0.628850 0.283654 0.629246 0.283542 0.629755 0.282922 0.630152 0.282078 0.631566 0.280217 0.632757 0.279199 0.632534 0.278579 0.632931 0.275526 0.632260 0.275130 0.631640 0.274112 0.631416 0.272810 0.630063 0.272921 0.629555 0.272524 0.628934 0.272748 0.627917 0.272351 0.627296 0.272798 0.625261 0.273419 0.624864 0.273642 0.623847 0.274263 0.623450 0.274374 0.622942 0.276856 0.621354 0.277365 0.621466 0.279115 0.620783
0 0.240212 0.679137 0.243835 0.682066 0.245820 0.685168 0.245596 0.686186 0.246278 0.687935 0.245272 0.692514 0.241549 0.694895 0.240420 0.695180 0.239403 0.694957 0.236524 0.695924 0.234489 0.695477 0.234092 0.694856 0.233075 0.694633 0.232678 0.694012 0.230246 0.692945 0.229452 0.691704 0.229167 0.690575 0.229391 0.689557 0.228994 0.688937 0.230112 0.683850 0.230732 0.683453 0.231067 0.681927 0.233040 0.680227 0.233549 0.680339 0.235411 0.679148 0.236540 0.678863 0.238066 0.679199 0.238686 0.678802
0 0.270231 0.600243 0.270628 0.600863 0.271645 0.601087 0.272042 0.601707 0.273569 0.602043 0.273965 0.602663 0.274983 0.602887 0.275380 0.603507 0.275889 0.603619 0.277079 0.605480 0.275962 0.610567 0.275341 0.610964 0.274894 0.612999 0.272921 0.614698 0.272412 0.614587 0.271792 0.614984 0.270774 0.614760 0.270154 0.615157 0.268628 0.614822 0.268007 0.615219 0.265464 0.614660 0.265067 0.614039 0.264558 0.613928 0.260874 0.608852 0.261097 0.607835 0.260701 0.607214 0.261371 0.604162 0.261992 0.603765 0.262215 0.602748 0.263456 0.601954 0.263965 0.602066 0.265206 0.601272 0.265714 0.601384 0.266955 0.600590 0.267464 0.600701 0.269214 0.600019
0 0.278938 0.565104 0.280637 0.567077 0.281146 0.567189 0.281828 0.568939 0.281381 0.570973 0.281778 0.571594 0.280884 0.575664 0.280263 0.576060 0.278687 0.578380 0.276825 0.579571 0.276317 0.579459 0.275696 0.579856 0.273153 0.579298 0.272532 0.579694 0.268971 0.578912 0.268575 0.578292 0.268066 0.578180 0.266987 0.575810 0.267322 0.574284 0.266925 0.573663 0.267596 0.570611 0.267199 0.569991 0.267422 0.568973 0.268043 0.568576 0.268490 0.566541 0.269110 0.566144 0.269222 0.565636 0.271084 0.564445 0.271592 0.564557 0.272213 0.564160 0.274248 0.564607 0.274868 0.564210
0 0.318686 0.544796 0.319480 0.546037 0.319988 0.546149 0.319876 0.546658 0.320670 0.547898 0.320558 0.548407 0.321241 0.550157 0.319676 0.557279 0.317194 0.558866 0.316685 0.558755 0.316065 0.559151 0.314539 0.558816 0.314142 0.558196 0.310072 0.557302 0.309675 0.556681 0.308658 0.556458 0.307864 0.555217 0.307355 0.555105 0.307467 0.554596 0.307070 0.553976 0.307294 0.552958 0.306897 0.552338 0.307679 0.548777 0.308300 0.548380 0.308523 0.547363 0.309144 0.546966 0.309255 0.546457 0.311117 0.545266 0.311626 0.545378 0.313375 0.544696 0.315410 0.545143 0.316030 0.544746 0.318065 0.545193
0 0.269339 0.540211 0.269736 0.540832 0.270244 0.540943 0.271038 0.542184 0.270926 0.542693 0.271894 0.545572 0.271670 0.546589 0.272067 0.547210 0.271285 0.550771 0.270664 0.551167 0.270329 0.552694 0.269708 0.553091 0.269597 0.553599 0.268356 0.554393 0.267847 0.554281 0.267227 0.554678 0.266209 0.554455 0.265589 0.554852 0.265080 0.554740 0.264683 0.554119 0.263157 0.553784 0.262760 0.553164 0.262251 0.553052 0.261854 0.552431 0.260440 0.551587 0.260043 0.550967 0.260267 0.549950 0.259585 0.548200 0.260590 0.543622 0.261211 0.543225 0.261434 0.542207 0.263916 0.540619 0.264425 0.540731 0.267304 0.539764
0 0.206783 0.529395 0.210090 0.530122 0.210487 0.530742 0.210995 0.530854 0.212186 0.532715 0.212074 0.533224 0.213550 0.536215 0.213103 0.538250 0.213500 0.538870 0.212941 0.541414 0.212321 0.541811 0.211985 0.543337 0.210124 0.544527 0.209615 0.544416 0.207866 0.545098 0.203796 0.544204 0.203399 0.543583 0.200856 0.543024 0.198648 0.540939 0.198759 0.540431 0.198362 0.539810 0.198586 0.538793 0.197904 0.537043 0.198351 0.535008 0.197954 0.534388 0.198289 0.532862 0.200262 0.531162 0.201106 0.529748 0.203477 0.528669
0 0.191672 0.545455 0.194978 0.546181 0.195375 0.546802 0.195884 0.546914 0.197075 0.548775 0.196963 0.549284 0.198439 0.552274 0.197992 0.554309 0.198389 0.554929 0.197830 0.557473 0.197209 0.557870 0.196874 0.559396 0.195013 0.560587 0.194504 0.560475 0.192754 0.561157 0.188685 0.560263 0.188288 0.559642 0.185744 0.559084 0.183536 0.556999 0.183648 0.556490 0.183251 0.555870 0.183475 0.554852 0.182792 0.553102 0.183240 0.551068 0.182843 0.550447 0.183178 0.548921 0.185151 0.547222 0.185995 0.545807 0.188365 0.544728
0 0.215550 0.487062 0.218856 0.487789 0.219253 0.488409 0.219762 0.488521 0.220953 0.490383 0.220841 0.490891 0.222317 0.493882 0.221870 0.495917 0.222267 0.496537 0.221708 0.499081 0.221088 0.499477 0.220752 0.501004 0.218891 0.502194 0.218382 0.502083 0.216633 0.502765 0.212563 0.501871 0.212166 0.501250 0.209623 0.500691 0.207414 0.498606 0.207526 0.498098 0.207129 0.497477 0.207353 0.496460 0.206671 0.494710 0.207118 0.492675 0.206721 0.492055 0.207056 0.490529 0.209029 0.488829 0.209873 0.487415 0.212243 0.486336
0 0.251825 0.463090 0.252222 0.463711 0.254765 0.464270 0.256353 0.466752 0.256241 0.467260 0.256923 0.469010 0.256588 0.470536 0.255967 0.470933 0.255520 0.472968 0.254900 0.473365 0.252591 0.476590 0.251350 0.477384 0.250842 0.477272 0.250221 0.477669 0.248695 0.477334 0.248075 0.477731 0.244514 0.476949 0.244117 0.476328 0.243608 0.476216 0.242417 0.474355 0.241909 0.474243 0.242020 0.473734 0.241227 0.472493 0.241562 0.470967 0.240880 0.469218 0.241500 0.468821 0.241836 0.467295 0.242456 0.466898 0.242680 0.465880 0.244653 0.464181 0.244765 0.463672 0.246005 0.462878 0.246514 0.462990 0.248264 0.462308
0 0.133812 0.632733 0.134209 0.633353 0.135226 0.633577 0.135623 0.634197 0.136132 0.634309 0.136926 0.635550 0.136814 0.636059 0.137211 0.636679 0.136876 0.638205 0.137273 0.638826 0.136937 0.640352 0.136317 0.640749 0.136205 0.641257 0.135585 0.641654 0.134741 0.643068 0.132879 0.644259 0.131862 0.644036 0.131241 0.644433 0.128189 0.643762 0.127792 0.643142 0.126775 0.642918 0.125472 0.641565 0.125584 0.641057 0.125187 0.640436 0.125411 0.639419 0.125014 0.638798 0.125461 0.636764 0.126081 0.636367 0.126305 0.635349 0.126925 0.634952 0.127037 0.634444 0.129519 0.632856 0.130028 0.632968 0.131777 0.632286
0 0.117511 0.562261 0.117908 0.562882 0.118926 0.563105 0.119831 0.563837 0.122213 0.567560 0.122783 0.569818 0.122448 0.571344 0.122845 0.571965 0.122621 0.572982 0.122001 0.573379 0.121554 0.575414 0.118228 0.578416 0.118116 0.578925 0.115858 0.579495 0.114841 0.579272 0.114220 0.579669 0.111677 0.579110 0.111280 0.578489 0.108227 0.577819 0.106528 0.575846 0.106354 0.574208 0.105561 0.572967 0.106678 0.567880 0.107299 0.567483 0.107522 0.566465 0.108987 0.564654 0.110848 0.563463 0.112486 0.563290 0.113727 0.562496 0.114744 0.562720 0.117003 0.562149
0 0.128330 0.545606 0.128727 0.546227 0.129744 0.546450 0.130141 0.547071 0.131555 0.547915 0.132237 0.549664 0.131902 0.551190 0.132299 0.551811 0.131293 0.556389 0.128191 0.558374 0.127682 0.558262 0.125933 0.558944 0.124406 0.558609 0.124009 0.557988 0.122483 0.557653 0.122086 0.557032 0.121578 0.556921 0.119990 0.554439 0.120325 0.552913 0.119928 0.552292 0.120599 0.549240 0.121219 0.548843 0.121443 0.547826 0.122063 0.547429 0.122175 0.546920 0.122796 0.546523 0.123304 0.546635 0.126183 0.545668 0.127201 0.545891 0.127821 0.545494
0 0.034145 0.566955 0.034542 0.567576 0.035559 0.567799 0.035956 0.568420 0.036465 0.568532 0.037655 0.570393 0.036985 0.573445 0.036364 0.573842 0.036141 0.574859 0.033038 0.576844 0.032530 0.576732 0.030780 0.577414 0.029254 0.577079 0.028857 0.576459 0.027840 0.576235 0.026649 0.574374 0.026761 0.573865 0.026079 0.572115 0.026637 0.569572 0.027258 0.569175 0.027481 0.568158 0.029963 0.566570 0.030472 0.566682 0.031093 0.566285
0 0.000000 0.632235 0.000000 0.632856 0.000000 0.633079 0.000000 0.633700 0.000000 0.633811 0.000000 0.635673 0.000000 0.638725 0.000000 0.639122 0.000000 0.640139 0.000000 0.642124 0.000000 0.642012 0.000000 0.642694 0.000000 0.642359 0.000000 0.641739 0.000000 0.641515 0.000000 0.639654 0.000000 0.639145 0.000000 0.637395 0.000000 0.634852 0.000000 0.634455 0.000000 0.633438 0.000000 0.631850 0.000000 0.631962 0.000000 0.631565
0 0.000000 0.623673 0.000000 0.624293 0.000391 0.624517 0.000788 0.625137 0.001296 0.625249 0.002487 0.627111 0.001817 0.630163 0.001196 0.630560 0.000973 0.631577 0.000000 0.633562 0.000000 0.633450 0.000000 0.634132 0.000000 0.633797 0.000000 0.633176 0.000000 0.632953 0.000000 0.631091 0.000000 0.630583 0.000000 0.628833 0.000000 0.626289 0.000000 0.625893 0.000000 0.624875 0.000000 0.623287 0.000000 0.623399 0.000000 0.623002
0 0.012533 0.631048 0.012930 0.631669 0.013947 0.631892 0.014344 0.632513 0.014853 0.632624 0.016044 0.634486 0.015373 0.637538 0.014753 0.637935 0.014529 0.638952 0.011427 0.640937 0.010918 0.640825 0.009168 0.641507 0.007642 0.641172 0.007245 0.640552 0.006228 0.640328 0.005037 0.638467 0.005149 0.637958 0.004467 0.636208 0.005026 0.633665 0.005646 0.633268 0.005870 0.632250 0.008352 0.630663 0.008860 0.630774 0.009481 0.630378
0 0.048367 0.670687 0.048764 0.671308 0.053230 0.672823 0.055103 0.676434 0.055673 0.678692 0.055450 0.679709 0.055735 0.680838 0.053538 0.683555 0.050436 0.685540 0.049927 0.685428 0.048686 0.686222 0.046428 0.686792 0.045411 0.686569 0.044790 0.686966 0.042755 0.686519 0.040944 0.685054 0.038674 0.680823 0.038898 0.679805 0.038501 0.679185 0.039507 0.674607 0.040239 0.673701 0.043341 0.671716 0.043850 0.671828 0.045091 0.671034 0.047349 0.670464
0 0.000000 0.596079 0.000000 0.596699 0.000000 0.598214 0.000000 0.601825 0.000000 0.604083 0.000000 0.605101 0.000000 0.606230 0.000000 0.608947 0.000000 0.610931 0.000000 0.610819 0.000000 0.611613 0.000000 0.612184 0.000000 0.611960 0.000000 0.612184 0.000000 0.611737 0.000000 0.610445 0.000000 0.606214 0.000000 0.605197 0.000000 0.604576 0.000000 0.599998 0.000000 0.599092 0.000000 0.597108 0.000000 0.597219 0.000000 0.596425 0.000000 0.595855
0 0.000000 0.519380 0.000124 0.520001 0.004591 0.521515 0.006464 0.525127 0.007034 0.527385 0.006810 0.528402 0.007096 0.529531 0.004899 0.532248 0.001796 0.534233 0.001288 0.534121 0.000047 0.534915 0.000000 0.535485 0.000000 0.535262 0.000000 0.535486 0.000000 0.535039 0.000000 0.533747 0.000000 0.529516 0.000000 0.528498 0.000000 0.527878 0.000000 0.523300 0.000000 0.522394 0.000000 0.520409 0.000000 0.520521 0.000000 0.519727 0.000000 0.519157
0 0.040784 0.516592 0.041181 0.517212 0.045648 0.518727 0.047521 0.522338 0.048091 0.524596 0.047867 0.525614 0.048153 0.526743 0.045956 0.529460 0.042853 0.531444 0.042345 0.531333 0.041104 0.532126 0.038846 0.532697 0.037828 0.532473 0.037246 0.532697 0.035211 0.532250 0.033362 0.530959 0.031092 0.526727 0.031315 0.525710 0.030918 0.525089 0.031924 0.520511 0.032657 0.519605 0.035759 0.517621 0.036268 0.517732 0.037509 0.516939 0.039767 0.516368
0 0.014802 0.454028 0.015199 0.454648 0.018536 0.456448 0.020012 0.459439 0.020582 0.461697 0.020359 0.462714 0.021041 0.464464 0.020594 0.466499 0.020991 0.467119 0.019985 0.471697 0.018012 0.473397 0.013495 0.474538 0.010331 0.474376 0.009711 0.474773 0.003941 0.471905 0.001560 0.468183 0.001275 0.467053 0.001722 0.465018 0.001325 0.464398 0.002331 0.459820 0.002951 0.459423 0.003287 0.457897 0.005372 0.455689 0.007853 0.454101 0.008871 0.454324 0.012767 0.453581
0 0.006822 0.488950 0.007219 0.489571 0.008633 0.490415 0.008521 0.490923 0.009315 0.492164 0.009203 0.492673 0.009600 0.493293 0.009041 0.495837 0.009438 0.496457 0.009215 0.497475 0.007862 0.498777 0.007638 0.499795 0.007018 0.500192 0.006906 0.500700 0.005045 0.501891 0.004536 0.501779 0.003916 0.502176 0.002390 0.501841 0.001993 0.501221 0.000000 0.500438 0.000000 0.499818 0.000000 0.499706 0.000000 0.498465 0.000000 0.497448 0.000000 0.496827 0.000000 0.495810 0.000000 0.495189 0.000000 0.493154 0.000000 0.492757 0.000000 0.490723 0.000000 0.489929 0.000000 0.489420 0.001002 0.488738 0.003037 0.489185 0.003658 0.488788 0.005693 0.489235 0.006313 0.488838
0 0.022147 0.478214 0.022544 0.478835 0.023958 0.479679 0.023847 0.480187 0.024640 0.481428 0.024529 0.481937 0.024926 0.482558 0.024367 0.485101 0.024764 0.485722 0.024540 0.486739 0.023188 0.488042 0.022964 0.489059 0.022343 0.489456 0.022232 0.489965 0.020370 0.491155 0.019862 0.491044 0.019241 0.491441 0.017715 0.491105 0.017318 0.490485 0.013757 0.489702 0.013360 0.489082 0.012852 0.488970 0.012058 0.487729 0.012281 0.486712 0.011884 0.486091 0.012108 0.485074 0.011711 0.484453 0.012158 0.482419 0.012778 0.482022 0.013226 0.479987 0.014467 0.479193 0.014578 0.478684 0.016328 0.478002 0.018363 0.478449 0.018983 0.478052 0.021018 0.478500 0.021638 0.478103
0 0.000000 0.624698 0.000000 0.625318 0.000000 0.626162 0.000000 0.626671 0.000000 0.627912 0.000000 0.628420 0.000000 0.629041 0.000000 0.631585 0.000000 0.632205 0.000000 0.633222 0.000000 0.634525 0.000000 0.635542 0.000000 0.635939 0.000000 0.636448 0.000000 0.637639 0.000000 0.637527 0.000000 0.637924 0.000000 0.637589 0.000000 0.636968 0.000000 0.636186 0.000000 0.635565 0.000000 0.635453 0.000000 0.634213 0.000000 0.633195 0.000000 0.632575 0.000000 0.631557 0.000000 0.630937 0.000000 0.628902 0.000000 0.628505 0.000000 0.626470 0.000000 0.625676 0.000000 0.625168 0.000000 0.624486 0.000000 0.624933 0.000000 0.624536 0.000000 0.624983 0.000000 0.624586
0 0.090877 0.371579 0.091274 0.372200 0.092688 0.373044 0.092577 0.373552 0.093370 0.374793 0.093259 0.375302 0.093656 0.375922 0.093097 0.378466 0.093494 0.379086 0.093270 0.380104 0.091917 0.381406 0.091694 0.382424 0.091073 0.382821 0.090962 0.383329 0.089100 0.384520 0.088592 0.384408 0.087971 0.384805 0.086445 0.384470 0.086048 0.383850 0.082487 0.383067 0.082090 0.382447 0.081582 0.382335 0.080788 0.381094 0.081011 0.380077 0.080614 0.379456 0.080838 0.378439 0.080441 0.377818 0.080888 0.375784 0.081508 0.375387 0.081956 0.373352 0.083196 0.372558 0.083308 0.372049 0.085058 0.371367 0.087093 0.371814 0.087713 0.371417 0.089748 0.371864 0.090368 0.371467
0 0.119769 0.463660 0.120166 0.464281 0.121580 0.465125 0.121469 0.465634 0.122262 0.466875 0.122151 0.467383 0.122548 0.468004 0.121989 0.470547 0.122386 0.471168 0.122162 0.472185 0.120810 0.473488 0.120586 0.474505 0.119965 0.474902 0.119854 0.475411 0.117992 0.476601 0.117484 0.476490 0.116863 0.476887 0.115337 0.476551 0.114940 0.475931 0.111379 0.475148 0.110982 0.474528 0.110474 0.474416 0.109680 0.473175 0.109903 0.472158 0.109506 0.471537 0.109730 0.470520 0.109333 0.469900 0.109780 0.467865 0.110400 0.467468 0.110848 0.465433 0.112088 0.464639 0.112200 0.464130 0.113950 0.463448 0.115985 0.463895 0.116605 0.463498 0.118640 0.463946 0.119260 0.463549
0 0.076237 0.401502 0.076634 0.402122 0.078048 0.402966 0.077937 0.403475 0.078731 0.404716 0.078619 0.405225 0.079016 0.405845 0.078457 0.408389 0.078854 0.409009 0.078630 0.410026 0.077278 0.411329 0.077054 0.412346 0.076434 0.412743 0.076322 0.413252 0.074460 0.414443 0.073952 0.414331 0.073331 0.414728 0.071805 0.414393 0.071408 0.413772 0.067847 0.412990 0.067450 0.412369 0.066942 0.412258 0.066148 0.411017 0.066371 0.409999 0.065974 0.409379 0.066198 0.408361 0.065801 0.407741 0.066248 0.405706 0.066868 0.405309 0.067316 0.403274 0.068557 0.402481 0.068668 0.401972 0.070418 0.401290 0.072453 0.401737 0.073073 0.401340 0.075108 0.401787 0.075728 0.401390
0 0.052691 0.384734 0.057219 0.388395 0.058410 0.390256 0.058695 0.391385 0.058359 0.392912 0.058756 0.393532 0.058309 0.395567 0.057689 0.395964 0.057242 0.397999 0.055268 0.399698 0.055157 0.400207 0.053916 0.401001 0.052898 0.400777 0.052278 0.401174 0.050752 0.400839 0.050131 0.401236 0.048605 0.400900 0.047985 0.401297 0.047079 0.400565 0.045553 0.400230 0.043742 0.398765 0.042154 0.396283 0.041869 0.395154 0.042540 0.392102 0.042143 0.391481 0.042763 0.391085 0.043434 0.388032 0.044166 0.387127 0.047889 0.384745 0.049018 0.384460 0.050035 0.384684 0.050656 0.384287
0 0.029868 0.366485 0.030265 0.367105 0.033602 0.368905 0.035078 0.371896 0.035648 0.374154 0.035425 0.375171 0.036107 0.376921 0.035660 0.378956 0.036057 0.379576 0.035051 0.384155 0.033078 0.385854 0.028561 0.386995 0.025397 0.386833 0.024777 0.387230 0.019007 0.384362 0.016626 0.380640 0.016341 0.379510 0.016788 0.377476 0.016391 0.376855 0.017397 0.372277 0.018017 0.371880 0.018352 0.370354 0.020437 0.368146 0.022919 0.366558 0.023937 0.366781 0.027833 0.366038
0 0.092548 0.342695 0.097076 0.346356 0.098267 0.348218 0.098552 0.349347 0.098217 0.350873 0.098613 0.351493 0.098166 0.353528 0.097546 0.353925 0.097099 0.355960 0.095126 0.357659 0.095014 0.358168 0.093773 0.358962 0.092756 0.358738 0.092135 0.359135 0.090609 0.358800 0.089989 0.359197 0.088462 0.358862 0.087842 0.359259 0.086936 0.358526 0.085410 0.358191 0.083599 0.356727 0.082011 0.354245 0.081726 0.353116 0.082397 0.350063 0.082000 0.349443 0.082620 0.349046 0.083291 0.345994 0.084023 0.345088 0.087746 0.342706 0.088875 0.342421 0.089892 0.342645 0.090513 0.342248
0 0.123524 0.368624 0.123921 0.369244 0.125335 0.370088 0.125223 0.370597 0.126017 0.371838 0.125905 0.372347 0.126302 0.372967 0.125744 0.375511 0.126140 0.376131 0.125917 0.377149 0.124564 0.378451 0.124341 0.379469 0.123720 0.379865 0.123608 0.380374 0.121747 0.381565 0.121238 0.381453 0.120618 0.381850 0.119092 0.381515 0.118695 0.380894 0.115134 0.380112 0.114737 0.379492 0.114228 0.379380 0.113434 0.378139 0.113658 0.377121 0.113261 0.376501 0.113485 0.375484 0.113088 0.374863 0.113535 0.372828 0.114155 0.372431 0.114602 0.370397 0.115843 0.369603 0.115955 0.369094 0.117705 0.368412 0.119739 0.368859 0.120360 0.368462 0.122395 0.368909 0.123015 0.368512
0 0.033012 0.347172 0.033408 0.347792 0.034823 0.348636 0.034711 0.349145 0.035505 0.350386 0.035393 0.350894 0.035790 0.351515 0.035231 0.354058 0.035628 0.354679 0.035405 0.355696 0.034052 0.356999 0.033828 0.358016 0.033208 0.358413 0.033096 0.358922 0.031235 0.360113 0.030726 0.360001 0.030106 0.360398 0.028579 0.360062 0.028182 0.359442 0.024622 0.358660 0.024225 0.358039 0.023716 0.357927 0.022922 0.356686 0.023146 0.355669 0.022749 0.355049 0.022972 0.354031 0.022575 0.353411 0.023022 0.351376 0.023643 0.350979 0.024090 0.348944 0.025331 0.348150 0.025443 0.347642 0.027192 0.346959 0.029227 0.347407 0.029848 0.347010 0.031882 0.347457 0.032503 0.347060
0 0.032801 0.329506 0.033198 0.330126 0.034613 0.330970 0.034501 0.331479 0.035295 0.332720 0.035183 0.333229 0.035580 0.333849 0.035021 0.336393 0.035418 0.337013 0.035194 0.338031 0.033842 0.339333 0.033618 0.340351 0.032998 0.340748 0.032886 0.341256 0.031024 0.342447 0.030516 0.342335 0.029895 0.342732 0.028369 0.342397 0.027972 0.341776 0.024411 0.340994 0.024014 0.340374 0.023506 0.340262 0.022712 0.339021 0.022935 0.338003 0.022538 0.337383 0.022762 0.336366 0.022365 0.335745 0.022812 0.333710 0.023433 0.333313 0.023880 0.331279 0.025121 0.330485 0.025232 0.329976 0.026982 0.329294 0.029017 0.329741 0.029637 0.329344 0.031672 0.329791 0.032293 0.329394
0 0.102462 0.444533 0.105688 0.446842 0.107214 0.447177 0.108405 0.449038 0.109260 0.452426 0.108254 0.457004 0.107634 0.457401 0.107187 0.459436 0.106566 0.459833 0.105499 0.462265 0.104258 0.463058 0.104146 0.463567 0.103637 0.463455 0.101776 0.464646 0.099629 0.464708 0.099009 0.465105 0.093922 0.463987 0.093525 0.463367 0.090981 0.462808 0.088712 0.458576 0.089382 0.455524 0.088985 0.454904 0.089718 0.453998 0.090276 0.451454 0.090897 0.451057 0.091964 0.448626 0.094782 0.445512 0.096531 0.444830 0.097549 0.445053 0.100936 0.444198
0 0.150001 0.411604 0.150398 0.412225 0.151924 0.412560 0.152321 0.413180 0.154753 0.414248 0.155659 0.414980 0.157246 0.417462 0.157023 0.418479 0.157705 0.420229 0.157258 0.422264 0.156637 0.422661 0.156190 0.424696 0.155570 0.425092 0.154502 0.427524 0.152753 0.428206 0.151735 0.427983 0.151115 0.428380 0.148063 0.427709 0.147442 0.428106 0.145407 0.427659 0.145010 0.427039 0.143484 0.426703 0.143087 0.426083 0.142070 0.425859 0.139862 0.423774 0.140085 0.422757 0.139688 0.422136 0.140024 0.420610 0.139627 0.419990 0.140297 0.416938 0.140918 0.416541 0.141985 0.414109 0.143847 0.412918 0.149493 0.411492
0 0.167054 0.357828 0.167451 0.358448 0.168977 0.358784 0.169374 0.359404 0.171806 0.360472 0.172712 0.361204 0.174299 0.363686 0.174076 0.364703 0.174758 0.366453 0.174311 0.368488 0.173690 0.368885 0.173243 0.370919 0.172623 0.371316 0.171555 0.373748 0.169806 0.374430 0.168788 0.374207 0.168168 0.374604 0.165116 0.373933 0.164495 0.374330 0.162460 0.373883 0.162063 0.373262 0.160537 0.372927 0.160140 0.372307 0.159123 0.372083 0.156915 0.369998 0.157138 0.368981 0.156741 0.368360 0.157077 0.366834 0.156680 0.366214 0.157350 0.363162 0.157971 0.362765 0.159038 0.360333 0.160900 0.359142 0.166546 0.357716
0 0.049767 0.415979 0.050164 0.416599 0.051579 0.417443 0.051467 0.417952 0.052261 0.419193 0.052149 0.419701 0.052546 0.420322 0.051987 0.422865 0.052384 0.423486 0.052161 0.424503 0.050808 0.425806 0.050584 0.426823 0.049964 0.427220 0.049852 0.427729 0.047991 0.428920 0.047482 0.428808 0.046861 0.429205 0.045335 0.428869 0.044938 0.428249 0.041378 0.427467 0.040981 0.426846 0.040472 0.426734 0.039678 0.425493 0.039902 0.424476 0.039505 0.423856 0.039728 0.422838 0.039331 0.422218 0.039778 0.420183 0.040399 0.419786 0.040846 0.417751 0.042087 0.416957 0.042199 0.416449 0.043948 0.415767 0.045983 0.416214 0.046604 0.415817 0.048638 0.416264 0.049259 0.415867
0 0.392665 0.435145 0.393062 0.435766 0.394079 0.435989 0.394476 0.436610 0.395493 0.436833 0.395890 0.437454 0.397305 0.438298 0.398272 0.441177 0.397937 0.442703 0.398333 0.443323 0.397998 0.444849 0.397378 0.445246 0.396931 0.447281 0.394449 0.448869 0.393940 0.448757 0.392190 0.449439 0.391173 0.449215 0.390553 0.449612 0.386992 0.448830 0.386595 0.448210 0.386086 0.448098 0.384498 0.445616 0.384610 0.445107 0.384213 0.444487 0.384437 0.443469 0.384040 0.442849 0.384375 0.441323 0.383978 0.440702 0.384599 0.440305 0.384822 0.439288 0.385443 0.438891 0.385778 0.437365 0.387639 0.436174 0.388148 0.436286 0.390009 0.435095 0.390518 0.435207 0.391139 0.434810
0 0.374341 0.428941 0.374737 0.429562 0.375755 0.429785 0.376152 0.430406 0.377169 0.430629 0.377566 0.431250 0.378980 0.432094 0.379948 0.434973 0.379612 0.436499 0.380009 0.437119 0.379674 0.438645 0.379054 0.439042 0.378606 0.441077 0.376125 0.442665 0.375616 0.442553 0.373866 0.443235 0.372849 0.443012 0.372228 0.443408 0.368668 0.442626 0.368271 0.442006 0.367762 0.441894 0.366174 0.439412 0.366286 0.438903 0.365889 0.438283 0.366113 0.437265 0.365716 0.436645 0.366051 0.435119 0.365654 0.434498 0.366274 0.434101 0.366498 0.433084 0.367118 0.432687 0.367454 0.431161 0.369315 0.429970 0.369824 0.430082 0.371685 0.428891 0.372194 0.429003 0.372814 0.428606
0 0.404623 0.479896 0.405020 0.480516 0.406038 0.480740 0.406435 0.481360 0.407452 0.481584 0.407849 0.482204 0.409263 0.483048 0.410231 0.485927 0.409895 0.487453 0.410292 0.488074 0.409957 0.489600 0.409336 0.489997 0.408889 0.492031 0.406408 0.493619 0.405899 0.493507 0.404149 0.494189 0.403132 0.493966 0.402511 0.494363 0.398950 0.493580 0.398553 0.492960 0.398045 0.492848 0.396457 0.490366 0.396569 0.489858 0.396172 0.489237 0.396395 0.488220 0.395998 0.487599 0.396334 0.486073 0.395937 0.485453 0.396557 0.485056 0.396781 0.484038 0.397401 0.483642 0.397737 0.482115 0.399598 0.480925 0.400107 0.481036 0.401968 0.479846 0.402477 0.479957 0.403097 0.479560
0 0.378496 0.509456 0.381294 0.510071 0.381691 0.510692 0.382200 0.510803 0.382994 0.512044 0.382882 0.512553 0.383564 0.514303 0.383229 0.515829 0.382608 0.516226 0.382049 0.518769 0.381429 0.519166 0.381205 0.520183 0.380585 0.520580 0.379741 0.521995 0.372619 0.520430 0.371316 0.519077 0.371428 0.518569 0.371031 0.517948 0.371255 0.516931 0.370858 0.516310 0.371752 0.512241 0.372372 0.511844 0.372484 0.511335 0.373725 0.510541 0.374569 0.509127 0.375078 0.509239 0.375698 0.508842
0 0.393766 0.461709 0.396564 0.462324 0.396961 0.462944 0.397469 0.463056 0.398263 0.464297 0.398151 0.464806 0.398834 0.466556 0.398498 0.468082 0.397878 0.468479 0.397319 0.471022 0.396698 0.471419 0.396475 0.472436 0.395854 0.472833 0.395010 0.474248 0.387889 0.472683 0.386586 0.471330 0.386698 0.470821 0.386301 0.470201 0.386524 0.469184 0.386128 0.468563 0.387022 0.464494 0.387642 0.464097 0.387754 0.463588 0.388995 0.462794 0.389839 0.461380 0.390348 0.461491 0.390968 0.461095
0 0.358291 0.423606 0.361089 0.424221 0.361485 0.424841 0.361994 0.424953 0.362788 0.426194 0.362676 0.426703 0.363358 0.428452 0.363023 0.429978 0.362403 0.430375 0.361844 0.432919 0.361223 0.433316 0.361000 0.434333 0.360379 0.434730 0.359535 0.436145 0.352413 0.434580 0.351111 0.433227 0.351223 0.432718 0.350826 0.432098 0.351049 0.431080 0.350652 0.430460 0.351546 0.426390 0.352167 0.425993 0.352279 0.425485 0.353520 0.424691 0.354364 0.423277 0.354872 0.423388 0.355493 0.422991
0 0.288025 0.454762 0.290823 0.455376 0.291220 0.455997 0.291729 0.456109 0.292523 0.457350 0.292411 0.457858 0.293093 0.459608 0.292758 0.461134 0.292137 0.461531 0.291578 0.464074 0.290958 0.464471 0.290734 0.465489 0.290114 0.465886 0.287481 0.466916 0.282148 0.465735 0.280845 0.464383 0.280957 0.463874 0.280560 0.463253 0.280784 0.462236 0.280387 0.461616 0.281281 0.457546 0.281901 0.457149 0.282013 0.456640 0.283254 0.455846 0.284098 0.454432 0.284607 0.454544 0.285227 0.454147
0 0.233524 0.425169 0.233921 0.425790 0.234938 0.426013 0.235335 0.426634 0.236749 0.427478 0.237543 0.428719 0.237431 0.429227 0.238113 0.430977 0.237107 0.435555 0.233385 0.437937 0.232876 0.437825 0.232255 0.438222 0.231238 0.437998 0.230618 0.438395 0.230221 0.437775 0.228695 0.437440 0.228298 0.436819 0.227789 0.436707 0.226201 0.434225 0.226313 0.433717 0.225916 0.433096 0.226363 0.431061 0.225966 0.430441 0.226301 0.428915 0.226922 0.428518 0.227146 0.427501 0.227766 0.427104 0.227878 0.426595 0.229119 0.425801 0.229627 0.425913 0.230248 0.425516 0.231265 0.425739 0.231886 0.425343 0.232903 0.425566
0 0.249180 0.383317 0.249577 0.383938 0.250594 0.384161 0.250991 0.384782 0.252405 0.385626 0.253199 0.386867 0.253088 0.387376 0.253770 0.389125 0.252764 0.393704 0.249041 0.396085 0.248532 0.395973 0.247912 0.396370 0.246894 0.396147 0.246274 0.396544 0.245877 0.395923 0.244351 0.395588 0.243954 0.394967 0.243445 0.394856 0.241857 0.392374 0.241969 0.391865 0.241572 0.391245 0.242019 0.389210 0.241623 0.388589 0.241958 0.387063 0.242578 0.386666 0.242802 0.385649 0.243422 0.385252 0.243534 0.384743 0.244775 0.383949 0.245284 0.384061 0.245904 0.383664 0.246922 0.383888 0.247542 0.383491 0.248559 0.383714
0 0.270985 0.309362 0.273701 0.311558 0.274780 0.313929 0.274669 0.314437 0.275463 0.315678 0.274680 0.319239 0.272707 0.320939 0.271863 0.322353 0.269381 0.323941 0.268364 0.323717 0.266614 0.324399 0.259716 0.321817 0.258525 0.319956 0.257384 0.315439 0.258005 0.315042 0.258787 0.311481 0.260252 0.309670 0.262113 0.308479 0.263242 0.308194 0.265786 0.308753 0.266406 0.308356
0 0.252942 0.319273 0.255659 0.321470 0.256738 0.323840 0.256627 0.324349 0.257420 0.325590 0.256638 0.329151 0.254665 0.330850 0.253821 0.332265 0.251339 0.333852 0.250322 0.333629 0.248572 0.334311 0.241674 0.331729 0.240483 0.329867 0.239342 0.325351 0.239963 0.324954 0.240745 0.321393 0.242210 0.319582 0.244071 0.318391 0.245200 0.318106 0.247744 0.318664 0.248364 0.318268
0 0.350679 0.359340 0.351076 0.359960 0.352093 0.360184 0.352490 0.360804 0.353508 0.361028 0.353905 0.361648 0.355319 0.362492 0.356286 0.365371 0.355951 0.366897 0.356348 0.367518 0.356013 0.369044 0.355392 0.369441 0.354945 0.371475 0.352463 0.373063 0.351955 0.372951 0.350205 0.373633 0.349187 0.373410 0.348567 0.373807 0.345006 0.373024 0.344609 0.372404 0.344100 0.372292 0.342513 0.369810 0.342625 0.369302 0.342228 0.368681 0.342451 0.367664 0.342054 0.367043 0.342390 0.365517 0.341993 0.364897 0.342613 0.364500 0.342837 0.363482 0.343457 0.363085 0.343792 0.361559 0.345654 0.360369 0.346162 0.360480 0.348024 0.359289 0.348533 0.359401 0.349153 0.359004
0 0.410602 0.281653 0.410999 0.282273 0.412017 0.282497 0.412413 0.283117 0.413431 0.283341 0.413828 0.283961 0.415242 0.284805 0.416209 0.287684 0.415874 0.289210 0.416271 0.289830 0.415936 0.291356 0.415315 0.291753 0.414868 0.293788 0.412386 0.295376 0.411878 0.295264 0.410128 0.295946 0.409111 0.295723 0.408490 0.296120 0.404929 0.295337 0.404532 0.294717 0.404023 0.294605 0.402436 0.292123 0.402548 0.291614 0.402151 0.290994 0.402374 0.289977 0.401977 0.289356 0.402313 0.287830 0.401916 0.287210 0.402536 0.286813 0.402760 0.285795 0.403380 0.285398 0.403715 0.283872 0.405577 0.282681 0.406086 0.282793 0.407947 0.281602 0.408456 0.281714 0.409076 0.281317
0 0.420328 0.238956 0.420725 0.239577 0.421742 0.239800 0.422139 0.240421 0.423156 0.240644 0.423553 0.241265 0.424968 0.242109 0.425935 0.244988 0.425600 0.246514 0.425996 0.247134 0.425661 0.248660 0.425041 0.249057 0.424594 0.251092 0.422112 0.252680 0.421603 0.252568 0.419853 0.253250 0.418836 0.253026 0.418215 0.253423 0.414655 0.252641 0.414258 0.252021 0.413749 0.251909 0.412161 0.249427 0.412273 0.248918 0.411876 0.248298 0.412100 0.247280 0.411703 0.246660 0.412038 0.245134 0.411641 0.244513 0.412261 0.244116 0.412485 0.243099 0.413106 0.242702 0.413441 0.241176 0.415302 0.239985 0.415811 0.240097 0.417672 0.238906 0.418181 0.239018 0.418802 0.238621
0 0.394437 0.231701 0.394833 0.232322 0.395851 0.232546 0.396248 0.233166 0.397265 0.233389 0.397662 0.234010 0.399076 0.234854 0.400044 0.237733 0.399708 0.239259 0.400105 0.239879 0.399770 0.241405 0.399150 0.241802 0.398702 0.243837 0.396221 0.245425 0.395712 0.245313 0.393962 0.245995 0.392945 0.245772 0.392324 0.246169 0.388763 0.245386 0.388367 0.244766 0.387858 0.244654 0.386270 0.242172 0.386382 0.241663 0.385985 0.241043 0.386208 0.240026 0.385812 0.239405 0.386147 0.237879 0.385750 0.237259 0.386370 0.236862 0.386594 0.235844 0.387214 0.235447 0.387550 0.233921 0.389411 0.232730 0.389920 0.232842 0.391781 0.231651 0.392290 0.231763 0.392910 0.231366
0 0.390035 0.248433 0.390432 0.249053 0.391449 0.249277 0.391846 0.249897 0.392863 0.250121 0.393260 0.250741 0.394675 0.251585 0.395642 0.254464 0.395307 0.255990 0.395703 0.256610 0.395368 0.258137 0.394748 0.258534 0.394301 0.260568 0.391819 0.262156 0.391310 0.262044 0.389560 0.262726 0.388543 0.262503 0.387923 0.262900 0.384362 0.262117 0.383965 0.261497 0.383456 0.261385 0.381868 0.258903 0.381980 0.258395 0.381583 0.257774 0.381807 0.256757 0.381410 0.256136 0.381745 0.254610 0.381348 0.253990 0.381969 0.253593 0.382192 0.252575 0.382813 0.252178 0.383148 0.250652 0.385009 0.249461 0.385518 0.249573 0.387379 0.248382 0.387888 0.248494 0.388509 0.248097
0 0.444789 0.297272 0.445186 0.297892 0.446203 0.298116 0.446600 0.298736 0.447618 0.298960 0.448015 0.299580 0.449429 0.300424 0.450396 0.303303 0.450061 0.304829 0.450458 0.305450 0.450122 0.306976 0.449502 0.307373 0.449055 0.309408 0.446573 0.310995 0.446064 0.310884 0.444315 0.311566 0.443297 0.311342 0.442677 0.311739 0.439116 0.310957 0.438719 0.310336 0.438210 0.310225 0.436623 0.307743 0.436734 0.307234 0.436337 0.306613 0.436561 0.305596 0.436164 0.304976 0.436499 0.303449 0.436102 0.302829 0.436723 0.302432 0.436946 0.301415 0.437567 0.301018 0.437902 0.299492 0.439764 0.298301 0.440272 0.298413 0.442134 0.297222 0.442642 0.297334 0.443263 0.296937
0 0.425557 0.312203 0.425954 0.312823 0.426972 0.313047 0.427368 0.313667 0.428386 0.313891 0.428783 0.314511 0.430197 0.315355 0.431164 0.318234 0.430829 0.319760 0.431226 0.320381 0.430891 0.321907 0.430270 0.322304 0.429823 0.324338 0.427341 0.325926 0.426833 0.325814 0.425083 0.326496 0.424066 0.326273 0.423445 0.326670 0.419884 0.325887 0.419487 0.325267 0.418979 0.325155 0.417391 0.322673 0.417503 0.322165 0.417106 0.321544 0.417329 0.320527 0.416932 0.319906 0.417268 0.318380 0.416871 0.317760 0.417491 0.317363 0.417715 0.316345 0.418335 0.315948 0.418670 0.314422 0.420532 0.313232 0.421041 0.313343 0.422902 0.312153 0.423411 0.312264 0.424031 0.311867
0 0.307214 0.209026 0.307611 0.209646 0.308629 0.209870 0.309026 0.210490 0.310043 0.210714 0.310440 0.211335 0.311854 0.212179 0.312822 0.215057 0.312486 0.216583 0.312883 0.217204 0.312548 0.218730 0.311927 0.219127 0.311480 0.221162 0.308998 0.222749 0.308490 0.222638 0.306740 0.223320 0.305723 0.223096 0.305102 0.223493 0.301541 0.222711 0.301144 0.222090 0.300636 0.221979 0.299048 0.219497 0.299160 0.218988 0.298763 0.218368 0.298986 0.217350 0.298589 0.216730 0.298925 0.215204 0.298528 0.214583 0.299148 0.214186 0.299372 0.213169 0.299992 0.212772 0.300328 0.211246 0.302189 0.210055 0.302698 0.210167 0.304559 0.208976 0.305068 0.209088 0.305688 0.208691
0 0.267746 0.221110 0.268143 0.221730 0.269161 0.221954 0.269558 0.222574 0.270575 0.222798 0.270972 0.223418 0.272386 0.224262 0.273354 0.227141 0.273018 0.228667 0.273415 0.229288 0.273080 0.230814 0.272460 0.231211 0.272012 0.233246 0.269531 0.234833 0.269022 0.234721 0.267272 0.235404 0.266255 0.235180 0.265634 0.235577 0.262073 0.234795 0.261676 0.234174 0.261168 0.234062 0.259580 0.231580 0.259692 0.231072 0.259295 0.230451 0.259518 0.229434 0.259122 0.228813 0.259457 0.227287 0.259060 0.226667 0.259680 0.226270 0.259904 0.225253 0.260524 0.224856 0.260860 0.223329 0.262721 0.222139 0.263230 0.222250 0.265091 0.221060 0.265600 0.221171 0.266220 0.220775
0 0.266559 0.193471 0.266956 0.194091 0.270517 0.194874 0.270914 0.195494 0.272440 0.195830 0.273345 0.196562 0.276806 0.202655 0.276582 0.203672 0.276979 0.204293 0.276085 0.208362 0.275465 0.208759 0.275241 0.209777 0.274112 0.210062 0.271183 0.213684 0.268192 0.215160 0.261468 0.214216 0.258466 0.210890 0.256146 0.209314 0.256369 0.208296 0.255972 0.207676 0.256531 0.205132 0.256134 0.204512 0.257475 0.198408 0.258096 0.198011 0.258319 0.196993 0.259784 0.195182 0.265938 0.193868
0 0.295210 0.205553 0.295607 0.206173 0.296115 0.206285 0.298100 0.209387 0.297653 0.211422 0.297032 0.211819 0.296697 0.213345 0.295456 0.214139 0.295344 0.214648 0.294103 0.215442 0.293595 0.215330 0.292354 0.216124 0.289810 0.215565 0.289413 0.214944 0.288396 0.214721 0.287999 0.214100 0.286982 0.213877 0.286188 0.212636 0.286411 0.211619 0.286014 0.210998 0.286909 0.206928 0.287529 0.206532 0.287641 0.206023 0.288261 0.205626 0.288770 0.205738 0.290520 0.205056 0.291537 0.205279 0.292157 0.204882
0 0.308843 0.197962 0.309240 0.198583 0.309749 0.198694 0.311733 0.201797 0.311286 0.203831 0.310666 0.204228 0.310331 0.205755 0.309090 0.206548 0.308978 0.207057 0.307737 0.207851 0.307228 0.207739 0.305987 0.208533 0.303444 0.207974 0.303047 0.207354 0.302030 0.207130 0.301633 0.206510 0.300615 0.206286 0.299821 0.205045 0.300045 0.204028 0.299648 0.203407 0.300542 0.199338 0.301163 0.198941 0.301274 0.198432 0.301895 0.198035 0.302404 0.198147 0.304153 0.197465 0.305171 0.197688 0.305791 0.197291
0 0.300343 0.188107 0.300740 0.188727 0.301249 0.188839 0.303234 0.191941 0.302787 0.193976 0.302166 0.194373 0.301831 0.195899 0.300590 0.196693 0.300478 0.197202 0.299237 0.197996 0.298728 0.197884 0.297488 0.198678 0.294944 0.198119 0.294547 0.197499 0.293530 0.197275 0.293133 0.196655 0.292115 0.196431 0.291322 0.195190 0.291545 0.194173 0.291148 0.193552 0.292042 0.189483 0.292663 0.189086 0.292774 0.188577 0.293395 0.188180 0.293904 0.188292 0.295653 0.187610 0.296671 0.187833 0.297291 0.187436
0 0.285156 0.192684 0.285553 0.193304 0.286061 0.193416 0.288046 0.196518 0.287599 0.198553 0.286979 0.198950 0.286643 0.200476 0.285402 0.201270 0.285291 0.201779 0.284050 0.202572 0.283541 0.202461 0.282300 0.203254 0.279757 0.202696 0.279360 0.202075 0.278342 0.201852 0.277945 0.201231 0.276928 0.201008 0.276134 0.199767 0.276358 0.198749 0.275961 0.198129 0.276855 0.194059 0.277475 0.193662 0.277587 0.193154 0.278207 0.192757 0.278716 0.192868 0.280466 0.192186 0.281483 0.192410 0.282104 0.192013
0 0.249697 0.187906 0.250094 0.188526 0.251112 0.188750 0.251509 0.189370 0.252526 0.189594 0.252923 0.190214 0.254337 0.191058 0.255304 0.193937 0.254969 0.195463 0.255366 0.196084 0.255031 0.197610 0.254410 0.198007 0.253963 0.200041 0.251481 0.201629 0.250973 0.201517 0.249223 0.202199 0.248206 0.201976 0.247585 0.202373 0.244024 0.201590 0.243627 0.200970 0.243119 0.200858 0.241531 0.198376 0.241643 0.197868 0.241246 0.197247 0.241469 0.196230 0.241072 0.195609 0.241408 0.194083 0.241011 0.193463 0.241631 0.193066 0.241855 0.192048 0.242475 0.191651 0.242811 0.190125 0.244672 0.188935 0.245181 0.189046 0.247042 0.187856 0.247551 0.187967 0.248171 0.187570
0 0.160015 0.141103 0.160412 0.141723 0.161429 0.141947 0.161826 0.142567 0.162843 0.142791 0.163240 0.143411 0.164655 0.144255 0.165622 0.147134 0.165287 0.148660 0.165684 0.149281 0.165348 0.150807 0.164728 0.151204 0.164281 0.153238 0.161799 0.154826 0.161290 0.154714 0.159540 0.155396 0.158523 0.155173 0.157903 0.155570 0.154342 0.154787 0.153945 0.154167 0.153436 0.154055 0.151848 0.151573 0.151960 0.151065 0.151563 0.150444 0.151787 0.149427 0.151390 0.148806 0.151725 0.147280 0.151328 0.146660 0.151949 0.146263 0.152172 0.145245 0.152793 0.144848 0.153128 0.143322 0.154989 0.142132 0.155498 0.142243 0.157359 0.141053 0.157868 0.141164 0.158489 0.140767
0 0.093133 0.151292 0.093530 0.151912 0.094547 0.152136 0.094944 0.152756 0.095962 0.152980 0.096359 0.153600 0.097773 0.154444 0.098740 0.157323 0.098405 0.158849 0.098802 0.159470 0.098467 0.160996 0.097846 0.161393 0.097399 0.163427 0.094917 0.165015 0.094408 0.164903 0.092659 0.165585 0.091641 0.165362 0.091021 0.165759 0.087460 0.164976 0.087063 0.164356 0.086554 0.164244 0.084967 0.161762 0.085078 0.161254 0.084682 0.160633 0.084905 0.159616 0.084508 0.158995 0.084843 0.157469 0.084446 0.156849 0.085067 0.156452 0.085291 0.155434 0.085911 0.155037 0.086246 0.153511 0.088108 0.152321 0.088616 0.152432 0.090478 0.151242 0.090986 0.151353 0.091607 0.150956
0 0.069345 0.183180 0.069742 0.183800 0.070759 0.184024 0.071156 0.184644 0.072173 0.184868 0.072570 0.185488 0.073985 0.186332 0.074952 0.189211 0.074617 0.190737 0.075014 0.191358 0.074678 0.192884 0.074058 0.193281 0.073611 0.195315 0.071129 0.196903 0.070620 0.196791 0.068870 0.197473 0.067853 0.197250 0.067233 0.197647 0.063672 0.196864 0.063275 0.196244 0.062766 0.196132 0.061178 0.193650 0.061290 0.193142 0.060893 0.192521 0.061117 0.191504 0.060720 0.190883 0.061055 0.189357 0.060658 0.188737 0.061279 0.188340 0.061502 0.187322 0.062123 0.186926 0.062458 0.185399 0.064319 0.184209 0.064828 0.184320 0.066689 0.183130 0.067198 0.183241 0.067819 0.182844
0 0.081982 0.172159 0.082379 0.172780 0.083396 0.173003 0.083793 0.173624 0.084810 0.173847 0.085207 0.174468 0.086622 0.175312 0.087589 0.178191 0.087253 0.179717 0.087650 0.180337 0.087315 0.181863 0.086695 0.182260 0.086248 0.184295 0.083766 0.185883 0.083257 0.185771 0.081507 0.186453 0.080490 0.186229 0.079869 0.186626 0.076309 0.185844 0.075912 0.185224 0.075403 0.185112 0.073815 0.182630 0.073927 0.182121 0.073530 0.181501 0.073754 0.180483 0.073357 0.179863 0.073692 0.178337 0.073295 0.177716 0.073916 0.177319 0.074139 0.176302 0.074760 0.175905 0.075095 0.174379 0.076956 0.173188 0.077465 0.173300 0.079326 0.172109 0.079835 0.172221 0.080455 0.171824
0 0.108193 0.133871 0.108589 0.134492 0.110624 0.134939 0.111021 0.135559 0.112039 0.135783 0.113738 0.137756 0.114991 0.141764 0.113985 0.146342 0.113364 0.146739 0.112408 0.148662 0.109194 0.151156 0.108065 0.151441 0.106539 0.151105 0.105919 0.151502 0.103375 0.150943 0.102755 0.151340 0.096985 0.148473 0.095398 0.145991 0.095336 0.143845 0.094939 0.143224 0.095275 0.141698 0.094878 0.141078 0.095498 0.140681 0.096057 0.138137 0.096677 0.137740 0.097633 0.135817 0.100115 0.134229 0.102262 0.134168 0.105649 0.133312
0 0.128844 0.133036 0.129241 0.133656 0.130259 0.133880 0.130655 0.134500 0.131673 0.134724 0.132070 0.135344 0.133484 0.136188 0.134451 0.139067 0.134116 0.140593 0.134513 0.141213 0.134178 0.142739 0.133557 0.143136 0.133110 0.145171 0.130628 0.146759 0.130120 0.146647 0.128370 0.147329 0.127353 0.147106 0.126732 0.147503 0.123171 0.146720 0.122774 0.146100 0.122266 0.145988 0.120678 0.143506 0.120790 0.142998 0.120393 0.142377 0.120616 0.141360 0.120219 0.140739 0.120555 0.139213 0.120158 0.138593 0.120778 0.138196 0.121002 0.137178 0.121622 0.136781 0.121957 0.135255 0.123819 0.134064 0.124327 0.134176 0.126189 0.132985 0.126698 0.133097 0.127318 0.132700
0 0.050051 0.263130 0.050448 0.263751 0.052483 0.264198 0.052880 0.264818 0.053897 0.265042 0.055597 0.267015 0.056849 0.271023 0.055843 0.275601 0.055223 0.275998 0.054267 0.277921 0.051053 0.280414 0.049924 0.280700 0.048398 0.280364 0.047777 0.280761 0.045234 0.280202 0.044613 0.280599 0.038844 0.277732 0.037256 0.275250 0.037195 0.273104 0.036798 0.272483 0.037133 0.270957 0.036736 0.270337 0.037357 0.269940 0.037916 0.267396 0.038536 0.266999 0.039492 0.265076 0.041974 0.263488 0.044120 0.263427 0.047508 0.262571
0 0.491234 0.213133 0.494032 0.213748 0.494429 0.214369 0.495955 0.214704 0.497766 0.216168 0.500260 0.219382 0.500830 0.221641 0.500606 0.222658 0.501003 0.223279 0.500383 0.223676 0.499600 0.227237 0.498868 0.228142 0.495766 0.230127 0.493508 0.230697 0.492490 0.230474 0.491870 0.230871 0.489835 0.230423 0.489438 0.229803 0.485368 0.228909 0.484574 0.227668 0.482763 0.226203 0.482590 0.224566 0.481511 0.222195 0.481784 0.218523 0.482405 0.218126 0.483584 0.215185 0.487307 0.212804 0.488436 0.212519
0 0.536326 0.286558 0.536723 0.287179 0.538249 0.287514 0.538646 0.288134 0.539664 0.288358 0.540061 0.288978 0.541078 0.289202 0.541984 0.289934 0.543174 0.291796 0.542951 0.292813 0.543348 0.293433 0.542566 0.296994 0.541945 0.297391 0.541610 0.298917 0.539637 0.300617 0.539525 0.301125 0.536422 0.303110 0.535405 0.302887 0.534785 0.303284 0.533258 0.302948 0.532638 0.303345 0.531732 0.302613 0.530715 0.302389 0.530318 0.301769 0.528792 0.301434 0.526981 0.299969 0.525790 0.298108 0.525505 0.296979 0.525728 0.295961 0.525331 0.295341 0.526226 0.291271 0.526846 0.290874 0.527070 0.289857 0.527802 0.288951 0.529663 0.287760 0.533051 0.286905 0.534068 0.287128 0.535818 0.286446
0 0.689209 0.346564 0.689606 0.347185 0.691133 0.347520 0.691530 0.348140 0.693056 0.348476 0.693452 0.349096 0.694979 0.349431 0.696566 0.351913 0.696119 0.353948 0.696516 0.354569 0.696293 0.355586 0.695672 0.355983 0.695337 0.357509 0.694716 0.357906 0.694493 0.358923 0.693140 0.360226 0.692631 0.360114 0.692011 0.360511 0.690994 0.360287 0.690373 0.360684 0.688338 0.360237 0.687718 0.360634 0.685683 0.360187 0.685286 0.359567 0.684269 0.359343 0.683872 0.358723 0.683363 0.358611 0.682569 0.357370 0.682061 0.357258 0.681664 0.356638 0.681999 0.355112 0.681602 0.354491 0.682273 0.351439 0.682893 0.351042 0.683117 0.350025 0.683737 0.349628 0.684581 0.348213 0.685822 0.347420 0.688589 0.346961
0 0.742625 0.335300 0.743022 0.335920 0.744548 0.336256 0.744945 0.336876 0.746472 0.337211 0.746868 0.337832 0.748394 0.338167 0.749982 0.340649 0.749535 0.342684 0.749932 0.343304 0.749709 0.344322 0.749088 0.344719 0.748753 0.346245 0.748132 0.346642 0.747909 0.347659 0.746556 0.348962 0.746047 0.348850 0.745427 0.349247 0.744409 0.349023 0.743789 0.349420 0.741754 0.348973 0.741134 0.349370 0.739099 0.348923 0.738702 0.348303 0.737685 0.348079 0.737288 0.347459 0.736779 0.347347 0.735985 0.346106 0.735476 0.345994 0.735079 0.345374 0.735415 0.343847 0.735018 0.343227 0.735689 0.340175 0.736309 0.339778 0.736532 0.338760 0.737153 0.338364 0.737997 0.336949 0.739238 0.336155 0.742005 0.335697
0 0.716558 0.542101 0.716955 0.542721 0.718481 0.543057 0.718878 0.543677 0.721198 0.545253 0.722785 0.547735 0.722450 0.549261 0.722847 0.549882 0.722623 0.550899 0.723020 0.551520 0.722797 0.552537 0.723194 0.553157 0.722747 0.555192 0.720265 0.556780 0.719756 0.556668 0.718515 0.557462 0.716989 0.557127 0.716369 0.557524 0.714843 0.557188 0.714222 0.557585 0.711679 0.557027 0.711282 0.556406 0.710264 0.556182 0.707883 0.552460 0.707374 0.552348 0.706977 0.551727 0.707089 0.551219 0.706692 0.550598 0.707139 0.548563 0.706742 0.547943 0.707363 0.547546 0.707698 0.546020 0.708318 0.545623 0.708542 0.544606 0.709162 0.544209 0.709671 0.544320 0.711532 0.543130 0.712041 0.543241 0.713282 0.542448 0.713791 0.542559 0.715540 0.541877
0 0.655345 0.709222 0.657777 0.710289 0.659588 0.711754 0.660418 0.712978 0.660443 0.715141 0.658982 0.717944 0.657959 0.719728 0.655669 0.721004 0.652945 0.720864 0.650784 0.719987 0.648857 0.717785 0.648399 0.714642 0.649354 0.712384 0.650864 0.710478 0.652826 0.709646
0 0.711719 0.581615 0.714150 0.582682 0.715962 0.584147 0.716792 0.585371 0.716817 0.587534 0.715356 0.590336 0.714333 0.592120 0.712043 0.593396 0.709319 0.593257 0.707157 0.592380 0.705230 0.590178 0.704773 0.587035 0.705728 0.584777 0.707238 0.582870 0.709200 0.582039
0 0.666763 0.581756 0.669195 0.582824 0.671006 0.584288 0.671836 0.585513 0.671862 0.587676 0.670401 0.590477 0.669378 0.592262 0.667088 0.593538 0.664363 0.593398 0.662202 0.592522 0.660275 0.590319 0.659818 0.587177 0.660773 0.584918 0.662283 0.583012 0.664245 0.582180
0 0.668469 0.565167 0.670901 0.566235 0.672712 0.567699 0.673542 0.568923 0.673568 0.571087 0.672107 0.573888 0.671084 0.575672 0.668795 0.576949 0.666069 0.576809 0.663909 0.575933 0.661981 0.573730 0.661523 0.570588 0.662479 0.568329 0.663989 0.566423 0.665951 0.565591
0 0.634635 0.657701 0.637067 0.658768 0.638878 0.660233 0.639708 0.661458 0.639734 0.663620 0.638273 0.666423 0.637249 0.668206 0.634960 0.669483 0.632235 0.669343 0.630074 0.668466 0.628147 0.666264 0.627689 0.663121 0.628645 0.660863 0.630154 0.658956 0.632117 0.658125
0 0.700010 0.631404 0.703979 0.637608 0.703756 0.638626 0.704153 0.639246 0.703929 0.640264 0.704326 0.640884 0.702973 0.642187 0.702750 0.643204 0.702129 0.643601 0.702017 0.644110 0.699536 0.645697 0.699027 0.645586 0.697277 0.646268 0.694225 0.645597 0.693828 0.644977 0.690776 0.644306 0.690379 0.643686 0.689870 0.643574 0.688283 0.641092 0.689847 0.633970 0.690468 0.633573 0.691312 0.632159 0.693794 0.630571 0.699389 0.631801
0 0.831191 0.684730 0.833623 0.685798 0.835434 0.687262 0.836264 0.688487 0.836290 0.690650 0.834829 0.693452 0.833806 0.695236 0.831516 0.696512 0.828791 0.696373 0.826630 0.695496 0.824703 0.693294 0.824246 0.690151 0.825201 0.687893 0.826711 0.685986 0.828673 0.685154
0 0.821084 0.715345 0.824390 0.716072 0.824787 0.716692 0.825296 0.716804 0.826090 0.718045 0.826263 0.719683 0.827057 0.720924 0.826945 0.721432 0.827342 0.722053 0.827119 0.723070 0.827516 0.723691 0.826733 0.727252 0.826113 0.727649 0.825777 0.729175 0.822675 0.731159 0.822166 0.731048 0.821546 0.731445 0.814933 0.729991 0.814536 0.729371 0.814027 0.729259 0.812551 0.726269 0.812886 0.724743 0.812490 0.724122 0.812713 0.723105 0.812316 0.722484 0.813099 0.718923 0.813719 0.718526 0.813943 0.717509 0.815916 0.715810 0.816027 0.715301 0.816536 0.715413 0.817777 0.714619
0 0.818266 0.695867 0.818663 0.696488 0.821206 0.697047 0.821603 0.697667 0.823129 0.698003 0.823526 0.698623 0.824035 0.698735 0.824431 0.699355 0.824605 0.700993 0.825399 0.702234 0.824281 0.707321 0.823661 0.707718 0.823437 0.708735 0.822817 0.709132 0.822705 0.709641 0.820843 0.710832 0.819317 0.710496 0.818697 0.710893 0.817171 0.710558 0.816550 0.710955 0.814007 0.710396 0.813610 0.709776 0.811290 0.708200 0.810496 0.706959 0.810608 0.706450 0.809641 0.703571 0.810647 0.698993 0.813128 0.697405 0.813240 0.696896 0.813861 0.696499 0.814369 0.696611 0.816119 0.695929 0.817136 0.696153 0.817757 0.695756
0 0.637707 0.724947 0.640424 0.727144 0.641441 0.727368 0.643649 0.729452 0.644220 0.731711 0.643549 0.734763 0.643946 0.735383 0.643611 0.736910 0.642990 0.737307 0.641922 0.739738 0.640570 0.741041 0.633286 0.742640 0.632889 0.742020 0.630854 0.741572 0.630457 0.740952 0.629440 0.740728 0.629043 0.740108 0.627120 0.739152 0.626041 0.736782 0.626203 0.733618 0.625806 0.732998 0.626700 0.728928 0.627321 0.728531 0.627656 0.727005 0.628388 0.726099 0.631379 0.724624 0.632905 0.724959 0.633525 0.724562 0.635560 0.725009 0.636181 0.724612
0 0.424869 0.608338 0.426457 0.611749 0.424401 0.615972 0.420654 0.617445 0.416042 0.616231 0.413816 0.613888 0.414396 0.610147 0.416762 0.606718 0.421004 0.606119
0 0.381918 0.603038 0.383505 0.606449 0.381449 0.610672 0.377701 0.612145 0.373090 0.610931 0.370864 0.608588 0.371444 0.604847 0.373810 0.601418 0.378052 0.600819
0 0.395898 0.599151 0.400426 0.602812 0.401220 0.604053 0.401505 0.605182 0.401282 0.606200 0.401679 0.606820 0.401120 0.609364 0.401517 0.609984 0.401182 0.611510 0.400561 0.611907 0.400338 0.612925 0.398873 0.614736 0.397632 0.615530 0.394245 0.616385 0.393227 0.616162 0.392607 0.616559 0.390063 0.616000 0.389666 0.615379 0.388140 0.615044 0.387743 0.614424 0.386726 0.614200 0.385820 0.613468 0.385027 0.612227 0.383886 0.607710 0.384506 0.607313 0.385400 0.603244 0.388329 0.599621 0.390985 0.599671 0.394372 0.598816
0 0.228825 0.534148 0.230413 0.537559 0.228357 0.541782 0.224609 0.543255 0.219998 0.542040 0.217772 0.539698 0.218352 0.535957 0.220717 0.532527 0.224960 0.531928
0 0.228078 0.508399 0.228194 0.511685 0.225495 0.513794 0.222394 0.513485 0.220407 0.511931 0.220496 0.508131 0.223159 0.506324 0.224815 0.506285
0 0.161840 0.481874 0.161957 0.485160 0.159257 0.487268 0.156157 0.486960 0.154169 0.485405 0.154259 0.481605 0.156922 0.479798 0.158577 0.479759
0 0.160862 0.566543 0.160979 0.569829 0.158279 0.571938 0.155179 0.571629 0.153191 0.570075 0.153281 0.566275 0.155944 0.564468 0.157600 0.564429
0 0.320476 0.577153 0.320593 0.580439 0.317894 0.582547 0.314793 0.582239 0.312806 0.580684 0.312895 0.576884 0.315558 0.575078 0.317214 0.575038
0 0.273420 0.644369 0.273816 0.644989 0.274834 0.645213 0.275231 0.645833 0.275739 0.645945 0.276533 0.647186 0.276422 0.647694 0.276818 0.648315 0.276483 0.649841 0.276880 0.650461 0.276545 0.651988 0.275924 0.652384 0.275813 0.652893 0.275192 0.653290 0.274348 0.654704 0.272487 0.655895 0.271469 0.655672 0.270849 0.656069 0.267797 0.655398 0.267400 0.654778 0.266382 0.654554 0.265080 0.653201 0.265192 0.652693 0.264795 0.652072 0.265018 0.651055 0.264621 0.650434 0.265068 0.648400 0.265689 0.648003 0.265912 0.646985 0.266533 0.646588 0.266645 0.646080 0.269126 0.644492 0.269635 0.644604 0.271385 0.643922
0 0.059875 0.570221 0.060272 0.570841 0.061289 0.571065 0.061686 0.571685 0.062195 0.571797 0.063386 0.573658 0.062715 0.576711 0.062095 0.577107 0.061871 0.578125 0.058769 0.580110 0.058260 0.579998 0.056511 0.580680 0.054985 0.580345 0.054588 0.579724 0.053570 0.579501 0.052379 0.577639 0.052491 0.577130 0.051809 0.575381 0.052368 0.572837 0.052988 0.572440 0.053212 0.571423 0.055694 0.569835 0.056202 0.569947 0.056823 0.569550
0 0.189666 0.590623 0.189783 0.593909 0.187083 0.596017 0.183983 0.595709 0.181996 0.594155 0.182085 0.590355 0.184748 0.588547 0.186404 0.588509
0 0.073239 0.448918 0.073356 0.452204 0.070656 0.454313 0.067557 0.454004 0.065569 0.452450 0.065658 0.448650 0.068321 0.446843 0.069977 0.446804
0 0.063629 0.440118 0.063746 0.443404 0.061046 0.445513 0.057946 0.445204 0.055959 0.443650 0.056048 0.439850 0.058711 0.438043 0.060367 0.438004
0 0.066523 0.428242 0.066640 0.431528 0.063940 0.433637 0.060840 0.433328 0.058853 0.431773 0.058942 0.427974 0.061605 0.426167 0.063261 0.426128
0 0.027718 0.395673 0.027835 0.398960 0.025135 0.401068 0.022035 0.400760 0.020048 0.399205 0.020137 0.395405 0.022800 0.393598 0.024456 0.393559
0 0.077116 0.339686 0.077513 0.340306 0.078927 0.341150 0.078815 0.341659 0.079609 0.342900 0.079497 0.343408 0.079894 0.344029 0.079335 0.346572 0.079732 0.347193 0.079509 0.348210 0.078156 0.349513 0.077933 0.350530 0.077312 0.350927 0.077200 0.351436 0.075339 0.352627 0.074830 0.352515 0.074210 0.352912 0.072684 0.352577 0.072287 0.351956 0.068726 0.351174 0.068329 0.350553 0.067820 0.350441 0.067026 0.349201 0.067250 0.348183 0.066853 0.347563 0.067077 0.346545 0.066680 0.345925 0.067127 0.343890 0.067747 0.343493 0.068194 0.341458 0.069435 0.340664 0.069547 0.340156 0.071297 0.339474 0.073331 0.339921 0.073952 0.339524 0.075987 0.339971 0.076607 0.339574
0 0.073307 0.288386 0.073704 0.289006 0.075118 0.289850 0.075006 0.290359 0.075800 0.291600 0.075688 0.292108 0.076085 0.292729 0.075526 0.295272 0.075923 0.295893 0.075700 0.296910 0.074347 0.298213 0.074123 0.299230 0.073503 0.299627 0.073391 0.300136 0.071530 0.301327 0.071021 0.301215 0.070401 0.301612 0.068875 0.301277 0.068478 0.300656 0.064917 0.299874 0.064520 0.299253 0.064011 0.299141 0.063217 0.297900 0.063441 0.296883 0.063044 0.296263 0.063267 0.295245 0.062870 0.294625 0.063317 0.292590 0.063938 0.292193 0.064385 0.290158 0.065626 0.289364 0.065738 0.288856 0.067487 0.288174 0.069522 0.288621 0.070143 0.288224 0.072177 0.288671 0.072798 0.288274
0 0.146981 0.356925 0.147098 0.360211 0.144398 0.362320 0.141298 0.362011 0.139310 0.360457 0.139400 0.356657 0.142063 0.354850 0.143718 0.354811
0 0.171425 0.297903 0.171822 0.298523 0.172840 0.298747 0.173236 0.299367 0.174651 0.300211 0.175445 0.301452 0.175953 0.301564 0.177541 0.304046 0.177429 0.304554 0.177826 0.305175 0.177267 0.307718 0.176647 0.308115 0.176312 0.309641 0.175691 0.310038 0.175468 0.311056 0.174847 0.311453 0.174735 0.311961 0.172986 0.312643 0.171968 0.312420 0.171348 0.312817 0.169313 0.312370 0.168693 0.312767 0.167675 0.312543 0.167278 0.311923 0.165752 0.311587 0.165355 0.310967 0.163941 0.310123 0.163259 0.308373 0.163594 0.306847 0.163197 0.306227 0.164203 0.301648 0.164824 0.301252 0.166400 0.298932 0.167020 0.298535 0.167529 0.298646 0.169279 0.297964 0.170296 0.298188 0.170917 0.297791
0 0.313940 0.448369 0.315242 0.449721 0.316260 0.449945 0.318071 0.451409 0.321073 0.454735 0.321929 0.458123 0.321258 0.461175 0.320638 0.461572 0.319967 0.464624 0.317373 0.466721 0.312857 0.467861 0.308167 0.467364 0.307770 0.466744 0.306244 0.466408 0.304432 0.464944 0.302845 0.462462 0.303068 0.461444 0.302671 0.460824 0.303118 0.458789 0.302721 0.458169 0.303615 0.454099 0.304236 0.453702 0.305304 0.451270 0.306544 0.450477 0.306656 0.449968 0.313431 0.448257
0 0.389488 0.482703 0.389605 0.485989 0.386906 0.488098 0.383805 0.487789 0.381818 0.486234 0.381907 0.482435 0.384570 0.480628 0.386226 0.480589
0 0.243114 0.607065 0.243231 0.610351 0.240532 0.612460 0.237431 0.612151 0.235444 0.610597 0.235533 0.606797 0.238196 0.604990 0.239852 0.604951
0 0.351883 0.736554 0.351999 0.739840 0.349300 0.741948 0.346200 0.741640 0.344212 0.740085 0.344302 0.736286 0.346965 0.734478 0.348620 0.734440
0 0.153954 0.589890 0.156559 0.592595 0.156335 0.593613 0.156732 0.594233 0.156397 0.595759 0.156794 0.596380 0.156682 0.596888 0.156062 0.597285 0.155503 0.599829 0.154150 0.601131 0.153927 0.602149 0.153306 0.602545 0.153194 0.603054 0.150316 0.604021 0.148281 0.603574 0.147884 0.602954 0.143814 0.602060 0.142624 0.600198 0.142735 0.599690 0.142338 0.599069 0.142562 0.598052 0.142165 0.597431 0.143059 0.593362 0.143680 0.592965 0.143903 0.591947 0.144524 0.591551 0.144747 0.590533 0.145988 0.589739 0.146497 0.589851 0.147117 0.589454 0.149661 0.590013 0.150281 0.589616 0.152825 0.590175 0.153445 0.589778
0 0.157198 0.552533 0.157314 0.555819 0.154615 0.557928 0.151515 0.557619 0.149527 0.556065 0.149617 0.552265 0.152279 0.550458 0.153936 0.550419
0 0.585119 0.739743 0.585236 0.743029 0.582537 0.745138 0.579436 0.744829 0.577449 0.743274 0.577538 0.739475 0.580201 0.737668 0.581857 0.737629
0 0.329040 0.743436 0.329157 0.746722 0.326457 0.748831 0.323358 0.748522 0.321369 0.746968 0.321459 0.743168 0.324122 0.741361 0.325778 0.741322
0 0.608041 0.726406 0.608157 0.729692 0.605458 0.731801 0.602358 0.731492 0.600370 0.729938 0.600460 0.726138 0.603122 0.724331 0.604778 0.724292
0 0.848875 0.711906 0.848992 0.715192 0.846292 0.717300 0.843192 0.716992 0.841204 0.715438 0.841294 0.711638 0.843957 0.709830 0.845613 0.709792
0 0.787962 0.683901 0.790394 0.684968 0.792205 0.686433 0.793035 0.687658 0.793060 0.689820 0.791599 0.692623 0.790576 0.694407 0.788286 0.695683 0.785562 0.695543 0.783401 0.694667 0.781474 0.692464 0.781016 0.689321 0.781971 0.687063 0.783481 0.685156 0.785444 0.684325
0 0.998397 0.357972 0.998397 0.359040 0.998397 0.360504 0.998397 0.361728 0.998397 0.363892 0.998397 0.366693 0.998397 0.368478 0.998397 0.369754 0.998397 0.369614 0.998397 0.368738 0.998397 0.366535 0.998397 0.363393 0.998397 0.361134 0.998397 0.359228 0.998397 0.358396
0 0.926759 0.305181 0.927156 0.305802 0.928682 0.306137 0.929079 0.306757 0.930605 0.307093 0.931002 0.307713 0.932528 0.308048 0.934115 0.310530 0.933668 0.312565 0.934065 0.313186 0.933842 0.314203 0.933221 0.314600 0.932886 0.316126 0.932266 0.316523 0.932042 0.317540 0.930689 0.318843 0.930181 0.318731 0.929560 0.319128 0.928543 0.318905 0.927922 0.319301 0.925887 0.318854 0.925267 0.319251 0.923232 0.318804 0.922835 0.318184 0.921818 0.317960 0.921421 0.317340 0.920912 0.317228 0.920118 0.315987 0.919610 0.315875 0.919213 0.315255 0.919548 0.313729 0.919151 0.313108 0.919822 0.310056 0.920442 0.309659 0.920666 0.308642 0.921286 0.308245 0.922130 0.306830 0.923371 0.306037 0.926138 0.305578
0 0.807014 0.318080 0.809446 0.319148 0.811257 0.320612 0.812087 0.321837 0.812113 0.324000 0.810652 0.326802 0.809629 0.328586 0.807339 0.329862 0.804614 0.329722 0.802454 0.328846 0.800526 0.326643 0.800068 0.323501 0.801024 0.321242 0.802534 0.319336 0.804496 0.318505
0 0.504710 0.320862 0.504826 0.324147 0.502127 0.326256 0.499027 0.325947 0.497039 0.324393 0.497129 0.320593 0.499792 0.318786 0.501447 0.318747
0 0.514644 0.316967 0.514760 0.320253 0.512061 0.322361 0.508961 0.322053 0.506973 0.320498 0.507063 0.316698 0.509725 0.314891 0.511381 0.314853
0 0.518388 0.303623 0.518504 0.306909 0.515805 0.309018 0.512704 0.308709 0.510717 0.307154 0.510806 0.303354 0.513469 0.301547 0.515125 0.301509
0 0.518456 0.336276 0.518573 0.339562 0.515874 0.341671 0.512774 0.341362 0.510786 0.339808 0.510875 0.336008 0.513538 0.334201 0.515194 0.334163
0 0.538401 0.333546 0.538517 0.336832 0.535818 0.338941 0.532718 0.338632 0.530730 0.337078 0.530820 0.333278 0.533482 0.331471 0.535138 0.331432
0 0.552716 0.311050 0.552833 0.314336 0.550133 0.316444 0.547033 0.316136 0.545045 0.314582 0.545135 0.310781 0.547798 0.308975 0.549453 0.308936
0 0.522237 0.310033 0.522353 0.313319 0.519654 0.315428 0.516554 0.315119 0.514566 0.313565 0.514655 0.309765 0.517318 0.307958 0.518974 0.307919
0 0.416428 0.317359 0.416544 0.320645 0.414655 0.321985 0.412363 0.322547 0.410354 0.320365 0.410982 0.318477 0.412414 0.317299 0.413797 0.316182
0 0.335659 0.175499 0.336056 0.176120 0.336565 0.176231 0.338549 0.179334 0.338102 0.181368 0.337482 0.181765 0.337147 0.183292 0.335906 0.184085 0.335794 0.184594 0.334553 0.185388 0.334044 0.185276 0.332803 0.186070 0.330260 0.185511 0.329863 0.184891 0.328846 0.184667 0.328449 0.184047 0.327431 0.183823 0.326637 0.182582 0.326861 0.181565 0.326464 0.180944 0.327358 0.176875 0.327979 0.176478 0.328090 0.175969 0.328711 0.175572 0.329219 0.175684 0.330969 0.175002 0.331987 0.175225 0.332607 0.174828
0 0.285710 0.268413 0.286107 0.269033 0.286615 0.269145 0.288600 0.272248 0.288153 0.274282 0.287532 0.274679 0.287197 0.276205 0.285956 0.276999 0.285845 0.277508 0.284604 0.278302 0.284095 0.278190 0.282854 0.278984 0.280310 0.278425 0.279913 0.277805 0.278896 0.277581 0.278499 0.276961 0.277482 0.276737 0.276688 0.275496 0.276911 0.274479 0.276515 0.273858 0.277409 0.269789 0.278029 0.269392 0.278141 0.268883 0.278761 0.268486 0.279270 0.268598 0.281020 0.267916 0.282037 0.268139 0.282658 0.267742
0 0.117380 0.154263 0.117777 0.154883 0.118285 0.154995 0.120270 0.158097 0.119823 0.160132 0.119202 0.160529 0.118867 0.162055 0.117626 0.162849 0.117514 0.163358 0.116273 0.164151 0.115765 0.164040 0.114524 0.164833 0.111980 0.164275 0.111583 0.163654 0.110566 0.163431 0.110169 0.162810 0.109152 0.162587 0.108358 0.161346 0.108581 0.160328 0.108184 0.159708 0.109079 0.155638 0.109699 0.155241 0.109811 0.154733 0.110431 0.154336 0.110940 0.154447 0.112690 0.153765 0.113707 0.153989 0.114327 0.153592
0 0.064636 0.451005 0.064753 0.454291 0.062053 0.456399 0.058953 0.456091 0.056966 0.454536 0.057055 0.450736 0.059718 0.448929 0.061373 0.448891
0 0.030035 0.413034 0.030152 0.416321 0.027452 0.418429 0.024353 0.418121 0.022365 0.416566 0.022454 0.412766 0.025117 0.410959 0.026773 0.410920
0 0.013658 0.411226 0.013774 0.414512 0.011075 0.416621 0.007975 0.416312 0.005987 0.414758 0.006077 0.410958 0.008739 0.409151 0.010396 0.409112
0 0.184789 0.565557 0.186997 0.567642 0.188014 0.567866 0.189825 0.569330 0.190619 0.570571 0.191475 0.573959 0.189910 0.581081 0.188049 0.582271 0.185790 0.582842 0.182626 0.582680 0.182006 0.583077 0.180480 0.582742 0.179859 0.583138 0.176013 0.581227 0.174711 0.579874 0.173693 0.579651 0.172726 0.576772 0.173061 0.575246 0.172664 0.574625 0.173559 0.570556 0.174179 0.570159 0.174403 0.569141 0.175023 0.568744 0.175979 0.566821 0.177220 0.566028 0.179366 0.565966 0.182245 0.564999
0 0.254294 0.649693 0.254683 0.650954 0.254039 0.652458 0.252730 0.653628 0.250695 0.653181 0.249414 0.652460 0.249302 0.650830 0.250379 0.649499 0.252258 0.648971
0 0.259540 0.646660 0.259929 0.647921 0.259285 0.649426 0.257976 0.650595 0.255941 0.650148 0.254660 0.649428 0.254548 0.647797 0.255624 0.646466 0.257503 0.645939
0 0.228029 0.682455 0.228418 0.683716 0.227774 0.685220 0.226465 0.686390 0.224430 0.685943 0.223150 0.685223 0.223038 0.683591 0.224114 0.682261 0.225993 0.681733
