0 0.619797 0.451374 0.620374 0.451832 0.626125 0.451701 0.632630 0.453580 0.635512 0.455872 0.636842 0.458342 0.637550 0.464551 0.635730 0.471574 0.632920 0.474515 0.628499 0.477116 0.620678 0.477484 0.616361 0.476403 0.612384 0.473711 0.609902 0.470325 0.608912 0.466244 0.610673 0.458705 0.613424 0.455246 0.615435 0.454492 0.619280 0.451433
0 0.624682 0.370089 0.625259 0.370547 0.629517 0.371110 0.631823 0.372944 0.632576 0.374955 0.633788 0.376389 0.634260 0.380529 0.633802 0.381105 0.633638 0.384269 0.630887 0.387728 0.629852 0.387846 0.629394 0.388423 0.627324 0.388659 0.626866 0.389235 0.623243 0.389648 0.622667 0.389190 0.621114 0.389367 0.617832 0.388169 0.615985 0.385758 0.615867 0.384723 0.614596 0.382771 0.614301 0.380184 0.614759 0.379607 0.614582 0.378055 0.615440 0.376384 0.615322 0.375350 0.616239 0.374197 0.616180 0.373679 0.621577 0.370443
0 0.684423 0.503240 0.688799 0.504838 0.691681 0.507130 0.692317 0.508106 0.692494 0.509659 0.693070 0.510117 0.693542 0.514257 0.691604 0.520244 0.690228 0.521974 0.688277 0.523245 0.686724 0.523422 0.686266 0.523998 0.682643 0.524411 0.682067 0.523953 0.678444 0.524366 0.677868 0.523907 0.676833 0.524025 0.673315 0.520757 0.672208 0.515641 0.672666 0.515065 0.672430 0.512995 0.672888 0.512419 0.673111 0.509772 0.676261 0.505219 0.677237 0.504584 0.679307 0.504348 0.679766 0.503771
0 0.617781 0.530235 0.618358 0.530693 0.620945 0.530398 0.622039 0.530798 0.624981 0.533608 0.626887 0.536535 0.627536 0.542228 0.626456 0.546545 0.625598 0.548215 0.624163 0.549427 0.620600 0.550358 0.620142 0.550934 0.614967 0.551524 0.614390 0.551066 0.611803 0.551361 0.608462 0.549645 0.605920 0.545741 0.604871 0.541143 0.605611 0.538437 0.608703 0.533367 0.613641 0.530707
0 0.312876 0.587019 0.313453 0.587478 0.315005 0.587300 0.318864 0.588957 0.318923 0.589475 0.323017 0.593202 0.324007 0.597282 0.323548 0.597859 0.323385 0.601023 0.322186 0.604305 0.320352 0.606611 0.318800 0.606788 0.314837 0.608812 0.307474 0.608603 0.305804 0.607745 0.304016 0.605853 0.303898 0.604818 0.302686 0.603383 0.302450 0.601313 0.301873 0.600855 0.301859 0.596138 0.303457 0.591762 0.305809 0.589398 0.307361 0.589220 0.311324 0.587196
0 0.536677 0.568314 0.537254 0.568773 0.538806 0.568596 0.544853 0.571052 0.547218 0.573403 0.549242 0.577366 0.549655 0.580988 0.548634 0.585822 0.546918 0.589163 0.543073 0.592223 0.539569 0.593671 0.536981 0.593966 0.536405 0.593507 0.534335 0.593743 0.530595 0.593122 0.524830 0.588537 0.523441 0.585550 0.523073 0.577729 0.524789 0.574388 0.528057 0.570870 0.533572 0.568668
0 0.717260 0.561352 0.717836 0.561811 0.719389 0.561634 0.722094 0.562374 0.725494 0.564607 0.728036 0.568511 0.728567 0.573168 0.727709 0.574839 0.727827 0.575874 0.725076 0.579333 0.722666 0.581180 0.721631 0.581298 0.720196 0.582510 0.718644 0.582687 0.718186 0.583264 0.714504 0.583159 0.708975 0.580644 0.707187 0.578751 0.706374 0.576223 0.705798 0.575765 0.705503 0.573177 0.705961 0.572601 0.705725 0.570531 0.706184 0.569954 0.706406 0.567308 0.709157 0.563849 0.711626 0.562519 0.713179 0.562342 0.713637 0.561766
0 0.680291 0.706056 0.685243 0.708112 0.685302 0.708630 0.688184 0.710922 0.688361 0.712474 0.688938 0.712933 0.689292 0.716038 0.688833 0.716614 0.689070 0.718684 0.685919 0.723237 0.682991 0.725144 0.675688 0.725452 0.672923 0.724195 0.670440 0.720808 0.669569 0.717763 0.668992 0.717304 0.669451 0.716728 0.669097 0.713623 0.670354 0.710858 0.672646 0.707976 0.673622 0.707340 0.679832 0.706632
0 0.601454 0.433021 0.604559 0.432667 0.605712 0.433584 0.606230 0.433525 0.609747 0.436793 0.610383 0.437769 0.610560 0.439322 0.611136 0.439780 0.611608 0.443920 0.610292 0.446167 0.609952 0.447778 0.607142 0.450720 0.606166 0.451355 0.603061 0.451709 0.602602 0.452286 0.599498 0.452640 0.593215 0.448114 0.591944 0.446162 0.591413 0.441505 0.591872 0.440929 0.591695 0.439376 0.593070 0.437647 0.593588 0.437588 0.594904 0.435341 0.598349 0.433375
0 0.442598 0.354681 0.443174 0.355139 0.444209 0.355021 0.446397 0.355820 0.448703 0.357654 0.448880 0.359206 0.449456 0.359665 0.450210 0.361676 0.449752 0.362252 0.450047 0.364840 0.449248 0.367028 0.448331 0.368181 0.448390 0.368698 0.442534 0.372511 0.441440 0.372112 0.439888 0.372289 0.439311 0.371830 0.437759 0.372007 0.437182 0.371549 0.435630 0.371726 0.433900 0.370350 0.433782 0.369315 0.432511 0.367363 0.432039 0.363224 0.432897 0.361553 0.433179 0.359424 0.434554 0.357695 0.438458 0.355153
0 0.551771 0.516793 0.552347 0.517252 0.554935 0.516957 0.558217 0.518155 0.562311 0.521882 0.563124 0.524410 0.563700 0.524869 0.563773 0.530103 0.562397 0.531832 0.562057 0.533444 0.558330 0.537538 0.554767 0.538469 0.554308 0.539045 0.550686 0.539458 0.550109 0.539000 0.547463 0.538777 0.543487 0.536085 0.541462 0.532123 0.541108 0.529018 0.541566 0.528441 0.541389 0.526889 0.541848 0.526312 0.542293 0.521019 0.543210 0.519866 0.548149 0.517207
0 0.526824 0.362376 0.529929 0.362021 0.530506 0.362480 0.532058 0.362303 0.533152 0.362702 0.534881 0.364078 0.537587 0.364818 0.539316 0.366193 0.539434 0.367228 0.540011 0.367687 0.540542 0.372344 0.539343 0.375626 0.536992 0.377991 0.533547 0.379956 0.526819 0.380723 0.522385 0.378608 0.519384 0.375281 0.519030 0.372176 0.518454 0.371717 0.518912 0.371141 0.518676 0.369071 0.519135 0.368494 0.519017 0.367460 0.522226 0.363424 0.523261 0.363306 0.523719 0.362730
0 0.541927 0.333919 0.542503 0.334377 0.544573 0.334141 0.547796 0.334822 0.551314 0.338091 0.551949 0.339066 0.552185 0.341136 0.552762 0.341595 0.553293 0.346252 0.552834 0.346829 0.553011 0.348381 0.550438 0.353392 0.548486 0.354663 0.545440 0.355535 0.544981 0.356111 0.536643 0.356538 0.531232 0.355058 0.528926 0.353224 0.528290 0.352248 0.527700 0.347074 0.528159 0.346497 0.527923 0.344427 0.528663 0.341722 0.533307 0.336474 0.534741 0.335262 0.538881 0.334790 0.539339 0.334214
0 0.276722 0.495211 0.280521 0.496351 0.285074 0.499501 0.287039 0.502947 0.287393 0.506051 0.286935 0.506628 0.286831 0.510309 0.284938 0.512098 0.281433 0.513546 0.279999 0.514758 0.278446 0.514935 0.277988 0.515511 0.271778 0.516219 0.271202 0.515761 0.269649 0.515938 0.265155 0.513305 0.263589 0.508766 0.264048 0.508189 0.264034 0.503473 0.264774 0.500767 0.267067 0.497885 0.269019 0.496614 0.271606 0.496319 0.272064 0.495743
0 0.685117 0.564493 0.685693 0.564952 0.689833 0.564480 0.693115 0.565678 0.694150 0.565560 0.695303 0.566477 0.698009 0.567217 0.700314 0.569051 0.701703 0.572038 0.701998 0.574625 0.700800 0.577907 0.694322 0.585460 0.692770 0.585637 0.692312 0.586214 0.690700 0.585873 0.685008 0.586523 0.681726 0.585324 0.681667 0.584807 0.677631 0.581597 0.676524 0.576482 0.677545 0.571647 0.682071 0.565365 0.683564 0.564670
0 0.252885 0.626361 0.253461 0.626819 0.256108 0.627042 0.258296 0.627840 0.259449 0.628757 0.260720 0.630709 0.260838 0.631744 0.261414 0.632203 0.262004 0.637378 0.261087 0.638531 0.260747 0.640142 0.259371 0.641871 0.258395 0.642507 0.256843 0.642684 0.256384 0.643260 0.254315 0.643496 0.253856 0.644073 0.253280 0.643614 0.252245 0.643732 0.250057 0.642934 0.248327 0.641558 0.248209 0.640523 0.247056 0.639606 0.246938 0.638571 0.246362 0.638113 0.246008 0.635008 0.246466 0.634431 0.246289 0.632879 0.247088 0.630691 0.248922 0.628385 0.249439 0.628326 0.251332 0.626538
0 0.741700 0.440094 0.742277 0.440553 0.743829 0.440376 0.744406 0.440834 0.745441 0.440716 0.747628 0.441515 0.748781 0.442432 0.749299 0.442373 0.750511 0.443808 0.750629 0.444843 0.751900 0.446795 0.751441 0.447371 0.751736 0.449958 0.748527 0.453994 0.747551 0.454629 0.746516 0.454747 0.746058 0.455324 0.745023 0.455442 0.744564 0.456018 0.740942 0.456431 0.738754 0.455632 0.735236 0.452364 0.735000 0.450294 0.734424 0.449836 0.734188 0.447766 0.734646 0.447189 0.734469 0.445637 0.734868 0.444543 0.737678 0.441601 0.739630 0.440331
0 0.649282 0.723745 0.651870 0.723450 0.652446 0.723909 0.652964 0.723850 0.654693 0.725225 0.654752 0.725743 0.655329 0.726201 0.655565 0.728271 0.655106 0.728847 0.655460 0.731952 0.655002 0.732529 0.655120 0.733564 0.652887 0.736964 0.652369 0.737023 0.651911 0.737599 0.646218 0.738248 0.645642 0.737790 0.644607 0.737908 0.644548 0.737390 0.642242 0.735556 0.642183 0.735039 0.641606 0.734580 0.641488 0.733545 0.640912 0.733087 0.640617 0.730500 0.641075 0.729923 0.640957 0.728888 0.641416 0.728312 0.641357 0.727794 0.643191 0.725488 0.643708 0.725429 0.644167 0.724853 0.646237 0.724617 0.646695 0.724040
0 0.439632 0.503370 0.440209 0.503828 0.444349 0.503356 0.445502 0.504273 0.446019 0.504214 0.449478 0.506965 0.449596 0.508000 0.451385 0.509893 0.451739 0.512998 0.450363 0.514727 0.449623 0.517433 0.447272 0.519798 0.445320 0.521069 0.443768 0.521246 0.443309 0.521822 0.441757 0.521999 0.441298 0.522576 0.439228 0.522812 0.437040 0.522013 0.433581 0.519262 0.432710 0.516216 0.432133 0.515758 0.431897 0.513688 0.432356 0.513111 0.432120 0.511041 0.432919 0.508853 0.436587 0.504241 0.437562 0.503606
0 0.502144 0.320632 0.503815 0.321490 0.504850 0.321372 0.507038 0.322171 0.508191 0.323088 0.511473 0.324286 0.512626 0.325203 0.514532 0.328131 0.514028 0.332906 0.513170 0.334577 0.510360 0.337518 0.505762 0.338567 0.505304 0.339143 0.500646 0.339674 0.500070 0.339216 0.498000 0.339452 0.497423 0.338993 0.496388 0.339111 0.492870 0.335843 0.491540 0.333374 0.491186 0.330269 0.492385 0.326987 0.493701 0.324740 0.499557 0.320927
0 0.455206 0.598573 0.458488 0.599771 0.459123 0.600747 0.462523 0.602980 0.462700 0.604533 0.463277 0.604991 0.463513 0.607061 0.463054 0.607638 0.463172 0.608673 0.462773 0.609767 0.459623 0.614320 0.458588 0.614438 0.458129 0.615014 0.455024 0.615368 0.454448 0.614910 0.452378 0.615146 0.451801 0.614687 0.450766 0.614805 0.448460 0.612971 0.447189 0.611019 0.446953 0.608949 0.446377 0.608491 0.446776 0.607397 0.446540 0.605327 0.447339 0.603139 0.449173 0.600833 0.450149 0.600198 0.451702 0.600021 0.452160 0.599444 0.453712 0.599267 0.454171 0.598691
0 0.721640 0.604362 0.722216 0.604821 0.724286 0.604585 0.724863 0.605043 0.725898 0.604925 0.728145 0.606242 0.728263 0.607277 0.728839 0.607735 0.729606 0.614462 0.729148 0.615039 0.729266 0.616074 0.728866 0.617168 0.726633 0.620568 0.725657 0.621203 0.724622 0.621321 0.724163 0.621898 0.720024 0.622370 0.719447 0.621911 0.717895 0.622088 0.717318 0.621630 0.716283 0.621748 0.714554 0.620372 0.713283 0.618420 0.713165 0.617385 0.712588 0.616927 0.712175 0.613305 0.712634 0.612728 0.712339 0.610141 0.713138 0.607953 0.714055 0.606800 0.715031 0.606164 0.716583 0.605987 0.717041 0.605411 0.719111 0.605175 0.719570 0.604598
0 0.618763 0.331972 0.619340 0.332431 0.621927 0.332136 0.622504 0.332594 0.624056 0.332417 0.625150 0.332816 0.626880 0.334192 0.628786 0.337120 0.628904 0.338155 0.628446 0.338731 0.628682 0.340801 0.627765 0.341954 0.627424 0.343565 0.626108 0.345812 0.622204 0.348354 0.619676 0.349167 0.619099 0.348708 0.618064 0.348826 0.614782 0.347628 0.613053 0.346253 0.612935 0.345218 0.611664 0.343266 0.611251 0.339643 0.611709 0.339067 0.611532 0.337514 0.612331 0.335327 0.615259 0.333420 0.617787 0.332608 0.618246 0.332031
0 0.377735 0.420264 0.378312 0.420722 0.379347 0.420604 0.381535 0.421403 0.383087 0.421226 0.385393 0.423060 0.386664 0.425012 0.386782 0.426047 0.387417 0.427023 0.386959 0.427600 0.387254 0.430187 0.385139 0.434622 0.384163 0.435257 0.382610 0.435434 0.382152 0.436011 0.380599 0.436188 0.380141 0.436764 0.377553 0.437059 0.376977 0.436601 0.375424 0.436778 0.373754 0.435920 0.372719 0.436038 0.371566 0.435121 0.371448 0.434086 0.370177 0.432134 0.369823 0.429029 0.370282 0.428453 0.370164 0.427418 0.370563 0.426324 0.374290 0.422229 0.374807 0.422170 0.376700 0.420382
0 0.705064 0.440603 0.708686 0.440190 0.709780 0.440589 0.711509 0.441964 0.713697 0.442763 0.717215 0.446032 0.717746 0.450689 0.717288 0.451265 0.717065 0.453912 0.713398 0.458524 0.711446 0.459795 0.703683 0.460680 0.703107 0.460221 0.702072 0.460339 0.700978 0.459940 0.696366 0.456272 0.696071 0.453685 0.695495 0.453226 0.695023 0.449086 0.695481 0.448510 0.695363 0.447475 0.697596 0.444075 0.701441 0.441016
0 0.345940 0.624137 0.346517 0.624596 0.348587 0.624360 0.351469 0.626652 0.352740 0.628604 0.352858 0.629639 0.353435 0.630097 0.353789 0.633202 0.352872 0.634355 0.351673 0.637637 0.351156 0.637696 0.350239 0.638849 0.348686 0.639026 0.348228 0.639602 0.345641 0.639898 0.345182 0.640474 0.343112 0.640710 0.340865 0.639394 0.340348 0.639453 0.338382 0.636007 0.337229 0.635090 0.337052 0.633538 0.336476 0.633079 0.336299 0.631527 0.337216 0.630374 0.337615 0.629280 0.337497 0.628245 0.339331 0.625939 0.341283 0.624668
0 0.255627 0.599838 0.256203 0.600296 0.257238 0.600178 0.257815 0.600636 0.259426 0.600977 0.262309 0.603269 0.262368 0.603787 0.262944 0.604245 0.263534 0.609420 0.263076 0.609996 0.263253 0.611549 0.260502 0.615008 0.259984 0.615067 0.259526 0.615643 0.257973 0.615820 0.257515 0.616397 0.256997 0.616456 0.256421 0.615997 0.254869 0.616174 0.254292 0.615716 0.253257 0.615834 0.251010 0.614518 0.250493 0.614577 0.248763 0.613201 0.247878 0.605439 0.248337 0.604862 0.248278 0.604345 0.249653 0.602616 0.250170 0.602557 0.251605 0.601345 0.252640 0.601227 0.253098 0.600650 0.254651 0.600473 0.255109 0.599896
0 0.553627 0.602028 0.556909 0.603226 0.560944 0.606436 0.561698 0.608446 0.562274 0.608905 0.562864 0.614080 0.562065 0.616268 0.560690 0.617997 0.558679 0.618751 0.558221 0.619327 0.556668 0.619504 0.554716 0.620775 0.553622 0.620376 0.552070 0.620553 0.551493 0.620094 0.550458 0.620212 0.549882 0.619754 0.547753 0.619472 0.545964 0.617579 0.545270 0.616086 0.544117 0.615169 0.543527 0.609994 0.543985 0.609418 0.543867 0.608383 0.544666 0.606195 0.546441 0.603371 0.549029 0.603076 0.549487 0.602500
0 0.589588 0.466875 0.590165 0.467334 0.591200 0.467216 0.591776 0.467674 0.592294 0.467615 0.594023 0.468990 0.594082 0.469508 0.595930 0.471918 0.595989 0.472436 0.595530 0.473012 0.595884 0.476117 0.595426 0.476694 0.595544 0.477729 0.595085 0.478305 0.595144 0.478823 0.593310 0.481129 0.592793 0.481188 0.592334 0.481764 0.591299 0.481882 0.590841 0.482459 0.587736 0.482813 0.587160 0.482354 0.584055 0.482708 0.582902 0.481791 0.582384 0.481850 0.582325 0.481333 0.581172 0.480416 0.580995 0.478863 0.580419 0.478405 0.580006 0.474782 0.580464 0.474206 0.580346 0.473171 0.580805 0.472595 0.580746 0.472077 0.582520 0.469254 0.583038 0.469195 0.583497 0.468618 0.585049 0.468441 0.585507 0.467865 0.586542 0.467747 0.587001 0.467170
0 0.384608 0.370205 0.385185 0.370663 0.386220 0.370545 0.386796 0.371004 0.387831 0.370886 0.388407 0.371344 0.388925 0.371285 0.390654 0.372661 0.390713 0.373178 0.391290 0.373636 0.391408 0.374671 0.391984 0.375130 0.392397 0.378752 0.391939 0.379329 0.391598 0.380940 0.389765 0.383246 0.389247 0.383305 0.387813 0.384517 0.386778 0.384635 0.386319 0.385212 0.385284 0.385330 0.383614 0.384472 0.382579 0.384590 0.382002 0.384131 0.381485 0.384190 0.379179 0.382356 0.379120 0.381839 0.378543 0.381380 0.378307 0.379311 0.377731 0.378852 0.377495 0.376782 0.377953 0.376206 0.377717 0.374136 0.378176 0.373559 0.378117 0.373042 0.378634 0.372983 0.379093 0.372406 0.380128 0.372288 0.380586 0.371712 0.381621 0.371594 0.382080 0.371017 0.383115 0.370899 0.383573 0.370323
0 0.633900 0.634811 0.639369 0.636809 0.641099 0.638184 0.643005 0.641112 0.643418 0.644734 0.642960 0.645311 0.643078 0.646346 0.642279 0.648534 0.639987 0.651416 0.637976 0.652170 0.637517 0.652746 0.633377 0.653218 0.632801 0.652760 0.630731 0.652996 0.630154 0.652537 0.629119 0.652655 0.625084 0.649446 0.624907 0.647893 0.623636 0.645941 0.623282 0.642837 0.624599 0.640590 0.624939 0.638978 0.626773 0.636672 0.627808 0.636554 0.628266 0.635978 0.631889 0.635565 0.632347 0.634988
0 0.789824 0.673646 0.793446 0.673233 0.794023 0.673691 0.794540 0.673632 0.794599 0.674150 0.795752 0.675067 0.795811 0.675584 0.797023 0.677019 0.797141 0.678054 0.797718 0.678512 0.798131 0.682135 0.797672 0.682711 0.797849 0.684264 0.796015 0.686569 0.795498 0.686628 0.795040 0.687205 0.787795 0.688031 0.787218 0.687573 0.786701 0.687632 0.785548 0.686715 0.785030 0.686774 0.784971 0.686256 0.783759 0.684822 0.783582 0.683269 0.783006 0.682811 0.782829 0.681258 0.783287 0.680682 0.783051 0.678612 0.786202 0.674059
0 0.629282 0.709251 0.632564 0.710449 0.633200 0.711425 0.636600 0.713659 0.637353 0.715670 0.637930 0.716128 0.638520 0.721303 0.637144 0.723032 0.637203 0.723550 0.636686 0.723609 0.635310 0.725338 0.634276 0.725456 0.632324 0.726727 0.626631 0.727376 0.626055 0.726918 0.624502 0.727095 0.622773 0.725720 0.622714 0.725202 0.620925 0.723309 0.620748 0.721757 0.620172 0.721298 0.619877 0.718711 0.620335 0.718134 0.620558 0.715488 0.621475 0.714335 0.621815 0.712723 0.623191 0.710994 0.625261 0.710758 0.625719 0.710182 0.627789 0.709946 0.628247 0.709369
0 0.649584 0.528705 0.650160 0.529164 0.652747 0.528869 0.654994 0.530185 0.655512 0.530126 0.655571 0.530644 0.658571 0.533971 0.659102 0.538628 0.658644 0.539205 0.658821 0.540757 0.656129 0.544734 0.655153 0.545369 0.653083 0.545605 0.652625 0.546182 0.647967 0.546713 0.646297 0.545855 0.645262 0.545973 0.640709 0.542822 0.640414 0.540235 0.639838 0.539777 0.639720 0.538742 0.640178 0.538165 0.640060 0.537130 0.640519 0.536554 0.640800 0.534425 0.643092 0.531542 0.646479 0.529059
0 0.671187 0.341196 0.671764 0.341655 0.672799 0.341537 0.673375 0.341995 0.675504 0.342277 0.679481 0.344969 0.680116 0.345944 0.680293 0.347497 0.680870 0.347955 0.681106 0.350025 0.680647 0.350602 0.680425 0.353248 0.678251 0.357166 0.674347 0.359708 0.670724 0.360121 0.670148 0.359662 0.666984 0.359499 0.665255 0.358123 0.663348 0.355195 0.663171 0.353643 0.663629 0.353066 0.663793 0.349903 0.664991 0.346621 0.667742 0.343162 0.669694 0.341891 0.670729 0.341773
0 0.717698 0.293956 0.721038 0.295672 0.723744 0.296412 0.724897 0.297329 0.726168 0.299281 0.726817 0.304973 0.725677 0.308773 0.725160 0.308832 0.721951 0.312867 0.717988 0.314891 0.713848 0.315364 0.713390 0.315940 0.708496 0.314401 0.706767 0.313026 0.704801 0.309580 0.704329 0.305441 0.704788 0.304864 0.704611 0.303312 0.706726 0.298877 0.711547 0.295182 0.715169 0.294769 0.715628 0.294192
0 0.203262 0.471611 0.203839 0.472070 0.206485 0.472292 0.208215 0.473667 0.208732 0.473608 0.211038 0.475442 0.211156 0.476477 0.212427 0.478429 0.212840 0.482052 0.211301 0.486945 0.209926 0.488674 0.207974 0.489945 0.206422 0.490122 0.205963 0.490699 0.202858 0.491053 0.202282 0.490594 0.201247 0.490712 0.200670 0.490254 0.199635 0.490372 0.197447 0.489573 0.196295 0.488656 0.195023 0.486704 0.194905 0.485669 0.194329 0.485211 0.194034 0.482623 0.193457 0.482165 0.193339 0.481130 0.194138 0.478942 0.193961 0.477390 0.196195 0.473990 0.198147 0.472719 0.199699 0.472542 0.200158 0.471965
0 0.493205 0.472099 0.496487 0.473297 0.497522 0.473179 0.500287 0.474437 0.502193 0.477365 0.502842 0.483057 0.501185 0.486915 0.500268 0.488068 0.498257 0.488822 0.495330 0.490728 0.493777 0.490905 0.493201 0.490447 0.492166 0.490565 0.490495 0.489707 0.488366 0.489426 0.486060 0.487592 0.483518 0.483688 0.482987 0.479031 0.483446 0.478454 0.483328 0.477419 0.486079 0.473960 0.487631 0.473783 0.488090 0.473207 0.489642 0.473030 0.490100 0.472453
0 0.586977 0.558909 0.591930 0.560966 0.592965 0.560848 0.595330 0.563199 0.595448 0.564234 0.597354 0.567162 0.598062 0.573372 0.597663 0.574466 0.595370 0.577348 0.591807 0.578279 0.591349 0.578855 0.585656 0.579504 0.585080 0.579046 0.581398 0.578941 0.576787 0.575273 0.576609 0.573721 0.576033 0.573263 0.575384 0.567570 0.576242 0.565900 0.576124 0.564865 0.579333 0.560829 0.580368 0.560711 0.580827 0.560135 0.583932 0.559781 0.584390 0.559204
0 0.041663 0.479554 0.044945 0.480752 0.046098 0.481669 0.048227 0.481950 0.049957 0.483326 0.051863 0.486254 0.052735 0.489300 0.053311 0.489758 0.053724 0.493380 0.052866 0.495051 0.052585 0.497180 0.049716 0.499604 0.046153 0.500534 0.044201 0.501805 0.039884 0.500725 0.037814 0.500961 0.035508 0.499127 0.035390 0.498092 0.033602 0.496199 0.032730 0.493153 0.032154 0.492695 0.032317 0.489531 0.033856 0.484638 0.036207 0.482273 0.041205 0.480130
0 0.371440 0.351262 0.372016 0.351721 0.374086 0.351485 0.375180 0.351884 0.377486 0.353718 0.377545 0.354235 0.378698 0.355152 0.378816 0.356187 0.380087 0.358139 0.380264 0.359692 0.379806 0.360268 0.380042 0.362338 0.377867 0.366255 0.376891 0.366891 0.375856 0.367009 0.375398 0.367585 0.373845 0.367763 0.373387 0.368339 0.371317 0.368575 0.370859 0.369151 0.367577 0.367953 0.363541 0.364744 0.363364 0.363191 0.362788 0.362733 0.362493 0.360145 0.362951 0.359569 0.362715 0.357499 0.363115 0.356405 0.367817 0.351675
0 0.612674 0.554406 0.613251 0.554865 0.615321 0.554629 0.615897 0.555087 0.617450 0.554910 0.618544 0.555310 0.620273 0.556685 0.622180 0.559613 0.622475 0.562201 0.623051 0.562659 0.622593 0.563236 0.622770 0.564788 0.622311 0.565364 0.622429 0.566399 0.619678 0.569858 0.618126 0.570035 0.617667 0.570612 0.614563 0.570966 0.614104 0.571542 0.611458 0.571320 0.608634 0.569545 0.608117 0.569604 0.606387 0.568229 0.605752 0.567253 0.605575 0.565700 0.604998 0.565242 0.604821 0.563689 0.605280 0.563113 0.605044 0.561043 0.606242 0.557761 0.611122 0.554584
0 0.778015 0.427566 0.778591 0.428025 0.780661 0.427789 0.781237 0.428247 0.784401 0.428411 0.787343 0.431221 0.787461 0.432255 0.788732 0.434207 0.788968 0.436277 0.789544 0.436736 0.790134 0.441911 0.787325 0.444852 0.784855 0.446182 0.783303 0.446359 0.782844 0.446936 0.776635 0.447644 0.776058 0.447185 0.774506 0.447362 0.772318 0.446563 0.769435 0.444271 0.769317 0.443236 0.768046 0.441284 0.767633 0.437662 0.768092 0.437085 0.768255 0.433921 0.771464 0.429886 0.774510 0.429014 0.774969 0.428438 0.776521 0.428261 0.776980 0.427684
0 0.213176 0.498788 0.213753 0.499246 0.215305 0.499069 0.215881 0.499528 0.216916 0.499410 0.219163 0.500726 0.219222 0.501244 0.221011 0.503137 0.221542 0.507794 0.220684 0.509464 0.220802 0.510499 0.218968 0.512805 0.217416 0.512982 0.216957 0.513559 0.214887 0.513795 0.214429 0.514371 0.212876 0.514548 0.212300 0.514090 0.211265 0.514208 0.209018 0.512892 0.208500 0.512951 0.207924 0.512492 0.207806 0.511457 0.205958 0.509047 0.205840 0.508012 0.206299 0.507435 0.206063 0.505365 0.206980 0.504212 0.206921 0.503695 0.207838 0.502542 0.207779 0.502024 0.209613 0.499718 0.210130 0.499660 0.210589 0.499083
0 0.798435 0.707786 0.799011 0.708245 0.801081 0.708009 0.801658 0.708467 0.803210 0.708290 0.807245 0.711499 0.807305 0.712017 0.807881 0.712475 0.808353 0.716615 0.807895 0.717192 0.808072 0.718744 0.807613 0.719321 0.807672 0.719838 0.804921 0.723297 0.798712 0.724005 0.798135 0.723547 0.797617 0.723606 0.795888 0.722230 0.795371 0.722289 0.793582 0.720396 0.793464 0.719361 0.792252 0.717927 0.791780 0.713787 0.792239 0.713211 0.792979 0.710505 0.793496 0.710446 0.794413 0.709293 0.794930 0.709234 0.796365 0.708022
0 0.660201 0.580440 0.660777 0.580898 0.662389 0.581239 0.663541 0.582156 0.664059 0.582097 0.664118 0.582614 0.665271 0.583531 0.665330 0.584049 0.664871 0.584625 0.665108 0.586695 0.664649 0.587271 0.664767 0.588306 0.664309 0.588883 0.664486 0.590435 0.662193 0.593318 0.661676 0.593377 0.661217 0.593953 0.659665 0.594130 0.659088 0.593672 0.655466 0.594085 0.654890 0.593626 0.654372 0.593685 0.653219 0.592768 0.653160 0.592251 0.652583 0.591792 0.652407 0.590240 0.651830 0.589782 0.651535 0.587194 0.651993 0.586618 0.651816 0.585065 0.652275 0.584489 0.652216 0.583971 0.653591 0.582242 0.655661 0.582006 0.656120 0.581429 0.657672 0.581252 0.658131 0.580676
0 0.593844 0.336680 0.594421 0.337139 0.595456 0.337021 0.597762 0.338855 0.597820 0.339372 0.598973 0.340289 0.599445 0.344429 0.598987 0.345005 0.599282 0.347593 0.598365 0.348746 0.598424 0.349263 0.596590 0.351569 0.596073 0.351628 0.595614 0.352205 0.589405 0.352913 0.588828 0.352454 0.587793 0.352572 0.586640 0.351655 0.586581 0.351138 0.584275 0.349304 0.583744 0.344647 0.584202 0.344070 0.584026 0.342518 0.584484 0.341941 0.584425 0.341424 0.586259 0.339118 0.586776 0.339059 0.587235 0.338482 0.588270 0.338364 0.588728 0.337788 0.590798 0.337552 0.591257 0.336975
0 0.753796 0.605938 0.754373 0.606396 0.755925 0.606219 0.756501 0.606678 0.757536 0.606560 0.758113 0.607018 0.760242 0.607300 0.762548 0.609133 0.762607 0.609651 0.764972 0.612002 0.765444 0.616142 0.764304 0.619941 0.761495 0.622883 0.760460 0.623001 0.760001 0.623577 0.757414 0.623872 0.756955 0.624449 0.753850 0.624803 0.753274 0.624345 0.751722 0.624522 0.748440 0.623323 0.746134 0.621489 0.745957 0.619937 0.744686 0.617985 0.744332 0.614880 0.744790 0.614304 0.744672 0.613269 0.745131 0.612692 0.745412 0.610563 0.746787 0.608834 0.748798 0.608080 0.749257 0.607504 0.750292 0.607386 0.750750 0.606809 0.751785 0.606691 0.752244 0.606115
0 0.275452 0.373740 0.276028 0.374198 0.277063 0.374080 0.278216 0.374997 0.281498 0.376196 0.284557 0.380041 0.285088 0.384698 0.284290 0.386886 0.282456 0.389192 0.280962 0.389886 0.279587 0.391616 0.278552 0.391734 0.278093 0.392310 0.274988 0.392664 0.274412 0.392206 0.272860 0.392383 0.271189 0.391525 0.270154 0.391643 0.267213 0.388833 0.267095 0.387798 0.265824 0.385846 0.265869 0.381647 0.267127 0.378883 0.268960 0.376577 0.270912 0.375306 0.271947 0.375188 0.273382 0.373976
0 0.317300 0.345379 0.317876 0.345837 0.320981 0.345483 0.321557 0.345942 0.323110 0.345765 0.323686 0.346223 0.324204 0.346164 0.325357 0.347081 0.325416 0.347599 0.327204 0.349491 0.327499 0.352079 0.328076 0.352537 0.328194 0.353572 0.327735 0.354149 0.327513 0.356795 0.323727 0.360372 0.321657 0.360608 0.321199 0.361185 0.317059 0.361657 0.314812 0.360340 0.314294 0.360399 0.312506 0.358506 0.312211 0.355919 0.311634 0.355461 0.311575 0.354943 0.312034 0.354367 0.311857 0.352814 0.312315 0.352238 0.312197 0.351203 0.313114 0.350050 0.313055 0.349532 0.315806 0.346073 0.316324 0.346014 0.316782 0.345438
0 0.471875 0.485016 0.475239 0.484632 0.477427 0.485431 0.480886 0.488182 0.482851 0.491627 0.482969 0.492662 0.482511 0.493239 0.482806 0.495826 0.481548 0.498590 0.480173 0.500320 0.477245 0.502226 0.469542 0.503629 0.466260 0.502430 0.463318 0.499621 0.461634 0.494046 0.462093 0.493470 0.461916 0.491917 0.462315 0.490824 0.463232 0.489670 0.465184 0.488400 0.467018 0.486094 0.468053 0.485976 0.468511 0.485399
0 0.400068 0.446025 0.402256 0.446824 0.406292 0.450033 0.406410 0.451068 0.406986 0.451526 0.407458 0.455666 0.407000 0.456243 0.407118 0.457278 0.404943 0.461195 0.402015 0.463102 0.397876 0.463574 0.397299 0.463115 0.394712 0.463410 0.392406 0.461576 0.391711 0.460083 0.390558 0.459166 0.389850 0.452956 0.390309 0.452380 0.390191 0.451345 0.392483 0.448462 0.393459 0.447827 0.394494 0.447709 0.394953 0.447132 0.397022 0.446896 0.397481 0.446320
0 0.221345 0.729032 0.224709 0.728649 0.231790 0.730987 0.234332 0.734890 0.235099 0.741618 0.234241 0.743288 0.233960 0.745417 0.230233 0.749511 0.229198 0.749629 0.227246 0.750901 0.226669 0.750442 0.220401 0.750633 0.216365 0.747423 0.213188 0.742544 0.212539 0.736851 0.213855 0.734604 0.214196 0.732993 0.217981 0.729416
0 0.299027 0.571299 0.299604 0.571758 0.301156 0.571581 0.301733 0.572039 0.302768 0.571921 0.304438 0.572779 0.304497 0.573297 0.305650 0.574214 0.305709 0.574731 0.306921 0.576165 0.307157 0.578235 0.306699 0.578812 0.306876 0.580364 0.306417 0.580941 0.306077 0.582552 0.305160 0.583705 0.305219 0.584223 0.301832 0.586706 0.300280 0.586883 0.299821 0.587459 0.297175 0.587237 0.296022 0.586320 0.295505 0.586379 0.294352 0.585462 0.293657 0.583968 0.291928 0.582593 0.291397 0.577936 0.291855 0.577359 0.292195 0.575748 0.293571 0.574018 0.294088 0.573959 0.296440 0.571594
0 0.713390 0.256180 0.713966 0.256639 0.716036 0.256403 0.716613 0.256861 0.718165 0.256684 0.718742 0.257143 0.719777 0.257025 0.719836 0.257542 0.720989 0.258459 0.721048 0.258976 0.722260 0.260411 0.722437 0.261963 0.723013 0.262422 0.723308 0.265009 0.722450 0.266680 0.722568 0.267715 0.722110 0.268291 0.722169 0.268809 0.720793 0.270538 0.719759 0.270656 0.719300 0.271233 0.718265 0.271351 0.717807 0.271927 0.715737 0.272163 0.715278 0.272740 0.714243 0.272858 0.713667 0.272399 0.712632 0.272517 0.712055 0.272059 0.709350 0.271319 0.707621 0.269943 0.706853 0.263216 0.709945 0.258146 0.710462 0.258087 0.711379 0.256934 0.712414 0.256816 0.712873 0.256239
0 0.311347 0.614976 0.311923 0.615435 0.314510 0.615140 0.315087 0.615598 0.315604 0.615539 0.315663 0.616057 0.317511 0.618467 0.317983 0.622607 0.317524 0.623184 0.317184 0.624795 0.316267 0.625948 0.316326 0.626465 0.315809 0.626525 0.315350 0.627101 0.314315 0.627219 0.313857 0.627796 0.311787 0.628031 0.311328 0.628608 0.309776 0.628785 0.309199 0.628327 0.308682 0.628386 0.307529 0.627469 0.307470 0.626951 0.305622 0.624541 0.305150 0.620401 0.305609 0.619824 0.305949 0.618213 0.307783 0.615907 0.308301 0.615848 0.308759 0.615272
0 0.596292 0.617607 0.599914 0.617194 0.600490 0.617652 0.602102 0.617993 0.603831 0.619368 0.604526 0.620862 0.606314 0.622755 0.606432 0.623790 0.605974 0.624366 0.606210 0.626436 0.605293 0.627589 0.605411 0.628624 0.604952 0.629200 0.605011 0.629718 0.603636 0.631447 0.603119 0.631506 0.601684 0.632718 0.593922 0.633603 0.591616 0.631770 0.591557 0.631252 0.590981 0.630794 0.590862 0.629759 0.590286 0.629300 0.590050 0.627230 0.589474 0.626772 0.589238 0.624702 0.589696 0.624125 0.589519 0.622573 0.589977 0.621996 0.589859 0.620961 0.591693 0.618656 0.592211 0.618597 0.592669 0.618020
0 0.676204 0.265663 0.681379 0.265072 0.685814 0.267188 0.688061 0.268504 0.689849 0.270397 0.690780 0.273960 0.691356 0.274419 0.691370 0.279135 0.688678 0.283112 0.684257 0.285713 0.679141 0.286820 0.678682 0.287397 0.677130 0.287574 0.670625 0.285694 0.668083 0.281791 0.667847 0.279721 0.667271 0.279262 0.667198 0.274028 0.668278 0.269711 0.669195 0.268559 0.673617 0.265958
0 0.300767 0.416460 0.301343 0.416918 0.302378 0.416800 0.302955 0.417258 0.303990 0.417140 0.304566 0.417599 0.305084 0.417540 0.307390 0.419374 0.307449 0.419891 0.308025 0.420350 0.308615 0.425525 0.307757 0.427195 0.307875 0.428230 0.306500 0.429959 0.305465 0.430077 0.305007 0.430654 0.303454 0.430831 0.302996 0.431407 0.299891 0.431761 0.299314 0.431303 0.296609 0.430563 0.295456 0.429646 0.295338 0.428611 0.293490 0.426201 0.293313 0.424648 0.293772 0.424072 0.293595 0.422519 0.294512 0.421366 0.294453 0.420849 0.295370 0.419696 0.295311 0.419178 0.298180 0.416755
0 0.092499 0.516218 0.093075 0.516676 0.095145 0.516440 0.097851 0.517180 0.101368 0.520449 0.102699 0.522918 0.103525 0.530163 0.103066 0.530739 0.103184 0.531774 0.100433 0.535233 0.099398 0.535351 0.098940 0.535928 0.095317 0.536341 0.094859 0.536917 0.092789 0.537153 0.092213 0.536695 0.091178 0.536813 0.087837 0.535097 0.086225 0.534756 0.085013 0.533322 0.084895 0.532287 0.083624 0.530335 0.083270 0.527230 0.082694 0.526772 0.083152 0.526195 0.082916 0.524125 0.083656 0.521420 0.085490 0.519114 0.090429 0.516454
0 0.827850 0.616365 0.831472 0.615952 0.834237 0.617209 0.835390 0.618126 0.838567 0.623006 0.838744 0.624559 0.839321 0.625017 0.839675 0.628122 0.839216 0.628698 0.839334 0.629733 0.837959 0.631463 0.837619 0.633074 0.837101 0.633133 0.835726 0.634863 0.833256 0.636193 0.826529 0.636960 0.821059 0.634962 0.818576 0.631576 0.817927 0.625884 0.818667 0.623178 0.822276 0.618049 0.824228 0.616778
0 0.374667 0.393355 0.375243 0.393813 0.380418 0.393223 0.381571 0.394140 0.382089 0.394081 0.382148 0.394599 0.383301 0.395516 0.383360 0.396033 0.385089 0.397409 0.385561 0.401549 0.385103 0.402125 0.384363 0.404830 0.381494 0.407254 0.375284 0.407963 0.374708 0.407504 0.374190 0.407563 0.372461 0.406188 0.372402 0.405670 0.370554 0.403260 0.370082 0.399120 0.371398 0.396873 0.371339 0.396355 0.373632 0.393473
0 0.437757 0.551287 0.438334 0.551745 0.443508 0.551155 0.445814 0.552989 0.447085 0.554941 0.447204 0.555976 0.447780 0.556434 0.448134 0.559539 0.446137 0.565009 0.444761 0.566738 0.443785 0.567374 0.442750 0.567492 0.442292 0.568069 0.441257 0.568186 0.440798 0.568763 0.437694 0.569117 0.434870 0.567342 0.434353 0.567401 0.431293 0.563556 0.430998 0.560969 0.430422 0.560510 0.430304 0.559475 0.431103 0.557288 0.432020 0.556135 0.431961 0.555617 0.433794 0.553311 0.436722 0.551405
0 0.408940 0.730707 0.409517 0.731165 0.412104 0.730870 0.413834 0.732245 0.413893 0.732763 0.415740 0.735173 0.416271 0.739831 0.415813 0.740407 0.415931 0.741442 0.415472 0.742019 0.415132 0.743630 0.414215 0.744783 0.413697 0.744842 0.413239 0.745418 0.408064 0.746009 0.407606 0.746585 0.405359 0.745269 0.404841 0.745328 0.403112 0.743952 0.402994 0.742917 0.402417 0.742459 0.402299 0.741424 0.401723 0.740965 0.401487 0.738895 0.401945 0.738319 0.401768 0.736766 0.402685 0.735614 0.402626 0.735096 0.403943 0.732849 0.403884 0.732332 0.404401 0.732273 0.405318 0.731120
0 0.176826 0.419060 0.177402 0.419518 0.179990 0.419223 0.180566 0.419681 0.183213 0.419904 0.185119 0.422832 0.185237 0.423867 0.185814 0.424325 0.185991 0.425878 0.186567 0.426336 0.186803 0.428406 0.186345 0.428983 0.186522 0.430535 0.186122 0.431629 0.184288 0.433935 0.183254 0.434053 0.182795 0.434629 0.181243 0.434806 0.180784 0.435383 0.177162 0.435796 0.174974 0.434997 0.173821 0.434080 0.173303 0.434139 0.171574 0.432764 0.171456 0.431729 0.170185 0.429777 0.169831 0.426672 0.170289 0.426095 0.170171 0.425060 0.173381 0.421025 0.175333 0.419754 0.176368 0.419636
0 0.792693 0.611462 0.794881 0.612261 0.797823 0.615071 0.797941 0.616106 0.798517 0.616564 0.798871 0.619669 0.798413 0.620246 0.798590 0.621798 0.798190 0.622892 0.794981 0.626928 0.794005 0.627563 0.786760 0.628389 0.785090 0.627531 0.785031 0.627014 0.782089 0.624204 0.781676 0.620582 0.782135 0.620005 0.781958 0.618453 0.782757 0.616265 0.785567 0.613323 0.786602 0.613205 0.787060 0.612629 0.790165 0.612275 0.790623 0.611698
0 0.072295 0.430979 0.075400 0.430625 0.077647 0.431941 0.078164 0.431882 0.078741 0.432341 0.078800 0.432858 0.080647 0.435269 0.080765 0.436304 0.081342 0.436762 0.081637 0.439349 0.081178 0.439926 0.080956 0.442572 0.079122 0.444878 0.078087 0.444996 0.077629 0.445573 0.070384 0.446399 0.067043 0.444683 0.066925 0.443648 0.065713 0.442214 0.065123 0.437039 0.065981 0.435368 0.065863 0.434333 0.067697 0.432027 0.068732 0.431909 0.069190 0.431333
0 0.352821 0.746542 0.356185 0.746158 0.360220 0.749367 0.360338 0.750402 0.360914 0.750861 0.361033 0.751896 0.361609 0.752354 0.361668 0.752872 0.361210 0.753448 0.361505 0.756036 0.358295 0.760071 0.357778 0.760130 0.357319 0.760706 0.356743 0.760248 0.353638 0.760602 0.353061 0.760143 0.350992 0.760379 0.348686 0.758546 0.348627 0.758028 0.347474 0.757111 0.347297 0.755559 0.346085 0.754124 0.346543 0.753548 0.346248 0.750960 0.346707 0.750384 0.346648 0.749866 0.348481 0.747561 0.348999 0.747501 0.349457 0.746925
0 0.292813 0.530595 0.293390 0.531054 0.294942 0.530877 0.295519 0.531335 0.298224 0.532075 0.300530 0.533909 0.300648 0.534944 0.301224 0.535403 0.301520 0.537990 0.301061 0.538566 0.301179 0.539601 0.300721 0.540178 0.300898 0.541730 0.300439 0.542307 0.300498 0.542824 0.298147 0.545189 0.297629 0.545248 0.297171 0.545825 0.295618 0.546002 0.295160 0.546578 0.293607 0.546755 0.293031 0.546297 0.291996 0.546415 0.289749 0.545098 0.288138 0.544758 0.286349 0.542865 0.286231 0.541830 0.285019 0.540396 0.284488 0.535738 0.285405 0.534585 0.285346 0.534068 0.286780 0.532856 0.287815 0.532738 0.288274 0.532161 0.289826 0.531984 0.290285 0.531408 0.291837 0.531231 0.292296 0.530654
0 0.379862 0.719344 0.380438 0.719803 0.380956 0.719744 0.381532 0.720202 0.383144 0.720543 0.384297 0.721460 0.384356 0.721977 0.385568 0.723412 0.385863 0.725999 0.385404 0.726576 0.385522 0.727611 0.382313 0.731646 0.381795 0.731705 0.381337 0.732282 0.376162 0.732872 0.375586 0.732413 0.374551 0.732531 0.373398 0.731614 0.373280 0.730579 0.372703 0.730121 0.372054 0.724428 0.373312 0.721664 0.373829 0.721605 0.374288 0.721029 0.375322 0.720911 0.376757 0.719699
0 0.071889 0.629700 0.072466 0.630159 0.074018 0.629982 0.074595 0.630440 0.076147 0.630263 0.076724 0.630722 0.078276 0.630544 0.079370 0.630944 0.080523 0.631861 0.081041 0.631802 0.081100 0.632319 0.084041 0.635129 0.084572 0.639787 0.084114 0.640363 0.084291 0.641915 0.081199 0.646986 0.079188 0.647739 0.078730 0.648316 0.073097 0.649482 0.072520 0.649024 0.069356 0.648860 0.067168 0.648062 0.065262 0.645134 0.064967 0.642546 0.064391 0.642088 0.064272 0.641053 0.064731 0.640476 0.064554 0.638924 0.065693 0.635125 0.066211 0.635066 0.068045 0.632760 0.071431 0.630277
0 0.351184 0.527609 0.356359 0.527019 0.356935 0.527477 0.357970 0.527359 0.363676 0.531427 0.364207 0.536084 0.363749 0.536660 0.363867 0.537695 0.362950 0.538848 0.362151 0.541036 0.362269 0.542071 0.359060 0.546107 0.356472 0.546402 0.356014 0.546978 0.351356 0.547509 0.345886 0.545512 0.344674 0.544078 0.343803 0.541032 0.343226 0.540573 0.342577 0.534881 0.343036 0.534304 0.342859 0.532752 0.344693 0.530446 0.348597 0.527904
0 0.627531 0.680095 0.628107 0.680554 0.632306 0.680599 0.637494 0.684725 0.639977 0.688112 0.640154 0.689664 0.640731 0.690122 0.641144 0.693745 0.639487 0.697603 0.636736 0.701062 0.630762 0.703840 0.627140 0.704253 0.621670 0.702256 0.617458 0.697494 0.617222 0.695424 0.616645 0.694966 0.616114 0.690308 0.617195 0.685992 0.619945 0.682533 0.624485 0.680967 0.624943 0.680390
0 0.822956 0.674586 0.825544 0.674291 0.827791 0.675607 0.828308 0.675548 0.830614 0.677382 0.830732 0.678417 0.831944 0.679852 0.832416 0.683991 0.831958 0.684568 0.832017 0.685085 0.830183 0.687391 0.830242 0.687909 0.829724 0.687968 0.829266 0.688544 0.828231 0.688662 0.827772 0.689239 0.820010 0.690124 0.818857 0.689207 0.818798 0.688690 0.816951 0.686279 0.816833 0.685244 0.816256 0.684786 0.815725 0.680128 0.816184 0.679552 0.816066 0.678517 0.818358 0.675635 0.819910 0.675457 0.820369 0.674881
0 0.232163 0.600940 0.232740 0.601399 0.235327 0.601104 0.237515 0.601903 0.239244 0.603278 0.239998 0.605289 0.240574 0.605748 0.241164 0.610922 0.240706 0.611499 0.240942 0.613569 0.239108 0.615875 0.238591 0.615934 0.237674 0.617087 0.236121 0.617264 0.235663 0.617840 0.233593 0.618076 0.233134 0.618653 0.231064 0.618889 0.228877 0.618090 0.226571 0.616256 0.226053 0.616315 0.224900 0.615398 0.223629 0.613446 0.223511 0.612411 0.222935 0.611953 0.222817 0.610918 0.223275 0.610341 0.222980 0.607754 0.223439 0.607177 0.223661 0.604531 0.228541 0.601353
0 0.158972 0.570495 0.162594 0.570082 0.165876 0.571280 0.168758 0.573573 0.169394 0.574548 0.169748 0.577653 0.170325 0.578112 0.169126 0.581394 0.167174 0.582665 0.163965 0.586700 0.157238 0.587467 0.154991 0.586151 0.154932 0.585633 0.153143 0.583740 0.152435 0.577531 0.152894 0.576954 0.152776 0.575919 0.153974 0.572637 0.155349 0.570908
0 0.802781 0.419500 0.803358 0.419959 0.808591 0.419886 0.810779 0.420685 0.814874 0.424412 0.814992 0.425447 0.815568 0.425905 0.815981 0.429528 0.815523 0.430104 0.815641 0.431139 0.813407 0.434539 0.813466 0.435056 0.811056 0.436904 0.803353 0.438306 0.802776 0.437848 0.800130 0.437626 0.797824 0.435792 0.797307 0.435851 0.795518 0.433958 0.795223 0.431370 0.794647 0.430912 0.795105 0.430335 0.794751 0.427231 0.795550 0.425043 0.795373 0.423490 0.797266 0.421702 0.798301 0.421584 0.800253 0.420313 0.801805 0.420136 0.802264 0.419559
0 0.668417 0.537566 0.668994 0.538025 0.671063 0.537789 0.671640 0.538247 0.672675 0.538129 0.673251 0.538588 0.674286 0.538469 0.675380 0.538869 0.677745 0.541220 0.678381 0.542196 0.678499 0.543231 0.678040 0.543808 0.678335 0.546395 0.677877 0.546972 0.678054 0.548524 0.677654 0.549618 0.675303 0.551983 0.673751 0.552160 0.673292 0.552737 0.672257 0.552855 0.671799 0.553431 0.670246 0.553608 0.669788 0.554185 0.667082 0.553445 0.665929 0.552528 0.663741 0.551729 0.662588 0.550812 0.662471 0.549777 0.661894 0.549318 0.661422 0.545178 0.661880 0.544602 0.661703 0.543050 0.664913 0.539014 0.665889 0.538379 0.666924 0.538261 0.667382 0.537684
0 0.423508 0.536661 0.424085 0.537119 0.425637 0.536942 0.427825 0.537741 0.428978 0.538658 0.429096 0.539693 0.430308 0.541128 0.430839 0.545785 0.430381 0.546362 0.430617 0.548431 0.426949 0.553043 0.425973 0.553679 0.424938 0.553797 0.424480 0.554373 0.422410 0.554609 0.421833 0.554151 0.417693 0.554623 0.415964 0.553247 0.415270 0.551754 0.414117 0.550837 0.413940 0.549285 0.413363 0.548826 0.413068 0.546239 0.413527 0.545662 0.413350 0.544110 0.415124 0.541286 0.415065 0.540769 0.416441 0.539039 0.417417 0.538404 0.418452 0.538286 0.418910 0.537710 0.420463 0.537532 0.420921 0.536956
0 0.704510 0.408165 0.709580 0.411256 0.712122 0.415160 0.712712 0.420335 0.712254 0.420911 0.712431 0.422464 0.711514 0.423617 0.711232 0.425745 0.706929 0.429381 0.699685 0.430208 0.694732 0.428151 0.693579 0.427234 0.691673 0.424306 0.691083 0.419132 0.691541 0.418555 0.691364 0.417003 0.693597 0.413603 0.693538 0.413085 0.694056 0.413026 0.696866 0.410085 0.697842 0.409449 0.703017 0.408859 0.703475 0.408283
0 0.516643 0.342044 0.517796 0.342961 0.518313 0.342902 0.522349 0.346111 0.522984 0.347087 0.523102 0.348122 0.523679 0.348581 0.524727 0.353179 0.524269 0.353755 0.524387 0.354790 0.523011 0.356520 0.521059 0.357791 0.520024 0.357909 0.519566 0.358485 0.514391 0.359075 0.513815 0.358617 0.511745 0.358853 0.509498 0.357536 0.509439 0.357019 0.507074 0.354668 0.506602 0.350528 0.507060 0.349951 0.506883 0.348399 0.507283 0.347305 0.509975 0.343329 0.513597 0.342915 0.514055 0.342339
0 0.568259 0.390152 0.568835 0.390610 0.571482 0.390833 0.572634 0.391750 0.573152 0.391691 0.576034 0.393983 0.577482 0.397487 0.577024 0.398064 0.576861 0.401228 0.575662 0.404510 0.573828 0.406816 0.570442 0.409299 0.566820 0.409712 0.566243 0.409253 0.565208 0.409371 0.563020 0.408572 0.561867 0.407655 0.560596 0.405703 0.560478 0.404668 0.559902 0.404210 0.559725 0.402657 0.559148 0.402199 0.558676 0.398059 0.559135 0.397483 0.558958 0.395930 0.560274 0.393683 0.563202 0.391777 0.565730 0.390964 0.566189 0.390388
0 0.105993 0.618472 0.109357 0.618089 0.113333 0.620781 0.114028 0.622274 0.116393 0.624626 0.116865 0.628765 0.116406 0.629342 0.116125 0.631471 0.114232 0.633259 0.111304 0.635166 0.106129 0.635756 0.105671 0.636332 0.103542 0.636051 0.100083 0.633300 0.099906 0.631748 0.098635 0.629796 0.098163 0.625656 0.099361 0.622374 0.102630 0.618856
0 0.887560 0.638912 0.888136 0.639371 0.890724 0.639076 0.893429 0.639816 0.899135 0.643883 0.900006 0.646929 0.900583 0.647387 0.900701 0.648422 0.900242 0.648999 0.900538 0.651586 0.899162 0.653315 0.899221 0.653833 0.896470 0.657292 0.894518 0.658563 0.891413 0.658917 0.890955 0.659493 0.887850 0.659847 0.883992 0.658190 0.881109 0.655898 0.879779 0.653429 0.879071 0.647219 0.879811 0.644514 0.880329 0.644455 0.882104 0.641631 0.885490 0.639148
0 0.582447 0.583539 0.583023 0.583998 0.585093 0.583762 0.585670 0.584220 0.588834 0.584384 0.592869 0.587593 0.593741 0.590639 0.594317 0.591098 0.594789 0.595237 0.593591 0.598519 0.592215 0.600249 0.590264 0.601520 0.588194 0.601756 0.585724 0.603086 0.584172 0.603263 0.581984 0.602464 0.580431 0.602641 0.576632 0.601501 0.573514 0.597139 0.573100 0.593517 0.573559 0.592940 0.573382 0.591388 0.573840 0.590811 0.573722 0.589776 0.575438 0.586435 0.577390 0.585165 0.581989 0.584116
0 0.070339 0.390838 0.070915 0.391296 0.072468 0.391119 0.075750 0.392318 0.076785 0.392200 0.079091 0.394034 0.080997 0.396962 0.081705 0.403171 0.080448 0.405936 0.080566 0.406971 0.078214 0.409336 0.075627 0.409631 0.075169 0.410207 0.071029 0.410679 0.070452 0.410221 0.068900 0.410398 0.065618 0.409199 0.063135 0.405813 0.062086 0.401215 0.062545 0.400638 0.062368 0.399086 0.063167 0.396898 0.064942 0.394074 0.069821 0.390897
0 0.910157 0.556656 0.910734 0.557114 0.914415 0.557219 0.916662 0.558535 0.918509 0.560945 0.918686 0.562498 0.919263 0.562956 0.919853 0.568131 0.919054 0.570319 0.916762 0.573202 0.914810 0.574473 0.913775 0.574591 0.913316 0.575167 0.911246 0.575403 0.910788 0.575980 0.909753 0.576098 0.909176 0.575639 0.906071 0.575993 0.905495 0.575535 0.903943 0.575712 0.902849 0.575312 0.899272 0.571526 0.898977 0.568939 0.898400 0.568480 0.898387 0.563764 0.899644 0.561000 0.901478 0.558694 0.906076 0.557645 0.906535 0.557069
0 0.624177 0.494384 0.624754 0.494842 0.628376 0.494429 0.628953 0.494887 0.630505 0.494710 0.632811 0.496544 0.632988 0.498097 0.633565 0.498555 0.633860 0.501143 0.633401 0.501719 0.633637 0.503789 0.631345 0.506671 0.630310 0.506790 0.629851 0.507366 0.628299 0.507543 0.627840 0.508119 0.624736 0.508474 0.624159 0.508015 0.623642 0.508074 0.620183 0.505323 0.619829 0.502218 0.619252 0.501760 0.619711 0.501183 0.620451 0.498478 0.623201 0.495019 0.623719 0.494960
0 0.727585 0.711671 0.728162 0.712130 0.729197 0.712012 0.729773 0.712470 0.730291 0.712411 0.732020 0.713787 0.732079 0.714304 0.733927 0.716714 0.734222 0.719302 0.734798 0.719760 0.735093 0.722348 0.734635 0.722924 0.734812 0.724477 0.733954 0.726147 0.732919 0.726265 0.732460 0.726842 0.729356 0.727196 0.728897 0.727772 0.727862 0.727890 0.727286 0.727432 0.726251 0.727550 0.725674 0.727091 0.724063 0.726751 0.722333 0.725375 0.722274 0.724858 0.721698 0.724399 0.721580 0.723364 0.721003 0.722906 0.720413 0.717731 0.720872 0.717155 0.721612 0.714449 0.722529 0.713296 0.723046 0.713237 0.724481 0.712025
0 0.818533 0.307096 0.821897 0.306712 0.824085 0.307511 0.827544 0.310262 0.828179 0.311238 0.828297 0.312273 0.828874 0.312732 0.829169 0.315319 0.828311 0.316990 0.828429 0.318024 0.826595 0.320330 0.823667 0.322237 0.820562 0.322591 0.820104 0.323167 0.816999 0.323521 0.814811 0.322722 0.811870 0.319913 0.811633 0.317843 0.811057 0.317384 0.810703 0.314279 0.811161 0.313703 0.811043 0.312668 0.811443 0.311574 0.813735 0.308692 0.814253 0.308633 0.815170 0.307480
0 0.922560 0.389592 0.923136 0.390050 0.925265 0.390332 0.929818 0.393482 0.930867 0.398080 0.930408 0.398657 0.930644 0.400727 0.930245 0.401821 0.927494 0.405279 0.925483 0.406033 0.925024 0.406610 0.923989 0.406728 0.923531 0.407304 0.922496 0.407422 0.921919 0.406964 0.917262 0.407495 0.915533 0.406119 0.915415 0.405084 0.913567 0.402674 0.913213 0.399569 0.912637 0.399110 0.913095 0.398534 0.912800 0.395947 0.913999 0.392665 0.915374 0.390935 0.917961 0.390640 0.918420 0.390064
0 0.133769 0.666678 0.134345 0.667136 0.137509 0.667300 0.140791 0.668498 0.141944 0.669415 0.142462 0.669356 0.145403 0.672166 0.145816 0.675788 0.145358 0.676365 0.145535 0.677917 0.144277 0.680682 0.142443 0.682987 0.141408 0.683105 0.139456 0.684376 0.137387 0.684612 0.136928 0.685189 0.133247 0.685085 0.131059 0.684286 0.131000 0.683768 0.128694 0.681934 0.127940 0.679923 0.127364 0.679465 0.127187 0.677912 0.126610 0.677454 0.127010 0.676360 0.126656 0.673255 0.127114 0.672679 0.127396 0.670550 0.130782 0.668067 0.133310 0.667254
0 0.163716 0.460394 0.164293 0.460853 0.165845 0.460676 0.166422 0.461134 0.167457 0.461016 0.169763 0.462850 0.169822 0.463368 0.171669 0.465778 0.172200 0.470435 0.171742 0.471012 0.171002 0.473717 0.169109 0.475506 0.168074 0.475624 0.167615 0.476200 0.166063 0.476377 0.165604 0.476954 0.163535 0.477190 0.162958 0.476731 0.161923 0.476849 0.160770 0.475932 0.160253 0.475991 0.157370 0.473699 0.157311 0.473181 0.156099 0.471747 0.155509 0.466572 0.155968 0.465996 0.155909 0.465478 0.158201 0.462596 0.158718 0.462537 0.161129 0.460689
0 0.494649 0.434191 0.495226 0.434650 0.496778 0.434473 0.497355 0.434931 0.498390 0.434813 0.498966 0.435272 0.499483 0.435213 0.502366 0.437505 0.502425 0.438023 0.503001 0.438481 0.503414 0.442104 0.502956 0.442680 0.503074 0.443715 0.502616 0.444291 0.502275 0.445903 0.501817 0.446479 0.501299 0.446538 0.498889 0.448386 0.497854 0.448504 0.497395 0.449080 0.494808 0.449375 0.494231 0.448917 0.493196 0.449035 0.492620 0.448576 0.491008 0.448236 0.489856 0.447319 0.489796 0.446802 0.488585 0.445367 0.487876 0.439157 0.488335 0.438581 0.488217 0.437546 0.490627 0.435698 0.492180 0.435521 0.492638 0.434945 0.493673 0.434827 0.494132 0.434250
0 0.260345 0.330905 0.263709 0.330521 0.264285 0.330980 0.264803 0.330921 0.268380 0.334707 0.268911 0.339364 0.268452 0.339940 0.268688 0.342010 0.268230 0.342587 0.268348 0.343622 0.267889 0.344198 0.267549 0.345810 0.265139 0.347657 0.258929 0.348365 0.256682 0.347049 0.256164 0.347108 0.254834 0.344638 0.253681 0.343721 0.253150 0.339064 0.253609 0.338488 0.253373 0.336418 0.256982 0.331288
0 0.671300 0.480099 0.671876 0.480557 0.673946 0.480321 0.674005 0.480839 0.674582 0.481297 0.674700 0.482332 0.675276 0.482791 0.675748 0.486930 0.675290 0.487507 0.675408 0.488542 0.674949 0.489118 0.674432 0.489177 0.673515 0.490330 0.672998 0.490389 0.671563 0.491601 0.670528 0.491719 0.670070 0.492296 0.668517 0.492473 0.665635 0.490180 0.665576 0.489663 0.664999 0.489204 0.664763 0.487135 0.665222 0.486558 0.665045 0.485006 0.665503 0.484429 0.665444 0.483912 0.665903 0.483335 0.665844 0.482818 0.666302 0.482241 0.666243 0.481724 0.667160 0.480571
0 0.365095 0.764538 0.365672 0.764996 0.367224 0.764819 0.371082 0.766476 0.373965 0.768768 0.374083 0.769803 0.374659 0.770262 0.374895 0.772332 0.375472 0.772790 0.375013 0.773367 0.375367 0.776471 0.374228 0.780271 0.372853 0.782000 0.370901 0.783271 0.368372 0.784084 0.367914 0.784660 0.365326 0.784955 0.364750 0.784497 0.363198 0.784674 0.359916 0.783475 0.357492 0.780607 0.356620 0.777561 0.356044 0.777102 0.355513 0.772445 0.355971 0.771868 0.355794 0.770316 0.356593 0.768128 0.358027 0.766916 0.359062 0.766798 0.359521 0.766222 0.361591 0.765986 0.363543 0.764715
0 0.205360 0.421048 0.205936 0.421506 0.207489 0.421329 0.208065 0.421788 0.209100 0.421670 0.209159 0.422187 0.211007 0.424598 0.211302 0.427185 0.211878 0.427644 0.211996 0.428679 0.211538 0.429255 0.211833 0.431842 0.210458 0.433572 0.209940 0.433631 0.208506 0.434843 0.207471 0.434961 0.206554 0.436114 0.205519 0.436232 0.205060 0.436808 0.202414 0.436586 0.200108 0.434752 0.199590 0.434811 0.197861 0.433436 0.197802 0.432918 0.197225 0.432460 0.197048 0.430907 0.196472 0.430449 0.196295 0.428896 0.196753 0.428320 0.196576 0.426767 0.200244 0.422156 0.200762 0.422096 0.201220 0.421520
0 0.453793 0.747085 0.454370 0.747543 0.455404 0.747425 0.455981 0.747884 0.458110 0.748165 0.459839 0.749541 0.461746 0.752468 0.461982 0.754538 0.462558 0.754997 0.462676 0.756032 0.462218 0.756608 0.462454 0.758678 0.461255 0.761960 0.459422 0.764266 0.455518 0.766808 0.453965 0.766985 0.453389 0.766527 0.451837 0.766704 0.451260 0.766245 0.449190 0.766481 0.447002 0.765682 0.445849 0.764765 0.445332 0.764824 0.444578 0.762813 0.443366 0.761379 0.442835 0.756722 0.443294 0.756145 0.443117 0.754593 0.443516 0.753499 0.446725 0.749463 0.448736 0.748710 0.449195 0.748133 0.450747 0.747956 0.451206 0.747380
0 0.319075 0.282796 0.322180 0.282441 0.328685 0.284321 0.331050 0.286672 0.334404 0.293104 0.335053 0.298797 0.333973 0.303114 0.332198 0.305937 0.325707 0.308774 0.319261 0.307412 0.313156 0.304439 0.310214 0.301629 0.308825 0.298642 0.308412 0.295020 0.309833 0.289091 0.311608 0.286268 0.315970 0.283150
0 0.684437 0.448197 0.685013 0.448655 0.686566 0.448478 0.687142 0.448937 0.688177 0.448819 0.688754 0.449277 0.690365 0.449617 0.690424 0.450135 0.691001 0.450593 0.691296 0.453181 0.691872 0.453639 0.692344 0.457779 0.691886 0.458356 0.691545 0.459967 0.691087 0.460544 0.690052 0.460662 0.689593 0.461238 0.687523 0.461474 0.687065 0.462051 0.682925 0.462523 0.682349 0.462064 0.681314 0.462182 0.680737 0.461724 0.680220 0.461783 0.680161 0.461265 0.679584 0.460807 0.679466 0.459772 0.678890 0.459313 0.678418 0.455173 0.679675 0.452409 0.679557 0.451374 0.681391 0.449068 0.681909 0.449009 0.682367 0.448433
0 0.497407 0.633076 0.497984 0.633535 0.498501 0.633476 0.500231 0.634851 0.500748 0.634792 0.500866 0.635827 0.501443 0.636285 0.501561 0.637320 0.502137 0.637779 0.502668 0.642436 0.502210 0.643013 0.501470 0.645718 0.500095 0.647448 0.499577 0.647507 0.499119 0.648083 0.497049 0.648319 0.496590 0.648896 0.492450 0.649368 0.489568 0.647075 0.489450 0.646040 0.488874 0.645582 0.488755 0.644547 0.488179 0.644088 0.487707 0.639949 0.488165 0.639372 0.488905 0.636667 0.490739 0.634361 0.495397 0.633830 0.495855 0.633253
0 0.092511 0.670334 0.095875 0.669950 0.096969 0.670350 0.100428 0.673101 0.101758 0.675570 0.102911 0.676487 0.103324 0.680109 0.102466 0.681780 0.102184 0.683909 0.099034 0.688461 0.098058 0.689097 0.092366 0.689746 0.091907 0.690323 0.089202 0.689583 0.087472 0.688207 0.085625 0.685797 0.085507 0.684762 0.084236 0.682810 0.083941 0.680223 0.084399 0.679646 0.084281 0.678611 0.085139 0.676941 0.085421 0.674812 0.088172 0.671353 0.089148 0.670717
0 0.587802 0.745433 0.588379 0.745892 0.590508 0.746173 0.595755 0.750817 0.596626 0.753863 0.597203 0.754321 0.596803 0.755415 0.597039 0.757485 0.596640 0.758579 0.593431 0.762615 0.591479 0.763886 0.586822 0.764417 0.586245 0.763958 0.584175 0.764194 0.581987 0.763395 0.579105 0.761103 0.578351 0.759092 0.577775 0.758634 0.577657 0.757599 0.577080 0.757140 0.577480 0.756046 0.577303 0.754494 0.578842 0.749600 0.580217 0.747871 0.580734 0.747812 0.581651 0.746659 0.586826 0.746069 0.587285 0.745492
0 0.744974 0.358469 0.745550 0.358927 0.746585 0.358809 0.747162 0.359268 0.748773 0.359608 0.752291 0.362877 0.752999 0.369086 0.751742 0.371851 0.750248 0.372545 0.748355 0.374334 0.746803 0.374511 0.746344 0.375087 0.745309 0.375205 0.744733 0.374747 0.743181 0.374924 0.741510 0.374066 0.740475 0.374184 0.739899 0.373725 0.739381 0.373784 0.737593 0.371891 0.737298 0.369304 0.736721 0.368846 0.736603 0.367811 0.737062 0.367234 0.736826 0.365164 0.737284 0.364588 0.738024 0.361882 0.739917 0.360094 0.740952 0.359976 0.741410 0.359399 0.742445 0.359281 0.742904 0.358705
0 0.563009 0.744067 0.568478 0.746064 0.569631 0.746981 0.570385 0.748992 0.570961 0.749451 0.571905 0.757730 0.570072 0.760036 0.568120 0.761307 0.567085 0.761425 0.566626 0.762002 0.564556 0.762238 0.564098 0.762814 0.563521 0.762356 0.560357 0.762192 0.557076 0.760994 0.555346 0.759618 0.554829 0.759677 0.554652 0.758125 0.554075 0.757667 0.553485 0.752492 0.553944 0.751915 0.554107 0.748751 0.555482 0.747022 0.557493 0.746268 0.557952 0.745692 0.558987 0.745574 0.559445 0.744997 0.560480 0.744879 0.560939 0.744303
0 0.746417 0.320561 0.748088 0.321419 0.749123 0.321301 0.752005 0.323594 0.752123 0.324629 0.752700 0.325087 0.752818 0.326122 0.753394 0.326580 0.753807 0.330203 0.753349 0.330779 0.753126 0.333426 0.751751 0.335155 0.751234 0.335214 0.750775 0.335791 0.749740 0.335909 0.749282 0.336485 0.745142 0.336957 0.744565 0.336499 0.742495 0.336735 0.741919 0.336276 0.741401 0.336335 0.739672 0.334960 0.739554 0.333925 0.738342 0.332490 0.737870 0.328351 0.738328 0.327774 0.739468 0.323975 0.740385 0.322822 0.740902 0.322763 0.741361 0.322186 0.742913 0.322009 0.743372 0.321433 0.745441 0.321197 0.745900 0.320620
0 0.375438 0.441494 0.376015 0.441953 0.379119 0.441599 0.380849 0.442974 0.380908 0.443492 0.382061 0.444409 0.382120 0.444926 0.383273 0.445843 0.383332 0.446360 0.385120 0.448253 0.386051 0.451817 0.383418 0.456311 0.382383 0.456429 0.381925 0.457005 0.379855 0.457241 0.379396 0.457818 0.374739 0.458349 0.374162 0.457890 0.374103 0.457373 0.373527 0.456914 0.372832 0.455421 0.371679 0.454504 0.371621 0.453986 0.370409 0.452552 0.370290 0.451517 0.369714 0.451059 0.369124 0.445884 0.370041 0.444731 0.369982 0.444213 0.371357 0.442484 0.371875 0.442425 0.372333 0.441848
0 0.390065 0.307726 0.390641 0.308184 0.393746 0.307830 0.394323 0.308289 0.396392 0.308053 0.401063 0.312238 0.401181 0.313273 0.403029 0.315683 0.402629 0.316777 0.402865 0.318847 0.400691 0.322765 0.400750 0.323282 0.399774 0.323918 0.398739 0.324036 0.398281 0.324612 0.394658 0.325025 0.394082 0.324567 0.390977 0.324921 0.386883 0.321194 0.386706 0.319642 0.385435 0.317690 0.385893 0.317113 0.385716 0.315561 0.386175 0.314984 0.386057 0.313949 0.386973 0.312796 0.386855 0.311761 0.387255 0.310667 0.389547 0.307785
0 0.451978 0.675999 0.452554 0.676458 0.453589 0.676340 0.454166 0.676798 0.454683 0.676739 0.455836 0.677656 0.456354 0.677597 0.459236 0.679890 0.459295 0.680407 0.460448 0.681324 0.460507 0.681841 0.461084 0.682300 0.461261 0.683852 0.460802 0.684429 0.460062 0.687134 0.458687 0.688864 0.458169 0.688923 0.457711 0.689499 0.456676 0.689617 0.456217 0.690194 0.454665 0.690371 0.454207 0.690947 0.452137 0.691183 0.451560 0.690725 0.451043 0.690784 0.448160 0.688491 0.448101 0.687974 0.447525 0.687515 0.446994 0.682858 0.447452 0.682282 0.447275 0.680729 0.449109 0.678423 0.449050 0.677906 0.449508 0.677329 0.450026 0.677270 0.450943 0.676117
0 0.201276 0.780596 0.201853 0.781055 0.204440 0.780760 0.207899 0.783511 0.207958 0.784028 0.208535 0.784487 0.208712 0.786039 0.209288 0.786497 0.209524 0.788567 0.209066 0.789144 0.209361 0.791731 0.206151 0.795767 0.205117 0.795885 0.204658 0.796461 0.202588 0.796697 0.202130 0.797274 0.199542 0.797569 0.196778 0.796311 0.196660 0.795276 0.195448 0.793842 0.195153 0.791255 0.194576 0.790796 0.194399 0.789244 0.194858 0.788667 0.194681 0.787115 0.195139 0.786538 0.195021 0.785503 0.198172 0.780950
0 0.850218 0.304532 0.853064 0.304207 0.856346 0.305405 0.859228 0.307698 0.861134 0.310626 0.861252 0.311661 0.860794 0.312237 0.861030 0.314307 0.859255 0.317130 0.859373 0.318165 0.856504 0.320589 0.853917 0.320884 0.853459 0.321461 0.848801 0.321992 0.845519 0.320794 0.844366 0.319877 0.843672 0.318383 0.841883 0.316490 0.841352 0.311833 0.841811 0.311256 0.842092 0.309128 0.844902 0.306186 0.846913 0.305433 0.847371 0.304856
0 0.766744 0.358608 0.770108 0.358224 0.773390 0.359422 0.777130 0.360044 0.778918 0.361937 0.780884 0.365383 0.781297 0.369005 0.781873 0.369463 0.781991 0.370498 0.781134 0.372169 0.780852 0.374298 0.779477 0.376027 0.775573 0.378569 0.774020 0.378746 0.773562 0.379323 0.767870 0.379972 0.767293 0.379513 0.765223 0.379749 0.760670 0.376599 0.760493 0.375047 0.759222 0.373095 0.758914 0.365791 0.760171 0.363026 0.763380 0.358991
0 0.128136 0.548325 0.128713 0.548783 0.130265 0.548606 0.130842 0.549065 0.131877 0.548947 0.132453 0.549405 0.132971 0.549346 0.135277 0.551180 0.135336 0.551697 0.135912 0.552156 0.136502 0.557331 0.136044 0.557907 0.136162 0.558942 0.134904 0.561706 0.134387 0.561766 0.133929 0.562342 0.132376 0.562519 0.131918 0.563096 0.129848 0.563332 0.129389 0.563908 0.128354 0.564026 0.127778 0.563568 0.126743 0.563686 0.126166 0.563227 0.125649 0.563286 0.123343 0.561452 0.123225 0.560417 0.121436 0.558524 0.121200 0.556454 0.121659 0.555878 0.121482 0.554326 0.121940 0.553749 0.121881 0.553232 0.123656 0.550408 0.124174 0.550349 0.126584 0.548502
0 0.146961 0.593881 0.147537 0.594340 0.150125 0.594045 0.150701 0.594503 0.151736 0.594385 0.152889 0.595302 0.152948 0.595819 0.154160 0.597254 0.154691 0.601911 0.153774 0.603064 0.153833 0.603582 0.153375 0.604158 0.153493 0.605193 0.152635 0.606864 0.152117 0.606923 0.151659 0.607499 0.150106 0.607676 0.149648 0.608253 0.147060 0.608548 0.146602 0.609124 0.146025 0.608666 0.144991 0.608784 0.144414 0.608325 0.142802 0.607985 0.142226 0.607526 0.142167 0.607009 0.141591 0.606550 0.141473 0.605515 0.140261 0.604081 0.139966 0.601493 0.140424 0.600917 0.140306 0.599882 0.141681 0.598153 0.141622 0.597635 0.143915 0.594753 0.144432 0.594694 0.144891 0.594117
0 0.337522 0.387106 0.340885 0.386723 0.341979 0.387122 0.343132 0.388039 0.343191 0.388557 0.346074 0.390849 0.347168 0.391249 0.347803 0.392225 0.348216 0.395847 0.347417 0.398035 0.343691 0.402129 0.342656 0.402247 0.342197 0.402824 0.341621 0.402365 0.335928 0.403014 0.331952 0.400323 0.331716 0.398253 0.331139 0.397794 0.330726 0.394172 0.331185 0.393595 0.331067 0.392560 0.332265 0.389278 0.334158 0.387490
0 0.921778 0.497668 0.924483 0.498408 0.926553 0.498172 0.928741 0.498971 0.933353 0.502638 0.935201 0.505049 0.935673 0.509189 0.934474 0.512470 0.929831 0.517718 0.926267 0.518648 0.925809 0.519225 0.917988 0.519592 0.916894 0.519193 0.912799 0.515466 0.912681 0.514431 0.911410 0.512479 0.910879 0.507822 0.911960 0.503505 0.914193 0.500105 0.915169 0.499470 0.920285 0.498362 0.920743 0.497786
0 0.226761 0.682285 0.227337 0.682743 0.228949 0.683083 0.230102 0.684000 0.230161 0.684518 0.231314 0.685435 0.231373 0.685952 0.232585 0.687387 0.232126 0.687963 0.232303 0.689516 0.231845 0.690092 0.231963 0.691127 0.231046 0.692280 0.231105 0.692798 0.229729 0.694527 0.229212 0.694586 0.228753 0.695162 0.225131 0.695576 0.224555 0.695117 0.223520 0.695235 0.222367 0.694318 0.221849 0.694377 0.220696 0.693460 0.220637 0.692943 0.220061 0.692484 0.219471 0.687309 0.219929 0.686733 0.220270 0.685122 0.220728 0.684545 0.221245 0.684486 0.222680 0.683274 0.223715 0.683156 0.224173 0.682580
0 0.470990 0.507133 0.474966 0.509825 0.475025 0.510343 0.477967 0.513152 0.478602 0.514128 0.478144 0.514705 0.477921 0.517351 0.477004 0.518504 0.476205 0.520692 0.475288 0.521845 0.473336 0.523116 0.469197 0.523588 0.468620 0.523130 0.466033 0.523425 0.464939 0.523025 0.464880 0.522508 0.463727 0.521591 0.462456 0.519639 0.462161 0.517052 0.461584 0.516593 0.461466 0.515558 0.461925 0.514982 0.461630 0.512394 0.463922 0.509512 0.464898 0.508876 0.466968 0.508640 0.467426 0.508064 0.468979 0.507887 0.469437 0.507310
0 0.842082 0.405583 0.842659 0.406041 0.845246 0.405746 0.846340 0.406146 0.850952 0.409814 0.851188 0.411884 0.851765 0.412342 0.852060 0.414930 0.851601 0.415506 0.851778 0.417058 0.849944 0.419364 0.850003 0.419882 0.848110 0.421670 0.845006 0.422024 0.844547 0.422601 0.840407 0.423073 0.838219 0.422274 0.834701 0.419006 0.833934 0.412278 0.836685 0.408819 0.836626 0.408302 0.838978 0.405937
0 0.404964 0.668255 0.409340 0.669853 0.412223 0.672145 0.413494 0.674097 0.413789 0.676684 0.414365 0.677143 0.413907 0.677719 0.414261 0.680824 0.413344 0.681977 0.413403 0.682495 0.412885 0.682554 0.411052 0.684860 0.409100 0.686131 0.408065 0.686249 0.407606 0.686825 0.403984 0.687238 0.403407 0.686780 0.400820 0.687075 0.396726 0.683348 0.395854 0.680302 0.395278 0.679844 0.395677 0.678750 0.395441 0.676680 0.396757 0.674433 0.397098 0.672821 0.398932 0.670515 0.400484 0.670338 0.400943 0.669762 0.404506 0.668831
0 0.271904 0.659838 0.272481 0.660297 0.275068 0.660002 0.276221 0.660918 0.276280 0.661436 0.278127 0.663846 0.278541 0.667469 0.277624 0.668622 0.277683 0.669139 0.276766 0.670292 0.276825 0.670810 0.276366 0.671386 0.275849 0.671445 0.274414 0.672657 0.273379 0.672775 0.272921 0.673352 0.271368 0.673529 0.270910 0.674105 0.269875 0.674223 0.269299 0.673765 0.268264 0.673883 0.267687 0.673424 0.267170 0.673483 0.266017 0.672566 0.265958 0.672049 0.265381 0.671590 0.265263 0.670555 0.264051 0.669121 0.263756 0.666533 0.264215 0.665957 0.264097 0.664922 0.265013 0.663769 0.264955 0.663252 0.266788 0.660946 0.267306 0.660887 0.267764 0.660310
0 0.523238 0.395285 0.523814 0.395744 0.524332 0.395685 0.526697 0.398036 0.526756 0.398554 0.527332 0.399012 0.527627 0.401600 0.528204 0.402058 0.528381 0.403610 0.527523 0.405281 0.527641 0.406316 0.526265 0.408045 0.525231 0.408163 0.524772 0.408740 0.522702 0.408976 0.522126 0.408517 0.521091 0.408635 0.520514 0.408177 0.518903 0.407837 0.517750 0.406920 0.517232 0.406979 0.517173 0.406461 0.514867 0.404627 0.514513 0.401522 0.513937 0.401064 0.514395 0.400487 0.514336 0.399970 0.515253 0.398817 0.515194 0.398299 0.516111 0.397146 0.517146 0.397028 0.517605 0.396452 0.519675 0.396216 0.520133 0.395639
0 0.738836 0.424171 0.739412 0.424629 0.741024 0.424969 0.742177 0.425886 0.742236 0.426404 0.742812 0.426862 0.743579 0.433590 0.742204 0.435319 0.741687 0.435378 0.740770 0.436531 0.740252 0.436590 0.739794 0.437167 0.739276 0.437226 0.738700 0.436767 0.733525 0.437357 0.731101 0.434488 0.730865 0.432418 0.730289 0.431960 0.730170 0.430925 0.730629 0.430348 0.730511 0.429314 0.730969 0.428737 0.730910 0.428220 0.732286 0.426490 0.732803 0.426431 0.733262 0.425855 0.734814 0.425678 0.735273 0.425101 0.737343 0.424865 0.737801 0.424289
0 0.148527 0.538661 0.149104 0.539119 0.152208 0.538765 0.153361 0.539682 0.153879 0.539623 0.154455 0.540081 0.154514 0.540599 0.155091 0.541057 0.155209 0.542092 0.155785 0.542551 0.156317 0.547208 0.155059 0.549973 0.155177 0.551008 0.154660 0.551067 0.153743 0.552220 0.151155 0.552515 0.150697 0.553091 0.146557 0.553563 0.145980 0.553105 0.144369 0.552764 0.143793 0.552306 0.143675 0.551271 0.143098 0.550812 0.142921 0.549260 0.142345 0.548801 0.142803 0.548225 0.142390 0.544603 0.142848 0.544026 0.142671 0.542474 0.143130 0.541897 0.143071 0.541380 0.144446 0.539650 0.144964 0.539591 0.145422 0.539015
0 0.566429 0.493630 0.567005 0.494088 0.567522 0.494029 0.568675 0.494946 0.569193 0.494887 0.570922 0.496262 0.571040 0.497297 0.572888 0.499708 0.572030 0.501378 0.572207 0.502931 0.570831 0.504660 0.570314 0.504719 0.568880 0.505931 0.567845 0.506049 0.567386 0.506626 0.566351 0.506744 0.565775 0.506285 0.563705 0.506521 0.563128 0.506063 0.561576 0.506240 0.559846 0.504864 0.559315 0.500207 0.559774 0.499630 0.559597 0.498078 0.560514 0.496925 0.561031 0.496866 0.561490 0.496290 0.562007 0.496230 0.562466 0.495654 0.562983 0.495595 0.565394 0.493748
0 0.150512 0.408955 0.151088 0.409413 0.152700 0.409754 0.155523 0.411529 0.156041 0.411470 0.157829 0.413363 0.158537 0.419572 0.158079 0.420149 0.158138 0.420666 0.155845 0.423549 0.155328 0.423608 0.154869 0.424184 0.152800 0.424420 0.152341 0.424997 0.150789 0.425174 0.150212 0.424715 0.147625 0.425010 0.147048 0.424552 0.146013 0.424670 0.143072 0.421860 0.142364 0.415650 0.142822 0.415074 0.142704 0.414039 0.143621 0.412886 0.143562 0.412368 0.144080 0.412309 0.148442 0.409191
0 0.046103 0.523081 0.046679 0.523539 0.047197 0.523480 0.048350 0.524397 0.048867 0.524338 0.051232 0.526690 0.051822 0.531865 0.051364 0.532441 0.051482 0.533476 0.050106 0.535205 0.049589 0.535264 0.048154 0.536476 0.045567 0.536771 0.044990 0.536313 0.041368 0.536726 0.039062 0.534892 0.038767 0.532305 0.038191 0.531846 0.038073 0.530811 0.038531 0.530235 0.038236 0.527647 0.038694 0.527071 0.038635 0.526553 0.040469 0.524248 0.045644 0.523657
0 0.796441 0.235178 0.797018 0.235636 0.800640 0.235223 0.806627 0.237161 0.807662 0.237043 0.809569 0.239971 0.810735 0.245604 0.810277 0.246181 0.810231 0.250380 0.809832 0.251474 0.806963 0.253898 0.806564 0.254992 0.803636 0.256898 0.795874 0.257783 0.793686 0.256984 0.788615 0.253893 0.786591 0.249930 0.786400 0.243661 0.787199 0.241473 0.789491 0.238591 0.794371 0.235414
0 0.466902 0.275899 0.470265 0.275516 0.473724 0.278267 0.473783 0.278784 0.474360 0.279242 0.475127 0.285970 0.474668 0.286546 0.474727 0.287064 0.472893 0.289370 0.471858 0.289488 0.471400 0.290064 0.470823 0.289606 0.465131 0.290255 0.461731 0.288021 0.461554 0.286469 0.460978 0.286010 0.460565 0.282388 0.461023 0.281812 0.460787 0.279742 0.461246 0.279165 0.461187 0.278648 0.463538 0.276283
0 0.523509 0.549372 0.526614 0.549018 0.527190 0.549476 0.527708 0.549417 0.530590 0.551709 0.530885 0.554297 0.531462 0.554755 0.531993 0.559413 0.531534 0.559989 0.531194 0.561601 0.529819 0.563330 0.528784 0.563448 0.528325 0.564025 0.522115 0.564733 0.521539 0.564274 0.519927 0.563934 0.519868 0.563416 0.518715 0.562499 0.518656 0.561982 0.517444 0.560547 0.516972 0.556408 0.517431 0.555831 0.517653 0.553185 0.520404 0.549726
0 0.480154 0.573711 0.480731 0.574170 0.481766 0.574052 0.482342 0.574510 0.483377 0.574392 0.483953 0.574850 0.484471 0.574791 0.484530 0.575309 0.485106 0.575767 0.485283 0.577320 0.485860 0.577778 0.485978 0.578813 0.485519 0.579390 0.485815 0.581977 0.485356 0.582554 0.485415 0.583071 0.483064 0.585436 0.482546 0.585495 0.482088 0.586072 0.480535 0.586249 0.480077 0.586825 0.479559 0.586884 0.477889 0.586026 0.477830 0.585509 0.476677 0.584592 0.476618 0.584074 0.475406 0.582640 0.474934 0.578500 0.475392 0.577924 0.475274 0.576889 0.475733 0.576312 0.475674 0.575795 0.476132 0.575218 0.476650 0.575159 0.477567 0.574006
0 0.341137 0.673960 0.341714 0.674419 0.344301 0.674124 0.344878 0.674582 0.345913 0.674464 0.346489 0.674923 0.347007 0.674864 0.349889 0.677156 0.350184 0.679743 0.350761 0.680202 0.350879 0.681237 0.350420 0.681813 0.350715 0.684401 0.350257 0.684977 0.349916 0.686589 0.348541 0.688318 0.348023 0.688377 0.347565 0.688954 0.346530 0.689072 0.346072 0.689648 0.344519 0.689825 0.344061 0.690402 0.341991 0.690638 0.341414 0.690179 0.339344 0.690415 0.338768 0.689957 0.337733 0.690075 0.336003 0.688699 0.335885 0.687664 0.335309 0.687206 0.334483 0.679961 0.334941 0.679385 0.334882 0.678867 0.337692 0.675926 0.338210 0.675867 0.339644 0.674655 0.340679 0.674537
0 0.397238 0.701637 0.397815 0.702095 0.402708 0.703634 0.405073 0.705986 0.405132 0.706503 0.405709 0.706962 0.405886 0.708514 0.406462 0.708972 0.406757 0.711560 0.405441 0.713807 0.405500 0.714324 0.403666 0.716630 0.403148 0.716689 0.402690 0.717266 0.401655 0.717384 0.401196 0.717960 0.400162 0.718078 0.399703 0.718655 0.397116 0.718950 0.392563 0.715799 0.392504 0.715282 0.391292 0.713848 0.390761 0.709190 0.391219 0.708614 0.391101 0.707579 0.391560 0.707002 0.391383 0.705450 0.392758 0.703720 0.393275 0.703661 0.395168 0.701873
0 0.571048 0.699641 0.571624 0.700099 0.572659 0.699981 0.573236 0.700440 0.574271 0.700322 0.576459 0.701121 0.578188 0.702496 0.578306 0.703531 0.579577 0.705483 0.579990 0.709105 0.579532 0.709682 0.579650 0.710717 0.578851 0.712905 0.577934 0.714058 0.576958 0.714693 0.575923 0.714811 0.574489 0.716023 0.572936 0.716200 0.572478 0.716777 0.570925 0.716954 0.570349 0.716495 0.568796 0.716672 0.568220 0.716214 0.565573 0.715991 0.564420 0.715074 0.563785 0.714098 0.563667 0.713064 0.563090 0.712605 0.562972 0.711570 0.562396 0.711112 0.561924 0.706972 0.562382 0.706395 0.562205 0.704843 0.562605 0.703749 0.563980 0.702019 0.565015 0.701901 0.566967 0.700630 0.568520 0.700453 0.568978 0.699877
0 0.559968 0.666831 0.561638 0.667689 0.562673 0.667571 0.566709 0.670780 0.567181 0.674920 0.566323 0.676590 0.566441 0.677625 0.565982 0.678202 0.566041 0.678719 0.565583 0.679296 0.565065 0.679355 0.564148 0.680508 0.563113 0.680626 0.562655 0.681202 0.560585 0.681438 0.560009 0.680980 0.558397 0.680639 0.556091 0.678805 0.555973 0.677770 0.554761 0.676336 0.554407 0.673231 0.553831 0.672773 0.553772 0.672255 0.556981 0.668220 0.558016 0.668102 0.559450 0.666890
0 0.110479 0.568161 0.112784 0.569995 0.112843 0.570513 0.113420 0.570971 0.113833 0.574593 0.113375 0.575170 0.113611 0.577240 0.112235 0.578969 0.112294 0.579487 0.111377 0.580640 0.111436 0.581157 0.110401 0.581275 0.109943 0.581852 0.107355 0.582147 0.106897 0.582723 0.104827 0.582959 0.104250 0.582501 0.102639 0.582160 0.102580 0.581643 0.101427 0.580726 0.101368 0.580208 0.100156 0.578774 0.100097 0.578256 0.100556 0.577680 0.100260 0.575093 0.101177 0.573940 0.101917 0.571234 0.103293 0.569505 0.105880 0.569210 0.106339 0.568633
0 0.599352 0.501932 0.599928 0.502391 0.601481 0.502214 0.602057 0.502672 0.603092 0.502554 0.603669 0.503013 0.604704 0.502895 0.605280 0.503353 0.605798 0.503294 0.605857 0.503811 0.607704 0.506222 0.608058 0.509327 0.607600 0.509903 0.607259 0.511515 0.606342 0.512668 0.605307 0.512786 0.604849 0.513362 0.604331 0.513421 0.603873 0.513998 0.602838 0.514116 0.602380 0.514692 0.599275 0.515046 0.598698 0.514588 0.598181 0.514647 0.596451 0.513271 0.596392 0.512754 0.595239 0.511837 0.595121 0.510802 0.594545 0.510343 0.594427 0.509308 0.593850 0.508850 0.593732 0.507815 0.594191 0.507239 0.594132 0.506721 0.594590 0.506145 0.594931 0.504533 0.595389 0.503957 0.595907 0.503898 0.597341 0.502686 0.598376 0.502568 0.598835 0.501991
0 0.246578 0.522529 0.247155 0.522987 0.248190 0.522869 0.248766 0.523328 0.249284 0.523269 0.250437 0.524186 0.250954 0.524127 0.251531 0.524585 0.251590 0.525103 0.252166 0.525561 0.252284 0.526596 0.252861 0.527055 0.253038 0.528607 0.253614 0.529066 0.253156 0.529642 0.253333 0.531195 0.252874 0.531771 0.252992 0.532806 0.251158 0.535112 0.250641 0.535171 0.250182 0.535747 0.248630 0.535924 0.248171 0.536501 0.247595 0.536042 0.246560 0.536160 0.245983 0.535702 0.244372 0.535362 0.242066 0.533528 0.241948 0.532493 0.241372 0.532034 0.240900 0.527894 0.241358 0.527318 0.241299 0.526800 0.242674 0.525071 0.243192 0.525012 0.243650 0.524435 0.244168 0.524376 0.244626 0.523800 0.246120 0.523106
0 0.574721 0.616921 0.575297 0.617380 0.576850 0.617203 0.577426 0.617661 0.579555 0.617943 0.582497 0.620753 0.583132 0.621728 0.583958 0.628973 0.581666 0.631856 0.581725 0.632373 0.579714 0.633127 0.579256 0.633703 0.577703 0.633880 0.575751 0.635151 0.574716 0.635269 0.574140 0.634811 0.571035 0.635165 0.570458 0.634706 0.568388 0.634942 0.567235 0.634025 0.567117 0.632990 0.566541 0.632532 0.566246 0.629945 0.565669 0.629486 0.565374 0.626899 0.565833 0.626322 0.565996 0.623158 0.567313 0.620911 0.567254 0.620394 0.569782 0.619581 0.573168 0.617098
0 0.172593 0.666968 0.173170 0.667427 0.174781 0.667767 0.175993 0.669202 0.176111 0.670237 0.176688 0.670695 0.176865 0.672248 0.177441 0.672706 0.177795 0.675811 0.177337 0.676388 0.177396 0.676905 0.176937 0.677482 0.176597 0.679093 0.175163 0.680305 0.169988 0.680895 0.169411 0.680437 0.167859 0.680614 0.167282 0.680155 0.167223 0.679638 0.166647 0.679179 0.166529 0.678144 0.165952 0.677686 0.165362 0.672511 0.165821 0.671934 0.165762 0.671417 0.166220 0.670841 0.166561 0.669229 0.167078 0.669170 0.167537 0.668594 0.168572 0.668476 0.169030 0.667899 0.171100 0.667663 0.171558 0.667087
0 0.831061 0.373290 0.831638 0.373749 0.835778 0.373277 0.840390 0.376945 0.840448 0.377462 0.841601 0.378379 0.841897 0.380966 0.842473 0.381425 0.841615 0.383095 0.841792 0.384648 0.841393 0.385742 0.839100 0.388624 0.838124 0.389260 0.836572 0.389437 0.836113 0.390013 0.832491 0.390426 0.832033 0.391003 0.829904 0.390721 0.827716 0.389922 0.826563 0.389005 0.824951 0.388665 0.823798 0.387748 0.823045 0.385737 0.822468 0.385279 0.822055 0.381656 0.822514 0.381080 0.822337 0.379527 0.823594 0.376763 0.826522 0.374856 0.829050 0.374044 0.829509 0.373467
0 0.449504 0.635917 0.453127 0.635504 0.455315 0.636303 0.459128 0.642159 0.459364 0.644229 0.458165 0.647511 0.458283 0.648546 0.457484 0.650734 0.455192 0.653616 0.449500 0.654265 0.448923 0.653807 0.447888 0.653925 0.442064 0.648822 0.442464 0.647729 0.442169 0.645141 0.442968 0.642953 0.442791 0.641401 0.443708 0.640248 0.443989 0.638119 0.445882 0.636330
0 0.959694 0.641695 0.962799 0.641341 0.963952 0.642258 0.964469 0.642199 0.964528 0.642717 0.966317 0.644610 0.966435 0.645645 0.967011 0.646103 0.967129 0.647138 0.967705 0.647596 0.968177 0.651736 0.967719 0.652313 0.967896 0.653865 0.966521 0.655595 0.966003 0.655654 0.965545 0.656230 0.958300 0.657056 0.955477 0.655281 0.954782 0.653788 0.952994 0.651895 0.952640 0.648790 0.953098 0.648214 0.953838 0.645508 0.956589 0.642049
0 0.710617 0.231859 0.711193 0.232317 0.713263 0.232081 0.713840 0.232540 0.715392 0.232363 0.715968 0.232821 0.717003 0.232703 0.718156 0.233620 0.720063 0.236548 0.720417 0.239653 0.719958 0.240229 0.720076 0.241264 0.719618 0.241841 0.719736 0.242876 0.719337 0.243970 0.717961 0.245699 0.715033 0.247605 0.713481 0.247782 0.713022 0.248359 0.708306 0.248373 0.706118 0.247574 0.704330 0.245681 0.704212 0.244646 0.703635 0.244187 0.703458 0.242635 0.702882 0.242176 0.702764 0.241141 0.703222 0.240565 0.702927 0.237978 0.704243 0.235731 0.704185 0.235213 0.704702 0.235154 0.706595 0.233366 0.707630 0.233248 0.709582 0.231977
0 0.488676 0.377210 0.489252 0.377668 0.490287 0.377550 0.490864 0.378009 0.492475 0.378349 0.495358 0.380641 0.495830 0.384781 0.495371 0.385358 0.495430 0.385875 0.494513 0.387028 0.493996 0.387087 0.493138 0.388758 0.492620 0.388817 0.490210 0.390664 0.488658 0.390841 0.488081 0.390383 0.487046 0.390501 0.486470 0.390042 0.484858 0.389702 0.483129 0.388326 0.483070 0.387809 0.481858 0.386374 0.481799 0.385857 0.482257 0.385280 0.481962 0.382693 0.484255 0.379811 0.484196 0.379293 0.484713 0.379234 0.487123 0.377387
0 0.301266 0.489792 0.304548 0.490990 0.308066 0.494258 0.309336 0.496210 0.309868 0.500868 0.308270 0.505244 0.307353 0.506397 0.306835 0.506456 0.305918 0.507609 0.304883 0.507727 0.302931 0.508998 0.302355 0.508539 0.300803 0.508716 0.297521 0.507518 0.295215 0.505684 0.293308 0.502756 0.292895 0.499134 0.294892 0.493664 0.297244 0.491299 0.298279 0.491181 0.299713 0.489969
0 0.178624 0.354377 0.181988 0.353993 0.184870 0.356286 0.184929 0.356803 0.186141 0.358238 0.186613 0.362377 0.186155 0.362954 0.186214 0.363471 0.185755 0.364048 0.185415 0.365659 0.183980 0.366871 0.177771 0.367579 0.177312 0.368156 0.176159 0.367239 0.175642 0.367298 0.174947 0.365805 0.173794 0.364888 0.173735 0.364370 0.173159 0.363912 0.172628 0.359254 0.173086 0.358678 0.173427 0.357066 0.175260 0.354760
0 0.422725 0.304526 0.423301 0.304984 0.427441 0.304512 0.429688 0.305829 0.432112 0.308698 0.432230 0.309733 0.433501 0.311684 0.433678 0.313237 0.434255 0.313695 0.434786 0.318353 0.434327 0.318929 0.434223 0.322611 0.432389 0.324917 0.428944 0.326882 0.423369 0.328566 0.422793 0.328108 0.418594 0.328062 0.414677 0.325888 0.412711 0.322442 0.412357 0.319338 0.412816 0.318761 0.412639 0.317209 0.413097 0.316632 0.413320 0.313986 0.414917 0.309610 0.421690 0.304644
0 0.344887 0.697646 0.345463 0.698105 0.347592 0.698386 0.349322 0.699762 0.349839 0.699703 0.351569 0.701078 0.352086 0.701019 0.352145 0.701537 0.353298 0.702454 0.353475 0.704006 0.354051 0.704464 0.354464 0.708087 0.354006 0.708663 0.354183 0.710216 0.352467 0.713557 0.351491 0.714192 0.349939 0.714369 0.349480 0.714946 0.346893 0.715241 0.346434 0.715817 0.340048 0.714973 0.337165 0.712680 0.336530 0.711705 0.336353 0.710152 0.336811 0.709576 0.336398 0.705953 0.336857 0.705377 0.336680 0.703824 0.337138 0.703248 0.337419 0.701119 0.338336 0.699966 0.340347 0.699212 0.340806 0.698636 0.341841 0.698518 0.342299 0.697941
0 0.427407 0.671986 0.427983 0.672445 0.429018 0.672327 0.429595 0.672785 0.431206 0.673126 0.431783 0.673584 0.431842 0.674102 0.432995 0.675019 0.433526 0.679676 0.433067 0.680253 0.433362 0.682840 0.431987 0.684569 0.430952 0.684687 0.430493 0.685264 0.429458 0.685382 0.429000 0.685958 0.427447 0.686135 0.426989 0.686712 0.426472 0.686771 0.425895 0.686312 0.424284 0.685972 0.422554 0.684597 0.422495 0.684079 0.421919 0.683621 0.421624 0.681033 0.421047 0.680575 0.420929 0.679540 0.421387 0.678963 0.421151 0.676893 0.421610 0.676317 0.421551 0.675799 0.422926 0.674070 0.422867 0.673552 0.423784 0.672399
0 0.176028 0.301728 0.180581 0.304878 0.181275 0.306372 0.182428 0.307289 0.183064 0.308264 0.183182 0.309299 0.183758 0.309758 0.184053 0.312345 0.182737 0.314592 0.182796 0.315110 0.181421 0.316839 0.178493 0.318746 0.175388 0.319100 0.174811 0.318641 0.171706 0.318995 0.169977 0.317620 0.167435 0.313716 0.167081 0.310611 0.167539 0.310035 0.167644 0.306353 0.169877 0.302953 0.174017 0.302481 0.174476 0.301905
0 0.324852 0.471376 0.325428 0.471835 0.325946 0.471776 0.327675 0.473151 0.328193 0.473092 0.328252 0.473609 0.329405 0.474526 0.329464 0.475044 0.330676 0.476478 0.331148 0.480618 0.330290 0.482289 0.330408 0.483324 0.328116 0.486206 0.327081 0.486324 0.326622 0.486900 0.319895 0.487668 0.318165 0.486292 0.318106 0.485775 0.317530 0.485316 0.317412 0.484281 0.315564 0.481871 0.315506 0.481353 0.315964 0.480777 0.315610 0.477672 0.316068 0.477095 0.316409 0.475484 0.318243 0.473178 0.320313 0.472942 0.320771 0.472366 0.322324 0.472189 0.322782 0.471612
0 0.997097 0.647914 0.998397 0.650665 0.998397 0.651183 0.998397 0.653534 0.998397 0.655604 0.998397 0.656062 0.998397 0.657098 0.998397 0.659862 0.998397 0.660897 0.998397 0.662626 0.998397 0.662685 0.998397 0.663262 0.998397 0.663380 0.998397 0.663956 0.995822 0.664310 0.995245 0.663852 0.992140 0.664206 0.991564 0.663747 0.989953 0.663407 0.988741 0.661973 0.988623 0.660938 0.988046 0.660479 0.987928 0.659444 0.987351 0.658986 0.987810 0.658409 0.987397 0.654787 0.988314 0.653634 0.988654 0.652022 0.990030 0.650293 0.990547 0.650234 0.991006 0.649657 0.992558 0.649480 0.993017 0.648904 0.994052 0.648786 0.994510 0.648209
0 0.813108 0.450299 0.815355 0.451616 0.815872 0.451557 0.817025 0.452474 0.818060 0.452356 0.819154 0.452755 0.821696 0.456659 0.822168 0.460799 0.821710 0.461375 0.821487 0.464022 0.820053 0.465234 0.819018 0.465352 0.818559 0.465928 0.817524 0.466046 0.815572 0.467317 0.812985 0.467612 0.812409 0.467154 0.810856 0.467331 0.810280 0.466872 0.808727 0.467049 0.807633 0.466650 0.806421 0.465215 0.806244 0.463663 0.805668 0.463205 0.804960 0.456995 0.805418 0.456418 0.805300 0.455383 0.805700 0.454289 0.806617 0.453136 0.807593 0.452501 0.808627 0.452383 0.811038 0.450535
0 0.815586 0.472033 0.817256 0.472891 0.822032 0.473395 0.824914 0.475688 0.828668 0.481026 0.828859 0.487295 0.826462 0.493859 0.824170 0.496741 0.819054 0.497849 0.818595 0.498425 0.813303 0.497980 0.811115 0.497181 0.808809 0.495347 0.805749 0.491502 0.803030 0.486046 0.802381 0.480354 0.802722 0.478743 0.805073 0.476378 0.814034 0.472211
0 0.632639 0.572187 0.634368 0.573562 0.634427 0.574080 0.636156 0.575455 0.636216 0.575973 0.636792 0.576431 0.637028 0.578501 0.637605 0.578959 0.637664 0.579477 0.637205 0.580053 0.637323 0.581088 0.636865 0.581665 0.636983 0.582700 0.636524 0.583276 0.636583 0.583794 0.636066 0.583853 0.635149 0.585006 0.634631 0.585065 0.634173 0.585641 0.631585 0.585936 0.631009 0.585478 0.627904 0.585832 0.626175 0.584456 0.625880 0.581869 0.625303 0.581411 0.625008 0.578823 0.625466 0.578247 0.625289 0.576694 0.626665 0.574965 0.627182 0.574906 0.628617 0.573694 0.629652 0.573576 0.630110 0.572999 0.631663 0.572822 0.632121 0.572246
0 0.630249 0.745311 0.630826 0.745770 0.632895 0.745534 0.633472 0.745992 0.633989 0.745933 0.635142 0.746850 0.635201 0.747368 0.636413 0.748802 0.636826 0.752424 0.636368 0.753001 0.636486 0.754036 0.635110 0.755765 0.635170 0.756283 0.634253 0.757436 0.632700 0.757613 0.632242 0.758189 0.627067 0.758779 0.625396 0.757921 0.625337 0.757404 0.624184 0.756487 0.624125 0.755969 0.623549 0.755511 0.623431 0.754476 0.623889 0.753900 0.623653 0.751830 0.624112 0.751253 0.624053 0.750736 0.624511 0.750159 0.624452 0.749642 0.624911 0.749065 0.625251 0.747454 0.626627 0.745724
0 0.146572 0.379000 0.147148 0.379458 0.148760 0.379799 0.150489 0.381174 0.150784 0.383762 0.151361 0.384220 0.151774 0.387843 0.151315 0.388419 0.151492 0.389972 0.151034 0.390548 0.151152 0.391583 0.147943 0.395618 0.141215 0.396385 0.136662 0.393235 0.136190 0.389095 0.137107 0.387942 0.138247 0.384143 0.140022 0.381320 0.140539 0.381261 0.140998 0.380684 0.142550 0.380507 0.143009 0.379931 0.145079 0.379694 0.145537 0.379118
0 0.899531 0.481857 0.900108 0.482316 0.901143 0.482198 0.903331 0.482997 0.906331 0.486324 0.906449 0.487359 0.907025 0.487817 0.907320 0.490405 0.906463 0.492075 0.906581 0.493110 0.905264 0.495357 0.905323 0.495875 0.903489 0.498181 0.902513 0.498816 0.899926 0.499111 0.899467 0.499688 0.895845 0.500101 0.895269 0.499642 0.893716 0.499819 0.892622 0.499420 0.889740 0.497127 0.889104 0.496151 0.888986 0.495116 0.888410 0.494658 0.888056 0.491553 0.888514 0.490977 0.888396 0.489942 0.889195 0.487754 0.890112 0.486601 0.890453 0.484989 0.890970 0.484930 0.891887 0.483777 0.892863 0.483142 0.899073 0.482434
0 0.443467 0.656526 0.446231 0.657783 0.448878 0.658006 0.451184 0.659839 0.452455 0.661791 0.452927 0.665931 0.452069 0.667602 0.451787 0.669731 0.450412 0.671460 0.449894 0.671519 0.448519 0.673249 0.446567 0.674520 0.445015 0.674697 0.444556 0.675273 0.443980 0.674815 0.442427 0.674992 0.440239 0.674193 0.439086 0.673276 0.437475 0.672935 0.435745 0.671560 0.435228 0.671619 0.434520 0.665409 0.434978 0.664833 0.434801 0.663280 0.435659 0.661610 0.435941 0.659481 0.436399 0.658904 0.437434 0.658786 0.437893 0.658210 0.438927 0.658092 0.440879 0.656821
0 0.034617 0.629232 0.035194 0.629691 0.036229 0.629573 0.036805 0.630031 0.037323 0.629972 0.038476 0.630889 0.038993 0.630830 0.040723 0.632206 0.040782 0.632723 0.041358 0.633182 0.041889 0.637839 0.041431 0.638415 0.041549 0.639450 0.041090 0.640027 0.040750 0.641638 0.040291 0.642215 0.039774 0.642274 0.038339 0.643486 0.037304 0.643604 0.036846 0.644180 0.033224 0.644593 0.032647 0.644135 0.032130 0.644194 0.030977 0.643277 0.030459 0.643336 0.029883 0.642877 0.029824 0.642360 0.028671 0.641443 0.028553 0.640408 0.027976 0.639950 0.027622 0.636845 0.028081 0.636268 0.027963 0.635233 0.028421 0.634657 0.028362 0.634139 0.032030 0.629527
0 0.729149 0.495519 0.729725 0.495978 0.730760 0.495860 0.731337 0.496318 0.732948 0.496659 0.734677 0.498034 0.734736 0.498551 0.735313 0.499010 0.735549 0.501080 0.736125 0.501538 0.736302 0.503091 0.735844 0.503667 0.736080 0.505737 0.735622 0.506314 0.735681 0.506831 0.734305 0.508561 0.733788 0.508620 0.731377 0.510467 0.730342 0.510585 0.729884 0.511162 0.726202 0.511057 0.725626 0.510599 0.724591 0.510717 0.723438 0.509800 0.722921 0.509859 0.721709 0.508424 0.721354 0.505319 0.720778 0.504861 0.720719 0.504343 0.721178 0.503767 0.720941 0.501697 0.721400 0.501121 0.721282 0.500086 0.722657 0.498356 0.722598 0.497839 0.723057 0.497262 0.723574 0.497203 0.724033 0.496627 0.725585 0.496450 0.726044 0.495873
0 0.974674 0.511032 0.977956 0.512230 0.981120 0.512394 0.984003 0.514686 0.984756 0.516697 0.985333 0.517155 0.985923 0.522330 0.985124 0.524518 0.982831 0.527401 0.980303 0.528213 0.977375 0.530120 0.974270 0.530474 0.973694 0.530015 0.971624 0.530251 0.971047 0.529793 0.970012 0.529911 0.967130 0.527618 0.966259 0.524572 0.965682 0.524114 0.965387 0.521527 0.965845 0.520950 0.965668 0.519398 0.966526 0.517727 0.966408 0.516692 0.968701 0.513810 0.969736 0.513692 0.971170 0.512480 0.972205 0.512362 0.974157 0.511091
0 0.069425 0.552922 0.070002 0.553381 0.071037 0.553263 0.072766 0.554638 0.073284 0.554579 0.074437 0.555496 0.074954 0.555437 0.076107 0.556354 0.076225 0.557389 0.076802 0.557848 0.077215 0.561470 0.076756 0.562047 0.076933 0.563599 0.073724 0.567634 0.073206 0.567693 0.072748 0.568270 0.071713 0.568388 0.071254 0.568964 0.070678 0.568506 0.069126 0.568683 0.068549 0.568224 0.067514 0.568343 0.065267 0.567026 0.064750 0.567085 0.062961 0.565192 0.062725 0.563122 0.062149 0.562664 0.061972 0.561111 0.062430 0.560535 0.062312 0.559500 0.062771 0.558923 0.062653 0.557888 0.063111 0.557312 0.063052 0.556794 0.063969 0.555642 0.064486 0.555582 0.066897 0.553735 0.067932 0.553617 0.068390 0.553041
0 0.669787 0.673704 0.673246 0.676455 0.673364 0.677490 0.673940 0.677948 0.674117 0.679501 0.674694 0.679959 0.675166 0.684099 0.674707 0.684676 0.675002 0.687263 0.673627 0.688993 0.672592 0.689111 0.672134 0.689687 0.669029 0.690041 0.668452 0.689583 0.665347 0.689937 0.662229 0.685574 0.662111 0.684539 0.661534 0.684081 0.661357 0.682528 0.660781 0.682070 0.661639 0.680400 0.661521 0.679365 0.661979 0.678788 0.661920 0.678271 0.662837 0.677118 0.662778 0.676600 0.663695 0.675447 0.663636 0.674930 0.666741 0.674576 0.667199 0.673999
0 0.976304 0.557501 0.979926 0.557088 0.984597 0.561273 0.984715 0.562308 0.985927 0.563742 0.986458 0.568400 0.985260 0.571681 0.983426 0.573987 0.981474 0.575258 0.975264 0.575966 0.974170 0.575567 0.971288 0.573275 0.969381 0.570347 0.969263 0.569312 0.968687 0.568853 0.968274 0.565231 0.968732 0.564654 0.968555 0.563102 0.969931 0.561373 0.969871 0.560855 0.971705 0.558549 0.972681 0.557914
0 0.548092 0.217890 0.548668 0.218348 0.550221 0.218171 0.555632 0.219651 0.557938 0.221485 0.559268 0.223955 0.559858 0.229129 0.558941 0.230282 0.558201 0.232988 0.555450 0.236447 0.552981 0.237777 0.551428 0.237954 0.550970 0.238530 0.548382 0.238825 0.547806 0.238367 0.544124 0.238262 0.541936 0.237463 0.539631 0.235629 0.538995 0.234654 0.538759 0.232584 0.538182 0.232125 0.537533 0.226433 0.537992 0.225856 0.537815 0.224304 0.538614 0.222116 0.540448 0.219810 0.541483 0.219692 0.541941 0.219116 0.545046 0.218761 0.545505 0.218185
0 0.435736 0.768015 0.436312 0.768474 0.437347 0.768356 0.437924 0.768814 0.439535 0.769155 0.442417 0.771447 0.442476 0.771964 0.443053 0.772423 0.443407 0.775528 0.442150 0.778292 0.442267 0.779327 0.441351 0.780480 0.440833 0.780539 0.439916 0.781692 0.439399 0.781751 0.437964 0.782963 0.435894 0.783199 0.435318 0.782741 0.432671 0.782518 0.431518 0.781601 0.431001 0.781660 0.430942 0.781143 0.430365 0.780684 0.430188 0.779132 0.429612 0.778673 0.429494 0.777638 0.428918 0.777180 0.429376 0.776604 0.429140 0.774534 0.429598 0.773957 0.429480 0.772922 0.429939 0.772346 0.429880 0.771828 0.430397 0.771769 0.431773 0.770040 0.432290 0.769981 0.432749 0.769404 0.435277 0.768592
0 0.449969 0.377954 0.450546 0.378412 0.451063 0.378353 0.453369 0.380187 0.453428 0.380705 0.455158 0.382080 0.455335 0.383632 0.455911 0.384091 0.456147 0.386161 0.455689 0.386737 0.454949 0.389443 0.452538 0.391290 0.448399 0.391762 0.447822 0.391304 0.445752 0.391540 0.445176 0.391081 0.444658 0.391140 0.442352 0.389306 0.442293 0.388789 0.441081 0.387355 0.441540 0.386778 0.441186 0.383673 0.441644 0.383097 0.442384 0.380391 0.443819 0.379179 0.446406 0.378884 0.446864 0.378308
0 0.295367 0.718495 0.297555 0.719294 0.302167 0.722962 0.303438 0.724914 0.304087 0.730606 0.303170 0.731759 0.302889 0.733888 0.301972 0.735041 0.300020 0.736312 0.298985 0.736430 0.298527 0.737006 0.295422 0.737360 0.294845 0.736902 0.293810 0.737020 0.291622 0.736221 0.286951 0.732036 0.286833 0.731001 0.285562 0.729049 0.285090 0.724909 0.286407 0.722662 0.286348 0.722144 0.288182 0.719839 0.290769 0.719544 0.291228 0.718967
0 0.544556 0.747744 0.545133 0.748202 0.546168 0.748084 0.548932 0.749341 0.548991 0.749859 0.550839 0.752269 0.551134 0.754857 0.550675 0.755433 0.550852 0.756986 0.550394 0.757562 0.550512 0.758597 0.550053 0.759174 0.550112 0.759691 0.548678 0.760903 0.547643 0.761021 0.547184 0.761598 0.545632 0.761775 0.545173 0.762351 0.544138 0.762469 0.543562 0.762011 0.540975 0.762306 0.540398 0.761847 0.539363 0.761965 0.538787 0.761507 0.538269 0.761566 0.537693 0.761107 0.536998 0.759614 0.535269 0.758238 0.534856 0.754616 0.536172 0.752369 0.536113 0.751852 0.537947 0.749546 0.538982 0.749428 0.539440 0.748851 0.540475 0.748733 0.540934 0.748157
0 0.547975 0.706466 0.551338 0.706082 0.553068 0.707457 0.553585 0.707398 0.558774 0.711525 0.558892 0.712560 0.560163 0.714512 0.560694 0.719169 0.559836 0.720839 0.557026 0.723781 0.552087 0.726441 0.545877 0.727149 0.543689 0.726350 0.541960 0.724975 0.541442 0.725033 0.538900 0.721130 0.538369 0.716472 0.538828 0.715896 0.538651 0.714343 0.539050 0.713249 0.541742 0.709273 0.544611 0.706849
0 0.296695 0.380753 0.297272 0.381212 0.299342 0.380976 0.299918 0.381434 0.302047 0.381716 0.305506 0.384467 0.305624 0.385502 0.306201 0.385960 0.306437 0.388030 0.307013 0.388488 0.306555 0.389065 0.306968 0.392687 0.306509 0.393264 0.306287 0.395910 0.303536 0.399369 0.302560 0.400005 0.299455 0.400359 0.298997 0.400935 0.296409 0.401230 0.294221 0.400431 0.291915 0.398597 0.291398 0.398656 0.289609 0.396763 0.289019 0.391589 0.289478 0.391012 0.289124 0.387907 0.289523 0.386813 0.291816 0.383931 0.291757 0.383413 0.294108 0.381048
0 0.532912 0.259461 0.535159 0.260777 0.535677 0.260718 0.536312 0.261694 0.539712 0.263927 0.540347 0.264903 0.540524 0.266456 0.541101 0.266914 0.541219 0.267949 0.540761 0.268526 0.540938 0.270078 0.540538 0.271172 0.537787 0.274631 0.535835 0.275902 0.534800 0.276020 0.534342 0.276597 0.533765 0.276138 0.528073 0.276787 0.525191 0.274495 0.523284 0.271567 0.522635 0.265875 0.523434 0.263687 0.526244 0.260745 0.529349 0.260391 0.529807 0.259815
0 0.248206 0.419832 0.255805 0.422111 0.259323 0.425379 0.261348 0.429342 0.261643 0.431929 0.259645 0.437399 0.256259 0.439882 0.251602 0.440413 0.251143 0.440989 0.250108 0.441107 0.245791 0.440027 0.241179 0.436359 0.240485 0.434866 0.238120 0.432514 0.237825 0.429927 0.238283 0.429351 0.238846 0.425093 0.241198 0.422728 0.242233 0.422610 0.247171 0.419950
0 0.663135 0.321146 0.663711 0.321605 0.664746 0.321487 0.665899 0.322404 0.668087 0.323203 0.670393 0.325036 0.671265 0.328082 0.671841 0.328541 0.672077 0.330611 0.672654 0.331069 0.672831 0.332622 0.671514 0.334869 0.671573 0.335386 0.670198 0.337115 0.668187 0.337869 0.667729 0.338445 0.666694 0.338563 0.666235 0.339140 0.662095 0.339612 0.661519 0.339154 0.657838 0.339049 0.656108 0.337674 0.653625 0.334287 0.653153 0.330148 0.653611 0.329571 0.653834 0.326925 0.656067 0.323525 0.658078 0.322771 0.658537 0.322195 0.660089 0.322018 0.660548 0.321441
0 0.373469 0.277117 0.374046 0.277576 0.375081 0.277458 0.377269 0.278257 0.380151 0.280549 0.381422 0.282501 0.381658 0.284571 0.382235 0.285029 0.382412 0.286582 0.381953 0.287158 0.382189 0.289228 0.381272 0.290381 0.381331 0.290899 0.379956 0.292628 0.378004 0.293899 0.376969 0.294017 0.376511 0.294594 0.373923 0.294889 0.373347 0.294430 0.371794 0.294607 0.371218 0.294149 0.370183 0.294267 0.369089 0.293867 0.366665 0.290998 0.366429 0.288929 0.365852 0.288470 0.365957 0.284789 0.366415 0.284212 0.366297 0.283177 0.366756 0.282601 0.366638 0.281566 0.367037 0.280472 0.367954 0.279319 0.368989 0.279201 0.370941 0.277930 0.372493 0.277753 0.372952 0.277176
0 0.395053 0.402039 0.397359 0.403873 0.397477 0.404908 0.398053 0.405366 0.398702 0.411058 0.398244 0.411635 0.397903 0.413246 0.396986 0.414399 0.396469 0.414458 0.396010 0.415035 0.394458 0.415212 0.393881 0.414753 0.392846 0.414871 0.392270 0.414413 0.391753 0.414472 0.390600 0.413555 0.388988 0.413215 0.387776 0.411780 0.387422 0.408675 0.387881 0.408099 0.388221 0.406487 0.390513 0.403605 0.391031 0.403546 0.391489 0.402969 0.392524 0.402851 0.392983 0.402275
0 0.901073 0.697655 0.901649 0.698114 0.905331 0.698218 0.909307 0.700910 0.912485 0.705790 0.912898 0.709412 0.912439 0.709989 0.912557 0.711024 0.909289 0.714541 0.907337 0.715813 0.903256 0.716802 0.902798 0.717378 0.900210 0.717674 0.899634 0.717215 0.897505 0.716934 0.893470 0.713724 0.893351 0.712689 0.892775 0.712231 0.892126 0.706539 0.892584 0.705962 0.892466 0.704927 0.893265 0.702739 0.896016 0.699280 0.897968 0.698009
0 0.430468 0.377032 0.431045 0.377491 0.432080 0.377373 0.433233 0.378290 0.433750 0.378231 0.436056 0.380064 0.436115 0.380582 0.436692 0.381040 0.437223 0.385698 0.436764 0.386274 0.436882 0.387309 0.436424 0.387886 0.436483 0.388403 0.435566 0.389556 0.435049 0.389615 0.434132 0.390768 0.433097 0.390886 0.432638 0.391463 0.430051 0.391758 0.429474 0.391299 0.428439 0.391417 0.427863 0.390959 0.427345 0.391018 0.426192 0.390101 0.425675 0.390160 0.425616 0.389642 0.425039 0.389184 0.424862 0.387631 0.424286 0.387173 0.424050 0.385103 0.424508 0.384526 0.424331 0.382974 0.424790 0.382398 0.424731 0.381880 0.425648 0.380727 0.425589 0.380210 0.426047 0.379633 0.426565 0.379574 0.427940 0.377845 0.428975 0.377727 0.429433 0.377150
0 0.351982 0.585181 0.352559 0.585639 0.353594 0.585521 0.354688 0.585921 0.356476 0.587814 0.356594 0.588849 0.359136 0.592753 0.359608 0.596892 0.359209 0.597986 0.356917 0.600869 0.355882 0.600987 0.354447 0.602199 0.353412 0.602317 0.352954 0.602893 0.350884 0.603129 0.350307 0.602671 0.346685 0.603084 0.344438 0.601767 0.344320 0.600732 0.343049 0.598781 0.342872 0.597228 0.342296 0.596770 0.341942 0.593665 0.342400 0.593088 0.342282 0.592053 0.342681 0.590959 0.344057 0.589230 0.345033 0.588594 0.346068 0.588476 0.349913 0.585417
0 0.479871 0.755119 0.480448 0.755578 0.482000 0.755401 0.483671 0.756259 0.484706 0.756141 0.487012 0.757975 0.487071 0.758492 0.487647 0.758951 0.488178 0.763608 0.487720 0.764184 0.487379 0.765796 0.486462 0.766949 0.485945 0.767008 0.485486 0.767584 0.484451 0.767702 0.483993 0.768279 0.481405 0.768574 0.480947 0.769150 0.480370 0.768692 0.479335 0.768810 0.478759 0.768351 0.478241 0.768410 0.477089 0.767494 0.477030 0.766976 0.476453 0.766518 0.476335 0.765483 0.475759 0.765024 0.475405 0.761919 0.474828 0.761461 0.475287 0.760884 0.475227 0.760367 0.475686 0.759790 0.476026 0.758179 0.477402 0.756449 0.477919 0.756390 0.479354 0.755178
0 0.449027 0.709885 0.449604 0.710344 0.452191 0.710049 0.452767 0.710507 0.453802 0.710389 0.454379 0.710847 0.455990 0.711188 0.456049 0.711706 0.457202 0.712622 0.457910 0.718832 0.458487 0.719291 0.458028 0.719867 0.458146 0.720902 0.456830 0.723149 0.456313 0.723208 0.455854 0.723785 0.454302 0.723962 0.453843 0.724538 0.450738 0.724892 0.450280 0.725469 0.449703 0.725010 0.448668 0.725128 0.447515 0.724211 0.446998 0.724270 0.446939 0.723753 0.445091 0.721342 0.444973 0.720307 0.444397 0.719849 0.444220 0.718296 0.443643 0.717838 0.443584 0.717320 0.444842 0.714556 0.444724 0.713521 0.446099 0.711792 0.446617 0.711733 0.448510 0.709944
0 0.748690 0.510590 0.749267 0.511048 0.750302 0.510930 0.751455 0.511847 0.751972 0.511788 0.752549 0.512247 0.752607 0.512764 0.755490 0.515056 0.755903 0.518679 0.754587 0.520926 0.754246 0.522537 0.752353 0.524326 0.751318 0.524444 0.750860 0.525020 0.746720 0.525492 0.746143 0.525034 0.743556 0.525329 0.741309 0.524012 0.741073 0.521943 0.740497 0.521484 0.739848 0.515792 0.740705 0.514121 0.740587 0.513086 0.741105 0.513027 0.742539 0.511815 0.746162 0.511402 0.746620 0.510826
0 0.146363 0.708751 0.146940 0.709209 0.150621 0.709314 0.152927 0.711148 0.154834 0.714076 0.155129 0.716663 0.155705 0.717121 0.155823 0.718156 0.155365 0.718733 0.155660 0.721320 0.154343 0.723567 0.154003 0.725179 0.152569 0.726391 0.150499 0.726627 0.150040 0.727203 0.145900 0.727675 0.143653 0.726359 0.143136 0.726418 0.143077 0.725900 0.139559 0.722632 0.139382 0.721080 0.138805 0.720621 0.138451 0.717516 0.138910 0.716940 0.138733 0.715387 0.139650 0.714234 0.139990 0.712623 0.141366 0.710893 0.141883 0.710834 0.143776 0.709046
0 0.973190 0.475031 0.976295 0.474677 0.976872 0.475135 0.977389 0.475076 0.982001 0.478744 0.982237 0.480814 0.982814 0.481272 0.982827 0.485989 0.982369 0.486565 0.982028 0.488176 0.981111 0.489330 0.980594 0.489389 0.979159 0.490600 0.976054 0.490955 0.975478 0.490496 0.971856 0.490909 0.971279 0.490451 0.970762 0.490510 0.967244 0.487241 0.967067 0.485689 0.966490 0.485230 0.966254 0.483160 0.966713 0.482584 0.966935 0.479938 0.970085 0.475385
0 0.376526 0.579761 0.377103 0.580220 0.381819 0.580206 0.384007 0.581005 0.386890 0.583297 0.388737 0.585708 0.389150 0.589330 0.388233 0.590483 0.387493 0.593189 0.385142 0.595553 0.382673 0.596883 0.378074 0.597932 0.377616 0.598508 0.377039 0.598050 0.371229 0.597664 0.368347 0.595372 0.368229 0.594337 0.366958 0.592385 0.366839 0.591350 0.367298 0.590773 0.367003 0.588186 0.367920 0.587033 0.368260 0.585422 0.369636 0.583692 0.375491 0.579879
0 0.106259 0.361056 0.106835 0.361514 0.107870 0.361396 0.112246 0.362994 0.112305 0.363512 0.113458 0.364429 0.114729 0.366381 0.115260 0.371038 0.114343 0.372191 0.114402 0.372708 0.111592 0.375650 0.110616 0.376285 0.109064 0.376462 0.108605 0.377039 0.105500 0.377393 0.104924 0.376934 0.102854 0.377170 0.102278 0.376712 0.101243 0.376830 0.099513 0.375454 0.099395 0.374419 0.098183 0.372985 0.097947 0.370915 0.098406 0.370339 0.098169 0.368269 0.099427 0.365504 0.099309 0.364469 0.103213 0.361927 0.104248 0.361809 0.104706 0.361233
0 0.968277 0.666403 0.968854 0.666861 0.971441 0.666566 0.972018 0.667025 0.973053 0.666907 0.975935 0.669199 0.977206 0.671151 0.977324 0.672186 0.977901 0.672644 0.978078 0.674197 0.978654 0.674655 0.978255 0.675749 0.978550 0.678337 0.976257 0.681219 0.974305 0.682490 0.972753 0.682667 0.972176 0.682209 0.968037 0.682681 0.963543 0.680048 0.963366 0.678495 0.962154 0.677061 0.961741 0.673439 0.962599 0.671768 0.962481 0.670733 0.963280 0.668545 0.963797 0.668486 0.965690 0.666698
0 0.282086 0.338255 0.289108 0.340075 0.292567 0.342826 0.294532 0.346271 0.296262 0.347647 0.297533 0.349599 0.298005 0.353738 0.295830 0.357656 0.292903 0.359562 0.291409 0.360257 0.284682 0.361024 0.279848 0.360002 0.274718 0.356394 0.274600 0.355359 0.272753 0.352948 0.272961 0.345586 0.274219 0.342821 0.276112 0.341033 0.281627 0.338831
0 0.195724 0.290570 0.197395 0.291428 0.198430 0.291310 0.200617 0.292109 0.202406 0.294002 0.203159 0.296013 0.203736 0.296472 0.203913 0.298024 0.204489 0.298482 0.205138 0.304175 0.204680 0.304751 0.204798 0.305786 0.203423 0.307516 0.199918 0.308964 0.198484 0.310176 0.196931 0.310353 0.196473 0.310929 0.195896 0.310471 0.191698 0.310425 0.187898 0.309286 0.186169 0.307910 0.185992 0.306358 0.184721 0.304406 0.184249 0.300266 0.185506 0.297502 0.185388 0.296467 0.186586 0.293185 0.188538 0.291914 0.191126 0.291619 0.191584 0.291042
0 0.391702 0.496778 0.392278 0.497237 0.392796 0.497178 0.393949 0.498095 0.394362 0.501717 0.393504 0.503388 0.393622 0.504423 0.393164 0.504999 0.393223 0.505517 0.386495 0.506284 0.386377 0.505249 0.385801 0.504790 0.385742 0.504273 0.384530 0.502838 0.384412 0.501803 0.384870 0.501227 0.384634 0.499157 0.385551 0.498004 0.388139 0.497709 0.388597 0.497132
0 0.153091 0.266076 0.153668 0.266535 0.155738 0.266299 0.156314 0.266757 0.158961 0.266979 0.161207 0.268296 0.161725 0.268237 0.164031 0.270071 0.164149 0.271106 0.164725 0.271564 0.165197 0.275704 0.164739 0.276280 0.164916 0.277833 0.162683 0.281233 0.160731 0.282504 0.154062 0.283788 0.153486 0.283330 0.150840 0.283107 0.149687 0.282191 0.149169 0.282250 0.146863 0.280416 0.146228 0.279440 0.145120 0.274324 0.145579 0.273747 0.145402 0.272195 0.145801 0.271101 0.147635 0.268795 0.150563 0.266889 0.152115 0.266712 0.152574 0.266135
0 0.522723 0.675796 0.523299 0.676254 0.525369 0.676018 0.525946 0.676476 0.526981 0.676359 0.527557 0.676817 0.528075 0.676758 0.529804 0.678133 0.530335 0.682791 0.529877 0.683367 0.529536 0.684979 0.528619 0.686132 0.528102 0.686191 0.526667 0.687403 0.525115 0.687580 0.524656 0.688156 0.522587 0.688392 0.522010 0.687934 0.520975 0.688052 0.520399 0.687593 0.519881 0.687652 0.518728 0.686735 0.518669 0.686218 0.516822 0.683807 0.517739 0.682654 0.518420 0.679432 0.520712 0.676549 0.521229 0.676490 0.521688 0.675914
0 0.341195 0.334267 0.341771 0.334725 0.344476 0.335465 0.345629 0.336382 0.346147 0.336323 0.346206 0.336841 0.346782 0.337299 0.346959 0.338851 0.348171 0.340286 0.348525 0.343391 0.345893 0.347885 0.344858 0.348003 0.343423 0.349215 0.340318 0.349569 0.339742 0.349110 0.337154 0.349405 0.334908 0.348089 0.334848 0.347571 0.333636 0.346137 0.333282 0.343032 0.333741 0.342456 0.333564 0.340903 0.334022 0.340327 0.333904 0.339292 0.335221 0.337045 0.335738 0.336986 0.337173 0.335774 0.338725 0.335597 0.339184 0.335020 0.340736 0.334843
0 0.314808 0.662955 0.315384 0.663413 0.317454 0.663177 0.318031 0.663636 0.320677 0.663858 0.324136 0.666609 0.326043 0.669537 0.326220 0.671089 0.326796 0.671548 0.326751 0.675747 0.325153 0.680122 0.322343 0.683064 0.315098 0.683890 0.314522 0.683432 0.313487 0.683549 0.310205 0.682351 0.307205 0.679024 0.307028 0.677471 0.306451 0.677013 0.306038 0.673391 0.306496 0.672814 0.306260 0.670744 0.307000 0.668039 0.308376 0.666309 0.313256 0.663132
0 0.831641 0.594440 0.832217 0.594899 0.834287 0.594663 0.836475 0.595462 0.837628 0.596379 0.838263 0.597355 0.838381 0.598390 0.838958 0.598848 0.839312 0.601953 0.839888 0.602411 0.840006 0.603446 0.838009 0.608916 0.837033 0.609552 0.835998 0.609670 0.835540 0.610246 0.831917 0.610659 0.831459 0.611236 0.824895 0.608839 0.823624 0.606887 0.823506 0.605852 0.822930 0.605393 0.822812 0.604359 0.823270 0.603782 0.823034 0.601712 0.824409 0.599983 0.824750 0.598371 0.828018 0.594853
0 0.188821 0.749516 0.191068 0.750832 0.191127 0.751350 0.192280 0.752267 0.192339 0.752784 0.193551 0.754218 0.193669 0.755253 0.194881 0.756688 0.194940 0.757205 0.194481 0.757782 0.194658 0.759334 0.194200 0.759911 0.194318 0.760946 0.191049 0.764464 0.188980 0.764700 0.188521 0.765276 0.183346 0.765866 0.181099 0.764550 0.181040 0.764032 0.179252 0.762139 0.179710 0.761563 0.179002 0.755353 0.179461 0.754777 0.179801 0.753165 0.181635 0.750859 0.183705 0.750623 0.184163 0.750047
0 0.067484 0.338218 0.071106 0.337805 0.073353 0.339122 0.073412 0.339639 0.075777 0.341991 0.075895 0.343026 0.077166 0.344977 0.077343 0.346530 0.076885 0.347106 0.077121 0.349176 0.076322 0.351364 0.075405 0.352517 0.075464 0.353035 0.074488 0.353670 0.073453 0.353788 0.072995 0.354365 0.069890 0.354719 0.069431 0.355295 0.065291 0.355767 0.063104 0.354968 0.060103 0.351641 0.059350 0.349630 0.058773 0.349172 0.058360 0.345549 0.058819 0.344973 0.058701 0.343938 0.059218 0.343879 0.061910 0.339902 0.063862 0.338631
0 0.217198 0.437521 0.217775 0.437980 0.218810 0.437862 0.219386 0.438320 0.219904 0.438261 0.221057 0.439178 0.221116 0.439696 0.222328 0.441130 0.222505 0.442682 0.223081 0.443141 0.223671 0.448316 0.222296 0.450045 0.221778 0.450104 0.220344 0.451316 0.217239 0.451670 0.216663 0.451212 0.215110 0.451389 0.214534 0.450930 0.212922 0.450590 0.211769 0.449673 0.211710 0.449155 0.209863 0.446745 0.209568 0.444158 0.210026 0.443581 0.209908 0.442546 0.211742 0.440240 0.212260 0.440181 0.212718 0.439605 0.213753 0.439487 0.215187 0.438275 0.216740 0.438098
0 0.494402 0.707856 0.494978 0.708315 0.496013 0.708197 0.496590 0.708655 0.497625 0.708537 0.498201 0.708996 0.499813 0.709336 0.500966 0.710253 0.501025 0.710771 0.501601 0.711229 0.501837 0.713299 0.502414 0.713758 0.502532 0.714793 0.502073 0.715369 0.501733 0.716981 0.500816 0.718133 0.499781 0.718251 0.499322 0.718828 0.496217 0.719182 0.495759 0.719758 0.494207 0.719935 0.493630 0.719477 0.492595 0.719595 0.491442 0.718678 0.491383 0.718161 0.490807 0.717702 0.490689 0.716667 0.490112 0.716209 0.489699 0.712586 0.490158 0.712010 0.490099 0.711492 0.492849 0.708033
0 0.415759 0.691662 0.418605 0.691337 0.420852 0.692654 0.420911 0.693171 0.422123 0.694606 0.422477 0.697711 0.423053 0.698169 0.422595 0.698745 0.422713 0.699780 0.422254 0.700357 0.422431 0.701909 0.421973 0.702486 0.422032 0.703003 0.421115 0.704156 0.419622 0.704851 0.418705 0.706004 0.413530 0.706594 0.410647 0.704301 0.410130 0.704361 0.408341 0.702468 0.408164 0.700915 0.407588 0.700457 0.407470 0.699422 0.407928 0.698845 0.407692 0.696775 0.409068 0.695046 0.409585 0.694987 0.410502 0.693834 0.411020 0.693775 0.412913 0.691986
0 0.895120 0.328243 0.895697 0.328701 0.898343 0.328924 0.901107 0.330181 0.902142 0.330063 0.903295 0.330980 0.903413 0.332015 0.903990 0.332474 0.904108 0.333509 0.904684 0.333967 0.905215 0.338624 0.904698 0.338683 0.903323 0.340413 0.902288 0.340531 0.901829 0.341107 0.900794 0.341225 0.900336 0.341802 0.898783 0.341979 0.898325 0.342555 0.895737 0.342850 0.895161 0.342392 0.892455 0.341652 0.890150 0.339818 0.889618 0.335161 0.890077 0.334584 0.890417 0.332973 0.892710 0.330090 0.894203 0.329396
0 0.784240 0.192535 0.785910 0.193393 0.786945 0.193275 0.787522 0.193734 0.788557 0.193616 0.790745 0.194415 0.791898 0.195332 0.793804 0.198259 0.794335 0.202917 0.793877 0.203493 0.794054 0.205046 0.793255 0.207234 0.791421 0.209540 0.790386 0.209658 0.789927 0.210234 0.787858 0.210470 0.787399 0.211047 0.783777 0.211460 0.783200 0.211001 0.781130 0.211237 0.778942 0.210438 0.775483 0.207687 0.774376 0.202572 0.774834 0.201995 0.774598 0.199925 0.775057 0.199349 0.774880 0.197796 0.775279 0.196702 0.777113 0.194396 0.779183 0.194160 0.781135 0.192889
0 0.691829 0.738289 0.697299 0.740287 0.700758 0.743038 0.700935 0.744590 0.701511 0.745049 0.702042 0.749706 0.701584 0.750282 0.701702 0.751317 0.700903 0.753505 0.699986 0.754658 0.697975 0.755412 0.697517 0.755988 0.693377 0.756460 0.692918 0.757037 0.690213 0.756297 0.688484 0.754921 0.687966 0.754980 0.687907 0.754463 0.686813 0.754063 0.684448 0.751712 0.683976 0.747572 0.684435 0.746996 0.684198 0.744926 0.684598 0.743832 0.687807 0.739796 0.689759 0.738525
0 0.266071 0.691432 0.266647 0.691890 0.268200 0.691713 0.268776 0.692171 0.270388 0.692512 0.271541 0.693429 0.271600 0.693946 0.272176 0.694405 0.272825 0.700097 0.272367 0.700674 0.272426 0.701191 0.271509 0.702344 0.270991 0.702403 0.270075 0.703556 0.269557 0.703615 0.268123 0.704827 0.266570 0.705004 0.265994 0.704546 0.264382 0.704205 0.262076 0.702371 0.261899 0.700819 0.261323 0.700360 0.261146 0.698808 0.260569 0.698349 0.261427 0.696679 0.261250 0.695126 0.262626 0.693397 0.263143 0.693338 0.265553 0.691491
0 0.400951 0.233095 0.406997 0.235551 0.409997 0.238879 0.410469 0.243018 0.410011 0.243595 0.410188 0.245147 0.409389 0.247335 0.408472 0.248488 0.405544 0.250395 0.403474 0.250631 0.403016 0.251207 0.401981 0.251325 0.401404 0.250867 0.399852 0.251044 0.396570 0.249845 0.394841 0.248470 0.394087 0.246459 0.393511 0.246001 0.393393 0.244966 0.392816 0.244507 0.392285 0.239850 0.392743 0.239273 0.392566 0.237721 0.394400 0.235415 0.395435 0.235297 0.395894 0.234720 0.397446 0.234543 0.397905 0.233967 0.399457 0.233790 0.399916 0.233213
0 0.406177 0.609930 0.406753 0.610388 0.407271 0.610329 0.407847 0.610788 0.409459 0.611128 0.410612 0.612045 0.411129 0.611986 0.411706 0.612444 0.411883 0.613997 0.412459 0.614455 0.412754 0.617043 0.412296 0.617619 0.412532 0.619689 0.412073 0.620266 0.411556 0.620325 0.409146 0.622172 0.408111 0.622290 0.407652 0.622867 0.405065 0.623162 0.404488 0.622703 0.403453 0.622821 0.400630 0.621046 0.400394 0.618976 0.399817 0.618518 0.399581 0.616448 0.400040 0.615871 0.399863 0.614319 0.400321 0.613742 0.400262 0.613225 0.401638 0.611496 0.402155 0.611437 0.403590 0.610225
0 0.886419 0.242741 0.886995 0.243199 0.889583 0.242904 0.890159 0.243363 0.892229 0.243127 0.895688 0.245877 0.896383 0.247371 0.897536 0.248288 0.897772 0.250358 0.898348 0.250816 0.898525 0.252369 0.897327 0.255650 0.895951 0.257380 0.893999 0.258651 0.890377 0.259064 0.889919 0.259640 0.886814 0.259995 0.886237 0.259536 0.884685 0.259713 0.881403 0.258515 0.880191 0.257080 0.880014 0.255528 0.879437 0.255069 0.879201 0.252999 0.879660 0.252423 0.879424 0.250353 0.879882 0.249777 0.879764 0.248742 0.881998 0.245342 0.882515 0.245283 0.883432 0.244130 0.885384 0.242859
0 0.250702 0.487694 0.252373 0.488552 0.255019 0.488775 0.259572 0.491925 0.259690 0.492960 0.260961 0.494912 0.261433 0.499052 0.259613 0.506074 0.256744 0.508498 0.255192 0.508675 0.252264 0.510581 0.251229 0.510699 0.244665 0.508303 0.242064 0.503881 0.241887 0.502329 0.241311 0.501870 0.240957 0.498765 0.240380 0.498307 0.240484 0.494626 0.241742 0.491861 0.243117 0.490132 0.245587 0.488802 0.247139 0.488625 0.247598 0.488048
0 0.174178 0.598117 0.174755 0.598575 0.177860 0.598221 0.180166 0.600055 0.180225 0.600572 0.181436 0.602007 0.181791 0.605112 0.182367 0.605570 0.181909 0.606147 0.182027 0.607181 0.181568 0.607758 0.181686 0.608793 0.181228 0.609369 0.181287 0.609887 0.179911 0.611616 0.173184 0.612384 0.172607 0.611925 0.172090 0.611984 0.170361 0.610609 0.170243 0.609574 0.169666 0.609115 0.169548 0.608080 0.168972 0.607622 0.168499 0.603482 0.168958 0.602905 0.169698 0.600200 0.171073 0.598471
0 0.935229 0.365082 0.938593 0.364698 0.940840 0.366015 0.941357 0.365956 0.941934 0.366414 0.941993 0.366932 0.943205 0.368366 0.943323 0.369401 0.943899 0.369860 0.944371 0.373999 0.943913 0.374576 0.944031 0.375611 0.943572 0.376187 0.943631 0.376705 0.942256 0.378434 0.941738 0.378493 0.941280 0.379070 0.940245 0.379188 0.939786 0.379764 0.933577 0.380472 0.933000 0.380014 0.930295 0.379274 0.929718 0.378815 0.929024 0.377322 0.927871 0.376405 0.927399 0.372265 0.927857 0.371689 0.928597 0.368983 0.930431 0.366677 0.930948 0.366618 0.931865 0.365465
0 0.366058 0.699426 0.366634 0.699884 0.370257 0.699471 0.371410 0.700388 0.371927 0.700329 0.372622 0.701823 0.374351 0.703198 0.374410 0.703716 0.374987 0.704174 0.375223 0.706244 0.375799 0.706703 0.375858 0.707220 0.375400 0.707797 0.375577 0.709349 0.375118 0.709925 0.375236 0.710960 0.373861 0.712690 0.373343 0.712749 0.371909 0.713961 0.366217 0.714610 0.365758 0.715186 0.365241 0.715245 0.363511 0.713870 0.362994 0.713929 0.361205 0.712036 0.361028 0.710484 0.359816 0.709049 0.359639 0.707497 0.360098 0.706920 0.359862 0.704850 0.360320 0.704274 0.360202 0.703239 0.360661 0.702662 0.360602 0.702145 0.361977 0.700415 0.362495 0.700356 0.362953 0.699780
0 0.043834 0.434224 0.044410 0.434683 0.046022 0.435023 0.047175 0.435940 0.047234 0.436458 0.047810 0.436916 0.047928 0.437951 0.049140 0.439385 0.049494 0.442490 0.049036 0.443067 0.049154 0.444102 0.048237 0.445255 0.047719 0.445314 0.046285 0.446526 0.045250 0.446644 0.044791 0.447220 0.043756 0.447338 0.043180 0.446880 0.042145 0.446998 0.041568 0.446539 0.039957 0.446199 0.037651 0.444365 0.037474 0.442813 0.036898 0.442354 0.036662 0.440284 0.037120 0.439708 0.037002 0.438673 0.037460 0.438096 0.037401 0.437579 0.037860 0.437002 0.038377 0.436943 0.039294 0.435790 0.039812 0.435731 0.040270 0.435155 0.041305 0.435037 0.041764 0.434460
0 0.788478 0.386009 0.791583 0.385655 0.792159 0.386114 0.792677 0.386055 0.794406 0.387430 0.794465 0.387947 0.796313 0.390358 0.796549 0.392428 0.797125 0.392886 0.797302 0.394439 0.796444 0.396109 0.796562 0.397144 0.795187 0.398874 0.794670 0.398933 0.793235 0.400145 0.791165 0.400381 0.790707 0.400957 0.789154 0.401134 0.788696 0.401711 0.786108 0.402006 0.785532 0.401547 0.785014 0.401606 0.783285 0.400231 0.783167 0.399196 0.782590 0.398737 0.782413 0.397185 0.781837 0.396726 0.781719 0.395691 0.782177 0.395115 0.782000 0.393562 0.782459 0.392986 0.782341 0.391951 0.782799 0.391375 0.783539 0.388669 0.785373 0.386363
0 0.353311 0.382488 0.353888 0.382947 0.356475 0.382652 0.357052 0.383110 0.358087 0.382992 0.358663 0.383451 0.359180 0.383392 0.360910 0.384767 0.360969 0.385285 0.361546 0.385743 0.362018 0.389883 0.361559 0.390459 0.361219 0.392071 0.360302 0.393224 0.358749 0.393401 0.358291 0.393977 0.355703 0.394272 0.355245 0.394849 0.354210 0.394967 0.352539 0.394109 0.352480 0.393591 0.351904 0.393133 0.351786 0.392098 0.351209 0.391640 0.351091 0.390605 0.350515 0.390146 0.350279 0.388076 0.349702 0.387618 0.349643 0.387100 0.350102 0.386524 0.350043 0.386006 0.352794 0.382547
0 0.547650 0.384114 0.548803 0.385031 0.549321 0.384972 0.551050 0.386348 0.551168 0.387383 0.552380 0.388817 0.552498 0.389852 0.552040 0.390429 0.552335 0.393016 0.550959 0.394745 0.550442 0.394804 0.549007 0.396016 0.546938 0.396252 0.546361 0.395794 0.545326 0.395912 0.544750 0.395453 0.543138 0.395113 0.541985 0.394196 0.541926 0.393679 0.541350 0.393220 0.541232 0.392185 0.540655 0.391727 0.540360 0.389139 0.540819 0.388563 0.540701 0.387528 0.541159 0.386951 0.541677 0.386892 0.542594 0.385739 0.543629 0.385621 0.544087 0.385045 0.545122 0.384927 0.545580 0.384350
0 0.210769 0.661567 0.211345 0.662026 0.212957 0.662366 0.215263 0.664200 0.215957 0.665693 0.217687 0.667069 0.217228 0.667645 0.217464 0.669715 0.217006 0.670292 0.217124 0.671327 0.214373 0.674785 0.213338 0.674904 0.212880 0.675480 0.211327 0.675657 0.210751 0.675199 0.209198 0.675376 0.208622 0.674917 0.208104 0.674976 0.205798 0.673142 0.205149 0.667450 0.205608 0.666873 0.205948 0.665262 0.207324 0.663532 0.207841 0.663474 0.209276 0.662262 0.210310 0.662144
0 0.325327 0.696207 0.325903 0.696666 0.326938 0.696548 0.328032 0.696947 0.330338 0.698781 0.330856 0.698722 0.332644 0.700615 0.332880 0.702685 0.333457 0.703143 0.334106 0.708836 0.332449 0.712694 0.331473 0.713329 0.330438 0.713448 0.329980 0.714024 0.326875 0.714378 0.326416 0.714955 0.325840 0.714496 0.324805 0.714614 0.322617 0.713815 0.320887 0.712440 0.320828 0.711922 0.319099 0.710547 0.318863 0.708477 0.318286 0.708018 0.317755 0.703361 0.318554 0.701173 0.320329 0.698350 0.322281 0.697079 0.323316 0.696961 0.323774 0.696384
0 0.508783 0.668474 0.509936 0.669391 0.510453 0.669332 0.511030 0.669790 0.511089 0.670308 0.511665 0.670766 0.511724 0.671284 0.513572 0.673694 0.513749 0.675246 0.513290 0.675823 0.513467 0.677375 0.513009 0.677952 0.512668 0.679563 0.511293 0.681293 0.510258 0.681411 0.509799 0.681987 0.509223 0.681529 0.508188 0.681647 0.507611 0.681188 0.506576 0.681306 0.503694 0.679014 0.503177 0.679073 0.503118 0.678555 0.502541 0.678097 0.502305 0.676027 0.501729 0.675568 0.501434 0.672981 0.501892 0.672405 0.501774 0.671370 0.502232 0.670793 0.502173 0.670276 0.503208 0.670158 0.503667 0.669581 0.505219 0.669404 0.505678 0.668828
0 0.438685 0.334159 0.439838 0.335076 0.440355 0.335017 0.442661 0.336850 0.442779 0.337885 0.443356 0.338344 0.443474 0.339379 0.444050 0.339837 0.444168 0.340872 0.443710 0.341449 0.443946 0.343519 0.442112 0.345825 0.441595 0.345884 0.440219 0.347613 0.437632 0.347908 0.437055 0.347450 0.436538 0.347509 0.435961 0.347050 0.435444 0.347109 0.432679 0.345852 0.432620 0.345334 0.432044 0.344876 0.431690 0.341771 0.432148 0.341194 0.432030 0.340159 0.435698 0.335548 0.436216 0.335489 0.437132 0.334336
0 0.821293 0.356581 0.821869 0.357040 0.823481 0.357380 0.824634 0.358297 0.825151 0.358238 0.825269 0.359273 0.827752 0.362659 0.828047 0.365247 0.826672 0.366976 0.826731 0.367494 0.825355 0.369223 0.824838 0.369282 0.824379 0.369859 0.823344 0.369977 0.822886 0.370553 0.815641 0.371379 0.813394 0.370063 0.813335 0.369545 0.811547 0.367652 0.811016 0.362995 0.811933 0.361842 0.811874 0.361325 0.812791 0.360172 0.812732 0.359654 0.814625 0.357866 0.818247 0.357453 0.818705 0.356876
0 0.213703 0.402274 0.214280 0.402732 0.214797 0.402673 0.217680 0.404965 0.217739 0.405483 0.218315 0.405941 0.217857 0.406518 0.218152 0.409105 0.217693 0.409682 0.218047 0.412787 0.216672 0.414516 0.216154 0.414575 0.214720 0.415787 0.214144 0.415329 0.212074 0.415565 0.211497 0.415106 0.210462 0.415224 0.209886 0.414766 0.208333 0.414943 0.208274 0.414425 0.207698 0.413967 0.207521 0.412414 0.206944 0.411956 0.206590 0.408851 0.207049 0.408274 0.206872 0.406722 0.207330 0.406145 0.207271 0.405628 0.207789 0.405569 0.208247 0.404992 0.208765 0.404933 0.211175 0.403086 0.212727 0.402909 0.213186 0.402333
0 0.067566 0.366516 0.068142 0.366975 0.069177 0.366857 0.069754 0.367315 0.071365 0.367656 0.074306 0.370466 0.074365 0.370983 0.074942 0.371442 0.075355 0.375064 0.074896 0.375640 0.075014 0.376675 0.072722 0.379558 0.072205 0.379617 0.069794 0.381464 0.067207 0.381759 0.066630 0.381301 0.065078 0.381478 0.064501 0.381019 0.062949 0.381196 0.061796 0.380279 0.061737 0.379762 0.061161 0.379303 0.061043 0.378269 0.059831 0.376834 0.059595 0.374764 0.060053 0.374188 0.059876 0.372635 0.060334 0.372059 0.061074 0.369353 0.061592 0.369294 0.063026 0.368082 0.064579 0.367905 0.065037 0.367329 0.066072 0.367211 0.066531 0.366634
0 0.919700 0.355320 0.920277 0.355778 0.923382 0.355424 0.923958 0.355883 0.924476 0.355824 0.926781 0.357658 0.926899 0.358693 0.927476 0.359151 0.927653 0.360704 0.928230 0.361162 0.928288 0.361680 0.927830 0.362256 0.928066 0.364326 0.925774 0.367208 0.924221 0.367385 0.923763 0.367962 0.921693 0.368198 0.921234 0.368774 0.918129 0.369128 0.917553 0.368670 0.917036 0.368729 0.914153 0.366437 0.913976 0.364884 0.913400 0.364426 0.913163 0.362356 0.913622 0.361779 0.913504 0.360744 0.913962 0.360168 0.914303 0.358556 0.915678 0.356827 0.916196 0.356768 0.917630 0.355556
0 0.473911 0.702854 0.478287 0.704452 0.479840 0.704275 0.482146 0.706109 0.483417 0.708061 0.484465 0.712659 0.485042 0.713117 0.484583 0.713694 0.484996 0.717316 0.484138 0.718987 0.484256 0.720022 0.481846 0.721869 0.477248 0.722918 0.476789 0.723494 0.471555 0.723567 0.470979 0.723108 0.468333 0.722886 0.462509 0.717784 0.462391 0.716749 0.461814 0.716290 0.461283 0.711633 0.461683 0.710539 0.462200 0.710480 0.467243 0.704139 0.471383 0.703667 0.471842 0.703090
0 0.227132 0.791278 0.227709 0.791736 0.228744 0.791618 0.229320 0.792076 0.230355 0.791958 0.232543 0.792757 0.235425 0.795050 0.236061 0.796026 0.236238 0.797578 0.236814 0.798037 0.237345 0.802694 0.236546 0.804882 0.235630 0.806035 0.235689 0.806552 0.235171 0.806611 0.234254 0.807764 0.233278 0.808400 0.231726 0.808577 0.231267 0.809153 0.229715 0.809330 0.229256 0.809907 0.226669 0.810202 0.223387 0.809003 0.221081 0.807170 0.220963 0.806135 0.220387 0.805676 0.219856 0.801019 0.222652 0.793361 0.223169 0.793302 0.225062 0.791514
0 0.966575 0.614700 0.970951 0.616298 0.973834 0.618590 0.975105 0.620542 0.975282 0.622095 0.975858 0.622553 0.976212 0.625658 0.975754 0.626235 0.975931 0.627787 0.974555 0.629516 0.972603 0.630787 0.971051 0.630964 0.970593 0.631541 0.969040 0.631718 0.968582 0.632294 0.968005 0.631836 0.965935 0.632072 0.965359 0.631614 0.962254 0.631968 0.958854 0.629734 0.958159 0.628241 0.956371 0.626348 0.956017 0.623243 0.958191 0.619326 0.958132 0.618808 0.960484 0.616443 0.962036 0.616266 0.962495 0.615690 0.965082 0.615395 0.965541 0.614818
0 0.782914 0.291238 0.783490 0.291696 0.787171 0.291801 0.787748 0.292259 0.789359 0.292600 0.790571 0.294034 0.790748 0.295586 0.791325 0.296045 0.791797 0.300185 0.791339 0.300761 0.790998 0.302373 0.789623 0.304102 0.789682 0.304620 0.789164 0.304679 0.787730 0.305891 0.786177 0.306068 0.785719 0.306644 0.781579 0.307116 0.781002 0.306658 0.779391 0.306317 0.777662 0.304942 0.777543 0.303907 0.776331 0.302472 0.775859 0.298333 0.776717 0.296662 0.776599 0.295627 0.777058 0.295051 0.776999 0.294533 0.780844 0.291474
0 0.335418 0.724937 0.335994 0.725395 0.337029 0.725277 0.337605 0.725735 0.338123 0.725676 0.339276 0.726593 0.339335 0.727111 0.340547 0.728545 0.340724 0.730098 0.340265 0.730674 0.340324 0.731192 0.339866 0.731768 0.339925 0.732286 0.338550 0.734015 0.338032 0.734074 0.337574 0.734651 0.336539 0.734769 0.336080 0.735345 0.335045 0.735463 0.334469 0.735005 0.333951 0.735064 0.332222 0.733688 0.332045 0.732136 0.331468 0.731677 0.331291 0.730125 0.331750 0.729548 0.331632 0.728514 0.332090 0.727937 0.332031 0.727419 0.332490 0.726843 0.332431 0.726326 0.333348 0.725173
0 0.831563 0.697194 0.834926 0.696810 0.840396 0.698808 0.842761 0.701159 0.843928 0.706792 0.844504 0.707251 0.844622 0.708286 0.844164 0.708862 0.844282 0.709897 0.843823 0.710474 0.843542 0.712603 0.842166 0.714332 0.840673 0.715027 0.839756 0.716180 0.838721 0.716298 0.836769 0.717569 0.834064 0.716829 0.832334 0.715453 0.830146 0.714654 0.828993 0.713737 0.827663 0.711268 0.826510 0.710351 0.826333 0.708799 0.825062 0.706847 0.824590 0.702707 0.825389 0.700519 0.828199 0.697577
0 0.503654 0.545345 0.504231 0.545804 0.505783 0.545627 0.506360 0.546085 0.507395 0.545967 0.507971 0.546426 0.508443 0.550565 0.507985 0.551142 0.508044 0.551659 0.507585 0.552236 0.507644 0.552753 0.506786 0.554424 0.506269 0.554483 0.505810 0.555059 0.505293 0.555118 0.503858 0.556330 0.502823 0.556448 0.502365 0.557025 0.501848 0.557084 0.501271 0.556625 0.500754 0.556684 0.499024 0.555309 0.498788 0.553239 0.498212 0.552781 0.498035 0.551228 0.498493 0.550652 0.498257 0.548582 0.498715 0.548005 0.498656 0.547488 0.499573 0.546335 0.500091 0.546276 0.500549 0.545699
0 0.156985 0.359989 0.158656 0.360847 0.158715 0.361365 0.159868 0.362282 0.159927 0.362799 0.161139 0.364234 0.161788 0.369926 0.161329 0.370503 0.161447 0.371538 0.158637 0.374479 0.158120 0.374538 0.157543 0.374079 0.153921 0.374493 0.153345 0.374034 0.151792 0.374211 0.150063 0.372836 0.150004 0.372318 0.148274 0.370943 0.148215 0.370425 0.147639 0.369967 0.147226 0.366344 0.147684 0.365768 0.148025 0.364157 0.149859 0.361851 0.150376 0.361792 0.150834 0.361215 0.154457 0.360802 0.154915 0.360226
0 0.197462 0.315010 0.198039 0.315468 0.199650 0.315809 0.200803 0.316726 0.200862 0.317243 0.201439 0.317702 0.201557 0.318737 0.202769 0.320171 0.202946 0.321724 0.203522 0.322182 0.203699 0.323735 0.201407 0.326617 0.200890 0.326676 0.199973 0.327829 0.199455 0.327888 0.198997 0.328464 0.197444 0.328642 0.196868 0.328183 0.196350 0.328242 0.195774 0.327784 0.194162 0.327443 0.191339 0.325668 0.191162 0.324116 0.190585 0.323657 0.190290 0.321070 0.192006 0.317729 0.192524 0.317670 0.194934 0.315823 0.195969 0.315704 0.196427 0.315128
0 0.255336 0.578902 0.255913 0.579361 0.257983 0.579125 0.258559 0.579583 0.259594 0.579465 0.261900 0.581299 0.261959 0.581817 0.262536 0.582275 0.262772 0.584345 0.263348 0.584803 0.263525 0.586356 0.263067 0.586932 0.263185 0.587967 0.262726 0.588544 0.262844 0.589579 0.261469 0.591308 0.260951 0.591367 0.260493 0.591944 0.254801 0.592593 0.252036 0.591335 0.251977 0.590818 0.249494 0.587432 0.249376 0.586397 0.249835 0.585820 0.249540 0.583233 0.249998 0.582656 0.249939 0.582139 0.250856 0.580986 0.250797 0.580468 0.252232 0.579256
0 0.873924 0.537722 0.874501 0.538181 0.876053 0.538004 0.876630 0.538462 0.878182 0.538285 0.878759 0.538743 0.879794 0.538625 0.880370 0.539084 0.880888 0.539025 0.882617 0.540400 0.882794 0.541953 0.883371 0.542411 0.883784 0.546034 0.883325 0.546610 0.883502 0.548163 0.882585 0.549316 0.882644 0.549833 0.881787 0.551503 0.880751 0.551621 0.880293 0.552198 0.878741 0.552375 0.878282 0.552951 0.874142 0.553424 0.873566 0.552965 0.871954 0.552625 0.870166 0.550732 0.870107 0.550214 0.868954 0.549297 0.868364 0.544122 0.869281 0.542969 0.869222 0.542452 0.871514 0.539570 0.872032 0.539511 0.872949 0.538358 0.873466 0.538299
0 0.616086 0.740636 0.619709 0.740223 0.620285 0.740681 0.620403 0.741716 0.620980 0.742175 0.621098 0.743209 0.621674 0.743668 0.621969 0.746255 0.621511 0.746832 0.621688 0.748384 0.620771 0.749537 0.620830 0.750055 0.613585 0.750881 0.611279 0.749047 0.611102 0.747494 0.610526 0.747036 0.610290 0.744966 0.611148 0.743296 0.611030 0.742261 0.612464 0.741049
0 0.987170 0.616021 0.987747 0.616480 0.989299 0.616303 0.989876 0.616761 0.991428 0.616584 0.992005 0.617043 0.993040 0.616925 0.995863 0.618700 0.995922 0.619217 0.997711 0.621110 0.997947 0.623180 0.997488 0.623756 0.997724 0.625826 0.997266 0.626403 0.997561 0.628990 0.994810 0.632449 0.990670 0.632921 0.990211 0.633498 0.988142 0.633734 0.987565 0.633275 0.986530 0.633393 0.985436 0.632994 0.982036 0.630760 0.981800 0.628690 0.981224 0.628232 0.980752 0.624092 0.982350 0.619716 0.986135 0.616139
0 0.621270 0.243619 0.621846 0.244078 0.624493 0.244300 0.627774 0.245499 0.628927 0.246416 0.629681 0.248426 0.630893 0.249861 0.631882 0.253942 0.631424 0.254518 0.631202 0.257165 0.629368 0.259471 0.627815 0.259648 0.627357 0.260224 0.624769 0.260519 0.624311 0.261096 0.622758 0.261273 0.622182 0.260814 0.618501 0.260710 0.616313 0.259911 0.614583 0.258535 0.612677 0.255607 0.612205 0.251468 0.613403 0.248186 0.615754 0.245821 0.618800 0.244949 0.619259 0.244373 0.620811 0.244196
0 0.760607 0.334670 0.761184 0.335128 0.762219 0.335010 0.762795 0.335468 0.764407 0.335809 0.765559 0.336726 0.765678 0.337761 0.767525 0.340171 0.767879 0.343276 0.766962 0.344429 0.767021 0.344947 0.764729 0.347829 0.764211 0.347888 0.763753 0.348464 0.762718 0.348582 0.762259 0.349159 0.761683 0.348700 0.759613 0.348936 0.759036 0.348478 0.757484 0.348655 0.756908 0.348197 0.755873 0.348315 0.755296 0.347856 0.754602 0.346363 0.752813 0.344470 0.752400 0.340847 0.753716 0.338600 0.753657 0.338083 0.754574 0.336930 0.755609 0.336812 0.756068 0.336236 0.757620 0.336058 0.758079 0.335482 0.759631 0.335305 0.760090 0.334728
0 0.369768 0.469924 0.370345 0.470382 0.371380 0.470264 0.375238 0.471921 0.375297 0.472439 0.377086 0.474332 0.377558 0.478471 0.377099 0.479048 0.376359 0.481753 0.374984 0.483483 0.374466 0.483542 0.373549 0.484695 0.372514 0.484813 0.372056 0.485389 0.369469 0.485684 0.368892 0.485226 0.367340 0.485403 0.366763 0.484944 0.365728 0.485062 0.363999 0.483687 0.363940 0.483169 0.363363 0.482711 0.362773 0.477536 0.363232 0.476960 0.363114 0.475925 0.365865 0.472466 0.366382 0.472407 0.368275 0.470618 0.369310 0.470500
0 0.737850 0.581021 0.738426 0.581480 0.738944 0.581421 0.739520 0.581879 0.740555 0.581761 0.742226 0.582619 0.742285 0.583137 0.744073 0.585030 0.744486 0.588652 0.743229 0.591416 0.743347 0.592451 0.741054 0.595334 0.740019 0.595452 0.739561 0.596028 0.735939 0.596441 0.735362 0.595983 0.733292 0.596219 0.732716 0.595760 0.732198 0.595819 0.729892 0.593986 0.729597 0.591398 0.729021 0.590940 0.728844 0.589387 0.729302 0.588811 0.729066 0.586741 0.729525 0.586164 0.729466 0.585647 0.730841 0.583917 0.731359 0.583858 0.731817 0.583282 0.732852 0.583164 0.733310 0.582587 0.734345 0.582469 0.734804 0.581893 0.735839 0.581775 0.736297 0.581198
0 0.811293 0.379214 0.813540 0.380530 0.814057 0.380471 0.815786 0.381847 0.816481 0.383340 0.817634 0.384257 0.817870 0.386327 0.818446 0.386786 0.818623 0.388338 0.818165 0.388914 0.818283 0.389950 0.817484 0.392137 0.813580 0.394679 0.805818 0.395564 0.804724 0.395165 0.802418 0.393331 0.802300 0.392296 0.801724 0.391838 0.801547 0.390285 0.800970 0.389827 0.800557 0.386204 0.803190 0.381710 0.805142 0.380440 0.808764 0.380026 0.809223 0.379450
0 0.754235 0.248902 0.757598 0.248518 0.760481 0.250811 0.763658 0.255690 0.763835 0.257243 0.763377 0.257819 0.763154 0.260466 0.759886 0.263984 0.758910 0.264619 0.755288 0.265032 0.754829 0.265609 0.752242 0.265904 0.751089 0.264987 0.750571 0.265046 0.749936 0.264070 0.748206 0.262694 0.747571 0.261718 0.747217 0.258614 0.747675 0.258037 0.747439 0.255967 0.747898 0.255391 0.747780 0.254356 0.748179 0.253262 0.749096 0.252109 0.749437 0.250497 0.750871 0.249285
0 0.125950 0.368246 0.126526 0.368705 0.129173 0.368927 0.130843 0.369785 0.131878 0.369667 0.134184 0.371501 0.135632 0.375005 0.136209 0.375464 0.136504 0.378051 0.137080 0.378510 0.136622 0.379086 0.136858 0.381156 0.136399 0.381733 0.136517 0.382768 0.134683 0.385073 0.134742 0.385591 0.134284 0.386167 0.133249 0.386285 0.132791 0.386862 0.130721 0.387098 0.130262 0.387674 0.126640 0.388088 0.121229 0.386608 0.118347 0.384315 0.117652 0.382822 0.115864 0.380929 0.115746 0.379894 0.116204 0.379317 0.115968 0.377248 0.117507 0.372354 0.119341 0.370048 0.123939 0.369000 0.124398 0.368423
0 0.762086 0.448778 0.762663 0.449237 0.765250 0.448942 0.765827 0.449400 0.766861 0.449282 0.767438 0.449741 0.767955 0.449682 0.770261 0.451516 0.770733 0.455655 0.770275 0.456232 0.770393 0.457267 0.769934 0.457843 0.770052 0.458878 0.769135 0.460031 0.768618 0.460090 0.768160 0.460667 0.760915 0.461493 0.760338 0.461034 0.759821 0.461093 0.758668 0.460176 0.758609 0.459659 0.758032 0.459200 0.757855 0.457648 0.757279 0.457190 0.757161 0.456155 0.757619 0.455578 0.757383 0.453508 0.757842 0.452932 0.757783 0.452414 0.759617 0.450108 0.759558 0.449591 0.760075 0.449532 0.760534 0.448955
0 0.856506 0.720560 0.857082 0.721019 0.857600 0.720960 0.861694 0.724686 0.861812 0.725721 0.862389 0.726180 0.862507 0.727215 0.863083 0.727673 0.861708 0.729403 0.861367 0.731014 0.860450 0.732167 0.859933 0.732226 0.857523 0.734074 0.851830 0.734723 0.851254 0.734264 0.849642 0.733924 0.848489 0.733007 0.848371 0.731972 0.847795 0.731513 0.847323 0.727374 0.847781 0.726797 0.847663 0.725762 0.848122 0.725186 0.848063 0.724668 0.849897 0.722362 0.850932 0.722244 0.851390 0.721668 0.853977 0.721373 0.854436 0.720796
0 0.876335 0.476115 0.876912 0.476573 0.878982 0.476337 0.879558 0.476796 0.880076 0.476737 0.882382 0.478571 0.882736 0.481676 0.883312 0.482134 0.883784 0.486274 0.883326 0.486850 0.882985 0.488462 0.881610 0.490191 0.880575 0.490309 0.880116 0.490886 0.874942 0.491476 0.874365 0.491017 0.873848 0.491076 0.869812 0.487867 0.869340 0.483727 0.870198 0.482057 0.870080 0.481022 0.870539 0.480445 0.870480 0.479928 0.873230 0.476469
0 0.718126 0.642506 0.722502 0.644104 0.724631 0.644385 0.728149 0.647654 0.728784 0.648630 0.729020 0.650699 0.729597 0.651158 0.729833 0.653228 0.729374 0.653804 0.729551 0.655357 0.729152 0.656451 0.726401 0.659910 0.724390 0.660663 0.723932 0.661240 0.722897 0.661358 0.722438 0.661934 0.718298 0.662406 0.717722 0.661948 0.715652 0.662184 0.715075 0.661725 0.714041 0.661843 0.711735 0.660009 0.710464 0.658058 0.710228 0.655988 0.709651 0.655529 0.709756 0.651848 0.710214 0.651271 0.710436 0.648625 0.711694 0.645860 0.713646 0.644589 0.717668 0.643082
0 0.574821 0.541948 0.578185 0.541565 0.578244 0.542082 0.579456 0.543516 0.579692 0.545586 0.580268 0.546045 0.580563 0.548632 0.581140 0.549091 0.581199 0.549608 0.580282 0.550761 0.580341 0.551279 0.579424 0.552432 0.574767 0.552963 0.574190 0.552504 0.572120 0.552740 0.572061 0.552223 0.570908 0.551306 0.570731 0.549753 0.570155 0.549295 0.569860 0.546708 0.570318 0.546131 0.570141 0.544579 0.570600 0.544002 0.570541 0.543485 0.571458 0.542332
0 0.908691 0.596663 0.911537 0.596338 0.912113 0.596797 0.913666 0.596620 0.915972 0.598454 0.916030 0.598971 0.916607 0.599430 0.916725 0.600465 0.917302 0.600923 0.917597 0.603510 0.918173 0.603969 0.918350 0.605521 0.917492 0.607192 0.917610 0.608227 0.917152 0.608803 0.917211 0.609321 0.916693 0.609380 0.915259 0.610592 0.908014 0.611418 0.907438 0.610959 0.906403 0.611077 0.904732 0.610219 0.904673 0.609702 0.902826 0.607292 0.902472 0.604187 0.902930 0.603610 0.902812 0.602575 0.903271 0.601999 0.903093 0.600446 0.903552 0.599870 0.903493 0.599352 0.903952 0.598776 0.904469 0.598717 0.905844 0.596987
0 0.026954 0.459738 0.027531 0.460197 0.028048 0.460138 0.032083 0.463347 0.032601 0.463288 0.032660 0.463806 0.034507 0.466216 0.035156 0.471908 0.034698 0.472485 0.034816 0.473520 0.033899 0.474673 0.032864 0.474791 0.032406 0.475367 0.029818 0.475662 0.029360 0.476239 0.027807 0.476416 0.027231 0.475957 0.025619 0.475617 0.024466 0.474700 0.023772 0.473206 0.022042 0.471831 0.021983 0.471314 0.020771 0.469879 0.020653 0.468844 0.020077 0.468386 0.020535 0.467809 0.020299 0.465739 0.020758 0.465163 0.020699 0.464645 0.021216 0.464586 0.024426 0.460551 0.024943 0.460492 0.025402 0.459915
0 0.919050 0.528907 0.919626 0.529366 0.922332 0.530106 0.924638 0.531939 0.924756 0.532974 0.925332 0.533433 0.925627 0.536020 0.925169 0.536597 0.925346 0.538149 0.924887 0.538726 0.925005 0.539761 0.922713 0.542643 0.922195 0.542702 0.921737 0.543279 0.917597 0.543751 0.917020 0.543292 0.915409 0.542952 0.913680 0.541576 0.913621 0.541059 0.913044 0.540600 0.912336 0.534391 0.912794 0.533814 0.912735 0.533297 0.914569 0.530991 0.915087 0.530932 0.917497 0.529084
0 0.075796 0.298479 0.079159 0.298096 0.080889 0.299471 0.081406 0.299412 0.083712 0.301246 0.083830 0.302281 0.084407 0.302739 0.084584 0.304292 0.085160 0.304750 0.085278 0.305785 0.084820 0.306362 0.085056 0.308432 0.084198 0.310102 0.084316 0.311137 0.083917 0.312231 0.083000 0.313384 0.081048 0.314655 0.074320 0.315422 0.072133 0.314623 0.070344 0.312730 0.070226 0.311695 0.069014 0.310261 0.068719 0.307673 0.069177 0.307097 0.069282 0.303416 0.069681 0.302322 0.072432 0.298863
0 0.896213 0.448162 0.902201 0.450100 0.903353 0.451017 0.903471 0.452052 0.904743 0.454004 0.905274 0.458661 0.904416 0.460332 0.904534 0.461367 0.903158 0.463096 0.899254 0.465638 0.894080 0.466228 0.893503 0.465770 0.891433 0.466006 0.889245 0.465207 0.887516 0.463832 0.887398 0.462797 0.885550 0.460386 0.885314 0.458316 0.885773 0.457740 0.885655 0.456705 0.886853 0.453423 0.888687 0.451117 0.890639 0.449846 0.893226 0.449551 0.893685 0.448975 0.895237 0.448797 0.895696 0.448221
0 0.015863 0.308458 0.018051 0.309257 0.019204 0.310174 0.021910 0.310914 0.023063 0.311831 0.023698 0.312807 0.023816 0.313842 0.024393 0.314300 0.024924 0.318958 0.024007 0.320111 0.023666 0.321722 0.023149 0.321781 0.021774 0.323511 0.019822 0.324782 0.018787 0.324900 0.018328 0.325476 0.016776 0.325653 0.016199 0.325195 0.015164 0.325313 0.014588 0.324854 0.011941 0.324632 0.009635 0.322798 0.009576 0.322280 0.007788 0.320388 0.007434 0.317283 0.007892 0.316706 0.007774 0.315671 0.008233 0.315095 0.008115 0.314060 0.008514 0.312966 0.009890 0.311236 0.012818 0.309330 0.014370 0.309153 0.014828 0.308576
0 0.941927 0.623801 0.942504 0.624260 0.943538 0.624142 0.944115 0.624600 0.944633 0.624541 0.948091 0.627292 0.948327 0.629362 0.948904 0.629820 0.949081 0.631373 0.948622 0.631949 0.948400 0.634596 0.947025 0.636325 0.946507 0.636384 0.945073 0.637596 0.939898 0.638186 0.939321 0.637728 0.937251 0.637964 0.935522 0.636588 0.935463 0.636071 0.932980 0.632685 0.932626 0.629580 0.933084 0.629003 0.933425 0.627392 0.935259 0.625086 0.939399 0.624614 0.939857 0.624037
0 0.292653 0.694691 0.294323 0.695549 0.295358 0.695431 0.298640 0.696629 0.300370 0.698005 0.300429 0.698522 0.302794 0.700873 0.302971 0.702426 0.303547 0.702884 0.303901 0.705989 0.303443 0.706566 0.303561 0.707601 0.302185 0.709330 0.300234 0.710601 0.298681 0.710778 0.298223 0.711355 0.295118 0.711709 0.294659 0.712285 0.293624 0.712403 0.291954 0.711545 0.290919 0.711663 0.287637 0.710465 0.286484 0.709548 0.284578 0.706620 0.284105 0.702480 0.284564 0.701904 0.284786 0.699257 0.286162 0.697528 0.288173 0.696774 0.291101 0.694868
0 0.394005 0.277921 0.395676 0.278779 0.396710 0.278661 0.397287 0.279119 0.397804 0.279060 0.398381 0.279519 0.399416 0.279401 0.399992 0.279859 0.400110 0.280894 0.401322 0.282329 0.401499 0.283881 0.402076 0.284340 0.402430 0.287444 0.401971 0.288021 0.402090 0.289056 0.400832 0.291820 0.400315 0.291879 0.399856 0.292456 0.398304 0.292633 0.397845 0.293209 0.395258 0.293504 0.394799 0.294081 0.394223 0.293622 0.393188 0.293740 0.392611 0.293282 0.391000 0.292941 0.389271 0.291566 0.388576 0.290073 0.387423 0.289156 0.386774 0.283463 0.387232 0.282887 0.387573 0.281275 0.391018 0.279310 0.391935 0.278157
0 0.529388 0.513579 0.532788 0.515813 0.534976 0.516612 0.537282 0.518446 0.537917 0.519422 0.538094 0.520974 0.538671 0.521433 0.538212 0.522009 0.538389 0.523561 0.537931 0.524138 0.537767 0.527302 0.535992 0.530125 0.534040 0.531396 0.533005 0.531514 0.532547 0.532091 0.528407 0.532563 0.527831 0.532104 0.525761 0.532340 0.522937 0.530565 0.520395 0.526662 0.519347 0.522063 0.519805 0.521487 0.519628 0.519934 0.521403 0.517111 0.521921 0.517052 0.522838 0.515899 0.526401 0.514968 0.528353 0.513697
0 0.413211 0.276255 0.413787 0.276714 0.415857 0.276478 0.416434 0.276936 0.418504 0.276700 0.419598 0.277100 0.423116 0.280368 0.423234 0.281403 0.424505 0.283355 0.425095 0.288529 0.424178 0.289682 0.423837 0.291294 0.421944 0.293082 0.420909 0.293200 0.420451 0.293777 0.417346 0.294131 0.416888 0.294707 0.413265 0.295120 0.412689 0.294662 0.409525 0.294499 0.408372 0.293582 0.407854 0.293641 0.406007 0.291230 0.405358 0.285538 0.405816 0.284961 0.406039 0.282315 0.408731 0.278339 0.411658 0.276432
0 0.294477 0.239470 0.297323 0.239146 0.297500 0.240698 0.298076 0.241156 0.304463 0.242001 0.306710 0.243317 0.308794 0.247798 0.309561 0.254525 0.308880 0.257748 0.306647 0.261148 0.303083 0.262078 0.302625 0.262655 0.295321 0.262963 0.290428 0.261424 0.287545 0.259132 0.286156 0.256145 0.285625 0.251488 0.286084 0.250911 0.286129 0.246712 0.288421 0.243830 0.291349 0.241924 0.291808 0.241347 0.291631 0.239795
0 0.165956 0.748978 0.169320 0.748594 0.172261 0.751404 0.173532 0.753356 0.173650 0.754391 0.174227 0.754849 0.174935 0.761059 0.174477 0.761636 0.174195 0.763764 0.171385 0.766706 0.169315 0.766942 0.168857 0.767518 0.165752 0.767872 0.165293 0.768449 0.162071 0.767768 0.160341 0.766393 0.160282 0.765875 0.158494 0.763982 0.158317 0.762430 0.157740 0.761971 0.157563 0.760419 0.158421 0.758748 0.158303 0.757713 0.159901 0.753338 0.162593 0.749361
0 0.160240 0.787722 0.160816 0.788180 0.163522 0.788920 0.165251 0.790295 0.165959 0.796505 0.165501 0.797082 0.165619 0.798117 0.164243 0.799846 0.164302 0.800364 0.163844 0.800940 0.163326 0.800999 0.161892 0.802211 0.159305 0.802506 0.158728 0.802048 0.155623 0.802402 0.154470 0.801485 0.154411 0.800967 0.153199 0.799533 0.152845 0.796428 0.152269 0.795969 0.152210 0.795452 0.152668 0.794876 0.152491 0.793323 0.152950 0.792747 0.152832 0.791712 0.153290 0.791135 0.153231 0.790618 0.154148 0.789465 0.155700 0.789288 0.156159 0.788711 0.158746 0.788416 0.159205 0.787840
0 0.049779 0.601293 0.050355 0.601752 0.055013 0.601220 0.055589 0.601679 0.056107 0.601620 0.056683 0.602078 0.056742 0.602596 0.060201 0.605347 0.060319 0.606382 0.062107 0.608275 0.061086 0.613109 0.058794 0.615991 0.057759 0.616109 0.057300 0.616686 0.050573 0.617453 0.049997 0.616994 0.049479 0.617053 0.047691 0.615161 0.047632 0.614643 0.047055 0.614185 0.046229 0.606940 0.046688 0.606363 0.046910 0.603717 0.048285 0.601988 0.048803 0.601929 0.049261 0.601352
0 0.520530 0.753104 0.521106 0.753563 0.524211 0.753209 0.524787 0.753667 0.525305 0.753608 0.527034 0.754984 0.527153 0.756019 0.527729 0.756477 0.527847 0.757512 0.528423 0.757971 0.528601 0.759523 0.528142 0.760099 0.528319 0.761652 0.527861 0.762228 0.527520 0.763840 0.526145 0.765569 0.525627 0.765628 0.524710 0.766781 0.523675 0.766899 0.523217 0.767476 0.522182 0.767594 0.521723 0.768170 0.520171 0.768347 0.519713 0.768924 0.519136 0.768465 0.517584 0.768642 0.517007 0.768184 0.515396 0.767843 0.512913 0.764457 0.512441 0.760317 0.513299 0.758647 0.513121 0.757094 0.515473 0.754729 0.515990 0.754670 0.516449 0.754094 0.517484 0.753976 0.517942 0.753399
0 0.528787 0.724380 0.529363 0.724838 0.532468 0.724484 0.533045 0.724943 0.534597 0.724766 0.535174 0.725224 0.535691 0.725165 0.536844 0.726082 0.536903 0.726600 0.538115 0.728034 0.538410 0.730621 0.538987 0.731080 0.539164 0.732632 0.538705 0.733209 0.538823 0.734244 0.538365 0.734820 0.538424 0.735338 0.537048 0.737067 0.536531 0.737126 0.536072 0.737703 0.530898 0.738293 0.530439 0.738869 0.529404 0.738987 0.528828 0.738529 0.528310 0.738588 0.526581 0.737212 0.526522 0.736695 0.524674 0.734284 0.524497 0.732732 0.523921 0.732274 0.523685 0.730204 0.524543 0.728533 0.524425 0.727498 0.526259 0.725192 0.526776 0.725133 0.527234 0.724557
0 0.801931 0.563754 0.802508 0.564213 0.806130 0.563800 0.809012 0.566092 0.809071 0.566610 0.809648 0.567068 0.809943 0.569656 0.810519 0.570114 0.810578 0.570632 0.810120 0.571208 0.810297 0.572760 0.809839 0.573337 0.809956 0.574372 0.808581 0.576101 0.808064 0.576160 0.807605 0.576737 0.801395 0.577445 0.800819 0.576986 0.799784 0.577104 0.797478 0.575271 0.797242 0.573201 0.796665 0.572742 0.796193 0.568602 0.797110 0.567449 0.797051 0.566932 0.798885 0.564626 0.799403 0.564567 0.799861 0.563990
0 0.181945 0.578884 0.182522 0.579342 0.183557 0.579224 0.184133 0.579683 0.185168 0.579565 0.186321 0.580481 0.186838 0.580422 0.188568 0.581798 0.188627 0.582315 0.189203 0.582774 0.189439 0.584844 0.188981 0.585420 0.189217 0.587490 0.188359 0.589161 0.188477 0.590196 0.187560 0.591349 0.187043 0.591408 0.185608 0.592620 0.184573 0.592738 0.184115 0.593314 0.183597 0.593373 0.183021 0.592915 0.182503 0.592974 0.181927 0.592515 0.179221 0.591775 0.179162 0.591258 0.176797 0.588906 0.176502 0.586319 0.175926 0.585860 0.175749 0.584308 0.176207 0.583731 0.176148 0.583214 0.177982 0.580908 0.178500 0.580849 0.179934 0.579637 0.181487 0.579460
0 0.114667 0.724422 0.116914 0.725738 0.117431 0.725679 0.117490 0.726197 0.120609 0.730559 0.120727 0.731594 0.121303 0.732053 0.121598 0.734640 0.121140 0.735216 0.121258 0.736251 0.118049 0.740287 0.117531 0.740346 0.117073 0.740922 0.109311 0.741807 0.108734 0.741349 0.107699 0.741467 0.107640 0.740949 0.107064 0.740491 0.106887 0.738939 0.106310 0.738480 0.106133 0.736928 0.106592 0.736351 0.106238 0.733246 0.106696 0.732670 0.106519 0.731117 0.106977 0.730541 0.107717 0.727835 0.109610 0.726047 0.111163 0.725870 0.111621 0.725293 0.113691 0.725057 0.114150 0.724481
0 0.817097 0.517467 0.820202 0.517113 0.820779 0.517572 0.821296 0.517513 0.822449 0.518430 0.822508 0.518947 0.823085 0.519406 0.823203 0.520441 0.823779 0.520899 0.824251 0.525039 0.823793 0.525615 0.823452 0.527227 0.821677 0.530050 0.820125 0.530227 0.819548 0.529769 0.815409 0.530241 0.813103 0.528407 0.813044 0.527889 0.811891 0.526973 0.811419 0.522833 0.811877 0.522256 0.811818 0.521739 0.812276 0.521162 0.812617 0.519551 0.813992 0.517821
0 0.477466 0.738619 0.478042 0.739078 0.478559 0.739019 0.479136 0.739477 0.479195 0.739994 0.481501 0.741828 0.482032 0.746486 0.481573 0.747062 0.481233 0.748674 0.480316 0.749827 0.479799 0.749886 0.479340 0.750462 0.472613 0.751229 0.472036 0.750771 0.471519 0.750830 0.471460 0.750312 0.470883 0.749854 0.470706 0.748301 0.470130 0.747843 0.469953 0.746290 0.470411 0.745714 0.470234 0.744162 0.472068 0.741856 0.472586 0.741797 0.473503 0.740644 0.474020 0.740585 0.475455 0.739373 0.476490 0.739255 0.476948 0.738678
0 0.114314 0.661557 0.117654 0.663273 0.117713 0.663791 0.119561 0.666201 0.120092 0.670858 0.119633 0.671435 0.119692 0.671952 0.118317 0.673682 0.117800 0.673741 0.116365 0.674953 0.113778 0.675248 0.113201 0.674789 0.112166 0.674907 0.111590 0.674449 0.111072 0.674508 0.108190 0.672215 0.107718 0.668076 0.108176 0.667499 0.108517 0.665888 0.109892 0.664158 0.110410 0.664099 0.110868 0.663523 0.111386 0.663464 0.113796 0.661616
0 0.351419 0.649199 0.353090 0.650057 0.354125 0.649938 0.357406 0.651137 0.358559 0.652054 0.358677 0.653089 0.359254 0.653547 0.359903 0.659240 0.359444 0.659816 0.359622 0.661368 0.359163 0.661945 0.359281 0.662980 0.358364 0.664133 0.357565 0.666321 0.353779 0.669898 0.352744 0.670016 0.352168 0.669557 0.348028 0.670029 0.344628 0.667796 0.344510 0.666761 0.343934 0.666303 0.343698 0.664233 0.343121 0.663774 0.342826 0.661187 0.342250 0.660728 0.341837 0.657106 0.343035 0.653824 0.344410 0.652095 0.345386 0.651459 0.346939 0.651282 0.347397 0.650706 0.348950 0.650529 0.350902 0.649258
0 0.170292 0.646787 0.170869 0.647245 0.171386 0.647186 0.175422 0.650396 0.175599 0.651948 0.176811 0.653382 0.176988 0.654935 0.176529 0.655511 0.176765 0.657581 0.175848 0.658734 0.175331 0.658793 0.173896 0.660005 0.172344 0.660182 0.171885 0.660759 0.171309 0.660300 0.169756 0.660477 0.169180 0.660019 0.168145 0.660137 0.167568 0.659678 0.165957 0.659338 0.164745 0.657903 0.164568 0.656351 0.163992 0.655893 0.163460 0.651235 0.163919 0.650659 0.164259 0.649047 0.165812 0.648870 0.166270 0.648294 0.167305 0.648176 0.167764 0.647599 0.169316 0.647422 0.169775 0.646846
0 0.328732 0.560573 0.329309 0.561032 0.333966 0.560501 0.339436 0.562498 0.342954 0.565766 0.346249 0.571681 0.346721 0.575821 0.345242 0.581232 0.342032 0.585267 0.338646 0.587750 0.330884 0.588635 0.329790 0.588236 0.322296 0.582276 0.320906 0.579289 0.320021 0.571526 0.321901 0.565022 0.322818 0.563869 0.328215 0.560632
0 0.937559 0.185537 0.938136 0.185995 0.939747 0.186336 0.942630 0.188628 0.942688 0.189146 0.943900 0.190580 0.944019 0.191615 0.944595 0.192074 0.944654 0.192591 0.944195 0.193167 0.943973 0.195814 0.941681 0.198696 0.941163 0.198755 0.940246 0.199908 0.939211 0.200026 0.938753 0.200603 0.937200 0.200780 0.936624 0.200321 0.931967 0.200852 0.929543 0.197984 0.929307 0.195914 0.928730 0.195455 0.928553 0.193903 0.929012 0.193326 0.929234 0.190680 0.931127 0.188891 0.931644 0.188832 0.932103 0.188256 0.933138 0.188138 0.933596 0.187561 0.934114 0.187502 0.935548 0.186290 0.936583 0.186172 0.937042 0.185596
0 0.887442 0.578117 0.888019 0.578576 0.889054 0.578458 0.889630 0.578916 0.891759 0.579198 0.891818 0.579715 0.893548 0.581091 0.894819 0.583043 0.894937 0.584078 0.895513 0.584536 0.895926 0.588158 0.895468 0.588735 0.895645 0.590287 0.893411 0.593687 0.891459 0.594958 0.888413 0.595830 0.887955 0.596406 0.881228 0.597173 0.877828 0.594940 0.875921 0.592012 0.875508 0.588390 0.875967 0.587813 0.876130 0.584649 0.878364 0.581249 0.878305 0.580732 0.878763 0.580155 0.880316 0.579978 0.880774 0.579402 0.882326 0.579225 0.882785 0.578648
0 0.842547 0.207379 0.848816 0.207189 0.849910 0.207588 0.852275 0.209939 0.852688 0.213562 0.852229 0.214138 0.852465 0.216208 0.850926 0.221102 0.849551 0.222831 0.847599 0.224102 0.846564 0.224220 0.846106 0.224797 0.841448 0.225328 0.840872 0.224869 0.838284 0.225164 0.837191 0.224765 0.834885 0.222931 0.834707 0.221378 0.834131 0.220920 0.833954 0.219367 0.833378 0.218909 0.832847 0.214252 0.833305 0.213675 0.833128 0.212123 0.835420 0.209240 0.836396 0.208605 0.838984 0.208310 0.839442 0.207733
0 0.227144 0.418434 0.227720 0.418893 0.228238 0.418834 0.228814 0.419292 0.230426 0.419632 0.232155 0.421008 0.232273 0.422043 0.232850 0.422501 0.233027 0.424054 0.232568 0.424630 0.232627 0.425148 0.231710 0.426301 0.231370 0.427912 0.229994 0.429642 0.229477 0.429701 0.228560 0.430854 0.228042 0.430913 0.227466 0.430454 0.225913 0.430631 0.225337 0.430173 0.223784 0.430350 0.223208 0.429891 0.222173 0.430009 0.221597 0.429551 0.221184 0.425928 0.221642 0.425352 0.221982 0.423740 0.224733 0.420281 0.225251 0.420222 0.226168 0.419070 0.226685 0.419010
0 0.838610 0.338356 0.839187 0.338815 0.840222 0.338696 0.840798 0.339155 0.842410 0.339495 0.844139 0.340871 0.844657 0.340812 0.845233 0.341270 0.845292 0.341788 0.845869 0.342246 0.845987 0.343281 0.846563 0.343740 0.846917 0.346845 0.846459 0.347421 0.846577 0.348456 0.846118 0.349032 0.846177 0.349550 0.843426 0.353009 0.842909 0.353068 0.842450 0.353644 0.841416 0.353762 0.840957 0.354339 0.838370 0.354634 0.837793 0.354175 0.834112 0.354071 0.832959 0.353154 0.832900 0.352637 0.831052 0.350226 0.830639 0.346604 0.831098 0.346027 0.831320 0.343381 0.832696 0.341651 0.833213 0.341592 0.833672 0.341016 0.834707 0.340898 0.837117 0.339051 0.838152 0.338933
0 0.723997 0.404370 0.724574 0.404829 0.727220 0.405051 0.728373 0.405968 0.729984 0.406308 0.732867 0.408601 0.733044 0.410153 0.733620 0.410612 0.733975 0.413717 0.734551 0.414175 0.734846 0.416762 0.734388 0.417339 0.734106 0.419468 0.733189 0.420621 0.731178 0.421374 0.730720 0.421951 0.728132 0.422246 0.727674 0.422822 0.723017 0.423353 0.722440 0.422895 0.719853 0.423190 0.719276 0.422731 0.718241 0.422849 0.716512 0.421474 0.716394 0.420439 0.715817 0.419981 0.714873 0.411701 0.714297 0.411243 0.714578 0.409114 0.715377 0.406926 0.717329 0.405655 0.720434 0.405301 0.720892 0.404724
0 0.980944 0.451081 0.981520 0.451540 0.983132 0.451880 0.984285 0.452797 0.984462 0.454350 0.985038 0.454808 0.985274 0.456878 0.984816 0.457455 0.985111 0.460042 0.984194 0.461195 0.984253 0.461712 0.983336 0.462866 0.983395 0.463383 0.982019 0.465112 0.979949 0.465348 0.979491 0.465925 0.975351 0.466397 0.974775 0.465938 0.973740 0.466056 0.973163 0.465598 0.972646 0.465657 0.971493 0.464740 0.971198 0.462153 0.970621 0.461694 0.970208 0.458072 0.970667 0.457495 0.971007 0.455884 0.972323 0.453637 0.972841 0.453578 0.974275 0.452366 0.976863 0.452071 0.977321 0.451494
0 0.941322 0.213939 0.941898 0.214398 0.942416 0.214339 0.945298 0.216631 0.945816 0.216572 0.947545 0.217948 0.947663 0.218983 0.948240 0.219441 0.948653 0.223063 0.948194 0.223640 0.948312 0.224675 0.945562 0.228134 0.945044 0.228193 0.944586 0.228769 0.943551 0.228887 0.943092 0.229464 0.941022 0.229700 0.940446 0.229241 0.938893 0.229418 0.937223 0.228560 0.936188 0.228678 0.934458 0.227303 0.934400 0.226785 0.933823 0.226327 0.933233 0.221152 0.933691 0.220576 0.933573 0.219541 0.934032 0.218964 0.934372 0.217353 0.934890 0.217294 0.937241 0.214929 0.938276 0.214811 0.938735 0.214234
0 0.861770 0.455355 0.865134 0.454972 0.866228 0.455371 0.869110 0.457664 0.869169 0.458181 0.870322 0.459098 0.871593 0.461050 0.872124 0.465707 0.870748 0.467437 0.870408 0.469048 0.869491 0.470201 0.867539 0.471472 0.860295 0.472298 0.857013 0.471100 0.855742 0.469148 0.854012 0.467772 0.853894 0.466737 0.853318 0.466279 0.853082 0.464209 0.854280 0.460927 0.856572 0.458045 0.856513 0.457527 0.858406 0.455739
0 0.883482 0.281343 0.884058 0.281801 0.885093 0.281683 0.885670 0.282142 0.886187 0.282083 0.887917 0.283458 0.888434 0.283399 0.889587 0.284316 0.890105 0.284257 0.890164 0.284775 0.890740 0.285233 0.890917 0.286785 0.891493 0.287244 0.891671 0.288796 0.891212 0.289373 0.891271 0.289890 0.889437 0.292196 0.889496 0.292714 0.887086 0.294561 0.886051 0.294679 0.885592 0.295256 0.883005 0.295551 0.882429 0.295092 0.880359 0.295328 0.879782 0.294870 0.878747 0.294988 0.877535 0.293553 0.877358 0.292001 0.876782 0.291543 0.876605 0.289990 0.877063 0.289414 0.876886 0.287861 0.877345 0.287285 0.877285 0.286767 0.878203 0.285614 0.879696 0.284920 0.881530 0.282614 0.883023 0.281919
0 0.756174 0.732525 0.756750 0.732983 0.760549 0.734123 0.762279 0.735498 0.762338 0.736016 0.762915 0.736474 0.763033 0.737509 0.763609 0.737968 0.764199 0.743142 0.761507 0.747119 0.760990 0.747178 0.760531 0.747754 0.759496 0.747872 0.759038 0.748449 0.758003 0.748567 0.757544 0.749143 0.755475 0.749379 0.754898 0.748921 0.752193 0.748181 0.751616 0.747723 0.751557 0.747205 0.749251 0.745371 0.749192 0.744854 0.748616 0.744395 0.748439 0.742843 0.747862 0.742384 0.747390 0.738244 0.747849 0.737668 0.747731 0.736633 0.750082 0.734268 0.750599 0.734209 0.751058 0.733633 0.752093 0.733515 0.752551 0.732938
0 0.926044 0.700574 0.928290 0.701891 0.928808 0.701832 0.929384 0.702290 0.929443 0.702808 0.931173 0.704183 0.931690 0.704124 0.932267 0.704583 0.932326 0.705100 0.933538 0.706534 0.933715 0.708087 0.934291 0.708545 0.934409 0.709580 0.933951 0.710157 0.934128 0.711709 0.932811 0.713956 0.931259 0.714133 0.930800 0.714710 0.926143 0.715241 0.922743 0.713007 0.920038 0.712267 0.918308 0.710892 0.917718 0.705717 0.918177 0.705141 0.918059 0.704106 0.919434 0.702376 0.920469 0.702258 0.920928 0.701682 0.922480 0.701505 0.922939 0.700928
0 0.116167 0.486260 0.122032 0.485592 0.122608 0.486050 0.126289 0.486154 0.129689 0.488388 0.130207 0.488329 0.130620 0.491951 0.129245 0.493681 0.128446 0.495869 0.126494 0.497140 0.125577 0.498292 0.125059 0.498352 0.124142 0.499504 0.124201 0.500022 0.122249 0.501293 0.114487 0.502178 0.113334 0.501261 0.111428 0.498333 0.110897 0.493676 0.111355 0.493099 0.111578 0.490453 0.112495 0.489300 0.113234 0.486595
0 0.061611 0.815394 0.062188 0.815852 0.063223 0.815734 0.063799 0.816192 0.065410 0.816533 0.066563 0.817450 0.067081 0.817391 0.067140 0.817908 0.068352 0.819343 0.068470 0.820378 0.069046 0.820836 0.069223 0.822389 0.069800 0.822847 0.070213 0.826469 0.069755 0.827046 0.069932 0.828598 0.069473 0.829175 0.069650 0.830727 0.058783 0.831966 0.058488 0.829379 0.057911 0.828920 0.057734 0.827368 0.057158 0.826910 0.056745 0.823287 0.057203 0.822711 0.057426 0.820064 0.058343 0.818911 0.058284 0.818394 0.060118 0.816088 0.060059 0.815570
0 0.028845 0.422304 0.029422 0.422762 0.029939 0.422703 0.031668 0.424079 0.032363 0.425572 0.033516 0.426489 0.033575 0.427007 0.034151 0.427465 0.034210 0.427983 0.035363 0.428900 0.036058 0.430393 0.034682 0.432122 0.034342 0.433734 0.032908 0.434946 0.031873 0.435064 0.031414 0.435640 0.023652 0.436526 0.022499 0.435609 0.022440 0.435091 0.021863 0.434633 0.021627 0.432563 0.021051 0.432104 0.020815 0.430034 0.021273 0.429458 0.021037 0.427388 0.021496 0.426811 0.021836 0.425200 0.022753 0.424047 0.024306 0.423870 0.024764 0.423293 0.026834 0.423057 0.027292 0.422481
0 0.997437 0.706063 0.998014 0.706521 0.998397 0.706508 0.998397 0.707307 0.998397 0.708224 0.998397 0.711151 0.998397 0.712704 0.998397 0.713162 0.998397 0.715232 0.998397 0.715809 0.998397 0.718455 0.998397 0.720761 0.998397 0.722032 0.998397 0.722445 0.998397 0.723022 0.998397 0.724574 0.998009 0.724869 0.997832 0.723317 0.997256 0.722858 0.990869 0.722014 0.989139 0.720638 0.988268 0.717593 0.987692 0.717134 0.988150 0.716558 0.987737 0.712935 0.988994 0.710171 0.990370 0.708441 0.993933 0.707511 0.995885 0.706240
0 0.911089 0.205797 0.914452 0.205414 0.916640 0.206213 0.920099 0.208964 0.920735 0.209940 0.920853 0.210975 0.921429 0.211433 0.921724 0.214021 0.920866 0.215691 0.920984 0.216726 0.919150 0.219032 0.916223 0.220938 0.913118 0.221292 0.912659 0.221869 0.909554 0.222223 0.907366 0.221424 0.904425 0.218614 0.904189 0.216544 0.903612 0.216086 0.903258 0.212981 0.903717 0.212404 0.903599 0.211369 0.903998 0.210275 0.906291 0.207393 0.906808 0.207334 0.907725 0.206181
0 0.818958 0.252555 0.822322 0.252171 0.824510 0.252970 0.827968 0.255721 0.828604 0.256697 0.828722 0.257732 0.829298 0.258190 0.829593 0.260778 0.828736 0.262448 0.828853 0.263483 0.827020 0.265789 0.824092 0.267695 0.820987 0.268049 0.820528 0.268626 0.817423 0.268980 0.815236 0.268181 0.812294 0.265371 0.812058 0.263301 0.811482 0.262843 0.811127 0.259738 0.811586 0.259161 0.811468 0.258126 0.811868 0.257032 0.814160 0.254150 0.814677 0.254091 0.815594 0.252938
0 0.790421 0.271814 0.793784 0.271431 0.795972 0.272230 0.799431 0.274980 0.800067 0.275956 0.800185 0.276991 0.800761 0.277450 0.801056 0.280037 0.800198 0.281708 0.800316 0.282743 0.798482 0.285049 0.795555 0.286955 0.792450 0.287309 0.791991 0.287886 0.788886 0.288240 0.786698 0.287441 0.783757 0.284631 0.783521 0.282561 0.782944 0.282102 0.782590 0.278998 0.783049 0.278421 0.782931 0.277386 0.783330 0.276292 0.785623 0.273410 0.786140 0.273351 0.787057 0.272198
0 0.961670 0.233783 0.965033 0.233400 0.967221 0.234198 0.970680 0.236949 0.971316 0.237925 0.971434 0.238960 0.972010 0.239419 0.972305 0.242006 0.971447 0.243677 0.971565 0.244712 0.969732 0.247017 0.966804 0.248924 0.963699 0.249278 0.963240 0.249855 0.960135 0.250209 0.957948 0.249410 0.955006 0.246600 0.954770 0.244530 0.954194 0.244071 0.953840 0.240966 0.954298 0.240390 0.954180 0.239355 0.954579 0.238261 0.956872 0.235379 0.957389 0.235320 0.958306 0.234167
0 0.837757 0.270266 0.838334 0.270725 0.840980 0.270947 0.843745 0.272205 0.844780 0.272087 0.845933 0.273004 0.846051 0.274039 0.846627 0.274497 0.846745 0.275532 0.847322 0.275990 0.847853 0.280648 0.847335 0.280707 0.845960 0.282436 0.844925 0.282554 0.844466 0.283131 0.843432 0.283249 0.842973 0.283825 0.841420 0.284002 0.840962 0.284579 0.838375 0.284874 0.837798 0.284415 0.835093 0.283675 0.832787 0.281842 0.832256 0.277184 0.832714 0.276608 0.833055 0.274996 0.835347 0.272114 0.836841 0.271419
0 0.754169 0.426251 0.754746 0.426709 0.757392 0.426932 0.760157 0.428189 0.761192 0.428071 0.762345 0.428988 0.762463 0.430023 0.763039 0.430482 0.763157 0.431517 0.763734 0.431975 0.764265 0.436632 0.763747 0.436691 0.762372 0.438421 0.761337 0.438539 0.760878 0.439115 0.759843 0.439233 0.759385 0.439810 0.757833 0.439987 0.757374 0.440563 0.754787 0.440858 0.754210 0.440400 0.751505 0.439660 0.749199 0.437826 0.748668 0.433169 0.749126 0.432592 0.749467 0.430981 0.751759 0.428098 0.753252 0.427404
0 0.743335 0.403001 0.743912 0.403459 0.746558 0.403681 0.749323 0.404939 0.750358 0.404821 0.751511 0.405738 0.751629 0.406773 0.752205 0.407231 0.752323 0.408266 0.752900 0.408725 0.753431 0.413382 0.752913 0.413441 0.751538 0.415170 0.750503 0.415288 0.750044 0.415865 0.749009 0.415983 0.748551 0.416559 0.746998 0.416737 0.746540 0.417313 0.743953 0.417608 0.743376 0.417150 0.740671 0.416410 0.738365 0.414576 0.737834 0.409918 0.738292 0.409342 0.738633 0.407730 0.740925 0.404848 0.742418 0.404154
0 0.783387 0.402246 0.783964 0.402704 0.786610 0.402927 0.789375 0.404184 0.790410 0.404066 0.791563 0.404983 0.791681 0.406018 0.792257 0.406476 0.792375 0.407511 0.792952 0.407970 0.793483 0.412627 0.792965 0.412686 0.791590 0.414416 0.790555 0.414534 0.790096 0.415110 0.789061 0.415228 0.788603 0.415805 0.787050 0.415982 0.786592 0.416558 0.784005 0.416853 0.783428 0.416395 0.780723 0.415655 0.778417 0.413821 0.777886 0.409163 0.778344 0.408587 0.778685 0.406976 0.780977 0.404093 0.782470 0.403399
0 0.789183 0.367436 0.789760 0.367895 0.792406 0.368117 0.795170 0.369375 0.796205 0.369257 0.797358 0.370173 0.797476 0.371208 0.798053 0.371667 0.798171 0.372702 0.798747 0.373160 0.799278 0.377818 0.798761 0.377877 0.797386 0.379606 0.796351 0.379724 0.795892 0.380301 0.794857 0.380419 0.794399 0.380995 0.792846 0.381172 0.792388 0.381749 0.789800 0.382044 0.789224 0.381585 0.786518 0.380845 0.784212 0.379011 0.783681 0.374354 0.784140 0.373778 0.784480 0.372166 0.786773 0.369284 0.788266 0.368589
0 0.738503 0.386230 0.739080 0.386689 0.741726 0.386911 0.744491 0.388168 0.745525 0.388050 0.746678 0.388967 0.746796 0.390002 0.747373 0.390461 0.747491 0.391496 0.748067 0.391954 0.748599 0.396612 0.748081 0.396671 0.746706 0.398400 0.745671 0.398518 0.745212 0.399095 0.744177 0.399213 0.743719 0.399789 0.742166 0.399966 0.741708 0.400543 0.739120 0.400838 0.738544 0.400379 0.735838 0.399639 0.733533 0.397805 0.733002 0.393148 0.733460 0.392572 0.733800 0.390960 0.736093 0.388078 0.737586 0.387383
0 0.901408 0.306588 0.901984 0.307047 0.904631 0.307269 0.907395 0.308526 0.908430 0.308408 0.909583 0.309325 0.909701 0.310360 0.910278 0.310819 0.910396 0.311854 0.910972 0.312312 0.911503 0.316969 0.910986 0.317028 0.909610 0.318758 0.908575 0.318876 0.908117 0.319452 0.907082 0.319570 0.906623 0.320147 0.905071 0.320324 0.904612 0.320900 0.902025 0.321195 0.901449 0.320737 0.898743 0.319997 0.896437 0.318163 0.895906 0.313506 0.896365 0.312929 0.896705 0.311318 0.898997 0.308435 0.900491 0.307741
0 0.952024 0.397779 0.952601 0.398237 0.955706 0.397883 0.956282 0.398342 0.956800 0.398283 0.959106 0.400116 0.959224 0.401151 0.959800 0.401610 0.959977 0.403162 0.960554 0.403621 0.960613 0.404138 0.960154 0.404715 0.960390 0.406785 0.958098 0.409667 0.956545 0.409844 0.956087 0.410421 0.954017 0.410657 0.953558 0.411233 0.950454 0.411587 0.949877 0.411129 0.949360 0.411188 0.946477 0.408895 0.946300 0.407343 0.945724 0.406884 0.945488 0.404815 0.945946 0.404238 0.945828 0.403203 0.946287 0.402627 0.946627 0.401015 0.948002 0.399286 0.948520 0.399227 0.949954 0.398015
0 0.965349 0.311956 0.965925 0.312414 0.969030 0.312060 0.969607 0.312519 0.970124 0.312460 0.972430 0.314294 0.972548 0.315329 0.973125 0.315787 0.973302 0.317340 0.973878 0.317798 0.973937 0.318316 0.973479 0.318892 0.973715 0.320962 0.971422 0.323845 0.969870 0.324022 0.969411 0.324598 0.967342 0.324834 0.966883 0.325411 0.963778 0.325765 0.963202 0.325306 0.962684 0.325365 0.959802 0.323073 0.959625 0.321520 0.959048 0.321062 0.958812 0.318992 0.959271 0.318415 0.959153 0.317381 0.959611 0.316804 0.959952 0.315193 0.961327 0.313463 0.961845 0.313404 0.963279 0.312192
0 0.772120 0.240944 0.772697 0.241402 0.775802 0.241048 0.776378 0.241507 0.776895 0.241448 0.779201 0.243282 0.779319 0.244317 0.779896 0.244775 0.780073 0.246328 0.780649 0.246786 0.780708 0.247304 0.780250 0.247880 0.780486 0.249950 0.778194 0.252832 0.776641 0.253009 0.776183 0.253586 0.774113 0.253822 0.773654 0.254398 0.770549 0.254753 0.769973 0.254294 0.769456 0.254353 0.766573 0.252061 0.766396 0.250508 0.765820 0.250050 0.765583 0.247980 0.766042 0.247403 0.765924 0.246368 0.766382 0.245792 0.766723 0.244180 0.768098 0.242451 0.768616 0.242392 0.770050 0.241180
0 0.864066 0.248659 0.864643 0.249118 0.866713 0.248882 0.866772 0.249399 0.867348 0.249857 0.867466 0.250892 0.868043 0.251351 0.868515 0.255491 0.868056 0.256067 0.868174 0.257102 0.867716 0.257679 0.867198 0.257738 0.866282 0.258891 0.865764 0.258950 0.864330 0.260162 0.863295 0.260280 0.862836 0.260856 0.861284 0.261033 0.858401 0.258741 0.858342 0.258223 0.857766 0.257765 0.857530 0.255695 0.857988 0.255118 0.857811 0.253566 0.858270 0.252990 0.858211 0.252472 0.858669 0.251896 0.858610 0.251378 0.859069 0.250802 0.859010 0.250284 0.859927 0.249131
0 0.898863 0.290606 0.899439 0.291064 0.901509 0.290828 0.901568 0.291346 0.902145 0.291804 0.902263 0.292839 0.902839 0.293298 0.903311 0.297437 0.902853 0.298014 0.902971 0.299049 0.902512 0.299625 0.901995 0.299684 0.901078 0.300837 0.900560 0.300896 0.899126 0.302108 0.898091 0.302226 0.897633 0.302803 0.896080 0.302980 0.893198 0.300687 0.893139 0.300170 0.892562 0.299711 0.892326 0.297642 0.892785 0.297065 0.892608 0.295513 0.893066 0.294936 0.893007 0.294419 0.893466 0.293842 0.893407 0.293325 0.893865 0.292748 0.893806 0.292231 0.894723 0.291078
0 0.669317 0.465736 0.672680 0.465352 0.672739 0.465870 0.673951 0.467304 0.674187 0.469374 0.674764 0.469832 0.675059 0.472420 0.675635 0.472878 0.675694 0.473396 0.674777 0.474549 0.674836 0.475066 0.673919 0.476219 0.669262 0.476750 0.668686 0.476292 0.666616 0.476528 0.666557 0.476010 0.665404 0.475093 0.665227 0.473541 0.664650 0.473082 0.664355 0.470495 0.664814 0.469919 0.664637 0.468366 0.665095 0.467790 0.665036 0.467272 0.665953 0.466119
0 0.687694 0.486778 0.691058 0.486394 0.691117 0.486912 0.692329 0.488346 0.692565 0.490416 0.693141 0.490874 0.693436 0.493462 0.694013 0.493920 0.694072 0.494438 0.693155 0.495591 0.693214 0.496108 0.692297 0.497261 0.687639 0.497792 0.687063 0.497334 0.684993 0.497570 0.684934 0.497052 0.683781 0.496135 0.683604 0.494583 0.683028 0.494124 0.682732 0.491537 0.683191 0.490961 0.683014 0.489408 0.683472 0.488832 0.683413 0.488314 0.684330 0.487161
0 0.758803 0.496056 0.762167 0.495672 0.762226 0.496190 0.763438 0.497624 0.763674 0.499694 0.764250 0.500152 0.764545 0.502740 0.765122 0.503198 0.765181 0.503716 0.764264 0.504869 0.764323 0.505386 0.763406 0.506539 0.758748 0.507070 0.758172 0.506612 0.756102 0.506848 0.756043 0.506330 0.754890 0.505413 0.754713 0.503861 0.754136 0.503403 0.753841 0.500815 0.754300 0.500239 0.754123 0.498686 0.754581 0.498110 0.754522 0.497592 0.755439 0.496439
0 0.974672 0.336788 0.978035 0.336405 0.980282 0.337721 0.980800 0.337662 0.981376 0.338121 0.981435 0.338638 0.982647 0.340073 0.982765 0.341108 0.983342 0.341566 0.983814 0.345706 0.983355 0.346282 0.983473 0.347317 0.983015 0.347894 0.983074 0.348411 0.981699 0.350141 0.981181 0.350200 0.980723 0.350776 0.979688 0.350894 0.979229 0.351471 0.973019 0.352179 0.972443 0.351720 0.969738 0.350980 0.969161 0.350522 0.968466 0.349029 0.967314 0.348112 0.966842 0.343972 0.967300 0.343395 0.968040 0.340690 0.969874 0.338384 0.970391 0.338325 0.971308 0.337172
0 0.978073 0.373803 0.981436 0.373419 0.983683 0.374736 0.984201 0.374677 0.984777 0.375135 0.984836 0.375653 0.986048 0.377087 0.986166 0.378122 0.986743 0.378581 0.987215 0.382720 0.986756 0.383297 0.986874 0.384332 0.986416 0.384908 0.986475 0.385426 0.985099 0.387155 0.984582 0.387214 0.984123 0.387791 0.983088 0.387909 0.982630 0.388485 0.976420 0.389193 0.975844 0.388735 0.973138 0.387995 0.972562 0.387536 0.971867 0.386043 0.970714 0.385126 0.970242 0.380986 0.970701 0.380410 0.971441 0.377704 0.973275 0.375398 0.973792 0.375339 0.974709 0.374186
0 0.924036 0.168418 0.924613 0.168877 0.925130 0.168818 0.928013 0.171110 0.928530 0.171051 0.930260 0.172426 0.930378 0.173461 0.930954 0.173920 0.931367 0.177542 0.930909 0.178119 0.931027 0.179154 0.928276 0.182612 0.927758 0.182671 0.927300 0.183248 0.926265 0.183366 0.925806 0.183942 0.923736 0.184179 0.923160 0.183720 0.921608 0.183897 0.919937 0.183039 0.918902 0.183157 0.917173 0.181782 0.917114 0.181264 0.916537 0.180806 0.915947 0.175631 0.916406 0.175054 0.916288 0.174020 0.916746 0.173443 0.917086 0.171832 0.917604 0.171773 0.919955 0.169408 0.920990 0.169290 0.921449 0.168713
0 0.773517 0.315843 0.774094 0.316302 0.775129 0.316184 0.775705 0.316642 0.777317 0.316983 0.778470 0.317900 0.778588 0.318935 0.780435 0.321345 0.780789 0.324450 0.779872 0.325603 0.779931 0.326120 0.777639 0.329003 0.777121 0.329062 0.776663 0.329638 0.775628 0.329756 0.775170 0.330333 0.774593 0.329874 0.772523 0.330110 0.771947 0.329652 0.770394 0.329829 0.769818 0.329370 0.768783 0.329489 0.768206 0.329030 0.767512 0.327537 0.765723 0.325644 0.765310 0.322021 0.766627 0.319774 0.766568 0.319257 0.767485 0.318104 0.768520 0.317986 0.768978 0.317410 0.770530 0.317232 0.770989 0.316656 0.772541 0.316479 0.773000 0.315902
0 0.747492 0.215873 0.748069 0.216331 0.749103 0.216213 0.749680 0.216672 0.751291 0.217012 0.752444 0.217929 0.752562 0.218964 0.754410 0.221374 0.754764 0.224479 0.753847 0.225632 0.753906 0.226150 0.751614 0.229032 0.751096 0.229091 0.750638 0.229668 0.749603 0.229786 0.749144 0.230362 0.748568 0.229904 0.746498 0.230140 0.745921 0.229681 0.744369 0.229858 0.743792 0.229400 0.742757 0.229518 0.742181 0.229059 0.741486 0.227566 0.739698 0.225673 0.739285 0.222051 0.740601 0.219804 0.740542 0.219286 0.741459 0.218133 0.742494 0.218015 0.742953 0.217439 0.744505 0.217262 0.744964 0.216685 0.746516 0.216508 0.746974 0.215932
0 0.804882 0.216180 0.805458 0.216638 0.807528 0.216402 0.808105 0.216861 0.809657 0.216684 0.810233 0.217142 0.811268 0.217024 0.812421 0.217941 0.814328 0.220869 0.814682 0.223974 0.814223 0.224550 0.814342 0.225585 0.813883 0.226162 0.814001 0.227197 0.813602 0.228291 0.812226 0.230020 0.809298 0.231927 0.807746 0.232104 0.807287 0.232680 0.802571 0.232694 0.800383 0.231895 0.798595 0.230002 0.798477 0.228967 0.797900 0.228508 0.797723 0.226956 0.797147 0.226497 0.797029 0.225462 0.797487 0.224886 0.797192 0.222299 0.798508 0.220052 0.798450 0.219534 0.798967 0.219475 0.800860 0.217687 0.801895 0.217569 0.803847 0.216298
0 0.667605 0.213828 0.668181 0.214286 0.669216 0.214168 0.671522 0.216002 0.671581 0.216520 0.672734 0.217437 0.673206 0.221577 0.672748 0.222153 0.673043 0.224740 0.672126 0.225893 0.672185 0.226411 0.670351 0.228717 0.669834 0.228776 0.669375 0.229352 0.663165 0.230060 0.662589 0.229602 0.661554 0.229720 0.660401 0.228803 0.660342 0.228286 0.658036 0.226452 0.657505 0.221794 0.657963 0.221218 0.657786 0.219665 0.658245 0.219089 0.658186 0.218571 0.660020 0.216266 0.660537 0.216207 0.660996 0.215630 0.662031 0.215512 0.662489 0.214936 0.664559 0.214700 0.665017 0.214123
0 0.557029 0.275209 0.557606 0.275667 0.559158 0.275490 0.564569 0.276970 0.566875 0.278804 0.568205 0.281274 0.568795 0.286448 0.567878 0.287601 0.567138 0.290307 0.564387 0.293766 0.561918 0.295096 0.560365 0.295273 0.559907 0.295849 0.557320 0.296144 0.556743 0.295686 0.553062 0.295581 0.550874 0.294782 0.548568 0.292948 0.547932 0.291972 0.547696 0.289903 0.547120 0.289444 0.546471 0.283752 0.546929 0.283175 0.546752 0.281623 0.547551 0.279435 0.549385 0.277129 0.550420 0.277011 0.550878 0.276435 0.553983 0.276080 0.554442 0.275504
0 0.591887 0.251104 0.592463 0.251563 0.596721 0.252125 0.599027 0.253959 0.599781 0.255970 0.600993 0.257405 0.601465 0.261545 0.601006 0.262121 0.600843 0.265285 0.598092 0.268744 0.597057 0.268862 0.596598 0.269438 0.594529 0.269674 0.594070 0.270251 0.590448 0.270664 0.589871 0.270205 0.588319 0.270382 0.585037 0.269184 0.583189 0.266774 0.583071 0.265739 0.581800 0.263787 0.581505 0.261199 0.581964 0.260623 0.581787 0.259071 0.582645 0.257400 0.582527 0.256365 0.583444 0.255212 0.583385 0.254695 0.588782 0.251458
0 0.561507 0.369027 0.562083 0.369486 0.563118 0.369368 0.565424 0.371201 0.565483 0.371719 0.566636 0.372636 0.567108 0.376776 0.566650 0.377352 0.566945 0.379940 0.566028 0.381093 0.566087 0.381610 0.564253 0.383916 0.563735 0.383975 0.563277 0.384551 0.557067 0.385260 0.556491 0.384801 0.555456 0.384919 0.554303 0.384002 0.554244 0.383485 0.551938 0.381651 0.551407 0.376993 0.551865 0.376417 0.551688 0.374865 0.552147 0.374288 0.552088 0.373771 0.553922 0.371465 0.554439 0.371406 0.554898 0.370829 0.555933 0.370711 0.556391 0.370135 0.558461 0.369899 0.558919 0.369322
0 0.395207 0.328287 0.395783 0.328745 0.400041 0.329308 0.402347 0.331142 0.403101 0.333153 0.404313 0.334587 0.404785 0.338727 0.404326 0.339304 0.404163 0.342467 0.401412 0.345926 0.400377 0.346044 0.399919 0.346621 0.397849 0.346857 0.397390 0.347433 0.393768 0.347846 0.393191 0.347388 0.391639 0.347565 0.388357 0.346367 0.386510 0.343956 0.386392 0.342921 0.385121 0.340969 0.384825 0.338382 0.385284 0.337805 0.385107 0.336253 0.385965 0.334583 0.385847 0.333548 0.386764 0.332395 0.386705 0.331877 0.392102 0.328641
0 0.517832 0.305574 0.519503 0.306432 0.520538 0.306314 0.521114 0.306773 0.521632 0.306714 0.522208 0.307172 0.523243 0.307054 0.523820 0.307513 0.523938 0.308548 0.525150 0.309982 0.525327 0.311535 0.525903 0.311993 0.526257 0.315098 0.525799 0.315674 0.525917 0.316709 0.524659 0.319474 0.524142 0.319533 0.523683 0.320109 0.522131 0.320286 0.521672 0.320863 0.519085 0.321158 0.518627 0.321734 0.518050 0.321276 0.517015 0.321394 0.516438 0.320935 0.514827 0.320595 0.513098 0.319219 0.512403 0.317726 0.511250 0.316809 0.510601 0.311117 0.511060 0.310540 0.511400 0.308929 0.514845 0.306963 0.515762 0.305810
0 0.485851 0.294628 0.487521 0.295486 0.488556 0.295368 0.489133 0.295827 0.489650 0.295768 0.490227 0.296226 0.491262 0.296108 0.491838 0.296567 0.491956 0.297602 0.493168 0.299036 0.493345 0.300588 0.493922 0.301047 0.494276 0.304152 0.493817 0.304728 0.493935 0.305763 0.492678 0.308528 0.492160 0.308587 0.491702 0.309163 0.490149 0.309340 0.489691 0.309917 0.487103 0.310212 0.486645 0.310788 0.486069 0.310330 0.485034 0.310448 0.484457 0.309989 0.482846 0.309649 0.481116 0.308273 0.480422 0.306780 0.479269 0.305863 0.478620 0.300171 0.479078 0.299594 0.479419 0.297983 0.482864 0.296017 0.483781 0.294864
0 0.481780 0.314549 0.483450 0.315407 0.484485 0.315289 0.485062 0.315747 0.485579 0.315688 0.486156 0.316147 0.487191 0.316029 0.487767 0.316487 0.487885 0.317522 0.489097 0.318957 0.489274 0.320509 0.489851 0.320968 0.490205 0.324072 0.489746 0.324649 0.489864 0.325684 0.488607 0.328448 0.488089 0.328507 0.487631 0.329084 0.486078 0.329261 0.485620 0.329837 0.483033 0.330132 0.482574 0.330709 0.481998 0.330250 0.480963 0.330368 0.480386 0.329910 0.478775 0.329569 0.477045 0.328194 0.476351 0.326701 0.475198 0.325784 0.474549 0.320091 0.475007 0.319515 0.475348 0.317903 0.478793 0.315938 0.479710 0.314785
0 0.503127 0.372234 0.503703 0.372692 0.504221 0.372633 0.505374 0.373550 0.505787 0.377172 0.504929 0.378843 0.505047 0.379878 0.504589 0.380454 0.504648 0.380972 0.497920 0.381739 0.497802 0.380704 0.497226 0.380245 0.497167 0.379728 0.495955 0.378294 0.495837 0.377259 0.496295 0.376682 0.496059 0.374612 0.496976 0.373459 0.499564 0.373164 0.500022 0.372588
0 0.403107 0.531644 0.403683 0.532102 0.406271 0.531807 0.406847 0.532266 0.407882 0.532148 0.408458 0.532606 0.408976 0.532547 0.410705 0.533922 0.410764 0.534440 0.411341 0.534898 0.411813 0.539038 0.411354 0.539615 0.411014 0.541226 0.410097 0.542379 0.408545 0.542556 0.408086 0.543133 0.405499 0.543428 0.405040 0.544004 0.404005 0.544122 0.402335 0.543264 0.402276 0.542747 0.401699 0.542288 0.401581 0.541253 0.401005 0.540795 0.400887 0.539760 0.400310 0.539301 0.400074 0.537232 0.399498 0.536773 0.399439 0.536256 0.399897 0.535679 0.399838 0.535162 0.402589 0.531703
0 0.441611 0.528298 0.442187 0.528756 0.444775 0.528461 0.445351 0.528920 0.446386 0.528802 0.446963 0.529260 0.447480 0.529201 0.449210 0.530577 0.449269 0.531094 0.449845 0.531553 0.450317 0.535692 0.449859 0.536269 0.449518 0.537880 0.448601 0.539033 0.447049 0.539210 0.446590 0.539787 0.444003 0.540082 0.443545 0.540658 0.442510 0.540776 0.440839 0.539918 0.440780 0.539401 0.440204 0.538942 0.440086 0.537908 0.439509 0.537449 0.439391 0.536414 0.438815 0.535956 0.438579 0.533886 0.438002 0.533427 0.437943 0.532910 0.438402 0.532333 0.438343 0.531816 0.441093 0.528357
0 0.387145 0.353715 0.387722 0.354174 0.390309 0.353879 0.390886 0.354337 0.391921 0.354219 0.392497 0.354678 0.393015 0.354619 0.394744 0.355994 0.394803 0.356512 0.395380 0.356970 0.395852 0.361110 0.395393 0.361686 0.395053 0.363298 0.394136 0.364451 0.392583 0.364628 0.392125 0.365204 0.389537 0.365499 0.389079 0.366076 0.388044 0.366194 0.386373 0.365336 0.386315 0.364818 0.385738 0.364360 0.385620 0.363325 0.385044 0.362866 0.384926 0.361831 0.384349 0.361373 0.384113 0.359303 0.383536 0.358845 0.383478 0.358327 0.383936 0.357751 0.383877 0.357233 0.386628 0.353774
0 0.363510 0.314871 0.364086 0.315329 0.366792 0.316069 0.367945 0.316986 0.368462 0.316927 0.368521 0.317444 0.369098 0.317903 0.369275 0.319455 0.370487 0.320890 0.370841 0.323995 0.368208 0.328488 0.367173 0.328606 0.365739 0.329818 0.362634 0.330172 0.362057 0.329714 0.359470 0.330009 0.357223 0.328693 0.357164 0.328175 0.355952 0.326741 0.355598 0.323636 0.356056 0.323059 0.355879 0.321507 0.356338 0.320930 0.356220 0.319895 0.357536 0.317648 0.358054 0.317589 0.359488 0.316377 0.361041 0.316200 0.361499 0.315624 0.363052 0.315447
0 0.344833 0.299952 0.345410 0.300410 0.348115 0.301150 0.349268 0.302067 0.349786 0.302008 0.349845 0.302526 0.350421 0.302984 0.350598 0.304537 0.351810 0.305971 0.352164 0.309076 0.349531 0.313570 0.348496 0.313688 0.347062 0.314900 0.343957 0.315254 0.343381 0.314795 0.340793 0.315090 0.338546 0.313774 0.338487 0.313256 0.337275 0.311822 0.336921 0.308717 0.337380 0.308141 0.337203 0.306588 0.337661 0.306012 0.337543 0.304977 0.338860 0.302730 0.339377 0.302671 0.340812 0.301459 0.342364 0.301282 0.342822 0.300705 0.344375 0.300528
0 0.314815 0.318382 0.315392 0.318840 0.318097 0.319580 0.319250 0.320497 0.319768 0.320438 0.319827 0.320956 0.320403 0.321414 0.320580 0.322967 0.321792 0.324401 0.322146 0.327506 0.319513 0.332000 0.318478 0.332118 0.317044 0.333330 0.313939 0.333684 0.313362 0.333225 0.310775 0.333520 0.308528 0.332204 0.308469 0.331686 0.307257 0.330252 0.306903 0.327147 0.307362 0.326571 0.307185 0.325018 0.307643 0.324442 0.307525 0.323407 0.308841 0.321160 0.309359 0.321101 0.310793 0.319889 0.312346 0.319712 0.312804 0.319135 0.314357 0.318958
0 0.295527 0.308449 0.296104 0.308908 0.298809 0.309648 0.299962 0.310565 0.300479 0.310506 0.300538 0.311023 0.301115 0.311482 0.301292 0.313034 0.302504 0.314468 0.302858 0.317573 0.300225 0.322067 0.299190 0.322185 0.297756 0.323397 0.294651 0.323751 0.294074 0.323293 0.291487 0.323588 0.289240 0.322271 0.289181 0.321754 0.287969 0.320320 0.287615 0.317215 0.288074 0.316638 0.287896 0.315086 0.288355 0.314509 0.288237 0.313474 0.289553 0.311227 0.290071 0.311168 0.291505 0.309956 0.293058 0.309779 0.293516 0.309203 0.295069 0.309026
0 0.436528 0.268571 0.437104 0.269029 0.441362 0.269592 0.443668 0.271426 0.444422 0.273437 0.445634 0.274871 0.446106 0.279011 0.445647 0.279588 0.445484 0.282752 0.442733 0.286211 0.441698 0.286329 0.441240 0.286905 0.439170 0.287141 0.438711 0.287718 0.435089 0.288131 0.434512 0.287672 0.432960 0.287849 0.429678 0.286651 0.427831 0.284240 0.427712 0.283205 0.426441 0.281254 0.426146 0.278666 0.426605 0.278090 0.426428 0.276537 0.427286 0.274867 0.427168 0.273832 0.428085 0.272679 0.428026 0.272161 0.433423 0.268925
0 0.273675 0.308834 0.274251 0.309293 0.278509 0.309856 0.280815 0.311690 0.281569 0.313700 0.282781 0.315135 0.283253 0.319275 0.282794 0.319851 0.282631 0.323015 0.279880 0.326474 0.278845 0.326592 0.278386 0.327169 0.276317 0.327405 0.275858 0.327981 0.272236 0.328394 0.271659 0.327936 0.270107 0.328113 0.266825 0.326914 0.264977 0.324504 0.264859 0.323469 0.263588 0.321517 0.263293 0.318930 0.263752 0.318353 0.263575 0.316801 0.264433 0.315130 0.264315 0.314095 0.265232 0.312942 0.265173 0.312425 0.270570 0.309188
0 0.370907 0.232320 0.371484 0.232779 0.375742 0.233342 0.378048 0.235175 0.378801 0.237186 0.380013 0.238621 0.380485 0.242761 0.380027 0.243337 0.379863 0.246501 0.377112 0.249960 0.376077 0.250078 0.375619 0.250654 0.373549 0.250890 0.373091 0.251467 0.369468 0.251880 0.368892 0.251422 0.367339 0.251599 0.364057 0.250400 0.362210 0.247990 0.362092 0.246955 0.360821 0.245003 0.360526 0.242416 0.360984 0.241839 0.360807 0.240287 0.361665 0.238616 0.361547 0.237581 0.362464 0.236428 0.362405 0.235911 0.367802 0.232674
0 0.355647 0.262577 0.356224 0.263036 0.358811 0.262741 0.359388 0.263199 0.360423 0.263081 0.360999 0.263540 0.361517 0.263481 0.363246 0.264856 0.363305 0.265373 0.363882 0.265832 0.364354 0.269972 0.363895 0.270548 0.363555 0.272160 0.362638 0.273313 0.361085 0.273490 0.360627 0.274066 0.358040 0.274361 0.357581 0.274938 0.356546 0.275056 0.354876 0.274198 0.354817 0.273680 0.354240 0.273222 0.354122 0.272187 0.353546 0.271728 0.353428 0.270693 0.352851 0.270235 0.352615 0.268165 0.352039 0.267707 0.351980 0.267189 0.352438 0.266613 0.352379 0.266095 0.355130 0.262636
0 0.243926 0.267957 0.244502 0.268416 0.245537 0.268298 0.247725 0.269097 0.250607 0.271389 0.251878 0.273341 0.252114 0.275411 0.252691 0.275869 0.252868 0.277422 0.252409 0.277998 0.252646 0.280068 0.251729 0.281221 0.251788 0.281738 0.250412 0.283468 0.248460 0.284739 0.247425 0.284857 0.246967 0.285433 0.244379 0.285728 0.243803 0.285270 0.242250 0.285447 0.241674 0.284989 0.240639 0.285107 0.239545 0.284707 0.237121 0.281838 0.236885 0.279768 0.236309 0.279310 0.236413 0.275628 0.236872 0.275052 0.236753 0.274017 0.237212 0.273441 0.237094 0.272406 0.237493 0.271312 0.238410 0.270159 0.239445 0.270041 0.241397 0.268770 0.242950 0.268593 0.243408 0.268016
0 0.213457 0.305086 0.214034 0.305544 0.216739 0.306284 0.217892 0.307201 0.218410 0.307142 0.218469 0.307659 0.219045 0.308118 0.219222 0.309670 0.220434 0.311105 0.220788 0.314210 0.218155 0.318703 0.217120 0.318821 0.215686 0.320033 0.212581 0.320387 0.212004 0.319929 0.209417 0.320224 0.207170 0.318908 0.207111 0.318390 0.205899 0.316956 0.205545 0.313851 0.206004 0.313274 0.205827 0.311722 0.206285 0.311145 0.206167 0.310110 0.207483 0.307864 0.208001 0.307805 0.209435 0.306593 0.210988 0.306415 0.211446 0.305839 0.212999 0.305662
0 0.278693 0.268538 0.279270 0.268997 0.281857 0.268701 0.282434 0.269160 0.283469 0.269042 0.284045 0.269500 0.284563 0.269441 0.286292 0.270817 0.286351 0.271334 0.286928 0.271793 0.287400 0.275933 0.286941 0.276509 0.286601 0.278121 0.285684 0.279274 0.284131 0.279451 0.283673 0.280027 0.281086 0.280322 0.280627 0.280899 0.279592 0.281017 0.277922 0.280159 0.277863 0.279641 0.277286 0.279183 0.277168 0.278148 0.276592 0.277689 0.276474 0.276654 0.275897 0.276196 0.275661 0.274126 0.275085 0.273667 0.275026 0.273150 0.275484 0.272573 0.275425 0.272056 0.278176 0.268597
0 0.195165 0.329914 0.195741 0.330372 0.196259 0.330313 0.199141 0.332605 0.199200 0.333123 0.199777 0.333581 0.199318 0.334158 0.199613 0.336745 0.199155 0.337322 0.199509 0.340427 0.198133 0.342156 0.197616 0.342215 0.196181 0.343427 0.195605 0.342969 0.193535 0.343205 0.192959 0.342746 0.191924 0.342864 0.191347 0.342406 0.189795 0.342583 0.189736 0.342065 0.189159 0.341607 0.188982 0.340054 0.188406 0.339596 0.188052 0.336491 0.188510 0.335915 0.188333 0.334362 0.188792 0.333786 0.188733 0.333268 0.189250 0.333209 0.189709 0.332633 0.190226 0.332574 0.192636 0.330726 0.194189 0.330549 0.194647 0.329973
0 0.188984 0.270375 0.189560 0.270834 0.192266 0.271574 0.193419 0.272491 0.193936 0.272432 0.193995 0.272949 0.194572 0.273408 0.194749 0.274960 0.195961 0.276394 0.196315 0.279499 0.193682 0.283993 0.192647 0.284111 0.191213 0.285323 0.188108 0.285677 0.187531 0.285219 0.184944 0.285514 0.182697 0.284197 0.182638 0.283680 0.181426 0.282246 0.181072 0.279141 0.181530 0.278564 0.181353 0.277012 0.181812 0.276435 0.181694 0.275400 0.183010 0.273153 0.183528 0.273094 0.184962 0.271882 0.186514 0.271705 0.186973 0.271129 0.188525 0.270952
0 0.112777 0.283910 0.113353 0.284369 0.115423 0.284133 0.115999 0.284591 0.118646 0.284814 0.120893 0.286130 0.121410 0.286071 0.123716 0.287905 0.123834 0.288940 0.124411 0.289398 0.124883 0.293538 0.124424 0.294115 0.124601 0.295667 0.122368 0.299067 0.120416 0.300338 0.113748 0.301623 0.113171 0.301164 0.110525 0.300942 0.109372 0.300025 0.108855 0.300084 0.106549 0.298250 0.105913 0.297274 0.104806 0.292158 0.105264 0.291582 0.105087 0.290029 0.105486 0.288935 0.107320 0.286629 0.110248 0.284723 0.111801 0.284546 0.112259 0.283969
0 0.234639 0.373841 0.235215 0.374299 0.236250 0.374181 0.240626 0.375779 0.240685 0.376297 0.241838 0.377214 0.243109 0.379166 0.243640 0.383823 0.242723 0.384976 0.242782 0.385493 0.239972 0.388435 0.238996 0.389070 0.237444 0.389247 0.236986 0.389824 0.233881 0.390178 0.233304 0.389719 0.231234 0.389955 0.230658 0.389497 0.229623 0.389615 0.227893 0.388240 0.227775 0.387205 0.226563 0.385770 0.226327 0.383700 0.226786 0.383124 0.226550 0.381054 0.227807 0.378289 0.227689 0.377254 0.231593 0.374713 0.232628 0.374595 0.233086 0.374018
0 0.264241 0.289710 0.264817 0.290168 0.266887 0.289932 0.267464 0.290391 0.270110 0.290613 0.272357 0.291929 0.272874 0.291870 0.275180 0.293704 0.275298 0.294739 0.275875 0.295198 0.276347 0.299338 0.275888 0.299914 0.276065 0.301467 0.273832 0.304866 0.271880 0.306137 0.265212 0.307422 0.264635 0.306964 0.261989 0.306741 0.260836 0.305824 0.260319 0.305883 0.258013 0.304049 0.257377 0.303073 0.256270 0.297958 0.256728 0.297381 0.256551 0.295829 0.256950 0.294735 0.258784 0.292429 0.261712 0.290522 0.263265 0.290345 0.263723 0.289769
0 0.094722 0.316638 0.098086 0.316255 0.099816 0.317630 0.100333 0.317571 0.102639 0.319405 0.102757 0.320440 0.103333 0.320899 0.103511 0.322451 0.104087 0.322909 0.104205 0.323944 0.103747 0.324521 0.103983 0.326591 0.103125 0.328261 0.103243 0.329296 0.102843 0.330390 0.101926 0.331543 0.099974 0.332814 0.093247 0.333581 0.091059 0.332782 0.089271 0.330889 0.089153 0.329854 0.087941 0.328420 0.087646 0.325833 0.088104 0.325256 0.088208 0.321575 0.088608 0.320481 0.091359 0.317022
0 0.031220 0.293261 0.034583 0.292878 0.036313 0.294253 0.036830 0.294194 0.039136 0.296028 0.039254 0.297063 0.039831 0.297522 0.040008 0.299074 0.040584 0.299532 0.040702 0.300567 0.040244 0.301144 0.040480 0.303214 0.039622 0.304884 0.039740 0.305919 0.039340 0.307013 0.038424 0.308166 0.036472 0.309437 0.029744 0.310204 0.027556 0.309405 0.025768 0.307512 0.025650 0.306477 0.024438 0.305043 0.024143 0.302456 0.024601 0.301879 0.024706 0.298198 0.025105 0.297104 0.027856 0.293645
0 0.094042 0.296188 0.097406 0.295805 0.099135 0.297180 0.099652 0.297121 0.101958 0.298955 0.102076 0.299990 0.102653 0.300449 0.102830 0.302001 0.103406 0.302460 0.103524 0.303495 0.103066 0.304071 0.103302 0.306141 0.102444 0.307811 0.102562 0.308846 0.102163 0.309940 0.101246 0.311093 0.099294 0.312364 0.092566 0.313131 0.090379 0.312332 0.088590 0.310439 0.088472 0.309405 0.087260 0.307970 0.086965 0.305383 0.087424 0.304806 0.087528 0.301125 0.087927 0.300031 0.090678 0.296572
0 0.000000 0.288290 0.001640 0.287907 0.003369 0.289282 0.003887 0.289223 0.006193 0.291057 0.006311 0.292092 0.006887 0.292550 0.007064 0.294103 0.007641 0.294561 0.007759 0.295596 0.007300 0.296173 0.007536 0.298243 0.006678 0.299913 0.006796 0.300948 0.006397 0.302042 0.005480 0.303195 0.003528 0.304466 0.000000 0.305233 0.000000 0.304434 0.000000 0.302541 0.000000 0.301506 0.000000 0.300072 0.000000 0.297485 0.000000 0.296908 0.000000 0.293227 0.000000 0.292133 0.000000 0.288674
0 0.091318 0.262636 0.094682 0.262252 0.096411 0.263628 0.096929 0.263569 0.099235 0.265402 0.099353 0.266437 0.099929 0.266896 0.100106 0.268448 0.100683 0.268907 0.100801 0.269942 0.100342 0.270518 0.100578 0.272588 0.099720 0.274259 0.099838 0.275294 0.099439 0.276388 0.098522 0.277541 0.096570 0.278811 0.089843 0.279579 0.087655 0.278780 0.085866 0.276887 0.085748 0.275852 0.084537 0.274417 0.084242 0.271830 0.084700 0.271253 0.084804 0.267572 0.085204 0.266478 0.087955 0.263019
0 0.000000 0.366208 0.000000 0.366667 0.000000 0.366608 0.000000 0.368900 0.000000 0.369418 0.000000 0.369876 0.000000 0.370452 0.000000 0.373040 0.000000 0.373616 0.000000 0.376721 0.000000 0.378451 0.000000 0.378510 0.000000 0.379722 0.000000 0.379263 0.000000 0.379499 0.000000 0.379041 0.000000 0.379159 0.000000 0.378700 0.000000 0.378877 0.000000 0.378360 0.000000 0.377901 0.000000 0.376349 0.000000 0.375890 0.000000 0.372786 0.000000 0.372209 0.000000 0.370657 0.000000 0.370080 0.000000 0.369563 0.000000 0.369504 0.000000 0.368927 0.000000 0.368868 0.000000 0.367021 0.000000 0.366844 0.000000 0.366267
0 0.000000 0.388382 0.000000 0.388841 0.000000 0.388782 0.000000 0.391074 0.000000 0.391592 0.000000 0.392050 0.000000 0.392627 0.000000 0.395214 0.000000 0.395791 0.000000 0.398896 0.000000 0.400625 0.000000 0.400684 0.000000 0.401896 0.000000 0.401437 0.000000 0.401673 0.000000 0.401215 0.000000 0.401333 0.000000 0.400875 0.000000 0.401052 0.000000 0.400534 0.000000 0.400076 0.000000 0.398523 0.000000 0.398065 0.000000 0.394960 0.000000 0.394383 0.000000 0.392831 0.000000 0.392254 0.000000 0.391737 0.000000 0.391678 0.000000 0.391101 0.000000 0.391042 0.000000 0.389195 0.000000 0.389018 0.000000 0.388441
0 0.055727 0.423285 0.056304 0.423744 0.056821 0.423684 0.059703 0.425977 0.059763 0.426494 0.060339 0.426953 0.059881 0.427529 0.060176 0.430117 0.059717 0.430693 0.060071 0.433798 0.058696 0.435528 0.058178 0.435587 0.056744 0.436799 0.056167 0.436340 0.054097 0.436576 0.053521 0.436118 0.052486 0.436236 0.051910 0.435777 0.050357 0.435954 0.050298 0.435437 0.049721 0.434978 0.049544 0.433426 0.048968 0.432967 0.048614 0.429862 0.049072 0.429286 0.048895 0.427733 0.049354 0.427157 0.049295 0.426640 0.049812 0.426581 0.050271 0.426004 0.050788 0.425945 0.053199 0.424098 0.054751 0.423921 0.055210 0.423344
0 0.007615 0.431389 0.008192 0.431847 0.008709 0.431788 0.011592 0.434080 0.011651 0.434598 0.012227 0.435056 0.011769 0.435633 0.012064 0.438220 0.011605 0.438797 0.011959 0.441902 0.010584 0.443631 0.010066 0.443690 0.008632 0.444902 0.008055 0.444443 0.005985 0.444679 0.005409 0.444221 0.004374 0.444339 0.003797 0.443881 0.002245 0.444058 0.002186 0.443540 0.001610 0.443082 0.001433 0.441529 0.000856 0.441071 0.000502 0.437966 0.000960 0.437389 0.000783 0.435837 0.001242 0.435260 0.001183 0.434743 0.001700 0.434684 0.002159 0.434108 0.002676 0.434048 0.005087 0.432201 0.006639 0.432024 0.007098 0.431448
0 0.012938 0.514817 0.013515 0.515276 0.014032 0.515217 0.016915 0.517509 0.016974 0.518027 0.017550 0.518485 0.017092 0.519062 0.017387 0.521649 0.016928 0.522225 0.017282 0.525330 0.015907 0.527060 0.015389 0.527119 0.013955 0.528331 0.013378 0.527872 0.011309 0.528108 0.010732 0.527650 0.009697 0.527768 0.009121 0.527310 0.007568 0.527487 0.007509 0.526969 0.006933 0.526511 0.006756 0.524958 0.006179 0.524500 0.005825 0.521395 0.006284 0.520818 0.006107 0.519266 0.006565 0.518689 0.006506 0.518172 0.007024 0.518113 0.007482 0.517536 0.008000 0.517477 0.010410 0.515630 0.011962 0.515453 0.012421 0.514876
0 0.005414 0.448696 0.008519 0.448342 0.010766 0.449659 0.011283 0.449600 0.011860 0.450058 0.011919 0.450576 0.013766 0.452986 0.013884 0.454021 0.014461 0.454479 0.014756 0.457067 0.014297 0.457643 0.014075 0.460290 0.012241 0.462596 0.011206 0.462714 0.010747 0.463290 0.003503 0.464116 0.000162 0.462400 0.000044 0.461365 0.000000 0.459931 0.000000 0.454756 0.000000 0.453086 0.000000 0.452051 0.000816 0.449745 0.001851 0.449627 0.002309 0.449050
0 0.000000 0.469282 0.002709 0.468928 0.004956 0.470245 0.005473 0.470186 0.006050 0.470644 0.006109 0.471162 0.007956 0.473572 0.008074 0.474607 0.008651 0.475065 0.008946 0.477653 0.008487 0.478229 0.008265 0.480876 0.006431 0.483182 0.005396 0.483300 0.004938 0.483876 0.000000 0.484702 0.000000 0.482986 0.000000 0.481951 0.000000 0.480517 0.000000 0.475342 0.000000 0.473672 0.000000 0.472637 0.000000 0.470331 0.000000 0.470213 0.000000 0.469636
0 0.001329 0.489010 0.004434 0.488656 0.006681 0.489972 0.007199 0.489913 0.007775 0.490371 0.007834 0.490889 0.009682 0.493299 0.009800 0.494334 0.010376 0.494793 0.010671 0.497380 0.010213 0.497957 0.009990 0.500603 0.008156 0.502909 0.007121 0.503027 0.006663 0.503604 0.000000 0.504430 0.000000 0.502714 0.000000 0.501679 0.000000 0.500185 0.000000 0.495011 0.000000 0.493399 0.000000 0.492364 0.000000 0.490058 0.000000 0.489940 0.000000 0.489364
0 0.017001 0.548249 0.020106 0.547895 0.022353 0.549211 0.022870 0.549152 0.023447 0.549611 0.023506 0.550128 0.025353 0.552539 0.025471 0.553574 0.026048 0.554032 0.026343 0.556619 0.025884 0.557196 0.025662 0.559842 0.023828 0.562148 0.022793 0.562266 0.022335 0.562843 0.015090 0.563669 0.011749 0.561953 0.011631 0.560918 0.011454 0.559366 0.010864 0.554191 0.010687 0.552638 0.010569 0.551603 0.012403 0.549297 0.013438 0.549179 0.013896 0.548603
0 0.018936 0.596615 0.022299 0.596231 0.029381 0.598569 0.031923 0.602473 0.032690 0.609200 0.031832 0.610870 0.031550 0.612999 0.027823 0.617094 0.026788 0.617212 0.024837 0.618483 0.024260 0.618024 0.017991 0.618215 0.013956 0.615005 0.010778 0.610126 0.010129 0.604433 0.011446 0.602187 0.011786 0.600575 0.015572 0.596998
0 0.073121 0.589630 0.073698 0.590089 0.074215 0.590030 0.077098 0.592322 0.077157 0.592839 0.077733 0.593298 0.077275 0.593874 0.077570 0.596462 0.077111 0.597038 0.077465 0.600143 0.076090 0.601873 0.075572 0.601932 0.074138 0.603144 0.073562 0.602685 0.071492 0.602921 0.070915 0.602463 0.069880 0.602581 0.069304 0.602122 0.067751 0.602299 0.067692 0.601782 0.067116 0.601323 0.066939 0.599771 0.066362 0.599312 0.066008 0.596208 0.066467 0.595631 0.066290 0.594079 0.066748 0.593502 0.066689 0.592985 0.067207 0.592926 0.067665 0.592349 0.068183 0.592290 0.070593 0.590443 0.072145 0.590266 0.072604 0.589689
0 0.051573 0.686975 0.052149 0.687433 0.055830 0.687538 0.058136 0.689372 0.060043 0.692299 0.060338 0.694887 0.060914 0.695345 0.061032 0.696380 0.060574 0.696957 0.060869 0.699544 0.059552 0.701791 0.059212 0.703403 0.057778 0.704615 0.055708 0.704851 0.055249 0.705427 0.051109 0.705899 0.048862 0.704583 0.048345 0.704642 0.048286 0.704124 0.044768 0.700856 0.044591 0.699304 0.044015 0.698845 0.043660 0.695740 0.044119 0.695164 0.043942 0.693611 0.044859 0.692458 0.045199 0.690847 0.046575 0.689117 0.047092 0.689058 0.048985 0.687270
0 0.027375 0.658133 0.027952 0.658591 0.031633 0.658696 0.033939 0.660529 0.035845 0.663457 0.036140 0.666045 0.036717 0.666503 0.036835 0.667538 0.036376 0.668115 0.036671 0.670702 0.035355 0.672949 0.035015 0.674560 0.033580 0.675772 0.031510 0.676008 0.031052 0.676585 0.026912 0.677057 0.024665 0.675741 0.024148 0.675800 0.024089 0.675282 0.020571 0.672014 0.020394 0.670461 0.019817 0.670003 0.019463 0.666898 0.019921 0.666321 0.019744 0.664769 0.020661 0.663616 0.021002 0.662005 0.022377 0.660275 0.022895 0.660216 0.024788 0.658428
0 0.098121 0.742755 0.098697 0.743213 0.102379 0.743318 0.104685 0.745151 0.106591 0.748079 0.106886 0.750667 0.107463 0.751125 0.107581 0.752160 0.107122 0.752737 0.107417 0.755324 0.106101 0.757571 0.105760 0.759182 0.104326 0.760394 0.102256 0.760630 0.101797 0.761207 0.097658 0.761679 0.095411 0.760363 0.094893 0.760422 0.094834 0.759904 0.091316 0.756636 0.091139 0.755083 0.090563 0.754625 0.090209 0.751520 0.090667 0.750943 0.090490 0.749391 0.091407 0.748238 0.091748 0.746627 0.093123 0.744897 0.093641 0.744838 0.095533 0.743050
0 0.132377 0.748756 0.132953 0.749215 0.136634 0.749319 0.138940 0.751153 0.140847 0.754081 0.141142 0.756668 0.141718 0.757127 0.141836 0.758162 0.141378 0.758738 0.141673 0.761325 0.140356 0.763572 0.140016 0.765184 0.138582 0.766396 0.136512 0.766632 0.136053 0.767208 0.131913 0.767680 0.129666 0.766364 0.129149 0.766423 0.129090 0.765905 0.125572 0.762637 0.125395 0.761085 0.124818 0.760626 0.124464 0.757521 0.124923 0.756945 0.124746 0.755392 0.125663 0.754239 0.126003 0.752628 0.127379 0.750899 0.127896 0.750840 0.129789 0.749051
0 0.095918 0.643434 0.096494 0.643892 0.100176 0.643997 0.102482 0.645831 0.104388 0.648759 0.104683 0.651346 0.105260 0.651805 0.105378 0.652840 0.104919 0.653416 0.105214 0.656003 0.103898 0.658250 0.103557 0.659862 0.102123 0.661074 0.100053 0.661310 0.099595 0.661886 0.095455 0.662358 0.093208 0.661042 0.092690 0.661101 0.092631 0.660583 0.089113 0.657315 0.088936 0.655763 0.088360 0.655304 0.088006 0.652199 0.088464 0.651623 0.088287 0.650070 0.089204 0.648917 0.089545 0.647306 0.090920 0.645577 0.091438 0.645517 0.093330 0.643729
0 0.119024 0.638162 0.121270 0.639479 0.121329 0.639996 0.122482 0.640913 0.122541 0.641430 0.123753 0.642865 0.123871 0.643900 0.125083 0.645334 0.125142 0.645852 0.124684 0.646428 0.124861 0.647981 0.124402 0.648557 0.124520 0.649592 0.121252 0.653110 0.119182 0.653346 0.118724 0.653922 0.113549 0.654513 0.111302 0.653196 0.111243 0.652679 0.109455 0.650786 0.109913 0.650209 0.109205 0.644000 0.109663 0.643423 0.110004 0.641812 0.111838 0.639506 0.113908 0.639270 0.114366 0.638693
0 0.078884 0.798301 0.082248 0.797917 0.089329 0.800255 0.091871 0.804159 0.092638 0.810886 0.091780 0.812557 0.091499 0.814686 0.087772 0.818780 0.086737 0.818898 0.084785 0.820169 0.084209 0.819711 0.077940 0.819901 0.073904 0.816692 0.070727 0.811812 0.070078 0.806120 0.071394 0.803873 0.071735 0.802261 0.075521 0.798684
0 0.124613 0.803871 0.125190 0.804329 0.126801 0.804670 0.128013 0.806104 0.128131 0.807139 0.128708 0.807597 0.128885 0.809150 0.129461 0.809608 0.129815 0.812713 0.129357 0.813290 0.129416 0.813807 0.128957 0.814384 0.128617 0.815995 0.127182 0.817207 0.122008 0.817797 0.121431 0.817339 0.119879 0.817516 0.119302 0.817057 0.119243 0.816540 0.118667 0.816081 0.118549 0.815046 0.117972 0.814588 0.117382 0.809413 0.117841 0.808837 0.117782 0.808319 0.118240 0.807743 0.118581 0.806131 0.119098 0.806072 0.119557 0.805496 0.120591 0.805378 0.121050 0.804801 0.123120 0.804565 0.123578 0.803989
0 0.058433 0.789063 0.059009 0.789522 0.060620 0.789862 0.061833 0.791297 0.061951 0.792332 0.062527 0.792790 0.062704 0.794343 0.063280 0.794801 0.063634 0.797906 0.063176 0.798482 0.063235 0.799000 0.062777 0.799576 0.062436 0.801188 0.061002 0.802400 0.055827 0.802990 0.055250 0.802531 0.053698 0.802708 0.053122 0.802250 0.053063 0.801732 0.052486 0.801274 0.052368 0.800239 0.051791 0.799780 0.051201 0.794606 0.051660 0.794029 0.051601 0.793512 0.052059 0.792935 0.052400 0.791324 0.052917 0.791265 0.053376 0.790688 0.054411 0.790570 0.054869 0.789994 0.056939 0.789758 0.057398 0.789181
0 0.077153 0.773252 0.077729 0.773710 0.079341 0.774050 0.080553 0.775485 0.080671 0.776520 0.081247 0.776978 0.081424 0.778531 0.082001 0.778989 0.082355 0.782094 0.081896 0.782671 0.081955 0.783188 0.081497 0.783765 0.081156 0.785376 0.079722 0.786588 0.074547 0.787178 0.073971 0.786720 0.072418 0.786897 0.071842 0.786438 0.071783 0.785921 0.071206 0.785462 0.071088 0.784427 0.070512 0.783969 0.069922 0.778794 0.070380 0.778217 0.070321 0.777700 0.070780 0.777123 0.071120 0.775512 0.071638 0.775453 0.072096 0.774877 0.073131 0.774759 0.073590 0.774182 0.075659 0.773946 0.076118 0.773370
0 0.141227 0.777302 0.141804 0.777761 0.143415 0.778101 0.144627 0.779536 0.144745 0.780571 0.145322 0.781029 0.145499 0.782581 0.146075 0.783040 0.146430 0.786145 0.145971 0.786721 0.146030 0.787239 0.145572 0.787815 0.145231 0.789427 0.143797 0.790639 0.138622 0.791229 0.138045 0.790770 0.136493 0.790947 0.135916 0.790489 0.135857 0.789971 0.135281 0.789513 0.135163 0.788478 0.134586 0.788019 0.133996 0.782845 0.134455 0.782268 0.134396 0.781751 0.134854 0.781174 0.135195 0.779563 0.135712 0.779504 0.136171 0.778927 0.137206 0.778809 0.137664 0.778233 0.139734 0.777997 0.140193 0.777420
0 0.281242 0.771995 0.281818 0.772453 0.283430 0.772794 0.284583 0.773711 0.284642 0.774228 0.285795 0.775145 0.285854 0.775663 0.287066 0.777097 0.286607 0.777674 0.286784 0.779226 0.286326 0.779803 0.286444 0.780838 0.285527 0.781991 0.285586 0.782508 0.284210 0.784238 0.283693 0.784297 0.283234 0.784873 0.279612 0.785286 0.279036 0.784828 0.278001 0.784946 0.276848 0.784029 0.276330 0.784088 0.275177 0.783171 0.275118 0.782653 0.274542 0.782195 0.273952 0.777020 0.274410 0.776443 0.274751 0.774832 0.275209 0.774256 0.275726 0.774197 0.277161 0.772985 0.278196 0.772867 0.278654 0.772290
0 0.291465 0.661254 0.292042 0.661712 0.294111 0.661476 0.294688 0.661935 0.297334 0.662157 0.300793 0.664908 0.302700 0.667836 0.302877 0.669388 0.303453 0.669847 0.303408 0.674046 0.301810 0.678422 0.299000 0.681363 0.291755 0.682189 0.291179 0.681731 0.290144 0.681849 0.286862 0.680650 0.283862 0.677323 0.283685 0.675771 0.283108 0.675312 0.282695 0.671690 0.283153 0.671113 0.282917 0.669043 0.283657 0.666338 0.285033 0.664608 0.289913 0.661431
0 0.292827 0.637808 0.293403 0.638266 0.295991 0.637971 0.297144 0.638888 0.297203 0.639405 0.299050 0.641816 0.299463 0.645438 0.298546 0.646591 0.298605 0.647109 0.297688 0.648262 0.297747 0.648779 0.297289 0.649356 0.296771 0.649415 0.295337 0.650627 0.294302 0.650745 0.293844 0.651321 0.292291 0.651498 0.291833 0.652075 0.290798 0.652193 0.290221 0.651734 0.289186 0.651852 0.288610 0.651394 0.288092 0.651453 0.286939 0.650536 0.286880 0.650018 0.286304 0.649560 0.286186 0.648525 0.284974 0.647090 0.284679 0.644503 0.285137 0.643927 0.285019 0.642892 0.285936 0.641739 0.285877 0.641221 0.287711 0.638915 0.288229 0.638856 0.288687 0.638280
0 0.202897 0.681543 0.203474 0.682002 0.206061 0.681707 0.207214 0.682624 0.207273 0.683141 0.209120 0.685552 0.209533 0.689174 0.208616 0.690327 0.208675 0.690844 0.207759 0.691997 0.207818 0.692515 0.207359 0.693091 0.206842 0.693150 0.205407 0.694362 0.204372 0.694480 0.203914 0.695057 0.202361 0.695234 0.201903 0.695810 0.200868 0.695928 0.200291 0.695470 0.199256 0.695588 0.198680 0.695129 0.198162 0.695188 0.197009 0.694271 0.196950 0.693754 0.196374 0.693295 0.196256 0.692260 0.195044 0.690826 0.194749 0.688239 0.195207 0.687662 0.195089 0.686627 0.196006 0.685474 0.195947 0.684957 0.197781 0.682651 0.198299 0.682592 0.198757 0.682015
0 0.168333 0.552560 0.168910 0.553019 0.169944 0.552901 0.170521 0.553359 0.171038 0.553300 0.172191 0.554217 0.172709 0.554158 0.173285 0.554617 0.173344 0.555134 0.173921 0.555593 0.174039 0.556628 0.174615 0.557086 0.174792 0.558639 0.175369 0.559097 0.174910 0.559674 0.175087 0.561226 0.174629 0.561802 0.174747 0.562837 0.172913 0.565143 0.172396 0.565202 0.171937 0.565779 0.170385 0.565956 0.169926 0.566532 0.169350 0.566074 0.168315 0.566192 0.167738 0.565733 0.166127 0.565393 0.163821 0.563559 0.163703 0.562524 0.163126 0.562066 0.162654 0.557926 0.163113 0.557349 0.163054 0.556832 0.164429 0.555102 0.164947 0.555043 0.165405 0.554467 0.165923 0.554408 0.166381 0.553831 0.167875 0.553137
0 0.056783 0.505524 0.058271 0.508341 0.058585 0.510895 0.057481 0.515548 0.054889 0.518597 0.050234 0.519128 0.047282 0.518204 0.045043 0.516173 0.043663 0.511850 0.044634 0.507967 0.049058 0.504911 0.053589 0.504534
0 0.138842 0.524376 0.140331 0.527193 0.140644 0.529747 0.139541 0.534400 0.136948 0.537450 0.132294 0.537980 0.129342 0.537057 0.127103 0.535025 0.125723 0.530702 0.126694 0.526820 0.131117 0.523763 0.135649 0.523386
0 0.227188 0.461676 0.228676 0.464493 0.228990 0.467047 0.227887 0.471700 0.225294 0.474749 0.220640 0.475280 0.217687 0.474357 0.215448 0.472325 0.214068 0.468002 0.215040 0.464120 0.219463 0.461064 0.223995 0.460687
0 0.276287 0.478668 0.277775 0.481485 0.278089 0.484039 0.276985 0.488692 0.274393 0.491741 0.269738 0.492272 0.266786 0.491348 0.264547 0.489317 0.263167 0.484994 0.264138 0.481111 0.268562 0.478055 0.273093 0.477678
0 0.356099 0.466849 0.356675 0.467308 0.357193 0.467249 0.358922 0.468624 0.359440 0.468565 0.359499 0.469082 0.360652 0.469999 0.360711 0.470517 0.361923 0.471951 0.362395 0.476091 0.361537 0.477762 0.361655 0.478796 0.359362 0.481679 0.358327 0.481797 0.357869 0.482374 0.351142 0.483141 0.349412 0.481765 0.349353 0.481248 0.348777 0.480789 0.348659 0.479754 0.346811 0.477344 0.346752 0.476826 0.347211 0.476250 0.346857 0.473145 0.347315 0.472569 0.347656 0.470957 0.349489 0.468651 0.351559 0.468415 0.352018 0.467839 0.353570 0.467662 0.354029 0.467085
0 0.285929 0.472951 0.286505 0.473409 0.287540 0.473291 0.288117 0.473750 0.288634 0.473691 0.289787 0.474607 0.290305 0.474548 0.290881 0.475007 0.290940 0.475524 0.291517 0.475983 0.291635 0.477018 0.292211 0.477476 0.292388 0.479029 0.292965 0.479487 0.292506 0.480064 0.292683 0.481616 0.292225 0.482193 0.292343 0.483228 0.290509 0.485534 0.289991 0.485593 0.289533 0.486169 0.287980 0.486346 0.287522 0.486923 0.286945 0.486464 0.285910 0.486582 0.285334 0.486124 0.283723 0.485783 0.281417 0.483949 0.281299 0.482914 0.280722 0.482456 0.280250 0.478316 0.280708 0.477740 0.280650 0.477222 0.282025 0.475493 0.282542 0.475434 0.283001 0.474857 0.283518 0.474798 0.283977 0.474222 0.285470 0.473527
0 0.337214 0.460568 0.337790 0.461027 0.338825 0.460909 0.339402 0.461367 0.339919 0.461308 0.341072 0.462225 0.341590 0.462166 0.342166 0.462625 0.342225 0.463142 0.342802 0.463601 0.342920 0.464636 0.343496 0.465094 0.343673 0.466647 0.344250 0.467105 0.343791 0.467682 0.343968 0.469234 0.343510 0.469810 0.343628 0.470845 0.341794 0.473151 0.341276 0.473210 0.340818 0.473787 0.339266 0.473964 0.338807 0.474540 0.338231 0.474082 0.337196 0.474200 0.336619 0.473741 0.335008 0.473401 0.332702 0.471567 0.332584 0.470532 0.332007 0.470074 0.331535 0.465934 0.331994 0.465357 0.331935 0.464840 0.333310 0.463110 0.333828 0.463051 0.334286 0.462475 0.334804 0.462416 0.335262 0.461839 0.336755 0.461145
0 0.321087 0.458177 0.323061 0.458670 0.324876 0.461295 0.324940 0.464253 0.323487 0.467008 0.320512 0.468191 0.317266 0.468131 0.315082 0.466078 0.314341 0.463003 0.314899 0.460649 0.315816 0.459496 0.318424 0.458441
0 0.244701 0.570474 0.246675 0.570967 0.248490 0.573592 0.248554 0.576550 0.247101 0.579306 0.244126 0.580488 0.240881 0.580428 0.238696 0.578376 0.237955 0.575301 0.238513 0.572946 0.239430 0.571793 0.242039 0.570739
0 0.312003 0.561814 0.313976 0.562307 0.315791 0.564932 0.315855 0.567890 0.314403 0.570645 0.311428 0.571828 0.308183 0.571769 0.305997 0.569716 0.305257 0.566641 0.305815 0.564286 0.306732 0.563133 0.309341 0.562079
0 0.233575 0.562889 0.235549 0.563382 0.237364 0.566007 0.237428 0.568965 0.235976 0.571720 0.233000 0.572903 0.229754 0.572843 0.227570 0.570791 0.226829 0.567716 0.227387 0.565361 0.228304 0.564208 0.230913 0.563154
0 0.285084 0.456611 0.286455 0.459145 0.285865 0.461937 0.283467 0.463573 0.280698 0.463190 0.279299 0.461952 0.278968 0.460278 0.279039 0.458453 0.279745 0.456975 0.281298 0.455890 0.283310 0.455765
0 0.275593 0.465325 0.276965 0.467858 0.276375 0.470650 0.273976 0.472286 0.271207 0.471903 0.269808 0.470665 0.269477 0.468991 0.269549 0.467166 0.270254 0.465688 0.271807 0.464603 0.273820 0.464479
0 0.207074 0.441852 0.208446 0.444386 0.207856 0.447178 0.205457 0.448814 0.202688 0.448431 0.201289 0.447193 0.200958 0.445519 0.201030 0.443695 0.201735 0.442217 0.203288 0.441131 0.205300 0.441007
0 0.174676 0.488165 0.176048 0.490698 0.175458 0.493491 0.173059 0.495127 0.170290 0.494743 0.168891 0.493506 0.168561 0.491832 0.168632 0.490007 0.169337 0.488529 0.170890 0.487444 0.172902 0.487320
0 0.477572 0.681254 0.479543 0.681379 0.481597 0.682542 0.482513 0.685058 0.482671 0.687974 0.481811 0.690238 0.480463 0.691624 0.478970 0.692319 0.476382 0.692614 0.474771 0.692273 0.472421 0.690471 0.471135 0.687970 0.470585 0.686628 0.471114 0.683912 0.472100 0.682752 0.474414 0.681754
0 0.509556 0.701027 0.511526 0.701152 0.513580 0.702315 0.514496 0.704831 0.514654 0.707747 0.513794 0.710011 0.512447 0.711397 0.510953 0.712092 0.508366 0.712387 0.506755 0.712046 0.504404 0.710244 0.503119 0.707743 0.502569 0.706401 0.503097 0.703686 0.504083 0.702525 0.506398 0.701527
0 0.526685 0.708300 0.528656 0.708424 0.530710 0.709587 0.531626 0.712103 0.531784 0.715019 0.530924 0.717284 0.529577 0.718670 0.528083 0.719364 0.525496 0.719659 0.523885 0.719319 0.521535 0.717517 0.520249 0.715015 0.519699 0.713673 0.520228 0.710958 0.521214 0.709797 0.523528 0.708800
0 0.536669 0.656749 0.540032 0.656365 0.541762 0.657741 0.542279 0.657682 0.547468 0.661808 0.547586 0.662843 0.548857 0.664795 0.549388 0.669452 0.548530 0.671123 0.545720 0.674064 0.540781 0.676724 0.534572 0.677432 0.532384 0.676633 0.530654 0.675258 0.530137 0.675317 0.527595 0.671413 0.527063 0.666756 0.527522 0.666179 0.527345 0.664627 0.527744 0.663533 0.530436 0.659556 0.533305 0.657132
0 0.562355 0.726934 0.564326 0.727059 0.566380 0.728221 0.567296 0.730737 0.567454 0.733653 0.566594 0.735918 0.565247 0.737304 0.563753 0.737998 0.561166 0.738293 0.559554 0.737953 0.557204 0.736151 0.555919 0.733649 0.555369 0.732307 0.555898 0.729592 0.556884 0.728432 0.559198 0.727434
0 0.559572 0.685535 0.561542 0.685659 0.563597 0.686822 0.564512 0.689338 0.564670 0.692254 0.563810 0.694518 0.562463 0.695905 0.560970 0.696599 0.558382 0.696894 0.556771 0.696554 0.554421 0.694751 0.553135 0.692250 0.552585 0.690908 0.553114 0.688193 0.554100 0.687032 0.556414 0.686034
0 0.566953 0.653577 0.568924 0.653702 0.570978 0.654865 0.571894 0.657381 0.572052 0.660297 0.571192 0.662561 0.569845 0.663948 0.568351 0.664642 0.565764 0.664937 0.564153 0.664597 0.561802 0.662794 0.560517 0.660294 0.559967 0.658952 0.560495 0.656236 0.561481 0.655076 0.563796 0.654078
0 0.493069 0.738856 0.493645 0.739315 0.494680 0.739197 0.497445 0.740454 0.497504 0.740972 0.499351 0.743382 0.499646 0.745970 0.499188 0.746546 0.499365 0.748099 0.498906 0.748675 0.499024 0.749710 0.498566 0.750287 0.498625 0.750804 0.497191 0.752016 0.496156 0.752134 0.495697 0.752710 0.494145 0.752887 0.493686 0.753464 0.492651 0.753582 0.492075 0.753124 0.489487 0.753419 0.488911 0.752960 0.487876 0.753078 0.487299 0.752620 0.486782 0.752679 0.486205 0.752220 0.485511 0.750727 0.483781 0.749351 0.483368 0.745729 0.484685 0.743482 0.484626 0.742965 0.486460 0.740659 0.487495 0.740541 0.487953 0.739964 0.488988 0.739846 0.489447 0.739270
0 0.505391 0.720824 0.505968 0.721282 0.507003 0.721164 0.507579 0.721622 0.508614 0.721504 0.509191 0.721963 0.510802 0.722303 0.511955 0.723220 0.512014 0.723738 0.512590 0.724196 0.512827 0.726266 0.513403 0.726725 0.513521 0.727760 0.513062 0.728336 0.512722 0.729948 0.511805 0.731101 0.510770 0.731219 0.510312 0.731795 0.507207 0.732149 0.506748 0.732726 0.505196 0.732903 0.504619 0.732444 0.503584 0.732562 0.502432 0.731645 0.502372 0.731128 0.501796 0.730669 0.501678 0.729634 0.501101 0.729176 0.500688 0.725554 0.501147 0.724977 0.501088 0.724460 0.503839 0.721001
0 0.452069 0.731096 0.454040 0.731221 0.456095 0.732384 0.457010 0.734900 0.457168 0.737816 0.456308 0.740080 0.454961 0.741466 0.453467 0.742161 0.450880 0.742456 0.449269 0.742115 0.446918 0.740313 0.445633 0.737812 0.445083 0.736470 0.445611 0.733754 0.446597 0.732594 0.448912 0.731596
0 0.557662 0.637776 0.559632 0.637900 0.561687 0.639064 0.562602 0.641579 0.562760 0.644496 0.561900 0.646759 0.560553 0.648146 0.559060 0.648840 0.556472 0.649135 0.554861 0.648795 0.552511 0.646992 0.551225 0.644492 0.550675 0.643149 0.551204 0.640435 0.552189 0.639274 0.554504 0.638275
0 0.483723 0.654539 0.485694 0.654664 0.487748 0.655827 0.488664 0.658342 0.488822 0.661259 0.487962 0.663522 0.486615 0.664909 0.485121 0.665604 0.482534 0.665899 0.480922 0.665558 0.478572 0.663755 0.477287 0.661255 0.476737 0.659913 0.477265 0.657197 0.478251 0.656037 0.480566 0.655039
0 0.465079 0.621363 0.467050 0.621487 0.469104 0.622650 0.470019 0.625166 0.470177 0.628083 0.469317 0.630346 0.467970 0.631733 0.466476 0.632427 0.463889 0.632722 0.462278 0.632382 0.459927 0.630579 0.458642 0.628079 0.458092 0.626736 0.458621 0.624021 0.459607 0.622861 0.461922 0.621862
0 0.561496 0.582201 0.563166 0.583059 0.564201 0.582941 0.568237 0.586151 0.568709 0.590290 0.567851 0.591961 0.567969 0.592996 0.567510 0.593572 0.567569 0.594090 0.567111 0.594666 0.566593 0.594725 0.565676 0.595878 0.564642 0.595996 0.564183 0.596573 0.562113 0.596809 0.561537 0.596350 0.559925 0.596010 0.557619 0.594176 0.557501 0.593141 0.556289 0.591707 0.555935 0.588602 0.555359 0.588143 0.555300 0.587626 0.558509 0.583590 0.559544 0.583472 0.560978 0.582260
0 0.539898 0.549795 0.543003 0.549441 0.543580 0.549899 0.544097 0.549840 0.546980 0.552133 0.547275 0.554720 0.547851 0.555178 0.548382 0.559836 0.547924 0.560412 0.547583 0.562024 0.546208 0.563753 0.545173 0.563871 0.544715 0.564448 0.538505 0.565156 0.537928 0.564697 0.536317 0.564357 0.536258 0.563839 0.535105 0.562922 0.535046 0.562405 0.533834 0.560970 0.533362 0.556831 0.533820 0.556254 0.534043 0.553608 0.536794 0.550149
0 0.506223 0.601849 0.507286 0.603791 0.507169 0.606456 0.504956 0.608098 0.502300 0.608137 0.501147 0.607220 0.500254 0.606003 0.500167 0.603761 0.501867 0.601314 0.504215 0.600857
0 0.615002 0.514468 0.616973 0.514593 0.619027 0.515756 0.619943 0.518271 0.620101 0.521188 0.619241 0.523452 0.617894 0.524838 0.616400 0.525533 0.613813 0.525828 0.612201 0.525487 0.609851 0.523685 0.608565 0.521184 0.608015 0.519842 0.608545 0.517127 0.609530 0.515966 0.611845 0.514968
0 0.559544 0.478019 0.561515 0.478144 0.563569 0.479307 0.564485 0.481823 0.564643 0.484739 0.563783 0.487003 0.562435 0.488390 0.560942 0.489084 0.558354 0.489379 0.556743 0.489039 0.554393 0.487236 0.553107 0.484736 0.552557 0.483394 0.553086 0.480678 0.554072 0.479518 0.556386 0.478519
0 0.402031 0.603534 0.403095 0.605475 0.402977 0.608140 0.400764 0.609782 0.398109 0.609821 0.396956 0.608905 0.396062 0.607687 0.395976 0.605445 0.397676 0.602999 0.400023 0.602542
0 0.600205 0.495311 0.601268 0.497252 0.601151 0.499917 0.598938 0.501559 0.596283 0.501599 0.595130 0.500682 0.594237 0.499464 0.594149 0.497222 0.595849 0.494776 0.598197 0.494319
0 0.562690 0.451312 0.563754 0.453253 0.563637 0.455919 0.561424 0.457560 0.558768 0.457600 0.557615 0.456683 0.556722 0.455465 0.556635 0.453223 0.558334 0.450777 0.560682 0.450320
0 0.647033 0.624357 0.650655 0.623943 0.651232 0.624402 0.652843 0.624742 0.654573 0.626118 0.655267 0.627611 0.657056 0.629504 0.657174 0.630539 0.656715 0.631116 0.656951 0.633186 0.656034 0.634338 0.656152 0.635373 0.655694 0.635950 0.655753 0.636467 0.654377 0.638197 0.653860 0.638256 0.652426 0.639468 0.644663 0.640353 0.642357 0.638519 0.642298 0.638002 0.641722 0.637543 0.641604 0.636508 0.641027 0.636050 0.640791 0.633980 0.640215 0.633521 0.639979 0.631451 0.640437 0.630875 0.640260 0.629322 0.640719 0.628746 0.640601 0.627711 0.642435 0.625405 0.642952 0.625346 0.643411 0.624770
0 0.721974 0.584607 0.724162 0.585406 0.727103 0.588216 0.727221 0.589251 0.727797 0.589709 0.728151 0.592814 0.727693 0.593391 0.727870 0.594943 0.727471 0.596037 0.724261 0.600073 0.723285 0.600708 0.716041 0.601534 0.714370 0.600676 0.714311 0.600159 0.711370 0.597349 0.710957 0.593727 0.711415 0.593150 0.711238 0.591598 0.712037 0.589410 0.714847 0.586468 0.715882 0.586350 0.716340 0.585774 0.719445 0.585420 0.719904 0.584843
0 0.807400 0.580157 0.807976 0.580616 0.809529 0.580439 0.812234 0.581178 0.815634 0.583412 0.818176 0.587316 0.818707 0.591973 0.817849 0.593643 0.817967 0.594678 0.815216 0.598137 0.812806 0.599985 0.811771 0.600103 0.810336 0.601315 0.808784 0.601492 0.808326 0.602068 0.804644 0.601964 0.799115 0.599449 0.797327 0.597556 0.796514 0.595028 0.795938 0.594569 0.795643 0.591982 0.796101 0.591405 0.795865 0.589335 0.796324 0.588759 0.796546 0.586113 0.799297 0.582654 0.801766 0.581324 0.803319 0.581147 0.803777 0.580570
0 0.782956 0.595935 0.783533 0.596394 0.784050 0.596335 0.784627 0.596793 0.785662 0.596675 0.787332 0.597533 0.787391 0.598051 0.789180 0.599944 0.789593 0.603566 0.788335 0.606330 0.788453 0.607365 0.786161 0.610248 0.785126 0.610366 0.784668 0.610942 0.781045 0.611355 0.780469 0.610897 0.778399 0.611133 0.777822 0.610674 0.777305 0.610733 0.774999 0.608899 0.774704 0.606312 0.774127 0.605854 0.773950 0.604301 0.774409 0.603725 0.774173 0.601655 0.774631 0.601078 0.774572 0.600561 0.775948 0.598831 0.776465 0.598772 0.776924 0.598196 0.777959 0.598078 0.778417 0.597501 0.779452 0.597383 0.779911 0.596807 0.780945 0.596689 0.781404 0.596112
0 0.780095 0.577616 0.780671 0.578075 0.781189 0.578016 0.781765 0.578474 0.782800 0.578356 0.784471 0.579214 0.784530 0.579732 0.786318 0.581625 0.786731 0.585247 0.785474 0.588012 0.785592 0.589046 0.783299 0.591929 0.782265 0.592047 0.781806 0.592623 0.778184 0.593036 0.777607 0.592578 0.775537 0.592814 0.774961 0.592356 0.774443 0.592414 0.772137 0.590581 0.771842 0.587993 0.771266 0.587535 0.771089 0.585982 0.771547 0.585406 0.771311 0.583336 0.771770 0.582759 0.771711 0.582242 0.773086 0.580512 0.773604 0.580453 0.774062 0.579877 0.775097 0.579759 0.775556 0.579183 0.776590 0.579064 0.777049 0.578488 0.778084 0.578370 0.778542 0.577794
0 0.758371 0.565414 0.758948 0.565873 0.759466 0.565814 0.760042 0.566272 0.761077 0.566154 0.762747 0.567012 0.762806 0.567529 0.764595 0.569422 0.765008 0.573045 0.763750 0.575809 0.763868 0.576844 0.761576 0.579727 0.760541 0.579845 0.760083 0.580421 0.756460 0.580834 0.755884 0.580376 0.753814 0.580612 0.753237 0.580153 0.752720 0.580212 0.750414 0.578378 0.750119 0.575791 0.749543 0.575332 0.749366 0.573780 0.749824 0.573204 0.749588 0.571134 0.750046 0.570557 0.749987 0.570040 0.751363 0.568310 0.751880 0.568251 0.752339 0.567675 0.753374 0.567557 0.753832 0.566980 0.754867 0.566862 0.755326 0.566286 0.756361 0.566168 0.756819 0.565591
0 0.760173 0.546017 0.760750 0.546475 0.761268 0.546416 0.761844 0.546875 0.762879 0.546757 0.764549 0.547615 0.764608 0.548132 0.766397 0.550025 0.766810 0.553647 0.765553 0.556412 0.765670 0.557447 0.763378 0.560329 0.762343 0.560447 0.761885 0.561024 0.758262 0.561437 0.757686 0.560978 0.755616 0.561214 0.755040 0.560756 0.754522 0.560815 0.752216 0.558981 0.751921 0.556394 0.751345 0.555935 0.751167 0.554383 0.751626 0.553806 0.751390 0.551736 0.751848 0.551160 0.751790 0.550642 0.753165 0.548913 0.753682 0.548854 0.754141 0.548277 0.755176 0.548159 0.755634 0.547583 0.756669 0.547465 0.757128 0.546888 0.758163 0.546770 0.758621 0.546194
0 0.783337 0.549620 0.783914 0.550079 0.784431 0.550020 0.785008 0.550478 0.786043 0.550360 0.787713 0.551218 0.787772 0.551736 0.789561 0.553629 0.789974 0.557251 0.788716 0.560015 0.788834 0.561050 0.786542 0.563933 0.785507 0.564051 0.785048 0.564627 0.781426 0.565040 0.780850 0.564582 0.778780 0.564818 0.778203 0.564360 0.777686 0.564418 0.775380 0.562585 0.775085 0.559997 0.774508 0.559539 0.774331 0.557986 0.774790 0.557410 0.774554 0.555340 0.775012 0.554763 0.774953 0.554246 0.776329 0.552516 0.776846 0.552457 0.777304 0.551881 0.778340 0.551763 0.778798 0.551187 0.779833 0.551068 0.780291 0.550492 0.781326 0.550374 0.781785 0.549797
0 0.697438 0.535984 0.698015 0.536442 0.698532 0.536383 0.699109 0.536842 0.700144 0.536724 0.701814 0.537582 0.701873 0.538099 0.703662 0.539992 0.704075 0.543614 0.702817 0.546379 0.702935 0.547414 0.700643 0.550296 0.699608 0.550414 0.699149 0.550991 0.695527 0.551404 0.694951 0.550945 0.692881 0.551181 0.692304 0.550723 0.691787 0.550782 0.689481 0.548948 0.689186 0.546360 0.688609 0.545902 0.688432 0.544350 0.688891 0.543773 0.688655 0.541703 0.689113 0.541127 0.689054 0.540609 0.690430 0.538880 0.690947 0.538821 0.691405 0.538244 0.692440 0.538126 0.692899 0.537550 0.693934 0.537432 0.694392 0.536855 0.695427 0.536737 0.695886 0.536161
0 0.705436 0.579489 0.707407 0.579613 0.709462 0.580777 0.710377 0.583292 0.710535 0.586209 0.709675 0.588472 0.708328 0.589859 0.706834 0.590553 0.704247 0.590848 0.702635 0.590508 0.700285 0.588705 0.698999 0.586205 0.698449 0.584862 0.698979 0.582148 0.699964 0.580987 0.702279 0.579988
0 0.736572 0.542725 0.737148 0.543184 0.737666 0.543125 0.738242 0.543583 0.739277 0.543465 0.740947 0.544323 0.741006 0.544841 0.742795 0.546734 0.743208 0.550356 0.741951 0.553120 0.742069 0.554155 0.739776 0.557038 0.738741 0.557156 0.738283 0.557732 0.734660 0.558145 0.734084 0.557687 0.732014 0.557923 0.731438 0.557464 0.730920 0.557523 0.728614 0.555689 0.728319 0.553102 0.727743 0.552644 0.727566 0.551091 0.728024 0.550515 0.727788 0.548445 0.728247 0.547868 0.728188 0.547351 0.729563 0.545621 0.730080 0.545562 0.730539 0.544986 0.731574 0.544868 0.732032 0.544291 0.733067 0.544173 0.733526 0.543597 0.734561 0.543479 0.735019 0.542902
0 0.747892 0.486422 0.748955 0.488363 0.748838 0.491029 0.746626 0.492670 0.743970 0.492709 0.742817 0.491792 0.741924 0.490575 0.741837 0.488333 0.743536 0.485887 0.745885 0.485430
0 0.831839 0.525937 0.833213 0.526653 0.834447 0.528888 0.834909 0.531106 0.833604 0.533141 0.830353 0.534350 0.827861 0.534250 0.826019 0.532189 0.825839 0.529695 0.826082 0.527851 0.827703 0.526129 0.830251 0.525489
0 0.820571 0.531627 0.821946 0.532344 0.823179 0.534579 0.823641 0.536797 0.822336 0.538832 0.819085 0.540041 0.816593 0.539941 0.814751 0.537880 0.814571 0.535386 0.814815 0.533541 0.816435 0.531820 0.818983 0.531179
0 0.872057 0.503765 0.873432 0.504482 0.874665 0.506717 0.875127 0.508934 0.873822 0.510970 0.870571 0.512179 0.868078 0.512079 0.866236 0.510018 0.866057 0.507523 0.866301 0.505679 0.867921 0.503957 0.870469 0.503318
0 0.880714 0.492883 0.882088 0.493600 0.883321 0.495835 0.883784 0.498053 0.882479 0.500088 0.879227 0.501297 0.876735 0.501197 0.874893 0.499137 0.874713 0.496642 0.874958 0.494797 0.876578 0.493076 0.879125 0.492436
0 0.801726 0.510151 0.802303 0.510610 0.805008 0.511350 0.807314 0.513184 0.807432 0.514219 0.808009 0.514677 0.808304 0.517264 0.807845 0.517841 0.808022 0.519393 0.807564 0.519970 0.807682 0.521005 0.805389 0.523887 0.804872 0.523946 0.804413 0.524523 0.800273 0.524995 0.799697 0.524536 0.798086 0.524196 0.796356 0.522820 0.796297 0.522303 0.795721 0.521844 0.795013 0.515635 0.795471 0.515058 0.795412 0.514541 0.797246 0.512235 0.797763 0.512176 0.800174 0.510328
0 0.937291 0.602457 0.937867 0.602916 0.941549 0.603020 0.943796 0.604337 0.945643 0.606747 0.945820 0.608299 0.946397 0.608758 0.946987 0.613933 0.946188 0.616121 0.943896 0.619003 0.941944 0.620274 0.940909 0.620392 0.940450 0.620969 0.938380 0.621205 0.937922 0.621781 0.936887 0.621899 0.936310 0.621441 0.933206 0.621795 0.932629 0.621336 0.931077 0.621513 0.929983 0.621114 0.926406 0.617328 0.926111 0.614741 0.925534 0.614282 0.925521 0.609566 0.926778 0.606801 0.928612 0.604495 0.933210 0.603447 0.933669 0.602870
0 0.993728 0.566036 0.994305 0.566495 0.997010 0.567235 0.998397 0.569068 0.998397 0.570103 0.998397 0.570562 0.998397 0.573149 0.998397 0.573726 0.998397 0.575278 0.998397 0.575855 0.998397 0.576890 0.997391 0.579772 0.996874 0.579831 0.996415 0.580408 0.992275 0.580880 0.991699 0.580421 0.990087 0.580081 0.988358 0.578705 0.988299 0.578188 0.987723 0.577729 0.987014 0.571520 0.987473 0.570943 0.987414 0.570426 0.989248 0.568120 0.989765 0.568061 0.992176 0.566213
0 0.998397 0.621934 0.998397 0.622392 0.998397 0.623132 0.998397 0.624966 0.998397 0.626001 0.998397 0.626459 0.998397 0.629047 0.998397 0.629623 0.998397 0.631176 0.998397 0.631752 0.998397 0.632787 0.998397 0.635670 0.998397 0.635729 0.998397 0.636305 0.998397 0.636777 0.998397 0.636319 0.998397 0.635978 0.998397 0.634603 0.998397 0.634085 0.998397 0.633627 0.998397 0.627417 0.998397 0.626841 0.998397 0.626323 0.998397 0.624017 0.998397 0.623958 0.998397 0.622111
0 0.934598 0.538639 0.935175 0.539097 0.936727 0.538920 0.937304 0.539379 0.938856 0.539202 0.939433 0.539660 0.940468 0.539542 0.941044 0.540001 0.941561 0.539942 0.943291 0.541317 0.943468 0.542870 0.944044 0.543328 0.944458 0.546951 0.943999 0.547527 0.944176 0.549079 0.943259 0.550232 0.943318 0.550750 0.942460 0.552420 0.941425 0.552538 0.940967 0.553115 0.939414 0.553292 0.938956 0.553868 0.934816 0.554340 0.934240 0.553882 0.932628 0.553542 0.930840 0.551649 0.930781 0.551131 0.929628 0.550214 0.929038 0.545039 0.929954 0.543886 0.929895 0.543369 0.932188 0.540487 0.932705 0.540428 0.933622 0.539274 0.934140 0.539216
0 0.947489 0.589436 0.948066 0.589894 0.949618 0.589717 0.950195 0.590176 0.951747 0.589999 0.952324 0.590457 0.953359 0.590339 0.953935 0.590798 0.954453 0.590739 0.956182 0.592114 0.956359 0.593666 0.956935 0.594125 0.957349 0.597747 0.956890 0.598324 0.957067 0.599876 0.956150 0.601029 0.956209 0.601547 0.955351 0.603217 0.954316 0.603335 0.953858 0.603912 0.952305 0.604089 0.951847 0.604665 0.947707 0.605137 0.947131 0.604679 0.945519 0.604338 0.943731 0.602445 0.943672 0.601928 0.942519 0.601011 0.941929 0.595836 0.942846 0.594683 0.942787 0.594166 0.945079 0.591283 0.945596 0.591224 0.946513 0.590071 0.947031 0.590012
0 0.930296 0.471271 0.933660 0.470887 0.934754 0.471287 0.937636 0.473579 0.937695 0.474097 0.938848 0.475013 0.940119 0.476965 0.940650 0.481623 0.939275 0.483352 0.938934 0.484964 0.938017 0.486117 0.936065 0.487388 0.928821 0.488214 0.925539 0.487015 0.924268 0.485063 0.922538 0.483688 0.922420 0.482653 0.921844 0.482195 0.921608 0.480125 0.922806 0.476843 0.925099 0.473960 0.925040 0.473443 0.926932 0.471654
0 0.943532 0.447455 0.944108 0.447913 0.947213 0.447559 0.947790 0.448018 0.948307 0.447959 0.950613 0.449793 0.950731 0.450828 0.951308 0.451286 0.951485 0.452839 0.952061 0.453297 0.952120 0.453814 0.951662 0.454391 0.951898 0.456461 0.949605 0.459343 0.948053 0.459520 0.947595 0.460097 0.945525 0.460333 0.945066 0.460909 0.941961 0.461263 0.941385 0.460805 0.940867 0.460864 0.937985 0.458572 0.937808 0.457019 0.937231 0.456561 0.936995 0.454491 0.937454 0.453914 0.937336 0.452879 0.937794 0.452303 0.938135 0.450691 0.939510 0.448962 0.940028 0.448903 0.941462 0.447691
0 0.949330 0.564314 0.949906 0.564772 0.952612 0.565512 0.954918 0.567346 0.955036 0.568381 0.955612 0.568840 0.955907 0.571427 0.955449 0.572004 0.955626 0.573556 0.955167 0.574133 0.955285 0.575167 0.952993 0.578050 0.952476 0.578109 0.952017 0.578685 0.947877 0.579157 0.947301 0.578699 0.945689 0.578358 0.943960 0.576983 0.943901 0.576466 0.943324 0.576007 0.942616 0.569797 0.943075 0.569221 0.943016 0.568703 0.944850 0.566397 0.945367 0.566338 0.947777 0.564491
0 0.935769 0.582855 0.938874 0.582501 0.939451 0.582959 0.939968 0.582900 0.941121 0.583817 0.941180 0.584335 0.941757 0.584793 0.941875 0.585828 0.942451 0.586287 0.942923 0.590427 0.942465 0.591003 0.942124 0.592615 0.940349 0.595438 0.938797 0.595615 0.938220 0.595157 0.934081 0.595629 0.931775 0.593795 0.931716 0.593277 0.930563 0.592360 0.930091 0.588220 0.930549 0.587644 0.930490 0.587126 0.930949 0.586550 0.931289 0.584939 0.932664 0.583209
0 0.932414 0.572255 0.933788 0.572972 0.935021 0.575207 0.935483 0.577425 0.934178 0.579460 0.930927 0.580669 0.928435 0.580569 0.926593 0.578509 0.926413 0.576014 0.926657 0.574170 0.928277 0.572448 0.930825 0.571808
0 0.930585 0.563252 0.931959 0.563969 0.933193 0.566204 0.933655 0.568421 0.932350 0.570457 0.929099 0.571666 0.926607 0.571566 0.924765 0.569505 0.924585 0.567011 0.924829 0.565166 0.926449 0.563444 0.928997 0.562805
0 0.906245 0.660168 0.907619 0.660885 0.908852 0.663120 0.909315 0.665337 0.908010 0.667373 0.904759 0.668582 0.902266 0.668482 0.900424 0.666421 0.900244 0.663926 0.900488 0.662082 0.902109 0.660360 0.904656 0.659720
0 0.551271 0.432249 0.552646 0.432966 0.553879 0.435201 0.554341 0.437418 0.553036 0.439454 0.549785 0.440663 0.547293 0.440563 0.545451 0.438502 0.545271 0.436007 0.545515 0.434163 0.547135 0.432441 0.549683 0.431802
0 0.628880 0.424370 0.629457 0.424829 0.630492 0.424711 0.631068 0.425169 0.631586 0.425110 0.633315 0.426486 0.633374 0.427003 0.635222 0.429413 0.635281 0.429931 0.634822 0.430507 0.635176 0.433612 0.634718 0.434189 0.634836 0.435224 0.634377 0.435800 0.634436 0.436318 0.632603 0.438624 0.632085 0.438683 0.631627 0.439259 0.630592 0.439377 0.630133 0.439954 0.627028 0.440308 0.626452 0.439849 0.623347 0.440203 0.622194 0.439286 0.621676 0.439345 0.621617 0.438828 0.620464 0.437911 0.620287 0.436358 0.619711 0.435900 0.619298 0.432278 0.619756 0.431701 0.619638 0.430666 0.620097 0.430090 0.620038 0.429572 0.621813 0.426749 0.622330 0.426690 0.622789 0.426113 0.624341 0.425936 0.624799 0.425360 0.625834 0.425242 0.626293 0.424665
0 0.465430 0.411826 0.466494 0.413768 0.466377 0.416433 0.464164 0.418075 0.461508 0.418114 0.460355 0.417197 0.459462 0.415980 0.459375 0.413738 0.461075 0.411292 0.463422 0.410835
0 0.456230 0.308534 0.457293 0.310476 0.457176 0.313141 0.454963 0.314782 0.452308 0.314822 0.451155 0.313905 0.450261 0.312687 0.450174 0.310445 0.451874 0.308000 0.454222 0.307542
0 0.359467 0.336189 0.360531 0.338131 0.360414 0.340796 0.358201 0.342438 0.355546 0.342477 0.354393 0.341560 0.353500 0.340343 0.353412 0.338100 0.355112 0.335655 0.357460 0.335198
0 0.226755 0.385758 0.228729 0.386251 0.230545 0.388876 0.230609 0.391834 0.229156 0.394590 0.226180 0.395771 0.222935 0.395712 0.220750 0.393660 0.220009 0.390584 0.220567 0.388230 0.221484 0.387077 0.224093 0.386022
0 0.170016 0.291871 0.171389 0.294405 0.170799 0.297197 0.168400 0.298833 0.165631 0.298450 0.164232 0.297212 0.163901 0.295538 0.163973 0.293713 0.164677 0.292236 0.166231 0.291150 0.168243 0.291026
0 0.233911 0.304951 0.235283 0.307485 0.234693 0.310277 0.232294 0.311913 0.229525 0.311530 0.228126 0.310292 0.227796 0.308618 0.227867 0.306793 0.228572 0.305316 0.230125 0.304230 0.232137 0.304106
0 0.229137 0.297246 0.230509 0.299780 0.229919 0.302572 0.227520 0.304208 0.224751 0.303825 0.223352 0.302587 0.223021 0.300913 0.223093 0.299089 0.223798 0.297611 0.225351 0.296525 0.227363 0.296401
0 0.236231 0.707959 0.237603 0.710492 0.237013 0.713284 0.234614 0.714920 0.231845 0.714537 0.230447 0.713299 0.230116 0.711625 0.230187 0.709801 0.230892 0.708323 0.232446 0.707238 0.234458 0.707113
0 0.339492 0.739128 0.340864 0.741662 0.340274 0.744454 0.337875 0.746090 0.335107 0.745707 0.333707 0.744469 0.333377 0.742795 0.333448 0.740970 0.334153 0.739493 0.335706 0.738407 0.337719 0.738283
0 0.672924 0.697103 0.674296 0.699636 0.673705 0.702428 0.671307 0.704064 0.668538 0.703681 0.667139 0.702443 0.666808 0.700770 0.666880 0.698945 0.667585 0.697467 0.669138 0.696382 0.671150 0.696257
0 0.687199 0.659868 0.687775 0.660326 0.691974 0.660372 0.697162 0.664498 0.699645 0.667884 0.699822 0.669437 0.700399 0.669895 0.700812 0.673518 0.699155 0.677376 0.696404 0.680835 0.690430 0.683613 0.686808 0.684026 0.681338 0.682029 0.677126 0.677267 0.676890 0.675197 0.676313 0.674739 0.675782 0.670081 0.676863 0.665764 0.679613 0.662305 0.684153 0.660739 0.684611 0.660163
0 0.709038 0.663688 0.709615 0.664147 0.713414 0.665286 0.715143 0.666661 0.715203 0.667179 0.715779 0.667637 0.715897 0.668672 0.716474 0.669131 0.717063 0.674306 0.714372 0.678282 0.713854 0.678341 0.713396 0.678917 0.712361 0.679035 0.711902 0.679612 0.710867 0.679730 0.710409 0.680306 0.708339 0.680542 0.707762 0.680084 0.705057 0.679344 0.704481 0.678886 0.704422 0.678368 0.702116 0.676534 0.702057 0.676017 0.701480 0.675558 0.701303 0.674006 0.700727 0.673547 0.700255 0.669408 0.700713 0.668831 0.700595 0.667796 0.702946 0.665431 0.703464 0.665372 0.703922 0.664796 0.704957 0.664678 0.705416 0.664101
0 0.746523 0.713364 0.749111 0.713069 0.749687 0.713528 0.750204 0.713469 0.751934 0.714844 0.751993 0.715362 0.752569 0.715820 0.752805 0.717890 0.752347 0.718466 0.752701 0.721571 0.752242 0.722148 0.752361 0.723183 0.750127 0.726583 0.749610 0.726642 0.749151 0.727218 0.743459 0.727867 0.742882 0.727409 0.741848 0.727527 0.741789 0.727009 0.739482 0.725175 0.739424 0.724658 0.738847 0.724199 0.738729 0.723165 0.738153 0.722706 0.737858 0.720119 0.738316 0.719542 0.738198 0.718507 0.738656 0.717931 0.738597 0.717413 0.740431 0.715107 0.740949 0.715048 0.741407 0.714472 0.743477 0.714236 0.743936 0.713659
0 0.819086 0.653954 0.822708 0.653541 0.823284 0.654000 0.823802 0.653941 0.823861 0.654458 0.825014 0.655375 0.825073 0.655892 0.826285 0.657327 0.826403 0.658362 0.826979 0.658820 0.827392 0.662443 0.826934 0.663019 0.827111 0.664572 0.825277 0.666878 0.824760 0.666937 0.824301 0.667513 0.817056 0.668339 0.816480 0.667881 0.815962 0.667940 0.814809 0.667023 0.814292 0.667082 0.814233 0.666564 0.813021 0.665130 0.812844 0.663577 0.812267 0.663119 0.812090 0.661566 0.812549 0.660990 0.812313 0.658920 0.815463 0.654367
0 0.980802 0.428029 0.984084 0.429228 0.987248 0.429391 0.990131 0.431683 0.990884 0.433694 0.991461 0.434153 0.992051 0.439328 0.991252 0.441516 0.988959 0.444398 0.986431 0.445210 0.983503 0.447117 0.980398 0.447471 0.979822 0.447013 0.977752 0.447249 0.977175 0.446790 0.976140 0.446908 0.973258 0.444616 0.972386 0.441570 0.971810 0.441111 0.971515 0.438524 0.971973 0.437947 0.971796 0.436395 0.972654 0.434725 0.972536 0.433690 0.974829 0.430807 0.975864 0.430689 0.977298 0.429477 0.978333 0.429359 0.980285 0.428088
0 0.704940 0.358084 0.706004 0.360025 0.705887 0.362690 0.703674 0.364332 0.701019 0.364372 0.699866 0.363455 0.698973 0.362237 0.698885 0.359995 0.700585 0.357549 0.702933 0.357092
0 0.811580 0.349798 0.812643 0.351740 0.812526 0.354405 0.810314 0.356047 0.807658 0.356086 0.806505 0.355169 0.805612 0.353952 0.805525 0.351710 0.807225 0.349264 0.809572 0.348806
0 0.843654 0.567124 0.845029 0.567841 0.846262 0.570075 0.846725 0.572293 0.845420 0.574329 0.842168 0.575538 0.839676 0.575438 0.837834 0.573377 0.837655 0.570882 0.837898 0.569038 0.839519 0.567316 0.842066 0.566676
0 0.841890 0.462751 0.843265 0.463468 0.844498 0.465703 0.844960 0.467921 0.843655 0.469956 0.840404 0.471166 0.837912 0.471065 0.836070 0.469005 0.835890 0.466510 0.836134 0.464666 0.837754 0.462944 0.840302 0.462304
0 0.782492 0.452887 0.783866 0.453603 0.785100 0.455838 0.785562 0.458056 0.784257 0.460091 0.781006 0.461300 0.778514 0.461200 0.776672 0.459139 0.776492 0.456645 0.776736 0.454801 0.778356 0.453079 0.780904 0.452439
0 0.779226 0.541401 0.780601 0.542118 0.781834 0.544353 0.782297 0.546571 0.780992 0.548606 0.777740 0.549815 0.775249 0.549715 0.773406 0.547654 0.773227 0.545160 0.773470 0.543315 0.775091 0.541594 0.777638 0.540954
0 0.590797 0.541312 0.591374 0.541771 0.593444 0.541535 0.594020 0.541993 0.595055 0.541875 0.595632 0.542334 0.596667 0.542216 0.597761 0.542615 0.600126 0.544966 0.600761 0.545942 0.600879 0.546977 0.600421 0.547554 0.600716 0.550141 0.600257 0.550718 0.600434 0.552270 0.600035 0.553364 0.597683 0.555729 0.596131 0.555906 0.595672 0.556482 0.594638 0.556601 0.594179 0.557177 0.592627 0.557354 0.592168 0.557931 0.589463 0.557191 0.588310 0.556274 0.586122 0.555475 0.584969 0.554558 0.584851 0.553523 0.584274 0.553064 0.583802 0.548925 0.584261 0.548348 0.584084 0.546796 0.587293 0.542760 0.588269 0.542125 0.589304 0.542007 0.589762 0.541430
0 0.377396 0.608702 0.380678 0.609900 0.381314 0.610876 0.384714 0.613109 0.384891 0.614662 0.385467 0.615120 0.385703 0.617190 0.385245 0.617767 0.385363 0.618802 0.384963 0.619896 0.381813 0.624448 0.380778 0.624566 0.380319 0.625143 0.377214 0.625497 0.376638 0.625038 0.374568 0.625274 0.373992 0.624816 0.372957 0.624934 0.370651 0.623100 0.369380 0.621148 0.369144 0.619078 0.368567 0.618620 0.368967 0.617526 0.368731 0.615456 0.369530 0.613268 0.371363 0.610962 0.372339 0.610327 0.373892 0.610150 0.374350 0.609573 0.375903 0.609396 0.376361 0.608820
0 0.141487 0.407297 0.142860 0.409831 0.142270 0.412623 0.139871 0.414259 0.137102 0.413876 0.135702 0.412638 0.135372 0.410964 0.135443 0.409139 0.136148 0.407661 0.137701 0.406576 0.139714 0.406451
0 0.507355 0.240003 0.510139 0.240523 0.512401 0.241663 0.514235 0.244878 0.513702 0.248075 0.511898 0.250733 0.509975 0.252169 0.507388 0.252464 0.504400 0.252392 0.502435 0.250408 0.501457 0.247417 0.501786 0.244716 0.503095 0.242479 0.505161 0.240986
0 0.490285 0.224635 0.493649 0.224251 0.497108 0.227002 0.497167 0.227519 0.497743 0.227978 0.498511 0.234705 0.498052 0.235282 0.498111 0.235799 0.496277 0.238105 0.495242 0.238223 0.494784 0.238799 0.494207 0.238341 0.488515 0.238990 0.485115 0.236757 0.484938 0.235204 0.484361 0.234746 0.483948 0.231123 0.484407 0.230547 0.484171 0.228477 0.484629 0.227901 0.484570 0.227383 0.486922 0.225018
0 0.517501 0.251721 0.518564 0.253662 0.518447 0.256328 0.516235 0.257969 0.513579 0.258009 0.512426 0.257092 0.511533 0.255874 0.511446 0.253632 0.513145 0.251186 0.515494 0.250729
0 0.757447 0.186679 0.758024 0.187137 0.760093 0.186901 0.760670 0.187360 0.762222 0.187183 0.762799 0.187641 0.763834 0.187523 0.763893 0.188041 0.765046 0.188958 0.765105 0.189475 0.766317 0.190910 0.766494 0.192462 0.767070 0.192920 0.767365 0.195508 0.766507 0.197178 0.766625 0.198213 0.766167 0.198790 0.766226 0.199307 0.764850 0.201037 0.763816 0.201155 0.763357 0.201731 0.762322 0.201849 0.761864 0.202426 0.759794 0.202662 0.759335 0.203238 0.758300 0.203356 0.757724 0.202898 0.756689 0.203016 0.756112 0.202557 0.753407 0.201817 0.751678 0.200442 0.750910 0.193715 0.754002 0.188644 0.754519 0.188585 0.755436 0.187432 0.756471 0.187314 0.756930 0.186738
0 0.717196 0.212822 0.717773 0.213281 0.719843 0.213045 0.720419 0.213503 0.721971 0.213326 0.722548 0.213785 0.723583 0.213667 0.723642 0.214184 0.724795 0.215101 0.724854 0.215619 0.726066 0.217053 0.726243 0.218606 0.726819 0.219064 0.727114 0.221651 0.726256 0.223322 0.726375 0.224357 0.725916 0.224933 0.725975 0.225451 0.724600 0.227180 0.723565 0.227298 0.723106 0.227875 0.722071 0.227993 0.721613 0.228569 0.719543 0.228805 0.719084 0.229382 0.718049 0.229500 0.717473 0.229041 0.716438 0.229159 0.715861 0.228701 0.713156 0.227961 0.711427 0.226586 0.710660 0.219858 0.713751 0.214788 0.714268 0.214729 0.715185 0.213576 0.716220 0.213458 0.716679 0.212881
0 0.825423 0.180766 0.825999 0.181224 0.827034 0.181106 0.827610 0.181565 0.829222 0.181905 0.830375 0.182822 0.830493 0.183857 0.832341 0.186267 0.832695 0.189372 0.831778 0.190525 0.831837 0.191043 0.829544 0.193925 0.829027 0.193984 0.828568 0.194561 0.827533 0.194679 0.827075 0.195255 0.826498 0.194797 0.824428 0.195033 0.823852 0.194574 0.822299 0.194751 0.821723 0.194293 0.820688 0.194411 0.820112 0.193952 0.819417 0.192459 0.817629 0.190566 0.817215 0.186944 0.818532 0.184697 0.818473 0.184179 0.819390 0.183026 0.820425 0.182908 0.820883 0.182332 0.822436 0.182155 0.822894 0.181578 0.824447 0.181401 0.824905 0.180825
0 0.735473 0.269921 0.736049 0.270379 0.738119 0.270143 0.738696 0.270602 0.740248 0.270425 0.740825 0.270883 0.741860 0.270765 0.743013 0.271682 0.744919 0.274610 0.745273 0.277715 0.744815 0.278292 0.744933 0.279326 0.744474 0.279903 0.744592 0.280938 0.744193 0.282032 0.742817 0.283761 0.739889 0.285668 0.738337 0.285845 0.737878 0.286421 0.733162 0.286435 0.730974 0.285636 0.729186 0.283743 0.729068 0.282708 0.728491 0.282250 0.728314 0.280697 0.727738 0.280239 0.727620 0.279204 0.728078 0.278627 0.727783 0.276040 0.729100 0.273793 0.729041 0.273275 0.729558 0.273216 0.731451 0.271428 0.732486 0.271310 0.734438 0.270039
0 0.606322 0.203911 0.606899 0.204370 0.611156 0.204933 0.613462 0.206766 0.614216 0.208777 0.615428 0.210212 0.615900 0.214352 0.615442 0.214928 0.615278 0.218092 0.612527 0.221551 0.611492 0.221669 0.611034 0.222245 0.608964 0.222481 0.608505 0.223058 0.604883 0.223471 0.604307 0.223013 0.602754 0.223190 0.599472 0.221991 0.597625 0.219581 0.597507 0.218546 0.596236 0.216594 0.595941 0.214006 0.596399 0.213430 0.596222 0.211878 0.597080 0.210207 0.596962 0.209172 0.597879 0.208019 0.597820 0.207502 0.603217 0.204265
0 0.416557 0.225550 0.419341 0.226070 0.421603 0.227210 0.423436 0.230424 0.422904 0.233622 0.421099 0.236280 0.419177 0.237716 0.416589 0.238011 0.413602 0.237939 0.411637 0.235955 0.410659 0.232964 0.410988 0.230262 0.412297 0.228026 0.414363 0.226533
0 0.137779 0.351632 0.138356 0.352090 0.139391 0.351972 0.139967 0.352431 0.141579 0.352771 0.144520 0.355581 0.144579 0.356099 0.145156 0.356557 0.145569 0.360179 0.145110 0.360756 0.145228 0.361791 0.142936 0.364673 0.142418 0.364732 0.140008 0.366580 0.137421 0.366875 0.136844 0.366416 0.135292 0.366593 0.134715 0.366135 0.133163 0.366312 0.132010 0.365395 0.131951 0.364878 0.131374 0.364419 0.131256 0.363384 0.130044 0.361950 0.129808 0.359880 0.130267 0.359303 0.130090 0.357751 0.130548 0.357174 0.131288 0.354469 0.131806 0.354410 0.133240 0.353198 0.134792 0.353021 0.135251 0.352444 0.136286 0.352326 0.136744 0.351750
0 0.073925 0.745865 0.074501 0.746324 0.078183 0.746428 0.080489 0.748262 0.082395 0.751190 0.082690 0.753777 0.083267 0.754236 0.083385 0.755271 0.082926 0.755847 0.083221 0.758435 0.081905 0.760682 0.081564 0.762293 0.080130 0.763505 0.078060 0.763741 0.077601 0.764318 0.073462 0.764790 0.071215 0.763473 0.070697 0.763532 0.070638 0.763015 0.067120 0.759746 0.066943 0.758194 0.066367 0.757736 0.066013 0.754631 0.066471 0.754054 0.066294 0.752502 0.067211 0.751349 0.067552 0.749737 0.068927 0.748008 0.069444 0.747949 0.071337 0.746160
