nohup: ignoring input
/usr/local/envs/gbseg/lib/python3.10/site-packages/albumentations/check_version.py:147: UserWarning: Error fetching version info <urlopen error [Errno 99] Cannot assign requested address>
  data = fetch_version_info()
[2026-06-18 15:52:55] [WARNING] rf-detr - Using a different number of positional encodings than DINOv2, which means we're not loading DINOv2 backbone weights. This is not a problem if finetuning a pretrained RF-DETR model.
[2026-06-18 15:52:55] [WARNING] rf-detr - Using patch size 12 instead of 14, which means we're not loading DINOv2 backbone weights. This is not a problem if finetuning a pretrained RF-DETR model.
[2026-06-18 15:52:58] [WARNING] rf-detr - load_pretrain_weights: checkpoint lacks args.num_queries / args.group_detr; falling back to flat slice. With group_detr=13 this may scramble per-group query structure if the checkpoint was trained with group_detr > 1.
[2026-06-18 15:53:00] [WARNING] rf-detr - Using a different number of positional encodings than DINOv2, which means we're not loading DINOv2 backbone weights. This is not a problem if finetuning a pretrained RF-DETR model.
[2026-06-18 15:53:00] [WARNING] rf-detr - Using patch size 12 instead of 14, which means we're not loading DINOv2 backbone weights. This is not a problem if finetuning a pretrained RF-DETR model.
[2026-06-18 15:53:03] [WARNING] rf-detr - Checkpoint has 90 classes but model is configured for 1. The detection head will be re-initialized to 1 classes.
[2026-06-18 15:53:03] [WARNING] rf-detr - load_pretrain_weights: checkpoint lacks args.num_queries / args.group_detr; falling back to flat slice. With group_detr=13 this may scramble per-group query structure if the checkpoint was trained with group_detr > 1.
Using bfloat16 Automatic Mixed Precision (AMP)
GPU available: True (cuda), used: True
TPU available: False, using: 0 TPU cores
💡 Tip: For seamless cloud logging and experiment tracking, try installing [litlogger](https://pypi.org/project/litlogger/) to enable LitLogger, which logs metrics and artifacts automatically to the Lightning Experiments platform.
扩展 query 参数: 300 -> 800 (每组 300 -> 800)
扩展后的预训练权重已保存: /input0/transcoder-st/learn_llm/GrassBeadSeg/models/rfdetr_seg_large/pretrained_800.pth
============================================================
RF-DETR 分割模型训练
============================================================
预训练权重: /input0/transcoder-st/learn_llm/GrassBeadSeg/models/rfdetr_seg_large/pretrained_800.pth
数据集: /input0/transcoder-st/learn_llm/GrassBeadSeg/dataset/data_v1_aug
输出目录: /input0/transcoder-st/learn_llm/GrassBeadSeg/models/rfdetr_seg_large/trained
训练轮数: 200
Batch Size: 1
梯度累积步数: 16
学习率: 0.0001
分辨率: 624
查询数量: 800
最大检测数: 800
============================================================
[2026-06-18 15:53:06] [INFO] rf-detr - Using multi-scale training with square resize and scales: [744]
[2026-06-18 15:53:06] [INFO] rf-detr - Built 1 Albumentations transforms from config
[2026-06-18 15:53:06] [INFO] rf-detr - Built 1 Albumentations transforms from config
creating index...
index created!
[2026-06-18 15:53:07] [INFO] rf-detr - Using multi-scale training with square resize and scales: [744]
[2026-06-18 15:53:07] [INFO] rf-detr - Built 1 Albumentations transforms from config
/usr/local/envs/gbseg/lib/python3.10/site-packages/pytorch_lightning/callbacks/model_checkpoint.py:881: Checkpoint directory /input0/transcoder-st/learn_llm/GrassBeadSeg/models/rfdetr_seg_large/trained exists and is not empty.
LOCAL_RANK: 0 - CUDA_VISIBLE_DEVICES: [0]
Loading `train_dataloader` to estimate number of stepping batches.
creating index...
index created!
[2026-06-18 15:53:08] [INFO] rf-detr - Training with uniform sampler because dataset is too small: 66 < 80
/usr/local/envs/gbseg/lib/python3.10/site-packages/pytorch_lightning/utilities/_pytree.py:21: `isinstance(treespec, LeafSpec)` is deprecated, use `isinstance(treespec, TreeSpec) and treespec.is_leaf()` instead.
/usr/local/envs/gbseg/lib/python3.10/site-packages/pytorch_lightning/utilities/model_summary/model_summary.py:242: Precision bf16-mixed is not supported by the model summary.  Estimated model size in MB will not be accurate. Using 32 bits instead.
┏━━━┳━━━━━━━━━━━━━┳━━━━━━━━━━━━━━┳━━━━━━━━┳━━━━━━━┳━━━━━━━┓
┃   ┃ Name        ┃ Type         ┃ Params ┃ Mode  ┃ FLOPs ┃
┡━━━╇━━━━━━━━━━━━━╇━━━━━━━━━━━━━━╇━━━━━━━━╇━━━━━━━╇━━━━━━━┩
│ 0 │ model       │ LWDETR       │ 37.9 M │ train │     0 │
│ 1 │ criterion   │ SetCriterion │      0 │ train │     0 │
│ 2 │ postprocess │ PostProcess  │      0 │ train │     0 │
└───┴─────────────┴──────────────┴────────┴───────┴───────┘
Trainable params: 37.9 M                                                        
Non-trainable params: 0                                                         
Total params: 37.9 M                                                            
Total estimated model params size (MB): 151.771                                 
Modules in train mode: 535                                                      
Modules in eval mode: 0                                                         
Total FLOPs: 0                                                                  
[transformers] `use_return_dict` is deprecated! Use `return_dict` instead!
/usr/local/envs/gbseg/lib/python3.10/site-packages/torchmetrics/utilities/prints.py:43: UserWarning: Encountered more than 500 detections in a single image. This means that certain detections with the lowest scores will be ignored, that may have an undesirable impact on performance. Please consider adjusting the `max_detection_threshold` to suit your use case. To disable this warning, set attribute class `warn_on_many_detections=False`, after initializing the metric.
  warnings.warn(*args, **kwargs)
                              Val — Overall Metrics                             
┏━━━━━━━━━━━━━━━━━━━━━━━━━━┳━━━━━━━━┳━━━━━━━━━━━━━━━━━━━━━━━━━━┳━━━━━━━━━━━━━━━━
━┓
┃           mAP            ┃  mAR   ┃         F1 sweep         ┃     segm mAP   
┃
┡━━━━━━━━┯━━━━━━━━┯━━━━━━━━╇━━━━━━━━╇━━━━━━━━┯━━━━━━━━┯━━━━━━━━╇━━━━━━━━┯━━━━━━━
━┩
│ [1;92m50:95[0m  │   [1;36m50[0m   │   [1;36m75[0m   │  @[1;36m500[0m  │   F1   │  Prec  │ Recall │ [1;92m50:95[0m  │   [1;36m50[0m  
│
├────────┼────────┼────────┼────────┼────────┼────────┼────────┼────────┼───────
─┤
│ [1;36m0.0005[0m │ [1;36m0.0009[0m │ [1;36m0.0002[0m │ [1;36m0.0014[0m │ [1;36m0.0037[0m │ [1;36m0.0247[0m │ [1;36m0.0020[0m │ [1;36m0.0005[0m │ [1;36m0.0009[0m
│
└────────┴────────┴────────┴────────┴────────┴────────┴────────┴────────┴───────
─┘
[1;36m                     Val — Per-class Metrics                      [0m
┏━━━━━━━━━━━━━━┳━━━━━━━━━━┳━━━━━━━━┳━━━━━━━━┳━━━━━━━━━━━┳━━━━━━━━┓
┃[1;36m [0m[1;36mClass       [0m[1;36m [0m┃[1;36m [0m[1;36mAP 50:95[0m[1;36m [0m┃[1;36m [0m[1;36m    AR[0m[1;36m [0m┃[1;36m [0m[1;36m    F1[0m[1;36m [0m┃[1;36m [0m[1;36mPrecision[0m[1;36m [0m┃[1;36m [0m[1;36mRecall[0m[1;36m [0m┃
┡━━━━━━━━━━━━━━╇━━━━━━━━━━╇━━━━━━━━╇━━━━━━━━╇━━━━━━━━━━━╇━━━━━━━━┩
│[2m [0m[2mGlassBeadSeg[0m[2m [0m│   0.0005 │ 0.0014 │ 0.0037 │    0.0247 │ 0.0020 │
└──────────────┴──────────┴────────┴────────┴───────────┴────────┘
[2026-06-18 15:53:56] [INFO] rf-detr - Best EMA mAP improved to 0.0008 (epoch 0)
                              Val — Overall Metrics                             
┏━━━━━━━━━━━━━━━━━━━━━━━━━━┳━━━━━━━━┳━━━━━━━━━━━━━━━━━━━━━━━━━━┳━━━━━━━━━━━━━━━━
━┓
┃           mAP            ┃  mAR   ┃         F1 sweep         ┃     segm mAP   
┃
┡━━━━━━━━┯━━━━━━━━┯━━━━━━━━╇━━━━━━━━╇━━━━━━━━┯━━━━━━━━┯━━━━━━━━╇━━━━━━━━┯━━━━━━━
━┩
│ [1;92m50:95[0m  │   [1;36m50[0m   │   [1;36m75[0m   │  @[1;36m500[0m  │   F1   │  Prec  │ Recall │ [1;92m50:95[0m  │   [1;36m50[0m  
│
├────────┼────────┼────────┼────────┼────────┼────────┼────────┼────────┼───────
─┤
│ [1;36m0.0000[0m │ [1;36m0.0000[0m │ [1;36m0.0000[0m │ [1;36m0.0000[0m │ [1;36m0.0000[0m │ [1;36m0.0000[0m │ [1;36m0.0000[0m │ [1;36m0.0000[0m │ [1;36m0.0000[0m
│
└────────┴────────┴────────┴────────┴────────┴────────┴────────┴────────┴───────
─┘
[1;36m                     Val — Per-class Metrics                      [0m
┏━━━━━━━━━━━━━━┳━━━━━━━━━━┳━━━━━━━━┳━━━━━━━━┳━━━━━━━━━━━┳━━━━━━━━┓
┃[1;36m [0m[1;36mClass       [0m[1;36m [0m┃[1;36m [0m[1;36mAP 50:95[0m[1;36m [0m┃[1;36m [0m[1;36m    AR[0m[1;36m [0m┃[1;36m [0m[1;36m    F1[0m[1;36m [0m┃[1;36m [0m[1;36mPrecision[0m[1;36m [0m┃[1;36m [0m[1;36mRecall[0m[1;36m [0m┃
┡━━━━━━━━━━━━━━╇━━━━━━━━━━╇━━━━━━━━╇━━━━━━━━╇━━━━━━━━━━━╇━━━━━━━━┩
│[2m [0m[2mGlassBeadSeg[0m[2m [0m│   0.0000 │ 0.0000 │ 0.0000 │    0.0000 │ 0.0000 │
└──────────────┴──────────┴────────┴────────┴───────────┴────────┘
Metric __rfdetr_effective_map__ improved. New best score: 0.000
[2026-06-18 15:57:06] [INFO] rf-detr - Best regular mAP saved to /input0/transcoder-st/learn_llm/GrassBeadSeg/models/rfdetr_seg_large/trained/checkpoint_best_regular.pth (epoch 0)
                              Val — Overall Metrics                             
┏━━━━━━━━━━━━━━━━━━━━━━━━━━┳━━━━━━━━┳━━━━━━━━━━━━━━━━━━━━━━━━━━┳━━━━━━━━━━━━━━━━
━┓
┃           mAP            ┃  mAR   ┃         F1 sweep         ┃     segm mAP   
┃
┡━━━━━━━━┯━━━━━━━━┯━━━━━━━━╇━━━━━━━━╇━━━━━━━━┯━━━━━━━━┯━━━━━━━━╇━━━━━━━━┯━━━━━━━
━┩
│ [1;92m50:95[0m  │   [1;36m50[0m   │   [1;36m75[0m   │  @[1;36m500[0m  │   F1   │  Prec  │ Recall │ [1;92m50:95[0m  │   [1;36m50[0m  
│
├────────┼────────┼────────┼────────┼────────┼────────┼────────┼────────┼───────
─┤
│ [1;36m0.0000[0m │ [1;36m0.0000[0m │ [1;36m0.0000[0m │ [1;36m0.0000[0m │ [1;36m0.0000[0m │ [1;36m0.0000[0m │ [1;36m0.0000[0m │ [1;36m0.0000[0m │ [1;36m0.0000[0m
│
└────────┴────────┴────────┴────────┴────────┴────────┴────────┴────────┴───────
─┘
[1;36m                     Val — Per-class Metrics                      [0m
┏━━━━━━━━━━━━━━┳━━━━━━━━━━┳━━━━━━━━┳━━━━━━━━┳━━━━━━━━━━━┳━━━━━━━━┓
┃[1;36m [0m[1;36mClass       [0m[1;36m [0m┃[1;36m [0m[1;36mAP 50:95[0m[1;36m [0m┃[1;36m [0m[1;36m    AR[0m[1;36m [0m┃[1;36m [0m[1;36m    F1[0m[1;36m [0m┃[1;36m [0m[1;36mPrecision[0m[1;36m [0m┃[1;36m [0m[1;36mRecall[0m[1;36m [0m┃
┡━━━━━━━━━━━━━━╇━━━━━━━━━━╇━━━━━━━━╇━━━━━━━━╇━━━━━━━━━━━╇━━━━━━━━┩
│[2m [0m[2mGlassBeadSeg[0m[2m [0m│   0.0000 │ 0.0000 │ 0.0000 │    0.0000 │ 0.0000 │
└──────────────┴──────────┴────────┴────────┴───────────┴────────┘
                              Val — Overall Metrics                             
┏━━━━━━━━━━━━━━━━━━━━━━━━━━┳━━━━━━━━┳━━━━━━━━━━━━━━━━━━━━━━━━━━┳━━━━━━━━━━━━━━━━
━┓
┃           mAP            ┃  mAR   ┃         F1 sweep         ┃     segm mAP   
┃
┡━━━━━━━━┯━━━━━━━━┯━━━━━━━━╇━━━━━━━━╇━━━━━━━━┯━━━━━━━━┯━━━━━━━━╇━━━━━━━━┯━━━━━━━
━┩
│ [1;92m50:95[0m  │   [1;36m50[0m   │   [1;36m75[0m   │  @[1;36m500[0m  │   F1   │  Prec  │ Recall │ [1;92m50:95[0m  │   [1;36m50[0m  
│
├────────┼────────┼────────┼────────┼────────┼────────┼────────┼────────┼───────
─┤
│ [1;36m0.0913[0m │ [1;36m0.2618[0m │ [1;36m0.0434[0m │ [1;36m0.2106[0m │ [1;36m0.3634[0m │ [1;36m0.3804[0m │ [1;36m0.3479[0m │ [1;36m0.0390[0m │ [1;36m0.1657[0m
│
└────────┴────────┴────────┴────────┴────────┴────────┴────────┴────────┴───────
─┘
[1;36m                     Val — Per-class Metrics                      [0m
┏━━━━━━━━━━━━━━┳━━━━━━━━━━┳━━━━━━━━┳━━━━━━━━┳━━━━━━━━━━━┳━━━━━━━━┓
┃[1;36m [0m[1;36mClass       [0m[1;36m [0m┃[1;36m [0m[1;36mAP 50:95[0m[1;36m [0m┃[1;36m [0m[1;36m    AR[0m[1;36m [0m┃[1;36m [0m[1;36m    F1[0m[1;36m [0m┃[1;36m [0m[1;36mPrecision[0m[1;36m [0m┃[1;36m [0m[1;36mRecall[0m[1;36m [0m┃
┡━━━━━━━━━━━━━━╇━━━━━━━━━━╇━━━━━━━━╇━━━━━━━━╇━━━━━━━━━━━╇━━━━━━━━┩
│[2m [0m[2mGlassBeadSeg[0m[2m [0m│   0.0913 │ 0.2106 │ 0.3634 │    0.3804 │ 0.3479 │
└──────────────┴──────────┴────────┴────────┴───────────┴────────┘
Metric __rfdetr_effective_map__ improved by 0.091 >= min_delta = 0.001. New best score: 0.091
[2026-06-18 16:03:40] [INFO] rf-detr - Best regular mAP saved to /input0/transcoder-st/learn_llm/GrassBeadSeg/models/rfdetr_seg_large/trained/checkpoint_best_regular.pth (epoch 2)
[2026-06-18 16:03:40] [INFO] rf-detr - Best EMA mAP improved to 0.0818 (epoch 2)
                              Val — Overall Metrics                             
┏━━━━━━━━━━━━━━━━━━━━━━━━━━┳━━━━━━━━┳━━━━━━━━━━━━━━━━━━━━━━━━━━┳━━━━━━━━━━━━━━━━
━┓
┃           mAP            ┃  mAR   ┃         F1 sweep         ┃     segm mAP   
┃
┡━━━━━━━━┯━━━━━━━━┯━━━━━━━━╇━━━━━━━━╇━━━━━━━━┯━━━━━━━━┯━━━━━━━━╇━━━━━━━━┯━━━━━━━
━┩
│ [1;92m50:95[0m  │   [1;36m50[0m   │   [1;36m75[0m   │  @[1;36m500[0m  │   F1   │  Prec  │ Recall │ [1;92m50:95[0m  │   [1;36m50[0m  
│
├────────┼────────┼────────┼────────┼────────┼────────┼────────┼────────┼───────
─┤
│ [1;36m0.2257[0m │ [1;36m0.6209[0m │ [1;36m0.0926[0m │ [1;36m0.3320[0m │ [1;36m0.5944[0m │ [1;36m0.6457[0m │ [1;36m0.5507[0m │ [1;36m0.1118[0m │ [1;36m0.4256[0m
│
└────────┴────────┴────────┴────────┴────────┴────────┴────────┴────────┴───────
─┘
[1;36m                     Val — Per-class Metrics                      [0m
┏━━━━━━━━━━━━━━┳━━━━━━━━━━┳━━━━━━━━┳━━━━━━━━┳━━━━━━━━━━━┳━━━━━━━━┓
┃[1;36m [0m[1;36mClass       [0m[1;36m [0m┃[1;36m [0m[1;36mAP 50:95[0m[1;36m [0m┃[1;36m [0m[1;36m    AR[0m[1;36m [0m┃[1;36m [0m[1;36m    F1[0m[1;36m [0m┃[1;36m [0m[1;36mPrecision[0m[1;36m [0m┃[1;36m [0m[1;36mRecall[0m[1;36m [0m┃
┡━━━━━━━━━━━━━━╇━━━━━━━━━━╇━━━━━━━━╇━━━━━━━━╇━━━━━━━━━━━╇━━━━━━━━┩
│[2m [0m[2mGlassBeadSeg[0m[2m [0m│   0.2257 │ 0.3320 │ 0.5944 │    0.6457 │ 0.5507 │
└──────────────┴──────────┴────────┴────────┴───────────┴────────┘
Metric __rfdetr_effective_map__ improved by 0.137 >= min_delta = 0.001. New best score: 0.228
[2026-06-18 16:06:55] [INFO] rf-detr - Best regular mAP saved to /input0/transcoder-st/learn_llm/GrassBeadSeg/models/rfdetr_seg_large/trained/checkpoint_best_regular.pth (epoch 3)
[2026-06-18 16:06:56] [INFO] rf-detr - Best EMA mAP improved to 0.2278 (epoch 3)
                              Val — Overall Metrics                             
┏━━━━━━━━━━━━━━━━━━━━━━━━━━┳━━━━━━━━┳━━━━━━━━━━━━━━━━━━━━━━━━━━┳━━━━━━━━━━━━━━━━
━┓
┃           mAP            ┃  mAR   ┃         F1 sweep         ┃     segm mAP   
┃
┡━━━━━━━━┯━━━━━━━━┯━━━━━━━━╇━━━━━━━━╇━━━━━━━━┯━━━━━━━━┯━━━━━━━━╇━━━━━━━━┯━━━━━━━
━┩
│ [1;92m50:95[0m  │   [1;36m50[0m   │   [1;36m75[0m   │  @[1;36m500[0m  │   F1   │  Prec  │ Recall │ [1;92m50:95[0m  │   [1;36m50[0m  
│
├────────┼────────┼────────┼────────┼────────┼────────┼────────┼────────┼───────
─┤
│ [1;36m0.1316[0m │ [1;36m0.4407[0m │ [1;36m0.0277[0m │ [1;36m0.2462[0m │ [1;36m0.5701[0m │ [1;36m0.5832[0m │ [1;36m0.5577[0m │ [1;36m0.1067[0m │ [1;36m0.3834[0m
│
└────────┴────────┴────────┴────────┴────────┴────────┴────────┴────────┴───────
─┘
[1;36m                     Val — Per-class Metrics                      [0m
┏━━━━━━━━━━━━━━┳━━━━━━━━━━┳━━━━━━━━┳━━━━━━━━┳━━━━━━━━━━━┳━━━━━━━━┓
┃[1;36m [0m[1;36mClass       [0m[1;36m [0m┃[1;36m [0m[1;36mAP 50:95[0m[1;36m [0m┃[1;36m [0m[1;36m    AR[0m[1;36m [0m┃[1;36m [0m[1;36m    F1[0m[1;36m [0m┃[1;36m [0m[1;36mPrecision[0m[1;36m [0m┃[1;36m [0m[1;36mRecall[0m[1;36m [0m┃
┡━━━━━━━━━━━━━━╇━━━━━━━━━━╇━━━━━━━━╇━━━━━━━━╇━━━━━━━━━━━╇━━━━━━━━┩
│[2m [0m[2mGlassBeadSeg[0m[2m [0m│   0.1316 │ 0.2462 │ 0.5701 │    0.5832 │ 0.5577 │
└──────────────┴──────────┴────────┴────────┴───────────┴────────┘
                              Val — Overall Metrics                             
┏━━━━━━━━━━━━━━━━━━━━━━━━━━┳━━━━━━━━┳━━━━━━━━━━━━━━━━━━━━━━━━━━┳━━━━━━━━━━━━━━━━
━┓
┃           mAP            ┃  mAR   ┃         F1 sweep         ┃     segm mAP   
┃
┡━━━━━━━━┯━━━━━━━━┯━━━━━━━━╇━━━━━━━━╇━━━━━━━━┯━━━━━━━━┯━━━━━━━━╇━━━━━━━━┯━━━━━━━
━┩
│ [1;92m50:95[0m  │   [1;36m50[0m   │   [1;36m75[0m   │  @[1;36m500[0m  │   F1   │  Prec  │ Recall │ [1;92m50:95[0m  │   [1;36m50[0m  
│
├────────┼────────┼────────┼────────┼────────┼────────┼────────┼────────┼───────
─┤
│ [1;36m0.1656[0m │ [1;36m0.5046[0m │ [1;36m0.0537[0m │ [1;36m0.3001[0m │ [1;36m0.5659[0m │ [1;36m0.5662[0m │ [1;36m0.5656[0m │ [1;36m0.0972[0m │ [1;36m0.3540[0m
│
└────────┴────────┴────────┴────────┴────────┴────────┴────────┴────────┴───────
─┘
[1;36m                     Val — Per-class Metrics                      [0m
┏━━━━━━━━━━━━━━┳━━━━━━━━━━┳━━━━━━━━┳━━━━━━━━┳━━━━━━━━━━━┳━━━━━━━━┓
┃[1;36m [0m[1;36mClass       [0m[1;36m [0m┃[1;36m [0m[1;36mAP 50:95[0m[1;36m [0m┃[1;36m [0m[1;36m    AR[0m[1;36m [0m┃[1;36m [0m[1;36m    F1[0m[1;36m [0m┃[1;36m [0m[1;36mPrecision[0m[1;36m [0m┃[1;36m [0m[1;36mRecall[0m[1;36m [0m┃
┡━━━━━━━━━━━━━━╇━━━━━━━━━━╇━━━━━━━━╇━━━━━━━━╇━━━━━━━━━━━╇━━━━━━━━┩
│[2m [0m[2mGlassBeadSeg[0m[2m [0m│   0.1656 │ 0.3001 │ 0.5659 │    0.5662 │ 0.5656 │
└──────────────┴──────────┴────────┴────────┴───────────┴────────┘
                              Val — Overall Metrics                             
┏━━━━━━━━━━━━━━━━━━━━━━━━━━┳━━━━━━━━┳━━━━━━━━━━━━━━━━━━━━━━━━━━┳━━━━━━━━━━━━━━━━
━┓
┃           mAP            ┃  mAR   ┃         F1 sweep         ┃     segm mAP   
┃
┡━━━━━━━━┯━━━━━━━━┯━━━━━━━━╇━━━━━━━━╇━━━━━━━━┯━━━━━━━━┯━━━━━━━━╇━━━━━━━━┯━━━━━━━
━┩
│ [1;92m50:95[0m  │   [1;36m50[0m   │   [1;36m75[0m   │  @[1;36m500[0m  │   F1   │  Prec  │ Recall │ [1;92m50:95[0m  │   [1;36m50[0m  
│
├────────┼────────┼────────┼────────┼────────┼────────┼────────┼────────┼───────
─┤
│ [1;36m0.1677[0m │ [1;36m0.5049[0m │ [1;36m0.0504[0m │ [1;36m0.2917[0m │ [1;36m0.6100[0m │ [1;36m0.6106[0m │ [1;36m0.6093[0m │ [1;36m0.1281[0m │ [1;36m0.4348[0m
│
└────────┴────────┴────────┴────────┴────────┴────────┴────────┴────────┴───────
─┘
[1;36m                     Val — Per-class Metrics                      [0m
┏━━━━━━━━━━━━━━┳━━━━━━━━━━┳━━━━━━━━┳━━━━━━━━┳━━━━━━━━━━━┳━━━━━━━━┓
┃[1;36m [0m[1;36mClass       [0m[1;36m [0m┃[1;36m [0m[1;36mAP 50:95[0m[1;36m [0m┃[1;36m [0m[1;36m    AR[0m[1;36m [0m┃[1;36m [0m[1;36m    F1[0m[1;36m [0m┃[1;36m [0m[1;36mPrecision[0m[1;36m [0m┃[1;36m [0m[1;36mRecall[0m[1;36m [0m┃
┡━━━━━━━━━━━━━━╇━━━━━━━━━━╇━━━━━━━━╇━━━━━━━━╇━━━━━━━━━━━╇━━━━━━━━┩
│[2m [0m[2mGlassBeadSeg[0m[2m [0m│   0.1677 │ 0.2917 │ 0.6100 │    0.6106 │ 0.6093 │
└──────────────┴──────────┴────────┴────────┴───────────┴────────┘
                              Val — Overall Metrics                             
┏━━━━━━━━━━━━━━━━━━━━━━━━━━┳━━━━━━━━┳━━━━━━━━━━━━━━━━━━━━━━━━━━┳━━━━━━━━━━━━━━━━
━┓
┃           mAP            ┃  mAR   ┃         F1 sweep         ┃     segm mAP   
┃
┡━━━━━━━━┯━━━━━━━━┯━━━━━━━━╇━━━━━━━━╇━━━━━━━━┯━━━━━━━━┯━━━━━━━━╇━━━━━━━━┯━━━━━━━
━┩
│ [1;92m50:95[0m  │   [1;36m50[0m   │   [1;36m75[0m   │  @[1;36m500[0m  │   F1   │  Prec  │ Recall │ [1;92m50:95[0m  │   [1;36m50[0m  
│
├────────┼────────┼────────┼────────┼────────┼────────┼────────┼────────┼───────
─┤
│ [1;36m0.2179[0m │ [1;36m0.6238[0m │ [1;36m0.0799[0m │ [1;36m0.3203[0m │ [1;36m0.6584[0m │ [1;36m0.6891[0m │ [1;36m0.6302[0m │ [1;36m0.1680[0m │ [1;36m0.5290[0m
│
└────────┴────────┴────────┴────────┴────────┴────────┴────────┴────────┴───────
─┘
[1;36m                     Val — Per-class Metrics                      [0m
┏━━━━━━━━━━━━━━┳━━━━━━━━━━┳━━━━━━━━┳━━━━━━━━┳━━━━━━━━━━━┳━━━━━━━━┓
┃[1;36m [0m[1;36mClass       [0m[1;36m [0m┃[1;36m [0m[1;36mAP 50:95[0m[1;36m [0m┃[1;36m [0m[1;36m    AR[0m[1;36m [0m┃[1;36m [0m[1;36m    F1[0m[1;36m [0m┃[1;36m [0m[1;36mPrecision[0m[1;36m [0m┃[1;36m [0m[1;36mRecall[0m[1;36m [0m┃
┡━━━━━━━━━━━━━━╇━━━━━━━━━━╇━━━━━━━━╇━━━━━━━━╇━━━━━━━━━━━╇━━━━━━━━┩
│[2m [0m[2mGlassBeadSeg[0m[2m [0m│   0.2179 │ 0.3203 │ 0.6584 │    0.6891 │ 0.6302 │
└──────────────┴──────────┴────────┴────────┴───────────┴────────┘
                              Val — Overall Metrics                             
┏━━━━━━━━━━━━━━━━━━━━━━━━━━┳━━━━━━━━┳━━━━━━━━━━━━━━━━━━━━━━━━━━┳━━━━━━━━━━━━━━━━
━┓
┃           mAP            ┃  mAR   ┃         F1 sweep         ┃     segm mAP   
┃
┡━━━━━━━━┯━━━━━━━━┯━━━━━━━━╇━━━━━━━━╇━━━━━━━━┯━━━━━━━━┯━━━━━━━━╇━━━━━━━━┯━━━━━━━
━┩
│ [1;92m50:95[0m  │   [1;36m50[0m   │   [1;36m75[0m   │  @[1;36m500[0m  │   F1   │  Prec  │ Recall │ [1;92m50:95[0m  │   [1;36m50[0m  
│
├────────┼────────┼────────┼────────┼────────┼────────┼────────┼────────┼───────
─┤
│ [1;36m0.2394[0m │ [1;36m0.6256[0m │ [1;36m0.1084[0m │ [1;36m0.3449[0m │ [1;36m0.6950[0m │ [1;36m0.7003[0m │ [1;36m0.6899[0m │ [1;36m0.2036[0m │ [1;36m0.5863[0m
│
└────────┴────────┴────────┴────────┴────────┴────────┴────────┴────────┴───────
─┘
[1;36m                     Val — Per-class Metrics                      [0m
┏━━━━━━━━━━━━━━┳━━━━━━━━━━┳━━━━━━━━┳━━━━━━━━┳━━━━━━━━━━━┳━━━━━━━━┓
┃[1;36m [0m[1;36mClass       [0m[1;36m [0m┃[1;36m [0m[1;36mAP 50:95[0m[1;36m [0m┃[1;36m [0m[1;36m    AR[0m[1;36m [0m┃[1;36m [0m[1;36m    F1[0m[1;36m [0m┃[1;36m [0m[1;36mPrecision[0m[1;36m [0m┃[1;36m [0m[1;36mRecall[0m[1;36m [0m┃
┡━━━━━━━━━━━━━━╇━━━━━━━━━━╇━━━━━━━━╇━━━━━━━━╇━━━━━━━━━━━╇━━━━━━━━┩
│[2m [0m[2mGlassBeadSeg[0m[2m [0m│   0.2394 │ 0.3449 │ 0.6950 │    0.7003 │ 0.6899 │
└──────────────┴──────────┴────────┴────────┴───────────┴────────┘
Metric __rfdetr_effective_map__ improved by 0.013 >= min_delta = 0.001. New best score: 0.241
[2026-06-18 16:23:19] [INFO] rf-detr - Best regular mAP saved to /input0/transcoder-st/learn_llm/GrassBeadSeg/models/rfdetr_seg_large/trained/checkpoint_best_regular.pth (epoch 8)
[2026-06-18 16:23:19] [INFO] rf-detr - Best EMA mAP improved to 0.2405 (epoch 8)
                              Val — Overall Metrics                             
┏━━━━━━━━━━━━━━━━━━━━━━━━━━┳━━━━━━━━┳━━━━━━━━━━━━━━━━━━━━━━━━━━┳━━━━━━━━━━━━━━━━
━┓
┃           mAP            ┃  mAR   ┃         F1 sweep         ┃     segm mAP   
┃
┡━━━━━━━━┯━━━━━━━━┯━━━━━━━━╇━━━━━━━━╇━━━━━━━━┯━━━━━━━━┯━━━━━━━━╇━━━━━━━━┯━━━━━━━
━┩
│ [1;92m50:95[0m  │   [1;36m50[0m   │   [1;36m75[0m   │  @[1;36m500[0m  │   F1   │  Prec  │ Recall │ [1;92m50:95[0m  │   [1;36m50[0m  
│
├────────┼────────┼────────┼────────┼────────┼────────┼────────┼────────┼───────
─┤
│ [1;36m0.2631[0m │ [1;36m0.6581[0m │ [1;36m0.1495[0m │ [1;36m0.3611[0m │ [1;36m0.7213[0m │ [1;36m0.7593[0m │ [1;36m0.6869[0m │ [1;36m0.2237[0m │ [1;36m0.6305[0m
│
└────────┴────────┴────────┴────────┴────────┴────────┴────────┴────────┴───────
─┘
[1;36m                     Val — Per-class Metrics                      [0m
┏━━━━━━━━━━━━━━┳━━━━━━━━━━┳━━━━━━━━┳━━━━━━━━┳━━━━━━━━━━━┳━━━━━━━━┓
┃[1;36m [0m[1;36mClass       [0m[1;36m [0m┃[1;36m [0m[1;36mAP 50:95[0m[1;36m [0m┃[1;36m [0m[1;36m    AR[0m[1;36m [0m┃[1;36m [0m[1;36m    F1[0m[1;36m [0m┃[1;36m [0m[1;36mPrecision[0m[1;36m [0m┃[1;36m [0m[1;36mRecall[0m[1;36m [0m┃
┡━━━━━━━━━━━━━━╇━━━━━━━━━━╇━━━━━━━━╇━━━━━━━━╇━━━━━━━━━━━╇━━━━━━━━┩
│[2m [0m[2mGlassBeadSeg[0m[2m [0m│   0.2631 │ 0.3611 │ 0.7213 │    0.7593 │ 0.6869 │
└──────────────┴──────────┴────────┴────────┴───────────┴────────┘
Metric __rfdetr_effective_map__ improved by 0.023 >= min_delta = 0.001. New best score: 0.263
[2026-06-18 16:26:34] [INFO] rf-detr - Best regular mAP saved to /input0/transcoder-st/learn_llm/GrassBeadSeg/models/rfdetr_seg_large/trained/checkpoint_best_regular.pth (epoch 9)
[2026-06-18 16:26:35] [INFO] rf-detr - Best EMA mAP improved to 0.2583 (epoch 9)
                              Val — Overall Metrics                             
┏━━━━━━━━━━━━━━━━━━━━━━━━━━┳━━━━━━━━┳━━━━━━━━━━━━━━━━━━━━━━━━━━┳━━━━━━━━━━━━━━━━
━┓
┃           mAP            ┃  mAR   ┃         F1 sweep         ┃     segm mAP   
┃
┡━━━━━━━━┯━━━━━━━━┯━━━━━━━━╇━━━━━━━━╇━━━━━━━━┯━━━━━━━━┯━━━━━━━━╇━━━━━━━━┯━━━━━━━
━┩
│ [1;92m50:95[0m  │   [1;36m50[0m   │   [1;36m75[0m   │  @[1;36m500[0m  │   F1   │  Prec  │ Recall │ [1;92m50:95[0m  │   [1;36m50[0m  
│
├────────┼────────┼────────┼────────┼────────┼────────┼────────┼────────┼───────
─┤
│ [1;36m0.2791[0m │ [1;36m0.6910[0m │ [1;36m0.1378[0m │ [1;36m0.3605[0m │ [1;36m0.7354[0m │ [1;36m0.8050[0m │ [1;36m0.6769[0m │ [1;36m0.2592[0m │ [1;36m0.6678[0m
│
└────────┴────────┴────────┴────────┴────────┴────────┴────────┴────────┴───────
─┘
[1;36m                     Val — Per-class Metrics                      [0m
┏━━━━━━━━━━━━━━┳━━━━━━━━━━┳━━━━━━━━┳━━━━━━━━┳━━━━━━━━━━━┳━━━━━━━━┓
┃[1;36m [0m[1;36mClass       [0m[1;36m [0m┃[1;36m [0m[1;36mAP 50:95[0m[1;36m [0m┃[1;36m [0m[1;36m    AR[0m[1;36m [0m┃[1;36m [0m[1;36m    F1[0m[1;36m [0m┃[1;36m [0m[1;36mPrecision[0m[1;36m [0m┃[1;36m [0m[1;36mRecall[0m[1;36m [0m┃
┡━━━━━━━━━━━━━━╇━━━━━━━━━━╇━━━━━━━━╇━━━━━━━━╇━━━━━━━━━━━╇━━━━━━━━┩
│[2m [0m[2mGlassBeadSeg[0m[2m [0m│   0.2791 │ 0.3605 │ 0.7354 │    0.8050 │ 0.6769 │
└──────────────┴──────────┴────────┴────────┴───────────┴────────┘
Metric __rfdetr_effective_map__ improved by 0.016 >= min_delta = 0.001. New best score: 0.279
[2026-06-18 16:29:51] [INFO] rf-detr - Best regular mAP saved to /input0/transcoder-st/learn_llm/GrassBeadSeg/models/rfdetr_seg_large/trained/checkpoint_best_regular.pth (epoch 10)
[2026-06-18 16:29:51] [INFO] rf-detr - Best EMA mAP improved to 0.2784 (epoch 10)
                              Val — Overall Metrics                             
┏━━━━━━━━━━━━━━━━━━━━━━━━━━┳━━━━━━━━┳━━━━━━━━━━━━━━━━━━━━━━━━━━┳━━━━━━━━━━━━━━━━
━┓
┃           mAP            ┃  mAR   ┃         F1 sweep         ┃     segm mAP   
┃
┡━━━━━━━━┯━━━━━━━━┯━━━━━━━━╇━━━━━━━━╇━━━━━━━━┯━━━━━━━━┯━━━━━━━━╇━━━━━━━━┯━━━━━━━
━┩
│ [1;92m50:95[0m  │   [1;36m50[0m   │   [1;36m75[0m   │  @[1;36m500[0m  │   F1   │  Prec  │ Recall │ [1;92m50:95[0m  │   [1;36m50[0m  
│
├────────┼────────┼────────┼────────┼────────┼────────┼────────┼────────┼───────
─┤
│ [1;36m0.3137[0m │ [1;36m0.7204[0m │ [1;36m0.2028[0m │ [1;36m0.4025[0m │ [1;36m0.7610[0m │ [1;36m0.8190[0m │ [1;36m0.7107[0m │ [1;36m0.2638[0m │ [1;36m0.6992[0m
│
└────────┴────────┴────────┴────────┴────────┴────────┴────────┴────────┴───────
─┘
[1;36m                     Val — Per-class Metrics                      [0m
┏━━━━━━━━━━━━━━┳━━━━━━━━━━┳━━━━━━━━┳━━━━━━━━┳━━━━━━━━━━━┳━━━━━━━━┓
┃[1;36m [0m[1;36mClass       [0m[1;36m [0m┃[1;36m [0m[1;36mAP 50:95[0m[1;36m [0m┃[1;36m [0m[1;36m    AR[0m[1;36m [0m┃[1;36m [0m[1;36m    F1[0m[1;36m [0m┃[1;36m [0m[1;36mPrecision[0m[1;36m [0m┃[1;36m [0m[1;36mRecall[0m[1;36m [0m┃
┡━━━━━━━━━━━━━━╇━━━━━━━━━━╇━━━━━━━━╇━━━━━━━━╇━━━━━━━━━━━╇━━━━━━━━┩
│[2m [0m[2mGlassBeadSeg[0m[2m [0m│   0.3137 │ 0.4025 │ 0.7610 │    0.8190 │ 0.7107 │
└──────────────┴──────────┴────────┴────────┴───────────┴────────┘
Metric __rfdetr_effective_map__ improved by 0.037 >= min_delta = 0.001. New best score: 0.316
[2026-06-18 16:33:09] [INFO] rf-detr - Best regular mAP saved to /input0/transcoder-st/learn_llm/GrassBeadSeg/models/rfdetr_seg_large/trained/checkpoint_best_regular.pth (epoch 11)
[2026-06-18 16:33:09] [INFO] rf-detr - Best EMA mAP improved to 0.3163 (epoch 11)
                              Val — Overall Metrics                             
┏━━━━━━━━━━━━━━━━━━━━━━━━━━┳━━━━━━━━┳━━━━━━━━━━━━━━━━━━━━━━━━━━┳━━━━━━━━━━━━━━━━
━┓
┃           mAP            ┃  mAR   ┃         F1 sweep         ┃     segm mAP   
┃
┡━━━━━━━━┯━━━━━━━━┯━━━━━━━━╇━━━━━━━━╇━━━━━━━━┯━━━━━━━━┯━━━━━━━━╇━━━━━━━━┯━━━━━━━
━┩
│ [1;92m50:95[0m  │   [1;36m50[0m   │   [1;36m75[0m   │  @[1;36m500[0m  │   F1   │  Prec  │ Recall │ [1;92m50:95[0m  │   [1;36m50[0m  
│
├────────┼────────┼────────┼────────┼────────┼────────┼────────┼────────┼───────
─┤
│ [1;36m0.3089[0m │ [1;36m0.7452[0m │ [1;36m0.1877[0m │ [1;36m0.3929[0m │ [1;36m0.7505[0m │ [1;36m0.7628[0m │ [1;36m0.7386[0m │ [1;36m0.2258[0m │ [1;36m0.6819[0m
│
└────────┴────────┴────────┴────────┴────────┴────────┴────────┴────────┴───────
─┘
[1;36m                     Val — Per-class Metrics                      [0m
┏━━━━━━━━━━━━━━┳━━━━━━━━━━┳━━━━━━━━┳━━━━━━━━┳━━━━━━━━━━━┳━━━━━━━━┓
┃[1;36m [0m[1;36mClass       [0m[1;36m [0m┃[1;36m [0m[1;36mAP 50:95[0m[1;36m [0m┃[1;36m [0m[1;36m    AR[0m[1;36m [0m┃[1;36m [0m[1;36m    F1[0m[1;36m [0m┃[1;36m [0m[1;36mPrecision[0m[1;36m [0m┃[1;36m [0m[1;36mRecall[0m[1;36m [0m┃
┡━━━━━━━━━━━━━━╇━━━━━━━━━━╇━━━━━━━━╇━━━━━━━━╇━━━━━━━━━━━╇━━━━━━━━┩
│[2m [0m[2mGlassBeadSeg[0m[2m [0m│   0.3089 │ 0.3929 │ 0.7505 │    0.7628 │ 0.7386 │
└──────────────┴──────────┴────────┴────────┴───────────┴────────┘
                              Val — Overall Metrics                             
┏━━━━━━━━━━━━━━━━━━━━━━━━━━┳━━━━━━━━┳━━━━━━━━━━━━━━━━━━━━━━━━━━┳━━━━━━━━━━━━━━━━
━┓
┃           mAP            ┃  mAR   ┃         F1 sweep         ┃     segm mAP   
┃
┡━━━━━━━━┯━━━━━━━━┯━━━━━━━━╇━━━━━━━━╇━━━━━━━━┯━━━━━━━━┯━━━━━━━━╇━━━━━━━━┯━━━━━━━
━┩
│ [1;92m50:95[0m  │   [1;36m50[0m   │   [1;36m75[0m   │  @[1;36m500[0m  │   F1   │  Prec  │ Recall │ [1;92m50:95[0m  │   [1;36m50[0m  
│
├────────┼────────┼────────┼────────┼────────┼────────┼────────┼────────┼───────
─┤
│ [1;36m0.2957[0m │ [1;36m0.7565[0m │ [1;36m0.1290[0m │ [1;36m0.3687[0m │ [1;36m0.7981[0m │ [1;36m0.8446[0m │ [1;36m0.7565[0m │ [1;36m0.3011[0m │ [1;36m0.7453[0m
│
└────────┴────────┴────────┴────────┴────────┴────────┴────────┴────────┴───────
─┘
[1;36m                     Val — Per-class Metrics                      [0m
┏━━━━━━━━━━━━━━┳━━━━━━━━━━┳━━━━━━━━┳━━━━━━━━┳━━━━━━━━━━━┳━━━━━━━━┓
┃[1;36m [0m[1;36mClass       [0m[1;36m [0m┃[1;36m [0m[1;36mAP 50:95[0m[1;36m [0m┃[1;36m [0m[1;36m    AR[0m[1;36m [0m┃[1;36m [0m[1;36m    F1[0m[1;36m [0m┃[1;36m [0m[1;36mPrecision[0m[1;36m [0m┃[1;36m [0m[1;36mRecall[0m[1;36m [0m┃
┡━━━━━━━━━━━━━━╇━━━━━━━━━━╇━━━━━━━━╇━━━━━━━━╇━━━━━━━━━━━╇━━━━━━━━┩
│[2m [0m[2mGlassBeadSeg[0m[2m [0m│   0.2957 │ 0.3687 │ 0.7981 │    0.8446 │ 0.7565 │
└──────────────┴──────────┴────────┴────────┴───────────┴────────┘
                              Val — Overall Metrics                             
┏━━━━━━━━━━━━━━━━━━━━━━━━━━┳━━━━━━━━┳━━━━━━━━━━━━━━━━━━━━━━━━━━┳━━━━━━━━━━━━━━━━
━┓
┃           mAP            ┃  mAR   ┃         F1 sweep         ┃     segm mAP   
┃
┡━━━━━━━━┯━━━━━━━━┯━━━━━━━━╇━━━━━━━━╇━━━━━━━━┯━━━━━━━━┯━━━━━━━━╇━━━━━━━━┯━━━━━━━
━┩
│ [1;92m50:95[0m  │   [1;36m50[0m   │   [1;36m75[0m   │  @[1;36m500[0m  │   F1   │  Prec  │ Recall │ [1;92m50:95[0m  │   [1;36m50[0m  
│
├────────┼────────┼────────┼────────┼────────┼────────┼────────┼────────┼───────
─┤
│ [1;36m0.2977[0m │ [1;36m0.7354[0m │ [1;36m0.1430[0m │ [1;36m0.3793[0m │ [1;36m0.7790[0m │ [1;36m0.8880[0m │ [1;36m0.6938[0m │ [1;36m0.2965[0m │ [1;36m0.7094[0m
│
└────────┴────────┴────────┴────────┴────────┴────────┴────────┴────────┴───────
─┘
[1;36m                     Val — Per-class Metrics                      [0m
┏━━━━━━━━━━━━━━┳━━━━━━━━━━┳━━━━━━━━┳━━━━━━━━┳━━━━━━━━━━━┳━━━━━━━━┓
┃[1;36m [0m[1;36mClass       [0m[1;36m [0m┃[1;36m [0m[1;36mAP 50:95[0m[1;36m [0m┃[1;36m [0m[1;36m    AR[0m[1;36m [0m┃[1;36m [0m[1;36m    F1[0m[1;36m [0m┃[1;36m [0m[1;36mPrecision[0m[1;36m [0m┃[1;36m [0m[1;36mRecall[0m[1;36m [0m┃
┡━━━━━━━━━━━━━━╇━━━━━━━━━━╇━━━━━━━━╇━━━━━━━━╇━━━━━━━━━━━╇━━━━━━━━┩
│[2m [0m[2mGlassBeadSeg[0m[2m [0m│   0.2977 │ 0.3793 │ 0.7790 │    0.8880 │ 0.6938 │
└──────────────┴──────────┴────────┴────────┴───────────┴────────┘
                              Val — Overall Metrics                             
┏━━━━━━━━━━━━━━━━━━━━━━━━━━┳━━━━━━━━┳━━━━━━━━━━━━━━━━━━━━━━━━━━┳━━━━━━━━━━━━━━━━
━┓
┃           mAP            ┃  mAR   ┃         F1 sweep         ┃     segm mAP   
┃
┡━━━━━━━━┯━━━━━━━━┯━━━━━━━━╇━━━━━━━━╇━━━━━━━━┯━━━━━━━━┯━━━━━━━━╇━━━━━━━━┯━━━━━━━
━┩
│ [1;92m50:95[0m  │   [1;36m50[0m   │   [1;36m75[0m   │  @[1;36m500[0m  │   F1   │  Prec  │ Recall │ [1;92m50:95[0m  │   [1;36m50[0m  
│
├────────┼────────┼────────┼────────┼────────┼────────┼────────┼────────┼───────
─┤
│ [1;36m0.3340[0m │ [1;36m0.7933[0m │ [1;36m0.1731[0m │ [1;36m0.4134[0m │ [1;36m0.8029[0m │ [1;36m0.8234[0m │ [1;36m0.7833[0m │ [1;36m0.2924[0m │ [1;36m0.7500[0m
│
└────────┴────────┴────────┴────────┴────────┴────────┴────────┴────────┴───────
─┘
[1;36m                     Val — Per-class Metrics                      [0m
┏━━━━━━━━━━━━━━┳━━━━━━━━━━┳━━━━━━━━┳━━━━━━━━┳━━━━━━━━━━━┳━━━━━━━━┓
┃[1;36m [0m[1;36mClass       [0m[1;36m [0m┃[1;36m [0m[1;36mAP 50:95[0m[1;36m [0m┃[1;36m [0m[1;36m    AR[0m[1;36m [0m┃[1;36m [0m[1;36m    F1[0m[1;36m [0m┃[1;36m [0m[1;36mPrecision[0m[1;36m [0m┃[1;36m [0m[1;36mRecall[0m[1;36m [0m┃
┡━━━━━━━━━━━━━━╇━━━━━━━━━━╇━━━━━━━━╇━━━━━━━━╇━━━━━━━━━━━╇━━━━━━━━┩
│[2m [0m[2mGlassBeadSeg[0m[2m [0m│   0.3340 │ 0.4134 │ 0.8029 │    0.8234 │ 0.7833 │
└──────────────┴──────────┴────────┴────────┴───────────┴────────┘
Metric __rfdetr_effective_map__ improved by 0.035 >= min_delta = 0.001. New best score: 0.352
[2026-06-18 16:46:05] [INFO] rf-detr - Best regular mAP saved to /input0/transcoder-st/learn_llm/GrassBeadSeg/models/rfdetr_seg_large/trained/checkpoint_best_regular.pth (epoch 15)
[2026-06-18 16:46:05] [INFO] rf-detr - Best EMA mAP improved to 0.3518 (epoch 15)
                              Val — Overall Metrics                             
┏━━━━━━━━━━━━━━━━━━━━━━━━━━┳━━━━━━━━┳━━━━━━━━━━━━━━━━━━━━━━━━━━┳━━━━━━━━━━━━━━━━
━┓
┃           mAP            ┃  mAR   ┃         F1 sweep         ┃     segm mAP   
┃
┡━━━━━━━━┯━━━━━━━━┯━━━━━━━━╇━━━━━━━━╇━━━━━━━━┯━━━━━━━━┯━━━━━━━━╇━━━━━━━━┯━━━━━━━
━┩
│ [1;92m50:95[0m  │   [1;36m50[0m   │   [1;36m75[0m   │  @[1;36m500[0m  │   F1   │  Prec  │ Recall │ [1;92m50:95[0m  │   [1;36m50[0m  
│
├────────┼────────┼────────┼────────┼────────┼────────┼────────┼────────┼───────
─┤
│ [1;36m0.2889[0m │ [1;36m0.7027[0m │ [1;36m0.1381[0m │ [1;36m0.3719[0m │ [1;36m0.7333[0m │ [1;36m0.8747[0m │ [1;36m0.6312[0m │ [1;36m0.2447[0m │ [1;36m0.6724[0m
│
└────────┴────────┴────────┴────────┴────────┴────────┴────────┴────────┴───────
─┘
[1;36m                     Val — Per-class Metrics                      [0m
┏━━━━━━━━━━━━━━┳━━━━━━━━━━┳━━━━━━━━┳━━━━━━━━┳━━━━━━━━━━━┳━━━━━━━━┓
┃[1;36m [0m[1;36mClass       [0m[1;36m [0m┃[1;36m [0m[1;36mAP 50:95[0m[1;36m [0m┃[1;36m [0m[1;36m    AR[0m[1;36m [0m┃[1;36m [0m[1;36m    F1[0m[1;36m [0m┃[1;36m [0m[1;36mPrecision[0m[1;36m [0m┃[1;36m [0m[1;36mRecall[0m[1;36m [0m┃
┡━━━━━━━━━━━━━━╇━━━━━━━━━━╇━━━━━━━━╇━━━━━━━━╇━━━━━━━━━━━╇━━━━━━━━┩
│[2m [0m[2mGlassBeadSeg[0m[2m [0m│   0.2889 │ 0.3719 │ 0.7333 │    0.8747 │ 0.6312 │
└──────────────┴──────────┴────────┴────────┴───────────┴────────┘
                              Val — Overall Metrics                             
┏━━━━━━━━━━━━━━━━━━━━━━━━━━┳━━━━━━━━┳━━━━━━━━━━━━━━━━━━━━━━━━━━┳━━━━━━━━━━━━━━━━
━┓
┃           mAP            ┃  mAR   ┃         F1 sweep         ┃     segm mAP   
┃
┡━━━━━━━━┯━━━━━━━━┯━━━━━━━━╇━━━━━━━━╇━━━━━━━━┯━━━━━━━━┯━━━━━━━━╇━━━━━━━━┯━━━━━━━
━┩
│ [1;92m50:95[0m  │   [1;36m50[0m   │   [1;36m75[0m   │  @[1;36m500[0m  │   F1   │  Prec  │ Recall │ [1;92m50:95[0m  │   [1;36m50[0m  
│
├────────┼────────┼────────┼────────┼────────┼────────┼────────┼────────┼───────
─┤
│ [1;36m0.3377[0m │ [1;36m0.7795[0m │ [1;36m0.2320[0m │ [1;36m0.4218[0m │ [1;36m0.8345[0m │ [1;36m0.8638[0m │ [1;36m0.8072[0m │ [1;36m0.3334[0m │ [1;36m0.7812[0m
│
└────────┴────────┴────────┴────────┴────────┴────────┴────────┴────────┴───────
─┘
[1;36m                     Val — Per-class Metrics                      [0m
┏━━━━━━━━━━━━━━┳━━━━━━━━━━┳━━━━━━━━┳━━━━━━━━┳━━━━━━━━━━━┳━━━━━━━━┓
┃[1;36m [0m[1;36mClass       [0m[1;36m [0m┃[1;36m [0m[1;36mAP 50:95[0m[1;36m [0m┃[1;36m [0m[1;36m    AR[0m[1;36m [0m┃[1;36m [0m[1;36m    F1[0m[1;36m [0m┃[1;36m [0m[1;36mPrecision[0m[1;36m [0m┃[1;36m [0m[1;36mRecall[0m[1;36m [0m┃
┡━━━━━━━━━━━━━━╇━━━━━━━━━━╇━━━━━━━━╇━━━━━━━━╇━━━━━━━━━━━╇━━━━━━━━┩
│[2m [0m[2mGlassBeadSeg[0m[2m [0m│   0.3377 │ 0.4218 │ 0.8345 │    0.8638 │ 0.8072 │
└──────────────┴──────────┴────────┴────────┴───────────┴────────┘
Metric __rfdetr_effective_map__ improved by 0.005 >= min_delta = 0.001. New best score: 0.356
[2026-06-18 16:52:36] [INFO] rf-detr - Best regular mAP saved to /input0/transcoder-st/learn_llm/GrassBeadSeg/models/rfdetr_seg_large/trained/checkpoint_best_regular.pth (epoch 17)
[2026-06-18 16:52:36] [INFO] rf-detr - Best EMA mAP improved to 0.3565 (epoch 17)
                              Val — Overall Metrics                             
┏━━━━━━━━━━━━━━━━━━━━━━━━━━┳━━━━━━━━┳━━━━━━━━━━━━━━━━━━━━━━━━━━┳━━━━━━━━━━━━━━━━
━┓
┃           mAP            ┃  mAR   ┃         F1 sweep         ┃     segm mAP   
┃
┡━━━━━━━━┯━━━━━━━━┯━━━━━━━━╇━━━━━━━━╇━━━━━━━━┯━━━━━━━━┯━━━━━━━━╇━━━━━━━━┯━━━━━━━
━┩
│ [1;92m50:95[0m  │   [1;36m50[0m   │   [1;36m75[0m   │  @[1;36m500[0m  │   F1   │  Prec  │ Recall │ [1;92m50:95[0m  │   [1;36m50[0m  
│
├────────┼────────┼────────┼────────┼────────┼────────┼────────┼────────┼───────
─┤
│ [1;36m0.3337[0m │ [1;36m0.7702[0m │ [1;36m0.2044[0m │ [1;36m0.4102[0m │ [1;36m0.8009[0m │ [1;36m0.8846[0m │ [1;36m0.7316[0m │ [1;36m0.3128[0m │ [1;36m0.7415[0m
│
└────────┴────────┴────────┴────────┴────────┴────────┴────────┴────────┴───────
─┘
[1;36m                     Val — Per-class Metrics                      [0m
┏━━━━━━━━━━━━━━┳━━━━━━━━━━┳━━━━━━━━┳━━━━━━━━┳━━━━━━━━━━━┳━━━━━━━━┓
┃[1;36m [0m[1;36mClass       [0m[1;36m [0m┃[1;36m [0m[1;36mAP 50:95[0m[1;36m [0m┃[1;36m [0m[1;36m    AR[0m[1;36m [0m┃[1;36m [0m[1;36m    F1[0m[1;36m [0m┃[1;36m [0m[1;36mPrecision[0m[1;36m [0m┃[1;36m [0m[1;36mRecall[0m[1;36m [0m┃
┡━━━━━━━━━━━━━━╇━━━━━━━━━━╇━━━━━━━━╇━━━━━━━━╇━━━━━━━━━━━╇━━━━━━━━┩
│[2m [0m[2mGlassBeadSeg[0m[2m [0m│   0.3337 │ 0.4102 │ 0.8009 │    0.8846 │ 0.7316 │
└──────────────┴──────────┴────────┴────────┴───────────┴────────┘
                              Val — Overall Metrics                             
┏━━━━━━━━━━━━━━━━━━━━━━━━━━┳━━━━━━━━┳━━━━━━━━━━━━━━━━━━━━━━━━━━┳━━━━━━━━━━━━━━━━
━┓
┃           mAP            ┃  mAR   ┃         F1 sweep         ┃     segm mAP   
┃
┡━━━━━━━━┯━━━━━━━━┯━━━━━━━━╇━━━━━━━━╇━━━━━━━━┯━━━━━━━━┯━━━━━━━━╇━━━━━━━━┯━━━━━━━
━┩
│ [1;92m50:95[0m  │   [1;36m50[0m   │   [1;36m75[0m   │  @[1;36m500[0m  │   F1   │  Prec  │ Recall │ [1;92m50:95[0m  │   [1;36m50[0m  
│
├────────┼────────┼────────┼────────┼────────┼────────┼────────┼────────┼───────
─┤
│ [1;36m0.3639[0m │ [1;36m0.7980[0m │ [1;36m0.2622[0m │ [1;36m0.4469[0m │ [1;36m0.8123[0m │ [1;36m0.8226[0m │ [1;36m0.8022[0m │ [1;36m0.2799[0m │ [1;36m0.7664[0m
│
└────────┴────────┴────────┴────────┴────────┴────────┴────────┴────────┴───────
─┘
[1;36m                     Val — Per-class Metrics                      [0m
┏━━━━━━━━━━━━━━┳━━━━━━━━━━┳━━━━━━━━┳━━━━━━━━┳━━━━━━━━━━━┳━━━━━━━━┓
┃[1;36m [0m[1;36mClass       [0m[1;36m [0m┃[1;36m [0m[1;36mAP 50:95[0m[1;36m [0m┃[1;36m [0m[1;36m    AR[0m[1;36m [0m┃[1;36m [0m[1;36m    F1[0m[1;36m [0m┃[1;36m [0m[1;36mPrecision[0m[1;36m [0m┃[1;36m [0m[1;36mRecall[0m[1;36m [0m┃
┡━━━━━━━━━━━━━━╇━━━━━━━━━━╇━━━━━━━━╇━━━━━━━━╇━━━━━━━━━━━╇━━━━━━━━┩
│[2m [0m[2mGlassBeadSeg[0m[2m [0m│   0.3639 │ 0.4469 │ 0.8123 │    0.8226 │ 0.8022 │
└──────────────┴──────────┴────────┴────────┴───────────┴────────┘
Metric __rfdetr_effective_map__ improved by 0.007 >= min_delta = 0.001. New best score: 0.364
[2026-06-18 16:59:10] [INFO] rf-detr - Best regular mAP saved to /input0/transcoder-st/learn_llm/GrassBeadSeg/models/rfdetr_seg_large/trained/checkpoint_best_regular.pth (epoch 19)
[2026-06-18 16:59:10] [INFO] rf-detr - Best EMA mAP improved to 0.3602 (epoch 19)
                              Val — Overall Metrics                             
┏━━━━━━━━━━━━━━━━━━━━━━━━━━┳━━━━━━━━┳━━━━━━━━━━━━━━━━━━━━━━━━━━┳━━━━━━━━━━━━━━━━
━┓
┃           mAP            ┃  mAR   ┃         F1 sweep         ┃     segm mAP   
┃
┡━━━━━━━━┯━━━━━━━━┯━━━━━━━━╇━━━━━━━━╇━━━━━━━━┯━━━━━━━━┯━━━━━━━━╇━━━━━━━━┯━━━━━━━
━┩
│ [1;92m50:95[0m  │   [1;36m50[0m   │   [1;36m75[0m   │  @[1;36m500[0m  │   F1   │  Prec  │ Recall │ [1;92m50:95[0m  │   [1;36m50[0m  
│
├────────┼────────┼────────┼────────┼────────┼────────┼────────┼────────┼───────
─┤
│ [1;36m0.3833[0m │ [1;36m0.8213[0m │ [1;36m0.2783[0m │ [1;36m0.4598[0m │ [1;36m0.8410[0m │ [1;36m0.8513[0m │ [1;36m0.8310[0m │ [1;36m0.3236[0m │ [1;36m0.8036[0m
│
└────────┴────────┴────────┴────────┴────────┴────────┴────────┴────────┴───────
─┘
[1;36m                     Val — Per-class Metrics                      [0m
┏━━━━━━━━━━━━━━┳━━━━━━━━━━┳━━━━━━━━┳━━━━━━━━┳━━━━━━━━━━━┳━━━━━━━━┓
┃[1;36m [0m[1;36mClass       [0m[1;36m [0m┃[1;36m [0m[1;36mAP 50:95[0m[1;36m [0m┃[1;36m [0m[1;36m    AR[0m[1;36m [0m┃[1;36m [0m[1;36m    F1[0m[1;36m [0m┃[1;36m [0m[1;36mPrecision[0m[1;36m [0m┃[1;36m [0m[1;36mRecall[0m[1;36m [0m┃
┡━━━━━━━━━━━━━━╇━━━━━━━━━━╇━━━━━━━━╇━━━━━━━━╇━━━━━━━━━━━╇━━━━━━━━┩
│[2m [0m[2mGlassBeadSeg[0m[2m [0m│   0.3833 │ 0.4598 │ 0.8410 │    0.8513 │ 0.8310 │
└──────────────┴──────────┴────────┴────────┴───────────┴────────┘
Metric __rfdetr_effective_map__ improved by 0.020 >= min_delta = 0.001. New best score: 0.384
[2026-06-18 17:02:30] [INFO] rf-detr - Best regular mAP saved to /input0/transcoder-st/learn_llm/GrassBeadSeg/models/rfdetr_seg_large/trained/checkpoint_best_regular.pth (epoch 20)
[2026-06-18 17:02:30] [INFO] rf-detr - Best EMA mAP improved to 0.3843 (epoch 20)
                              Val — Overall Metrics                             
┏━━━━━━━━━━━━━━━━━━━━━━━━━━┳━━━━━━━━┳━━━━━━━━━━━━━━━━━━━━━━━━━━┳━━━━━━━━━━━━━━━━
━┓
┃           mAP            ┃  mAR   ┃         F1 sweep         ┃     segm mAP   
┃
┡━━━━━━━━┯━━━━━━━━┯━━━━━━━━╇━━━━━━━━╇━━━━━━━━┯━━━━━━━━┯━━━━━━━━╇━━━━━━━━┯━━━━━━━
━┩
│ [1;92m50:95[0m  │   [1;36m50[0m   │   [1;36m75[0m   │  @[1;36m500[0m  │   F1   │  Prec  │ Recall │ [1;92m50:95[0m  │   [1;36m50[0m  
│
├────────┼────────┼────────┼────────┼────────┼────────┼────────┼────────┼───────
─┤
│ [1;36m0.3561[0m │ [1;36m0.7934[0m │ [1;36m0.2228[0m │ [1;36m0.4401[0m │ [1;36m0.8219[0m │ [1;36m0.8928[0m │ [1;36m0.7614[0m │ [1;36m0.3185[0m │ [1;36m0.7662[0m
│
└────────┴────────┴────────┴────────┴────────┴────────┴────────┴────────┴───────
─┘
[1;36m                     Val — Per-class Metrics                      [0m
┏━━━━━━━━━━━━━━┳━━━━━━━━━━┳━━━━━━━━┳━━━━━━━━┳━━━━━━━━━━━┳━━━━━━━━┓
┃[1;36m [0m[1;36mClass       [0m[1;36m [0m┃[1;36m [0m[1;36mAP 50:95[0m[1;36m [0m┃[1;36m [0m[1;36m    AR[0m[1;36m [0m┃[1;36m [0m[1;36m    F1[0m[1;36m [0m┃[1;36m [0m[1;36mPrecision[0m[1;36m [0m┃[1;36m [0m[1;36mRecall[0m[1;36m [0m┃
┡━━━━━━━━━━━━━━╇━━━━━━━━━━╇━━━━━━━━╇━━━━━━━━╇━━━━━━━━━━━╇━━━━━━━━┩
│[2m [0m[2mGlassBeadSeg[0m[2m [0m│   0.3561 │ 0.4401 │ 0.8219 │    0.8928 │ 0.7614 │
└──────────────┴──────────┴────────┴────────┴───────────┴────────┘
                              Val — Overall Metrics                             
┏━━━━━━━━━━━━━━━━━━━━━━━━━━┳━━━━━━━━┳━━━━━━━━━━━━━━━━━━━━━━━━━━┳━━━━━━━━━━━━━━━━
━┓
┃           mAP            ┃  mAR   ┃         F1 sweep         ┃     segm mAP   
┃
┡━━━━━━━━┯━━━━━━━━┯━━━━━━━━╇━━━━━━━━╇━━━━━━━━┯━━━━━━━━┯━━━━━━━━╇━━━━━━━━┯━━━━━━━
━┩
│ [1;92m50:95[0m  │   [1;36m50[0m   │   [1;36m75[0m   │  @[1;36m500[0m  │   F1   │  Prec  │ Recall │ [1;92m50:95[0m  │   [1;36m50[0m  
│
├────────┼────────┼────────┼────────┼────────┼────────┼────────┼────────┼───────
─┤
│ [1;36m0.3762[0m │ [1;36m0.8180[0m │ [1;36m0.2733[0m │ [1;36m0.4622[0m │ [1;36m0.8344[0m │ [1;36m0.8558[0m │ [1;36m0.8141[0m │ [1;36m0.3133[0m │ [1;36m0.7925[0m
│
└────────┴────────┴────────┴────────┴────────┴────────┴────────┴────────┴───────
─┘
[1;36m                     Val — Per-class Metrics                      [0m
┏━━━━━━━━━━━━━━┳━━━━━━━━━━┳━━━━━━━━┳━━━━━━━━┳━━━━━━━━━━━┳━━━━━━━━┓
┃[1;36m [0m[1;36mClass       [0m[1;36m [0m┃[1;36m [0m[1;36mAP 50:95[0m[1;36m [0m┃[1;36m [0m[1;36m    AR[0m[1;36m [0m┃[1;36m [0m[1;36m    F1[0m[1;36m [0m┃[1;36m [0m[1;36mPrecision[0m[1;36m [0m┃[1;36m [0m[1;36mRecall[0m[1;36m [0m┃
┡━━━━━━━━━━━━━━╇━━━━━━━━━━╇━━━━━━━━╇━━━━━━━━╇━━━━━━━━━━━╇━━━━━━━━┩
│[2m [0m[2mGlassBeadSeg[0m[2m [0m│   0.3762 │ 0.4622 │ 0.8344 │    0.8558 │ 0.8141 │
└──────────────┴──────────┴────────┴────────┴───────────┴────────┘
                              Val — Overall Metrics                             
┏━━━━━━━━━━━━━━━━━━━━━━━━━━┳━━━━━━━━┳━━━━━━━━━━━━━━━━━━━━━━━━━━┳━━━━━━━━━━━━━━━━
━┓
┃           mAP            ┃  mAR   ┃         F1 sweep         ┃     segm mAP   
┃
┡━━━━━━━━┯━━━━━━━━┯━━━━━━━━╇━━━━━━━━╇━━━━━━━━┯━━━━━━━━┯━━━━━━━━╇━━━━━━━━┯━━━━━━━
━┩
│ [1;92m50:95[0m  │   [1;36m50[0m   │   [1;36m75[0m   │  @[1;36m500[0m  │   F1   │  Prec  │ Recall │ [1;92m50:95[0m  │   [1;36m50[0m  
│
├────────┼────────┼────────┼────────┼────────┼────────┼────────┼────────┼───────
─┤
│ [1;36m0.3389[0m │ [1;36m0.8033[0m │ [1;36m0.1823[0m │ [1;36m0.4197[0m │ [1;36m0.8375[0m │ [1;36m0.8703[0m │ [1;36m0.8072[0m │ [1;36m0.3137[0m │ [1;36m0.7835[0m
│
└────────┴────────┴────────┴────────┴────────┴────────┴────────┴────────┴───────
─┘
[1;36m                     Val — Per-class Metrics                      [0m
┏━━━━━━━━━━━━━━┳━━━━━━━━━━┳━━━━━━━━┳━━━━━━━━┳━━━━━━━━━━━┳━━━━━━━━┓
┃[1;36m [0m[1;36mClass       [0m[1;36m [0m┃[1;36m [0m[1;36mAP 50:95[0m[1;36m [0m┃[1;36m [0m[1;36m    AR[0m[1;36m [0m┃[1;36m [0m[1;36m    F1[0m[1;36m [0m┃[1;36m [0m[1;36mPrecision[0m[1;36m [0m┃[1;36m [0m[1;36mRecall[0m[1;36m [0m┃
┡━━━━━━━━━━━━━━╇━━━━━━━━━━╇━━━━━━━━╇━━━━━━━━╇━━━━━━━━━━━╇━━━━━━━━┩
│[2m [0m[2mGlassBeadSeg[0m[2m [0m│   0.3389 │ 0.4197 │ 0.8375 │    0.8703 │ 0.8072 │
└──────────────┴──────────┴────────┴────────┴───────────┴────────┘
                              Val — Overall Metrics                             
┏━━━━━━━━━━━━━━━━━━━━━━━━━━┳━━━━━━━━┳━━━━━━━━━━━━━━━━━━━━━━━━━━┳━━━━━━━━━━━━━━━━
━┓
┃           mAP            ┃  mAR   ┃         F1 sweep         ┃     segm mAP   
┃
┡━━━━━━━━┯━━━━━━━━┯━━━━━━━━╇━━━━━━━━╇━━━━━━━━┯━━━━━━━━┯━━━━━━━━╇━━━━━━━━┯━━━━━━━
━┩
│ [1;92m50:95[0m  │   [1;36m50[0m   │   [1;36m75[0m   │  @[1;36m500[0m  │   F1   │  Prec  │ Recall │ [1;92m50:95[0m  │   [1;36m50[0m  
│
├────────┼────────┼────────┼────────┼────────┼────────┼────────┼────────┼───────
─┤
│ [1;36m0.3789[0m │ [1;36m0.8166[0m │ [1;36m0.2684[0m │ [1;36m0.4630[0m │ [1;36m0.8224[0m │ [1;36m0.8609[0m │ [1;36m0.7873[0m │ [1;36m0.2722[0m │ [1;36m0.7702[0m
│
└────────┴────────┴────────┴────────┴────────┴────────┴────────┴────────┴───────
─┘
[1;36m                     Val — Per-class Metrics                      [0m
┏━━━━━━━━━━━━━━┳━━━━━━━━━━┳━━━━━━━━┳━━━━━━━━┳━━━━━━━━━━━┳━━━━━━━━┓
┃[1;36m [0m[1;36mClass       [0m[1;36m [0m┃[1;36m [0m[1;36mAP 50:95[0m[1;36m [0m┃[1;36m [0m[1;36m    AR[0m[1;36m [0m┃[1;36m [0m[1;36m    F1[0m[1;36m [0m┃[1;36m [0m[1;36mPrecision[0m[1;36m [0m┃[1;36m [0m[1;36mRecall[0m[1;36m [0m┃
┡━━━━━━━━━━━━━━╇━━━━━━━━━━╇━━━━━━━━╇━━━━━━━━╇━━━━━━━━━━━╇━━━━━━━━┩
│[2m [0m[2mGlassBeadSeg[0m[2m [0m│   0.3789 │ 0.4630 │ 0.8224 │    0.8609 │ 0.7873 │
└──────────────┴──────────┴────────┴────────┴───────────┴────────┘
                              Val — Overall Metrics                             
┏━━━━━━━━━━━━━━━━━━━━━━━━━━┳━━━━━━━━┳━━━━━━━━━━━━━━━━━━━━━━━━━━┳━━━━━━━━━━━━━━━━
━┓
┃           mAP            ┃  mAR   ┃         F1 sweep         ┃     segm mAP   
┃
┡━━━━━━━━┯━━━━━━━━┯━━━━━━━━╇━━━━━━━━╇━━━━━━━━┯━━━━━━━━┯━━━━━━━━╇━━━━━━━━┯━━━━━━━
━┩
│ [1;92m50:95[0m  │   [1;36m50[0m   │   [1;36m75[0m   │  @[1;36m500[0m  │   F1   │  Prec  │ Recall │ [1;92m50:95[0m  │   [1;36m50[0m  
│
├────────┼────────┼────────┼────────┼────────┼────────┼────────┼────────┼───────
─┤
│ [1;36m0.3940[0m │ [1;36m0.8294[0m │ [1;36m0.3122[0m │ [1;36m0.4743[0m │ [1;36m0.8440[0m │ [1;36m0.8574[0m │ [1;36m0.8310[0m │ [1;36m0.3200[0m │ [1;36m0.7986[0m
│
└────────┴────────┴────────┴────────┴────────┴────────┴────────┴────────┴───────
─┘
[1;36m                     Val — Per-class Metrics                      [0m
┏━━━━━━━━━━━━━━┳━━━━━━━━━━┳━━━━━━━━┳━━━━━━━━┳━━━━━━━━━━━┳━━━━━━━━┓
┃[1;36m [0m[1;36mClass       [0m[1;36m [0m┃[1;36m [0m[1;36mAP 50:95[0m[1;36m [0m┃[1;36m [0m[1;36m    AR[0m[1;36m [0m┃[1;36m [0m[1;36m    F1[0m[1;36m [0m┃[1;36m [0m[1;36mPrecision[0m[1;36m [0m┃[1;36m [0m[1;36mRecall[0m[1;36m [0m┃
┡━━━━━━━━━━━━━━╇━━━━━━━━━━╇━━━━━━━━╇━━━━━━━━╇━━━━━━━━━━━╇━━━━━━━━┩
│[2m [0m[2mGlassBeadSeg[0m[2m [0m│   0.3940 │ 0.4743 │ 0.8440 │    0.8574 │ 0.8310 │
└──────────────┴──────────┴────────┴────────┴───────────┴────────┘
Metric __rfdetr_effective_map__ improved by 0.010 >= min_delta = 0.001. New best score: 0.394
[2026-06-18 17:18:45] [INFO] rf-detr - Best regular mAP saved to /input0/transcoder-st/learn_llm/GrassBeadSeg/models/rfdetr_seg_large/trained/checkpoint_best_regular.pth (epoch 25)
[2026-06-18 17:18:46] [INFO] rf-detr - Best EMA mAP improved to 0.3921 (epoch 25)
                              Val — Overall Metrics                             
┏━━━━━━━━━━━━━━━━━━━━━━━━━━┳━━━━━━━━┳━━━━━━━━━━━━━━━━━━━━━━━━━━┳━━━━━━━━━━━━━━━━
━┓
┃           mAP            ┃  mAR   ┃         F1 sweep         ┃     segm mAP   
┃
┡━━━━━━━━┯━━━━━━━━┯━━━━━━━━╇━━━━━━━━╇━━━━━━━━┯━━━━━━━━┯━━━━━━━━╇━━━━━━━━┯━━━━━━━
━┩
│ [1;92m50:95[0m  │   [1;36m50[0m   │   [1;36m75[0m   │  @[1;36m500[0m  │   F1   │  Prec  │ Recall │ [1;92m50:95[0m  │   [1;36m50[0m  
│
├────────┼────────┼────────┼────────┼────────┼────────┼────────┼────────┼───────
─┤
│ [1;36m0.3742[0m │ [1;36m0.8219[0m │ [1;36m0.2468[0m │ [1;36m0.4503[0m │ [1;36m0.8526[0m │ [1;36m0.8754[0m │ [1;36m0.8310[0m │ [1;36m0.3495[0m │ [1;36m0.8131[0m
│
└────────┴────────┴────────┴────────┴────────┴────────┴────────┴────────┴───────
─┘
[1;36m                     Val — Per-class Metrics                      [0m
┏━━━━━━━━━━━━━━┳━━━━━━━━━━┳━━━━━━━━┳━━━━━━━━┳━━━━━━━━━━━┳━━━━━━━━┓
┃[1;36m [0m[1;36mClass       [0m[1;36m [0m┃[1;36m [0m[1;36mAP 50:95[0m[1;36m [0m┃[1;36m [0m[1;36m    AR[0m[1;36m [0m┃[1;36m [0m[1;36m    F1[0m[1;36m [0m┃[1;36m [0m[1;36mPrecision[0m[1;36m [0m┃[1;36m [0m[1;36mRecall[0m[1;36m [0m┃
┡━━━━━━━━━━━━━━╇━━━━━━━━━━╇━━━━━━━━╇━━━━━━━━╇━━━━━━━━━━━╇━━━━━━━━┩
│[2m [0m[2mGlassBeadSeg[0m[2m [0m│   0.3742 │ 0.4503 │ 0.8526 │    0.8754 │ 0.8310 │
└──────────────┴──────────┴────────┴────────┴───────────┴────────┘
                              Val — Overall Metrics                             
┏━━━━━━━━━━━━━━━━━━━━━━━━━━┳━━━━━━━━┳━━━━━━━━━━━━━━━━━━━━━━━━━━┳━━━━━━━━━━━━━━━━
━┓
┃           mAP            ┃  mAR   ┃         F1 sweep         ┃     segm mAP   
┃
┡━━━━━━━━┯━━━━━━━━┯━━━━━━━━╇━━━━━━━━╇━━━━━━━━┯━━━━━━━━┯━━━━━━━━╇━━━━━━━━┯━━━━━━━
━┩
│ [1;92m50:95[0m  │   [1;36m50[0m   │   [1;36m75[0m   │  @[1;36m500[0m  │   F1   │  Prec  │ Recall │ [1;92m50:95[0m  │   [1;36m50[0m  
│
├────────┼────────┼────────┼────────┼────────┼────────┼────────┼────────┼───────
─┤
│ [1;36m0.3809[0m │ [1;36m0.8386[0m │ [1;36m0.2797[0m │ [1;36m0.4656[0m │ [1;36m0.8414[0m │ [1;36m0.8639[0m │ [1;36m0.8201[0m │ [1;36m0.3119[0m │ [1;36m0.7960[0m
│
└────────┴────────┴────────┴────────┴────────┴────────┴────────┴────────┴───────
─┘
[1;36m                     Val — Per-class Metrics                      [0m
┏━━━━━━━━━━━━━━┳━━━━━━━━━━┳━━━━━━━━┳━━━━━━━━┳━━━━━━━━━━━┳━━━━━━━━┓
┃[1;36m [0m[1;36mClass       [0m[1;36m [0m┃[1;36m [0m[1;36mAP 50:95[0m[1;36m [0m┃[1;36m [0m[1;36m    AR[0m[1;36m [0m┃[1;36m [0m[1;36m    F1[0m[1;36m [0m┃[1;36m [0m[1;36mPrecision[0m[1;36m [0m┃[1;36m [0m[1;36mRecall[0m[1;36m [0m┃
┡━━━━━━━━━━━━━━╇━━━━━━━━━━╇━━━━━━━━╇━━━━━━━━╇━━━━━━━━━━━╇━━━━━━━━┩
│[2m [0m[2mGlassBeadSeg[0m[2m [0m│   0.3809 │ 0.4656 │ 0.8414 │    0.8639 │ 0.8201 │
└──────────────┴──────────┴────────┴────────┴───────────┴────────┘
[2026-06-18 17:25:17] [INFO] rf-detr - Best EMA mAP improved to 0.3934 (epoch 27)
                              Val — Overall Metrics                             
┏━━━━━━━━━━━━━━━━━━━━━━━━━━┳━━━━━━━━┳━━━━━━━━━━━━━━━━━━━━━━━━━━┳━━━━━━━━━━━━━━━━
━┓
┃           mAP            ┃  mAR   ┃         F1 sweep         ┃     segm mAP   
┃
┡━━━━━━━━┯━━━━━━━━┯━━━━━━━━╇━━━━━━━━╇━━━━━━━━┯━━━━━━━━┯━━━━━━━━╇━━━━━━━━┯━━━━━━━
━┩
│ [1;92m50:95[0m  │   [1;36m50[0m   │   [1;36m75[0m   │  @[1;36m500[0m  │   F1   │  Prec  │ Recall │ [1;92m50:95[0m  │   [1;36m50[0m  
│
├────────┼────────┼────────┼────────┼────────┼────────┼────────┼────────┼───────
─┤
│ [1;36m0.3954[0m │ [1;36m0.8420[0m │ [1;36m0.2656[0m │ [1;36m0.4715[0m │ [1;36m0.8482[0m │ [1;36m0.8728[0m │ [1;36m0.8250[0m │ [1;36m0.3214[0m │ [1;36m0.8140[0m
│
└────────┴────────┴────────┴────────┴────────┴────────┴────────┴────────┴───────
─┘
[1;36m                     Val — Per-class Metrics                      [0m
┏━━━━━━━━━━━━━━┳━━━━━━━━━━┳━━━━━━━━┳━━━━━━━━┳━━━━━━━━━━━┳━━━━━━━━┓
┃[1;36m [0m[1;36mClass       [0m[1;36m [0m┃[1;36m [0m[1;36mAP 50:95[0m[1;36m [0m┃[1;36m [0m[1;36m    AR[0m[1;36m [0m┃[1;36m [0m[1;36m    F1[0m[1;36m [0m┃[1;36m [0m[1;36mPrecision[0m[1;36m [0m┃[1;36m [0m[1;36mRecall[0m[1;36m [0m┃
┡━━━━━━━━━━━━━━╇━━━━━━━━━━╇━━━━━━━━╇━━━━━━━━╇━━━━━━━━━━━╇━━━━━━━━┩
│[2m [0m[2mGlassBeadSeg[0m[2m [0m│   0.3954 │ 0.4715 │ 0.8482 │    0.8728 │ 0.8250 │
└──────────────┴──────────┴────────┴────────┴───────────┴────────┘
Metric __rfdetr_effective_map__ improved by 0.006 >= min_delta = 0.001. New best score: 0.400
[2026-06-18 17:28:37] [INFO] rf-detr - Best regular mAP saved to /input0/transcoder-st/learn_llm/GrassBeadSeg/models/rfdetr_seg_large/trained/checkpoint_best_regular.pth (epoch 28)
[2026-06-18 17:28:38] [INFO] rf-detr - Best EMA mAP improved to 0.4000 (epoch 28)
                              Val — Overall Metrics                             
┏━━━━━━━━━━━━━━━━━━━━━━━━━━┳━━━━━━━━┳━━━━━━━━━━━━━━━━━━━━━━━━━━┳━━━━━━━━━━━━━━━━
━┓
┃           mAP            ┃  mAR   ┃         F1 sweep         ┃     segm mAP   
┃
┡━━━━━━━━┯━━━━━━━━┯━━━━━━━━╇━━━━━━━━╇━━━━━━━━┯━━━━━━━━┯━━━━━━━━╇━━━━━━━━┯━━━━━━━
━┩
│ [1;92m50:95[0m  │   [1;36m50[0m   │   [1;36m75[0m   │  @[1;36m500[0m  │   F1   │  Prec  │ Recall │ [1;92m50:95[0m  │   [1;36m50[0m  
│
├────────┼────────┼────────┼────────┼────────┼────────┼────────┼────────┼───────
─┤
│ [1;36m0.3964[0m │ [1;36m0.8397[0m │ [1;36m0.2967[0m │ [1;36m0.4769[0m │ [1;36m0.8615[0m │ [1;36m0.8733[0m │ [1;36m0.8499[0m │ [1;36m0.3529[0m │ [1;36m0.8245[0m
│
└────────┴────────┴────────┴────────┴────────┴────────┴────────┴────────┴───────
─┘
[1;36m                     Val — Per-class Metrics                      [0m
┏━━━━━━━━━━━━━━┳━━━━━━━━━━┳━━━━━━━━┳━━━━━━━━┳━━━━━━━━━━━┳━━━━━━━━┓
┃[1;36m [0m[1;36mClass       [0m[1;36m [0m┃[1;36m [0m[1;36mAP 50:95[0m[1;36m [0m┃[1;36m [0m[1;36m    AR[0m[1;36m [0m┃[1;36m [0m[1;36m    F1[0m[1;36m [0m┃[1;36m [0m[1;36mPrecision[0m[1;36m [0m┃[1;36m [0m[1;36mRecall[0m[1;36m [0m┃
┡━━━━━━━━━━━━━━╇━━━━━━━━━━╇━━━━━━━━╇━━━━━━━━╇━━━━━━━━━━━╇━━━━━━━━┩
│[2m [0m[2mGlassBeadSeg[0m[2m [0m│   0.3964 │ 0.4769 │ 0.8615 │    0.8733 │ 0.8499 │
└──────────────┴──────────┴────────┴────────┴───────────┴────────┘
[2026-06-18 17:31:54] [INFO] rf-detr - Best regular mAP saved to /input0/transcoder-st/learn_llm/GrassBeadSeg/models/rfdetr_seg_large/trained/checkpoint_best_regular.pth (epoch 29)
[2026-06-18 17:31:54] [INFO] rf-detr - Best EMA mAP improved to 0.4004 (epoch 29)
                              Val — Overall Metrics                             
┏━━━━━━━━━━━━━━━━━━━━━━━━━━┳━━━━━━━━┳━━━━━━━━━━━━━━━━━━━━━━━━━━┳━━━━━━━━━━━━━━━━
━┓
┃           mAP            ┃  mAR   ┃         F1 sweep         ┃     segm mAP   
┃
┡━━━━━━━━┯━━━━━━━━┯━━━━━━━━╇━━━━━━━━╇━━━━━━━━┯━━━━━━━━┯━━━━━━━━╇━━━━━━━━┯━━━━━━━
━┩
│ [1;92m50:95[0m  │   [1;36m50[0m   │   [1;36m75[0m   │  @[1;36m500[0m  │   F1   │  Prec  │ Recall │ [1;92m50:95[0m  │   [1;36m50[0m  
│
├────────┼────────┼────────┼────────┼────────┼────────┼────────┼────────┼───────
─┤
│ [1;36m0.3902[0m │ [1;36m0.8429[0m │ [1;36m0.2819[0m │ [1;36m0.4679[0m │ [1;36m0.8443[0m │ [1;36m0.8678[0m │ [1;36m0.8221[0m │ [1;36m0.3163[0m │ [1;36m0.8066[0m
│
└────────┴────────┴────────┴────────┴────────┴────────┴────────┴────────┴───────
─┘
[1;36m                     Val — Per-class Metrics                      [0m
┏━━━━━━━━━━━━━━┳━━━━━━━━━━┳━━━━━━━━┳━━━━━━━━┳━━━━━━━━━━━┳━━━━━━━━┓
┃[1;36m [0m[1;36mClass       [0m[1;36m [0m┃[1;36m [0m[1;36mAP 50:95[0m[1;36m [0m┃[1;36m [0m[1;36m    AR[0m[1;36m [0m┃[1;36m [0m[1;36m    F1[0m[1;36m [0m┃[1;36m [0m[1;36mPrecision[0m[1;36m [0m┃[1;36m [0m[1;36mRecall[0m[1;36m [0m┃
┡━━━━━━━━━━━━━━╇━━━━━━━━━━╇━━━━━━━━╇━━━━━━━━╇━━━━━━━━━━━╇━━━━━━━━┩
│[2m [0m[2mGlassBeadSeg[0m[2m [0m│   0.3902 │ 0.4679 │ 0.8443 │    0.8678 │ 0.8221 │
└──────────────┴──────────┴────────┴────────┴───────────┴────────┘
                              Val — Overall Metrics                             
┏━━━━━━━━━━━━━━━━━━━━━━━━━━┳━━━━━━━━┳━━━━━━━━━━━━━━━━━━━━━━━━━━┳━━━━━━━━━━━━━━━━
━┓
┃           mAP            ┃  mAR   ┃         F1 sweep         ┃     segm mAP   
┃
┡━━━━━━━━┯━━━━━━━━┯━━━━━━━━╇━━━━━━━━╇━━━━━━━━┯━━━━━━━━┯━━━━━━━━╇━━━━━━━━┯━━━━━━━
━┩
│ [1;92m50:95[0m  │   [1;36m50[0m   │   [1;36m75[0m   │  @[1;36m500[0m  │   F1   │  Prec  │ Recall │ [1;92m50:95[0m  │   [1;36m50[0m  
│
├────────┼────────┼────────┼────────┼────────┼────────┼────────┼────────┼───────
─┤
│ [1;36m0.3661[0m │ [1;36m0.8216[0m │ [1;36m0.2416[0m │ [1;36m0.4441[0m │ [1;36m0.8431[0m │ [1;36m0.8619[0m │ [1;36m0.8250[0m │ [1;36m0.3268[0m │ [1;36m0.8069[0m
│
└────────┴────────┴────────┴────────┴────────┴────────┴────────┴────────┴───────
─┘
[1;36m                     Val — Per-class Metrics                      [0m
┏━━━━━━━━━━━━━━┳━━━━━━━━━━┳━━━━━━━━┳━━━━━━━━┳━━━━━━━━━━━┳━━━━━━━━┓
┃[1;36m [0m[1;36mClass       [0m[1;36m [0m┃[1;36m [0m[1;36mAP 50:95[0m[1;36m [0m┃[1;36m [0m[1;36m    AR[0m[1;36m [0m┃[1;36m [0m[1;36m    F1[0m[1;36m [0m┃[1;36m [0m[1;36mPrecision[0m[1;36m [0m┃[1;36m [0m[1;36mRecall[0m[1;36m [0m┃
┡━━━━━━━━━━━━━━╇━━━━━━━━━━╇━━━━━━━━╇━━━━━━━━╇━━━━━━━━━━━╇━━━━━━━━┩
│[2m [0m[2mGlassBeadSeg[0m[2m [0m│   0.3661 │ 0.4441 │ 0.8431 │    0.8619 │ 0.8250 │
└──────────────┴──────────┴────────┴────────┴───────────┴────────┘
                              Val — Overall Metrics                             
┏━━━━━━━━━━━━━━━━━━━━━━━━━━┳━━━━━━━━┳━━━━━━━━━━━━━━━━━━━━━━━━━━┳━━━━━━━━━━━━━━━━
━┓
┃           mAP            ┃  mAR   ┃         F1 sweep         ┃     segm mAP   
┃
┡━━━━━━━━┯━━━━━━━━┯━━━━━━━━╇━━━━━━━━╇━━━━━━━━┯━━━━━━━━┯━━━━━━━━╇━━━━━━━━┯━━━━━━━
━┩
│ [1;92m50:95[0m  │   [1;36m50[0m   │   [1;36m75[0m   │  @[1;36m500[0m  │   F1   │  Prec  │ Recall │ [1;92m50:95[0m  │   [1;36m50[0m  
│
├────────┼────────┼────────┼────────┼────────┼────────┼────────┼────────┼───────
─┤
│ [1;36m0.3895[0m │ [1;36m0.8412[0m │ [1;36m0.2801[0m │ [1;36m0.4654[0m │ [1;36m0.8514[0m │ [1;36m0.8600[0m │ [1;36m0.8429[0m │ [1;36m0.3050[0m │ [1;36m0.8124[0m
│
└────────┴────────┴────────┴────────┴────────┴────────┴────────┴────────┴───────
─┘
[1;36m                     Val — Per-class Metrics                      [0m
┏━━━━━━━━━━━━━━┳━━━━━━━━━━┳━━━━━━━━┳━━━━━━━━┳━━━━━━━━━━━┳━━━━━━━━┓
┃[1;36m [0m[1;36mClass       [0m[1;36m [0m┃[1;36m [0m[1;36mAP 50:95[0m[1;36m [0m┃[1;36m [0m[1;36m    AR[0m[1;36m [0m┃[1;36m [0m[1;36m    F1[0m[1;36m [0m┃[1;36m [0m[1;36mPrecision[0m[1;36m [0m┃[1;36m [0m[1;36mRecall[0m[1;36m [0m┃
┡━━━━━━━━━━━━━━╇━━━━━━━━━━╇━━━━━━━━╇━━━━━━━━╇━━━━━━━━━━━╇━━━━━━━━┩
│[2m [0m[2mGlassBeadSeg[0m[2m [0m│   0.3895 │ 0.4654 │ 0.8514 │    0.8600 │ 0.8429 │
└──────────────┴──────────┴────────┴────────┴───────────┴────────┘
                              Val — Overall Metrics                             
┏━━━━━━━━━━━━━━━━━━━━━━━━━━┳━━━━━━━━┳━━━━━━━━━━━━━━━━━━━━━━━━━━┳━━━━━━━━━━━━━━━━
━┓
┃           mAP            ┃  mAR   ┃         F1 sweep         ┃     segm mAP   
┃
┡━━━━━━━━┯━━━━━━━━┯━━━━━━━━╇━━━━━━━━╇━━━━━━━━┯━━━━━━━━┯━━━━━━━━╇━━━━━━━━┯━━━━━━━
━┩
│ [1;92m50:95[0m  │   [1;36m50[0m   │   [1;36m75[0m   │  @[1;36m500[0m  │   F1   │  Prec  │ Recall │ [1;92m50:95[0m  │   [1;36m50[0m  
│
├────────┼────────┼────────┼────────┼────────┼────────┼────────┼────────┼───────
─┤
│ [1;36m0.3595[0m │ [1;36m0.8235[0m │ [1;36m0.2292[0m │ [1;36m0.4446[0m │ [1;36m0.8511[0m │ [1;36m0.8869[0m │ [1;36m0.8181[0m │ [1;36m0.3323[0m │ [1;36m0.8072[0m
│
└────────┴────────┴────────┴────────┴────────┴────────┴────────┴────────┴───────
─┘
[1;36m                     Val — Per-class Metrics                      [0m
┏━━━━━━━━━━━━━━┳━━━━━━━━━━┳━━━━━━━━┳━━━━━━━━┳━━━━━━━━━━━┳━━━━━━━━┓
┃[1;36m [0m[1;36mClass       [0m[1;36m [0m┃[1;36m [0m[1;36mAP 50:95[0m[1;36m [0m┃[1;36m [0m[1;36m    AR[0m[1;36m [0m┃[1;36m [0m[1;36m    F1[0m[1;36m [0m┃[1;36m [0m[1;36mPrecision[0m[1;36m [0m┃[1;36m [0m[1;36mRecall[0m[1;36m [0m┃
┡━━━━━━━━━━━━━━╇━━━━━━━━━━╇━━━━━━━━╇━━━━━━━━╇━━━━━━━━━━━╇━━━━━━━━┩
│[2m [0m[2mGlassBeadSeg[0m[2m [0m│   0.3595 │ 0.4446 │ 0.8511 │    0.8869 │ 0.8181 │
└──────────────┴──────────┴────────┴────────┴───────────┴────────┘
                              Val — Overall Metrics                             
┏━━━━━━━━━━━━━━━━━━━━━━━━━━┳━━━━━━━━┳━━━━━━━━━━━━━━━━━━━━━━━━━━┳━━━━━━━━━━━━━━━━
━┓
┃           mAP            ┃  mAR   ┃         F1 sweep         ┃     segm mAP   
┃
┡━━━━━━━━┯━━━━━━━━┯━━━━━━━━╇━━━━━━━━╇━━━━━━━━┯━━━━━━━━┯━━━━━━━━╇━━━━━━━━┯━━━━━━━
━┩
│ [1;92m50:95[0m  │   [1;36m50[0m   │   [1;36m75[0m   │  @[1;36m500[0m  │   F1   │  Prec  │ Recall │ [1;92m50:95[0m  │   [1;36m50[0m  
│
├────────┼────────┼────────┼────────┼────────┼────────┼────────┼────────┼───────
─┤
│ [1;36m0.4005[0m │ [1;36m0.8417[0m │ [1;36m0.3018[0m │ [1;36m0.4796[0m │ [1;36m0.8644[0m │ [1;36m0.8837[0m │ [1;36m0.8459[0m │ [1;36m0.3570[0m │ [1;36m0.8265[0m
│
└────────┴────────┴────────┴────────┴────────┴────────┴────────┴────────┴───────
─┘
[1;36m                     Val — Per-class Metrics                      [0m
┏━━━━━━━━━━━━━━┳━━━━━━━━━━┳━━━━━━━━┳━━━━━━━━┳━━━━━━━━━━━┳━━━━━━━━┓
┃[1;36m [0m[1;36mClass       [0m[1;36m [0m┃[1;36m [0m[1;36mAP 50:95[0m[1;36m [0m┃[1;36m [0m[1;36m    AR[0m[1;36m [0m┃[1;36m [0m[1;36m    F1[0m[1;36m [0m┃[1;36m [0m[1;36mPrecision[0m[1;36m [0m┃[1;36m [0m[1;36mRecall[0m[1;36m [0m┃
┡━━━━━━━━━━━━━━╇━━━━━━━━━━╇━━━━━━━━╇━━━━━━━━╇━━━━━━━━━━━╇━━━━━━━━┩
│[2m [0m[2mGlassBeadSeg[0m[2m [0m│   0.4005 │ 0.4796 │ 0.8644 │    0.8837 │ 0.8459 │
└──────────────┴──────────┴────────┴────────┴───────────┴────────┘
[2026-06-18 17:48:18] [INFO] rf-detr - Best regular mAP saved to /input0/transcoder-st/learn_llm/GrassBeadSeg/models/rfdetr_seg_large/trained/checkpoint_best_regular.pth (epoch 34)
                              Val — Overall Metrics                             
┏━━━━━━━━━━━━━━━━━━━━━━━━━━┳━━━━━━━━┳━━━━━━━━━━━━━━━━━━━━━━━━━━┳━━━━━━━━━━━━━━━━
━┓
┃           mAP            ┃  mAR   ┃         F1 sweep         ┃     segm mAP   
┃
┡━━━━━━━━┯━━━━━━━━┯━━━━━━━━╇━━━━━━━━╇━━━━━━━━┯━━━━━━━━┯━━━━━━━━╇━━━━━━━━┯━━━━━━━
━┩
│ [1;92m50:95[0m  │   [1;36m50[0m   │   [1;36m75[0m   │  @[1;36m500[0m  │   F1   │  Prec  │ Recall │ [1;92m50:95[0m  │   [1;36m50[0m  
│
├────────┼────────┼────────┼────────┼────────┼────────┼────────┼────────┼───────
─┤
│ [1;36m0.3707[0m │ [1;36m0.8215[0m │ [1;36m0.2505[0m │ [1;36m0.4559[0m │ [1;36m0.8383[0m │ [1;36m0.8697[0m │ [1;36m0.8091[0m │ [1;36m0.2899[0m │ [1;36m0.7926[0m
│
└────────┴────────┴────────┴────────┴────────┴────────┴────────┴────────┴───────
─┘
[1;36m                     Val — Per-class Metrics                      [0m
┏━━━━━━━━━━━━━━┳━━━━━━━━━━┳━━━━━━━━┳━━━━━━━━┳━━━━━━━━━━━┳━━━━━━━━┓
┃[1;36m [0m[1;36mClass       [0m[1;36m [0m┃[1;36m [0m[1;36mAP 50:95[0m[1;36m [0m┃[1;36m [0m[1;36m    AR[0m[1;36m [0m┃[1;36m [0m[1;36m    F1[0m[1;36m [0m┃[1;36m [0m[1;36mPrecision[0m[1;36m [0m┃[1;36m [0m[1;36mRecall[0m[1;36m [0m┃
┡━━━━━━━━━━━━━━╇━━━━━━━━━━╇━━━━━━━━╇━━━━━━━━╇━━━━━━━━━━━╇━━━━━━━━┩
│[2m [0m[2mGlassBeadSeg[0m[2m [0m│   0.3707 │ 0.4559 │ 0.8383 │    0.8697 │ 0.8091 │
└──────────────┴──────────┴────────┴────────┴───────────┴────────┘
Metric __rfdetr_effective_map__ improved by 0.004 >= min_delta = 0.001. New best score: 0.404
[2026-06-18 17:51:36] [INFO] rf-detr - Best EMA mAP improved to 0.4039 (epoch 35)
                              Val — Overall Metrics                             
┏━━━━━━━━━━━━━━━━━━━━━━━━━━┳━━━━━━━━┳━━━━━━━━━━━━━━━━━━━━━━━━━━┳━━━━━━━━━━━━━━━━
━┓
┃           mAP            ┃  mAR   ┃         F1 sweep         ┃     segm mAP   
┃
┡━━━━━━━━┯━━━━━━━━┯━━━━━━━━╇━━━━━━━━╇━━━━━━━━┯━━━━━━━━┯━━━━━━━━╇━━━━━━━━┯━━━━━━━
━┩
│ [1;92m50:95[0m  │   [1;36m50[0m   │   [1;36m75[0m   │  @[1;36m500[0m  │   F1   │  Prec  │ Recall │ [1;92m50:95[0m  │   [1;36m50[0m  
│
├────────┼────────┼────────┼────────┼────────┼────────┼────────┼────────┼───────
─┤
│ [1;36m0.3742[0m │ [1;36m0.8321[0m │ [1;36m0.2515[0m │ [1;36m0.4561[0m │ [1;36m0.8496[0m │ [1;36m0.8814[0m │ [1;36m0.8201[0m │ [1;36m0.3014[0m │ [1;36m0.8110[0m
│
└────────┴────────┴────────┴────────┴────────┴────────┴────────┴────────┴───────
─┘
[1;36m                     Val — Per-class Metrics                      [0m
┏━━━━━━━━━━━━━━┳━━━━━━━━━━┳━━━━━━━━┳━━━━━━━━┳━━━━━━━━━━━┳━━━━━━━━┓
┃[1;36m [0m[1;36mClass       [0m[1;36m [0m┃[1;36m [0m[1;36mAP 50:95[0m[1;36m [0m┃[1;36m [0m[1;36m    AR[0m[1;36m [0m┃[1;36m [0m[1;36m    F1[0m[1;36m [0m┃[1;36m [0m[1;36mPrecision[0m[1;36m [0m┃[1;36m [0m[1;36mRecall[0m[1;36m [0m┃
┡━━━━━━━━━━━━━━╇━━━━━━━━━━╇━━━━━━━━╇━━━━━━━━╇━━━━━━━━━━━╇━━━━━━━━┩
│[2m [0m[2mGlassBeadSeg[0m[2m [0m│   0.3742 │ 0.4561 │ 0.8496 │    0.8814 │ 0.8201 │
└──────────────┴──────────┴────────┴────────┴───────────┴────────┘
                              Val — Overall Metrics                             
┏━━━━━━━━━━━━━━━━━━━━━━━━━━┳━━━━━━━━┳━━━━━━━━━━━━━━━━━━━━━━━━━━┳━━━━━━━━━━━━━━━━
━┓
┃           mAP            ┃  mAR   ┃         F1 sweep         ┃     segm mAP   
┃
┡━━━━━━━━┯━━━━━━━━┯━━━━━━━━╇━━━━━━━━╇━━━━━━━━┯━━━━━━━━┯━━━━━━━━╇━━━━━━━━┯━━━━━━━
━┩
│ [1;92m50:95[0m  │   [1;36m50[0m   │   [1;36m75[0m   │  @[1;36m500[0m  │   F1   │  Prec  │ Recall │ [1;92m50:95[0m  │   [1;36m50[0m  
│
├────────┼────────┼────────┼────────┼────────┼────────┼────────┼────────┼───────
─┤
│ [1;36m0.3413[0m │ [1;36m0.8113[0m │ [1;36m0.2012[0m │ [1;36m0.4256[0m │ [1;36m0.8612[0m │ [1;36m0.8847[0m │ [1;36m0.8390[0m │ [1;36m0.3430[0m │ [1;36m0.8227[0m
│
└────────┴────────┴────────┴────────┴────────┴────────┴────────┴────────┴───────
─┘
[1;36m                     Val — Per-class Metrics                      [0m
┏━━━━━━━━━━━━━━┳━━━━━━━━━━┳━━━━━━━━┳━━━━━━━━┳━━━━━━━━━━━┳━━━━━━━━┓
┃[1;36m [0m[1;36mClass       [0m[1;36m [0m┃[1;36m [0m[1;36mAP 50:95[0m[1;36m [0m┃[1;36m [0m[1;36m    AR[0m[1;36m [0m┃[1;36m [0m[1;36m    F1[0m[1;36m [0m┃[1;36m [0m[1;36mPrecision[0m[1;36m [0m┃[1;36m [0m[1;36mRecall[0m[1;36m [0m┃
┡━━━━━━━━━━━━━━╇━━━━━━━━━━╇━━━━━━━━╇━━━━━━━━╇━━━━━━━━━━━╇━━━━━━━━┩
│[2m [0m[2mGlassBeadSeg[0m[2m [0m│   0.3413 │ 0.4256 │ 0.8612 │    0.8847 │ 0.8390 │
└──────────────┴──────────┴────────┴────────┴───────────┴────────┘
Metric __rfdetr_effective_map__ improved by 0.004 >= min_delta = 0.001. New best score: 0.408
[2026-06-18 17:58:13] [INFO] rf-detr - Best EMA mAP improved to 0.4080 (epoch 37)
                              Val — Overall Metrics                             
┏━━━━━━━━━━━━━━━━━━━━━━━━━━┳━━━━━━━━┳━━━━━━━━━━━━━━━━━━━━━━━━━━┳━━━━━━━━━━━━━━━━
━┓
┃           mAP            ┃  mAR   ┃         F1 sweep         ┃     segm mAP   
┃
┡━━━━━━━━┯━━━━━━━━┯━━━━━━━━╇━━━━━━━━╇━━━━━━━━┯━━━━━━━━┯━━━━━━━━╇━━━━━━━━┯━━━━━━━
━┩
│ [1;92m50:95[0m  │   [1;36m50[0m   │   [1;36m75[0m   │  @[1;36m500[0m  │   F1   │  Prec  │ Recall │ [1;92m50:95[0m  │   [1;36m50[0m  
│
├────────┼────────┼────────┼────────┼────────┼────────┼────────┼────────┼───────
─┤
│ [1;36m0.3946[0m │ [1;36m0.8444[0m │ [1;36m0.2792[0m │ [1;36m0.4748[0m │ [1;36m0.8634[0m │ [1;36m0.8794[0m │ [1;36m0.8479[0m │ [1;36m0.3589[0m │ [1;36m0.8278[0m
│
└────────┴────────┴────────┴────────┴────────┴────────┴────────┴────────┴───────
─┘
[1;36m                     Val — Per-class Metrics                      [0m
┏━━━━━━━━━━━━━━┳━━━━━━━━━━┳━━━━━━━━┳━━━━━━━━┳━━━━━━━━━━━┳━━━━━━━━┓
┃[1;36m [0m[1;36mClass       [0m[1;36m [0m┃[1;36m [0m[1;36mAP 50:95[0m[1;36m [0m┃[1;36m [0m[1;36m    AR[0m[1;36m [0m┃[1;36m [0m[1;36m    F1[0m[1;36m [0m┃[1;36m [0m[1;36mPrecision[0m[1;36m [0m┃[1;36m [0m[1;36mRecall[0m[1;36m [0m┃
┡━━━━━━━━━━━━━━╇━━━━━━━━━━╇━━━━━━━━╇━━━━━━━━╇━━━━━━━━━━━╇━━━━━━━━┩
│[2m [0m[2mGlassBeadSeg[0m[2m [0m│   0.3946 │ 0.4748 │ 0.8634 │    0.8794 │ 0.8479 │
└──────────────┴──────────┴────────┴────────┴───────────┴────────┘
                              Val — Overall Metrics                             
┏━━━━━━━━━━━━━━━━━━━━━━━━━━┳━━━━━━━━┳━━━━━━━━━━━━━━━━━━━━━━━━━━┳━━━━━━━━━━━━━━━━
━┓
┃           mAP            ┃  mAR   ┃         F1 sweep         ┃     segm mAP   
┃
┡━━━━━━━━┯━━━━━━━━┯━━━━━━━━╇━━━━━━━━╇━━━━━━━━┯━━━━━━━━┯━━━━━━━━╇━━━━━━━━┯━━━━━━━
━┩
│ [1;92m50:95[0m  │   [1;36m50[0m   │   [1;36m75[0m   │  @[1;36m500[0m  │   F1   │  Prec  │ Recall │ [1;92m50:95[0m  │   [1;36m50[0m  
│
├────────┼────────┼────────┼────────┼────────┼────────┼────────┼────────┼───────
─┤
│ [1;36m0.3442[0m │ [1;36m0.7955[0m │ [1;36m0.2084[0m │ [1;36m0.4290[0m │ [1;36m0.8324[0m │ [1;36m0.9024[0m │ [1;36m0.7724[0m │ [1;36m0.3378[0m │ [1;36m0.7780[0m
│
└────────┴────────┴────────┴────────┴────────┴────────┴────────┴────────┴───────
─┘
[1;36m                     Val — Per-class Metrics                      [0m
┏━━━━━━━━━━━━━━┳━━━━━━━━━━┳━━━━━━━━┳━━━━━━━━┳━━━━━━━━━━━┳━━━━━━━━┓
┃[1;36m [0m[1;36mClass       [0m[1;36m [0m┃[1;36m [0m[1;36mAP 50:95[0m[1;36m [0m┃[1;36m [0m[1;36m    AR[0m[1;36m [0m┃[1;36m [0m[1;36m    F1[0m[1;36m [0m┃[1;36m [0m[1;36mPrecision[0m[1;36m [0m┃[1;36m [0m[1;36mRecall[0m[1;36m [0m┃
┡━━━━━━━━━━━━━━╇━━━━━━━━━━╇━━━━━━━━╇━━━━━━━━╇━━━━━━━━━━━╇━━━━━━━━┩
│[2m [0m[2mGlassBeadSeg[0m[2m [0m│   0.3442 │ 0.4290 │ 0.8324 │    0.9024 │ 0.7724 │
└──────────────┴──────────┴────────┴────────┴───────────┴────────┘
                              Val — Overall Metrics                             
┏━━━━━━━━━━━━━━━━━━━━━━━━━━┳━━━━━━━━┳━━━━━━━━━━━━━━━━━━━━━━━━━━┳━━━━━━━━━━━━━━━━
━┓
┃           mAP            ┃  mAR   ┃         F1 sweep         ┃     segm mAP   
┃
┡━━━━━━━━┯━━━━━━━━┯━━━━━━━━╇━━━━━━━━╇━━━━━━━━┯━━━━━━━━┯━━━━━━━━╇━━━━━━━━┯━━━━━━━
━┩
│ [1;92m50:95[0m  │   [1;36m50[0m   │   [1;36m75[0m   │  @[1;36m500[0m  │   F1   │  Prec  │ Recall │ [1;92m50:95[0m  │   [1;36m50[0m  
│
├────────┼────────┼────────┼────────┼────────┼────────┼────────┼────────┼───────
─┤
│ [1;36m0.3902[0m │ [1;36m0.8380[0m │ [1;36m0.2603[0m │ [1;36m0.4692[0m │ [1;36m0.8467[0m │ [1;36m0.8683[0m │ [1;36m0.8260[0m │ [1;36m0.3238[0m │ [1;36m0.8038[0m
│
└────────┴────────┴────────┴────────┴────────┴────────┴────────┴────────┴───────
─┘
[1;36m                     Val — Per-class Metrics                      [0m
┏━━━━━━━━━━━━━━┳━━━━━━━━━━┳━━━━━━━━┳━━━━━━━━┳━━━━━━━━━━━┳━━━━━━━━┓
┃[1;36m [0m[1;36mClass       [0m[1;36m [0m┃[1;36m [0m[1;36mAP 50:95[0m[1;36m [0m┃[1;36m [0m[1;36m    AR[0m[1;36m [0m┃[1;36m [0m[1;36m    F1[0m[1;36m [0m┃[1;36m [0m[1;36mPrecision[0m[1;36m [0m┃[1;36m [0m[1;36mRecall[0m[1;36m [0m┃
┡━━━━━━━━━━━━━━╇━━━━━━━━━━╇━━━━━━━━╇━━━━━━━━╇━━━━━━━━━━━╇━━━━━━━━┩
│[2m [0m[2mGlassBeadSeg[0m[2m [0m│   0.3902 │ 0.4692 │ 0.8467 │    0.8683 │ 0.8260 │
└──────────────┴──────────┴────────┴────────┴───────────┴────────┘
                              Val — Overall Metrics                             
┏━━━━━━━━━━━━━━━━━━━━━━━━━━┳━━━━━━━━┳━━━━━━━━━━━━━━━━━━━━━━━━━━┳━━━━━━━━━━━━━━━━
━┓
┃           mAP            ┃  mAR   ┃         F1 sweep         ┃     segm mAP   
┃
┡━━━━━━━━┯━━━━━━━━┯━━━━━━━━╇━━━━━━━━╇━━━━━━━━┯━━━━━━━━┯━━━━━━━━╇━━━━━━━━┯━━━━━━━
━┩
│ [1;92m50:95[0m  │   [1;36m50[0m   │   [1;36m75[0m   │  @[1;36m500[0m  │   F1   │  Prec  │ Recall │ [1;92m50:95[0m  │   [1;36m50[0m  
│
├────────┼────────┼────────┼────────┼────────┼────────┼────────┼────────┼───────
─┤
│ [1;36m0.3750[0m │ [1;36m0.8445[0m │ [1;36m0.2510[0m │ [1;36m0.4634[0m │ [1;36m0.8615[0m │ [1;36m0.8831[0m │ [1;36m0.8410[0m │ [1;36m0.3425[0m │ [1;36m0.8173[0m
│
└────────┴────────┴────────┴────────┴────────┴────────┴────────┴────────┴───────
─┘
[1;36m                     Val — Per-class Metrics                      [0m
┏━━━━━━━━━━━━━━┳━━━━━━━━━━┳━━━━━━━━┳━━━━━━━━┳━━━━━━━━━━━┳━━━━━━━━┓
┃[1;36m [0m[1;36mClass       [0m[1;36m [0m┃[1;36m [0m[1;36mAP 50:95[0m[1;36m [0m┃[1;36m [0m[1;36m    AR[0m[1;36m [0m┃[1;36m [0m[1;36m    F1[0m[1;36m [0m┃[1;36m [0m[1;36mPrecision[0m[1;36m [0m┃[1;36m [0m[1;36mRecall[0m[1;36m [0m┃
┡━━━━━━━━━━━━━━╇━━━━━━━━━━╇━━━━━━━━╇━━━━━━━━╇━━━━━━━━━━━╇━━━━━━━━┩
│[2m [0m[2mGlassBeadSeg[0m[2m [0m│   0.3750 │ 0.4634 │ 0.8615 │    0.8831 │ 0.8410 │
└──────────────┴──────────┴────────┴────────┴───────────┴────────┘
                              Val — Overall Metrics                             
┏━━━━━━━━━━━━━━━━━━━━━━━━━━┳━━━━━━━━┳━━━━━━━━━━━━━━━━━━━━━━━━━━┳━━━━━━━━━━━━━━━━
━┓
┃           mAP            ┃  mAR   ┃         F1 sweep         ┃     segm mAP   
┃
┡━━━━━━━━┯━━━━━━━━┯━━━━━━━━╇━━━━━━━━╇━━━━━━━━┯━━━━━━━━┯━━━━━━━━╇━━━━━━━━┯━━━━━━━
━┩
│ [1;92m50:95[0m  │   [1;36m50[0m   │   [1;36m75[0m   │  @[1;36m500[0m  │   F1   │  Prec  │ Recall │ [1;92m50:95[0m  │   [1;36m50[0m  
│
├────────┼────────┼────────┼────────┼────────┼────────┼────────┼────────┼───────
─┤
│ [1;36m0.4035[0m │ [1;36m0.8532[0m │ [1;36m0.3243[0m │ [1;36m0.4843[0m │ [1;36m0.8626[0m │ [1;36m0.8768[0m │ [1;36m0.8489[0m │ [1;36m0.3352[0m │ [1;36m0.8239[0m
│
└────────┴────────┴────────┴────────┴────────┴────────┴────────┴────────┴───────
─┘
[1;36m                     Val — Per-class Metrics                      [0m
┏━━━━━━━━━━━━━━┳━━━━━━━━━━┳━━━━━━━━┳━━━━━━━━┳━━━━━━━━━━━┳━━━━━━━━┓
┃[1;36m [0m[1;36mClass       [0m[1;36m [0m┃[1;36m [0m[1;36mAP 50:95[0m[1;36m [0m┃[1;36m [0m[1;36m    AR[0m[1;36m [0m┃[1;36m [0m[1;36m    F1[0m[1;36m [0m┃[1;36m [0m[1;36mPrecision[0m[1;36m [0m┃[1;36m [0m[1;36mRecall[0m[1;36m [0m┃
┡━━━━━━━━━━━━━━╇━━━━━━━━━━╇━━━━━━━━╇━━━━━━━━╇━━━━━━━━━━━╇━━━━━━━━┩
│[2m [0m[2mGlassBeadSeg[0m[2m [0m│   0.4035 │ 0.4843 │ 0.8626 │    0.8768 │ 0.8489 │
└──────────────┴──────────┴────────┴────────┴───────────┴────────┘
[2026-06-18 18:14:42] [INFO] rf-detr - Best regular mAP saved to /input0/transcoder-st/learn_llm/GrassBeadSeg/models/rfdetr_seg_large/trained/checkpoint_best_regular.pth (epoch 42)
                              Val — Overall Metrics                             
┏━━━━━━━━━━━━━━━━━━━━━━━━━━┳━━━━━━━━┳━━━━━━━━━━━━━━━━━━━━━━━━━━┳━━━━━━━━━━━━━━━━
━┓
┃           mAP            ┃  mAR   ┃         F1 sweep         ┃     segm mAP   
┃
┡━━━━━━━━┯━━━━━━━━┯━━━━━━━━╇━━━━━━━━╇━━━━━━━━┯━━━━━━━━┯━━━━━━━━╇━━━━━━━━┯━━━━━━━
━┩
│ [1;92m50:95[0m  │   [1;36m50[0m   │   [1;36m75[0m   │  @[1;36m500[0m  │   F1   │  Prec  │ Recall │ [1;92m50:95[0m  │   [1;36m50[0m  
│
├────────┼────────┼────────┼────────┼────────┼────────┼────────┼────────┼───────
─┤
│ [1;36m0.3615[0m │ [1;36m0.8226[0m │ [1;36m0.2408[0m │ [1;36m0.4457[0m │ [1;36m0.8573[0m │ [1;36m0.8638[0m │ [1;36m0.8509[0m │ [1;36m0.3269[0m │ [1;36m0.8082[0m
│
└────────┴────────┴────────┴────────┴────────┴────────┴────────┴────────┴───────
─┘
[1;36m                     Val — Per-class Metrics                      [0m
┏━━━━━━━━━━━━━━┳━━━━━━━━━━┳━━━━━━━━┳━━━━━━━━┳━━━━━━━━━━━┳━━━━━━━━┓
┃[1;36m [0m[1;36mClass       [0m[1;36m [0m┃[1;36m [0m[1;36mAP 50:95[0m[1;36m [0m┃[1;36m [0m[1;36m    AR[0m[1;36m [0m┃[1;36m [0m[1;36m    F1[0m[1;36m [0m┃[1;36m [0m[1;36mPrecision[0m[1;36m [0m┃[1;36m [0m[1;36mRecall[0m[1;36m [0m┃
┡━━━━━━━━━━━━━━╇━━━━━━━━━━╇━━━━━━━━╇━━━━━━━━╇━━━━━━━━━━━╇━━━━━━━━┩
│[2m [0m[2mGlassBeadSeg[0m[2m [0m│   0.3615 │ 0.4457 │ 0.8573 │    0.8638 │ 0.8509 │
└──────────────┴──────────┴────────┴────────┴───────────┴────────┘
                              Val — Overall Metrics                             
┏━━━━━━━━━━━━━━━━━━━━━━━━━━┳━━━━━━━━┳━━━━━━━━━━━━━━━━━━━━━━━━━━┳━━━━━━━━━━━━━━━━
━┓
┃           mAP            ┃  mAR   ┃         F1 sweep         ┃     segm mAP   
┃
┡━━━━━━━━┯━━━━━━━━┯━━━━━━━━╇━━━━━━━━╇━━━━━━━━┯━━━━━━━━┯━━━━━━━━╇━━━━━━━━┯━━━━━━━
━┩
│ [1;92m50:95[0m  │   [1;36m50[0m   │   [1;36m75[0m   │  @[1;36m500[0m  │   F1   │  Prec  │ Recall │ [1;92m50:95[0m  │   [1;36m50[0m  
│
├────────┼────────┼────────┼────────┼────────┼────────┼────────┼────────┼───────
─┤
│ [1;36m0.3332[0m │ [1;36m0.8199[0m │ [1;36m0.1836[0m │ [1;36m0.4238[0m │ [1;36m0.8626[0m │ [1;36m0.9050[0m │ [1;36m0.8241[0m │ [1;36m0.3646[0m │ [1;36m0.8281[0m
│
└────────┴────────┴────────┴────────┴────────┴────────┴────────┴────────┴───────
─┘
[1;36m                     Val — Per-class Metrics                      [0m
┏━━━━━━━━━━━━━━┳━━━━━━━━━━┳━━━━━━━━┳━━━━━━━━┳━━━━━━━━━━━┳━━━━━━━━┓
┃[1;36m [0m[1;36mClass       [0m[1;36m [0m┃[1;36m [0m[1;36mAP 50:95[0m[1;36m [0m┃[1;36m [0m[1;36m    AR[0m[1;36m [0m┃[1;36m [0m[1;36m    F1[0m[1;36m [0m┃[1;36m [0m[1;36mPrecision[0m[1;36m [0m┃[1;36m [0m[1;36mRecall[0m[1;36m [0m┃
┡━━━━━━━━━━━━━━╇━━━━━━━━━━╇━━━━━━━━╇━━━━━━━━╇━━━━━━━━━━━╇━━━━━━━━┩
│[2m [0m[2mGlassBeadSeg[0m[2m [0m│   0.3332 │ 0.4238 │ 0.8626 │    0.9050 │ 0.8241 │
└──────────────┴──────────┴────────┴────────┴───────────┴────────┘
Metric __rfdetr_effective_map__ improved by 0.004 >= min_delta = 0.001. New best score: 0.412
[2026-06-18 18:21:14] [INFO] rf-detr - Best EMA mAP improved to 0.4118 (epoch 44)
                              Val — Overall Metrics                             
┏━━━━━━━━━━━━━━━━━━━━━━━━━━┳━━━━━━━━┳━━━━━━━━━━━━━━━━━━━━━━━━━━┳━━━━━━━━━━━━━━━━
━┓
┃           mAP            ┃  mAR   ┃         F1 sweep         ┃     segm mAP   
┃
┡━━━━━━━━┯━━━━━━━━┯━━━━━━━━╇━━━━━━━━╇━━━━━━━━┯━━━━━━━━┯━━━━━━━━╇━━━━━━━━┯━━━━━━━
━┩
│ [1;92m50:95[0m  │   [1;36m50[0m   │   [1;36m75[0m   │  @[1;36m500[0m  │   F1   │  Prec  │ Recall │ [1;92m50:95[0m  │   [1;36m50[0m  
│
├────────┼────────┼────────┼────────┼────────┼────────┼────────┼────────┼───────
─┤
│ [1;36m0.3788[0m │ [1;36m0.8346[0m │ [1;36m0.2799[0m │ [1;36m0.4651[0m │ [1;36m0.8609[0m │ [1;36m0.8830[0m │ [1;36m0.8400[0m │ [1;36m0.3327[0m │ [1;36m0.8201[0m
│
└────────┴────────┴────────┴────────┴────────┴────────┴────────┴────────┴───────
─┘
[1;36m                     Val — Per-class Metrics                      [0m
┏━━━━━━━━━━━━━━┳━━━━━━━━━━┳━━━━━━━━┳━━━━━━━━┳━━━━━━━━━━━┳━━━━━━━━┓
┃[1;36m [0m[1;36mClass       [0m[1;36m [0m┃[1;36m [0m[1;36mAP 50:95[0m[1;36m [0m┃[1;36m [0m[1;36m    AR[0m[1;36m [0m┃[1;36m [0m[1;36m    F1[0m[1;36m [0m┃[1;36m [0m[1;36mPrecision[0m[1;36m [0m┃[1;36m [0m[1;36mRecall[0m[1;36m [0m┃
┡━━━━━━━━━━━━━━╇━━━━━━━━━━╇━━━━━━━━╇━━━━━━━━╇━━━━━━━━━━━╇━━━━━━━━┩
│[2m [0m[2mGlassBeadSeg[0m[2m [0m│   0.3788 │ 0.4651 │ 0.8609 │    0.8830 │ 0.8400 │
└──────────────┴──────────┴────────┴────────┴───────────┴────────┘
Metric __rfdetr_effective_map__ improved by 0.002 >= min_delta = 0.001. New best score: 0.414
[2026-06-18 18:24:33] [INFO] rf-detr - Best EMA mAP improved to 0.4142 (epoch 45)
                              Val — Overall Metrics                             
┏━━━━━━━━━━━━━━━━━━━━━━━━━━┳━━━━━━━━┳━━━━━━━━━━━━━━━━━━━━━━━━━━┳━━━━━━━━━━━━━━━━
━┓
┃           mAP            ┃  mAR   ┃         F1 sweep         ┃     segm mAP   
┃
┡━━━━━━━━┯━━━━━━━━┯━━━━━━━━╇━━━━━━━━╇━━━━━━━━┯━━━━━━━━┯━━━━━━━━╇━━━━━━━━┯━━━━━━━
━┩
│ [1;92m50:95[0m  │   [1;36m50[0m   │   [1;36m75[0m   │  @[1;36m500[0m  │   F1   │  Prec  │ Recall │ [1;92m50:95[0m  │   [1;36m50[0m  
│
├────────┼────────┼────────┼────────┼────────┼────────┼────────┼────────┼───────
─┤
│ [1;36m0.4100[0m │ [1;36m0.8654[0m │ [1;36m0.3102[0m │ [1;36m0.4904[0m │ [1;36m0.8685[0m │ [1;36m0.8946[0m │ [1;36m0.8439[0m │ [1;36m0.3429[0m │ [1;36m0.8388[0m
│
└────────┴────────┴────────┴────────┴────────┴────────┴────────┴────────┴───────
─┘
[1;36m                     Val — Per-class Metrics                      [0m
┏━━━━━━━━━━━━━━┳━━━━━━━━━━┳━━━━━━━━┳━━━━━━━━┳━━━━━━━━━━━┳━━━━━━━━┓
┃[1;36m [0m[1;36mClass       [0m[1;36m [0m┃[1;36m [0m[1;36mAP 50:95[0m[1;36m [0m┃[1;36m [0m[1;36m    AR[0m[1;36m [0m┃[1;36m [0m[1;36m    F1[0m[1;36m [0m┃[1;36m [0m[1;36mPrecision[0m[1;36m [0m┃[1;36m [0m[1;36mRecall[0m[1;36m [0m┃
┡━━━━━━━━━━━━━━╇━━━━━━━━━━╇━━━━━━━━╇━━━━━━━━╇━━━━━━━━━━━╇━━━━━━━━┩
│[2m [0m[2mGlassBeadSeg[0m[2m [0m│   0.4100 │ 0.4904 │ 0.8685 │    0.8946 │ 0.8439 │
└──────────────┴──────────┴────────┴────────┴───────────┴────────┘
Metric __rfdetr_effective_map__ improved by 0.001 >= min_delta = 0.001. New best score: 0.415
[2026-06-18 18:27:55] [INFO] rf-detr - Best regular mAP saved to /input0/transcoder-st/learn_llm/GrassBeadSeg/models/rfdetr_seg_large/trained/checkpoint_best_regular.pth (epoch 46)
[2026-06-18 18:27:56] [INFO] rf-detr - Best EMA mAP improved to 0.4155 (epoch 46)
                              Val — Overall Metrics                             
┏━━━━━━━━━━━━━━━━━━━━━━━━━━┳━━━━━━━━┳━━━━━━━━━━━━━━━━━━━━━━━━━━┳━━━━━━━━━━━━━━━━
━┓
┃           mAP            ┃  mAR   ┃         F1 sweep         ┃     segm mAP   
┃
┡━━━━━━━━┯━━━━━━━━┯━━━━━━━━╇━━━━━━━━╇━━━━━━━━┯━━━━━━━━┯━━━━━━━━╇━━━━━━━━┯━━━━━━━
━┩
│ [1;92m50:95[0m  │   [1;36m50[0m   │   [1;36m75[0m   │  @[1;36m500[0m  │   F1   │  Prec  │ Recall │ [1;92m50:95[0m  │   [1;36m50[0m  
│
├────────┼────────┼────────┼────────┼────────┼────────┼────────┼────────┼───────
─┤
│ [1;36m0.4171[0m │ [1;36m0.8637[0m │ [1;36m0.3335[0m │ [1;36m0.4941[0m │ [1;36m0.8502[0m │ [1;36m0.8692[0m │ [1;36m0.8320[0m │ [1;36m0.3129[0m │ [1;36m0.7998[0m
│
└────────┴────────┴────────┴────────┴────────┴────────┴────────┴────────┴───────
─┘
[1;36m                     Val — Per-class Metrics                      [0m
┏━━━━━━━━━━━━━━┳━━━━━━━━━━┳━━━━━━━━┳━━━━━━━━┳━━━━━━━━━━━┳━━━━━━━━┓
┃[1;36m [0m[1;36mClass       [0m[1;36m [0m┃[1;36m [0m[1;36mAP 50:95[0m[1;36m [0m┃[1;36m [0m[1;36m    AR[0m[1;36m [0m┃[1;36m [0m[1;36m    F1[0m[1;36m [0m┃[1;36m [0m[1;36mPrecision[0m[1;36m [0m┃[1;36m [0m[1;36mRecall[0m[1;36m [0m┃
┡━━━━━━━━━━━━━━╇━━━━━━━━━━╇━━━━━━━━╇━━━━━━━━╇━━━━━━━━━━━╇━━━━━━━━┩
│[2m [0m[2mGlassBeadSeg[0m[2m [0m│   0.4171 │ 0.4941 │ 0.8502 │    0.8692 │ 0.8320 │
└──────────────┴──────────┴────────┴────────┴───────────┴────────┘
Metric __rfdetr_effective_map__ improved by 0.003 >= min_delta = 0.001. New best score: 0.418
[2026-06-18 18:31:15] [INFO] rf-detr - Best regular mAP saved to /input0/transcoder-st/learn_llm/GrassBeadSeg/models/rfdetr_seg_large/trained/checkpoint_best_regular.pth (epoch 47)
[2026-06-18 18:31:16] [INFO] rf-detr - Best EMA mAP improved to 0.4183 (epoch 47)
                              Val — Overall Metrics                             
┏━━━━━━━━━━━━━━━━━━━━━━━━━━┳━━━━━━━━┳━━━━━━━━━━━━━━━━━━━━━━━━━━┳━━━━━━━━━━━━━━━━
━┓
┃           mAP            ┃  mAR   ┃         F1 sweep         ┃     segm mAP   
┃
┡━━━━━━━━┯━━━━━━━━┯━━━━━━━━╇━━━━━━━━╇━━━━━━━━┯━━━━━━━━┯━━━━━━━━╇━━━━━━━━┯━━━━━━━
━┩
│ [1;92m50:95[0m  │   [1;36m50[0m   │   [1;36m75[0m   │  @[1;36m500[0m  │   F1   │  Prec  │ Recall │ [1;92m50:95[0m  │   [1;36m50[0m  
│
├────────┼────────┼────────┼────────┼────────┼────────┼────────┼────────┼───────
─┤
│ [1;36m0.3785[0m │ [1;36m0.8357[0m │ [1;36m0.2662[0m │ [1;36m0.4623[0m │ [1;36m0.8002[0m │ [1;36m0.8596[0m │ [1;36m0.7485[0m │ [1;36m0.2455[0m │ [1;36m0.7319[0m
│
└────────┴────────┴────────┴────────┴────────┴────────┴────────┴────────┴───────
─┘
[1;36m                     Val — Per-class Metrics                      [0m
┏━━━━━━━━━━━━━━┳━━━━━━━━━━┳━━━━━━━━┳━━━━━━━━┳━━━━━━━━━━━┳━━━━━━━━┓
┃[1;36m [0m[1;36mClass       [0m[1;36m [0m┃[1;36m [0m[1;36mAP 50:95[0m[1;36m [0m┃[1;36m [0m[1;36m    AR[0m[1;36m [0m┃[1;36m [0m[1;36m    F1[0m[1;36m [0m┃[1;36m [0m[1;36mPrecision[0m[1;36m [0m┃[1;36m [0m[1;36mRecall[0m[1;36m [0m┃
┡━━━━━━━━━━━━━━╇━━━━━━━━━━╇━━━━━━━━╇━━━━━━━━╇━━━━━━━━━━━╇━━━━━━━━┩
│[2m [0m[2mGlassBeadSeg[0m[2m [0m│   0.3785 │ 0.4623 │ 0.8002 │    0.8596 │ 0.7485 │
└──────────────┴──────────┴────────┴────────┴───────────┴────────┘
                              Val — Overall Metrics                             
┏━━━━━━━━━━━━━━━━━━━━━━━━━━┳━━━━━━━━┳━━━━━━━━━━━━━━━━━━━━━━━━━━┳━━━━━━━━━━━━━━━━
━┓
┃           mAP            ┃  mAR   ┃         F1 sweep         ┃     segm mAP   
┃
┡━━━━━━━━┯━━━━━━━━┯━━━━━━━━╇━━━━━━━━╇━━━━━━━━┯━━━━━━━━┯━━━━━━━━╇━━━━━━━━┯━━━━━━━
━┩
│ [1;92m50:95[0m  │   [1;36m50[0m   │   [1;36m75[0m   │  @[1;36m500[0m  │   F1   │  Prec  │ Recall │ [1;92m50:95[0m  │   [1;36m50[0m  
│
├────────┼────────┼────────┼────────┼────────┼────────┼────────┼────────┼───────
─┤
│ [1;36m0.4082[0m │ [1;36m0.8627[0m │ [1;36m0.3089[0m │ [1;36m0.4884[0m │ [1;36m0.8489[0m │ [1;36m0.8665[0m │ [1;36m0.8320[0m │ [1;36m0.3151[0m │ [1;36m0.7972[0m
│
└────────┴────────┴────────┴────────┴────────┴────────┴────────┴────────┴───────
─┘
[1;36m                     Val — Per-class Metrics                      [0m
┏━━━━━━━━━━━━━━┳━━━━━━━━━━┳━━━━━━━━┳━━━━━━━━┳━━━━━━━━━━━┳━━━━━━━━┓
┃[1;36m [0m[1;36mClass       [0m[1;36m [0m┃[1;36m [0m[1;36mAP 50:95[0m[1;36m [0m┃[1;36m [0m[1;36m    AR[0m[1;36m [0m┃[1;36m [0m[1;36m    F1[0m[1;36m [0m┃[1;36m [0m[1;36mPrecision[0m[1;36m [0m┃[1;36m [0m[1;36mRecall[0m[1;36m [0m┃
┡━━━━━━━━━━━━━━╇━━━━━━━━━━╇━━━━━━━━╇━━━━━━━━╇━━━━━━━━━━━╇━━━━━━━━┩
│[2m [0m[2mGlassBeadSeg[0m[2m [0m│   0.4082 │ 0.4884 │ 0.8489 │    0.8665 │ 0.8320 │
└──────────────┴──────────┴────────┴────────┴───────────┴────────┘
                              Val — Overall Metrics                             
┏━━━━━━━━━━━━━━━━━━━━━━━━━━┳━━━━━━━━┳━━━━━━━━━━━━━━━━━━━━━━━━━━┳━━━━━━━━━━━━━━━━
━┓
┃           mAP            ┃  mAR   ┃         F1 sweep         ┃     segm mAP   
┃
┡━━━━━━━━┯━━━━━━━━┯━━━━━━━━╇━━━━━━━━╇━━━━━━━━┯━━━━━━━━┯━━━━━━━━╇━━━━━━━━┯━━━━━━━
━┩
│ [1;92m50:95[0m  │   [1;36m50[0m   │   [1;36m75[0m   │  @[1;36m500[0m  │   F1   │  Prec  │ Recall │ [1;92m50:95[0m  │   [1;36m50[0m  
│
├────────┼────────┼────────┼────────┼────────┼────────┼────────┼────────┼───────
─┤
│ [1;36m0.4119[0m │ [1;36m0.8653[0m │ [1;36m0.3102[0m │ [1;36m0.4944[0m │ [1;36m0.8704[0m │ [1;36m0.8833[0m │ [1;36m0.8579[0m │ [1;36m0.3315[0m │ [1;36m0.8363[0m
│
└────────┴────────┴────────┴────────┴────────┴────────┴────────┴────────┴───────
─┘
[1;36m                     Val — Per-class Metrics                      [0m
┏━━━━━━━━━━━━━━┳━━━━━━━━━━┳━━━━━━━━┳━━━━━━━━┳━━━━━━━━━━━┳━━━━━━━━┓
┃[1;36m [0m[1;36mClass       [0m[1;36m [0m┃[1;36m [0m[1;36mAP 50:95[0m[1;36m [0m┃[1;36m [0m[1;36m    AR[0m[1;36m [0m┃[1;36m [0m[1;36m    F1[0m[1;36m [0m┃[1;36m [0m[1;36mPrecision[0m[1;36m [0m┃[1;36m [0m[1;36mRecall[0m[1;36m [0m┃
┡━━━━━━━━━━━━━━╇━━━━━━━━━━╇━━━━━━━━╇━━━━━━━━╇━━━━━━━━━━━╇━━━━━━━━┩
│[2m [0m[2mGlassBeadSeg[0m[2m [0m│   0.4119 │ 0.4944 │ 0.8704 │    0.8833 │ 0.8579 │
└──────────────┴──────────┴────────┴────────┴───────────┴────────┘
                              Val — Overall Metrics                             
┏━━━━━━━━━━━━━━━━━━━━━━━━━━┳━━━━━━━━┳━━━━━━━━━━━━━━━━━━━━━━━━━━┳━━━━━━━━━━━━━━━━
━┓
┃           mAP            ┃  mAR   ┃         F1 sweep         ┃     segm mAP   
┃
┡━━━━━━━━┯━━━━━━━━┯━━━━━━━━╇━━━━━━━━╇━━━━━━━━┯━━━━━━━━┯━━━━━━━━╇━━━━━━━━┯━━━━━━━
━┩
│ [1;92m50:95[0m  │   [1;36m50[0m   │   [1;36m75[0m   │  @[1;36m500[0m  │   F1   │  Prec  │ Recall │ [1;92m50:95[0m  │   [1;36m50[0m  
│
├────────┼────────┼────────┼────────┼────────┼────────┼────────┼────────┼───────
─┤
│ [1;36m0.4059[0m │ [1;36m0.8628[0m │ [1;36m0.3060[0m │ [1;36m0.4846[0m │ [1;36m0.8657[0m │ [1;36m0.8865[0m │ [1;36m0.8459[0m │ [1;36m0.3370[0m │ [1;36m0.8347[0m
│
└────────┴────────┴────────┴────────┴────────┴────────┴────────┴────────┴───────
─┘
[1;36m                     Val — Per-class Metrics                      [0m
┏━━━━━━━━━━━━━━┳━━━━━━━━━━┳━━━━━━━━┳━━━━━━━━┳━━━━━━━━━━━┳━━━━━━━━┓
┃[1;36m [0m[1;36mClass       [0m[1;36m [0m┃[1;36m [0m[1;36mAP 50:95[0m[1;36m [0m┃[1;36m [0m[1;36m    AR[0m[1;36m [0m┃[1;36m [0m[1;36m    F1[0m[1;36m [0m┃[1;36m [0m[1;36mPrecision[0m[1;36m [0m┃[1;36m [0m[1;36mRecall[0m[1;36m [0m┃
┡━━━━━━━━━━━━━━╇━━━━━━━━━━╇━━━━━━━━╇━━━━━━━━╇━━━━━━━━━━━╇━━━━━━━━┩
│[2m [0m[2mGlassBeadSeg[0m[2m [0m│   0.4059 │ 0.4846 │ 0.8657 │    0.8865 │ 0.8459 │
└──────────────┴──────────┴────────┴────────┴───────────┴────────┘
                              Val — Overall Metrics                             
┏━━━━━━━━━━━━━━━━━━━━━━━━━━┳━━━━━━━━┳━━━━━━━━━━━━━━━━━━━━━━━━━━┳━━━━━━━━━━━━━━━━
━┓
┃           mAP            ┃  mAR   ┃         F1 sweep         ┃     segm mAP   
┃
┡━━━━━━━━┯━━━━━━━━┯━━━━━━━━╇━━━━━━━━╇━━━━━━━━┯━━━━━━━━┯━━━━━━━━╇━━━━━━━━┯━━━━━━━
━┩
│ [1;92m50:95[0m  │   [1;36m50[0m   │   [1;36m75[0m   │  @[1;36m500[0m  │   F1   │  Prec  │ Recall │ [1;92m50:95[0m  │   [1;36m50[0m  
│
├────────┼────────┼────────┼────────┼────────┼────────┼────────┼────────┼───────
─┤
│ [1;36m0.4015[0m │ [1;36m0.8529[0m │ [1;36m0.2949[0m │ [1;36m0.4751[0m │ [1;36m0.8607[0m │ [1;36m0.8948[0m │ [1;36m0.8290[0m │ [1;36m0.3442[0m │ [1;36m0.8271[0m
│
└────────┴────────┴────────┴────────┴────────┴────────┴────────┴────────┴───────
─┘
[1;36m                     Val — Per-class Metrics                      [0m
┏━━━━━━━━━━━━━━┳━━━━━━━━━━┳━━━━━━━━┳━━━━━━━━┳━━━━━━━━━━━┳━━━━━━━━┓
┃[1;36m [0m[1;36mClass       [0m[1;36m [0m┃[1;36m [0m[1;36mAP 50:95[0m[1;36m [0m┃[1;36m [0m[1;36m    AR[0m[1;36m [0m┃[1;36m [0m[1;36m    F1[0m[1;36m [0m┃[1;36m [0m[1;36mPrecision[0m[1;36m [0m┃[1;36m [0m[1;36mRecall[0m[1;36m [0m┃
┡━━━━━━━━━━━━━━╇━━━━━━━━━━╇━━━━━━━━╇━━━━━━━━╇━━━━━━━━━━━╇━━━━━━━━┩
│[2m [0m[2mGlassBeadSeg[0m[2m [0m│   0.4015 │ 0.4751 │ 0.8607 │    0.8948 │ 0.8290 │
└──────────────┴──────────┴────────┴────────┴───────────┴────────┘
Metric __rfdetr_effective_map__ improved by 0.001 >= min_delta = 0.001. New best score: 0.420
[2026-06-18 18:47:53] [INFO] rf-detr - Best EMA mAP improved to 0.4195 (epoch 52)
                              Val — Overall Metrics                             
┏━━━━━━━━━━━━━━━━━━━━━━━━━━┳━━━━━━━━┳━━━━━━━━━━━━━━━━━━━━━━━━━━┳━━━━━━━━━━━━━━━━
━┓
┃           mAP            ┃  mAR   ┃         F1 sweep         ┃     segm mAP   
┃
┡━━━━━━━━┯━━━━━━━━┯━━━━━━━━╇━━━━━━━━╇━━━━━━━━┯━━━━━━━━┯━━━━━━━━╇━━━━━━━━┯━━━━━━━
━┩
│ [1;92m50:95[0m  │   [1;36m50[0m   │   [1;36m75[0m   │  @[1;36m500[0m  │   F1   │  Prec  │ Recall │ [1;92m50:95[0m  │   [1;36m50[0m  
│
├────────┼────────┼────────┼────────┼────────┼────────┼────────┼────────┼───────
─┤
│ [1;36m0.3719[0m │ [1;36m0.8435[0m │ [1;36m0.2368[0m │ [1;36m0.4558[0m │ [1;36m0.8344[0m │ [1;36m0.8764[0m │ [1;36m0.7962[0m │ [1;36m0.2874[0m │ [1;36m0.7886[0m
│
└────────┴────────┴────────┴────────┴────────┴────────┴────────┴────────┴───────
─┘
[1;36m                     Val — Per-class Metrics                      [0m
┏━━━━━━━━━━━━━━┳━━━━━━━━━━┳━━━━━━━━┳━━━━━━━━┳━━━━━━━━━━━┳━━━━━━━━┓
┃[1;36m [0m[1;36mClass       [0m[1;36m [0m┃[1;36m [0m[1;36mAP 50:95[0m[1;36m [0m┃[1;36m [0m[1;36m    AR[0m[1;36m [0m┃[1;36m [0m[1;36m    F1[0m[1;36m [0m┃[1;36m [0m[1;36mPrecision[0m[1;36m [0m┃[1;36m [0m[1;36mRecall[0m[1;36m [0m┃
┡━━━━━━━━━━━━━━╇━━━━━━━━━━╇━━━━━━━━╇━━━━━━━━╇━━━━━━━━━━━╇━━━━━━━━┩
│[2m [0m[2mGlassBeadSeg[0m[2m [0m│   0.3719 │ 0.4558 │ 0.8344 │    0.8764 │ 0.7962 │
└──────────────┴──────────┴────────┴────────┴───────────┴────────┘
                              Val — Overall Metrics                             
┏━━━━━━━━━━━━━━━━━━━━━━━━━━┳━━━━━━━━┳━━━━━━━━━━━━━━━━━━━━━━━━━━┳━━━━━━━━━━━━━━━━
━┓
┃           mAP            ┃  mAR   ┃         F1 sweep         ┃     segm mAP   
┃
┡━━━━━━━━┯━━━━━━━━┯━━━━━━━━╇━━━━━━━━╇━━━━━━━━┯━━━━━━━━┯━━━━━━━━╇━━━━━━━━┯━━━━━━━
━┩
│ [1;92m50:95[0m  │   [1;36m50[0m   │   [1;36m75[0m   │  @[1;36m500[0m  │   F1   │  Prec  │ Recall │ [1;92m50:95[0m  │   [1;36m50[0m  
│
├────────┼────────┼────────┼────────┼────────┼────────┼────────┼────────┼───────
─┤
│ [1;36m0.3762[0m │ [1;36m0.8514[0m │ [1;36m0.2450[0m │ [1;36m0.4582[0m │ [1;36m0.8671[0m │ [1;36m0.8851[0m │ [1;36m0.8499[0m │ [1;36m0.3468[0m │ [1;36m0.8367[0m
│
└────────┴────────┴────────┴────────┴────────┴────────┴────────┴────────┴───────
─┘
[1;36m                     Val — Per-class Metrics                      [0m
┏━━━━━━━━━━━━━━┳━━━━━━━━━━┳━━━━━━━━┳━━━━━━━━┳━━━━━━━━━━━┳━━━━━━━━┓
┃[1;36m [0m[1;36mClass       [0m[1;36m [0m┃[1;36m [0m[1;36mAP 50:95[0m[1;36m [0m┃[1;36m [0m[1;36m    AR[0m[1;36m [0m┃[1;36m [0m[1;36m    F1[0m[1;36m [0m┃[1;36m [0m[1;36mPrecision[0m[1;36m [0m┃[1;36m [0m[1;36mRecall[0m[1;36m [0m┃
┡━━━━━━━━━━━━━━╇━━━━━━━━━━╇━━━━━━━━╇━━━━━━━━╇━━━━━━━━━━━╇━━━━━━━━┩
│[2m [0m[2mGlassBeadSeg[0m[2m [0m│   0.3762 │ 0.4582 │ 0.8671 │    0.8851 │ 0.8499 │
└──────────────┴──────────┴────────┴────────┴───────────┴────────┘
                              Val — Overall Metrics                             
┏━━━━━━━━━━━━━━━━━━━━━━━━━━┳━━━━━━━━┳━━━━━━━━━━━━━━━━━━━━━━━━━━┳━━━━━━━━━━━━━━━━
━┓
┃           mAP            ┃  mAR   ┃         F1 sweep         ┃     segm mAP   
┃
┡━━━━━━━━┯━━━━━━━━┯━━━━━━━━╇━━━━━━━━╇━━━━━━━━┯━━━━━━━━┯━━━━━━━━╇━━━━━━━━┯━━━━━━━
━┩
│ [1;92m50:95[0m  │   [1;36m50[0m   │   [1;36m75[0m   │  @[1;36m500[0m  │   F1   │  Prec  │ Recall │ [1;92m50:95[0m  │   [1;36m50[0m  
│
├────────┼────────┼────────┼────────┼────────┼────────┼────────┼────────┼───────
─┤
│ [1;36m0.3382[0m │ [1;36m0.7788[0m │ [1;36m0.2073[0m │ [1;36m0.4093[0m │ [1;36m0.8156[0m │ [1;36m0.8944[0m │ [1;36m0.7495[0m │ [1;36m0.3079[0m │ [1;36m0.7651[0m
│
└────────┴────────┴────────┴────────┴────────┴────────┴────────┴────────┴───────
─┘
[1;36m                     Val — Per-class Metrics                      [0m
┏━━━━━━━━━━━━━━┳━━━━━━━━━━┳━━━━━━━━┳━━━━━━━━┳━━━━━━━━━━━┳━━━━━━━━┓
┃[1;36m [0m[1;36mClass       [0m[1;36m [0m┃[1;36m [0m[1;36mAP 50:95[0m[1;36m [0m┃[1;36m [0m[1;36m    AR[0m[1;36m [0m┃[1;36m [0m[1;36m    F1[0m[1;36m [0m┃[1;36m [0m[1;36mPrecision[0m[1;36m [0m┃[1;36m [0m[1;36mRecall[0m[1;36m [0m┃
┡━━━━━━━━━━━━━━╇━━━━━━━━━━╇━━━━━━━━╇━━━━━━━━╇━━━━━━━━━━━╇━━━━━━━━┩
│[2m [0m[2mGlassBeadSeg[0m[2m [0m│   0.3382 │ 0.4093 │ 0.8156 │    0.8944 │ 0.7495 │
└──────────────┴──────────┴────────┴────────┴───────────┴────────┘
                              Val — Overall Metrics                             
┏━━━━━━━━━━━━━━━━━━━━━━━━━━┳━━━━━━━━┳━━━━━━━━━━━━━━━━━━━━━━━━━━┳━━━━━━━━━━━━━━━━
━┓
┃           mAP            ┃  mAR   ┃         F1 sweep         ┃     segm mAP   
┃
┡━━━━━━━━┯━━━━━━━━┯━━━━━━━━╇━━━━━━━━╇━━━━━━━━┯━━━━━━━━┯━━━━━━━━╇━━━━━━━━┯━━━━━━━
━┩
│ [1;92m50:95[0m  │   [1;36m50[0m   │   [1;36m75[0m   │  @[1;36m500[0m  │   F1   │  Prec  │ Recall │ [1;92m50:95[0m  │   [1;36m50[0m  
│
├────────┼────────┼────────┼────────┼────────┼────────┼────────┼────────┼───────
─┤
│ [1;36m0.4079[0m │ [1;36m0.8544[0m │ [1;36m0.3153[0m │ [1;36m0.4888[0m │ [1;36m0.8563[0m │ [1;36m0.8820[0m │ [1;36m0.8320[0m │ [1;36m0.3165[0m │ [1;36m0.8261[0m
│
└────────┴────────┴────────┴────────┴────────┴────────┴────────┴────────┴───────
─┘
[1;36m                     Val — Per-class Metrics                      [0m
┏━━━━━━━━━━━━━━┳━━━━━━━━━━┳━━━━━━━━┳━━━━━━━━┳━━━━━━━━━━━┳━━━━━━━━┓
┃[1;36m [0m[1;36mClass       [0m[1;36m [0m┃[1;36m [0m[1;36mAP 50:95[0m[1;36m [0m┃[1;36m [0m[1;36m    AR[0m[1;36m [0m┃[1;36m [0m[1;36m    F1[0m[1;36m [0m┃[1;36m [0m[1;36mPrecision[0m[1;36m [0m┃[1;36m [0m[1;36mRecall[0m[1;36m [0m┃
┡━━━━━━━━━━━━━━╇━━━━━━━━━━╇━━━━━━━━╇━━━━━━━━╇━━━━━━━━━━━╇━━━━━━━━┩
│[2m [0m[2mGlassBeadSeg[0m[2m [0m│   0.4079 │ 0.4888 │ 0.8563 │    0.8820 │ 0.8320 │
└──────────────┴──────────┴────────┴────────┴───────────┴────────┘
                              Val — Overall Metrics                             
┏━━━━━━━━━━━━━━━━━━━━━━━━━━┳━━━━━━━━┳━━━━━━━━━━━━━━━━━━━━━━━━━━┳━━━━━━━━━━━━━━━━
━┓
┃           mAP            ┃  mAR   ┃         F1 sweep         ┃     segm mAP   
┃
┡━━━━━━━━┯━━━━━━━━┯━━━━━━━━╇━━━━━━━━╇━━━━━━━━┯━━━━━━━━┯━━━━━━━━╇━━━━━━━━┯━━━━━━━
━┩
│ [1;92m50:95[0m  │   [1;36m50[0m   │   [1;36m75[0m   │  @[1;36m500[0m  │   F1   │  Prec  │ Recall │ [1;92m50:95[0m  │   [1;36m50[0m  
│
├────────┼────────┼────────┼────────┼────────┼────────┼────────┼────────┼───────
─┤
│ [1;36m0.3965[0m │ [1;36m0.8542[0m │ [1;36m0.2837[0m │ [1;36m0.4722[0m │ [1;36m0.8752[0m │ [1;36m0.8976[0m │ [1;36m0.8539[0m │ [1;36m0.3441[0m │ [1;36m0.8386[0m
│
└────────┴────────┴────────┴────────┴────────┴────────┴────────┴────────┴───────
─┘
[1;36m                     Val — Per-class Metrics                      [0m
┏━━━━━━━━━━━━━━┳━━━━━━━━━━┳━━━━━━━━┳━━━━━━━━┳━━━━━━━━━━━┳━━━━━━━━┓
┃[1;36m [0m[1;36mClass       [0m[1;36m [0m┃[1;36m [0m[1;36mAP 50:95[0m[1;36m [0m┃[1;36m [0m[1;36m    AR[0m[1;36m [0m┃[1;36m [0m[1;36m    F1[0m[1;36m [0m┃[1;36m [0m[1;36mPrecision[0m[1;36m [0m┃[1;36m [0m[1;36mRecall[0m[1;36m [0m┃
┡━━━━━━━━━━━━━━╇━━━━━━━━━━╇━━━━━━━━╇━━━━━━━━╇━━━━━━━━━━━╇━━━━━━━━┩
│[2m [0m[2mGlassBeadSeg[0m[2m [0m│   0.3965 │ 0.4722 │ 0.8752 │    0.8976 │ 0.8539 │
└──────────────┴──────────┴────────┴────────┴───────────┴────────┘
Metric __rfdetr_effective_map__ improved by 0.001 >= min_delta = 0.001. New best score: 0.421
[2026-06-18 19:04:37] [INFO] rf-detr - Best EMA mAP improved to 0.4205 (epoch 57)
                              Val — Overall Metrics                             
┏━━━━━━━━━━━━━━━━━━━━━━━━━━┳━━━━━━━━┳━━━━━━━━━━━━━━━━━━━━━━━━━━┳━━━━━━━━━━━━━━━━
━┓
┃           mAP            ┃  mAR   ┃         F1 sweep         ┃     segm mAP   
┃
┡━━━━━━━━┯━━━━━━━━┯━━━━━━━━╇━━━━━━━━╇━━━━━━━━┯━━━━━━━━┯━━━━━━━━╇━━━━━━━━┯━━━━━━━
━┩
│ [1;92m50:95[0m  │   [1;36m50[0m   │   [1;36m75[0m   │  @[1;36m500[0m  │   F1   │  Prec  │ Recall │ [1;92m50:95[0m  │   [1;36m50[0m  
│
├────────┼────────┼────────┼────────┼────────┼────────┼────────┼────────┼───────
─┤
│ [1;36m0.4013[0m │ [1;36m0.8575[0m │ [1;36m0.2974[0m │ [1;36m0.4793[0m │ [1;36m0.8760[0m │ [1;36m0.9003[0m │ [1;36m0.8529[0m │ [1;36m0.3610[0m │ [1;36m0.8406[0m
│
└────────┴────────┴────────┴────────┴────────┴────────┴────────┴────────┴───────
─┘
[1;36m                     Val — Per-class Metrics                      [0m
┏━━━━━━━━━━━━━━┳━━━━━━━━━━┳━━━━━━━━┳━━━━━━━━┳━━━━━━━━━━━┳━━━━━━━━┓
┃[1;36m [0m[1;36mClass       [0m[1;36m [0m┃[1;36m [0m[1;36mAP 50:95[0m[1;36m [0m┃[1;36m [0m[1;36m    AR[0m[1;36m [0m┃[1;36m [0m[1;36m    F1[0m[1;36m [0m┃[1;36m [0m[1;36mPrecision[0m[1;36m [0m┃[1;36m [0m[1;36mRecall[0m[1;36m [0m┃
┡━━━━━━━━━━━━━━╇━━━━━━━━━━╇━━━━━━━━╇━━━━━━━━╇━━━━━━━━━━━╇━━━━━━━━┩
│[2m [0m[2mGlassBeadSeg[0m[2m [0m│   0.4013 │ 0.4793 │ 0.8760 │    0.9003 │ 0.8529 │
└──────────────┴──────────┴────────┴────────┴───────────┴────────┘
                              Val — Overall Metrics                             
┏━━━━━━━━━━━━━━━━━━━━━━━━━━┳━━━━━━━━┳━━━━━━━━━━━━━━━━━━━━━━━━━━┳━━━━━━━━━━━━━━━━
━┓
┃           mAP            ┃  mAR   ┃         F1 sweep         ┃     segm mAP   
┃
┡━━━━━━━━┯━━━━━━━━┯━━━━━━━━╇━━━━━━━━╇━━━━━━━━┯━━━━━━━━┯━━━━━━━━╇━━━━━━━━┯━━━━━━━
━┩
│ [1;92m50:95[0m  │   [1;36m50[0m   │   [1;36m75[0m   │  @[1;36m500[0m  │   F1   │  Prec  │ Recall │ [1;92m50:95[0m  │   [1;36m50[0m  
│
├────────┼────────┼────────┼────────┼────────┼────────┼────────┼────────┼───────
─┤
│ [1;36m0.3942[0m │ [1;36m0.8626[0m │ [1;36m0.2695[0m │ [1;36m0.4679[0m │ [1;36m0.8763[0m │ [1;36m0.9056[0m │ [1;36m0.8489[0m │ [1;36m0.3604[0m │ [1;36m0.8498[0m
│
└────────┴────────┴────────┴────────┴────────┴────────┴────────┴────────┴───────
─┘
[1;36m                     Val — Per-class Metrics                      [0m
┏━━━━━━━━━━━━━━┳━━━━━━━━━━┳━━━━━━━━┳━━━━━━━━┳━━━━━━━━━━━┳━━━━━━━━┓
┃[1;36m [0m[1;36mClass       [0m[1;36m [0m┃[1;36m [0m[1;36mAP 50:95[0m[1;36m [0m┃[1;36m [0m[1;36m    AR[0m[1;36m [0m┃[1;36m [0m[1;36m    F1[0m[1;36m [0m┃[1;36m [0m[1;36mPrecision[0m[1;36m [0m┃[1;36m [0m[1;36mRecall[0m[1;36m [0m┃
┡━━━━━━━━━━━━━━╇━━━━━━━━━━╇━━━━━━━━╇━━━━━━━━╇━━━━━━━━━━━╇━━━━━━━━┩
│[2m [0m[2mGlassBeadSeg[0m[2m [0m│   0.3942 │ 0.4679 │ 0.8763 │    0.9056 │ 0.8489 │
└──────────────┴──────────┴────────┴────────┴───────────┴────────┘
                              Val — Overall Metrics                             
┏━━━━━━━━━━━━━━━━━━━━━━━━━━┳━━━━━━━━┳━━━━━━━━━━━━━━━━━━━━━━━━━━┳━━━━━━━━━━━━━━━━
━┓
┃           mAP            ┃  mAR   ┃         F1 sweep         ┃     segm mAP   
┃
┡━━━━━━━━┯━━━━━━━━┯━━━━━━━━╇━━━━━━━━╇━━━━━━━━┯━━━━━━━━┯━━━━━━━━╇━━━━━━━━┯━━━━━━━
━┩
│ [1;92m50:95[0m  │   [1;36m50[0m   │   [1;36m75[0m   │  @[1;36m500[0m  │   F1   │  Prec  │ Recall │ [1;92m50:95[0m  │   [1;36m50[0m  
│
├────────┼────────┼────────┼────────┼────────┼────────┼────────┼────────┼───────
─┤
│ [1;36m0.4190[0m │ [1;36m0.8642[0m │ [1;36m0.3279[0m │ [1;36m0.4976[0m │ [1;36m0.8654[0m │ [1;36m0.9028[0m │ [1;36m0.8310[0m │ [1;36m0.3291[0m │ [1;36m0.8348[0m
│
└────────┴────────┴────────┴────────┴────────┴────────┴────────┴────────┴───────
─┘
[1;36m                     Val — Per-class Metrics                      [0m
┏━━━━━━━━━━━━━━┳━━━━━━━━━━┳━━━━━━━━┳━━━━━━━━┳━━━━━━━━━━━┳━━━━━━━━┓
┃[1;36m [0m[1;36mClass       [0m[1;36m [0m┃[1;36m [0m[1;36mAP 50:95[0m[1;36m [0m┃[1;36m [0m[1;36m    AR[0m[1;36m [0m┃[1;36m [0m[1;36m    F1[0m[1;36m [0m┃[1;36m [0m[1;36mPrecision[0m[1;36m [0m┃[1;36m [0m[1;36mRecall[0m[1;36m [0m┃
┡━━━━━━━━━━━━━━╇━━━━━━━━━━╇━━━━━━━━╇━━━━━━━━╇━━━━━━━━━━━╇━━━━━━━━┩
│[2m [0m[2mGlassBeadSeg[0m[2m [0m│   0.4190 │ 0.4976 │ 0.8654 │    0.9028 │ 0.8310 │
└──────────────┴──────────┴────────┴────────┴───────────┴────────┘
[2026-06-18 19:14:36] [INFO] rf-detr - Best regular mAP saved to /input0/transcoder-st/learn_llm/GrassBeadSeg/models/rfdetr_seg_large/trained/checkpoint_best_regular.pth (epoch 60)
                              Val — Overall Metrics                             
┏━━━━━━━━━━━━━━━━━━━━━━━━━━┳━━━━━━━━┳━━━━━━━━━━━━━━━━━━━━━━━━━━┳━━━━━━━━━━━━━━━━
━┓
┃           mAP            ┃  mAR   ┃         F1 sweep         ┃     segm mAP   
┃
┡━━━━━━━━┯━━━━━━━━┯━━━━━━━━╇━━━━━━━━╇━━━━━━━━┯━━━━━━━━┯━━━━━━━━╇━━━━━━━━┯━━━━━━━
━┩
│ [1;92m50:95[0m  │   [1;36m50[0m   │   [1;36m75[0m   │  @[1;36m500[0m  │   F1   │  Prec  │ Recall │ [1;92m50:95[0m  │   [1;36m50[0m  
│
├────────┼────────┼────────┼────────┼────────┼────────┼────────┼────────┼───────
─┤
│ [1;36m0.4078[0m │ [1;36m0.8658[0m │ [1;36m0.2986[0m │ [1;36m0.4845[0m │ [1;36m0.8722[0m │ [1;36m0.9058[0m │ [1;36m0.8410[0m │ [1;36m0.3418[0m │ [1;36m0.8429[0m
│
└────────┴────────┴────────┴────────┴────────┴────────┴────────┴────────┴───────
─┘
[1;36m                     Val — Per-class Metrics                      [0m
┏━━━━━━━━━━━━━━┳━━━━━━━━━━┳━━━━━━━━┳━━━━━━━━┳━━━━━━━━━━━┳━━━━━━━━┓
┃[1;36m [0m[1;36mClass       [0m[1;36m [0m┃[1;36m [0m[1;36mAP 50:95[0m[1;36m [0m┃[1;36m [0m[1;36m    AR[0m[1;36m [0m┃[1;36m [0m[1;36m    F1[0m[1;36m [0m┃[1;36m [0m[1;36mPrecision[0m[1;36m [0m┃[1;36m [0m[1;36mRecall[0m[1;36m [0m┃
┡━━━━━━━━━━━━━━╇━━━━━━━━━━╇━━━━━━━━╇━━━━━━━━╇━━━━━━━━━━━╇━━━━━━━━┩
│[2m [0m[2mGlassBeadSeg[0m[2m [0m│   0.4078 │ 0.4845 │ 0.8722 │    0.9058 │ 0.8410 │
└──────────────┴──────────┴────────┴────────┴───────────┴────────┘
[2026-06-18 19:17:56] [INFO] rf-detr - Best EMA mAP improved to 0.4209 (epoch 61)
                              Val — Overall Metrics                             
┏━━━━━━━━━━━━━━━━━━━━━━━━━━┳━━━━━━━━┳━━━━━━━━━━━━━━━━━━━━━━━━━━┳━━━━━━━━━━━━━━━━
━┓
┃           mAP            ┃  mAR   ┃         F1 sweep         ┃     segm mAP   
┃
┡━━━━━━━━┯━━━━━━━━┯━━━━━━━━╇━━━━━━━━╇━━━━━━━━┯━━━━━━━━┯━━━━━━━━╇━━━━━━━━┯━━━━━━━
━┩
│ [1;92m50:95[0m  │   [1;36m50[0m   │   [1;36m75[0m   │  @[1;36m500[0m  │   F1   │  Prec  │ Recall │ [1;92m50:95[0m  │   [1;36m50[0m  
│
├────────┼────────┼────────┼────────┼────────┼────────┼────────┼────────┼───────
─┤
│ [1;36m0.3990[0m │ [1;36m0.8520[0m │ [1;36m0.2928[0m │ [1;36m0.4775[0m │ [1;36m0.8775[0m │ [1;36m0.8864[0m │ [1;36m0.8688[0m │ [1;36m0.3735[0m │ [1;36m0.8398[0m
│
└────────┴────────┴────────┴────────┴────────┴────────┴────────┴────────┴───────
─┘
[1;36m                     Val — Per-class Metrics                      [0m
┏━━━━━━━━━━━━━━┳━━━━━━━━━━┳━━━━━━━━┳━━━━━━━━┳━━━━━━━━━━━┳━━━━━━━━┓
┃[1;36m [0m[1;36mClass       [0m[1;36m [0m┃[1;36m [0m[1;36mAP 50:95[0m[1;36m [0m┃[1;36m [0m[1;36m    AR[0m[1;36m [0m┃[1;36m [0m[1;36m    F1[0m[1;36m [0m┃[1;36m [0m[1;36mPrecision[0m[1;36m [0m┃[1;36m [0m[1;36mRecall[0m[1;36m [0m┃
┡━━━━━━━━━━━━━━╇━━━━━━━━━━╇━━━━━━━━╇━━━━━━━━╇━━━━━━━━━━━╇━━━━━━━━┩
│[2m [0m[2mGlassBeadSeg[0m[2m [0m│   0.3990 │ 0.4775 │ 0.8775 │    0.8864 │ 0.8688 │
└──────────────┴──────────┴────────┴────────┴───────────┴────────┘
                              Val — Overall Metrics                             
┏━━━━━━━━━━━━━━━━━━━━━━━━━━┳━━━━━━━━┳━━━━━━━━━━━━━━━━━━━━━━━━━━┳━━━━━━━━━━━━━━━━
━┓
┃           mAP            ┃  mAR   ┃         F1 sweep         ┃     segm mAP   
┃
┡━━━━━━━━┯━━━━━━━━┯━━━━━━━━╇━━━━━━━━╇━━━━━━━━┯━━━━━━━━┯━━━━━━━━╇━━━━━━━━┯━━━━━━━
━┩
│ [1;92m50:95[0m  │   [1;36m50[0m   │   [1;36m75[0m   │  @[1;36m500[0m  │   F1   │  Prec  │ Recall │ [1;92m50:95[0m  │   [1;36m50[0m  
│
├────────┼────────┼────────┼────────┼────────┼────────┼────────┼────────┼───────
─┤
│ [1;36m0.4178[0m │ [1;36m0.8641[0m │ [1;36m0.3256[0m │ [1;36m0.4956[0m │ [1;36m0.8779[0m │ [1;36m0.8914[0m │ [1;36m0.8648[0m │ [1;36m0.3544[0m │ [1;36m0.8395[0m
│
└────────┴────────┴────────┴────────┴────────┴────────┴────────┴────────┴───────
─┘
[1;36m                     Val — Per-class Metrics                      [0m
┏━━━━━━━━━━━━━━┳━━━━━━━━━━┳━━━━━━━━┳━━━━━━━━┳━━━━━━━━━━━┳━━━━━━━━┓
┃[1;36m [0m[1;36mClass       [0m[1;36m [0m┃[1;36m [0m[1;36mAP 50:95[0m[1;36m [0m┃[1;36m [0m[1;36m    AR[0m[1;36m [0m┃[1;36m [0m[1;36m    F1[0m[1;36m [0m┃[1;36m [0m[1;36mPrecision[0m[1;36m [0m┃[1;36m [0m[1;36mRecall[0m[1;36m [0m┃
┡━━━━━━━━━━━━━━╇━━━━━━━━━━╇━━━━━━━━╇━━━━━━━━╇━━━━━━━━━━━╇━━━━━━━━┩
│[2m [0m[2mGlassBeadSeg[0m[2m [0m│   0.4178 │ 0.4956 │ 0.8779 │    0.8914 │ 0.8648 │
└──────────────┴──────────┴────────┴────────┴───────────┴────────┘
Metric __rfdetr_effective_map__ improved by 0.003 >= min_delta = 0.001. New best score: 0.423
[2026-06-18 19:24:36] [INFO] rf-detr - Best EMA mAP improved to 0.4234 (epoch 63)
                              Val — Overall Metrics                             
┏━━━━━━━━━━━━━━━━━━━━━━━━━━┳━━━━━━━━┳━━━━━━━━━━━━━━━━━━━━━━━━━━┳━━━━━━━━━━━━━━━━
━┓
┃           mAP            ┃  mAR   ┃         F1 sweep         ┃     segm mAP   
┃
┡━━━━━━━━┯━━━━━━━━┯━━━━━━━━╇━━━━━━━━╇━━━━━━━━┯━━━━━━━━┯━━━━━━━━╇━━━━━━━━┯━━━━━━━
━┩
│ [1;92m50:95[0m  │   [1;36m50[0m   │   [1;36m75[0m   │  @[1;36m500[0m  │   F1   │  Prec  │ Recall │ [1;92m50:95[0m  │   [1;36m50[0m  
│
├────────┼────────┼────────┼────────┼────────┼────────┼────────┼────────┼───────
─┤
│ [1;36m0.3931[0m │ [1;36m0.8634[0m │ [1;36m0.2788[0m │ [1;36m0.4701[0m │ [1;36m0.8667[0m │ [1;36m0.8737[0m │ [1;36m0.8598[0m │ [1;36m0.3431[0m │ [1;36m0.8363[0m
│
└────────┴────────┴────────┴────────┴────────┴────────┴────────┴────────┴───────
─┘
[1;36m                     Val — Per-class Metrics                      [0m
┏━━━━━━━━━━━━━━┳━━━━━━━━━━┳━━━━━━━━┳━━━━━━━━┳━━━━━━━━━━━┳━━━━━━━━┓
┃[1;36m [0m[1;36mClass       [0m[1;36m [0m┃[1;36m [0m[1;36mAP 50:95[0m[1;36m [0m┃[1;36m [0m[1;36m    AR[0m[1;36m [0m┃[1;36m [0m[1;36m    F1[0m[1;36m [0m┃[1;36m [0m[1;36mPrecision[0m[1;36m [0m┃[1;36m [0m[1;36mRecall[0m[1;36m [0m┃
┡━━━━━━━━━━━━━━╇━━━━━━━━━━╇━━━━━━━━╇━━━━━━━━╇━━━━━━━━━━━╇━━━━━━━━┩
│[2m [0m[2mGlassBeadSeg[0m[2m [0m│   0.3931 │ 0.4701 │ 0.8667 │    0.8737 │ 0.8598 │
└──────────────┴──────────┴────────┴────────┴───────────┴────────┘
Metric __rfdetr_effective_map__ improved by 0.007 >= min_delta = 0.001. New best score: 0.430
[2026-06-18 19:27:57] [INFO] rf-detr - Best EMA mAP improved to 0.4300 (epoch 64)
                              Val — Overall Metrics                             
┏━━━━━━━━━━━━━━━━━━━━━━━━━━┳━━━━━━━━┳━━━━━━━━━━━━━━━━━━━━━━━━━━┳━━━━━━━━━━━━━━━━
━┓
┃           mAP            ┃  mAR   ┃         F1 sweep         ┃     segm mAP   
┃
┡━━━━━━━━┯━━━━━━━━┯━━━━━━━━╇━━━━━━━━╇━━━━━━━━┯━━━━━━━━┯━━━━━━━━╇━━━━━━━━┯━━━━━━━
━┩
│ [1;92m50:95[0m  │   [1;36m50[0m   │   [1;36m75[0m   │  @[1;36m500[0m  │   F1   │  Prec  │ Recall │ [1;92m50:95[0m  │   [1;36m50[0m  
│
├────────┼────────┼────────┼────────┼────────┼────────┼────────┼────────┼───────
─┤
│ [1;36m0.4206[0m │ [1;36m0.8630[0m │ [1;36m0.3394[0m │ [1;36m0.4994[0m │ [1;36m0.8816[0m │ [1;36m0.9057[0m │ [1;36m0.8588[0m │ [1;36m0.3584[0m │ [1;36m0.8498[0m
│
└────────┴────────┴────────┴────────┴────────┴────────┴────────┴────────┴───────
─┘
[1;36m                     Val — Per-class Metrics                      [0m
┏━━━━━━━━━━━━━━┳━━━━━━━━━━┳━━━━━━━━┳━━━━━━━━┳━━━━━━━━━━━┳━━━━━━━━┓
┃[1;36m [0m[1;36mClass       [0m[1;36m [0m┃[1;36m [0m[1;36mAP 50:95[0m[1;36m [0m┃[1;36m [0m[1;36m    AR[0m[1;36m [0m┃[1;36m [0m[1;36m    F1[0m[1;36m [0m┃[1;36m [0m[1;36mPrecision[0m[1;36m [0m┃[1;36m [0m[1;36mRecall[0m[1;36m [0m┃
┡━━━━━━━━━━━━━━╇━━━━━━━━━━╇━━━━━━━━╇━━━━━━━━╇━━━━━━━━━━━╇━━━━━━━━┩
│[2m [0m[2mGlassBeadSeg[0m[2m [0m│   0.4206 │ 0.4994 │ 0.8816 │    0.9057 │ 0.8588 │
└──────────────┴──────────┴────────┴────────┴───────────┴────────┘
[2026-06-18 19:31:17] [INFO] rf-detr - Best regular mAP saved to /input0/transcoder-st/learn_llm/GrassBeadSeg/models/rfdetr_seg_large/trained/checkpoint_best_regular.pth (epoch 65)
                              Val — Overall Metrics                             
┏━━━━━━━━━━━━━━━━━━━━━━━━━━┳━━━━━━━━┳━━━━━━━━━━━━━━━━━━━━━━━━━━┳━━━━━━━━━━━━━━━━
━┓
┃           mAP            ┃  mAR   ┃         F1 sweep         ┃     segm mAP   
┃
┡━━━━━━━━┯━━━━━━━━┯━━━━━━━━╇━━━━━━━━╇━━━━━━━━┯━━━━━━━━┯━━━━━━━━╇━━━━━━━━┯━━━━━━━
━┩
│ [1;92m50:95[0m  │   [1;36m50[0m   │   [1;36m75[0m   │  @[1;36m500[0m  │   F1   │  Prec  │ Recall │ [1;92m50:95[0m  │   [1;36m50[0m  
│
├────────┼────────┼────────┼────────┼────────┼────────┼────────┼────────┼───────
─┤
│ [1;36m0.3829[0m │ [1;36m0.8413[0m │ [1;36m0.2647[0m │ [1;36m0.4719[0m │ [1;36m0.8728[0m │ [1;36m0.9015[0m │ [1;36m0.8459[0m │ [1;36m0.3703[0m │ [1;36m0.8391[0m
│
└────────┴────────┴────────┴────────┴────────┴────────┴────────┴────────┴───────
─┘
[1;36m                     Val — Per-class Metrics                      [0m
┏━━━━━━━━━━━━━━┳━━━━━━━━━━┳━━━━━━━━┳━━━━━━━━┳━━━━━━━━━━━┳━━━━━━━━┓
┃[1;36m [0m[1;36mClass       [0m[1;36m [0m┃[1;36m [0m[1;36mAP 50:95[0m[1;36m [0m┃[1;36m [0m[1;36m    AR[0m[1;36m [0m┃[1;36m [0m[1;36m    F1[0m[1;36m [0m┃[1;36m [0m[1;36mPrecision[0m[1;36m [0m┃[1;36m [0m[1;36mRecall[0m[1;36m [0m┃
┡━━━━━━━━━━━━━━╇━━━━━━━━━━╇━━━━━━━━╇━━━━━━━━╇━━━━━━━━━━━╇━━━━━━━━┩
│[2m [0m[2mGlassBeadSeg[0m[2m [0m│   0.3829 │ 0.4719 │ 0.8728 │    0.9015 │ 0.8459 │
└──────────────┴──────────┴────────┴────────┴───────────┴────────┘
                              Val — Overall Metrics                             
┏━━━━━━━━━━━━━━━━━━━━━━━━━━┳━━━━━━━━┳━━━━━━━━━━━━━━━━━━━━━━━━━━┳━━━━━━━━━━━━━━━━
━┓
┃           mAP            ┃  mAR   ┃         F1 sweep         ┃     segm mAP   
┃
┡━━━━━━━━┯━━━━━━━━┯━━━━━━━━╇━━━━━━━━╇━━━━━━━━┯━━━━━━━━┯━━━━━━━━╇━━━━━━━━┯━━━━━━━
━┩
│ [1;92m50:95[0m  │   [1;36m50[0m   │   [1;36m75[0m   │  @[1;36m500[0m  │   F1   │  Prec  │ Recall │ [1;92m50:95[0m  │   [1;36m50[0m  
│
├────────┼────────┼────────┼────────┼────────┼────────┼────────┼────────┼───────
─┤
│ [1;36m0.4248[0m │ [1;36m0.8669[0m │ [1;36m0.3575[0m │ [1;36m0.5011[0m │ [1;36m0.8880[0m │ [1;36m0.9102[0m │ [1;36m0.8668[0m │ [1;36m0.3984[0m │ [1;36m0.8641[0m
│
└────────┴────────┴────────┴────────┴────────┴────────┴────────┴────────┴───────
─┘
[1;36m                     Val — Per-class Metrics                      [0m
┏━━━━━━━━━━━━━━┳━━━━━━━━━━┳━━━━━━━━┳━━━━━━━━┳━━━━━━━━━━━┳━━━━━━━━┓
┃[1;36m [0m[1;36mClass       [0m[1;36m [0m┃[1;36m [0m[1;36mAP 50:95[0m[1;36m [0m┃[1;36m [0m[1;36m    AR[0m[1;36m [0m┃[1;36m [0m[1;36m    F1[0m[1;36m [0m┃[1;36m [0m[1;36mPrecision[0m[1;36m [0m┃[1;36m [0m[1;36mRecall[0m[1;36m [0m┃
┡━━━━━━━━━━━━━━╇━━━━━━━━━━╇━━━━━━━━╇━━━━━━━━╇━━━━━━━━━━━╇━━━━━━━━┩
│[2m [0m[2mGlassBeadSeg[0m[2m [0m│   0.4248 │ 0.5011 │ 0.8880 │    0.9102 │ 0.8668 │
└──────────────┴──────────┴────────┴────────┴───────────┴────────┘
[2026-06-18 19:37:57] [INFO] rf-detr - Best regular mAP saved to /input0/transcoder-st/learn_llm/GrassBeadSeg/models/rfdetr_seg_large/trained/checkpoint_best_regular.pth (epoch 67)
                              Val — Overall Metrics                             
┏━━━━━━━━━━━━━━━━━━━━━━━━━━┳━━━━━━━━┳━━━━━━━━━━━━━━━━━━━━━━━━━━┳━━━━━━━━━━━━━━━━
━┓
┃           mAP            ┃  mAR   ┃         F1 sweep         ┃     segm mAP   
┃
┡━━━━━━━━┯━━━━━━━━┯━━━━━━━━╇━━━━━━━━╇━━━━━━━━┯━━━━━━━━┯━━━━━━━━╇━━━━━━━━┯━━━━━━━
━┩
│ [1;92m50:95[0m  │   [1;36m50[0m   │   [1;36m75[0m   │  @[1;36m500[0m  │   F1   │  Prec  │ Recall │ [1;92m50:95[0m  │   [1;36m50[0m  
│
├────────┼────────┼────────┼────────┼────────┼────────┼────────┼────────┼───────
─┤
│ [1;36m0.4253[0m │ [1;36m0.8661[0m │ [1;36m0.3515[0m │ [1;36m0.5023[0m │ [1;36m0.8774[0m │ [1;36m0.9103[0m │ [1;36m0.8469[0m │ [1;36m0.3577[0m │ [1;36m0.8421[0m
│
└────────┴────────┴────────┴────────┴────────┴────────┴────────┴────────┴───────
─┘
[1;36m                     Val — Per-class Metrics                      [0m
┏━━━━━━━━━━━━━━┳━━━━━━━━━━┳━━━━━━━━┳━━━━━━━━┳━━━━━━━━━━━┳━━━━━━━━┓
┃[1;36m [0m[1;36mClass       [0m[1;36m [0m┃[1;36m [0m[1;36mAP 50:95[0m[1;36m [0m┃[1;36m [0m[1;36m    AR[0m[1;36m [0m┃[1;36m [0m[1;36m    F1[0m[1;36m [0m┃[1;36m [0m[1;36mPrecision[0m[1;36m [0m┃[1;36m [0m[1;36mRecall[0m[1;36m [0m┃
┡━━━━━━━━━━━━━━╇━━━━━━━━━━╇━━━━━━━━╇━━━━━━━━╇━━━━━━━━━━━╇━━━━━━━━┩
│[2m [0m[2mGlassBeadSeg[0m[2m [0m│   0.4253 │ 0.5023 │ 0.8774 │    0.9103 │ 0.8469 │
└──────────────┴──────────┴────────┴────────┴───────────┴────────┘
[2026-06-18 19:41:20] [INFO] rf-detr - Best regular mAP saved to /input0/transcoder-st/learn_llm/GrassBeadSeg/models/rfdetr_seg_large/trained/checkpoint_best_regular.pth (epoch 68)
                              Val — Overall Metrics                             
┏━━━━━━━━━━━━━━━━━━━━━━━━━━┳━━━━━━━━┳━━━━━━━━━━━━━━━━━━━━━━━━━━┳━━━━━━━━━━━━━━━━
━┓
┃           mAP            ┃  mAR   ┃         F1 sweep         ┃     segm mAP   
┃
┡━━━━━━━━┯━━━━━━━━┯━━━━━━━━╇━━━━━━━━╇━━━━━━━━┯━━━━━━━━┯━━━━━━━━╇━━━━━━━━┯━━━━━━━
━┩
│ [1;92m50:95[0m  │   [1;36m50[0m   │   [1;36m75[0m   │  @[1;36m500[0m  │   F1   │  Prec  │ Recall │ [1;92m50:95[0m  │   [1;36m50[0m  
│
├────────┼────────┼────────┼────────┼────────┼────────┼────────┼────────┼───────
─┤
│ [1;36m0.4136[0m │ [1;36m0.8549[0m │ [1;36m0.3248[0m │ [1;36m0.4892[0m │ [1;36m0.8765[0m │ [1;36m0.9004[0m │ [1;36m0.8539[0m │ [1;36m0.3662[0m │ [1;36m0.8418[0m
│
└────────┴────────┴────────┴────────┴────────┴────────┴────────┴────────┴───────
─┘
[1;36m                     Val — Per-class Metrics                      [0m
┏━━━━━━━━━━━━━━┳━━━━━━━━━━┳━━━━━━━━┳━━━━━━━━┳━━━━━━━━━━━┳━━━━━━━━┓
┃[1;36m [0m[1;36mClass       [0m[1;36m [0m┃[1;36m [0m[1;36mAP 50:95[0m[1;36m [0m┃[1;36m [0m[1;36m    AR[0m[1;36m [0m┃[1;36m [0m[1;36m    F1[0m[1;36m [0m┃[1;36m [0m[1;36mPrecision[0m[1;36m [0m┃[1;36m [0m[1;36mRecall[0m[1;36m [0m┃
┡━━━━━━━━━━━━━━╇━━━━━━━━━━╇━━━━━━━━╇━━━━━━━━╇━━━━━━━━━━━╇━━━━━━━━┩
│[2m [0m[2mGlassBeadSeg[0m[2m [0m│   0.4136 │ 0.4892 │ 0.8765 │    0.9004 │ 0.8539 │
└──────────────┴──────────┴────────┴────────┴───────────┴────────┘
                              Val — Overall Metrics                             
┏━━━━━━━━━━━━━━━━━━━━━━━━━━┳━━━━━━━━┳━━━━━━━━━━━━━━━━━━━━━━━━━━┳━━━━━━━━━━━━━━━━
━┓
┃           mAP            ┃  mAR   ┃         F1 sweep         ┃     segm mAP   
┃
┡━━━━━━━━┯━━━━━━━━┯━━━━━━━━╇━━━━━━━━╇━━━━━━━━┯━━━━━━━━┯━━━━━━━━╇━━━━━━━━┯━━━━━━━
━┩
│ [1;92m50:95[0m  │   [1;36m50[0m   │   [1;36m75[0m   │  @[1;36m500[0m  │   F1   │  Prec  │ Recall │ [1;92m50:95[0m  │   [1;36m50[0m  
│
├────────┼────────┼────────┼────────┼────────┼────────┼────────┼────────┼───────
─┤
│ [1;36m0.4180[0m │ [1;36m0.8564[0m │ [1;36m0.3198[0m │ [1;36m0.4942[0m │ [1;36m0.8806[0m │ [1;36m0.8969[0m │ [1;36m0.8648[0m │ [1;36m0.3730[0m │ [1;36m0.8533[0m
│
└────────┴────────┴────────┴────────┴────────┴────────┴────────┴────────┴───────
─┘
[1;36m                     Val — Per-class Metrics                      [0m
┏━━━━━━━━━━━━━━┳━━━━━━━━━━┳━━━━━━━━┳━━━━━━━━┳━━━━━━━━━━━┳━━━━━━━━┓
┃[1;36m [0m[1;36mClass       [0m[1;36m [0m┃[1;36m [0m[1;36mAP 50:95[0m[1;36m [0m┃[1;36m [0m[1;36m    AR[0m[1;36m [0m┃[1;36m [0m[1;36m    F1[0m[1;36m [0m┃[1;36m [0m[1;36mPrecision[0m[1;36m [0m┃[1;36m [0m[1;36mRecall[0m[1;36m [0m┃
┡━━━━━━━━━━━━━━╇━━━━━━━━━━╇━━━━━━━━╇━━━━━━━━╇━━━━━━━━━━━╇━━━━━━━━┩
│[2m [0m[2mGlassBeadSeg[0m[2m [0m│   0.4180 │ 0.4942 │ 0.8806 │    0.8969 │ 0.8648 │
└──────────────┴──────────┴────────┴────────┴───────────┴────────┘
Metric __rfdetr_effective_map__ improved by 0.002 >= min_delta = 0.001. New best score: 0.432
[2026-06-18 19:48:09] [INFO] rf-detr - Best EMA mAP improved to 0.4317 (epoch 70)
                              Val — Overall Metrics                             
┏━━━━━━━━━━━━━━━━━━━━━━━━━━┳━━━━━━━━┳━━━━━━━━━━━━━━━━━━━━━━━━━━┳━━━━━━━━━━━━━━━━
━┓
┃           mAP            ┃  mAR   ┃         F1 sweep         ┃     segm mAP   
┃
┡━━━━━━━━┯━━━━━━━━┯━━━━━━━━╇━━━━━━━━╇━━━━━━━━┯━━━━━━━━┯━━━━━━━━╇━━━━━━━━┯━━━━━━━
━┩
│ [1;92m50:95[0m  │   [1;36m50[0m   │   [1;36m75[0m   │  @[1;36m500[0m  │   F1   │  Prec  │ Recall │ [1;92m50:95[0m  │   [1;36m50[0m  
│
├────────┼────────┼────────┼────────┼────────┼────────┼────────┼────────┼───────
─┤
│ [1;36m0.4089[0m │ [1;36m0.8688[0m │ [1;36m0.2948[0m │ [1;36m0.4841[0m │ [1;36m0.8744[0m │ [1;36m0.8992[0m │ [1;36m0.8509[0m │ [1;36m0.3640[0m │ [1;36m0.8425[0m
│
└────────┴────────┴────────┴────────┴────────┴────────┴────────┴────────┴───────
─┘
[1;36m                     Val — Per-class Metrics                      [0m
┏━━━━━━━━━━━━━━┳━━━━━━━━━━┳━━━━━━━━┳━━━━━━━━┳━━━━━━━━━━━┳━━━━━━━━┓
┃[1;36m [0m[1;36mClass       [0m[1;36m [0m┃[1;36m [0m[1;36mAP 50:95[0m[1;36m [0m┃[1;36m [0m[1;36m    AR[0m[1;36m [0m┃[1;36m [0m[1;36m    F1[0m[1;36m [0m┃[1;36m [0m[1;36mPrecision[0m[1;36m [0m┃[1;36m [0m[1;36mRecall[0m[1;36m [0m┃
┡━━━━━━━━━━━━━━╇━━━━━━━━━━╇━━━━━━━━╇━━━━━━━━╇━━━━━━━━━━━╇━━━━━━━━┩
│[2m [0m[2mGlassBeadSeg[0m[2m [0m│   0.4089 │ 0.4841 │ 0.8744 │    0.8992 │ 0.8509 │
└──────────────┴──────────┴────────┴────────┴───────────┴────────┘
                              Val — Overall Metrics                             
┏━━━━━━━━━━━━━━━━━━━━━━━━━━┳━━━━━━━━┳━━━━━━━━━━━━━━━━━━━━━━━━━━┳━━━━━━━━━━━━━━━━
━┓
┃           mAP            ┃  mAR   ┃         F1 sweep         ┃     segm mAP   
┃
┡━━━━━━━━┯━━━━━━━━┯━━━━━━━━╇━━━━━━━━╇━━━━━━━━┯━━━━━━━━┯━━━━━━━━╇━━━━━━━━┯━━━━━━━
━┩
│ [1;92m50:95[0m  │   [1;36m50[0m   │   [1;36m75[0m   │  @[1;36m500[0m  │   F1   │  Prec  │ Recall │ [1;92m50:95[0m  │   [1;36m50[0m  
│
├────────┼────────┼────────┼────────┼────────┼────────┼────────┼────────┼───────
─┤
│ [1;36m0.4165[0m │ [1;36m0.8671[0m │ [1;36m0.3151[0m │ [1;36m0.4940[0m │ [1;36m0.8837[0m │ [1;36m0.9078[0m │ [1;36m0.8608[0m │ [1;36m0.3701[0m │ [1;36m0.8527[0m
│
└────────┴────────┴────────┴────────┴────────┴────────┴────────┴────────┴───────
─┘
[1;36m                     Val — Per-class Metrics                      [0m
┏━━━━━━━━━━━━━━┳━━━━━━━━━━┳━━━━━━━━┳━━━━━━━━┳━━━━━━━━━━━┳━━━━━━━━┓
┃[1;36m [0m[1;36mClass       [0m[1;36m [0m┃[1;36m [0m[1;36mAP 50:95[0m[1;36m [0m┃[1;36m [0m[1;36m    AR[0m[1;36m [0m┃[1;36m [0m[1;36m    F1[0m[1;36m [0m┃[1;36m [0m[1;36mPrecision[0m[1;36m [0m┃[1;36m [0m[1;36mRecall[0m[1;36m [0m┃
┡━━━━━━━━━━━━━━╇━━━━━━━━━━╇━━━━━━━━╇━━━━━━━━╇━━━━━━━━━━━╇━━━━━━━━┩
│[2m [0m[2mGlassBeadSeg[0m[2m [0m│   0.4165 │ 0.4940 │ 0.8837 │    0.9078 │ 0.8608 │
└──────────────┴──────────┴────────┴────────┴───────────┴────────┘
                              Val — Overall Metrics                             
┏━━━━━━━━━━━━━━━━━━━━━━━━━━┳━━━━━━━━┳━━━━━━━━━━━━━━━━━━━━━━━━━━┳━━━━━━━━━━━━━━━━
━┓
┃           mAP            ┃  mAR   ┃         F1 sweep         ┃     segm mAP   
┃
┡━━━━━━━━┯━━━━━━━━┯━━━━━━━━╇━━━━━━━━╇━━━━━━━━┯━━━━━━━━┯━━━━━━━━╇━━━━━━━━┯━━━━━━━
━┩
│ [1;92m50:95[0m  │   [1;36m50[0m   │   [1;36m75[0m   │  @[1;36m500[0m  │   F1   │  Prec  │ Recall │ [1;92m50:95[0m  │   [1;36m50[0m  
│
├────────┼────────┼────────┼────────┼────────┼────────┼────────┼────────┼───────
─┤
│ [1;36m0.4257[0m │ [1;36m0.8656[0m │ [1;36m0.3557[0m │ [1;36m0.5024[0m │ [1;36m0.8747[0m │ [1;36m0.8967[0m │ [1;36m0.8539[0m │ [1;36m0.3398[0m │ [1;36m0.8405[0m
│
└────────┴────────┴────────┴────────┴────────┴────────┴────────┴────────┴───────
─┘
[1;36m                     Val — Per-class Metrics                      [0m
┏━━━━━━━━━━━━━━┳━━━━━━━━━━┳━━━━━━━━┳━━━━━━━━┳━━━━━━━━━━━┳━━━━━━━━┓
┃[1;36m [0m[1;36mClass       [0m[1;36m [0m┃[1;36m [0m[1;36mAP 50:95[0m[1;36m [0m┃[1;36m [0m[1;36m    AR[0m[1;36m [0m┃[1;36m [0m[1;36m    F1[0m[1;36m [0m┃[1;36m [0m[1;36mPrecision[0m[1;36m [0m┃[1;36m [0m[1;36mRecall[0m[1;36m [0m┃
┡━━━━━━━━━━━━━━╇━━━━━━━━━━╇━━━━━━━━╇━━━━━━━━╇━━━━━━━━━━━╇━━━━━━━━┩
│[2m [0m[2mGlassBeadSeg[0m[2m [0m│   0.4257 │ 0.5024 │ 0.8747 │    0.8967 │ 0.8539 │
└──────────────┴──────────┴────────┴────────┴───────────┴────────┘
[2026-06-18 19:58:07] [INFO] rf-detr - Best regular mAP saved to /input0/transcoder-st/learn_llm/GrassBeadSeg/models/rfdetr_seg_large/trained/checkpoint_best_regular.pth (epoch 73)
                              Val — Overall Metrics                             
┏━━━━━━━━━━━━━━━━━━━━━━━━━━┳━━━━━━━━┳━━━━━━━━━━━━━━━━━━━━━━━━━━┳━━━━━━━━━━━━━━━━
━┓
┃           mAP            ┃  mAR   ┃         F1 sweep         ┃     segm mAP   
┃
┡━━━━━━━━┯━━━━━━━━┯━━━━━━━━╇━━━━━━━━╇━━━━━━━━┯━━━━━━━━┯━━━━━━━━╇━━━━━━━━┯━━━━━━━
━┩
│ [1;92m50:95[0m  │   [1;36m50[0m   │   [1;36m75[0m   │  @[1;36m500[0m  │   F1   │  Prec  │ Recall │ [1;92m50:95[0m  │   [1;36m50[0m  
│
├────────┼────────┼────────┼────────┼────────┼────────┼────────┼────────┼───────
─┤
│ [1;36m0.4283[0m │ [1;36m0.8677[0m │ [1;36m0.3505[0m │ [1;36m0.5003[0m │ [1;36m0.8909[0m │ [1;36m0.9098[0m │ [1;36m0.8728[0m │ [1;36m0.3907[0m │ [1;36m0.8633[0m
│
└────────┴────────┴────────┴────────┴────────┴────────┴────────┴────────┴───────
─┘
[1;36m                     Val — Per-class Metrics                      [0m
┏━━━━━━━━━━━━━━┳━━━━━━━━━━┳━━━━━━━━┳━━━━━━━━┳━━━━━━━━━━━┳━━━━━━━━┓
┃[1;36m [0m[1;36mClass       [0m[1;36m [0m┃[1;36m [0m[1;36mAP 50:95[0m[1;36m [0m┃[1;36m [0m[1;36m    AR[0m[1;36m [0m┃[1;36m [0m[1;36m    F1[0m[1;36m [0m┃[1;36m [0m[1;36mPrecision[0m[1;36m [0m┃[1;36m [0m[1;36mRecall[0m[1;36m [0m┃
┡━━━━━━━━━━━━━━╇━━━━━━━━━━╇━━━━━━━━╇━━━━━━━━╇━━━━━━━━━━━╇━━━━━━━━┩
│[2m [0m[2mGlassBeadSeg[0m[2m [0m│   0.4283 │ 0.5003 │ 0.8909 │    0.9098 │ 0.8728 │
└──────────────┴──────────┴────────┴────────┴───────────┴────────┘
[2026-06-18 20:01:30] [INFO] rf-detr - Best regular mAP saved to /input0/transcoder-st/learn_llm/GrassBeadSeg/models/rfdetr_seg_large/trained/checkpoint_best_regular.pth (epoch 74)
                              Val — Overall Metrics                             
┏━━━━━━━━━━━━━━━━━━━━━━━━━━┳━━━━━━━━┳━━━━━━━━━━━━━━━━━━━━━━━━━━┳━━━━━━━━━━━━━━━━
━┓
┃           mAP            ┃  mAR   ┃         F1 sweep         ┃     segm mAP   
┃
┡━━━━━━━━┯━━━━━━━━┯━━━━━━━━╇━━━━━━━━╇━━━━━━━━┯━━━━━━━━┯━━━━━━━━╇━━━━━━━━┯━━━━━━━
━┩
│ [1;92m50:95[0m  │   [1;36m50[0m   │   [1;36m75[0m   │  @[1;36m500[0m  │   F1   │  Prec  │ Recall │ [1;92m50:95[0m  │   [1;36m50[0m  
│
├────────┼────────┼────────┼────────┼────────┼────────┼────────┼────────┼───────
─┤
│ [1;36m0.4097[0m │ [1;36m0.8573[0m │ [1;36m0.2993[0m │ [1;36m0.4867[0m │ [1;36m0.8834[0m │ [1;36m0.9095[0m │ [1;36m0.8588[0m │ [1;36m0.3759[0m │ [1;36m0.8531[0m
│
└────────┴────────┴────────┴────────┴────────┴────────┴────────┴────────┴───────
─┘
[1;36m                     Val — Per-class Metrics                      [0m
┏━━━━━━━━━━━━━━┳━━━━━━━━━━┳━━━━━━━━┳━━━━━━━━┳━━━━━━━━━━━┳━━━━━━━━┓
┃[1;36m [0m[1;36mClass       [0m[1;36m [0m┃[1;36m [0m[1;36mAP 50:95[0m[1;36m [0m┃[1;36m [0m[1;36m    AR[0m[1;36m [0m┃[1;36m [0m[1;36m    F1[0m[1;36m [0m┃[1;36m [0m[1;36mPrecision[0m[1;36m [0m┃[1;36m [0m[1;36mRecall[0m[1;36m [0m┃
┡━━━━━━━━━━━━━━╇━━━━━━━━━━╇━━━━━━━━╇━━━━━━━━╇━━━━━━━━━━━╇━━━━━━━━┩
│[2m [0m[2mGlassBeadSeg[0m[2m [0m│   0.4097 │ 0.4867 │ 0.8834 │    0.9095 │ 0.8588 │
└──────────────┴──────────┴────────┴────────┴───────────┴────────┘
                              Val — Overall Metrics                             
┏━━━━━━━━━━━━━━━━━━━━━━━━━━┳━━━━━━━━┳━━━━━━━━━━━━━━━━━━━━━━━━━━┳━━━━━━━━━━━━━━━━
━┓
┃           mAP            ┃  mAR   ┃         F1 sweep         ┃     segm mAP   
┃
┡━━━━━━━━┯━━━━━━━━┯━━━━━━━━╇━━━━━━━━╇━━━━━━━━┯━━━━━━━━┯━━━━━━━━╇━━━━━━━━┯━━━━━━━
━┩
│ [1;92m50:95[0m  │   [1;36m50[0m   │   [1;36m75[0m   │  @[1;36m500[0m  │   F1   │  Prec  │ Recall │ [1;92m50:95[0m  │   [1;36m50[0m  
│
├────────┼────────┼────────┼────────┼────────┼────────┼────────┼────────┼───────
─┤
│ [1;36m0.4162[0m │ [1;36m0.8677[0m │ [1;36m0.3245[0m │ [1;36m0.4945[0m │ [1;36m0.8664[0m │ [1;36m0.8792[0m │ [1;36m0.8539[0m │ [1;36m0.3191[0m │ [1;36m0.8277[0m
│
└────────┴────────┴────────┴────────┴────────┴────────┴────────┴────────┴───────
─┘
[1;36m                     Val — Per-class Metrics                      [0m
┏━━━━━━━━━━━━━━┳━━━━━━━━━━┳━━━━━━━━┳━━━━━━━━┳━━━━━━━━━━━┳━━━━━━━━┓
┃[1;36m [0m[1;36mClass       [0m[1;36m [0m┃[1;36m [0m[1;36mAP 50:95[0m[1;36m [0m┃[1;36m [0m[1;36m    AR[0m[1;36m [0m┃[1;36m [0m[1;36m    F1[0m[1;36m [0m┃[1;36m [0m[1;36mPrecision[0m[1;36m [0m┃[1;36m [0m[1;36mRecall[0m[1;36m [0m┃
┡━━━━━━━━━━━━━━╇━━━━━━━━━━╇━━━━━━━━╇━━━━━━━━╇━━━━━━━━━━━╇━━━━━━━━┩
│[2m [0m[2mGlassBeadSeg[0m[2m [0m│   0.4162 │ 0.4945 │ 0.8664 │    0.8792 │ 0.8539 │
└──────────────┴──────────┴────────┴────────┴───────────┴────────┘
                              Val — Overall Metrics                             
┏━━━━━━━━━━━━━━━━━━━━━━━━━━┳━━━━━━━━┳━━━━━━━━━━━━━━━━━━━━━━━━━━┳━━━━━━━━━━━━━━━━
━┓
┃           mAP            ┃  mAR   ┃         F1 sweep         ┃     segm mAP   
┃
┡━━━━━━━━┯━━━━━━━━┯━━━━━━━━╇━━━━━━━━╇━━━━━━━━┯━━━━━━━━┯━━━━━━━━╇━━━━━━━━┯━━━━━━━
━┩
│ [1;92m50:95[0m  │   [1;36m50[0m   │   [1;36m75[0m   │  @[1;36m500[0m  │   F1   │  Prec  │ Recall │ [1;92m50:95[0m  │   [1;36m50[0m  
│
├────────┼────────┼────────┼────────┼────────┼────────┼────────┼────────┼───────
─┤
│ [1;36m0.4322[0m │ [1;36m0.8680[0m │ [1;36m0.3671[0m │ [1;36m0.5067[0m │ [1;36m0.8847[0m │ [1;36m0.8887[0m │ [1;36m0.8807[0m │ [1;36m0.3785[0m │ [1;36m0.8542[0m
│
└────────┴────────┴────────┴────────┴────────┴────────┴────────┴────────┴───────
─┘
[1;36m                     Val — Per-class Metrics                      [0m
┏━━━━━━━━━━━━━━┳━━━━━━━━━━┳━━━━━━━━┳━━━━━━━━┳━━━━━━━━━━━┳━━━━━━━━┓
┃[1;36m [0m[1;36mClass       [0m[1;36m [0m┃[1;36m [0m[1;36mAP 50:95[0m[1;36m [0m┃[1;36m [0m[1;36m    AR[0m[1;36m [0m┃[1;36m [0m[1;36m    F1[0m[1;36m [0m┃[1;36m [0m[1;36mPrecision[0m[1;36m [0m┃[1;36m [0m[1;36mRecall[0m[1;36m [0m┃
┡━━━━━━━━━━━━━━╇━━━━━━━━━━╇━━━━━━━━╇━━━━━━━━╇━━━━━━━━━━━╇━━━━━━━━┩
│[2m [0m[2mGlassBeadSeg[0m[2m [0m│   0.4322 │ 0.5067 │ 0.8847 │    0.8887 │ 0.8807 │
└──────────────┴──────────┴────────┴────────┴───────────┴────────┘
[2026-06-18 20:11:35] [INFO] rf-detr - Best regular mAP saved to /input0/transcoder-st/learn_llm/GrassBeadSeg/models/rfdetr_seg_large/trained/checkpoint_best_regular.pth (epoch 77)
                              Val — Overall Metrics                             
┏━━━━━━━━━━━━━━━━━━━━━━━━━━┳━━━━━━━━┳━━━━━━━━━━━━━━━━━━━━━━━━━━┳━━━━━━━━━━━━━━━━
━┓
┃           mAP            ┃  mAR   ┃         F1 sweep         ┃     segm mAP   
┃
┡━━━━━━━━┯━━━━━━━━┯━━━━━━━━╇━━━━━━━━╇━━━━━━━━┯━━━━━━━━┯━━━━━━━━╇━━━━━━━━┯━━━━━━━
━┩
│ [1;92m50:95[0m  │   [1;36m50[0m   │   [1;36m75[0m   │  @[1;36m500[0m  │   F1   │  Prec  │ Recall │ [1;92m50:95[0m  │   [1;36m50[0m  
│
├────────┼────────┼────────┼────────┼────────┼────────┼────────┼────────┼───────
─┤
│ [1;36m0.4276[0m │ [1;36m0.8760[0m │ [1;36m0.3641[0m │ [1;36m0.5059[0m │ [1;36m0.8787[0m │ [1;36m0.9017[0m │ [1;36m0.8569[0m │ [1;36m0.3715[0m │ [1;36m0.8492[0m
│
└────────┴────────┴────────┴────────┴────────┴────────┴────────┴────────┴───────
─┘
[1;36m                     Val — Per-class Metrics                      [0m
┏━━━━━━━━━━━━━━┳━━━━━━━━━━┳━━━━━━━━┳━━━━━━━━┳━━━━━━━━━━━┳━━━━━━━━┓
┃[1;36m [0m[1;36mClass       [0m[1;36m [0m┃[1;36m [0m[1;36mAP 50:95[0m[1;36m [0m┃[1;36m [0m[1;36m    AR[0m[1;36m [0m┃[1;36m [0m[1;36m    F1[0m[1;36m [0m┃[1;36m [0m[1;36mPrecision[0m[1;36m [0m┃[1;36m [0m[1;36mRecall[0m[1;36m [0m┃
┡━━━━━━━━━━━━━━╇━━━━━━━━━━╇━━━━━━━━╇━━━━━━━━╇━━━━━━━━━━━╇━━━━━━━━┩
│[2m [0m[2mGlassBeadSeg[0m[2m [0m│   0.4276 │ 0.5059 │ 0.8787 │    0.9017 │ 0.8569 │
└──────────────┴──────────┴────────┴────────┴───────────┴────────┘
                              Val — Overall Metrics                             
┏━━━━━━━━━━━━━━━━━━━━━━━━━━┳━━━━━━━━┳━━━━━━━━━━━━━━━━━━━━━━━━━━┳━━━━━━━━━━━━━━━━
━┓
┃           mAP            ┃  mAR   ┃         F1 sweep         ┃     segm mAP   
┃
┡━━━━━━━━┯━━━━━━━━┯━━━━━━━━╇━━━━━━━━╇━━━━━━━━┯━━━━━━━━┯━━━━━━━━╇━━━━━━━━┯━━━━━━━
━┩
│ [1;92m50:95[0m  │   [1;36m50[0m   │   [1;36m75[0m   │  @[1;36m500[0m  │   F1   │  Prec  │ Recall │ [1;92m50:95[0m  │   [1;36m50[0m  
│
├────────┼────────┼────────┼────────┼────────┼────────┼────────┼────────┼───────
─┤
│ [1;36m0.3872[0m │ [1;36m0.8622[0m │ [1;36m0.2688[0m │ [1;36m0.4594[0m │ [1;36m0.8613[0m │ [1;36m0.8741[0m │ [1;36m0.8489[0m │ [1;36m0.3318[0m │ [1;36m0.8215[0m
│
└────────┴────────┴────────┴────────┴────────┴────────┴────────┴────────┴───────
─┘
[1;36m                     Val — Per-class Metrics                      [0m
┏━━━━━━━━━━━━━━┳━━━━━━━━━━┳━━━━━━━━┳━━━━━━━━┳━━━━━━━━━━━┳━━━━━━━━┓
┃[1;36m [0m[1;36mClass       [0m[1;36m [0m┃[1;36m [0m[1;36mAP 50:95[0m[1;36m [0m┃[1;36m [0m[1;36m    AR[0m[1;36m [0m┃[1;36m [0m[1;36m    F1[0m[1;36m [0m┃[1;36m [0m[1;36mPrecision[0m[1;36m [0m┃[1;36m [0m[1;36mRecall[0m[1;36m [0m┃
┡━━━━━━━━━━━━━━╇━━━━━━━━━━╇━━━━━━━━╇━━━━━━━━╇━━━━━━━━━━━╇━━━━━━━━┩
│[2m [0m[2mGlassBeadSeg[0m[2m [0m│   0.3872 │ 0.4594 │ 0.8613 │    0.8741 │ 0.8489 │
└──────────────┴──────────┴────────┴────────┴───────────┴────────┘
                              Val — Overall Metrics                             
┏━━━━━━━━━━━━━━━━━━━━━━━━━━┳━━━━━━━━┳━━━━━━━━━━━━━━━━━━━━━━━━━━┳━━━━━━━━━━━━━━━━
━┓
┃           mAP            ┃  mAR   ┃         F1 sweep         ┃     segm mAP   
┃
┡━━━━━━━━┯━━━━━━━━┯━━━━━━━━╇━━━━━━━━╇━━━━━━━━┯━━━━━━━━┯━━━━━━━━╇━━━━━━━━┯━━━━━━━
━┩
│ [1;92m50:95[0m  │   [1;36m50[0m   │   [1;36m75[0m   │  @[1;36m500[0m  │   F1   │  Prec  │ Recall │ [1;92m50:95[0m  │   [1;36m50[0m  
│
├────────┼────────┼────────┼────────┼────────┼────────┼────────┼────────┼───────
─┤
│ [1;36m0.4253[0m │ [1;36m0.8656[0m │ [1;36m0.3522[0m │ [1;36m0.5037[0m │ [1;36m0.8716[0m │ [1;36m0.8944[0m │ [1;36m0.8499[0m │ [1;36m0.3428[0m │ [1;36m0.8392[0m
│
└────────┴────────┴────────┴────────┴────────┴────────┴────────┴────────┴───────
─┘
[1;36m                     Val — Per-class Metrics                      [0m
┏━━━━━━━━━━━━━━┳━━━━━━━━━━┳━━━━━━━━┳━━━━━━━━┳━━━━━━━━━━━┳━━━━━━━━┓
┃[1;36m [0m[1;36mClass       [0m[1;36m [0m┃[1;36m [0m[1;36mAP 50:95[0m[1;36m [0m┃[1;36m [0m[1;36m    AR[0m[1;36m [0m┃[1;36m [0m[1;36m    F1[0m[1;36m [0m┃[1;36m [0m[1;36mPrecision[0m[1;36m [0m┃[1;36m [0m[1;36mRecall[0m[1;36m [0m┃
┡━━━━━━━━━━━━━━╇━━━━━━━━━━╇━━━━━━━━╇━━━━━━━━╇━━━━━━━━━━━╇━━━━━━━━┩
│[2m [0m[2mGlassBeadSeg[0m[2m [0m│   0.4253 │ 0.5037 │ 0.8716 │    0.8944 │ 0.8499 │
└──────────────┴──────────┴────────┴────────┴───────────┴────────┘
                              Val — Overall Metrics                             
┏━━━━━━━━━━━━━━━━━━━━━━━━━━┳━━━━━━━━┳━━━━━━━━━━━━━━━━━━━━━━━━━━┳━━━━━━━━━━━━━━━━
━┓
┃           mAP            ┃  mAR   ┃         F1 sweep         ┃     segm mAP   
┃
┡━━━━━━━━┯━━━━━━━━┯━━━━━━━━╇━━━━━━━━╇━━━━━━━━┯━━━━━━━━┯━━━━━━━━╇━━━━━━━━┯━━━━━━━
━┩
│ [1;92m50:95[0m  │   [1;36m50[0m   │   [1;36m75[0m   │  @[1;36m500[0m  │   F1   │  Prec  │ Recall │ [1;92m50:95[0m  │   [1;36m50[0m  
│
├────────┼────────┼────────┼────────┼────────┼────────┼────────┼────────┼───────
─┤
│ [1;36m0.4288[0m │ [1;36m0.8751[0m │ [1;36m0.3512[0m │ [1;36m0.5078[0m │ [1;36m0.8823[0m │ [1;36m0.8972[0m │ [1;36m0.8678[0m │ [1;36m0.3843[0m │ [1;36m0.8519[0m
│
└────────┴────────┴────────┴────────┴────────┴────────┴────────┴────────┴───────
─┘
[1;36m                     Val — Per-class Metrics                      [0m
┏━━━━━━━━━━━━━━┳━━━━━━━━━━┳━━━━━━━━┳━━━━━━━━┳━━━━━━━━━━━┳━━━━━━━━┓
┃[1;36m [0m[1;36mClass       [0m[1;36m [0m┃[1;36m [0m[1;36mAP 50:95[0m[1;36m [0m┃[1;36m [0m[1;36m    AR[0m[1;36m [0m┃[1;36m [0m[1;36m    F1[0m[1;36m [0m┃[1;36m [0m[1;36mPrecision[0m[1;36m [0m┃[1;36m [0m[1;36mRecall[0m[1;36m [0m┃
┡━━━━━━━━━━━━━━╇━━━━━━━━━━╇━━━━━━━━╇━━━━━━━━╇━━━━━━━━━━━╇━━━━━━━━┩
│[2m [0m[2mGlassBeadSeg[0m[2m [0m│   0.4288 │ 0.5078 │ 0.8823 │    0.8972 │ 0.8678 │
└──────────────┴──────────┴────────┴────────┴───────────┴────────┘
                              Val — Overall Metrics                             
┏━━━━━━━━━━━━━━━━━━━━━━━━━━┳━━━━━━━━┳━━━━━━━━━━━━━━━━━━━━━━━━━━┳━━━━━━━━━━━━━━━━
━┓
┃           mAP            ┃  mAR   ┃         F1 sweep         ┃     segm mAP   
┃
┡━━━━━━━━┯━━━━━━━━┯━━━━━━━━╇━━━━━━━━╇━━━━━━━━┯━━━━━━━━┯━━━━━━━━╇━━━━━━━━┯━━━━━━━
━┩
│ [1;92m50:95[0m  │   [1;36m50[0m   │   [1;36m75[0m   │  @[1;36m500[0m  │   F1   │  Prec  │ Recall │ [1;92m50:95[0m  │   [1;36m50[0m  
│
├────────┼────────┼────────┼────────┼────────┼────────┼────────┼────────┼───────
─┤
│ [1;36m0.4370[0m │ [1;36m0.8668[0m │ [1;36m0.3895[0m │ [1;36m0.5102[0m │ [1;36m0.8884[0m │ [1;36m0.9112[0m │ [1;36m0.8668[0m │ [1;36m0.3886[0m │ [1;36m0.8644[0m
│
└────────┴────────┴────────┴────────┴────────┴────────┴────────┴────────┴───────
─┘
[1;36m                     Val — Per-class Metrics                      [0m
┏━━━━━━━━━━━━━━┳━━━━━━━━━━┳━━━━━━━━┳━━━━━━━━┳━━━━━━━━━━━┳━━━━━━━━┓
┃[1;36m [0m[1;36mClass       [0m[1;36m [0m┃[1;36m [0m[1;36mAP 50:95[0m[1;36m [0m┃[1;36m [0m[1;36m    AR[0m[1;36m [0m┃[1;36m [0m[1;36m    F1[0m[1;36m [0m┃[1;36m [0m[1;36mPrecision[0m[1;36m [0m┃[1;36m [0m[1;36mRecall[0m[1;36m [0m┃
┡━━━━━━━━━━━━━━╇━━━━━━━━━━╇━━━━━━━━╇━━━━━━━━╇━━━━━━━━━━━╇━━━━━━━━┩
│[2m [0m[2mGlassBeadSeg[0m[2m [0m│   0.4370 │ 0.5102 │ 0.8884 │    0.9112 │ 0.8668 │
└──────────────┴──────────┴────────┴────────┴───────────┴────────┘
Metric __rfdetr_effective_map__ improved by 0.005 >= min_delta = 0.001. New best score: 0.437
[2026-06-18 20:28:24] [INFO] rf-detr - Best regular mAP saved to /input0/transcoder-st/learn_llm/GrassBeadSeg/models/rfdetr_seg_large/trained/checkpoint_best_regular.pth (epoch 82)
                              Val — Overall Metrics                             
┏━━━━━━━━━━━━━━━━━━━━━━━━━━┳━━━━━━━━┳━━━━━━━━━━━━━━━━━━━━━━━━━━┳━━━━━━━━━━━━━━━━
━┓
┃           mAP            ┃  mAR   ┃         F1 sweep         ┃     segm mAP   
┃
┡━━━━━━━━┯━━━━━━━━┯━━━━━━━━╇━━━━━━━━╇━━━━━━━━┯━━━━━━━━┯━━━━━━━━╇━━━━━━━━┯━━━━━━━
━┩
│ [1;92m50:95[0m  │   [1;36m50[0m   │   [1;36m75[0m   │  @[1;36m500[0m  │   F1   │  Prec  │ Recall │ [1;92m50:95[0m  │   [1;36m50[0m  
│
├────────┼────────┼────────┼────────┼────────┼────────┼────────┼────────┼───────
─┤
│ [1;36m0.4214[0m │ [1;36m0.8659[0m │ [1;36m0.3331[0m │ [1;36m0.5007[0m │ [1;36m0.8883[0m │ [1;36m0.8992[0m │ [1;36m0.8777[0m │ [1;36m0.3647[0m │ [1;36m0.8531[0m
│
└────────┴────────┴────────┴────────┴────────┴────────┴────────┴────────┴───────
─┘
[1;36m                     Val — Per-class Metrics                      [0m
┏━━━━━━━━━━━━━━┳━━━━━━━━━━┳━━━━━━━━┳━━━━━━━━┳━━━━━━━━━━━┳━━━━━━━━┓
┃[1;36m [0m[1;36mClass       [0m[1;36m [0m┃[1;36m [0m[1;36mAP 50:95[0m[1;36m [0m┃[1;36m [0m[1;36m    AR[0m[1;36m [0m┃[1;36m [0m[1;36m    F1[0m[1;36m [0m┃[1;36m [0m[1;36mPrecision[0m[1;36m [0m┃[1;36m [0m[1;36mRecall[0m[1;36m [0m┃
┡━━━━━━━━━━━━━━╇━━━━━━━━━━╇━━━━━━━━╇━━━━━━━━╇━━━━━━━━━━━╇━━━━━━━━┩
│[2m [0m[2mGlassBeadSeg[0m[2m [0m│   0.4214 │ 0.5007 │ 0.8883 │    0.8992 │ 0.8777 │
└──────────────┴──────────┴────────┴────────┴───────────┴────────┘
[2026-06-18 20:31:45] [INFO] rf-detr - Best EMA mAP improved to 0.4327 (epoch 83)
                              Val — Overall Metrics                             
┏━━━━━━━━━━━━━━━━━━━━━━━━━━┳━━━━━━━━┳━━━━━━━━━━━━━━━━━━━━━━━━━━┳━━━━━━━━━━━━━━━━
━┓
┃           mAP            ┃  mAR   ┃         F1 sweep         ┃     segm mAP   
┃
┡━━━━━━━━┯━━━━━━━━┯━━━━━━━━╇━━━━━━━━╇━━━━━━━━┯━━━━━━━━┯━━━━━━━━╇━━━━━━━━┯━━━━━━━
━┩
│ [1;92m50:95[0m  │   [1;36m50[0m   │   [1;36m75[0m   │  @[1;36m500[0m  │   F1   │  Prec  │ Recall │ [1;92m50:95[0m  │   [1;36m50[0m  
│
├────────┼────────┼────────┼────────┼────────┼────────┼────────┼────────┼───────
─┤
│ [1;36m0.4079[0m │ [1;36m0.8645[0m │ [1;36m0.3270[0m │ [1;36m0.4874[0m │ [1;36m0.8744[0m │ [1;36m0.8949[0m │ [1;36m0.8549[0m │ [1;36m0.3377[0m │ [1;36m0.8369[0m
│
└────────┴────────┴────────┴────────┴────────┴────────┴────────┴────────┴───────
─┘
[1;36m                     Val — Per-class Metrics                      [0m
┏━━━━━━━━━━━━━━┳━━━━━━━━━━┳━━━━━━━━┳━━━━━━━━┳━━━━━━━━━━━┳━━━━━━━━┓
┃[1;36m [0m[1;36mClass       [0m[1;36m [0m┃[1;36m [0m[1;36mAP 50:95[0m[1;36m [0m┃[1;36m [0m[1;36m    AR[0m[1;36m [0m┃[1;36m [0m[1;36m    F1[0m[1;36m [0m┃[1;36m [0m[1;36mPrecision[0m[1;36m [0m┃[1;36m [0m[1;36mRecall[0m[1;36m [0m┃
┡━━━━━━━━━━━━━━╇━━━━━━━━━━╇━━━━━━━━╇━━━━━━━━╇━━━━━━━━━━━╇━━━━━━━━┩
│[2m [0m[2mGlassBeadSeg[0m[2m [0m│   0.4079 │ 0.4874 │ 0.8744 │    0.8949 │ 0.8549 │
└──────────────┴──────────┴────────┴────────┴───────────┴────────┘
                              Val — Overall Metrics                             
┏━━━━━━━━━━━━━━━━━━━━━━━━━━┳━━━━━━━━┳━━━━━━━━━━━━━━━━━━━━━━━━━━┳━━━━━━━━━━━━━━━━
━┓
┃           mAP            ┃  mAR   ┃         F1 sweep         ┃     segm mAP   
┃
┡━━━━━━━━┯━━━━━━━━┯━━━━━━━━╇━━━━━━━━╇━━━━━━━━┯━━━━━━━━┯━━━━━━━━╇━━━━━━━━┯━━━━━━━
━┩
│ [1;92m50:95[0m  │   [1;36m50[0m   │   [1;36m75[0m   │  @[1;36m500[0m  │   F1   │  Prec  │ Recall │ [1;92m50:95[0m  │   [1;36m50[0m  
│
├────────┼────────┼────────┼────────┼────────┼────────┼────────┼────────┼───────
─┤
│ [1;36m0.3950[0m │ [1;36m0.8541[0m │ [1;36m0.2743[0m │ [1;36m0.4735[0m │ [1;36m0.8805[0m │ [1;36m0.9055[0m │ [1;36m0.8569[0m │ [1;36m0.3618[0m │ [1;36m0.8437[0m
│
└────────┴────────┴────────┴────────┴────────┴────────┴────────┴────────┴───────
─┘
[1;36m                     Val — Per-class Metrics                      [0m
┏━━━━━━━━━━━━━━┳━━━━━━━━━━┳━━━━━━━━┳━━━━━━━━┳━━━━━━━━━━━┳━━━━━━━━┓
┃[1;36m [0m[1;36mClass       [0m[1;36m [0m┃[1;36m [0m[1;36mAP 50:95[0m[1;36m [0m┃[1;36m [0m[1;36m    AR[0m[1;36m [0m┃[1;36m [0m[1;36m    F1[0m[1;36m [0m┃[1;36m [0m[1;36mPrecision[0m[1;36m [0m┃[1;36m [0m[1;36mRecall[0m[1;36m [0m┃
┡━━━━━━━━━━━━━━╇━━━━━━━━━━╇━━━━━━━━╇━━━━━━━━╇━━━━━━━━━━━╇━━━━━━━━┩
│[2m [0m[2mGlassBeadSeg[0m[2m [0m│   0.3950 │ 0.4735 │ 0.8805 │    0.9055 │ 0.8569 │
└──────────────┴──────────┴────────┴────────┴───────────┴────────┘
                              Val — Overall Metrics                             
┏━━━━━━━━━━━━━━━━━━━━━━━━━━┳━━━━━━━━┳━━━━━━━━━━━━━━━━━━━━━━━━━━┳━━━━━━━━━━━━━━━━
━┓
┃           mAP            ┃  mAR   ┃         F1 sweep         ┃     segm mAP   
┃
┡━━━━━━━━┯━━━━━━━━┯━━━━━━━━╇━━━━━━━━╇━━━━━━━━┯━━━━━━━━┯━━━━━━━━╇━━━━━━━━┯━━━━━━━
━┩
│ [1;92m50:95[0m  │   [1;36m50[0m   │   [1;36m75[0m   │  @[1;36m500[0m  │   F1   │  Prec  │ Recall │ [1;92m50:95[0m  │   [1;36m50[0m  
│
├────────┼────────┼────────┼────────┼────────┼────────┼────────┼────────┼───────
─┤
│ [1;36m0.4164[0m │ [1;36m0.8643[0m │ [1;36m0.3137[0m │ [1;36m0.4914[0m │ [1;36m0.8862[0m │ [1;36m0.9022[0m │ [1;36m0.8708[0m │ [1;36m0.3722[0m │ [1;36m0.8519[0m
│
└────────┴────────┴────────┴────────┴────────┴────────┴────────┴────────┴───────
─┘
[1;36m                     Val — Per-class Metrics                      [0m
┏━━━━━━━━━━━━━━┳━━━━━━━━━━┳━━━━━━━━┳━━━━━━━━┳━━━━━━━━━━━┳━━━━━━━━┓
┃[1;36m [0m[1;36mClass       [0m[1;36m [0m┃[1;36m [0m[1;36mAP 50:95[0m[1;36m [0m┃[1;36m [0m[1;36m    AR[0m[1;36m [0m┃[1;36m [0m[1;36m    F1[0m[1;36m [0m┃[1;36m [0m[1;36mPrecision[0m[1;36m [0m┃[1;36m [0m[1;36mRecall[0m[1;36m [0m┃
┡━━━━━━━━━━━━━━╇━━━━━━━━━━╇━━━━━━━━╇━━━━━━━━╇━━━━━━━━━━━╇━━━━━━━━┩
│[2m [0m[2mGlassBeadSeg[0m[2m [0m│   0.4164 │ 0.4914 │ 0.8862 │    0.9022 │ 0.8708 │
└──────────────┴──────────┴────────┴────────┴───────────┴────────┘
[2026-06-18 20:41:49] [INFO] rf-detr - Best EMA mAP improved to 0.4343 (epoch 86)
                              Val — Overall Metrics                             
┏━━━━━━━━━━━━━━━━━━━━━━━━━━┳━━━━━━━━┳━━━━━━━━━━━━━━━━━━━━━━━━━━┳━━━━━━━━━━━━━━━━
━┓
┃           mAP            ┃  mAR   ┃         F1 sweep         ┃     segm mAP   
┃
┡━━━━━━━━┯━━━━━━━━┯━━━━━━━━╇━━━━━━━━╇━━━━━━━━┯━━━━━━━━┯━━━━━━━━╇━━━━━━━━┯━━━━━━━
━┩
│ [1;92m50:95[0m  │   [1;36m50[0m   │   [1;36m75[0m   │  @[1;36m500[0m  │   F1   │  Prec  │ Recall │ [1;92m50:95[0m  │   [1;36m50[0m  
│
├────────┼────────┼────────┼────────┼────────┼────────┼────────┼────────┼───────
─┤
│ [1;36m0.4332[0m │ [1;36m0.8666[0m │ [1;36m0.3690[0m │ [1;36m0.5078[0m │ [1;36m0.8832[0m │ [1;36m0.9025[0m │ [1;36m0.8648[0m │ [1;36m0.3681[0m │ [1;36m0.8517[0m
│
└────────┴────────┴────────┴────────┴────────┴────────┴────────┴────────┴───────
─┘
[1;36m                     Val — Per-class Metrics                      [0m
┏━━━━━━━━━━━━━━┳━━━━━━━━━━┳━━━━━━━━┳━━━━━━━━┳━━━━━━━━━━━┳━━━━━━━━┓
┃[1;36m [0m[1;36mClass       [0m[1;36m [0m┃[1;36m [0m[1;36mAP 50:95[0m[1;36m [0m┃[1;36m [0m[1;36m    AR[0m[1;36m [0m┃[1;36m [0m[1;36m    F1[0m[1;36m [0m┃[1;36m [0m[1;36mPrecision[0m[1;36m [0m┃[1;36m [0m[1;36mRecall[0m[1;36m [0m┃
┡━━━━━━━━━━━━━━╇━━━━━━━━━━╇━━━━━━━━╇━━━━━━━━╇━━━━━━━━━━━╇━━━━━━━━┩
│[2m [0m[2mGlassBeadSeg[0m[2m [0m│   0.4332 │ 0.5078 │ 0.8832 │    0.9025 │ 0.8648 │
└──────────────┴──────────┴────────┴────────┴───────────┴────────┘
                              Val — Overall Metrics                             
┏━━━━━━━━━━━━━━━━━━━━━━━━━━┳━━━━━━━━┳━━━━━━━━━━━━━━━━━━━━━━━━━━┳━━━━━━━━━━━━━━━━
━┓
┃           mAP            ┃  mAR   ┃         F1 sweep         ┃     segm mAP   
┃
┡━━━━━━━━┯━━━━━━━━┯━━━━━━━━╇━━━━━━━━╇━━━━━━━━┯━━━━━━━━┯━━━━━━━━╇━━━━━━━━┯━━━━━━━
━┩
│ [1;92m50:95[0m  │   [1;36m50[0m   │   [1;36m75[0m   │  @[1;36m500[0m  │   F1   │  Prec  │ Recall │ [1;92m50:95[0m  │   [1;36m50[0m  
│
├────────┼────────┼────────┼────────┼────────┼────────┼────────┼────────┼───────
─┤
│ [1;36m0.4347[0m │ [1;36m0.8772[0m │ [1;36m0.3468[0m │ [1;36m0.5105[0m │ [1;36m0.8888[0m │ [1;36m0.9086[0m │ [1;36m0.8698[0m │ [1;36m0.3758[0m │ [1;36m0.8616[0m
│
└────────┴────────┴────────┴────────┴────────┴────────┴────────┴────────┴───────
─┘
[1;36m                     Val — Per-class Metrics                      [0m
┏━━━━━━━━━━━━━━┳━━━━━━━━━━┳━━━━━━━━┳━━━━━━━━┳━━━━━━━━━━━┳━━━━━━━━┓
┃[1;36m [0m[1;36mClass       [0m[1;36m [0m┃[1;36m [0m[1;36mAP 50:95[0m[1;36m [0m┃[1;36m [0m[1;36m    AR[0m[1;36m [0m┃[1;36m [0m[1;36m    F1[0m[1;36m [0m┃[1;36m [0m[1;36mPrecision[0m[1;36m [0m┃[1;36m [0m[1;36mRecall[0m[1;36m [0m┃
┡━━━━━━━━━━━━━━╇━━━━━━━━━━╇━━━━━━━━╇━━━━━━━━╇━━━━━━━━━━━╇━━━━━━━━┩
│[2m [0m[2mGlassBeadSeg[0m[2m [0m│   0.4347 │ 0.5105 │ 0.8888 │    0.9086 │ 0.8698 │
└──────────────┴──────────┴────────┴────────┴───────────┴────────┘
                              Val — Overall Metrics                             
┏━━━━━━━━━━━━━━━━━━━━━━━━━━┳━━━━━━━━┳━━━━━━━━━━━━━━━━━━━━━━━━━━┳━━━━━━━━━━━━━━━━
━┓
┃           mAP            ┃  mAR   ┃         F1 sweep         ┃     segm mAP   
┃
┡━━━━━━━━┯━━━━━━━━┯━━━━━━━━╇━━━━━━━━╇━━━━━━━━┯━━━━━━━━┯━━━━━━━━╇━━━━━━━━┯━━━━━━━
━┩
│ [1;92m50:95[0m  │   [1;36m50[0m   │   [1;36m75[0m   │  @[1;36m500[0m  │   F1   │  Prec  │ Recall │ [1;92m50:95[0m  │   [1;36m50[0m  
│
├────────┼────────┼────────┼────────┼────────┼────────┼────────┼────────┼───────
─┤
│ [1;36m0.4334[0m │ [1;36m0.8772[0m │ [1;36m0.3697[0m │ [1;36m0.5102[0m │ [1;36m0.8851[0m │ [1;36m0.8978[0m │ [1;36m0.8728[0m │ [1;36m0.3691[0m │ [1;36m0.8532[0m
│
└────────┴────────┴────────┴────────┴────────┴────────┴────────┴────────┴───────
─┘
[1;36m                     Val — Per-class Metrics                      [0m
┏━━━━━━━━━━━━━━┳━━━━━━━━━━┳━━━━━━━━┳━━━━━━━━┳━━━━━━━━━━━┳━━━━━━━━┓
┃[1;36m [0m[1;36mClass       [0m[1;36m [0m┃[1;36m [0m[1;36mAP 50:95[0m[1;36m [0m┃[1;36m [0m[1;36m    AR[0m[1;36m [0m┃[1;36m [0m[1;36m    F1[0m[1;36m [0m┃[1;36m [0m[1;36mPrecision[0m[1;36m [0m┃[1;36m [0m[1;36mRecall[0m[1;36m [0m┃
┡━━━━━━━━━━━━━━╇━━━━━━━━━━╇━━━━━━━━╇━━━━━━━━╇━━━━━━━━━━━╇━━━━━━━━┩
│[2m [0m[2mGlassBeadSeg[0m[2m [0m│   0.4334 │ 0.5102 │ 0.8851 │    0.8978 │ 0.8728 │
└──────────────┴──────────┴────────┴────────┴───────────┴────────┘
                              Val — Overall Metrics                             
┏━━━━━━━━━━━━━━━━━━━━━━━━━━┳━━━━━━━━┳━━━━━━━━━━━━━━━━━━━━━━━━━━┳━━━━━━━━━━━━━━━━
━┓
┃           mAP            ┃  mAR   ┃         F1 sweep         ┃     segm mAP   
┃
┡━━━━━━━━┯━━━━━━━━┯━━━━━━━━╇━━━━━━━━╇━━━━━━━━┯━━━━━━━━┯━━━━━━━━╇━━━━━━━━┯━━━━━━━
━┩
│ [1;92m50:95[0m  │   [1;36m50[0m   │   [1;36m75[0m   │  @[1;36m500[0m  │   F1   │  Prec  │ Recall │ [1;92m50:95[0m  │   [1;36m50[0m  
│
├────────┼────────┼────────┼────────┼────────┼────────┼────────┼────────┼───────
─┤
│ [1;36m0.3923[0m │ [1;36m0.8562[0m │ [1;36m0.2913[0m │ [1;36m0.4731[0m │ [1;36m0.8952[0m │ [1;36m0.9123[0m │ [1;36m0.8787[0m │ [1;36m0.4108[0m │ [1;36m0.8661[0m
│
└────────┴────────┴────────┴────────┴────────┴────────┴────────┴────────┴───────
─┘
[1;36m                     Val — Per-class Metrics                      [0m
┏━━━━━━━━━━━━━━┳━━━━━━━━━━┳━━━━━━━━┳━━━━━━━━┳━━━━━━━━━━━┳━━━━━━━━┓
┃[1;36m [0m[1;36mClass       [0m[1;36m [0m┃[1;36m [0m[1;36mAP 50:95[0m[1;36m [0m┃[1;36m [0m[1;36m    AR[0m[1;36m [0m┃[1;36m [0m[1;36m    F1[0m[1;36m [0m┃[1;36m [0m[1;36mPrecision[0m[1;36m [0m┃[1;36m [0m[1;36mRecall[0m[1;36m [0m┃
┡━━━━━━━━━━━━━━╇━━━━━━━━━━╇━━━━━━━━╇━━━━━━━━╇━━━━━━━━━━━╇━━━━━━━━┩
│[2m [0m[2mGlassBeadSeg[0m[2m [0m│   0.3923 │ 0.4731 │ 0.8952 │    0.9123 │ 0.8787 │
└──────────────┴──────────┴────────┴────────┴───────────┴────────┘
                              Val — Overall Metrics                             
┏━━━━━━━━━━━━━━━━━━━━━━━━━━┳━━━━━━━━┳━━━━━━━━━━━━━━━━━━━━━━━━━━┳━━━━━━━━━━━━━━━━
━┓
┃           mAP            ┃  mAR   ┃         F1 sweep         ┃     segm mAP   
┃
┡━━━━━━━━┯━━━━━━━━┯━━━━━━━━╇━━━━━━━━╇━━━━━━━━┯━━━━━━━━┯━━━━━━━━╇━━━━━━━━┯━━━━━━━
━┩
│ [1;92m50:95[0m  │   [1;36m50[0m   │   [1;36m75[0m   │  @[1;36m500[0m  │   F1   │  Prec  │ Recall │ [1;92m50:95[0m  │   [1;36m50[0m  
│
├────────┼────────┼────────┼────────┼────────┼────────┼────────┼────────┼───────
─┤
│ [1;36m0.4303[0m │ [1;36m0.8656[0m │ [1;36m0.3649[0m │ [1;36m0.5104[0m │ [1;36m0.8723[0m │ [1;36m0.8936[0m │ [1;36m0.8519[0m │ [1;36m0.3364[0m │ [1;36m0.8402[0m
│
└────────┴────────┴────────┴────────┴────────┴────────┴────────┴────────┴───────
─┘
[1;36m                     Val — Per-class Metrics                      [0m
┏━━━━━━━━━━━━━━┳━━━━━━━━━━┳━━━━━━━━┳━━━━━━━━┳━━━━━━━━━━━┳━━━━━━━━┓
┃[1;36m [0m[1;36mClass       [0m[1;36m [0m┃[1;36m [0m[1;36mAP 50:95[0m[1;36m [0m┃[1;36m [0m[1;36m    AR[0m[1;36m [0m┃[1;36m [0m[1;36m    F1[0m[1;36m [0m┃[1;36m [0m[1;36mPrecision[0m[1;36m [0m┃[1;36m [0m[1;36mRecall[0m[1;36m [0m┃
┡━━━━━━━━━━━━━━╇━━━━━━━━━━╇━━━━━━━━╇━━━━━━━━╇━━━━━━━━━━━╇━━━━━━━━┩
│[2m [0m[2mGlassBeadSeg[0m[2m [0m│   0.4303 │ 0.5104 │ 0.8723 │    0.8936 │ 0.8519 │
└──────────────┴──────────┴────────┴────────┴───────────┴────────┘
                              Val — Overall Metrics                             
┏━━━━━━━━━━━━━━━━━━━━━━━━━━┳━━━━━━━━┳━━━━━━━━━━━━━━━━━━━━━━━━━━┳━━━━━━━━━━━━━━━━
━┓
┃           mAP            ┃  mAR   ┃         F1 sweep         ┃     segm mAP   
┃
┡━━━━━━━━┯━━━━━━━━┯━━━━━━━━╇━━━━━━━━╇━━━━━━━━┯━━━━━━━━┯━━━━━━━━╇━━━━━━━━┯━━━━━━━
━┩
│ [1;92m50:95[0m  │   [1;36m50[0m   │   [1;36m75[0m   │  @[1;36m500[0m  │   F1   │  Prec  │ Recall │ [1;92m50:95[0m  │   [1;36m50[0m  
│
├────────┼────────┼────────┼────────┼────────┼────────┼────────┼────────┼───────
─┤
│ [1;36m0.4208[0m │ [1;36m0.8760[0m │ [1;36m0.3376[0m │ [1;36m0.4965[0m │ [1;36m0.8676[0m │ [1;36m0.8860[0m │ [1;36m0.8499[0m │ [1;36m0.3162[0m │ [1;36m0.8332[0m
│
└────────┴────────┴────────┴────────┴────────┴────────┴────────┴────────┴───────
─┘
[1;36m                     Val — Per-class Metrics                      [0m
┏━━━━━━━━━━━━━━┳━━━━━━━━━━┳━━━━━━━━┳━━━━━━━━┳━━━━━━━━━━━┳━━━━━━━━┓
┃[1;36m [0m[1;36mClass       [0m[1;36m [0m┃[1;36m [0m[1;36mAP 50:95[0m[1;36m [0m┃[1;36m [0m[1;36m    AR[0m[1;36m [0m┃[1;36m [0m[1;36m    F1[0m[1;36m [0m┃[1;36m [0m[1;36mPrecision[0m[1;36m [0m┃[1;36m [0m[1;36mRecall[0m[1;36m [0m┃
┡━━━━━━━━━━━━━━╇━━━━━━━━━━╇━━━━━━━━╇━━━━━━━━╇━━━━━━━━━━━╇━━━━━━━━┩
│[2m [0m[2mGlassBeadSeg[0m[2m [0m│   0.4208 │ 0.4965 │ 0.8676 │    0.8860 │ 0.8499 │
└──────────────┴──────────┴────────┴────────┴───────────┴────────┘
                              Val — Overall Metrics                             
┏━━━━━━━━━━━━━━━━━━━━━━━━━━┳━━━━━━━━┳━━━━━━━━━━━━━━━━━━━━━━━━━━┳━━━━━━━━━━━━━━━━
━┓
┃           mAP            ┃  mAR   ┃         F1 sweep         ┃     segm mAP   
┃
┡━━━━━━━━┯━━━━━━━━┯━━━━━━━━╇━━━━━━━━╇━━━━━━━━┯━━━━━━━━┯━━━━━━━━╇━━━━━━━━┯━━━━━━━
━┩
│ [1;92m50:95[0m  │   [1;36m50[0m   │   [1;36m75[0m   │  @[1;36m500[0m  │   F1   │  Prec  │ Recall │ [1;92m50:95[0m  │   [1;36m50[0m  
│
├────────┼────────┼────────┼────────┼────────┼────────┼────────┼────────┼───────
─┤
│ [1;36m0.4308[0m │ [1;36m0.8765[0m │ [1;36m0.3556[0m │ [1;36m0.5067[0m │ [1;36m0.8847[0m │ [1;36m0.9045[0m │ [1;36m0.8658[0m │ [1;36m0.3689[0m │ [1;36m0.8533[0m
│
└────────┴────────┴────────┴────────┴────────┴────────┴────────┴────────┴───────
─┘
[1;36m                     Val — Per-class Metrics                      [0m
┏━━━━━━━━━━━━━━┳━━━━━━━━━━┳━━━━━━━━┳━━━━━━━━┳━━━━━━━━━━━┳━━━━━━━━┓
┃[1;36m [0m[1;36mClass       [0m[1;36m [0m┃[1;36m [0m[1;36mAP 50:95[0m[1;36m [0m┃[1;36m [0m[1;36m    AR[0m[1;36m [0m┃[1;36m [0m[1;36m    F1[0m[1;36m [0m┃[1;36m [0m[1;36mPrecision[0m[1;36m [0m┃[1;36m [0m[1;36mRecall[0m[1;36m [0m┃
┡━━━━━━━━━━━━━━╇━━━━━━━━━━╇━━━━━━━━╇━━━━━━━━╇━━━━━━━━━━━╇━━━━━━━━┩
│[2m [0m[2mGlassBeadSeg[0m[2m [0m│   0.4308 │ 0.5067 │ 0.8847 │    0.9045 │ 0.8658 │
└──────────────┴──────────┴────────┴────────┴───────────┴────────┘
                              Val — Overall Metrics                             
┏━━━━━━━━━━━━━━━━━━━━━━━━━━┳━━━━━━━━┳━━━━━━━━━━━━━━━━━━━━━━━━━━┳━━━━━━━━━━━━━━━━
━┓
┃           mAP            ┃  mAR   ┃         F1 sweep         ┃     segm mAP   
┃
┡━━━━━━━━┯━━━━━━━━┯━━━━━━━━╇━━━━━━━━╇━━━━━━━━┯━━━━━━━━┯━━━━━━━━╇━━━━━━━━┯━━━━━━━
━┩
│ [1;92m50:95[0m  │   [1;36m50[0m   │   [1;36m75[0m   │  @[1;36m500[0m  │   F1   │  Prec  │ Recall │ [1;92m50:95[0m  │   [1;36m50[0m  
│
├────────┼────────┼────────┼────────┼────────┼────────┼────────┼────────┼───────
─┤
│ [1;36m0.4317[0m │ [1;36m0.8763[0m │ [1;36m0.3493[0m │ [1;36m0.5081[0m │ [1;36m0.8844[0m │ [1;36m0.8985[0m │ [1;36m0.8708[0m │ [1;36m0.3841[0m │ [1;36m0.8531[0m
│
└────────┴────────┴────────┴────────┴────────┴────────┴────────┴────────┴───────
─┘
[1;36m                     Val — Per-class Metrics                      [0m
┏━━━━━━━━━━━━━━┳━━━━━━━━━━┳━━━━━━━━┳━━━━━━━━┳━━━━━━━━━━━┳━━━━━━━━┓
┃[1;36m [0m[1;36mClass       [0m[1;36m [0m┃[1;36m [0m[1;36mAP 50:95[0m[1;36m [0m┃[1;36m [0m[1;36m    AR[0m[1;36m [0m┃[1;36m [0m[1;36m    F1[0m[1;36m [0m┃[1;36m [0m[1;36mPrecision[0m[1;36m [0m┃[1;36m [0m[1;36mRecall[0m[1;36m [0m┃
┡━━━━━━━━━━━━━━╇━━━━━━━━━━╇━━━━━━━━╇━━━━━━━━╇━━━━━━━━━━━╇━━━━━━━━┩
│[2m [0m[2mGlassBeadSeg[0m[2m [0m│   0.4317 │ 0.5081 │ 0.8844 │    0.8985 │ 0.8708 │
└──────────────┴──────────┴────────┴────────┴───────────┴────────┘
                              Val — Overall Metrics                             
┏━━━━━━━━━━━━━━━━━━━━━━━━━━┳━━━━━━━━┳━━━━━━━━━━━━━━━━━━━━━━━━━━┳━━━━━━━━━━━━━━━━
━┓
┃           mAP            ┃  mAR   ┃         F1 sweep         ┃     segm mAP   
┃
┡━━━━━━━━┯━━━━━━━━┯━━━━━━━━╇━━━━━━━━╇━━━━━━━━┯━━━━━━━━┯━━━━━━━━╇━━━━━━━━┯━━━━━━━
━┩
│ [1;92m50:95[0m  │   [1;36m50[0m   │   [1;36m75[0m   │  @[1;36m500[0m  │   F1   │  Prec  │ Recall │ [1;92m50:95[0m  │   [1;36m50[0m  
│
├────────┼────────┼────────┼────────┼────────┼────────┼────────┼────────┼───────
─┤
│ [1;36m0.4356[0m │ [1;36m0.8775[0m │ [1;36m0.3546[0m │ [1;36m0.5137[0m │ [1;36m0.8707[0m │ [1;36m0.8850[0m │ [1;36m0.8569[0m │ [1;36m0.3274[0m │ [1;36m0.8363[0m
│
└────────┴────────┴────────┴────────┴────────┴────────┴────────┴────────┴───────
─┘
[1;36m                     Val — Per-class Metrics                      [0m
┏━━━━━━━━━━━━━━┳━━━━━━━━━━┳━━━━━━━━┳━━━━━━━━┳━━━━━━━━━━━┳━━━━━━━━┓
┃[1;36m [0m[1;36mClass       [0m[1;36m [0m┃[1;36m [0m[1;36mAP 50:95[0m[1;36m [0m┃[1;36m [0m[1;36m    AR[0m[1;36m [0m┃[1;36m [0m[1;36m    F1[0m[1;36m [0m┃[1;36m [0m[1;36mPrecision[0m[1;36m [0m┃[1;36m [0m[1;36mRecall[0m[1;36m [0m┃
┡━━━━━━━━━━━━━━╇━━━━━━━━━━╇━━━━━━━━╇━━━━━━━━╇━━━━━━━━━━━╇━━━━━━━━┩
│[2m [0m[2mGlassBeadSeg[0m[2m [0m│   0.4356 │ 0.5137 │ 0.8707 │    0.8850 │ 0.8569 │
└──────────────┴──────────┴────────┴────────┴───────────┴────────┘
[2026-06-18 21:11:52] [INFO] rf-detr - Best EMA mAP improved to 0.4349 (epoch 95)
                              Val — Overall Metrics                             
┏━━━━━━━━━━━━━━━━━━━━━━━━━━┳━━━━━━━━┳━━━━━━━━━━━━━━━━━━━━━━━━━━┳━━━━━━━━━━━━━━━━
━┓
┃           mAP            ┃  mAR   ┃         F1 sweep         ┃     segm mAP   
┃
┡━━━━━━━━┯━━━━━━━━┯━━━━━━━━╇━━━━━━━━╇━━━━━━━━┯━━━━━━━━┯━━━━━━━━╇━━━━━━━━┯━━━━━━━
━┩
│ [1;92m50:95[0m  │   [1;36m50[0m   │   [1;36m75[0m   │  @[1;36m500[0m  │   F1   │  Prec  │ Recall │ [1;92m50:95[0m  │   [1;36m50[0m  
│
├────────┼────────┼────────┼────────┼────────┼────────┼────────┼────────┼───────
─┤
│ [1;36m0.4279[0m │ [1;36m0.8750[0m │ [1;36m0.3307[0m │ [1;36m0.5028[0m │ [1;36m0.8824[0m │ [1;36m0.9041[0m │ [1;36m0.8618[0m │ [1;36m0.3771[0m │ [1;36m0.8527[0m
│
└────────┴────────┴────────┴────────┴────────┴────────┴────────┴────────┴───────
─┘
[1;36m                     Val — Per-class Metrics                      [0m
┏━━━━━━━━━━━━━━┳━━━━━━━━━━┳━━━━━━━━┳━━━━━━━━┳━━━━━━━━━━━┳━━━━━━━━┓
┃[1;36m [0m[1;36mClass       [0m[1;36m [0m┃[1;36m [0m[1;36mAP 50:95[0m[1;36m [0m┃[1;36m [0m[1;36m    AR[0m[1;36m [0m┃[1;36m [0m[1;36m    F1[0m[1;36m [0m┃[1;36m [0m[1;36mPrecision[0m[1;36m [0m┃[1;36m [0m[1;36mRecall[0m[1;36m [0m┃
┡━━━━━━━━━━━━━━╇━━━━━━━━━━╇━━━━━━━━╇━━━━━━━━╇━━━━━━━━━━━╇━━━━━━━━┩
│[2m [0m[2mGlassBeadSeg[0m[2m [0m│   0.4279 │ 0.5028 │ 0.8824 │    0.9041 │ 0.8618 │
└──────────────┴──────────┴────────┴────────┴───────────┴────────┘
                              Val — Overall Metrics                             
┏━━━━━━━━━━━━━━━━━━━━━━━━━━┳━━━━━━━━┳━━━━━━━━━━━━━━━━━━━━━━━━━━┳━━━━━━━━━━━━━━━━
━┓
┃           mAP            ┃  mAR   ┃         F1 sweep         ┃     segm mAP   
┃
┡━━━━━━━━┯━━━━━━━━┯━━━━━━━━╇━━━━━━━━╇━━━━━━━━┯━━━━━━━━┯━━━━━━━━╇━━━━━━━━┯━━━━━━━
━┩
│ [1;92m50:95[0m  │   [1;36m50[0m   │   [1;36m75[0m   │  @[1;36m500[0m  │   F1   │  Prec  │ Recall │ [1;92m50:95[0m  │   [1;36m50[0m  
│
├────────┼────────┼────────┼────────┼────────┼────────┼────────┼────────┼───────
─┤
│ [1;36m0.4338[0m │ [1;36m0.8760[0m │ [1;36m0.3709[0m │ [1;36m0.5094[0m │ [1;36m0.8815[0m │ [1;36m0.8946[0m │ [1;36m0.8688[0m │ [1;36m0.3949[0m │ [1;36m0.8520[0m
│
└────────┴────────┴────────┴────────┴────────┴────────┴────────┴────────┴───────
─┘
[1;36m                     Val — Per-class Metrics                      [0m
┏━━━━━━━━━━━━━━┳━━━━━━━━━━┳━━━━━━━━┳━━━━━━━━┳━━━━━━━━━━━┳━━━━━━━━┓
┃[1;36m [0m[1;36mClass       [0m[1;36m [0m┃[1;36m [0m[1;36mAP 50:95[0m[1;36m [0m┃[1;36m [0m[1;36m    AR[0m[1;36m [0m┃[1;36m [0m[1;36m    F1[0m[1;36m [0m┃[1;36m [0m[1;36mPrecision[0m[1;36m [0m┃[1;36m [0m[1;36mRecall[0m[1;36m [0m┃
┡━━━━━━━━━━━━━━╇━━━━━━━━━━╇━━━━━━━━╇━━━━━━━━╇━━━━━━━━━━━╇━━━━━━━━┩
│[2m [0m[2mGlassBeadSeg[0m[2m [0m│   0.4338 │ 0.5094 │ 0.8815 │    0.8946 │ 0.8688 │
└──────────────┴──────────┴────────┴────────┴───────────┴────────┘
Metric __rfdetr_effective_map__ improved by 0.002 >= min_delta = 0.001. New best score: 0.439
[2026-06-18 21:18:32] [INFO] rf-detr - Best EMA mAP improved to 0.4390 (epoch 97)
                              Val — Overall Metrics                             
┏━━━━━━━━━━━━━━━━━━━━━━━━━━┳━━━━━━━━┳━━━━━━━━━━━━━━━━━━━━━━━━━━┳━━━━━━━━━━━━━━━━
━┓
┃           mAP            ┃  mAR   ┃         F1 sweep         ┃     segm mAP   
┃
┡━━━━━━━━┯━━━━━━━━┯━━━━━━━━╇━━━━━━━━╇━━━━━━━━┯━━━━━━━━┯━━━━━━━━╇━━━━━━━━┯━━━━━━━
━┩
│ [1;92m50:95[0m  │   [1;36m50[0m   │   [1;36m75[0m   │  @[1;36m500[0m  │   F1   │  Prec  │ Recall │ [1;92m50:95[0m  │   [1;36m50[0m  
│
├────────┼────────┼────────┼────────┼────────┼────────┼────────┼────────┼───────
─┤
│ [1;36m0.4026[0m │ [1;36m0.8633[0m │ [1;36m0.2841[0m │ [1;36m0.4820[0m │ [1;36m0.8839[0m │ [1;36m0.9149[0m │ [1;36m0.8549[0m │ [1;36m0.3792[0m │ [1;36m0.8529[0m
│
└────────┴────────┴────────┴────────┴────────┴────────┴────────┴────────┴───────
─┘
[1;36m                     Val — Per-class Metrics                      [0m
┏━━━━━━━━━━━━━━┳━━━━━━━━━━┳━━━━━━━━┳━━━━━━━━┳━━━━━━━━━━━┳━━━━━━━━┓
┃[1;36m [0m[1;36mClass       [0m[1;36m [0m┃[1;36m [0m[1;36mAP 50:95[0m[1;36m [0m┃[1;36m [0m[1;36m    AR[0m[1;36m [0m┃[1;36m [0m[1;36m    F1[0m[1;36m [0m┃[1;36m [0m[1;36mPrecision[0m[1;36m [0m┃[1;36m [0m[1;36mRecall[0m[1;36m [0m┃
┡━━━━━━━━━━━━━━╇━━━━━━━━━━╇━━━━━━━━╇━━━━━━━━╇━━━━━━━━━━━╇━━━━━━━━┩
│[2m [0m[2mGlassBeadSeg[0m[2m [0m│   0.4026 │ 0.4820 │ 0.8839 │    0.9149 │ 0.8549 │
└──────────────┴──────────┴────────┴────────┴───────────┴────────┘
                              Val — Overall Metrics                             
┏━━━━━━━━━━━━━━━━━━━━━━━━━━┳━━━━━━━━┳━━━━━━━━━━━━━━━━━━━━━━━━━━┳━━━━━━━━━━━━━━━━
━┓
┃           mAP            ┃  mAR   ┃         F1 sweep         ┃     segm mAP   
┃
┡━━━━━━━━┯━━━━━━━━┯━━━━━━━━╇━━━━━━━━╇━━━━━━━━┯━━━━━━━━┯━━━━━━━━╇━━━━━━━━┯━━━━━━━
━┩
│ [1;92m50:95[0m  │   [1;36m50[0m   │   [1;36m75[0m   │  @[1;36m500[0m  │   F1   │  Prec  │ Recall │ [1;92m50:95[0m  │   [1;36m50[0m  
│
├────────┼────────┼────────┼────────┼────────┼────────┼────────┼────────┼───────
─┤
│ [1;36m0.4126[0m │ [1;36m0.8648[0m │ [1;36m0.3333[0m │ [1;36m0.4933[0m │ [1;36m0.8798[0m │ [1;36m0.8984[0m │ [1;36m0.8618[0m │ [1;36m0.3624[0m │ [1;36m0.8512[0m
│
└────────┴────────┴────────┴────────┴────────┴────────┴────────┴────────┴───────
─┘
[1;36m                     Val — Per-class Metrics                      [0m
┏━━━━━━━━━━━━━━┳━━━━━━━━━━┳━━━━━━━━┳━━━━━━━━┳━━━━━━━━━━━┳━━━━━━━━┓
┃[1;36m [0m[1;36mClass       [0m[1;36m [0m┃[1;36m [0m[1;36mAP 50:95[0m[1;36m [0m┃[1;36m [0m[1;36m    AR[0m[1;36m [0m┃[1;36m [0m[1;36m    F1[0m[1;36m [0m┃[1;36m [0m[1;36mPrecision[0m[1;36m [0m┃[1;36m [0m[1;36mRecall[0m[1;36m [0m┃
┡━━━━━━━━━━━━━━╇━━━━━━━━━━╇━━━━━━━━╇━━━━━━━━╇━━━━━━━━━━━╇━━━━━━━━┩
│[2m [0m[2mGlassBeadSeg[0m[2m [0m│   0.4126 │ 0.4933 │ 0.8798 │    0.8984 │ 0.8618 │
└──────────────┴──────────┴────────┴────────┴───────────┴────────┘
                              Val — Overall Metrics                             
┏━━━━━━━━━━━━━━━━━━━━━━━━━━┳━━━━━━━━┳━━━━━━━━━━━━━━━━━━━━━━━━━━┳━━━━━━━━━━━━━━━━
━┓
┃           mAP            ┃  mAR   ┃         F1 sweep         ┃     segm mAP   
┃
┡━━━━━━━━┯━━━━━━━━┯━━━━━━━━╇━━━━━━━━╇━━━━━━━━┯━━━━━━━━┯━━━━━━━━╇━━━━━━━━┯━━━━━━━
━┩
│ [1;92m50:95[0m  │   [1;36m50[0m   │   [1;36m75[0m   │  @[1;36m500[0m  │   F1   │  Prec  │ Recall │ [1;92m50:95[0m  │   [1;36m50[0m  
│
├────────┼────────┼────────┼────────┼────────┼────────┼────────┼────────┼───────
─┤
│ [1;36m0.4204[0m │ [1;36m0.8757[0m │ [1;36m0.3411[0m │ [1;36m0.4980[0m │ [1;36m0.8806[0m │ [1;36m0.8969[0m │ [1;36m0.8648[0m │ [1;36m0.3667[0m │ [1;36m0.8509[0m
│
└────────┴────────┴────────┴────────┴────────┴────────┴────────┴────────┴───────
─┘
[1;36m                     Val — Per-class Metrics                      [0m
┏━━━━━━━━━━━━━━┳━━━━━━━━━━┳━━━━━━━━┳━━━━━━━━┳━━━━━━━━━━━┳━━━━━━━━┓
┃[1;36m [0m[1;36mClass       [0m[1;36m [0m┃[1;36m [0m[1;36mAP 50:95[0m[1;36m [0m┃[1;36m [0m[1;36m    AR[0m[1;36m [0m┃[1;36m [0m[1;36m    F1[0m[1;36m [0m┃[1;36m [0m[1;36mPrecision[0m[1;36m [0m┃[1;36m [0m[1;36mRecall[0m[1;36m [0m┃
┡━━━━━━━━━━━━━━╇━━━━━━━━━━╇━━━━━━━━╇━━━━━━━━╇━━━━━━━━━━━╇━━━━━━━━┩
│[2m [0m[2mGlassBeadSeg[0m[2m [0m│   0.4204 │ 0.4980 │ 0.8806 │    0.8969 │ 0.8648 │
└──────────────┴──────────┴────────┴────────┴───────────┴────────┘
                              Val — Overall Metrics                             
┏━━━━━━━━━━━━━━━━━━━━━━━━━━┳━━━━━━━━┳━━━━━━━━━━━━━━━━━━━━━━━━━━┳━━━━━━━━━━━━━━━━
━┓
┃           mAP            ┃  mAR   ┃         F1 sweep         ┃     segm mAP   
┃
┡━━━━━━━━┯━━━━━━━━┯━━━━━━━━╇━━━━━━━━╇━━━━━━━━┯━━━━━━━━┯━━━━━━━━╇━━━━━━━━┯━━━━━━━
━┩
│ [1;92m50:95[0m  │   [1;36m50[0m   │   [1;36m75[0m   │  @[1;36m500[0m  │   F1   │  Prec  │ Recall │ [1;92m50:95[0m  │   [1;36m50[0m  
│
├────────┼────────┼────────┼────────┼────────┼────────┼────────┼────────┼───────
─┤
│ [1;36m0.4340[0m │ [1;36m0.8758[0m │ [1;36m0.3468[0m │ [1;36m0.5109[0m │ [1;36m0.8843[0m │ [1;36m0.8910[0m │ [1;36m0.8777[0m │ [1;36m0.3776[0m │ [1;36m0.8624[0m
│
└────────┴────────┴────────┴────────┴────────┴────────┴────────┴────────┴───────
─┘
[1;36m                     Val — Per-class Metrics                      [0m
┏━━━━━━━━━━━━━━┳━━━━━━━━━━┳━━━━━━━━┳━━━━━━━━┳━━━━━━━━━━━┳━━━━━━━━┓
┃[1;36m [0m[1;36mClass       [0m[1;36m [0m┃[1;36m [0m[1;36mAP 50:95[0m[1;36m [0m┃[1;36m [0m[1;36m    AR[0m[1;36m [0m┃[1;36m [0m[1;36m    F1[0m[1;36m [0m┃[1;36m [0m[1;36mPrecision[0m[1;36m [0m┃[1;36m [0m[1;36mRecall[0m[1;36m [0m┃
┡━━━━━━━━━━━━━━╇━━━━━━━━━━╇━━━━━━━━╇━━━━━━━━╇━━━━━━━━━━━╇━━━━━━━━┩
│[2m [0m[2mGlassBeadSeg[0m[2m [0m│   0.4340 │ 0.5109 │ 0.8843 │    0.8910 │ 0.8777 │
└──────────────┴──────────┴────────┴────────┴───────────┴────────┘
                              Val — Overall Metrics                             
┏━━━━━━━━━━━━━━━━━━━━━━━━━━┳━━━━━━━━┳━━━━━━━━━━━━━━━━━━━━━━━━━━┳━━━━━━━━━━━━━━━━
━┓
┃           mAP            ┃  mAR   ┃         F1 sweep         ┃     segm mAP   
┃
┡━━━━━━━━┯━━━━━━━━┯━━━━━━━━╇━━━━━━━━╇━━━━━━━━┯━━━━━━━━┯━━━━━━━━╇━━━━━━━━┯━━━━━━━
━┩
│ [1;92m50:95[0m  │   [1;36m50[0m   │   [1;36m75[0m   │  @[1;36m500[0m  │   F1   │  Prec  │ Recall │ [1;92m50:95[0m  │   [1;36m50[0m  
│
├────────┼────────┼────────┼────────┼────────┼────────┼────────┼────────┼───────
─┤
│ [1;36m0.4308[0m │ [1;36m0.8772[0m │ [1;36m0.3566[0m │ [1;36m0.5065[0m │ [1;36m0.8896[0m │ [1;36m0.8986[0m │ [1;36m0.8807[0m │ [1;36m0.3859[0m │ [1;36m0.8637[0m
│
└────────┴────────┴────────┴────────┴────────┴────────┴────────┴────────┴───────
─┘
[1;36m                     Val — Per-class Metrics                      [0m
┏━━━━━━━━━━━━━━┳━━━━━━━━━━┳━━━━━━━━┳━━━━━━━━┳━━━━━━━━━━━┳━━━━━━━━┓
┃[1;36m [0m[1;36mClass       [0m[1;36m [0m┃[1;36m [0m[1;36mAP 50:95[0m[1;36m [0m┃[1;36m [0m[1;36m    AR[0m[1;36m [0m┃[1;36m [0m[1;36m    F1[0m[1;36m [0m┃[1;36m [0m[1;36mPrecision[0m[1;36m [0m┃[1;36m [0m[1;36mRecall[0m[1;36m [0m┃
┡━━━━━━━━━━━━━━╇━━━━━━━━━━╇━━━━━━━━╇━━━━━━━━╇━━━━━━━━━━━╇━━━━━━━━┩
│[2m [0m[2mGlassBeadSeg[0m[2m [0m│   0.4308 │ 0.5065 │ 0.8896 │    0.8986 │ 0.8807 │
└──────────────┴──────────┴────────┴────────┴───────────┴────────┘
[2026-06-18 21:35:05] [INFO] rf-detr - Best EMA mAP improved to 0.4391 (epoch 102)
                              Val — Overall Metrics                             
┏━━━━━━━━━━━━━━━━━━━━━━━━━━┳━━━━━━━━┳━━━━━━━━━━━━━━━━━━━━━━━━━━┳━━━━━━━━━━━━━━━━
━┓
┃           mAP            ┃  mAR   ┃         F1 sweep         ┃     segm mAP   
┃
┡━━━━━━━━┯━━━━━━━━┯━━━━━━━━╇━━━━━━━━╇━━━━━━━━┯━━━━━━━━┯━━━━━━━━╇━━━━━━━━┯━━━━━━━
━┩
│ [1;92m50:95[0m  │   [1;36m50[0m   │   [1;36m75[0m   │  @[1;36m500[0m  │   F1   │  Prec  │ Recall │ [1;92m50:95[0m  │   [1;36m50[0m  
│
├────────┼────────┼────────┼────────┼────────┼────────┼────────┼────────┼───────
─┤
│ [1;36m0.4392[0m │ [1;36m0.8773[0m │ [1;36m0.3770[0m │ [1;36m0.5148[0m │ [1;36m0.8887[0m │ [1;36m0.9095[0m │ [1;36m0.8688[0m │ [1;36m0.3959[0m │ [1;36m0.8636[0m
│
└────────┴────────┴────────┴────────┴────────┴────────┴────────┴────────┴───────
─┘
[1;36m                     Val — Per-class Metrics                      [0m
┏━━━━━━━━━━━━━━┳━━━━━━━━━━┳━━━━━━━━┳━━━━━━━━┳━━━━━━━━━━━┳━━━━━━━━┓
┃[1;36m [0m[1;36mClass       [0m[1;36m [0m┃[1;36m [0m[1;36mAP 50:95[0m[1;36m [0m┃[1;36m [0m[1;36m    AR[0m[1;36m [0m┃[1;36m [0m[1;36m    F1[0m[1;36m [0m┃[1;36m [0m[1;36mPrecision[0m[1;36m [0m┃[1;36m [0m[1;36mRecall[0m[1;36m [0m┃
┡━━━━━━━━━━━━━━╇━━━━━━━━━━╇━━━━━━━━╇━━━━━━━━╇━━━━━━━━━━━╇━━━━━━━━┩
│[2m [0m[2mGlassBeadSeg[0m[2m [0m│   0.4392 │ 0.5148 │ 0.8887 │    0.9095 │ 0.8688 │
└──────────────┴──────────┴────────┴────────┴───────────┴────────┘
[2026-06-18 21:38:24] [INFO] rf-detr - Best regular mAP saved to /input0/transcoder-st/learn_llm/GrassBeadSeg/models/rfdetr_seg_large/trained/checkpoint_best_regular.pth (epoch 103)
                              Val — Overall Metrics                             
┏━━━━━━━━━━━━━━━━━━━━━━━━━━┳━━━━━━━━┳━━━━━━━━━━━━━━━━━━━━━━━━━━┳━━━━━━━━━━━━━━━━
━┓
┃           mAP            ┃  mAR   ┃         F1 sweep         ┃     segm mAP   
┃
┡━━━━━━━━┯━━━━━━━━┯━━━━━━━━╇━━━━━━━━╇━━━━━━━━┯━━━━━━━━┯━━━━━━━━╇━━━━━━━━┯━━━━━━━
━┩
│ [1;92m50:95[0m  │   [1;36m50[0m   │   [1;36m75[0m   │  @[1;36m500[0m  │   F1   │  Prec  │ Recall │ [1;92m50:95[0m  │   [1;36m50[0m  
│
├────────┼────────┼────────┼────────┼────────┼────────┼────────┼────────┼───────
─┤
│ [1;36m0.4373[0m │ [1;36m0.8767[0m │ [1;36m0.3688[0m │ [1;36m0.5132[0m │ [1;36m0.8909[0m │ [1;36m0.8972[0m │ [1;36m0.8847[0m │ [1;36m0.3992[0m │ [1;36m0.8635[0m
│
└────────┴────────┴────────┴────────┴────────┴────────┴────────┴────────┴───────
─┘
[1;36m                     Val — Per-class Metrics                      [0m
┏━━━━━━━━━━━━━━┳━━━━━━━━━━┳━━━━━━━━┳━━━━━━━━┳━━━━━━━━━━━┳━━━━━━━━┓
┃[1;36m [0m[1;36mClass       [0m[1;36m [0m┃[1;36m [0m[1;36mAP 50:95[0m[1;36m [0m┃[1;36m [0m[1;36m    AR[0m[1;36m [0m┃[1;36m [0m[1;36m    F1[0m[1;36m [0m┃[1;36m [0m[1;36mPrecision[0m[1;36m [0m┃[1;36m [0m[1;36mRecall[0m[1;36m [0m┃
┡━━━━━━━━━━━━━━╇━━━━━━━━━━╇━━━━━━━━╇━━━━━━━━╇━━━━━━━━━━━╇━━━━━━━━┩
│[2m [0m[2mGlassBeadSeg[0m[2m [0m│   0.4373 │ 0.5132 │ 0.8909 │    0.8972 │ 0.8847 │
└──────────────┴──────────┴────────┴────────┴───────────┴────────┘
                              Val — Overall Metrics                             
┏━━━━━━━━━━━━━━━━━━━━━━━━━━┳━━━━━━━━┳━━━━━━━━━━━━━━━━━━━━━━━━━━┳━━━━━━━━━━━━━━━━
━┓
┃           mAP            ┃  mAR   ┃         F1 sweep         ┃     segm mAP   
┃
┡━━━━━━━━┯━━━━━━━━┯━━━━━━━━╇━━━━━━━━╇━━━━━━━━┯━━━━━━━━┯━━━━━━━━╇━━━━━━━━┯━━━━━━━
━┩
│ [1;92m50:95[0m  │   [1;36m50[0m   │   [1;36m75[0m   │  @[1;36m500[0m  │   F1   │  Prec  │ Recall │ [1;92m50:95[0m  │   [1;36m50[0m  
│
├────────┼────────┼────────┼────────┼────────┼────────┼────────┼────────┼───────
─┤
│ [1;36m0.4318[0m │ [1;36m0.8678[0m │ [1;36m0.3571[0m │ [1;36m0.5071[0m │ [1;36m0.8883[0m │ [1;36m0.9120[0m │ [1;36m0.8658[0m │ [1;36m0.3913[0m │ [1;36m0.8636[0m
│
└────────┴────────┴────────┴────────┴────────┴────────┴────────┴────────┴───────
─┘
[1;36m                     Val — Per-class Metrics                      [0m
┏━━━━━━━━━━━━━━┳━━━━━━━━━━┳━━━━━━━━┳━━━━━━━━┳━━━━━━━━━━━┳━━━━━━━━┓
┃[1;36m [0m[1;36mClass       [0m[1;36m [0m┃[1;36m [0m[1;36mAP 50:95[0m[1;36m [0m┃[1;36m [0m[1;36m    AR[0m[1;36m [0m┃[1;36m [0m[1;36m    F1[0m[1;36m [0m┃[1;36m [0m[1;36mPrecision[0m[1;36m [0m┃[1;36m [0m[1;36mRecall[0m[1;36m [0m┃
┡━━━━━━━━━━━━━━╇━━━━━━━━━━╇━━━━━━━━╇━━━━━━━━╇━━━━━━━━━━━╇━━━━━━━━┩
│[2m [0m[2mGlassBeadSeg[0m[2m [0m│   0.4318 │ 0.5071 │ 0.8883 │    0.9120 │ 0.8658 │
└──────────────┴──────────┴────────┴────────┴───────────┴────────┘
                              Val — Overall Metrics                             
┏━━━━━━━━━━━━━━━━━━━━━━━━━━┳━━━━━━━━┳━━━━━━━━━━━━━━━━━━━━━━━━━━┳━━━━━━━━━━━━━━━━
━┓
┃           mAP            ┃  mAR   ┃         F1 sweep         ┃     segm mAP   
┃
┡━━━━━━━━┯━━━━━━━━┯━━━━━━━━╇━━━━━━━━╇━━━━━━━━┯━━━━━━━━┯━━━━━━━━╇━━━━━━━━┯━━━━━━━
━┩
│ [1;92m50:95[0m  │   [1;36m50[0m   │   [1;36m75[0m   │  @[1;36m500[0m  │   F1   │  Prec  │ Recall │ [1;92m50:95[0m  │   [1;36m50[0m  
│
├────────┼────────┼────────┼────────┼────────┼────────┼────────┼────────┼───────
─┤
│ [1;36m0.4365[0m │ [1;36m0.8676[0m │ [1;36m0.3639[0m │ [1;36m0.5124[0m │ [1;36m0.8877[0m │ [1;36m0.8957[0m │ [1;36m0.8797[0m │ [1;36m0.3831[0m │ [1;36m0.8542[0m
│
└────────┴────────┴────────┴────────┴────────┴────────┴────────┴────────┴───────
─┘
[1;36m                     Val — Per-class Metrics                      [0m
┏━━━━━━━━━━━━━━┳━━━━━━━━━━┳━━━━━━━━┳━━━━━━━━┳━━━━━━━━━━━┳━━━━━━━━┓
┃[1;36m [0m[1;36mClass       [0m[1;36m [0m┃[1;36m [0m[1;36mAP 50:95[0m[1;36m [0m┃[1;36m [0m[1;36m    AR[0m[1;36m [0m┃[1;36m [0m[1;36m    F1[0m[1;36m [0m┃[1;36m [0m[1;36mPrecision[0m[1;36m [0m┃[1;36m [0m[1;36mRecall[0m[1;36m [0m┃
┡━━━━━━━━━━━━━━╇━━━━━━━━━━╇━━━━━━━━╇━━━━━━━━╇━━━━━━━━━━━╇━━━━━━━━┩
│[2m [0m[2mGlassBeadSeg[0m[2m [0m│   0.4365 │ 0.5124 │ 0.8877 │    0.8957 │ 0.8797 │
└──────────────┴──────────┴────────┴────────┴───────────┴────────┘
                              Val — Overall Metrics                             
┏━━━━━━━━━━━━━━━━━━━━━━━━━━┳━━━━━━━━┳━━━━━━━━━━━━━━━━━━━━━━━━━━┳━━━━━━━━━━━━━━━━
━┓
┃           mAP            ┃  mAR   ┃         F1 sweep         ┃     segm mAP   
┃
┡━━━━━━━━┯━━━━━━━━┯━━━━━━━━╇━━━━━━━━╇━━━━━━━━┯━━━━━━━━┯━━━━━━━━╇━━━━━━━━┯━━━━━━━
━┩
│ [1;92m50:95[0m  │   [1;36m50[0m   │   [1;36m75[0m   │  @[1;36m500[0m  │   F1   │  Prec  │ Recall │ [1;92m50:95[0m  │   [1;36m50[0m  
│
├────────┼────────┼────────┼────────┼────────┼────────┼────────┼────────┼───────
─┤
│ [1;36m0.4398[0m │ [1;36m0.8765[0m │ [1;36m0.3815[0m │ [1;36m0.5174[0m │ [1;36m0.8863[0m │ [1;36m0.8930[0m │ [1;36m0.8797[0m │ [1;36m0.3850[0m │ [1;36m0.8624[0m
│
└────────┴────────┴────────┴────────┴────────┴────────┴────────┴────────┴───────
─┘
[1;36m                     Val — Per-class Metrics                      [0m
┏━━━━━━━━━━━━━━┳━━━━━━━━━━┳━━━━━━━━┳━━━━━━━━┳━━━━━━━━━━━┳━━━━━━━━┓
┃[1;36m [0m[1;36mClass       [0m[1;36m [0m┃[1;36m [0m[1;36mAP 50:95[0m[1;36m [0m┃[1;36m [0m[1;36m    AR[0m[1;36m [0m┃[1;36m [0m[1;36m    F1[0m[1;36m [0m┃[1;36m [0m[1;36mPrecision[0m[1;36m [0m┃[1;36m [0m[1;36mRecall[0m[1;36m [0m┃
┡━━━━━━━━━━━━━━╇━━━━━━━━━━╇━━━━━━━━╇━━━━━━━━╇━━━━━━━━━━━╇━━━━━━━━┩
│[2m [0m[2mGlassBeadSeg[0m[2m [0m│   0.4398 │ 0.5174 │ 0.8863 │    0.8930 │ 0.8797 │
└──────────────┴──────────┴────────┴────────┴───────────┴────────┘
[2026-06-18 21:51:38] [INFO] rf-detr - Best regular mAP saved to /input0/transcoder-st/learn_llm/GrassBeadSeg/models/rfdetr_seg_large/trained/checkpoint_best_regular.pth (epoch 107)
                              Val — Overall Metrics                             
┏━━━━━━━━━━━━━━━━━━━━━━━━━━┳━━━━━━━━┳━━━━━━━━━━━━━━━━━━━━━━━━━━┳━━━━━━━━━━━━━━━━
━┓
┃           mAP            ┃  mAR   ┃         F1 sweep         ┃     segm mAP   
┃
┡━━━━━━━━┯━━━━━━━━┯━━━━━━━━╇━━━━━━━━╇━━━━━━━━┯━━━━━━━━┯━━━━━━━━╇━━━━━━━━┯━━━━━━━
━┩
│ [1;92m50:95[0m  │   [1;36m50[0m   │   [1;36m75[0m   │  @[1;36m500[0m  │   F1   │  Prec  │ Recall │ [1;92m50:95[0m  │   [1;36m50[0m  
│
├────────┼────────┼────────┼────────┼────────┼────────┼────────┼────────┼───────
─┤
│ [1;36m0.4371[0m │ [1;36m0.8659[0m │ [1;36m0.3778[0m │ [1;36m0.5134[0m │ [1;36m0.8837[0m │ [1;36m0.8917[0m │ [1;36m0.8757[0m │ [1;36m0.3837[0m │ [1;36m0.8532[0m
│
└────────┴────────┴────────┴────────┴────────┴────────┴────────┴────────┴───────
─┘
[1;36m                     Val — Per-class Metrics                      [0m
┏━━━━━━━━━━━━━━┳━━━━━━━━━━┳━━━━━━━━┳━━━━━━━━┳━━━━━━━━━━━┳━━━━━━━━┓
┃[1;36m [0m[1;36mClass       [0m[1;36m [0m┃[1;36m [0m[1;36mAP 50:95[0m[1;36m [0m┃[1;36m [0m[1;36m    AR[0m[1;36m [0m┃[1;36m [0m[1;36m    F1[0m[1;36m [0m┃[1;36m [0m[1;36mPrecision[0m[1;36m [0m┃[1;36m [0m[1;36mRecall[0m[1;36m [0m┃
┡━━━━━━━━━━━━━━╇━━━━━━━━━━╇━━━━━━━━╇━━━━━━━━╇━━━━━━━━━━━╇━━━━━━━━┩
│[2m [0m[2mGlassBeadSeg[0m[2m [0m│   0.4371 │ 0.5134 │ 0.8837 │    0.8917 │ 0.8757 │
└──────────────┴──────────┴────────┴────────┴───────────┴────────┘
                              Val — Overall Metrics                             
┏━━━━━━━━━━━━━━━━━━━━━━━━━━┳━━━━━━━━┳━━━━━━━━━━━━━━━━━━━━━━━━━━┳━━━━━━━━━━━━━━━━
━┓
┃           mAP            ┃  mAR   ┃         F1 sweep         ┃     segm mAP   
┃
┡━━━━━━━━┯━━━━━━━━┯━━━━━━━━╇━━━━━━━━╇━━━━━━━━┯━━━━━━━━┯━━━━━━━━╇━━━━━━━━┯━━━━━━━
━┩
│ [1;92m50:95[0m  │   [1;36m50[0m   │   [1;36m75[0m   │  @[1;36m500[0m  │   F1   │  Prec  │ Recall │ [1;92m50:95[0m  │   [1;36m50[0m  
│
├────────┼────────┼────────┼────────┼────────┼────────┼────────┼────────┼───────
─┤
│ [1;36m0.4398[0m │ [1;36m0.8761[0m │ [1;36m0.3894[0m │ [1;36m0.5168[0m │ [1;36m0.8890[0m │ [1;36m0.9069[0m │ [1;36m0.8718[0m │ [1;36m0.3923[0m │ [1;36m0.8633[0m
│
└────────┴────────┴────────┴────────┴────────┴────────┴────────┴────────┴───────
─┘
[1;36m                     Val — Per-class Metrics                      [0m
┏━━━━━━━━━━━━━━┳━━━━━━━━━━┳━━━━━━━━┳━━━━━━━━┳━━━━━━━━━━━┳━━━━━━━━┓
┃[1;36m [0m[1;36mClass       [0m[1;36m [0m┃[1;36m [0m[1;36mAP 50:95[0m[1;36m [0m┃[1;36m [0m[1;36m    AR[0m[1;36m [0m┃[1;36m [0m[1;36m    F1[0m[1;36m [0m┃[1;36m [0m[1;36mPrecision[0m[1;36m [0m┃[1;36m [0m[1;36mRecall[0m[1;36m [0m┃
┡━━━━━━━━━━━━━━╇━━━━━━━━━━╇━━━━━━━━╇━━━━━━━━╇━━━━━━━━━━━╇━━━━━━━━┩
│[2m [0m[2mGlassBeadSeg[0m[2m [0m│   0.4398 │ 0.5168 │ 0.8890 │    0.9069 │ 0.8718 │
└──────────────┴──────────┴────────┴────────┴───────────┴────────┘
[2026-06-18 21:58:13] [INFO] rf-detr - Best regular mAP saved to /input0/transcoder-st/learn_llm/GrassBeadSeg/models/rfdetr_seg_large/trained/checkpoint_best_regular.pth (epoch 109)
                              Val — Overall Metrics                             
┏━━━━━━━━━━━━━━━━━━━━━━━━━━┳━━━━━━━━┳━━━━━━━━━━━━━━━━━━━━━━━━━━┳━━━━━━━━━━━━━━━━
━┓
┃           mAP            ┃  mAR   ┃         F1 sweep         ┃     segm mAP   
┃
┡━━━━━━━━┯━━━━━━━━┯━━━━━━━━╇━━━━━━━━╇━━━━━━━━┯━━━━━━━━┯━━━━━━━━╇━━━━━━━━┯━━━━━━━
━┩
│ [1;92m50:95[0m  │   [1;36m50[0m   │   [1;36m75[0m   │  @[1;36m500[0m  │   F1   │  Prec  │ Recall │ [1;92m50:95[0m  │   [1;36m50[0m  
│
├────────┼────────┼────────┼────────┼────────┼────────┼────────┼────────┼───────
─┤
│ [1;36m0.4354[0m │ [1;36m0.8770[0m │ [1;36m0.3656[0m │ [1;36m0.5129[0m │ [1;36m0.8907[0m │ [1;36m0.8988[0m │ [1;36m0.8827[0m │ [1;36m0.3980[0m │ [1;36m0.8635[0m
│
└────────┴────────┴────────┴────────┴────────┴────────┴────────┴────────┴───────
─┘
[1;36m                     Val — Per-class Metrics                      [0m
┏━━━━━━━━━━━━━━┳━━━━━━━━━━┳━━━━━━━━┳━━━━━━━━┳━━━━━━━━━━━┳━━━━━━━━┓
┃[1;36m [0m[1;36mClass       [0m[1;36m [0m┃[1;36m [0m[1;36mAP 50:95[0m[1;36m [0m┃[1;36m [0m[1;36m    AR[0m[1;36m [0m┃[1;36m [0m[1;36m    F1[0m[1;36m [0m┃[1;36m [0m[1;36mPrecision[0m[1;36m [0m┃[1;36m [0m[1;36mRecall[0m[1;36m [0m┃
┡━━━━━━━━━━━━━━╇━━━━━━━━━━╇━━━━━━━━╇━━━━━━━━╇━━━━━━━━━━━╇━━━━━━━━┩
│[2m [0m[2mGlassBeadSeg[0m[2m [0m│   0.4354 │ 0.5129 │ 0.8907 │    0.8988 │ 0.8827 │
└──────────────┴──────────┴────────┴────────┴───────────┴────────┘
                              Val — Overall Metrics                             
┏━━━━━━━━━━━━━━━━━━━━━━━━━━┳━━━━━━━━┳━━━━━━━━━━━━━━━━━━━━━━━━━━┳━━━━━━━━━━━━━━━━
━┓
┃           mAP            ┃  mAR   ┃         F1 sweep         ┃     segm mAP   
┃
┡━━━━━━━━┯━━━━━━━━┯━━━━━━━━╇━━━━━━━━╇━━━━━━━━┯━━━━━━━━┯━━━━━━━━╇━━━━━━━━┯━━━━━━━
━┩
│ [1;92m50:95[0m  │   [1;36m50[0m   │   [1;36m75[0m   │  @[1;36m500[0m  │   F1   │  Prec  │ Recall │ [1;92m50:95[0m  │   [1;36m50[0m  
│
├────────┼────────┼────────┼────────┼────────┼────────┼────────┼────────┼───────
─┤
│ [1;36m0.4416[0m │ [1;36m0.8767[0m │ [1;36m0.3836[0m │ [1;36m0.5180[0m │ [1;36m0.8880[0m │ [1;36m0.9016[0m │ [1;36m0.8748[0m │ [1;36m0.3977[0m │ [1;36m0.8628[0m
│
└────────┴────────┴────────┴────────┴────────┴────────┴────────┴────────┴───────
─┘
[1;36m                     Val — Per-class Metrics                      [0m
┏━━━━━━━━━━━━━━┳━━━━━━━━━━┳━━━━━━━━┳━━━━━━━━┳━━━━━━━━━━━┳━━━━━━━━┓
┃[1;36m [0m[1;36mClass       [0m[1;36m [0m┃[1;36m [0m[1;36mAP 50:95[0m[1;36m [0m┃[1;36m [0m[1;36m    AR[0m[1;36m [0m┃[1;36m [0m[1;36m    F1[0m[1;36m [0m┃[1;36m [0m[1;36mPrecision[0m[1;36m [0m┃[1;36m [0m[1;36mRecall[0m[1;36m [0m┃
┡━━━━━━━━━━━━━━╇━━━━━━━━━━╇━━━━━━━━╇━━━━━━━━╇━━━━━━━━━━━╇━━━━━━━━┩
│[2m [0m[2mGlassBeadSeg[0m[2m [0m│   0.4416 │ 0.5180 │ 0.8880 │    0.9016 │ 0.8748 │
└──────────────┴──────────┴────────┴────────┴───────────┴────────┘
Metric __rfdetr_effective_map__ improved by 0.003 >= min_delta = 0.001. New best score: 0.442
[2026-06-18 22:04:47] [INFO] rf-detr - Best regular mAP saved to /input0/transcoder-st/learn_llm/GrassBeadSeg/models/rfdetr_seg_large/trained/checkpoint_best_regular.pth (epoch 111)
[2026-06-18 22:04:48] [INFO] rf-detr - Best EMA mAP improved to 0.4401 (epoch 111)
                              Val — Overall Metrics                             
┏━━━━━━━━━━━━━━━━━━━━━━━━━━┳━━━━━━━━┳━━━━━━━━━━━━━━━━━━━━━━━━━━┳━━━━━━━━━━━━━━━━
━┓
┃           mAP            ┃  mAR   ┃         F1 sweep         ┃     segm mAP   
┃
┡━━━━━━━━┯━━━━━━━━┯━━━━━━━━╇━━━━━━━━╇━━━━━━━━┯━━━━━━━━┯━━━━━━━━╇━━━━━━━━┯━━━━━━━
━┩
│ [1;92m50:95[0m  │   [1;36m50[0m   │   [1;36m75[0m   │  @[1;36m500[0m  │   F1   │  Prec  │ Recall │ [1;92m50:95[0m  │   [1;36m50[0m  
│
├────────┼────────┼────────┼────────┼────────┼────────┼────────┼────────┼───────
─┤
│ [1;36m0.4438[0m │ [1;36m0.8769[0m │ [1;36m0.3894[0m │ [1;36m0.5194[0m │ [1;36m0.8891[0m │ [1;36m0.9061[0m │ [1;36m0.8728[0m │ [1;36m0.3985[0m │ [1;36m0.8641[0m
│
└────────┴────────┴────────┴────────┴────────┴────────┴────────┴────────┴───────
─┘
[1;36m                     Val — Per-class Metrics                      [0m
┏━━━━━━━━━━━━━━┳━━━━━━━━━━┳━━━━━━━━┳━━━━━━━━┳━━━━━━━━━━━┳━━━━━━━━┓
┃[1;36m [0m[1;36mClass       [0m[1;36m [0m┃[1;36m [0m[1;36mAP 50:95[0m[1;36m [0m┃[1;36m [0m[1;36m    AR[0m[1;36m [0m┃[1;36m [0m[1;36m    F1[0m[1;36m [0m┃[1;36m [0m[1;36mPrecision[0m[1;36m [0m┃[1;36m [0m[1;36mRecall[0m[1;36m [0m┃
┡━━━━━━━━━━━━━━╇━━━━━━━━━━╇━━━━━━━━╇━━━━━━━━╇━━━━━━━━━━━╇━━━━━━━━┩
│[2m [0m[2mGlassBeadSeg[0m[2m [0m│   0.4438 │ 0.5194 │ 0.8891 │    0.9061 │ 0.8728 │
└──────────────┴──────────┴────────┴────────┴───────────┴────────┘
Metric __rfdetr_effective_map__ improved by 0.002 >= min_delta = 0.001. New best score: 0.444
[2026-06-18 22:08:02] [INFO] rf-detr - Best regular mAP saved to /input0/transcoder-st/learn_llm/GrassBeadSeg/models/rfdetr_seg_large/trained/checkpoint_best_regular.pth (epoch 112)
                              Val — Overall Metrics                             
┏━━━━━━━━━━━━━━━━━━━━━━━━━━┳━━━━━━━━┳━━━━━━━━━━━━━━━━━━━━━━━━━━┳━━━━━━━━━━━━━━━━
━┓
┃           mAP            ┃  mAR   ┃         F1 sweep         ┃     segm mAP   
┃
┡━━━━━━━━┯━━━━━━━━┯━━━━━━━━╇━━━━━━━━╇━━━━━━━━┯━━━━━━━━┯━━━━━━━━╇━━━━━━━━┯━━━━━━━
━┩
│ [1;92m50:95[0m  │   [1;36m50[0m   │   [1;36m75[0m   │  @[1;36m500[0m  │   F1   │  Prec  │ Recall │ [1;92m50:95[0m  │   [1;36m50[0m  
│
├────────┼────────┼────────┼────────┼────────┼────────┼────────┼────────┼───────
─┤
│ [1;36m0.4391[0m │ [1;36m0.8666[0m │ [1;36m0.3796[0m │ [1;36m0.5157[0m │ [1;36m0.8873[0m │ [1;36m0.8982[0m │ [1;36m0.8767[0m │ [1;36m0.3884[0m │ [1;36m0.8629[0m
│
└────────┴────────┴────────┴────────┴────────┴────────┴────────┴────────┴───────
─┘
[1;36m                     Val — Per-class Metrics                      [0m
┏━━━━━━━━━━━━━━┳━━━━━━━━━━┳━━━━━━━━┳━━━━━━━━┳━━━━━━━━━━━┳━━━━━━━━┓
┃[1;36m [0m[1;36mClass       [0m[1;36m [0m┃[1;36m [0m[1;36mAP 50:95[0m[1;36m [0m┃[1;36m [0m[1;36m    AR[0m[1;36m [0m┃[1;36m [0m[1;36m    F1[0m[1;36m [0m┃[1;36m [0m[1;36mPrecision[0m[1;36m [0m┃[1;36m [0m[1;36mRecall[0m[1;36m [0m┃
┡━━━━━━━━━━━━━━╇━━━━━━━━━━╇━━━━━━━━╇━━━━━━━━╇━━━━━━━━━━━╇━━━━━━━━┩
│[2m [0m[2mGlassBeadSeg[0m[2m [0m│   0.4391 │ 0.5157 │ 0.8873 │    0.8982 │ 0.8767 │
└──────────────┴──────────┴────────┴────────┴───────────┴────────┘
                              Val — Overall Metrics                             
┏━━━━━━━━━━━━━━━━━━━━━━━━━━┳━━━━━━━━┳━━━━━━━━━━━━━━━━━━━━━━━━━━┳━━━━━━━━━━━━━━━━
━┓
┃           mAP            ┃  mAR   ┃         F1 sweep         ┃     segm mAP   
┃
┡━━━━━━━━┯━━━━━━━━┯━━━━━━━━╇━━━━━━━━╇━━━━━━━━┯━━━━━━━━┯━━━━━━━━╇━━━━━━━━┯━━━━━━━
━┩
│ [1;92m50:95[0m  │   [1;36m50[0m   │   [1;36m75[0m   │  @[1;36m500[0m  │   F1   │  Prec  │ Recall │ [1;92m50:95[0m  │   [1;36m50[0m  
│
├────────┼────────┼────────┼────────┼────────┼────────┼────────┼────────┼───────
─┤
│ [1;36m0.4411[0m │ [1;36m0.8785[0m │ [1;36m0.3766[0m │ [1;36m0.5170[0m │ [1;36m0.8796[0m │ [1;36m0.8917[0m │ [1;36m0.8678[0m │ [1;36m0.3775[0m │ [1;36m0.8505[0m
│
└────────┴────────┴────────┴────────┴────────┴────────┴────────┴────────┴───────
─┘
[1;36m                     Val — Per-class Metrics                      [0m
┏━━━━━━━━━━━━━━┳━━━━━━━━━━┳━━━━━━━━┳━━━━━━━━┳━━━━━━━━━━━┳━━━━━━━━┓
┃[1;36m [0m[1;36mClass       [0m[1;36m [0m┃[1;36m [0m[1;36mAP 50:95[0m[1;36m [0m┃[1;36m [0m[1;36m    AR[0m[1;36m [0m┃[1;36m [0m[1;36m    F1[0m[1;36m [0m┃[1;36m [0m[1;36mPrecision[0m[1;36m [0m┃[1;36m [0m[1;36mRecall[0m[1;36m [0m┃
┡━━━━━━━━━━━━━━╇━━━━━━━━━━╇━━━━━━━━╇━━━━━━━━╇━━━━━━━━━━━╇━━━━━━━━┩
│[2m [0m[2mGlassBeadSeg[0m[2m [0m│   0.4411 │ 0.5170 │ 0.8796 │    0.8917 │ 0.8678 │
└──────────────┴──────────┴────────┴────────┴───────────┴────────┘
                              Val — Overall Metrics                             
┏━━━━━━━━━━━━━━━━━━━━━━━━━━┳━━━━━━━━┳━━━━━━━━━━━━━━━━━━━━━━━━━━┳━━━━━━━━━━━━━━━━
━┓
┃           mAP            ┃  mAR   ┃         F1 sweep         ┃     segm mAP   
┃
┡━━━━━━━━┯━━━━━━━━┯━━━━━━━━╇━━━━━━━━╇━━━━━━━━┯━━━━━━━━┯━━━━━━━━╇━━━━━━━━┯━━━━━━━
━┩
│ [1;92m50:95[0m  │   [1;36m50[0m   │   [1;36m75[0m   │  @[1;36m500[0m  │   F1   │  Prec  │ Recall │ [1;92m50:95[0m  │   [1;36m50[0m  
│
├────────┼────────┼────────┼────────┼────────┼────────┼────────┼────────┼───────
─┤
│ [1;36m0.4394[0m │ [1;36m0.8778[0m │ [1;36m0.3696[0m │ [1;36m0.5159[0m │ [1;36m0.8798[0m │ [1;36m0.8943[0m │ [1;36m0.8658[0m │ [1;36m0.3733[0m │ [1;36m0.8523[0m
│
└────────┴────────┴────────┴────────┴────────┴────────┴────────┴────────┴───────
─┘
[1;36m                     Val — Per-class Metrics                      [0m
┏━━━━━━━━━━━━━━┳━━━━━━━━━━┳━━━━━━━━┳━━━━━━━━┳━━━━━━━━━━━┳━━━━━━━━┓
┃[1;36m [0m[1;36mClass       [0m[1;36m [0m┃[1;36m [0m[1;36mAP 50:95[0m[1;36m [0m┃[1;36m [0m[1;36m    AR[0m[1;36m [0m┃[1;36m [0m[1;36m    F1[0m[1;36m [0m┃[1;36m [0m[1;36mPrecision[0m[1;36m [0m┃[1;36m [0m[1;36mRecall[0m[1;36m [0m┃
┡━━━━━━━━━━━━━━╇━━━━━━━━━━╇━━━━━━━━╇━━━━━━━━╇━━━━━━━━━━━╇━━━━━━━━┩
│[2m [0m[2mGlassBeadSeg[0m[2m [0m│   0.4394 │ 0.5159 │ 0.8798 │    0.8943 │ 0.8658 │
└──────────────┴──────────┴────────┴────────┴───────────┴────────┘
                              Val — Overall Metrics                             
┏━━━━━━━━━━━━━━━━━━━━━━━━━━┳━━━━━━━━┳━━━━━━━━━━━━━━━━━━━━━━━━━━┳━━━━━━━━━━━━━━━━
━┓
┃           mAP            ┃  mAR   ┃         F1 sweep         ┃     segm mAP   
┃
┡━━━━━━━━┯━━━━━━━━┯━━━━━━━━╇━━━━━━━━╇━━━━━━━━┯━━━━━━━━┯━━━━━━━━╇━━━━━━━━┯━━━━━━━
━┩
│ [1;92m50:95[0m  │   [1;36m50[0m   │   [1;36m75[0m   │  @[1;36m500[0m  │   F1   │  Prec  │ Recall │ [1;92m50:95[0m  │   [1;36m50[0m  
│
├────────┼────────┼────────┼────────┼────────┼────────┼────────┼────────┼───────
─┤
│ [1;36m0.4424[0m │ [1;36m0.8788[0m │ [1;36m0.3741[0m │ [1;36m0.5191[0m │ [1;36m0.8807[0m │ [1;36m0.8961[0m │ [1;36m0.8658[0m │ [1;36m0.3757[0m │ [1;36m0.8525[0m
│
└────────┴────────┴────────┴────────┴────────┴────────┴────────┴────────┴───────
─┘
[1;36m                     Val — Per-class Metrics                      [0m
┏━━━━━━━━━━━━━━┳━━━━━━━━━━┳━━━━━━━━┳━━━━━━━━┳━━━━━━━━━━━┳━━━━━━━━┓
┃[1;36m [0m[1;36mClass       [0m[1;36m [0m┃[1;36m [0m[1;36mAP 50:95[0m[1;36m [0m┃[1;36m [0m[1;36m    AR[0m[1;36m [0m┃[1;36m [0m[1;36m    F1[0m[1;36m [0m┃[1;36m [0m[1;36mPrecision[0m[1;36m [0m┃[1;36m [0m[1;36mRecall[0m[1;36m [0m┃
┡━━━━━━━━━━━━━━╇━━━━━━━━━━╇━━━━━━━━╇━━━━━━━━╇━━━━━━━━━━━╇━━━━━━━━┩
│[2m [0m[2mGlassBeadSeg[0m[2m [0m│   0.4424 │ 0.5191 │ 0.8807 │    0.8961 │ 0.8658 │
└──────────────┴──────────┴────────┴────────┴───────────┴────────┘
                              Val — Overall Metrics                             
┏━━━━━━━━━━━━━━━━━━━━━━━━━━┳━━━━━━━━┳━━━━━━━━━━━━━━━━━━━━━━━━━━┳━━━━━━━━━━━━━━━━
━┓
┃           mAP            ┃  mAR   ┃         F1 sweep         ┃     segm mAP   
┃
┡━━━━━━━━┯━━━━━━━━┯━━━━━━━━╇━━━━━━━━╇━━━━━━━━┯━━━━━━━━┯━━━━━━━━╇━━━━━━━━┯━━━━━━━
━┩
│ [1;92m50:95[0m  │   [1;36m50[0m   │   [1;36m75[0m   │  @[1;36m500[0m  │   F1   │  Prec  │ Recall │ [1;92m50:95[0m  │   [1;36m50[0m  
│
├────────┼────────┼────────┼────────┼────────┼────────┼────────┼────────┼───────
─┤
│ [1;36m0.4385[0m │ [1;36m0.8687[0m │ [1;36m0.3795[0m │ [1;36m0.5150[0m │ [1;36m0.8818[0m │ [1;36m0.8889[0m │ [1;36m0.8748[0m │ [1;36m0.3753[0m │ [1;36m0.8533[0m
│
└────────┴────────┴────────┴────────┴────────┴────────┴────────┴────────┴───────
─┘
[1;36m                     Val — Per-class Metrics                      [0m
┏━━━━━━━━━━━━━━┳━━━━━━━━━━┳━━━━━━━━┳━━━━━━━━┳━━━━━━━━━━━┳━━━━━━━━┓
┃[1;36m [0m[1;36mClass       [0m[1;36m [0m┃[1;36m [0m[1;36mAP 50:95[0m[1;36m [0m┃[1;36m [0m[1;36m    AR[0m[1;36m [0m┃[1;36m [0m[1;36m    F1[0m[1;36m [0m┃[1;36m [0m[1;36mPrecision[0m[1;36m [0m┃[1;36m [0m[1;36mRecall[0m[1;36m [0m┃
┡━━━━━━━━━━━━━━╇━━━━━━━━━━╇━━━━━━━━╇━━━━━━━━╇━━━━━━━━━━━╇━━━━━━━━┩
│[2m [0m[2mGlassBeadSeg[0m[2m [0m│   0.4385 │ 0.5150 │ 0.8818 │    0.8889 │ 0.8748 │
└──────────────┴──────────┴────────┴────────┴───────────┴────────┘
                              Val — Overall Metrics                             
┏━━━━━━━━━━━━━━━━━━━━━━━━━━┳━━━━━━━━┳━━━━━━━━━━━━━━━━━━━━━━━━━━┳━━━━━━━━━━━━━━━━
━┓
┃           mAP            ┃  mAR   ┃         F1 sweep         ┃     segm mAP   
┃
┡━━━━━━━━┯━━━━━━━━┯━━━━━━━━╇━━━━━━━━╇━━━━━━━━┯━━━━━━━━┯━━━━━━━━╇━━━━━━━━┯━━━━━━━
━┩
│ [1;92m50:95[0m  │   [1;36m50[0m   │   [1;36m75[0m   │  @[1;36m500[0m  │   F1   │  Prec  │ Recall │ [1;92m50:95[0m  │   [1;36m50[0m  
│
├────────┼────────┼────────┼────────┼────────┼────────┼────────┼────────┼───────
─┤
│ [1;36m0.4407[0m │ [1;36m0.8772[0m │ [1;36m0.3875[0m │ [1;36m0.5170[0m │ [1;36m0.8858[0m │ [1;36m0.8970[0m │ [1;36m0.8748[0m │ [1;36m0.3851[0m │ [1;36m0.8625[0m
│
└────────┴────────┴────────┴────────┴────────┴────────┴────────┴────────┴───────
─┘
[1;36m                     Val — Per-class Metrics                      [0m
┏━━━━━━━━━━━━━━┳━━━━━━━━━━┳━━━━━━━━┳━━━━━━━━┳━━━━━━━━━━━┳━━━━━━━━┓
┃[1;36m [0m[1;36mClass       [0m[1;36m [0m┃[1;36m [0m[1;36mAP 50:95[0m[1;36m [0m┃[1;36m [0m[1;36m    AR[0m[1;36m [0m┃[1;36m [0m[1;36m    F1[0m[1;36m [0m┃[1;36m [0m[1;36mPrecision[0m[1;36m [0m┃[1;36m [0m[1;36mRecall[0m[1;36m [0m┃
┡━━━━━━━━━━━━━━╇━━━━━━━━━━╇━━━━━━━━╇━━━━━━━━╇━━━━━━━━━━━╇━━━━━━━━┩
│[2m [0m[2mGlassBeadSeg[0m[2m [0m│   0.4407 │ 0.5170 │ 0.8858 │    0.8970 │ 0.8748 │
└──────────────┴──────────┴────────┴────────┴───────────┴────────┘
                              Val — Overall Metrics                             
┏━━━━━━━━━━━━━━━━━━━━━━━━━━┳━━━━━━━━┳━━━━━━━━━━━━━━━━━━━━━━━━━━┳━━━━━━━━━━━━━━━━
━┓
┃           mAP            ┃  mAR   ┃         F1 sweep         ┃     segm mAP   
┃
┡━━━━━━━━┯━━━━━━━━┯━━━━━━━━╇━━━━━━━━╇━━━━━━━━┯━━━━━━━━┯━━━━━━━━╇━━━━━━━━┯━━━━━━━
━┩
│ [1;92m50:95[0m  │   [1;36m50[0m   │   [1;36m75[0m   │  @[1;36m500[0m  │   F1   │  Prec  │ Recall │ [1;92m50:95[0m  │   [1;36m50[0m  
│
├────────┼────────┼────────┼────────┼────────┼────────┼────────┼────────┼───────
─┤
│ [1;36m0.4399[0m │ [1;36m0.8780[0m │ [1;36m0.3861[0m │ [1;36m0.5164[0m │ [1;36m0.8860[0m │ [1;36m0.8996[0m │ [1;36m0.8728[0m │ [1;36m0.3863[0m │ [1;36m0.8537[0m
│
└────────┴────────┴────────┴────────┴────────┴────────┴────────┴────────┴───────
─┘
[1;36m                     Val — Per-class Metrics                      [0m
┏━━━━━━━━━━━━━━┳━━━━━━━━━━┳━━━━━━━━┳━━━━━━━━┳━━━━━━━━━━━┳━━━━━━━━┓
┃[1;36m [0m[1;36mClass       [0m[1;36m [0m┃[1;36m [0m[1;36mAP 50:95[0m[1;36m [0m┃[1;36m [0m[1;36m    AR[0m[1;36m [0m┃[1;36m [0m[1;36m    F1[0m[1;36m [0m┃[1;36m [0m[1;36mPrecision[0m[1;36m [0m┃[1;36m [0m[1;36mRecall[0m[1;36m [0m┃
┡━━━━━━━━━━━━━━╇━━━━━━━━━━╇━━━━━━━━╇━━━━━━━━╇━━━━━━━━━━━╇━━━━━━━━┩
│[2m [0m[2mGlassBeadSeg[0m[2m [0m│   0.4399 │ 0.5164 │ 0.8860 │    0.8996 │ 0.8728 │
└──────────────┴──────────┴────────┴────────┴───────────┴────────┘
                              Val — Overall Metrics                             
┏━━━━━━━━━━━━━━━━━━━━━━━━━━┳━━━━━━━━┳━━━━━━━━━━━━━━━━━━━━━━━━━━┳━━━━━━━━━━━━━━━━
━┓
┃           mAP            ┃  mAR   ┃         F1 sweep         ┃     segm mAP   
┃
┡━━━━━━━━┯━━━━━━━━┯━━━━━━━━╇━━━━━━━━╇━━━━━━━━┯━━━━━━━━┯━━━━━━━━╇━━━━━━━━┯━━━━━━━
━┩
│ [1;92m50:95[0m  │   [1;36m50[0m   │   [1;36m75[0m   │  @[1;36m500[0m  │   F1   │  Prec  │ Recall │ [1;92m50:95[0m  │   [1;36m50[0m  
│
├────────┼────────┼────────┼────────┼────────┼────────┼────────┼────────┼───────
─┤
│ [1;36m0.4398[0m │ [1;36m0.8672[0m │ [1;36m0.3955[0m │ [1;36m0.5161[0m │ [1;36m0.8828[0m │ [1;36m0.8973[0m │ [1;36m0.8688[0m │ [1;36m0.3916[0m │ [1;36m0.8537[0m
│
└────────┴────────┴────────┴────────┴────────┴────────┴────────┴────────┴───────
─┘
[1;36m                     Val — Per-class Metrics                      [0m
┏━━━━━━━━━━━━━━┳━━━━━━━━━━┳━━━━━━━━┳━━━━━━━━┳━━━━━━━━━━━┳━━━━━━━━┓
┃[1;36m [0m[1;36mClass       [0m[1;36m [0m┃[1;36m [0m[1;36mAP 50:95[0m[1;36m [0m┃[1;36m [0m[1;36m    AR[0m[1;36m [0m┃[1;36m [0m[1;36m    F1[0m[1;36m [0m┃[1;36m [0m[1;36mPrecision[0m[1;36m [0m┃[1;36m [0m[1;36mRecall[0m[1;36m [0m┃
┡━━━━━━━━━━━━━━╇━━━━━━━━━━╇━━━━━━━━╇━━━━━━━━╇━━━━━━━━━━━╇━━━━━━━━┩
│[2m [0m[2mGlassBeadSeg[0m[2m [0m│   0.4398 │ 0.5161 │ 0.8828 │    0.8973 │ 0.8688 │
└──────────────┴──────────┴────────┴────────┴───────────┴────────┘
                              Val — Overall Metrics                             
┏━━━━━━━━━━━━━━━━━━━━━━━━━━┳━━━━━━━━┳━━━━━━━━━━━━━━━━━━━━━━━━━━┳━━━━━━━━━━━━━━━━
━┓
┃           mAP            ┃  mAR   ┃         F1 sweep         ┃     segm mAP   
┃
┡━━━━━━━━┯━━━━━━━━┯━━━━━━━━╇━━━━━━━━╇━━━━━━━━┯━━━━━━━━┯━━━━━━━━╇━━━━━━━━┯━━━━━━━
━┩
│ [1;92m50:95[0m  │   [1;36m50[0m   │   [1;36m75[0m   │  @[1;36m500[0m  │   F1   │  Prec  │ Recall │ [1;92m50:95[0m  │   [1;36m50[0m  
│
├────────┼────────┼────────┼────────┼────────┼────────┼────────┼────────┼───────
─┤
│ [1;36m0.4372[0m │ [1;36m0.8780[0m │ [1;36m0.3806[0m │ [1;36m0.5148[0m │ [1;36m0.8851[0m │ [1;36m0.8978[0m │ [1;36m0.8728[0m │ [1;36m0.3873[0m │ [1;36m0.8623[0m
│
└────────┴────────┴────────┴────────┴────────┴────────┴────────┴────────┴───────
─┘
[1;36m                     Val — Per-class Metrics                      [0m
┏━━━━━━━━━━━━━━┳━━━━━━━━━━┳━━━━━━━━┳━━━━━━━━┳━━━━━━━━━━━┳━━━━━━━━┓
┃[1;36m [0m[1;36mClass       [0m[1;36m [0m┃[1;36m [0m[1;36mAP 50:95[0m[1;36m [0m┃[1;36m [0m[1;36m    AR[0m[1;36m [0m┃[1;36m [0m[1;36m    F1[0m[1;36m [0m┃[1;36m [0m[1;36mPrecision[0m[1;36m [0m┃[1;36m [0m[1;36mRecall[0m[1;36m [0m┃
┡━━━━━━━━━━━━━━╇━━━━━━━━━━╇━━━━━━━━╇━━━━━━━━╇━━━━━━━━━━━╇━━━━━━━━┩
│[2m [0m[2mGlassBeadSeg[0m[2m [0m│   0.4372 │ 0.5148 │ 0.8851 │    0.8978 │ 0.8728 │
└──────────────┴──────────┴────────┴────────┴───────────┴────────┘
                              Val — Overall Metrics                             
┏━━━━━━━━━━━━━━━━━━━━━━━━━━┳━━━━━━━━┳━━━━━━━━━━━━━━━━━━━━━━━━━━┳━━━━━━━━━━━━━━━━
━┓
┃           mAP            ┃  mAR   ┃         F1 sweep         ┃     segm mAP   
┃
┡━━━━━━━━┯━━━━━━━━┯━━━━━━━━╇━━━━━━━━╇━━━━━━━━┯━━━━━━━━┯━━━━━━━━╇━━━━━━━━┯━━━━━━━
━┩
│ [1;92m50:95[0m  │   [1;36m50[0m   │   [1;36m75[0m   │  @[1;36m500[0m  │   F1   │  Prec  │ Recall │ [1;92m50:95[0m  │   [1;36m50[0m  
│
├────────┼────────┼────────┼────────┼────────┼────────┼────────┼────────┼───────
─┤
│ [1;36m0.4404[0m │ [1;36m0.8771[0m │ [1;36m0.3840[0m │ [1;36m0.5172[0m │ [1;36m0.8847[0m │ [1;36m0.8808[0m │ [1;36m0.8887[0m │ [1;36m0.3842[0m │ [1;36m0.8540[0m
│
└────────┴────────┴────────┴────────┴────────┴────────┴────────┴────────┴───────
─┘
[1;36m                     Val — Per-class Metrics                      [0m
┏━━━━━━━━━━━━━━┳━━━━━━━━━━┳━━━━━━━━┳━━━━━━━━┳━━━━━━━━━━━┳━━━━━━━━┓
┃[1;36m [0m[1;36mClass       [0m[1;36m [0m┃[1;36m [0m[1;36mAP 50:95[0m[1;36m [0m┃[1;36m [0m[1;36m    AR[0m[1;36m [0m┃[1;36m [0m[1;36m    F1[0m[1;36m [0m┃[1;36m [0m[1;36mPrecision[0m[1;36m [0m┃[1;36m [0m[1;36mRecall[0m[1;36m [0m┃
┡━━━━━━━━━━━━━━╇━━━━━━━━━━╇━━━━━━━━╇━━━━━━━━╇━━━━━━━━━━━╇━━━━━━━━┩
│[2m [0m[2mGlassBeadSeg[0m[2m [0m│   0.4404 │ 0.5172 │ 0.8847 │    0.8808 │ 0.8887 │
└──────────────┴──────────┴────────┴────────┴───────────┴────────┘
                              Val — Overall Metrics                             
┏━━━━━━━━━━━━━━━━━━━━━━━━━━┳━━━━━━━━┳━━━━━━━━━━━━━━━━━━━━━━━━━━┳━━━━━━━━━━━━━━━━
━┓
┃           mAP            ┃  mAR   ┃         F1 sweep         ┃     segm mAP   
┃
┡━━━━━━━━┯━━━━━━━━┯━━━━━━━━╇━━━━━━━━╇━━━━━━━━┯━━━━━━━━┯━━━━━━━━╇━━━━━━━━┯━━━━━━━
━┩
│ [1;92m50:95[0m  │   [1;36m50[0m   │   [1;36m75[0m   │  @[1;36m500[0m  │   F1   │  Prec  │ Recall │ [1;92m50:95[0m  │   [1;36m50[0m  
│
├────────┼────────┼────────┼────────┼────────┼────────┼────────┼────────┼───────
─┤
│ [1;36m0.4363[0m │ [1;36m0.8782[0m │ [1;36m0.3791[0m │ [1;36m0.5131[0m │ [1;36m0.8818[0m │ [1;36m0.8889[0m │ [1;36m0.8748[0m │ [1;36m0.3822[0m │ [1;36m0.8535[0m
│
└────────┴────────┴────────┴────────┴────────┴────────┴────────┴────────┴───────
─┘
[1;36m                     Val — Per-class Metrics                      [0m
┏━━━━━━━━━━━━━━┳━━━━━━━━━━┳━━━━━━━━┳━━━━━━━━┳━━━━━━━━━━━┳━━━━━━━━┓
┃[1;36m [0m[1;36mClass       [0m[1;36m [0m┃[1;36m [0m[1;36mAP 50:95[0m[1;36m [0m┃[1;36m [0m[1;36m    AR[0m[1;36m [0m┃[1;36m [0m[1;36m    F1[0m[1;36m [0m┃[1;36m [0m[1;36mPrecision[0m[1;36m [0m┃[1;36m [0m[1;36mRecall[0m[1;36m [0m┃
┡━━━━━━━━━━━━━━╇━━━━━━━━━━╇━━━━━━━━╇━━━━━━━━╇━━━━━━━━━━━╇━━━━━━━━┩
│[2m [0m[2mGlassBeadSeg[0m[2m [0m│   0.4363 │ 0.5131 │ 0.8818 │    0.8889 │ 0.8748 │
└──────────────┴──────────┴────────┴────────┴───────────┴────────┘
[2026-06-18 22:44:04] [INFO] rf-detr - Best EMA mAP improved to 0.4414 (epoch 123)
                              Val — Overall Metrics                             
┏━━━━━━━━━━━━━━━━━━━━━━━━━━┳━━━━━━━━┳━━━━━━━━━━━━━━━━━━━━━━━━━━┳━━━━━━━━━━━━━━━━
━┓
┃           mAP            ┃  mAR   ┃         F1 sweep         ┃     segm mAP   
┃
┡━━━━━━━━┯━━━━━━━━┯━━━━━━━━╇━━━━━━━━╇━━━━━━━━┯━━━━━━━━┯━━━━━━━━╇━━━━━━━━┯━━━━━━━
━┩
│ [1;92m50:95[0m  │   [1;36m50[0m   │   [1;36m75[0m   │  @[1;36m500[0m  │   F1   │  Prec  │ Recall │ [1;92m50:95[0m  │   [1;36m50[0m  
│
├────────┼────────┼────────┼────────┼────────┼────────┼────────┼────────┼───────
─┤
│ [1;36m0.4407[0m │ [1;36m0.8765[0m │ [1;36m0.3823[0m │ [1;36m0.5173[0m │ [1;36m0.8835[0m │ [1;36m0.8966[0m │ [1;36m0.8708[0m │ [1;36m0.3839[0m │ [1;36m0.8626[0m
│
└────────┴────────┴────────┴────────┴────────┴────────┴────────┴────────┴───────
─┘
[1;36m                     Val — Per-class Metrics                      [0m
┏━━━━━━━━━━━━━━┳━━━━━━━━━━┳━━━━━━━━┳━━━━━━━━┳━━━━━━━━━━━┳━━━━━━━━┓
┃[1;36m [0m[1;36mClass       [0m[1;36m [0m┃[1;36m [0m[1;36mAP 50:95[0m[1;36m [0m┃[1;36m [0m[1;36m    AR[0m[1;36m [0m┃[1;36m [0m[1;36m    F1[0m[1;36m [0m┃[1;36m [0m[1;36mPrecision[0m[1;36m [0m┃[1;36m [0m[1;36mRecall[0m[1;36m [0m┃
┡━━━━━━━━━━━━━━╇━━━━━━━━━━╇━━━━━━━━╇━━━━━━━━╇━━━━━━━━━━━╇━━━━━━━━┩
│[2m [0m[2mGlassBeadSeg[0m[2m [0m│   0.4407 │ 0.5173 │ 0.8835 │    0.8966 │ 0.8708 │
└──────────────┴──────────┴────────┴────────┴───────────┴────────┘
                              Val — Overall Metrics                             
┏━━━━━━━━━━━━━━━━━━━━━━━━━━┳━━━━━━━━┳━━━━━━━━━━━━━━━━━━━━━━━━━━┳━━━━━━━━━━━━━━━━
━┓
┃           mAP            ┃  mAR   ┃         F1 sweep         ┃     segm mAP   
┃
┡━━━━━━━━┯━━━━━━━━┯━━━━━━━━╇━━━━━━━━╇━━━━━━━━┯━━━━━━━━┯━━━━━━━━╇━━━━━━━━┯━━━━━━━
━┩
│ [1;92m50:95[0m  │   [1;36m50[0m   │   [1;36m75[0m   │  @[1;36m500[0m  │   F1   │  Prec  │ Recall │ [1;92m50:95[0m  │   [1;36m50[0m  
│
├────────┼────────┼────────┼────────┼────────┼────────┼────────┼────────┼───────
─┤
│ [1;36m0.4401[0m │ [1;36m0.8780[0m │ [1;36m0.3759[0m │ [1;36m0.5168[0m │ [1;36m0.8862[0m │ [1;36m0.9022[0m │ [1;36m0.8708[0m │ [1;36m0.3875[0m │ [1;36m0.8631[0m
│
└────────┴────────┴────────┴────────┴────────┴────────┴────────┴────────┴───────
─┘
[1;36m                     Val — Per-class Metrics                      [0m
┏━━━━━━━━━━━━━━┳━━━━━━━━━━┳━━━━━━━━┳━━━━━━━━┳━━━━━━━━━━━┳━━━━━━━━┓
┃[1;36m [0m[1;36mClass       [0m[1;36m [0m┃[1;36m [0m[1;36mAP 50:95[0m[1;36m [0m┃[1;36m [0m[1;36m    AR[0m[1;36m [0m┃[1;36m [0m[1;36m    F1[0m[1;36m [0m┃[1;36m [0m[1;36mPrecision[0m[1;36m [0m┃[1;36m [0m[1;36mRecall[0m[1;36m [0m┃
┡━━━━━━━━━━━━━━╇━━━━━━━━━━╇━━━━━━━━╇━━━━━━━━╇━━━━━━━━━━━╇━━━━━━━━┩
│[2m [0m[2mGlassBeadSeg[0m[2m [0m│   0.4401 │ 0.5168 │ 0.8862 │    0.9022 │ 0.8708 │
└──────────────┴──────────┴────────┴────────┴───────────┴────────┘
                              Val — Overall Metrics                             
┏━━━━━━━━━━━━━━━━━━━━━━━━━━┳━━━━━━━━┳━━━━━━━━━━━━━━━━━━━━━━━━━━┳━━━━━━━━━━━━━━━━
━┓
┃           mAP            ┃  mAR   ┃         F1 sweep         ┃     segm mAP   
┃
┡━━━━━━━━┯━━━━━━━━┯━━━━━━━━╇━━━━━━━━╇━━━━━━━━┯━━━━━━━━┯━━━━━━━━╇━━━━━━━━┯━━━━━━━
━┩
│ [1;92m50:95[0m  │   [1;36m50[0m   │   [1;36m75[0m   │  @[1;36m500[0m  │   F1   │  Prec  │ Recall │ [1;92m50:95[0m  │   [1;36m50[0m  
│
├────────┼────────┼────────┼────────┼────────┼────────┼────────┼────────┼───────
─┤
│ [1;36m0.4366[0m │ [1;36m0.8783[0m │ [1;36m0.3699[0m │ [1;36m0.5134[0m │ [1;36m0.8856[0m │ [1;36m0.8979[0m │ [1;36m0.8738[0m │ [1;36m0.3835[0m │ [1;36m0.8631[0m
│
└────────┴────────┴────────┴────────┴────────┴────────┴────────┴────────┴───────
─┘
[1;36m                     Val — Per-class Metrics                      [0m
┏━━━━━━━━━━━━━━┳━━━━━━━━━━┳━━━━━━━━┳━━━━━━━━┳━━━━━━━━━━━┳━━━━━━━━┓
┃[1;36m [0m[1;36mClass       [0m[1;36m [0m┃[1;36m [0m[1;36mAP 50:95[0m[1;36m [0m┃[1;36m [0m[1;36m    AR[0m[1;36m [0m┃[1;36m [0m[1;36m    F1[0m[1;36m [0m┃[1;36m [0m[1;36mPrecision[0m[1;36m [0m┃[1;36m [0m[1;36mRecall[0m[1;36m [0m┃
┡━━━━━━━━━━━━━━╇━━━━━━━━━━╇━━━━━━━━╇━━━━━━━━╇━━━━━━━━━━━╇━━━━━━━━┩
│[2m [0m[2mGlassBeadSeg[0m[2m [0m│   0.4366 │ 0.5134 │ 0.8856 │    0.8979 │ 0.8738 │
└──────────────┴──────────┴────────┴────────┴───────────┴────────┘
                              Val — Overall Metrics                             
┏━━━━━━━━━━━━━━━━━━━━━━━━━━┳━━━━━━━━┳━━━━━━━━━━━━━━━━━━━━━━━━━━┳━━━━━━━━━━━━━━━━
━┓
┃           mAP            ┃  mAR   ┃         F1 sweep         ┃     segm mAP   
┃
┡━━━━━━━━┯━━━━━━━━┯━━━━━━━━╇━━━━━━━━╇━━━━━━━━┯━━━━━━━━┯━━━━━━━━╇━━━━━━━━┯━━━━━━━
━┩
│ [1;92m50:95[0m  │   [1;36m50[0m   │   [1;36m75[0m   │  @[1;36m500[0m  │   F1   │  Prec  │ Recall │ [1;92m50:95[0m  │   [1;36m50[0m  
│
├────────┼────────┼────────┼────────┼────────┼────────┼────────┼────────┼───────
─┤
│ [1;36m0.4408[0m │ [1;36m0.8791[0m │ [1;36m0.3763[0m │ [1;36m0.5169[0m │ [1;36m0.8847[0m │ [1;36m0.9002[0m │ [1;36m0.8698[0m │ [1;36m0.3777[0m │ [1;36m0.8539[0m
│
└────────┴────────┴────────┴────────┴────────┴────────┴────────┴────────┴───────
─┘
[1;36m                     Val — Per-class Metrics                      [0m
┏━━━━━━━━━━━━━━┳━━━━━━━━━━┳━━━━━━━━┳━━━━━━━━┳━━━━━━━━━━━┳━━━━━━━━┓
┃[1;36m [0m[1;36mClass       [0m[1;36m [0m┃[1;36m [0m[1;36mAP 50:95[0m[1;36m [0m┃[1;36m [0m[1;36m    AR[0m[1;36m [0m┃[1;36m [0m[1;36m    F1[0m[1;36m [0m┃[1;36m [0m[1;36mPrecision[0m[1;36m [0m┃[1;36m [0m[1;36mRecall[0m[1;36m [0m┃
┡━━━━━━━━━━━━━━╇━━━━━━━━━━╇━━━━━━━━╇━━━━━━━━╇━━━━━━━━━━━╇━━━━━━━━┩
│[2m [0m[2mGlassBeadSeg[0m[2m [0m│   0.4408 │ 0.5169 │ 0.8847 │    0.9002 │ 0.8698 │
└──────────────┴──────────┴────────┴────────┴───────────┴────────┘
                              Val — Overall Metrics                             
┏━━━━━━━━━━━━━━━━━━━━━━━━━━┳━━━━━━━━┳━━━━━━━━━━━━━━━━━━━━━━━━━━┳━━━━━━━━━━━━━━━━
━┓
┃           mAP            ┃  mAR   ┃         F1 sweep         ┃     segm mAP   
┃
┡━━━━━━━━┯━━━━━━━━┯━━━━━━━━╇━━━━━━━━╇━━━━━━━━┯━━━━━━━━┯━━━━━━━━╇━━━━━━━━┯━━━━━━━
━┩
│ [1;92m50:95[0m  │   [1;36m50[0m   │   [1;36m75[0m   │  @[1;36m500[0m  │   F1   │  Prec  │ Recall │ [1;92m50:95[0m  │   [1;36m50[0m  
│
├────────┼────────┼────────┼────────┼────────┼────────┼────────┼────────┼───────
─┤
│ [1;36m0.4413[0m │ [1;36m0.8781[0m │ [1;36m0.3787[0m │ [1;36m0.5167[0m │ [1;36m0.8871[0m │ [1;36m0.8998[0m │ [1;36m0.8748[0m │ [1;36m0.3818[0m │ [1;36m0.8634[0m
│
└────────┴────────┴────────┴────────┴────────┴────────┴────────┴────────┴───────
─┘
[1;36m                     Val — Per-class Metrics                      [0m
┏━━━━━━━━━━━━━━┳━━━━━━━━━━┳━━━━━━━━┳━━━━━━━━┳━━━━━━━━━━━┳━━━━━━━━┓
┃[1;36m [0m[1;36mClass       [0m[1;36m [0m┃[1;36m [0m[1;36mAP 50:95[0m[1;36m [0m┃[1;36m [0m[1;36m    AR[0m[1;36m [0m┃[1;36m [0m[1;36m    F1[0m[1;36m [0m┃[1;36m [0m[1;36mPrecision[0m[1;36m [0m┃[1;36m [0m[1;36mRecall[0m[1;36m [0m┃
┡━━━━━━━━━━━━━━╇━━━━━━━━━━╇━━━━━━━━╇━━━━━━━━╇━━━━━━━━━━━╇━━━━━━━━┩
│[2m [0m[2mGlassBeadSeg[0m[2m [0m│   0.4413 │ 0.5167 │ 0.8871 │    0.8998 │ 0.8748 │
└──────────────┴──────────┴────────┴────────┴───────────┴────────┘
                              Val — Overall Metrics                             
┏━━━━━━━━━━━━━━━━━━━━━━━━━━┳━━━━━━━━┳━━━━━━━━━━━━━━━━━━━━━━━━━━┳━━━━━━━━━━━━━━━━
━┓
┃           mAP            ┃  mAR   ┃         F1 sweep         ┃     segm mAP   
┃
┡━━━━━━━━┯━━━━━━━━┯━━━━━━━━╇━━━━━━━━╇━━━━━━━━┯━━━━━━━━┯━━━━━━━━╇━━━━━━━━┯━━━━━━━
━┩
│ [1;92m50:95[0m  │   [1;36m50[0m   │   [1;36m75[0m   │  @[1;36m500[0m  │   F1   │  Prec  │ Recall │ [1;92m50:95[0m  │   [1;36m50[0m  
│
├────────┼────────┼────────┼────────┼────────┼────────┼────────┼────────┼───────
─┤
│ [1;36m0.4430[0m │ [1;36m0.8777[0m │ [1;36m0.3788[0m │ [1;36m0.5193[0m │ [1;36m0.8832[0m │ [1;36m0.8949[0m │ [1;36m0.8718[0m │ [1;36m0.3780[0m │ [1;36m0.8531[0m
│
└────────┴────────┴────────┴────────┴────────┴────────┴────────┴────────┴───────
─┘
[1;36m                     Val — Per-class Metrics                      [0m
┏━━━━━━━━━━━━━━┳━━━━━━━━━━┳━━━━━━━━┳━━━━━━━━┳━━━━━━━━━━━┳━━━━━━━━┓
┃[1;36m [0m[1;36mClass       [0m[1;36m [0m┃[1;36m [0m[1;36mAP 50:95[0m[1;36m [0m┃[1;36m [0m[1;36m    AR[0m[1;36m [0m┃[1;36m [0m[1;36m    F1[0m[1;36m [0m┃[1;36m [0m[1;36mPrecision[0m[1;36m [0m┃[1;36m [0m[1;36mRecall[0m[1;36m [0m┃
┡━━━━━━━━━━━━━━╇━━━━━━━━━━╇━━━━━━━━╇━━━━━━━━╇━━━━━━━━━━━╇━━━━━━━━┩
│[2m [0m[2mGlassBeadSeg[0m[2m [0m│   0.4430 │ 0.5193 │ 0.8832 │    0.8949 │ 0.8718 │
└──────────────┴──────────┴────────┴────────┴───────────┴────────┘
                              Val — Overall Metrics                             
┏━━━━━━━━━━━━━━━━━━━━━━━━━━┳━━━━━━━━┳━━━━━━━━━━━━━━━━━━━━━━━━━━┳━━━━━━━━━━━━━━━━
━┓
┃           mAP            ┃  mAR   ┃         F1 sweep         ┃     segm mAP   
┃
┡━━━━━━━━┯━━━━━━━━┯━━━━━━━━╇━━━━━━━━╇━━━━━━━━┯━━━━━━━━┯━━━━━━━━╇━━━━━━━━┯━━━━━━━
━┩
│ [1;92m50:95[0m  │   [1;36m50[0m   │   [1;36m75[0m   │  @[1;36m500[0m  │   F1   │  Prec  │ Recall │ [1;92m50:95[0m  │   [1;36m50[0m  
│
├────────┼────────┼────────┼────────┼────────┼────────┼────────┼────────┼───────
─┤
│ [1;36m0.4419[0m │ [1;36m0.8785[0m │ [1;36m0.3736[0m │ [1;36m0.5196[0m │ [1;36m0.8848[0m │ [1;36m0.8919[0m │ [1;36m0.8777[0m │ [1;36m0.3777[0m │ [1;36m0.8635[0m
│
└────────┴────────┴────────┴────────┴────────┴────────┴────────┴────────┴───────
─┘
[1;36m                     Val — Per-class Metrics                      [0m
┏━━━━━━━━━━━━━━┳━━━━━━━━━━┳━━━━━━━━┳━━━━━━━━┳━━━━━━━━━━━┳━━━━━━━━┓
┃[1;36m [0m[1;36mClass       [0m[1;36m [0m┃[1;36m [0m[1;36mAP 50:95[0m[1;36m [0m┃[1;36m [0m[1;36m    AR[0m[1;36m [0m┃[1;36m [0m[1;36m    F1[0m[1;36m [0m┃[1;36m [0m[1;36mPrecision[0m[1;36m [0m┃[1;36m [0m[1;36mRecall[0m[1;36m [0m┃
┡━━━━━━━━━━━━━━╇━━━━━━━━━━╇━━━━━━━━╇━━━━━━━━╇━━━━━━━━━━━╇━━━━━━━━┩
│[2m [0m[2mGlassBeadSeg[0m[2m [0m│   0.4419 │ 0.5196 │ 0.8848 │    0.8919 │ 0.8777 │
└──────────────┴──────────┴────────┴────────┴───────────┴────────┘
                              Val — Overall Metrics                             
┏━━━━━━━━━━━━━━━━━━━━━━━━━━┳━━━━━━━━┳━━━━━━━━━━━━━━━━━━━━━━━━━━┳━━━━━━━━━━━━━━━━
━┓
┃           mAP            ┃  mAR   ┃         F1 sweep         ┃     segm mAP   
┃
┡━━━━━━━━┯━━━━━━━━┯━━━━━━━━╇━━━━━━━━╇━━━━━━━━┯━━━━━━━━┯━━━━━━━━╇━━━━━━━━┯━━━━━━━
━┩
│ [1;92m50:95[0m  │   [1;36m50[0m   │   [1;36m75[0m   │  @[1;36m500[0m  │   F1   │  Prec  │ Recall │ [1;92m50:95[0m  │   [1;36m50[0m  
│
├────────┼────────┼────────┼────────┼────────┼────────┼────────┼────────┼───────
─┤
│ [1;36m0.4416[0m │ [1;36m0.8777[0m │ [1;36m0.3778[0m │ [1;36m0.5180[0m │ [1;36m0.8823[0m │ [1;36m0.9049[0m │ [1;36m0.8608[0m │ [1;36m0.3720[0m │ [1;36m0.8531[0m
│
└────────┴────────┴────────┴────────┴────────┴────────┴────────┴────────┴───────
─┘
[1;36m                     Val — Per-class Metrics                      [0m
┏━━━━━━━━━━━━━━┳━━━━━━━━━━┳━━━━━━━━┳━━━━━━━━┳━━━━━━━━━━━┳━━━━━━━━┓
┃[1;36m [0m[1;36mClass       [0m[1;36m [0m┃[1;36m [0m[1;36mAP 50:95[0m[1;36m [0m┃[1;36m [0m[1;36m    AR[0m[1;36m [0m┃[1;36m [0m[1;36m    F1[0m[1;36m [0m┃[1;36m [0m[1;36mPrecision[0m[1;36m [0m┃[1;36m [0m[1;36mRecall[0m[1;36m [0m┃
┡━━━━━━━━━━━━━━╇━━━━━━━━━━╇━━━━━━━━╇━━━━━━━━╇━━━━━━━━━━━╇━━━━━━━━┩
│[2m [0m[2mGlassBeadSeg[0m[2m [0m│   0.4416 │ 0.5180 │ 0.8823 │    0.9049 │ 0.8608 │
└──────────────┴──────────┴────────┴────────┴───────────┴────────┘
                              Val — Overall Metrics                             
┏━━━━━━━━━━━━━━━━━━━━━━━━━━┳━━━━━━━━┳━━━━━━━━━━━━━━━━━━━━━━━━━━┳━━━━━━━━━━━━━━━━
━┓
┃           mAP            ┃  mAR   ┃         F1 sweep         ┃     segm mAP   
┃
┡━━━━━━━━┯━━━━━━━━┯━━━━━━━━╇━━━━━━━━╇━━━━━━━━┯━━━━━━━━┯━━━━━━━━╇━━━━━━━━┯━━━━━━━
━┩
│ [1;92m50:95[0m  │   [1;36m50[0m   │   [1;36m75[0m   │  @[1;36m500[0m  │   F1   │  Prec  │ Recall │ [1;92m50:95[0m  │   [1;36m50[0m  
│
├────────┼────────┼────────┼────────┼────────┼────────┼────────┼────────┼───────
─┤
│ [1;36m0.4417[0m │ [1;36m0.8783[0m │ [1;36m0.3765[0m │ [1;36m0.5184[0m │ [1;36m0.8809[0m │ [1;36m0.8945[0m │ [1;36m0.8678[0m │ [1;36m0.3743[0m │ [1;36m0.8521[0m
│
└────────┴────────┴────────┴────────┴────────┴────────┴────────┴────────┴───────
─┘
[1;36m                     Val — Per-class Metrics                      [0m
┏━━━━━━━━━━━━━━┳━━━━━━━━━━┳━━━━━━━━┳━━━━━━━━┳━━━━━━━━━━━┳━━━━━━━━┓
┃[1;36m [0m[1;36mClass       [0m[1;36m [0m┃[1;36m [0m[1;36mAP 50:95[0m[1;36m [0m┃[1;36m [0m[1;36m    AR[0m[1;36m [0m┃[1;36m [0m[1;36m    F1[0m[1;36m [0m┃[1;36m [0m[1;36mPrecision[0m[1;36m [0m┃[1;36m [0m[1;36mRecall[0m[1;36m [0m┃
┡━━━━━━━━━━━━━━╇━━━━━━━━━━╇━━━━━━━━╇━━━━━━━━╇━━━━━━━━━━━╇━━━━━━━━┩
│[2m [0m[2mGlassBeadSeg[0m[2m [0m│   0.4417 │ 0.5184 │ 0.8809 │    0.8945 │ 0.8678 │
└──────────────┴──────────┴────────┴────────┴───────────┴────────┘
                              Val — Overall Metrics                             
┏━━━━━━━━━━━━━━━━━━━━━━━━━━┳━━━━━━━━┳━━━━━━━━━━━━━━━━━━━━━━━━━━┳━━━━━━━━━━━━━━━━
━┓
┃           mAP            ┃  mAR   ┃         F1 sweep         ┃     segm mAP   
┃
┡━━━━━━━━┯━━━━━━━━┯━━━━━━━━╇━━━━━━━━╇━━━━━━━━┯━━━━━━━━┯━━━━━━━━╇━━━━━━━━┯━━━━━━━
━┩
│ [1;92m50:95[0m  │   [1;36m50[0m   │   [1;36m75[0m   │  @[1;36m500[0m  │   F1   │  Prec  │ Recall │ [1;92m50:95[0m  │   [1;36m50[0m  
│
├────────┼────────┼────────┼────────┼────────┼────────┼────────┼────────┼───────
─┤
│ [1;36m0.4423[0m │ [1;36m0.8796[0m │ [1;36m0.3900[0m │ [1;36m0.5189[0m │ [1;36m0.8851[0m │ [1;36m0.9020[0m │ [1;36m0.8688[0m │ [1;36m0.3778[0m │ [1;36m0.8629[0m
│
└────────┴────────┴────────┴────────┴────────┴────────┴────────┴────────┴───────
─┘
[1;36m                     Val — Per-class Metrics                      [0m
┏━━━━━━━━━━━━━━┳━━━━━━━━━━┳━━━━━━━━┳━━━━━━━━┳━━━━━━━━━━━┳━━━━━━━━┓
┃[1;36m [0m[1;36mClass       [0m[1;36m [0m┃[1;36m [0m[1;36mAP 50:95[0m[1;36m [0m┃[1;36m [0m[1;36m    AR[0m[1;36m [0m┃[1;36m [0m[1;36m    F1[0m[1;36m [0m┃[1;36m [0m[1;36mPrecision[0m[1;36m [0m┃[1;36m [0m[1;36mRecall[0m[1;36m [0m┃
┡━━━━━━━━━━━━━━╇━━━━━━━━━━╇━━━━━━━━╇━━━━━━━━╇━━━━━━━━━━━╇━━━━━━━━┩
│[2m [0m[2mGlassBeadSeg[0m[2m [0m│   0.4423 │ 0.5189 │ 0.8851 │    0.9020 │ 0.8688 │
└──────────────┴──────────┴────────┴────────┴───────────┴────────┘
[2026-06-18 23:17:01] [INFO] rf-detr - Best EMA mAP improved to 0.4429 (epoch 133)
                              Val — Overall Metrics                             
┏━━━━━━━━━━━━━━━━━━━━━━━━━━┳━━━━━━━━┳━━━━━━━━━━━━━━━━━━━━━━━━━━┳━━━━━━━━━━━━━━━━
━┓
┃           mAP            ┃  mAR   ┃         F1 sweep         ┃     segm mAP   
┃
┡━━━━━━━━┯━━━━━━━━┯━━━━━━━━╇━━━━━━━━╇━━━━━━━━┯━━━━━━━━┯━━━━━━━━╇━━━━━━━━┯━━━━━━━
━┩
│ [1;92m50:95[0m  │   [1;36m50[0m   │   [1;36m75[0m   │  @[1;36m500[0m  │   F1   │  Prec  │ Recall │ [1;92m50:95[0m  │   [1;36m50[0m  
│
├────────┼────────┼────────┼────────┼────────┼────────┼────────┼────────┼───────
─┤
│ [1;36m0.4461[0m │ [1;36m0.8794[0m │ [1;36m0.3780[0m │ [1;36m0.5219[0m │ [1;36m0.8846[0m │ [1;36m0.8968[0m │ [1;36m0.8728[0m │ [1;36m0.3824[0m │ [1;36m0.8543[0m
│
└────────┴────────┴────────┴────────┴────────┴────────┴────────┴────────┴───────
─┘
[1;36m                     Val — Per-class Metrics                      [0m
┏━━━━━━━━━━━━━━┳━━━━━━━━━━┳━━━━━━━━┳━━━━━━━━┳━━━━━━━━━━━┳━━━━━━━━┓
┃[1;36m [0m[1;36mClass       [0m[1;36m [0m┃[1;36m [0m[1;36mAP 50:95[0m[1;36m [0m┃[1;36m [0m[1;36m    AR[0m[1;36m [0m┃[1;36m [0m[1;36m    F1[0m[1;36m [0m┃[1;36m [0m[1;36mPrecision[0m[1;36m [0m┃[1;36m [0m[1;36mRecall[0m[1;36m [0m┃
┡━━━━━━━━━━━━━━╇━━━━━━━━━━╇━━━━━━━━╇━━━━━━━━╇━━━━━━━━━━━╇━━━━━━━━┩
│[2m [0m[2mGlassBeadSeg[0m[2m [0m│   0.4461 │ 0.5219 │ 0.8846 │    0.8968 │ 0.8728 │
└──────────────┴──────────┴────────┴────────┴───────────┴────────┘
Metric __rfdetr_effective_map__ improved by 0.002 >= min_delta = 0.001. New best score: 0.446
[2026-06-18 23:20:24] [INFO] rf-detr - Best regular mAP saved to /input0/transcoder-st/learn_llm/GrassBeadSeg/models/rfdetr_seg_large/trained/checkpoint_best_regular.pth (epoch 134)
                              Val — Overall Metrics                             
┏━━━━━━━━━━━━━━━━━━━━━━━━━━┳━━━━━━━━┳━━━━━━━━━━━━━━━━━━━━━━━━━━┳━━━━━━━━━━━━━━━━
━┓
┃           mAP            ┃  mAR   ┃         F1 sweep         ┃     segm mAP   
┃
┡━━━━━━━━┯━━━━━━━━┯━━━━━━━━╇━━━━━━━━╇━━━━━━━━┯━━━━━━━━┯━━━━━━━━╇━━━━━━━━┯━━━━━━━
━┩
│ [1;92m50:95[0m  │   [1;36m50[0m   │   [1;36m75[0m   │  @[1;36m500[0m  │   F1   │  Prec  │ Recall │ [1;92m50:95[0m  │   [1;36m50[0m  
│
├────────┼────────┼────────┼────────┼────────┼────────┼────────┼────────┼───────
─┤
│ [1;36m0.4451[0m │ [1;36m0.8771[0m │ [1;36m0.3849[0m │ [1;36m0.5200[0m │ [1;36m0.8892[0m │ [1;36m0.9053[0m │ [1;36m0.8738[0m │ [1;36m0.3961[0m │ [1;36m0.8642[0m
│
└────────┴────────┴────────┴────────┴────────┴────────┴────────┴────────┴───────
─┘
[1;36m                     Val — Per-class Metrics                      [0m
┏━━━━━━━━━━━━━━┳━━━━━━━━━━┳━━━━━━━━┳━━━━━━━━┳━━━━━━━━━━━┳━━━━━━━━┓
┃[1;36m [0m[1;36mClass       [0m[1;36m [0m┃[1;36m [0m[1;36mAP 50:95[0m[1;36m [0m┃[1;36m [0m[1;36m    AR[0m[1;36m [0m┃[1;36m [0m[1;36m    F1[0m[1;36m [0m┃[1;36m [0m[1;36mPrecision[0m[1;36m [0m┃[1;36m [0m[1;36mRecall[0m[1;36m [0m┃
┡━━━━━━━━━━━━━━╇━━━━━━━━━━╇━━━━━━━━╇━━━━━━━━╇━━━━━━━━━━━╇━━━━━━━━┩
│[2m [0m[2mGlassBeadSeg[0m[2m [0m│   0.4451 │ 0.5200 │ 0.8892 │    0.9053 │ 0.8738 │
└──────────────┴──────────┴────────┴────────┴───────────┴────────┘
                              Val — Overall Metrics                             
┏━━━━━━━━━━━━━━━━━━━━━━━━━━┳━━━━━━━━┳━━━━━━━━━━━━━━━━━━━━━━━━━━┳━━━━━━━━━━━━━━━━
━┓
┃           mAP            ┃  mAR   ┃         F1 sweep         ┃     segm mAP   
┃
┡━━━━━━━━┯━━━━━━━━┯━━━━━━━━╇━━━━━━━━╇━━━━━━━━┯━━━━━━━━┯━━━━━━━━╇━━━━━━━━┯━━━━━━━
━┩
│ [1;92m50:95[0m  │   [1;36m50[0m   │   [1;36m75[0m   │  @[1;36m500[0m  │   F1   │  Prec  │ Recall │ [1;92m50:95[0m  │   [1;36m50[0m  
│
├────────┼────────┼────────┼────────┼────────┼────────┼────────┼────────┼───────
─┤
│ [1;36m0.4438[0m │ [1;36m0.8691[0m │ [1;36m0.3807[0m │ [1;36m0.5209[0m │ [1;36m0.8889[0m │ [1;36m0.8993[0m │ [1;36m0.8787[0m │ [1;36m0.4035[0m │ [1;36m0.8647[0m
│
└────────┴────────┴────────┴────────┴────────┴────────┴────────┴────────┴───────
─┘
[1;36m                     Val — Per-class Metrics                      [0m
┏━━━━━━━━━━━━━━┳━━━━━━━━━━┳━━━━━━━━┳━━━━━━━━┳━━━━━━━━━━━┳━━━━━━━━┓
┃[1;36m [0m[1;36mClass       [0m[1;36m [0m┃[1;36m [0m[1;36mAP 50:95[0m[1;36m [0m┃[1;36m [0m[1;36m    AR[0m[1;36m [0m┃[1;36m [0m[1;36m    F1[0m[1;36m [0m┃[1;36m [0m[1;36mPrecision[0m[1;36m [0m┃[1;36m [0m[1;36mRecall[0m[1;36m [0m┃
┡━━━━━━━━━━━━━━╇━━━━━━━━━━╇━━━━━━━━╇━━━━━━━━╇━━━━━━━━━━━╇━━━━━━━━┩
│[2m [0m[2mGlassBeadSeg[0m[2m [0m│   0.4438 │ 0.5209 │ 0.8889 │    0.8993 │ 0.8787 │
└──────────────┴──────────┴────────┴────────┴───────────┴────────┘
                              Val — Overall Metrics                             
┏━━━━━━━━━━━━━━━━━━━━━━━━━━┳━━━━━━━━┳━━━━━━━━━━━━━━━━━━━━━━━━━━┳━━━━━━━━━━━━━━━━
━┓
┃           mAP            ┃  mAR   ┃         F1 sweep         ┃     segm mAP   
┃
┡━━━━━━━━┯━━━━━━━━┯━━━━━━━━╇━━━━━━━━╇━━━━━━━━┯━━━━━━━━┯━━━━━━━━╇━━━━━━━━┯━━━━━━━
━┩
│ [1;92m50:95[0m  │   [1;36m50[0m   │   [1;36m75[0m   │  @[1;36m500[0m  │   F1   │  Prec  │ Recall │ [1;92m50:95[0m  │   [1;36m50[0m  
│
├────────┼────────┼────────┼────────┼────────┼────────┼────────┼────────┼───────
─┤
│ [1;36m0.4452[0m │ [1;36m0.8776[0m │ [1;36m0.3822[0m │ [1;36m0.5215[0m │ [1;36m0.8899[0m │ [1;36m0.9003[0m │ [1;36m0.8797[0m │ [1;36m0.4003[0m │ [1;36m0.8643[0m
│
└────────┴────────┴────────┴────────┴────────┴────────┴────────┴────────┴───────
─┘
[1;36m                     Val — Per-class Metrics                      [0m
┏━━━━━━━━━━━━━━┳━━━━━━━━━━┳━━━━━━━━┳━━━━━━━━┳━━━━━━━━━━━┳━━━━━━━━┓
┃[1;36m [0m[1;36mClass       [0m[1;36m [0m┃[1;36m [0m[1;36mAP 50:95[0m[1;36m [0m┃[1;36m [0m[1;36m    AR[0m[1;36m [0m┃[1;36m [0m[1;36m    F1[0m[1;36m [0m┃[1;36m [0m[1;36mPrecision[0m[1;36m [0m┃[1;36m [0m[1;36mRecall[0m[1;36m [0m┃
┡━━━━━━━━━━━━━━╇━━━━━━━━━━╇━━━━━━━━╇━━━━━━━━╇━━━━━━━━━━━╇━━━━━━━━┩
│[2m [0m[2mGlassBeadSeg[0m[2m [0m│   0.4452 │ 0.5215 │ 0.8899 │    0.9003 │ 0.8797 │
└──────────────┴──────────┴────────┴────────┴───────────┴────────┘
                              Val — Overall Metrics                             
┏━━━━━━━━━━━━━━━━━━━━━━━━━━┳━━━━━━━━┳━━━━━━━━━━━━━━━━━━━━━━━━━━┳━━━━━━━━━━━━━━━━
━┓
┃           mAP            ┃  mAR   ┃         F1 sweep         ┃     segm mAP   
┃
┡━━━━━━━━┯━━━━━━━━┯━━━━━━━━╇━━━━━━━━╇━━━━━━━━┯━━━━━━━━┯━━━━━━━━╇━━━━━━━━┯━━━━━━━
━┩
│ [1;92m50:95[0m  │   [1;36m50[0m   │   [1;36m75[0m   │  @[1;36m500[0m  │   F1   │  Prec  │ Recall │ [1;92m50:95[0m  │   [1;36m50[0m  
│
├────────┼────────┼────────┼────────┼────────┼────────┼────────┼────────┼───────
─┤
│ [1;36m0.4403[0m │ [1;36m0.8782[0m │ [1;36m0.3679[0m │ [1;36m0.5178[0m │ [1;36m0.8854[0m │ [1;36m0.8995[0m │ [1;36m0.8718[0m │ [1;36m0.3942[0m │ [1;36m0.8536[0m
│
└────────┴────────┴────────┴────────┴────────┴────────┴────────┴────────┴───────
─┘
[1;36m                     Val — Per-class Metrics                      [0m
┏━━━━━━━━━━━━━━┳━━━━━━━━━━┳━━━━━━━━┳━━━━━━━━┳━━━━━━━━━━━┳━━━━━━━━┓
┃[1;36m [0m[1;36mClass       [0m[1;36m [0m┃[1;36m [0m[1;36mAP 50:95[0m[1;36m [0m┃[1;36m [0m[1;36m    AR[0m[1;36m [0m┃[1;36m [0m[1;36m    F1[0m[1;36m [0m┃[1;36m [0m[1;36mPrecision[0m[1;36m [0m┃[1;36m [0m[1;36mRecall[0m[1;36m [0m┃
┡━━━━━━━━━━━━━━╇━━━━━━━━━━╇━━━━━━━━╇━━━━━━━━╇━━━━━━━━━━━╇━━━━━━━━┩
│[2m [0m[2mGlassBeadSeg[0m[2m [0m│   0.4403 │ 0.5178 │ 0.8854 │    0.8995 │ 0.8718 │
└──────────────┴──────────┴────────┴────────┴───────────┴────────┘
                              Val — Overall Metrics                             
┏━━━━━━━━━━━━━━━━━━━━━━━━━━┳━━━━━━━━┳━━━━━━━━━━━━━━━━━━━━━━━━━━┳━━━━━━━━━━━━━━━━
━┓
┃           mAP            ┃  mAR   ┃         F1 sweep         ┃     segm mAP   
┃
┡━━━━━━━━┯━━━━━━━━┯━━━━━━━━╇━━━━━━━━╇━━━━━━━━┯━━━━━━━━┯━━━━━━━━╇━━━━━━━━┯━━━━━━━
━┩
│ [1;92m50:95[0m  │   [1;36m50[0m   │   [1;36m75[0m   │  @[1;36m500[0m  │   F1   │  Prec  │ Recall │ [1;92m50:95[0m  │   [1;36m50[0m  
│
├────────┼────────┼────────┼────────┼────────┼────────┼────────┼────────┼───────
─┤
│ [1;36m0.4417[0m │ [1;36m0.8787[0m │ [1;36m0.3849[0m │ [1;36m0.5184[0m │ [1;36m0.8821[0m │ [1;36m0.8947[0m │ [1;36m0.8698[0m │ [1;36m0.3819[0m │ [1;36m0.8535[0m
│
└────────┴────────┴────────┴────────┴────────┴────────┴────────┴────────┴───────
─┘
[1;36m                     Val — Per-class Metrics                      [0m
┏━━━━━━━━━━━━━━┳━━━━━━━━━━┳━━━━━━━━┳━━━━━━━━┳━━━━━━━━━━━┳━━━━━━━━┓
┃[1;36m [0m[1;36mClass       [0m[1;36m [0m┃[1;36m [0m[1;36mAP 50:95[0m[1;36m [0m┃[1;36m [0m[1;36m    AR[0m[1;36m [0m┃[1;36m [0m[1;36m    F1[0m[1;36m [0m┃[1;36m [0m[1;36mPrecision[0m[1;36m [0m┃[1;36m [0m[1;36mRecall[0m[1;36m [0m┃
┡━━━━━━━━━━━━━━╇━━━━━━━━━━╇━━━━━━━━╇━━━━━━━━╇━━━━━━━━━━━╇━━━━━━━━┩
│[2m [0m[2mGlassBeadSeg[0m[2m [0m│   0.4417 │ 0.5184 │ 0.8821 │    0.8947 │ 0.8698 │
└──────────────┴──────────┴────────┴────────┴───────────┴────────┘
                              Val — Overall Metrics                             
┏━━━━━━━━━━━━━━━━━━━━━━━━━━┳━━━━━━━━┳━━━━━━━━━━━━━━━━━━━━━━━━━━┳━━━━━━━━━━━━━━━━
━┓
┃           mAP            ┃  mAR   ┃         F1 sweep         ┃     segm mAP   
┃
┡━━━━━━━━┯━━━━━━━━┯━━━━━━━━╇━━━━━━━━╇━━━━━━━━┯━━━━━━━━┯━━━━━━━━╇━━━━━━━━┯━━━━━━━
━┩
│ [1;92m50:95[0m  │   [1;36m50[0m   │   [1;36m75[0m   │  @[1;36m500[0m  │   F1   │  Prec  │ Recall │ [1;92m50:95[0m  │   [1;36m50[0m  
│
├────────┼────────┼────────┼────────┼────────┼────────┼────────┼────────┼───────
─┤
│ [1;36m0.4439[0m │ [1;36m0.8795[0m │ [1;36m0.3753[0m │ [1;36m0.5197[0m │ [1;36m0.8825[0m │ [1;36m0.8956[0m │ [1;36m0.8698[0m │ [1;36m0.3716[0m │ [1;36m0.8528[0m
│
└────────┴────────┴────────┴────────┴────────┴────────┴────────┴────────┴───────
─┘
[1;36m                     Val — Per-class Metrics                      [0m
┏━━━━━━━━━━━━━━┳━━━━━━━━━━┳━━━━━━━━┳━━━━━━━━┳━━━━━━━━━━━┳━━━━━━━━┓
┃[1;36m [0m[1;36mClass       [0m[1;36m [0m┃[1;36m [0m[1;36mAP 50:95[0m[1;36m [0m┃[1;36m [0m[1;36m    AR[0m[1;36m [0m┃[1;36m [0m[1;36m    F1[0m[1;36m [0m┃[1;36m [0m[1;36mPrecision[0m[1;36m [0m┃[1;36m [0m[1;36mRecall[0m[1;36m [0m┃
┡━━━━━━━━━━━━━━╇━━━━━━━━━━╇━━━━━━━━╇━━━━━━━━╇━━━━━━━━━━━╇━━━━━━━━┩
│[2m [0m[2mGlassBeadSeg[0m[2m [0m│   0.4439 │ 0.5197 │ 0.8825 │    0.8956 │ 0.8698 │
└──────────────┴──────────┴────────┴────────┴───────────┴────────┘
                              Val — Overall Metrics                             
┏━━━━━━━━━━━━━━━━━━━━━━━━━━┳━━━━━━━━┳━━━━━━━━━━━━━━━━━━━━━━━━━━┳━━━━━━━━━━━━━━━━
━┓
┃           mAP            ┃  mAR   ┃         F1 sweep         ┃     segm mAP   
┃
┡━━━━━━━━┯━━━━━━━━┯━━━━━━━━╇━━━━━━━━╇━━━━━━━━┯━━━━━━━━┯━━━━━━━━╇━━━━━━━━┯━━━━━━━
━┩
│ [1;92m50:95[0m  │   [1;36m50[0m   │   [1;36m75[0m   │  @[1;36m500[0m  │   F1   │  Prec  │ Recall │ [1;92m50:95[0m  │   [1;36m50[0m  
│
├────────┼────────┼────────┼────────┼────────┼────────┼────────┼────────┼───────
─┤
│ [1;36m0.4443[0m │ [1;36m0.8787[0m │ [1;36m0.3733[0m │ [1;36m0.5203[0m │ [1;36m0.8807[0m │ [1;36m0.8961[0m │ [1;36m0.8658[0m │ [1;36m0.3646[0m │ [1;36m0.8519[0m
│
└────────┴────────┴────────┴────────┴────────┴────────┴────────┴────────┴───────
─┘
[1;36m                     Val — Per-class Metrics                      [0m
┏━━━━━━━━━━━━━━┳━━━━━━━━━━┳━━━━━━━━┳━━━━━━━━┳━━━━━━━━━━━┳━━━━━━━━┓
┃[1;36m [0m[1;36mClass       [0m[1;36m [0m┃[1;36m [0m[1;36mAP 50:95[0m[1;36m [0m┃[1;36m [0m[1;36m    AR[0m[1;36m [0m┃[1;36m [0m[1;36m    F1[0m[1;36m [0m┃[1;36m [0m[1;36mPrecision[0m[1;36m [0m┃[1;36m [0m[1;36mRecall[0m[1;36m [0m┃
┡━━━━━━━━━━━━━━╇━━━━━━━━━━╇━━━━━━━━╇━━━━━━━━╇━━━━━━━━━━━╇━━━━━━━━┩
│[2m [0m[2mGlassBeadSeg[0m[2m [0m│   0.4443 │ 0.5203 │ 0.8807 │    0.8961 │ 0.8658 │
└──────────────┴──────────┴────────┴────────┴───────────┴────────┘
                              Val — Overall Metrics                             
┏━━━━━━━━━━━━━━━━━━━━━━━━━━┳━━━━━━━━┳━━━━━━━━━━━━━━━━━━━━━━━━━━┳━━━━━━━━━━━━━━━━
━┓
┃           mAP            ┃  mAR   ┃         F1 sweep         ┃     segm mAP   
┃
┡━━━━━━━━┯━━━━━━━━┯━━━━━━━━╇━━━━━━━━╇━━━━━━━━┯━━━━━━━━┯━━━━━━━━╇━━━━━━━━┯━━━━━━━
━┩
│ [1;92m50:95[0m  │   [1;36m50[0m   │   [1;36m75[0m   │  @[1;36m500[0m  │   F1   │  Prec  │ Recall │ [1;92m50:95[0m  │   [1;36m50[0m  
│
├────────┼────────┼────────┼────────┼────────┼────────┼────────┼────────┼───────
─┤
│ [1;36m0.4438[0m │ [1;36m0.8779[0m │ [1;36m0.3792[0m │ [1;36m0.5193[0m │ [1;36m0.8801[0m │ [1;36m0.9125[0m │ [1;36m0.8499[0m │ [1;36m0.3670[0m │ [1;36m0.8510[0m
│
└────────┴────────┴────────┴────────┴────────┴────────┴────────┴────────┴───────
─┘
[1;36m                     Val — Per-class Metrics                      [0m
┏━━━━━━━━━━━━━━┳━━━━━━━━━━┳━━━━━━━━┳━━━━━━━━┳━━━━━━━━━━━┳━━━━━━━━┓
┃[1;36m [0m[1;36mClass       [0m[1;36m [0m┃[1;36m [0m[1;36mAP 50:95[0m[1;36m [0m┃[1;36m [0m[1;36m    AR[0m[1;36m [0m┃[1;36m [0m[1;36m    F1[0m[1;36m [0m┃[1;36m [0m[1;36mPrecision[0m[1;36m [0m┃[1;36m [0m[1;36mRecall[0m[1;36m [0m┃
┡━━━━━━━━━━━━━━╇━━━━━━━━━━╇━━━━━━━━╇━━━━━━━━╇━━━━━━━━━━━╇━━━━━━━━┩
│[2m [0m[2mGlassBeadSeg[0m[2m [0m│   0.4438 │ 0.5193 │ 0.8801 │    0.9125 │ 0.8499 │
└──────────────┴──────────┴────────┴────────┴───────────┴────────┘
                              Val — Overall Metrics                             
┏━━━━━━━━━━━━━━━━━━━━━━━━━━┳━━━━━━━━┳━━━━━━━━━━━━━━━━━━━━━━━━━━┳━━━━━━━━━━━━━━━━
━┓
┃           mAP            ┃  mAR   ┃         F1 sweep         ┃     segm mAP   
┃
┡━━━━━━━━┯━━━━━━━━┯━━━━━━━━╇━━━━━━━━╇━━━━━━━━┯━━━━━━━━┯━━━━━━━━╇━━━━━━━━┯━━━━━━━
━┩
│ [1;92m50:95[0m  │   [1;36m50[0m   │   [1;36m75[0m   │  @[1;36m500[0m  │   F1   │  Prec  │ Recall │ [1;92m50:95[0m  │   [1;36m50[0m  
│
├────────┼────────┼────────┼────────┼────────┼────────┼────────┼────────┼───────
─┤
│ [1;36m0.4443[0m │ [1;36m0.8779[0m │ [1;36m0.3847[0m │ [1;36m0.5213[0m │ [1;36m0.8815[0m │ [1;36m0.9022[0m │ [1;36m0.8618[0m │ [1;36m0.3707[0m │ [1;36m0.8509[0m
│
└────────┴────────┴────────┴────────┴────────┴────────┴────────┴────────┴───────
─┘
[1;36m                     Val — Per-class Metrics                      [0m
┏━━━━━━━━━━━━━━┳━━━━━━━━━━┳━━━━━━━━┳━━━━━━━━┳━━━━━━━━━━━┳━━━━━━━━┓
┃[1;36m [0m[1;36mClass       [0m[1;36m [0m┃[1;36m [0m[1;36mAP 50:95[0m[1;36m [0m┃[1;36m [0m[1;36m    AR[0m[1;36m [0m┃[1;36m [0m[1;36m    F1[0m[1;36m [0m┃[1;36m [0m[1;36mPrecision[0m[1;36m [0m┃[1;36m [0m[1;36mRecall[0m[1;36m [0m┃
┡━━━━━━━━━━━━━━╇━━━━━━━━━━╇━━━━━━━━╇━━━━━━━━╇━━━━━━━━━━━╇━━━━━━━━┩
│[2m [0m[2mGlassBeadSeg[0m[2m [0m│   0.4443 │ 0.5213 │ 0.8815 │    0.9022 │ 0.8618 │
└──────────────┴──────────┴────────┴────────┴───────────┴────────┘
                              Val — Overall Metrics                             
┏━━━━━━━━━━━━━━━━━━━━━━━━━━┳━━━━━━━━┳━━━━━━━━━━━━━━━━━━━━━━━━━━┳━━━━━━━━━━━━━━━━
━┓
┃           mAP            ┃  mAR   ┃         F1 sweep         ┃     segm mAP   
┃
┡━━━━━━━━┯━━━━━━━━┯━━━━━━━━╇━━━━━━━━╇━━━━━━━━┯━━━━━━━━┯━━━━━━━━╇━━━━━━━━┯━━━━━━━
━┩
│ [1;92m50:95[0m  │   [1;36m50[0m   │   [1;36m75[0m   │  @[1;36m500[0m  │   F1   │  Prec  │ Recall │ [1;92m50:95[0m  │   [1;36m50[0m  
│
├────────┼────────┼────────┼────────┼────────┼────────┼────────┼────────┼───────
─┤
│ [1;36m0.4423[0m │ [1;36m0.8786[0m │ [1;36m0.3761[0m │ [1;36m0.5190[0m │ [1;36m0.8860[0m │ [1;36m0.9207[0m │ [1;36m0.8539[0m │ [1;36m0.3765[0m │ [1;36m0.8619[0m
│
└────────┴────────┴────────┴────────┴────────┴────────┴────────┴────────┴───────
─┘
[1;36m                     Val — Per-class Metrics                      [0m
┏━━━━━━━━━━━━━━┳━━━━━━━━━━┳━━━━━━━━┳━━━━━━━━┳━━━━━━━━━━━┳━━━━━━━━┓
┃[1;36m [0m[1;36mClass       [0m[1;36m [0m┃[1;36m [0m[1;36mAP 50:95[0m[1;36m [0m┃[1;36m [0m[1;36m    AR[0m[1;36m [0m┃[1;36m [0m[1;36m    F1[0m[1;36m [0m┃[1;36m [0m[1;36mPrecision[0m[1;36m [0m┃[1;36m [0m[1;36mRecall[0m[1;36m [0m┃
┡━━━━━━━━━━━━━━╇━━━━━━━━━━╇━━━━━━━━╇━━━━━━━━╇━━━━━━━━━━━╇━━━━━━━━┩
│[2m [0m[2mGlassBeadSeg[0m[2m [0m│   0.4423 │ 0.5190 │ 0.8860 │    0.9207 │ 0.8539 │
└──────────────┴──────────┴────────┴────────┴───────────┴────────┘
                              Val — Overall Metrics                             
┏━━━━━━━━━━━━━━━━━━━━━━━━━━┳━━━━━━━━┳━━━━━━━━━━━━━━━━━━━━━━━━━━┳━━━━━━━━━━━━━━━━
━┓
┃           mAP            ┃  mAR   ┃         F1 sweep         ┃     segm mAP   
┃
┡━━━━━━━━┯━━━━━━━━┯━━━━━━━━╇━━━━━━━━╇━━━━━━━━┯━━━━━━━━┯━━━━━━━━╇━━━━━━━━┯━━━━━━━
━┩
│ [1;92m50:95[0m  │   [1;36m50[0m   │   [1;36m75[0m   │  @[1;36m500[0m  │   F1   │  Prec  │ Recall │ [1;92m50:95[0m  │   [1;36m50[0m  
│
├────────┼────────┼────────┼────────┼────────┼────────┼────────┼────────┼───────
─┤
│ [1;36m0.4397[0m │ [1;36m0.8791[0m │ [1;36m0.3648[0m │ [1;36m0.5151[0m │ [1;36m0.8848[0m │ [1;36m0.9168[0m │ [1;36m0.8549[0m │ [1;36m0.3773[0m │ [1;36m0.8534[0m
│
└────────┴────────┴────────┴────────┴────────┴────────┴────────┴────────┴───────
─┘
[1;36m                     Val — Per-class Metrics                      [0m
┏━━━━━━━━━━━━━━┳━━━━━━━━━━┳━━━━━━━━┳━━━━━━━━┳━━━━━━━━━━━┳━━━━━━━━┓
┃[1;36m [0m[1;36mClass       [0m[1;36m [0m┃[1;36m [0m[1;36mAP 50:95[0m[1;36m [0m┃[1;36m [0m[1;36m    AR[0m[1;36m [0m┃[1;36m [0m[1;36m    F1[0m[1;36m [0m┃[1;36m [0m[1;36mPrecision[0m[1;36m [0m┃[1;36m [0m[1;36mRecall[0m[1;36m [0m┃
┡━━━━━━━━━━━━━━╇━━━━━━━━━━╇━━━━━━━━╇━━━━━━━━╇━━━━━━━━━━━╇━━━━━━━━┩
│[2m [0m[2mGlassBeadSeg[0m[2m [0m│   0.4397 │ 0.5151 │ 0.8848 │    0.9168 │ 0.8549 │
└──────────────┴──────────┴────────┴────────┴───────────┴────────┘
                              Val — Overall Metrics                             
┏━━━━━━━━━━━━━━━━━━━━━━━━━━┳━━━━━━━━┳━━━━━━━━━━━━━━━━━━━━━━━━━━┳━━━━━━━━━━━━━━━━
━┓
┃           mAP            ┃  mAR   ┃         F1 sweep         ┃     segm mAP   
┃
┡━━━━━━━━┯━━━━━━━━┯━━━━━━━━╇━━━━━━━━╇━━━━━━━━┯━━━━━━━━┯━━━━━━━━╇━━━━━━━━┯━━━━━━━
━┩
│ [1;92m50:95[0m  │   [1;36m50[0m   │   [1;36m75[0m   │  @[1;36m500[0m  │   F1   │  Prec  │ Recall │ [1;92m50:95[0m  │   [1;36m50[0m  
│
├────────┼────────┼────────┼────────┼────────┼────────┼────────┼────────┼───────
─┤
│ [1;36m0.4452[0m │ [1;36m0.8786[0m │ [1;36m0.3996[0m │ [1;36m0.5187[0m │ [1;36m0.8854[0m │ [1;36m0.9124[0m │ [1;36m0.8598[0m │ [1;36m0.3792[0m │ [1;36m0.8534[0m
│
└────────┴────────┴────────┴────────┴────────┴────────┴────────┴────────┴───────
─┘
[1;36m                     Val — Per-class Metrics                      [0m
┏━━━━━━━━━━━━━━┳━━━━━━━━━━┳━━━━━━━━┳━━━━━━━━┳━━━━━━━━━━━┳━━━━━━━━┓
┃[1;36m [0m[1;36mClass       [0m[1;36m [0m┃[1;36m [0m[1;36mAP 50:95[0m[1;36m [0m┃[1;36m [0m[1;36m    AR[0m[1;36m [0m┃[1;36m [0m[1;36m    F1[0m[1;36m [0m┃[1;36m [0m[1;36mPrecision[0m[1;36m [0m┃[1;36m [0m[1;36mRecall[0m[1;36m [0m┃
┡━━━━━━━━━━━━━━╇━━━━━━━━━━╇━━━━━━━━╇━━━━━━━━╇━━━━━━━━━━━╇━━━━━━━━┩
│[2m [0m[2mGlassBeadSeg[0m[2m [0m│   0.4452 │ 0.5187 │ 0.8854 │    0.9124 │ 0.8598 │
└──────────────┴──────────┴────────┴────────┴───────────┴────────┘
                              Val — Overall Metrics                             
┏━━━━━━━━━━━━━━━━━━━━━━━━━━┳━━━━━━━━┳━━━━━━━━━━━━━━━━━━━━━━━━━━┳━━━━━━━━━━━━━━━━
━┓
┃           mAP            ┃  mAR   ┃         F1 sweep         ┃     segm mAP   
┃
┡━━━━━━━━┯━━━━━━━━┯━━━━━━━━╇━━━━━━━━╇━━━━━━━━┯━━━━━━━━┯━━━━━━━━╇━━━━━━━━┯━━━━━━━
━┩
│ [1;92m50:95[0m  │   [1;36m50[0m   │   [1;36m75[0m   │  @[1;36m500[0m  │   F1   │  Prec  │ Recall │ [1;92m50:95[0m  │   [1;36m50[0m  
│
├────────┼────────┼────────┼────────┼────────┼────────┼────────┼────────┼───────
─┤
│ [1;36m0.4449[0m │ [1;36m0.8774[0m │ [1;36m0.3838[0m │ [1;36m0.5205[0m │ [1;36m0.8854[0m │ [1;36m0.8995[0m │ [1;36m0.8718[0m │ [1;36m0.3799[0m │ [1;36m0.8535[0m
│
└────────┴────────┴────────┴────────┴────────┴────────┴────────┴────────┴───────
─┘
[1;36m                     Val — Per-class Metrics                      [0m
┏━━━━━━━━━━━━━━┳━━━━━━━━━━┳━━━━━━━━┳━━━━━━━━┳━━━━━━━━━━━┳━━━━━━━━┓
┃[1;36m [0m[1;36mClass       [0m[1;36m [0m┃[1;36m [0m[1;36mAP 50:95[0m[1;36m [0m┃[1;36m [0m[1;36m    AR[0m[1;36m [0m┃[1;36m [0m[1;36m    F1[0m[1;36m [0m┃[1;36m [0m[1;36mPrecision[0m[1;36m [0m┃[1;36m [0m[1;36mRecall[0m[1;36m [0m┃
┡━━━━━━━━━━━━━━╇━━━━━━━━━━╇━━━━━━━━╇━━━━━━━━╇━━━━━━━━━━━╇━━━━━━━━┩
│[2m [0m[2mGlassBeadSeg[0m[2m [0m│   0.4449 │ 0.5205 │ 0.8854 │    0.8995 │ 0.8718 │
└──────────────┴──────────┴────────┴────────┴───────────┴────────┘
                              Val — Overall Metrics                             
┏━━━━━━━━━━━━━━━━━━━━━━━━━━┳━━━━━━━━┳━━━━━━━━━━━━━━━━━━━━━━━━━━┳━━━━━━━━━━━━━━━━
━┓
┃           mAP            ┃  mAR   ┃         F1 sweep         ┃     segm mAP   
┃
┡━━━━━━━━┯━━━━━━━━┯━━━━━━━━╇━━━━━━━━╇━━━━━━━━┯━━━━━━━━┯━━━━━━━━╇━━━━━━━━┯━━━━━━━
━┩
│ [1;92m50:95[0m  │   [1;36m50[0m   │   [1;36m75[0m   │  @[1;36m500[0m  │   F1   │  Prec  │ Recall │ [1;92m50:95[0m  │   [1;36m50[0m  
│
├────────┼────────┼────────┼────────┼────────┼────────┼────────┼────────┼───────
─┤
│ [1;36m0.4440[0m │ [1;36m0.8770[0m │ [1;36m0.3885[0m │ [1;36m0.5201[0m │ [1;36m0.8856[0m │ [1;36m0.9107[0m │ [1;36m0.8618[0m │ [1;36m0.3816[0m │ [1;36m0.8628[0m
│
└────────┴────────┴────────┴────────┴────────┴────────┴────────┴────────┴───────
─┘
[1;36m                     Val — Per-class Metrics                      [0m
┏━━━━━━━━━━━━━━┳━━━━━━━━━━┳━━━━━━━━┳━━━━━━━━┳━━━━━━━━━━━┳━━━━━━━━┓
┃[1;36m [0m[1;36mClass       [0m[1;36m [0m┃[1;36m [0m[1;36mAP 50:95[0m[1;36m [0m┃[1;36m [0m[1;36m    AR[0m[1;36m [0m┃[1;36m [0m[1;36m    F1[0m[1;36m [0m┃[1;36m [0m[1;36mPrecision[0m[1;36m [0m┃[1;36m [0m[1;36mRecall[0m[1;36m [0m┃
┡━━━━━━━━━━━━━━╇━━━━━━━━━━╇━━━━━━━━╇━━━━━━━━╇━━━━━━━━━━━╇━━━━━━━━┩
│[2m [0m[2mGlassBeadSeg[0m[2m [0m│   0.4440 │ 0.5201 │ 0.8856 │    0.9107 │ 0.8618 │
└──────────────┴──────────┴────────┴────────┴───────────┴────────┘
                              Val — Overall Metrics                             
┏━━━━━━━━━━━━━━━━━━━━━━━━━━┳━━━━━━━━┳━━━━━━━━━━━━━━━━━━━━━━━━━━┳━━━━━━━━━━━━━━━━
━┓
┃           mAP            ┃  mAR   ┃         F1 sweep         ┃     segm mAP   
┃
┡━━━━━━━━┯━━━━━━━━┯━━━━━━━━╇━━━━━━━━╇━━━━━━━━┯━━━━━━━━┯━━━━━━━━╇━━━━━━━━┯━━━━━━━
━┩
│ [1;92m50:95[0m  │   [1;36m50[0m   │   [1;36m75[0m   │  @[1;36m500[0m  │   F1   │  Prec  │ Recall │ [1;92m50:95[0m  │   [1;36m50[0m  
│
├────────┼────────┼────────┼────────┼────────┼────────┼────────┼────────┼───────
─┤
│ [1;36m0.4453[0m │ [1;36m0.8783[0m │ [1;36m0.3748[0m │ [1;36m0.5208[0m │ [1;36m0.8819[0m │ [1;36m0.9040[0m │ [1;36m0.8608[0m │ [1;36m0.3836[0m │ [1;36m0.8529[0m
│
└────────┴────────┴────────┴────────┴────────┴────────┴────────┴────────┴───────
─┘
[1;36m                     Val — Per-class Metrics                      [0m
┏━━━━━━━━━━━━━━┳━━━━━━━━━━┳━━━━━━━━┳━━━━━━━━┳━━━━━━━━━━━┳━━━━━━━━┓
┃[1;36m [0m[1;36mClass       [0m[1;36m [0m┃[1;36m [0m[1;36mAP 50:95[0m[1;36m [0m┃[1;36m [0m[1;36m    AR[0m[1;36m [0m┃[1;36m [0m[1;36m    F1[0m[1;36m [0m┃[1;36m [0m[1;36mPrecision[0m[1;36m [0m┃[1;36m [0m[1;36mRecall[0m[1;36m [0m┃
┡━━━━━━━━━━━━━━╇━━━━━━━━━━╇━━━━━━━━╇━━━━━━━━╇━━━━━━━━━━━╇━━━━━━━━┩
│[2m [0m[2mGlassBeadSeg[0m[2m [0m│   0.4453 │ 0.5208 │ 0.8819 │    0.9040 │ 0.8608 │
└──────────────┴──────────┴────────┴────────┴───────────┴────────┘
                              Val — Overall Metrics                             
┏━━━━━━━━━━━━━━━━━━━━━━━━━━┳━━━━━━━━┳━━━━━━━━━━━━━━━━━━━━━━━━━━┳━━━━━━━━━━━━━━━━
━┓
┃           mAP            ┃  mAR   ┃         F1 sweep         ┃     segm mAP   
┃
┡━━━━━━━━┯━━━━━━━━┯━━━━━━━━╇━━━━━━━━╇━━━━━━━━┯━━━━━━━━┯━━━━━━━━╇━━━━━━━━┯━━━━━━━
━┩
│ [1;92m50:95[0m  │   [1;36m50[0m   │   [1;36m75[0m   │  @[1;36m500[0m  │   F1   │  Prec  │ Recall │ [1;92m50:95[0m  │   [1;36m50[0m  
│
├────────┼────────┼────────┼────────┼────────┼────────┼────────┼────────┼───────
─┤
│ [1;36m0.4473[0m │ [1;36m0.8776[0m │ [1;36m0.3906[0m │ [1;36m0.5230[0m │ [1;36m0.8836[0m │ [1;36m0.9000[0m │ [1;36m0.8678[0m │ [1;36m0.3876[0m │ [1;36m0.8630[0m
│
└────────┴────────┴────────┴────────┴────────┴────────┴────────┴────────┴───────
─┘
[1;36m                     Val — Per-class Metrics                      [0m
┏━━━━━━━━━━━━━━┳━━━━━━━━━━┳━━━━━━━━┳━━━━━━━━┳━━━━━━━━━━━┳━━━━━━━━┓
┃[1;36m [0m[1;36mClass       [0m[1;36m [0m┃[1;36m [0m[1;36mAP 50:95[0m[1;36m [0m┃[1;36m [0m[1;36m    AR[0m[1;36m [0m┃[1;36m [0m[1;36m    F1[0m[1;36m [0m┃[1;36m [0m[1;36mPrecision[0m[1;36m [0m┃[1;36m [0m[1;36mRecall[0m[1;36m [0m┃
┡━━━━━━━━━━━━━━╇━━━━━━━━━━╇━━━━━━━━╇━━━━━━━━╇━━━━━━━━━━━╇━━━━━━━━┩
│[2m [0m[2mGlassBeadSeg[0m[2m [0m│   0.4473 │ 0.5230 │ 0.8836 │    0.9000 │ 0.8678 │
└──────────────┴──────────┴────────┴────────┴───────────┴────────┘
Metric __rfdetr_effective_map__ improved by 0.001 >= min_delta = 0.001. New best score: 0.447
[2026-06-19 00:12:52] [INFO] rf-detr - Best regular mAP saved to /input0/transcoder-st/learn_llm/GrassBeadSeg/models/rfdetr_seg_large/trained/checkpoint_best_regular.pth (epoch 150)
                              Val — Overall Metrics                             
┏━━━━━━━━━━━━━━━━━━━━━━━━━━┳━━━━━━━━┳━━━━━━━━━━━━━━━━━━━━━━━━━━┳━━━━━━━━━━━━━━━━
━┓
┃           mAP            ┃  mAR   ┃         F1 sweep         ┃     segm mAP   
┃
┡━━━━━━━━┯━━━━━━━━┯━━━━━━━━╇━━━━━━━━╇━━━━━━━━┯━━━━━━━━┯━━━━━━━━╇━━━━━━━━┯━━━━━━━
━┩
│ [1;92m50:95[0m  │   [1;36m50[0m   │   [1;36m75[0m   │  @[1;36m500[0m  │   F1   │  Prec  │ Recall │ [1;92m50:95[0m  │   [1;36m50[0m  
│
├────────┼────────┼────────┼────────┼────────┼────────┼────────┼────────┼───────
─┤
│ [1;36m0.4440[0m │ [1;36m0.8679[0m │ [1;36m0.3936[0m │ [1;36m0.5220[0m │ [1;36m0.8869[0m │ [1;36m0.9014[0m │ [1;36m0.8728[0m │ [1;36m0.3900[0m │ [1;36m0.8634[0m
│
└────────┴────────┴────────┴────────┴────────┴────────┴────────┴────────┴───────
─┘
[1;36m                     Val — Per-class Metrics                      [0m
┏━━━━━━━━━━━━━━┳━━━━━━━━━━┳━━━━━━━━┳━━━━━━━━┳━━━━━━━━━━━┳━━━━━━━━┓
┃[1;36m [0m[1;36mClass       [0m[1;36m [0m┃[1;36m [0m[1;36mAP 50:95[0m[1;36m [0m┃[1;36m [0m[1;36m    AR[0m[1;36m [0m┃[1;36m [0m[1;36m    F1[0m[1;36m [0m┃[1;36m [0m[1;36mPrecision[0m[1;36m [0m┃[1;36m [0m[1;36mRecall[0m[1;36m [0m┃
┡━━━━━━━━━━━━━━╇━━━━━━━━━━╇━━━━━━━━╇━━━━━━━━╇━━━━━━━━━━━╇━━━━━━━━┩
│[2m [0m[2mGlassBeadSeg[0m[2m [0m│   0.4440 │ 0.5220 │ 0.8869 │    0.9014 │ 0.8728 │
└──────────────┴──────────┴────────┴────────┴───────────┴────────┘
                              Val — Overall Metrics                             
┏━━━━━━━━━━━━━━━━━━━━━━━━━━┳━━━━━━━━┳━━━━━━━━━━━━━━━━━━━━━━━━━━┳━━━━━━━━━━━━━━━━
━┓
┃           mAP            ┃  mAR   ┃         F1 sweep         ┃     segm mAP   
┃
┡━━━━━━━━┯━━━━━━━━┯━━━━━━━━╇━━━━━━━━╇━━━━━━━━┯━━━━━━━━┯━━━━━━━━╇━━━━━━━━┯━━━━━━━
━┩
│ [1;92m50:95[0m  │   [1;36m50[0m   │   [1;36m75[0m   │  @[1;36m500[0m  │   F1   │  Prec  │ Recall │ [1;92m50:95[0m  │   [1;36m50[0m  
│
├────────┼────────┼────────┼────────┼────────┼────────┼────────┼────────┼───────
─┤
│ [1;36m0.4449[0m │ [1;36m0.8767[0m │ [1;36m0.3829[0m │ [1;36m0.5207[0m │ [1;36m0.8838[0m │ [1;36m0.9194[0m │ [1;36m0.8509[0m │ [1;36m0.3891[0m │ [1;36m0.8622[0m
│
└────────┴────────┴────────┴────────┴────────┴────────┴────────┴────────┴───────
─┘
[1;36m                     Val — Per-class Metrics                      [0m
┏━━━━━━━━━━━━━━┳━━━━━━━━━━┳━━━━━━━━┳━━━━━━━━┳━━━━━━━━━━━┳━━━━━━━━┓
┃[1;36m [0m[1;36mClass       [0m[1;36m [0m┃[1;36m [0m[1;36mAP 50:95[0m[1;36m [0m┃[1;36m [0m[1;36m    AR[0m[1;36m [0m┃[1;36m [0m[1;36m    F1[0m[1;36m [0m┃[1;36m [0m[1;36mPrecision[0m[1;36m [0m┃[1;36m [0m[1;36mRecall[0m[1;36m [0m┃
┡━━━━━━━━━━━━━━╇━━━━━━━━━━╇━━━━━━━━╇━━━━━━━━╇━━━━━━━━━━━╇━━━━━━━━┩
│[2m [0m[2mGlassBeadSeg[0m[2m [0m│   0.4449 │ 0.5207 │ 0.8838 │    0.9194 │ 0.8509 │
└──────────────┴──────────┴────────┴────────┴───────────┴────────┘
                              Val — Overall Metrics                             
┏━━━━━━━━━━━━━━━━━━━━━━━━━━┳━━━━━━━━┳━━━━━━━━━━━━━━━━━━━━━━━━━━┳━━━━━━━━━━━━━━━━
━┓
┃           mAP            ┃  mAR   ┃         F1 sweep         ┃     segm mAP   
┃
┡━━━━━━━━┯━━━━━━━━┯━━━━━━━━╇━━━━━━━━╇━━━━━━━━┯━━━━━━━━┯━━━━━━━━╇━━━━━━━━┯━━━━━━━
━┩
│ [1;92m50:95[0m  │   [1;36m50[0m   │   [1;36m75[0m   │  @[1;36m500[0m  │   F1   │  Prec  │ Recall │ [1;92m50:95[0m  │   [1;36m50[0m  
│
├────────┼────────┼────────┼────────┼────────┼────────┼────────┼────────┼───────
─┤
│ [1;36m0.4439[0m │ [1;36m0.8790[0m │ [1;36m0.3811[0m │ [1;36m0.5198[0m │ [1;36m0.8883[0m │ [1;36m0.9210[0m │ [1;36m0.8579[0m │ [1;36m0.3842[0m │ [1;36m0.8630[0m
│
└────────┴────────┴────────┴────────┴────────┴────────┴────────┴────────┴───────
─┘
[1;36m                     Val — Per-class Metrics                      [0m
┏━━━━━━━━━━━━━━┳━━━━━━━━━━┳━━━━━━━━┳━━━━━━━━┳━━━━━━━━━━━┳━━━━━━━━┓
┃[1;36m [0m[1;36mClass       [0m[1;36m [0m┃[1;36m [0m[1;36mAP 50:95[0m[1;36m [0m┃[1;36m [0m[1;36m    AR[0m[1;36m [0m┃[1;36m [0m[1;36m    F1[0m[1;36m [0m┃[1;36m [0m[1;36mPrecision[0m[1;36m [0m┃[1;36m [0m[1;36mRecall[0m[1;36m [0m┃
┡━━━━━━━━━━━━━━╇━━━━━━━━━━╇━━━━━━━━╇━━━━━━━━╇━━━━━━━━━━━╇━━━━━━━━┩
│[2m [0m[2mGlassBeadSeg[0m[2m [0m│   0.4439 │ 0.5198 │ 0.8883 │    0.9210 │ 0.8579 │
└──────────────┴──────────┴────────┴────────┴───────────┴────────┘
                              Val — Overall Metrics                             
┏━━━━━━━━━━━━━━━━━━━━━━━━━━┳━━━━━━━━┳━━━━━━━━━━━━━━━━━━━━━━━━━━┳━━━━━━━━━━━━━━━━
━┓
┃           mAP            ┃  mAR   ┃         F1 sweep         ┃     segm mAP   
┃
┡━━━━━━━━┯━━━━━━━━┯━━━━━━━━╇━━━━━━━━╇━━━━━━━━┯━━━━━━━━┯━━━━━━━━╇━━━━━━━━┯━━━━━━━
━┩
│ [1;92m50:95[0m  │   [1;36m50[0m   │   [1;36m75[0m   │  @[1;36m500[0m  │   F1   │  Prec  │ Recall │ [1;92m50:95[0m  │   [1;36m50[0m  
│
├────────┼────────┼────────┼────────┼────────┼────────┼────────┼────────┼───────
─┤
│ [1;36m0.4480[0m │ [1;36m0.8783[0m │ [1;36m0.3914[0m │ [1;36m0.5236[0m │ [1;36m0.8848[0m │ [1;36m0.8919[0m │ [1;36m0.8777[0m │ [1;36m0.3836[0m │ [1;36m0.8538[0m
│
└────────┴────────┴────────┴────────┴────────┴────────┴────────┴────────┴───────
─┘
[1;36m                     Val — Per-class Metrics                      [0m
┏━━━━━━━━━━━━━━┳━━━━━━━━━━┳━━━━━━━━┳━━━━━━━━┳━━━━━━━━━━━┳━━━━━━━━┓
┃[1;36m [0m[1;36mClass       [0m[1;36m [0m┃[1;36m [0m[1;36mAP 50:95[0m[1;36m [0m┃[1;36m [0m[1;36m    AR[0m[1;36m [0m┃[1;36m [0m[1;36m    F1[0m[1;36m [0m┃[1;36m [0m[1;36mPrecision[0m[1;36m [0m┃[1;36m [0m[1;36mRecall[0m[1;36m [0m┃
┡━━━━━━━━━━━━━━╇━━━━━━━━━━╇━━━━━━━━╇━━━━━━━━╇━━━━━━━━━━━╇━━━━━━━━┩
│[2m [0m[2mGlassBeadSeg[0m[2m [0m│   0.4480 │ 0.5236 │ 0.8848 │    0.8919 │ 0.8777 │
└──────────────┴──────────┴────────┴────────┴───────────┴────────┘
[2026-06-19 00:26:00] [INFO] rf-detr - Best regular mAP saved to /input0/transcoder-st/learn_llm/GrassBeadSeg/models/rfdetr_seg_large/trained/checkpoint_best_regular.pth (epoch 154)
                              Val — Overall Metrics                             
┏━━━━━━━━━━━━━━━━━━━━━━━━━━┳━━━━━━━━┳━━━━━━━━━━━━━━━━━━━━━━━━━━┳━━━━━━━━━━━━━━━━
━┓
┃           mAP            ┃  mAR   ┃         F1 sweep         ┃     segm mAP   
┃
┡━━━━━━━━┯━━━━━━━━┯━━━━━━━━╇━━━━━━━━╇━━━━━━━━┯━━━━━━━━┯━━━━━━━━╇━━━━━━━━┯━━━━━━━
━┩
│ [1;92m50:95[0m  │   [1;36m50[0m   │   [1;36m75[0m   │  @[1;36m500[0m  │   F1   │  Prec  │ Recall │ [1;92m50:95[0m  │   [1;36m50[0m  
│
├────────┼────────┼────────┼────────┼────────┼────────┼────────┼────────┼───────
─┤
│ [1;36m0.4440[0m │ [1;36m0.8779[0m │ [1;36m0.3765[0m │ [1;36m0.5212[0m │ [1;36m0.8866[0m │ [1;36m0.9074[0m │ [1;36m0.8668[0m │ [1;36m0.3869[0m │ [1;36m0.8625[0m
│
└────────┴────────┴────────┴────────┴────────┴────────┴────────┴────────┴───────
─┘
[1;36m                     Val — Per-class Metrics                      [0m
┏━━━━━━━━━━━━━━┳━━━━━━━━━━┳━━━━━━━━┳━━━━━━━━┳━━━━━━━━━━━┳━━━━━━━━┓
┃[1;36m [0m[1;36mClass       [0m[1;36m [0m┃[1;36m [0m[1;36mAP 50:95[0m[1;36m [0m┃[1;36m [0m[1;36m    AR[0m[1;36m [0m┃[1;36m [0m[1;36m    F1[0m[1;36m [0m┃[1;36m [0m[1;36mPrecision[0m[1;36m [0m┃[1;36m [0m[1;36mRecall[0m[1;36m [0m┃
┡━━━━━━━━━━━━━━╇━━━━━━━━━━╇━━━━━━━━╇━━━━━━━━╇━━━━━━━━━━━╇━━━━━━━━┩
│[2m [0m[2mGlassBeadSeg[0m[2m [0m│   0.4440 │ 0.5212 │ 0.8866 │    0.9074 │ 0.8668 │
└──────────────┴──────────┴────────┴────────┴───────────┴────────┘
                              Val — Overall Metrics                             
┏━━━━━━━━━━━━━━━━━━━━━━━━━━┳━━━━━━━━┳━━━━━━━━━━━━━━━━━━━━━━━━━━┳━━━━━━━━━━━━━━━━
━┓
┃           mAP            ┃  mAR   ┃         F1 sweep         ┃     segm mAP   
┃
┡━━━━━━━━┯━━━━━━━━┯━━━━━━━━╇━━━━━━━━╇━━━━━━━━┯━━━━━━━━┯━━━━━━━━╇━━━━━━━━┯━━━━━━━
━┩
│ [1;92m50:95[0m  │   [1;36m50[0m   │   [1;36m75[0m   │  @[1;36m500[0m  │   F1   │  Prec  │ Recall │ [1;92m50:95[0m  │   [1;36m50[0m  
│
├────────┼────────┼────────┼────────┼────────┼────────┼────────┼────────┼───────
─┤
│ [1;36m0.4441[0m │ [1;36m0.8784[0m │ [1;36m0.3799[0m │ [1;36m0.5187[0m │ [1;36m0.8830[0m │ [1;36m0.8999[0m │ [1;36m0.8668[0m │ [1;36m0.3858[0m │ [1;36m0.8627[0m
│
└────────┴────────┴────────┴────────┴────────┴────────┴────────┴────────┴───────
─┘
[1;36m                     Val — Per-class Metrics                      [0m
┏━━━━━━━━━━━━━━┳━━━━━━━━━━┳━━━━━━━━┳━━━━━━━━┳━━━━━━━━━━━┳━━━━━━━━┓
┃[1;36m [0m[1;36mClass       [0m[1;36m [0m┃[1;36m [0m[1;36mAP 50:95[0m[1;36m [0m┃[1;36m [0m[1;36m    AR[0m[1;36m [0m┃[1;36m [0m[1;36m    F1[0m[1;36m [0m┃[1;36m [0m[1;36mPrecision[0m[1;36m [0m┃[1;36m [0m[1;36mRecall[0m[1;36m [0m┃
┡━━━━━━━━━━━━━━╇━━━━━━━━━━╇━━━━━━━━╇━━━━━━━━╇━━━━━━━━━━━╇━━━━━━━━┩
│[2m [0m[2mGlassBeadSeg[0m[2m [0m│   0.4441 │ 0.5187 │ 0.8830 │    0.8999 │ 0.8668 │
└──────────────┴──────────┴────────┴────────┴───────────┴────────┘
                              Val — Overall Metrics                             
┏━━━━━━━━━━━━━━━━━━━━━━━━━━┳━━━━━━━━┳━━━━━━━━━━━━━━━━━━━━━━━━━━┳━━━━━━━━━━━━━━━━
━┓
┃           mAP            ┃  mAR   ┃         F1 sweep         ┃     segm mAP   
┃
┡━━━━━━━━┯━━━━━━━━┯━━━━━━━━╇━━━━━━━━╇━━━━━━━━┯━━━━━━━━┯━━━━━━━━╇━━━━━━━━┯━━━━━━━
━┩
│ [1;92m50:95[0m  │   [1;36m50[0m   │   [1;36m75[0m   │  @[1;36m500[0m  │   F1   │  Prec  │ Recall │ [1;92m50:95[0m  │   [1;36m50[0m  
│
├────────┼────────┼────────┼────────┼────────┼────────┼────────┼────────┼───────
─┤
│ [1;36m0.4451[0m │ [1;36m0.8773[0m │ [1;36m0.3860[0m │ [1;36m0.5208[0m │ [1;36m0.8849[0m │ [1;36m0.8952[0m │ [1;36m0.8748[0m │ [1;36m0.3869[0m │ [1;36m0.8629[0m
│
└────────┴────────┴────────┴────────┴────────┴────────┴────────┴────────┴───────
─┘
[1;36m                     Val — Per-class Metrics                      [0m
┏━━━━━━━━━━━━━━┳━━━━━━━━━━┳━━━━━━━━┳━━━━━━━━┳━━━━━━━━━━━┳━━━━━━━━┓
┃[1;36m [0m[1;36mClass       [0m[1;36m [0m┃[1;36m [0m[1;36mAP 50:95[0m[1;36m [0m┃[1;36m [0m[1;36m    AR[0m[1;36m [0m┃[1;36m [0m[1;36m    F1[0m[1;36m [0m┃[1;36m [0m[1;36mPrecision[0m[1;36m [0m┃[1;36m [0m[1;36mRecall[0m[1;36m [0m┃
┡━━━━━━━━━━━━━━╇━━━━━━━━━━╇━━━━━━━━╇━━━━━━━━╇━━━━━━━━━━━╇━━━━━━━━┩
│[2m [0m[2mGlassBeadSeg[0m[2m [0m│   0.4451 │ 0.5208 │ 0.8849 │    0.8952 │ 0.8748 │
└──────────────┴──────────┴────────┴────────┴───────────┴────────┘
                              Val — Overall Metrics                             
┏━━━━━━━━━━━━━━━━━━━━━━━━━━┳━━━━━━━━┳━━━━━━━━━━━━━━━━━━━━━━━━━━┳━━━━━━━━━━━━━━━━
━┓
┃           mAP            ┃  mAR   ┃         F1 sweep         ┃     segm mAP   
┃
┡━━━━━━━━┯━━━━━━━━┯━━━━━━━━╇━━━━━━━━╇━━━━━━━━┯━━━━━━━━┯━━━━━━━━╇━━━━━━━━┯━━━━━━━
━┩
│ [1;92m50:95[0m  │   [1;36m50[0m   │   [1;36m75[0m   │  @[1;36m500[0m  │   F1   │  Prec  │ Recall │ [1;92m50:95[0m  │   [1;36m50[0m  
│
├────────┼────────┼────────┼────────┼────────┼────────┼────────┼────────┼───────
─┤
│ [1;36m0.4415[0m │ [1;36m0.8788[0m │ [1;36m0.3768[0m │ [1;36m0.5180[0m │ [1;36m0.8873[0m │ [1;36m0.9110[0m │ [1;36m0.8648[0m │ [1;36m0.3869[0m │ [1;36m0.8626[0m
│
└────────┴────────┴────────┴────────┴────────┴────────┴────────┴────────┴───────
─┘
[1;36m                     Val — Per-class Metrics                      [0m
┏━━━━━━━━━━━━━━┳━━━━━━━━━━┳━━━━━━━━┳━━━━━━━━┳━━━━━━━━━━━┳━━━━━━━━┓
┃[1;36m [0m[1;36mClass       [0m[1;36m [0m┃[1;36m [0m[1;36mAP 50:95[0m[1;36m [0m┃[1;36m [0m[1;36m    AR[0m[1;36m [0m┃[1;36m [0m[1;36m    F1[0m[1;36m [0m┃[1;36m [0m[1;36mPrecision[0m[1;36m [0m┃[1;36m [0m[1;36mRecall[0m[1;36m [0m┃
┡━━━━━━━━━━━━━━╇━━━━━━━━━━╇━━━━━━━━╇━━━━━━━━╇━━━━━━━━━━━╇━━━━━━━━┩
│[2m [0m[2mGlassBeadSeg[0m[2m [0m│   0.4415 │ 0.5180 │ 0.8873 │    0.9110 │ 0.8648 │
└──────────────┴──────────┴────────┴────────┴───────────┴────────┘
[2026-06-19 00:39:06] [INFO] rf-detr - Best EMA mAP improved to 0.4453 (epoch 158)
                              Val — Overall Metrics                             
┏━━━━━━━━━━━━━━━━━━━━━━━━━━┳━━━━━━━━┳━━━━━━━━━━━━━━━━━━━━━━━━━━┳━━━━━━━━━━━━━━━━
━┓
┃           mAP            ┃  mAR   ┃         F1 sweep         ┃     segm mAP   
┃
┡━━━━━━━━┯━━━━━━━━┯━━━━━━━━╇━━━━━━━━╇━━━━━━━━┯━━━━━━━━┯━━━━━━━━╇━━━━━━━━┯━━━━━━━
━┩
│ [1;92m50:95[0m  │   [1;36m50[0m   │   [1;36m75[0m   │  @[1;36m500[0m  │   F1   │  Prec  │ Recall │ [1;92m50:95[0m  │   [1;36m50[0m  
│
├────────┼────────┼────────┼────────┼────────┼────────┼────────┼────────┼───────
─┤
│ [1;36m0.4468[0m │ [1;36m0.8784[0m │ [1;36m0.3916[0m │ [1;36m0.5235[0m │ [1;36m0.8842[0m │ [1;36m0.9079[0m │ [1;36m0.8618[0m │ [1;36m0.3843[0m │ [1;36m0.8626[0m
│
└────────┴────────┴────────┴────────┴────────┴────────┴────────┴────────┴───────
─┘
[1;36m                     Val — Per-class Metrics                      [0m
┏━━━━━━━━━━━━━━┳━━━━━━━━━━┳━━━━━━━━┳━━━━━━━━┳━━━━━━━━━━━┳━━━━━━━━┓
┃[1;36m [0m[1;36mClass       [0m[1;36m [0m┃[1;36m [0m[1;36mAP 50:95[0m[1;36m [0m┃[1;36m [0m[1;36m    AR[0m[1;36m [0m┃[1;36m [0m[1;36m    F1[0m[1;36m [0m┃[1;36m [0m[1;36mPrecision[0m[1;36m [0m┃[1;36m [0m[1;36mRecall[0m[1;36m [0m┃
┡━━━━━━━━━━━━━━╇━━━━━━━━━━╇━━━━━━━━╇━━━━━━━━╇━━━━━━━━━━━╇━━━━━━━━┩
│[2m [0m[2mGlassBeadSeg[0m[2m [0m│   0.4468 │ 0.5235 │ 0.8842 │    0.9079 │ 0.8618 │
└──────────────┴──────────┴────────┴────────┴───────────┴────────┘
                              Val — Overall Metrics                             
┏━━━━━━━━━━━━━━━━━━━━━━━━━━┳━━━━━━━━┳━━━━━━━━━━━━━━━━━━━━━━━━━━┳━━━━━━━━━━━━━━━━
━┓
┃           mAP            ┃  mAR   ┃         F1 sweep         ┃     segm mAP   
┃
┡━━━━━━━━┯━━━━━━━━┯━━━━━━━━╇━━━━━━━━╇━━━━━━━━┯━━━━━━━━┯━━━━━━━━╇━━━━━━━━┯━━━━━━━
━┩
│ [1;92m50:95[0m  │   [1;36m50[0m   │   [1;36m75[0m   │  @[1;36m500[0m  │   F1   │  Prec  │ Recall │ [1;92m50:95[0m  │   [1;36m50[0m  
│
├────────┼────────┼────────┼────────┼────────┼────────┼────────┼────────┼───────
─┤
│ [1;36m0.4472[0m │ [1;36m0.8792[0m │ [1;36m0.3956[0m │ [1;36m0.5230[0m │ [1;36m0.8849[0m │ [1;36m0.9115[0m │ [1;36m0.8598[0m │ [1;36m0.3802[0m │ [1;36m0.8537[0m
│
└────────┴────────┴────────┴────────┴────────┴────────┴────────┴────────┴───────
─┘
[1;36m                     Val — Per-class Metrics                      [0m
┏━━━━━━━━━━━━━━┳━━━━━━━━━━┳━━━━━━━━┳━━━━━━━━┳━━━━━━━━━━━┳━━━━━━━━┓
┃[1;36m [0m[1;36mClass       [0m[1;36m [0m┃[1;36m [0m[1;36mAP 50:95[0m[1;36m [0m┃[1;36m [0m[1;36m    AR[0m[1;36m [0m┃[1;36m [0m[1;36m    F1[0m[1;36m [0m┃[1;36m [0m[1;36mPrecision[0m[1;36m [0m┃[1;36m [0m[1;36mRecall[0m[1;36m [0m┃
┡━━━━━━━━━━━━━━╇━━━━━━━━━━╇━━━━━━━━╇━━━━━━━━╇━━━━━━━━━━━╇━━━━━━━━┩
│[2m [0m[2mGlassBeadSeg[0m[2m [0m│   0.4472 │ 0.5230 │ 0.8849 │    0.9115 │ 0.8598 │
└──────────────┴──────────┴────────┴────────┴───────────┴────────┘
                              Val — Overall Metrics                             
┏━━━━━━━━━━━━━━━━━━━━━━━━━━┳━━━━━━━━┳━━━━━━━━━━━━━━━━━━━━━━━━━━┳━━━━━━━━━━━━━━━━
━┓
┃           mAP            ┃  mAR   ┃         F1 sweep         ┃     segm mAP   
┃
┡━━━━━━━━┯━━━━━━━━┯━━━━━━━━╇━━━━━━━━╇━━━━━━━━┯━━━━━━━━┯━━━━━━━━╇━━━━━━━━┯━━━━━━━
━┩
│ [1;92m50:95[0m  │   [1;36m50[0m   │   [1;36m75[0m   │  @[1;36m500[0m  │   F1   │  Prec  │ Recall │ [1;92m50:95[0m  │   [1;36m50[0m  
│
├────────┼────────┼────────┼────────┼────────┼────────┼────────┼────────┼───────
─┤
│ [1;36m0.4447[0m │ [1;36m0.8885[0m │ [1;36m0.3807[0m │ [1;36m0.5228[0m │ [1;36m0.8838[0m │ [1;36m0.9026[0m │ [1;36m0.8658[0m │ [1;36m0.3854[0m │ [1;36m0.8622[0m
│
└────────┴────────┴────────┴────────┴────────┴────────┴────────┴────────┴───────
─┘
[1;36m                     Val — Per-class Metrics                      [0m
┏━━━━━━━━━━━━━━┳━━━━━━━━━━┳━━━━━━━━┳━━━━━━━━┳━━━━━━━━━━━┳━━━━━━━━┓
┃[1;36m [0m[1;36mClass       [0m[1;36m [0m┃[1;36m [0m[1;36mAP 50:95[0m[1;36m [0m┃[1;36m [0m[1;36m    AR[0m[1;36m [0m┃[1;36m [0m[1;36m    F1[0m[1;36m [0m┃[1;36m [0m[1;36mPrecision[0m[1;36m [0m┃[1;36m [0m[1;36mRecall[0m[1;36m [0m┃
┡━━━━━━━━━━━━━━╇━━━━━━━━━━╇━━━━━━━━╇━━━━━━━━╇━━━━━━━━━━━╇━━━━━━━━┩
│[2m [0m[2mGlassBeadSeg[0m[2m [0m│   0.4447 │ 0.5228 │ 0.8838 │    0.9026 │ 0.8658 │
└──────────────┴──────────┴────────┴────────┴───────────┴────────┘
                              Val — Overall Metrics                             
┏━━━━━━━━━━━━━━━━━━━━━━━━━━┳━━━━━━━━┳━━━━━━━━━━━━━━━━━━━━━━━━━━┳━━━━━━━━━━━━━━━━
━┓
┃           mAP            ┃  mAR   ┃         F1 sweep         ┃     segm mAP   
┃
┡━━━━━━━━┯━━━━━━━━┯━━━━━━━━╇━━━━━━━━╇━━━━━━━━┯━━━━━━━━┯━━━━━━━━╇━━━━━━━━┯━━━━━━━
━┩
│ [1;92m50:95[0m  │   [1;36m50[0m   │   [1;36m75[0m   │  @[1;36m500[0m  │   F1   │  Prec  │ Recall │ [1;92m50:95[0m  │   [1;36m50[0m  
│
├────────┼────────┼────────┼────────┼────────┼────────┼────────┼────────┼───────
─┤
│ [1;36m0.4473[0m │ [1;36m0.8786[0m │ [1;36m0.3873[0m │ [1;36m0.5245[0m │ [1;36m0.8819[0m │ [1;36m0.9040[0m │ [1;36m0.8608[0m │ [1;36m0.3864[0m │ [1;36m0.8530[0m
│
└────────┴────────┴────────┴────────┴────────┴────────┴────────┴────────┴───────
─┘
[1;36m                     Val — Per-class Metrics                      [0m
┏━━━━━━━━━━━━━━┳━━━━━━━━━━┳━━━━━━━━┳━━━━━━━━┳━━━━━━━━━━━┳━━━━━━━━┓
┃[1;36m [0m[1;36mClass       [0m[1;36m [0m┃[1;36m [0m[1;36mAP 50:95[0m[1;36m [0m┃[1;36m [0m[1;36m    AR[0m[1;36m [0m┃[1;36m [0m[1;36m    F1[0m[1;36m [0m┃[1;36m [0m[1;36mPrecision[0m[1;36m [0m┃[1;36m [0m[1;36mRecall[0m[1;36m [0m┃
┡━━━━━━━━━━━━━━╇━━━━━━━━━━╇━━━━━━━━╇━━━━━━━━╇━━━━━━━━━━━╇━━━━━━━━┩
│[2m [0m[2mGlassBeadSeg[0m[2m [0m│   0.4473 │ 0.5245 │ 0.8819 │    0.9040 │ 0.8608 │
└──────────────┴──────────┴────────┴────────┴───────────┴────────┘
                              Val — Overall Metrics                             
┏━━━━━━━━━━━━━━━━━━━━━━━━━━┳━━━━━━━━┳━━━━━━━━━━━━━━━━━━━━━━━━━━┳━━━━━━━━━━━━━━━━
━┓
┃           mAP            ┃  mAR   ┃         F1 sweep         ┃     segm mAP   
┃
┡━━━━━━━━┯━━━━━━━━┯━━━━━━━━╇━━━━━━━━╇━━━━━━━━┯━━━━━━━━┯━━━━━━━━╇━━━━━━━━┯━━━━━━━
━┩
│ [1;92m50:95[0m  │   [1;36m50[0m   │   [1;36m75[0m   │  @[1;36m500[0m  │   F1   │  Prec  │ Recall │ [1;92m50:95[0m  │   [1;36m50[0m  
│
├────────┼────────┼────────┼────────┼────────┼────────┼────────┼────────┼───────
─┤
│ [1;36m0.4451[0m │ [1;36m0.8786[0m │ [1;36m0.3855[0m │ [1;36m0.5217[0m │ [1;36m0.8878[0m │ [1;36m0.9033[0m │ [1;36m0.8728[0m │ [1;36m0.3872[0m │ [1;36m0.8631[0m
│
└────────┴────────┴────────┴────────┴────────┴────────┴────────┴────────┴───────
─┘
[1;36m                     Val — Per-class Metrics                      [0m
┏━━━━━━━━━━━━━━┳━━━━━━━━━━┳━━━━━━━━┳━━━━━━━━┳━━━━━━━━━━━┳━━━━━━━━┓
┃[1;36m [0m[1;36mClass       [0m[1;36m [0m┃[1;36m [0m[1;36mAP 50:95[0m[1;36m [0m┃[1;36m [0m[1;36m    AR[0m[1;36m [0m┃[1;36m [0m[1;36m    F1[0m[1;36m [0m┃[1;36m [0m[1;36mPrecision[0m[1;36m [0m┃[1;36m [0m[1;36mRecall[0m[1;36m [0m┃
┡━━━━━━━━━━━━━━╇━━━━━━━━━━╇━━━━━━━━╇━━━━━━━━╇━━━━━━━━━━━╇━━━━━━━━┩
│[2m [0m[2mGlassBeadSeg[0m[2m [0m│   0.4451 │ 0.5217 │ 0.8878 │    0.9033 │ 0.8728 │
└──────────────┴──────────┴────────┴────────┴───────────┴────────┘
                              Val — Overall Metrics                             
┏━━━━━━━━━━━━━━━━━━━━━━━━━━┳━━━━━━━━┳━━━━━━━━━━━━━━━━━━━━━━━━━━┳━━━━━━━━━━━━━━━━
━┓
┃           mAP            ┃  mAR   ┃         F1 sweep         ┃     segm mAP   
┃
┡━━━━━━━━┯━━━━━━━━┯━━━━━━━━╇━━━━━━━━╇━━━━━━━━┯━━━━━━━━┯━━━━━━━━╇━━━━━━━━┯━━━━━━━
━┩
│ [1;92m50:95[0m  │   [1;36m50[0m   │   [1;36m75[0m   │  @[1;36m500[0m  │   F1   │  Prec  │ Recall │ [1;92m50:95[0m  │   [1;36m50[0m  
│
├────────┼────────┼────────┼────────┼────────┼────────┼────────┼────────┼───────
─┤
│ [1;36m0.4475[0m │ [1;36m0.8790[0m │ [1;36m0.4023[0m │ [1;36m0.5233[0m │ [1;36m0.8874[0m │ [1;36m0.9058[0m │ [1;36m0.8698[0m │ [1;36m0.3878[0m │ [1;36m0.8628[0m
│
└────────┴────────┴────────┴────────┴────────┴────────┴────────┴────────┴───────
─┘
[1;36m                     Val — Per-class Metrics                      [0m
┏━━━━━━━━━━━━━━┳━━━━━━━━━━┳━━━━━━━━┳━━━━━━━━┳━━━━━━━━━━━┳━━━━━━━━┓
┃[1;36m [0m[1;36mClass       [0m[1;36m [0m┃[1;36m [0m[1;36mAP 50:95[0m[1;36m [0m┃[1;36m [0m[1;36m    AR[0m[1;36m [0m┃[1;36m [0m[1;36m    F1[0m[1;36m [0m┃[1;36m [0m[1;36mPrecision[0m[1;36m [0m┃[1;36m [0m[1;36mRecall[0m[1;36m [0m┃
┡━━━━━━━━━━━━━━╇━━━━━━━━━━╇━━━━━━━━╇━━━━━━━━╇━━━━━━━━━━━╇━━━━━━━━┩
│[2m [0m[2mGlassBeadSeg[0m[2m [0m│   0.4475 │ 0.5233 │ 0.8874 │    0.9058 │ 0.8698 │
└──────────────┴──────────┴────────┴────────┴───────────┴────────┘
                              Val — Overall Metrics                             
┏━━━━━━━━━━━━━━━━━━━━━━━━━━┳━━━━━━━━┳━━━━━━━━━━━━━━━━━━━━━━━━━━┳━━━━━━━━━━━━━━━━
━┓
┃           mAP            ┃  mAR   ┃         F1 sweep         ┃     segm mAP   
┃
┡━━━━━━━━┯━━━━━━━━┯━━━━━━━━╇━━━━━━━━╇━━━━━━━━┯━━━━━━━━┯━━━━━━━━╇━━━━━━━━┯━━━━━━━
━┩
│ [1;92m50:95[0m  │   [1;36m50[0m   │   [1;36m75[0m   │  @[1;36m500[0m  │   F1   │  Prec  │ Recall │ [1;92m50:95[0m  │   [1;36m50[0m  
│
├────────┼────────┼────────┼────────┼────────┼────────┼────────┼────────┼───────
─┤
│ [1;36m0.4485[0m │ [1;36m0.8793[0m │ [1;36m0.3755[0m │ [1;36m0.5267[0m │ [1;36m0.8888[0m │ [1;36m0.9086[0m │ [1;36m0.8698[0m │ [1;36m0.3906[0m │ [1;36m0.8636[0m
│
└────────┴────────┴────────┴────────┴────────┴────────┴────────┴────────┴───────
─┘
[1;36m                     Val — Per-class Metrics                      [0m
┏━━━━━━━━━━━━━━┳━━━━━━━━━━┳━━━━━━━━┳━━━━━━━━┳━━━━━━━━━━━┳━━━━━━━━┓
┃[1;36m [0m[1;36mClass       [0m[1;36m [0m┃[1;36m [0m[1;36mAP 50:95[0m[1;36m [0m┃[1;36m [0m[1;36m    AR[0m[1;36m [0m┃[1;36m [0m[1;36m    F1[0m[1;36m [0m┃[1;36m [0m[1;36mPrecision[0m[1;36m [0m┃[1;36m [0m[1;36mRecall[0m[1;36m [0m┃
┡━━━━━━━━━━━━━━╇━━━━━━━━━━╇━━━━━━━━╇━━━━━━━━╇━━━━━━━━━━━╇━━━━━━━━┩
│[2m [0m[2mGlassBeadSeg[0m[2m [0m│   0.4485 │ 0.5267 │ 0.8888 │    0.9086 │ 0.8698 │
└──────────────┴──────────┴────────┴────────┴───────────┴────────┘
Metric __rfdetr_effective_map__ improved by 0.001 >= min_delta = 0.001. New best score: 0.449
[2026-06-19 01:02:03] [INFO] rf-detr - Best regular mAP saved to /input0/transcoder-st/learn_llm/GrassBeadSeg/models/rfdetr_seg_large/trained/checkpoint_best_regular.pth (epoch 165)
[2026-06-19 01:02:03] [INFO] rf-detr - Best EMA mAP improved to 0.4468 (epoch 165)
                              Val — Overall Metrics                             
┏━━━━━━━━━━━━━━━━━━━━━━━━━━┳━━━━━━━━┳━━━━━━━━━━━━━━━━━━━━━━━━━━┳━━━━━━━━━━━━━━━━
━┓
┃           mAP            ┃  mAR   ┃         F1 sweep         ┃     segm mAP   
┃
┡━━━━━━━━┯━━━━━━━━┯━━━━━━━━╇━━━━━━━━╇━━━━━━━━┯━━━━━━━━┯━━━━━━━━╇━━━━━━━━┯━━━━━━━
━┩
│ [1;92m50:95[0m  │   [1;36m50[0m   │   [1;36m75[0m   │  @[1;36m500[0m  │   F1   │  Prec  │ Recall │ [1;92m50:95[0m  │   [1;36m50[0m  
│
├────────┼────────┼────────┼────────┼────────┼────────┼────────┼────────┼───────
─┤
│ [1;36m0.4448[0m │ [1;36m0.8778[0m │ [1;36m0.3801[0m │ [1;36m0.5218[0m │ [1;36m0.8843[0m │ [1;36m0.9035[0m │ [1;36m0.8658[0m │ [1;36m0.3897[0m │ [1;36m0.8541[0m
│
└────────┴────────┴────────┴────────┴────────┴────────┴────────┴────────┴───────
─┘
[1;36m                     Val — Per-class Metrics                      [0m
┏━━━━━━━━━━━━━━┳━━━━━━━━━━┳━━━━━━━━┳━━━━━━━━┳━━━━━━━━━━━┳━━━━━━━━┓
┃[1;36m [0m[1;36mClass       [0m[1;36m [0m┃[1;36m [0m[1;36mAP 50:95[0m[1;36m [0m┃[1;36m [0m[1;36m    AR[0m[1;36m [0m┃[1;36m [0m[1;36m    F1[0m[1;36m [0m┃[1;36m [0m[1;36mPrecision[0m[1;36m [0m┃[1;36m [0m[1;36mRecall[0m[1;36m [0m┃
┡━━━━━━━━━━━━━━╇━━━━━━━━━━╇━━━━━━━━╇━━━━━━━━╇━━━━━━━━━━━╇━━━━━━━━┩
│[2m [0m[2mGlassBeadSeg[0m[2m [0m│   0.4448 │ 0.5218 │ 0.8843 │    0.9035 │ 0.8658 │
└──────────────┴──────────┴────────┴────────┴───────────┴────────┘
                              Val — Overall Metrics                             
┏━━━━━━━━━━━━━━━━━━━━━━━━━━┳━━━━━━━━┳━━━━━━━━━━━━━━━━━━━━━━━━━━┳━━━━━━━━━━━━━━━━
━┓
┃           mAP            ┃  mAR   ┃         F1 sweep         ┃     segm mAP   
┃
┡━━━━━━━━┯━━━━━━━━┯━━━━━━━━╇━━━━━━━━╇━━━━━━━━┯━━━━━━━━┯━━━━━━━━╇━━━━━━━━┯━━━━━━━
━┩
│ [1;92m50:95[0m  │   [1;36m50[0m   │   [1;36m75[0m   │  @[1;36m500[0m  │   F1   │  Prec  │ Recall │ [1;92m50:95[0m  │   [1;36m50[0m  
│
├────────┼────────┼────────┼────────┼────────┼────────┼────────┼────────┼───────
─┤
│ [1;36m0.4459[0m │ [1;36m0.8782[0m │ [1;36m0.3838[0m │ [1;36m0.5212[0m │ [1;36m0.8882[0m │ [1;36m0.9129[0m │ [1;36m0.8648[0m │ [1;36m0.3905[0m │ [1;36m0.8639[0m
│
└────────┴────────┴────────┴────────┴────────┴────────┴────────┴────────┴───────
─┘
[1;36m                     Val — Per-class Metrics                      [0m
┏━━━━━━━━━━━━━━┳━━━━━━━━━━┳━━━━━━━━┳━━━━━━━━┳━━━━━━━━━━━┳━━━━━━━━┓
┃[1;36m [0m[1;36mClass       [0m[1;36m [0m┃[1;36m [0m[1;36mAP 50:95[0m[1;36m [0m┃[1;36m [0m[1;36m    AR[0m[1;36m [0m┃[1;36m [0m[1;36m    F1[0m[1;36m [0m┃[1;36m [0m[1;36mPrecision[0m[1;36m [0m┃[1;36m [0m[1;36mRecall[0m[1;36m [0m┃
┡━━━━━━━━━━━━━━╇━━━━━━━━━━╇━━━━━━━━╇━━━━━━━━╇━━━━━━━━━━━╇━━━━━━━━┩
│[2m [0m[2mGlassBeadSeg[0m[2m [0m│   0.4459 │ 0.5212 │ 0.8882 │    0.9129 │ 0.8648 │
└──────────────┴──────────┴────────┴────────┴───────────┴────────┘
                              Val — Overall Metrics                             
┏━━━━━━━━━━━━━━━━━━━━━━━━━━┳━━━━━━━━┳━━━━━━━━━━━━━━━━━━━━━━━━━━┳━━━━━━━━━━━━━━━━
━┓
┃           mAP            ┃  mAR   ┃         F1 sweep         ┃     segm mAP   
┃
┡━━━━━━━━┯━━━━━━━━┯━━━━━━━━╇━━━━━━━━╇━━━━━━━━┯━━━━━━━━┯━━━━━━━━╇━━━━━━━━┯━━━━━━━
━┩
│ [1;92m50:95[0m  │   [1;36m50[0m   │   [1;36m75[0m   │  @[1;36m500[0m  │   F1   │  Prec  │ Recall │ [1;92m50:95[0m  │   [1;36m50[0m  
│
├────────┼────────┼────────┼────────┼────────┼────────┼────────┼────────┼───────
─┤
│ [1;36m0.4449[0m │ [1;36m0.8785[0m │ [1;36m0.3901[0m │ [1;36m0.5194[0m │ [1;36m0.8897[0m │ [1;36m0.9105[0m │ [1;36m0.8698[0m │ [1;36m0.3891[0m │ [1;36m0.8640[0m
│
└────────┴────────┴────────┴────────┴────────┴────────┴────────┴────────┴───────
─┘
[1;36m                     Val — Per-class Metrics                      [0m
┏━━━━━━━━━━━━━━┳━━━━━━━━━━┳━━━━━━━━┳━━━━━━━━┳━━━━━━━━━━━┳━━━━━━━━┓
┃[1;36m [0m[1;36mClass       [0m[1;36m [0m┃[1;36m [0m[1;36mAP 50:95[0m[1;36m [0m┃[1;36m [0m[1;36m    AR[0m[1;36m [0m┃[1;36m [0m[1;36m    F1[0m[1;36m [0m┃[1;36m [0m[1;36mPrecision[0m[1;36m [0m┃[1;36m [0m[1;36mRecall[0m[1;36m [0m┃
┡━━━━━━━━━━━━━━╇━━━━━━━━━━╇━━━━━━━━╇━━━━━━━━╇━━━━━━━━━━━╇━━━━━━━━┩
│[2m [0m[2mGlassBeadSeg[0m[2m [0m│   0.4449 │ 0.5194 │ 0.8897 │    0.9105 │ 0.8698 │
└──────────────┴──────────┴────────┴────────┴───────────┴────────┘
                              Val — Overall Metrics                             
┏━━━━━━━━━━━━━━━━━━━━━━━━━━┳━━━━━━━━┳━━━━━━━━━━━━━━━━━━━━━━━━━━┳━━━━━━━━━━━━━━━━
━┓
┃           mAP            ┃  mAR   ┃         F1 sweep         ┃     segm mAP   
┃
┡━━━━━━━━┯━━━━━━━━┯━━━━━━━━╇━━━━━━━━╇━━━━━━━━┯━━━━━━━━┯━━━━━━━━╇━━━━━━━━┯━━━━━━━
━┩
│ [1;92m50:95[0m  │   [1;36m50[0m   │   [1;36m75[0m   │  @[1;36m500[0m  │   F1   │  Prec  │ Recall │ [1;92m50:95[0m  │   [1;36m50[0m  
│
├────────┼────────┼────────┼────────┼────────┼────────┼────────┼────────┼───────
─┤
│ [1;36m0.4471[0m │ [1;36m0.8786[0m │ [1;36m0.3861[0m │ [1;36m0.5233[0m │ [1;36m0.8880[0m │ [1;36m0.9237[0m │ [1;36m0.8549[0m │ [1;36m0.3918[0m │ [1;36m0.8637[0m
│
└────────┴────────┴────────┴────────┴────────┴────────┴────────┴────────┴───────
─┘
[1;36m                     Val — Per-class Metrics                      [0m
┏━━━━━━━━━━━━━━┳━━━━━━━━━━┳━━━━━━━━┳━━━━━━━━┳━━━━━━━━━━━┳━━━━━━━━┓
┃[1;36m [0m[1;36mClass       [0m[1;36m [0m┃[1;36m [0m[1;36mAP 50:95[0m[1;36m [0m┃[1;36m [0m[1;36m    AR[0m[1;36m [0m┃[1;36m [0m[1;36m    F1[0m[1;36m [0m┃[1;36m [0m[1;36mPrecision[0m[1;36m [0m┃[1;36m [0m[1;36mRecall[0m[1;36m [0m┃
┡━━━━━━━━━━━━━━╇━━━━━━━━━━╇━━━━━━━━╇━━━━━━━━╇━━━━━━━━━━━╇━━━━━━━━┩
│[2m [0m[2mGlassBeadSeg[0m[2m [0m│   0.4471 │ 0.5233 │ 0.8880 │    0.9237 │ 0.8549 │
└──────────────┴──────────┴────────┴────────┴───────────┴────────┘
                              Val — Overall Metrics                             
┏━━━━━━━━━━━━━━━━━━━━━━━━━━┳━━━━━━━━┳━━━━━━━━━━━━━━━━━━━━━━━━━━┳━━━━━━━━━━━━━━━━
━┓
┃           mAP            ┃  mAR   ┃         F1 sweep         ┃     segm mAP   
┃
┡━━━━━━━━┯━━━━━━━━┯━━━━━━━━╇━━━━━━━━╇━━━━━━━━┯━━━━━━━━┯━━━━━━━━╇━━━━━━━━┯━━━━━━━
━┩
│ [1;92m50:95[0m  │   [1;36m50[0m   │   [1;36m75[0m   │  @[1;36m500[0m  │   F1   │  Prec  │ Recall │ [1;92m50:95[0m  │   [1;36m50[0m  
│
├────────┼────────┼────────┼────────┼────────┼────────┼────────┼────────┼───────
─┤
│ [1;36m0.4458[0m │ [1;36m0.8776[0m │ [1;36m0.3868[0m │ [1;36m0.5227[0m │ [1;36m0.8869[0m │ [1;36m0.9057[0m │ [1;36m0.8688[0m │ [1;36m0.3916[0m │ [1;36m0.8628[0m
│
└────────┴────────┴────────┴────────┴────────┴────────┴────────┴────────┴───────
─┘
[1;36m                     Val — Per-class Metrics                      [0m
┏━━━━━━━━━━━━━━┳━━━━━━━━━━┳━━━━━━━━┳━━━━━━━━┳━━━━━━━━━━━┳━━━━━━━━┓
┃[1;36m [0m[1;36mClass       [0m[1;36m [0m┃[1;36m [0m[1;36mAP 50:95[0m[1;36m [0m┃[1;36m [0m[1;36m    AR[0m[1;36m [0m┃[1;36m [0m[1;36m    F1[0m[1;36m [0m┃[1;36m [0m[1;36mPrecision[0m[1;36m [0m┃[1;36m [0m[1;36mRecall[0m[1;36m [0m┃
┡━━━━━━━━━━━━━━╇━━━━━━━━━━╇━━━━━━━━╇━━━━━━━━╇━━━━━━━━━━━╇━━━━━━━━┩
│[2m [0m[2mGlassBeadSeg[0m[2m [0m│   0.4458 │ 0.5227 │ 0.8869 │    0.9057 │ 0.8688 │
└──────────────┴──────────┴────────┴────────┴───────────┴────────┘
                              Val — Overall Metrics                             
┏━━━━━━━━━━━━━━━━━━━━━━━━━━┳━━━━━━━━┳━━━━━━━━━━━━━━━━━━━━━━━━━━┳━━━━━━━━━━━━━━━━
━┓
┃           mAP            ┃  mAR   ┃         F1 sweep         ┃     segm mAP   
┃
┡━━━━━━━━┯━━━━━━━━┯━━━━━━━━╇━━━━━━━━╇━━━━━━━━┯━━━━━━━━┯━━━━━━━━╇━━━━━━━━┯━━━━━━━
━┩
│ [1;92m50:95[0m  │   [1;36m50[0m   │   [1;36m75[0m   │  @[1;36m500[0m  │   F1   │  Prec  │ Recall │ [1;92m50:95[0m  │   [1;36m50[0m  
│
├────────┼────────┼────────┼────────┼────────┼────────┼────────┼────────┼───────
─┤
│ [1;36m0.4453[0m │ [1;36m0.8790[0m │ [1;36m0.3906[0m │ [1;36m0.5231[0m │ [1;36m0.8869[0m │ [1;36m0.9057[0m │ [1;36m0.8688[0m │ [1;36m0.3882[0m │ [1;36m0.8625[0m
│
└────────┴────────┴────────┴────────┴────────┴────────┴────────┴────────┴───────
─┘
[1;36m                     Val — Per-class Metrics                      [0m
┏━━━━━━━━━━━━━━┳━━━━━━━━━━┳━━━━━━━━┳━━━━━━━━┳━━━━━━━━━━━┳━━━━━━━━┓
┃[1;36m [0m[1;36mClass       [0m[1;36m [0m┃[1;36m [0m[1;36mAP 50:95[0m[1;36m [0m┃[1;36m [0m[1;36m    AR[0m[1;36m [0m┃[1;36m [0m[1;36m    F1[0m[1;36m [0m┃[1;36m [0m[1;36mPrecision[0m[1;36m [0m┃[1;36m [0m[1;36mRecall[0m[1;36m [0m┃
┡━━━━━━━━━━━━━━╇━━━━━━━━━━╇━━━━━━━━╇━━━━━━━━╇━━━━━━━━━━━╇━━━━━━━━┩
│[2m [0m[2mGlassBeadSeg[0m[2m [0m│   0.4453 │ 0.5231 │ 0.8869 │    0.9057 │ 0.8688 │
└──────────────┴──────────┴────────┴────────┴───────────┴────────┘
                              Val — Overall Metrics                             
┏━━━━━━━━━━━━━━━━━━━━━━━━━━┳━━━━━━━━┳━━━━━━━━━━━━━━━━━━━━━━━━━━┳━━━━━━━━━━━━━━━━
━┓
┃           mAP            ┃  mAR   ┃         F1 sweep         ┃     segm mAP   
┃
┡━━━━━━━━┯━━━━━━━━┯━━━━━━━━╇━━━━━━━━╇━━━━━━━━┯━━━━━━━━┯━━━━━━━━╇━━━━━━━━┯━━━━━━━
━┩
│ [1;92m50:95[0m  │   [1;36m50[0m   │   [1;36m75[0m   │  @[1;36m500[0m  │   F1   │  Prec  │ Recall │ [1;92m50:95[0m  │   [1;36m50[0m  
│
├────────┼────────┼────────┼────────┼────────┼────────┼────────┼────────┼───────
─┤
│ [1;36m0.4469[0m │ [1;36m0.8777[0m │ [1;36m0.3846[0m │ [1;36m0.5232[0m │ [1;36m0.8841[0m │ [1;36m0.9087[0m │ [1;36m0.8608[0m │ [1;36m0.3799[0m │ [1;36m0.8534[0m
│
└────────┴────────┴────────┴────────┴────────┴────────┴────────┴────────┴───────
─┘
[1;36m                     Val — Per-class Metrics                      [0m
┏━━━━━━━━━━━━━━┳━━━━━━━━━━┳━━━━━━━━┳━━━━━━━━┳━━━━━━━━━━━┳━━━━━━━━┓
┃[1;36m [0m[1;36mClass       [0m[1;36m [0m┃[1;36m [0m[1;36mAP 50:95[0m[1;36m [0m┃[1;36m [0m[1;36m    AR[0m[1;36m [0m┃[1;36m [0m[1;36m    F1[0m[1;36m [0m┃[1;36m [0m[1;36mPrecision[0m[1;36m [0m┃[1;36m [0m[1;36mRecall[0m[1;36m [0m┃
┡━━━━━━━━━━━━━━╇━━━━━━━━━━╇━━━━━━━━╇━━━━━━━━╇━━━━━━━━━━━╇━━━━━━━━┩
│[2m [0m[2mGlassBeadSeg[0m[2m [0m│   0.4469 │ 0.5232 │ 0.8841 │    0.9087 │ 0.8608 │
└──────────────┴──────────┴────────┴────────┴───────────┴────────┘
                              Val — Overall Metrics                             
┏━━━━━━━━━━━━━━━━━━━━━━━━━━┳━━━━━━━━┳━━━━━━━━━━━━━━━━━━━━━━━━━━┳━━━━━━━━━━━━━━━━
━┓
┃           mAP            ┃  mAR   ┃         F1 sweep         ┃     segm mAP   
┃
┡━━━━━━━━┯━━━━━━━━┯━━━━━━━━╇━━━━━━━━╇━━━━━━━━┯━━━━━━━━┯━━━━━━━━╇━━━━━━━━┯━━━━━━━
━┩
│ [1;92m50:95[0m  │   [1;36m50[0m   │   [1;36m75[0m   │  @[1;36m500[0m  │   F1   │  Prec  │ Recall │ [1;92m50:95[0m  │   [1;36m50[0m  
│
├────────┼────────┼────────┼────────┼────────┼────────┼────────┼────────┼───────
─┤
│ [1;36m0.4451[0m │ [1;36m0.8782[0m │ [1;36m0.3738[0m │ [1;36m0.5220[0m │ [1;36m0.8883[0m │ [1;36m0.9210[0m │ [1;36m0.8579[0m │ [1;36m0.3799[0m │ [1;36m0.8550[0m
│
└────────┴────────┴────────┴────────┴────────┴────────┴────────┴────────┴───────
─┘
[1;36m                     Val — Per-class Metrics                      [0m
┏━━━━━━━━━━━━━━┳━━━━━━━━━━┳━━━━━━━━┳━━━━━━━━┳━━━━━━━━━━━┳━━━━━━━━┓
┃[1;36m [0m[1;36mClass       [0m[1;36m [0m┃[1;36m [0m[1;36mAP 50:95[0m[1;36m [0m┃[1;36m [0m[1;36m    AR[0m[1;36m [0m┃[1;36m [0m[1;36m    F1[0m[1;36m [0m┃[1;36m [0m[1;36mPrecision[0m[1;36m [0m┃[1;36m [0m[1;36mRecall[0m[1;36m [0m┃
┡━━━━━━━━━━━━━━╇━━━━━━━━━━╇━━━━━━━━╇━━━━━━━━╇━━━━━━━━━━━╇━━━━━━━━┩
│[2m [0m[2mGlassBeadSeg[0m[2m [0m│   0.4451 │ 0.5220 │ 0.8883 │    0.9210 │ 0.8579 │
└──────────────┴──────────┴────────┴────────┴───────────┴────────┘
                              Val — Overall Metrics                             
┏━━━━━━━━━━━━━━━━━━━━━━━━━━┳━━━━━━━━┳━━━━━━━━━━━━━━━━━━━━━━━━━━┳━━━━━━━━━━━━━━━━
━┓
┃           mAP            ┃  mAR   ┃         F1 sweep         ┃     segm mAP   
┃
┡━━━━━━━━┯━━━━━━━━┯━━━━━━━━╇━━━━━━━━╇━━━━━━━━┯━━━━━━━━┯━━━━━━━━╇━━━━━━━━┯━━━━━━━
━┩
│ [1;92m50:95[0m  │   [1;36m50[0m   │   [1;36m75[0m   │  @[1;36m500[0m  │   F1   │  Prec  │ Recall │ [1;92m50:95[0m  │   [1;36m50[0m  
│
├────────┼────────┼────────┼────────┼────────┼────────┼────────┼────────┼───────
─┤
│ [1;36m0.4483[0m │ [1;36m0.8779[0m │ [1;36m0.3997[0m │ [1;36m0.5232[0m │ [1;36m0.8844[0m │ [1;36m0.9195[0m │ [1;36m0.8519[0m │ [1;36m0.3780[0m │ [1;36m0.8612[0m
│
└────────┴────────┴────────┴────────┴────────┴────────┴────────┴────────┴───────
─┘
[1;36m                     Val — Per-class Metrics                      [0m
┏━━━━━━━━━━━━━━┳━━━━━━━━━━┳━━━━━━━━┳━━━━━━━━┳━━━━━━━━━━━┳━━━━━━━━┓
┃[1;36m [0m[1;36mClass       [0m[1;36m [0m┃[1;36m [0m[1;36mAP 50:95[0m[1;36m [0m┃[1;36m [0m[1;36m    AR[0m[1;36m [0m┃[1;36m [0m[1;36m    F1[0m[1;36m [0m┃[1;36m [0m[1;36mPrecision[0m[1;36m [0m┃[1;36m [0m[1;36mRecall[0m[1;36m [0m┃
┡━━━━━━━━━━━━━━╇━━━━━━━━━━╇━━━━━━━━╇━━━━━━━━╇━━━━━━━━━━━╇━━━━━━━━┩
│[2m [0m[2mGlassBeadSeg[0m[2m [0m│   0.4483 │ 0.5232 │ 0.8844 │    0.9195 │ 0.8519 │
└──────────────┴──────────┴────────┴────────┴───────────┴────────┘
[2026-06-19 01:31:35] [INFO] rf-detr - Best EMA mAP improved to 0.4476 (epoch 174)
                              Val — Overall Metrics                             
┏━━━━━━━━━━━━━━━━━━━━━━━━━━┳━━━━━━━━┳━━━━━━━━━━━━━━━━━━━━━━━━━━┳━━━━━━━━━━━━━━━━
━┓
┃           mAP            ┃  mAR   ┃         F1 sweep         ┃     segm mAP   
┃
┡━━━━━━━━┯━━━━━━━━┯━━━━━━━━╇━━━━━━━━╇━━━━━━━━┯━━━━━━━━┯━━━━━━━━╇━━━━━━━━┯━━━━━━━
━┩
│ [1;92m50:95[0m  │   [1;36m50[0m   │   [1;36m75[0m   │  @[1;36m500[0m  │   F1   │  Prec  │ Recall │ [1;92m50:95[0m  │   [1;36m50[0m  
│
├────────┼────────┼────────┼────────┼────────┼────────┼────────┼────────┼───────
─┤
│ [1;36m0.4467[0m │ [1;36m0.8790[0m │ [1;36m0.3942[0m │ [1;36m0.5238[0m │ [1;36m0.8848[0m │ [1;36m0.9168[0m │ [1;36m0.8549[0m │ [1;36m0.3772[0m │ [1;36m0.8519[0m
│
└────────┴────────┴────────┴────────┴────────┴────────┴────────┴────────┴───────
─┘
[1;36m                     Val — Per-class Metrics                      [0m
┏━━━━━━━━━━━━━━┳━━━━━━━━━━┳━━━━━━━━┳━━━━━━━━┳━━━━━━━━━━━┳━━━━━━━━┓
┃[1;36m [0m[1;36mClass       [0m[1;36m [0m┃[1;36m [0m[1;36mAP 50:95[0m[1;36m [0m┃[1;36m [0m[1;36m    AR[0m[1;36m [0m┃[1;36m [0m[1;36m    F1[0m[1;36m [0m┃[1;36m [0m[1;36mPrecision[0m[1;36m [0m┃[1;36m [0m[1;36mRecall[0m[1;36m [0m┃
┡━━━━━━━━━━━━━━╇━━━━━━━━━━╇━━━━━━━━╇━━━━━━━━╇━━━━━━━━━━━╇━━━━━━━━┩
│[2m [0m[2mGlassBeadSeg[0m[2m [0m│   0.4467 │ 0.5238 │ 0.8848 │    0.9168 │ 0.8549 │
└──────────────┴──────────┴────────┴────────┴───────────┴────────┘
                              Val — Overall Metrics                             
┏━━━━━━━━━━━━━━━━━━━━━━━━━━┳━━━━━━━━┳━━━━━━━━━━━━━━━━━━━━━━━━━━┳━━━━━━━━━━━━━━━━
━┓
┃           mAP            ┃  mAR   ┃         F1 sweep         ┃     segm mAP   
┃
┡━━━━━━━━┯━━━━━━━━┯━━━━━━━━╇━━━━━━━━╇━━━━━━━━┯━━━━━━━━┯━━━━━━━━╇━━━━━━━━┯━━━━━━━
━┩
│ [1;92m50:95[0m  │   [1;36m50[0m   │   [1;36m75[0m   │  @[1;36m500[0m  │   F1   │  Prec  │ Recall │ [1;92m50:95[0m  │   [1;36m50[0m  
│
├────────┼────────┼────────┼────────┼────────┼────────┼────────┼────────┼───────
─┤
│ [1;36m0.4470[0m │ [1;36m0.8779[0m │ [1;36m0.3902[0m │ [1;36m0.5247[0m │ [1;36m0.8887[0m │ [1;36m0.9183[0m │ [1;36m0.8608[0m │ [1;36m0.3814[0m │ [1;36m0.8631[0m
│
└────────┴────────┴────────┴────────┴────────┴────────┴────────┴────────┴───────
─┘
[1;36m                     Val — Per-class Metrics                      [0m
┏━━━━━━━━━━━━━━┳━━━━━━━━━━┳━━━━━━━━┳━━━━━━━━┳━━━━━━━━━━━┳━━━━━━━━┓
┃[1;36m [0m[1;36mClass       [0m[1;36m [0m┃[1;36m [0m[1;36mAP 50:95[0m[1;36m [0m┃[1;36m [0m[1;36m    AR[0m[1;36m [0m┃[1;36m [0m[1;36m    F1[0m[1;36m [0m┃[1;36m [0m[1;36mPrecision[0m[1;36m [0m┃[1;36m [0m[1;36mRecall[0m[1;36m [0m┃
┡━━━━━━━━━━━━━━╇━━━━━━━━━━╇━━━━━━━━╇━━━━━━━━╇━━━━━━━━━━━╇━━━━━━━━┩
│[2m [0m[2mGlassBeadSeg[0m[2m [0m│   0.4470 │ 0.5247 │ 0.8887 │    0.9183 │ 0.8608 │
└──────────────┴──────────┴────────┴────────┴───────────┴────────┘
                              Val — Overall Metrics                             
┏━━━━━━━━━━━━━━━━━━━━━━━━━━┳━━━━━━━━┳━━━━━━━━━━━━━━━━━━━━━━━━━━┳━━━━━━━━━━━━━━━━
━┓
┃           mAP            ┃  mAR   ┃         F1 sweep         ┃     segm mAP   
┃
┡━━━━━━━━┯━━━━━━━━┯━━━━━━━━╇━━━━━━━━╇━━━━━━━━┯━━━━━━━━┯━━━━━━━━╇━━━━━━━━┯━━━━━━━
━┩
│ [1;92m50:95[0m  │   [1;36m50[0m   │   [1;36m75[0m   │  @[1;36m500[0m  │   F1   │  Prec  │ Recall │ [1;92m50:95[0m  │   [1;36m50[0m  
│
├────────┼────────┼────────┼────────┼────────┼────────┼────────┼────────┼───────
─┤
│ [1;36m0.4468[0m │ [1;36m0.8797[0m │ [1;36m0.3800[0m │ [1;36m0.5218[0m │ [1;36m0.8909[0m │ [1;36m0.9232[0m │ [1;36m0.8608[0m │ [1;36m0.3855[0m │ [1;36m0.8643[0m
│
└────────┴────────┴────────┴────────┴────────┴────────┴────────┴────────┴───────
─┘
[1;36m                     Val — Per-class Metrics                      [0m
┏━━━━━━━━━━━━━━┳━━━━━━━━━━┳━━━━━━━━┳━━━━━━━━┳━━━━━━━━━━━┳━━━━━━━━┓
┃[1;36m [0m[1;36mClass       [0m[1;36m [0m┃[1;36m [0m[1;36mAP 50:95[0m[1;36m [0m┃[1;36m [0m[1;36m    AR[0m[1;36m [0m┃[1;36m [0m[1;36m    F1[0m[1;36m [0m┃[1;36m [0m[1;36mPrecision[0m[1;36m [0m┃[1;36m [0m[1;36mRecall[0m[1;36m [0m┃
┡━━━━━━━━━━━━━━╇━━━━━━━━━━╇━━━━━━━━╇━━━━━━━━╇━━━━━━━━━━━╇━━━━━━━━┩
│[2m [0m[2mGlassBeadSeg[0m[2m [0m│   0.4468 │ 0.5218 │ 0.8909 │    0.9232 │ 0.8608 │
└──────────────┴──────────┴────────┴────────┴───────────┴────────┘
                              Val — Overall Metrics                             
┏━━━━━━━━━━━━━━━━━━━━━━━━━━┳━━━━━━━━┳━━━━━━━━━━━━━━━━━━━━━━━━━━┳━━━━━━━━━━━━━━━━
━┓
┃           mAP            ┃  mAR   ┃         F1 sweep         ┃     segm mAP   
┃
┡━━━━━━━━┯━━━━━━━━┯━━━━━━━━╇━━━━━━━━╇━━━━━━━━┯━━━━━━━━┯━━━━━━━━╇━━━━━━━━┯━━━━━━━
━┩
│ [1;92m50:95[0m  │   [1;36m50[0m   │   [1;36m75[0m   │  @[1;36m500[0m  │   F1   │  Prec  │ Recall │ [1;92m50:95[0m  │   [1;36m50[0m  
│
├────────┼────────┼────────┼────────┼────────┼────────┼────────┼────────┼───────
─┤
│ [1;36m0.4486[0m │ [1;36m0.8792[0m │ [1;36m0.3931[0m │ [1;36m0.5231[0m │ [1;36m0.8869[0m │ [1;36m0.9181[0m │ [1;36m0.8579[0m │ [1;36m0.3863[0m │ [1;36m0.8634[0m
│
└────────┴────────┴────────┴────────┴────────┴────────┴────────┴────────┴───────
─┘
[1;36m                     Val — Per-class Metrics                      [0m
┏━━━━━━━━━━━━━━┳━━━━━━━━━━┳━━━━━━━━┳━━━━━━━━┳━━━━━━━━━━━┳━━━━━━━━┓
┃[1;36m [0m[1;36mClass       [0m[1;36m [0m┃[1;36m [0m[1;36mAP 50:95[0m[1;36m [0m┃[1;36m [0m[1;36m    AR[0m[1;36m [0m┃[1;36m [0m[1;36m    F1[0m[1;36m [0m┃[1;36m [0m[1;36mPrecision[0m[1;36m [0m┃[1;36m [0m[1;36mRecall[0m[1;36m [0m┃
┡━━━━━━━━━━━━━━╇━━━━━━━━━━╇━━━━━━━━╇━━━━━━━━╇━━━━━━━━━━━╇━━━━━━━━┩
│[2m [0m[2mGlassBeadSeg[0m[2m [0m│   0.4486 │ 0.5231 │ 0.8869 │    0.9181 │ 0.8579 │
└──────────────┴──────────┴────────┴────────┴───────────┴────────┘
[2026-06-19 01:44:43] [INFO] rf-detr - Best regular mAP saved to /input0/transcoder-st/learn_llm/GrassBeadSeg/models/rfdetr_seg_large/trained/checkpoint_best_regular.pth (epoch 178)
                              Val — Overall Metrics                             
┏━━━━━━━━━━━━━━━━━━━━━━━━━━┳━━━━━━━━┳━━━━━━━━━━━━━━━━━━━━━━━━━━┳━━━━━━━━━━━━━━━━
━┓
┃           mAP            ┃  mAR   ┃         F1 sweep         ┃     segm mAP   
┃
┡━━━━━━━━┯━━━━━━━━┯━━━━━━━━╇━━━━━━━━╇━━━━━━━━┯━━━━━━━━┯━━━━━━━━╇━━━━━━━━┯━━━━━━━
━┩
│ [1;92m50:95[0m  │   [1;36m50[0m   │   [1;36m75[0m   │  @[1;36m500[0m  │   F1   │  Prec  │ Recall │ [1;92m50:95[0m  │   [1;36m50[0m  
│
├────────┼────────┼────────┼────────┼────────┼────────┼────────┼────────┼───────
─┤
│ [1;36m0.4494[0m │ [1;36m0.8800[0m │ [1;36m0.3968[0m │ [1;36m0.5248[0m │ [1;36m0.8857[0m │ [1;36m0.9099[0m │ [1;36m0.8628[0m │ [1;36m0.3848[0m │ [1;36m0.8636[0m
│
└────────┴────────┴────────┴────────┴────────┴────────┴────────┴────────┴───────
─┘
[1;36m                     Val — Per-class Metrics                      [0m
┏━━━━━━━━━━━━━━┳━━━━━━━━━━┳━━━━━━━━┳━━━━━━━━┳━━━━━━━━━━━┳━━━━━━━━┓
┃[1;36m [0m[1;36mClass       [0m[1;36m [0m┃[1;36m [0m[1;36mAP 50:95[0m[1;36m [0m┃[1;36m [0m[1;36m    AR[0m[1;36m [0m┃[1;36m [0m[1;36m    F1[0m[1;36m [0m┃[1;36m [0m[1;36mPrecision[0m[1;36m [0m┃[1;36m [0m[1;36mRecall[0m[1;36m [0m┃
┡━━━━━━━━━━━━━━╇━━━━━━━━━━╇━━━━━━━━╇━━━━━━━━╇━━━━━━━━━━━╇━━━━━━━━┩
│[2m [0m[2mGlassBeadSeg[0m[2m [0m│   0.4494 │ 0.5248 │ 0.8857 │    0.9099 │ 0.8628 │
└──────────────┴──────────┴────────┴────────┴───────────┴────────┘
[2026-06-19 01:48:03] [INFO] rf-detr - Best regular mAP saved to /input0/transcoder-st/learn_llm/GrassBeadSeg/models/rfdetr_seg_large/trained/checkpoint_best_regular.pth (epoch 179)
                              Val — Overall Metrics                             
┏━━━━━━━━━━━━━━━━━━━━━━━━━━┳━━━━━━━━┳━━━━━━━━━━━━━━━━━━━━━━━━━━┳━━━━━━━━━━━━━━━━
━┓
┃           mAP            ┃  mAR   ┃         F1 sweep         ┃     segm mAP   
┃
┡━━━━━━━━┯━━━━━━━━┯━━━━━━━━╇━━━━━━━━╇━━━━━━━━┯━━━━━━━━┯━━━━━━━━╇━━━━━━━━┯━━━━━━━
━┩
│ [1;92m50:95[0m  │   [1;36m50[0m   │   [1;36m75[0m   │  @[1;36m500[0m  │   F1   │  Prec  │ Recall │ [1;92m50:95[0m  │   [1;36m50[0m  
│
├────────┼────────┼────────┼────────┼────────┼────────┼────────┼────────┼───────
─┤
│ [1;36m0.4485[0m │ [1;36m0.8793[0m │ [1;36m0.3885[0m │ [1;36m0.5249[0m │ [1;36m0.8881[0m │ [1;36m0.9183[0m │ [1;36m0.8598[0m │ [1;36m0.3889[0m │ [1;36m0.8634[0m
│
└────────┴────────┴────────┴────────┴────────┴────────┴────────┴────────┴───────
─┘
[1;36m                     Val — Per-class Metrics                      [0m
┏━━━━━━━━━━━━━━┳━━━━━━━━━━┳━━━━━━━━┳━━━━━━━━┳━━━━━━━━━━━┳━━━━━━━━┓
┃[1;36m [0m[1;36mClass       [0m[1;36m [0m┃[1;36m [0m[1;36mAP 50:95[0m[1;36m [0m┃[1;36m [0m[1;36m    AR[0m[1;36m [0m┃[1;36m [0m[1;36m    F1[0m[1;36m [0m┃[1;36m [0m[1;36mPrecision[0m[1;36m [0m┃[1;36m [0m[1;36mRecall[0m[1;36m [0m┃
┡━━━━━━━━━━━━━━╇━━━━━━━━━━╇━━━━━━━━╇━━━━━━━━╇━━━━━━━━━━━╇━━━━━━━━┩
│[2m [0m[2mGlassBeadSeg[0m[2m [0m│   0.4485 │ 0.5249 │ 0.8881 │    0.9183 │ 0.8598 │
└──────────────┴──────────┴────────┴────────┴───────────┴────────┘
[2026-06-19 01:51:26] [INFO] rf-detr - Best EMA mAP improved to 0.4478 (epoch 180)
                              Val — Overall Metrics                             
┏━━━━━━━━━━━━━━━━━━━━━━━━━━┳━━━━━━━━┳━━━━━━━━━━━━━━━━━━━━━━━━━━┳━━━━━━━━━━━━━━━━
━┓
┃           mAP            ┃  mAR   ┃         F1 sweep         ┃     segm mAP   
┃
┡━━━━━━━━┯━━━━━━━━┯━━━━━━━━╇━━━━━━━━╇━━━━━━━━┯━━━━━━━━┯━━━━━━━━╇━━━━━━━━┯━━━━━━━
━┩
│ [1;92m50:95[0m  │   [1;36m50[0m   │   [1;36m75[0m   │  @[1;36m500[0m  │   F1   │  Prec  │ Recall │ [1;92m50:95[0m  │   [1;36m50[0m  
│
├────────┼────────┼────────┼────────┼────────┼────────┼────────┼────────┼───────
─┤
│ [1;36m0.4453[0m │ [1;36m0.8795[0m │ [1;36m0.3874[0m │ [1;36m0.5225[0m │ [1;36m0.8908[0m │ [1;36m0.9241[0m │ [1;36m0.8598[0m │ [1;36m0.3928[0m │ [1;36m0.8639[0m
│
└────────┴────────┴────────┴────────┴────────┴────────┴────────┴────────┴───────
─┘
[1;36m                     Val — Per-class Metrics                      [0m
┏━━━━━━━━━━━━━━┳━━━━━━━━━━┳━━━━━━━━┳━━━━━━━━┳━━━━━━━━━━━┳━━━━━━━━┓
┃[1;36m [0m[1;36mClass       [0m[1;36m [0m┃[1;36m [0m[1;36mAP 50:95[0m[1;36m [0m┃[1;36m [0m[1;36m    AR[0m[1;36m [0m┃[1;36m [0m[1;36m    F1[0m[1;36m [0m┃[1;36m [0m[1;36mPrecision[0m[1;36m [0m┃[1;36m [0m[1;36mRecall[0m[1;36m [0m┃
┡━━━━━━━━━━━━━━╇━━━━━━━━━━╇━━━━━━━━╇━━━━━━━━╇━━━━━━━━━━━╇━━━━━━━━┩
│[2m [0m[2mGlassBeadSeg[0m[2m [0m│   0.4453 │ 0.5225 │ 0.8908 │    0.9241 │ 0.8598 │
└──────────────┴──────────┴────────┴────────┴───────────┴────────┘
                              Val — Overall Metrics                             
┏━━━━━━━━━━━━━━━━━━━━━━━━━━┳━━━━━━━━┳━━━━━━━━━━━━━━━━━━━━━━━━━━┳━━━━━━━━━━━━━━━━
━┓
┃           mAP            ┃  mAR   ┃         F1 sweep         ┃     segm mAP   
┃
┡━━━━━━━━┯━━━━━━━━┯━━━━━━━━╇━━━━━━━━╇━━━━━━━━┯━━━━━━━━┯━━━━━━━━╇━━━━━━━━┯━━━━━━━
━┩
│ [1;92m50:95[0m  │   [1;36m50[0m   │   [1;36m75[0m   │  @[1;36m500[0m  │   F1   │  Prec  │ Recall │ [1;92m50:95[0m  │   [1;36m50[0m  
│
├────────┼────────┼────────┼────────┼────────┼────────┼────────┼────────┼───────
─┤
│ [1;36m0.4502[0m │ [1;36m0.8788[0m │ [1;36m0.3851[0m │ [1;36m0.5286[0m │ [1;36m0.8885[0m │ [1;36m0.9238[0m │ [1;36m0.8559[0m │ [1;36m0.3974[0m │ [1;36m0.8630[0m
│
└────────┴────────┴────────┴────────┴────────┴────────┴────────┴────────┴───────
─┘
[1;36m                     Val — Per-class Metrics                      [0m
┏━━━━━━━━━━━━━━┳━━━━━━━━━━┳━━━━━━━━┳━━━━━━━━┳━━━━━━━━━━━┳━━━━━━━━┓
┃[1;36m [0m[1;36mClass       [0m[1;36m [0m┃[1;36m [0m[1;36mAP 50:95[0m[1;36m [0m┃[1;36m [0m[1;36m    AR[0m[1;36m [0m┃[1;36m [0m[1;36m    F1[0m[1;36m [0m┃[1;36m [0m[1;36mPrecision[0m[1;36m [0m┃[1;36m [0m[1;36mRecall[0m[1;36m [0m┃
┡━━━━━━━━━━━━━━╇━━━━━━━━━━╇━━━━━━━━╇━━━━━━━━╇━━━━━━━━━━━╇━━━━━━━━┩
│[2m [0m[2mGlassBeadSeg[0m[2m [0m│   0.4502 │ 0.5286 │ 0.8885 │    0.9238 │ 0.8559 │
└──────────────┴──────────┴────────┴────────┴───────────┴────────┘
Metric __rfdetr_effective_map__ improved by 0.002 >= min_delta = 0.001. New best score: 0.450
[2026-06-19 01:57:59] [INFO] rf-detr - Best regular mAP saved to /input0/transcoder-st/learn_llm/GrassBeadSeg/models/rfdetr_seg_large/trained/checkpoint_best_regular.pth (epoch 182)
[2026-06-19 01:58:00] [INFO] rf-detr - Best EMA mAP improved to 0.4483 (epoch 182)
                              Val — Overall Metrics                             
┏━━━━━━━━━━━━━━━━━━━━━━━━━━┳━━━━━━━━┳━━━━━━━━━━━━━━━━━━━━━━━━━━┳━━━━━━━━━━━━━━━━
━┓
┃           mAP            ┃  mAR   ┃         F1 sweep         ┃     segm mAP   
┃
┡━━━━━━━━┯━━━━━━━━┯━━━━━━━━╇━━━━━━━━╇━━━━━━━━┯━━━━━━━━┯━━━━━━━━╇━━━━━━━━┯━━━━━━━
━┩
│ [1;92m50:95[0m  │   [1;36m50[0m   │   [1;36m75[0m   │  @[1;36m500[0m  │   F1   │  Prec  │ Recall │ [1;92m50:95[0m  │   [1;36m50[0m  
│
├────────┼────────┼────────┼────────┼────────┼────────┼────────┼────────┼───────
─┤
│ [1;36m0.4448[0m │ [1;36m0.8785[0m │ [1;36m0.3841[0m │ [1;36m0.5220[0m │ [1;36m0.8881[0m │ [1;36m0.9228[0m │ [1;36m0.8559[0m │ [1;36m0.3946[0m │ [1;36m0.8638[0m
│
└────────┴────────┴────────┴────────┴────────┴────────┴────────┴────────┴───────
─┘
[1;36m                     Val — Per-class Metrics                      [0m
┏━━━━━━━━━━━━━━┳━━━━━━━━━━┳━━━━━━━━┳━━━━━━━━┳━━━━━━━━━━━┳━━━━━━━━┓
┃[1;36m [0m[1;36mClass       [0m[1;36m [0m┃[1;36m [0m[1;36mAP 50:95[0m[1;36m [0m┃[1;36m [0m[1;36m    AR[0m[1;36m [0m┃[1;36m [0m[1;36m    F1[0m[1;36m [0m┃[1;36m [0m[1;36mPrecision[0m[1;36m [0m┃[1;36m [0m[1;36mRecall[0m[1;36m [0m┃
┡━━━━━━━━━━━━━━╇━━━━━━━━━━╇━━━━━━━━╇━━━━━━━━╇━━━━━━━━━━━╇━━━━━━━━┩
│[2m [0m[2mGlassBeadSeg[0m[2m [0m│   0.4448 │ 0.5220 │ 0.8881 │    0.9228 │ 0.8559 │
└──────────────┴──────────┴────────┴────────┴───────────┴────────┘
                              Val — Overall Metrics                             
┏━━━━━━━━━━━━━━━━━━━━━━━━━━┳━━━━━━━━┳━━━━━━━━━━━━━━━━━━━━━━━━━━┳━━━━━━━━━━━━━━━━
━┓
┃           mAP            ┃  mAR   ┃         F1 sweep         ┃     segm mAP   
┃
┡━━━━━━━━┯━━━━━━━━┯━━━━━━━━╇━━━━━━━━╇━━━━━━━━┯━━━━━━━━┯━━━━━━━━╇━━━━━━━━┯━━━━━━━
━┩
│ [1;92m50:95[0m  │   [1;36m50[0m   │   [1;36m75[0m   │  @[1;36m500[0m  │   F1   │  Prec  │ Recall │ [1;92m50:95[0m  │   [1;36m50[0m  
│
├────────┼────────┼────────┼────────┼────────┼────────┼────────┼────────┼───────
─┤
│ [1;36m0.4460[0m │ [1;36m0.8783[0m │ [1;36m0.3860[0m │ [1;36m0.5231[0m │ [1;36m0.8909[0m │ [1;36m0.9142[0m │ [1;36m0.8688[0m │ [1;36m0.3932[0m │ [1;36m0.8642[0m
│
└────────┴────────┴────────┴────────┴────────┴────────┴────────┴────────┴───────
─┘
[1;36m                     Val — Per-class Metrics                      [0m
┏━━━━━━━━━━━━━━┳━━━━━━━━━━┳━━━━━━━━┳━━━━━━━━┳━━━━━━━━━━━┳━━━━━━━━┓
┃[1;36m [0m[1;36mClass       [0m[1;36m [0m┃[1;36m [0m[1;36mAP 50:95[0m[1;36m [0m┃[1;36m [0m[1;36m    AR[0m[1;36m [0m┃[1;36m [0m[1;36m    F1[0m[1;36m [0m┃[1;36m [0m[1;36mPrecision[0m[1;36m [0m┃[1;36m [0m[1;36mRecall[0m[1;36m [0m┃
┡━━━━━━━━━━━━━━╇━━━━━━━━━━╇━━━━━━━━╇━━━━━━━━╇━━━━━━━━━━━╇━━━━━━━━┩
│[2m [0m[2mGlassBeadSeg[0m[2m [0m│   0.4460 │ 0.5231 │ 0.8909 │    0.9142 │ 0.8688 │
└──────────────┴──────────┴────────┴────────┴───────────┴────────┘
                              Val — Overall Metrics                             
┏━━━━━━━━━━━━━━━━━━━━━━━━━━┳━━━━━━━━┳━━━━━━━━━━━━━━━━━━━━━━━━━━┳━━━━━━━━━━━━━━━━
━┓
┃           mAP            ┃  mAR   ┃         F1 sweep         ┃     segm mAP   
┃
┡━━━━━━━━┯━━━━━━━━┯━━━━━━━━╇━━━━━━━━╇━━━━━━━━┯━━━━━━━━┯━━━━━━━━╇━━━━━━━━┯━━━━━━━
━┩
│ [1;92m50:95[0m  │   [1;36m50[0m   │   [1;36m75[0m   │  @[1;36m500[0m  │   F1   │  Prec  │ Recall │ [1;92m50:95[0m  │   [1;36m50[0m  
│
├────────┼────────┼────────┼────────┼────────┼────────┼────────┼────────┼───────
─┤
│ [1;36m0.4471[0m │ [1;36m0.8801[0m │ [1;36m0.3846[0m │ [1;36m0.5232[0m │ [1;36m0.8880[0m │ [1;36m0.9102[0m │ [1;36m0.8668[0m │ [1;36m0.3890[0m │ [1;36m0.8642[0m
│
└────────┴────────┴────────┴────────┴────────┴────────┴────────┴────────┴───────
─┘
[1;36m                     Val — Per-class Metrics                      [0m
┏━━━━━━━━━━━━━━┳━━━━━━━━━━┳━━━━━━━━┳━━━━━━━━┳━━━━━━━━━━━┳━━━━━━━━┓
┃[1;36m [0m[1;36mClass       [0m[1;36m [0m┃[1;36m [0m[1;36mAP 50:95[0m[1;36m [0m┃[1;36m [0m[1;36m    AR[0m[1;36m [0m┃[1;36m [0m[1;36m    F1[0m[1;36m [0m┃[1;36m [0m[1;36mPrecision[0m[1;36m [0m┃[1;36m [0m[1;36mRecall[0m[1;36m [0m┃
┡━━━━━━━━━━━━━━╇━━━━━━━━━━╇━━━━━━━━╇━━━━━━━━╇━━━━━━━━━━━╇━━━━━━━━┩
│[2m [0m[2mGlassBeadSeg[0m[2m [0m│   0.4471 │ 0.5232 │ 0.8880 │    0.9102 │ 0.8668 │
└──────────────┴──────────┴────────┴────────┴───────────┴────────┘
                              Val — Overall Metrics                             
┏━━━━━━━━━━━━━━━━━━━━━━━━━━┳━━━━━━━━┳━━━━━━━━━━━━━━━━━━━━━━━━━━┳━━━━━━━━━━━━━━━━
━┓
┃           mAP            ┃  mAR   ┃         F1 sweep         ┃     segm mAP   
┃
┡━━━━━━━━┯━━━━━━━━┯━━━━━━━━╇━━━━━━━━╇━━━━━━━━┯━━━━━━━━┯━━━━━━━━╇━━━━━━━━┯━━━━━━━
━┩
│ [1;92m50:95[0m  │   [1;36m50[0m   │   [1;36m75[0m   │  @[1;36m500[0m  │   F1   │  Prec  │ Recall │ [1;92m50:95[0m  │   [1;36m50[0m  
│
├────────┼────────┼────────┼────────┼────────┼────────┼────────┼────────┼───────
─┤
│ [1;36m0.4475[0m │ [1;36m0.8876[0m │ [1;36m0.3874[0m │ [1;36m0.5237[0m │ [1;36m0.8863[0m │ [1;36m0.9056[0m │ [1;36m0.8678[0m │ [1;36m0.3821[0m │ [1;36m0.8628[0m
│
└────────┴────────┴────────┴────────┴────────┴────────┴────────┴────────┴───────
─┘
[1;36m                     Val — Per-class Metrics                      [0m
┏━━━━━━━━━━━━━━┳━━━━━━━━━━┳━━━━━━━━┳━━━━━━━━┳━━━━━━━━━━━┳━━━━━━━━┓
┃[1;36m [0m[1;36mClass       [0m[1;36m [0m┃[1;36m [0m[1;36mAP 50:95[0m[1;36m [0m┃[1;36m [0m[1;36m    AR[0m[1;36m [0m┃[1;36m [0m[1;36m    F1[0m[1;36m [0m┃[1;36m [0m[1;36mPrecision[0m[1;36m [0m┃[1;36m [0m[1;36mRecall[0m[1;36m [0m┃
┡━━━━━━━━━━━━━━╇━━━━━━━━━━╇━━━━━━━━╇━━━━━━━━╇━━━━━━━━━━━╇━━━━━━━━┩
│[2m [0m[2mGlassBeadSeg[0m[2m [0m│   0.4475 │ 0.5237 │ 0.8863 │    0.9056 │ 0.8678 │
└──────────────┴──────────┴────────┴────────┴───────────┴────────┘
                              Val — Overall Metrics                             
┏━━━━━━━━━━━━━━━━━━━━━━━━━━┳━━━━━━━━┳━━━━━━━━━━━━━━━━━━━━━━━━━━┳━━━━━━━━━━━━━━━━
━┓
┃           mAP            ┃  mAR   ┃         F1 sweep         ┃     segm mAP   
┃
┡━━━━━━━━┯━━━━━━━━┯━━━━━━━━╇━━━━━━━━╇━━━━━━━━┯━━━━━━━━┯━━━━━━━━╇━━━━━━━━┯━━━━━━━
━┩
│ [1;92m50:95[0m  │   [1;36m50[0m   │   [1;36m75[0m   │  @[1;36m500[0m  │   F1   │  Prec  │ Recall │ [1;92m50:95[0m  │   [1;36m50[0m  
│
├────────┼────────┼────────┼────────┼────────┼────────┼────────┼────────┼───────
─┤
│ [1;36m0.4480[0m │ [1;36m0.8776[0m │ [1;36m0.3862[0m │ [1;36m0.5229[0m │ [1;36m0.8840[0m │ [1;36m0.9052[0m │ [1;36m0.8638[0m │ [1;36m0.3822[0m │ [1;36m0.8538[0m
│
└────────┴────────┴────────┴────────┴────────┴────────┴────────┴────────┴───────
─┘
[1;36m                     Val — Per-class Metrics                      [0m
┏━━━━━━━━━━━━━━┳━━━━━━━━━━┳━━━━━━━━┳━━━━━━━━┳━━━━━━━━━━━┳━━━━━━━━┓
┃[1;36m [0m[1;36mClass       [0m[1;36m [0m┃[1;36m [0m[1;36mAP 50:95[0m[1;36m [0m┃[1;36m [0m[1;36m    AR[0m[1;36m [0m┃[1;36m [0m[1;36m    F1[0m[1;36m [0m┃[1;36m [0m[1;36mPrecision[0m[1;36m [0m┃[1;36m [0m[1;36mRecall[0m[1;36m [0m┃
┡━━━━━━━━━━━━━━╇━━━━━━━━━━╇━━━━━━━━╇━━━━━━━━╇━━━━━━━━━━━╇━━━━━━━━┩
│[2m [0m[2mGlassBeadSeg[0m[2m [0m│   0.4480 │ 0.5229 │ 0.8840 │    0.9052 │ 0.8638 │
└──────────────┴──────────┴────────┴────────┴───────────┴────────┘
[2026-06-19 02:14:19] [INFO] rf-detr - Best EMA mAP improved to 0.4499 (epoch 187)
                              Val — Overall Metrics                             
┏━━━━━━━━━━━━━━━━━━━━━━━━━━┳━━━━━━━━┳━━━━━━━━━━━━━━━━━━━━━━━━━━┳━━━━━━━━━━━━━━━━
━┓
┃           mAP            ┃  mAR   ┃         F1 sweep         ┃     segm mAP   
┃
┡━━━━━━━━┯━━━━━━━━┯━━━━━━━━╇━━━━━━━━╇━━━━━━━━┯━━━━━━━━┯━━━━━━━━╇━━━━━━━━┯━━━━━━━
━┩
│ [1;92m50:95[0m  │   [1;36m50[0m   │   [1;36m75[0m   │  @[1;36m500[0m  │   F1   │  Prec  │ Recall │ [1;92m50:95[0m  │   [1;36m50[0m  
│
├────────┼────────┼────────┼────────┼────────┼────────┼────────┼────────┼───────
─┤
│ [1;36m0.4486[0m │ [1;36m0.8784[0m │ [1;36m0.3909[0m │ [1;36m0.5231[0m │ [1;36m0.8880[0m │ [1;36m0.9146[0m │ [1;36m0.8628[0m │ [1;36m0.3853[0m │ [1;36m0.8635[0m
│
└────────┴────────┴────────┴────────┴────────┴────────┴────────┴────────┴───────
─┘
[1;36m                     Val — Per-class Metrics                      [0m
┏━━━━━━━━━━━━━━┳━━━━━━━━━━┳━━━━━━━━┳━━━━━━━━┳━━━━━━━━━━━┳━━━━━━━━┓
┃[1;36m [0m[1;36mClass       [0m[1;36m [0m┃[1;36m [0m[1;36mAP 50:95[0m[1;36m [0m┃[1;36m [0m[1;36m    AR[0m[1;36m [0m┃[1;36m [0m[1;36m    F1[0m[1;36m [0m┃[1;36m [0m[1;36mPrecision[0m[1;36m [0m┃[1;36m [0m[1;36mRecall[0m[1;36m [0m┃
┡━━━━━━━━━━━━━━╇━━━━━━━━━━╇━━━━━━━━╇━━━━━━━━╇━━━━━━━━━━━╇━━━━━━━━┩
│[2m [0m[2mGlassBeadSeg[0m[2m [0m│   0.4486 │ 0.5231 │ 0.8880 │    0.9146 │ 0.8628 │
└──────────────┴──────────┴────────┴────────┴───────────┴────────┘
                              Val — Overall Metrics                             
┏━━━━━━━━━━━━━━━━━━━━━━━━━━┳━━━━━━━━┳━━━━━━━━━━━━━━━━━━━━━━━━━━┳━━━━━━━━━━━━━━━━
━┓
┃           mAP            ┃  mAR   ┃         F1 sweep         ┃     segm mAP   
┃
┡━━━━━━━━┯━━━━━━━━┯━━━━━━━━╇━━━━━━━━╇━━━━━━━━┯━━━━━━━━┯━━━━━━━━╇━━━━━━━━┯━━━━━━━
━┩
│ [1;92m50:95[0m  │   [1;36m50[0m   │   [1;36m75[0m   │  @[1;36m500[0m  │   F1   │  Prec  │ Recall │ [1;92m50:95[0m  │   [1;36m50[0m  
│
├────────┼────────┼────────┼────────┼────────┼────────┼────────┼────────┼───────
─┤
│ [1;36m0.4478[0m │ [1;36m0.8795[0m │ [1;36m0.3900[0m │ [1;36m0.5242[0m │ [1;36m0.8874[0m │ [1;36m0.9237[0m │ [1;36m0.8539[0m │ [1;36m0.3898[0m │ [1;36m0.8636[0m
│
└────────┴────────┴────────┴────────┴────────┴────────┴────────┴────────┴───────
─┘
[1;36m                     Val — Per-class Metrics                      [0m
┏━━━━━━━━━━━━━━┳━━━━━━━━━━┳━━━━━━━━┳━━━━━━━━┳━━━━━━━━━━━┳━━━━━━━━┓
┃[1;36m [0m[1;36mClass       [0m[1;36m [0m┃[1;36m [0m[1;36mAP 50:95[0m[1;36m [0m┃[1;36m [0m[1;36m    AR[0m[1;36m [0m┃[1;36m [0m[1;36m    F1[0m[1;36m [0m┃[1;36m [0m[1;36mPrecision[0m[1;36m [0m┃[1;36m [0m[1;36mRecall[0m[1;36m [0m┃
┡━━━━━━━━━━━━━━╇━━━━━━━━━━╇━━━━━━━━╇━━━━━━━━╇━━━━━━━━━━━╇━━━━━━━━┩
│[2m [0m[2mGlassBeadSeg[0m[2m [0m│   0.4478 │ 0.5242 │ 0.8874 │    0.9237 │ 0.8539 │
└──────────────┴──────────┴────────┴────────┴───────────┴────────┘
                              Val — Overall Metrics                             
┏━━━━━━━━━━━━━━━━━━━━━━━━━━┳━━━━━━━━┳━━━━━━━━━━━━━━━━━━━━━━━━━━┳━━━━━━━━━━━━━━━━
━┓
┃           mAP            ┃  mAR   ┃         F1 sweep         ┃     segm mAP   
┃
┡━━━━━━━━┯━━━━━━━━┯━━━━━━━━╇━━━━━━━━╇━━━━━━━━┯━━━━━━━━┯━━━━━━━━╇━━━━━━━━┯━━━━━━━
━┩
│ [1;92m50:95[0m  │   [1;36m50[0m   │   [1;36m75[0m   │  @[1;36m500[0m  │   F1   │  Prec  │ Recall │ [1;92m50:95[0m  │   [1;36m50[0m  
│
├────────┼────────┼────────┼────────┼────────┼────────┼────────┼────────┼───────
─┤
│ [1;36m0.4421[0m │ [1;36m0.8783[0m │ [1;36m0.3750[0m │ [1;36m0.5190[0m │ [1;36m0.8880[0m │ [1;36m0.9191[0m │ [1;36m0.8588[0m │ [1;36m0.3876[0m │ [1;36m0.8639[0m
│
└────────┴────────┴────────┴────────┴────────┴────────┴────────┴────────┴───────
─┘
[1;36m                     Val — Per-class Metrics                      [0m
┏━━━━━━━━━━━━━━┳━━━━━━━━━━┳━━━━━━━━┳━━━━━━━━┳━━━━━━━━━━━┳━━━━━━━━┓
┃[1;36m [0m[1;36mClass       [0m[1;36m [0m┃[1;36m [0m[1;36mAP 50:95[0m[1;36m [0m┃[1;36m [0m[1;36m    AR[0m[1;36m [0m┃[1;36m [0m[1;36m    F1[0m[1;36m [0m┃[1;36m [0m[1;36mPrecision[0m[1;36m [0m┃[1;36m [0m[1;36mRecall[0m[1;36m [0m┃
┡━━━━━━━━━━━━━━╇━━━━━━━━━━╇━━━━━━━━╇━━━━━━━━╇━━━━━━━━━━━╇━━━━━━━━┩
│[2m [0m[2mGlassBeadSeg[0m[2m [0m│   0.4421 │ 0.5190 │ 0.8880 │    0.9191 │ 0.8588 │
└──────────────┴──────────┴────────┴────────┴───────────┴────────┘
                              Val — Overall Metrics                             
┏━━━━━━━━━━━━━━━━━━━━━━━━━━┳━━━━━━━━┳━━━━━━━━━━━━━━━━━━━━━━━━━━┳━━━━━━━━━━━━━━━━
━┓
┃           mAP            ┃  mAR   ┃         F1 sweep         ┃     segm mAP   
┃
┡━━━━━━━━┯━━━━━━━━┯━━━━━━━━╇━━━━━━━━╇━━━━━━━━┯━━━━━━━━┯━━━━━━━━╇━━━━━━━━┯━━━━━━━
━┩
│ [1;92m50:95[0m  │   [1;36m50[0m   │   [1;36m75[0m   │  @[1;36m500[0m  │   F1   │  Prec  │ Recall │ [1;92m50:95[0m  │   [1;36m50[0m  
│
├────────┼────────┼────────┼────────┼────────┼────────┼────────┼────────┼───────
─┤
│ [1;36m0.4483[0m │ [1;36m0.8785[0m │ [1;36m0.3892[0m │ [1;36m0.5242[0m │ [1;36m0.8880[0m │ [1;36m0.9191[0m │ [1;36m0.8588[0m │ [1;36m0.3859[0m │ [1;36m0.8637[0m
│
└────────┴────────┴────────┴────────┴────────┴────────┴────────┴────────┴───────
─┘
[1;36m                     Val — Per-class Metrics                      [0m
┏━━━━━━━━━━━━━━┳━━━━━━━━━━┳━━━━━━━━┳━━━━━━━━┳━━━━━━━━━━━┳━━━━━━━━┓
┃[1;36m [0m[1;36mClass       [0m[1;36m [0m┃[1;36m [0m[1;36mAP 50:95[0m[1;36m [0m┃[1;36m [0m[1;36m    AR[0m[1;36m [0m┃[1;36m [0m[1;36m    F1[0m[1;36m [0m┃[1;36m [0m[1;36mPrecision[0m[1;36m [0m┃[1;36m [0m[1;36mRecall[0m[1;36m [0m┃
┡━━━━━━━━━━━━━━╇━━━━━━━━━━╇━━━━━━━━╇━━━━━━━━╇━━━━━━━━━━━╇━━━━━━━━┩
│[2m [0m[2mGlassBeadSeg[0m[2m [0m│   0.4483 │ 0.5242 │ 0.8880 │    0.9191 │ 0.8588 │
└──────────────┴──────────┴────────┴────────┴───────────┴────────┘
                              Val — Overall Metrics                             
┏━━━━━━━━━━━━━━━━━━━━━━━━━━┳━━━━━━━━┳━━━━━━━━━━━━━━━━━━━━━━━━━━┳━━━━━━━━━━━━━━━━
━┓
┃           mAP            ┃  mAR   ┃         F1 sweep         ┃     segm mAP   
┃
┡━━━━━━━━┯━━━━━━━━┯━━━━━━━━╇━━━━━━━━╇━━━━━━━━┯━━━━━━━━┯━━━━━━━━╇━━━━━━━━┯━━━━━━━
━┩
│ [1;92m50:95[0m  │   [1;36m50[0m   │   [1;36m75[0m   │  @[1;36m500[0m  │   F1   │  Prec  │ Recall │ [1;92m50:95[0m  │   [1;36m50[0m  
│
├────────┼────────┼────────┼────────┼────────┼────────┼────────┼────────┼───────
─┤
│ [1;36m0.4466[0m │ [1;36m0.8782[0m │ [1;36m0.3929[0m │ [1;36m0.5222[0m │ [1;36m0.8858[0m │ [1;36m0.9179[0m │ [1;36m0.8559[0m │ [1;36m0.3891[0m │ [1;36m0.8541[0m
│
└────────┴────────┴────────┴────────┴────────┴────────┴────────┴────────┴───────
─┘
[1;36m                     Val — Per-class Metrics                      [0m
┏━━━━━━━━━━━━━━┳━━━━━━━━━━┳━━━━━━━━┳━━━━━━━━┳━━━━━━━━━━━┳━━━━━━━━┓
┃[1;36m [0m[1;36mClass       [0m[1;36m [0m┃[1;36m [0m[1;36mAP 50:95[0m[1;36m [0m┃[1;36m [0m[1;36m    AR[0m[1;36m [0m┃[1;36m [0m[1;36m    F1[0m[1;36m [0m┃[1;36m [0m[1;36mPrecision[0m[1;36m [0m┃[1;36m [0m[1;36mRecall[0m[1;36m [0m┃
┡━━━━━━━━━━━━━━╇━━━━━━━━━━╇━━━━━━━━╇━━━━━━━━╇━━━━━━━━━━━╇━━━━━━━━┩
│[2m [0m[2mGlassBeadSeg[0m[2m [0m│   0.4466 │ 0.5222 │ 0.8858 │    0.9179 │ 0.8559 │
└──────────────┴──────────┴────────┴────────┴───────────┴────────┘
                              Val — Overall Metrics                             
┏━━━━━━━━━━━━━━━━━━━━━━━━━━┳━━━━━━━━┳━━━━━━━━━━━━━━━━━━━━━━━━━━┳━━━━━━━━━━━━━━━━
━┓
┃           mAP            ┃  mAR   ┃         F1 sweep         ┃     segm mAP   
┃
┡━━━━━━━━┯━━━━━━━━┯━━━━━━━━╇━━━━━━━━╇━━━━━━━━┯━━━━━━━━┯━━━━━━━━╇━━━━━━━━┯━━━━━━━
━┩
│ [1;92m50:95[0m  │   [1;36m50[0m   │   [1;36m75[0m   │  @[1;36m500[0m  │   F1   │  Prec  │ Recall │ [1;92m50:95[0m  │   [1;36m50[0m  
│
├────────┼────────┼────────┼────────┼────────┼────────┼────────┼────────┼───────
─┤
│ [1;36m0.4482[0m │ [1;36m0.8789[0m │ [1;36m0.3932[0m │ [1;36m0.5255[0m │ [1;36m0.8871[0m │ [1;36m0.9127[0m │ [1;36m0.8628[0m │ [1;36m0.3897[0m │ [1;36m0.8633[0m
│
└────────┴────────┴────────┴────────┴────────┴────────┴────────┴────────┴───────
─┘
[1;36m                     Val — Per-class Metrics                      [0m
┏━━━━━━━━━━━━━━┳━━━━━━━━━━┳━━━━━━━━┳━━━━━━━━┳━━━━━━━━━━━┳━━━━━━━━┓
┃[1;36m [0m[1;36mClass       [0m[1;36m [0m┃[1;36m [0m[1;36mAP 50:95[0m[1;36m [0m┃[1;36m [0m[1;36m    AR[0m[1;36m [0m┃[1;36m [0m[1;36m    F1[0m[1;36m [0m┃[1;36m [0m[1;36mPrecision[0m[1;36m [0m┃[1;36m [0m[1;36mRecall[0m[1;36m [0m┃
┡━━━━━━━━━━━━━━╇━━━━━━━━━━╇━━━━━━━━╇━━━━━━━━╇━━━━━━━━━━━╇━━━━━━━━┩
│[2m [0m[2mGlassBeadSeg[0m[2m [0m│   0.4482 │ 0.5255 │ 0.8871 │    0.9127 │ 0.8628 │
└──────────────┴──────────┴────────┴────────┴───────────┴────────┘
                              Val — Overall Metrics                             
┏━━━━━━━━━━━━━━━━━━━━━━━━━━┳━━━━━━━━┳━━━━━━━━━━━━━━━━━━━━━━━━━━┳━━━━━━━━━━━━━━━━
━┓
┃           mAP            ┃  mAR   ┃         F1 sweep         ┃     segm mAP   
┃
┡━━━━━━━━┯━━━━━━━━┯━━━━━━━━╇━━━━━━━━╇━━━━━━━━┯━━━━━━━━┯━━━━━━━━╇━━━━━━━━┯━━━━━━━
━┩
│ [1;92m50:95[0m  │   [1;36m50[0m   │   [1;36m75[0m   │  @[1;36m500[0m  │   F1   │  Prec  │ Recall │ [1;92m50:95[0m  │   [1;36m50[0m  
│
├────────┼────────┼────────┼────────┼────────┼────────┼────────┼────────┼───────
─┤
│ [1;36m0.4460[0m │ [1;36m0.8798[0m │ [1;36m0.3842[0m │ [1;36m0.5237[0m │ [1;36m0.8873[0m │ [1;36m0.9110[0m │ [1;36m0.8648[0m │ [1;36m0.3926[0m │ [1;36m0.8636[0m
│
└────────┴────────┴────────┴────────┴────────┴────────┴────────┴────────┴───────
─┘
[1;36m                     Val — Per-class Metrics                      [0m
┏━━━━━━━━━━━━━━┳━━━━━━━━━━┳━━━━━━━━┳━━━━━━━━┳━━━━━━━━━━━┳━━━━━━━━┓
┃[1;36m [0m[1;36mClass       [0m[1;36m [0m┃[1;36m [0m[1;36mAP 50:95[0m[1;36m [0m┃[1;36m [0m[1;36m    AR[0m[1;36m [0m┃[1;36m [0m[1;36m    F1[0m[1;36m [0m┃[1;36m [0m[1;36mPrecision[0m[1;36m [0m┃[1;36m [0m[1;36mRecall[0m[1;36m [0m┃
┡━━━━━━━━━━━━━━╇━━━━━━━━━━╇━━━━━━━━╇━━━━━━━━╇━━━━━━━━━━━╇━━━━━━━━┩
│[2m [0m[2mGlassBeadSeg[0m[2m [0m│   0.4460 │ 0.5237 │ 0.8873 │    0.9110 │ 0.8648 │
└──────────────┴──────────┴────────┴────────┴───────────┴────────┘
                              Val — Overall Metrics                             
┏━━━━━━━━━━━━━━━━━━━━━━━━━━┳━━━━━━━━┳━━━━━━━━━━━━━━━━━━━━━━━━━━┳━━━━━━━━━━━━━━━━
━┓
┃           mAP            ┃  mAR   ┃         F1 sweep         ┃     segm mAP   
┃
┡━━━━━━━━┯━━━━━━━━┯━━━━━━━━╇━━━━━━━━╇━━━━━━━━┯━━━━━━━━┯━━━━━━━━╇━━━━━━━━┯━━━━━━━
━┩
│ [1;92m50:95[0m  │   [1;36m50[0m   │   [1;36m75[0m   │  @[1;36m500[0m  │   F1   │  Prec  │ Recall │ [1;92m50:95[0m  │   [1;36m50[0m  
│
├────────┼────────┼────────┼────────┼────────┼────────┼────────┼────────┼───────
─┤
│ [1;36m0.4483[0m │ [1;36m0.8794[0m │ [1;36m0.3972[0m │ [1;36m0.5235[0m │ [1;36m0.8913[0m │ [1;36m0.9116[0m │ [1;36m0.8718[0m │ [1;36m0.3944[0m │ [1;36m0.8641[0m
│
└────────┴────────┴────────┴────────┴────────┴────────┴────────┴────────┴───────
─┘
[1;36m                     Val — Per-class Metrics                      [0m
┏━━━━━━━━━━━━━━┳━━━━━━━━━━┳━━━━━━━━┳━━━━━━━━┳━━━━━━━━━━━┳━━━━━━━━┓
┃[1;36m [0m[1;36mClass       [0m[1;36m [0m┃[1;36m [0m[1;36mAP 50:95[0m[1;36m [0m┃[1;36m [0m[1;36m    AR[0m[1;36m [0m┃[1;36m [0m[1;36m    F1[0m[1;36m [0m┃[1;36m [0m[1;36mPrecision[0m[1;36m [0m┃[1;36m [0m[1;36mRecall[0m[1;36m [0m┃
┡━━━━━━━━━━━━━━╇━━━━━━━━━━╇━━━━━━━━╇━━━━━━━━╇━━━━━━━━━━━╇━━━━━━━━┩
│[2m [0m[2mGlassBeadSeg[0m[2m [0m│   0.4483 │ 0.5235 │ 0.8913 │    0.9116 │ 0.8718 │
└──────────────┴──────────┴────────┴────────┴───────────┴────────┘
                              Val — Overall Metrics                             
┏━━━━━━━━━━━━━━━━━━━━━━━━━━┳━━━━━━━━┳━━━━━━━━━━━━━━━━━━━━━━━━━━┳━━━━━━━━━━━━━━━━
━┓
┃           mAP            ┃  mAR   ┃         F1 sweep         ┃     segm mAP   
┃
┡━━━━━━━━┯━━━━━━━━┯━━━━━━━━╇━━━━━━━━╇━━━━━━━━┯━━━━━━━━┯━━━━━━━━╇━━━━━━━━┯━━━━━━━
━┩
│ [1;92m50:95[0m  │   [1;36m50[0m   │   [1;36m75[0m   │  @[1;36m500[0m  │   F1   │  Prec  │ Recall │ [1;92m50:95[0m  │   [1;36m50[0m  
│
├────────┼────────┼────────┼────────┼────────┼────────┼────────┼────────┼───────
─┤
│ [1;36m0.4463[0m │ [1;36m0.8782[0m │ [1;36m0.3934[0m │ [1;36m0.5234[0m │ [1;36m0.8885[0m │ [1;36m0.9192[0m │ [1;36m0.8598[0m │ [1;36m0.3990[0m │ [1;36m0.8635[0m
│
└────────┴────────┴────────┴────────┴────────┴────────┴────────┴────────┴───────
─┘
[1;36m                     Val — Per-class Metrics                      [0m
┏━━━━━━━━━━━━━━┳━━━━━━━━━━┳━━━━━━━━┳━━━━━━━━┳━━━━━━━━━━━┳━━━━━━━━┓
┃[1;36m [0m[1;36mClass       [0m[1;36m [0m┃[1;36m [0m[1;36mAP 50:95[0m[1;36m [0m┃[1;36m [0m[1;36m    AR[0m[1;36m [0m┃[1;36m [0m[1;36m    F1[0m[1;36m [0m┃[1;36m [0m[1;36mPrecision[0m[1;36m [0m┃[1;36m [0m[1;36mRecall[0m[1;36m [0m┃
┡━━━━━━━━━━━━━━╇━━━━━━━━━━╇━━━━━━━━╇━━━━━━━━╇━━━━━━━━━━━╇━━━━━━━━┩
│[2m [0m[2mGlassBeadSeg[0m[2m [0m│   0.4463 │ 0.5234 │ 0.8885 │    0.9192 │ 0.8598 │
└──────────────┴──────────┴────────┴────────┴───────────┴────────┘
                              Val — Overall Metrics                             
┏━━━━━━━━━━━━━━━━━━━━━━━━━━┳━━━━━━━━┳━━━━━━━━━━━━━━━━━━━━━━━━━━┳━━━━━━━━━━━━━━━━
━┓
┃           mAP            ┃  mAR   ┃         F1 sweep         ┃     segm mAP   
┃
┡━━━━━━━━┯━━━━━━━━┯━━━━━━━━╇━━━━━━━━╇━━━━━━━━┯━━━━━━━━┯━━━━━━━━╇━━━━━━━━┯━━━━━━━
━┩
│ [1;92m50:95[0m  │   [1;36m50[0m   │   [1;36m75[0m   │  @[1;36m500[0m  │   F1   │  Prec  │ Recall │ [1;92m50:95[0m  │   [1;36m50[0m  
│
├────────┼────────┼────────┼────────┼────────┼────────┼────────┼────────┼───────
─┤
│ [1;36m0.4470[0m │ [1;36m0.8784[0m │ [1;36m0.3874[0m │ [1;36m0.5254[0m │ [1;36m0.8898[0m │ [1;36m0.9097[0m │ [1;36m0.8708[0m │ [1;36m0.3988[0m │ [1;36m0.8637[0m
│
└────────┴────────┴────────┴────────┴────────┴────────┴────────┴────────┴───────
─┘
[1;36m                     Val — Per-class Metrics                      [0m
┏━━━━━━━━━━━━━━┳━━━━━━━━━━┳━━━━━━━━┳━━━━━━━━┳━━━━━━━━━━━┳━━━━━━━━┓
┃[1;36m [0m[1;36mClass       [0m[1;36m [0m┃[1;36m [0m[1;36mAP 50:95[0m[1;36m [0m┃[1;36m [0m[1;36m    AR[0m[1;36m [0m┃[1;36m [0m[1;36m    F1[0m[1;36m [0m┃[1;36m [0m[1;36mPrecision[0m[1;36m [0m┃[1;36m [0m[1;36mRecall[0m[1;36m [0m┃
┡━━━━━━━━━━━━━━╇━━━━━━━━━━╇━━━━━━━━╇━━━━━━━━╇━━━━━━━━━━━╇━━━━━━━━┩
│[2m [0m[2mGlassBeadSeg[0m[2m [0m│   0.4470 │ 0.5254 │ 0.8898 │    0.9097 │ 0.8708 │
└──────────────┴──────────┴────────┴────────┴───────────┴────────┘
                              Val — Overall Metrics                             
┏━━━━━━━━━━━━━━━━━━━━━━━━━━┳━━━━━━━━┳━━━━━━━━━━━━━━━━━━━━━━━━━━┳━━━━━━━━━━━━━━━━
━┓
┃           mAP            ┃  mAR   ┃         F1 sweep         ┃     segm mAP   
┃
┡━━━━━━━━┯━━━━━━━━┯━━━━━━━━╇━━━━━━━━╇━━━━━━━━┯━━━━━━━━┯━━━━━━━━╇━━━━━━━━┯━━━━━━━
━┩
│ [1;92m50:95[0m  │   [1;36m50[0m   │   [1;36m75[0m   │  @[1;36m500[0m  │   F1   │  Prec  │ Recall │ [1;92m50:95[0m  │   [1;36m50[0m  
│
├────────┼────────┼────────┼────────┼────────┼────────┼────────┼────────┼───────
─┤
│ [1;36m0.4462[0m │ [1;36m0.8783[0m │ [1;36m0.3861[0m │ [1;36m0.5236[0m │ [1;36m0.8882[0m │ [1;36m0.9042[0m │ [1;36m0.8728[0m │ [1;36m0.3931[0m │ [1;36m0.8636[0m
│
└────────┴────────┴────────┴────────┴────────┴────────┴────────┴────────┴───────
─┘
[1;36m                     Val — Per-class Metrics                      [0m
┏━━━━━━━━━━━━━━┳━━━━━━━━━━┳━━━━━━━━┳━━━━━━━━┳━━━━━━━━━━━┳━━━━━━━━┓
┃[1;36m [0m[1;36mClass       [0m[1;36m [0m┃[1;36m [0m[1;36mAP 50:95[0m[1;36m [0m┃[1;36m [0m[1;36m    AR[0m[1;36m [0m┃[1;36m [0m[1;36m    F1[0m[1;36m [0m┃[1;36m [0m[1;36mPrecision[0m[1;36m [0m┃[1;36m [0m[1;36mRecall[0m[1;36m [0m┃
┡━━━━━━━━━━━━━━╇━━━━━━━━━━╇━━━━━━━━╇━━━━━━━━╇━━━━━━━━━━━╇━━━━━━━━┩
│[2m [0m[2mGlassBeadSeg[0m[2m [0m│   0.4462 │ 0.5236 │ 0.8882 │    0.9042 │ 0.8728 │
└──────────────┴──────────┴────────┴────────┴───────────┴────────┘
                              Val — Overall Metrics                             
┏━━━━━━━━━━━━━━━━━━━━━━━━━━┳━━━━━━━━┳━━━━━━━━━━━━━━━━━━━━━━━━━━┳━━━━━━━━━━━━━━━━
━┓
┃           mAP            ┃  mAR   ┃         F1 sweep         ┃     segm mAP   
┃
┡━━━━━━━━┯━━━━━━━━┯━━━━━━━━╇━━━━━━━━╇━━━━━━━━┯━━━━━━━━┯━━━━━━━━╇━━━━━━━━┯━━━━━━━
━┩
│ [1;92m50:95[0m  │   [1;36m50[0m   │   [1;36m75[0m   │  @[1;36m500[0m  │   F1   │  Prec  │ Recall │ [1;92m50:95[0m  │   [1;36m50[0m  
│
├────────┼────────┼────────┼────────┼────────┼────────┼────────┼────────┼───────
─┤
│ [1;36m0.4468[0m │ [1;36m0.8785[0m │ [1;36m0.3947[0m │ [1;36m0.5230[0m │ [1;36m0.8873[0m │ [1;36m0.8940[0m │ [1;36m0.8807[0m │ [1;36m0.3951[0m │ [1;36m0.8634[0m
│
└────────┴────────┴────────┴────────┴────────┴────────┴────────┴────────┴───────
─┘
[1;36m                     Val — Per-class Metrics                      [0m
┏━━━━━━━━━━━━━━┳━━━━━━━━━━┳━━━━━━━━┳━━━━━━━━┳━━━━━━━━━━━┳━━━━━━━━┓
┃[1;36m [0m[1;36mClass       [0m[1;36m [0m┃[1;36m [0m[1;36mAP 50:95[0m[1;36m [0m┃[1;36m [0m[1;36m    AR[0m[1;36m [0m┃[1;36m [0m[1;36m    F1[0m[1;36m [0m┃[1;36m [0m[1;36mPrecision[0m[1;36m [0m┃[1;36m [0m[1;36mRecall[0m[1;36m [0m┃
┡━━━━━━━━━━━━━━╇━━━━━━━━━━╇━━━━━━━━╇━━━━━━━━╇━━━━━━━━━━━╇━━━━━━━━┩
│[2m [0m[2mGlassBeadSeg[0m[2m [0m│   0.4468 │ 0.5230 │ 0.8873 │    0.8940 │ 0.8807 │
└──────────────┴──────────┴────────┴────────┴───────────┴────────┘
`Trainer.fit` stopped: `max_epochs=200` reached.
[2026-06-19 02:53:40] [INFO] rf-detr - Best total checkpoint saved from regular (regular=0.4502, ema=0.4499)

训练完成！检查点保存在: /input0/transcoder-st/learn_llm/GrassBeadSeg/models/rfdetr_seg_large/trained
