0 0.606052 0.435134 0.606439 0.435796 0.612541 0.437112 0.615228 0.439427 0.618446 0.444172 0.618204 0.445276 0.618856 0.447153 0.618030 0.453340 0.617400 0.453783 0.615799 0.458646 0.610639 0.462741 0.607224 0.463741 0.602648 0.462754 0.602018 0.463197 0.598580 0.461877 0.595119 0.458237 0.593183 0.454926 0.593039 0.453159 0.593501 0.448630 0.593114 0.447968 0.594206 0.442995 0.595951 0.439900 0.596703 0.438904 0.602250 0.435471 0.605422 0.435577
0 0.412105 0.333711 0.412492 0.334374 0.414018 0.334703 0.414405 0.335365 0.416826 0.336465 0.418375 0.339114 0.418906 0.341543 0.417328 0.348725 0.416699 0.349168 0.415583 0.351821 0.413815 0.352597 0.412798 0.352378 0.412168 0.352821 0.410643 0.352492 0.408366 0.353158 0.405945 0.352057 0.403258 0.349742 0.401664 0.342454 0.402756 0.337482 0.404258 0.335491 0.406148 0.334163 0.407165 0.334382 0.409442 0.333716 0.410967 0.334045 0.411597 0.333602
0 0.573221 0.565196 0.576272 0.565853 0.578571 0.567507 0.581281 0.572142 0.582079 0.575785 0.580865 0.581310 0.579484 0.582748 0.579241 0.583853 0.573573 0.587839 0.572434 0.588172 0.571417 0.587953 0.571030 0.587291 0.565437 0.586085 0.560936 0.579906 0.561155 0.576482 0.560768 0.575819 0.561618 0.571952 0.562248 0.571509 0.563606 0.567751 0.567893 0.565204 0.570170 0.564538
0 0.796087 0.704680 0.798387 0.706333 0.802888 0.712511 0.804194 0.716265 0.804482 0.719799 0.803390 0.724771 0.801645 0.727867 0.799125 0.729638 0.794572 0.730971 0.791400 0.730866 0.790770 0.731309 0.785928 0.729107 0.782854 0.726130 0.781427 0.722929 0.781669 0.721824 0.781016 0.719947 0.781745 0.716632 0.781357 0.715970 0.785333 0.707569 0.789112 0.704912 0.792285 0.705017 0.792915 0.704574 0.794949 0.705013 0.795578 0.704570
0 0.828367 0.468027 0.828754 0.468689 0.830280 0.469018 0.832458 0.471223 0.833475 0.471443 0.835653 0.473648 0.836815 0.475635 0.836959 0.477402 0.838386 0.480603 0.838022 0.482260 0.838409 0.482922 0.836930 0.487233 0.834410 0.489004 0.834168 0.490109 0.829880 0.492656 0.822253 0.491012 0.821866 0.490350 0.819445 0.489249 0.817653 0.487705 0.815573 0.482628 0.815793 0.479203 0.815406 0.478541 0.816255 0.474673 0.817636 0.473235 0.818630 0.471135 0.821150 0.469364 0.827858 0.467917
0 0.710064 0.715642 0.710451 0.716304 0.711468 0.716523 0.714155 0.718839 0.716212 0.721597 0.715993 0.725021 0.716380 0.725684 0.715409 0.730103 0.712017 0.733423 0.709861 0.733537 0.709232 0.733979 0.708215 0.733760 0.707585 0.734203 0.706059 0.733874 0.705429 0.734317 0.703395 0.733878 0.703008 0.733216 0.701991 0.732997 0.701604 0.732335 0.700587 0.732115 0.698796 0.730572 0.697612 0.726266 0.697976 0.724608 0.697589 0.723946 0.698195 0.721184 0.698825 0.720741 0.699068 0.719636 0.699698 0.719193 0.700692 0.717093 0.702581 0.715764 0.704858 0.715098 0.705875 0.715317 0.706505 0.714874
0 0.879360 0.480758 0.879748 0.481420 0.880764 0.481640 0.881660 0.482412 0.883717 0.485170 0.884249 0.487599 0.884006 0.488704 0.884393 0.489366 0.884029 0.491024 0.884416 0.491686 0.883931 0.493896 0.883301 0.494338 0.882186 0.496991 0.880926 0.497877 0.880804 0.498429 0.879666 0.498763 0.878649 0.498543 0.878019 0.498986 0.876494 0.498657 0.875864 0.499100 0.872304 0.498332 0.871917 0.497670 0.870900 0.497451 0.870513 0.496789 0.869496 0.496570 0.867705 0.495026 0.867174 0.492597 0.867416 0.491492 0.867029 0.490830 0.868121 0.485857 0.870375 0.482871 0.870618 0.481766 0.873524 0.480657 0.874541 0.480876 0.876818 0.480210
0 0.671298 0.707861 0.673476 0.710067 0.676793 0.711940 0.678220 0.715141 0.679040 0.721104 0.678069 0.725524 0.675816 0.728510 0.673926 0.729838 0.671649 0.730505 0.667460 0.730180 0.666830 0.730623 0.664796 0.730184 0.664409 0.729522 0.659688 0.726768 0.658527 0.724782 0.658383 0.723015 0.657608 0.721690 0.657342 0.720476 0.657828 0.718266 0.657441 0.717604 0.658412 0.713184 0.661417 0.709203 0.664953 0.707650 0.666987 0.708089 0.669772 0.707532
0 0.890125 0.312955 0.890513 0.313617 0.894459 0.315047 0.895742 0.316481 0.897290 0.319129 0.897822 0.321559 0.897579 0.322663 0.898232 0.324540 0.897382 0.328408 0.896753 0.328850 0.895637 0.331503 0.894886 0.332499 0.890598 0.335046 0.888056 0.334498 0.887426 0.334941 0.883358 0.334063 0.878493 0.329542 0.877719 0.328218 0.877962 0.327113 0.877309 0.325236 0.877551 0.324131 0.877164 0.323469 0.877771 0.320707 0.877384 0.320045 0.879372 0.315844 0.882013 0.313520 0.887583 0.312407
0 0.735290 0.445642 0.739138 0.449943 0.740687 0.452592 0.741097 0.455574 0.740005 0.460546 0.739375 0.460989 0.739011 0.462646 0.738260 0.463642 0.736879 0.465080 0.734481 0.466299 0.731065 0.467298 0.725981 0.466202 0.725593 0.465540 0.723051 0.464992 0.720873 0.462786 0.720728 0.461019 0.719301 0.457818 0.720757 0.451188 0.723762 0.447207 0.725022 0.446321 0.728558 0.444769 0.731101 0.445317 0.731731 0.444874
0 0.844438 0.438509 0.844825 0.439171 0.847367 0.439719 0.848263 0.440491 0.851238 0.446340 0.850874 0.447998 0.851261 0.448660 0.850048 0.454185 0.847794 0.457171 0.845905 0.458499 0.843628 0.459166 0.841085 0.458617 0.840456 0.459060 0.836388 0.458183 0.831910 0.454324 0.831257 0.452447 0.831476 0.449023 0.831089 0.448361 0.831939 0.444493 0.832569 0.444050 0.833054 0.441840 0.834557 0.439850 0.840370 0.437631
0 0.924862 0.387569 0.926145 0.389003 0.927162 0.389223 0.929727 0.392090 0.932050 0.396063 0.931808 0.397168 0.932460 0.399045 0.931247 0.404570 0.930617 0.405013 0.930132 0.407223 0.925214 0.410213 0.923180 0.409774 0.922550 0.410217 0.916448 0.408901 0.916061 0.408239 0.913519 0.407691 0.910058 0.404051 0.908631 0.400850 0.908099 0.398421 0.909821 0.393006 0.911324 0.391015 0.916362 0.387472 0.919026 0.387468 0.919656 0.387025 0.923215 0.387793 0.923845 0.387350
0 0.527694 0.374838 0.528081 0.375500 0.529098 0.375720 0.530889 0.377263 0.533091 0.381788 0.531998 0.386761 0.531368 0.387204 0.531004 0.388861 0.527225 0.391518 0.526474 0.392514 0.524197 0.393180 0.519113 0.392083 0.518725 0.391421 0.517200 0.391092 0.516304 0.390321 0.516160 0.388553 0.515386 0.387229 0.515120 0.386015 0.515363 0.384910 0.514975 0.384248 0.515218 0.383142 0.514831 0.382480 0.515195 0.380823 0.515825 0.380380 0.516310 0.378170 0.517062 0.377175 0.520211 0.374961 0.521349 0.374627 0.523383 0.375066 0.524013 0.374623 0.526047 0.375062 0.526677 0.374619
0 0.791693 0.249488 0.792468 0.250813 0.794259 0.252356 0.796195 0.255667 0.795952 0.256772 0.796339 0.257434 0.795854 0.259644 0.796241 0.260306 0.795634 0.263068 0.795004 0.263511 0.794640 0.265169 0.792120 0.266940 0.787567 0.268273 0.784008 0.267505 0.783621 0.266843 0.781078 0.266295 0.779142 0.262984 0.779241 0.260112 0.778588 0.258235 0.778831 0.257131 0.779460 0.256688 0.780189 0.253373 0.780819 0.252930 0.781061 0.251825 0.781812 0.250830 0.784453 0.248506 0.786487 0.248944 0.787117 0.248502
0 0.778945 0.460263 0.779332 0.460925 0.780858 0.461254 0.781245 0.461916 0.783666 0.463017 0.785989 0.466990 0.786641 0.468866 0.786277 0.470524 0.786665 0.471186 0.785330 0.477263 0.784700 0.477706 0.784214 0.479916 0.781961 0.482902 0.779441 0.484674 0.778303 0.485007 0.775760 0.484458 0.775131 0.484901 0.770554 0.483914 0.770167 0.483252 0.766220 0.481823 0.764429 0.480279 0.763389 0.477740 0.762835 0.472991 0.763806 0.468572 0.764435 0.468129 0.765672 0.464923 0.767804 0.462490 0.770324 0.460719 0.770445 0.460166 0.773109 0.460162 0.773739 0.459719 0.775773 0.460158 0.776403 0.459715
0 0.847589 0.385373 0.847976 0.386035 0.851922 0.387465 0.853979 0.390223 0.854488 0.390333 0.856302 0.394196 0.856325 0.396515 0.856712 0.397178 0.856105 0.399940 0.855476 0.400383 0.854360 0.403036 0.853100 0.403921 0.851598 0.405912 0.848692 0.407021 0.841064 0.405377 0.837869 0.402952 0.836707 0.400965 0.836199 0.400856 0.836320 0.400303 0.835546 0.398979 0.835766 0.395554 0.835379 0.394892 0.835621 0.393787 0.836251 0.393344 0.836858 0.390582 0.840759 0.387372 0.841267 0.387482 0.843156 0.386153 0.844803 0.385930 0.846063 0.385044
0 0.761756 0.402742 0.764299 0.403290 0.768534 0.408254 0.769043 0.408363 0.769574 0.410793 0.769332 0.411898 0.769719 0.412560 0.768967 0.413555 0.768118 0.417422 0.767488 0.417865 0.767124 0.419523 0.766373 0.420518 0.765864 0.420408 0.762206 0.422513 0.759930 0.423179 0.756879 0.422522 0.756492 0.421859 0.753949 0.421311 0.753054 0.420539 0.752014 0.418001 0.751991 0.415681 0.751338 0.413804 0.753158 0.405517 0.753909 0.404522 0.757059 0.402307 0.758584 0.402636 0.759214 0.402194
0 0.466882 0.382557 0.467270 0.383219 0.469812 0.383767 0.470199 0.384429 0.473129 0.385640 0.475960 0.389722 0.476757 0.393366 0.475908 0.397233 0.473775 0.399667 0.473533 0.400772 0.472781 0.401767 0.469124 0.403872 0.461496 0.402227 0.456874 0.396601 0.457238 0.394944 0.456851 0.394282 0.457215 0.392624 0.456828 0.391962 0.457677 0.388095 0.458307 0.387652 0.458671 0.385994 0.460561 0.384666 0.466253 0.383000
0 0.467783 0.562713 0.468171 0.563375 0.470713 0.563923 0.471609 0.564695 0.473931 0.568668 0.473954 0.570987 0.474342 0.571650 0.473856 0.573859 0.474243 0.574522 0.473636 0.577284 0.473007 0.577727 0.471891 0.580380 0.468742 0.582594 0.467725 0.582375 0.467095 0.582817 0.466078 0.582598 0.463802 0.583264 0.461259 0.582716 0.460872 0.582054 0.459346 0.581725 0.458064 0.580291 0.456151 0.579300 0.454822 0.573227 0.456036 0.567702 0.456666 0.567259 0.457030 0.565602 0.457781 0.564607 0.460301 0.562835 0.461318 0.563055 0.463594 0.562388 0.465628 0.562827 0.466258 0.562384
0 0.587035 0.351139 0.590340 0.351851 0.593027 0.354167 0.594963 0.357478 0.595472 0.357587 0.595737 0.358802 0.595252 0.361012 0.595639 0.361674 0.595396 0.362779 0.594766 0.363222 0.594402 0.364879 0.592900 0.366870 0.591010 0.368198 0.590889 0.368751 0.589629 0.369636 0.588612 0.369417 0.586335 0.370084 0.580234 0.368768 0.578055 0.366562 0.577258 0.362918 0.577235 0.360599 0.578570 0.354521 0.580581 0.352640 0.580702 0.352088 0.583730 0.350426
0 0.396204 0.316395 0.400561 0.320806 0.402375 0.324669 0.402641 0.325884 0.401450 0.333728 0.398179 0.336495 0.392996 0.338271 0.385877 0.336736 0.385490 0.336074 0.384473 0.335854 0.382416 0.333096 0.382659 0.331991 0.381619 0.329452 0.381451 0.325366 0.381064 0.324703 0.381694 0.324261 0.382180 0.322051 0.385185 0.318069 0.387074 0.316741 0.389981 0.315632 0.394049 0.316509 0.394678 0.316066
0 0.267716 0.164278 0.274228 0.168576 0.277325 0.173873 0.276741 0.178955 0.276111 0.179398 0.275626 0.181607 0.272500 0.186141 0.267848 0.190346 0.266080 0.191122 0.262278 0.191460 0.257701 0.190473 0.257314 0.189811 0.253876 0.188491 0.250536 0.184299 0.249086 0.178778 0.250664 0.171596 0.253039 0.168057 0.256939 0.164848 0.264665 0.163620
0 0.721815 0.608810 0.724866 0.609468 0.726536 0.611564 0.726681 0.613331 0.727721 0.615870 0.727478 0.616975 0.727865 0.617637 0.727501 0.619295 0.727888 0.619957 0.727258 0.620400 0.727015 0.621504 0.726386 0.621947 0.726021 0.623605 0.724762 0.624490 0.724253 0.624381 0.721855 0.625600 0.715245 0.624174 0.712292 0.620644 0.712535 0.619539 0.711616 0.616448 0.711859 0.615343 0.712489 0.614900 0.712974 0.612690 0.714234 0.611805 0.714355 0.611252 0.715615 0.610366 0.715736 0.609814 0.718764 0.608152
0 0.870548 0.666342 0.875413 0.670863 0.876187 0.672188 0.876863 0.676384 0.875892 0.680804 0.875263 0.681247 0.874777 0.683457 0.871507 0.686223 0.867583 0.687113 0.862498 0.686017 0.862111 0.685354 0.859181 0.684144 0.858020 0.682158 0.857101 0.679066 0.857466 0.677409 0.857078 0.676747 0.857685 0.673984 0.857298 0.673322 0.859286 0.669122 0.860037 0.668126 0.863186 0.665912 0.864325 0.665579 0.866359 0.666018 0.866989 0.665575
0 0.723151 0.245124 0.726456 0.245837 0.731344 0.252678 0.731125 0.256102 0.731512 0.256764 0.730662 0.260632 0.729160 0.262622 0.722474 0.266389 0.716759 0.265735 0.716130 0.266178 0.712813 0.264305 0.710103 0.259670 0.710467 0.258013 0.709935 0.255584 0.710565 0.255141 0.711415 0.251273 0.712045 0.250831 0.712287 0.249726 0.713668 0.248287 0.714177 0.248397 0.717326 0.246183 0.717448 0.245630 0.719846 0.244412
0 0.981688 0.502245 0.985248 0.503012 0.989605 0.507424 0.990379 0.508748 0.990546 0.512835 0.990933 0.513497 0.989962 0.517917 0.989333 0.518359 0.988968 0.520017 0.988217 0.521012 0.984947 0.523779 0.979763 0.525554 0.973153 0.524129 0.971362 0.522586 0.969426 0.519275 0.969282 0.517508 0.968508 0.516183 0.969236 0.512869 0.969866 0.512426 0.970230 0.510768 0.970860 0.510325 0.971224 0.508668 0.972847 0.506125 0.973212 0.504467 0.978129 0.501477
0 0.452404 0.329671 0.455986 0.332758 0.457413 0.335959 0.457679 0.337173 0.457194 0.339383 0.457581 0.340045 0.457217 0.341703 0.456587 0.342146 0.455980 0.344908 0.455229 0.345903 0.454090 0.346237 0.452831 0.347122 0.452709 0.347675 0.450311 0.348894 0.449294 0.348674 0.448664 0.349117 0.445105 0.348350 0.444718 0.347688 0.442684 0.347249 0.441014 0.345153 0.440482 0.342724 0.440847 0.341066 0.440459 0.340404 0.441552 0.335432 0.442182 0.334989 0.442424 0.333884 0.443927 0.331893 0.445816 0.330565 0.448093 0.329898 0.449110 0.330118 0.449740 0.329675 0.451265 0.330004 0.451895 0.329561
0 0.357396 0.342746 0.357783 0.343408 0.360712 0.344618 0.361487 0.345943 0.362891 0.346824 0.364439 0.349473 0.364220 0.352897 0.364607 0.353559 0.364364 0.354664 0.363734 0.355107 0.363006 0.358422 0.362376 0.358865 0.362012 0.360522 0.360631 0.361960 0.357482 0.364175 0.353679 0.364512 0.353050 0.364955 0.352033 0.364736 0.351645 0.364074 0.349611 0.363635 0.349224 0.362973 0.347699 0.362644 0.346803 0.361872 0.344481 0.357899 0.344313 0.353813 0.343926 0.353151 0.344897 0.348731 0.345527 0.348288 0.346642 0.345635 0.350421 0.342978 0.351560 0.342645 0.356766 0.343189
0 0.511825 0.245848 0.512212 0.246510 0.514246 0.246949 0.514633 0.247611 0.516159 0.247940 0.516933 0.249264 0.516812 0.249817 0.517586 0.251141 0.517465 0.251694 0.518505 0.254232 0.517412 0.259205 0.516783 0.259648 0.516418 0.261305 0.515037 0.262743 0.514529 0.262634 0.512131 0.263853 0.506537 0.262646 0.506150 0.261984 0.504746 0.261103 0.503198 0.258454 0.503440 0.257349 0.502788 0.255473 0.503516 0.252158 0.504146 0.251715 0.504388 0.250610 0.505018 0.250167 0.505382 0.248510 0.506012 0.248067 0.506133 0.247514 0.508653 0.245743 0.509161 0.245853 0.509791 0.245410
0 0.749046 0.515153 0.752351 0.515866 0.752738 0.516528 0.753755 0.516747 0.756321 0.519615 0.757869 0.522264 0.757627 0.523369 0.758158 0.525798 0.756095 0.535190 0.755465 0.535633 0.755222 0.536738 0.753333 0.538066 0.752316 0.537847 0.750039 0.538514 0.748514 0.538185 0.747884 0.538628 0.740765 0.537092 0.736674 0.533896 0.735126 0.531247 0.735224 0.528375 0.734837 0.527713 0.735929 0.522741 0.736559 0.522298 0.736923 0.520640 0.737553 0.520197 0.738668 0.517545 0.745741 0.514441
0 0.777954 0.219908 0.780640 0.222223 0.783737 0.227520 0.784148 0.230502 0.783055 0.235474 0.780680 0.239012 0.776393 0.241560 0.772469 0.242450 0.772082 0.241788 0.766489 0.240582 0.764697 0.239038 0.761722 0.233188 0.761964 0.232083 0.761577 0.231421 0.763155 0.224239 0.763785 0.223796 0.764028 0.222691 0.768945 0.219701 0.771222 0.219035 0.775798 0.220021 0.776428 0.219579
0 0.769758 0.288736 0.770145 0.289398 0.771670 0.289727 0.772057 0.290389 0.774091 0.290828 0.774478 0.291490 0.775495 0.291709 0.777431 0.295020 0.777188 0.296125 0.777841 0.298002 0.776992 0.301869 0.774738 0.304855 0.773478 0.305741 0.773357 0.306293 0.772848 0.306183 0.771589 0.307069 0.770063 0.306740 0.769433 0.307183 0.767908 0.306854 0.767278 0.307297 0.764736 0.306749 0.762944 0.305205 0.762170 0.303881 0.761662 0.303771 0.760477 0.299465 0.761448 0.295045 0.763580 0.292612 0.763823 0.291507 0.765713 0.290178 0.766221 0.290288 0.769249 0.288626
0 0.510465 0.492062 0.516081 0.495588 0.519808 0.500442 0.519952 0.502209 0.519103 0.506076 0.519490 0.506738 0.518739 0.507734 0.518011 0.511049 0.515248 0.513925 0.509944 0.516253 0.505755 0.515928 0.505125 0.516371 0.501565 0.515604 0.497353 0.512959 0.496579 0.511635 0.495903 0.507439 0.495129 0.506115 0.495493 0.504457 0.495105 0.503795 0.496319 0.498270 0.501092 0.493513 0.503248 0.493399 0.507922 0.491514
0 0.894520 0.385077 0.894907 0.385739 0.896433 0.386068 0.896820 0.386730 0.897837 0.386950 0.898224 0.387612 0.898733 0.387722 0.899507 0.389046 0.899386 0.389598 0.900304 0.392690 0.899819 0.394900 0.900206 0.395562 0.899963 0.396667 0.899333 0.397110 0.899090 0.398214 0.898461 0.398657 0.898097 0.400315 0.895577 0.402086 0.892526 0.401428 0.891896 0.401871 0.888337 0.401104 0.887950 0.400441 0.886933 0.400222 0.886546 0.399560 0.885142 0.398679 0.883980 0.396692 0.884102 0.396140 0.883183 0.393048 0.883668 0.390838 0.884298 0.390396 0.884662 0.388738 0.886673 0.386857 0.886795 0.386305 0.888054 0.385419 0.888563 0.385529 0.891469 0.384419
0 0.741751 0.265916 0.746229 0.269775 0.747777 0.272423 0.747535 0.273528 0.748187 0.275405 0.747338 0.279272 0.746708 0.279715 0.746465 0.280820 0.745835 0.281263 0.745593 0.282368 0.744842 0.283363 0.743582 0.284249 0.742565 0.284030 0.740797 0.284806 0.738763 0.284367 0.738133 0.284810 0.736607 0.284481 0.736220 0.283819 0.734695 0.283490 0.734308 0.282828 0.733291 0.282609 0.732395 0.281837 0.731234 0.279850 0.731476 0.278746 0.730558 0.275654 0.731407 0.271787 0.732788 0.270349 0.733031 0.269244 0.734921 0.267915 0.736567 0.267692 0.737827 0.266806 0.741242 0.265806
0 0.672539 0.411279 0.672926 0.411941 0.674451 0.412270 0.674838 0.412932 0.675347 0.413042 0.676508 0.415028 0.676387 0.415581 0.676774 0.416243 0.675439 0.422320 0.674809 0.422763 0.674445 0.424421 0.673185 0.425306 0.672677 0.425197 0.672047 0.425639 0.671030 0.425420 0.670400 0.425863 0.669383 0.425644 0.668753 0.426087 0.667736 0.425867 0.667106 0.426310 0.666598 0.426200 0.666211 0.425538 0.665702 0.425429 0.664928 0.424104 0.664419 0.423995 0.662871 0.421346 0.662992 0.420794 0.662340 0.418917 0.663432 0.413945 0.664062 0.413502 0.664183 0.412949 0.667332 0.410735 0.668349 0.410954 0.668979 0.410511
0 0.581427 0.190839 0.586657 0.193703 0.588979 0.197676 0.590065 0.204854 0.588852 0.210379 0.586355 0.214470 0.581825 0.218122 0.576133 0.219788 0.572574 0.219020 0.568362 0.216376 0.565143 0.211632 0.563837 0.207878 0.565415 0.200696 0.570674 0.193729 0.574574 0.190519 0.575713 0.190186 0.579780 0.191063 0.580410 0.190620
0 0.275795 0.658455 0.277465 0.660551 0.281047 0.663639 0.281579 0.666068 0.281336 0.667173 0.281723 0.667835 0.281359 0.669492 0.280729 0.669935 0.280244 0.672145 0.278984 0.673031 0.278862 0.673583 0.275083 0.676240 0.273436 0.676464 0.271038 0.677683 0.270651 0.677021 0.268617 0.676582 0.268230 0.675920 0.266196 0.675481 0.265809 0.674819 0.264792 0.674600 0.263244 0.671951 0.262446 0.668307 0.263660 0.662783 0.264290 0.662340 0.264654 0.660682 0.265914 0.659797 0.266035 0.659244 0.267295 0.658358 0.269571 0.657692 0.272622 0.658350 0.273252 0.657907
0 0.707420 0.487660 0.708703 0.489094 0.709720 0.489314 0.710107 0.489976 0.710615 0.490085 0.712285 0.492181 0.712164 0.492734 0.712817 0.494611 0.711482 0.500688 0.710852 0.501131 0.710609 0.502236 0.709979 0.502679 0.709858 0.503231 0.708598 0.504117 0.708089 0.504007 0.706321 0.504783 0.703658 0.504787 0.703028 0.505230 0.700485 0.504682 0.700098 0.504020 0.698573 0.503691 0.698185 0.503029 0.697168 0.502810 0.695886 0.501376 0.696007 0.500823 0.695620 0.500161 0.696105 0.497951 0.695718 0.497289 0.696932 0.491764 0.697562 0.491321 0.698677 0.488669 0.699937 0.487783 0.700954 0.488002 0.701584 0.487559 0.702601 0.487779 0.703231 0.487336 0.704247 0.487555 0.704877 0.487112
0 0.354245 0.395881 0.356787 0.396430 0.357174 0.397092 0.358700 0.397421 0.359474 0.398745 0.359982 0.398855 0.361797 0.402718 0.362328 0.405147 0.361843 0.407357 0.361213 0.407800 0.360849 0.409457 0.360219 0.409900 0.359855 0.411558 0.359104 0.412553 0.355203 0.415762 0.348980 0.414999 0.348350 0.415442 0.346172 0.413236 0.343803 0.404624 0.344554 0.403629 0.345282 0.400314 0.347536 0.397328 0.351702 0.395333
0 0.429628 0.258793 0.430015 0.259455 0.432436 0.260556 0.434227 0.262099 0.435001 0.263423 0.435267 0.264638 0.435025 0.265743 0.435412 0.266405 0.434562 0.270273 0.433932 0.270715 0.433690 0.271820 0.432187 0.273811 0.429546 0.276135 0.427270 0.276801 0.426253 0.276582 0.425623 0.277025 0.422063 0.276257 0.421676 0.275595 0.419134 0.275047 0.417343 0.273503 0.416568 0.272179 0.416811 0.271074 0.416424 0.270412 0.416788 0.268755 0.416401 0.268092 0.417250 0.264225 0.417880 0.263782 0.418996 0.261129 0.421636 0.258806 0.422653 0.259025 0.424930 0.258358 0.426455 0.258687 0.427085 0.258245
0 0.631237 0.339879 0.631624 0.340541 0.633658 0.340979 0.634433 0.342303 0.636224 0.343847 0.636103 0.344399 0.638425 0.348372 0.638691 0.349587 0.637599 0.354559 0.636969 0.355002 0.635975 0.357102 0.634715 0.357988 0.633843 0.359536 0.629289 0.360869 0.623187 0.359553 0.620501 0.357238 0.618155 0.350945 0.618397 0.349840 0.618010 0.349178 0.619103 0.344206 0.621743 0.341882 0.621865 0.341329 0.623754 0.340001 0.626661 0.338892
0 0.711384 0.644173 0.714481 0.649470 0.714117 0.651128 0.714649 0.653557 0.713799 0.657425 0.712539 0.658310 0.711037 0.660301 0.707501 0.661853 0.700890 0.660428 0.699099 0.658884 0.697938 0.656898 0.697793 0.655130 0.697019 0.653806 0.698111 0.648834 0.699492 0.647396 0.699735 0.646291 0.704144 0.643191 0.706178 0.643629 0.706808 0.643187
0 0.375837 0.270919 0.376224 0.271581 0.380292 0.272458 0.384793 0.278636 0.384816 0.280956 0.385203 0.281618 0.384354 0.285485 0.382851 0.287476 0.380332 0.289247 0.375778 0.290580 0.368659 0.289045 0.365707 0.285515 0.365950 0.284410 0.364910 0.281871 0.365152 0.280766 0.364765 0.280104 0.365372 0.277342 0.367504 0.274908 0.367747 0.273803 0.372156 0.270704 0.373294 0.270370
0 0.823954 0.764504 0.825745 0.766047 0.828675 0.767258 0.830997 0.771230 0.832303 0.774984 0.832060 0.776089 0.832448 0.776751 0.831355 0.781723 0.828715 0.784047 0.827842 0.785595 0.823797 0.787037 0.820746 0.786379 0.820116 0.786822 0.816557 0.786055 0.813870 0.783739 0.812056 0.779876 0.811524 0.777447 0.811888 0.775789 0.811501 0.775127 0.812229 0.771813 0.811964 0.770598 0.812593 0.770155 0.813709 0.767502 0.816228 0.765731 0.817875 0.765507 0.821411 0.763955
0 0.281325 0.308404 0.281712 0.309067 0.283238 0.309396 0.283625 0.310058 0.284642 0.310277 0.286433 0.311821 0.287594 0.313807 0.288126 0.316236 0.287033 0.321208 0.285774 0.322094 0.285022 0.323090 0.284780 0.324194 0.282260 0.325966 0.281122 0.326299 0.280105 0.326080 0.278337 0.326856 0.274269 0.325979 0.273495 0.324654 0.272986 0.324545 0.271438 0.321896 0.270929 0.321786 0.269866 0.316928 0.270716 0.313061 0.272218 0.311070 0.274738 0.309299 0.279291 0.307966
0 0.482071 0.468580 0.482458 0.469242 0.485000 0.469790 0.485387 0.470452 0.486404 0.470671 0.491073 0.480937 0.489981 0.485909 0.488478 0.487900 0.486467 0.489781 0.482180 0.492328 0.474939 0.491345 0.473148 0.489802 0.471623 0.489473 0.469832 0.487929 0.468526 0.484176 0.468890 0.482518 0.468358 0.480089 0.471074 0.472574 0.473958 0.469145 0.480037 0.468141
0 0.671515 0.614745 0.675363 0.619046 0.676767 0.619928 0.677541 0.621252 0.677298 0.622357 0.678096 0.626001 0.677610 0.628211 0.677997 0.628873 0.676639 0.632631 0.673490 0.634845 0.669445 0.636287 0.667920 0.635958 0.667290 0.636401 0.665256 0.635963 0.664869 0.635301 0.661309 0.634533 0.659518 0.632989 0.657195 0.629017 0.657438 0.627912 0.656907 0.625482 0.657999 0.620510 0.660253 0.617524 0.664032 0.614867 0.665170 0.614534 0.667204 0.614973 0.667834 0.614530 0.670885 0.615188
0 0.484341 0.671598 0.484728 0.672260 0.487270 0.672809 0.487657 0.673471 0.488166 0.673580 0.489327 0.675567 0.489206 0.676119 0.489859 0.677996 0.489495 0.679653 0.489882 0.680316 0.489275 0.683078 0.488645 0.683521 0.488402 0.684626 0.487772 0.685069 0.487651 0.685621 0.487021 0.686064 0.486513 0.685954 0.485253 0.686840 0.482711 0.686292 0.482081 0.686735 0.478521 0.685967 0.476198 0.681994 0.476563 0.680337 0.476175 0.679675 0.477025 0.675807 0.477655 0.675364 0.477898 0.674260 0.479157 0.673374 0.479279 0.672821 0.481798 0.671050
0 0.449978 0.289799 0.450365 0.290461 0.451891 0.290790 0.454190 0.292443 0.456900 0.297078 0.457310 0.300060 0.458085 0.301384 0.457235 0.305252 0.454981 0.308238 0.451324 0.310342 0.448539 0.310899 0.447013 0.310570 0.446383 0.311013 0.442315 0.310136 0.437959 0.305724 0.436630 0.299651 0.437237 0.296889 0.437866 0.296446 0.439224 0.292688 0.442495 0.289921 0.446419 0.289032
0 0.397229 0.419616 0.400026 0.420220 0.404504 0.424078 0.406052 0.426727 0.407115 0.431585 0.406774 0.435562 0.407161 0.436225 0.405318 0.442192 0.402434 0.445621 0.400545 0.446950 0.397251 0.447397 0.395217 0.446958 0.394587 0.447401 0.387590 0.445313 0.385799 0.443770 0.384637 0.441783 0.382147 0.433724 0.383459 0.425327 0.385204 0.422231 0.392277 0.419127 0.393802 0.419456 0.394432 0.419013
0 0.483555 0.311506 0.483942 0.312168 0.488010 0.313045 0.493771 0.318338 0.495707 0.321648 0.495343 0.323306 0.495730 0.323968 0.494395 0.330045 0.493765 0.330488 0.492650 0.333141 0.491390 0.334027 0.484051 0.335916 0.482017 0.335478 0.481630 0.334815 0.477562 0.333938 0.476667 0.333166 0.473957 0.328532 0.472651 0.324778 0.473258 0.322016 0.472992 0.320801 0.473622 0.320358 0.474859 0.317153 0.477621 0.314277 0.482538 0.311286
0 0.905252 0.520482 0.908303 0.521140 0.910481 0.523345 0.912417 0.526656 0.912925 0.526766 0.913578 0.528643 0.913214 0.530300 0.913746 0.532729 0.913260 0.534939 0.913647 0.535601 0.912896 0.536597 0.912289 0.539359 0.907880 0.542459 0.904465 0.543459 0.896329 0.541704 0.894538 0.540161 0.892215 0.536188 0.891707 0.536078 0.891441 0.534864 0.891684 0.533759 0.891297 0.533096 0.892753 0.526467 0.893383 0.526024 0.893747 0.524366 0.895128 0.522928 0.902201 0.519824
0 0.581474 0.527627 0.581861 0.528289 0.583895 0.528727 0.584282 0.529389 0.585299 0.529609 0.586847 0.532257 0.587379 0.534686 0.587015 0.536344 0.587402 0.537006 0.587038 0.538663 0.586408 0.539106 0.585922 0.541316 0.585171 0.542312 0.582022 0.544526 0.580884 0.544859 0.578850 0.544420 0.578220 0.544863 0.574152 0.543986 0.573256 0.543214 0.570934 0.539241 0.570425 0.539132 0.569772 0.537255 0.570743 0.532835 0.571373 0.532392 0.571616 0.531287 0.572367 0.530292 0.572875 0.530402 0.577284 0.527302 0.578423 0.526969
0 0.938685 0.540421 0.943770 0.541518 0.945561 0.543061 0.948271 0.547696 0.947542 0.551011 0.947930 0.551673 0.947201 0.554988 0.946572 0.555431 0.946329 0.556536 0.945069 0.557422 0.944827 0.558527 0.940417 0.561627 0.939279 0.561960 0.932160 0.560425 0.929473 0.558109 0.927538 0.554799 0.927781 0.553694 0.927393 0.553032 0.929092 0.545297 0.929722 0.544854 0.929965 0.543749 0.935004 0.540206 0.936142 0.539873
0 0.920473 0.494831 0.920860 0.495493 0.922264 0.496375 0.923426 0.498361 0.923183 0.499466 0.924223 0.502005 0.923495 0.505320 0.922865 0.505763 0.922622 0.506868 0.921992 0.507311 0.921628 0.508968 0.917341 0.511516 0.914290 0.510858 0.913660 0.511300 0.910609 0.510643 0.910222 0.509980 0.909713 0.509871 0.907777 0.506560 0.908020 0.505455 0.907633 0.504793 0.907876 0.503688 0.907489 0.503026 0.908460 0.498606 0.909719 0.497720 0.909841 0.497168 0.911973 0.494734 0.912481 0.494844 0.913741 0.493958 0.917301 0.494726 0.917930 0.494283
0 0.294467 0.584363 0.297772 0.585076 0.298159 0.585738 0.298668 0.585848 0.300725 0.588606 0.300869 0.590373 0.301643 0.591697 0.300430 0.597222 0.299800 0.597665 0.299436 0.599322 0.298806 0.599765 0.298685 0.600318 0.294276 0.603418 0.289699 0.602431 0.289312 0.601769 0.287278 0.601330 0.287400 0.600778 0.286625 0.599453 0.286747 0.598901 0.285707 0.596362 0.285949 0.595257 0.285562 0.594595 0.285805 0.593490 0.285418 0.592828 0.286510 0.587855 0.287891 0.586417 0.288134 0.585312 0.288764 0.584870 0.289272 0.584979 0.291162 0.583651
0 0.427079 0.602543 0.432164 0.603639 0.433326 0.605626 0.433204 0.606178 0.433857 0.608055 0.432886 0.612475 0.432256 0.612918 0.431384 0.614465 0.430124 0.615351 0.430003 0.615904 0.428235 0.616680 0.421624 0.615254 0.420850 0.613930 0.420706 0.612163 0.419931 0.610839 0.420053 0.610286 0.419666 0.609624 0.420515 0.605757 0.421145 0.605314 0.421266 0.604761 0.422526 0.603876 0.422647 0.603323 0.424537 0.601995
0 0.306672 0.370000 0.307060 0.370662 0.308077 0.370881 0.308464 0.371543 0.310763 0.373196 0.311538 0.374521 0.311052 0.376731 0.311439 0.377393 0.311075 0.379050 0.310445 0.379493 0.309960 0.381703 0.306181 0.384360 0.305672 0.384250 0.305042 0.384693 0.303517 0.384364 0.302887 0.384807 0.302379 0.384697 0.301991 0.384035 0.299957 0.383597 0.298409 0.380948 0.297900 0.380839 0.297126 0.379514 0.297854 0.376199 0.297467 0.375537 0.297589 0.374985 0.298219 0.374542 0.298583 0.372884 0.299212 0.372442 0.299334 0.371889 0.301223 0.370561 0.301732 0.370670 0.303500 0.369894 0.304517 0.370114 0.305147 0.369671
0 0.837754 0.723501 0.838141 0.724164 0.839158 0.724383 0.840441 0.725817 0.841458 0.726036 0.843249 0.727580 0.844023 0.728904 0.844046 0.731224 0.844433 0.731886 0.844191 0.732991 0.844578 0.733653 0.843728 0.737520 0.843098 0.737963 0.841983 0.740616 0.840723 0.741501 0.840602 0.742054 0.837187 0.743054 0.834015 0.742948 0.833385 0.743391 0.832489 0.742619 0.827526 0.740970 0.826751 0.739646 0.826243 0.739536 0.825590 0.737660 0.825810 0.734235 0.825423 0.733573 0.826515 0.728601 0.829520 0.724619 0.831288 0.723843 0.834460 0.723949 0.835090 0.723506 0.836616 0.723835 0.837245 0.723392
0 0.604100 0.391892 0.606897 0.392496 0.607284 0.393158 0.608810 0.393486 0.609705 0.394258 0.611641 0.397569 0.611664 0.399889 0.612051 0.400551 0.611566 0.402761 0.611953 0.403423 0.611103 0.407290 0.610473 0.407733 0.609479 0.409833 0.606960 0.411605 0.605822 0.411938 0.604296 0.411609 0.603666 0.412052 0.602141 0.411723 0.601511 0.412166 0.599477 0.411727 0.598847 0.412170 0.597830 0.411951 0.596039 0.410407 0.593595 0.406987 0.593086 0.406877 0.592555 0.404448 0.593040 0.402238 0.592653 0.401576 0.594110 0.394946 0.594861 0.393951 0.598519 0.391846 0.600674 0.391732 0.601304 0.391289
0 0.808931 0.733489 0.809318 0.734151 0.809827 0.734261 0.811254 0.737462 0.811011 0.738567 0.811398 0.739229 0.811034 0.740886 0.811421 0.741548 0.810693 0.744863 0.810063 0.745306 0.809821 0.746411 0.809191 0.746854 0.809069 0.747406 0.805920 0.749620 0.804395 0.749292 0.804008 0.748629 0.802991 0.748410 0.802603 0.747748 0.800182 0.746647 0.797860 0.742675 0.798224 0.741017 0.797571 0.739140 0.798420 0.735273 0.801570 0.733059 0.802078 0.733168 0.802708 0.732726 0.805759 0.733383 0.806389 0.732941
0 0.170105 0.438923 0.170492 0.439585 0.173034 0.440133 0.174970 0.443444 0.174848 0.443996 0.175236 0.444658 0.174993 0.445763 0.175380 0.446425 0.174045 0.452503 0.172155 0.453831 0.172034 0.454384 0.170774 0.455269 0.170266 0.455160 0.169636 0.455603 0.162517 0.454068 0.162130 0.453405 0.162251 0.452853 0.160703 0.450205 0.161067 0.448547 0.160680 0.447885 0.161529 0.444018 0.162159 0.443575 0.162523 0.441917 0.163153 0.441474 0.164026 0.439927 0.165285 0.439041 0.165407 0.438488 0.165915 0.438598 0.166545 0.438155
0 0.374020 0.509511 0.374794 0.510836 0.375303 0.510945 0.376077 0.512269 0.375956 0.512822 0.377891 0.516133 0.376920 0.520553 0.374788 0.522986 0.374545 0.524091 0.372026 0.525862 0.371009 0.525643 0.370379 0.526086 0.366311 0.525209 0.365924 0.524547 0.363382 0.523998 0.361833 0.521350 0.362076 0.520245 0.361689 0.519583 0.361931 0.518478 0.361544 0.517816 0.362515 0.513396 0.363145 0.512953 0.364018 0.511405 0.365277 0.510519 0.365399 0.509967 0.365907 0.510076 0.367167 0.509191 0.368692 0.509520 0.369322 0.509077 0.371356 0.509516 0.371986 0.509073
0 0.473126 0.628096 0.473513 0.628758 0.474530 0.628977 0.474917 0.629639 0.475426 0.629749 0.475305 0.630301 0.476732 0.633502 0.476610 0.634055 0.476997 0.634717 0.476148 0.638584 0.475518 0.639027 0.473894 0.641570 0.472005 0.642899 0.471496 0.642789 0.469098 0.644008 0.466556 0.643460 0.466169 0.642798 0.464135 0.642359 0.463747 0.641697 0.462222 0.641368 0.462343 0.640816 0.461182 0.638829 0.461667 0.636619 0.461280 0.635957 0.461644 0.634300 0.462274 0.633857 0.462517 0.632752 0.463147 0.632309 0.463390 0.631204 0.464019 0.630761 0.464141 0.630209 0.467799 0.628104 0.468816 0.628323 0.470584 0.627547
0 0.695237 0.372196 0.698542 0.372908 0.698929 0.373571 0.699438 0.373680 0.699825 0.374342 0.699704 0.374895 0.700865 0.376881 0.700744 0.377434 0.701397 0.379311 0.701154 0.380415 0.701541 0.381078 0.700934 0.383840 0.700304 0.384283 0.700062 0.385388 0.699432 0.385831 0.699310 0.386383 0.696791 0.388155 0.696670 0.388707 0.694901 0.389483 0.688800 0.388167 0.688412 0.387505 0.687904 0.387396 0.685968 0.384085 0.686090 0.383532 0.685437 0.381656 0.686286 0.377788 0.686916 0.377345 0.688031 0.374693 0.690042 0.372812 0.690164 0.372259 0.690672 0.372369 0.691932 0.371483
0 0.240231 0.257880 0.240618 0.258542 0.241635 0.258762 0.242022 0.259424 0.242531 0.259533 0.244975 0.262954 0.244853 0.263506 0.245241 0.264168 0.244148 0.269141 0.243518 0.269584 0.243154 0.271241 0.241265 0.272570 0.240756 0.272460 0.240126 0.272903 0.239109 0.272683 0.238480 0.273126 0.236954 0.272797 0.236324 0.273240 0.234290 0.272802 0.233903 0.272139 0.232886 0.271920 0.232499 0.271258 0.231991 0.271148 0.230442 0.268500 0.230685 0.267395 0.230298 0.266733 0.231026 0.263418 0.232407 0.261980 0.232650 0.260875 0.237689 0.257332
0 0.550892 0.424397 0.551279 0.425059 0.552296 0.425278 0.552684 0.425940 0.554088 0.426822 0.556023 0.430133 0.555781 0.431237 0.556168 0.431900 0.555439 0.435215 0.554810 0.435657 0.553694 0.438310 0.549915 0.440967 0.549407 0.440858 0.548777 0.441300 0.547760 0.441081 0.547130 0.441524 0.544079 0.440866 0.543692 0.440204 0.542675 0.439985 0.542288 0.439323 0.541779 0.439213 0.538948 0.435130 0.539312 0.433473 0.538925 0.432811 0.540139 0.427286 0.540769 0.426843 0.540890 0.426291 0.544039 0.424076 0.545056 0.424296 0.545686 0.423853 0.547212 0.424182 0.547841 0.423739
0 0.924910 0.341287 0.925297 0.341949 0.927840 0.342498 0.928735 0.343269 0.930671 0.346580 0.931347 0.350776 0.930619 0.354091 0.931006 0.354753 0.929018 0.358954 0.927758 0.359840 0.927637 0.360392 0.923979 0.362497 0.921945 0.362058 0.921315 0.362501 0.916739 0.361514 0.916352 0.360852 0.915335 0.360633 0.913278 0.357875 0.911487 0.356331 0.910955 0.353902 0.911441 0.351692 0.911053 0.351030 0.911683 0.350587 0.912533 0.346720 0.913163 0.346277 0.914156 0.344176 0.916676 0.342405 0.921351 0.340520
0 0.270867 0.443291 0.271254 0.443953 0.273288 0.444391 0.273675 0.445053 0.274692 0.445273 0.275080 0.445935 0.275588 0.446045 0.276362 0.447369 0.276241 0.447921 0.276894 0.449798 0.275680 0.455323 0.275050 0.455766 0.274808 0.456871 0.274178 0.457313 0.273935 0.458418 0.273305 0.458861 0.273184 0.459414 0.271924 0.460300 0.271416 0.460190 0.269647 0.460966 0.268122 0.460637 0.267492 0.461080 0.265458 0.460641 0.265071 0.459979 0.263546 0.459650 0.261101 0.456230 0.260593 0.456120 0.260836 0.455015 0.260449 0.454353 0.260934 0.452143 0.260547 0.451481 0.260911 0.449824 0.261541 0.449381 0.262148 0.446618 0.262777 0.446175 0.263020 0.445070 0.264280 0.444185 0.264788 0.444294 0.267695 0.443185 0.269220 0.443514 0.269850 0.443071
0 0.387249 0.449290 0.387636 0.449953 0.388653 0.450172 0.389040 0.450834 0.389548 0.450944 0.392380 0.455026 0.392258 0.455579 0.392645 0.456241 0.391796 0.460108 0.391166 0.460551 0.390802 0.462208 0.390172 0.462651 0.389929 0.463756 0.386272 0.465861 0.385763 0.465751 0.385133 0.466194 0.383608 0.465865 0.382978 0.466308 0.382469 0.466198 0.382082 0.465536 0.380557 0.465207 0.380170 0.464545 0.379153 0.464326 0.378766 0.463663 0.377362 0.462782 0.375813 0.460134 0.376177 0.458476 0.375790 0.457814 0.377004 0.452289 0.377633 0.451846 0.378506 0.450299 0.379766 0.449413 0.379887 0.448860 0.380904 0.449080 0.381534 0.448637 0.384585 0.449295 0.385215 0.448852
0 0.797859 0.410527 0.798246 0.411189 0.801297 0.411847 0.801684 0.412509 0.802193 0.412618 0.804129 0.415929 0.804007 0.416481 0.804394 0.417144 0.802938 0.423773 0.799159 0.426431 0.798650 0.426321 0.798021 0.426764 0.793444 0.425777 0.793057 0.425115 0.791532 0.424786 0.790370 0.422799 0.790492 0.422247 0.789839 0.420370 0.790324 0.418160 0.789937 0.417498 0.790058 0.416946 0.790688 0.416503 0.791052 0.414845 0.791682 0.414402 0.791925 0.413298 0.792555 0.412855 0.793427 0.411307 0.795317 0.409978
0 0.374816 0.564076 0.375203 0.564739 0.376607 0.565620 0.378542 0.568931 0.378421 0.569483 0.379340 0.572574 0.379097 0.573679 0.378467 0.574122 0.377352 0.576775 0.376092 0.577661 0.375971 0.578213 0.374711 0.579099 0.374590 0.579651 0.372192 0.580870 0.371175 0.580651 0.370545 0.581094 0.370036 0.580984 0.369649 0.580322 0.365581 0.579445 0.363911 0.577349 0.364033 0.576796 0.363380 0.574920 0.363623 0.573815 0.363236 0.573152 0.363865 0.572710 0.364594 0.569395 0.365223 0.568952 0.366847 0.566409 0.368107 0.565523 0.368615 0.565633 0.369245 0.565190 0.370262 0.565409 0.374307 0.563967
0 0.417363 0.518279 0.422228 0.522800 0.424164 0.526110 0.424187 0.528430 0.424574 0.529092 0.424331 0.530197 0.424719 0.530859 0.424089 0.531302 0.422731 0.535060 0.421228 0.537050 0.419339 0.538379 0.418322 0.538160 0.416553 0.538936 0.415536 0.538716 0.413260 0.539383 0.410330 0.538172 0.409943 0.537510 0.408926 0.537291 0.405731 0.534866 0.403916 0.531003 0.405130 0.525478 0.405760 0.525035 0.406245 0.522825 0.408620 0.519287 0.411018 0.518068 0.416733 0.518722
0 0.416681 0.360159 0.419478 0.360762 0.421413 0.364073 0.421292 0.364625 0.422066 0.365949 0.421095 0.370369 0.420465 0.370812 0.420223 0.371917 0.419593 0.372360 0.419350 0.373465 0.415814 0.375017 0.414288 0.374688 0.413901 0.374026 0.409833 0.373149 0.408672 0.371162 0.408793 0.370610 0.408406 0.369948 0.408770 0.368290 0.408383 0.367628 0.409232 0.363761 0.409862 0.363318 0.410735 0.361770 0.411995 0.360884 0.412116 0.360332 0.413884 0.359556
0 0.717602 0.465553 0.720312 0.470187 0.719826 0.472397 0.719197 0.472840 0.718711 0.475050 0.718081 0.475493 0.717717 0.477150 0.717087 0.477593 0.716966 0.478146 0.714447 0.479917 0.710887 0.479150 0.710500 0.478487 0.708466 0.478049 0.707692 0.476725 0.708056 0.475067 0.707669 0.474405 0.707911 0.473300 0.707524 0.472638 0.708252 0.469323 0.708882 0.468880 0.709125 0.467775 0.709755 0.467332 0.709998 0.466227 0.710628 0.465785 0.710749 0.465232 0.711766 0.465451 0.712396 0.465009 0.714430 0.465447 0.715060 0.465004
0 0.319261 0.283601 0.319648 0.284263 0.321173 0.284592 0.321560 0.285254 0.323981 0.286355 0.325408 0.289556 0.325287 0.290109 0.326206 0.293200 0.325576 0.293643 0.324969 0.296405 0.324339 0.296848 0.322715 0.299391 0.320826 0.300720 0.319809 0.300500 0.319179 0.300943 0.316637 0.300395 0.316007 0.300838 0.313973 0.300399 0.313586 0.299737 0.312182 0.298856 0.311407 0.297531 0.311529 0.296979 0.309206 0.293006 0.310055 0.289139 0.310685 0.288696 0.310807 0.288143 0.312696 0.286815 0.312818 0.286262 0.316597 0.283605 0.317105 0.283715 0.317735 0.283272
0 0.529828 0.321483 0.530215 0.322146 0.532758 0.322694 0.534693 0.326005 0.534450 0.327109 0.534838 0.327772 0.533867 0.332191 0.533237 0.332634 0.532994 0.333739 0.530475 0.335511 0.529966 0.335401 0.529336 0.335844 0.522726 0.334418 0.521177 0.331770 0.521420 0.330665 0.521033 0.330003 0.521519 0.327793 0.521131 0.327131 0.521253 0.326578 0.521883 0.326135 0.522368 0.323925 0.522998 0.323483 0.523119 0.322930 0.524379 0.322044 0.524500 0.321492 0.526268 0.320716
0 0.743237 0.390069 0.743624 0.390731 0.745658 0.391169 0.746554 0.391941 0.748368 0.395804 0.748125 0.396909 0.748513 0.397571 0.748027 0.399781 0.748414 0.400443 0.747784 0.400886 0.747056 0.404201 0.745675 0.405639 0.745432 0.406744 0.742913 0.408516 0.741266 0.408739 0.739377 0.410068 0.738360 0.409848 0.737730 0.410291 0.733662 0.409414 0.733275 0.408752 0.732258 0.408533 0.730467 0.406989 0.729427 0.404450 0.729791 0.402793 0.729403 0.402131 0.730860 0.395501 0.731490 0.395058 0.731975 0.392848 0.733478 0.390857 0.739169 0.389191
0 0.977091 0.448017 0.978882 0.449561 0.981979 0.454858 0.981736 0.455963 0.982123 0.456625 0.980910 0.462150 0.980159 0.463145 0.979020 0.463478 0.977760 0.464364 0.977639 0.464916 0.975871 0.465692 0.974854 0.465473 0.974224 0.465916 0.966088 0.464162 0.964418 0.462066 0.963621 0.458422 0.963864 0.457317 0.963332 0.454887 0.963696 0.453230 0.965950 0.450244 0.969221 0.447477 0.970359 0.447144 0.972393 0.447583 0.973023 0.447140
0 0.488945 0.522141 0.489332 0.522803 0.490858 0.523132 0.493545 0.525447 0.495746 0.529973 0.495382 0.531630 0.495913 0.534059 0.495284 0.534502 0.494677 0.537265 0.492666 0.539146 0.492544 0.539698 0.490146 0.540917 0.489129 0.540698 0.488500 0.541140 0.486974 0.540811 0.486344 0.541254 0.481768 0.540268 0.481381 0.539605 0.478960 0.538505 0.478185 0.537180 0.477654 0.534751 0.478018 0.533094 0.477631 0.532432 0.478359 0.529117 0.478989 0.528674 0.479474 0.526464 0.481728 0.523478 0.484634 0.522369 0.485651 0.522588 0.486281 0.522145 0.487807 0.522474 0.488437 0.522031
0 0.661701 0.341818 0.662088 0.342480 0.664630 0.343028 0.665526 0.343800 0.667462 0.347111 0.668548 0.354289 0.667577 0.358709 0.666196 0.360147 0.665202 0.362247 0.661035 0.364242 0.655442 0.363036 0.654812 0.363479 0.654425 0.362817 0.649074 0.360506 0.647526 0.357857 0.647381 0.356090 0.646607 0.354766 0.646971 0.353108 0.646584 0.352446 0.648428 0.346479 0.651190 0.343602 0.653588 0.342383 0.655865 0.341717 0.656882 0.341936 0.658650 0.341160
0 0.374797 0.600528 0.375184 0.601190 0.376201 0.601409 0.376588 0.602071 0.377992 0.602953 0.379154 0.604939 0.379032 0.605491 0.379420 0.606154 0.379177 0.607259 0.379564 0.607921 0.378472 0.612893 0.377842 0.613336 0.376969 0.614884 0.375710 0.615769 0.374692 0.615550 0.374063 0.615993 0.372029 0.615554 0.371399 0.615997 0.368856 0.615449 0.368469 0.614787 0.367961 0.614677 0.366412 0.612029 0.366534 0.611476 0.365759 0.610152 0.366852 0.605180 0.367482 0.604737 0.367967 0.602527 0.371116 0.600313 0.371625 0.600422 0.372255 0.599979
0 0.303300 0.145333 0.306882 0.148420 0.309084 0.152945 0.308719 0.154603 0.309107 0.155265 0.308136 0.159685 0.307506 0.160128 0.307263 0.161233 0.304744 0.163004 0.304622 0.163557 0.301594 0.165218 0.300577 0.164999 0.298301 0.165665 0.297284 0.165446 0.296897 0.164784 0.292320 0.163797 0.289876 0.160377 0.289079 0.156733 0.290050 0.152313 0.290680 0.151870 0.291044 0.150213 0.292546 0.148222 0.295817 0.145455 0.296955 0.145122 0.298481 0.145451 0.299110 0.145008 0.300636 0.145337 0.301266 0.144894
0 0.563003 0.277137 0.563390 0.277799 0.563899 0.277909 0.565447 0.280557 0.564840 0.283319 0.565227 0.283982 0.565106 0.284534 0.564476 0.284977 0.563748 0.288292 0.562488 0.289178 0.562367 0.289730 0.560477 0.291059 0.559969 0.290949 0.559339 0.291392 0.552220 0.289857 0.551446 0.288532 0.551567 0.287980 0.550914 0.286103 0.551400 0.283893 0.551013 0.283231 0.551377 0.281574 0.552758 0.280135 0.553001 0.279031 0.553630 0.278588 0.553752 0.278035 0.555641 0.276707 0.556658 0.276926 0.557288 0.276483 0.559831 0.277031 0.560461 0.276589
0 0.207512 0.309848 0.207899 0.310510 0.208916 0.310729 0.209303 0.311391 0.210708 0.312273 0.211748 0.314812 0.211626 0.315364 0.212401 0.316688 0.211551 0.320556 0.210170 0.321994 0.209927 0.323099 0.208546 0.324537 0.208038 0.324427 0.206778 0.325313 0.206269 0.325203 0.204501 0.325980 0.199925 0.324993 0.199538 0.324331 0.197504 0.323892 0.196342 0.321906 0.196464 0.321353 0.196077 0.320691 0.196441 0.319034 0.196054 0.318371 0.197146 0.313399 0.199157 0.311518 0.199278 0.310966 0.201168 0.309637 0.202693 0.309966 0.203323 0.309523 0.206374 0.310181 0.207004 0.309738
0 0.732826 0.338059 0.734109 0.339493 0.735126 0.339713 0.736917 0.341256 0.737692 0.342580 0.738489 0.346224 0.738391 0.349096 0.738778 0.349758 0.738315 0.354288 0.736183 0.356721 0.734294 0.358050 0.732260 0.357611 0.731630 0.358054 0.729596 0.357616 0.728966 0.358058 0.721460 0.355861 0.719790 0.353765 0.719258 0.351336 0.719501 0.350231 0.719114 0.349569 0.720206 0.344597 0.720836 0.344154 0.721200 0.342496 0.723333 0.340063 0.725852 0.338291 0.729024 0.338397 0.731301 0.337730
0 0.317618 0.322596 0.318005 0.323258 0.319022 0.323477 0.319409 0.324139 0.319918 0.324249 0.321079 0.326235 0.321588 0.326345 0.322241 0.328222 0.321877 0.329879 0.322264 0.330541 0.321535 0.333856 0.320906 0.334299 0.320542 0.335956 0.319912 0.336399 0.319790 0.336952 0.314607 0.338727 0.311556 0.338069 0.311169 0.337407 0.310661 0.337298 0.309499 0.335311 0.309621 0.334759 0.308846 0.333435 0.308968 0.332882 0.308049 0.329791 0.308413 0.328133 0.309043 0.327690 0.309286 0.326585 0.309916 0.326143 0.310037 0.325590 0.313816 0.322933 0.313937 0.322381 0.314446 0.322490 0.315076 0.322047
0 0.690389 0.216071 0.693948 0.216838 0.694722 0.218163 0.695231 0.218272 0.696392 0.220259 0.696271 0.220811 0.696658 0.221473 0.696415 0.222578 0.696802 0.223240 0.696560 0.224345 0.696947 0.225007 0.696317 0.225450 0.695710 0.228213 0.695080 0.228656 0.694959 0.229208 0.691810 0.231422 0.691301 0.231313 0.689533 0.232089 0.682922 0.230663 0.681253 0.228567 0.681374 0.228015 0.680334 0.225476 0.680698 0.223818 0.680311 0.223156 0.680796 0.220946 0.681426 0.220503 0.683050 0.217960 0.684310 0.217075 0.684431 0.216522 0.684940 0.216632 0.686829 0.215303
0 0.998397 0.461221 0.998397 0.461884 0.998397 0.462761 0.998397 0.465076 0.998397 0.470154 0.998397 0.473469 0.998397 0.474131 0.998397 0.474574 0.998397 0.477889 0.998397 0.481541 0.998397 0.482541 0.998397 0.481115 0.998397 0.478800 0.996765 0.474827 0.996499 0.473612 0.997470 0.469193 0.998100 0.468750 0.998397 0.466540 0.998397 0.464549 0.998397 0.461782 0.998397 0.460783
0 0.620141 0.729814 0.620528 0.730476 0.624983 0.732015 0.626775 0.733559 0.629485 0.738194 0.630282 0.741838 0.630039 0.742943 0.630426 0.743605 0.629675 0.744600 0.629068 0.747362 0.626427 0.749686 0.626306 0.750239 0.625798 0.750129 0.624538 0.751015 0.623521 0.750795 0.622891 0.751238 0.614755 0.749484 0.612068 0.747169 0.609746 0.743196 0.609965 0.739771 0.609578 0.739109 0.610549 0.734689 0.611179 0.734246 0.612294 0.731594 0.614692 0.730375 0.615709 0.730594 0.617986 0.729928 0.619511 0.730257
0 0.984980 0.412106 0.989458 0.415964 0.991393 0.419275 0.991416 0.421595 0.991803 0.422257 0.991561 0.423362 0.991948 0.424024 0.991341 0.426786 0.990711 0.427229 0.990347 0.428887 0.989596 0.429882 0.986446 0.432096 0.985429 0.431877 0.984800 0.432320 0.982766 0.431881 0.982136 0.432324 0.979085 0.431666 0.978698 0.431004 0.974872 0.429022 0.973445 0.425821 0.973180 0.424606 0.973665 0.422396 0.973278 0.421734 0.973885 0.418972 0.974514 0.418529 0.974879 0.416871 0.975508 0.416429 0.975751 0.415324 0.977254 0.413333 0.978513 0.412447 0.981686 0.412553 0.982316 0.412110 0.983841 0.412439 0.984471 0.411996
0 0.319065 0.429959 0.319452 0.430621 0.324803 0.432932 0.327513 0.437567 0.327923 0.440549 0.328697 0.441873 0.328090 0.444635 0.328477 0.445297 0.326224 0.448283 0.325981 0.449388 0.323970 0.451269 0.323727 0.452374 0.320578 0.454588 0.316389 0.454264 0.315759 0.454707 0.312708 0.454049 0.311425 0.452615 0.307213 0.449971 0.304237 0.444121 0.306058 0.435834 0.306687 0.435391 0.307173 0.433181 0.312212 0.429638 0.317927 0.430292 0.318556 0.429849
0 0.998397 0.360248 0.998397 0.360910 0.998397 0.361677 0.998397 0.362449 0.998397 0.365760 0.998397 0.370618 0.998397 0.375591 0.998397 0.376476 0.998397 0.379019 0.998397 0.380462 0.998397 0.379036 0.998397 0.378374 0.998397 0.378155 0.998397 0.376611 0.998397 0.374625 0.998397 0.374072 0.998397 0.371534 0.998397 0.366009 0.998397 0.365566 0.998397 0.364461 0.998397 0.360366 0.998397 0.359699
0 0.277989 0.534518 0.282588 0.537824 0.284137 0.540473 0.285200 0.545331 0.284495 0.550966 0.281877 0.555609 0.276838 0.559152 0.271898 0.559822 0.269864 0.559384 0.269477 0.558722 0.267951 0.558393 0.265143 0.556630 0.262820 0.552657 0.262000 0.546694 0.263456 0.540064 0.264716 0.539178 0.266340 0.536635 0.269489 0.534421 0.271014 0.534750 0.274938 0.533860
0 0.581661 0.635875 0.582048 0.636537 0.584082 0.636976 0.584469 0.637638 0.585994 0.637967 0.586381 0.638629 0.586890 0.638739 0.588438 0.641387 0.588196 0.642492 0.588583 0.643155 0.588219 0.644812 0.588606 0.645474 0.587999 0.648237 0.587369 0.648679 0.587005 0.650337 0.586375 0.650780 0.586254 0.651332 0.584994 0.652218 0.584873 0.652770 0.583105 0.653546 0.581579 0.653217 0.580949 0.653660 0.576881 0.652783 0.576494 0.652121 0.575090 0.651239 0.574703 0.650577 0.574824 0.650025 0.572889 0.646714 0.573617 0.643399 0.573230 0.642737 0.575362 0.640304 0.575605 0.639199 0.578754 0.636985 0.579263 0.637094 0.580522 0.636208 0.581031 0.636318
0 0.394180 0.534111 0.394567 0.534773 0.398514 0.536203 0.400305 0.537747 0.402628 0.541719 0.402893 0.542934 0.402529 0.544591 0.402916 0.545254 0.401824 0.550226 0.401194 0.550669 0.400830 0.552326 0.400079 0.553322 0.396930 0.555536 0.394653 0.556202 0.393127 0.555873 0.392498 0.556316 0.387413 0.555220 0.387026 0.554557 0.385500 0.554228 0.383200 0.552575 0.381531 0.550479 0.380999 0.548050 0.381363 0.546393 0.380976 0.545730 0.381825 0.541863 0.385073 0.536777 0.388731 0.534672 0.389748 0.534892 0.392025 0.534225 0.393550 0.534554
0 0.759058 0.756875 0.761744 0.759190 0.764454 0.763825 0.764720 0.765040 0.764356 0.766697 0.764743 0.767359 0.763893 0.771227 0.764281 0.771889 0.763651 0.772332 0.763287 0.773989 0.762657 0.774432 0.762414 0.775537 0.759895 0.777308 0.758878 0.777089 0.756480 0.778308 0.755463 0.778089 0.754833 0.778532 0.749239 0.777326 0.748852 0.776663 0.746818 0.776225 0.745536 0.774791 0.744108 0.771590 0.744473 0.769932 0.744062 0.766951 0.745276 0.761426 0.747530 0.758440 0.750679 0.756226 0.751696 0.756445 0.752326 0.756002 0.755885 0.756770 0.756515 0.756327
0 0.672890 0.433922 0.673277 0.434584 0.673786 0.434694 0.674560 0.436018 0.675069 0.436128 0.675456 0.436790 0.675334 0.437343 0.676109 0.438667 0.675987 0.439219 0.676761 0.440544 0.676033 0.443859 0.675403 0.444301 0.675282 0.444854 0.673393 0.446182 0.672884 0.446073 0.671624 0.446958 0.671116 0.446849 0.670486 0.447292 0.665401 0.446195 0.665014 0.445533 0.663489 0.445204 0.662327 0.443218 0.662448 0.442665 0.662061 0.442003 0.663154 0.437031 0.663783 0.436588 0.664026 0.435483 0.664656 0.435040 0.664899 0.433935 0.665529 0.433492 0.666546 0.433712 0.667175 0.433269 0.669209 0.433707 0.669839 0.433265
0 0.742425 0.653181 0.742812 0.653844 0.744216 0.654725 0.745378 0.656711 0.745256 0.657264 0.746175 0.660355 0.745568 0.663118 0.744938 0.663560 0.743580 0.667318 0.741691 0.668647 0.741182 0.668537 0.738276 0.669646 0.734716 0.668879 0.734329 0.668217 0.731787 0.667668 0.731400 0.667006 0.730891 0.666897 0.729343 0.664248 0.729949 0.661486 0.729562 0.660824 0.730533 0.656404 0.732423 0.655075 0.732544 0.654523 0.734434 0.653194 0.734555 0.652642 0.735064 0.652751 0.735693 0.652308 0.738744 0.652966 0.739374 0.652524
0 0.791343 0.367458 0.791730 0.368120 0.794272 0.368669 0.794659 0.369331 0.797710 0.369989 0.798098 0.370651 0.803327 0.373514 0.805384 0.376272 0.805650 0.377487 0.805164 0.379697 0.805551 0.380359 0.804921 0.380802 0.803563 0.384560 0.800680 0.387989 0.797773 0.389098 0.796756 0.388879 0.794988 0.389655 0.793463 0.389326 0.792324 0.389659 0.791937 0.388997 0.786852 0.387900 0.785061 0.386357 0.783513 0.383708 0.783490 0.381389 0.782837 0.379512 0.784050 0.373987 0.784680 0.373544 0.785044 0.371887 0.786425 0.370449 0.789575 0.368234 0.790083 0.368344
0 0.767062 0.541027 0.767449 0.541689 0.768975 0.542018 0.769362 0.542680 0.771274 0.543671 0.773597 0.547644 0.774129 0.550073 0.773158 0.554493 0.772528 0.554936 0.771413 0.557589 0.767633 0.560246 0.765478 0.560360 0.764848 0.560803 0.763323 0.560474 0.762693 0.560916 0.761676 0.560697 0.761289 0.560035 0.759255 0.559596 0.758868 0.558934 0.756955 0.557943 0.755019 0.554633 0.754754 0.553418 0.755239 0.551208 0.754852 0.550546 0.756453 0.545683 0.757083 0.545240 0.757325 0.544135 0.758828 0.542145 0.762243 0.541145 0.764907 0.541141 0.765537 0.540698
0 0.515612 0.703802 0.515999 0.704464 0.518541 0.705013 0.518929 0.705675 0.519946 0.705894 0.522534 0.711081 0.522800 0.712296 0.522436 0.713953 0.522823 0.714615 0.521609 0.720140 0.520979 0.720583 0.519864 0.723236 0.515698 0.725231 0.508458 0.724248 0.507175 0.722814 0.506158 0.722595 0.504101 0.719837 0.503569 0.717408 0.503812 0.716303 0.503425 0.715641 0.504638 0.710116 0.505268 0.709673 0.505633 0.708015 0.507135 0.706025 0.507643 0.706134 0.508395 0.705139 0.508903 0.705249 0.510163 0.704363 0.512440 0.703697 0.513456 0.703916 0.514086 0.703473
0 0.744658 0.737568 0.745046 0.738230 0.746063 0.738449 0.747854 0.739993 0.748628 0.741317 0.749425 0.744961 0.748940 0.747171 0.749327 0.747833 0.749084 0.748938 0.746201 0.752367 0.745692 0.752257 0.744433 0.753143 0.742786 0.753366 0.741526 0.754252 0.739249 0.754919 0.733003 0.751836 0.731842 0.749849 0.731333 0.749740 0.730680 0.747863 0.731651 0.743443 0.732281 0.743000 0.732767 0.740790 0.733518 0.739795 0.736788 0.737028 0.737927 0.736695 0.739452 0.737024 0.740082 0.736581
0 0.535613 0.469709 0.536000 0.470371 0.539051 0.471029 0.539947 0.471801 0.543552 0.477208 0.544084 0.479637 0.542870 0.485162 0.541367 0.487152 0.536207 0.491248 0.534052 0.491361 0.533422 0.491804 0.527829 0.490598 0.527442 0.489936 0.526425 0.489717 0.524633 0.488173 0.524223 0.485191 0.523449 0.483867 0.523934 0.481657 0.523547 0.480995 0.525004 0.474365 0.525634 0.473922 0.525998 0.472265 0.526506 0.472375 0.529025 0.470603 0.529534 0.470713 0.532562 0.469051
0 0.374601 0.414737 0.374988 0.415399 0.376392 0.416281 0.379102 0.420916 0.378859 0.422021 0.379247 0.422683 0.378154 0.427655 0.377524 0.428098 0.377403 0.428650 0.374132 0.431417 0.373624 0.431307 0.372994 0.431750 0.371977 0.431531 0.371347 0.431974 0.369822 0.431645 0.369435 0.430983 0.367401 0.430544 0.367014 0.429882 0.365997 0.429663 0.365610 0.429001 0.365101 0.428891 0.363553 0.426243 0.363674 0.425690 0.363287 0.425028 0.364258 0.420608 0.365639 0.419170 0.365882 0.418065 0.366511 0.417622 0.366633 0.417070 0.367892 0.416184 0.368401 0.416294 0.369031 0.415851 0.370048 0.416070 0.374093 0.414628
0 0.869987 0.341596 0.870374 0.342258 0.870883 0.342368 0.872697 0.346231 0.871969 0.349546 0.872356 0.350208 0.871506 0.354075 0.870876 0.354518 0.870755 0.355071 0.868236 0.356842 0.867727 0.356732 0.865959 0.357508 0.863416 0.356960 0.862787 0.357403 0.858719 0.356526 0.857049 0.354430 0.857170 0.353877 0.856517 0.352001 0.856760 0.350896 0.856373 0.350233 0.856858 0.348023 0.856471 0.347361 0.857101 0.346918 0.857465 0.345261 0.858095 0.344818 0.858338 0.343713 0.858968 0.343270 0.859089 0.342718 0.860349 0.341832 0.860857 0.341942 0.863255 0.340723 0.865798 0.341271 0.866427 0.340828
0 0.447363 0.384135 0.447750 0.384797 0.450050 0.386450 0.451720 0.388546 0.451477 0.389651 0.451864 0.390313 0.450651 0.395838 0.450021 0.396281 0.449148 0.397828 0.447888 0.398714 0.447767 0.399267 0.447259 0.399157 0.446629 0.399600 0.445612 0.399381 0.444982 0.399823 0.440914 0.398946 0.440527 0.398284 0.438493 0.397846 0.438106 0.397183 0.437597 0.397074 0.436049 0.394425 0.436170 0.393873 0.435783 0.393211 0.436147 0.391553 0.435760 0.390891 0.436245 0.388681 0.438256 0.386800 0.438378 0.386248 0.439637 0.385362 0.439759 0.384809 0.440267 0.384919 0.440897 0.384476 0.441914 0.384696 0.442544 0.384253 0.443561 0.384472 0.444191 0.384029 0.445208 0.384248 0.445838 0.383806
0 0.098642 0.485429 0.099029 0.486091 0.101329 0.487745 0.102369 0.490284 0.102248 0.490836 0.102901 0.492713 0.102537 0.494370 0.102924 0.495032 0.102438 0.497242 0.101808 0.497685 0.100185 0.500228 0.098295 0.501557 0.097787 0.501447 0.097157 0.501890 0.096140 0.501671 0.095510 0.502114 0.093984 0.501785 0.093354 0.502227 0.092846 0.502118 0.092459 0.501456 0.090933 0.501127 0.090546 0.500465 0.089142 0.499583 0.087981 0.497597 0.088102 0.497044 0.087715 0.496382 0.087958 0.495277 0.087571 0.494615 0.088056 0.492405 0.088686 0.491962 0.089293 0.489200 0.090552 0.488314 0.090674 0.487762 0.092055 0.486324 0.092563 0.486433 0.093823 0.485547 0.094332 0.485657 0.096100 0.484881
0 0.256948 0.242389 0.262033 0.243486 0.265252 0.248230 0.265130 0.248783 0.265904 0.250107 0.266436 0.252536 0.265951 0.254746 0.266338 0.255408 0.266095 0.256513 0.263841 0.259499 0.259675 0.261494 0.258658 0.261275 0.258028 0.261718 0.253452 0.260731 0.253065 0.260069 0.251031 0.259630 0.248465 0.256762 0.248199 0.255548 0.248442 0.254443 0.248055 0.253781 0.249633 0.246598 0.250263 0.246156 0.250505 0.245051 0.251257 0.244055 0.254406 0.241841
0 0.859532 0.566174 0.861323 0.567718 0.864299 0.573567 0.864079 0.576992 0.864466 0.577654 0.863836 0.578097 0.863108 0.581412 0.861849 0.582297 0.861727 0.582850 0.858578 0.585064 0.856301 0.585730 0.855284 0.585511 0.854655 0.585954 0.854267 0.585292 0.848795 0.583533 0.847004 0.581990 0.844803 0.577464 0.845045 0.576359 0.844658 0.575697 0.845386 0.572382 0.846768 0.570944 0.847010 0.569839 0.852800 0.565301 0.855851 0.565959 0.856481 0.565516
0 0.225242 0.587953 0.228825 0.591040 0.230737 0.592031 0.231899 0.594018 0.232817 0.597109 0.232332 0.599319 0.232719 0.599981 0.231505 0.605506 0.230876 0.605949 0.229760 0.608602 0.226611 0.610816 0.223704 0.611925 0.222688 0.611706 0.220411 0.612372 0.218377 0.611934 0.217990 0.611272 0.215956 0.610833 0.215569 0.610171 0.213147 0.609070 0.213269 0.608518 0.212108 0.606531 0.212084 0.604212 0.211432 0.602335 0.211674 0.601230 0.211287 0.600568 0.212137 0.596700 0.212767 0.596258 0.214003 0.593052 0.215263 0.592167 0.216136 0.590619 0.218655 0.588847 0.222966 0.588620 0.224734 0.587844
0 0.653773 0.501553 0.657333 0.502321 0.657720 0.502983 0.658228 0.503093 0.659002 0.504417 0.659511 0.504527 0.659898 0.505189 0.659777 0.505741 0.660430 0.507618 0.660187 0.508723 0.660574 0.509385 0.660453 0.509937 0.659823 0.510380 0.659216 0.513143 0.657956 0.514028 0.657713 0.515133 0.657084 0.515576 0.656962 0.516129 0.654056 0.517238 0.651513 0.516690 0.651126 0.516028 0.648075 0.515370 0.647688 0.514708 0.646671 0.514488 0.645897 0.513164 0.646018 0.512612 0.645365 0.510735 0.646579 0.505210 0.647209 0.504767 0.647694 0.502557 0.650214 0.500786
0 0.700001 0.289897 0.703306 0.290610 0.703694 0.291272 0.703572 0.291824 0.704225 0.293701 0.703982 0.294806 0.704370 0.295468 0.703641 0.298783 0.703012 0.299226 0.702890 0.299778 0.702260 0.300221 0.702139 0.300774 0.700879 0.301659 0.697320 0.300892 0.696690 0.301334 0.694656 0.300896 0.693495 0.298910 0.693616 0.298357 0.692842 0.297033 0.692963 0.296480 0.692576 0.295818 0.693206 0.295375 0.693934 0.292060 0.696696 0.289184
0 0.928573 0.518567 0.928960 0.519229 0.930486 0.519558 0.930873 0.520220 0.932399 0.520549 0.932786 0.521211 0.933803 0.521430 0.935738 0.524741 0.935253 0.526951 0.935640 0.527613 0.934912 0.530928 0.934282 0.531371 0.934039 0.532476 0.933409 0.532919 0.933288 0.533471 0.929630 0.535576 0.929122 0.535466 0.928492 0.535909 0.927475 0.535690 0.926845 0.536133 0.925320 0.535804 0.924690 0.536246 0.924181 0.536137 0.923794 0.535475 0.922777 0.535255 0.922390 0.534593 0.920986 0.533712 0.920576 0.530730 0.919802 0.529406 0.920894 0.524433 0.922275 0.522995 0.922518 0.521890 0.925667 0.519676 0.926175 0.519786 0.927435 0.518900 0.927944 0.519010
0 0.582065 0.293399 0.585370 0.294112 0.585757 0.294774 0.586266 0.294883 0.587040 0.296208 0.587549 0.296317 0.587936 0.296979 0.587815 0.297532 0.588202 0.298194 0.587959 0.299299 0.588612 0.301176 0.588369 0.302281 0.587739 0.302724 0.587254 0.304933 0.585364 0.306262 0.585243 0.306814 0.584734 0.306705 0.582845 0.308033 0.582336 0.307924 0.581706 0.308367 0.579672 0.307928 0.579285 0.307266 0.575217 0.306389 0.573790 0.303188 0.574033 0.302083 0.573646 0.301421 0.574010 0.299763 0.573623 0.299101 0.573865 0.297996 0.574495 0.297553 0.574738 0.296448 0.575368 0.296005 0.575611 0.294900 0.577500 0.293572 0.577622 0.293019 0.578130 0.293129 0.578760 0.292686
0 0.803389 0.584158 0.803776 0.584820 0.805302 0.585149 0.805689 0.585811 0.807214 0.586140 0.807601 0.586802 0.808110 0.586912 0.809658 0.589561 0.809173 0.591770 0.809560 0.592433 0.809075 0.594643 0.808445 0.595085 0.808081 0.596743 0.806700 0.598181 0.806191 0.598071 0.804423 0.598847 0.802897 0.598518 0.802268 0.598961 0.800234 0.598523 0.799604 0.598966 0.798321 0.597532 0.797813 0.597422 0.796651 0.595436 0.797379 0.592121 0.796992 0.591459 0.797114 0.590906 0.797743 0.590463 0.798472 0.587148 0.799101 0.586706 0.799223 0.586153 0.801742 0.584382 0.802251 0.584491 0.802881 0.584048
0 0.366750 0.186212 0.367137 0.186874 0.369171 0.187312 0.369559 0.187974 0.371084 0.188303 0.371471 0.188966 0.371980 0.189075 0.373141 0.191062 0.373020 0.191614 0.373938 0.194705 0.372725 0.200230 0.372095 0.200673 0.371852 0.201778 0.371222 0.202221 0.371101 0.202773 0.370592 0.202664 0.368194 0.203883 0.365652 0.203334 0.365022 0.203777 0.361463 0.203010 0.361075 0.202348 0.359671 0.201466 0.358897 0.200142 0.358389 0.200032 0.358631 0.198927 0.358244 0.198265 0.358366 0.197713 0.357204 0.195726 0.358296 0.190754 0.358926 0.190311 0.360550 0.187768 0.363578 0.186106 0.364595 0.186326 0.365225 0.185883
0 0.784931 0.309368 0.787254 0.313340 0.787132 0.313893 0.788294 0.315879 0.788172 0.316432 0.788825 0.318308 0.788727 0.321180 0.788097 0.321623 0.787854 0.322728 0.787224 0.323171 0.787103 0.323724 0.784584 0.325495 0.784075 0.325385 0.781169 0.326495 0.779643 0.326166 0.779256 0.325503 0.777222 0.325065 0.776835 0.324403 0.774801 0.323964 0.773252 0.321316 0.773374 0.320763 0.772987 0.320101 0.773229 0.318996 0.772842 0.318334 0.773934 0.313362 0.775194 0.312476 0.775316 0.311923 0.777714 0.310705 0.778731 0.310924 0.783914 0.309148
0 0.441204 0.351559 0.441592 0.352221 0.442609 0.352441 0.442996 0.353103 0.444013 0.353322 0.444400 0.353984 0.445804 0.354866 0.446191 0.355528 0.446070 0.356080 0.446844 0.357404 0.446601 0.358509 0.446988 0.359172 0.446867 0.359724 0.446237 0.360167 0.445630 0.362929 0.445000 0.363372 0.444879 0.363925 0.442360 0.365696 0.441851 0.365586 0.441221 0.366029 0.440204 0.365810 0.439575 0.366253 0.436015 0.365485 0.435628 0.364823 0.434611 0.364604 0.433184 0.361403 0.433305 0.360850 0.432918 0.360188 0.433161 0.359083 0.432774 0.358421 0.433380 0.355659 0.434010 0.355216 0.435634 0.352673 0.436143 0.352782 0.437402 0.351897 0.437911 0.352006 0.438541 0.351563 0.439558 0.351783 0.440188 0.351340
0 0.399910 0.600156 0.400297 0.600818 0.401314 0.601038 0.402862 0.603686 0.402741 0.604239 0.404168 0.607440 0.403925 0.608545 0.404313 0.609207 0.403342 0.613627 0.402590 0.614622 0.400071 0.616393 0.399950 0.616946 0.397043 0.618055 0.396026 0.617836 0.395396 0.618279 0.393871 0.617950 0.393484 0.617287 0.388907 0.616301 0.388012 0.615529 0.385423 0.610341 0.385909 0.608132 0.386538 0.607689 0.386903 0.606031 0.388162 0.605145 0.388913 0.604150 0.389156 0.603045 0.390416 0.602160 0.390537 0.601607 0.393057 0.599836 0.394582 0.600165 0.395212 0.599722 0.397246 0.600160 0.397876 0.599718
0 0.504949 0.575356 0.505337 0.576018 0.509404 0.576896 0.509283 0.577448 0.509670 0.578110 0.509549 0.578663 0.510202 0.580539 0.509959 0.581644 0.509329 0.582087 0.509086 0.583192 0.508457 0.583635 0.508214 0.584740 0.507584 0.585183 0.507463 0.585735 0.505573 0.587064 0.505064 0.586954 0.504435 0.587397 0.503418 0.587178 0.502788 0.587620 0.500245 0.587072 0.499084 0.585086 0.499205 0.584533 0.498552 0.582657 0.499402 0.578789 0.500032 0.578346 0.500153 0.577794 0.500783 0.577351 0.500905 0.576799 0.502164 0.575913 0.502286 0.575361 0.502794 0.575470 0.503424 0.575027
0 0.692334 0.437536 0.692721 0.438199 0.694125 0.439080 0.694900 0.440404 0.694657 0.441509 0.695044 0.442171 0.694801 0.443276 0.695189 0.443938 0.694824 0.445596 0.694194 0.446039 0.693952 0.447144 0.693322 0.447587 0.693079 0.448692 0.691698 0.450130 0.691190 0.450020 0.689421 0.450796 0.685354 0.449919 0.684966 0.449257 0.683949 0.449037 0.683562 0.448375 0.683054 0.448266 0.682280 0.446941 0.682401 0.446389 0.682014 0.445727 0.683106 0.440755 0.683736 0.440312 0.683979 0.439207 0.685360 0.437768 0.685868 0.437878 0.687636 0.437102 0.688653 0.437321 0.689283 0.436879
0 0.237831 0.501555 0.240517 0.503870 0.241292 0.505194 0.242309 0.505414 0.243204 0.506186 0.243978 0.507510 0.244776 0.511154 0.243805 0.515574 0.243175 0.516016 0.242932 0.517121 0.241430 0.519112 0.239540 0.520440 0.238523 0.520221 0.236247 0.520888 0.232179 0.520010 0.231792 0.519348 0.230775 0.519129 0.228983 0.517585 0.228209 0.516261 0.227701 0.516152 0.227435 0.514937 0.227678 0.513832 0.227025 0.511955 0.227631 0.509193 0.227244 0.508531 0.227487 0.507426 0.228117 0.506983 0.228724 0.504220 0.229475 0.503225 0.231486 0.501344 0.233011 0.501673 0.233641 0.501230 0.236184 0.501778 0.236813 0.501336
0 0.934404 0.671432 0.934791 0.672094 0.937213 0.673195 0.939899 0.675510 0.941448 0.678158 0.941205 0.679263 0.941858 0.681140 0.941615 0.682245 0.942003 0.682907 0.941153 0.686775 0.938899 0.689761 0.936623 0.690427 0.929504 0.688892 0.929116 0.688230 0.928100 0.688011 0.927204 0.687239 0.924494 0.682604 0.925101 0.679841 0.924714 0.679179 0.924957 0.678074 0.925586 0.677631 0.926193 0.674869 0.926944 0.673874 0.928834 0.672545 0.932249 0.671546 0.933266 0.671765 0.933896 0.671322
0 0.581546 0.432743 0.581933 0.433405 0.584354 0.434506 0.586533 0.436711 0.586290 0.437816 0.586677 0.438478 0.586434 0.439583 0.586822 0.440246 0.585729 0.445218 0.584470 0.446104 0.583597 0.447651 0.582337 0.448537 0.581829 0.448427 0.580061 0.449203 0.577397 0.449208 0.576767 0.449651 0.576380 0.448988 0.574854 0.448659 0.574467 0.447997 0.573450 0.447778 0.573063 0.447116 0.571659 0.446234 0.571780 0.445682 0.570619 0.443696 0.570740 0.443143 0.570353 0.442481 0.570960 0.439719 0.571590 0.439276 0.571954 0.437618 0.572584 0.437175 0.573456 0.435628 0.577236 0.432971 0.577744 0.433080 0.579512 0.432304
0 0.464266 0.183514 0.464653 0.184176 0.466179 0.184505 0.469883 0.187040 0.471819 0.190351 0.472350 0.192780 0.471888 0.197309 0.472275 0.197972 0.470940 0.204049 0.467039 0.207258 0.463624 0.208258 0.462607 0.208039 0.460331 0.208705 0.452825 0.206508 0.451033 0.204964 0.449728 0.201211 0.449970 0.200106 0.449583 0.199444 0.450311 0.196129 0.449924 0.195467 0.450554 0.195024 0.451404 0.191156 0.457049 0.184851 0.460464 0.183852 0.463637 0.183957
0 0.652307 0.290028 0.652694 0.290690 0.654098 0.291572 0.656808 0.296207 0.655837 0.300627 0.654456 0.302065 0.654213 0.303170 0.652324 0.304498 0.651815 0.304389 0.647770 0.305831 0.646245 0.305502 0.645858 0.304840 0.643315 0.304292 0.642928 0.303630 0.641403 0.303301 0.640628 0.301976 0.640750 0.301424 0.640097 0.299547 0.640340 0.298442 0.639687 0.296565 0.639808 0.296013 0.640438 0.295570 0.641045 0.292808 0.641675 0.292365 0.641796 0.291812 0.644945 0.289598 0.645962 0.289817 0.646592 0.289375 0.648118 0.289704 0.648747 0.289261
0 0.814455 0.395588 0.818015 0.396356 0.818402 0.397018 0.818910 0.397128 0.820072 0.399114 0.819829 0.400219 0.820216 0.400881 0.819245 0.405301 0.818615 0.405744 0.818251 0.407401 0.817621 0.407844 0.817500 0.408397 0.814351 0.410611 0.811808 0.410062 0.811178 0.410505 0.807619 0.409738 0.807232 0.409076 0.806723 0.408966 0.804401 0.404993 0.805493 0.400021 0.806123 0.399578 0.806608 0.397368 0.807238 0.396925 0.807359 0.396373 0.808619 0.395487 0.809128 0.395597 0.810896 0.394821
0 0.379458 0.482330 0.379845 0.482992 0.381879 0.483431 0.382267 0.484093 0.384688 0.485193 0.387785 0.490490 0.387421 0.492148 0.387808 0.492810 0.387080 0.496125 0.386450 0.496568 0.386086 0.498225 0.383202 0.501654 0.382694 0.501544 0.381434 0.502430 0.374194 0.501448 0.373807 0.500785 0.372790 0.500566 0.370998 0.499023 0.369063 0.495712 0.369305 0.494607 0.368918 0.493945 0.369404 0.491735 0.369017 0.491073 0.369259 0.489968 0.369889 0.489525 0.370496 0.486763 0.373888 0.483443 0.377303 0.482444 0.378829 0.482773
0 0.338751 0.498592 0.339138 0.499254 0.339646 0.499363 0.340929 0.500797 0.340565 0.502455 0.340952 0.503117 0.340224 0.506432 0.339594 0.506875 0.339230 0.508532 0.336468 0.511408 0.335959 0.511299 0.335330 0.511742 0.331770 0.510974 0.331383 0.510312 0.330874 0.510202 0.329326 0.507554 0.329447 0.507001 0.329060 0.506339 0.329303 0.505234 0.328916 0.504572 0.329523 0.501810 0.330152 0.501367 0.330274 0.500814 0.330904 0.500371 0.331776 0.498824 0.332285 0.498933 0.333544 0.498048 0.334561 0.498267 0.335191 0.497824
0 0.956577 0.451695 0.958247 0.453791 0.958126 0.454343 0.958900 0.455668 0.958779 0.456220 0.959166 0.456882 0.958923 0.457987 0.959310 0.458649 0.958340 0.463069 0.957710 0.463512 0.957346 0.465170 0.955456 0.466498 0.954947 0.466388 0.953179 0.467165 0.946569 0.465739 0.944899 0.463643 0.944391 0.463533 0.943616 0.462209 0.943859 0.461104 0.943472 0.460442 0.943570 0.457570 0.944200 0.457127 0.944321 0.456575 0.944951 0.456132 0.945194 0.455027 0.946454 0.454141 0.946575 0.453589 0.950354 0.450932 0.953914 0.451699 0.954543 0.451256
0 0.817425 0.222054 0.821539 0.227570 0.821805 0.228785 0.821320 0.230994 0.821707 0.231657 0.820857 0.235524 0.818968 0.236853 0.817465 0.238843 0.816957 0.238734 0.813929 0.240395 0.812912 0.240176 0.812282 0.240619 0.810248 0.240180 0.809861 0.239518 0.805793 0.238641 0.804897 0.237869 0.803349 0.235221 0.803713 0.233563 0.803326 0.232901 0.803690 0.231244 0.803303 0.230581 0.804152 0.226714 0.805533 0.225276 0.805776 0.224171 0.810185 0.221071 0.813236 0.221729 0.813866 0.221286
0 0.597004 0.418138 0.597391 0.418800 0.598408 0.419019 0.598795 0.419681 0.599303 0.419791 0.600078 0.421115 0.599835 0.422220 0.600488 0.424097 0.599517 0.428517 0.598887 0.428959 0.598644 0.430064 0.598015 0.430507 0.597772 0.431612 0.597263 0.431503 0.596004 0.432388 0.595495 0.432279 0.593727 0.433055 0.592201 0.432726 0.591814 0.432064 0.589780 0.431625 0.589393 0.430963 0.587359 0.430524 0.586972 0.429862 0.586464 0.429753 0.585689 0.428428 0.585811 0.427876 0.585158 0.425999 0.586250 0.421027 0.586880 0.420584 0.587001 0.420031 0.588891 0.418703 0.589012 0.418150 0.590780 0.417374 0.593831 0.418032 0.594461 0.417589
0 0.535462 0.671627 0.535849 0.672289 0.536866 0.672509 0.537253 0.673171 0.538657 0.674052 0.539818 0.676038 0.539697 0.676591 0.540084 0.677253 0.539841 0.678358 0.540228 0.679020 0.539622 0.681783 0.538992 0.682225 0.538749 0.683330 0.537368 0.684769 0.536859 0.684659 0.535600 0.685545 0.535091 0.685435 0.533323 0.686211 0.531798 0.685882 0.531168 0.686325 0.530781 0.685663 0.529255 0.685334 0.528868 0.684672 0.528360 0.684562 0.526424 0.681251 0.526667 0.680146 0.526279 0.679484 0.527250 0.675064 0.527880 0.674622 0.528123 0.673517 0.530012 0.672188 0.530521 0.672298 0.532289 0.671522 0.533306 0.671741 0.533936 0.671298
0 0.596835 0.273438 0.597222 0.274100 0.598239 0.274319 0.598627 0.274981 0.599135 0.275091 0.599909 0.276415 0.599788 0.276968 0.600562 0.278292 0.600441 0.278844 0.600828 0.279506 0.599736 0.284479 0.599106 0.284922 0.597482 0.287465 0.596852 0.287908 0.596344 0.287798 0.595084 0.288684 0.594067 0.288464 0.593437 0.288907 0.590895 0.288359 0.590508 0.287697 0.588982 0.287368 0.588595 0.286706 0.587578 0.286486 0.587191 0.285824 0.585787 0.284943 0.586029 0.283838 0.585642 0.283176 0.586856 0.277651 0.588237 0.276213 0.588480 0.275108 0.591508 0.273446 0.592525 0.273665 0.594293 0.272889
0 0.998397 0.677061 0.998397 0.677723 0.998397 0.678605 0.998397 0.680591 0.998397 0.681696 0.998397 0.682358 0.998397 0.683463 0.998397 0.684125 0.998397 0.689098 0.998397 0.690536 0.998397 0.691641 0.998397 0.692969 0.998397 0.692860 0.998397 0.693302 0.998397 0.693083 0.998397 0.693526 0.998397 0.693197 0.998397 0.692535 0.996001 0.691658 0.995614 0.690996 0.995105 0.690886 0.993944 0.688900 0.994065 0.688347 0.993146 0.685256 0.993996 0.681388 0.994626 0.680945 0.997001 0.677407 0.998397 0.676078 0.998397 0.676627 0.998397 0.676184
0 0.610890 0.207030 0.611278 0.207692 0.612682 0.208573 0.614230 0.211222 0.613987 0.212327 0.615027 0.214866 0.613669 0.218623 0.612410 0.219509 0.610665 0.222605 0.607128 0.224157 0.604077 0.223499 0.603690 0.222837 0.600639 0.222179 0.600252 0.221517 0.599744 0.221407 0.598582 0.219421 0.598825 0.218316 0.598438 0.217654 0.598680 0.216549 0.598293 0.215887 0.599386 0.210914 0.600016 0.210471 0.601131 0.207819 0.603020 0.206490 0.603529 0.206600 0.604159 0.206157 0.606193 0.206595 0.606823 0.206153
0 0.907637 0.735098 0.908024 0.735761 0.909428 0.736642 0.912404 0.742491 0.912282 0.743044 0.912670 0.743706 0.911820 0.747574 0.908671 0.749788 0.908549 0.750340 0.907290 0.751226 0.906781 0.751116 0.903875 0.752225 0.901332 0.751677 0.900945 0.751015 0.897386 0.750248 0.896611 0.748923 0.896467 0.747156 0.895427 0.744617 0.896519 0.739645 0.897149 0.739202 0.898773 0.736659 0.900662 0.735331 0.901171 0.735440 0.901801 0.734997 0.903326 0.735326 0.903956 0.734883 0.905482 0.735212 0.906111 0.734769
0 0.199556 0.287879 0.201226 0.289975 0.201735 0.290085 0.201879 0.291852 0.203427 0.294501 0.202942 0.296711 0.203329 0.297373 0.202965 0.299030 0.201584 0.300468 0.201341 0.301573 0.200711 0.302016 0.200590 0.302569 0.198071 0.304340 0.197949 0.304892 0.197319 0.305335 0.196811 0.305226 0.196181 0.305669 0.190079 0.304353 0.189692 0.303691 0.188675 0.303471 0.188796 0.302919 0.186982 0.299056 0.187346 0.297398 0.186959 0.296736 0.187809 0.292869 0.188439 0.292426 0.188681 0.291321 0.192703 0.287559 0.194229 0.287888 0.194858 0.287445 0.196892 0.287884 0.197522 0.287441
0 0.804022 0.673407 0.804409 0.674069 0.806443 0.674508 0.806830 0.675170 0.808742 0.676161 0.809153 0.679143 0.809927 0.680467 0.810990 0.685326 0.810019 0.689745 0.807378 0.692069 0.807257 0.692622 0.804859 0.693841 0.802825 0.693402 0.802195 0.693845 0.797619 0.692858 0.797231 0.692196 0.796214 0.691977 0.792609 0.686570 0.792852 0.685465 0.792199 0.683588 0.792442 0.682483 0.792054 0.681821 0.792783 0.678506 0.794915 0.676073 0.800607 0.674407 0.803005 0.673188
0 0.664422 0.181539 0.667981 0.182306 0.669530 0.184955 0.669409 0.185507 0.670061 0.187384 0.669090 0.191804 0.668461 0.192247 0.668097 0.193904 0.667467 0.194347 0.666594 0.195895 0.664705 0.197223 0.659111 0.196017 0.658481 0.196460 0.658094 0.195798 0.655794 0.194145 0.654633 0.192158 0.655119 0.189949 0.654731 0.189286 0.655581 0.185419 0.656211 0.184976 0.656453 0.183871 0.657083 0.183428 0.657205 0.182876 0.659724 0.181105 0.660233 0.181214 0.660862 0.180771
0 0.196076 0.512226 0.196463 0.512888 0.197480 0.513107 0.199271 0.514650 0.201594 0.518623 0.201351 0.519728 0.201883 0.522158 0.201640 0.523263 0.201010 0.523705 0.200403 0.526468 0.199773 0.526911 0.199531 0.528016 0.198901 0.528458 0.198658 0.529563 0.197907 0.530559 0.193354 0.531891 0.189794 0.531124 0.187107 0.528809 0.185946 0.526822 0.185802 0.525055 0.185027 0.523731 0.185755 0.520416 0.186385 0.519973 0.186992 0.517211 0.187622 0.516768 0.187865 0.515663 0.191014 0.513449 0.195567 0.512116
0 0.715063 0.363162 0.716346 0.364596 0.718767 0.365696 0.720702 0.369007 0.721234 0.371436 0.720870 0.373094 0.721257 0.373756 0.721014 0.374861 0.720384 0.375304 0.719778 0.378066 0.717258 0.379837 0.717137 0.380390 0.716628 0.380280 0.714230 0.381499 0.712705 0.381170 0.712075 0.381613 0.710549 0.381284 0.709920 0.381727 0.709024 0.380955 0.708007 0.380736 0.705829 0.378530 0.705950 0.377978 0.704014 0.374667 0.704621 0.371905 0.704234 0.371243 0.704985 0.370247 0.705228 0.369142 0.705858 0.368699 0.706101 0.367594 0.707239 0.367261 0.713029 0.362723
0 0.220710 0.642527 0.221097 0.643189 0.222623 0.643518 0.223010 0.644180 0.224027 0.644399 0.224414 0.645061 0.225818 0.645943 0.226858 0.648482 0.226737 0.649034 0.227390 0.650911 0.227147 0.652016 0.227534 0.652678 0.226904 0.653121 0.226297 0.655883 0.222276 0.659645 0.221259 0.659426 0.220629 0.659869 0.219612 0.659650 0.218982 0.660093 0.216439 0.659544 0.215810 0.659987 0.212736 0.657010 0.212857 0.656457 0.211938 0.653366 0.212181 0.652261 0.211794 0.651599 0.212158 0.649941 0.211771 0.649279 0.211892 0.648727 0.212522 0.648284 0.212765 0.647179 0.213395 0.646736 0.213637 0.645631 0.215527 0.644302 0.216035 0.644412 0.219693 0.642308
0 0.439136 0.181567 0.443105 0.185317 0.445815 0.189951 0.445838 0.192271 0.446225 0.192933 0.445497 0.196248 0.445884 0.196910 0.445520 0.198568 0.443509 0.200449 0.442637 0.201996 0.441377 0.202882 0.439100 0.203549 0.436437 0.203553 0.435807 0.203996 0.433264 0.203447 0.430577 0.201132 0.428232 0.194840 0.428838 0.192077 0.428451 0.191415 0.429544 0.186443 0.430173 0.186000 0.431167 0.183900 0.432427 0.183014 0.434704 0.182348 0.435721 0.182567 0.438627 0.181458
0 0.652713 0.254239 0.655422 0.258874 0.655301 0.259427 0.655954 0.261303 0.655590 0.262961 0.655977 0.263623 0.655856 0.264175 0.655226 0.264618 0.654740 0.266828 0.653359 0.268266 0.652851 0.268157 0.649944 0.269266 0.644859 0.268169 0.644472 0.267507 0.642947 0.267178 0.641785 0.265192 0.642271 0.262982 0.641884 0.262320 0.642248 0.260662 0.642878 0.260220 0.643242 0.258562 0.643871 0.258119 0.644114 0.257014 0.646247 0.254581 0.647264 0.254800 0.647893 0.254357 0.648910 0.254577 0.649540 0.254134 0.650557 0.254353 0.651187 0.253910
0 0.925294 0.775940 0.925681 0.776602 0.926190 0.776712 0.928125 0.780022 0.928270 0.781789 0.929044 0.783114 0.928680 0.784771 0.929067 0.785433 0.928339 0.788748 0.927709 0.789191 0.927345 0.790848 0.925455 0.792177 0.924947 0.792067 0.924317 0.792510 0.923300 0.792291 0.922670 0.792734 0.919111 0.791966 0.918723 0.791304 0.917707 0.791085 0.917319 0.790423 0.916811 0.790313 0.915262 0.787664 0.915505 0.786559 0.915118 0.785897 0.916453 0.779820 0.917083 0.779377 0.917326 0.778272 0.919215 0.776944 0.919724 0.777053 0.923769 0.775611
0 0.334949 0.624340 0.338531 0.627427 0.340467 0.630737 0.340998 0.633167 0.340900 0.636039 0.341287 0.636701 0.340680 0.639463 0.340050 0.639906 0.339808 0.641011 0.335399 0.644111 0.333122 0.644777 0.332105 0.644558 0.331475 0.645001 0.329441 0.644562 0.329054 0.643900 0.326633 0.642800 0.325859 0.641475 0.325350 0.641366 0.325472 0.640813 0.324310 0.638827 0.324045 0.637612 0.324409 0.635955 0.324022 0.635293 0.324750 0.631978 0.325380 0.631535 0.325744 0.629877 0.327246 0.627887 0.329765 0.626115 0.334319 0.624783
0 0.683465 0.591861 0.683852 0.592523 0.685256 0.593404 0.686030 0.594729 0.686539 0.594838 0.686418 0.595391 0.686805 0.596053 0.686562 0.597158 0.687336 0.598482 0.687215 0.599035 0.687602 0.599697 0.687117 0.601907 0.686487 0.602349 0.685637 0.606217 0.685007 0.606660 0.684886 0.607212 0.684377 0.607103 0.681471 0.608212 0.678420 0.607554 0.678033 0.606892 0.677016 0.606672 0.676242 0.605348 0.675733 0.605239 0.674185 0.602590 0.674306 0.602038 0.673653 0.600161 0.674745 0.595188 0.675375 0.594746 0.675739 0.593088 0.676999 0.592202 0.677508 0.592312 0.678137 0.591869 0.679154 0.592089 0.679784 0.591646 0.681310 0.591975 0.681940 0.591532
0 0.878767 0.267685 0.879154 0.268347 0.880679 0.268676 0.881067 0.269339 0.882083 0.269558 0.882471 0.270220 0.883488 0.270439 0.883875 0.271101 0.884383 0.271211 0.884262 0.271764 0.885036 0.273088 0.884551 0.275298 0.884938 0.275960 0.884574 0.277617 0.883944 0.278060 0.883701 0.279165 0.883071 0.279608 0.882199 0.281156 0.881690 0.281046 0.879922 0.281822 0.878905 0.281603 0.878275 0.282046 0.876241 0.281607 0.875611 0.282050 0.875224 0.281388 0.873190 0.280949 0.872803 0.280287 0.870503 0.278634 0.870625 0.278081 0.870238 0.277419 0.870602 0.275762 0.870215 0.275100 0.870700 0.272890 0.871330 0.272447 0.871694 0.270789 0.874213 0.269018 0.874722 0.269128 0.875982 0.268242 0.876490 0.268352 0.877120 0.267909 0.878137 0.268128
0 0.221758 0.249846 0.222145 0.250508 0.222653 0.250618 0.224976 0.254591 0.224855 0.255143 0.225242 0.255805 0.224878 0.257463 0.225265 0.258125 0.224901 0.259782 0.224271 0.260225 0.223907 0.261883 0.222526 0.263321 0.222018 0.263211 0.220249 0.263987 0.219232 0.263768 0.218602 0.264211 0.216060 0.263663 0.215673 0.263000 0.214656 0.262781 0.214269 0.262119 0.213252 0.261900 0.212090 0.259913 0.212333 0.258808 0.211946 0.258146 0.212189 0.257041 0.211802 0.256379 0.212431 0.255936 0.213160 0.252621 0.215679 0.250850 0.216188 0.250960 0.217447 0.250074 0.217956 0.250184 0.219724 0.249408
0 0.403892 0.579605 0.404279 0.580267 0.405296 0.580486 0.405683 0.581148 0.407087 0.582030 0.409023 0.585340 0.408901 0.585893 0.409288 0.586555 0.408196 0.591527 0.404417 0.594184 0.403909 0.594075 0.403279 0.594517 0.402262 0.594298 0.401632 0.594741 0.397564 0.593864 0.397177 0.593202 0.394634 0.592653 0.393981 0.590777 0.394346 0.589119 0.393958 0.588457 0.395172 0.582932 0.395802 0.582489 0.396045 0.581384 0.396675 0.580942 0.396796 0.580389 0.398564 0.579613 0.400090 0.579942 0.400719 0.579499 0.402753 0.579938 0.403383 0.579495
0 0.406325 0.556404 0.406712 0.557067 0.409255 0.557615 0.410803 0.560263 0.410561 0.561368 0.411213 0.563245 0.410243 0.567665 0.409613 0.568108 0.409491 0.568660 0.406851 0.570984 0.405325 0.570655 0.404695 0.571098 0.399102 0.569892 0.398715 0.569230 0.398206 0.569120 0.398327 0.568568 0.397940 0.567905 0.398062 0.567353 0.397143 0.564262 0.398114 0.559842 0.398744 0.559399 0.399108 0.557741 0.401627 0.555970 0.402136 0.556080 0.402766 0.555637
0 0.191208 0.418012 0.192878 0.420108 0.192756 0.420661 0.193941 0.424967 0.193091 0.428834 0.192461 0.429277 0.191346 0.431930 0.190716 0.432373 0.190595 0.432925 0.188075 0.434697 0.187954 0.435249 0.186186 0.436025 0.185169 0.435806 0.184782 0.435144 0.180205 0.434157 0.178657 0.431508 0.178778 0.430956 0.178125 0.429079 0.178489 0.427422 0.178102 0.426760 0.178709 0.423997 0.179339 0.423554 0.179703 0.421897 0.181714 0.420016 0.181835 0.419463 0.183095 0.418578 0.183216 0.418025 0.183725 0.418135 0.184355 0.417692 0.185880 0.418021 0.186510 0.417578 0.188036 0.417907 0.188665 0.417464
0 0.307287 0.636313 0.307675 0.636976 0.312251 0.637962 0.315348 0.643259 0.315856 0.643369 0.315614 0.644474 0.316267 0.646351 0.315174 0.651323 0.313915 0.652209 0.312921 0.654309 0.311661 0.655195 0.311152 0.655085 0.309893 0.655971 0.307616 0.656637 0.304565 0.655979 0.303935 0.656422 0.301393 0.655874 0.300497 0.655102 0.298949 0.652454 0.298683 0.651239 0.299047 0.649582 0.298660 0.648919 0.299631 0.644500 0.299244 0.643837 0.299874 0.643395 0.300359 0.641185 0.302613 0.638199 0.306270 0.636094
0 0.323462 0.259625 0.323849 0.260287 0.324358 0.260397 0.325519 0.262383 0.325398 0.262936 0.326172 0.264260 0.326051 0.264812 0.326438 0.265475 0.325467 0.269894 0.324837 0.270337 0.324594 0.271442 0.323965 0.271885 0.323722 0.272990 0.323092 0.273433 0.322971 0.273985 0.321081 0.275314 0.320573 0.275204 0.319943 0.275647 0.319434 0.275537 0.319047 0.274875 0.317522 0.274546 0.317134 0.273884 0.315609 0.273555 0.315222 0.272893 0.314205 0.272674 0.313431 0.271350 0.313673 0.270245 0.313286 0.269583 0.313529 0.268478 0.313142 0.267815 0.313385 0.266711 0.312997 0.266048 0.313361 0.264391 0.313991 0.263948 0.314355 0.262291 0.314985 0.261848 0.315107 0.261295 0.316366 0.260410 0.316875 0.260519 0.318643 0.259743 0.319660 0.259963 0.320290 0.259520 0.321815 0.259849 0.322445 0.259406
0 0.719603 0.411590 0.722908 0.412303 0.724070 0.414290 0.723948 0.414842 0.724335 0.415504 0.723729 0.418267 0.724116 0.418929 0.723486 0.419372 0.722879 0.422134 0.719730 0.424348 0.716170 0.423581 0.715541 0.424024 0.712998 0.423475 0.711450 0.420827 0.711571 0.420274 0.711184 0.419612 0.712033 0.415745 0.713414 0.414307 0.713657 0.413202 0.714287 0.412759 0.714408 0.412206 0.716298 0.410878
0 0.807068 0.303146 0.807455 0.303809 0.808980 0.304138 0.810263 0.305571 0.811280 0.305791 0.814233 0.309321 0.814256 0.311640 0.814643 0.312302 0.813915 0.315617 0.813285 0.316060 0.812921 0.317718 0.811661 0.318603 0.811540 0.319156 0.807761 0.321813 0.805605 0.321927 0.804975 0.322370 0.802941 0.321931 0.802312 0.322374 0.798873 0.321054 0.798486 0.320392 0.797469 0.320172 0.795678 0.318629 0.794904 0.317305 0.793962 0.311894 0.794933 0.307474 0.795563 0.307031 0.795806 0.305926 0.798955 0.303712 0.801232 0.303045 0.803896 0.303041 0.804525 0.302598
0 0.766344 0.430349 0.766731 0.431011 0.770290 0.431779 0.771573 0.433213 0.771209 0.434870 0.771596 0.435532 0.770868 0.438847 0.770238 0.439290 0.769874 0.440947 0.769244 0.441390 0.769001 0.442495 0.768371 0.442938 0.768250 0.443490 0.766990 0.444376 0.765973 0.444157 0.765343 0.444600 0.764326 0.444380 0.763697 0.444823 0.762171 0.444494 0.761541 0.444937 0.758733 0.443174 0.757959 0.441850 0.758323 0.440193 0.757936 0.439530 0.759149 0.434006 0.759779 0.433563 0.760143 0.431905 0.761524 0.430467 0.762541 0.430686 0.764310 0.429910
0 0.672668 0.679803 0.673055 0.680465 0.676106 0.681123 0.677897 0.682666 0.679833 0.685977 0.679469 0.687634 0.680122 0.689511 0.679659 0.694041 0.678400 0.694926 0.677406 0.697027 0.674378 0.698688 0.673239 0.699022 0.670697 0.698473 0.670067 0.698916 0.667016 0.698258 0.666386 0.698701 0.662804 0.695614 0.661475 0.689541 0.663948 0.683130 0.670126 0.679255
0 0.374316 0.309360 0.374703 0.310023 0.377754 0.310681 0.378915 0.312667 0.378794 0.313219 0.379181 0.313882 0.378938 0.314986 0.379325 0.315649 0.378112 0.321173 0.376731 0.322612 0.376488 0.323717 0.374720 0.324493 0.371669 0.323835 0.371039 0.324278 0.367480 0.323510 0.367092 0.322848 0.366584 0.322738 0.365810 0.321414 0.366052 0.320309 0.365665 0.319647 0.365908 0.318542 0.365521 0.317880 0.366128 0.315117 0.365741 0.314455 0.365862 0.313903 0.366492 0.313460 0.366734 0.312355 0.367364 0.311912 0.367607 0.310807 0.368237 0.310364 0.368358 0.309812 0.368867 0.309922 0.370126 0.309036 0.370635 0.309146 0.371265 0.308703
0 0.860920 0.361051 0.861307 0.361713 0.864358 0.362371 0.865641 0.363805 0.865520 0.364357 0.865907 0.365020 0.865057 0.368887 0.864427 0.369330 0.864184 0.370435 0.863555 0.370878 0.863312 0.371983 0.861931 0.373421 0.860914 0.373201 0.860284 0.373644 0.859267 0.373425 0.858637 0.373868 0.856603 0.373429 0.855973 0.373872 0.855465 0.373762 0.855078 0.373100 0.853674 0.372219 0.852899 0.370895 0.852391 0.370785 0.852634 0.369680 0.852246 0.369018 0.853339 0.364046 0.853969 0.363603 0.854211 0.362498 0.854720 0.362607 0.857239 0.360836 0.857748 0.360946 0.858378 0.360503
0 0.794120 0.762121 0.794507 0.762783 0.796541 0.763222 0.798864 0.767195 0.798743 0.767747 0.799130 0.768409 0.798887 0.769514 0.799274 0.770176 0.799032 0.771281 0.799419 0.771943 0.798691 0.775258 0.798061 0.775701 0.797939 0.776254 0.796050 0.777582 0.795541 0.777473 0.793773 0.778248 0.789705 0.777371 0.789318 0.776709 0.786776 0.776161 0.784719 0.773403 0.784840 0.772850 0.784453 0.772188 0.784696 0.771083 0.784308 0.770421 0.785401 0.765449 0.786031 0.765006 0.786903 0.763458 0.790052 0.761244
0 0.569461 0.339867 0.569848 0.340529 0.571252 0.341410 0.573575 0.345383 0.573454 0.345936 0.573841 0.346598 0.573113 0.349913 0.572483 0.350355 0.572240 0.351460 0.571610 0.351903 0.570738 0.353451 0.569478 0.354337 0.568969 0.354227 0.567201 0.355003 0.565676 0.354674 0.565046 0.355117 0.564029 0.354898 0.563642 0.354236 0.562625 0.354016 0.562238 0.353354 0.561221 0.353135 0.560446 0.351811 0.559938 0.351701 0.559551 0.351039 0.559672 0.350486 0.559285 0.349824 0.559528 0.348719 0.559141 0.348057 0.559869 0.344742 0.560499 0.344299 0.560741 0.343194 0.562001 0.342309 0.562122 0.341756 0.563382 0.340871 0.563504 0.340318 0.564012 0.340428 0.566919 0.339318
0 0.510166 0.602521 0.510553 0.603183 0.511570 0.603402 0.512345 0.604726 0.512853 0.604836 0.513627 0.606160 0.513385 0.607265 0.514159 0.608589 0.514038 0.609142 0.514425 0.609804 0.513454 0.614224 0.512824 0.614667 0.511951 0.616215 0.510062 0.617543 0.509553 0.617433 0.508923 0.617876 0.507906 0.617657 0.507277 0.618100 0.506260 0.617881 0.505872 0.617218 0.503330 0.616670 0.502943 0.616008 0.501926 0.615789 0.501539 0.615127 0.501030 0.615017 0.499725 0.611263 0.500817 0.606291 0.501447 0.605848 0.501689 0.604743 0.502319 0.604300 0.502441 0.603748 0.504330 0.602419 0.505856 0.602748 0.506486 0.602306 0.509028 0.602854 0.509658 0.602411
0 0.309016 0.479449 0.309403 0.480112 0.309912 0.480221 0.311847 0.483532 0.311992 0.485299 0.312766 0.486623 0.312645 0.487176 0.312015 0.487619 0.311287 0.490934 0.310657 0.491376 0.310293 0.493034 0.308912 0.494472 0.308403 0.494362 0.307143 0.495248 0.306126 0.495029 0.305497 0.495472 0.302446 0.494814 0.302059 0.494152 0.300533 0.493823 0.300146 0.493160 0.298742 0.492279 0.298863 0.491727 0.298476 0.491064 0.298719 0.489959 0.298332 0.489297 0.298574 0.488192 0.298187 0.487530 0.298551 0.485873 0.299181 0.485430 0.299667 0.483220 0.301048 0.481782 0.301290 0.480677 0.301799 0.480787 0.304706 0.479677 0.305722 0.479897 0.307491 0.479121
0 0.164962 0.265953 0.165349 0.266616 0.165858 0.266725 0.168567 0.271360 0.168203 0.273018 0.168856 0.274894 0.168226 0.275337 0.167111 0.277990 0.166481 0.278433 0.166360 0.278985 0.163840 0.280757 0.163332 0.280647 0.161564 0.281423 0.159530 0.280984 0.159143 0.280322 0.155583 0.279555 0.153648 0.276244 0.154376 0.272929 0.153989 0.272267 0.154110 0.271715 0.155491 0.270276 0.155734 0.269171 0.156364 0.268729 0.157236 0.267181 0.158496 0.266295 0.159004 0.266405 0.159634 0.265962 0.160651 0.266181 0.161281 0.265738 0.162807 0.266067 0.163436 0.265624
0 0.211107 0.620782 0.212656 0.623430 0.212534 0.623983 0.213187 0.625860 0.211731 0.632490 0.211101 0.632932 0.210858 0.634037 0.210229 0.634480 0.209356 0.636028 0.207466 0.637357 0.204415 0.636699 0.203786 0.637142 0.200735 0.636484 0.199065 0.634388 0.198920 0.632621 0.197493 0.629419 0.197736 0.628314 0.197349 0.627652 0.197592 0.626547 0.197205 0.625885 0.199094 0.624557 0.199215 0.624004 0.199845 0.623561 0.200088 0.622456 0.202607 0.620685 0.203116 0.620795 0.204376 0.619909 0.206918 0.620457 0.207548 0.620014
0 0.114407 0.437907 0.114794 0.438569 0.116198 0.439451 0.118787 0.444638 0.117695 0.449610 0.117065 0.450053 0.116943 0.450606 0.116314 0.451049 0.116071 0.452154 0.115441 0.452596 0.114932 0.452487 0.113164 0.453263 0.112147 0.453043 0.111517 0.453486 0.108975 0.452938 0.108588 0.452276 0.107571 0.452057 0.107184 0.451395 0.106167 0.451175 0.104884 0.449741 0.105005 0.449189 0.104618 0.448527 0.104982 0.446869 0.104595 0.446207 0.104959 0.444550 0.105589 0.444107 0.106196 0.441344 0.106826 0.440902 0.106947 0.440349 0.108207 0.439463 0.108715 0.439573 0.109345 0.439130 0.109467 0.438578 0.109975 0.438687 0.110605 0.438245 0.111622 0.438464 0.113390 0.437688
0 0.536422 0.640587 0.536809 0.641249 0.540755 0.642679 0.544482 0.647533 0.545886 0.648414 0.546828 0.653825 0.545129 0.661560 0.544499 0.662003 0.544135 0.663660 0.540743 0.666979 0.535560 0.668755 0.530475 0.667659 0.523842 0.663914 0.521010 0.659831 0.520334 0.655635 0.520698 0.653977 0.520288 0.650996 0.520918 0.650553 0.521404 0.648343 0.525160 0.643366 0.528430 0.640599 0.533879 0.640039
0 0.716744 0.200344 0.717131 0.201006 0.718148 0.201225 0.719310 0.203211 0.719818 0.203321 0.721875 0.206079 0.722407 0.208509 0.722164 0.209613 0.722551 0.210276 0.722187 0.211933 0.721557 0.212376 0.721072 0.214586 0.717680 0.217905 0.714265 0.218905 0.713248 0.218685 0.712618 0.219128 0.710584 0.218690 0.710197 0.218027 0.706129 0.217150 0.704967 0.215164 0.704702 0.213949 0.705187 0.211739 0.704800 0.211077 0.706644 0.205109 0.710400 0.200133 0.711925 0.200462 0.712555 0.200019 0.714589 0.200458 0.715219 0.200015
0 0.381251 0.624487 0.381638 0.625149 0.382146 0.625259 0.382533 0.625921 0.383042 0.626030 0.382920 0.626583 0.383308 0.627245 0.383065 0.628350 0.383452 0.629012 0.382360 0.633984 0.381100 0.634870 0.380979 0.635423 0.379089 0.636751 0.378581 0.636641 0.377951 0.637084 0.377564 0.636422 0.375530 0.635983 0.375143 0.635321 0.374126 0.635102 0.373738 0.634440 0.372721 0.634221 0.372334 0.633559 0.372456 0.633006 0.371803 0.631129 0.372774 0.626709 0.373404 0.626267 0.373525 0.625714 0.374155 0.625271 0.374276 0.624719 0.374906 0.624276 0.376431 0.624605 0.377061 0.624162 0.379095 0.624601 0.379725 0.624158
0 0.990246 0.342067 0.993805 0.342834 0.995596 0.344378 0.998185 0.349565 0.998208 0.351885 0.998397 0.352547 0.997746 0.356414 0.997116 0.356857 0.996873 0.357962 0.993724 0.360176 0.993602 0.360729 0.991447 0.360843 0.990817 0.361285 0.982681 0.359531 0.980890 0.357988 0.978180 0.353353 0.978666 0.351143 0.978279 0.350481 0.979394 0.347828 0.983029 0.343404 0.986686 0.341299
0 0.308407 0.672432 0.308794 0.673094 0.310320 0.673423 0.311215 0.674194 0.313925 0.678829 0.313683 0.679934 0.314601 0.683026 0.313850 0.684021 0.313243 0.686783 0.310602 0.689107 0.309851 0.690103 0.309487 0.691760 0.297792 0.689238 0.298156 0.687581 0.297624 0.685151 0.296850 0.683827 0.297214 0.682170 0.296827 0.681508 0.297434 0.678745 0.298064 0.678302 0.298428 0.676645 0.299058 0.676202 0.299300 0.675097 0.300560 0.674211 0.302063 0.672221 0.304339 0.671554
0 0.719160 0.686356 0.719548 0.687018 0.721582 0.687457 0.724413 0.691539 0.725210 0.695183 0.724118 0.700155 0.723488 0.700598 0.723124 0.702256 0.720119 0.706237 0.717600 0.708008 0.716461 0.708342 0.714427 0.707903 0.713797 0.708346 0.709221 0.707359 0.706147 0.704382 0.704697 0.698861 0.706396 0.691126 0.708915 0.689355 0.709037 0.688802 0.713446 0.685702 0.714584 0.685369
0 0.988892 0.576130 0.993635 0.581203 0.993658 0.583523 0.994046 0.584185 0.992832 0.589710 0.992202 0.590153 0.991087 0.592805 0.988567 0.594577 0.988446 0.595129 0.986556 0.596458 0.983141 0.597457 0.982246 0.596686 0.977161 0.595589 0.975370 0.594046 0.974595 0.592721 0.974451 0.590954 0.973290 0.588968 0.973024 0.587753 0.973388 0.586096 0.973001 0.585434 0.975110 0.580681 0.976370 0.579795 0.977242 0.578247 0.981021 0.575590 0.982160 0.575257 0.984702 0.575805 0.985332 0.575362
0 0.676867 0.233987 0.677254 0.234649 0.678779 0.234978 0.679166 0.235640 0.680183 0.235859 0.680958 0.237183 0.681466 0.237293 0.681345 0.237846 0.681732 0.238508 0.681489 0.239613 0.681876 0.240275 0.680905 0.244695 0.680276 0.245137 0.680033 0.246242 0.676762 0.249009 0.676254 0.248899 0.675624 0.249342 0.674607 0.249123 0.673977 0.249566 0.671435 0.249018 0.671047 0.248356 0.669522 0.248027 0.669135 0.247364 0.668626 0.247255 0.667465 0.245268 0.667586 0.244716 0.666933 0.242839 0.667662 0.239524 0.668292 0.239081 0.668656 0.237424 0.669285 0.236981 0.670158 0.235433 0.671418 0.234548 0.671926 0.234657 0.672556 0.234214 0.673573 0.234434 0.674203 0.233991 0.675220 0.234210 0.675850 0.233767
0 0.923781 0.751310 0.925572 0.752854 0.926734 0.754840 0.926612 0.755392 0.928039 0.758593 0.928305 0.759808 0.927941 0.761465 0.928328 0.762128 0.927479 0.765995 0.926849 0.766438 0.926606 0.767543 0.925346 0.768429 0.924838 0.768319 0.921810 0.769981 0.920672 0.770314 0.919655 0.770095 0.919025 0.770537 0.918638 0.769875 0.916095 0.769327 0.915708 0.768665 0.914183 0.768336 0.913287 0.767564 0.910964 0.763591 0.911207 0.762486 0.910820 0.761824 0.911548 0.758509 0.912178 0.758067 0.913293 0.755414 0.915304 0.753533 0.915425 0.752980 0.917194 0.752204 0.919858 0.752200 0.923273 0.751200
0 0.544893 0.206838 0.545280 0.207500 0.548331 0.208158 0.548718 0.208820 0.550244 0.209149 0.550897 0.211026 0.550654 0.212131 0.551041 0.212793 0.550798 0.213898 0.551185 0.214560 0.550457 0.217875 0.549076 0.219313 0.548833 0.220418 0.546944 0.221747 0.546435 0.221637 0.545806 0.222080 0.544789 0.221860 0.543020 0.222637 0.540478 0.222088 0.540091 0.221426 0.538687 0.220545 0.537525 0.218558 0.537647 0.218006 0.536728 0.214915 0.536971 0.213810 0.537601 0.213367 0.537843 0.212262 0.538473 0.211819 0.538716 0.210714 0.541235 0.208943 0.541357 0.208390 0.542616 0.207504 0.544263 0.207281
0 0.641882 0.572658 0.642269 0.573320 0.644303 0.573759 0.644690 0.574421 0.645707 0.574640 0.646094 0.575303 0.647498 0.576184 0.647377 0.576736 0.648538 0.578723 0.648295 0.579828 0.648682 0.580490 0.648440 0.581595 0.648827 0.582257 0.648463 0.583915 0.647833 0.584357 0.647469 0.586015 0.646839 0.586458 0.645724 0.589110 0.645094 0.589553 0.644973 0.590106 0.644464 0.589996 0.643834 0.590439 0.639766 0.589562 0.639136 0.590005 0.637102 0.589566 0.636715 0.588904 0.635311 0.588022 0.635432 0.587470 0.633618 0.583607 0.634589 0.579187 0.635219 0.578744 0.635462 0.577639 0.636092 0.577196 0.636964 0.575648 0.638854 0.574320 0.638975 0.573768 0.641373 0.572549
0 0.998397 0.765096 0.998397 0.766639 0.998397 0.768626 0.998397 0.769178 0.998397 0.772379 0.998397 0.773484 0.998397 0.774146 0.998397 0.776356 0.998397 0.777018 0.998397 0.777461 0.998397 0.779119 0.998397 0.781109 0.998397 0.782438 0.998397 0.782328 0.998397 0.783214 0.998397 0.783880 0.998397 0.783332 0.998397 0.782670 0.998397 0.782450 0.996633 0.780907 0.995472 0.778920 0.995206 0.777706 0.995449 0.776601 0.995062 0.775939 0.995426 0.774281 0.995039 0.773619 0.995669 0.773176 0.996275 0.770414 0.997778 0.768423 0.998397 0.767095 0.998397 0.766542 0.998397 0.766652 0.998397 0.765324 0.998397 0.764990 0.998397 0.765210 0.998397 0.764767
0 0.178718 0.501539 0.181428 0.506174 0.181307 0.506726 0.182225 0.509818 0.181133 0.514790 0.180503 0.515233 0.180260 0.516338 0.179631 0.516781 0.179509 0.517333 0.177620 0.518662 0.177111 0.518552 0.175343 0.519328 0.171783 0.518561 0.171396 0.517898 0.168854 0.517350 0.167305 0.514702 0.167427 0.514149 0.166508 0.511058 0.166994 0.508848 0.167623 0.508405 0.168230 0.505643 0.168860 0.505200 0.169103 0.504095 0.169733 0.503652 0.169854 0.503099 0.172373 0.501328 0.173899 0.501657 0.174529 0.501214 0.176054 0.501543 0.176684 0.501100
0 0.429438 0.584534 0.429825 0.585196 0.430842 0.585416 0.431229 0.586078 0.431737 0.586188 0.432124 0.586850 0.432633 0.586959 0.433407 0.588284 0.432315 0.593256 0.431685 0.593699 0.431564 0.594251 0.430934 0.594694 0.430813 0.595247 0.429553 0.596132 0.429044 0.596023 0.427276 0.596799 0.425751 0.596470 0.425364 0.595808 0.424855 0.595698 0.424468 0.595036 0.423959 0.594926 0.421250 0.590291 0.421614 0.588634 0.422243 0.588191 0.422486 0.587086 0.423116 0.586643 0.423237 0.586091 0.423746 0.586200 0.425006 0.585315 0.425514 0.585424 0.426144 0.584982 0.426652 0.585091 0.428421 0.584315
0 0.837747 0.306530 0.838521 0.307854 0.838399 0.308407 0.838787 0.309069 0.838665 0.309621 0.839318 0.311498 0.838833 0.313708 0.839220 0.314370 0.838856 0.316028 0.838226 0.316470 0.837353 0.318018 0.835464 0.319347 0.831396 0.318470 0.831009 0.317808 0.828975 0.317369 0.827813 0.315382 0.827935 0.314830 0.827547 0.314168 0.828761 0.308643 0.829391 0.308200 0.829512 0.307648 0.830772 0.306762 0.830894 0.306210 0.831402 0.306319 0.832032 0.305876 0.834574 0.306425 0.835204 0.305982
0 0.328921 0.477219 0.329308 0.477881 0.333399 0.481078 0.334174 0.482402 0.334052 0.482955 0.334439 0.483617 0.333468 0.488037 0.332839 0.488480 0.332474 0.490137 0.331845 0.490580 0.331723 0.491132 0.331215 0.491023 0.328695 0.492794 0.328574 0.493346 0.327944 0.493789 0.327436 0.493680 0.326806 0.494123 0.325789 0.493903 0.325159 0.494346 0.323125 0.493907 0.322738 0.493245 0.321721 0.493026 0.321334 0.492364 0.320317 0.492145 0.319930 0.491482 0.319421 0.491373 0.317485 0.488062 0.317607 0.487510 0.317220 0.486848 0.318069 0.482980 0.318699 0.482537 0.319185 0.480327 0.322334 0.478113 0.322842 0.478223 0.325749 0.477114 0.326766 0.477333 0.327396 0.476890
0 0.198240 0.589653 0.199401 0.591640 0.199280 0.592192 0.199933 0.594069 0.199326 0.596831 0.199713 0.597493 0.199471 0.598598 0.198841 0.599041 0.198355 0.601251 0.197725 0.601694 0.197483 0.602799 0.194963 0.604570 0.193438 0.604241 0.192808 0.604684 0.189757 0.604026 0.189127 0.604469 0.188619 0.604360 0.188231 0.603697 0.187215 0.603478 0.185666 0.600830 0.185787 0.600277 0.185400 0.599615 0.186128 0.596300 0.186758 0.595857 0.187122 0.594200 0.187752 0.593757 0.188116 0.592099 0.191266 0.589885 0.191774 0.589995 0.192404 0.589552 0.195455 0.590210 0.196085 0.589767 0.197610 0.590096
0 0.998397 0.405913 0.998397 0.406575 0.998397 0.407014 0.998397 0.407676 0.998397 0.407896 0.998397 0.408558 0.998397 0.408777 0.998397 0.409549 0.998397 0.410101 0.998397 0.412750 0.998397 0.415179 0.998397 0.416284 0.998397 0.416946 0.998397 0.417389 0.998397 0.420704 0.998397 0.423580 0.998397 0.423913 0.998397 0.423694 0.998397 0.424137 0.998397 0.423922 0.998397 0.424365 0.998397 0.423816 0.998397 0.423154 0.998397 0.422935 0.998397 0.422163 0.998397 0.418853 0.998397 0.417638 0.998397 0.414323 0.998397 0.413661 0.998397 0.412666 0.998397 0.411561 0.998397 0.410565 0.998397 0.406580 0.998397 0.406356
0 0.998397 0.422677 0.998397 0.423340 0.998397 0.423559 0.998397 0.425102 0.998397 0.428413 0.998397 0.428523 0.998397 0.431171 0.998397 0.433491 0.998397 0.435368 0.998397 0.439678 0.998397 0.441892 0.998397 0.442558 0.998397 0.442563 0.998397 0.443006 0.998397 0.442677 0.998397 0.443119 0.998397 0.442457 0.998397 0.442128 0.998397 0.441466 0.998397 0.440475 0.998397 0.439151 0.998397 0.439041 0.998397 0.435840 0.998397 0.433630 0.998397 0.433187 0.998397 0.429872 0.998397 0.429430 0.998397 0.427329 0.998397 0.423677 0.998397 0.423787 0.998397 0.422901 0.998397 0.423120
0 0.275554 0.417105 0.276837 0.418538 0.277854 0.418758 0.279403 0.421406 0.281194 0.422950 0.281725 0.425379 0.281483 0.426484 0.281870 0.427146 0.280899 0.431566 0.280269 0.432009 0.279784 0.434219 0.279154 0.434662 0.278911 0.435767 0.274623 0.438314 0.273606 0.438095 0.272977 0.438538 0.267383 0.437331 0.266996 0.436669 0.264962 0.436231 0.265083 0.435678 0.263656 0.432477 0.263633 0.430158 0.262980 0.428281 0.263830 0.424413 0.263443 0.423751 0.264073 0.423309 0.264437 0.421651 0.265067 0.421208 0.265309 0.420103 0.269718 0.417003 0.271244 0.417332 0.271874 0.416889 0.274925 0.417547
0 0.283799 0.110459 0.284186 0.111121 0.285711 0.111450 0.288786 0.114428 0.289802 0.114647 0.292125 0.118620 0.292657 0.121049 0.292194 0.125579 0.289941 0.128565 0.285653 0.131112 0.284128 0.130783 0.283498 0.131226 0.280955 0.130678 0.280325 0.131121 0.277904 0.130020 0.276234 0.127924 0.274830 0.127042 0.271855 0.121193 0.273068 0.115668 0.275443 0.112130 0.278471 0.110468 0.281014 0.111016 0.281644 0.110573 0.283169 0.110902
0 0.746814 0.213772 0.747201 0.214434 0.748727 0.214763 0.749114 0.215425 0.750131 0.215644 0.750518 0.216306 0.751922 0.217188 0.751801 0.217740 0.752188 0.218402 0.751945 0.219507 0.752332 0.220169 0.751240 0.225142 0.750610 0.225585 0.750368 0.226689 0.749738 0.227132 0.749616 0.227685 0.748357 0.228570 0.747848 0.228461 0.746080 0.229237 0.745063 0.229018 0.744433 0.229460 0.742399 0.229022 0.742012 0.228360 0.740995 0.228140 0.740608 0.227478 0.739204 0.226597 0.738817 0.225935 0.739059 0.224830 0.738406 0.222953 0.739620 0.217428 0.740250 0.216985 0.740371 0.216433 0.741631 0.215547 0.741752 0.214995 0.742382 0.214552 0.742891 0.214661 0.744659 0.213885 0.745676 0.214105 0.746306 0.213662
0 0.961933 0.492777 0.962320 0.493439 0.963337 0.493658 0.966411 0.496636 0.966289 0.497188 0.967063 0.498512 0.966457 0.501275 0.966844 0.501937 0.966480 0.503594 0.965850 0.504037 0.965607 0.505142 0.964977 0.505585 0.964735 0.506690 0.959817 0.509680 0.959309 0.509571 0.958679 0.510014 0.957662 0.509794 0.957032 0.510237 0.955507 0.509908 0.955119 0.509246 0.953594 0.508917 0.953207 0.508255 0.952190 0.508036 0.950520 0.505940 0.950641 0.505387 0.950254 0.504725 0.950497 0.503620 0.950110 0.502958 0.950959 0.499091 0.951589 0.498648 0.951832 0.497543 0.952462 0.497100 0.952704 0.495995 0.953334 0.495552 0.953456 0.495000 0.953964 0.495109 0.956484 0.493338 0.956992 0.493447 0.959390 0.492229
0 0.523500 0.169669 0.526805 0.170381 0.528596 0.171925 0.530653 0.174683 0.532058 0.175565 0.532832 0.176889 0.532589 0.177994 0.532976 0.178656 0.532127 0.182523 0.531497 0.182966 0.531133 0.184624 0.530382 0.185619 0.525851 0.189271 0.523574 0.189938 0.517981 0.188732 0.517594 0.188069 0.516068 0.187741 0.515173 0.186969 0.514399 0.185645 0.514254 0.183877 0.513480 0.182553 0.512948 0.180124 0.513313 0.178466 0.512925 0.177804 0.514405 0.173494 0.517288 0.170065 0.520195 0.168956
0 0.910507 0.283209 0.913049 0.283758 0.913436 0.284420 0.914962 0.284749 0.915736 0.286073 0.916245 0.286182 0.917406 0.288169 0.917816 0.291151 0.918590 0.292475 0.917741 0.296342 0.916360 0.297780 0.916117 0.298885 0.915366 0.299881 0.910448 0.302871 0.908923 0.302542 0.908536 0.301880 0.903959 0.300893 0.901902 0.298135 0.901394 0.298025 0.900741 0.296148 0.901105 0.294491 0.900452 0.292614 0.900938 0.290404 0.901567 0.289961 0.901931 0.288304 0.902561 0.287861 0.903677 0.285208 0.907964 0.282661
0 0.659422 0.584940 0.659809 0.585602 0.660826 0.585822 0.661600 0.587146 0.663004 0.588027 0.664165 0.590014 0.663923 0.591119 0.664310 0.591781 0.663946 0.593438 0.664333 0.594101 0.663703 0.594543 0.663460 0.595648 0.662830 0.596091 0.662466 0.597749 0.660455 0.599630 0.660334 0.600182 0.658444 0.601511 0.657936 0.601401 0.656168 0.602177 0.653625 0.601629 0.653238 0.600967 0.652221 0.600747 0.651834 0.600085 0.651326 0.599976 0.650551 0.598651 0.650673 0.598099 0.649633 0.595560 0.650846 0.590035 0.651476 0.589592 0.653100 0.587049 0.656249 0.584835 0.656758 0.584945 0.657388 0.584502
0 0.998397 0.547518 0.998397 0.548842 0.998397 0.549394 0.998397 0.550719 0.998397 0.551271 0.998397 0.551933 0.998397 0.554143 0.998397 0.554805 0.998397 0.556463 0.998397 0.556906 0.998397 0.559116 0.998397 0.560001 0.998397 0.560554 0.998397 0.562325 0.998397 0.561887 0.998397 0.562329 0.998397 0.561343 0.998397 0.557370 0.998397 0.555712 0.998397 0.555050 0.998397 0.552840 0.998397 0.552397 0.998397 0.549745 0.998397 0.549302 0.998397 0.548749 0.998397 0.547864 0.998397 0.547973 0.998397 0.546645 0.998397 0.547193 0.998397 0.546750
0 0.625047 0.559590 0.625434 0.560252 0.625943 0.560362 0.626717 0.561686 0.626474 0.562791 0.626861 0.563453 0.626497 0.565110 0.626884 0.565773 0.626763 0.566325 0.626133 0.566768 0.625648 0.568978 0.625018 0.569421 0.624896 0.569973 0.624267 0.570416 0.623758 0.570306 0.621990 0.571082 0.621481 0.570973 0.621094 0.570311 0.619569 0.569982 0.619182 0.569319 0.618165 0.569100 0.617778 0.568438 0.617269 0.568328 0.616616 0.566452 0.617708 0.561479 0.618338 0.561036 0.618460 0.560484 0.618968 0.560594 0.620228 0.559708 0.621245 0.559927 0.621875 0.559484 0.622892 0.559704 0.623522 0.559261
0 0.472813 0.149481 0.474096 0.150915 0.475113 0.151134 0.476783 0.153230 0.476540 0.154335 0.477193 0.156212 0.476222 0.160631 0.474211 0.162512 0.474090 0.163065 0.472709 0.164503 0.472200 0.164393 0.470432 0.165169 0.469415 0.164950 0.468785 0.165393 0.468277 0.165283 0.467889 0.164621 0.465347 0.164073 0.464960 0.163411 0.463943 0.163192 0.463556 0.162529 0.463047 0.162420 0.461233 0.158557 0.461961 0.155242 0.462591 0.154799 0.462955 0.153141 0.463585 0.152699 0.465209 0.150156 0.466977 0.149379 0.467994 0.149599 0.468624 0.149156 0.470658 0.149594 0.471288 0.149152
0 0.533703 0.558410 0.534090 0.559072 0.534599 0.559182 0.535760 0.561168 0.536268 0.561278 0.538083 0.565141 0.537840 0.566246 0.538227 0.566908 0.537620 0.569671 0.536990 0.570113 0.536626 0.571771 0.532726 0.574980 0.532217 0.574871 0.529311 0.575980 0.524734 0.574993 0.524347 0.574331 0.522822 0.574002 0.521273 0.571354 0.522002 0.568039 0.521614 0.567377 0.522244 0.566934 0.523094 0.563066 0.523724 0.562624 0.523966 0.561519 0.524596 0.561076 0.524839 0.559971 0.525469 0.559528 0.525590 0.558975 0.526850 0.558090 0.527358 0.558199 0.527988 0.557757 0.529514 0.558086 0.530144 0.557643
0 0.825488 0.510226 0.825875 0.510888 0.826892 0.511108 0.830087 0.513533 0.832023 0.516843 0.832555 0.519273 0.832456 0.522145 0.832843 0.522807 0.832115 0.526122 0.829983 0.528555 0.829740 0.529660 0.826712 0.531322 0.825187 0.530993 0.821263 0.531883 0.820246 0.531663 0.819859 0.531001 0.817825 0.530563 0.817438 0.529901 0.814896 0.529352 0.814000 0.528581 0.812451 0.525932 0.812694 0.524827 0.812163 0.522398 0.813134 0.517978 0.813763 0.517535 0.814879 0.514882 0.818392 0.511011 0.820547 0.510897 0.821177 0.510454 0.822703 0.510783 0.824980 0.510117
0 0.312999 0.547275 0.313387 0.547937 0.313265 0.548490 0.314814 0.551138 0.314450 0.552796 0.314837 0.553458 0.313502 0.559535 0.312872 0.559978 0.312508 0.561635 0.311878 0.562078 0.311757 0.562631 0.309359 0.563850 0.302748 0.562424 0.301078 0.560328 0.301200 0.559776 0.300015 0.555470 0.300501 0.553260 0.300114 0.552598 0.300356 0.551493 0.300986 0.551050 0.302610 0.548507 0.303240 0.548064 0.303748 0.548173 0.305638 0.546845 0.306146 0.546955 0.306776 0.546512 0.310336 0.547279 0.310965 0.546836
0 0.186703 0.181529 0.189754 0.182186 0.191302 0.184835 0.191181 0.185387 0.191955 0.186712 0.191834 0.187264 0.192487 0.189141 0.192001 0.191351 0.192389 0.192013 0.191759 0.192456 0.190909 0.196323 0.188390 0.198095 0.187881 0.197985 0.186113 0.198761 0.180011 0.197445 0.178341 0.195349 0.177833 0.195240 0.176671 0.193253 0.176770 0.190381 0.176117 0.188504 0.176747 0.188062 0.177111 0.186404 0.177741 0.185961 0.177983 0.184856 0.178613 0.184413 0.179486 0.182866 0.182005 0.181094 0.183022 0.181314 0.183652 0.180871
0 0.581794 0.611022 0.582182 0.611684 0.584603 0.612785 0.587191 0.617972 0.587214 0.620292 0.587601 0.620954 0.586630 0.625374 0.586001 0.625817 0.585515 0.628027 0.583383 0.630460 0.581227 0.630574 0.580598 0.631017 0.579581 0.630797 0.578951 0.631240 0.577934 0.631021 0.577304 0.631464 0.574253 0.630806 0.573866 0.630144 0.569919 0.628714 0.568371 0.626066 0.567573 0.622422 0.568423 0.618554 0.568036 0.617892 0.568666 0.617449 0.569151 0.615240 0.569781 0.614797 0.570024 0.613692 0.572543 0.611920 0.577097 0.610588 0.578622 0.610917 0.579252 0.610474
0 0.178888 0.595318 0.179275 0.595980 0.181575 0.597633 0.182349 0.598957 0.182107 0.600062 0.182759 0.601939 0.182153 0.604701 0.181523 0.605144 0.181159 0.606802 0.179269 0.608130 0.178761 0.608020 0.177501 0.608906 0.176992 0.608796 0.176363 0.609239 0.169244 0.607704 0.168614 0.608147 0.167840 0.606823 0.167961 0.606270 0.167574 0.605608 0.167938 0.603951 0.167551 0.603289 0.168181 0.602846 0.168666 0.600636 0.169296 0.600193 0.170169 0.598645 0.171428 0.597760 0.172301 0.596212 0.172931 0.595769 0.173439 0.595878 0.174699 0.594993 0.175716 0.595212 0.176346 0.594769
0 0.224928 0.300873 0.225316 0.301535 0.227858 0.302083 0.230036 0.304289 0.229794 0.305394 0.230181 0.306056 0.229938 0.307161 0.230325 0.307823 0.229961 0.309481 0.229331 0.309923 0.228724 0.312686 0.226835 0.314014 0.226714 0.314567 0.226084 0.315010 0.225067 0.314790 0.224437 0.315233 0.221894 0.314685 0.221265 0.315128 0.218722 0.314580 0.218335 0.313917 0.217826 0.313808 0.216278 0.311159 0.216399 0.310607 0.216012 0.309945 0.216862 0.306077 0.216475 0.305415 0.217856 0.303977 0.218098 0.302872 0.218728 0.302429 0.218850 0.301877 0.220109 0.300991 0.220618 0.301101 0.222386 0.300325
0 0.998397 0.380520 0.998397 0.381182 0.998397 0.381402 0.998397 0.382064 0.998397 0.382173 0.998397 0.384160 0.998397 0.384270 0.998397 0.384932 0.998397 0.385484 0.998397 0.386808 0.998397 0.387913 0.998397 0.388576 0.998397 0.389681 0.998397 0.390343 0.998397 0.390785 0.998397 0.392443 0.998397 0.392886 0.998397 0.393991 0.998397 0.395762 0.998397 0.395652 0.998397 0.396762 0.998397 0.396323 0.998397 0.395661 0.998397 0.394560 0.998397 0.393898 0.998397 0.393017 0.998397 0.392464 0.998397 0.390587 0.998397 0.385063 0.998397 0.384620 0.998397 0.383515 0.998397 0.383072 0.998397 0.382519 0.998397 0.381191 0.998397 0.381301 0.998397 0.380858 0.998397 0.381077 0.998397 0.380634 0.998397 0.380963
0 0.883638 0.783738 0.885429 0.785282 0.886590 0.787268 0.886469 0.787821 0.887243 0.789145 0.887775 0.791574 0.887411 0.793232 0.887798 0.793894 0.886584 0.799419 0.884330 0.802405 0.883822 0.802295 0.881932 0.803624 0.879656 0.804290 0.875079 0.803303 0.874692 0.802641 0.872658 0.802202 0.871110 0.799554 0.870844 0.798339 0.871208 0.796682 0.870821 0.796020 0.872277 0.789390 0.872907 0.788947 0.873271 0.787290 0.876663 0.783970 0.877680 0.784190 0.878310 0.783747 0.879836 0.784076 0.880465 0.783633 0.881991 0.783962 0.882621 0.783519
0 0.950315 0.574755 0.954406 0.577952 0.956342 0.581263 0.956873 0.583692 0.956631 0.584797 0.957018 0.585459 0.954810 0.593084 0.952412 0.594303 0.951395 0.594084 0.950765 0.594527 0.948223 0.593978 0.947593 0.594421 0.943525 0.593544 0.942242 0.592110 0.941225 0.591891 0.938539 0.589576 0.937886 0.587699 0.938128 0.586594 0.937741 0.585932 0.938470 0.582617 0.938082 0.581955 0.940070 0.577754 0.942590 0.575983 0.947773 0.574207
0 0.342841 0.154438 0.343228 0.155100 0.345262 0.155539 0.346544 0.156972 0.346423 0.157525 0.347342 0.160616 0.346007 0.166694 0.345377 0.167137 0.344504 0.168684 0.343245 0.169570 0.343123 0.170123 0.342615 0.170013 0.340847 0.170789 0.339321 0.170460 0.338691 0.170903 0.335640 0.170245 0.335253 0.169583 0.333849 0.168701 0.332809 0.166162 0.333052 0.165057 0.332665 0.164395 0.332907 0.163290 0.332520 0.162628 0.333491 0.158208 0.334751 0.157323 0.335623 0.155775 0.337513 0.154446 0.338021 0.154556 0.339790 0.153780
0 0.812807 0.255198 0.813194 0.255861 0.816245 0.256518 0.818302 0.259277 0.819366 0.264135 0.820406 0.266674 0.819920 0.268884 0.820307 0.269546 0.819822 0.271756 0.817568 0.274742 0.815049 0.276513 0.811125 0.277403 0.810229 0.276631 0.807687 0.276083 0.807300 0.275421 0.805266 0.274983 0.804879 0.274320 0.803862 0.274101 0.801805 0.271343 0.801395 0.268361 0.800620 0.267037 0.801713 0.262065 0.802343 0.261622 0.802585 0.260517 0.805590 0.256535 0.809248 0.254431
0 0.405394 0.245466 0.409629 0.250430 0.410138 0.250540 0.411201 0.255398 0.410958 0.256503 0.410328 0.256946 0.409721 0.259708 0.408219 0.261699 0.405070 0.263913 0.401025 0.265355 0.399499 0.265027 0.399112 0.264364 0.395553 0.263597 0.393761 0.262053 0.392213 0.259405 0.392190 0.257085 0.391537 0.255208 0.392387 0.251341 0.393016 0.250898 0.393381 0.249241 0.394010 0.248798 0.395004 0.246698 0.398662 0.244593 0.402730 0.245470 0.403360 0.245027
0 0.302829 0.212934 0.303216 0.213596 0.306267 0.214254 0.308059 0.215798 0.309220 0.217784 0.310017 0.221428 0.309775 0.222533 0.310162 0.223195 0.309434 0.226510 0.308804 0.226953 0.308440 0.228610 0.307688 0.229606 0.303909 0.232263 0.302771 0.232596 0.296160 0.231170 0.295773 0.230508 0.294756 0.230289 0.293595 0.228303 0.291804 0.226759 0.291151 0.224882 0.291105 0.220243 0.291735 0.219800 0.292342 0.217038 0.293723 0.215600 0.293965 0.214495 0.296363 0.213276 0.298519 0.213162 0.300287 0.212386
0 0.998397 0.623167 0.998397 0.623829 0.998397 0.624377 0.998397 0.625039 0.998397 0.625149 0.998397 0.627135 0.998397 0.627688 0.998397 0.628350 0.998397 0.629455 0.998397 0.630117 0.998397 0.631222 0.998397 0.631884 0.998397 0.632436 0.998397 0.632879 0.998397 0.635642 0.998397 0.636085 0.998397 0.636637 0.998397 0.638851 0.993558 0.637316 0.992010 0.634668 0.992131 0.634115 0.991744 0.633453 0.991987 0.632348 0.991600 0.631686 0.992085 0.629476 0.991698 0.628814 0.991819 0.628261 0.992449 0.627818 0.993056 0.625056 0.993686 0.624613 0.993807 0.624061 0.995697 0.622732 0.996205 0.622842 0.996835 0.622399
0 0.652780 0.644267 0.654063 0.645701 0.655080 0.645920 0.658662 0.649007 0.658541 0.649560 0.660355 0.653423 0.659506 0.657290 0.657616 0.658619 0.657495 0.659171 0.654854 0.661495 0.654346 0.661385 0.650058 0.663933 0.647781 0.664599 0.645360 0.663499 0.642286 0.660521 0.641125 0.658535 0.640859 0.657320 0.641223 0.655663 0.640692 0.653233 0.642171 0.648923 0.644425 0.645937 0.651255 0.643938
0 0.332663 0.547464 0.333050 0.548127 0.334576 0.548456 0.334963 0.549118 0.336367 0.549999 0.337915 0.552648 0.337673 0.553753 0.338326 0.555629 0.338204 0.556182 0.337574 0.556625 0.337332 0.557730 0.336702 0.558173 0.336338 0.559830 0.333188 0.562044 0.332680 0.561934 0.330912 0.562711 0.329895 0.562491 0.329265 0.562934 0.328756 0.562824 0.328369 0.562162 0.327352 0.561943 0.326578 0.560619 0.326070 0.560509 0.324908 0.558523 0.325030 0.557970 0.324642 0.557308 0.325128 0.555098 0.324741 0.554436 0.324984 0.553331 0.325613 0.552888 0.325856 0.551783 0.326486 0.551340 0.326729 0.550235 0.329878 0.548021 0.330386 0.548131 0.332155 0.547355
0 0.298275 0.239728 0.301580 0.240440 0.306833 0.245623 0.309831 0.253793 0.307745 0.260865 0.305613 0.263299 0.305370 0.264404 0.302099 0.267170 0.297038 0.268393 0.290936 0.267078 0.287619 0.265205 0.284014 0.259799 0.283216 0.256155 0.283580 0.254497 0.283193 0.253835 0.284528 0.247758 0.286273 0.244662 0.290804 0.241010 0.294970 0.239015
0 0.520833 0.271515 0.524138 0.272228 0.525299 0.274215 0.525808 0.274324 0.526969 0.276311 0.526848 0.276863 0.527767 0.279954 0.527524 0.281059 0.526894 0.281502 0.526651 0.282607 0.526021 0.283050 0.525149 0.284598 0.523889 0.285484 0.523016 0.287031 0.521757 0.287917 0.521248 0.287807 0.520618 0.288250 0.515025 0.287044 0.514395 0.287487 0.514008 0.286825 0.512991 0.286606 0.512217 0.285281 0.511708 0.285172 0.511951 0.284067 0.511032 0.280975 0.512125 0.276003 0.512754 0.275560 0.513240 0.273350 0.515759 0.271579 0.516268 0.271688 0.517528 0.270803
0 0.793194 0.630567 0.793582 0.631229 0.794599 0.631448 0.794986 0.632110 0.796390 0.632992 0.797164 0.634316 0.796921 0.635421 0.797308 0.636083 0.797187 0.636636 0.797574 0.637298 0.797332 0.638403 0.797719 0.639065 0.797089 0.639508 0.796361 0.642823 0.793841 0.644594 0.793333 0.644484 0.790426 0.645594 0.788392 0.645155 0.788005 0.644493 0.786988 0.644274 0.786601 0.643611 0.785197 0.642730 0.784423 0.641406 0.783914 0.641296 0.784035 0.640744 0.783648 0.640081 0.783891 0.638977 0.783504 0.638314 0.783868 0.636657 0.783481 0.635995 0.784111 0.635552 0.784475 0.633895 0.785105 0.633452 0.785347 0.632347 0.786607 0.631461 0.787116 0.631571 0.790022 0.630461 0.791548 0.630790 0.792177 0.630348
0 0.503813 0.333234 0.505605 0.334777 0.507153 0.337426 0.507032 0.337978 0.509476 0.341398 0.509742 0.342613 0.509378 0.344270 0.509765 0.344933 0.509037 0.348248 0.508407 0.348690 0.508164 0.349795 0.507534 0.350238 0.507291 0.351343 0.505789 0.353334 0.505280 0.353224 0.502761 0.354996 0.499589 0.354890 0.498959 0.355333 0.498572 0.354671 0.497046 0.354342 0.496151 0.353570 0.493441 0.348935 0.493684 0.347830 0.493152 0.345401 0.493759 0.342639 0.493372 0.341976 0.494851 0.337666 0.497371 0.335895 0.499017 0.335671 0.501537 0.333900 0.503184 0.333676
0 0.688859 0.509119 0.690142 0.510553 0.691159 0.510772 0.691546 0.511434 0.692950 0.512316 0.693724 0.513640 0.693603 0.514192 0.694256 0.516069 0.693649 0.518832 0.693019 0.519274 0.691927 0.524247 0.691297 0.524690 0.689263 0.524251 0.688633 0.524694 0.686599 0.524255 0.685969 0.524698 0.684444 0.524369 0.684057 0.523707 0.683040 0.523488 0.682653 0.522826 0.681249 0.521944 0.680861 0.521282 0.680983 0.520730 0.679821 0.518743 0.679943 0.518191 0.679556 0.517529 0.679920 0.515871 0.680550 0.515428 0.681035 0.513218 0.682295 0.512333 0.682416 0.511780 0.683676 0.510895 0.683797 0.510342 0.684427 0.509899 0.686074 0.509676 0.687334 0.508790
0 0.184432 0.361579 0.184819 0.362241 0.186223 0.363123 0.187771 0.365771 0.188280 0.365881 0.188933 0.367758 0.187841 0.372730 0.187211 0.373173 0.186338 0.374721 0.184449 0.376049 0.183940 0.375939 0.183310 0.376382 0.182293 0.376163 0.181663 0.376606 0.178613 0.375948 0.178225 0.375286 0.177208 0.375067 0.175151 0.372308 0.175273 0.371756 0.174354 0.368665 0.174718 0.367007 0.175348 0.366564 0.175712 0.364907 0.177602 0.363578 0.178110 0.363688 0.181259 0.361474 0.181768 0.361583 0.182398 0.361141
0 0.652305 0.673097 0.654992 0.675413 0.656154 0.677399 0.657558 0.678280 0.658332 0.679605 0.658211 0.680157 0.658985 0.681481 0.658765 0.684906 0.659152 0.685568 0.658910 0.686673 0.658280 0.687116 0.657309 0.691536 0.656679 0.691979 0.656436 0.693084 0.653408 0.694745 0.651374 0.694307 0.650745 0.694750 0.648711 0.694311 0.648081 0.694754 0.647064 0.694535 0.644377 0.692219 0.641546 0.688137 0.641014 0.685708 0.641621 0.682945 0.641234 0.682283 0.641598 0.680626 0.642228 0.680183 0.642835 0.677420 0.644094 0.676535 0.644216 0.675982 0.646105 0.674654 0.651797 0.672988
0 0.515348 0.460132 0.518544 0.462557 0.520867 0.466529 0.520624 0.467634 0.521011 0.468297 0.520526 0.470506 0.520913 0.471169 0.520161 0.472164 0.519433 0.475479 0.517931 0.477470 0.516041 0.478798 0.514394 0.479022 0.511367 0.480683 0.504635 0.479810 0.503739 0.479039 0.501416 0.475066 0.501151 0.473851 0.501393 0.472746 0.500740 0.470869 0.501492 0.469874 0.502220 0.466559 0.503601 0.465121 0.503844 0.464016 0.508883 0.460473 0.512055 0.460579 0.512685 0.460136 0.514210 0.460465 0.514840 0.460022
0 0.124169 0.552271 0.126965 0.552874 0.127353 0.553536 0.127861 0.553646 0.129022 0.555632 0.128901 0.556185 0.129820 0.559276 0.129698 0.559829 0.129068 0.560271 0.128462 0.563034 0.127832 0.563477 0.126959 0.565024 0.124318 0.567348 0.123810 0.567239 0.118627 0.569014 0.117101 0.568685 0.114657 0.565265 0.114778 0.564713 0.114391 0.564050 0.114755 0.562393 0.114368 0.561731 0.114611 0.560626 0.114224 0.559964 0.114345 0.559411 0.114975 0.558968 0.115582 0.556206 0.116842 0.555320 0.116963 0.554768 0.118223 0.553882 0.118344 0.553330 0.120234 0.552001 0.120742 0.552111 0.121372 0.551668
0 0.998397 0.478377 0.998397 0.479039 0.998397 0.479259 0.998397 0.479921 0.998397 0.480140 0.998397 0.480802 0.998397 0.481793 0.998397 0.484442 0.998397 0.488086 0.998397 0.489743 0.998397 0.490405 0.998397 0.493720 0.998397 0.494163 0.998397 0.495820 0.998397 0.496816 0.998397 0.498920 0.998397 0.498043 0.998397 0.498486 0.998397 0.497938 0.998397 0.497276 0.998397 0.496285 0.998397 0.492421 0.998397 0.488997 0.998397 0.488335 0.998397 0.487230 0.998397 0.486787 0.998397 0.484025 0.998397 0.482143 0.998397 0.480596 0.998397 0.479267 0.998397 0.479377 0.998397 0.478158
0 0.998397 0.520860 0.998397 0.521522 0.998397 0.521632 0.998397 0.526267 0.998397 0.527372 0.998397 0.528034 0.998397 0.529139 0.998397 0.529801 0.998397 0.531458 0.998397 0.531901 0.998397 0.534111 0.998397 0.535440 0.998397 0.535330 0.998397 0.536106 0.998397 0.535887 0.998397 0.536330 0.998397 0.535891 0.998397 0.535229 0.998397 0.535010 0.998397 0.534347 0.998397 0.533466 0.998397 0.532142 0.998397 0.531589 0.998397 0.529713 0.998397 0.528608 0.998397 0.527945 0.998397 0.524631 0.998397 0.524188 0.998397 0.523083 0.998397 0.522640 0.998397 0.522749 0.998397 0.521421 0.998397 0.521531 0.998397 0.520421
0 0.961574 0.341671 0.961961 0.342333 0.962978 0.342552 0.963365 0.343214 0.964382 0.343433 0.964769 0.344096 0.966173 0.344977 0.966947 0.346301 0.966826 0.346854 0.967213 0.347516 0.966849 0.349173 0.967236 0.349835 0.966144 0.354808 0.963625 0.356579 0.963116 0.356470 0.962486 0.356912 0.961469 0.356693 0.960839 0.357136 0.959314 0.356807 0.958684 0.357250 0.956650 0.356811 0.956263 0.356149 0.955246 0.355930 0.954859 0.355268 0.953455 0.354386 0.952293 0.352400 0.952657 0.350742 0.952270 0.350080 0.952998 0.346765 0.953628 0.346323 0.953992 0.344665 0.955252 0.343779 0.955374 0.343227 0.955882 0.343337 0.957771 0.342008 0.958280 0.342118 0.958910 0.341675 0.959927 0.341894 0.960557 0.341451
0 0.573376 0.593583 0.573763 0.594245 0.575797 0.594684 0.576184 0.595346 0.577201 0.595565 0.577975 0.596889 0.577854 0.597442 0.578507 0.599319 0.577415 0.604291 0.576785 0.604734 0.576663 0.605286 0.574774 0.606615 0.568672 0.605299 0.567898 0.603975 0.568019 0.603422 0.567366 0.601546 0.567973 0.598783 0.567586 0.598121 0.567829 0.597016 0.568458 0.596573 0.568823 0.594916 0.569452 0.594473 0.569574 0.593920 0.570833 0.593035
0 0.920850 0.801021 0.921237 0.801683 0.924796 0.802451 0.927506 0.807085 0.927044 0.811615 0.927431 0.812277 0.926338 0.817249 0.925709 0.817692 0.925345 0.819350 0.921057 0.821897 0.920693 0.823555 0.906964 0.820594 0.907328 0.818937 0.906530 0.815293 0.907501 0.810873 0.908131 0.810430 0.909489 0.806672 0.910870 0.805234 0.911864 0.803134 0.914141 0.802468 0.916030 0.801139 0.918186 0.801025 0.918816 0.800582
0 0.998397 0.286985 0.998397 0.287648 0.998397 0.288305 0.998397 0.288968 0.998397 0.289187 0.998397 0.289959 0.998397 0.292607 0.998397 0.293822 0.998397 0.294927 0.998397 0.295589 0.998397 0.297799 0.998397 0.298461 0.998397 0.298904 0.998397 0.301666 0.998397 0.302662 0.998397 0.305319 0.998397 0.304770 0.998397 0.305213 0.998397 0.304117 0.998397 0.303455 0.998397 0.303126 0.998397 0.299815 0.998397 0.298710 0.998397 0.298048 0.998397 0.292523 0.998397 0.292080 0.998397 0.290975 0.998397 0.290090 0.998397 0.289537 0.998397 0.287323 0.998397 0.286656
0 0.167195 0.350340 0.167582 0.351002 0.169882 0.352655 0.171939 0.355413 0.171575 0.357071 0.171962 0.357733 0.171234 0.361048 0.170604 0.361491 0.170240 0.363148 0.168980 0.364034 0.168472 0.363924 0.164427 0.365367 0.163410 0.365147 0.162780 0.365590 0.158568 0.362946 0.157406 0.360960 0.157649 0.359855 0.157262 0.359192 0.157626 0.357535 0.157239 0.356873 0.157869 0.356430 0.158112 0.355325 0.158741 0.354882 0.159614 0.353334 0.164023 0.350235 0.164532 0.350344 0.165161 0.349901
0 0.768842 0.183802 0.769229 0.184464 0.770755 0.184793 0.771142 0.185455 0.772159 0.185675 0.773055 0.186446 0.774216 0.188433 0.774748 0.190862 0.774505 0.191967 0.774892 0.192629 0.774407 0.194839 0.773777 0.195282 0.773413 0.196939 0.772661 0.197935 0.770142 0.199706 0.767865 0.200373 0.766340 0.200044 0.765710 0.200486 0.763167 0.199938 0.762538 0.200381 0.762150 0.199719 0.759729 0.198618 0.758181 0.195970 0.758302 0.195417 0.757528 0.194093 0.757771 0.192988 0.757384 0.192326 0.757748 0.190668 0.757361 0.190006 0.759227 0.186358 0.765791 0.183144
0 0.872291 0.714168 0.872679 0.714830 0.873696 0.715049 0.874083 0.715711 0.874591 0.715821 0.876914 0.719794 0.876792 0.720346 0.877180 0.721008 0.876937 0.722113 0.877324 0.722776 0.876839 0.724985 0.876209 0.725428 0.874585 0.727971 0.872066 0.729743 0.871557 0.729633 0.869789 0.730409 0.865212 0.729422 0.864825 0.728760 0.862791 0.728322 0.860856 0.725011 0.861341 0.722801 0.860954 0.722139 0.861318 0.720481 0.861948 0.720039 0.862312 0.718381 0.862942 0.717938 0.863185 0.716833 0.865704 0.715062 0.866212 0.715172 0.866842 0.714729 0.867859 0.714948 0.868489 0.714505 0.869506 0.714725 0.870136 0.714282 0.871661 0.714611
0 0.946910 0.627836 0.950215 0.628549 0.950990 0.629873 0.951498 0.629983 0.953047 0.632631 0.953578 0.635060 0.953335 0.636165 0.953722 0.636827 0.953237 0.639037 0.953624 0.639700 0.953381 0.640805 0.951879 0.642795 0.951515 0.644453 0.947227 0.647000 0.941125 0.645684 0.940738 0.645022 0.939721 0.644803 0.937664 0.642045 0.937156 0.641935 0.936503 0.640058 0.936746 0.638953 0.936093 0.637077 0.936942 0.633209 0.938323 0.631771 0.938566 0.630666 0.939317 0.629671 0.943605 0.627123
0 0.156706 0.213830 0.158642 0.217141 0.158399 0.218246 0.158787 0.218908 0.158422 0.220565 0.158810 0.221228 0.158180 0.221670 0.157573 0.224433 0.154545 0.226095 0.150986 0.225327 0.150598 0.224665 0.148564 0.224226 0.148177 0.223564 0.147669 0.223455 0.147790 0.222902 0.147403 0.222240 0.147646 0.221135 0.147259 0.220473 0.147501 0.219368 0.147114 0.218706 0.147600 0.216496 0.148230 0.216053 0.148594 0.214396 0.150483 0.213067 0.154043 0.213835 0.154673 0.213392
0 0.626435 0.686615 0.626822 0.687277 0.628348 0.687606 0.630018 0.689702 0.629896 0.690254 0.630283 0.690916 0.629313 0.695336 0.628683 0.695779 0.628440 0.696884 0.627810 0.697327 0.627567 0.698432 0.626938 0.698875 0.626065 0.700422 0.625557 0.700313 0.623667 0.701641 0.623158 0.701532 0.622529 0.701975 0.621512 0.701755 0.620882 0.702198 0.618339 0.701650 0.617952 0.700988 0.616935 0.700768 0.614225 0.696133 0.614468 0.695029 0.614081 0.694366 0.614566 0.692156 0.614179 0.691494 0.614809 0.691051 0.615924 0.688399 0.618444 0.686627 0.618952 0.686737 0.621859 0.685628
0 0.263701 0.296503 0.264088 0.297165 0.265614 0.297494 0.266001 0.298156 0.266510 0.298266 0.266897 0.298928 0.268301 0.299809 0.268688 0.300472 0.268202 0.302682 0.268590 0.303344 0.268225 0.305001 0.267596 0.305444 0.267353 0.306549 0.266723 0.306992 0.265850 0.308540 0.262823 0.310201 0.261806 0.309982 0.261176 0.310425 0.259142 0.309986 0.258367 0.308662 0.257859 0.308552 0.256698 0.306566 0.256819 0.306013 0.256432 0.305351 0.256287 0.303584 0.255513 0.302260 0.256120 0.299498 0.256750 0.299055 0.256993 0.297950 0.257622 0.297507 0.258131 0.297617 0.259391 0.296731 0.259899 0.296841 0.260529 0.296398 0.261546 0.296617 0.262176 0.296174
0 0.328515 0.180860 0.328902 0.181522 0.329411 0.181632 0.329798 0.182294 0.331202 0.183176 0.332363 0.185162 0.332242 0.185714 0.332629 0.186377 0.331658 0.190797 0.331028 0.191239 0.330907 0.191792 0.330277 0.192235 0.329405 0.193782 0.328145 0.194668 0.327636 0.194559 0.327007 0.195001 0.325481 0.194672 0.324851 0.195115 0.323834 0.194896 0.323447 0.194234 0.322430 0.194015 0.322043 0.193352 0.320639 0.192471 0.320252 0.191809 0.320373 0.191256 0.319986 0.190594 0.320229 0.189489 0.319842 0.188827 0.320934 0.183855 0.321564 0.183412 0.322436 0.181864 0.323066 0.181421 0.323575 0.181531 0.324834 0.180645 0.325851 0.180865 0.326481 0.180422
0 0.575344 0.485220 0.575731 0.485882 0.576240 0.485992 0.577014 0.487316 0.577523 0.487426 0.577401 0.487978 0.577788 0.488641 0.577933 0.490408 0.578707 0.491732 0.577736 0.496152 0.577106 0.496595 0.576985 0.497147 0.575725 0.498033 0.575604 0.498585 0.575095 0.498476 0.573327 0.499252 0.570276 0.498594 0.569889 0.497932 0.568364 0.497603 0.567976 0.496941 0.567468 0.496831 0.566694 0.495507 0.566815 0.494954 0.566162 0.493078 0.566284 0.492525 0.566913 0.492082 0.567763 0.488215 0.568393 0.487772 0.568636 0.486667 0.569895 0.485781 0.570404 0.485891 0.571034 0.485448 0.572051 0.485667 0.572680 0.485225 0.574714 0.485663
0 0.220196 0.463033 0.221866 0.465129 0.222375 0.465239 0.224310 0.468549 0.224189 0.469102 0.224842 0.470979 0.224478 0.472636 0.223848 0.473079 0.223484 0.474736 0.220843 0.477060 0.219970 0.478608 0.219462 0.478498 0.217694 0.479275 0.216677 0.479055 0.216047 0.479498 0.215660 0.478836 0.214643 0.478617 0.214256 0.477954 0.213239 0.477735 0.212851 0.477073 0.211835 0.476854 0.211447 0.476192 0.210939 0.476082 0.210165 0.474758 0.210286 0.474205 0.209633 0.472328 0.209876 0.471224 0.210506 0.470781 0.211234 0.467466 0.211864 0.467023 0.212736 0.465475 0.213996 0.464589 0.216781 0.464033 0.219179 0.462814
0 0.989775 0.601202 0.990162 0.601865 0.991566 0.602746 0.992727 0.604732 0.992485 0.605837 0.992872 0.606499 0.991537 0.612577 0.990907 0.613020 0.990034 0.614567 0.988775 0.615453 0.988266 0.615343 0.987006 0.616229 0.986498 0.616120 0.985868 0.616562 0.985360 0.616453 0.984972 0.615791 0.983956 0.615571 0.983568 0.614909 0.983060 0.614799 0.982673 0.614137 0.981269 0.613256 0.980107 0.611270 0.980229 0.610717 0.979842 0.610055 0.981055 0.604530 0.981685 0.604087 0.982049 0.602430 0.983309 0.601544 0.983817 0.601654 0.985586 0.600878 0.986603 0.601097 0.987232 0.600654
0 0.299404 0.519461 0.300831 0.522662 0.300710 0.523215 0.301097 0.523877 0.300733 0.525534 0.301120 0.526196 0.300634 0.528406 0.300005 0.528849 0.299398 0.531612 0.298138 0.532497 0.298017 0.533050 0.296127 0.534378 0.295619 0.534269 0.294989 0.534712 0.293463 0.534383 0.292833 0.534825 0.288257 0.533839 0.287870 0.533176 0.287361 0.533067 0.285813 0.530418 0.285934 0.529866 0.285547 0.529204 0.286639 0.524231 0.288020 0.522793 0.288263 0.521688 0.292672 0.518588 0.296232 0.519356 0.296861 0.518913
0 0.930961 0.299193 0.932631 0.301289 0.933140 0.301399 0.934688 0.304047 0.935751 0.308906 0.934902 0.312773 0.932891 0.314654 0.932770 0.315207 0.931510 0.316092 0.930371 0.316425 0.929355 0.316206 0.928725 0.316649 0.927708 0.316430 0.927078 0.316873 0.926061 0.316653 0.925674 0.315991 0.922623 0.315333 0.922236 0.314671 0.920710 0.314342 0.919815 0.313570 0.919040 0.312246 0.918243 0.308602 0.918994 0.307607 0.919480 0.305397 0.920982 0.303406 0.921346 0.301749 0.922849 0.299758 0.925247 0.298539 0.928298 0.299197 0.928927 0.298754
0 0.761141 0.660110 0.761528 0.660772 0.762932 0.661654 0.764481 0.664302 0.763995 0.666512 0.764382 0.667175 0.764140 0.668280 0.763510 0.668722 0.762394 0.671375 0.760262 0.673809 0.760019 0.674914 0.757113 0.676023 0.750503 0.674597 0.750115 0.673935 0.749607 0.673826 0.748446 0.671839 0.748567 0.671287 0.747648 0.668195 0.748255 0.665433 0.748885 0.664990 0.749249 0.663333 0.749879 0.662890 0.750122 0.661785 0.750751 0.661342 0.750873 0.660789 0.752762 0.659461 0.753271 0.659571 0.753901 0.659128 0.755935 0.659566 0.756565 0.659124
0 0.751496 0.340349 0.751883 0.341011 0.752900 0.341231 0.753675 0.342555 0.754183 0.342665 0.754957 0.343989 0.755466 0.344098 0.756627 0.346085 0.756506 0.346637 0.756893 0.347299 0.756650 0.348404 0.757037 0.349067 0.756431 0.351829 0.755801 0.352272 0.755437 0.353929 0.752287 0.356144 0.751779 0.356034 0.750011 0.356810 0.745943 0.355933 0.745556 0.355271 0.744539 0.355051 0.743377 0.353065 0.742869 0.352955 0.742482 0.352293 0.742603 0.351741 0.741950 0.349864 0.742921 0.345444 0.742534 0.344782 0.743019 0.342572 0.744909 0.341243 0.745417 0.341353 0.746047 0.340910 0.747064 0.341130 0.748832 0.340353 0.750358 0.340682 0.750988 0.340240
0 0.207419 0.159956 0.210880 0.163596 0.211412 0.166025 0.212573 0.168011 0.212839 0.169226 0.212353 0.171436 0.212741 0.172098 0.210487 0.175084 0.207338 0.177298 0.206199 0.177631 0.205182 0.177412 0.204552 0.177855 0.202518 0.177416 0.202131 0.176754 0.199589 0.176206 0.199202 0.175544 0.197676 0.175215 0.195885 0.173671 0.195111 0.172347 0.194314 0.168703 0.195163 0.164836 0.196544 0.163398 0.196787 0.162293 0.197538 0.161297 0.200057 0.159526 0.201196 0.159193 0.205264 0.160070 0.205894 0.159627
0 0.985609 0.743811 0.985997 0.744473 0.989048 0.745131 0.990452 0.746012 0.994080 0.753738 0.994514 0.759040 0.993907 0.761802 0.991144 0.764678 0.986857 0.767226 0.984580 0.767892 0.975936 0.766028 0.975549 0.765366 0.972619 0.764156 0.970175 0.760735 0.969499 0.756539 0.970326 0.750352 0.970955 0.749909 0.971320 0.748252 0.974082 0.745375 0.976480 0.744157 0.981807 0.744148 0.983576 0.743372
0 0.998397 0.300149 0.998397 0.300811 0.998397 0.301140 0.998397 0.301802 0.998397 0.302022 0.998397 0.303456 0.998397 0.307099 0.998397 0.308204 0.998397 0.308867 0.998397 0.313286 0.998397 0.315277 0.998397 0.317048 0.998397 0.318048 0.998397 0.317829 0.998397 0.318271 0.998397 0.317833 0.998397 0.317171 0.998397 0.316070 0.998397 0.313864 0.998397 0.312650 0.998397 0.311545 0.998397 0.310883 0.998397 0.309778 0.998397 0.309116 0.998397 0.308011 0.998397 0.307568 0.998397 0.305910 0.998397 0.305467 0.998397 0.304362 0.998397 0.303477 0.998397 0.302924 0.998397 0.303034 0.998397 0.302148 0.998397 0.301596 0.998397 0.301705 0.998397 0.300377 0.998397 0.299711
0 0.138169 0.569756 0.138943 0.571081 0.140347 0.571962 0.141122 0.573286 0.142913 0.574830 0.144461 0.577478 0.144727 0.578693 0.144265 0.583222 0.143635 0.583665 0.143149 0.585875 0.141647 0.587866 0.139757 0.589194 0.137602 0.589308 0.136972 0.589751 0.135955 0.589532 0.135325 0.589975 0.131645 0.589760 0.131258 0.589098 0.129732 0.588769 0.129345 0.588106 0.128328 0.587887 0.126537 0.586344 0.125618 0.583252 0.125982 0.581595 0.125595 0.580933 0.126445 0.577065 0.127074 0.576622 0.127560 0.574412 0.128190 0.573970 0.129184 0.571869 0.130443 0.570984 0.132599 0.570870 0.136644 0.569427
0 0.484278 0.128807 0.484665 0.129469 0.485682 0.129688 0.486069 0.130350 0.488490 0.131451 0.489265 0.132775 0.489796 0.135204 0.489553 0.136309 0.489941 0.136972 0.489091 0.140839 0.488461 0.141282 0.487346 0.143934 0.485335 0.145815 0.484826 0.145706 0.483567 0.146592 0.482550 0.146372 0.481920 0.146815 0.479886 0.146376 0.479256 0.146819 0.478360 0.146048 0.475818 0.145499 0.475431 0.144837 0.473397 0.144399 0.472501 0.143627 0.470687 0.139764 0.471537 0.135896 0.472166 0.135453 0.472773 0.132691 0.473403 0.132248 0.473646 0.131143 0.474397 0.130148 0.476408 0.128267 0.477546 0.127934 0.480089 0.128482 0.480719 0.128039
0 0.712838 0.547851 0.713225 0.548514 0.713733 0.548623 0.716056 0.552596 0.716565 0.552706 0.717339 0.554030 0.717218 0.554582 0.717605 0.555245 0.717241 0.556902 0.717628 0.557564 0.717385 0.558669 0.716755 0.559112 0.716270 0.561322 0.713750 0.563093 0.713242 0.562984 0.710844 0.564202 0.709318 0.563874 0.708688 0.564316 0.708301 0.563654 0.706776 0.563325 0.706002 0.562001 0.703702 0.560348 0.703049 0.558471 0.703413 0.556814 0.703026 0.556152 0.703754 0.552837 0.704384 0.552394 0.704748 0.550736 0.706638 0.549408 0.708284 0.549184 0.709544 0.548299 0.710053 0.548408 0.711821 0.547632
0 0.567222 0.408244 0.567997 0.409568 0.568505 0.409678 0.568892 0.410340 0.568771 0.410892 0.569932 0.412879 0.569811 0.413431 0.570198 0.414093 0.569713 0.416303 0.570100 0.416966 0.569857 0.418070 0.568597 0.418956 0.568476 0.419509 0.567846 0.419951 0.567603 0.421056 0.566974 0.421499 0.566465 0.421390 0.565205 0.422275 0.564697 0.422166 0.564067 0.422608 0.559999 0.421731 0.559612 0.421069 0.558087 0.420740 0.557699 0.420078 0.556682 0.419859 0.555521 0.417872 0.555764 0.416768 0.555377 0.416105 0.556348 0.411685 0.556977 0.411243 0.557850 0.409695 0.559740 0.408366 0.560757 0.408586 0.562525 0.407810 0.564050 0.408138 0.564680 0.407696
0 0.552079 0.709930 0.552466 0.710592 0.552974 0.710701 0.554910 0.714012 0.553696 0.719537 0.551807 0.720865 0.551298 0.720756 0.550668 0.721199 0.547617 0.720541 0.547230 0.719878 0.545196 0.719440 0.544809 0.718778 0.543792 0.718558 0.543914 0.718006 0.543527 0.717344 0.544619 0.712372 0.545249 0.711929 0.545491 0.710824 0.546121 0.710381 0.547138 0.710600 0.547768 0.710157 0.548785 0.710377 0.549415 0.709934 0.550940 0.710263 0.551570 0.709820
0 0.196741 0.489801 0.197128 0.490464 0.200179 0.491122 0.201849 0.493218 0.202358 0.493327 0.203519 0.495314 0.203276 0.496419 0.203663 0.497081 0.203421 0.498186 0.203808 0.498848 0.202958 0.502715 0.201698 0.503601 0.200075 0.506144 0.199566 0.506034 0.197168 0.507253 0.192083 0.506157 0.191696 0.505495 0.190171 0.505166 0.189009 0.503179 0.189131 0.502627 0.188212 0.499535 0.188842 0.499093 0.190055 0.493568 0.190685 0.493125 0.190928 0.492020 0.194199 0.489253
0 0.231014 0.619866 0.231401 0.620529 0.232418 0.620748 0.235515 0.626045 0.236312 0.629689 0.235341 0.634109 0.233088 0.637095 0.230690 0.638314 0.229673 0.638094 0.227396 0.638761 0.226379 0.638541 0.224588 0.636998 0.223062 0.636669 0.222675 0.636007 0.221150 0.635678 0.219988 0.633691 0.219723 0.632477 0.219965 0.631372 0.219578 0.630710 0.220670 0.625737 0.221300 0.625294 0.221664 0.623637 0.223167 0.621646 0.224426 0.620761 0.224548 0.620208 0.225565 0.620427 0.226195 0.619985 0.227720 0.620314 0.228350 0.619871 0.230384 0.620309
0 0.957856 0.746506 0.958630 0.747830 0.960422 0.749374 0.962889 0.755114 0.962282 0.757876 0.962548 0.759091 0.961918 0.759534 0.961554 0.761191 0.960924 0.761634 0.960681 0.762739 0.959421 0.763624 0.956006 0.764624 0.954989 0.764405 0.954360 0.764848 0.947241 0.763313 0.945449 0.761769 0.944022 0.758568 0.944386 0.756911 0.943999 0.756248 0.945334 0.750171 0.946715 0.748733 0.946958 0.747628 0.948848 0.746299 0.949356 0.746409 0.950616 0.745523 0.953667 0.746181 0.954297 0.745738
0 0.890462 0.602355 0.890849 0.603017 0.891866 0.603236 0.892254 0.603899 0.892762 0.604008 0.893149 0.604670 0.894553 0.605552 0.895715 0.607538 0.894744 0.611958 0.892224 0.613729 0.891352 0.615277 0.890092 0.616163 0.889583 0.616053 0.887815 0.616829 0.885781 0.616391 0.885394 0.615729 0.883869 0.615400 0.883482 0.614738 0.881956 0.614409 0.881182 0.613084 0.882274 0.608112 0.882904 0.607669 0.883147 0.606564 0.886926 0.603907 0.887434 0.604017 0.888694 0.603131 0.889203 0.603241
0 0.678382 0.348309 0.678770 0.348971 0.679787 0.349190 0.680174 0.349852 0.681578 0.350733 0.683126 0.353382 0.682762 0.355040 0.683149 0.355702 0.682664 0.357912 0.681404 0.358797 0.681283 0.359350 0.679393 0.360678 0.679272 0.361231 0.678763 0.361121 0.678134 0.361564 0.677625 0.361454 0.674719 0.362563 0.674210 0.362454 0.673823 0.361792 0.672806 0.361572 0.672419 0.360910 0.671910 0.360801 0.671136 0.359476 0.671257 0.358924 0.670870 0.358262 0.671113 0.357157 0.670726 0.356495 0.671090 0.354837 0.670703 0.354175 0.671067 0.352518 0.670680 0.351855 0.670923 0.350751 0.674072 0.348536 0.674580 0.348646 0.675210 0.348203 0.676227 0.348422 0.676857 0.347980
0 0.157358 0.598776 0.157745 0.599438 0.158762 0.599658 0.159149 0.600320 0.160166 0.600539 0.160553 0.601201 0.161062 0.601311 0.163772 0.605946 0.162679 0.610918 0.162050 0.611361 0.161928 0.611913 0.159917 0.613794 0.159409 0.613685 0.156502 0.614794 0.155485 0.614575 0.154855 0.615018 0.152313 0.614469 0.151926 0.613807 0.150400 0.613478 0.150013 0.612816 0.148488 0.612487 0.148101 0.611825 0.147084 0.611606 0.146696 0.610944 0.146188 0.610834 0.146552 0.609177 0.146165 0.608514 0.147379 0.602990 0.148008 0.602547 0.148881 0.600999 0.149511 0.600556 0.150019 0.600666 0.151909 0.599337 0.152417 0.599447 0.154186 0.598671 0.156220 0.599109 0.156849 0.598667
0 0.368675 0.162902 0.369062 0.163564 0.370588 0.163893 0.370975 0.164555 0.371483 0.164665 0.373032 0.167313 0.372668 0.168971 0.373055 0.169633 0.371841 0.175158 0.370582 0.176043 0.370460 0.176596 0.368571 0.177924 0.365520 0.177267 0.365133 0.176604 0.362590 0.176056 0.362203 0.175394 0.361186 0.175175 0.360025 0.173188 0.360146 0.172636 0.359759 0.171974 0.360002 0.170869 0.359615 0.170207 0.359857 0.169102 0.359470 0.168440 0.360441 0.164020 0.362960 0.162248 0.363469 0.162358 0.364099 0.161915
0 0.836991 0.225115 0.839678 0.227431 0.839943 0.228645 0.840718 0.229969 0.841226 0.230079 0.841105 0.230632 0.841879 0.231956 0.841515 0.233613 0.841902 0.234275 0.841295 0.237038 0.840665 0.237481 0.840423 0.238586 0.838920 0.240576 0.835771 0.242790 0.834632 0.243124 0.832599 0.242685 0.831969 0.243128 0.831073 0.242356 0.828531 0.241808 0.828144 0.241146 0.826110 0.240707 0.824948 0.238721 0.824417 0.236292 0.824902 0.234082 0.824515 0.233419 0.825729 0.227895 0.827740 0.226014 0.827861 0.225461 0.829629 0.224685 0.830646 0.224904 0.831276 0.224462 0.833310 0.224900 0.833940 0.224457
0 0.149061 0.248637 0.149448 0.249299 0.150852 0.250180 0.151626 0.251505 0.151383 0.252610 0.151770 0.253272 0.151528 0.254377 0.151915 0.255039 0.151551 0.256696 0.150921 0.257139 0.150435 0.259349 0.149806 0.259792 0.149684 0.260344 0.146535 0.262559 0.146026 0.262449 0.145397 0.262892 0.145010 0.262230 0.142975 0.261791 0.142588 0.261129 0.141571 0.260910 0.141184 0.260248 0.139780 0.259366 0.139902 0.258814 0.139514 0.258151 0.139757 0.257047 0.139370 0.256384 0.140341 0.251964 0.140971 0.251522 0.141092 0.250969 0.143612 0.249198 0.144120 0.249307 0.144750 0.248865 0.145767 0.249084 0.146397 0.248641 0.147414 0.248860 0.148044 0.248418
0 0.906024 0.572728 0.907816 0.574271 0.909341 0.574600 0.910381 0.577139 0.910913 0.579568 0.910427 0.581778 0.910814 0.582440 0.910208 0.585203 0.909578 0.585645 0.909214 0.587303 0.908462 0.588298 0.905943 0.590069 0.904926 0.589850 0.904296 0.590293 0.903279 0.590074 0.901002 0.590740 0.898968 0.590302 0.898581 0.589639 0.897564 0.589420 0.896669 0.588648 0.894346 0.584676 0.894080 0.583461 0.894687 0.580699 0.894300 0.580036 0.894930 0.579594 0.895294 0.577936 0.895924 0.577493 0.896167 0.576388 0.901835 0.572403 0.902973 0.572070
0 0.627683 0.186347 0.628457 0.187672 0.628966 0.187781 0.629353 0.188443 0.629232 0.188996 0.630006 0.190320 0.629035 0.194740 0.628405 0.195183 0.628041 0.196840 0.627411 0.197283 0.627168 0.198388 0.624649 0.200159 0.622615 0.199721 0.621985 0.200164 0.619443 0.199615 0.618813 0.200058 0.618304 0.199949 0.617917 0.199286 0.617409 0.199177 0.615982 0.195976 0.617317 0.189898 0.617946 0.189456 0.618311 0.187798 0.618940 0.187355 0.619062 0.186803 0.620951 0.185474 0.626036 0.186571 0.626666 0.186128
0 0.568432 0.696096 0.570102 0.698192 0.570610 0.698302 0.573320 0.702937 0.572471 0.706804 0.570702 0.707580 0.570581 0.708133 0.569321 0.709018 0.569079 0.710123 0.568570 0.710014 0.565542 0.711675 0.563508 0.711237 0.562878 0.711680 0.558302 0.710693 0.555471 0.706610 0.556078 0.703848 0.555690 0.703186 0.556320 0.702743 0.556563 0.701638 0.557193 0.701195 0.557557 0.699538 0.561458 0.696328 0.562474 0.696548 0.563104 0.696105 0.565138 0.696543 0.565768 0.696100 0.566785 0.696320 0.567415 0.695877
0 0.234659 0.143841 0.237964 0.144554 0.242321 0.148965 0.243239 0.152056 0.242754 0.154266 0.243141 0.154928 0.242170 0.159348 0.240789 0.160787 0.240546 0.161891 0.237397 0.164106 0.233473 0.164996 0.226476 0.162908 0.224298 0.160702 0.223136 0.158716 0.223379 0.157611 0.222703 0.153415 0.223431 0.150100 0.226436 0.146118 0.230215 0.143461 0.231354 0.143128
0 0.548427 0.226760 0.548814 0.227422 0.549831 0.227642 0.550218 0.228304 0.551235 0.228523 0.552783 0.231172 0.552662 0.231724 0.553049 0.232386 0.551835 0.237911 0.551206 0.238354 0.550963 0.239459 0.549582 0.240897 0.549073 0.240788 0.545028 0.242230 0.544011 0.242011 0.543382 0.242454 0.542607 0.241129 0.542099 0.241020 0.540163 0.237709 0.540527 0.236052 0.540140 0.235389 0.540868 0.232074 0.540481 0.231412 0.540724 0.230307 0.541984 0.229422 0.542105 0.228869 0.543365 0.227983 0.543486 0.227431 0.546393 0.226322
0 0.458469 0.544502 0.458857 0.545164 0.459873 0.545384 0.460261 0.546046 0.460769 0.546155 0.462705 0.549466 0.462583 0.550018 0.462971 0.550681 0.461757 0.556205 0.459625 0.558639 0.459116 0.558529 0.454320 0.560967 0.451899 0.559866 0.451512 0.559204 0.451003 0.559095 0.449842 0.557108 0.449333 0.556999 0.448946 0.556336 0.449068 0.555784 0.447906 0.553797 0.448028 0.553245 0.447375 0.551368 0.448224 0.547501 0.449484 0.546615 0.449605 0.546063 0.451495 0.544734 0.452003 0.544844 0.452633 0.544401 0.453650 0.544620 0.454280 0.544177 0.455297 0.544397 0.455927 0.543954
0 0.394160 0.097801 0.396702 0.098350 0.397090 0.099012 0.398615 0.099341 0.400551 0.102651 0.400429 0.103204 0.401204 0.104528 0.400718 0.106738 0.401105 0.107400 0.400741 0.109058 0.400111 0.109500 0.399869 0.110605 0.399239 0.111048 0.398875 0.112706 0.396355 0.114477 0.395847 0.114367 0.394587 0.115253 0.392553 0.114814 0.392166 0.114152 0.388098 0.113275 0.386162 0.109964 0.386284 0.109412 0.385897 0.108750 0.386261 0.107092 0.385874 0.106430 0.386844 0.102010 0.387474 0.101568 0.389098 0.099024 0.391618 0.097253
0 0.431238 0.164819 0.431625 0.165481 0.433659 0.165920 0.434046 0.166582 0.435450 0.167463 0.435329 0.168016 0.435716 0.168678 0.435230 0.170888 0.435617 0.171550 0.435375 0.172655 0.434745 0.173098 0.434381 0.174755 0.433751 0.175198 0.433630 0.175751 0.432370 0.176636 0.431861 0.176527 0.431231 0.176970 0.430215 0.176750 0.429585 0.177193 0.428059 0.176864 0.427429 0.177307 0.426025 0.176426 0.424864 0.174439 0.424985 0.173887 0.424332 0.172010 0.424575 0.170905 0.424188 0.170243 0.424552 0.168585 0.425182 0.168143 0.425546 0.166485 0.428065 0.164714 0.428574 0.164823 0.429204 0.164381
0 0.612087 0.710717 0.612474 0.711380 0.615525 0.712037 0.615912 0.712699 0.617437 0.713028 0.618599 0.715015 0.618478 0.715567 0.618865 0.716229 0.618136 0.719544 0.618524 0.720207 0.617894 0.720649 0.617651 0.721754 0.617021 0.722197 0.616149 0.723745 0.614259 0.725074 0.609174 0.723977 0.608544 0.724420 0.608036 0.724310 0.606874 0.722324 0.606996 0.721771 0.606343 0.719895 0.606586 0.718790 0.606198 0.718127 0.606441 0.717023 0.607071 0.716580 0.607678 0.713817 0.608308 0.713374 0.609180 0.711827 0.611070 0.710498
0 0.145854 0.411126 0.147645 0.412670 0.149702 0.415428 0.150211 0.415537 0.150089 0.416090 0.151251 0.418076 0.151031 0.421501 0.151418 0.422163 0.150690 0.425478 0.150060 0.425921 0.149575 0.428131 0.147321 0.431117 0.146812 0.431007 0.144923 0.432335 0.142767 0.432449 0.142138 0.432892 0.140104 0.432454 0.139717 0.431792 0.138700 0.431572 0.136908 0.430029 0.135747 0.428042 0.134950 0.424398 0.135678 0.421084 0.135291 0.420421 0.136042 0.419426 0.136649 0.416664 0.138902 0.413678 0.140162 0.412792 0.145224 0.411569
0 0.547784 0.584014 0.550494 0.588649 0.550372 0.589201 0.550760 0.589863 0.549789 0.594283 0.549159 0.594726 0.548916 0.595831 0.548286 0.596274 0.548043 0.597379 0.547535 0.597269 0.545645 0.598598 0.545137 0.598488 0.544507 0.598931 0.542473 0.598493 0.542086 0.597830 0.540561 0.597501 0.540173 0.596839 0.539665 0.596730 0.539278 0.596068 0.537874 0.595186 0.537995 0.594634 0.537076 0.591542 0.538047 0.587122 0.538677 0.586680 0.538799 0.586127 0.540058 0.585241 0.540180 0.584689 0.540688 0.584799 0.541318 0.584356 0.542335 0.584575 0.542965 0.584132 0.543982 0.584351 0.544612 0.583909 0.545629 0.584128 0.546259 0.583685
0 0.985614 0.258899 0.988567 0.262429 0.989076 0.262539 0.990624 0.265187 0.990381 0.266292 0.990768 0.266954 0.990162 0.269717 0.990549 0.270379 0.990185 0.272036 0.989555 0.272479 0.989191 0.274137 0.988561 0.274579 0.988318 0.275684 0.985799 0.277456 0.982384 0.278455 0.979841 0.277907 0.979454 0.277245 0.977420 0.276806 0.977033 0.276144 0.976016 0.275925 0.975120 0.275153 0.975242 0.274601 0.974202 0.272062 0.974444 0.270957 0.973913 0.268528 0.974543 0.268085 0.975392 0.264217 0.976022 0.263774 0.977137 0.261122 0.979027 0.259793 0.980044 0.260012 0.980674 0.259570 0.983338 0.259565 0.985106 0.258789
0 0.793256 0.509063 0.793644 0.509725 0.796065 0.510826 0.797347 0.512259 0.798364 0.512479 0.800300 0.515789 0.800976 0.519986 0.799277 0.527721 0.797896 0.529159 0.794868 0.530820 0.789153 0.530167 0.788523 0.530610 0.787628 0.529838 0.782543 0.528741 0.780243 0.527088 0.780364 0.526536 0.778816 0.523887 0.778406 0.520905 0.778770 0.519248 0.778383 0.518586 0.779232 0.514718 0.780613 0.513280 0.781607 0.511180 0.784248 0.508856 0.786016 0.508080 0.791101 0.509177 0.791731 0.508734
0 0.253879 0.278183 0.254266 0.278845 0.256300 0.279283 0.256687 0.279946 0.257704 0.280165 0.258091 0.280827 0.259495 0.281708 0.259374 0.282261 0.259761 0.282923 0.259518 0.284028 0.259905 0.284690 0.258692 0.290215 0.258062 0.290658 0.257189 0.292206 0.256172 0.291986 0.255542 0.292429 0.254017 0.292100 0.253387 0.292543 0.250336 0.291885 0.249562 0.290561 0.249053 0.290451 0.247892 0.288465 0.248135 0.287360 0.247748 0.286698 0.248112 0.285040 0.247725 0.284378 0.247846 0.283826 0.248476 0.283383 0.248840 0.281725 0.249470 0.281283 0.249713 0.280178 0.250342 0.279735 0.250851 0.279844 0.252740 0.278516 0.253249 0.278626
0 0.998397 0.660010 0.998397 0.660672 0.998397 0.661001 0.998397 0.662435 0.998397 0.662987 0.998397 0.663649 0.998397 0.664754 0.998397 0.665416 0.998397 0.667074 0.998397 0.667736 0.998397 0.671051 0.998397 0.671494 0.998397 0.672599 0.998397 0.673041 0.998397 0.673594 0.998397 0.674480 0.998397 0.674370 0.998397 0.674813 0.998397 0.674594 0.998397 0.675036 0.998397 0.674707 0.998397 0.675150 0.998397 0.674602 0.998397 0.673940 0.998397 0.673721 0.998397 0.673059 0.998397 0.672949 0.998397 0.670963 0.998397 0.669858 0.998397 0.669195 0.998397 0.668090 0.998397 0.667428 0.998397 0.662785 0.998397 0.661899 0.998397 0.661347 0.998397 0.660461 0.998397 0.659908 0.998397 0.660018 0.998397 0.659132
0 0.475771 0.356342 0.476398 0.358983 0.475595 0.362473 0.473794 0.365016 0.471029 0.365808 0.467897 0.365364 0.465299 0.364264 0.463477 0.362213 0.463516 0.359291 0.463995 0.356463 0.465747 0.354142 0.467724 0.352379 0.470388 0.352375 0.472930 0.352923 0.474707 0.353914
0 0.998397 0.248869 0.998397 0.249531 0.998397 0.250080 0.998397 0.250742 0.998397 0.251180 0.998397 0.252504 0.998397 0.252614 0.998397 0.257139 0.998397 0.258244 0.998397 0.258907 0.998397 0.264431 0.998397 0.265760 0.998397 0.266312 0.998397 0.266203 0.998397 0.267531 0.998397 0.267312 0.998397 0.267755 0.998397 0.267535 0.998397 0.266873 0.998397 0.265667 0.998397 0.263571 0.998397 0.263462 0.998397 0.260813 0.998397 0.259156 0.998397 0.257279 0.998397 0.255621 0.998397 0.255179 0.998397 0.252969 0.998397 0.249316 0.998397 0.248650
0 0.998397 0.348084 0.998397 0.348687 0.998397 0.349349 0.998397 0.349459 0.998397 0.351445 0.998397 0.351998 0.998397 0.352660 0.998397 0.354870 0.998397 0.355532 0.998397 0.357189 0.998397 0.357632 0.998397 0.359290 0.998397 0.359732 0.998397 0.360285 0.998397 0.361171 0.998397 0.361061 0.998397 0.361504 0.998397 0.360846 0.998397 0.361289 0.998397 0.360521 0.998397 0.359859 0.998397 0.359749 0.998397 0.357763 0.998397 0.357211 0.998397 0.356548 0.998397 0.352681 0.998397 0.352238 0.998397 0.350581 0.998397 0.350138 0.998397 0.349585 0.998397 0.347814 0.998397 0.347924 0.998397 0.347481
0 0.298070 0.497763 0.298457 0.498425 0.300491 0.498864 0.300878 0.499526 0.302403 0.499855 0.302790 0.500517 0.303299 0.500627 0.303178 0.501179 0.303565 0.501841 0.302594 0.506261 0.301964 0.506704 0.301721 0.507809 0.300462 0.508695 0.299953 0.508585 0.299323 0.509028 0.298306 0.508809 0.297676 0.509252 0.296659 0.509032 0.296030 0.509475 0.295013 0.509256 0.294625 0.508594 0.294117 0.508484 0.292955 0.506498 0.293320 0.504840 0.292933 0.504178 0.293539 0.501416 0.294169 0.500973 0.294412 0.499868 0.295042 0.499425 0.295163 0.498873 0.295793 0.498430 0.296301 0.498539 0.297561 0.497654
0 0.931121 0.366351 0.931508 0.367013 0.932525 0.367233 0.934074 0.369881 0.933952 0.370434 0.934726 0.371758 0.934120 0.374521 0.933490 0.374963 0.933247 0.376068 0.931358 0.377397 0.930849 0.377287 0.929589 0.378173 0.929081 0.378063 0.928451 0.378506 0.927434 0.378287 0.926804 0.378730 0.925787 0.378510 0.925400 0.377848 0.923874 0.377519 0.923488 0.376857 0.922471 0.376638 0.922083 0.375976 0.921066 0.375756 0.920292 0.374432 0.920535 0.373327 0.920148 0.372665 0.920997 0.368798 0.922257 0.367912 0.923904 0.367688 0.925793 0.366360 0.926302 0.366470 0.928070 0.365694
0 0.640280 0.701173 0.646017 0.704146 0.648583 0.707014 0.651050 0.712754 0.650732 0.719050 0.647242 0.725242 0.639707 0.732875 0.637938 0.733651 0.634379 0.732884 0.633749 0.733327 0.632224 0.732998 0.628739 0.727039 0.627723 0.726819 0.625157 0.723951 0.622447 0.719317 0.622135 0.713463 0.623881 0.710367 0.627660 0.707710 0.630156 0.703619 0.632675 0.701848 0.636986 0.701620 0.638754 0.700844
0 0.590166 0.483208 0.590553 0.483871 0.591570 0.484090 0.591957 0.484752 0.592974 0.484971 0.593361 0.485633 0.593870 0.485743 0.594644 0.487067 0.594401 0.488172 0.594788 0.488834 0.593939 0.492702 0.593309 0.493145 0.592823 0.495355 0.590304 0.497126 0.589795 0.497016 0.588027 0.497792 0.584976 0.497134 0.583041 0.493824 0.583162 0.493271 0.582775 0.492609 0.583018 0.491504 0.582631 0.490842 0.582873 0.489737 0.582486 0.489075 0.583457 0.484655 0.584087 0.484212 0.584595 0.484322 0.585855 0.483436 0.586364 0.483546 0.586994 0.483103 0.588010 0.483322 0.588640 0.482879
0 0.998397 0.720235 0.998397 0.722331 0.998397 0.727189 0.998397 0.728847 0.998397 0.729509 0.998397 0.732824 0.998397 0.733267 0.998397 0.734372 0.998397 0.735367 0.998397 0.738024 0.998397 0.738357 0.998397 0.737041 0.998397 0.735717 0.998397 0.735607 0.998397 0.734393 0.998397 0.732406 0.998397 0.731192 0.998397 0.728429 0.998397 0.727215 0.998397 0.726772 0.998397 0.725114 0.998397 0.724672 0.998397 0.723567 0.998397 0.721576 0.998397 0.720690 0.998397 0.720138 0.998397 0.719362 0.998397 0.719910 0.998397 0.719467
0 0.528732 0.594372 0.532038 0.595085 0.532425 0.595747 0.533829 0.596629 0.534603 0.597953 0.535112 0.598062 0.536926 0.601926 0.536440 0.604136 0.535811 0.604578 0.535568 0.605683 0.533557 0.607564 0.531933 0.610107 0.531425 0.609998 0.528518 0.611107 0.524959 0.610340 0.524571 0.609677 0.521520 0.609019 0.521133 0.608357 0.519729 0.607476 0.519585 0.605709 0.518545 0.603170 0.519516 0.598750 0.521527 0.596869 0.522399 0.595321 0.524289 0.593993 0.524797 0.594102 0.525427 0.593660
0 0.998397 0.542951 0.998397 0.543613 0.998397 0.543723 0.998397 0.547033 0.998397 0.548800 0.998397 0.550125 0.998397 0.551782 0.998397 0.552444 0.998397 0.554102 0.998397 0.554545 0.998397 0.555097 0.998397 0.557311 0.998397 0.557202 0.998397 0.557644 0.998397 0.557425 0.998397 0.557868 0.998397 0.557206 0.998397 0.556548 0.998397 0.555886 0.998397 0.555557 0.998397 0.553571 0.998397 0.552466 0.998397 0.551803 0.998397 0.548488 0.998397 0.548046 0.998397 0.546388 0.998397 0.545945 0.998397 0.544840 0.998397 0.544064 0.998397 0.544284 0.998397 0.543841 0.998397 0.544060 0.998397 0.543617 0.998397 0.543394
0 0.499801 0.414537 0.500188 0.415199 0.505273 0.416296 0.507982 0.420931 0.509554 0.425899 0.509190 0.427556 0.509577 0.428218 0.508098 0.432529 0.506838 0.433414 0.505336 0.435405 0.501048 0.437952 0.494437 0.436527 0.493542 0.435755 0.491485 0.432997 0.491340 0.431230 0.489792 0.428581 0.490035 0.427476 0.489648 0.426814 0.490983 0.420737 0.491734 0.419742 0.492993 0.418856 0.493115 0.418304 0.499292 0.414428
0 0.253650 0.204066 0.254037 0.204728 0.257088 0.205386 0.257984 0.206157 0.259919 0.209468 0.260428 0.209578 0.262098 0.211674 0.262895 0.215318 0.262046 0.219185 0.257637 0.222285 0.254222 0.223284 0.253205 0.223065 0.252575 0.223508 0.252188 0.222846 0.246594 0.221640 0.245699 0.220868 0.244537 0.218882 0.244659 0.218329 0.243231 0.215128 0.243960 0.211813 0.244589 0.211370 0.246069 0.207060 0.247571 0.205069 0.250599 0.203408
0 0.998397 0.262972 0.998397 0.263634 0.998397 0.264516 0.998397 0.268379 0.998397 0.270036 0.998397 0.270698 0.998397 0.271803 0.998397 0.272465 0.998397 0.272908 0.998397 0.274013 0.998397 0.274456 0.998397 0.276113 0.998397 0.277442 0.998397 0.277994 0.998397 0.277885 0.998397 0.279104 0.998397 0.277459 0.998397 0.274810 0.998397 0.274258 0.998397 0.272934 0.998397 0.268514 0.998397 0.268071 0.998397 0.265418 0.998397 0.263204 0.998397 0.263533 0.998397 0.263090 0.998397 0.263309 0.998397 0.262867 0.998397 0.263195 0.998397 0.262753
0 0.982984 0.811526 0.983371 0.812188 0.983880 0.812297 0.985428 0.814946 0.985307 0.815498 0.985694 0.816161 0.985330 0.817818 0.985717 0.818480 0.985353 0.820138 0.982590 0.823014 0.982082 0.822904 0.981452 0.823347 0.980435 0.823128 0.979805 0.823571 0.978788 0.823351 0.978401 0.822689 0.976367 0.822251 0.975980 0.821589 0.974963 0.821369 0.974576 0.820707 0.974068 0.820597 0.973680 0.819935 0.973802 0.819383 0.973028 0.818059 0.973634 0.815296 0.974264 0.814853 0.974628 0.813196 0.975258 0.812753 0.975380 0.812201 0.976639 0.811315 0.977656 0.811534 0.978286 0.811091 0.979303 0.811311 0.979933 0.810868
0 0.247575 0.103227 0.247962 0.103889 0.248979 0.104108 0.249366 0.104770 0.249874 0.104880 0.251931 0.107638 0.251325 0.110401 0.251712 0.111063 0.251348 0.112720 0.250718 0.113163 0.250475 0.114268 0.248586 0.115597 0.248077 0.115487 0.247447 0.115930 0.245922 0.115601 0.245292 0.116044 0.242241 0.115386 0.241854 0.114724 0.240837 0.114504 0.240063 0.113180 0.240184 0.112628 0.239531 0.110751 0.240502 0.106331 0.241132 0.105888 0.241253 0.105336 0.244402 0.103122 0.244911 0.103231 0.245541 0.102788
0 0.863572 0.315384 0.863523 0.323046 0.860644 0.327077 0.857211 0.329174 0.851054 0.328922 0.845406 0.325943 0.842841 0.320402 0.843880 0.314855 0.847845 0.310330 0.855006 0.308479 0.859848 0.310681
0 0.846259 0.333005 0.846209 0.340668 0.843330 0.344698 0.839898 0.346795 0.833740 0.346543 0.828092 0.343565 0.825528 0.338023 0.826566 0.332476 0.830532 0.327951 0.837693 0.326101 0.842535 0.328302
0 0.930611 0.233580 0.930562 0.241243 0.927682 0.245273 0.924251 0.247370 0.918093 0.247118 0.912445 0.244140 0.909880 0.238598 0.910919 0.233051 0.914884 0.228526 0.922046 0.226676 0.926888 0.228877
0 0.887674 0.337789 0.888061 0.338451 0.889078 0.338670 0.889465 0.339332 0.890482 0.339552 0.890869 0.340214 0.892273 0.341095 0.893048 0.342420 0.892926 0.342972 0.893313 0.343634 0.892949 0.345292 0.893336 0.345954 0.892244 0.350926 0.889725 0.352697 0.889216 0.352588 0.888586 0.353031 0.887569 0.352811 0.886940 0.353254 0.885414 0.352925 0.884784 0.353368 0.882750 0.352930 0.882363 0.352267 0.881346 0.352048 0.880959 0.351386 0.879555 0.350505 0.878394 0.348518 0.878758 0.346861 0.878371 0.346199 0.879099 0.342884 0.879729 0.342441 0.880093 0.340783 0.881352 0.339898 0.881474 0.339345 0.881982 0.339455 0.883872 0.338126 0.884380 0.338236 0.885010 0.337793 0.886027 0.338012 0.886657 0.337570
0 0.998397 0.268690 0.998397 0.269352 0.998397 0.269572 0.998397 0.270234 0.998397 0.270453 0.998397 0.271115 0.998397 0.271997 0.998397 0.273321 0.998397 0.273874 0.998397 0.274536 0.998397 0.276193 0.998397 0.276855 0.998397 0.281828 0.998397 0.283599 0.998397 0.283489 0.998397 0.283932 0.998397 0.283713 0.998397 0.284156 0.998397 0.283827 0.998397 0.284270 0.998397 0.283831 0.998397 0.283169 0.998397 0.282950 0.998397 0.282287 0.998397 0.281406 0.998397 0.279420 0.998397 0.277762 0.998397 0.277100 0.998397 0.273785 0.998397 0.273342 0.998397 0.271685 0.998397 0.270799 0.998397 0.270247 0.998397 0.270356 0.998397 0.269028 0.998397 0.269137 0.998397 0.268695 0.998397 0.268914 0.998397 0.268471
0 0.998397 0.301922 0.998397 0.302584 0.998397 0.302803 0.998397 0.303465 0.998397 0.303684 0.998397 0.304346 0.998397 0.305228 0.998397 0.306552 0.998397 0.307105 0.998397 0.307767 0.998397 0.309424 0.998397 0.310086 0.998397 0.315059 0.998397 0.316830 0.998397 0.316720 0.998397 0.317163 0.998397 0.316944 0.998397 0.317387 0.998397 0.317058 0.998397 0.317501 0.998397 0.317062 0.998397 0.316400 0.998397 0.316181 0.998397 0.315519 0.998397 0.314637 0.998397 0.312651 0.998397 0.310993 0.998397 0.310331 0.998397 0.307016 0.998397 0.306573 0.998397 0.304916 0.998397 0.304030 0.998397 0.303478 0.998397 0.303587 0.998397 0.302259 0.998397 0.302369 0.998397 0.301926 0.998397 0.302145 0.998397 0.301702
0 0.947891 0.267737 0.948278 0.268399 0.949295 0.268619 0.949683 0.269281 0.950699 0.269500 0.951087 0.270162 0.952491 0.271044 0.953265 0.272368 0.953144 0.272920 0.953531 0.273583 0.953167 0.275240 0.953554 0.275902 0.952461 0.280874 0.949942 0.282646 0.949434 0.282536 0.948804 0.282979 0.947787 0.282760 0.947157 0.283203 0.945631 0.282874 0.945002 0.283316 0.942968 0.282878 0.942581 0.282216 0.941564 0.281996 0.941176 0.281334 0.939772 0.280453 0.938611 0.278466 0.938975 0.276809 0.938588 0.276147 0.939316 0.272832 0.939946 0.272389 0.940310 0.270732 0.941570 0.269846 0.941691 0.269294 0.942200 0.269403 0.944089 0.268075 0.944598 0.268184 0.945227 0.267741 0.946244 0.267961 0.946874 0.267518
0 0.991539 0.478557 0.991926 0.479219 0.992943 0.479439 0.996017 0.482416 0.995896 0.482969 0.996670 0.484293 0.996063 0.487055 0.996450 0.487718 0.996086 0.489375 0.995456 0.489818 0.995214 0.490923 0.994584 0.491366 0.994341 0.492471 0.989424 0.495461 0.988915 0.495351 0.988285 0.495794 0.987268 0.495575 0.986639 0.496018 0.985113 0.495689 0.984726 0.495027 0.983200 0.494698 0.982813 0.494035 0.981796 0.493816 0.980126 0.491720 0.980248 0.491168 0.979861 0.490506 0.980103 0.489400 0.979716 0.488738 0.980566 0.484871 0.981196 0.484428 0.981438 0.483323 0.982068 0.482880 0.982311 0.481775 0.982941 0.481332 0.983062 0.480780 0.983571 0.480890 0.986090 0.479118 0.986599 0.479228 0.988997 0.478009
0 0.998397 0.493712 0.998397 0.494374 0.998397 0.494593 0.998397 0.497570 0.998397 0.498123 0.998397 0.499447 0.998397 0.502210 0.998397 0.502872 0.998397 0.504529 0.998397 0.504972 0.998397 0.506077 0.998397 0.506520 0.998397 0.507625 0.998397 0.510615 0.998397 0.510505 0.998397 0.510948 0.998397 0.510729 0.998397 0.511172 0.998397 0.510843 0.998397 0.510181 0.998397 0.509852 0.998397 0.509190 0.998397 0.508970 0.998397 0.506874 0.998397 0.506322 0.998397 0.505660 0.998397 0.504555 0.998397 0.503893 0.998397 0.500025 0.998397 0.499582 0.998397 0.498477 0.998397 0.498035 0.998397 0.496930 0.998397 0.496487 0.998397 0.495934 0.998397 0.496044 0.998397 0.494273 0.998397 0.494382 0.998397 0.493163
0 0.983482 0.287530 0.983434 0.295192 0.980554 0.299223 0.977122 0.301320 0.970965 0.301068 0.965316 0.298090 0.962752 0.292548 0.963790 0.287001 0.967755 0.282476 0.974917 0.280626 0.979759 0.282827
0 0.998397 0.367409 0.998397 0.368071 0.998397 0.368290 0.998397 0.368952 0.998397 0.369062 0.998397 0.371048 0.998397 0.371158 0.998397 0.371820 0.998397 0.372373 0.998397 0.373697 0.998397 0.374802 0.998397 0.375464 0.998397 0.376569 0.998397 0.377231 0.998397 0.377674 0.998397 0.379331 0.998397 0.379774 0.998397 0.380879 0.998397 0.382650 0.998397 0.382541 0.998397 0.383650 0.998397 0.383211 0.998397 0.382549 0.998397 0.381449 0.998397 0.380786 0.998397 0.379905 0.998397 0.379353 0.998397 0.377476 0.998397 0.371951 0.998397 0.371508 0.998397 0.370403 0.998397 0.369960 0.998397 0.369408 0.998397 0.368079 0.998397 0.368189 0.998397 0.367746 0.998397 0.367965 0.998397 0.367523 0.998397 0.367851
0 0.998397 0.321574 0.998397 0.322237 0.998397 0.322456 0.998397 0.323118 0.998397 0.323228 0.998397 0.325214 0.998397 0.325324 0.998397 0.325986 0.998397 0.326538 0.998397 0.327863 0.998397 0.328968 0.998397 0.329630 0.998397 0.330735 0.998397 0.331397 0.998397 0.331840 0.998397 0.333497 0.998397 0.333940 0.998397 0.335045 0.998397 0.336816 0.998397 0.336707 0.998397 0.337816 0.998397 0.337377 0.998397 0.336715 0.998397 0.335614 0.998397 0.334952 0.998397 0.334071 0.998397 0.333518 0.998397 0.331642 0.998397 0.326117 0.998397 0.325674 0.998397 0.324569 0.998397 0.324126 0.998397 0.323574 0.998397 0.322245 0.998397 0.322355 0.998397 0.321912 0.998397 0.322131 0.998397 0.321688 0.998397 0.322017
0 0.843323 0.290011 0.844097 0.291335 0.843976 0.291887 0.844363 0.292549 0.844242 0.293102 0.844895 0.294979 0.844409 0.297189 0.844796 0.297851 0.844432 0.299508 0.843802 0.299951 0.842930 0.301499 0.841040 0.302827 0.836972 0.301950 0.836585 0.301288 0.834551 0.300849 0.833390 0.298863 0.833511 0.298311 0.833124 0.297648 0.834338 0.292124 0.834967 0.291681 0.835089 0.291128 0.836349 0.290243 0.836470 0.289690 0.836978 0.289800 0.837608 0.289357 0.840151 0.289905 0.840781 0.289462
0 0.976114 0.222642 0.976889 0.223966 0.976767 0.224518 0.977154 0.225180 0.977033 0.225733 0.977686 0.227610 0.977200 0.229820 0.977588 0.230482 0.977223 0.232139 0.976594 0.232582 0.975721 0.234130 0.973831 0.235458 0.969764 0.234581 0.969376 0.233919 0.967342 0.233480 0.966181 0.231494 0.966302 0.230942 0.965915 0.230279 0.967129 0.224755 0.967759 0.224312 0.967880 0.223759 0.969140 0.222874 0.969261 0.222321 0.969770 0.222431 0.970399 0.221988 0.972942 0.222536 0.973572 0.222093
0 0.859440 0.237391 0.860215 0.238715 0.860093 0.239267 0.860480 0.239929 0.860359 0.240482 0.861012 0.242359 0.860526 0.244569 0.860914 0.245231 0.860550 0.246888 0.859920 0.247331 0.859047 0.248879 0.857157 0.250207 0.853090 0.249330 0.852702 0.248668 0.850668 0.248229 0.849507 0.246243 0.849628 0.245691 0.849241 0.245028 0.850455 0.239504 0.851085 0.239061 0.851206 0.238508 0.852466 0.237623 0.852587 0.237070 0.853096 0.237180 0.853726 0.236737 0.856268 0.237285 0.856898 0.236842
0 0.900632 0.229787 0.902302 0.231884 0.902810 0.231993 0.904359 0.234642 0.905422 0.239500 0.904572 0.243368 0.902561 0.245249 0.902440 0.245801 0.901180 0.246687 0.900042 0.247020 0.899025 0.246801 0.898395 0.247243 0.897378 0.247024 0.896748 0.247467 0.895731 0.247248 0.895344 0.246586 0.892293 0.245928 0.891906 0.245266 0.890381 0.244937 0.889485 0.244165 0.888711 0.242841 0.887914 0.239197 0.888665 0.238201 0.889150 0.235991 0.890653 0.234001 0.891017 0.232343 0.892519 0.230353 0.894917 0.229134 0.897968 0.229792 0.898598 0.229349
0 0.945771 0.229795 0.946546 0.231120 0.946424 0.231672 0.946811 0.232334 0.946690 0.232887 0.947343 0.234764 0.946857 0.236973 0.947245 0.237636 0.946881 0.239293 0.946251 0.239736 0.945378 0.241284 0.943488 0.242612 0.939421 0.241735 0.939034 0.241073 0.937000 0.240634 0.935838 0.238648 0.935959 0.238095 0.935572 0.237433 0.936786 0.231909 0.937416 0.231466 0.937537 0.230913 0.938797 0.230027 0.938918 0.229475 0.939427 0.229585 0.940057 0.229142 0.942599 0.229690 0.943229 0.229247
0 0.998397 0.337704 0.998397 0.338366 0.998397 0.338586 0.998397 0.339248 0.998397 0.339358 0.998397 0.341344 0.998397 0.341454 0.998397 0.342116 0.998397 0.342668 0.998397 0.343992 0.998397 0.345097 0.998397 0.345760 0.998397 0.346864 0.998397 0.347527 0.998397 0.347970 0.998397 0.349627 0.998397 0.350070 0.998397 0.351175 0.998397 0.352946 0.998397 0.352836 0.998397 0.353946 0.998397 0.353507 0.998397 0.352845 0.998397 0.351744 0.998397 0.351082 0.998397 0.350201 0.998397 0.349648 0.998397 0.347771 0.998397 0.342247 0.998397 0.341804 0.998397 0.340699 0.998397 0.340256 0.998397 0.339704 0.998397 0.338375 0.998397 0.338485 0.998397 0.338042 0.998397 0.338261 0.998397 0.337818 0.998397 0.338147
0 0.998397 0.372927 0.998397 0.373589 0.998397 0.373809 0.998397 0.374471 0.998397 0.374580 0.998397 0.376567 0.998397 0.376676 0.998397 0.377338 0.998397 0.377891 0.998397 0.379215 0.998397 0.380320 0.998397 0.380982 0.998397 0.382087 0.998397 0.382749 0.998397 0.383192 0.998397 0.384850 0.998397 0.385293 0.998397 0.386398 0.998397 0.388169 0.998397 0.388059 0.998397 0.389168 0.998397 0.388730 0.998397 0.388068 0.998397 0.386967 0.998397 0.386305 0.998397 0.385424 0.998397 0.384871 0.998397 0.382994 0.998397 0.377469 0.998397 0.377027 0.998397 0.375922 0.998397 0.375479 0.998397 0.374926 0.998397 0.373598 0.998397 0.373707 0.998397 0.373265 0.998397 0.373484 0.998397 0.373041 0.998397 0.373370
0 0.866887 0.421988 0.867274 0.422650 0.870325 0.423308 0.871608 0.424742 0.871486 0.425295 0.871873 0.425957 0.871024 0.429824 0.870394 0.430267 0.870151 0.431372 0.869521 0.431815 0.869279 0.432920 0.867898 0.434358 0.866881 0.434139 0.866251 0.434582 0.865234 0.434362 0.864604 0.434805 0.862570 0.434367 0.861940 0.434809 0.861432 0.434700 0.861044 0.434038 0.859640 0.433156 0.858866 0.431832 0.858358 0.431722 0.858600 0.430617 0.858213 0.429955 0.859306 0.424983 0.859935 0.424540 0.860178 0.423435 0.860687 0.423545 0.863206 0.421773 0.863714 0.421883 0.864344 0.421440
0 0.731724 0.302416 0.734434 0.307051 0.734313 0.307603 0.734966 0.309480 0.734602 0.311137 0.734989 0.311799 0.734868 0.312352 0.734238 0.312795 0.733752 0.315005 0.732371 0.316443 0.731863 0.316333 0.728956 0.317442 0.723871 0.316346 0.723484 0.315684 0.721959 0.315355 0.720797 0.313368 0.721283 0.311159 0.720896 0.310496 0.721260 0.308839 0.721889 0.308396 0.722254 0.306739 0.722883 0.306296 0.723126 0.305191 0.725259 0.302757 0.726275 0.302977 0.726905 0.302534 0.727922 0.302753 0.728552 0.302310 0.729569 0.302530 0.730199 0.302087
0 0.650847 0.227067 0.651234 0.227729 0.652638 0.228611 0.654187 0.231259 0.653944 0.232364 0.654984 0.234903 0.653626 0.238661 0.652366 0.239546 0.650621 0.242642 0.647085 0.244194 0.644034 0.243536 0.643647 0.242874 0.640596 0.242216 0.640209 0.241554 0.639700 0.241444 0.638539 0.239458 0.638782 0.238353 0.638394 0.237691 0.638637 0.236586 0.638250 0.235924 0.639342 0.230952 0.639972 0.230509 0.641088 0.227856 0.642977 0.226527 0.643486 0.226637 0.644115 0.226194 0.646149 0.226633 0.646779 0.226190
0 0.509953 0.222707 0.510340 0.223370 0.513391 0.224027 0.513778 0.224690 0.515303 0.225019 0.515956 0.226895 0.515713 0.228000 0.516101 0.228662 0.515858 0.229767 0.516245 0.230429 0.515517 0.233744 0.514136 0.235183 0.513893 0.236288 0.512003 0.237616 0.511495 0.237506 0.510865 0.237949 0.509848 0.237730 0.508080 0.238506 0.505537 0.237958 0.505150 0.237296 0.503746 0.236414 0.502585 0.234428 0.502706 0.233875 0.501787 0.230784 0.502030 0.229679 0.502660 0.229236 0.502903 0.228131 0.503533 0.227688 0.503775 0.226583 0.506295 0.224812 0.506416 0.224259 0.507676 0.223374 0.509323 0.223150
0 0.502451 0.115570 0.502839 0.116232 0.505889 0.116890 0.506277 0.117552 0.507802 0.117881 0.508455 0.119758 0.508212 0.120863 0.508599 0.121525 0.508357 0.122630 0.508744 0.123292 0.508016 0.126607 0.506635 0.128045 0.506392 0.129150 0.504502 0.130479 0.503994 0.130369 0.503364 0.130812 0.502347 0.130592 0.500579 0.131368 0.498036 0.130820 0.497649 0.130158 0.496245 0.129277 0.495084 0.127290 0.495205 0.126738 0.494286 0.123646 0.494529 0.122542 0.495159 0.122099 0.495402 0.120994 0.496032 0.120551 0.496274 0.119446 0.498794 0.117675 0.498915 0.117122 0.500175 0.116236 0.501822 0.116013
0 0.533472 0.115690 0.533859 0.116352 0.534876 0.116571 0.535264 0.117233 0.537685 0.118334 0.538459 0.119658 0.538990 0.122087 0.538748 0.123192 0.539135 0.123854 0.538285 0.127722 0.537655 0.128165 0.536540 0.130817 0.534529 0.132698 0.534021 0.132589 0.532761 0.133474 0.531744 0.133255 0.531114 0.133698 0.529080 0.133259 0.528450 0.133702 0.527555 0.132930 0.525012 0.132382 0.524625 0.131720 0.522591 0.131282 0.521695 0.130510 0.519881 0.126647 0.520731 0.122779 0.521361 0.122336 0.521967 0.119574 0.522597 0.119131 0.522840 0.118026 0.523591 0.117031 0.525602 0.115150 0.526741 0.114817 0.529283 0.115365 0.529913 0.114922
0 0.487683 0.191562 0.488965 0.192995 0.489982 0.193215 0.491652 0.195311 0.491410 0.196416 0.492062 0.198293 0.491092 0.202712 0.489081 0.204593 0.488959 0.205146 0.487578 0.206584 0.487070 0.206474 0.485301 0.207250 0.484284 0.207031 0.483655 0.207474 0.483146 0.207364 0.482759 0.206702 0.480217 0.206154 0.479829 0.205492 0.478812 0.205273 0.478425 0.204610 0.477917 0.204501 0.476103 0.200638 0.476831 0.197323 0.477461 0.196880 0.477825 0.195222 0.478455 0.194780 0.480078 0.192236 0.481847 0.191460 0.482863 0.191680 0.483493 0.191237 0.485527 0.191675 0.486157 0.191233
0 0.454804 0.141887 0.455191 0.142549 0.457225 0.142988 0.457612 0.143650 0.459016 0.144531 0.458895 0.145084 0.459282 0.145746 0.458797 0.147956 0.459184 0.148618 0.458941 0.149723 0.458311 0.150166 0.457947 0.151823 0.457317 0.152266 0.457196 0.152819 0.455936 0.153704 0.455428 0.153595 0.454798 0.154037 0.453781 0.153818 0.453151 0.154261 0.451626 0.153932 0.450996 0.154375 0.449592 0.153493 0.448430 0.151507 0.448552 0.150955 0.447899 0.149078 0.448141 0.147973 0.447754 0.147311 0.448118 0.145653 0.448748 0.145210 0.449112 0.143553 0.451632 0.141782 0.452140 0.141891 0.452770 0.141448
0 0.459536 0.126304 0.461280 0.126448 0.463084 0.126799 0.464865 0.128224 0.466177 0.130088 0.465738 0.133541 0.464359 0.135133 0.462457 0.136034 0.460104 0.136568 0.458093 0.135886 0.456689 0.135005 0.455527 0.133018 0.455504 0.130602 0.456535 0.128009 0.458229 0.126601
0 0.485654 0.115132 0.487397 0.115277 0.489202 0.115628 0.490983 0.117053 0.492295 0.118917 0.491856 0.122370 0.490477 0.123962 0.488575 0.124863 0.486222 0.125397 0.484211 0.124714 0.482807 0.123833 0.481645 0.121847 0.481622 0.119430 0.482653 0.116838 0.484347 0.115429
0 0.376620 0.236913 0.378363 0.237058 0.380167 0.237409 0.381949 0.238834 0.383260 0.240697 0.382821 0.244151 0.381442 0.245743 0.379541 0.246644 0.377187 0.247178 0.375177 0.246495 0.373773 0.245614 0.372611 0.243628 0.372588 0.241211 0.373618 0.238618 0.375313 0.237210
0 0.360687 0.248007 0.363749 0.248979 0.365879 0.250742 0.366956 0.253409 0.367061 0.256468 0.365067 0.260960 0.361658 0.263255 0.358600 0.264658 0.355580 0.264301 0.353608 0.263262 0.352325 0.261828 0.351529 0.260524 0.351141 0.257522 0.351789 0.254227 0.352338 0.251904 0.354486 0.249563 0.356932 0.248098 0.359161 0.247678
0 0.351867 0.239659 0.352255 0.240321 0.352763 0.240430 0.353924 0.242417 0.353803 0.242969 0.354577 0.244294 0.354456 0.244846 0.354843 0.245508 0.353872 0.249928 0.353242 0.250371 0.353000 0.251476 0.352370 0.251919 0.352127 0.253024 0.351497 0.253466 0.351376 0.254019 0.349486 0.255347 0.348978 0.255238 0.348348 0.255681 0.347839 0.255571 0.347452 0.254909 0.345927 0.254580 0.345540 0.253918 0.344014 0.253589 0.343627 0.252927 0.342610 0.252707 0.341836 0.251383 0.342079 0.250278 0.341691 0.249616 0.341934 0.248511 0.341547 0.247849 0.341790 0.246744 0.341403 0.246082 0.341767 0.244424 0.342397 0.243982 0.342761 0.242324 0.343391 0.241881 0.343512 0.241329 0.344772 0.240443 0.345280 0.240553 0.347048 0.239777 0.348065 0.239996 0.348695 0.239553 0.350221 0.239882 0.350850 0.239439
0 0.395254 0.184570 0.398837 0.187657 0.401038 0.192182 0.400674 0.193840 0.401061 0.194502 0.400090 0.198922 0.399461 0.199365 0.399218 0.200470 0.396698 0.202241 0.396577 0.202793 0.393549 0.204455 0.392532 0.204236 0.390255 0.204902 0.389238 0.204683 0.388851 0.204021 0.384275 0.203034 0.381831 0.199614 0.381033 0.195970 0.382004 0.191550 0.382634 0.191107 0.382998 0.189450 0.384501 0.187459 0.387771 0.184692 0.388910 0.184359 0.390435 0.184688 0.391065 0.184245 0.392591 0.184574 0.393220 0.184131
0 0.262435 0.109207 0.262823 0.109869 0.263840 0.110088 0.264227 0.110750 0.264735 0.110860 0.266792 0.113618 0.266185 0.116380 0.266573 0.117043 0.266208 0.118700 0.265579 0.119143 0.265336 0.120248 0.263446 0.121576 0.262938 0.121467 0.262308 0.121910 0.260783 0.121581 0.260153 0.122023 0.257102 0.121366 0.256715 0.120703 0.255698 0.120484 0.254923 0.119160 0.255045 0.118607 0.254392 0.116731 0.255363 0.112311 0.255993 0.111868 0.256114 0.111315 0.259263 0.109101 0.259772 0.109211 0.260402 0.108768
0 0.269884 0.094206 0.270271 0.094868 0.271288 0.095087 0.271675 0.095749 0.272183 0.095859 0.274240 0.098617 0.273634 0.101380 0.274021 0.102042 0.273657 0.103699 0.273027 0.104142 0.272784 0.105247 0.270895 0.106576 0.270386 0.106466 0.269756 0.106909 0.268231 0.106580 0.267601 0.107023 0.264550 0.106365 0.264163 0.105703 0.263146 0.105483 0.262372 0.104159 0.262493 0.103607 0.261840 0.101730 0.262811 0.097310 0.263441 0.096867 0.263562 0.096315 0.266711 0.094100 0.267220 0.094210 0.267850 0.093767
0 0.312575 0.114122 0.312962 0.114784 0.314996 0.115222 0.316279 0.116656 0.316157 0.117209 0.317076 0.120300 0.315741 0.126377 0.315111 0.126820 0.314238 0.128368 0.312979 0.129254 0.312857 0.129806 0.312349 0.129697 0.310581 0.130473 0.309055 0.130144 0.308425 0.130587 0.305374 0.129929 0.304987 0.129267 0.303583 0.128385 0.302543 0.125846 0.302786 0.124741 0.302399 0.124079 0.302642 0.122974 0.302254 0.122312 0.303225 0.117892 0.304485 0.117007 0.305358 0.115459 0.307247 0.114130 0.307756 0.114240 0.309524 0.113464
0 0.340476 0.088960 0.340863 0.089622 0.342897 0.090061 0.344180 0.091495 0.344059 0.092047 0.344977 0.095139 0.343642 0.101216 0.343012 0.101659 0.342140 0.103207 0.340880 0.104092 0.340759 0.104645 0.340250 0.104535 0.338482 0.105311 0.336957 0.104982 0.336327 0.105425 0.333276 0.104767 0.332889 0.104105 0.331484 0.103224 0.330444 0.100685 0.330687 0.099580 0.330300 0.098918 0.330543 0.097813 0.330156 0.097151 0.331127 0.092731 0.332386 0.091845 0.333259 0.090297 0.335148 0.088969 0.335657 0.089078 0.337425 0.088302
0 0.172458 0.209418 0.174394 0.212728 0.174151 0.213833 0.174538 0.214496 0.174174 0.216153 0.174561 0.216815 0.173931 0.217258 0.173324 0.220020 0.170296 0.221682 0.166737 0.220915 0.166350 0.220252 0.164316 0.219814 0.163929 0.219152 0.163420 0.219042 0.163542 0.218490 0.163155 0.217828 0.163397 0.216723 0.163010 0.216060 0.163253 0.214955 0.162866 0.214293 0.163351 0.212083 0.163981 0.211641 0.164345 0.209983 0.166235 0.208655 0.169794 0.209422 0.170424 0.208979
0 0.180069 0.162285 0.182005 0.165596 0.181762 0.166701 0.182149 0.167363 0.181785 0.169021 0.182172 0.169683 0.181543 0.170126 0.180936 0.172888 0.177908 0.174550 0.174348 0.173782 0.173961 0.173120 0.171927 0.172681 0.171540 0.172019 0.171032 0.171910 0.171153 0.171357 0.170766 0.170695 0.171009 0.169590 0.170621 0.168928 0.170864 0.167823 0.170477 0.167161 0.170962 0.164951 0.171592 0.164508 0.171956 0.162851 0.173846 0.161522 0.177405 0.162290 0.178035 0.161847
0 0.256905 0.148913 0.258840 0.152223 0.258597 0.153328 0.258985 0.153990 0.258621 0.155648 0.259008 0.156310 0.258378 0.156753 0.257771 0.159515 0.254743 0.161177 0.251184 0.160410 0.250796 0.159747 0.248763 0.159309 0.248375 0.158647 0.247867 0.158537 0.247988 0.157985 0.247601 0.157322 0.247844 0.156217 0.247457 0.155555 0.247699 0.154450 0.247312 0.153788 0.247798 0.151578 0.248428 0.151135 0.248792 0.149478 0.250681 0.148149 0.254241 0.148917 0.254871 0.148474
0 0.150290 0.195702 0.152226 0.199013 0.151983 0.200118 0.152370 0.200780 0.152006 0.202437 0.152393 0.203100 0.151763 0.203542 0.151156 0.206305 0.148129 0.207966 0.144569 0.207199 0.144182 0.206537 0.142148 0.206098 0.141761 0.205436 0.141252 0.205326 0.141374 0.204774 0.140987 0.204112 0.141229 0.203007 0.140842 0.202345 0.141085 0.201240 0.140698 0.200578 0.141183 0.198368 0.141813 0.197925 0.142177 0.196267 0.144067 0.194939 0.147626 0.195706 0.148256 0.195264
0 0.160752 0.156333 0.162687 0.159644 0.162445 0.160749 0.162832 0.161411 0.162468 0.163068 0.162855 0.163730 0.162225 0.164173 0.161618 0.166936 0.158590 0.168597 0.155031 0.167830 0.154644 0.167168 0.152610 0.166729 0.152223 0.166067 0.151714 0.165957 0.151835 0.165405 0.151448 0.164743 0.151691 0.163638 0.151304 0.162976 0.151547 0.161871 0.151160 0.161209 0.151645 0.158999 0.152275 0.158556 0.152639 0.156898 0.154528 0.155570 0.158088 0.156337 0.158718 0.155894
0 0.201913 0.144066 0.203849 0.147377 0.203606 0.148482 0.203993 0.149144 0.203629 0.150801 0.204016 0.151463 0.203387 0.151906 0.202780 0.154669 0.199752 0.156330 0.196192 0.155563 0.195805 0.154901 0.193771 0.154462 0.193384 0.153800 0.192876 0.153690 0.192997 0.153138 0.192610 0.152476 0.192853 0.151371 0.192466 0.150708 0.192708 0.149604 0.192321 0.148941 0.192807 0.146731 0.193436 0.146289 0.193801 0.144631 0.195690 0.143303 0.199250 0.144070 0.199879 0.143627
0 0.216363 0.139922 0.218298 0.143232 0.218056 0.144337 0.218443 0.145000 0.218079 0.146657 0.218466 0.147319 0.217836 0.147762 0.217229 0.150524 0.214201 0.152186 0.210642 0.151419 0.210255 0.150757 0.208221 0.150318 0.207834 0.149656 0.207325 0.149546 0.207447 0.148994 0.207059 0.148332 0.207302 0.147227 0.206915 0.146564 0.207158 0.145459 0.206771 0.144797 0.207256 0.142587 0.207886 0.142145 0.208250 0.140487 0.210140 0.139159 0.213699 0.139926 0.214329 0.139483
0 0.197666 0.119999 0.200717 0.120657 0.202266 0.123305 0.202144 0.123858 0.202918 0.125182 0.202797 0.125734 0.203450 0.127611 0.202964 0.129821 0.203352 0.130483 0.202722 0.130926 0.201872 0.134793 0.199353 0.136565 0.198844 0.136455 0.197076 0.137231 0.190974 0.135915 0.189304 0.133819 0.188796 0.133710 0.187635 0.131723 0.187733 0.128851 0.187080 0.126974 0.187710 0.126532 0.188074 0.124874 0.188704 0.124431 0.188946 0.123326 0.189576 0.122884 0.190449 0.121336 0.192968 0.119564 0.193985 0.119784 0.194615 0.119341
0 0.183633 0.055748 0.186939 0.056460 0.191295 0.060872 0.192214 0.063963 0.191728 0.066173 0.192116 0.066835 0.191145 0.071255 0.189764 0.072693 0.189521 0.073798 0.186372 0.076012 0.182448 0.076902 0.175451 0.074815 0.173272 0.072609 0.172111 0.070623 0.172354 0.069518 0.171678 0.065321 0.172406 0.062006 0.175411 0.058025 0.179190 0.055368 0.180328 0.055035
0 0.183166 0.128502 0.185102 0.131813 0.184859 0.132918 0.185246 0.133580 0.184882 0.135238 0.185269 0.135900 0.184639 0.136343 0.184032 0.139105 0.181004 0.140767 0.177445 0.139999 0.177058 0.139337 0.175024 0.138898 0.174637 0.138236 0.174128 0.138127 0.174250 0.137574 0.173863 0.136912 0.174105 0.135807 0.173718 0.135145 0.173961 0.134040 0.173574 0.133378 0.174059 0.131168 0.174689 0.130725 0.175053 0.129068 0.176943 0.127739 0.180502 0.128507 0.181132 0.128064
0 0.252562 0.087931 0.254498 0.091242 0.254255 0.092347 0.254642 0.093009 0.254278 0.094666 0.254665 0.095328 0.254036 0.095771 0.253429 0.098534 0.250401 0.100195 0.246841 0.099428 0.246454 0.098766 0.244420 0.098327 0.244033 0.097665 0.243525 0.097555 0.243646 0.097003 0.243259 0.096341 0.243502 0.095236 0.243115 0.094574 0.243357 0.093469 0.242970 0.092807 0.243456 0.090597 0.244085 0.090154 0.244450 0.088496 0.246339 0.087168 0.249899 0.087935 0.250528 0.087493
0 0.228008 0.331999 0.228395 0.332661 0.230937 0.333209 0.233116 0.335415 0.232873 0.336520 0.233260 0.337182 0.233017 0.338287 0.233404 0.338949 0.233040 0.340607 0.232410 0.341049 0.231804 0.343812 0.229914 0.345140 0.229793 0.345693 0.229163 0.346136 0.228146 0.345916 0.227516 0.346359 0.224973 0.345811 0.224344 0.346254 0.221801 0.345706 0.221414 0.345044 0.220906 0.344934 0.219357 0.342285 0.219478 0.341733 0.219091 0.341071 0.219941 0.337203 0.219554 0.336541 0.220935 0.335103 0.221178 0.333998 0.221807 0.333555 0.221929 0.333003 0.223188 0.332117 0.223697 0.332227 0.225465 0.331451
0 0.175849 0.389030 0.176236 0.389692 0.178779 0.390241 0.180957 0.392446 0.180714 0.393551 0.181101 0.394213 0.180859 0.395319 0.181246 0.395981 0.180882 0.397638 0.180252 0.398081 0.179645 0.400843 0.177755 0.402172 0.177634 0.402724 0.177004 0.403167 0.175987 0.402948 0.175357 0.403391 0.172815 0.402842 0.172185 0.403285 0.169643 0.402737 0.169255 0.402075 0.168747 0.401965 0.167198 0.399317 0.167320 0.398764 0.166933 0.398102 0.167782 0.394235 0.167395 0.393573 0.168776 0.392134 0.169019 0.391029 0.169649 0.390587 0.169770 0.390034 0.171030 0.389148 0.171538 0.389258 0.173307 0.388482
0 0.191867 0.396648 0.192254 0.397310 0.194797 0.397858 0.196975 0.400064 0.196732 0.401169 0.197120 0.401831 0.196877 0.402936 0.197264 0.403598 0.196900 0.405255 0.196270 0.405698 0.195663 0.408461 0.193774 0.409789 0.193652 0.410342 0.193022 0.410785 0.192005 0.410565 0.191376 0.411008 0.188833 0.410460 0.188203 0.410903 0.185661 0.410355 0.185274 0.409692 0.184765 0.409583 0.183217 0.406934 0.183338 0.406382 0.182951 0.405720 0.183801 0.401852 0.183413 0.401190 0.184795 0.399752 0.185037 0.398647 0.185667 0.398204 0.185788 0.397652 0.187048 0.396766 0.187557 0.396876 0.189325 0.396099
0 0.112917 0.340438 0.113304 0.341100 0.115847 0.341649 0.118025 0.343854 0.117782 0.344959 0.118170 0.345622 0.117927 0.346727 0.118314 0.347389 0.117950 0.349046 0.117320 0.349489 0.116713 0.352251 0.114824 0.353580 0.114702 0.354132 0.114073 0.354575 0.113055 0.354356 0.112426 0.354799 0.109883 0.354251 0.109253 0.354693 0.106711 0.354145 0.106324 0.353483 0.105815 0.353373 0.104267 0.350725 0.104388 0.350172 0.104001 0.349510 0.104851 0.345643 0.104463 0.344981 0.105845 0.343543 0.106087 0.342438 0.106717 0.341995 0.106838 0.341442 0.108098 0.340557 0.108607 0.340666 0.110375 0.339890
0 0.146738 0.343443 0.147177 0.346987 0.145144 0.348899 0.142806 0.349782 0.140003 0.349292 0.138651 0.347736 0.138344 0.344795 0.139969 0.342213 0.142189 0.341024 0.144942 0.341503
0 0.205189 0.384006 0.205628 0.387550 0.203595 0.389462 0.201256 0.390345 0.198453 0.389856 0.197101 0.388299 0.196795 0.385358 0.198420 0.382776 0.200640 0.381588 0.203392 0.382066
0 0.226780 0.443511 0.227219 0.447055 0.225185 0.448967 0.222847 0.449850 0.220044 0.449361 0.218692 0.447804 0.218385 0.444863 0.220011 0.442281 0.222231 0.441092 0.224983 0.441571
0 0.263829 0.467401 0.264268 0.470945 0.262235 0.472857 0.259897 0.473740 0.257094 0.473250 0.255742 0.471694 0.255435 0.468753 0.257061 0.466171 0.259280 0.464982 0.262033 0.465461
0 0.268067 0.486379 0.268505 0.489923 0.266472 0.491835 0.264134 0.492718 0.261330 0.492228 0.259979 0.490672 0.259672 0.487731 0.261298 0.485149 0.263517 0.483960 0.266270 0.484439
0 0.260044 0.505918 0.261714 0.508014 0.262223 0.508124 0.264158 0.511435 0.264037 0.511987 0.264690 0.513864 0.264326 0.515521 0.263696 0.515964 0.263332 0.517622 0.260691 0.519946 0.259818 0.521493 0.259310 0.521384 0.257542 0.522160 0.256525 0.521940 0.255895 0.522383 0.255508 0.521721 0.254491 0.521502 0.254104 0.520840 0.253087 0.520620 0.252700 0.519958 0.251683 0.519739 0.251296 0.519077 0.250787 0.518967 0.250013 0.517643 0.250134 0.517090 0.249481 0.515214 0.249724 0.514109 0.250354 0.513666 0.251082 0.510351 0.251712 0.509908 0.252584 0.508360 0.253844 0.507475 0.256629 0.506918 0.259027 0.505699
0 0.176399 0.478538 0.178069 0.480634 0.178578 0.480744 0.180513 0.484055 0.180392 0.484607 0.181045 0.486484 0.180681 0.488141 0.180051 0.488584 0.179687 0.490242 0.177046 0.492566 0.176173 0.494113 0.175665 0.494004 0.173897 0.494780 0.172880 0.494560 0.172250 0.495003 0.171863 0.494341 0.170846 0.494122 0.170458 0.493460 0.169441 0.493240 0.169054 0.492578 0.168037 0.492359 0.167650 0.491697 0.167142 0.491587 0.166368 0.490263 0.166489 0.489710 0.165836 0.487834 0.166079 0.486729 0.166709 0.486286 0.167437 0.482971 0.168067 0.482528 0.168939 0.480980 0.170199 0.480095 0.172984 0.479538 0.175382 0.478319
0 0.140246 0.456350 0.141916 0.458446 0.142424 0.458556 0.144360 0.461867 0.144239 0.462419 0.144892 0.464296 0.144527 0.465953 0.143898 0.466396 0.143534 0.468054 0.140893 0.470378 0.140020 0.471925 0.139512 0.471816 0.137743 0.472592 0.136727 0.472372 0.136097 0.472815 0.135710 0.472153 0.134693 0.471934 0.134305 0.471272 0.133288 0.471052 0.132901 0.470390 0.131884 0.470171 0.131497 0.469509 0.130989 0.469399 0.130215 0.468075 0.130336 0.467523 0.129683 0.465646 0.129926 0.464541 0.130556 0.464098 0.131284 0.460783 0.131914 0.460340 0.132786 0.458792 0.134046 0.457907 0.136831 0.457350 0.139229 0.456131
0 0.123801 0.483422 0.124188 0.484084 0.125592 0.484966 0.128180 0.490153 0.127088 0.495125 0.126458 0.495568 0.126337 0.496121 0.125707 0.496563 0.125464 0.497668 0.124834 0.498111 0.124326 0.498002 0.122558 0.498778 0.121541 0.498558 0.120911 0.499001 0.118368 0.498453 0.117981 0.497791 0.116964 0.497572 0.116577 0.496909 0.115560 0.496690 0.114278 0.495256 0.114399 0.494704 0.114012 0.494042 0.114376 0.492384 0.113989 0.491722 0.114353 0.490065 0.114983 0.489622 0.115589 0.486859 0.116219 0.486416 0.116341 0.485864 0.117600 0.484978 0.118109 0.485088 0.118739 0.484645 0.118860 0.484093 0.119369 0.484202 0.119998 0.483759 0.121015 0.483979 0.122784 0.483203
0 0.121748 0.522862 0.122135 0.523524 0.123539 0.524406 0.126127 0.529593 0.125035 0.534565 0.124405 0.535008 0.124284 0.535561 0.123654 0.536004 0.123411 0.537108 0.122782 0.537551 0.122273 0.537442 0.120505 0.538218 0.119488 0.537998 0.118858 0.538441 0.116316 0.537893 0.115928 0.537231 0.114911 0.537012 0.114524 0.536349 0.113507 0.536130 0.112225 0.534696 0.112346 0.534144 0.111959 0.533482 0.112323 0.531824 0.111936 0.531162 0.112300 0.529505 0.112930 0.529062 0.113537 0.526299 0.114166 0.525856 0.114288 0.525304 0.115548 0.524418 0.116056 0.524528 0.116686 0.524085 0.116807 0.523533 0.117316 0.523642 0.117946 0.523199 0.118963 0.523419 0.120731 0.522643
0 0.184924 0.563823 0.185698 0.565147 0.187102 0.566028 0.187876 0.567353 0.189668 0.568896 0.191216 0.571545 0.191482 0.572759 0.191019 0.577289 0.190390 0.577732 0.189904 0.579942 0.188402 0.581932 0.186512 0.583261 0.184357 0.583375 0.183727 0.583817 0.182710 0.583598 0.182080 0.584041 0.178399 0.583826 0.178012 0.583164 0.176487 0.582835 0.176100 0.582173 0.175083 0.581953 0.173291 0.580410 0.172373 0.577319 0.172737 0.575661 0.172350 0.574999 0.173199 0.571132 0.173829 0.570689 0.174314 0.568479 0.174944 0.568036 0.175938 0.565936 0.177198 0.565050 0.179353 0.564936 0.183398 0.563494
0 0.086724 0.579826 0.087498 0.581150 0.088902 0.582031 0.089677 0.583356 0.091468 0.584899 0.093016 0.587548 0.093282 0.588762 0.092820 0.593292 0.092190 0.593735 0.091704 0.595945 0.090202 0.597935 0.088312 0.599264 0.086157 0.599378 0.085527 0.599821 0.084510 0.599601 0.083881 0.600044 0.080200 0.599829 0.079813 0.599167 0.078287 0.598838 0.077900 0.598176 0.076883 0.597957 0.075092 0.596413 0.074173 0.593322 0.074537 0.591664 0.074150 0.591002 0.075000 0.587135 0.075629 0.586692 0.076115 0.584482 0.076745 0.584039 0.077739 0.581939 0.078998 0.581053 0.081154 0.580939 0.085199 0.579497
0 0.146040 0.523976 0.146428 0.524638 0.147953 0.524967 0.148340 0.525629 0.149357 0.525849 0.151535 0.528054 0.151414 0.528607 0.152575 0.530593 0.151969 0.533356 0.152356 0.534018 0.152113 0.535123 0.151483 0.535566 0.150368 0.538218 0.147848 0.539990 0.146831 0.539770 0.146202 0.540213 0.145185 0.539994 0.144555 0.540437 0.142521 0.539998 0.141891 0.540441 0.138817 0.537464 0.138938 0.536911 0.138551 0.536249 0.139037 0.534039 0.138650 0.533377 0.139256 0.530614 0.139886 0.530172 0.140372 0.527962 0.141753 0.526524 0.141995 0.525419 0.143255 0.524533 0.143764 0.524643 0.145532 0.523867
0 0.239068 0.534708 0.242650 0.537795 0.244563 0.538787 0.245724 0.540773 0.246643 0.543864 0.246158 0.546074 0.246545 0.546736 0.245331 0.552261 0.244701 0.552704 0.243586 0.555357 0.240437 0.557571 0.237530 0.558680 0.236513 0.558461 0.234236 0.559127 0.232202 0.558689 0.231815 0.558027 0.229781 0.557588 0.229394 0.556926 0.226973 0.555825 0.227094 0.555273 0.225933 0.553286 0.225910 0.550967 0.225257 0.549090 0.225500 0.547985 0.225113 0.547323 0.225962 0.543456 0.226592 0.543013 0.227829 0.539807 0.229089 0.538922 0.229961 0.537374 0.232481 0.535603 0.236791 0.535375 0.238559 0.534599
0 0.208145 0.543292 0.212745 0.546598 0.214293 0.549247 0.215356 0.554105 0.214651 0.559740 0.212033 0.564383 0.206994 0.567926 0.202054 0.568597 0.200020 0.568158 0.199633 0.567496 0.198107 0.567167 0.195299 0.565404 0.192976 0.561431 0.192156 0.555468 0.193612 0.548838 0.194872 0.547953 0.196496 0.545409 0.199645 0.543195 0.201171 0.543524 0.205094 0.542634
0 0.174195 0.634998 0.178795 0.638305 0.180343 0.640953 0.181406 0.645812 0.180701 0.651446 0.178083 0.656090 0.173044 0.659632 0.168104 0.660303 0.166070 0.659864 0.165683 0.659202 0.164157 0.658873 0.161349 0.657110 0.159026 0.653138 0.158206 0.647174 0.159662 0.640544 0.160922 0.639659 0.162546 0.637116 0.165695 0.634901 0.167221 0.635230 0.171144 0.634340
0 0.255677 0.615191 0.256115 0.618736 0.254082 0.620648 0.251744 0.621531 0.248940 0.621041 0.247588 0.619485 0.247282 0.616543 0.248908 0.613962 0.251127 0.612773 0.253880 0.613251
0 0.137647 0.600772 0.138085 0.604317 0.136052 0.606229 0.133714 0.607112 0.130911 0.606622 0.129559 0.605066 0.129252 0.602125 0.130877 0.599543 0.133097 0.598354 0.135850 0.598833
0 0.262673 0.598193 0.263112 0.601737 0.261078 0.603649 0.258740 0.604532 0.255937 0.604042 0.254585 0.602486 0.254278 0.599545 0.255904 0.596963 0.258124 0.595774 0.260876 0.596253
0 0.389802 0.567215 0.390241 0.570760 0.388208 0.572672 0.385870 0.573555 0.383066 0.573066 0.381715 0.571509 0.381408 0.568568 0.383033 0.565986 0.385253 0.564797 0.388005 0.565276
0 0.353173 0.629493 0.353612 0.633038 0.351578 0.634950 0.349240 0.635833 0.346437 0.635343 0.345085 0.633787 0.344779 0.630846 0.346404 0.628264 0.348624 0.627075 0.351376 0.627554
0 0.243611 0.663423 0.244050 0.666967 0.242016 0.668879 0.239678 0.669762 0.236875 0.669273 0.235523 0.667716 0.235216 0.664775 0.236842 0.662193 0.239062 0.661004 0.241814 0.661483
0 0.260925 0.607143 0.261364 0.610688 0.259330 0.612600 0.256992 0.613482 0.254189 0.612993 0.252837 0.611436 0.252531 0.608495 0.254156 0.605913 0.256375 0.604725 0.259128 0.605203
0 0.160088 0.543147 0.160527 0.546691 0.158493 0.548603 0.156156 0.549486 0.153352 0.548996 0.152000 0.547440 0.151694 0.544499 0.153320 0.541918 0.155538 0.540728 0.158292 0.541207
0 0.169957 0.563092 0.170746 0.564661 0.170742 0.566787 0.169514 0.569096 0.166608 0.569197 0.164618 0.567704 0.164469 0.565098 0.165737 0.563078 0.167585 0.562637
0 0.130687 0.522070 0.131476 0.523639 0.131472 0.525765 0.130244 0.528074 0.127338 0.528175 0.125348 0.526682 0.125199 0.524077 0.126467 0.522056 0.128315 0.521615
0 0.136615 0.514650 0.137403 0.516219 0.137400 0.518345 0.136171 0.520653 0.133266 0.520754 0.131275 0.519262 0.131127 0.516656 0.132395 0.514636 0.134243 0.514194
0 0.140519 0.554644 0.140958 0.558188 0.138925 0.560101 0.136587 0.560983 0.133783 0.560494 0.132431 0.558938 0.132125 0.555996 0.133750 0.553415 0.135970 0.552226 0.138723 0.552705
0 0.081009 0.532269 0.081783 0.533593 0.083187 0.534474 0.083961 0.535799 0.085753 0.537342 0.087301 0.539991 0.087567 0.541205 0.087105 0.545735 0.086475 0.546178 0.085989 0.548388 0.084487 0.550378 0.082597 0.551707 0.080442 0.551821 0.079812 0.552263 0.078795 0.552044 0.078165 0.552487 0.074484 0.552272 0.074097 0.551610 0.072572 0.551281 0.072185 0.550619 0.071168 0.550399 0.069376 0.548856 0.068458 0.545765 0.068822 0.544107 0.068435 0.543445 0.069284 0.539578 0.069914 0.539135 0.070400 0.536925 0.071030 0.536482 0.072023 0.534382 0.073283 0.533496 0.075438 0.533382 0.079483 0.531940
0 0.146655 0.616534 0.149084 0.619360 0.150123 0.623261 0.149662 0.626716 0.147536 0.630298 0.144360 0.632400 0.140799 0.633207 0.136770 0.632420 0.133982 0.630889 0.132044 0.628371 0.131380 0.626942 0.131357 0.624622 0.131504 0.622195 0.132308 0.619217 0.134157 0.616384 0.136548 0.614638 0.139102 0.614017 0.142487 0.614181
0 0.104337 0.610272 0.106765 0.613099 0.107805 0.616999 0.107343 0.620454 0.105218 0.624035 0.102041 0.626138 0.098480 0.626945 0.094451 0.626158 0.091664 0.624627 0.089726 0.622109 0.089061 0.620680 0.089038 0.618360 0.089186 0.615933 0.089989 0.612955 0.091838 0.610122 0.094230 0.608376 0.096784 0.607755 0.100168 0.607919
0 0.108057 0.581878 0.108831 0.583202 0.110235 0.584084 0.111009 0.585408 0.112801 0.586951 0.114349 0.589600 0.114615 0.590815 0.114152 0.595344 0.113523 0.595787 0.113037 0.597997 0.111535 0.599988 0.109645 0.601316 0.107490 0.601430 0.106860 0.601873 0.105843 0.601653 0.105213 0.602096 0.101532 0.601881 0.101145 0.601219 0.099620 0.600890 0.099233 0.600228 0.098216 0.600009 0.096424 0.598465 0.095506 0.595374 0.095870 0.593716 0.095483 0.593054 0.096332 0.589187 0.096962 0.588744 0.097448 0.586534 0.098077 0.586091 0.099071 0.583991 0.100331 0.583105 0.102486 0.582991 0.106531 0.581549
0 0.335264 0.453491 0.335651 0.454153 0.336160 0.454263 0.338095 0.457573 0.338240 0.459341 0.339014 0.460665 0.338893 0.461217 0.338263 0.461660 0.337535 0.464975 0.336905 0.465418 0.336541 0.467075 0.335160 0.468514 0.334651 0.468404 0.333391 0.469290 0.332374 0.469070 0.331745 0.469513 0.328694 0.468855 0.328307 0.468193 0.326781 0.467864 0.326394 0.467202 0.324990 0.466321 0.325111 0.465768 0.324724 0.465106 0.324967 0.464001 0.324580 0.463339 0.324822 0.462234 0.324435 0.461572 0.324799 0.459914 0.325429 0.459472 0.325915 0.457262 0.327296 0.455823 0.327538 0.454718 0.328047 0.454828 0.330953 0.453719 0.331970 0.453938 0.333739 0.453162
0 0.316385 0.460101 0.316772 0.460763 0.317281 0.460873 0.318563 0.462307 0.318199 0.463964 0.318587 0.464626 0.317858 0.467941 0.317228 0.468384 0.316864 0.470041 0.314102 0.472918 0.313594 0.472808 0.312964 0.473251 0.309405 0.472484 0.309017 0.471821 0.308509 0.471712 0.306960 0.469063 0.307082 0.468511 0.306695 0.467849 0.306937 0.466744 0.306550 0.466082 0.307157 0.463319 0.307787 0.462876 0.307908 0.462324 0.308538 0.461881 0.309411 0.460333 0.309919 0.460443 0.311179 0.459557 0.312196 0.459776 0.312826 0.459333
0 0.267869 0.398632 0.268257 0.399294 0.268765 0.399404 0.270048 0.400838 0.269684 0.402495 0.270071 0.403158 0.269343 0.406472 0.268713 0.406915 0.268349 0.408573 0.265587 0.411449 0.265078 0.411339 0.264448 0.411782 0.260889 0.411015 0.260502 0.410353 0.259993 0.410243 0.258445 0.407594 0.258566 0.407042 0.258179 0.406380 0.258422 0.405275 0.258034 0.404613 0.258641 0.401850 0.259271 0.401407 0.259393 0.400855 0.260022 0.400412 0.260895 0.398864 0.261403 0.398974 0.262663 0.398088 0.263680 0.398308 0.264310 0.397865
0 0.141898 0.329539 0.142337 0.333083 0.140304 0.334995 0.137965 0.335878 0.135162 0.335389 0.133810 0.333832 0.133504 0.330891 0.135129 0.328309 0.137349 0.327121 0.140101 0.327599
0 0.329230 0.302684 0.329617 0.303346 0.331143 0.303675 0.331530 0.304337 0.333951 0.305437 0.335378 0.308638 0.335257 0.309191 0.336175 0.312282 0.335545 0.312725 0.334939 0.315488 0.334309 0.315930 0.332685 0.318474 0.330795 0.319802 0.329778 0.319583 0.329148 0.320026 0.326606 0.319477 0.325976 0.319920 0.323942 0.319482 0.323555 0.318820 0.322151 0.317938 0.321377 0.316614 0.321498 0.316061 0.319175 0.312089 0.320025 0.308221 0.320655 0.307778 0.320776 0.307226 0.322666 0.305897 0.322787 0.305345 0.326566 0.302688 0.327075 0.302797 0.327704 0.302355
0 0.307935 0.341259 0.308322 0.341921 0.309847 0.342250 0.310235 0.342912 0.310743 0.343022 0.311130 0.343684 0.312534 0.344566 0.312921 0.345228 0.312436 0.347438 0.312823 0.348100 0.312459 0.349757 0.311829 0.350200 0.311586 0.351305 0.310957 0.351748 0.310084 0.353296 0.307056 0.354957 0.306039 0.354738 0.305409 0.355181 0.303375 0.354742 0.302601 0.353418 0.302092 0.353309 0.300931 0.351322 0.301052 0.350770 0.300665 0.350108 0.300521 0.348340 0.299747 0.347016 0.300353 0.344254 0.300983 0.343811 0.301226 0.342706 0.301856 0.342263 0.302364 0.342373 0.303624 0.341487 0.304133 0.341597 0.304763 0.341154 0.305779 0.341373 0.306409 0.340930
0 0.444376 0.230207 0.444763 0.230869 0.446289 0.231198 0.446676 0.231860 0.447184 0.231970 0.448733 0.234618 0.448369 0.236276 0.448756 0.236938 0.447542 0.242463 0.446283 0.243349 0.446161 0.243901 0.444272 0.245230 0.441221 0.244572 0.440834 0.243910 0.438291 0.243361 0.437904 0.242699 0.436887 0.242480 0.435726 0.240494 0.435847 0.239941 0.435460 0.239279 0.435703 0.238174 0.435315 0.237512 0.435558 0.236407 0.435171 0.235745 0.436142 0.231325 0.438661 0.229554 0.439170 0.229663 0.439800 0.229220
0 0.429892 0.240391 0.430279 0.241053 0.431804 0.241382 0.432191 0.242044 0.432700 0.242153 0.434248 0.244802 0.433884 0.246459 0.434271 0.247122 0.433058 0.252646 0.431798 0.253532 0.431677 0.254085 0.429787 0.255413 0.426736 0.254755 0.426349 0.254093 0.423807 0.253545 0.423419 0.252883 0.422402 0.252663 0.421241 0.250677 0.421362 0.250125 0.420975 0.249462 0.421218 0.248357 0.420831 0.247695 0.421074 0.246590 0.420686 0.245928 0.421657 0.241508 0.424177 0.239737 0.424685 0.239847 0.425315 0.239404
0 0.481614 0.291752 0.482001 0.292415 0.483018 0.292634 0.483405 0.293296 0.484422 0.293515 0.484809 0.294177 0.486213 0.295059 0.486600 0.295721 0.486479 0.296273 0.487253 0.297598 0.487011 0.298703 0.487398 0.299365 0.487276 0.299917 0.486647 0.300360 0.486040 0.303123 0.485410 0.303565 0.485288 0.304118 0.482769 0.305889 0.482261 0.305780 0.481631 0.306222 0.480614 0.306003 0.479984 0.306446 0.476424 0.305678 0.476037 0.305016 0.475020 0.304797 0.473593 0.301596 0.473715 0.301044 0.473327 0.300381 0.473570 0.299276 0.473183 0.298614 0.473790 0.295852 0.474420 0.295409 0.476043 0.292866 0.476552 0.292976 0.477812 0.292090 0.478320 0.292200 0.478950 0.291757 0.479967 0.291976 0.480597 0.291533
0 0.428333 0.303184 0.428720 0.303847 0.429737 0.304066 0.430124 0.304728 0.431141 0.304947 0.431528 0.305609 0.432932 0.306491 0.433319 0.307153 0.433198 0.307705 0.433972 0.309030 0.433729 0.310135 0.434116 0.310797 0.433995 0.311349 0.433365 0.311792 0.432758 0.314555 0.432129 0.314997 0.432007 0.315550 0.429488 0.317321 0.428979 0.317212 0.428349 0.317654 0.427332 0.317435 0.426703 0.317878 0.423143 0.317111 0.422756 0.316448 0.421739 0.316229 0.420312 0.313028 0.420433 0.312476 0.420046 0.311813 0.420289 0.310708 0.419902 0.310046 0.420509 0.307284 0.421138 0.306841 0.422762 0.304298 0.423271 0.304408 0.424530 0.303522 0.425039 0.303632 0.425669 0.303189 0.426686 0.303408 0.427316 0.302965
0 0.429967 0.382020 0.430594 0.384662 0.429792 0.388152 0.427991 0.390695 0.425226 0.391487 0.422093 0.391043 0.419495 0.389943 0.417674 0.387891 0.417712 0.384969 0.418191 0.382142 0.419944 0.379820 0.421920 0.378058 0.424584 0.378054 0.427127 0.378602 0.428903 0.379593
0 0.420668 0.399135 0.421295 0.401776 0.420492 0.405267 0.418691 0.407809 0.415926 0.408601 0.412794 0.408157 0.410196 0.407057 0.408374 0.405006 0.408413 0.402084 0.408892 0.399256 0.410644 0.396935 0.412621 0.395173 0.415285 0.395169 0.417827 0.395717 0.419604 0.396707
0 0.589056 0.399745 0.589683 0.402386 0.588880 0.405876 0.587080 0.408419 0.584315 0.409211 0.581182 0.408767 0.578584 0.407667 0.576763 0.405616 0.576801 0.402694 0.577280 0.399866 0.579032 0.397545 0.581009 0.395782 0.583673 0.395778 0.586216 0.396326 0.587992 0.397317
0 0.455998 0.312164 0.457742 0.312309 0.459546 0.312659 0.461327 0.314085 0.462639 0.315948 0.462200 0.319402 0.460821 0.320993 0.458919 0.321895 0.456566 0.322428 0.454555 0.321746 0.453151 0.320865 0.451989 0.318878 0.451966 0.316462 0.452997 0.313869 0.454691 0.312461
0 0.473460 0.339321 0.475203 0.339465 0.477007 0.339816 0.478788 0.341241 0.480101 0.343105 0.479662 0.346558 0.478282 0.348150 0.476381 0.349051 0.474027 0.349585 0.472017 0.348902 0.470612 0.348021 0.469451 0.346035 0.469428 0.343618 0.470459 0.341026 0.472152 0.339617
0 0.425374 0.345651 0.427116 0.345795 0.428921 0.346146 0.430702 0.347571 0.432014 0.349435 0.431575 0.352888 0.430196 0.354480 0.428294 0.355381 0.425940 0.355915 0.423930 0.355233 0.422526 0.354352 0.421365 0.352365 0.421341 0.349949 0.422372 0.347356 0.424066 0.345948
0 0.609518 0.260909 0.611262 0.261053 0.613066 0.261403 0.614847 0.262829 0.616159 0.264693 0.615720 0.268146 0.614341 0.269738 0.612439 0.270639 0.610086 0.271173 0.608075 0.270491 0.606671 0.269609 0.605510 0.267623 0.605486 0.265207 0.606517 0.262614 0.608211 0.261205
0 0.581964 0.377571 0.583708 0.377715 0.585512 0.378066 0.587293 0.379491 0.588605 0.381355 0.588166 0.384808 0.586787 0.386400 0.584885 0.387301 0.582532 0.387835 0.580521 0.387152 0.579117 0.386271 0.577956 0.384285 0.577932 0.381869 0.578963 0.379276 0.580657 0.377867
0 0.558979 0.164883 0.559366 0.165545 0.560892 0.165874 0.564596 0.168409 0.566531 0.171720 0.567063 0.174149 0.566600 0.178678 0.566987 0.179341 0.565652 0.185418 0.561752 0.188627 0.558337 0.189627 0.557320 0.189408 0.555043 0.190074 0.547537 0.187877 0.545746 0.186333 0.544440 0.182580 0.544683 0.181475 0.544296 0.180813 0.545024 0.177498 0.544637 0.176836 0.545267 0.176393 0.546116 0.172525 0.551762 0.166220 0.555177 0.165221 0.558349 0.165326
0 0.661321 0.207517 0.663064 0.207661 0.664868 0.208012 0.666650 0.209437 0.667962 0.211301 0.667523 0.214754 0.666143 0.216346 0.664242 0.217247 0.661888 0.217780 0.659877 0.217099 0.658473 0.216217 0.657312 0.214231 0.657289 0.211815 0.658320 0.209222 0.660013 0.207813
0 0.756971 0.171563 0.758714 0.171708 0.760518 0.172058 0.762300 0.173484 0.763611 0.175347 0.763173 0.178800 0.761793 0.180392 0.759892 0.181293 0.757538 0.181827 0.755527 0.181145 0.754123 0.180264 0.752962 0.178277 0.752939 0.175861 0.753970 0.173268 0.755663 0.171859
0 0.879755 0.205726 0.882442 0.208041 0.885539 0.213338 0.885949 0.216320 0.884857 0.221292 0.882482 0.224831 0.878194 0.227378 0.874270 0.228268 0.873883 0.227606 0.868290 0.226400 0.866499 0.224856 0.863523 0.219007 0.863766 0.217902 0.863378 0.217240 0.864956 0.210057 0.865586 0.209615 0.865829 0.208510 0.870746 0.205519 0.873023 0.204853 0.877599 0.205840 0.878229 0.205397
0 0.952797 0.520269 0.953184 0.520931 0.954588 0.521813 0.955750 0.523799 0.955507 0.524904 0.956547 0.527443 0.955819 0.530758 0.955189 0.531201 0.954946 0.532306 0.954316 0.532749 0.953952 0.534406 0.949665 0.536953 0.946614 0.536295 0.945984 0.536738 0.942933 0.536080 0.942546 0.535418 0.942037 0.535309 0.940102 0.531998 0.940344 0.530893 0.939957 0.530231 0.940200 0.529126 0.939813 0.528464 0.940784 0.524044 0.942043 0.523158 0.942165 0.522606 0.944297 0.520172 0.944805 0.520282 0.946065 0.519396 0.949625 0.520164 0.950255 0.519721
0 0.927950 0.566052 0.928337 0.566714 0.929741 0.567596 0.930902 0.569582 0.930660 0.570687 0.931700 0.573226 0.930971 0.576541 0.930342 0.576984 0.930099 0.578089 0.929469 0.578532 0.929105 0.580189 0.924817 0.582736 0.921766 0.582079 0.921136 0.582521 0.918086 0.581864 0.917698 0.581201 0.917190 0.581092 0.915254 0.577781 0.915497 0.576676 0.915110 0.576014 0.915353 0.574909 0.914966 0.574247 0.915936 0.569827 0.917196 0.568941 0.917317 0.568389 0.919450 0.565955 0.919958 0.566065 0.921218 0.565179 0.924778 0.565947 0.925407 0.565504
0 0.744526 0.577029 0.747831 0.577742 0.748218 0.578404 0.749236 0.578623 0.751801 0.581491 0.753350 0.584140 0.753107 0.585245 0.753638 0.587674 0.751575 0.597066 0.750945 0.597509 0.750703 0.598614 0.748813 0.599942 0.747796 0.599723 0.745519 0.600390 0.743994 0.600061 0.743364 0.600504 0.736245 0.598968 0.732154 0.595772 0.730606 0.593123 0.730704 0.590251 0.730317 0.589589 0.731409 0.584617 0.732039 0.584174 0.732403 0.582516 0.733033 0.582073 0.734148 0.579421 0.741221 0.576316
0 0.937940 0.725142 0.941245 0.725855 0.941632 0.726517 0.942649 0.726736 0.945215 0.729604 0.946763 0.732253 0.946520 0.733358 0.947052 0.735787 0.944989 0.745179 0.944359 0.745622 0.944116 0.746727 0.942227 0.748055 0.941209 0.747836 0.938933 0.748502 0.937407 0.748174 0.936777 0.748616 0.929659 0.747081 0.925568 0.743885 0.924019 0.741236 0.924117 0.738364 0.923730 0.737702 0.924823 0.732729 0.925452 0.732287 0.925817 0.730629 0.926446 0.730186 0.927562 0.727534 0.934635 0.724429
0 0.998397 0.741284 0.998397 0.741947 0.998397 0.742276 0.998397 0.743709 0.998397 0.744262 0.998397 0.744924 0.998397 0.746029 0.998397 0.746691 0.998397 0.748349 0.998397 0.749011 0.998397 0.752326 0.998397 0.752769 0.998397 0.753873 0.998397 0.754316 0.998397 0.754869 0.998397 0.755755 0.998397 0.755645 0.998397 0.756088 0.998397 0.755868 0.998397 0.756311 0.998397 0.755982 0.998397 0.756425 0.998397 0.755877 0.998397 0.755215 0.998397 0.754995 0.998397 0.754333 0.998397 0.754224 0.998397 0.752237 0.998397 0.751132 0.998397 0.750470 0.998397 0.749365 0.998397 0.748703 0.998397 0.744060 0.998397 0.743174 0.998397 0.742621 0.998397 0.741736 0.998397 0.741183 0.998397 0.741293 0.998397 0.740407
0 0.998397 0.784991 0.998397 0.785653 0.998397 0.785982 0.998397 0.787416 0.998397 0.787968 0.998397 0.788630 0.998397 0.789735 0.998397 0.790397 0.998397 0.792055 0.998397 0.792717 0.998397 0.796032 0.998397 0.796475 0.998397 0.797580 0.998397 0.798023 0.998397 0.798575 0.998397 0.799461 0.998397 0.799351 0.998397 0.799794 0.998397 0.799575 0.998397 0.800017 0.998397 0.799689 0.998397 0.800131 0.998397 0.799583 0.998397 0.798921 0.998397 0.798702 0.998397 0.798040 0.998397 0.797930 0.998397 0.795944 0.998397 0.794839 0.998397 0.794176 0.998397 0.793071 0.998397 0.792409 0.998397 0.787766 0.998397 0.786880 0.998397 0.786328 0.998397 0.785442 0.998397 0.784890 0.998397 0.784999 0.998397 0.784113
0 0.944400 0.810014 0.944788 0.810676 0.945296 0.810786 0.946845 0.813435 0.946723 0.813987 0.947110 0.814649 0.946746 0.816307 0.947133 0.816969 0.946769 0.818626 0.944007 0.821503 0.943499 0.821393 0.942869 0.821836 0.941852 0.821617 0.941222 0.822059 0.940205 0.821840 0.939818 0.821178 0.937784 0.820739 0.937397 0.820077 0.936380 0.819858 0.935993 0.819196 0.935484 0.819086 0.935097 0.818424 0.935218 0.817872 0.934444 0.816547 0.935051 0.813785 0.935681 0.813342 0.936045 0.811685 0.936675 0.811242 0.936796 0.810689 0.938056 0.809804 0.939073 0.810023 0.939703 0.809580 0.940720 0.809799 0.941350 0.809357
0 0.896540 0.764628 0.896927 0.765290 0.897436 0.765400 0.898984 0.768048 0.898863 0.768601 0.899250 0.769263 0.898886 0.770920 0.899273 0.771582 0.898909 0.773240 0.896147 0.776116 0.895638 0.776006 0.895009 0.776449 0.893992 0.776230 0.893362 0.776673 0.892345 0.776453 0.891958 0.775791 0.889924 0.775353 0.889536 0.774691 0.888519 0.774471 0.888132 0.773809 0.887624 0.773700 0.887237 0.773037 0.887358 0.772485 0.886584 0.771161 0.887191 0.768398 0.887821 0.767955 0.888185 0.766298 0.888815 0.765855 0.888936 0.765303 0.890196 0.764417 0.891212 0.764636 0.891842 0.764193 0.892859 0.764413 0.893489 0.763970
0 0.775617 0.699098 0.776005 0.699760 0.776513 0.699869 0.778062 0.702518 0.777940 0.703070 0.778328 0.703732 0.777963 0.705390 0.778350 0.706052 0.777986 0.707709 0.775224 0.710586 0.774716 0.710476 0.774086 0.710919 0.773069 0.710700 0.772439 0.711143 0.771422 0.710923 0.771035 0.710261 0.769001 0.709823 0.768614 0.709160 0.767597 0.708941 0.767210 0.708279 0.766701 0.708169 0.766314 0.707507 0.766436 0.706955 0.765661 0.705630 0.766268 0.702868 0.766898 0.702425 0.767262 0.700768 0.767892 0.700325 0.768013 0.699772 0.769273 0.698887 0.770290 0.699106 0.770920 0.698663 0.771937 0.698883 0.772567 0.698440
0 0.788536 0.658882 0.788923 0.659544 0.789432 0.659653 0.790980 0.662302 0.790859 0.662854 0.791246 0.663517 0.790882 0.665174 0.791269 0.665836 0.790905 0.667494 0.788143 0.670370 0.787634 0.670260 0.787004 0.670703 0.785987 0.670484 0.785358 0.670927 0.784341 0.670707 0.783953 0.670045 0.781920 0.669607 0.781532 0.668945 0.780515 0.668725 0.780128 0.668063 0.779620 0.667953 0.779233 0.667291 0.779354 0.666739 0.778580 0.665415 0.779187 0.662652 0.779816 0.662209 0.780181 0.660552 0.780810 0.660109 0.780932 0.659557 0.782192 0.658671 0.783208 0.658890 0.783838 0.658447 0.784855 0.658667 0.785485 0.658224
0 0.740560 0.675572 0.740947 0.676235 0.741455 0.676344 0.743004 0.678993 0.742883 0.679545 0.743270 0.680207 0.742906 0.681865 0.743293 0.682527 0.742929 0.684184 0.740166 0.687061 0.739658 0.686951 0.739028 0.687394 0.738011 0.687175 0.737381 0.687617 0.736364 0.687398 0.735977 0.686736 0.733943 0.686297 0.733556 0.685635 0.732539 0.685416 0.732152 0.684754 0.731644 0.684644 0.731256 0.683982 0.731378 0.683430 0.730604 0.682105 0.731210 0.679343 0.731840 0.678900 0.732204 0.677243 0.732834 0.676800 0.732956 0.676247 0.734215 0.675362 0.735232 0.675581 0.735862 0.675138 0.736879 0.675357 0.737509 0.674915
0 0.818712 0.597578 0.819099 0.598240 0.819607 0.598349 0.821156 0.600998 0.821035 0.601550 0.821422 0.602212 0.821058 0.603870 0.821445 0.604532 0.821081 0.606190 0.818318 0.609066 0.817810 0.608956 0.817180 0.609399 0.816163 0.609180 0.815533 0.609623 0.814516 0.609403 0.814129 0.608741 0.812095 0.608303 0.811708 0.607641 0.810691 0.607421 0.810304 0.606759 0.809795 0.606649 0.809408 0.605987 0.809530 0.605435 0.808755 0.604111 0.809362 0.601348 0.809992 0.600905 0.810356 0.599248 0.810986 0.598805 0.811107 0.598253 0.812367 0.597367 0.813384 0.597586 0.814014 0.597143 0.815031 0.597363 0.815661 0.596920
0 0.887422 0.648707 0.887809 0.649369 0.888317 0.649479 0.889866 0.652127 0.889744 0.652680 0.890131 0.653342 0.889767 0.654999 0.890155 0.655662 0.889790 0.657319 0.887028 0.660195 0.886520 0.660086 0.885890 0.660529 0.884873 0.660309 0.884243 0.660752 0.883226 0.660533 0.882839 0.659871 0.880805 0.659432 0.880418 0.658770 0.879401 0.658551 0.879014 0.657888 0.878505 0.657779 0.878118 0.657117 0.878240 0.656564 0.877465 0.655240 0.878072 0.652478 0.878702 0.652035 0.879066 0.650377 0.879696 0.649934 0.879817 0.649382 0.881077 0.648496 0.882094 0.648716 0.882724 0.648273 0.883741 0.648492 0.884371 0.648049
0 0.769581 0.578658 0.769968 0.579320 0.770476 0.579430 0.772025 0.582079 0.771904 0.582631 0.772291 0.583293 0.771927 0.584951 0.772314 0.585613 0.771950 0.587270 0.769187 0.590147 0.768679 0.590037 0.768049 0.590480 0.767032 0.590261 0.766402 0.590703 0.765385 0.590484 0.764998 0.589822 0.762964 0.589383 0.762577 0.588721 0.761560 0.588502 0.761173 0.587840 0.760664 0.587730 0.760277 0.587068 0.760399 0.586516 0.759624 0.585191 0.760231 0.582429 0.760861 0.581986 0.761225 0.580329 0.761855 0.579886 0.761976 0.579333 0.763236 0.578448 0.764253 0.578667 0.764883 0.578224 0.765900 0.578443 0.766530 0.578000
0 0.733285 0.626792 0.733672 0.627454 0.734181 0.627564 0.735729 0.630212 0.735608 0.630765 0.735995 0.631427 0.735631 0.633084 0.736018 0.633746 0.735654 0.635404 0.732892 0.638280 0.732383 0.638170 0.731753 0.638613 0.730736 0.638394 0.730106 0.638837 0.729089 0.638618 0.728702 0.637955 0.726668 0.637517 0.726281 0.636855 0.725264 0.636635 0.724877 0.635973 0.724369 0.635864 0.723981 0.635201 0.724103 0.634649 0.723329 0.633325 0.723935 0.630562 0.724565 0.630120 0.724929 0.628462 0.725559 0.628019 0.725681 0.627467 0.726940 0.626581 0.727957 0.626800 0.728587 0.626358 0.729604 0.626577 0.730234 0.626134
0 0.925536 0.611784 0.925923 0.612446 0.926432 0.612556 0.927980 0.615205 0.927859 0.615757 0.928246 0.616419 0.927882 0.618077 0.928269 0.618739 0.927905 0.620396 0.925143 0.623273 0.924634 0.623163 0.924004 0.623606 0.922988 0.623386 0.922358 0.623829 0.921341 0.623610 0.920954 0.622948 0.918920 0.622509 0.918532 0.621847 0.917515 0.621628 0.917128 0.620966 0.916620 0.620856 0.916233 0.620194 0.916354 0.619641 0.915580 0.618317 0.916187 0.615555 0.916817 0.615112 0.917181 0.613454 0.917810 0.613012 0.917932 0.612459 0.919192 0.611574 0.920208 0.611793 0.920838 0.611350 0.921855 0.611569 0.922485 0.611126
0 0.899953 0.637696 0.900340 0.638358 0.900849 0.638468 0.902397 0.641116 0.902276 0.641669 0.902663 0.642331 0.902299 0.643989 0.902686 0.644651 0.902322 0.646308 0.899560 0.649185 0.899051 0.649075 0.898421 0.649518 0.897404 0.649298 0.896774 0.649741 0.895757 0.649522 0.895370 0.648860 0.893336 0.648421 0.892949 0.647759 0.891932 0.647540 0.891545 0.646878 0.891037 0.646768 0.890649 0.646106 0.890771 0.645553 0.889996 0.644229 0.890603 0.641467 0.891233 0.641024 0.891597 0.639366 0.892227 0.638924 0.892348 0.638371 0.893608 0.637485 0.894625 0.637705 0.895255 0.637262 0.896272 0.637481 0.896902 0.637038
0 0.821461 0.673703 0.821849 0.674365 0.822865 0.674584 0.823253 0.675247 0.824657 0.676128 0.825431 0.677452 0.825188 0.678557 0.825575 0.679219 0.825454 0.679772 0.825841 0.680434 0.825598 0.681539 0.825986 0.682201 0.825356 0.682644 0.824628 0.685959 0.822108 0.687730 0.821600 0.687620 0.818693 0.688730 0.816659 0.688291 0.816272 0.687629 0.815255 0.687410 0.814868 0.686748 0.813464 0.685866 0.812689 0.684542 0.812181 0.684432 0.812302 0.683880 0.811915 0.683218 0.812158 0.682113 0.811771 0.681450 0.812135 0.679793 0.811748 0.679131 0.812378 0.678688 0.812742 0.677031 0.813372 0.676588 0.813614 0.675483 0.814874 0.674597 0.815383 0.674707 0.818289 0.673597 0.819815 0.673926 0.820444 0.673484
0 0.801230 0.612878 0.801617 0.613540 0.802634 0.613759 0.803021 0.614421 0.804425 0.615303 0.805200 0.616627 0.804957 0.617732 0.805344 0.618394 0.805223 0.618946 0.805610 0.619609 0.805367 0.620714 0.805754 0.621376 0.805124 0.621818 0.804396 0.625133 0.801877 0.626905 0.801368 0.626795 0.798462 0.627904 0.796428 0.627466 0.796041 0.626804 0.795024 0.626584 0.794637 0.625922 0.793232 0.625041 0.792458 0.623716 0.791950 0.623607 0.792071 0.623054 0.791684 0.622392 0.791927 0.621287 0.791540 0.620625 0.791904 0.618968 0.791517 0.618306 0.792146 0.617863 0.792510 0.616205 0.793140 0.615762 0.793383 0.614657 0.794643 0.613772 0.795151 0.613881 0.798058 0.612772 0.799583 0.613101 0.800213 0.612658
0 0.881205 0.768260 0.881592 0.768922 0.882101 0.769032 0.882875 0.770356 0.882632 0.771461 0.883019 0.772123 0.882655 0.773781 0.883042 0.774443 0.882921 0.774995 0.882291 0.775438 0.881806 0.777648 0.881176 0.778091 0.881054 0.778644 0.880424 0.779086 0.879916 0.778977 0.878148 0.779753 0.877639 0.779643 0.877252 0.778981 0.875727 0.778652 0.875340 0.777990 0.874323 0.777771 0.873936 0.777108 0.873427 0.776999 0.872774 0.775122 0.873867 0.770150 0.874496 0.769707 0.874618 0.769154 0.875126 0.769264 0.876386 0.768378 0.877403 0.768598 0.878033 0.768155 0.879050 0.768374 0.879680 0.767931
0 0.881840 0.757457 0.882228 0.758119 0.882736 0.758228 0.883510 0.759553 0.883268 0.760658 0.883655 0.761320 0.883291 0.762977 0.883678 0.763639 0.883556 0.764192 0.882927 0.764635 0.882441 0.766845 0.881811 0.767287 0.881690 0.767840 0.881060 0.768283 0.880551 0.768173 0.878783 0.768949 0.878275 0.768840 0.877888 0.768177 0.876362 0.767848 0.875975 0.767186 0.874958 0.766967 0.874571 0.766305 0.874063 0.766195 0.873410 0.764319 0.874502 0.759346 0.875132 0.758903 0.875253 0.758351 0.875762 0.758461 0.877021 0.757575 0.878038 0.757794 0.878668 0.757351 0.879685 0.757571 0.880315 0.757128
0 0.682639 0.664023 0.683026 0.664685 0.683535 0.664794 0.685084 0.667443 0.684962 0.667995 0.685349 0.668658 0.684985 0.670315 0.685372 0.670977 0.685008 0.672635 0.682246 0.675511 0.681738 0.675401 0.681108 0.675844 0.680091 0.675625 0.679461 0.676068 0.678444 0.675848 0.678057 0.675186 0.676023 0.674748 0.675636 0.674086 0.674619 0.673866 0.674232 0.673204 0.673723 0.673095 0.673336 0.672432 0.673457 0.671880 0.672683 0.670556 0.673290 0.667793 0.673920 0.667350 0.674284 0.665693 0.674914 0.665250 0.675035 0.664698 0.676295 0.663812 0.677312 0.664031 0.677942 0.663588 0.678959 0.663808 0.679588 0.663365
0 0.716164 0.749285 0.716551 0.749947 0.717059 0.750057 0.718608 0.752705 0.718486 0.753258 0.718874 0.753920 0.718509 0.755577 0.718897 0.756239 0.718532 0.757897 0.715770 0.760773 0.715262 0.760663 0.714632 0.761106 0.713615 0.760887 0.712985 0.761330 0.711968 0.761111 0.711581 0.760448 0.709547 0.760010 0.709160 0.759348 0.708143 0.759128 0.707756 0.758466 0.707247 0.758357 0.706860 0.757695 0.706982 0.757142 0.706207 0.755818 0.706814 0.753055 0.707444 0.752612 0.707808 0.750955 0.708438 0.750512 0.708559 0.749960 0.709819 0.749074 0.710836 0.749293 0.711466 0.748851 0.712483 0.749070 0.713113 0.748627
0 0.691972 0.610413 0.692359 0.611075 0.693376 0.611295 0.694151 0.612619 0.695555 0.613500 0.696716 0.615487 0.696473 0.616592 0.696860 0.617254 0.696496 0.618911 0.696883 0.619573 0.696254 0.620016 0.696011 0.621121 0.695381 0.621564 0.695017 0.623221 0.693006 0.625102 0.692885 0.625655 0.690995 0.626983 0.690487 0.626874 0.688718 0.627650 0.686176 0.627101 0.685789 0.626439 0.684772 0.626220 0.684385 0.625558 0.683876 0.625448 0.683102 0.624124 0.683223 0.623572 0.682183 0.621033 0.683397 0.615508 0.684027 0.615065 0.685651 0.612522 0.688800 0.610308 0.689309 0.610417 0.689938 0.609975
0 0.634941 0.642636 0.635329 0.643298 0.635837 0.643408 0.637386 0.646056 0.637264 0.646609 0.637651 0.647271 0.637287 0.648928 0.637674 0.649590 0.637310 0.651248 0.634548 0.654124 0.634040 0.654015 0.633410 0.654458 0.632393 0.654238 0.631763 0.654681 0.630746 0.654462 0.630359 0.653800 0.628325 0.653361 0.627938 0.652699 0.626921 0.652480 0.626534 0.651818 0.626025 0.651708 0.625638 0.651046 0.625759 0.650493 0.624985 0.649169 0.625592 0.646407 0.626222 0.645964 0.626586 0.644306 0.627216 0.643863 0.627337 0.643311 0.628597 0.642425 0.629614 0.642645 0.630244 0.642202 0.631261 0.642421 0.631890 0.641978
0 0.620663 0.596241 0.621050 0.596904 0.621558 0.597013 0.623107 0.599662 0.622985 0.600214 0.623372 0.600876 0.623008 0.602534 0.623396 0.603196 0.623031 0.604853 0.620269 0.607730 0.619761 0.607620 0.619131 0.608063 0.618114 0.607844 0.617484 0.608286 0.616467 0.608067 0.616080 0.607405 0.614046 0.606966 0.613659 0.606304 0.612642 0.606085 0.612255 0.605423 0.611746 0.605313 0.611359 0.604651 0.611481 0.604099 0.610706 0.602774 0.611313 0.600012 0.611943 0.599569 0.612307 0.597912 0.612937 0.597469 0.613058 0.596916 0.614318 0.596031 0.615335 0.596250 0.615965 0.595807 0.616982 0.596026 0.617612 0.595583
0 0.616520 0.638389 0.616907 0.639051 0.618941 0.639490 0.619328 0.640152 0.620854 0.640481 0.621241 0.641143 0.621749 0.641253 0.623298 0.643901 0.623055 0.645006 0.623442 0.645668 0.623078 0.647326 0.623465 0.647988 0.622858 0.650750 0.622229 0.651193 0.621864 0.652851 0.621235 0.653293 0.621113 0.653846 0.619854 0.654731 0.619732 0.655284 0.617964 0.656060 0.616439 0.655731 0.615809 0.656174 0.611741 0.655297 0.611354 0.654635 0.609950 0.653753 0.609562 0.653091 0.609684 0.652538 0.607748 0.649228 0.608476 0.645913 0.608089 0.645251 0.610221 0.642817 0.610464 0.641712 0.613613 0.639498 0.614122 0.639608 0.615382 0.638722 0.615890 0.638832
0 0.543138 0.685429 0.543525 0.686091 0.545559 0.686530 0.545946 0.687192 0.547471 0.687521 0.547858 0.688183 0.548367 0.688293 0.549915 0.690941 0.549673 0.692046 0.550060 0.692709 0.549696 0.694366 0.550083 0.695028 0.549476 0.697791 0.548846 0.698233 0.548482 0.699891 0.547852 0.700334 0.547731 0.700886 0.546471 0.701772 0.546350 0.702324 0.544582 0.703100 0.543056 0.702771 0.542426 0.703214 0.538358 0.702337 0.537971 0.701675 0.536567 0.700794 0.536180 0.700131 0.536301 0.699579 0.534366 0.696268 0.535094 0.692953 0.534707 0.692291 0.536839 0.689858 0.537082 0.688753 0.540231 0.686539 0.540739 0.686648 0.541999 0.685763 0.542508 0.685872
0 0.510423 0.646944 0.510810 0.647606 0.512845 0.648045 0.513232 0.648707 0.514757 0.649036 0.515144 0.649698 0.515653 0.649808 0.517201 0.652457 0.516958 0.653561 0.517346 0.654224 0.516982 0.655881 0.517369 0.656543 0.516762 0.659306 0.516132 0.659748 0.515768 0.661406 0.515138 0.661849 0.515017 0.662401 0.513757 0.663287 0.513636 0.663839 0.511867 0.664615 0.510342 0.664286 0.509712 0.664729 0.505644 0.663852 0.505257 0.663190 0.503853 0.662309 0.503466 0.661646 0.503587 0.661094 0.501651 0.657783 0.502380 0.654468 0.501993 0.653806 0.504125 0.651373 0.504368 0.650268 0.507517 0.648054 0.508025 0.648163 0.509285 0.647278 0.509794 0.647387
0 0.512626 0.627092 0.513013 0.627754 0.515047 0.628192 0.515434 0.628855 0.516959 0.629184 0.517347 0.629846 0.517855 0.629955 0.519404 0.632604 0.519161 0.633709 0.519548 0.634371 0.519184 0.636028 0.519571 0.636691 0.518964 0.639453 0.518334 0.639896 0.517970 0.641553 0.517340 0.641996 0.517219 0.642549 0.515959 0.643434 0.515838 0.643987 0.514070 0.644763 0.512544 0.644434 0.511915 0.644877 0.507847 0.644000 0.507460 0.643337 0.506055 0.642456 0.505668 0.641794 0.505790 0.641241 0.503854 0.637931 0.504582 0.634616 0.504195 0.633954 0.506327 0.631520 0.506570 0.630415 0.509719 0.628201 0.510228 0.628311 0.511488 0.627425 0.511996 0.627535
0 0.535605 0.617505 0.535992 0.618167 0.538026 0.618605 0.538413 0.619267 0.539938 0.619596 0.540325 0.620258 0.540834 0.620368 0.542382 0.623017 0.542140 0.624122 0.542527 0.624784 0.542163 0.626441 0.542550 0.627103 0.541943 0.629866 0.541313 0.630309 0.540949 0.631966 0.540319 0.632409 0.540198 0.632961 0.538938 0.633847 0.538817 0.634400 0.537049 0.635175 0.535523 0.634847 0.534893 0.635289 0.530825 0.634412 0.530438 0.633750 0.529034 0.632869 0.528647 0.632207 0.528768 0.631654 0.526833 0.628343 0.527561 0.625029 0.527174 0.624366 0.529306 0.621933 0.529549 0.620828 0.532698 0.618614 0.533207 0.618723 0.534466 0.617838 0.534975 0.617947
0 0.556207 0.505138 0.556594 0.505800 0.558628 0.506238 0.559015 0.506900 0.560032 0.507120 0.561581 0.509768 0.562112 0.512197 0.561748 0.513855 0.562135 0.514517 0.561771 0.516174 0.561141 0.516617 0.560656 0.518827 0.559905 0.519822 0.556755 0.522037 0.555617 0.522370 0.553583 0.521931 0.552953 0.522374 0.548885 0.521497 0.547990 0.520725 0.545667 0.516752 0.545159 0.516643 0.544506 0.514766 0.545476 0.510346 0.546106 0.509903 0.546349 0.508798 0.547100 0.507803 0.547609 0.507913 0.552018 0.504813 0.553156 0.504480
0 0.540605 0.517682 0.540992 0.518344 0.543026 0.518782 0.543413 0.519444 0.544430 0.519664 0.545979 0.522312 0.546510 0.524741 0.546146 0.526399 0.546534 0.527061 0.546169 0.528719 0.545540 0.529161 0.545054 0.531371 0.544303 0.532367 0.541154 0.534581 0.540015 0.534914 0.537981 0.534475 0.537351 0.534918 0.533284 0.534041 0.532388 0.533269 0.530065 0.529297 0.529557 0.529187 0.528904 0.527310 0.529875 0.522890 0.530505 0.522447 0.530747 0.521342 0.531498 0.520347 0.532007 0.520457 0.536416 0.517357 0.537554 0.517024
0 0.519309 0.521628 0.519696 0.522290 0.521730 0.522729 0.522117 0.523391 0.523134 0.523610 0.524683 0.526259 0.525214 0.528688 0.524850 0.530346 0.525237 0.531008 0.524873 0.532665 0.524244 0.533108 0.523758 0.535318 0.523007 0.536313 0.519858 0.538527 0.518719 0.538861 0.516685 0.538422 0.516055 0.538865 0.511988 0.537988 0.511092 0.537216 0.508769 0.533243 0.508261 0.533134 0.507608 0.531257 0.508579 0.526837 0.509208 0.526394 0.509451 0.525289 0.510202 0.524294 0.510711 0.524403 0.515120 0.521303 0.516258 0.520970
0 0.548302 0.539205 0.548689 0.539868 0.549706 0.540087 0.550093 0.540749 0.550602 0.540859 0.552538 0.544169 0.552416 0.544722 0.552803 0.545384 0.551590 0.550909 0.549457 0.553342 0.548949 0.553232 0.544153 0.555670 0.541732 0.554570 0.541345 0.553907 0.540836 0.553798 0.539675 0.551811 0.539166 0.551702 0.538779 0.551040 0.538900 0.550487 0.537739 0.548501 0.537860 0.547948 0.537207 0.546071 0.538057 0.542204 0.539317 0.541318 0.539438 0.540766 0.541328 0.539437 0.541836 0.539547 0.542466 0.539104 0.543483 0.539324 0.544113 0.538881 0.545130 0.539100 0.545760 0.538657
0 0.442255 0.548794 0.442643 0.549456 0.443660 0.549675 0.444047 0.550338 0.444555 0.550447 0.444942 0.551109 0.445451 0.551219 0.446225 0.552543 0.445133 0.557516 0.444503 0.557958 0.444382 0.558511 0.443752 0.558954 0.443630 0.559506 0.442371 0.560392 0.441862 0.560282 0.440094 0.561058 0.438569 0.560729 0.438181 0.560067 0.437673 0.559958 0.437286 0.559295 0.436777 0.559186 0.434067 0.554551 0.434431 0.552893 0.435061 0.552451 0.435304 0.551346 0.435934 0.550903 0.436055 0.550350 0.436564 0.550460 0.437823 0.549574 0.438332 0.549684 0.438962 0.549241 0.439470 0.549351 0.441239 0.548575
0 0.432551 0.536201 0.432938 0.536863 0.433955 0.537082 0.434342 0.537744 0.434850 0.537854 0.435237 0.538516 0.435746 0.538625 0.436520 0.539950 0.435428 0.544922 0.434798 0.545365 0.434677 0.545917 0.434047 0.546360 0.433925 0.546913 0.432666 0.547798 0.432157 0.547689 0.430389 0.548465 0.428864 0.548136 0.428476 0.547474 0.427968 0.547364 0.427581 0.546702 0.427072 0.546592 0.424362 0.541957 0.424727 0.540300 0.425356 0.539857 0.425599 0.538752 0.426229 0.538309 0.426350 0.537757 0.426859 0.537866 0.428119 0.536981 0.428627 0.537090 0.429257 0.536648 0.429765 0.536757 0.431534 0.535981
0 0.505536 0.536496 0.505924 0.537158 0.506941 0.537377 0.507328 0.538040 0.507836 0.538149 0.508223 0.538811 0.508732 0.538921 0.509506 0.540245 0.508414 0.545218 0.507784 0.545660 0.507663 0.546213 0.507033 0.546656 0.506911 0.547208 0.505652 0.548094 0.505143 0.547984 0.503375 0.548760 0.501850 0.548431 0.501462 0.547769 0.500954 0.547660 0.500567 0.546997 0.500058 0.546888 0.497348 0.542253 0.497712 0.540595 0.498342 0.540153 0.498585 0.539048 0.499215 0.538605 0.499336 0.538052 0.499845 0.538162 0.501104 0.537276 0.501613 0.537386 0.502243 0.536943 0.502751 0.537053 0.504520 0.536277
0 0.655563 0.557447 0.656002 0.560991 0.653968 0.562903 0.651630 0.563786 0.648827 0.563296 0.647475 0.561740 0.647168 0.558799 0.648794 0.556217 0.651013 0.555028 0.653766 0.555507
0 0.653933 0.620438 0.654371 0.623982 0.652338 0.625895 0.650000 0.626777 0.647196 0.626288 0.645845 0.624731 0.645538 0.621790 0.647164 0.619208 0.649383 0.618020 0.652136 0.618498
0 0.727795 0.545293 0.729078 0.546727 0.730095 0.546946 0.730482 0.547608 0.731887 0.548489 0.732661 0.549814 0.732539 0.550366 0.733192 0.552243 0.732585 0.555005 0.731956 0.555448 0.730863 0.560421 0.730233 0.560863 0.728199 0.560425 0.727570 0.560868 0.725536 0.560429 0.724906 0.560872 0.723380 0.560543 0.722993 0.559881 0.721976 0.559661 0.721589 0.558999 0.720185 0.558118 0.719798 0.557456 0.719919 0.556903 0.718758 0.554917 0.718879 0.554364 0.718492 0.553702 0.718856 0.552045 0.719486 0.551602 0.719971 0.549392 0.721231 0.548506 0.721353 0.547954 0.722612 0.547068 0.722734 0.546516 0.723363 0.546073 0.725010 0.545849 0.726270 0.544964
0 0.788858 0.546883 0.790141 0.548317 0.791158 0.548536 0.791545 0.549198 0.792949 0.550080 0.793723 0.551404 0.793602 0.551957 0.794255 0.553833 0.793648 0.556596 0.793018 0.557038 0.791926 0.562011 0.791296 0.562454 0.789262 0.562015 0.788632 0.562458 0.786598 0.562019 0.785968 0.562462 0.784443 0.562133 0.784056 0.561471 0.783039 0.561252 0.782652 0.560590 0.781248 0.559708 0.780860 0.559046 0.780982 0.558494 0.779820 0.556507 0.779942 0.555955 0.779555 0.555293 0.779919 0.553635 0.780549 0.553192 0.781034 0.550982 0.782294 0.550097 0.782415 0.549544 0.783675 0.548659 0.783796 0.548106 0.784426 0.547663 0.786073 0.547440 0.787333 0.546554
0 0.644135 0.518434 0.644522 0.519096 0.645031 0.519205 0.645805 0.520530 0.645563 0.521635 0.645950 0.522297 0.645586 0.523954 0.645973 0.524616 0.645851 0.525169 0.645221 0.525612 0.644736 0.527822 0.644106 0.528264 0.643985 0.528817 0.643355 0.529260 0.642846 0.529150 0.641078 0.529926 0.640570 0.529817 0.640183 0.529154 0.638657 0.528825 0.638270 0.528163 0.637253 0.527944 0.636866 0.527282 0.636357 0.527172 0.635705 0.525295 0.636797 0.520323 0.637427 0.519880 0.637548 0.519328 0.638057 0.519437 0.639316 0.518552 0.640333 0.518771 0.640963 0.518328 0.641980 0.518548 0.642610 0.518105
0 0.748389 0.541873 0.748776 0.542535 0.749284 0.542645 0.750059 0.543969 0.749816 0.545074 0.750203 0.545736 0.749839 0.547394 0.750226 0.548056 0.750105 0.548608 0.749475 0.549051 0.748989 0.551261 0.748360 0.551704 0.748238 0.552257 0.747608 0.552699 0.747100 0.552590 0.745332 0.553366 0.744823 0.553256 0.744436 0.552594 0.742911 0.552265 0.742523 0.551603 0.741506 0.551384 0.741119 0.550721 0.740611 0.550612 0.739958 0.548735 0.741050 0.543763 0.741680 0.543320 0.741802 0.542768 0.742310 0.542877 0.743570 0.541991 0.744587 0.542211 0.745216 0.541768 0.746233 0.541987 0.746863 0.541544
0 0.792786 0.495561 0.793173 0.496223 0.793681 0.496332 0.794455 0.497657 0.794213 0.498762 0.794600 0.499424 0.794236 0.501081 0.794623 0.501743 0.794502 0.502296 0.793872 0.502739 0.793386 0.504949 0.792756 0.505391 0.792635 0.505944 0.792005 0.506387 0.791497 0.506277 0.789728 0.507053 0.789220 0.506944 0.788833 0.506281 0.787307 0.505952 0.786920 0.505290 0.785903 0.505071 0.785516 0.504409 0.785008 0.504299 0.784355 0.502423 0.785447 0.497450 0.786077 0.497007 0.786198 0.496455 0.786707 0.496565 0.787966 0.495679 0.788983 0.495898 0.789613 0.495455 0.790630 0.495675 0.791260 0.495232
0 0.667870 0.562767 0.668257 0.563430 0.668765 0.563539 0.670314 0.566188 0.670192 0.566740 0.670579 0.567402 0.670215 0.569060 0.670603 0.569722 0.670238 0.571379 0.667476 0.574256 0.666968 0.574146 0.666338 0.574589 0.665321 0.574370 0.664691 0.574812 0.663674 0.574593 0.663287 0.573931 0.661253 0.573492 0.660866 0.572830 0.659849 0.572611 0.659462 0.571949 0.658953 0.571839 0.658566 0.571177 0.658687 0.570625 0.657913 0.569300 0.658520 0.566538 0.659150 0.566095 0.659514 0.564438 0.660144 0.563995 0.660265 0.563442 0.661525 0.562557 0.662542 0.562776 0.663172 0.562333 0.664189 0.562552 0.664819 0.562110
0 0.670729 0.529289 0.671116 0.529951 0.673150 0.530390 0.673537 0.531052 0.674554 0.531271 0.674941 0.531933 0.676345 0.532815 0.676224 0.533367 0.677385 0.535354 0.677143 0.536459 0.677530 0.537121 0.677287 0.538226 0.677674 0.538888 0.677310 0.540545 0.676680 0.540988 0.676316 0.542646 0.675686 0.543088 0.674571 0.545741 0.673941 0.546184 0.673820 0.546736 0.673311 0.546627 0.672681 0.547070 0.668613 0.546193 0.667983 0.546635 0.665950 0.546197 0.665562 0.545535 0.664158 0.544653 0.664280 0.544101 0.662465 0.540238 0.663436 0.535818 0.664066 0.535375 0.664309 0.534270 0.664939 0.533827 0.665811 0.532279 0.667701 0.530951 0.667822 0.530398 0.670220 0.529179
0 0.645984 0.541678 0.646371 0.542340 0.646880 0.542450 0.647654 0.543774 0.647411 0.544879 0.647798 0.545541 0.647434 0.547199 0.647821 0.547861 0.647700 0.548413 0.647070 0.548856 0.646585 0.551066 0.645955 0.551509 0.645834 0.552061 0.645204 0.552504 0.644695 0.552395 0.642927 0.553171 0.642419 0.553061 0.642031 0.552399 0.640506 0.552070 0.640119 0.551408 0.639102 0.551189 0.638715 0.550526 0.638206 0.550417 0.637553 0.548540 0.638646 0.543568 0.639275 0.543125 0.639397 0.542572 0.639905 0.542682 0.641165 0.541796 0.642182 0.542016 0.642812 0.541573 0.643829 0.541792 0.644459 0.541349
0 0.654283 0.484164 0.654670 0.484826 0.655178 0.484936 0.656727 0.487584 0.656605 0.488137 0.656992 0.488799 0.656628 0.490456 0.657015 0.491119 0.656651 0.492776 0.653889 0.495652 0.653381 0.495543 0.652751 0.495986 0.651734 0.495766 0.651104 0.496209 0.650087 0.495990 0.649700 0.495328 0.647666 0.494889 0.647279 0.494227 0.646262 0.494008 0.645875 0.493346 0.645366 0.493236 0.644979 0.492574 0.645100 0.492021 0.644326 0.490697 0.644933 0.487935 0.645563 0.487492 0.645927 0.485834 0.646557 0.485391 0.646678 0.484839 0.647938 0.483953 0.648955 0.484173 0.649585 0.483730 0.650602 0.483949 0.651232 0.483506
0 0.419721 0.567607 0.420108 0.568269 0.421125 0.568488 0.421512 0.569151 0.422916 0.570032 0.424852 0.573343 0.424730 0.573895 0.425117 0.574557 0.424025 0.579530 0.420246 0.582187 0.419738 0.582077 0.419108 0.582520 0.418091 0.582301 0.417461 0.582743 0.413393 0.581866 0.413006 0.581204 0.410463 0.580656 0.409810 0.578779 0.410175 0.577122 0.409787 0.576460 0.411001 0.570935 0.411631 0.570492 0.411874 0.569387 0.412504 0.568944 0.412625 0.568392 0.414393 0.567616 0.415918 0.567945 0.416548 0.567502 0.418582 0.567940 0.419212 0.567497
0 0.408144 0.482264 0.410941 0.482867 0.415419 0.486726 0.416967 0.489375 0.418030 0.494233 0.417689 0.498210 0.418076 0.498872 0.416233 0.504840 0.413349 0.508269 0.411460 0.509597 0.408166 0.510044 0.406132 0.509606 0.405502 0.510049 0.398505 0.507961 0.396714 0.506418 0.395552 0.504431 0.393062 0.496372 0.394374 0.487975 0.396119 0.484879 0.403192 0.481775 0.404718 0.482104 0.405347 0.481661
0 0.433269 0.477325 0.434043 0.478649 0.434552 0.478759 0.435326 0.480083 0.435205 0.480636 0.437140 0.483946 0.436169 0.488366 0.434037 0.490800 0.433794 0.491905 0.431275 0.493676 0.430258 0.493457 0.429628 0.493900 0.425560 0.493023 0.425173 0.492360 0.422631 0.491812 0.421082 0.489164 0.421325 0.488059 0.420938 0.487397 0.421180 0.486292 0.420793 0.485629 0.421764 0.481210 0.422394 0.480767 0.423267 0.479219 0.424526 0.478333 0.424648 0.477781 0.425156 0.477890 0.426416 0.477005 0.427941 0.477334 0.428571 0.476891 0.430605 0.477329 0.431235 0.476887
0 0.644402 0.468867 0.644789 0.469530 0.645806 0.469749 0.646194 0.470411 0.647211 0.470630 0.647598 0.471292 0.648106 0.471402 0.648880 0.472726 0.648638 0.473831 0.649025 0.474493 0.648175 0.478361 0.647545 0.478804 0.647060 0.481014 0.644541 0.482785 0.644032 0.482675 0.642264 0.483451 0.639213 0.482794 0.637277 0.479483 0.637399 0.478930 0.637012 0.478268 0.637254 0.477163 0.636867 0.476501 0.637110 0.475396 0.636723 0.474734 0.637694 0.470314 0.638323 0.469871 0.638832 0.469981 0.640092 0.469095 0.640600 0.469205 0.641230 0.468762 0.642247 0.468981 0.642877 0.468539
0 0.722129 0.433819 0.722568 0.437363 0.720535 0.439275 0.718197 0.440158 0.715393 0.439668 0.714041 0.438112 0.713735 0.435171 0.715361 0.432589 0.717580 0.431400 0.720333 0.431879
0 0.208749 0.440764 0.209538 0.442332 0.209534 0.444458 0.208306 0.446767 0.205400 0.446868 0.203410 0.445376 0.203261 0.442770 0.204529 0.440749 0.206377 0.440308
0 0.202109 0.434974 0.202898 0.436543 0.202894 0.438669 0.201666 0.440977 0.198760 0.441078 0.196770 0.439586 0.196621 0.436980 0.197889 0.434959 0.199737 0.434519
0 0.066815 0.618082 0.067202 0.618744 0.069501 0.620398 0.070276 0.621722 0.070033 0.622827 0.070686 0.624704 0.070079 0.627466 0.069449 0.627909 0.069085 0.629566 0.067195 0.630895 0.066687 0.630785 0.065427 0.631671 0.064919 0.631561 0.064289 0.632004 0.057170 0.630469 0.056540 0.630912 0.055766 0.629588 0.055887 0.629035 0.055500 0.628373 0.055864 0.626715 0.055477 0.626053 0.056107 0.625611 0.056592 0.623401 0.057222 0.622958 0.058095 0.621410 0.059355 0.620524 0.060227 0.618976 0.060857 0.618534 0.061366 0.618643 0.062625 0.617758 0.063642 0.617977 0.064272 0.617534
0 0.081573 0.560747 0.081960 0.561409 0.084260 0.563063 0.085034 0.564387 0.084792 0.565492 0.085444 0.567369 0.084838 0.570131 0.084208 0.570574 0.083844 0.572231 0.081954 0.573560 0.081446 0.573450 0.080186 0.574336 0.079677 0.574226 0.079048 0.574669 0.071929 0.573134 0.071299 0.573577 0.070525 0.572253 0.070646 0.571700 0.070259 0.571038 0.070623 0.569380 0.070236 0.568718 0.070866 0.568276 0.071351 0.566065 0.071981 0.565623 0.072854 0.564075 0.074113 0.563189 0.074986 0.561641 0.075616 0.561199 0.076124 0.561308 0.077384 0.560423 0.078401 0.560642 0.079031 0.560199
0 0.373279 0.548717 0.373666 0.549380 0.374175 0.549489 0.374562 0.550151 0.375070 0.550261 0.374949 0.550813 0.375336 0.551476 0.375093 0.552581 0.375481 0.553243 0.374388 0.558215 0.373129 0.559101 0.373007 0.559653 0.371118 0.560982 0.370609 0.560872 0.369979 0.561315 0.369592 0.560653 0.367558 0.560214 0.367171 0.559552 0.366154 0.559333 0.365767 0.558671 0.364750 0.558451 0.364363 0.557789 0.364484 0.557237 0.363831 0.555360 0.364802 0.550940 0.365432 0.550497 0.365553 0.549945 0.366183 0.549502 0.366305 0.548949 0.366935 0.548507 0.368460 0.548836 0.369090 0.548393 0.371124 0.548831 0.371754 0.548388
0 0.494736 0.629402 0.495123 0.630064 0.497666 0.630612 0.498561 0.631384 0.500884 0.635356 0.500907 0.637676 0.501294 0.638338 0.500809 0.640548 0.501196 0.641210 0.500589 0.643973 0.499959 0.644415 0.498844 0.647068 0.495695 0.649282 0.494678 0.649063 0.494048 0.649506 0.493031 0.649287 0.490754 0.649953 0.488212 0.649405 0.487825 0.648743 0.486299 0.648414 0.485016 0.646980 0.483104 0.645989 0.481775 0.639916 0.482989 0.634391 0.483619 0.633948 0.483983 0.632291 0.484734 0.631295 0.487253 0.629524 0.488270 0.629743 0.490547 0.629077 0.492581 0.629515 0.493211 0.629073
0 0.653525 0.741941 0.655703 0.744147 0.659020 0.746019 0.660447 0.749220 0.661267 0.755184 0.660296 0.759604 0.658043 0.762590 0.656153 0.763918 0.653876 0.764585 0.649687 0.764260 0.649057 0.764703 0.647023 0.764264 0.646636 0.763602 0.641915 0.760848 0.640754 0.758862 0.640610 0.757095 0.639835 0.755770 0.639570 0.754556 0.640055 0.752346 0.639668 0.751684 0.640639 0.747264 0.643644 0.743282 0.647180 0.741730 0.649214 0.742169 0.651999 0.741612
0 0.998397 0.626492 0.998397 0.627204 0.998397 0.628529 0.998397 0.628638 0.998397 0.631287 0.998397 0.633716 0.998397 0.634821 0.998397 0.635483 0.998397 0.637693 0.998397 0.638355 0.998397 0.639460 0.998397 0.641451 0.998397 0.643108 0.998397 0.645656 0.998397 0.644340 0.998397 0.643678 0.998397 0.643459 0.998397 0.640700 0.998397 0.640591 0.998397 0.638714 0.998397 0.637609 0.998397 0.635732 0.998397 0.631865 0.998397 0.630427 0.998397 0.629322 0.998397 0.628327 0.998397 0.625779
