0 0.643229 0.438889 0.642708 0.439815 0.642188 0.439815 0.640625 0.442593 0.640625 0.443519 0.639583 0.445370 0.639583 0.447222 0.639062 0.448148 0.639062 0.455556 0.639583 0.456481 0.639583 0.458333 0.640625 0.460185 0.640625 0.461111 0.641146 0.461111 0.641667 0.462037 0.642188 0.462037 0.642708 0.462963 0.643229 0.462963 0.643750 0.463889 0.645833 0.463889 0.646354 0.462963 0.646875 0.462963 0.648958 0.459259 0.648958 0.458333 0.649479 0.457407 0.649479 0.456481 0.650000 0.455556 0.650000 0.452778 0.650521 0.451852 0.650521 0.450000 0.650000 0.449074 0.650000 0.446296 0.649479 0.445370 0.649479 0.444444 0.648958 0.443519 0.648958 0.442593 0.646875 0.438889
0 0.553125 0.521296 0.553125 0.525926 0.554688 0.528704 0.555208 0.528704 0.555729 0.529630 0.557813 0.529630 0.558333 0.530556 0.559896 0.530556 0.560417 0.529630 0.562500 0.529630 0.563021 0.528704 0.563542 0.528704 0.564063 0.527778 0.565104 0.527778 0.567187 0.524074 0.567187 0.523148 0.567708 0.522222 0.567708 0.520370 0.567187 0.519444 0.567187 0.518519 0.565625 0.515741 0.564583 0.515741 0.564063 0.514815 0.558854 0.514815 0.558333 0.515741 0.556771 0.515741 0.556250 0.516667 0.555729 0.516667
0 0.390104 0.467593 0.388542 0.470370 0.388542 0.471296 0.388021 0.472222 0.388021 0.473148 0.387500 0.474074 0.387500 0.480556 0.388021 0.481481 0.388021 0.483333 0.388542 0.484259 0.388542 0.485185 0.390104 0.487963 0.390625 0.487963 0.391146 0.488889 0.393750 0.488889 0.394271 0.487963 0.394792 0.487963 0.395313 0.487037 0.395313 0.486111 0.395833 0.485185 0.395833 0.483333 0.396354 0.482407 0.396354 0.476852 0.395833 0.475926 0.395833 0.474074 0.395313 0.473148 0.395313 0.472222 0.394792 0.471296 0.394792 0.470370 0.393750 0.468519 0.392708 0.468519 0.392188 0.467593
0 0.630729 0.290741 0.630208 0.291667 0.628646 0.291667 0.628125 0.292593 0.627604 0.292593 0.625521 0.296296 0.625521 0.297222 0.624479 0.299074 0.624479 0.300926 0.623958 0.301852 0.623958 0.310185 0.624479 0.311111 0.624479 0.312037 0.625000 0.312963 0.625000 0.313889 0.628125 0.319444 0.628646 0.319444 0.629167 0.320370 0.632812 0.320370 0.633333 0.319444 0.634375 0.319444 0.634896 0.318519 0.635417 0.318519 0.636979 0.315741 0.636979 0.314815 0.637500 0.313889 0.637500 0.312963 0.638021 0.312037 0.638021 0.310185 0.638542 0.309259 0.638542 0.301852 0.638021 0.300926 0.638021 0.300000 0.637500 0.299074 0.637500 0.297222 0.635417 0.293519 0.634896 0.293519 0.633854 0.291667 0.632292 0.291667 0.631771 0.290741
0 0.746354 0.525000 0.744792 0.525000 0.744271 0.524074 0.740625 0.524074 0.740104 0.525000 0.739062 0.525000 0.738542 0.525926 0.737500 0.525926 0.736458 0.527778 0.735938 0.527778 0.733333 0.532407 0.733333 0.534259 0.732812 0.535185 0.732812 0.536111 0.732292 0.537037 0.732292 0.544444 0.732812 0.545370 0.732812 0.546296 0.733333 0.547222 0.733333 0.548148 0.734375 0.550000 0.734896 0.550000 0.736458 0.552778 0.737500 0.552778 0.738021 0.553704 0.743229 0.553704 0.743750 0.552778 0.744792 0.552778 0.745833 0.550926 0.746354 0.550926 0.746875 0.550000 0.747396 0.550000 0.747917 0.549074 0.747917 0.548148 0.750000 0.544444 0.750000 0.543519 0.750521 0.542593 0.750521 0.539815 0.751042 0.538889 0.751042 0.536111 0.750521 0.535185 0.750521 0.532407 0.749479 0.530556 0.749479 0.529630 0.748437 0.527778 0.747917 0.527778
0 0.554167 0.095370 0.554167 0.096296 0.553646 0.097222 0.553646 0.103704 0.554688 0.105556 0.554688 0.107407 0.555208 0.108333 0.555729 0.108333 0.556771 0.110185 0.557292 0.110185 0.558333 0.112037 0.559375 0.112037 0.559896 0.112963 0.561979 0.112963 0.562500 0.113889 0.564583 0.113889 0.565104 0.112963 0.567187 0.112963 0.567708 0.112037 0.568229 0.112037 0.568750 0.111111 0.569271 0.111111 0.570833 0.108333 0.570833 0.107407 0.571875 0.105556 0.571875 0.103704 0.572396 0.102778 0.572396 0.100000 0.571875 0.099074 0.571875 0.098148 0.571354 0.097222 0.571354 0.096296 0.568229 0.090741 0.567187 0.090741 0.566667 0.089815 0.565625 0.089815 0.565104 0.088889 0.559375 0.088889 0.558854 0.089815 0.557813 0.089815 0.556771 0.091667 0.556250 0.091667
0 0.572396 0.484259 0.571354 0.484259 0.570833 0.483333 0.568750 0.483333 0.568229 0.482407 0.566667 0.482407 0.566146 0.483333 0.564583 0.483333 0.564063 0.484259 0.563021 0.484259 0.561979 0.486111 0.561458 0.486111 0.558854 0.490741 0.558854 0.491667 0.557813 0.493519 0.557813 0.494444 0.557292 0.495370 0.557292 0.498148 0.556771 0.499074 0.556771 0.502778 0.557292 0.503704 0.557292 0.506481 0.557813 0.507407 0.557813 0.508333 0.558333 0.509259 0.558333 0.510185 0.560937 0.514815 0.561458 0.514815 0.561979 0.515741 0.563021 0.515741 0.563542 0.516667 0.568229 0.516667 0.568750 0.515741 0.569792 0.515741 0.570312 0.514815 0.570833 0.514815 0.571354 0.513889 0.571875 0.513889 0.575000 0.508333 0.575000 0.507407 0.575521 0.506481 0.575521 0.505556 0.576042 0.504630 0.576042 0.502778 0.576562 0.501852 0.576562 0.494444 0.576042 0.493519 0.576042 0.491667 0.575000 0.489815 0.575000 0.488889
0 0.827083 0.431481 0.825521 0.434259 0.825521 0.435185 0.824479 0.437037 0.824479 0.437963 0.823958 0.438889 0.823958 0.444444 0.824479 0.445370 0.824479 0.447222 0.825000 0.448148 0.825000 0.449074 0.826562 0.451852 0.826562 0.452778 0.827083 0.452778 0.827604 0.453704 0.828125 0.453704 0.829167 0.455556 0.829688 0.455556 0.830208 0.456481 0.831771 0.456481 0.832292 0.457407 0.835938 0.457407 0.836458 0.456481 0.838021 0.456481 0.838542 0.455556 0.839063 0.455556 0.840104 0.453704 0.840625 0.453704 0.842187 0.450926 0.842187 0.450000 0.842708 0.449074 0.842708 0.448148 0.843229 0.447222 0.843229 0.441667 0.842708 0.440741 0.842708 0.438889 0.841667 0.437037 0.841667 0.435185 0.840625 0.433333 0.840104 0.433333 0.839063 0.431481 0.838542 0.431481 0.838021 0.430556 0.837500 0.430556 0.836979 0.429630 0.835938 0.429630 0.835417 0.428704 0.830208 0.428704 0.829688 0.429630 0.828646 0.429630 0.827604 0.431481
0 0.395833 0.572222 0.395833 0.579630 0.396875 0.581481 0.396875 0.582407 0.398958 0.586111 0.400000 0.586111 0.401042 0.587963 0.402083 0.587963 0.402604 0.588889 0.410417 0.588889 0.410938 0.587963 0.411458 0.587963 0.411979 0.587037 0.413021 0.587037 0.413542 0.586111 0.414062 0.586111 0.415104 0.584259 0.415625 0.584259 0.416146 0.583333 0.416146 0.582407 0.417187 0.580556 0.417187 0.579630 0.417708 0.578704 0.417708 0.572222 0.417187 0.571296 0.417187 0.570370 0.415625 0.567593 0.415625 0.566667 0.415104 0.565741 0.414583 0.565741 0.414062 0.564815 0.413542 0.564815 0.413021 0.563889 0.412500 0.563889 0.411979 0.562963 0.410417 0.562963 0.409896 0.562037 0.404167 0.562037 0.403646 0.562963 0.402604 0.562963 0.402083 0.563889 0.400521 0.563889 0.398958 0.566667 0.398438 0.566667 0.396354 0.570370 0.396354 0.571296
0 0.750000 0.933333 0.747396 0.928704 0.746875 0.928704 0.746354 0.927778 0.745313 0.927778 0.744792 0.926852 0.742188 0.926852 0.741667 0.925926 0.741146 0.926852 0.738021 0.926852 0.737500 0.927778 0.736979 0.927778 0.736458 0.928704 0.735417 0.928704 0.734375 0.930556 0.733854 0.930556 0.732292 0.933333 0.732292 0.934259 0.730729 0.937037 0.730729 0.938889 0.730208 0.939815 0.730208 0.946296 0.730729 0.947222 0.730729 0.948148 0.731250 0.949074 0.731250 0.950000 0.733333 0.953704 0.733854 0.953704 0.734375 0.954630 0.735417 0.954630 0.735938 0.955556 0.742188 0.955556 0.742708 0.954630 0.743229 0.954630 0.743750 0.953704 0.744792 0.953704 0.745313 0.952778 0.745833 0.952778 0.746875 0.950926 0.747396 0.950926 0.747917 0.950000 0.747917 0.949074 0.750000 0.945370 0.750000 0.943519 0.750521 0.942593 0.750521 0.936111 0.750000 0.935185
0 0.368229 0.366667 0.365625 0.371296 0.365625 0.372222 0.365104 0.373148 0.365104 0.374074 0.364583 0.375000 0.364583 0.378704 0.364063 0.379630 0.364063 0.381481 0.364583 0.382407 0.364583 0.386111 0.365104 0.387037 0.365104 0.387963 0.365625 0.388889 0.365625 0.390741 0.367188 0.393519 0.367188 0.394444 0.367708 0.394444 0.369792 0.398148 0.370312 0.398148 0.370833 0.399074 0.371354 0.399074 0.371875 0.400000 0.372917 0.400000 0.373437 0.400926 0.378646 0.400926 0.379167 0.400000 0.380208 0.400000 0.380729 0.399074 0.381250 0.399074 0.381771 0.398148 0.382292 0.398148 0.383854 0.395370 0.383854 0.394444 0.384375 0.393519 0.384375 0.392593 0.385417 0.390741 0.385417 0.387037 0.385937 0.386111 0.385937 0.382407 0.385417 0.381481 0.385417 0.378704 0.384896 0.377778 0.384896 0.376852 0.384375 0.375926 0.384375 0.375000 0.383333 0.373148 0.383333 0.372222 0.382812 0.372222 0.382292 0.371296 0.382292 0.370370 0.381771 0.369444 0.381250 0.369444 0.380208 0.367593 0.379688 0.367593 0.378646 0.365741 0.377604 0.365741 0.377083 0.364815 0.375000 0.364815 0.374479 0.363889 0.372917 0.363889 0.372396 0.364815 0.370833 0.364815 0.370312 0.365741 0.369271 0.365741 0.368750 0.366667
0 0.662500 0.549074 0.661979 0.550000 0.660937 0.550000 0.660417 0.550926 0.659375 0.550926 0.656771 0.555556 0.656771 0.556481 0.655729 0.558333 0.655729 0.559259 0.655208 0.560185 0.655208 0.562963 0.654687 0.563889 0.654687 0.573148 0.655208 0.574074 0.655208 0.576852 0.656250 0.578704 0.656250 0.579630 0.658333 0.583333 0.658333 0.584259 0.658854 0.584259 0.659375 0.585185 0.659896 0.585185 0.660417 0.586111 0.660937 0.586111 0.661458 0.587037 0.664583 0.587037 0.665104 0.586111 0.666146 0.586111 0.666667 0.585185 0.667188 0.585185 0.668229 0.583333 0.668750 0.583333 0.669271 0.582407 0.669271 0.581481 0.670833 0.578704 0.670833 0.577778 0.671354 0.576852 0.671354 0.575926 0.671875 0.575000 0.671875 0.571296 0.672396 0.570370 0.672396 0.563889 0.671875 0.562963 0.671875 0.560185 0.671354 0.559259 0.671354 0.558333 0.670833 0.557407 0.670833 0.556481 0.669792 0.554630 0.669792 0.553704 0.668750 0.551852 0.668229 0.551852 0.667708 0.550926 0.667188 0.550926 0.666667 0.550000 0.665625 0.550000 0.665104 0.549074
0 0.551562 0.309259 0.551042 0.310185 0.550521 0.310185 0.550000 0.311111 0.549479 0.311111 0.547396 0.314815 0.547396 0.315741 0.546354 0.317593 0.546354 0.320370 0.545833 0.321296 0.545833 0.325000 0.546354 0.325926 0.546354 0.328704 0.546875 0.329630 0.546875 0.330556 0.548438 0.333333 0.548438 0.334259 0.549479 0.336111 0.550521 0.336111 0.551562 0.337963 0.552604 0.337963 0.553125 0.338889 0.558333 0.338889 0.558854 0.337963 0.559896 0.337963 0.561458 0.335185 0.561979 0.335185 0.563542 0.332407 0.563542 0.331481 0.564063 0.330556 0.564063 0.329630 0.564583 0.328704 0.564583 0.320370 0.564063 0.319444 0.564063 0.318519 0.563542 0.317593 0.563542 0.316667 0.560417 0.311111 0.559896 0.311111 0.559375 0.310185 0.558333 0.310185 0.557813 0.309259 0.556250 0.309259 0.555729 0.308333 0.554167 0.308333 0.553646 0.309259
0 0.776563 0.920370 0.771354 0.920370 0.770833 0.921296 0.769792 0.921296 0.769271 0.922222 0.768750 0.922222 0.768229 0.923148 0.767708 0.923148 0.764583 0.928704 0.764583 0.930556 0.763542 0.932407 0.763542 0.938889 0.764062 0.939815 0.764062 0.941667 0.764583 0.942593 0.764583 0.943519 0.766146 0.946296 0.767188 0.946296 0.768229 0.948148 0.769271 0.948148 0.769792 0.949074 0.773438 0.949074 0.773958 0.948148 0.775521 0.948148 0.776042 0.947222 0.776563 0.947222 0.777083 0.946296 0.777604 0.946296 0.778125 0.945370 0.778646 0.945370 0.780729 0.941667 0.780729 0.940741 0.781771 0.938889 0.781771 0.937037 0.782292 0.936111 0.782292 0.929630 0.781771 0.928704 0.781771 0.927778 0.781250 0.926852 0.781250 0.925926 0.779687 0.923148 0.779167 0.923148 0.778125 0.921296 0.777083 0.921296
0 0.542188 0.390741 0.540104 0.390741 0.539583 0.391667 0.538021 0.391667 0.537500 0.392593 0.536979 0.392593 0.534375 0.397222 0.534375 0.398148 0.533854 0.399074 0.533854 0.401852 0.533333 0.402778 0.533333 0.404630 0.533854 0.405556 0.533854 0.408333 0.534375 0.409259 0.534375 0.410185 0.535417 0.412037 0.535937 0.412037 0.536979 0.413889 0.537500 0.413889 0.538021 0.414815 0.540104 0.414815 0.540625 0.415741 0.541146 0.414815 0.543229 0.414815 0.543750 0.413889 0.544271 0.413889 0.544792 0.412963 0.545312 0.412963 0.546875 0.410185 0.546875 0.409259 0.547396 0.408333 0.547396 0.407407 0.547917 0.406481 0.547917 0.399074 0.547396 0.398148 0.547396 0.397222 0.546875 0.396296 0.546875 0.395370 0.545312 0.392593 0.544792 0.392593 0.544271 0.391667 0.542708 0.391667
0 0.433854 0.124074 0.433854 0.125926 0.432812 0.127778 0.432812 0.134259 0.433333 0.135185 0.433333 0.136111 0.433854 0.137037 0.433854 0.137963 0.435417 0.140741 0.435937 0.140741 0.436458 0.141667 0.436979 0.141667 0.437500 0.142593 0.438021 0.142593 0.438542 0.143519 0.440104 0.143519 0.440625 0.144444 0.445312 0.144444 0.445833 0.143519 0.447396 0.143519 0.447917 0.142593 0.448437 0.142593 0.448958 0.141667 0.449479 0.141667 0.450521 0.139815 0.451042 0.139815 0.452083 0.137963 0.452083 0.137037 0.452604 0.136111 0.452604 0.135185 0.453125 0.134259 0.453125 0.128704 0.452604 0.127778 0.452604 0.126852 0.452083 0.125926 0.452083 0.125000 0.451562 0.124074 0.451562 0.123148 0.451042 0.122222 0.450521 0.122222 0.449479 0.120370 0.448437 0.120370 0.447917 0.119444 0.447396 0.119444 0.446875 0.118519 0.444792 0.118519 0.444271 0.117593 0.441667 0.117593 0.441146 0.118519 0.439063 0.118519 0.438542 0.119444 0.437500 0.119444 0.436458 0.121296 0.435937 0.121296 0.435417 0.122222 0.434896 0.122222
0 0.609896 0.545370 0.609375 0.546296 0.608333 0.546296 0.607812 0.547222 0.607292 0.547222 0.605729 0.550000 0.605208 0.550000 0.604167 0.551852 0.604167 0.552778 0.603646 0.553704 0.603646 0.554630 0.603125 0.555556 0.603125 0.556481 0.602604 0.557407 0.602604 0.566667 0.603125 0.567593 0.603125 0.568519 0.603646 0.569444 0.603646 0.570370 0.606250 0.575000 0.606771 0.575000 0.607292 0.575926 0.607812 0.575926 0.608333 0.576852 0.609896 0.576852 0.610417 0.577778 0.614062 0.577778 0.614583 0.576852 0.615625 0.576852 0.616146 0.575926 0.617188 0.575926 0.618229 0.574074 0.618750 0.574074 0.619271 0.573148 0.619271 0.572222 0.619792 0.571296 0.620313 0.571296 0.621354 0.569444 0.621354 0.568519 0.621875 0.567593 0.621875 0.565741 0.622396 0.564815 0.622396 0.556481 0.621875 0.555556 0.621875 0.554630 0.621354 0.553704 0.621354 0.552778 0.619792 0.550000 0.619792 0.549074 0.619271 0.549074 0.618229 0.547222 0.617188 0.547222 0.616667 0.546296 0.616146 0.546296 0.615625 0.545370
0 0.599479 0.821296 0.598958 0.822222 0.598437 0.822222 0.595313 0.827778 0.595313 0.828704 0.594792 0.829630 0.594792 0.831481 0.594271 0.832407 0.594271 0.843519 0.594792 0.844444 0.594792 0.846296 0.595313 0.847222 0.595313 0.848148 0.598958 0.854630 0.599479 0.854630 0.600000 0.855556 0.603646 0.855556 0.604167 0.854630 0.605208 0.854630 0.607812 0.850000 0.607812 0.849074 0.608333 0.848148 0.608333 0.847222 0.608854 0.846296 0.608854 0.844444 0.609375 0.843519 0.609375 0.834259 0.608854 0.833333 0.608854 0.831481 0.608333 0.830556 0.608333 0.829630 0.607812 0.828704 0.607812 0.827778 0.606250 0.825000 0.606250 0.824074 0.605729 0.824074 0.605208 0.823148 0.604688 0.823148 0.604167 0.822222 0.603646 0.822222 0.603125 0.821296
0 0.281771 0.540741 0.281771 0.541667 0.280729 0.543519 0.280729 0.545370 0.280208 0.546296 0.280208 0.550926 0.280729 0.551852 0.280729 0.552778 0.281250 0.553704 0.281250 0.554630 0.284375 0.560185 0.284896 0.560185 0.285938 0.562037 0.288021 0.562037 0.288542 0.562963 0.289062 0.562963 0.289583 0.562037 0.291667 0.562037 0.292708 0.560185 0.293229 0.560185 0.294792 0.557407 0.294792 0.556481 0.295312 0.555556 0.295312 0.547222 0.294271 0.545370 0.294271 0.544444 0.291667 0.539815 0.291146 0.539815 0.290625 0.538889 0.289583 0.538889 0.289062 0.537963 0.284375 0.537963 0.283854 0.538889 0.283333 0.538889 0.282292 0.540741
0 0.267708 0.519444 0.267708 0.523148 0.268229 0.524074 0.268229 0.525000 0.268750 0.525926 0.268750 0.526852 0.271354 0.531481 0.272396 0.531481 0.272917 0.532407 0.273438 0.532407 0.273958 0.533333 0.275000 0.533333 0.275521 0.534259 0.280729 0.534259 0.281250 0.533333 0.282813 0.533333 0.283333 0.532407 0.283854 0.532407 0.284375 0.531481 0.284896 0.531481 0.285417 0.530556 0.285938 0.530556 0.286979 0.528704 0.287500 0.528704 0.287500 0.527778 0.288542 0.525926 0.288542 0.525000 0.289062 0.524074 0.289062 0.523148 0.289583 0.522222 0.289583 0.517593 0.289062 0.516667 0.289062 0.515741 0.288021 0.513889 0.288021 0.512963 0.287500 0.512037 0.286979 0.512037 0.285417 0.509259 0.284896 0.509259 0.284375 0.508333 0.283333 0.508333 0.282813 0.507407 0.276042 0.507407 0.275521 0.508333 0.273958 0.508333 0.273438 0.509259 0.272917 0.509259 0.272396 0.510185 0.271875 0.510185 0.268229 0.516667 0.268229 0.518519
0 0.718750 0.462037 0.715104 0.462037 0.714583 0.462963 0.713542 0.462963 0.711458 0.466667 0.711458 0.468519 0.710938 0.469444 0.710938 0.475926 0.713021 0.479630 0.714063 0.479630 0.714583 0.480556 0.715104 0.480556 0.715625 0.479630 0.717708 0.479630 0.718750 0.477778 0.719271 0.477778 0.719792 0.476852 0.719792 0.475926 0.720833 0.474074 0.720833 0.471296 0.721354 0.470370 0.721354 0.468519 0.720833 0.467593 0.720833 0.465741
0 0.695312 0.812037 0.695312 0.814815 0.695833 0.815741 0.695833 0.816667 0.696354 0.817593 0.696354 0.818519 0.698438 0.822222 0.698958 0.822222 0.699479 0.823148 0.700000 0.823148 0.700521 0.824074 0.702083 0.824074 0.702604 0.825000 0.704688 0.825000 0.705208 0.825926 0.708333 0.825926 0.708854 0.825000 0.710938 0.825000 0.711458 0.824074 0.712500 0.824074 0.713542 0.822222 0.714583 0.822222 0.715625 0.820370 0.715625 0.819444 0.716146 0.818519 0.716146 0.817593 0.716667 0.816667 0.716667 0.812963 0.716146 0.812037 0.716146 0.811111 0.715625 0.810185 0.715625 0.809259 0.714583 0.807407 0.714063 0.807407 0.713021 0.805556 0.711979 0.805556 0.711458 0.804630 0.710938 0.804630 0.710417 0.803704 0.709375 0.803704 0.708854 0.802778 0.702083 0.802778 0.701562 0.803704 0.700000 0.803704 0.699479 0.804630 0.698958 0.804630 0.698438 0.805556 0.697917 0.805556 0.696354 0.808333 0.696354 0.809259 0.695833 0.810185 0.695833 0.811111
0 0.673958 0.109259 0.673438 0.109259 0.672917 0.108333 0.672396 0.108333 0.671875 0.107407 0.670833 0.107407 0.670312 0.106481 0.666146 0.106481 0.665625 0.107407 0.664583 0.107407 0.664062 0.108333 0.663542 0.108333 0.663021 0.109259 0.662500 0.109259 0.658854 0.115741 0.658854 0.116667 0.658333 0.117593 0.658333 0.119444 0.657813 0.120370 0.657813 0.128704 0.658333 0.129630 0.658333 0.130556 0.658854 0.131481 0.658854 0.132407 0.660417 0.135185 0.660937 0.135185 0.661458 0.136111 0.661979 0.136111 0.662500 0.137037 0.663021 0.137037 0.663542 0.137963 0.668750 0.137963 0.669271 0.137037 0.670312 0.137037 0.670833 0.136111 0.671354 0.136111 0.671875 0.135185 0.672396 0.135185 0.675521 0.129630 0.675521 0.128704 0.676042 0.127778 0.676042 0.125926 0.676562 0.125000 0.676562 0.115741 0.675521 0.113889 0.675521 0.112037
0 0.417187 0.187963 0.416146 0.189815 0.415625 0.189815 0.414062 0.192593 0.414062 0.193519 0.413021 0.195370 0.413021 0.197222 0.412500 0.198148 0.412500 0.205556 0.413021 0.206481 0.413021 0.207407 0.413542 0.208333 0.413542 0.210185 0.414583 0.212037 0.414583 0.212963 0.415104 0.212963 0.416667 0.215741 0.417187 0.215741 0.418229 0.217593 0.418750 0.217593 0.419271 0.218519 0.419792 0.218519 0.420312 0.219444 0.421875 0.219444 0.422396 0.220370 0.425000 0.220370 0.425521 0.219444 0.427604 0.219444 0.428646 0.217593 0.429688 0.217593 0.430208 0.216667 0.430208 0.215741 0.430729 0.214815 0.431250 0.214815 0.431771 0.213889 0.431771 0.212963 0.432292 0.212037 0.432292 0.211111 0.432812 0.210185 0.432812 0.209259 0.433333 0.208333 0.433333 0.200926 0.432812 0.200000 0.432812 0.198148 0.431771 0.196296 0.431771 0.195370 0.430208 0.192593 0.430208 0.191667 0.429688 0.190741 0.429167 0.190741 0.428125 0.188889 0.427604 0.188889 0.427083 0.187963 0.426042 0.187963 0.425521 0.187037 0.424479 0.187037 0.423958 0.186111 0.420312 0.186111 0.419792 0.187037 0.418229 0.187037 0.417708 0.187963
0 0.322396 0.486111 0.322396 0.491667 0.323437 0.493519 0.323437 0.494444 0.325000 0.497222 0.326042 0.497222 0.327083 0.499074 0.328125 0.499074 0.328646 0.500000 0.331250 0.500000 0.331771 0.500926 0.333854 0.500926 0.334375 0.500000 0.336979 0.500000 0.337500 0.499074 0.338542 0.499074 0.339583 0.497222 0.340104 0.497222 0.340625 0.496296 0.341146 0.496296 0.342708 0.493519 0.342708 0.490741 0.343229 0.489815 0.343229 0.487037 0.342708 0.486111 0.342708 0.485185 0.339583 0.479630 0.338542 0.479630 0.338021 0.478704 0.337500 0.478704 0.336979 0.477778 0.335417 0.477778 0.334896 0.476852 0.330729 0.476852 0.330208 0.477778 0.328125 0.477778 0.327604 0.478704 0.327083 0.478704 0.326562 0.479630 0.326042 0.479630 0.325521 0.480556 0.325000 0.480556 0.322917 0.484259 0.322917 0.485185
0 0.527604 0.076852 0.526563 0.078704 0.526042 0.078704 0.523958 0.082407 0.523958 0.083333 0.523438 0.084259 0.523438 0.085185 0.522917 0.086111 0.522917 0.091667 0.523438 0.092593 0.523438 0.093519 0.525000 0.096296 0.525000 0.097222 0.526042 0.099074 0.527083 0.099074 0.527604 0.100000 0.529167 0.100000 0.529687 0.100926 0.532292 0.100926 0.532813 0.100000 0.534375 0.100000 0.534896 0.099074 0.535417 0.099074 0.535937 0.098148 0.536458 0.098148 0.538542 0.094444 0.538542 0.093519 0.539062 0.092593 0.539062 0.090741 0.539583 0.089815 0.539583 0.086111 0.539062 0.085185 0.539062 0.084259 0.538542 0.083333 0.538542 0.082407 0.535937 0.077778 0.535417 0.077778 0.534896 0.076852 0.533854 0.076852 0.533333 0.075926 0.529167 0.075926 0.528646 0.076852
0 0.479687 0.526852 0.479167 0.527778 0.478646 0.527778 0.478125 0.528704 0.477604 0.528704 0.477083 0.529630 0.476562 0.529630 0.474479 0.533333 0.474479 0.534259 0.473438 0.536111 0.473438 0.537963 0.472917 0.538889 0.472917 0.541667 0.472396 0.542593 0.472396 0.547222 0.472917 0.548148 0.472917 0.550000 0.473438 0.550926 0.473438 0.552778 0.474479 0.554630 0.474479 0.555556 0.477083 0.560185 0.477604 0.560185 0.478646 0.562037 0.479687 0.562037 0.480208 0.562963 0.481250 0.562963 0.481771 0.563889 0.486979 0.563889 0.487500 0.562963 0.488542 0.562963 0.489063 0.562037 0.489583 0.562037 0.490104 0.561111 0.490625 0.561111 0.491667 0.559259 0.492188 0.559259 0.492708 0.558333 0.492708 0.557407 0.493750 0.555556 0.493750 0.554630 0.494271 0.553704 0.494271 0.552778 0.494792 0.551852 0.494792 0.550926 0.495312 0.550000 0.495312 0.541667 0.494792 0.540741 0.494792 0.538889 0.494271 0.537963 0.494271 0.537037 0.493750 0.536111 0.493750 0.535185 0.490625 0.529630 0.490104 0.529630 0.489063 0.527778 0.488021 0.527778 0.487500 0.526852 0.485938 0.526852 0.485417 0.525926 0.481771 0.525926 0.481250 0.526852
0 0.707812 0.519444 0.707292 0.520370 0.706250 0.520370 0.705208 0.522222 0.704688 0.522222 0.701562 0.527778 0.701562 0.528704 0.701042 0.529630 0.701042 0.531481 0.700521 0.532407 0.700521 0.534259 0.700000 0.535185 0.700000 0.540741 0.700521 0.541667 0.700521 0.544444 0.701562 0.546296 0.701562 0.547222 0.702083 0.548148 0.702083 0.549074 0.702604 0.549074 0.703646 0.550926 0.704167 0.550926 0.705208 0.552778 0.710938 0.552778 0.711458 0.551852 0.711979 0.551852 0.712500 0.550926 0.713021 0.550926 0.713542 0.550000 0.714063 0.550000 0.715104 0.548148 0.715104 0.547222 0.716146 0.545370 0.716146 0.544444 0.717187 0.542593 0.717187 0.541667 0.717708 0.540741 0.717708 0.537963 0.718229 0.537037 0.718229 0.531481 0.717708 0.530556 0.717708 0.527778 0.716146 0.525000 0.716146 0.524074 0.714583 0.521296 0.714063 0.521296 0.713542 0.520370 0.713021 0.520370 0.712500 0.519444
0 0.638542 0.580556 0.638542 0.583333 0.638021 0.584259 0.638021 0.585185 0.638542 0.586111 0.638542 0.587963 0.640104 0.590741 0.640104 0.591667 0.640625 0.592593 0.641146 0.592593 0.641667 0.593519 0.642188 0.593519 0.642708 0.594444 0.643750 0.594444 0.644271 0.595370 0.645312 0.595370 0.645833 0.596296 0.650000 0.596296 0.650521 0.595370 0.652604 0.595370 0.653125 0.594444 0.653646 0.594444 0.654687 0.592593 0.655208 0.592593 0.655729 0.591667 0.655729 0.590741 0.656771 0.588889 0.656771 0.587963 0.657292 0.587037 0.657292 0.582407 0.656771 0.581481 0.656771 0.579630 0.656250 0.578704 0.655729 0.578704 0.653646 0.575000 0.653125 0.575000 0.652604 0.574074 0.651563 0.574074 0.651042 0.573148 0.644271 0.573148 0.643750 0.574074 0.643229 0.574074 0.642708 0.575000 0.641667 0.575000 0.640625 0.576852 0.640104 0.576852 0.639062 0.578704 0.639062 0.579630
0 0.443750 0.379630 0.443229 0.380556 0.443229 0.381481 0.441667 0.384259 0.441667 0.385185 0.441146 0.386111 0.441146 0.394444 0.441667 0.395370 0.441667 0.397222 0.442708 0.399074 0.442708 0.400000 0.444271 0.402778 0.444792 0.402778 0.445312 0.403704 0.446354 0.403704 0.446875 0.404630 0.451042 0.404630 0.451562 0.403704 0.452604 0.403704 0.454688 0.400000 0.454688 0.399074 0.455208 0.398148 0.455208 0.397222 0.455729 0.396296 0.455729 0.387963 0.455208 0.387037 0.455208 0.386111 0.454167 0.384259 0.454167 0.383333 0.452083 0.379630 0.451562 0.379630 0.451042 0.378704 0.450521 0.378704 0.450000 0.377778 0.446354 0.377778 0.445833 0.378704 0.444792 0.378704 0.444271 0.379630
0 0.622917 0.657407 0.622396 0.658333 0.620833 0.658333 0.620313 0.659259 0.619792 0.659259 0.615625 0.666667 0.615625 0.667593 0.615104 0.668519 0.615104 0.670370 0.614583 0.671296 0.614583 0.677778 0.615104 0.678704 0.615104 0.680556 0.618750 0.687037 0.619792 0.687037 0.620313 0.687963 0.626042 0.687963 0.626563 0.687037 0.627604 0.687037 0.628125 0.686111 0.628646 0.686111 0.632292 0.679630 0.632292 0.677778 0.632812 0.676852 0.632812 0.675926 0.633333 0.675000 0.633333 0.667593 0.632812 0.666667 0.632812 0.665741 0.632292 0.664815 0.632292 0.663889 0.629687 0.659259 0.628646 0.659259 0.628125 0.658333 0.627083 0.658333 0.626563 0.657407
0 0.341146 0.541667 0.339062 0.545370 0.339062 0.546296 0.338542 0.547222 0.338542 0.548148 0.338021 0.549074 0.338021 0.553704 0.338542 0.554630 0.338542 0.556481 0.339062 0.557407 0.339062 0.558333 0.339583 0.559259 0.339583 0.560185 0.341146 0.562963 0.341667 0.562963 0.342187 0.563889 0.342708 0.563889 0.343229 0.564815 0.344792 0.564815 0.345313 0.565741 0.346354 0.565741 0.346875 0.564815 0.348958 0.564815 0.349479 0.563889 0.350000 0.563889 0.350000 0.562963 0.352083 0.559259 0.352083 0.558333 0.352604 0.557407 0.352604 0.550000 0.352083 0.549074 0.352083 0.548148 0.351562 0.547222 0.351562 0.546296 0.348958 0.541667 0.348438 0.541667 0.347917 0.540741 0.345833 0.540741 0.345313 0.539815 0.344271 0.539815 0.343750 0.540741 0.342187 0.540741 0.341667 0.541667
0 0.764583 0.512037 0.763542 0.512037 0.763021 0.511111 0.759375 0.511111 0.758854 0.512037 0.757812 0.512037 0.757292 0.512963 0.756771 0.512963 0.756250 0.513889 0.755729 0.513889 0.752604 0.519444 0.752604 0.520370 0.752083 0.521296 0.752083 0.522222 0.751563 0.523148 0.751563 0.524074 0.751042 0.525000 0.751042 0.527778 0.750521 0.528704 0.750521 0.534259 0.751042 0.535185 0.751042 0.537963 0.751563 0.538889 0.751563 0.539815 0.752083 0.540741 0.752083 0.541667 0.754687 0.546296 0.755208 0.546296 0.755729 0.547222 0.756250 0.547222 0.756771 0.548148 0.761458 0.548148 0.761979 0.547222 0.763021 0.547222 0.764062 0.545370 0.764583 0.545370 0.765625 0.543519 0.766146 0.543519 0.766667 0.542593 0.766667 0.541667 0.767708 0.539815 0.767708 0.538889 0.768750 0.537037 0.768750 0.535185 0.769271 0.534259 0.769271 0.532407 0.769792 0.531481 0.769792 0.524074 0.769271 0.523148 0.769271 0.521296 0.768750 0.520370 0.768750 0.519444 0.768229 0.518519 0.768229 0.517593 0.765625 0.512963 0.765104 0.512963
0 0.702604 0.382407 0.702604 0.384259 0.702083 0.385185 0.702083 0.393519 0.702604 0.394444 0.702604 0.396296 0.706771 0.403704 0.707812 0.403704 0.708333 0.404630 0.709896 0.404630 0.710417 0.405556 0.711979 0.405556 0.712500 0.404630 0.714063 0.404630 0.715104 0.402778 0.716146 0.402778 0.717187 0.400926 0.717187 0.400000 0.717708 0.399074 0.717708 0.398148 0.718229 0.397222 0.718229 0.395370 0.718750 0.394444 0.718750 0.389815 0.718229 0.388889 0.718229 0.387963 0.717708 0.387037 0.717708 0.385185 0.713542 0.377778 0.712500 0.377778 0.711979 0.376852 0.706771 0.376852 0.706250 0.377778 0.705729 0.377778 0.704167 0.380556 0.703646 0.380556
0 0.477604 0.331481 0.477604 0.335185 0.478125 0.336111 0.478125 0.337037 0.480729 0.341667 0.481250 0.341667 0.482292 0.343519 0.483854 0.343519 0.484375 0.344444 0.489583 0.344444 0.490104 0.343519 0.491146 0.343519 0.491667 0.342593 0.492708 0.342593 0.494271 0.339815 0.494792 0.339815 0.495312 0.338889 0.495312 0.337963 0.496354 0.336111 0.496354 0.330556 0.495833 0.329630 0.495833 0.328704 0.493750 0.325000 0.493229 0.325000 0.492708 0.324074 0.492188 0.324074 0.491667 0.323148 0.490625 0.323148 0.490104 0.322222 0.484375 0.322222 0.483854 0.323148 0.482812 0.323148 0.482292 0.324074 0.481250 0.324074 0.480208 0.325926 0.479687 0.325926 0.478646 0.327778 0.478646 0.328704 0.478125 0.329630 0.478125 0.330556
0 0.353646 0.195370 0.353646 0.198148 0.354167 0.199074 0.354167 0.200000 0.354687 0.200926 0.354687 0.201852 0.355208 0.202778 0.355729 0.202778 0.356771 0.204630 0.357812 0.204630 0.358333 0.205556 0.359375 0.205556 0.359896 0.206481 0.361979 0.206481 0.362500 0.207407 0.364583 0.207407 0.365104 0.206481 0.367708 0.206481 0.368229 0.205556 0.369271 0.205556 0.369792 0.204630 0.370312 0.204630 0.370833 0.203704 0.371354 0.203704 0.371875 0.202778 0.372396 0.202778 0.373958 0.200000 0.373958 0.199074 0.374479 0.198148 0.374479 0.193519 0.373958 0.192593 0.373958 0.191667 0.371875 0.187963 0.371354 0.187963 0.370833 0.187037 0.369792 0.187037 0.369271 0.186111 0.368229 0.186111 0.367708 0.185185 0.362500 0.185185 0.361979 0.186111 0.359896 0.186111 0.359375 0.187037 0.358333 0.187037 0.357292 0.188889 0.356771 0.188889 0.354167 0.193519 0.354167 0.194444
0 0.418750 0.338889 0.418750 0.342593 0.419271 0.343519 0.419271 0.344444 0.420312 0.346296 0.420312 0.347222 0.421354 0.349074 0.422396 0.349074 0.422917 0.350000 0.423438 0.350000 0.423958 0.350926 0.425000 0.350926 0.425521 0.351852 0.432292 0.351852 0.432812 0.350926 0.433854 0.350926 0.434375 0.350000 0.435417 0.350000 0.436458 0.348148 0.436979 0.348148 0.438021 0.346296 0.438021 0.345370 0.439063 0.343519 0.439063 0.337963 0.438021 0.336111 0.438021 0.335185 0.436979 0.333333 0.436458 0.333333 0.435417 0.331481 0.434375 0.331481 0.433854 0.330556 0.432812 0.330556 0.432292 0.329630 0.425521 0.329630 0.425000 0.330556 0.423958 0.330556 0.423438 0.331481 0.422917 0.331481 0.422396 0.332407 0.421354 0.332407 0.420312 0.334259 0.420312 0.335185 0.419271 0.337037 0.419271 0.337963
0 0.509896 0.094444 0.509896 0.100000 0.510417 0.100926 0.510417 0.101852 0.512500 0.105556 0.513542 0.105556 0.514062 0.106481 0.515625 0.106481 0.516146 0.107407 0.519792 0.107407 0.520312 0.106481 0.521875 0.106481 0.522396 0.105556 0.522917 0.105556 0.523438 0.104630 0.523958 0.104630 0.526563 0.100000 0.526563 0.099074 0.527083 0.098148 0.527083 0.096296 0.527604 0.095370 0.527604 0.094444 0.527083 0.093519 0.527083 0.091667 0.526042 0.089815 0.526042 0.088889 0.525521 0.088889 0.524479 0.087037 0.523438 0.087037 0.522917 0.086111 0.522396 0.086111 0.521875 0.085185 0.516667 0.085185 0.516146 0.086111 0.515104 0.086111 0.514583 0.087037 0.514062 0.087037 0.513542 0.087963 0.513021 0.087963 0.510417 0.092593 0.510417 0.093519
0 0.526563 0.448148 0.526563 0.453704 0.527604 0.455556 0.527604 0.456481 0.528125 0.456481 0.529167 0.458333 0.529687 0.458333 0.530208 0.459259 0.531771 0.459259 0.532292 0.460185 0.536979 0.460185 0.537500 0.459259 0.538542 0.459259 0.539062 0.458333 0.540104 0.458333 0.541146 0.456481 0.541667 0.456481 0.543229 0.453704 0.543229 0.452778 0.543750 0.451852 0.543750 0.450000 0.544271 0.449074 0.543750 0.448148 0.543750 0.446296 0.543229 0.445370 0.543229 0.444444 0.542708 0.443519 0.542188 0.443519 0.541146 0.441667 0.540625 0.441667 0.540104 0.440741 0.538542 0.440741 0.538021 0.439815 0.533854 0.439815 0.533333 0.440741 0.531771 0.440741 0.531250 0.441667 0.530208 0.441667 0.529167 0.443519 0.528646 0.443519 0.527083 0.446296 0.527083 0.447222
0 0.089063 0.529630 0.089063 0.530556 0.088542 0.531481 0.088542 0.537037 0.089063 0.537963 0.089063 0.538889 0.092188 0.544444 0.093229 0.544444 0.093750 0.545370 0.094792 0.545370 0.095312 0.546296 0.101042 0.546296 0.101562 0.545370 0.103125 0.545370 0.103646 0.544444 0.104167 0.544444 0.105208 0.542593 0.105729 0.542593 0.108854 0.537037 0.108854 0.535185 0.109375 0.534259 0.109375 0.530556 0.108854 0.529630 0.108854 0.527778 0.105729 0.522222 0.105208 0.522222 0.104688 0.521296 0.103646 0.521296 0.103125 0.520370 0.096354 0.520370 0.095833 0.521296 0.094792 0.521296 0.094271 0.522222 0.093750 0.522222 0.093229 0.523148 0.092708 0.523148
0 0.518750 0.841667 0.518229 0.842593 0.517188 0.842593 0.516667 0.843519 0.516146 0.843519 0.515625 0.844444 0.515104 0.844444 0.513542 0.847222 0.513021 0.847222 0.511458 0.850000 0.511458 0.850926 0.510938 0.851852 0.510938 0.852778 0.510417 0.853704 0.510417 0.855556 0.509896 0.856481 0.509896 0.863889 0.510417 0.864815 0.510417 0.866667 0.512500 0.870370 0.512500 0.871296 0.513021 0.871296 0.513542 0.872222 0.514062 0.872222 0.515104 0.874074 0.516146 0.874074 0.516667 0.875000 0.522396 0.875000 0.522917 0.874074 0.523438 0.874074 0.523958 0.873148 0.525000 0.873148 0.525521 0.872222 0.526042 0.872222 0.527083 0.870370 0.527604 0.870370 0.527604 0.869444 0.528125 0.868519 0.528646 0.868519 0.529167 0.867593 0.529167 0.866667 0.529687 0.865741 0.529687 0.864815 0.530208 0.863889 0.530208 0.862963 0.530729 0.862037 0.530729 0.860185 0.531250 0.859259 0.531250 0.853704 0.530729 0.852778 0.530729 0.850926 0.529687 0.849074 0.529687 0.848148 0.527604 0.844444 0.527083 0.844444 0.526563 0.843519 0.526042 0.843519 0.525521 0.842593 0.525000 0.842593 0.524479 0.841667
0 0.738021 0.300000 0.738021 0.301852 0.737500 0.302778 0.737500 0.303704 0.738021 0.304630 0.738021 0.307407 0.738542 0.308333 0.738542 0.309259 0.739062 0.310185 0.739583 0.310185 0.741146 0.312963 0.742188 0.312963 0.742708 0.313889 0.743750 0.313889 0.744271 0.314815 0.750000 0.314815 0.750521 0.313889 0.751563 0.313889 0.752083 0.312963 0.753125 0.312963 0.756250 0.307407 0.756250 0.306481 0.756771 0.305556 0.756771 0.300000 0.755729 0.298148 0.755729 0.297222 0.754687 0.295370 0.754167 0.295370 0.753646 0.294444 0.753125 0.294444 0.752604 0.293519 0.751563 0.293519 0.751042 0.292593 0.749479 0.292593 0.748958 0.291667 0.746875 0.291667 0.746354 0.292593 0.743750 0.292593 0.743229 0.293519 0.742188 0.293519 0.741146 0.295370 0.740625 0.295370 0.740104 0.296296 0.739583 0.296296 0.739062 0.297222 0.739062 0.298148
0 0.744271 0.800926 0.743229 0.802778 0.742708 0.802778 0.741146 0.805556 0.741146 0.806481 0.740104 0.808333 0.740104 0.811111 0.739583 0.812037 0.739583 0.815741 0.740104 0.816667 0.740104 0.819444 0.740625 0.820370 0.740625 0.821296 0.743750 0.826852 0.744271 0.826852 0.745313 0.828704 0.746354 0.828704 0.746875 0.829630 0.751563 0.829630 0.752083 0.828704 0.753125 0.828704 0.753646 0.827778 0.754167 0.827778 0.757292 0.822222 0.757292 0.821296 0.757812 0.820370 0.757812 0.816667 0.758333 0.815741 0.757812 0.814815 0.757812 0.811111 0.757292 0.810185 0.757292 0.809259 0.756771 0.808333 0.756771 0.807407 0.756250 0.806481 0.756250 0.805556 0.755208 0.803704 0.754687 0.803704 0.753646 0.801852 0.752604 0.801852 0.752083 0.800926 0.751563 0.800926 0.751042 0.800000 0.745833 0.800000 0.745313 0.800926
0 0.685417 0.945370 0.681250 0.945370 0.680729 0.946296 0.679688 0.946296 0.679167 0.947222 0.678646 0.947222 0.677604 0.949074 0.677083 0.949074 0.677083 0.950000 0.675000 0.953704 0.675000 0.955556 0.674479 0.956481 0.674479 0.957407 0.673958 0.958333 0.673958 0.961111 0.673438 0.962037 0.673438 0.966667 0.673958 0.967593 0.673958 0.970370 0.674479 0.971296 0.674479 0.972222 0.675000 0.973148 0.675000 0.974074 0.677083 0.977778 0.677604 0.977778 0.678125 0.978704 0.679167 0.978704 0.679688 0.979630 0.682813 0.979630 0.683333 0.978704 0.684375 0.978704 0.685417 0.976852 0.685937 0.976852 0.686458 0.975926 0.686979 0.975926 0.686979 0.975000 0.689063 0.971296 0.689063 0.970370 0.689583 0.969444 0.689583 0.968519 0.690104 0.967593 0.690104 0.965741 0.690625 0.964815 0.690625 0.955556 0.690104 0.954630 0.690104 0.952778 0.686458 0.946296 0.685937 0.946296
0 0.678125 0.619444 0.678125 0.625926 0.678646 0.626852 0.678646 0.627778 0.681250 0.632407 0.681771 0.632407 0.682292 0.633333 0.682813 0.633333 0.683333 0.634259 0.683854 0.634259 0.684375 0.635185 0.686458 0.635185 0.686979 0.636111 0.691146 0.636111 0.691667 0.635185 0.693750 0.635185 0.694271 0.634259 0.695312 0.634259 0.695833 0.633333 0.696354 0.633333 0.697396 0.631481 0.697917 0.631481 0.700521 0.626852 0.700521 0.625000 0.701042 0.624074 0.701042 0.619444 0.700000 0.617593 0.700000 0.616667 0.699479 0.615741 0.699479 0.614815 0.698958 0.613889 0.698438 0.613889 0.697396 0.612037 0.696354 0.612037 0.695833 0.611111 0.695312 0.611111 0.694792 0.610185 0.692708 0.610185 0.692187 0.609259 0.687500 0.609259 0.686979 0.610185 0.684896 0.610185 0.684375 0.611111 0.683333 0.611111 0.682813 0.612037 0.682292 0.612037
0 0.813542 0.245370 0.813021 0.246296 0.811458 0.246296 0.810937 0.247222 0.810417 0.247222 0.809375 0.249074 0.808854 0.249074 0.805729 0.254630 0.805729 0.255556 0.805208 0.256481 0.805208 0.258333 0.804688 0.259259 0.804688 0.266667 0.805208 0.267593 0.805208 0.269444 0.805729 0.270370 0.805729 0.271296 0.807292 0.274074 0.807292 0.275000 0.807813 0.275926 0.808333 0.275926 0.809375 0.277778 0.809896 0.277778 0.810417 0.278704 0.811458 0.278704 0.811979 0.279630 0.816667 0.279630 0.817187 0.278704 0.818229 0.278704 0.818750 0.277778 0.819271 0.277778 0.820312 0.275926 0.820833 0.275926 0.821875 0.274074 0.821875 0.273148 0.822917 0.271296 0.822917 0.270370 0.823438 0.269444 0.823438 0.268519 0.823958 0.267593 0.823958 0.264815 0.824479 0.263889 0.824479 0.260185 0.823958 0.259259 0.823958 0.256481 0.823438 0.255556 0.823438 0.254630 0.822917 0.253704 0.822917 0.252778 0.821875 0.250926 0.821354 0.250926 0.820833 0.250000 0.820833 0.249074 0.820312 0.248148 0.819271 0.248148 0.818229 0.246296 0.816146 0.246296 0.815625 0.245370
0 0.817708 0.837963 0.817187 0.837963 0.816667 0.837037 0.816146 0.837037 0.815625 0.836111 0.815104 0.836111 0.814583 0.835185 0.813021 0.835185 0.812500 0.834259 0.809375 0.834259 0.808854 0.835185 0.807292 0.835185 0.806771 0.836111 0.805729 0.836111 0.805208 0.837037 0.804688 0.837037 0.803646 0.838889 0.803125 0.838889 0.800521 0.843519 0.800521 0.844444 0.800000 0.845370 0.800000 0.846296 0.799479 0.847222 0.799479 0.848148 0.798958 0.849074 0.798958 0.856481 0.799479 0.857407 0.799479 0.859259 0.802604 0.864815 0.803125 0.864815 0.803646 0.865741 0.804167 0.865741 0.804688 0.866667 0.805729 0.866667 0.806250 0.867593 0.810417 0.867593 0.810937 0.866667 0.812500 0.866667 0.813021 0.865741 0.813542 0.865741 0.814063 0.864815 0.814583 0.864815 0.815625 0.862963 0.816146 0.862963 0.819271 0.857407 0.819271 0.856481 0.819792 0.855556 0.819792 0.853704 0.820312 0.852778 0.820312 0.845370 0.819792 0.844444 0.819792 0.843519 0.819271 0.842593 0.819271 0.841667 0.817708 0.838889
0 0.762500 0.958333 0.761979 0.959259 0.760938 0.959259 0.757812 0.964815 0.757812 0.965741 0.756771 0.967593 0.756771 0.969444 0.756250 0.970370 0.756250 0.980556 0.756771 0.981481 0.756771 0.983333 0.757292 0.984259 0.757292 0.985185 0.757812 0.986111 0.757812 0.987037 0.760417 0.991667 0.760938 0.991667 0.761979 0.993519 0.763021 0.993519 0.763542 0.994444 0.767708 0.994444 0.768229 0.993519 0.769271 0.993519 0.770833 0.990741 0.771354 0.990741 0.772396 0.988889 0.772396 0.987963 0.773438 0.986111 0.773438 0.984259 0.773958 0.983333 0.773958 0.981481 0.774479 0.980556 0.774479 0.974074 0.773958 0.973148 0.773958 0.970370 0.773438 0.969444 0.773438 0.967593 0.772396 0.965741 0.772396 0.964815 0.771354 0.962963 0.770833 0.962963 0.770312 0.962037 0.770312 0.961111 0.769792 0.960185 0.768750 0.960185 0.768229 0.959259 0.767708 0.959259 0.767188 0.958333
0 0.377083 0.160185 0.377083 0.166667 0.378125 0.168519 0.378125 0.169444 0.378646 0.169444 0.379688 0.171296 0.380208 0.171296 0.380729 0.172222 0.381250 0.172222 0.381771 0.173148 0.382812 0.173148 0.383333 0.174074 0.389583 0.174074 0.390104 0.173148 0.391146 0.173148 0.391667 0.172222 0.392708 0.172222 0.395833 0.166667 0.395833 0.165741 0.396354 0.164815 0.396354 0.159259 0.395313 0.157407 0.395313 0.156481 0.393750 0.153704 0.393229 0.153704 0.392708 0.152778 0.392188 0.152778 0.391667 0.151852 0.389583 0.151852 0.389062 0.150926 0.384896 0.150926 0.384375 0.151852 0.382812 0.151852 0.382292 0.152778 0.381250 0.152778 0.380729 0.153704 0.380208 0.153704 0.377604 0.158333 0.377604 0.159259
0 0.104688 0.597222 0.102604 0.600926 0.102083 0.600926 0.102083 0.601852 0.101562 0.602778 0.101562 0.603704 0.101042 0.604630 0.101042 0.605556 0.100521 0.606481 0.100521 0.612963 0.101042 0.613889 0.101042 0.614815 0.101562 0.615741 0.101562 0.616667 0.103646 0.620370 0.104167 0.620370 0.104688 0.621296 0.105208 0.621296 0.105729 0.622222 0.106771 0.622222 0.107292 0.623148 0.112500 0.623148 0.113021 0.622222 0.114062 0.622222 0.114583 0.621296 0.115625 0.621296 0.116667 0.619444 0.117188 0.619444 0.117708 0.618519 0.117708 0.617593 0.119271 0.614815 0.119271 0.613889 0.119792 0.612963 0.119792 0.604630 0.119271 0.603704 0.119271 0.602778 0.116146 0.597222 0.115625 0.597222 0.115104 0.596296 0.114062 0.596296 0.113542 0.595370 0.111979 0.595370 0.111458 0.594444 0.109375 0.594444 0.108854 0.595370 0.107292 0.595370 0.106771 0.596296 0.106250 0.596296 0.105729 0.597222
0 0.392708 0.688889 0.390104 0.684259 0.389062 0.684259 0.388542 0.683333 0.387500 0.683333 0.386979 0.682407 0.382292 0.682407 0.381771 0.683333 0.380208 0.683333 0.379688 0.684259 0.378646 0.684259 0.377604 0.686111 0.377083 0.686111 0.374479 0.690741 0.373958 0.690741 0.373958 0.692593 0.372917 0.694444 0.372917 0.696296 0.372396 0.697222 0.372396 0.700926 0.372917 0.701852 0.372917 0.703704 0.373437 0.704630 0.373437 0.705556 0.375521 0.709259 0.376563 0.709259 0.377083 0.710185 0.378125 0.710185 0.378646 0.711111 0.384896 0.711111 0.385417 0.710185 0.385937 0.710185 0.386458 0.709259 0.387500 0.709259 0.388021 0.708333 0.388542 0.708333 0.389583 0.706481 0.390104 0.706481 0.390625 0.705556 0.390625 0.704630 0.392188 0.701852 0.392188 0.700926 0.392708 0.700000 0.392708 0.699074 0.393229 0.698148 0.393229 0.691667 0.392708 0.690741
0 0.448437 0.312037 0.447917 0.312037 0.447396 0.311111 0.446875 0.311111 0.446354 0.310185 0.444792 0.310185 0.444271 0.309259 0.441667 0.309259 0.441146 0.310185 0.440104 0.310185 0.439583 0.311111 0.438542 0.311111 0.438021 0.312037 0.437500 0.312037 0.433333 0.319444 0.433333 0.321296 0.432812 0.322222 0.432812 0.329630 0.433333 0.330556 0.433333 0.331481 0.433854 0.332407 0.433854 0.333333 0.435417 0.336111 0.435937 0.336111 0.436979 0.337963 0.437500 0.337963 0.438021 0.338889 0.444271 0.338889 0.444792 0.337963 0.445312 0.337963 0.445833 0.337037 0.446354 0.337037 0.446875 0.336111 0.447396 0.336111 0.450521 0.330556 0.450521 0.329630 0.451042 0.328704 0.451042 0.326852 0.451562 0.325926 0.451562 0.319444 0.451042 0.318519 0.451042 0.317593 0.450521 0.316667 0.450521 0.315741
0 0.543750 0.546296 0.538542 0.546296 0.538021 0.547222 0.536979 0.547222 0.532813 0.554630 0.532813 0.556481 0.532292 0.557407 0.532292 0.560185 0.531771 0.561111 0.531771 0.562963 0.532292 0.563889 0.532292 0.566667 0.532813 0.567593 0.532813 0.568519 0.535937 0.574074 0.536458 0.574074 0.536979 0.575000 0.539062 0.575000 0.539583 0.575926 0.540104 0.575926 0.540625 0.575000 0.542708 0.575000 0.543229 0.574074 0.543750 0.574074 0.544792 0.572222 0.545833 0.572222 0.546354 0.571296 0.546354 0.570370 0.548438 0.566667 0.548438 0.564815 0.548958 0.563889 0.548958 0.556481 0.548438 0.555556 0.548438 0.553704 0.547917 0.552778 0.547917 0.551852 0.545833 0.548148 0.545312 0.548148 0.544792 0.547222 0.544271 0.547222
0 0.492708 0.175926 0.490104 0.180556 0.489583 0.180556 0.489063 0.181481 0.489063 0.182407 0.488542 0.183333 0.488542 0.184259 0.488021 0.185185 0.488021 0.187037 0.487500 0.187963 0.487500 0.195370 0.488021 0.196296 0.488021 0.198148 0.488542 0.199074 0.488542 0.200000 0.489583 0.201852 0.489583 0.202778 0.491146 0.205556 0.491667 0.205556 0.492188 0.206481 0.492708 0.206481 0.493229 0.207407 0.493750 0.207407 0.494271 0.208333 0.495833 0.208333 0.496354 0.209259 0.497396 0.209259 0.497917 0.208333 0.500000 0.208333 0.500521 0.207407 0.501563 0.207407 0.503125 0.204630 0.503646 0.204630 0.504167 0.203704 0.504167 0.202778 0.505208 0.200926 0.505208 0.200000 0.505729 0.199074 0.505729 0.197222 0.506250 0.196296 0.506250 0.187963 0.505729 0.187037 0.505729 0.185185 0.505208 0.184259 0.505208 0.183333 0.502083 0.177778 0.501563 0.177778 0.500521 0.175926 0.499479 0.175926 0.498958 0.175000 0.494271 0.175000 0.493750 0.175926
0 0.667708 0.457407 0.664583 0.462963 0.664583 0.463889 0.664062 0.464815 0.664062 0.473148 0.664583 0.474074 0.664583 0.475000 0.665104 0.475926 0.665104 0.476852 0.667188 0.480556 0.667708 0.480556 0.668229 0.481481 0.668750 0.481481 0.669271 0.482407 0.670833 0.482407 0.671354 0.483333 0.673958 0.483333 0.674479 0.482407 0.676042 0.482407 0.676562 0.481481 0.677083 0.481481 0.677604 0.480556 0.678125 0.480556 0.680208 0.476852 0.680208 0.475926 0.680729 0.475000 0.680729 0.474074 0.681250 0.473148 0.681250 0.464815 0.680208 0.462963 0.680208 0.461111 0.679167 0.459259 0.678646 0.459259 0.678125 0.458333 0.677604 0.458333 0.676562 0.456481 0.675521 0.456481 0.675000 0.455556 0.670312 0.455556 0.669792 0.456481 0.668750 0.456481 0.668229 0.457407
0 0.450521 0.501852 0.448437 0.501852 0.447917 0.502778 0.445833 0.502778 0.445312 0.503704 0.444792 0.503704 0.444271 0.504630 0.443750 0.504630 0.441667 0.508333 0.441146 0.508333 0.441146 0.510185 0.440104 0.512037 0.440104 0.512963 0.439583 0.513889 0.439583 0.523148 0.440104 0.524074 0.440104 0.525000 0.440625 0.525926 0.440625 0.526852 0.441146 0.527778 0.441667 0.527778 0.443750 0.531481 0.444271 0.531481 0.444792 0.532407 0.445833 0.532407 0.446354 0.533333 0.448437 0.533333 0.448958 0.534259 0.449479 0.533333 0.452604 0.533333 0.453125 0.532407 0.453646 0.532407 0.454167 0.531481 0.454688 0.531481 0.455208 0.530556 0.455729 0.530556 0.458333 0.525926 0.458333 0.525000 0.458854 0.524074 0.458854 0.523148 0.459375 0.522222 0.459375 0.512963 0.458854 0.512037 0.458854 0.511111 0.456250 0.506481 0.456250 0.505556 0.455208 0.505556 0.454167 0.503704 0.453646 0.503704 0.453125 0.502778 0.451042 0.502778
0 0.706250 0.883333 0.704167 0.887037 0.703646 0.887037 0.702604 0.888889 0.702604 0.890741 0.702083 0.891667 0.702083 0.893519 0.701562 0.894444 0.701562 0.900000 0.702083 0.900926 0.702083 0.902778 0.702604 0.903704 0.702604 0.904630 0.703125 0.905556 0.703125 0.906481 0.704167 0.908333 0.704167 0.909259 0.705208 0.911111 0.705729 0.911111 0.706771 0.912963 0.707292 0.912963 0.707812 0.913889 0.708854 0.913889 0.709375 0.914815 0.710938 0.914815 0.711458 0.915741 0.714063 0.915741 0.714583 0.914815 0.716146 0.914815 0.716667 0.913889 0.717708 0.913889 0.718750 0.912037 0.719271 0.912037 0.720313 0.910185 0.720313 0.909259 0.721875 0.906481 0.721875 0.904630 0.722396 0.903704 0.722396 0.895370 0.721875 0.894444 0.721875 0.892593 0.721354 0.891667 0.721354 0.890741 0.719271 0.887037 0.719271 0.886111 0.718750 0.885185 0.718229 0.885185 0.717187 0.883333 0.716146 0.883333 0.715625 0.882407 0.715104 0.882407 0.714583 0.881481 0.708854 0.881481 0.708333 0.882407 0.707292 0.882407 0.706771 0.883333
0 0.650000 0.756481 0.647917 0.756481 0.647396 0.755556 0.645833 0.755556 0.645312 0.756481 0.643229 0.756481 0.642708 0.757407 0.642188 0.757407 0.641667 0.758333 0.641146 0.758333 0.640625 0.759259 0.640104 0.759259 0.638021 0.762963 0.638021 0.763889 0.637500 0.764815 0.637500 0.765741 0.636979 0.766667 0.636979 0.768519 0.636458 0.769444 0.636458 0.774074 0.636979 0.775000 0.636979 0.776852 0.637500 0.777778 0.637500 0.778704 0.640625 0.784259 0.641667 0.784259 0.642188 0.785185 0.643229 0.785185 0.643750 0.786111 0.646875 0.786111 0.647396 0.785185 0.649479 0.785185 0.650000 0.784259 0.650521 0.784259 0.652604 0.780556 0.653125 0.780556 0.654167 0.778704 0.654167 0.777778 0.654687 0.776852 0.654687 0.775926 0.655208 0.775000 0.655208 0.772222 0.655729 0.771296 0.655729 0.769444 0.655208 0.768519 0.655208 0.765741 0.654687 0.764815 0.654687 0.762963 0.652083 0.758333 0.651563 0.758333 0.651042 0.757407 0.650521 0.757407
0 0.527604 0.186111 0.527083 0.187037 0.526563 0.187037 0.526042 0.187963 0.525521 0.187963 0.525000 0.188889 0.524479 0.188889 0.521875 0.193519 0.521354 0.193519 0.521354 0.194444 0.520833 0.195370 0.520833 0.196296 0.520312 0.197222 0.520312 0.198148 0.519792 0.199074 0.519792 0.208333 0.520312 0.209259 0.520312 0.211111 0.520833 0.212037 0.520833 0.212963 0.521875 0.214815 0.522396 0.214815 0.523958 0.217593 0.524479 0.217593 0.525521 0.219444 0.526563 0.219444 0.527083 0.220370 0.532813 0.220370 0.533333 0.219444 0.534896 0.219444 0.535937 0.217593 0.536458 0.217593 0.536979 0.216667 0.537500 0.216667 0.539583 0.212963 0.539583 0.212037 0.540625 0.210185 0.540625 0.208333 0.541146 0.207407 0.541146 0.203704 0.541667 0.202778 0.541146 0.201852 0.541146 0.197222 0.540625 0.196296 0.540625 0.195370 0.540104 0.194444 0.540104 0.193519 0.539062 0.191667 0.538542 0.191667 0.538021 0.190741 0.538021 0.189815 0.537500 0.188889 0.536979 0.188889 0.536458 0.187963 0.535417 0.187963 0.534896 0.187037 0.534375 0.187037 0.533854 0.186111
0 0.669792 0.739815 0.669271 0.740741 0.668750 0.740741 0.667188 0.743519 0.666667 0.743519 0.666667 0.744444 0.665625 0.746296 0.665625 0.749074 0.665104 0.750000 0.665104 0.751852 0.665625 0.752778 0.665625 0.755556 0.666146 0.756481 0.666146 0.757407 0.667188 0.759259 0.667188 0.760185 0.668229 0.762037 0.668750 0.762037 0.669271 0.762963 0.669792 0.762963 0.670312 0.763889 0.675000 0.763889 0.675521 0.762963 0.676042 0.762963 0.676042 0.762037 0.676562 0.761111 0.677083 0.761111 0.678125 0.759259 0.678125 0.758333 0.678646 0.757407 0.678646 0.756481 0.679167 0.755556 0.679167 0.749074 0.678646 0.748148 0.678646 0.747222 0.678125 0.746296 0.678125 0.745370 0.676042 0.741667 0.675521 0.741667 0.675000 0.740741 0.674479 0.740741 0.673958 0.739815
0 0.257812 0.454630 0.257812 0.460185 0.258333 0.461111 0.258333 0.462037 0.259896 0.464815 0.260417 0.464815 0.261458 0.466667 0.263021 0.466667 0.263542 0.467593 0.268229 0.467593 0.268750 0.466667 0.269792 0.466667 0.270313 0.465741 0.270833 0.465741 0.271354 0.464815 0.271875 0.464815 0.272396 0.463889 0.272396 0.462963 0.273438 0.461111 0.273438 0.459259 0.273958 0.458333 0.273958 0.457407 0.273438 0.456481 0.273438 0.454630 0.272917 0.453704 0.272917 0.452778 0.272396 0.452778 0.270833 0.450000 0.270313 0.450000 0.269792 0.449074 0.268229 0.449074 0.267708 0.448148 0.263021 0.448148 0.262500 0.449074 0.261979 0.449074 0.261458 0.450000 0.260937 0.450000 0.260417 0.450926 0.259896 0.450926
0 0.175521 0.512963 0.175000 0.513889 0.173437 0.513889 0.169271 0.521296 0.169271 0.522222 0.168750 0.523148 0.168750 0.525000 0.168229 0.525926 0.168229 0.536111 0.168750 0.537037 0.168750 0.538889 0.169271 0.539815 0.169271 0.540741 0.169792 0.541667 0.169792 0.542593 0.171875 0.546296 0.172396 0.546296 0.173437 0.548148 0.174479 0.548148 0.175000 0.549074 0.179167 0.549074 0.180208 0.547222 0.181250 0.547222 0.183854 0.542593 0.183854 0.541667 0.184375 0.540741 0.184375 0.539815 0.184896 0.538889 0.184896 0.537963 0.185417 0.537037 0.185417 0.525926 0.184896 0.525000 0.184896 0.523148 0.184375 0.522222 0.184375 0.521296 0.183854 0.520370 0.183854 0.519444 0.183333 0.518519 0.182812 0.518519 0.181771 0.516667 0.181771 0.515741 0.181250 0.515741 0.180729 0.514815 0.180208 0.514815 0.179688 0.513889 0.179167 0.513889 0.178646 0.512963
0 0.128646 0.500000 0.127604 0.500000 0.127083 0.499074 0.125000 0.499074 0.124479 0.498148 0.123438 0.498148 0.122917 0.499074 0.120833 0.499074 0.120313 0.500000 0.119271 0.500000 0.118750 0.500926 0.118229 0.500926 0.117708 0.501852 0.117188 0.501852 0.114583 0.506481 0.114583 0.507407 0.113542 0.509259 0.113542 0.510185 0.113021 0.511111 0.113021 0.517593 0.113542 0.518519 0.113542 0.519444 0.114062 0.520370 0.114062 0.521296 0.115625 0.524074 0.116146 0.524074 0.116667 0.525000 0.117188 0.525000 0.117708 0.525926 0.119271 0.525926 0.119792 0.526852 0.121354 0.526852 0.121875 0.525926 0.124479 0.525926 0.125000 0.525000 0.125521 0.525000 0.126042 0.524074 0.126562 0.524074 0.127083 0.523148 0.127604 0.523148 0.129167 0.520370 0.129688 0.520370 0.129688 0.519444 0.130729 0.517593 0.130729 0.516667 0.131771 0.514815 0.131771 0.506481 0.131250 0.505556 0.131250 0.504630
0 0.693229 0.831481 0.690625 0.836111 0.690625 0.837037 0.690104 0.837963 0.690104 0.838889 0.689583 0.839815 0.689583 0.842593 0.689063 0.843519 0.689063 0.847222 0.689583 0.848148 0.689583 0.850926 0.690104 0.851852 0.690104 0.852778 0.691146 0.854630 0.691146 0.855556 0.692187 0.857407 0.692187 0.858333 0.692708 0.858333 0.694271 0.861111 0.694792 0.861111 0.695312 0.862037 0.695833 0.862037 0.696354 0.862963 0.697396 0.862963 0.697917 0.863889 0.703646 0.863889 0.704167 0.862963 0.705208 0.862963 0.706250 0.861111 0.706771 0.861111 0.707812 0.859259 0.708333 0.859259 0.708333 0.858333 0.709375 0.856481 0.709375 0.855556 0.709896 0.854630 0.709896 0.851852 0.710417 0.850926 0.710417 0.845370 0.709896 0.844444 0.709896 0.842593 0.709375 0.841667 0.709375 0.840741 0.708854 0.839815 0.708854 0.838889 0.705729 0.833333 0.705208 0.833333 0.704167 0.831481 0.703125 0.831481 0.702604 0.830556 0.702083 0.830556 0.701562 0.829630 0.695833 0.829630 0.695312 0.830556 0.694271 0.830556 0.693750 0.831481
0 0.502604 0.490741 0.502083 0.491667 0.501563 0.491667 0.500521 0.493519 0.500521 0.494444 0.499479 0.496296 0.499479 0.502778 0.500000 0.503704 0.500000 0.505556 0.501042 0.507407 0.501042 0.508333 0.502604 0.511111 0.503125 0.511111 0.503646 0.512037 0.505208 0.512037 0.505729 0.512963 0.506250 0.512037 0.507292 0.512037 0.508333 0.510185 0.508854 0.510185 0.508854 0.509259 0.509375 0.508333 0.509375 0.507407 0.509896 0.506481 0.509896 0.500000 0.509375 0.499074 0.509375 0.497222 0.508333 0.495370 0.508333 0.494444 0.507812 0.494444 0.506250 0.491667 0.505729 0.491667 0.505208 0.490741
0 0.353125 0.364815 0.350521 0.364815 0.350000 0.365741 0.348958 0.365741 0.348438 0.366667 0.347396 0.366667 0.346875 0.367593 0.346354 0.367593 0.344792 0.370370 0.344271 0.370370 0.343750 0.371296 0.343750 0.372222 0.342708 0.374074 0.342708 0.375000 0.342187 0.375926 0.342187 0.376852 0.341146 0.378704 0.341146 0.381481 0.340625 0.382407 0.340625 0.393519 0.341146 0.394444 0.341146 0.395370 0.341667 0.396296 0.341667 0.397222 0.342187 0.398148 0.342187 0.399074 0.343229 0.400926 0.343750 0.400926 0.345313 0.403704 0.346354 0.403704 0.346875 0.404630 0.351042 0.404630 0.351562 0.403704 0.352083 0.403704 0.352604 0.402778 0.353646 0.402778 0.355729 0.399074 0.356250 0.399074 0.356250 0.398148 0.358333 0.394444 0.358333 0.393519 0.358854 0.392593 0.358854 0.390741 0.359375 0.389815 0.359375 0.388889 0.359896 0.387963 0.359896 0.376852 0.359375 0.375926 0.359375 0.374074 0.358333 0.372222 0.358333 0.371296 0.357812 0.370370 0.357812 0.369444 0.357292 0.369444 0.355729 0.366667 0.355208 0.366667 0.354687 0.365741 0.353646 0.365741
0 0.896354 0.303704 0.896354 0.311111 0.896875 0.312037 0.896875 0.312963 0.897396 0.313889 0.897396 0.314815 0.899479 0.318519 0.900000 0.318519 0.900521 0.319444 0.901042 0.319444 0.901563 0.320370 0.902083 0.320370 0.902604 0.321296 0.904167 0.321296 0.904687 0.322222 0.910417 0.322222 0.910937 0.321296 0.911979 0.321296 0.912500 0.320370 0.913021 0.320370 0.913542 0.319444 0.914062 0.319444 0.915625 0.316667 0.916146 0.316667 0.916667 0.315741 0.916667 0.314815 0.917188 0.313889 0.917188 0.312963 0.917708 0.312037 0.917708 0.310185 0.918229 0.309259 0.918229 0.306481 0.917708 0.305556 0.917708 0.303704 0.917188 0.302778 0.917188 0.301852 0.915104 0.298148 0.915104 0.297222 0.914583 0.297222 0.914062 0.296296 0.913542 0.296296 0.913021 0.295370 0.912500 0.295370 0.911979 0.294444 0.910937 0.294444 0.910417 0.293519 0.903125 0.293519 0.902604 0.294444 0.902083 0.294444 0.901563 0.295370 0.901042 0.295370 0.900521 0.296296 0.900000 0.296296 0.896875 0.301852 0.896875 0.302778
0 0.597917 0.435185 0.595833 0.435185 0.595313 0.434259 0.592708 0.434259 0.592187 0.435185 0.590625 0.435185 0.590104 0.436111 0.589063 0.436111 0.588021 0.437963 0.587500 0.437963 0.586458 0.439815 0.585938 0.439815 0.585938 0.440741 0.583854 0.444444 0.583854 0.445370 0.583333 0.446296 0.583333 0.448148 0.582812 0.449074 0.582812 0.458333 0.583333 0.459259 0.583333 0.460185 0.583854 0.461111 0.583854 0.462037 0.585938 0.465741 0.586458 0.465741 0.586979 0.466667 0.587500 0.466667 0.588021 0.467593 0.589063 0.467593 0.589583 0.468519 0.594271 0.468519 0.594792 0.467593 0.596354 0.467593 0.597396 0.465741 0.598437 0.465741 0.600521 0.462037 0.601042 0.462037 0.601042 0.461111 0.602604 0.458333 0.602604 0.456481 0.603125 0.455556 0.603125 0.454630 0.603646 0.453704 0.603646 0.446296 0.603125 0.445370 0.603125 0.443519 0.602604 0.442593 0.602604 0.441667 0.600521 0.437963 0.600000 0.437963 0.598958 0.436111 0.598437 0.436111
0 0.197396 0.318519 0.197396 0.323148 0.198437 0.325000 0.198437 0.325926 0.198958 0.325926 0.200521 0.328704 0.201042 0.328704 0.201563 0.329630 0.203125 0.329630 0.203646 0.330556 0.208854 0.330556 0.209375 0.329630 0.210938 0.329630 0.211458 0.328704 0.212500 0.328704 0.214062 0.325926 0.214583 0.325926 0.214583 0.325000 0.215104 0.324074 0.215104 0.323148 0.215625 0.322222 0.215625 0.319444 0.215104 0.318519 0.215104 0.317593 0.214583 0.316667 0.214583 0.315741 0.214062 0.314815 0.213542 0.314815 0.212500 0.312963 0.211458 0.312963 0.210938 0.312037 0.209896 0.312037 0.209375 0.311111 0.203125 0.311111 0.202604 0.312037 0.201563 0.312037 0.201042 0.312963 0.200521 0.312963 0.199479 0.314815 0.198958 0.314815 0.198437 0.315741 0.198437 0.316667
0 0.664062 0.222222 0.663542 0.223148 0.663021 0.223148 0.662500 0.224074 0.661979 0.224074 0.661458 0.225000 0.661458 0.225926 0.660417 0.227778 0.660417 0.228704 0.659896 0.229630 0.659896 0.236111 0.660417 0.237037 0.660417 0.237963 0.661979 0.240741 0.662500 0.240741 0.663021 0.241667 0.667188 0.241667 0.667708 0.240741 0.668229 0.240741 0.668750 0.239815 0.669271 0.239815 0.669271 0.238889 0.670833 0.236111 0.670833 0.235185 0.671354 0.234259 0.671354 0.227778 0.670833 0.226852 0.670833 0.225926 0.669271 0.223148 0.668229 0.223148 0.667708 0.222222
0 0.290104 0.662963 0.288542 0.665741 0.288542 0.667593 0.287500 0.669444 0.287500 0.672222 0.286979 0.673148 0.286979 0.674074 0.287500 0.675000 0.287500 0.677778 0.288021 0.678704 0.288021 0.679630 0.290625 0.684259 0.291146 0.684259 0.291667 0.685185 0.292708 0.685185 0.293229 0.686111 0.298438 0.686111 0.298958 0.685185 0.300000 0.685185 0.300521 0.684259 0.301042 0.684259 0.301563 0.683333 0.302083 0.683333 0.304688 0.678704 0.304688 0.677778 0.305208 0.676852 0.305208 0.675000 0.305729 0.674074 0.305729 0.669444 0.305208 0.668519 0.305208 0.667593 0.304688 0.666667 0.304688 0.665741 0.303125 0.662963 0.302604 0.662963 0.301563 0.661111 0.301042 0.661111 0.300521 0.660185 0.298958 0.660185 0.298438 0.659259 0.295312 0.659259 0.294792 0.660185 0.293750 0.660185 0.293229 0.661111 0.292187 0.661111 0.291146 0.662963
0 0.697917 0.380556 0.696875 0.380556 0.696354 0.379630 0.693750 0.379630 0.693229 0.378704 0.692187 0.378704 0.691667 0.379630 0.689583 0.379630 0.689063 0.380556 0.688021 0.380556 0.687500 0.381481 0.686979 0.381481 0.685937 0.383333 0.685417 0.383333 0.683854 0.386111 0.683333 0.386111 0.683333 0.387037 0.682292 0.388889 0.682292 0.389815 0.681771 0.390741 0.681771 0.392593 0.681250 0.393519 0.681250 0.394444 0.680729 0.395370 0.680729 0.401852 0.681250 0.402778 0.681250 0.404630 0.681771 0.405556 0.681771 0.406481 0.682292 0.407407 0.682292 0.408333 0.683854 0.411111 0.683854 0.412037 0.684375 0.412037 0.685417 0.413889 0.685937 0.413889 0.686458 0.414815 0.687500 0.414815 0.688021 0.415741 0.689063 0.415741 0.689583 0.416667 0.693750 0.416667 0.694271 0.415741 0.695833 0.415741 0.696354 0.414815 0.696875 0.414815 0.697396 0.413889 0.697917 0.413889 0.698438 0.412963 0.698958 0.412963 0.702083 0.407407 0.702083 0.406481 0.703125 0.404630 0.703125 0.402778 0.703646 0.401852 0.703646 0.391667 0.703125 0.390741 0.703125 0.389815 0.702604 0.388889 0.702604 0.387963 0.702083 0.387037 0.702083 0.386111 0.701562 0.386111 0.700521 0.384259 0.700521 0.383333 0.700000 0.383333 0.699479 0.382407 0.698958 0.382407
0 0.231771 0.709259 0.225521 0.709259 0.225000 0.710185 0.223958 0.710185 0.223438 0.711111 0.222917 0.711111 0.221875 0.712963 0.221354 0.712963 0.219271 0.716667 0.218750 0.716667 0.218750 0.717593 0.217708 0.719444 0.217708 0.720370 0.217188 0.721296 0.217188 0.724074 0.216667 0.725000 0.216667 0.730556 0.217188 0.731481 0.217188 0.733333 0.218229 0.735185 0.218229 0.736111 0.219792 0.738889 0.220312 0.738889 0.220833 0.739815 0.221354 0.739815 0.221875 0.740741 0.222917 0.740741 0.223438 0.741667 0.228646 0.741667 0.229167 0.740741 0.230729 0.740741 0.231771 0.738889 0.232813 0.738889 0.234896 0.735185 0.235417 0.735185 0.235937 0.734259 0.235937 0.733333 0.236979 0.731481 0.236979 0.730556 0.237500 0.729630 0.237500 0.728704 0.238021 0.727778 0.238021 0.719444 0.237500 0.718519 0.237500 0.716667 0.234896 0.712037 0.234375 0.712037 0.233333 0.710185 0.232292 0.710185
0 0.307292 0.922222 0.305208 0.925926 0.305208 0.926852 0.304688 0.927778 0.304688 0.929630 0.304167 0.930556 0.304167 0.935185 0.304688 0.936111 0.304688 0.937963 0.305208 0.938889 0.305208 0.939815 0.305729 0.940741 0.305729 0.941667 0.307292 0.944444 0.307812 0.944444 0.308854 0.946296 0.309375 0.946296 0.309896 0.947222 0.310417 0.947222 0.310937 0.948148 0.313021 0.948148 0.313542 0.949074 0.315104 0.949074 0.315625 0.948148 0.317708 0.948148 0.318229 0.947222 0.318750 0.947222 0.319271 0.946296 0.319792 0.946296 0.321875 0.942593 0.321875 0.941667 0.322396 0.940741 0.322396 0.938889 0.322917 0.937963 0.322917 0.932407 0.322396 0.931481 0.322396 0.930556 0.321875 0.929630 0.321875 0.927778 0.320312 0.925000 0.319792 0.925000 0.318229 0.922222 0.317708 0.922222 0.317188 0.921296 0.316667 0.921296 0.316146 0.920370 0.314583 0.920370 0.314063 0.919444 0.311458 0.919444 0.310937 0.920370 0.309375 0.920370 0.308854 0.921296 0.308333 0.921296 0.307812 0.922222
0 0.406771 0.792593 0.405729 0.794444 0.405208 0.794444 0.403125 0.798148 0.403125 0.799074 0.402604 0.800000 0.402604 0.800926 0.402083 0.801852 0.402083 0.803704 0.401562 0.804630 0.401562 0.809259 0.402083 0.810185 0.402083 0.812037 0.402604 0.812963 0.402604 0.814815 0.403646 0.816667 0.403646 0.817593 0.404687 0.819444 0.405208 0.819444 0.406771 0.822222 0.407292 0.822222 0.407813 0.823148 0.408854 0.823148 0.409375 0.824074 0.414062 0.824074 0.414583 0.823148 0.415625 0.823148 0.416146 0.822222 0.416667 0.822222 0.417187 0.821296 0.417708 0.821296 0.420312 0.816667 0.420312 0.815741 0.420833 0.814815 0.420833 0.813889 0.421354 0.812963 0.421354 0.803704 0.420833 0.802778 0.420833 0.800926 0.418750 0.797222 0.418750 0.796296 0.417708 0.794444 0.417187 0.794444 0.416667 0.793519 0.416146 0.793519 0.415625 0.792593 0.415104 0.792593 0.414583 0.791667 0.411979 0.791667 0.411458 0.790741 0.410938 0.790741 0.410417 0.791667 0.408333 0.791667 0.407813 0.792593
0 0.795312 0.573148 0.794271 0.573148 0.793750 0.572222 0.792708 0.572222 0.792188 0.571296 0.789062 0.571296 0.788542 0.572222 0.786979 0.572222 0.786458 0.573148 0.785937 0.573148 0.785417 0.574074 0.784375 0.574074 0.781771 0.578704 0.781771 0.579630 0.780729 0.581481 0.780729 0.583333 0.780208 0.584259 0.780208 0.589815 0.780729 0.590741 0.780729 0.592593 0.783854 0.598148 0.784375 0.598148 0.784896 0.599074 0.786458 0.599074 0.786979 0.600000 0.790625 0.600000 0.791146 0.599074 0.792708 0.599074 0.793229 0.598148 0.793750 0.598148 0.794271 0.597222 0.794792 0.597222 0.796354 0.594444 0.796875 0.594444 0.797396 0.593519 0.797396 0.592593 0.797917 0.591667 0.797917 0.590741 0.798438 0.589815 0.798438 0.588889 0.798958 0.587963 0.798958 0.581481 0.798438 0.580556 0.798438 0.578704
0 0.425521 0.389815 0.423958 0.392593 0.423958 0.393519 0.423438 0.394444 0.423438 0.395370 0.422917 0.396296 0.422917 0.398148 0.422396 0.399074 0.422396 0.404630 0.422917 0.405556 0.422917 0.407407 0.423438 0.408333 0.423438 0.409259 0.425521 0.412963 0.426042 0.412963 0.427083 0.414815 0.427604 0.414815 0.428125 0.415741 0.429167 0.415741 0.429688 0.416667 0.433333 0.416667 0.433854 0.415741 0.434896 0.415741 0.435417 0.414815 0.436458 0.414815 0.436979 0.413889 0.437500 0.413889 0.439063 0.411111 0.439063 0.410185 0.440625 0.407407 0.440625 0.405556 0.441146 0.404630 0.441146 0.396296 0.440104 0.394444 0.440104 0.392593 0.438021 0.388889 0.437500 0.388889 0.436458 0.387037 0.435417 0.387037 0.434896 0.386111 0.429167 0.386111 0.428646 0.387037 0.428125 0.387037 0.427604 0.387963 0.427083 0.387963 0.426042 0.389815
0 0.334375 0.626852 0.331771 0.631481 0.331771 0.633333 0.331250 0.634259 0.331250 0.640741 0.331771 0.641667 0.331771 0.643519 0.334896 0.649074 0.335417 0.649074 0.335938 0.650000 0.336458 0.650000 0.336979 0.650926 0.339062 0.650926 0.339583 0.651852 0.341146 0.651852 0.341667 0.650926 0.343229 0.650926 0.343750 0.650000 0.344792 0.650000 0.345833 0.648148 0.346354 0.648148 0.347917 0.645370 0.347917 0.644444 0.348438 0.643519 0.348438 0.642593 0.348958 0.641667 0.348958 0.634259 0.348438 0.633333 0.348438 0.632407 0.345313 0.626852 0.344792 0.626852 0.343750 0.625000 0.342187 0.625000 0.341667 0.624074 0.338021 0.624074 0.337500 0.625000 0.335938 0.625000 0.334896 0.626852
0 0.564063 0.275000 0.563021 0.273148 0.562500 0.273148 0.561458 0.271296 0.560937 0.271296 0.560417 0.270370 0.559896 0.270370 0.559375 0.269444 0.557292 0.269444 0.556771 0.268519 0.552083 0.268519 0.551562 0.269444 0.550000 0.269444 0.549479 0.270370 0.548438 0.270370 0.547917 0.271296 0.546875 0.271296 0.545833 0.273148 0.545312 0.273148 0.544271 0.275000 0.543750 0.275000 0.542708 0.276852 0.542708 0.277778 0.541667 0.279630 0.541667 0.281481 0.541146 0.282407 0.541146 0.284259 0.540625 0.285185 0.540625 0.287963 0.541146 0.288889 0.541146 0.290741 0.542188 0.292593 0.542188 0.293519 0.543750 0.296296 0.544271 0.296296 0.544792 0.297222 0.545312 0.297222 0.545833 0.298148 0.546354 0.298148 0.546875 0.299074 0.548958 0.299074 0.549479 0.300000 0.554167 0.300000 0.554688 0.299074 0.556250 0.299074 0.556771 0.298148 0.557813 0.298148 0.558333 0.297222 0.559375 0.297222 0.560937 0.294444 0.561458 0.294444 0.564063 0.289815 0.564063 0.288889 0.564583 0.287963 0.564583 0.287037 0.565104 0.286111 0.565104 0.278704 0.564583 0.277778 0.564583 0.276852 0.564063 0.275926
0 0.141667 0.526852 0.140104 0.529630 0.140104 0.530556 0.139583 0.531481 0.139583 0.533333 0.139063 0.534259 0.139063 0.535185 0.138542 0.536111 0.138542 0.542593 0.139063 0.543519 0.139063 0.545370 0.139583 0.546296 0.139583 0.547222 0.140625 0.549074 0.140625 0.550000 0.141146 0.550926 0.141667 0.550926 0.143229 0.553704 0.143750 0.553704 0.144792 0.555556 0.146354 0.555556 0.146875 0.556481 0.152604 0.556481 0.153125 0.555556 0.154688 0.555556 0.155729 0.553704 0.156250 0.553704 0.157292 0.551852 0.157812 0.551852 0.158333 0.550926 0.158333 0.550000 0.159375 0.548148 0.159375 0.547222 0.159896 0.546296 0.159896 0.543519 0.160417 0.542593 0.160417 0.537963 0.159896 0.537037 0.159896 0.534259 0.158333 0.531481 0.158333 0.530556 0.156771 0.527778 0.156250 0.527778 0.155729 0.526852 0.155729 0.525926 0.155208 0.525926 0.154688 0.525000 0.154167 0.525000 0.153646 0.524074 0.152604 0.524074 0.152083 0.523148 0.145833 0.523148 0.145313 0.524074 0.144271 0.524074 0.143229 0.525926 0.142708 0.525926 0.142187 0.526852
0 0.428125 0.597222 0.425000 0.602778 0.425000 0.603704 0.424479 0.604630 0.424479 0.606481 0.423958 0.607407 0.423958 0.612963 0.424479 0.613889 0.424479 0.615741 0.425000 0.616667 0.425000 0.617593 0.425521 0.618519 0.425521 0.619444 0.426042 0.619444 0.428125 0.623148 0.428646 0.623148 0.429688 0.625000 0.430729 0.625000 0.431250 0.625926 0.437500 0.625926 0.438021 0.625000 0.438542 0.625000 0.439063 0.624074 0.440104 0.624074 0.441146 0.622222 0.441667 0.622222 0.441667 0.621296 0.443750 0.617593 0.443750 0.616667 0.444271 0.615741 0.444271 0.613889 0.444792 0.612963 0.444792 0.607407 0.444271 0.606481 0.444271 0.604630 0.443750 0.603704 0.443750 0.602778 0.441146 0.598148 0.440625 0.598148 0.439583 0.596296 0.439063 0.596296 0.438542 0.595370 0.437500 0.595370 0.436979 0.594444 0.431771 0.594444 0.431250 0.595370 0.430208 0.595370 0.429688 0.596296 0.429167 0.596296 0.428646 0.597222
0 0.544792 0.880556 0.544792 0.882407 0.544271 0.883333 0.544271 0.887963 0.544792 0.888889 0.544792 0.889815 0.545312 0.890741 0.545312 0.891667 0.547917 0.896296 0.548958 0.896296 0.550000 0.898148 0.551562 0.898148 0.552083 0.899074 0.557813 0.899074 0.558333 0.898148 0.559375 0.898148 0.559896 0.897222 0.560937 0.897222 0.561979 0.895370 0.562500 0.895370 0.564583 0.891667 0.564583 0.890741 0.565104 0.889815 0.565104 0.887963 0.565625 0.887037 0.565625 0.884259 0.565104 0.883333 0.565104 0.881481 0.564583 0.880556 0.564583 0.879630 0.562500 0.875926 0.561979 0.875926 0.560937 0.874074 0.559896 0.874074 0.559375 0.873148 0.558854 0.873148 0.558333 0.872222 0.551562 0.872222 0.551042 0.873148 0.550000 0.873148 0.549479 0.874074 0.548958 0.874074 0.548438 0.875000 0.547917 0.875000
0 0.176563 0.371296 0.176042 0.372222 0.175000 0.372222 0.174479 0.373148 0.173437 0.373148 0.172396 0.375000 0.171875 0.375000 0.171875 0.375926 0.170313 0.378704 0.169792 0.378704 0.169271 0.379630 0.169271 0.380556 0.168750 0.381481 0.168750 0.382407 0.168229 0.383333 0.168229 0.386111 0.167708 0.387037 0.167708 0.390741 0.168229 0.391667 0.168229 0.394444 0.168750 0.395370 0.168750 0.396296 0.169792 0.398148 0.169792 0.399074 0.171354 0.401852 0.171875 0.401852 0.172917 0.403704 0.173958 0.403704 0.174479 0.404630 0.176042 0.404630 0.176563 0.405556 0.180729 0.405556 0.181250 0.404630 0.182292 0.404630 0.182812 0.403704 0.183854 0.403704 0.184375 0.402778 0.184896 0.402778 0.186979 0.399074 0.187500 0.399074 0.188021 0.398148 0.188021 0.397222 0.188542 0.396296 0.188542 0.395370 0.189062 0.394444 0.189062 0.393519 0.189583 0.392593 0.189583 0.389815 0.190104 0.388889 0.190104 0.386111 0.189583 0.385185 0.189583 0.383333 0.189062 0.382407 0.189062 0.380556 0.188542 0.379630 0.188542 0.378704 0.186979 0.375926 0.186458 0.375926 0.185417 0.374074 0.184896 0.374074 0.183854 0.372222 0.182292 0.372222 0.181771 0.371296
0 0.521875 0.674074 0.521875 0.681481 0.522396 0.682407 0.522396 0.683333 0.522917 0.684259 0.522917 0.685185 0.525000 0.688889 0.526042 0.688889 0.527083 0.690741 0.528125 0.690741 0.528646 0.691667 0.534896 0.691667 0.535417 0.690741 0.536458 0.690741 0.536979 0.689815 0.537500 0.689815 0.538542 0.687963 0.539062 0.687963 0.541146 0.684259 0.541146 0.683333 0.541667 0.682407 0.541667 0.680556 0.542188 0.679630 0.542188 0.677778 0.541667 0.676852 0.541667 0.675000 0.541146 0.674074 0.541146 0.673148 0.540625 0.672222 0.540625 0.671296 0.539062 0.668519 0.538542 0.668519 0.538021 0.667593 0.537500 0.667593 0.536458 0.665741 0.534896 0.665741 0.534375 0.664815 0.529167 0.664815 0.528646 0.665741 0.527604 0.665741 0.527083 0.666667 0.526042 0.666667 0.525000 0.668519 0.524479 0.668519 0.522917 0.671296 0.522917 0.672222
0 0.665104 0.496296 0.665104 0.502778 0.666146 0.504630 0.666146 0.505556 0.667708 0.508333 0.668229 0.508333 0.668750 0.509259 0.669792 0.509259 0.670312 0.510185 0.671354 0.510185 0.671875 0.511111 0.676042 0.511111 0.676562 0.510185 0.678125 0.510185 0.678646 0.509259 0.679167 0.509259 0.679688 0.508333 0.680208 0.508333 0.680729 0.507407 0.681250 0.507407 0.681771 0.506481 0.681771 0.505556 0.683333 0.502778 0.683333 0.495370 0.682813 0.494444 0.682813 0.493519 0.680729 0.489815 0.679688 0.489815 0.678646 0.487963 0.677083 0.487963 0.676562 0.487037 0.672396 0.487037 0.671875 0.487963 0.670833 0.487963 0.670312 0.488889 0.669271 0.488889 0.668229 0.490741 0.667708 0.490741 0.665625 0.494444 0.665625 0.495370
0 0.543229 0.042593 0.542708 0.043519 0.541667 0.043519 0.541146 0.044444 0.540104 0.044444 0.539062 0.046296 0.538542 0.046296 0.535937 0.050926 0.535937 0.051852 0.535417 0.052778 0.535417 0.054630 0.534896 0.055556 0.534896 0.057407 0.534375 0.058333 0.534375 0.063889 0.534896 0.064815 0.534896 0.066667 0.536458 0.069444 0.536458 0.070370 0.537500 0.072222 0.538021 0.072222 0.538542 0.073148 0.539062 0.073148 0.539583 0.074074 0.540104 0.074074 0.540625 0.075000 0.546354 0.075000 0.546875 0.074074 0.547917 0.074074 0.548438 0.073148 0.548958 0.073148 0.550521 0.070370 0.551042 0.070370 0.551042 0.069444 0.552604 0.066667 0.552604 0.065741 0.553646 0.063889 0.553646 0.061111 0.554167 0.060185 0.554167 0.054630 0.553646 0.053704 0.553646 0.052778 0.553125 0.051852 0.553125 0.050000 0.551042 0.046296 0.550521 0.046296 0.549479 0.044444 0.548958 0.044444 0.548438 0.043519 0.546875 0.043519 0.546354 0.042593
0 0.619792 0.265741 0.619792 0.272222 0.620313 0.273148 0.620313 0.274074 0.622396 0.277778 0.622917 0.277778 0.623958 0.279630 0.624479 0.279630 0.625000 0.280556 0.626563 0.280556 0.627083 0.281481 0.633854 0.281481 0.634375 0.280556 0.635417 0.280556 0.635938 0.279630 0.636458 0.279630 0.636979 0.278704 0.638021 0.278704 0.639062 0.276852 0.639583 0.276852 0.640104 0.275926 0.640104 0.275000 0.642188 0.271296 0.642188 0.268519 0.642708 0.267593 0.642708 0.265741 0.642188 0.264815 0.642188 0.263889 0.641667 0.262963 0.641667 0.262037 0.639583 0.258333 0.639062 0.258333 0.638021 0.256481 0.636979 0.256481 0.636458 0.255556 0.634896 0.255556 0.634375 0.254630 0.629167 0.254630 0.628646 0.255556 0.627083 0.255556 0.626563 0.256481 0.625521 0.256481 0.625000 0.257407 0.624479 0.257407 0.623437 0.259259 0.622917 0.259259 0.620313 0.263889 0.620313 0.264815
0 0.890104 0.943519 0.886979 0.949074 0.886979 0.950000 0.886458 0.950926 0.886458 0.957407 0.886979 0.958333 0.886979 0.959259 0.887500 0.960185 0.887500 0.961111 0.888542 0.962963 0.889062 0.962963 0.890625 0.965741 0.891667 0.965741 0.892188 0.966667 0.893229 0.966667 0.893750 0.967593 0.897917 0.967593 0.898438 0.966667 0.900000 0.966667 0.901563 0.963889 0.902604 0.963889 0.903125 0.962963 0.903125 0.962037 0.903646 0.961111 0.903646 0.960185 0.904167 0.959259 0.904167 0.957407 0.904687 0.956481 0.904687 0.953704 0.904167 0.952778 0.904167 0.950926 0.902604 0.948148 0.902604 0.947222 0.902083 0.947222 0.900000 0.943519 0.898958 0.943519 0.898438 0.942593 0.897396 0.942593 0.896875 0.941667 0.893750 0.941667 0.893229 0.942593 0.891146 0.942593 0.890625 0.943519
0 0.352083 0.279630 0.346875 0.279630 0.346354 0.280556 0.345313 0.280556 0.344271 0.282407 0.343750 0.282407 0.343229 0.283333 0.342708 0.283333 0.340625 0.287037 0.340625 0.287963 0.340104 0.288889 0.340104 0.289815 0.339583 0.290741 0.339583 0.293519 0.339062 0.294444 0.339062 0.296296 0.339583 0.297222 0.339583 0.300000 0.340625 0.301852 0.340625 0.302778 0.341146 0.303704 0.341146 0.304630 0.341667 0.305556 0.342708 0.305556 0.343750 0.307407 0.344792 0.307407 0.345313 0.308333 0.346875 0.308333 0.347396 0.309259 0.348438 0.309259 0.348958 0.308333 0.351042 0.308333 0.351562 0.307407 0.352604 0.307407 0.353646 0.305556 0.354167 0.305556 0.357292 0.300000 0.357292 0.299074 0.357812 0.298148 0.357812 0.295370 0.358333 0.294444 0.358333 0.291667 0.357812 0.290741 0.357812 0.287963 0.356771 0.286111 0.356771 0.285185 0.355208 0.282407 0.354687 0.282407 0.353646 0.280556 0.352604 0.280556
0 0.876042 0.651852 0.876042 0.654630 0.876563 0.655556 0.876563 0.657407 0.879167 0.662037 0.879687 0.662037 0.880729 0.663889 0.881771 0.663889 0.882292 0.664815 0.883854 0.664815 0.884375 0.665741 0.888542 0.665741 0.889062 0.664815 0.890625 0.664815 0.891146 0.663889 0.892188 0.663889 0.894271 0.660185 0.894792 0.660185 0.894792 0.659259 0.896354 0.656481 0.896354 0.650000 0.895312 0.648148 0.895312 0.647222 0.893750 0.644444 0.893229 0.644444 0.892188 0.642593 0.891667 0.642593 0.891146 0.641667 0.890104 0.641667 0.889583 0.640741 0.882812 0.640741 0.882292 0.641667 0.881250 0.641667 0.880729 0.642593 0.880208 0.642593 0.879687 0.643519 0.879167 0.643519 0.877083 0.647222 0.877083 0.648148 0.876563 0.649074 0.876563 0.650926
0 0.075000 0.868519 0.074479 0.869444 0.072917 0.869444 0.072396 0.870370 0.071875 0.870370 0.070833 0.872222 0.070312 0.872222 0.067187 0.877778 0.067187 0.879630 0.066667 0.880556 0.066667 0.881481 0.066146 0.882407 0.066146 0.886111 0.065625 0.887037 0.066146 0.887963 0.066146 0.892593 0.066667 0.893519 0.066667 0.894444 0.067187 0.895370 0.067187 0.896296 0.068229 0.898148 0.068229 0.899074 0.069271 0.900926 0.069792 0.900926 0.070833 0.902778 0.071354 0.902778 0.071875 0.903704 0.072917 0.903704 0.073438 0.904630 0.078646 0.904630 0.079167 0.903704 0.080208 0.903704 0.080729 0.902778 0.081250 0.902778 0.081771 0.901852 0.082292 0.901852 0.082812 0.900926 0.083333 0.900926 0.083333 0.900000 0.083854 0.899074 0.084375 0.899074 0.085417 0.897222 0.085417 0.896296 0.086458 0.894444 0.086458 0.892593 0.086979 0.891667 0.086979 0.888889 0.087500 0.887963 0.087500 0.884259 0.086979 0.883333 0.086979 0.880556 0.086458 0.879630 0.086458 0.877778 0.084896 0.875000 0.084896 0.874074 0.083854 0.872222 0.083333 0.872222 0.082292 0.870370 0.081771 0.870370 0.081250 0.869444 0.079687 0.869444 0.079167 0.868519
0 0.470313 0.579630 0.469792 0.580556 0.468750 0.580556 0.464583 0.587963 0.464583 0.588889 0.464062 0.589815 0.464062 0.599074 0.464583 0.600000 0.464583 0.601852 0.466667 0.605556 0.467187 0.605556 0.468229 0.607407 0.469792 0.607407 0.470313 0.608333 0.473438 0.608333 0.473958 0.607407 0.475000 0.607407 0.475521 0.606481 0.476042 0.606481 0.476562 0.605556 0.477083 0.605556 0.479687 0.600926 0.479687 0.599074 0.480208 0.598148 0.480208 0.597222 0.480729 0.596296 0.480729 0.588889 0.480208 0.587963 0.480208 0.587037 0.479167 0.585185 0.479167 0.584259 0.477604 0.581481 0.477083 0.581481 0.476562 0.580556 0.476042 0.580556 0.475521 0.579630
0 0.137500 0.935185 0.137500 0.941667 0.138021 0.942593 0.138021 0.943519 0.141146 0.949074 0.142187 0.949074 0.142708 0.950000 0.144271 0.950000 0.144792 0.950926 0.149479 0.950926 0.150000 0.950000 0.151562 0.950000 0.152083 0.949074 0.153125 0.949074 0.154167 0.947222 0.155208 0.947222 0.158333 0.941667 0.158333 0.940741 0.158854 0.939815 0.158854 0.937963 0.159375 0.937037 0.159375 0.933333 0.158854 0.932407 0.158854 0.930556 0.158333 0.929630 0.158333 0.928704 0.156771 0.925926 0.156250 0.925926 0.155729 0.925000 0.155208 0.925000 0.154688 0.924074 0.153646 0.924074 0.153125 0.923148 0.145833 0.923148 0.145313 0.924074 0.144271 0.924074 0.143750 0.925000 0.143229 0.925000 0.142708 0.925926 0.142187 0.925926 0.141146 0.927778 0.140625 0.927778 0.138542 0.931481 0.138542 0.932407 0.138021 0.933333 0.138021 0.934259
0 0.692708 0.486111 0.688021 0.486111 0.687500 0.487037 0.686458 0.487037 0.685417 0.488889 0.684896 0.488889 0.681771 0.494444 0.681771 0.496296 0.681250 0.497222 0.681250 0.498148 0.680729 0.499074 0.680729 0.508333 0.681250 0.509259 0.681250 0.510185 0.681771 0.511111 0.681771 0.512037 0.683333 0.514815 0.683854 0.514815 0.684375 0.515741 0.684896 0.515741 0.685417 0.516667 0.686979 0.516667 0.687500 0.517593 0.689063 0.517593 0.689583 0.516667 0.691146 0.516667 0.691667 0.515741 0.692187 0.515741 0.692708 0.514815 0.693229 0.514815 0.694271 0.512963 0.694792 0.512963 0.694792 0.512037 0.696875 0.508333 0.696875 0.507407 0.697396 0.506481 0.697396 0.504630 0.697917 0.503704 0.697917 0.495370 0.697396 0.494444 0.697396 0.493519 0.696875 0.492593 0.696875 0.491667 0.694792 0.487963 0.694271 0.487963 0.693750 0.487037 0.693229 0.487037
0 0.512500 0.783333 0.506250 0.783333 0.505729 0.784259 0.504687 0.784259 0.504167 0.785185 0.503646 0.785185 0.503125 0.786111 0.502604 0.786111 0.501042 0.788889 0.500521 0.788889 0.499479 0.790741 0.499479 0.791667 0.498437 0.793519 0.498437 0.794444 0.497917 0.795370 0.497917 0.797222 0.497396 0.798148 0.497396 0.805556 0.497917 0.806481 0.497917 0.807407 0.498437 0.808333 0.498437 0.809259 0.500521 0.812963 0.501042 0.812963 0.502083 0.814815 0.503125 0.814815 0.503646 0.815741 0.509375 0.815741 0.509896 0.814815 0.511458 0.814815 0.512500 0.812963 0.513021 0.812963 0.513542 0.812037 0.514062 0.812037 0.515104 0.810185 0.515625 0.810185 0.516146 0.809259 0.516146 0.808333 0.517708 0.805556 0.517708 0.804630 0.518229 0.803704 0.518229 0.801852 0.518750 0.800926 0.518750 0.793519 0.518229 0.792593 0.518229 0.791667 0.517708 0.790741 0.517708 0.789815 0.515625 0.786111 0.515104 0.786111 0.514062 0.784259 0.513021 0.784259
0 0.013021 0.948148 0.013021 0.952778 0.013542 0.953704 0.013542 0.954630 0.015625 0.958333 0.016146 0.958333 0.016667 0.959259 0.017188 0.959259 0.017708 0.960185 0.018750 0.960185 0.019271 0.961111 0.020833 0.961111 0.021354 0.962037 0.026562 0.962037 0.027083 0.961111 0.028125 0.961111 0.028646 0.960185 0.029687 0.960185 0.030208 0.959259 0.030729 0.959259 0.031250 0.958333 0.031771 0.958333 0.032813 0.956481 0.032813 0.955556 0.033333 0.954630 0.033333 0.953704 0.033854 0.952778 0.033854 0.950000 0.033333 0.949074 0.033333 0.948148 0.032292 0.946296 0.032292 0.945370 0.031771 0.944444 0.031250 0.944444 0.029687 0.941667 0.028646 0.941667 0.028125 0.940741 0.027083 0.940741 0.026562 0.939815 0.018750 0.939815 0.018229 0.940741 0.017188 0.940741 0.016667 0.941667 0.016146 0.941667 0.013542 0.946296 0.013542 0.947222
0 0.372396 0.267593 0.372396 0.268519 0.372917 0.269444 0.372917 0.271296 0.373437 0.272222 0.373437 0.273148 0.374479 0.275000 0.374479 0.275926 0.375000 0.276852 0.375521 0.276852 0.376042 0.277778 0.376563 0.277778 0.377083 0.278704 0.377604 0.278704 0.378125 0.279630 0.378646 0.279630 0.379167 0.280556 0.380208 0.280556 0.380729 0.281481 0.387500 0.281481 0.388021 0.280556 0.389062 0.280556 0.389583 0.279630 0.390625 0.279630 0.391667 0.277778 0.392188 0.277778 0.394792 0.273148 0.394792 0.272222 0.395313 0.271296 0.395313 0.264815 0.394792 0.263889 0.394792 0.262963 0.391667 0.257407 0.391146 0.257407 0.390625 0.256481 0.389583 0.256481 0.389062 0.255556 0.388021 0.255556 0.387500 0.254630 0.380208 0.254630 0.379688 0.255556 0.378646 0.255556 0.378125 0.256481 0.377083 0.256481 0.374479 0.261111 0.373958 0.261111 0.373958 0.262037 0.372917 0.263889 0.372917 0.266667
0 0.327083 0.446296 0.326562 0.447222 0.326042 0.447222 0.322917 0.452778 0.322917 0.453704 0.322396 0.454630 0.322396 0.463889 0.322917 0.464815 0.322917 0.466667 0.323958 0.468519 0.323958 0.469444 0.326042 0.473148 0.327083 0.473148 0.328125 0.475000 0.332292 0.475000 0.332813 0.474074 0.333854 0.474074 0.334375 0.473148 0.334896 0.473148 0.336979 0.469444 0.336979 0.468519 0.337500 0.467593 0.337500 0.465741 0.338021 0.464815 0.338021 0.458333 0.337500 0.457407 0.337500 0.455556 0.336979 0.454630 0.336979 0.452778 0.334375 0.448148 0.333854 0.448148 0.332813 0.446296 0.331250 0.446296 0.330729 0.445370 0.329167 0.445370 0.328646 0.446296
0 0.720833 0.740741 0.720833 0.742593 0.720313 0.743519 0.720313 0.744444 0.719792 0.745370 0.719792 0.750926 0.720313 0.751852 0.720313 0.752778 0.720833 0.753704 0.720833 0.754630 0.722917 0.758333 0.723437 0.758333 0.724479 0.760185 0.725000 0.760185 0.725521 0.761111 0.726562 0.761111 0.727083 0.762037 0.728646 0.762037 0.729167 0.762963 0.733333 0.762963 0.733854 0.762037 0.735417 0.762037 0.735938 0.761111 0.736458 0.761111 0.736979 0.760185 0.738021 0.760185 0.740625 0.755556 0.740625 0.754630 0.741146 0.753704 0.741146 0.752778 0.741667 0.751852 0.741667 0.747222 0.741146 0.746296 0.741146 0.744444 0.740625 0.743519 0.740625 0.742593 0.740104 0.741667 0.740104 0.740741 0.739062 0.738889 0.738542 0.738889 0.737500 0.737037 0.736979 0.737037 0.736458 0.736111 0.735417 0.736111 0.734896 0.735185 0.733854 0.735185 0.733333 0.734259 0.727083 0.734259 0.726562 0.735185 0.725521 0.735185 0.725000 0.736111 0.723958 0.736111 0.722917 0.737963 0.722396 0.737963
0 0.582812 0.661111 0.581771 0.661111 0.581250 0.660185 0.580729 0.660185 0.580208 0.659259 0.577604 0.659259 0.577083 0.658333 0.576562 0.659259 0.573438 0.659259 0.572917 0.660185 0.572396 0.660185 0.571875 0.661111 0.571354 0.661111 0.570833 0.662037 0.570312 0.662037 0.569792 0.662963 0.569271 0.662963 0.567708 0.665741 0.567708 0.666667 0.566667 0.668519 0.566667 0.670370 0.566146 0.671296 0.566146 0.673148 0.565625 0.674074 0.565625 0.678704 0.566146 0.679630 0.566146 0.681481 0.566667 0.682407 0.566667 0.683333 0.568229 0.686111 0.568750 0.686111 0.569792 0.687963 0.570312 0.687963 0.570833 0.688889 0.571354 0.688889 0.571875 0.689815 0.578125 0.689815 0.578646 0.688889 0.579688 0.688889 0.580208 0.687963 0.580729 0.687963 0.581250 0.687037 0.581771 0.687037 0.582812 0.685185 0.583333 0.685185 0.583854 0.684259 0.583854 0.683333 0.584896 0.681481 0.584896 0.680556 0.585938 0.678704 0.585938 0.676852 0.586458 0.675926 0.586458 0.670370 0.585938 0.669444 0.585938 0.667593 0.584896 0.665741 0.584896 0.664815 0.584375 0.663889 0.583854 0.663889 0.583333 0.662963 0.583333 0.662037
0 0.238021 0.135185 0.237500 0.136111 0.235937 0.136111 0.235417 0.137037 0.234896 0.137037 0.233854 0.138889 0.233333 0.138889 0.231250 0.142593 0.230729 0.142593 0.230729 0.143519 0.230208 0.144444 0.230208 0.145370 0.229687 0.146296 0.229687 0.147222 0.229167 0.148148 0.229167 0.150926 0.228646 0.151852 0.228646 0.153704 0.229167 0.154630 0.229167 0.158333 0.230208 0.160185 0.230208 0.161111 0.232292 0.164815 0.232813 0.164815 0.233333 0.165741 0.233854 0.165741 0.234375 0.166667 0.234896 0.166667 0.235417 0.167593 0.241146 0.167593 0.241667 0.166667 0.243229 0.166667 0.243750 0.165741 0.244271 0.165741 0.244792 0.164815 0.245312 0.164815 0.247396 0.161111 0.247917 0.161111 0.248438 0.160185 0.248438 0.159259 0.248958 0.158333 0.248958 0.157407 0.249479 0.156481 0.249479 0.155556 0.250000 0.154630 0.250000 0.152778 0.250521 0.151852 0.250521 0.148148 0.250000 0.147222 0.250000 0.144444 0.248958 0.142593 0.248958 0.141667 0.246875 0.137963 0.246354 0.137963 0.245833 0.137037 0.245312 0.137037 0.244792 0.136111 0.243750 0.136111 0.243229 0.135185
0 0.594792 0.019444 0.592708 0.023148 0.592187 0.023148 0.592187 0.025000 0.591146 0.026852 0.591146 0.027778 0.590625 0.028704 0.590625 0.036111 0.591146 0.037037 0.591146 0.038889 0.591667 0.039815 0.591667 0.040741 0.593750 0.044444 0.594271 0.044444 0.595313 0.046296 0.595833 0.046296 0.596354 0.047222 0.597396 0.047222 0.597917 0.048148 0.604167 0.048148 0.604688 0.047222 0.605729 0.047222 0.606250 0.046296 0.606771 0.046296 0.607812 0.044444 0.608333 0.044444 0.608854 0.043519 0.608854 0.042593 0.610417 0.039815 0.610417 0.038889 0.610938 0.037963 0.610938 0.036111 0.611458 0.035185 0.611458 0.030556 0.610938 0.029630 0.610938 0.027778 0.610417 0.026852 0.610417 0.025926 0.608333 0.022222 0.608333 0.021296 0.607812 0.021296 0.606771 0.019444 0.605729 0.019444 0.604688 0.017593 0.602604 0.017593 0.602083 0.016667 0.600000 0.016667 0.599479 0.017593 0.597396 0.017593 0.596875 0.018519 0.595833 0.018519 0.595313 0.019444
0 0.196875 0.666667 0.196354 0.666667 0.195833 0.665741 0.195312 0.665741 0.194792 0.664815 0.193750 0.664815 0.193229 0.663889 0.189062 0.663889 0.188542 0.664815 0.187500 0.664815 0.186979 0.665741 0.186458 0.665741 0.185938 0.666667 0.185417 0.666667 0.184375 0.668519 0.183854 0.668519 0.182292 0.671296 0.182292 0.673148 0.181250 0.675000 0.181250 0.676852 0.180729 0.677778 0.180729 0.682407 0.181250 0.683333 0.181250 0.685185 0.181771 0.686111 0.181771 0.687037 0.183854 0.690741 0.184375 0.690741 0.184896 0.691667 0.185417 0.691667 0.185938 0.692593 0.191667 0.692593 0.192188 0.691667 0.193229 0.691667 0.194271 0.689815 0.195312 0.689815 0.198437 0.684259 0.198437 0.682407 0.198958 0.681481 0.198958 0.680556 0.199479 0.679630 0.199479 0.674074 0.198958 0.673148 0.198958 0.671296 0.198437 0.670370 0.198437 0.669444
0 0.592187 0.152778 0.586979 0.152778 0.586458 0.153704 0.585417 0.153704 0.584896 0.154630 0.584375 0.154630 0.583854 0.155556 0.583333 0.155556 0.582812 0.156481 0.582292 0.156481 0.582292 0.157407 0.579688 0.162037 0.579688 0.162963 0.579167 0.163889 0.579167 0.164815 0.578646 0.165741 0.578646 0.175000 0.579167 0.175926 0.579167 0.176852 0.579688 0.177778 0.579688 0.178704 0.581250 0.181481 0.581250 0.182407 0.581771 0.183333 0.582292 0.183333 0.582812 0.184259 0.583333 0.184259 0.583854 0.185185 0.584375 0.185185 0.584896 0.186111 0.588021 0.186111 0.588542 0.187037 0.589063 0.186111 0.591667 0.186111 0.592187 0.185185 0.593229 0.185185 0.593750 0.184259 0.594271 0.184259 0.595833 0.181481 0.596354 0.181481 0.597396 0.179630 0.597396 0.178704 0.598437 0.176852 0.598437 0.175926 0.598958 0.175000 0.598958 0.173148 0.599479 0.172222 0.599479 0.164815 0.598958 0.163889 0.598958 0.162963 0.598437 0.162037 0.598437 0.160185 0.596875 0.157407 0.596354 0.157407 0.595833 0.156481 0.595833 0.155556 0.594792 0.155556 0.593750 0.153704 0.592708 0.153704
0 0.956771 0.850926 0.956250 0.851852 0.954688 0.851852 0.954167 0.852778 0.953646 0.852778 0.949479 0.860185 0.949479 0.861111 0.948958 0.862037 0.948958 0.863889 0.948438 0.864815 0.948438 0.870370 0.948958 0.871296 0.948958 0.873148 0.949479 0.874074 0.949479 0.875000 0.952083 0.879630 0.952604 0.879630 0.953125 0.880556 0.953646 0.880556 0.954167 0.881481 0.959896 0.881481 0.960417 0.880556 0.961458 0.880556 0.963021 0.877778 0.963542 0.877778 0.965625 0.874074 0.965625 0.873148 0.966146 0.872222 0.966146 0.870370 0.966667 0.869444 0.966667 0.862037 0.966146 0.861111 0.966146 0.859259 0.965104 0.857407 0.965104 0.856481 0.964583 0.855556 0.964063 0.855556 0.962500 0.852778 0.961979 0.852778 0.961458 0.851852 0.959896 0.851852 0.959375 0.850926
0 0.512500 0.325000 0.512500 0.331481 0.513021 0.332407 0.513021 0.333333 0.515625 0.337963 0.516146 0.337963 0.516667 0.338889 0.517188 0.338889 0.517708 0.339815 0.519271 0.339815 0.519792 0.340741 0.525521 0.340741 0.526042 0.339815 0.527083 0.339815 0.527604 0.338889 0.528646 0.338889 0.529167 0.337963 0.529687 0.337963 0.532813 0.332407 0.532813 0.331481 0.533333 0.330556 0.533333 0.324074 0.532813 0.323148 0.532813 0.321296 0.530208 0.316667 0.529167 0.316667 0.528646 0.315741 0.528125 0.315741 0.527604 0.314815 0.525521 0.314815 0.525000 0.313889 0.521354 0.313889 0.520833 0.314815 0.519271 0.314815 0.518750 0.315741 0.517708 0.315741 0.516667 0.317593 0.516146 0.317593 0.515625 0.318519 0.515104 0.318519 0.514062 0.320370 0.514062 0.321296 0.513021 0.323148 0.513021 0.324074
0 0.501563 0.536111 0.501563 0.537963 0.501042 0.538889 0.501042 0.542593 0.501563 0.543519 0.501563 0.544444 0.505208 0.550926 0.506250 0.550926 0.506771 0.551852 0.508333 0.551852 0.508854 0.552778 0.513542 0.552778 0.514062 0.551852 0.515625 0.551852 0.516146 0.550926 0.517188 0.550926 0.520833 0.544444 0.520833 0.542593 0.521354 0.541667 0.521354 0.539815 0.520833 0.538889 0.520833 0.536111 0.518750 0.532407 0.518229 0.532407 0.517188 0.530556 0.516146 0.530556 0.515625 0.529630 0.514062 0.529630 0.513542 0.528704 0.508333 0.528704 0.507812 0.529630 0.506771 0.529630 0.506250 0.530556 0.505208 0.530556 0.503646 0.533333 0.503125 0.533333
0 0.630208 0.735185 0.629687 0.736111 0.629167 0.736111 0.627083 0.739815 0.627083 0.740741 0.626042 0.742593 0.626042 0.745370 0.625521 0.746296 0.625521 0.750000 0.626042 0.750926 0.626042 0.753704 0.627083 0.755556 0.627083 0.756481 0.629167 0.760185 0.629687 0.760185 0.630729 0.762037 0.631771 0.762037 0.632292 0.762963 0.636458 0.762963 0.636979 0.762037 0.637500 0.762037 0.638021 0.761111 0.638542 0.761111 0.639062 0.760185 0.639583 0.760185 0.640625 0.758333 0.640625 0.757407 0.641146 0.756481 0.641146 0.755556 0.641667 0.754630 0.641667 0.751852 0.642188 0.750926 0.642188 0.748148 0.641667 0.747222 0.641667 0.744444 0.641146 0.743519 0.641146 0.742593 0.637500 0.736111 0.636458 0.736111 0.635938 0.735185 0.634375 0.735185 0.633854 0.734259 0.632292 0.734259 0.631771 0.735185
0 0.781250 0.265741 0.780208 0.265741 0.779687 0.264815 0.775521 0.264815 0.775000 0.265741 0.772917 0.265741 0.771875 0.267593 0.770833 0.267593 0.769792 0.269444 0.769271 0.269444 0.769271 0.270370 0.767188 0.274074 0.767188 0.275000 0.766146 0.276852 0.766146 0.277778 0.765625 0.278704 0.765625 0.287963 0.766146 0.288889 0.766146 0.289815 0.767188 0.291667 0.767188 0.292593 0.768750 0.295370 0.769792 0.295370 0.770312 0.296296 0.770833 0.296296 0.771354 0.297222 0.773438 0.297222 0.773958 0.298148 0.775521 0.298148 0.776042 0.297222 0.778125 0.297222 0.778646 0.296296 0.779167 0.296296 0.779687 0.295370 0.780208 0.295370 0.780729 0.294444 0.781771 0.294444 0.781771 0.293519 0.782292 0.292593 0.782813 0.292593 0.784375 0.289815 0.784375 0.288889 0.785417 0.287037 0.785417 0.286111 0.785937 0.285185 0.785937 0.284259 0.786458 0.283333 0.786458 0.275000 0.785417 0.273148 0.785417 0.271296 0.783854 0.268519 0.783333 0.268519 0.782292 0.266667 0.781771 0.266667
0 0.622917 0.044444 0.622917 0.045370 0.620833 0.049074 0.620833 0.050000 0.620313 0.050926 0.620313 0.051852 0.619792 0.052778 0.619792 0.061111 0.620313 0.062037 0.620313 0.063889 0.620833 0.064815 0.620833 0.065741 0.623958 0.071296 0.624479 0.071296 0.625521 0.073148 0.626563 0.073148 0.627083 0.074074 0.628125 0.074074 0.628646 0.075000 0.634375 0.075000 0.634896 0.074074 0.636458 0.074074 0.637500 0.072222 0.638542 0.072222 0.641146 0.067593 0.641146 0.066667 0.641667 0.065741 0.641667 0.064815 0.642188 0.063889 0.642188 0.061111 0.642708 0.060185 0.642708 0.056481 0.642188 0.055556 0.642188 0.052778 0.641667 0.051852 0.641667 0.050926 0.641146 0.050000 0.641146 0.049074 0.639583 0.046296 0.639062 0.046296 0.638542 0.045370 0.638542 0.044444 0.638021 0.044444 0.637500 0.043519 0.636979 0.043519 0.636458 0.042593 0.635938 0.042593 0.635417 0.041667 0.634375 0.041667 0.633854 0.040741 0.627083 0.040741 0.626563 0.041667 0.626042 0.041667 0.625521 0.042593 0.624479 0.042593 0.623437 0.044444
0 0.057813 0.749074 0.057813 0.751852 0.058333 0.752778 0.058333 0.753704 0.060937 0.758333 0.061458 0.758333 0.061979 0.759259 0.062500 0.759259 0.063021 0.760185 0.064062 0.760185 0.064583 0.761111 0.066667 0.761111 0.067187 0.762037 0.072917 0.762037 0.073438 0.761111 0.075000 0.761111 0.075521 0.760185 0.076563 0.760185 0.077083 0.759259 0.077604 0.759259 0.078646 0.757407 0.079167 0.757407 0.080208 0.755556 0.080208 0.754630 0.080729 0.753704 0.080729 0.752778 0.081250 0.751852 0.081250 0.750000 0.080729 0.749074 0.080729 0.746296 0.079167 0.743519 0.078646 0.743519 0.078125 0.742593 0.077604 0.742593 0.077083 0.741667 0.076563 0.741667 0.076042 0.740741 0.075521 0.740741 0.075000 0.739815 0.072917 0.739815 0.072396 0.738889 0.065625 0.738889 0.065104 0.739815 0.064062 0.739815 0.063542 0.740741 0.061979 0.740741 0.060937 0.742593 0.060417 0.742593 0.058854 0.745370 0.058854 0.746296 0.058333 0.747222 0.058333 0.748148
0 0.796354 0.218519 0.796354 0.219444 0.796875 0.220370 0.796875 0.222222 0.797917 0.224074 0.798438 0.224074 0.798958 0.225000 0.799479 0.225000 0.800000 0.225926 0.801562 0.225926 0.802083 0.226852 0.805208 0.226852 0.805729 0.225926 0.807292 0.225926 0.807813 0.225000 0.808333 0.225000 0.809375 0.223148 0.809375 0.222222 0.809896 0.221296 0.809896 0.217593 0.807292 0.212963 0.806250 0.212963 0.805729 0.212037 0.800000 0.212037 0.799479 0.212963 0.798958 0.212963 0.798438 0.213889 0.797917 0.213889 0.796875 0.215741 0.796875 0.217593
0 0.588542 0.103704 0.585417 0.109259 0.585417 0.111111 0.584896 0.112037 0.584896 0.113889 0.584375 0.114815 0.584375 0.118519 0.584896 0.119444 0.584896 0.122222 0.585417 0.123148 0.585417 0.124074 0.585938 0.125000 0.585938 0.125926 0.589583 0.132407 0.590104 0.132407 0.590625 0.133333 0.591667 0.133333 0.592187 0.134259 0.598437 0.134259 0.598958 0.133333 0.599479 0.133333 0.600000 0.132407 0.600521 0.132407 0.602604 0.128704 0.602604 0.127778 0.603646 0.125926 0.603646 0.124074 0.604167 0.123148 0.604167 0.116667 0.603646 0.115741 0.603646 0.113889 0.603125 0.112963 0.603125 0.112037 0.602083 0.110185 0.602083 0.109259 0.601562 0.108333 0.601042 0.108333 0.599479 0.105556 0.598958 0.105556 0.597917 0.103704 0.597396 0.103704 0.596875 0.102778 0.594792 0.102778 0.594271 0.101852 0.592187 0.101852 0.591667 0.102778 0.590104 0.102778 0.589583 0.103704
0 0.472396 0.608333 0.471875 0.609259 0.470833 0.609259 0.470313 0.610185 0.469792 0.610185 0.469271 0.611111 0.468750 0.611111 0.467187 0.613889 0.466667 0.613889 0.465104 0.616667 0.465104 0.618519 0.464062 0.620370 0.464062 0.627778 0.464583 0.628704 0.464583 0.629630 0.465104 0.630556 0.465104 0.631481 0.466667 0.634259 0.467187 0.634259 0.468229 0.636111 0.469271 0.636111 0.469792 0.637037 0.476562 0.637037 0.477083 0.636111 0.478125 0.636111 0.478646 0.635185 0.479167 0.635185 0.479687 0.634259 0.480208 0.634259 0.480729 0.633333 0.481250 0.633333 0.482292 0.631481 0.482292 0.630556 0.483854 0.627778 0.483854 0.626852 0.484375 0.625926 0.484375 0.623148 0.484896 0.622222 0.484896 0.619444 0.484375 0.618519 0.484375 0.616667 0.483854 0.615741 0.483854 0.614815 0.481771 0.611111 0.481250 0.611111 0.480208 0.609259 0.479167 0.609259 0.478646 0.608333
0 0.277604 0.125000 0.272396 0.125000 0.271875 0.125926 0.270833 0.125926 0.270313 0.126852 0.269792 0.126852 0.269271 0.127778 0.268750 0.127778 0.267708 0.129630 0.267188 0.129630 0.266146 0.131481 0.266146 0.132407 0.265625 0.133333 0.265625 0.134259 0.265104 0.135185 0.265104 0.136111 0.264583 0.137037 0.264583 0.144444 0.265104 0.145370 0.265104 0.146296 0.268229 0.151852 0.269271 0.151852 0.269792 0.152778 0.272396 0.152778 0.272917 0.153704 0.273438 0.152778 0.276042 0.152778 0.276562 0.151852 0.277604 0.151852 0.278125 0.150926 0.278646 0.150926 0.280208 0.148148 0.280729 0.148148 0.282292 0.145370 0.282292 0.144444 0.282813 0.143519 0.282813 0.142593 0.283333 0.141667 0.283333 0.134259 0.282813 0.133333 0.282813 0.131481 0.280208 0.126852 0.279167 0.126852 0.278646 0.125926 0.278125 0.125926
0 0.401042 0.117593 0.400521 0.118519 0.400000 0.118519 0.399479 0.119444 0.398958 0.119444 0.397917 0.121296 0.397396 0.121296 0.395833 0.124074 0.395833 0.125926 0.395313 0.126852 0.395313 0.127778 0.394792 0.128704 0.394792 0.136111 0.395313 0.137037 0.395313 0.138889 0.396354 0.140741 0.396354 0.141667 0.397917 0.144444 0.398438 0.144444 0.399479 0.146296 0.400000 0.146296 0.400521 0.147222 0.401562 0.147222 0.402083 0.148148 0.407813 0.148148 0.408333 0.147222 0.409375 0.147222 0.409896 0.146296 0.410417 0.146296 0.411979 0.143519 0.412500 0.143519 0.413021 0.142593 0.413021 0.141667 0.413542 0.140741 0.413542 0.139815 0.414062 0.138889 0.414062 0.137037 0.414583 0.136111 0.414583 0.129630 0.414062 0.128704 0.414062 0.127778 0.413542 0.126852 0.413542 0.125000 0.411979 0.122222 0.411458 0.122222 0.410938 0.121296 0.410938 0.120370 0.410417 0.119444 0.409375 0.119444 0.408854 0.118519 0.408333 0.118519 0.407813 0.117593 0.406250 0.117593 0.405729 0.116667 0.403646 0.116667 0.403125 0.117593
0 0.586458 0.865741 0.586458 0.869444 0.586979 0.870370 0.586979 0.871296 0.588021 0.873148 0.588021 0.874074 0.589063 0.875926 0.589583 0.875926 0.590625 0.877778 0.591667 0.877778 0.592187 0.878704 0.593229 0.878704 0.593750 0.879630 0.599479 0.879630 0.600000 0.878704 0.601042 0.878704 0.601562 0.877778 0.602604 0.877778 0.603125 0.876852 0.603646 0.876852 0.606771 0.871296 0.606771 0.870370 0.607292 0.869444 0.607292 0.863889 0.606771 0.862963 0.606771 0.861111 0.604688 0.857407 0.603646 0.857407 0.603125 0.856481 0.602604 0.856481 0.602083 0.855556 0.601042 0.855556 0.600521 0.854630 0.594271 0.854630 0.593750 0.855556 0.592708 0.855556 0.592187 0.856481 0.591146 0.856481 0.589583 0.859259 0.589063 0.859259 0.588021 0.861111 0.588021 0.862037 0.586979 0.863889 0.586979 0.864815
0 0.421875 0.762037 0.418750 0.767593 0.418750 0.768519 0.418229 0.769444 0.418229 0.770370 0.417708 0.771296 0.417708 0.772222 0.417187 0.773148 0.417187 0.781481 0.417708 0.782407 0.417708 0.783333 0.418229 0.784259 0.418229 0.785185 0.418750 0.786111 0.418750 0.787037 0.419271 0.787963 0.419792 0.787963 0.421354 0.790741 0.421875 0.790741 0.422396 0.791667 0.422917 0.791667 0.423438 0.792593 0.423958 0.792593 0.424479 0.793519 0.430208 0.793519 0.430729 0.792593 0.432292 0.792593 0.432812 0.791667 0.433333 0.791667 0.433854 0.790741 0.434375 0.790741 0.434896 0.789815 0.435417 0.789815 0.435937 0.788889 0.435937 0.787963 0.436458 0.787037 0.436979 0.787037 0.436979 0.786111 0.438021 0.784259 0.438021 0.783333 0.438542 0.782407 0.438542 0.781481 0.439063 0.780556 0.439063 0.778704 0.439583 0.777778 0.439583 0.774074 0.439063 0.773148 0.439063 0.770370 0.438542 0.769444 0.438542 0.768519 0.438021 0.767593 0.438021 0.766667 0.436458 0.763889 0.435937 0.763889 0.434896 0.762037 0.434375 0.762037 0.433333 0.760185 0.431771 0.760185 0.431250 0.759259 0.426042 0.759259 0.425521 0.760185 0.424479 0.760185 0.423958 0.761111 0.423438 0.761111 0.422917 0.762037
0 0.231250 0.491667 0.230208 0.491667 0.229687 0.490741 0.229167 0.490741 0.228646 0.489815 0.226042 0.489815 0.225521 0.490741 0.223958 0.490741 0.222917 0.492593 0.222396 0.492593 0.219271 0.498148 0.219271 0.499074 0.218750 0.500000 0.218750 0.500926 0.218229 0.501852 0.218229 0.511111 0.218750 0.512037 0.218750 0.512963 0.219271 0.513889 0.219271 0.514815 0.220312 0.516667 0.220833 0.516667 0.221875 0.518519 0.222396 0.518519 0.222917 0.519444 0.227604 0.519444 0.228125 0.518519 0.228646 0.518519 0.229167 0.517593 0.229687 0.517593 0.233854 0.510185 0.233854 0.508333 0.234375 0.507407 0.234375 0.499074 0.233854 0.498148 0.233854 0.497222 0.233333 0.496296 0.233333 0.495370
0 0.514062 0.025926 0.514062 0.026852 0.513542 0.027778 0.513542 0.028704 0.513021 0.029630 0.513021 0.037963 0.513542 0.038889 0.513542 0.039815 0.514062 0.040741 0.514062 0.041667 0.515625 0.044444 0.515625 0.045370 0.516146 0.046296 0.517188 0.046296 0.518229 0.048148 0.518750 0.048148 0.519271 0.049074 0.520312 0.049074 0.520833 0.050000 0.525000 0.050000 0.525521 0.049074 0.526563 0.049074 0.527083 0.048148 0.527604 0.048148 0.528125 0.047222 0.528646 0.047222 0.530208 0.044444 0.530208 0.043519 0.530729 0.042593 0.530729 0.041667 0.531250 0.040741 0.531250 0.039815 0.531771 0.038889 0.531771 0.032407 0.531250 0.031481 0.531250 0.029630 0.530208 0.027778 0.530208 0.026852 0.529687 0.025926 0.529687 0.025000 0.529167 0.024074 0.528646 0.024074 0.527604 0.022222 0.527083 0.022222 0.526563 0.021296 0.526042 0.021296 0.525521 0.020370 0.524479 0.020370 0.523958 0.019444 0.519271 0.019444 0.518750 0.020370 0.518229 0.020370 0.517708 0.021296 0.517188 0.021296 0.516667 0.022222 0.516146 0.022222
0 0.327604 0.040741 0.327083 0.040741 0.326562 0.039815 0.326042 0.039815 0.325521 0.038889 0.324479 0.038889 0.323958 0.037963 0.320833 0.037963 0.320312 0.038889 0.318750 0.038889 0.318229 0.039815 0.317708 0.039815 0.316667 0.041667 0.315625 0.041667 0.314063 0.044444 0.314063 0.045370 0.313021 0.047222 0.313021 0.048148 0.312500 0.049074 0.312500 0.052778 0.311979 0.053704 0.311979 0.055556 0.312500 0.056481 0.312500 0.059259 0.313021 0.060185 0.313021 0.061111 0.315625 0.065741 0.316146 0.065741 0.316667 0.066667 0.317188 0.066667 0.317708 0.067593 0.323437 0.067593 0.323958 0.066667 0.325000 0.066667 0.326042 0.064815 0.326562 0.064815 0.329688 0.059259 0.329688 0.058333 0.330208 0.057407 0.330208 0.055556 0.330729 0.054630 0.330729 0.048148 0.330208 0.047222 0.330208 0.046296 0.329688 0.045370 0.329688 0.044444
0 0.551562 0.552778 0.551042 0.553704 0.550000 0.553704 0.548958 0.555556 0.548958 0.556481 0.548438 0.557407 0.548438 0.558333 0.547917 0.559259 0.547917 0.566667 0.550000 0.570370 0.550521 0.570370 0.551042 0.571296 0.553125 0.571296 0.553646 0.570370 0.554167 0.570370 0.556250 0.566667 0.556250 0.564815 0.556771 0.563889 0.556771 0.559259 0.556250 0.558333 0.556250 0.557407 0.555729 0.556481 0.555729 0.555556 0.554688 0.553704 0.554167 0.553704 0.553646 0.552778
0 0.658333 0.598148 0.657292 0.598148 0.656771 0.597222 0.652604 0.597222 0.652083 0.598148 0.651042 0.598148 0.650521 0.599074 0.649479 0.599074 0.648438 0.600926 0.647917 0.600926 0.644271 0.607407 0.644271 0.609259 0.643750 0.610185 0.643750 0.612037 0.643229 0.612963 0.643229 0.616667 0.643750 0.617593 0.643750 0.619444 0.644271 0.620370 0.644271 0.621296 0.645833 0.624074 0.646354 0.624074 0.646875 0.625000 0.647396 0.625000 0.647917 0.625926 0.650000 0.625926 0.650521 0.626852 0.651042 0.626852 0.651563 0.625926 0.654167 0.625926 0.654687 0.625000 0.655208 0.625000 0.655729 0.624074 0.656250 0.624074 0.656771 0.623148 0.657292 0.623148 0.658854 0.620370 0.659375 0.620370 0.659896 0.619444 0.659896 0.618519 0.660937 0.616667 0.660937 0.614815 0.661458 0.613889 0.661458 0.612963 0.661979 0.612037 0.661979 0.605556 0.661458 0.604630 0.661458 0.603704
0 0.934896 0.475926 0.934896 0.480556 0.935417 0.481481 0.935417 0.482407 0.935937 0.483333 0.936458 0.483333 0.938021 0.486111 0.939063 0.486111 0.939583 0.487037 0.940625 0.487037 0.941146 0.487963 0.943229 0.487963 0.943750 0.488889 0.949479 0.488889 0.950000 0.487963 0.952083 0.487963 0.952604 0.487037 0.953125 0.487037 0.953646 0.486111 0.954167 0.486111 0.955208 0.484259 0.955729 0.484259 0.955729 0.483333 0.956250 0.482407 0.956250 0.479630 0.955729 0.478704 0.955729 0.477778 0.954167 0.475000 0.953646 0.475000 0.952604 0.473148 0.951562 0.473148 0.951042 0.472222 0.949479 0.472222 0.948958 0.471296 0.946354 0.471296 0.945833 0.470370 0.942708 0.470370 0.942187 0.471296 0.939583 0.471296 0.939063 0.472222 0.938021 0.472222 0.937500 0.473148 0.936979 0.473148 0.935937 0.475000 0.935417 0.475000
0 0.785937 0.910185 0.785417 0.911111 0.784896 0.911111 0.783333 0.913889 0.782813 0.913889 0.781250 0.916667 0.781250 0.918519 0.780208 0.920370 0.780208 0.924074 0.779687 0.925000 0.779687 0.927778 0.780208 0.928704 0.780208 0.930556 0.780729 0.931481 0.780729 0.933333 0.781771 0.935185 0.781771 0.936111 0.782813 0.937963 0.783333 0.937963 0.784375 0.939815 0.784896 0.939815 0.785417 0.940741 0.785937 0.940741 0.786458 0.941667 0.793229 0.941667 0.793750 0.940741 0.794271 0.940741 0.794792 0.939815 0.795312 0.939815 0.795833 0.938889 0.796354 0.938889 0.797917 0.936111 0.797917 0.935185 0.798958 0.933333 0.798958 0.932407 0.799479 0.931481 0.799479 0.929630 0.800000 0.928704 0.800000 0.922222 0.799479 0.921296 0.799479 0.919444 0.798958 0.918519 0.798958 0.917593 0.797396 0.914815 0.797396 0.913889 0.796875 0.912963 0.796354 0.912963 0.795312 0.911111 0.794271 0.911111 0.793750 0.910185 0.792708 0.910185 0.792188 0.909259 0.787500 0.909259 0.786979 0.910185
0 0.380729 0.884259 0.379688 0.886111 0.378646 0.886111 0.376042 0.890741 0.376042 0.891667 0.375521 0.892593 0.375521 0.893519 0.375000 0.894444 0.375000 0.900000 0.375521 0.900926 0.375521 0.902778 0.378125 0.907407 0.378646 0.907407 0.379167 0.908333 0.379688 0.908333 0.380208 0.909259 0.381771 0.909259 0.382292 0.910185 0.385937 0.910185 0.386458 0.909259 0.387500 0.909259 0.388021 0.908333 0.389062 0.908333 0.390625 0.905556 0.391146 0.905556 0.393229 0.901852 0.393229 0.900926 0.393750 0.900000 0.393750 0.898148 0.394271 0.897222 0.394271 0.893519 0.393750 0.892593 0.393750 0.891667 0.393229 0.890741 0.393229 0.889815 0.390625 0.885185 0.390104 0.885185 0.389583 0.884259 0.388542 0.884259 0.388021 0.883333 0.382812 0.883333 0.382292 0.884259
0 0.203125 0.419444 0.203125 0.421296 0.202604 0.422222 0.202604 0.425926 0.203125 0.426852 0.203125 0.428704 0.203646 0.429630 0.203646 0.430556 0.204167 0.431481 0.204167 0.432407 0.206250 0.436111 0.206771 0.436111 0.207813 0.437963 0.208333 0.437963 0.208854 0.438889 0.209375 0.438889 0.209896 0.439815 0.211458 0.439815 0.211979 0.440741 0.214062 0.440741 0.214583 0.441667 0.216667 0.441667 0.217188 0.440741 0.220312 0.440741 0.220833 0.439815 0.221875 0.439815 0.222917 0.437963 0.223438 0.437963 0.223958 0.437037 0.224479 0.437037 0.225521 0.435185 0.226042 0.435185 0.226042 0.434259 0.227604 0.431481 0.227604 0.430556 0.228125 0.429630 0.228125 0.420370 0.227083 0.418519 0.227083 0.417593 0.225521 0.414815 0.225521 0.413889 0.225000 0.413889 0.223958 0.412037 0.223438 0.412037 0.222396 0.410185 0.221354 0.410185 0.220833 0.409259 0.219792 0.409259 0.219271 0.408333 0.211458 0.408333 0.210938 0.409259 0.209896 0.409259 0.209375 0.410185 0.208333 0.410185 0.207292 0.412037 0.206771 0.412037 0.206250 0.412963 0.205729 0.412963 0.205729 0.413889 0.203646 0.417593 0.203646 0.418519
0 0.795312 0.961111 0.792708 0.965741 0.792708 0.967593 0.792188 0.968519 0.792188 0.974074 0.792708 0.975000 0.792708 0.975926 0.793229 0.976852 0.793229 0.977778 0.795833 0.982407 0.796354 0.982407 0.797396 0.984259 0.797917 0.984259 0.798438 0.985185 0.798958 0.985185 0.799479 0.986111 0.801042 0.986111 0.801562 0.987037 0.806771 0.987037 0.807292 0.986111 0.808333 0.986111 0.808854 0.985185 0.809375 0.985185 0.809896 0.984259 0.810417 0.984259 0.811458 0.982407 0.811979 0.982407 0.813542 0.979630 0.813542 0.978704 0.814063 0.977778 0.814063 0.974074 0.814583 0.973148 0.814063 0.972222 0.814063 0.969444 0.813542 0.968519 0.813542 0.967593 0.813021 0.966667 0.813021 0.965741 0.811979 0.963889 0.811458 0.963889 0.809896 0.961111 0.809375 0.961111 0.808854 0.960185 0.808333 0.960185 0.807813 0.959259 0.806771 0.959259 0.806250 0.958333 0.802604 0.958333 0.802083 0.957407 0.801562 0.958333 0.798438 0.958333 0.797917 0.959259 0.797396 0.959259 0.796875 0.960185 0.796354 0.960185 0.795833 0.961111
0 0.776042 0.066667 0.775000 0.066667 0.774479 0.065741 0.769792 0.065741 0.769271 0.066667 0.767708 0.066667 0.767188 0.067593 0.766667 0.067593 0.765104 0.070370 0.764583 0.070370 0.763021 0.073148 0.763021 0.074074 0.761979 0.075926 0.761979 0.077778 0.761458 0.078704 0.761458 0.080556 0.760938 0.081481 0.760938 0.087037 0.761458 0.087963 0.761458 0.088889 0.761979 0.089815 0.761979 0.090741 0.765104 0.096296 0.766146 0.096296 0.766667 0.097222 0.771875 0.097222 0.772396 0.096296 0.773438 0.096296 0.773958 0.095370 0.774479 0.095370 0.775521 0.093519 0.776042 0.093519 0.777604 0.090741 0.778125 0.090741 0.778646 0.089815 0.778646 0.088889 0.779167 0.087963 0.779167 0.087037 0.779687 0.086111 0.779687 0.085185 0.780208 0.084259 0.780208 0.074074 0.779167 0.072222 0.779167 0.071296 0.777604 0.068519 0.777083 0.068519
0 0.827083 0.127778 0.827083 0.131481 0.827604 0.132407 0.827604 0.133333 0.828125 0.134259 0.828125 0.135185 0.830208 0.138889 0.830729 0.138889 0.831250 0.139815 0.831771 0.139815 0.832292 0.140741 0.833854 0.140741 0.834375 0.141667 0.840625 0.141667 0.841146 0.140741 0.842187 0.140741 0.842708 0.139815 0.843229 0.139815 0.843750 0.138889 0.844271 0.138889 0.844792 0.137963 0.845313 0.137963 0.846875 0.135185 0.846875 0.134259 0.847396 0.133333 0.847396 0.132407 0.847917 0.131481 0.847917 0.126852 0.847396 0.125926 0.847396 0.125000 0.844792 0.120370 0.844271 0.120370 0.843750 0.119444 0.843229 0.119444 0.842708 0.118519 0.841146 0.118519 0.840625 0.117593 0.835417 0.117593 0.834896 0.118519 0.833333 0.118519 0.832812 0.119444 0.831771 0.119444 0.830729 0.121296 0.830208 0.121296 0.827604 0.125926 0.827604 0.126852
0 0.500521 0.059259 0.499479 0.061111 0.498437 0.061111 0.496354 0.064815 0.496354 0.065741 0.495833 0.066667 0.495833 0.067593 0.495312 0.068519 0.495312 0.070370 0.494792 0.071296 0.494792 0.076852 0.495312 0.077778 0.495312 0.079630 0.495833 0.080556 0.495833 0.081481 0.496354 0.082407 0.496354 0.083333 0.497917 0.086111 0.498437 0.086111 0.500000 0.088889 0.501042 0.088889 0.501563 0.089815 0.507292 0.089815 0.508333 0.087963 0.509375 0.087963 0.511979 0.083333 0.511979 0.082407 0.512500 0.081481 0.512500 0.080556 0.513021 0.079630 0.513021 0.070370 0.512500 0.069444 0.512500 0.067593 0.510417 0.063889 0.510417 0.062963 0.509896 0.062037 0.509375 0.062037 0.508854 0.061111 0.508333 0.061111 0.507812 0.060185 0.507292 0.060185 0.506771 0.059259 0.504687 0.059259 0.504167 0.058333 0.503646 0.058333 0.503125 0.059259
0 0.963021 0.668519 0.961979 0.668519 0.961458 0.667593 0.957812 0.667593 0.957292 0.668519 0.955729 0.668519 0.955208 0.669444 0.954688 0.669444 0.954167 0.670370 0.953646 0.670370 0.952083 0.673148 0.951562 0.673148 0.950000 0.675926 0.950000 0.677778 0.948958 0.679630 0.948958 0.687963 0.949479 0.688889 0.949479 0.690741 0.951042 0.693519 0.951562 0.693519 0.952604 0.695370 0.953646 0.695370 0.954167 0.696296 0.958854 0.696296 0.959375 0.695370 0.960417 0.695370 0.960938 0.694444 0.961458 0.694444 0.963021 0.691667 0.963542 0.691667 0.966146 0.687037 0.966146 0.686111 0.966667 0.685185 0.966667 0.683333 0.967187 0.682407 0.967187 0.677778 0.966667 0.676852 0.966667 0.674074 0.964583 0.670370 0.964063 0.670370
0 0.856771 0.412037 0.856771 0.414815 0.856250 0.415741 0.856250 0.419444 0.856771 0.420370 0.856771 0.421296 0.857292 0.422222 0.857292 0.424074 0.860417 0.429630 0.860938 0.429630 0.861458 0.430556 0.861979 0.430556 0.862500 0.431481 0.863542 0.431481 0.864062 0.432407 0.865104 0.432407 0.865625 0.433333 0.871875 0.433333 0.872396 0.432407 0.873958 0.432407 0.874479 0.431481 0.875000 0.431481 0.875521 0.430556 0.876042 0.430556 0.877083 0.428704 0.877604 0.428704 0.878125 0.427778 0.878125 0.426852 0.879687 0.424074 0.879687 0.422222 0.880208 0.421296 0.880208 0.416667 0.879687 0.415741 0.879687 0.413889 0.877604 0.410185 0.877604 0.409259 0.876563 0.407407 0.876042 0.407407 0.875000 0.405556 0.874479 0.405556 0.873958 0.404630 0.872917 0.404630 0.872396 0.403704 0.870313 0.403704 0.869792 0.402778 0.865104 0.402778 0.864583 0.403704 0.863021 0.403704 0.862500 0.404630 0.861979 0.404630 0.861458 0.405556 0.860938 0.405556 0.860417 0.406481 0.859896 0.406481
0 0.584896 0.943519 0.583333 0.943519 0.582812 0.942593 0.580208 0.942593 0.579688 0.943519 0.578125 0.943519 0.577604 0.944444 0.577083 0.944444 0.576042 0.946296 0.575521 0.946296 0.575000 0.947222 0.574479 0.947222 0.573958 0.948148 0.573958 0.949074 0.573438 0.950000 0.573438 0.950926 0.572917 0.951852 0.572917 0.952778 0.572396 0.953704 0.572396 0.960185 0.572917 0.961111 0.572917 0.962037 0.573958 0.963889 0.573958 0.964815 0.574479 0.965741 0.575000 0.965741 0.575521 0.966667 0.576562 0.966667 0.577083 0.967593 0.579167 0.967593 0.579688 0.968519 0.580208 0.967593 0.582812 0.967593 0.583333 0.966667 0.583854 0.966667 0.584375 0.965741 0.584896 0.965741 0.588021 0.960185 0.588021 0.959259 0.588542 0.958333 0.588542 0.957407 0.589063 0.956481 0.589063 0.951852 0.588542 0.950926 0.588542 0.950000 0.588021 0.949074 0.588021 0.948148 0.585938 0.944444 0.585417 0.944444
0 0.739062 0.619444 0.735417 0.619444 0.734896 0.620370 0.733333 0.620370 0.732812 0.621296 0.731771 0.621296 0.730729 0.623148 0.730208 0.623148 0.729688 0.624074 0.729167 0.624074 0.729167 0.625000 0.727604 0.627778 0.727083 0.627778 0.727083 0.628704 0.726562 0.629630 0.726562 0.630556 0.725521 0.632407 0.725521 0.634259 0.725000 0.635185 0.725000 0.646296 0.725521 0.647222 0.725521 0.648148 0.726042 0.649074 0.726042 0.650000 0.728646 0.654630 0.729167 0.654630 0.730208 0.656481 0.731250 0.656481 0.731771 0.657407 0.733333 0.657407 0.733854 0.658333 0.736458 0.658333 0.736979 0.657407 0.739062 0.657407 0.739583 0.656481 0.740625 0.656481 0.741667 0.654630 0.742188 0.654630 0.743229 0.652778 0.743750 0.652778 0.743750 0.651852 0.745833 0.648148 0.745833 0.647222 0.746354 0.646296 0.746354 0.645370 0.746875 0.644444 0.746875 0.643519 0.747396 0.642593 0.747396 0.631481 0.746875 0.630556 0.746875 0.629630 0.745833 0.627778 0.745833 0.626852 0.743229 0.622222 0.742708 0.622222 0.742188 0.621296 0.741146 0.621296 0.740625 0.620370 0.739583 0.620370
0 0.943750 0.399074 0.943229 0.400000 0.942187 0.400000 0.941667 0.400926 0.941146 0.400926 0.940625 0.401852 0.940104 0.401852 0.938542 0.404630 0.938542 0.405556 0.936979 0.408333 0.936979 0.410185 0.936458 0.411111 0.936458 0.413889 0.935937 0.414815 0.935937 0.419444 0.936458 0.420370 0.936458 0.423148 0.936979 0.424074 0.936979 0.425000 0.937500 0.425926 0.937500 0.426852 0.940104 0.431481 0.940625 0.431481 0.941146 0.432407 0.941667 0.432407 0.942187 0.433333 0.942708 0.433333 0.943229 0.434259 0.948438 0.434259 0.948958 0.433333 0.950000 0.433333 0.950521 0.432407 0.951042 0.432407 0.952083 0.430556 0.952604 0.430556 0.953125 0.429630 0.953125 0.428704 0.954688 0.425926 0.954688 0.425000 0.955208 0.424074 0.955208 0.423148 0.955729 0.422222 0.955729 0.418519 0.956250 0.417593 0.956250 0.413889 0.955729 0.412963 0.955729 0.410185 0.955208 0.409259 0.955208 0.408333 0.954167 0.406481 0.954167 0.405556 0.952083 0.401852 0.951562 0.401852 0.950521 0.400000 0.949479 0.400000 0.948958 0.399074
0 0.680208 0.446296 0.680208 0.447222 0.679167 0.449074 0.679167 0.450000 0.678646 0.450926 0.678646 0.453704 0.678125 0.454630 0.678125 0.455556 0.678646 0.456481 0.678646 0.458333 0.681250 0.462963 0.681771 0.462963 0.682292 0.463889 0.682813 0.463889 0.683333 0.464815 0.688021 0.464815 0.688542 0.463889 0.689063 0.463889 0.691146 0.460185 0.691146 0.458333 0.691667 0.457407 0.691667 0.452778 0.691146 0.451852 0.691146 0.450926 0.690104 0.449074 0.690104 0.448148 0.689583 0.448148 0.688021 0.445370 0.686979 0.445370 0.686458 0.444444 0.682813 0.444444 0.682292 0.445370 0.681250 0.445370 0.680729 0.446296
0 0.328125 0.354630 0.327083 0.356481 0.326562 0.356481 0.322917 0.362963 0.322917 0.364815 0.322396 0.365741 0.322396 0.374074 0.322917 0.375000 0.322917 0.375926 0.324479 0.378704 0.324479 0.379630 0.325000 0.379630 0.325521 0.380556 0.326042 0.380556 0.327083 0.382407 0.328125 0.382407 0.328646 0.383333 0.333854 0.383333 0.334375 0.382407 0.335417 0.382407 0.335938 0.381481 0.336979 0.381481 0.338542 0.378704 0.339062 0.378704 0.339062 0.377778 0.340625 0.375000 0.340625 0.374074 0.341146 0.373148 0.341146 0.372222 0.341667 0.371296 0.341667 0.363889 0.341146 0.362963 0.341146 0.362037 0.339583 0.359259 0.339583 0.358333 0.338021 0.355556 0.336979 0.355556 0.336458 0.354630 0.335417 0.354630 0.334896 0.353704 0.329688 0.353704 0.329167 0.354630
0 0.419792 0.449074 0.418229 0.451852 0.418229 0.452778 0.416667 0.455556 0.416667 0.458333 0.416146 0.459259 0.416146 0.462037 0.416667 0.462963 0.416667 0.465741 0.417187 0.466667 0.417187 0.467593 0.417708 0.468519 0.417708 0.469444 0.418750 0.471296 0.418750 0.472222 0.419271 0.472222 0.420833 0.475000 0.421354 0.475000 0.422396 0.476852 0.422917 0.476852 0.423438 0.477778 0.424479 0.477778 0.425000 0.478704 0.431250 0.478704 0.431771 0.477778 0.432812 0.477778 0.433854 0.475926 0.434375 0.475926 0.436458 0.472222 0.436458 0.471296 0.436979 0.470370 0.436979 0.468519 0.437500 0.467593 0.437500 0.461111 0.436979 0.460185 0.436979 0.459259 0.436458 0.458333 0.436458 0.457407 0.435937 0.456481 0.435937 0.455556 0.432812 0.450000 0.432292 0.450000 0.431771 0.449074 0.431250 0.449074 0.430729 0.448148 0.429688 0.448148 0.429167 0.447222 0.428125 0.447222 0.427604 0.446296 0.423958 0.446296 0.423438 0.447222 0.421875 0.447222 0.421354 0.448148 0.420833 0.448148 0.420312 0.449074
0 0.366667 0.308333 0.365104 0.308333 0.364583 0.307407 0.361979 0.307407 0.361458 0.308333 0.359896 0.308333 0.358854 0.310185 0.358333 0.310185 0.357812 0.311111 0.357292 0.311111 0.355208 0.314815 0.355208 0.315741 0.354687 0.316667 0.354687 0.317593 0.354167 0.318519 0.354167 0.320370 0.353646 0.321296 0.353646 0.329630 0.354167 0.330556 0.354167 0.331481 0.355729 0.334259 0.355729 0.335185 0.356250 0.336111 0.356771 0.336111 0.357292 0.337037 0.358333 0.337037 0.358854 0.337963 0.361979 0.337963 0.362500 0.337037 0.363542 0.337037 0.364063 0.336111 0.365104 0.336111 0.367188 0.332407 0.367708 0.332407 0.368229 0.331481 0.368229 0.330556 0.369271 0.328704 0.369271 0.326852 0.369792 0.325926 0.369792 0.325000 0.370312 0.324074 0.370312 0.315741 0.369792 0.314815 0.369792 0.313889
0 0.242708 0.298148 0.242188 0.299074 0.241667 0.299074 0.241146 0.300000 0.240625 0.300000 0.238542 0.303704 0.238542 0.304630 0.237500 0.306481 0.237500 0.308333 0.236979 0.309259 0.236979 0.316667 0.237500 0.317593 0.237500 0.318519 0.238021 0.319444 0.238021 0.320370 0.239063 0.322222 0.239063 0.323148 0.239583 0.323148 0.240625 0.325000 0.241146 0.325000 0.241667 0.325926 0.242188 0.325926 0.242708 0.326852 0.243750 0.326852 0.244271 0.327778 0.249479 0.327778 0.250000 0.326852 0.251042 0.326852 0.251563 0.325926 0.252083 0.325926 0.253646 0.323148 0.254167 0.323148 0.255208 0.321296 0.255208 0.320370 0.255729 0.319444 0.255729 0.318519 0.256250 0.317593 0.256250 0.315741 0.256771 0.314815 0.256771 0.312037 0.256250 0.311111 0.256250 0.308333 0.255729 0.307407 0.255729 0.305556 0.253646 0.301852 0.253125 0.301852 0.252083 0.300000 0.251563 0.300000 0.251042 0.299074 0.250521 0.299074 0.250000 0.298148 0.248438 0.298148 0.247917 0.297222 0.245312 0.297222 0.244792 0.298148
0 0.694792 0.332407 0.693750 0.334259 0.693229 0.334259 0.691146 0.337963 0.691146 0.338889 0.690625 0.339815 0.690625 0.340741 0.690104 0.341667 0.690104 0.344444 0.689583 0.345370 0.689583 0.349074 0.690104 0.350000 0.690104 0.352778 0.690625 0.353704 0.690625 0.354630 0.691146 0.355556 0.691146 0.356481 0.692187 0.358333 0.692187 0.359259 0.692708 0.359259 0.694271 0.362037 0.694792 0.362037 0.695312 0.362963 0.695833 0.362963 0.696354 0.363889 0.696875 0.363889 0.697396 0.364815 0.703125 0.364815 0.703646 0.363889 0.704688 0.363889 0.705208 0.362963 0.705729 0.362963 0.707292 0.360185 0.707812 0.360185 0.707812 0.359259 0.708854 0.357407 0.708854 0.356481 0.709375 0.355556 0.709375 0.354630 0.709896 0.353704 0.709896 0.344444 0.709375 0.343519 0.709375 0.341667 0.708854 0.340741 0.708854 0.339815 0.707292 0.337037 0.707292 0.336111 0.706771 0.335185 0.706250 0.335185 0.704688 0.332407 0.703646 0.332407 0.703125 0.331481 0.702083 0.331481 0.701562 0.330556 0.697396 0.330556 0.696875 0.331481 0.695833 0.331481 0.695312 0.332407
0 0.038542 0.399074 0.034896 0.399074 0.034375 0.400000 0.033333 0.400000 0.032813 0.400926 0.032292 0.400926 0.031771 0.401852 0.031250 0.401852 0.029167 0.405556 0.029167 0.406481 0.028125 0.408333 0.028125 0.410185 0.027604 0.411111 0.027604 0.417593 0.028125 0.418519 0.028125 0.419444 0.028646 0.420370 0.028646 0.421296 0.031250 0.425926 0.031771 0.425926 0.032292 0.426852 0.034375 0.426852 0.034896 0.427778 0.035417 0.427778 0.035937 0.426852 0.038021 0.426852 0.038542 0.425926 0.039062 0.425926 0.039583 0.425000 0.040625 0.425000 0.043229 0.420370 0.043229 0.418519 0.043750 0.417593 0.043750 0.416667 0.044271 0.415741 0.044271 0.407407 0.043750 0.406481 0.043750 0.405556 0.041146 0.400926 0.040625 0.400926 0.040104 0.400000 0.039062 0.400000
0 0.738021 0.467593 0.738021 0.468519 0.737500 0.469444 0.737500 0.475926 0.738021 0.476852 0.738021 0.478704 0.739062 0.480556 0.739062 0.481481 0.740104 0.483333 0.740625 0.483333 0.741146 0.484259 0.741667 0.484259 0.742188 0.485185 0.742708 0.485185 0.743229 0.486111 0.748958 0.486111 0.749479 0.485185 0.750000 0.485185 0.750521 0.484259 0.751042 0.484259 0.752083 0.482407 0.752083 0.481481 0.753125 0.479630 0.753125 0.478704 0.753646 0.477778 0.753646 0.471296 0.753125 0.470370 0.753125 0.469444 0.752083 0.467593 0.752083 0.466667 0.751042 0.464815 0.750521 0.464815 0.750000 0.463889 0.749479 0.463889 0.748958 0.462963 0.748437 0.462963 0.747917 0.462037 0.742188 0.462037 0.741667 0.462963 0.740625 0.462963
0 0.870833 0.245370 0.870313 0.245370 0.869792 0.244444 0.869271 0.244444 0.868750 0.243519 0.868229 0.243519 0.867708 0.242593 0.862500 0.242593 0.861979 0.243519 0.860938 0.243519 0.860417 0.244444 0.859896 0.244444 0.859375 0.245370 0.858854 0.245370 0.857812 0.247222 0.857292 0.247222 0.855208 0.250926 0.855208 0.251852 0.853646 0.254630 0.853646 0.256481 0.853125 0.257407 0.853125 0.266667 0.854167 0.268519 0.854167 0.269444 0.856250 0.273148 0.856771 0.273148 0.857292 0.274074 0.857812 0.274074 0.858333 0.275000 0.864583 0.275000 0.865104 0.274074 0.866146 0.274074 0.866667 0.273148 0.867188 0.273148 0.867708 0.272222 0.868229 0.272222 0.868750 0.271296 0.869271 0.271296 0.871875 0.266667 0.871875 0.265741 0.872396 0.264815 0.872396 0.263889 0.872917 0.262963 0.872917 0.262037 0.873437 0.261111 0.873437 0.257407 0.873958 0.256481 0.873437 0.255556 0.873437 0.250926 0.872396 0.249074 0.872396 0.248148
0 0.372396 0.787037 0.371875 0.787963 0.371354 0.787963 0.370833 0.788889 0.370312 0.788889 0.369792 0.789815 0.368750 0.789815 0.368750 0.790741 0.368229 0.791667 0.367708 0.791667 0.366146 0.794444 0.366146 0.795370 0.365104 0.797222 0.365104 0.798148 0.364583 0.799074 0.364583 0.800000 0.364063 0.800926 0.364063 0.803704 0.363542 0.804630 0.363542 0.811111 0.364063 0.812037 0.364063 0.814815 0.364583 0.815741 0.364583 0.816667 0.365104 0.817593 0.365104 0.818519 0.367188 0.822222 0.367188 0.823148 0.367708 0.823148 0.368750 0.825000 0.369792 0.825000 0.370312 0.825926 0.371354 0.825926 0.371875 0.826852 0.375521 0.826852 0.376042 0.825926 0.377083 0.825926 0.377604 0.825000 0.378646 0.825000 0.380208 0.822222 0.380729 0.822222 0.383333 0.817593 0.383333 0.816667 0.383854 0.815741 0.383854 0.813889 0.384375 0.812963 0.384375 0.812037 0.384896 0.811111 0.384896 0.800000 0.384375 0.799074 0.384375 0.798148 0.383854 0.797222 0.383854 0.796296 0.383333 0.795370 0.383333 0.794444 0.382812 0.794444 0.382292 0.793519 0.382292 0.792593 0.381250 0.790741 0.380729 0.790741 0.379688 0.788889 0.379167 0.788889 0.378646 0.787963 0.377604 0.787963 0.377083 0.787037
0 0.980208 0.505556 0.980208 0.507407 0.979688 0.508333 0.979688 0.511111 0.980208 0.512037 0.980208 0.513889 0.980729 0.514815 0.980729 0.515741 0.981771 0.517593 0.982292 0.517593 0.982812 0.518519 0.983333 0.518519 0.983854 0.519444 0.984896 0.519444 0.985417 0.520370 0.986979 0.520370 0.987500 0.521296 0.991667 0.521296 0.992188 0.520370 0.994271 0.520370 0.994792 0.519444 0.995833 0.519444 0.996354 0.518519 0.996875 0.518519 0.997396 0.517593 0.997917 0.517593 0.999479 0.514815 0.999479 0.498148 0.998958 0.497222 0.997917 0.497222 0.997396 0.496296 0.996354 0.496296 0.995833 0.495370 0.989583 0.495370 0.989062 0.496296 0.987500 0.496296 0.986979 0.497222 0.985938 0.497222 0.985417 0.498148 0.984896 0.498148 0.983854 0.500000 0.983333 0.500000
0 0.929688 0.504630 0.929688 0.510185 0.932292 0.514815 0.933333 0.514815 0.933854 0.515741 0.934375 0.515741 0.934896 0.516667 0.943229 0.516667 0.943750 0.515741 0.944792 0.515741 0.945312 0.514815 0.945833 0.514815 0.948958 0.509259 0.948958 0.507407 0.949479 0.506481 0.949479 0.504630 0.948958 0.503704 0.948958 0.502778 0.946354 0.498148 0.945312 0.498148 0.944792 0.497222 0.943750 0.497222 0.943229 0.496296 0.935937 0.496296 0.935417 0.497222 0.934375 0.497222 0.933854 0.498148 0.933333 0.498148 0.932813 0.499074 0.932292 0.499074 0.930208 0.502778 0.930208 0.503704
0 0.321875 0.533333 0.318229 0.533333 0.317708 0.534259 0.316146 0.534259 0.315104 0.536111 0.314583 0.536111 0.313542 0.537963 0.313021 0.537963 0.311458 0.540741 0.311458 0.541667 0.310937 0.542593 0.310937 0.543519 0.309896 0.545370 0.309896 0.546296 0.309375 0.547222 0.309375 0.549074 0.308854 0.550000 0.308854 0.562963 0.309375 0.563889 0.309375 0.565741 0.310417 0.567593 0.310417 0.568519 0.310937 0.569444 0.310937 0.570370 0.311458 0.570370 0.311979 0.571296 0.311979 0.572222 0.312500 0.573148 0.313021 0.573148 0.313542 0.574074 0.314063 0.574074 0.314583 0.575000 0.315104 0.575000 0.315625 0.575926 0.320312 0.575926 0.320833 0.575000 0.321354 0.575000 0.321875 0.574074 0.322917 0.574074 0.326562 0.567593 0.326562 0.566667 0.327604 0.564815 0.327604 0.563889 0.328125 0.562963 0.328125 0.561111 0.328646 0.560185 0.328646 0.557407 0.329167 0.556481 0.329167 0.549074 0.328646 0.548148 0.328646 0.545370 0.328125 0.544444 0.328125 0.543519 0.327604 0.542593 0.327604 0.541667 0.327083 0.540741 0.327083 0.539815 0.325000 0.536111 0.324479 0.536111 0.323437 0.534259 0.322396 0.534259
0 0.477083 0.710185 0.476562 0.711111 0.475521 0.711111 0.475000 0.712037 0.474479 0.712037 0.473438 0.713889 0.472917 0.713889 0.471354 0.716667 0.471354 0.717593 0.470833 0.718519 0.470833 0.720370 0.470313 0.721296 0.470313 0.722222 0.469792 0.723148 0.469792 0.732407 0.470313 0.733333 0.470313 0.735185 0.470833 0.736111 0.470833 0.737037 0.471875 0.738889 0.471875 0.739815 0.472396 0.739815 0.473958 0.742593 0.474479 0.742593 0.475000 0.743519 0.475521 0.743519 0.476042 0.744444 0.481771 0.744444 0.482292 0.743519 0.482812 0.743519 0.483333 0.742593 0.483854 0.742593 0.485417 0.739815 0.485938 0.739815 0.486458 0.738889 0.486458 0.737963 0.487500 0.736111 0.487500 0.735185 0.488021 0.734259 0.488021 0.733333 0.488542 0.732407 0.488542 0.722222 0.488021 0.721296 0.488021 0.719444 0.486458 0.716667 0.486458 0.715741 0.484375 0.712037 0.483854 0.712037 0.483333 0.711111 0.482292 0.711111 0.481771 0.710185
0 0.245312 0.535185 0.243229 0.531481 0.242708 0.531481 0.241667 0.529630 0.240625 0.529630 0.240104 0.528704 0.233854 0.528704 0.233333 0.529630 0.232292 0.529630 0.231771 0.530556 0.230729 0.530556 0.230208 0.531481 0.229687 0.531481 0.228646 0.533333 0.228125 0.533333 0.227604 0.534259 0.227083 0.534259 0.223438 0.540741 0.223438 0.541667 0.222917 0.542593 0.222917 0.543519 0.222396 0.544444 0.222396 0.545370 0.221875 0.546296 0.221875 0.554630 0.222396 0.555556 0.222396 0.556481 0.223958 0.559259 0.224479 0.559259 0.225521 0.561111 0.226562 0.561111 0.227083 0.562037 0.232813 0.562037 0.233333 0.561111 0.234896 0.561111 0.235417 0.560185 0.236458 0.560185 0.236979 0.559259 0.237500 0.559259 0.238021 0.558333 0.238542 0.558333 0.239063 0.557407 0.239583 0.557407 0.244271 0.549074 0.244271 0.548148 0.244792 0.547222 0.244792 0.546296 0.245312 0.545370 0.245312 0.543519 0.245833 0.542593 0.245833 0.538889 0.245312 0.537963
0 0.425521 0.531481 0.425000 0.531481 0.424479 0.530556 0.423958 0.530556 0.423438 0.529630 0.422396 0.529630 0.421875 0.528704 0.420312 0.528704 0.419792 0.527778 0.416667 0.527778 0.416146 0.528704 0.414062 0.528704 0.413542 0.529630 0.412500 0.529630 0.411979 0.530556 0.411458 0.530556 0.410938 0.531481 0.410417 0.531481 0.410417 0.532407 0.409896 0.533333 0.409375 0.533333 0.406771 0.537963 0.406771 0.538889 0.405729 0.540741 0.405729 0.542593 0.405208 0.543519 0.405208 0.552778 0.405729 0.553704 0.405729 0.554630 0.406250 0.555556 0.406250 0.557407 0.409375 0.562963 0.410417 0.562963 0.411458 0.564815 0.413021 0.564815 0.413542 0.565741 0.418750 0.565741 0.419271 0.564815 0.420833 0.564815 0.421354 0.563889 0.421875 0.563889 0.422396 0.562963 0.422917 0.562963 0.423438 0.562037 0.423958 0.562037 0.425000 0.560185 0.425521 0.560185 0.427083 0.557407 0.427083 0.556481 0.428125 0.554630 0.428125 0.553704 0.428646 0.552778 0.428646 0.550926 0.429167 0.550000 0.429167 0.540741 0.428646 0.539815 0.428646 0.537963 0.427604 0.536111 0.427604 0.535185 0.427083 0.534259 0.426563 0.534259 0.426042 0.533333 0.426042 0.532407
0 0.682292 0.868519 0.680208 0.872222 0.680208 0.873148 0.679167 0.875000 0.679167 0.876852 0.678646 0.877778 0.678646 0.886111 0.679167 0.887037 0.679167 0.887963 0.679688 0.888889 0.679688 0.889815 0.680208 0.890741 0.680729 0.890741 0.681250 0.891667 0.681250 0.892593 0.681771 0.893519 0.682292 0.893519 0.682813 0.894444 0.683333 0.894444 0.684375 0.896296 0.685417 0.896296 0.685937 0.897222 0.691146 0.897222 0.691667 0.896296 0.692708 0.896296 0.693229 0.895370 0.693750 0.895370 0.694271 0.894444 0.694792 0.894444 0.697396 0.889815 0.697396 0.888889 0.697917 0.887963 0.697917 0.887037 0.698438 0.886111 0.698438 0.876852 0.697917 0.875926 0.697917 0.875000 0.695833 0.871296 0.695833 0.870370 0.694792 0.868519 0.694271 0.868519 0.693750 0.867593 0.693229 0.867593 0.692708 0.866667 0.691146 0.866667 0.690625 0.865741 0.685937 0.865741 0.685417 0.866667 0.684375 0.866667 0.683854 0.867593 0.683333 0.867593 0.682813 0.868519
0 0.228125 0.469444 0.225521 0.474074 0.225521 0.475000 0.225000 0.475926 0.225000 0.477778 0.224479 0.478704 0.224479 0.482407 0.225000 0.483333 0.225000 0.485185 0.226042 0.487037 0.226042 0.487963 0.228646 0.492593 0.229167 0.492593 0.229687 0.493519 0.230729 0.493519 0.231250 0.494444 0.232813 0.494444 0.233333 0.495370 0.237500 0.495370 0.238021 0.494444 0.239583 0.494444 0.240104 0.493519 0.240625 0.493519 0.241146 0.492593 0.241667 0.492593 0.242188 0.491667 0.242708 0.491667 0.243750 0.489815 0.243750 0.488889 0.245312 0.486111 0.245312 0.484259 0.245833 0.483333 0.245833 0.477778 0.245312 0.476852 0.245312 0.475926 0.244271 0.474074 0.244271 0.472222 0.243750 0.472222 0.241667 0.468519 0.241146 0.468519 0.240625 0.467593 0.239063 0.467593 0.238542 0.466667 0.236458 0.466667 0.235937 0.465741 0.234375 0.465741 0.233854 0.466667 0.231250 0.466667 0.230729 0.467593 0.230208 0.467593 0.229687 0.468519 0.229167 0.468519 0.228646 0.469444
0 0.874479 0.932407 0.873958 0.932407 0.873437 0.931481 0.872917 0.931481 0.872396 0.930556 0.870833 0.930556 0.870313 0.929630 0.867708 0.929630 0.867188 0.930556 0.865625 0.930556 0.865104 0.931481 0.864583 0.931481 0.864062 0.932407 0.863542 0.932407 0.862500 0.934259 0.861979 0.934259 0.860938 0.936111 0.860938 0.937037 0.860417 0.937963 0.860417 0.938889 0.859375 0.940741 0.859375 0.943519 0.858854 0.944444 0.858854 0.949074 0.859375 0.950000 0.859375 0.951852 0.860417 0.953704 0.860417 0.954630 0.860938 0.955556 0.860938 0.956481 0.861458 0.956481 0.861979 0.957407 0.862500 0.957407 0.863542 0.959259 0.864583 0.959259 0.865104 0.960185 0.869792 0.960185 0.870313 0.959259 0.871875 0.959259 0.873437 0.956481 0.873958 0.956481 0.876563 0.951852 0.876563 0.950926 0.877083 0.950000 0.877083 0.948148 0.877604 0.947222 0.877604 0.939815 0.877083 0.938889 0.877083 0.937963 0.876563 0.937037 0.876563 0.936111
0 0.571354 0.170370 0.566146 0.170370 0.565625 0.171296 0.565104 0.171296 0.564583 0.172222 0.563542 0.172222 0.563021 0.173148 0.562500 0.173148 0.559375 0.178704 0.559375 0.179630 0.558333 0.181481 0.558333 0.182407 0.557813 0.183333 0.557813 0.185185 0.557292 0.186111 0.557292 0.194444 0.557813 0.195370 0.557813 0.196296 0.558333 0.197222 0.558333 0.199074 0.561979 0.205556 0.563021 0.205556 0.563542 0.206481 0.564063 0.206481 0.564583 0.207407 0.567187 0.207407 0.567708 0.208333 0.568229 0.207407 0.570833 0.207407 0.571354 0.206481 0.572396 0.206481 0.572917 0.205556 0.573438 0.205556 0.574479 0.203704 0.575000 0.203704 0.576042 0.201852 0.576562 0.201852 0.576562 0.200926 0.578125 0.198148 0.578125 0.197222 0.578646 0.196296 0.578646 0.195370 0.579167 0.194444 0.579167 0.191667 0.579688 0.190741 0.579688 0.185185 0.579167 0.184259 0.579167 0.182407 0.578646 0.181481 0.578646 0.179630 0.577604 0.177778 0.577604 0.176852 0.577083 0.175926 0.576562 0.175926 0.575000 0.173148 0.574479 0.173148 0.573958 0.172222 0.573438 0.172222 0.572917 0.171296 0.571875 0.171296
0 0.434896 0.011111 0.434896 0.018519 0.435937 0.020370 0.435937 0.021296 0.436979 0.023148 0.437500 0.023148 0.439063 0.025926 0.440104 0.025926 0.440625 0.026852 0.446875 0.026852 0.447396 0.025926 0.448437 0.025926 0.448958 0.025000 0.449479 0.025000 0.450000 0.024074 0.450521 0.024074 0.451562 0.022222 0.452083 0.022222 0.454167 0.018519 0.454167 0.017593 0.455208 0.015741 0.455208 0.013889 0.455729 0.012963 0.455729 0.008333 0.455208 0.007407 0.455208 0.005556 0.452083 0.000000 0.441146 0.000000 0.440104 0.001852 0.439063 0.001852 0.438021 0.003704 0.437500 0.003704 0.437500 0.004630 0.435937 0.007407 0.435937 0.008333 0.435417 0.009259 0.435417 0.010185
0 0.711458 0.639815 0.710938 0.640741 0.709896 0.640741 0.709375 0.641667 0.708854 0.641667 0.708333 0.642593 0.707812 0.642593 0.705729 0.646296 0.705208 0.646296 0.704688 0.647222 0.704688 0.648148 0.703646 0.650000 0.703646 0.651852 0.703125 0.652778 0.703125 0.654630 0.702604 0.655556 0.702604 0.661111 0.703125 0.662037 0.703125 0.663889 0.703646 0.664815 0.703646 0.665741 0.704167 0.666667 0.704167 0.667593 0.705208 0.669444 0.705729 0.669444 0.707292 0.672222 0.707812 0.672222 0.708333 0.673148 0.709375 0.673148 0.709896 0.674074 0.715104 0.674074 0.715625 0.673148 0.716667 0.673148 0.717187 0.672222 0.717708 0.672222 0.718229 0.671296 0.718750 0.671296 0.719792 0.669444 0.720313 0.669444 0.720313 0.668519 0.720833 0.667593 0.721354 0.667593 0.721354 0.666667 0.722396 0.664815 0.722396 0.663889 0.722917 0.662963 0.722917 0.662037 0.723437 0.661111 0.723437 0.651852 0.722917 0.650926 0.722917 0.649074 0.722396 0.648148 0.722396 0.647222 0.720313 0.643519 0.719792 0.643519 0.718750 0.641667 0.718229 0.641667 0.717708 0.640741 0.716146 0.640741 0.715625 0.639815
0 0.442188 0.852778 0.441667 0.851852 0.441667 0.850926 0.440625 0.849074 0.440625 0.848148 0.439583 0.846296 0.439063 0.846296 0.438021 0.844444 0.436979 0.844444 0.436458 0.843519 0.435417 0.843519 0.434896 0.842593 0.431771 0.842593 0.431250 0.841667 0.430729 0.841667 0.430208 0.842593 0.426563 0.842593 0.426042 0.843519 0.425000 0.843519 0.424479 0.844444 0.423438 0.844444 0.422917 0.845370 0.422396 0.845370 0.421354 0.847222 0.420833 0.847222 0.418750 0.850926 0.418750 0.852778 0.418229 0.853704 0.418229 0.860185 0.418750 0.861111 0.418750 0.862037 0.420833 0.865741 0.421354 0.865741 0.421875 0.866667 0.422917 0.866667 0.423438 0.867593 0.423958 0.867593 0.424479 0.868519 0.426563 0.868519 0.427083 0.869444 0.431771 0.869444 0.432292 0.868519 0.434375 0.868519 0.434896 0.867593 0.435417 0.867593 0.435937 0.866667 0.436979 0.866667 0.437500 0.865741 0.438021 0.865741 0.439063 0.863889 0.439583 0.863889 0.439583 0.862963 0.440625 0.861111 0.441146 0.861111 0.441146 0.860185 0.441667 0.859259 0.441667 0.858333 0.442188 0.857407
0 0.537500 0.729630 0.537500 0.730556 0.536979 0.731481 0.536979 0.733333 0.536458 0.734259 0.536458 0.740741 0.536979 0.741667 0.536979 0.743519 0.538021 0.745370 0.538021 0.746296 0.541146 0.751852 0.541667 0.751852 0.542188 0.752778 0.542708 0.752778 0.543229 0.753704 0.543750 0.753704 0.544271 0.754630 0.545833 0.754630 0.546354 0.755556 0.551562 0.755556 0.552083 0.754630 0.553646 0.754630 0.554167 0.753704 0.554688 0.753704 0.555208 0.752778 0.555729 0.752778 0.556771 0.750926 0.557292 0.750926 0.559375 0.747222 0.559375 0.746296 0.559896 0.745370 0.559896 0.744444 0.560417 0.743519 0.560417 0.734259 0.559896 0.733333 0.559896 0.732407 0.558854 0.730556 0.558854 0.729630 0.557813 0.727778 0.557813 0.726852 0.557292 0.726852 0.556250 0.725000 0.555729 0.725000 0.554688 0.723148 0.553646 0.723148 0.553125 0.722222 0.552083 0.722222 0.551562 0.721296 0.544271 0.721296 0.543750 0.722222 0.543229 0.722222 0.542708 0.723148 0.541667 0.723148 0.541146 0.724074 0.540625 0.724074
0 0.838021 0.007407 0.836979 0.009259 0.836458 0.009259 0.834375 0.012963 0.834375 0.013889 0.833333 0.015741 0.833333 0.016667 0.832812 0.017593 0.832812 0.018519 0.832292 0.019444 0.832292 0.029630 0.832812 0.030556 0.832812 0.031481 0.833333 0.032407 0.833333 0.034259 0.836458 0.039815 0.836979 0.039815 0.837500 0.040741 0.838021 0.040741 0.838542 0.041667 0.839583 0.041667 0.840104 0.042593 0.841667 0.042593 0.842187 0.043519 0.844271 0.043519 0.844792 0.042593 0.846875 0.042593 0.847396 0.041667 0.847917 0.041667 0.848437 0.040741 0.848958 0.040741 0.850000 0.038889 0.850521 0.038889 0.852604 0.035185 0.852604 0.034259 0.853646 0.032407 0.853646 0.030556 0.854167 0.029630 0.854167 0.025926 0.854688 0.025000 0.854688 0.023148 0.854167 0.022222 0.854167 0.018519 0.853646 0.017593 0.853646 0.016667 0.853125 0.015741 0.853125 0.014815 0.852083 0.012963 0.852083 0.012037 0.851562 0.012037 0.850521 0.010185 0.850521 0.009259 0.850000 0.009259 0.849479 0.008333 0.848437 0.008333 0.847396 0.006481 0.845833 0.006481 0.845313 0.005556 0.841146 0.005556 0.840625 0.006481 0.839583 0.006481 0.839063 0.007407
0 0.659896 0.768519 0.659896 0.772222 0.660417 0.773148 0.660417 0.774074 0.661979 0.776852 0.662500 0.776852 0.663021 0.777778 0.663542 0.777778 0.664062 0.778704 0.665625 0.778704 0.666146 0.779630 0.671354 0.779630 0.671875 0.778704 0.672396 0.778704 0.672917 0.777778 0.673438 0.777778 0.673958 0.776852 0.674479 0.776852 0.676042 0.774074 0.676042 0.769444 0.675000 0.767593 0.675000 0.766667 0.674479 0.766667 0.673438 0.764815 0.672917 0.764815 0.672396 0.763889 0.670833 0.763889 0.670312 0.762963 0.664583 0.762963 0.664062 0.763889 0.663021 0.763889 0.662500 0.764815 0.661979 0.764815 0.660937 0.766667 0.660417 0.766667 0.660417 0.767593
0 0.526042 0.275926 0.526042 0.279630 0.526563 0.280556 0.526563 0.281481 0.527083 0.282407 0.527083 0.283333 0.527604 0.283333 0.529167 0.286111 0.529687 0.286111 0.530208 0.287037 0.531771 0.287037 0.532292 0.287963 0.535937 0.287963 0.536458 0.287037 0.538021 0.287037 0.538542 0.286111 0.539062 0.286111 0.539583 0.285185 0.540625 0.285185 0.542708 0.281481 0.542708 0.280556 0.543229 0.279630 0.543229 0.278704 0.543750 0.277778 0.543750 0.273148 0.543229 0.272222 0.543229 0.271296 0.542708 0.270370 0.542188 0.270370 0.540625 0.267593 0.540104 0.267593 0.539583 0.266667 0.538021 0.266667 0.537500 0.265741 0.533333 0.265741 0.532813 0.266667 0.531771 0.266667 0.531250 0.267593 0.530729 0.267593 0.530208 0.268519 0.529167 0.268519 0.527083 0.272222 0.527083 0.273148 0.526563 0.274074 0.526563 0.275000
0 0.335417 0.679630 0.334375 0.681481 0.333854 0.681481 0.332813 0.683333 0.332813 0.684259 0.332292 0.685185 0.332292 0.686111 0.331771 0.687037 0.331771 0.688889 0.331250 0.689815 0.331250 0.696296 0.331771 0.697222 0.331771 0.699074 0.332813 0.700926 0.332813 0.701852 0.334896 0.705556 0.335417 0.705556 0.336458 0.707407 0.336979 0.707407 0.337500 0.708333 0.338542 0.708333 0.339062 0.709259 0.341146 0.709259 0.341667 0.710185 0.342708 0.710185 0.343229 0.709259 0.345313 0.709259 0.345833 0.708333 0.346354 0.708333 0.346875 0.707407 0.347396 0.707407 0.347917 0.706481 0.348438 0.706481 0.348958 0.705556 0.348958 0.704630 0.349479 0.703704 0.350000 0.703704 0.350521 0.702778 0.350521 0.701852 0.351042 0.700926 0.351042 0.700000 0.351562 0.699074 0.351562 0.696296 0.352083 0.695370 0.352083 0.692593 0.351562 0.691667 0.351562 0.688889 0.351042 0.687963 0.351042 0.687037 0.350521 0.686111 0.350521 0.685185 0.347396 0.679630 0.346875 0.679630 0.346354 0.678704 0.345313 0.678704 0.344792 0.677778 0.343750 0.677778 0.343229 0.676852 0.339583 0.676852 0.339062 0.677778 0.337500 0.677778 0.336979 0.678704 0.336458 0.678704 0.335938 0.679630
0 0.863542 0.326852 0.860417 0.332407 0.860417 0.333333 0.859896 0.334259 0.859896 0.335185 0.859375 0.336111 0.859375 0.342593 0.859896 0.343519 0.859896 0.345370 0.863542 0.351852 0.864583 0.351852 0.865104 0.352778 0.867188 0.352778 0.867708 0.353704 0.869271 0.353704 0.869792 0.352778 0.871875 0.352778 0.872396 0.351852 0.872917 0.351852 0.873437 0.350926 0.873958 0.350926 0.874479 0.350000 0.875000 0.350000 0.877083 0.346296 0.877083 0.345370 0.878125 0.343519 0.878125 0.341667 0.878646 0.340741 0.878646 0.336111 0.878125 0.335185 0.878125 0.333333 0.877604 0.332407 0.877604 0.331481 0.875000 0.326852 0.874479 0.326852 0.873958 0.325926 0.872917 0.325926 0.872396 0.325000 0.866667 0.325000 0.866146 0.325926 0.865104 0.325926 0.864583 0.326852
0 0.776563 0.081481 0.776563 0.082407 0.776042 0.083333 0.776042 0.085185 0.775521 0.086111 0.775521 0.089815 0.776042 0.090741 0.776042 0.092593 0.776563 0.093519 0.776563 0.094444 0.777604 0.096296 0.778125 0.096296 0.779167 0.098148 0.780208 0.098148 0.780729 0.099074 0.781771 0.099074 0.782292 0.100000 0.786458 0.100000 0.786979 0.099074 0.788542 0.099074 0.789062 0.098148 0.790104 0.098148 0.791146 0.096296 0.791667 0.096296 0.794271 0.091667 0.794271 0.090741 0.794792 0.089815 0.794792 0.088889 0.795312 0.087963 0.795312 0.083333 0.794792 0.082407 0.794792 0.080556 0.794271 0.079630 0.794271 0.078704 0.792708 0.075926 0.791667 0.075926 0.790625 0.074074 0.789062 0.074074 0.788542 0.073148 0.783854 0.073148 0.783333 0.074074 0.782292 0.074074 0.781771 0.075000 0.781250 0.075000 0.780729 0.075926 0.780208 0.075926 0.779687 0.076852 0.779167 0.076852
0 0.624479 0.336111 0.622396 0.336111 0.621875 0.335185 0.620313 0.335185 0.619792 0.336111 0.618229 0.336111 0.617708 0.337037 0.616667 0.337037 0.615625 0.338889 0.615104 0.338889 0.614062 0.340741 0.614062 0.341667 0.613021 0.343519 0.612500 0.343519 0.612500 0.345370 0.611979 0.346296 0.611979 0.347222 0.611458 0.348148 0.611458 0.349074 0.610938 0.350000 0.610938 0.353704 0.610417 0.354630 0.610417 0.357407 0.610938 0.358333 0.610938 0.361111 0.611458 0.362037 0.611458 0.364815 0.613021 0.367593 0.613021 0.368519 0.614062 0.370370 0.614583 0.370370 0.615625 0.372222 0.616667 0.372222 0.617188 0.373148 0.622396 0.373148 0.622917 0.372222 0.623958 0.372222 0.624479 0.371296 0.625000 0.371296 0.628646 0.364815 0.628646 0.363889 0.629167 0.362963 0.629167 0.362037 0.629687 0.361111 0.629687 0.359259 0.630208 0.358333 0.630208 0.348148 0.629687 0.347222 0.629687 0.345370 0.628646 0.343519 0.628646 0.341667 0.628125 0.341667 0.626042 0.337963 0.625521 0.337963
0 0.349479 0.336111 0.348958 0.337037 0.347917 0.337037 0.346875 0.338889 0.345833 0.338889 0.344271 0.341667 0.344271 0.342593 0.343750 0.343519 0.343750 0.344444 0.343229 0.345370 0.343229 0.347222 0.342708 0.348148 0.342708 0.354630 0.343229 0.355556 0.343229 0.356481 0.343750 0.357407 0.343750 0.358333 0.346875 0.363889 0.347917 0.363889 0.348438 0.364815 0.350000 0.364815 0.350521 0.365741 0.353125 0.365741 0.353646 0.364815 0.354687 0.364815 0.355208 0.363889 0.356250 0.363889 0.357812 0.361111 0.358333 0.361111 0.359896 0.358333 0.359896 0.357407 0.360417 0.356481 0.360417 0.354630 0.360938 0.353704 0.360938 0.347222 0.360417 0.346296 0.360417 0.344444 0.356771 0.337963 0.356250 0.337963 0.355729 0.337037 0.354687 0.337037 0.354167 0.336111
0 0.651563 0.075000 0.651563 0.075926 0.651042 0.076852 0.651042 0.080556 0.650521 0.081481 0.650521 0.086111 0.651042 0.087037 0.651042 0.088889 0.651563 0.089815 0.651563 0.091667 0.652083 0.092593 0.652083 0.093519 0.653125 0.095370 0.653125 0.096296 0.655208 0.100000 0.655729 0.100000 0.656771 0.101852 0.657292 0.101852 0.657813 0.102778 0.658333 0.102778 0.659375 0.104630 0.660417 0.104630 0.660937 0.105556 0.666667 0.105556 0.667188 0.104630 0.668229 0.104630 0.668750 0.103704 0.669271 0.103704 0.669792 0.102778 0.670312 0.102778 0.670833 0.101852 0.670833 0.100926 0.672396 0.098148 0.672396 0.097222 0.672917 0.096296 0.672917 0.094444 0.673438 0.093519 0.673438 0.087037 0.672917 0.086111 0.672917 0.083333 0.672396 0.082407 0.672396 0.081481 0.671875 0.080556 0.671875 0.079630 0.670312 0.076852 0.670312 0.075926 0.669792 0.075926 0.669271 0.075000 0.669271 0.074074 0.668750 0.073148 0.668229 0.073148 0.667708 0.072222 0.667188 0.072222 0.666146 0.070370 0.665625 0.070370 0.665104 0.069444 0.664062 0.069444 0.663542 0.068519 0.661979 0.068519 0.661458 0.067593 0.658854 0.067593 0.658333 0.068519 0.656250 0.068519 0.655729 0.069444 0.655208 0.069444 0.654167 0.071296 0.653646 0.071296
0 0.533333 0.464815 0.532813 0.464815 0.531771 0.462963 0.531250 0.462963 0.530729 0.462037 0.529687 0.462037 0.529167 0.461111 0.524479 0.461111 0.523958 0.462037 0.522396 0.462037 0.521875 0.462963 0.521354 0.462963 0.520833 0.463889 0.520312 0.463889 0.519271 0.465741 0.518750 0.465741 0.518229 0.466667 0.518229 0.467593 0.517188 0.469444 0.516667 0.469444 0.516667 0.470370 0.515625 0.472222 0.515625 0.474074 0.515104 0.475000 0.515104 0.476852 0.514583 0.477778 0.514583 0.483333 0.515104 0.484259 0.515104 0.486111 0.515625 0.487037 0.515625 0.487963 0.517708 0.491667 0.518229 0.491667 0.519271 0.493519 0.520312 0.493519 0.520833 0.494444 0.527083 0.494444 0.527604 0.493519 0.528125 0.493519 0.528646 0.492593 0.529167 0.492593 0.529687 0.491667 0.530729 0.491667 0.530729 0.490741 0.531250 0.489815 0.531771 0.489815 0.534375 0.485185 0.534375 0.484259 0.534896 0.483333 0.534896 0.482407 0.535417 0.481481 0.535417 0.478704 0.535937 0.477778 0.535937 0.473148 0.535417 0.472222 0.535417 0.470370 0.534896 0.469444 0.534896 0.468519 0.534375 0.467593 0.534375 0.466667
0 0.513021 0.420370 0.513021 0.421296 0.510938 0.425000 0.510938 0.425926 0.510417 0.426852 0.510417 0.428704 0.509896 0.429630 0.509896 0.438889 0.510417 0.439815 0.510417 0.441667 0.511458 0.443519 0.511458 0.444444 0.514062 0.449074 0.514583 0.449074 0.515625 0.450926 0.516146 0.450926 0.516667 0.451852 0.517708 0.451852 0.518229 0.452778 0.522917 0.452778 0.523438 0.451852 0.525000 0.451852 0.526042 0.450000 0.526563 0.450000 0.529167 0.445370 0.529167 0.444444 0.529687 0.443519 0.529687 0.442593 0.530208 0.441667 0.530208 0.439815 0.530729 0.438889 0.530729 0.433333 0.530208 0.432407 0.530208 0.429630 0.529687 0.428704 0.529687 0.427778 0.529167 0.426852 0.529167 0.425926 0.527604 0.423148 0.527604 0.422222 0.527083 0.422222 0.526042 0.420370 0.525521 0.420370 0.524479 0.418519 0.523438 0.418519 0.522917 0.417593 0.521875 0.417593 0.521354 0.416667 0.518229 0.416667 0.517708 0.417593 0.516146 0.417593 0.515625 0.418519 0.515104 0.418519 0.514583 0.419444 0.514062 0.419444 0.513542 0.420370
0 0.890104 0.403704 0.887500 0.408333 0.887500 0.409259 0.886979 0.410185 0.886979 0.412963 0.886458 0.413889 0.886458 0.419444 0.886979 0.420370 0.886979 0.421296 0.887500 0.422222 0.887500 0.423148 0.888021 0.424074 0.888021 0.425000 0.889062 0.426852 0.889583 0.426852 0.891146 0.429630 0.891667 0.429630 0.892188 0.430556 0.892708 0.430556 0.893229 0.431481 0.895312 0.431481 0.895833 0.432407 0.897396 0.432407 0.897917 0.431481 0.900000 0.431481 0.900521 0.430556 0.901563 0.430556 0.902083 0.429630 0.902604 0.429630 0.903646 0.427778 0.904167 0.427778 0.904687 0.426852 0.904687 0.425926 0.906250 0.423148 0.906250 0.422222 0.906771 0.421296 0.906771 0.419444 0.907292 0.418519 0.907292 0.412963 0.906771 0.412037 0.906771 0.410185 0.905729 0.408333 0.905729 0.406481 0.905208 0.405556 0.904687 0.405556 0.903125 0.402778 0.902604 0.402778 0.901563 0.400926 0.900521 0.400926 0.900000 0.400000 0.894271 0.400000 0.893750 0.400926 0.892708 0.400926 0.892188 0.401852 0.891667 0.401852 0.890625 0.403704
0 0.692187 0.544444 0.688021 0.544444 0.687500 0.545370 0.686458 0.545370 0.684896 0.548148 0.684375 0.548148 0.682813 0.550926 0.682813 0.551852 0.682292 0.552778 0.682292 0.553704 0.681771 0.554630 0.681771 0.556481 0.681250 0.557407 0.681250 0.566667 0.681771 0.567593 0.681771 0.568519 0.682292 0.569444 0.682292 0.570370 0.683333 0.572222 0.683333 0.573148 0.684896 0.575926 0.685937 0.575926 0.686979 0.577778 0.689063 0.577778 0.689583 0.578704 0.690104 0.578704 0.690625 0.577778 0.692708 0.577778 0.693229 0.576852 0.693750 0.576852 0.694271 0.575926 0.694792 0.575926 0.696875 0.572222 0.696875 0.571296 0.697917 0.569444 0.697917 0.568519 0.698438 0.567593 0.698438 0.564815 0.698958 0.563889 0.698958 0.558333 0.698438 0.557407 0.698438 0.554630 0.697917 0.553704 0.697917 0.552778 0.694271 0.546296 0.693750 0.546296 0.693229 0.545370 0.692708 0.545370
0 0.441146 0.846296 0.439583 0.849074 0.439583 0.850000 0.438542 0.851852 0.438542 0.852778 0.438021 0.853704 0.438021 0.855556 0.437500 0.856481 0.437500 0.862963 0.438021 0.863889 0.438021 0.864815 0.438542 0.865741 0.438542 0.866667 0.439063 0.867593 0.439063 0.868519 0.440104 0.870370 0.440625 0.870370 0.441667 0.872222 0.442188 0.872222 0.443229 0.874074 0.443750 0.874074 0.444271 0.875000 0.445312 0.875000 0.445833 0.875926 0.452083 0.875926 0.452604 0.875000 0.453646 0.875000 0.454167 0.874074 0.455208 0.874074 0.456250 0.872222 0.456771 0.872222 0.459896 0.866667 0.459896 0.864815 0.460417 0.863889 0.460417 0.862963 0.460938 0.862037 0.460938 0.856481 0.460417 0.855556 0.460417 0.853704 0.459896 0.852778 0.459896 0.850926 0.458854 0.849074 0.458854 0.848148 0.458333 0.848148 0.457292 0.846296 0.456771 0.846296 0.455729 0.844444 0.455208 0.844444 0.454688 0.843519 0.454167 0.843519 0.453646 0.842593 0.452604 0.842593 0.452083 0.841667 0.446875 0.841667 0.446354 0.842593 0.444792 0.842593 0.444271 0.843519 0.443750 0.843519 0.443229 0.844444 0.442708 0.844444 0.441667 0.846296
0 0.531771 0.929630 0.531250 0.930556 0.530208 0.930556 0.529687 0.931481 0.529167 0.931481 0.528646 0.932407 0.528125 0.932407 0.526563 0.935185 0.526563 0.936111 0.526042 0.937037 0.525521 0.937037 0.525521 0.937963 0.525000 0.938889 0.525000 0.939815 0.524479 0.940741 0.524479 0.942593 0.523958 0.943519 0.523958 0.954630 0.524479 0.955556 0.524479 0.957407 0.525000 0.958333 0.525000 0.959259 0.525521 0.960185 0.525521 0.961111 0.528125 0.965741 0.528125 0.966667 0.528646 0.966667 0.529167 0.967593 0.529687 0.967593 0.530729 0.969444 0.531771 0.969444 0.532292 0.970370 0.534375 0.970370 0.534896 0.971296 0.535417 0.971296 0.535937 0.970370 0.538542 0.970370 0.539062 0.969444 0.540104 0.969444 0.541146 0.967593 0.541667 0.967593 0.541667 0.966667 0.542188 0.965741 0.542708 0.965741 0.543229 0.964815 0.543229 0.963889 0.544271 0.962037 0.544271 0.961111 0.544792 0.960185 0.544792 0.959259 0.545312 0.958333 0.545312 0.955556 0.545833 0.954630 0.545833 0.948148 0.545312 0.947222 0.545312 0.944444 0.544792 0.943519 0.544792 0.941667 0.544271 0.940741 0.544271 0.939815 0.543229 0.937963 0.543229 0.937037 0.542708 0.936111 0.542188 0.936111 0.539583 0.931481 0.538542 0.931481 0.538021 0.930556 0.536979 0.930556 0.536458 0.929630
0 0.501042 0.594444 0.498958 0.598148 0.498958 0.599074 0.498437 0.600000 0.498437 0.600926 0.497917 0.601852 0.497917 0.603704 0.497396 0.604630 0.497396 0.611111 0.497917 0.612037 0.497917 0.613889 0.498437 0.614815 0.498437 0.615741 0.498958 0.616667 0.498958 0.617593 0.500000 0.619444 0.500000 0.620370 0.500521 0.621296 0.501042 0.621296 0.502083 0.623148 0.502083 0.624074 0.502604 0.624074 0.503125 0.625000 0.503646 0.625000 0.504687 0.626852 0.505729 0.626852 0.506250 0.627778 0.507812 0.627778 0.508333 0.628704 0.511979 0.628704 0.512500 0.627778 0.514062 0.627778 0.514583 0.626852 0.515104 0.626852 0.516146 0.625000 0.516667 0.625000 0.517708 0.623148 0.517708 0.622222 0.518750 0.620370 0.518750 0.619444 0.519271 0.618519 0.519271 0.616667 0.519792 0.615741 0.519792 0.609259 0.519271 0.608333 0.519271 0.605556 0.518229 0.603704 0.518229 0.601852 0.514583 0.595370 0.514062 0.595370 0.513021 0.593519 0.512500 0.593519 0.511979 0.592593 0.510938 0.592593 0.510417 0.591667 0.504167 0.591667 0.503646 0.592593 0.502604 0.592593 0.501563 0.594444
0 0.108333 0.788889 0.107813 0.789815 0.106250 0.789815 0.105729 0.790741 0.104688 0.790741 0.102083 0.795370 0.101562 0.795370 0.101042 0.796296 0.101042 0.797222 0.100521 0.798148 0.100521 0.799074 0.100000 0.800000 0.100000 0.801852 0.099479 0.802778 0.099479 0.808333 0.100000 0.809259 0.100000 0.811111 0.101042 0.812963 0.101042 0.813889 0.103125 0.817593 0.103646 0.817593 0.104167 0.818519 0.104688 0.818519 0.105208 0.819444 0.106250 0.819444 0.106771 0.820370 0.110937 0.820370 0.111458 0.819444 0.113021 0.819444 0.114062 0.817593 0.115104 0.817593 0.115625 0.816667 0.115625 0.815741 0.116146 0.814815 0.116667 0.814815 0.117708 0.812963 0.117708 0.812037 0.118229 0.811111 0.118229 0.810185 0.118750 0.809259 0.118750 0.807407 0.119271 0.806481 0.119271 0.801852 0.118750 0.800926 0.118750 0.798148 0.117188 0.795370 0.117188 0.794444 0.115625 0.791667 0.115104 0.791667 0.114583 0.790741 0.114062 0.790741 0.113542 0.789815 0.112500 0.789815 0.111979 0.788889
0 0.402083 0.304630 0.398958 0.310185 0.398958 0.311111 0.398438 0.312037 0.398438 0.312963 0.397917 0.313889 0.397917 0.317593 0.397396 0.318519 0.397396 0.319444 0.397917 0.320370 0.397917 0.323148 0.398438 0.324074 0.398438 0.325926 0.399479 0.327778 0.399479 0.328704 0.400000 0.328704 0.401562 0.331481 0.402083 0.331481 0.403125 0.333333 0.403646 0.333333 0.404167 0.334259 0.405729 0.334259 0.406250 0.335185 0.411458 0.335185 0.411979 0.334259 0.413542 0.334259 0.414062 0.333333 0.414583 0.333333 0.415104 0.332407 0.415625 0.332407 0.416146 0.331481 0.416667 0.331481 0.417708 0.329630 0.418229 0.329630 0.419271 0.327778 0.419271 0.326852 0.420312 0.325000 0.420312 0.324074 0.420833 0.323148 0.420833 0.322222 0.421354 0.321296 0.421354 0.313889 0.420833 0.312963 0.420833 0.311111 0.420312 0.310185 0.420312 0.309259 0.417187 0.303704 0.416146 0.303704 0.415625 0.302778 0.415104 0.302778 0.414583 0.301852 0.413542 0.301852 0.413021 0.300926 0.407292 0.300926 0.406771 0.301852 0.405208 0.301852 0.404687 0.302778 0.404167 0.302778 0.403646 0.303704 0.403125 0.303704 0.402604 0.304630
0 0.361458 0.003704 0.361458 0.008333 0.361979 0.009259 0.361979 0.012037 0.363542 0.014815 0.363542 0.015741 0.364583 0.017593 0.365625 0.017593 0.366667 0.019444 0.368229 0.019444 0.368750 0.020370 0.371354 0.020370 0.371875 0.019444 0.372917 0.019444 0.373437 0.018519 0.373958 0.018519 0.374479 0.017593 0.375000 0.017593 0.375521 0.016667 0.375521 0.015741 0.377083 0.012963 0.377083 0.012037 0.377604 0.011111 0.377604 0.003704 0.377083 0.002778 0.377083 0.001852 0.376563 0.000926 0.376563 0.000000 0.362500 0.000000 0.361979 0.000926 0.361979 0.002778
0 0.513542 0.213889 0.513021 0.214815 0.512500 0.214815 0.511979 0.215741 0.511458 0.215741 0.510938 0.216667 0.510417 0.216667 0.508333 0.220370 0.508333 0.221296 0.507812 0.222222 0.507812 0.223148 0.507292 0.224074 0.507292 0.226852 0.506771 0.227778 0.506771 0.230556 0.507292 0.231481 0.507292 0.234259 0.507812 0.235185 0.507812 0.236111 0.508854 0.237963 0.508854 0.238889 0.510417 0.241667 0.510938 0.241667 0.511979 0.243519 0.512500 0.243519 0.513021 0.244444 0.514583 0.244444 0.515104 0.245370 0.519792 0.245370 0.520312 0.244444 0.521354 0.244444 0.521875 0.243519 0.522396 0.243519 0.522917 0.242593 0.523438 0.242593 0.524479 0.240741 0.525000 0.240741 0.525000 0.239815 0.526042 0.237963 0.526042 0.237037 0.526563 0.236111 0.526563 0.235185 0.527083 0.234259 0.527083 0.225926 0.526563 0.225000 0.526563 0.223148 0.526042 0.222222 0.526042 0.221296 0.524479 0.218519 0.523958 0.218519 0.522396 0.215741 0.521875 0.215741 0.521354 0.214815 0.520312 0.214815 0.519792 0.213889 0.517708 0.213889 0.517188 0.212963 0.516667 0.213889
0 0.357292 0.800000 0.356771 0.800000 0.356250 0.799074 0.355729 0.799074 0.355208 0.798148 0.352604 0.798148 0.352083 0.797222 0.351042 0.797222 0.350521 0.798148 0.348438 0.798148 0.347917 0.799074 0.347396 0.799074 0.346875 0.800000 0.346354 0.800000 0.345833 0.800926 0.345313 0.800926 0.342708 0.805556 0.342708 0.806481 0.342187 0.807407 0.342187 0.808333 0.341667 0.809259 0.341667 0.816667 0.342187 0.817593 0.342187 0.819444 0.345313 0.825000 0.346354 0.825000 0.346875 0.825926 0.347917 0.825926 0.348438 0.826852 0.352604 0.826852 0.353125 0.825926 0.354167 0.825926 0.354687 0.825000 0.355729 0.825000 0.356250 0.824074 0.356771 0.824074 0.359375 0.819444 0.359375 0.818519 0.359896 0.817593 0.359896 0.816667 0.360417 0.815741 0.360417 0.813889 0.360938 0.812963 0.360938 0.810185 0.360417 0.809259 0.360417 0.806481 0.358854 0.803704 0.358854 0.802778
0 0.201042 0.725000 0.196354 0.725000 0.195833 0.725926 0.194792 0.725926 0.194271 0.726852 0.193229 0.726852 0.192188 0.728704 0.191667 0.728704 0.189583 0.732407 0.189583 0.733333 0.188542 0.735185 0.188542 0.737037 0.188021 0.737963 0.188021 0.746296 0.188542 0.747222 0.188542 0.748148 0.189062 0.749074 0.189062 0.750000 0.191146 0.753704 0.192188 0.753704 0.193229 0.755556 0.195312 0.755556 0.195833 0.756481 0.197917 0.756481 0.198437 0.755556 0.200000 0.755556 0.200521 0.754630 0.201042 0.754630 0.201563 0.753704 0.202604 0.753704 0.203646 0.751852 0.204167 0.751852 0.206250 0.748148 0.206250 0.747222 0.206771 0.746296 0.206771 0.745370 0.207292 0.744444 0.207292 0.742593 0.207813 0.741667 0.207813 0.736111 0.207292 0.735185 0.207292 0.733333 0.203646 0.726852 0.203125 0.726852 0.202604 0.725926 0.201563 0.725926
0 0.535937 0.015741 0.535937 0.021296 0.536458 0.022222 0.536458 0.023148 0.538021 0.025926 0.538542 0.025926 0.539583 0.027778 0.540625 0.027778 0.541146 0.028704 0.542188 0.028704 0.542708 0.029630 0.549479 0.029630 0.550000 0.028704 0.551562 0.028704 0.552604 0.026852 0.553125 0.026852 0.556250 0.021296 0.556250 0.019444 0.556771 0.018519 0.556771 0.017593 0.556250 0.016667 0.556250 0.014815 0.555729 0.013889 0.555729 0.012963 0.554167 0.010185 0.553646 0.010185 0.552604 0.008333 0.551562 0.008333 0.551042 0.007407 0.549479 0.007407 0.548958 0.006481 0.543750 0.006481 0.543229 0.007407 0.541667 0.007407 0.541146 0.008333 0.540625 0.008333 0.540104 0.009259 0.539583 0.009259 0.539062 0.010185 0.538542 0.010185 0.536979 0.012963 0.536979 0.013889
0 0.245833 0.806481 0.245312 0.807407 0.244271 0.807407 0.243750 0.808333 0.243229 0.808333 0.242188 0.810185 0.241667 0.810185 0.241146 0.811111 0.241146 0.812037 0.240104 0.813889 0.240104 0.814815 0.239063 0.816667 0.239063 0.818519 0.238542 0.819444 0.238542 0.823148 0.238021 0.824074 0.238021 0.826852 0.238542 0.827778 0.238542 0.831481 0.239063 0.832407 0.239063 0.834259 0.239583 0.835185 0.239583 0.836111 0.241146 0.838889 0.241146 0.839815 0.241667 0.840741 0.242188 0.840741 0.243750 0.843519 0.244271 0.843519 0.244792 0.844444 0.245312 0.844444 0.245833 0.845370 0.248438 0.845370 0.248958 0.846296 0.249479 0.846296 0.250000 0.845370 0.252083 0.845370 0.252604 0.844444 0.253125 0.844444 0.253646 0.843519 0.254167 0.843519 0.255208 0.841667 0.255729 0.841667 0.257292 0.838889 0.257292 0.837963 0.258333 0.836111 0.258333 0.834259 0.258854 0.833333 0.258854 0.831481 0.259375 0.830556 0.259375 0.822222 0.258854 0.821296 0.258854 0.818519 0.257812 0.816667 0.257812 0.814815 0.257292 0.814815 0.256771 0.813889 0.256771 0.812963 0.254688 0.809259 0.254167 0.809259 0.253125 0.807407 0.252083 0.807407 0.251563 0.806481
0 0.076563 0.365741 0.076042 0.366667 0.073958 0.366667 0.073438 0.367593 0.072396 0.367593 0.071875 0.368519 0.071354 0.368519 0.067187 0.375926 0.067187 0.377778 0.066667 0.378704 0.066667 0.384259 0.067187 0.385185 0.067187 0.387037 0.068750 0.389815 0.068750 0.390741 0.069792 0.392593 0.070312 0.392593 0.071354 0.394444 0.071875 0.394444 0.072396 0.395370 0.074479 0.395370 0.075000 0.396296 0.078646 0.396296 0.079167 0.395370 0.080208 0.395370 0.080729 0.394444 0.081771 0.394444 0.082292 0.393519 0.082812 0.393519 0.083854 0.391667 0.084375 0.391667 0.084896 0.390741 0.084896 0.389815 0.086458 0.387037 0.086458 0.385185 0.086979 0.384259 0.086979 0.376852 0.086458 0.375926 0.086458 0.375000 0.085938 0.374074 0.085938 0.373148 0.084375 0.370370 0.083854 0.370370 0.082292 0.367593 0.081250 0.367593 0.080729 0.366667 0.078646 0.366667 0.078125 0.365741
0 0.090104 0.404630 0.089583 0.405556 0.088542 0.405556 0.087500 0.407407 0.086979 0.407407 0.084896 0.411111 0.084896 0.412037 0.083854 0.413889 0.083854 0.416667 0.083333 0.417593 0.083333 0.424074 0.083854 0.425000 0.083854 0.426852 0.084896 0.428704 0.084896 0.429630 0.086979 0.433333 0.088021 0.433333 0.088542 0.434259 0.093229 0.434259 0.093750 0.433333 0.094271 0.433333 0.094792 0.432407 0.095312 0.432407 0.097917 0.427778 0.097917 0.425926 0.098437 0.425000 0.098437 0.424074 0.098958 0.423148 0.098958 0.414815 0.098437 0.413889 0.098437 0.412963 0.097917 0.412037 0.097917 0.410185 0.096354 0.407407 0.095833 0.407407 0.094792 0.405556 0.093750 0.405556 0.093229 0.404630
0 0.890625 0.819444 0.890104 0.820370 0.889583 0.820370 0.889062 0.821296 0.888021 0.821296 0.887500 0.822222 0.886979 0.822222 0.883854 0.827778 0.883854 0.828704 0.882812 0.830556 0.882812 0.831481 0.882292 0.832407 0.882292 0.835185 0.881771 0.836111 0.881771 0.842593 0.882292 0.843519 0.882292 0.846296 0.883333 0.848148 0.883333 0.849074 0.884896 0.851852 0.884896 0.852778 0.885417 0.852778 0.886458 0.854630 0.887500 0.854630 0.888021 0.855556 0.888542 0.855556 0.889062 0.856481 0.894792 0.856481 0.895312 0.855556 0.896354 0.855556 0.896875 0.854630 0.897917 0.854630 0.898958 0.852778 0.899479 0.852778 0.900000 0.851852 0.900000 0.850926 0.900521 0.850000 0.901042 0.850000 0.901563 0.849074 0.901563 0.848148 0.902604 0.846296 0.902604 0.845370 0.903125 0.844444 0.903125 0.843519 0.903646 0.842593 0.903646 0.839815 0.904167 0.838889 0.904167 0.834259 0.903646 0.833333 0.903646 0.830556 0.903125 0.829630 0.903125 0.828704 0.902604 0.827778 0.902604 0.826852 0.902083 0.825926 0.901563 0.825926 0.901042 0.825000 0.901042 0.824074 0.900000 0.822222 0.899479 0.822222 0.898958 0.821296 0.898438 0.821296 0.897917 0.820370 0.896875 0.820370 0.896354 0.819444
0 0.817708 0.481481 0.817708 0.487963 0.818229 0.488889 0.818229 0.489815 0.818750 0.490741 0.818750 0.491667 0.819271 0.492593 0.820312 0.492593 0.821875 0.495370 0.822917 0.495370 0.823438 0.496296 0.826042 0.496296 0.826562 0.497222 0.828646 0.497222 0.829167 0.496296 0.831250 0.496296 0.831771 0.495370 0.832812 0.495370 0.833333 0.494444 0.833854 0.494444 0.834375 0.493519 0.835417 0.493519 0.838542 0.487963 0.838542 0.487037 0.839063 0.486111 0.839063 0.484259 0.839583 0.483333 0.839583 0.480556 0.839063 0.479630 0.839063 0.478704 0.838542 0.477778 0.838542 0.476852 0.836458 0.473148 0.835938 0.473148 0.835417 0.472222 0.834375 0.472222 0.833854 0.471296 0.832812 0.471296 0.832292 0.470370 0.826562 0.470370 0.826042 0.471296 0.825000 0.471296 0.824479 0.472222 0.823438 0.472222 0.822917 0.473148 0.822396 0.473148 0.821875 0.474074 0.821354 0.474074 0.818229 0.479630 0.818229 0.480556
0 0.310417 0.435185 0.304167 0.435185 0.303646 0.436111 0.302083 0.436111 0.301563 0.437037 0.301042 0.437037 0.300000 0.438889 0.299479 0.438889 0.296875 0.443519 0.296875 0.444444 0.296354 0.445370 0.296354 0.446296 0.295833 0.447222 0.295833 0.455556 0.296875 0.457407 0.296875 0.458333 0.297396 0.459259 0.297396 0.460185 0.297917 0.461111 0.298438 0.461111 0.298958 0.462037 0.299479 0.462037 0.300000 0.462963 0.300521 0.462963 0.301042 0.463889 0.302604 0.463889 0.303125 0.464815 0.306771 0.464815 0.307292 0.463889 0.308854 0.463889 0.309375 0.462963 0.310417 0.462963 0.311458 0.461111 0.311979 0.461111 0.312500 0.460185 0.313021 0.460185 0.313542 0.459259 0.313542 0.458333 0.315625 0.454630 0.315625 0.453704 0.316146 0.452778 0.316146 0.443519 0.315104 0.441667 0.315104 0.440741 0.314063 0.438889 0.313542 0.438889 0.311979 0.436111 0.310937 0.436111
0 0.758854 0.476852 0.754687 0.476852 0.753646 0.478704 0.752604 0.478704 0.749479 0.484259 0.749479 0.485185 0.748958 0.486111 0.748958 0.487037 0.748437 0.487963 0.748437 0.488889 0.747917 0.489815 0.747917 0.500000 0.748437 0.500926 0.748437 0.501852 0.748958 0.502778 0.748958 0.503704 0.750521 0.506481 0.751042 0.506481 0.751563 0.507407 0.752604 0.507407 0.753125 0.508333 0.755208 0.508333 0.755729 0.507407 0.757292 0.507407 0.758333 0.505556 0.758854 0.505556 0.759896 0.503704 0.760417 0.503704 0.760417 0.502778 0.761979 0.500000 0.761979 0.499074 0.762500 0.498148 0.762500 0.497222 0.763021 0.496296 0.763021 0.494444 0.763542 0.493519 0.763542 0.486111 0.763021 0.485185 0.763021 0.484259 0.762500 0.483333 0.762500 0.482407 0.759896 0.477778 0.759375 0.477778
0 0.659375 0.790741 0.659375 0.793519 0.660417 0.795370 0.660417 0.796296 0.660937 0.796296 0.661979 0.798148 0.663542 0.798148 0.664062 0.799074 0.670312 0.799074 0.670833 0.798148 0.671354 0.798148 0.671875 0.797222 0.672396 0.797222 0.672917 0.796296 0.673438 0.796296 0.673438 0.795370 0.674479 0.793519 0.674479 0.789815 0.672396 0.786111 0.671354 0.786111 0.670833 0.785185 0.669271 0.785185 0.668750 0.784259 0.665625 0.784259 0.665104 0.785185 0.663021 0.785185 0.662500 0.786111 0.661979 0.786111 0.661458 0.787037 0.660937 0.787037 0.660937 0.787963 0.660417 0.788889 0.659896 0.788889 0.659896 0.789815
0 0.550000 0.036111 0.550000 0.039815 0.550521 0.040741 0.550521 0.042593 0.553646 0.048148 0.554167 0.048148 0.554688 0.049074 0.555208 0.049074 0.555729 0.050000 0.556771 0.050000 0.557292 0.050926 0.559375 0.050926 0.559896 0.051852 0.566146 0.051852 0.566667 0.050926 0.567708 0.050926 0.568229 0.050000 0.569792 0.050000 0.570833 0.048148 0.571354 0.048148 0.573958 0.043519 0.573958 0.040741 0.574479 0.039815 0.573958 0.038889 0.573958 0.036111 0.573438 0.035185 0.573438 0.034259 0.571875 0.031481 0.571354 0.031481 0.570312 0.029630 0.569792 0.029630 0.568750 0.027778 0.567187 0.027778 0.566667 0.026852 0.565104 0.026852 0.564583 0.025926 0.558333 0.025926 0.557813 0.026852 0.556250 0.026852 0.555729 0.027778 0.555208 0.027778 0.554688 0.028704 0.553646 0.028704 0.550521 0.034259 0.550521 0.035185
0 0.498437 0.499074 0.495833 0.499074 0.495312 0.500000 0.494271 0.500000 0.493750 0.500926 0.492708 0.500926 0.489583 0.506481 0.489583 0.507407 0.489063 0.508333 0.489063 0.509259 0.488542 0.510185 0.488542 0.511111 0.488021 0.512037 0.488021 0.513889 0.487500 0.514815 0.487500 0.523148 0.488021 0.524074 0.488021 0.525926 0.488542 0.526852 0.488542 0.527778 0.491146 0.532407 0.491667 0.532407 0.492188 0.533333 0.495833 0.533333 0.496354 0.532407 0.497396 0.532407 0.498437 0.530556 0.498958 0.530556 0.498958 0.529630 0.499479 0.528704 0.500000 0.528704 0.501563 0.525926 0.501563 0.525000 0.502083 0.524074 0.502083 0.523148 0.502604 0.522222 0.502604 0.521296 0.503125 0.520370 0.503125 0.516667 0.503646 0.515741 0.503646 0.511111 0.503125 0.510185 0.503125 0.507407 0.502604 0.506481 0.502604 0.505556 0.502083 0.504630 0.502083 0.503704 0.500521 0.500926 0.500000 0.500926 0.499479 0.500000 0.498958 0.500000
0 0.807292 0.543519 0.806771 0.543519 0.805208 0.540741 0.804167 0.540741 0.803646 0.539815 0.803125 0.539815 0.802604 0.538889 0.801562 0.538889 0.801042 0.537963 0.795312 0.537963 0.794792 0.538889 0.793229 0.538889 0.792708 0.539815 0.791667 0.539815 0.791146 0.540741 0.790104 0.540741 0.789583 0.541667 0.789062 0.541667 0.785417 0.548148 0.785417 0.549074 0.784375 0.550926 0.784375 0.559259 0.784896 0.560185 0.784896 0.561111 0.786979 0.564815 0.787500 0.564815 0.788542 0.566667 0.789062 0.566667 0.789583 0.567593 0.790625 0.567593 0.791146 0.568519 0.793229 0.568519 0.793750 0.569444 0.796875 0.569444 0.797396 0.568519 0.799479 0.568519 0.800000 0.567593 0.801042 0.567593 0.801562 0.566667 0.802604 0.566667 0.803125 0.565741 0.803646 0.565741 0.805729 0.562037 0.806250 0.562037 0.807292 0.560185 0.807292 0.559259 0.807813 0.558333 0.807813 0.557407 0.808333 0.556481 0.808333 0.554630 0.808854 0.553704 0.808854 0.550000 0.808333 0.549074 0.808333 0.547222 0.807292 0.545370
0 0.181771 0.761111 0.176563 0.761111 0.176042 0.762037 0.175000 0.762037 0.174479 0.762963 0.173958 0.762963 0.173437 0.763889 0.172917 0.763889 0.172396 0.764815 0.171875 0.764815 0.170833 0.766667 0.170833 0.767593 0.169271 0.770370 0.169271 0.771296 0.168750 0.772222 0.168750 0.773148 0.168229 0.774074 0.168229 0.783333 0.168750 0.784259 0.168750 0.785185 0.171875 0.790741 0.172396 0.790741 0.172917 0.791667 0.173437 0.791667 0.173958 0.792593 0.176042 0.792593 0.176563 0.793519 0.178125 0.793519 0.178646 0.792593 0.180208 0.792593 0.180729 0.791667 0.182292 0.791667 0.183333 0.789815 0.183854 0.789815 0.186979 0.784259 0.186979 0.783333 0.187500 0.782407 0.187500 0.781481 0.188021 0.780556 0.188021 0.776852 0.188542 0.775926 0.188542 0.775000 0.188021 0.774074 0.188021 0.770370 0.186979 0.768519 0.186979 0.766667 0.186458 0.765741 0.185938 0.765741 0.184375 0.762963 0.183854 0.762963 0.183333 0.762037 0.182292 0.762037
0 0.184896 0.637037 0.184375 0.637037 0.183333 0.635185 0.182812 0.635185 0.182292 0.634259 0.176563 0.634259 0.176042 0.635185 0.175000 0.635185 0.174479 0.636111 0.173958 0.636111 0.173437 0.637037 0.172917 0.637037 0.171875 0.638889 0.171354 0.638889 0.169792 0.641667 0.169792 0.642593 0.168750 0.644444 0.168750 0.645370 0.168229 0.646296 0.168229 0.647222 0.167708 0.648148 0.167708 0.649074 0.167187 0.650000 0.167187 0.657407 0.167708 0.658333 0.167708 0.660185 0.170833 0.665741 0.171875 0.665741 0.172396 0.666667 0.177604 0.666667 0.178125 0.665741 0.179688 0.665741 0.180729 0.663889 0.181250 0.663889 0.181771 0.662963 0.182292 0.662963 0.183854 0.660185 0.184375 0.660185 0.184375 0.659259 0.185938 0.656481 0.185938 0.655556 0.186458 0.654630 0.186458 0.653704 0.186979 0.652778 0.186979 0.650926 0.187500 0.650000 0.187500 0.644444 0.186979 0.643519 0.186979 0.641667 0.186458 0.640741 0.186458 0.639815
0 0.868229 0.634259 0.868750 0.635185 0.868750 0.636111 0.870313 0.638889 0.870833 0.638889 0.871875 0.640741 0.872917 0.640741 0.873437 0.641667 0.875521 0.641667 0.876042 0.642593 0.883333 0.642593 0.883854 0.641667 0.885417 0.641667 0.885938 0.640741 0.886979 0.640741 0.887500 0.639815 0.888542 0.639815 0.889062 0.638889 0.889583 0.638889 0.890104 0.637963 0.890625 0.637963 0.892188 0.635185 0.892188 0.634259 0.892708 0.633333 0.892708 0.632407 0.893229 0.631481 0.893229 0.630556 0.892708 0.629630 0.892708 0.627778 0.890625 0.624074 0.889583 0.624074 0.889062 0.623148 0.888542 0.623148 0.888021 0.622222 0.886458 0.622222 0.885938 0.621296 0.878125 0.621296 0.877604 0.622222 0.875521 0.622222 0.875000 0.623148 0.873958 0.623148 0.873437 0.624074 0.872917 0.624074 0.872396 0.625000 0.871875 0.625000 0.871354 0.625926 0.870833 0.625926 0.868750 0.629630 0.868750 0.630556 0.868229 0.631481
0 0.863542 0.156481 0.859896 0.156481 0.859375 0.157407 0.857812 0.157407 0.856250 0.160185 0.855729 0.160185 0.853125 0.164815 0.853125 0.165741 0.852604 0.166667 0.852604 0.168519 0.852083 0.169444 0.852083 0.171296 0.851562 0.172222 0.851562 0.179630 0.852083 0.180556 0.852083 0.182407 0.853125 0.184259 0.853125 0.185185 0.855208 0.188889 0.855729 0.188889 0.856250 0.189815 0.857292 0.189815 0.857812 0.190741 0.860938 0.190741 0.861458 0.189815 0.862500 0.189815 0.863021 0.188889 0.864062 0.188889 0.865625 0.186111 0.866146 0.186111 0.866146 0.185185 0.867188 0.183333 0.867188 0.182407 0.868229 0.180556 0.868229 0.179630 0.868750 0.178704 0.868750 0.176852 0.869271 0.175926 0.869271 0.167593 0.868750 0.166667 0.868750 0.164815 0.868229 0.163889 0.868229 0.162963 0.865625 0.158333 0.865104 0.158333 0.864583 0.157407 0.864062 0.157407
0 0.853646 0.968519 0.852604 0.970370 0.852604 0.971296 0.852083 0.972222 0.852083 0.973148 0.851042 0.975000 0.851042 0.983333 0.851562 0.984259 0.851562 0.985185 0.852083 0.986111 0.852083 0.987037 0.853125 0.988889 0.853646 0.988889 0.854688 0.990741 0.855208 0.990741 0.855729 0.991667 0.856250 0.991667 0.856771 0.992593 0.858333 0.992593 0.858854 0.993519 0.863021 0.993519 0.863542 0.992593 0.865104 0.992593 0.865625 0.991667 0.866146 0.991667 0.866667 0.990741 0.867188 0.990741 0.867708 0.989815 0.868229 0.989815 0.871354 0.984259 0.871354 0.982407 0.871875 0.981481 0.871875 0.974074 0.871354 0.973148 0.871354 0.972222 0.870833 0.971296 0.870833 0.970370 0.870313 0.969444 0.869792 0.969444 0.867708 0.965741 0.867188 0.965741 0.866667 0.964815 0.865625 0.964815 0.865104 0.963889 0.859375 0.963889 0.858854 0.964815 0.857292 0.964815 0.856250 0.966667 0.855208 0.966667 0.854167 0.968519
0 0.408854 0.949074 0.407292 0.949074 0.406771 0.948148 0.403646 0.948148 0.403125 0.949074 0.401042 0.949074 0.400521 0.950000 0.400000 0.950000 0.399479 0.950926 0.398958 0.950926 0.398438 0.951852 0.397917 0.951852 0.394792 0.957407 0.394792 0.958333 0.394271 0.959259 0.394271 0.960185 0.393750 0.961111 0.393750 0.962037 0.393229 0.962963 0.393229 0.972222 0.393750 0.973148 0.393750 0.974074 0.394271 0.975000 0.394271 0.975926 0.396875 0.980556 0.397917 0.980556 0.398438 0.981481 0.399479 0.981481 0.400000 0.982407 0.404687 0.982407 0.405208 0.981481 0.406771 0.981481 0.407292 0.980556 0.407813 0.980556 0.408854 0.978704 0.409375 0.978704 0.410417 0.976852 0.410938 0.976852 0.412500 0.974074 0.412500 0.973148 0.413021 0.972222 0.413021 0.971296 0.413542 0.970370 0.413542 0.969444 0.414062 0.968519 0.414062 0.965741 0.414583 0.964815 0.414583 0.961111 0.414062 0.960185 0.414062 0.958333 0.413542 0.957407 0.413542 0.955556 0.412500 0.953704 0.411979 0.953704 0.410417 0.950926 0.409896 0.950926
0 0.521354 0.743519 0.520833 0.744444 0.519792 0.744444 0.519271 0.745370 0.518229 0.745370 0.516146 0.749074 0.516146 0.750000 0.515104 0.751852 0.515104 0.752778 0.514583 0.753704 0.514583 0.755556 0.514062 0.756481 0.514062 0.765741 0.514583 0.766667 0.514583 0.768519 0.515104 0.769444 0.515104 0.771296 0.516146 0.773148 0.516146 0.774074 0.517188 0.775926 0.517188 0.776852 0.518229 0.778704 0.518750 0.778704 0.519792 0.780556 0.520833 0.780556 0.521354 0.781481 0.526042 0.781481 0.526563 0.780556 0.527083 0.780556 0.527604 0.779630 0.528125 0.779630 0.529167 0.777778 0.529167 0.776852 0.530729 0.774074 0.530729 0.773148 0.531250 0.772222 0.531250 0.770370 0.531771 0.769444 0.531771 0.760185 0.531250 0.759259 0.531250 0.757407 0.530729 0.756481 0.530729 0.754630 0.530208 0.753704 0.530208 0.752778 0.529167 0.750926 0.529167 0.750000 0.528125 0.748148 0.527604 0.748148 0.526042 0.745370 0.525521 0.745370 0.525000 0.744444 0.523438 0.744444 0.522917 0.743519
0 0.888021 0.537963 0.887500 0.538889 0.886458 0.538889 0.884896 0.541667 0.884375 0.541667 0.882292 0.545370 0.882292 0.546296 0.881771 0.547222 0.881771 0.548148 0.881250 0.549074 0.881250 0.550926 0.880729 0.551852 0.880729 0.560185 0.881250 0.561111 0.881250 0.562963 0.882292 0.564815 0.882292 0.565741 0.884375 0.569444 0.884896 0.569444 0.885417 0.570370 0.885938 0.570370 0.886458 0.571296 0.891667 0.571296 0.892188 0.570370 0.892708 0.570370 0.893229 0.569444 0.893750 0.569444 0.894792 0.567593 0.895312 0.567593 0.895312 0.566667 0.896875 0.563889 0.896875 0.562963 0.897396 0.562037 0.897396 0.561111 0.897917 0.560185 0.897917 0.558333 0.898438 0.557407 0.898438 0.549074 0.897917 0.548148 0.897917 0.546296 0.896875 0.544444 0.896875 0.543519 0.894271 0.538889 0.893229 0.538889 0.892708 0.537963
0 0.250000 0.524074 0.250000 0.525000 0.249479 0.525926 0.249479 0.526852 0.248958 0.527778 0.248958 0.528704 0.248438 0.529630 0.248438 0.535185 0.248958 0.536111 0.248958 0.537037 0.249479 0.537963 0.249479 0.538889 0.250000 0.539815 0.250000 0.540741 0.250521 0.540741 0.252604 0.544444 0.253125 0.544444 0.253646 0.545370 0.254688 0.545370 0.255208 0.546296 0.256771 0.546296 0.257292 0.547222 0.263021 0.547222 0.263542 0.546296 0.265104 0.546296 0.265625 0.545370 0.266146 0.545370 0.267188 0.543519 0.267708 0.543519 0.268750 0.541667 0.269271 0.541667 0.269792 0.540741 0.269792 0.539815 0.270313 0.538889 0.270313 0.537963 0.270833 0.537037 0.270833 0.535185 0.271354 0.534259 0.271354 0.531481 0.270833 0.530556 0.270833 0.527778 0.268750 0.524074 0.268750 0.523148 0.268229 0.523148 0.267188 0.521296 0.266667 0.521296 0.266146 0.520370 0.265625 0.520370 0.265104 0.519444 0.264062 0.519444 0.263542 0.518519 0.261458 0.518519 0.260937 0.517593 0.258333 0.517593 0.257812 0.518519 0.255208 0.518519 0.254688 0.519444 0.254167 0.519444 0.253646 0.520370 0.253125 0.520370 0.252604 0.521296 0.252083 0.521296 0.251563 0.522222 0.251042 0.522222
0 0.646875 0.696296 0.646354 0.697222 0.645312 0.697222 0.644792 0.698148 0.644271 0.698148 0.641667 0.702778 0.641667 0.703704 0.640625 0.705556 0.640625 0.707407 0.640104 0.708333 0.640104 0.719444 0.640625 0.720370 0.640625 0.722222 0.641667 0.724074 0.641667 0.725000 0.642708 0.726852 0.642708 0.727778 0.643750 0.729630 0.644271 0.729630 0.645312 0.731481 0.645833 0.731481 0.646354 0.732407 0.647396 0.732407 0.647917 0.733333 0.652083 0.733333 0.652604 0.732407 0.653646 0.732407 0.654167 0.731481 0.654687 0.731481 0.656250 0.728704 0.656771 0.728704 0.657292 0.727778 0.657292 0.726852 0.657813 0.725926 0.657813 0.725000 0.658333 0.724074 0.658333 0.723148 0.658854 0.722222 0.658854 0.719444 0.659375 0.718519 0.659375 0.712963 0.658854 0.712037 0.658854 0.710185 0.658333 0.709259 0.658333 0.707407 0.657813 0.706481 0.657813 0.705556 0.656250 0.702778 0.656250 0.701852 0.655208 0.700000 0.654687 0.700000 0.653646 0.698148 0.653125 0.698148 0.652604 0.697222 0.651563 0.697222 0.651042 0.696296
0 0.470313 0.161111 0.470313 0.168519 0.470833 0.169444 0.470833 0.171296 0.472396 0.174074 0.472396 0.175000 0.472917 0.175000 0.473958 0.176852 0.474479 0.176852 0.475521 0.178704 0.476042 0.178704 0.476562 0.179630 0.477604 0.179630 0.478125 0.180556 0.479167 0.180556 0.479687 0.181481 0.487500 0.181481 0.488021 0.180556 0.489583 0.180556 0.490625 0.178704 0.491667 0.178704 0.493229 0.175926 0.493750 0.175926 0.493750 0.175000 0.494792 0.173148 0.494792 0.172222 0.495312 0.171296 0.495312 0.170370 0.495833 0.169444 0.495833 0.164815 0.495312 0.163889 0.495312 0.162037 0.494792 0.161111 0.494792 0.160185 0.493229 0.157407 0.493229 0.156481 0.492708 0.156481 0.491667 0.154630 0.491146 0.154630 0.490625 0.153704 0.490104 0.153704 0.489583 0.152778 0.489063 0.152778 0.488542 0.151852 0.487500 0.151852 0.486979 0.150926 0.484896 0.150926 0.484375 0.150000 0.480729 0.150000 0.480208 0.150926 0.478125 0.150926 0.477604 0.151852 0.476042 0.151852 0.475521 0.152778 0.475000 0.152778 0.474479 0.153704 0.473958 0.153704 0.471875 0.157407 0.471875 0.158333
0 0.732812 0.290741 0.731250 0.290741 0.730729 0.289815 0.726562 0.289815 0.726042 0.290741 0.725521 0.290741 0.725000 0.291667 0.723958 0.291667 0.723437 0.292593 0.722917 0.292593 0.721875 0.294444 0.721354 0.294444 0.718750 0.299074 0.718750 0.300000 0.717708 0.301852 0.717708 0.303704 0.717187 0.304630 0.717187 0.307407 0.716667 0.308333 0.716667 0.312037 0.717187 0.312963 0.717187 0.316667 0.717708 0.317593 0.717708 0.318519 0.719271 0.321296 0.719271 0.322222 0.719792 0.323148 0.720313 0.323148 0.721354 0.325000 0.722396 0.325000 0.722917 0.325926 0.723437 0.325926 0.723958 0.326852 0.728646 0.326852 0.729167 0.325926 0.730208 0.325926 0.730729 0.325000 0.731771 0.325000 0.732812 0.323148 0.733333 0.323148 0.734375 0.321296 0.734896 0.321296 0.735938 0.319444 0.735938 0.318519 0.736979 0.316667 0.736979 0.315741 0.737500 0.314815 0.737500 0.313889 0.738021 0.312963 0.738021 0.312037 0.738542 0.311111 0.738542 0.301852 0.738021 0.300926 0.738021 0.299074 0.736458 0.296296 0.736458 0.295370 0.735417 0.293519 0.734896 0.293519 0.733854 0.291667 0.733333 0.291667
0 0.989062 0.454630 0.988542 0.455556 0.986979 0.455556 0.986458 0.456481 0.985938 0.456481 0.985417 0.457407 0.984896 0.457407 0.984375 0.458333 0.983854 0.458333 0.982292 0.461111 0.982292 0.462037 0.980729 0.464815 0.980729 0.466667 0.980208 0.467593 0.980208 0.469444 0.979688 0.470370 0.979688 0.476852 0.980208 0.477778 0.980208 0.479630 0.980729 0.480556 0.980729 0.481481 0.981771 0.483333 0.981771 0.484259 0.982292 0.484259 0.984375 0.487963 0.984896 0.487963 0.985417 0.488889 0.986979 0.488889 0.987500 0.489815 0.991667 0.489815 0.992188 0.488889 0.993229 0.488889 0.993750 0.487963 0.994271 0.487963 0.994792 0.487037 0.995313 0.487037 0.996875 0.484259 0.997396 0.484259 0.997917 0.483333 0.997917 0.482407 0.998958 0.480556 0.998958 0.479630 0.999479 0.478704 0.999479 0.463889 0.998437 0.462037 0.998437 0.461111 0.996875 0.458333 0.996354 0.458333 0.995313 0.456481 0.994792 0.456481 0.994271 0.455556 0.992708 0.455556 0.992188 0.454630
0 0.195833 0.060185 0.195833 0.065741 0.198437 0.070370 0.198958 0.070370 0.199479 0.071296 0.200000 0.071296 0.200521 0.072222 0.201563 0.072222 0.202083 0.073148 0.203125 0.073148 0.203646 0.074074 0.211458 0.074074 0.211979 0.073148 0.213021 0.073148 0.213542 0.072222 0.214583 0.072222 0.215104 0.071296 0.215625 0.071296 0.217708 0.067593 0.218229 0.067593 0.218229 0.066667 0.218750 0.065741 0.218750 0.060185 0.217708 0.058333 0.217708 0.057407 0.217188 0.056481 0.216667 0.056481 0.215625 0.054630 0.214583 0.054630 0.214062 0.053704 0.213542 0.053704 0.213021 0.052778 0.211458 0.052778 0.210938 0.051852 0.203125 0.051852 0.202604 0.052778 0.201042 0.052778 0.200521 0.053704 0.200000 0.053704 0.199479 0.054630 0.198958 0.054630 0.197917 0.056481 0.197396 0.056481 0.196354 0.058333 0.196354 0.059259
0 0.805208 0.776852 0.803646 0.776852 0.803125 0.775926 0.801042 0.775926 0.800521 0.776852 0.798438 0.776852 0.797917 0.777778 0.797396 0.777778 0.796875 0.778704 0.796354 0.778704 0.795833 0.779630 0.795312 0.779630 0.795312 0.780556 0.792708 0.785185 0.792708 0.786111 0.792188 0.787037 0.792188 0.787963 0.791667 0.788889 0.791667 0.790741 0.791146 0.791667 0.791146 0.797222 0.791667 0.798148 0.791667 0.800926 0.792188 0.801852 0.792188 0.802778 0.793750 0.805556 0.793750 0.806481 0.794792 0.808333 0.795312 0.808333 0.795833 0.809259 0.796354 0.809259 0.796875 0.810185 0.797396 0.810185 0.797917 0.811111 0.803125 0.811111 0.803646 0.810185 0.804688 0.810185 0.805208 0.809259 0.805729 0.809259 0.806771 0.807407 0.807292 0.807407 0.808333 0.805556 0.808854 0.805556 0.808854 0.804630 0.809896 0.802778 0.809896 0.801852 0.810417 0.800926 0.810417 0.800000 0.810937 0.799074 0.810937 0.796296 0.811458 0.795370 0.811458 0.789815 0.810937 0.788889 0.810937 0.787037 0.810417 0.786111 0.810417 0.785185 0.809896 0.784259 0.809896 0.783333 0.807813 0.779630 0.807292 0.779630 0.806250 0.777778 0.805729 0.777778
0 0.955208 0.191667 0.954688 0.192593 0.954167 0.192593 0.952604 0.195370 0.952083 0.195370 0.950521 0.198148 0.950521 0.199074 0.950000 0.200000 0.950000 0.200926 0.949479 0.201852 0.949479 0.202778 0.948958 0.203704 0.948958 0.212037 0.949479 0.212963 0.949479 0.214815 0.950000 0.215741 0.950000 0.216667 0.952083 0.220370 0.952083 0.221296 0.952604 0.221296 0.953125 0.222222 0.953646 0.222222 0.954688 0.224074 0.956250 0.224074 0.956771 0.225000 0.960417 0.225000 0.960938 0.224074 0.961979 0.224074 0.962500 0.223148 0.963021 0.223148 0.963542 0.222222 0.964063 0.222222 0.966667 0.217593 0.966667 0.216667 0.967187 0.215741 0.967187 0.214815 0.967708 0.213889 0.967708 0.212037 0.968229 0.211111 0.968229 0.204630 0.967708 0.203704 0.967708 0.201852 0.967187 0.200926 0.967187 0.200000 0.966667 0.199074 0.966667 0.198148 0.964063 0.193519 0.963021 0.193519 0.961979 0.191667 0.959896 0.191667 0.959375 0.190741 0.957812 0.190741 0.957292 0.191667
0 0.850521 0.132407 0.850521 0.136111 0.850000 0.137037 0.850000 0.137963 0.850521 0.138889 0.850521 0.141667 0.851042 0.142593 0.851042 0.144444 0.852083 0.146296 0.852083 0.147222 0.852604 0.147222 0.853646 0.149074 0.853646 0.150000 0.854167 0.150000 0.854688 0.150926 0.855208 0.150926 0.856250 0.152778 0.856771 0.152778 0.857292 0.153704 0.858333 0.153704 0.858854 0.154630 0.861458 0.154630 0.861979 0.155556 0.864583 0.155556 0.865104 0.154630 0.867188 0.154630 0.867708 0.153704 0.868750 0.153704 0.869792 0.151852 0.870313 0.151852 0.871354 0.150000 0.871875 0.150000 0.872396 0.149074 0.872396 0.148148 0.873958 0.145370 0.873958 0.143519 0.874479 0.142593 0.874479 0.136111 0.873958 0.135185 0.873958 0.133333 0.873437 0.132407 0.873437 0.131481 0.872396 0.129630 0.872396 0.128704 0.871875 0.127778 0.871354 0.127778 0.870313 0.125926 0.869792 0.125926 0.869271 0.125000 0.868750 0.125000 0.867708 0.123148 0.866667 0.123148 0.866146 0.122222 0.864062 0.122222 0.863542 0.121296 0.860417 0.121296 0.859896 0.122222 0.857812 0.122222 0.857292 0.123148 0.856250 0.123148 0.855729 0.124074 0.855208 0.124074 0.854688 0.125000 0.854167 0.125000 0.852083 0.128704 0.852083 0.129630
0 0.175000 0.285185 0.173958 0.287037 0.172917 0.287037 0.170833 0.290741 0.170833 0.291667 0.169792 0.293519 0.169792 0.294444 0.169271 0.295370 0.169271 0.298148 0.168750 0.299074 0.168750 0.301852 0.169271 0.302778 0.169271 0.305556 0.169792 0.306481 0.169792 0.307407 0.170313 0.308333 0.170313 0.309259 0.172917 0.313889 0.173437 0.313889 0.174479 0.315741 0.175000 0.315741 0.175521 0.316667 0.177604 0.316667 0.178125 0.317593 0.180208 0.317593 0.180729 0.316667 0.182292 0.316667 0.182812 0.315741 0.183854 0.315741 0.184375 0.314815 0.184896 0.314815 0.188021 0.309259 0.188021 0.308333 0.188542 0.307407 0.188542 0.305556 0.189062 0.304630 0.189062 0.298148 0.188542 0.297222 0.188542 0.295370 0.188021 0.294444 0.188021 0.293519 0.185938 0.289815 0.185938 0.288889 0.185417 0.287963 0.184896 0.287963 0.183854 0.286111 0.182812 0.286111 0.182292 0.285185 0.180729 0.285185 0.180208 0.284259 0.177604 0.284259 0.177083 0.285185
0 0.468750 0.537963 0.467187 0.537963 0.466667 0.537037 0.463542 0.537037 0.463021 0.537963 0.461458 0.537963 0.460938 0.538889 0.459896 0.538889 0.459375 0.539815 0.458854 0.539815 0.457813 0.541667 0.457292 0.541667 0.456250 0.543519 0.456250 0.544444 0.454688 0.547222 0.454688 0.548148 0.454167 0.549074 0.454167 0.550926 0.453646 0.551852 0.453646 0.559259 0.454167 0.560185 0.454167 0.561111 0.454688 0.562037 0.454688 0.563889 0.456250 0.566667 0.456771 0.566667 0.458333 0.569444 0.459375 0.569444 0.459896 0.570370 0.460938 0.570370 0.461458 0.571296 0.464583 0.571296 0.465104 0.570370 0.466667 0.570370 0.467187 0.569444 0.468229 0.569444 0.468750 0.568519 0.469271 0.568519 0.470313 0.566667 0.470833 0.566667 0.471875 0.564815 0.471875 0.563889 0.472396 0.562963 0.472917 0.562963 0.472917 0.562037 0.473438 0.561111 0.473438 0.560185 0.473958 0.559259 0.473958 0.558333 0.474479 0.557407 0.474479 0.549074 0.473958 0.548148 0.473958 0.547222 0.473438 0.546296 0.473438 0.544444 0.471875 0.541667 0.471354 0.541667 0.469792 0.538889 0.469271 0.538889
0 0.207292 0.778704 0.207292 0.779630 0.207813 0.780556 0.207813 0.781481 0.208333 0.782407 0.208333 0.783333 0.208854 0.784259 0.208854 0.785185 0.209375 0.786111 0.209896 0.786111 0.210417 0.787037 0.210938 0.787037 0.211979 0.788889 0.212500 0.788889 0.213021 0.789815 0.214583 0.789815 0.215104 0.790741 0.216667 0.790741 0.217188 0.791667 0.225000 0.791667 0.225521 0.790741 0.227083 0.790741 0.228125 0.788889 0.229167 0.788889 0.229687 0.787963 0.230208 0.787963 0.231771 0.785185 0.231771 0.784259 0.232292 0.783333 0.232292 0.777778 0.231250 0.775926 0.231250 0.775000 0.229687 0.772222 0.229167 0.772222 0.228125 0.770370 0.227083 0.770370 0.226562 0.769444 0.225521 0.769444 0.225000 0.768519 0.223438 0.768519 0.222917 0.767593 0.215625 0.767593 0.215104 0.768519 0.213542 0.768519 0.213021 0.769444 0.211979 0.769444 0.211458 0.770370 0.210938 0.770370 0.210417 0.771296 0.209896 0.771296 0.207813 0.775000 0.207813 0.777778
0 0.370833 0.608333 0.364583 0.608333 0.364063 0.609259 0.363021 0.609259 0.362500 0.610185 0.361979 0.610185 0.361458 0.611111 0.360938 0.611111 0.360417 0.612037 0.359896 0.612037 0.358333 0.614815 0.358333 0.615741 0.357812 0.616667 0.357292 0.616667 0.356771 0.617593 0.356771 0.619444 0.356250 0.620370 0.356250 0.621296 0.355729 0.622222 0.355729 0.630556 0.356250 0.631481 0.356250 0.633333 0.357292 0.635185 0.357292 0.636111 0.357812 0.637037 0.358333 0.637037 0.359375 0.638889 0.359896 0.638889 0.360417 0.639815 0.360938 0.639815 0.361458 0.640741 0.363021 0.640741 0.363542 0.641667 0.367188 0.641667 0.367708 0.640741 0.369271 0.640741 0.369792 0.639815 0.370312 0.639815 0.370833 0.638889 0.371354 0.638889 0.371875 0.637963 0.372396 0.637963 0.372917 0.637037 0.373437 0.637037 0.373437 0.636111 0.373958 0.635185 0.374479 0.635185 0.375000 0.634259 0.375000 0.633333 0.376042 0.631481 0.376042 0.630556 0.376563 0.629630 0.376563 0.628704 0.377083 0.627778 0.377083 0.624074 0.377604 0.623148 0.377083 0.622222 0.377083 0.618519 0.376563 0.617593 0.376563 0.615741 0.373437 0.610185 0.372396 0.610185 0.371875 0.609259 0.371354 0.609259
0 0.904687 0.543519 0.899479 0.543519 0.898958 0.544444 0.898438 0.544444 0.895312 0.550000 0.895312 0.550926 0.894792 0.551852 0.894792 0.555556 0.894271 0.556481 0.894271 0.558333 0.894792 0.559259 0.894792 0.561111 0.895312 0.562037 0.895312 0.562963 0.897396 0.566667 0.897917 0.566667 0.898438 0.567593 0.899479 0.567593 0.900000 0.568519 0.901042 0.568519 0.901563 0.567593 0.903125 0.567593 0.903646 0.566667 0.904687 0.566667 0.905729 0.564815 0.906250 0.564815 0.906771 0.563889 0.906771 0.562963 0.907813 0.561111 0.907813 0.560185 0.908333 0.559259 0.908333 0.550000 0.907813 0.549074 0.907813 0.548148 0.905729 0.544444 0.905208 0.544444
0 0.394271 0.635185 0.394271 0.637037 0.393229 0.638889 0.393229 0.646296 0.393750 0.647222 0.393750 0.648148 0.394271 0.649074 0.394271 0.650000 0.394792 0.650926 0.395313 0.650926 0.397396 0.654630 0.397917 0.654630 0.398438 0.655556 0.399479 0.655556 0.400000 0.656481 0.401042 0.656481 0.401562 0.657407 0.407292 0.657407 0.407813 0.656481 0.409375 0.656481 0.410417 0.654630 0.410938 0.654630 0.414062 0.649074 0.414062 0.647222 0.414583 0.646296 0.414583 0.642593 0.414062 0.641667 0.414062 0.639815 0.413542 0.638889 0.413542 0.637963 0.411979 0.635185 0.411979 0.634259 0.411458 0.633333 0.410938 0.633333 0.410417 0.632407 0.409896 0.632407 0.409375 0.631481 0.408854 0.631481 0.408333 0.630556 0.407292 0.630556 0.406771 0.629630 0.404687 0.629630 0.404167 0.628704 0.402083 0.628704 0.401562 0.629630 0.398958 0.629630 0.398438 0.630556 0.397917 0.630556 0.397396 0.631481 0.396875 0.631481 0.396354 0.632407 0.395833 0.632407
0 0.154167 0.798148 0.153646 0.799074 0.153646 0.800000 0.153125 0.800926 0.153125 0.801852 0.152604 0.802778 0.152604 0.806481 0.153646 0.808333 0.153646 0.809259 0.154167 0.810185 0.154688 0.810185 0.155208 0.811111 0.155729 0.811111 0.156250 0.812037 0.157292 0.812037 0.157812 0.812963 0.159375 0.812963 0.159896 0.812037 0.161458 0.812037 0.161979 0.811111 0.162500 0.811111 0.163542 0.809259 0.164062 0.809259 0.164062 0.808333 0.165104 0.806481 0.165104 0.802778 0.164583 0.801852 0.164583 0.800926 0.164062 0.800000 0.164062 0.799074 0.163542 0.799074 0.162500 0.797222 0.161979 0.797222 0.161458 0.796296 0.159896 0.796296 0.159375 0.795370 0.157812 0.795370 0.157292 0.796296 0.156250 0.796296 0.155729 0.797222 0.155208 0.797222 0.154688 0.798148
0 0.540104 0.147222 0.539583 0.147222 0.539062 0.146296 0.538542 0.146296 0.538021 0.145370 0.536979 0.145370 0.536458 0.144444 0.529687 0.144444 0.529167 0.145370 0.528125 0.145370 0.527604 0.146296 0.526563 0.146296 0.526042 0.147222 0.525521 0.147222 0.525000 0.148148 0.524479 0.148148 0.521354 0.153704 0.520833 0.153704 0.520833 0.154630 0.519792 0.156481 0.519792 0.158333 0.519271 0.159259 0.519271 0.160185 0.518750 0.161111 0.518750 0.167593 0.519271 0.168519 0.519271 0.170370 0.520833 0.173148 0.520833 0.174074 0.521354 0.175000 0.521875 0.175000 0.522917 0.176852 0.523958 0.176852 0.524479 0.177778 0.525521 0.177778 0.526042 0.178704 0.531771 0.178704 0.532292 0.177778 0.533854 0.177778 0.534375 0.176852 0.535417 0.176852 0.536458 0.175000 0.536979 0.175000 0.537500 0.174074 0.538021 0.174074 0.539062 0.172222 0.539583 0.172222 0.539583 0.171296 0.540104 0.170370 0.540625 0.170370 0.540625 0.169444 0.542188 0.166667 0.542188 0.165741 0.542708 0.164815 0.542708 0.162963 0.543229 0.162037 0.543229 0.153704 0.542188 0.151852 0.542188 0.150926
0 0.738021 0.350926 0.737500 0.351852 0.736979 0.351852 0.735938 0.353704 0.735417 0.353704 0.732292 0.359259 0.732292 0.361111 0.731250 0.362963 0.731250 0.373148 0.731771 0.374074 0.731771 0.375926 0.732812 0.377778 0.732812 0.378704 0.733333 0.378704 0.733854 0.379630 0.733854 0.380556 0.734375 0.381481 0.734896 0.381481 0.735938 0.383333 0.736979 0.383333 0.737500 0.384259 0.738021 0.384259 0.738542 0.385185 0.744792 0.385185 0.745313 0.384259 0.746354 0.384259 0.746875 0.383333 0.747917 0.383333 0.748437 0.382407 0.748958 0.382407 0.748958 0.381481 0.749479 0.380556 0.750000 0.380556 0.752604 0.375926 0.752604 0.374074 0.753125 0.373148 0.753125 0.372222 0.753646 0.371296 0.753646 0.362037 0.753125 0.361111 0.753125 0.360185 0.752604 0.359259 0.752604 0.358333 0.751042 0.355556 0.751042 0.354630 0.750521 0.353704 0.750000 0.353704 0.748958 0.351852 0.747917 0.351852 0.747396 0.350926 0.746875 0.350926 0.746354 0.350000 0.740104 0.350000 0.739583 0.350926
0 0.324479 0.179630 0.324479 0.183333 0.325000 0.184259 0.325000 0.185185 0.327604 0.189815 0.328125 0.189815 0.328646 0.190741 0.329167 0.190741 0.329688 0.191667 0.331250 0.191667 0.331771 0.192593 0.338542 0.192593 0.339062 0.191667 0.340104 0.191667 0.340625 0.190741 0.341146 0.190741 0.341667 0.189815 0.342708 0.189815 0.344792 0.186111 0.344792 0.185185 0.345313 0.184259 0.345313 0.182407 0.345833 0.181481 0.345313 0.180556 0.345313 0.178704 0.344792 0.177778 0.344792 0.176852 0.342708 0.173148 0.342187 0.173148 0.341667 0.172222 0.340625 0.172222 0.340104 0.171296 0.339062 0.171296 0.338542 0.170370 0.331250 0.170370 0.330729 0.171296 0.329688 0.171296 0.329167 0.172222 0.328646 0.172222 0.328125 0.173148 0.327604 0.173148 0.325000 0.177778 0.325000 0.178704
0 0.565625 0.357407 0.565104 0.358333 0.565104 0.359259 0.564063 0.361111 0.564063 0.362037 0.563542 0.362963 0.563542 0.370370 0.564063 0.371296 0.564063 0.372222 0.564583 0.373148 0.564583 0.374074 0.566667 0.377778 0.567708 0.377778 0.568229 0.378704 0.569792 0.378704 0.570312 0.379630 0.571354 0.379630 0.571875 0.378704 0.573438 0.378704 0.573958 0.377778 0.574479 0.377778 0.575000 0.376852 0.575521 0.376852 0.576042 0.375926 0.576042 0.375000 0.576562 0.374074 0.576562 0.373148 0.577083 0.372222 0.577083 0.364815 0.576562 0.363889 0.576562 0.362037 0.575521 0.360185 0.575521 0.359259 0.575000 0.359259 0.574479 0.358333 0.573958 0.358333 0.572917 0.356481 0.571875 0.356481 0.571354 0.355556 0.568229 0.355556 0.567708 0.356481 0.566667 0.356481 0.566146 0.357407
0 0.492188 0.677778 0.492188 0.682407 0.492708 0.683333 0.492708 0.684259 0.495833 0.689815 0.496354 0.689815 0.496875 0.690741 0.497917 0.690741 0.498437 0.691667 0.500521 0.691667 0.501042 0.692593 0.504687 0.692593 0.505208 0.691667 0.507292 0.691667 0.507812 0.690741 0.508854 0.690741 0.509375 0.689815 0.509896 0.689815 0.510417 0.688889 0.510938 0.688889 0.511458 0.687963 0.511979 0.687963 0.513542 0.685185 0.513542 0.684259 0.515104 0.681481 0.515104 0.674074 0.514583 0.673148 0.514583 0.672222 0.513542 0.670370 0.513542 0.669444 0.513021 0.669444 0.512500 0.668519 0.511979 0.668519 0.511458 0.667593 0.510938 0.667593 0.510417 0.666667 0.509896 0.666667 0.509375 0.665741 0.507292 0.665741 0.506771 0.664815 0.502604 0.664815 0.502083 0.665741 0.500000 0.665741 0.499479 0.666667 0.498958 0.666667 0.498437 0.667593 0.497396 0.667593 0.496875 0.668519 0.496354 0.668519 0.495312 0.670370 0.494792 0.670370 0.493750 0.672222 0.493750 0.673148 0.493229 0.674074 0.493229 0.675000 0.492708 0.675926 0.492708 0.676852
0 0.302604 0.777778 0.298438 0.777778 0.297917 0.778704 0.296875 0.778704 0.296354 0.779630 0.295312 0.779630 0.294271 0.781481 0.293750 0.781481 0.291667 0.785185 0.291146 0.785185 0.291146 0.786111 0.290104 0.787963 0.290104 0.789815 0.289583 0.790741 0.289583 0.792593 0.289062 0.793519 0.289062 0.800000 0.289583 0.800926 0.289583 0.802778 0.291146 0.805556 0.291146 0.806481 0.292187 0.808333 0.292708 0.808333 0.293750 0.810185 0.294792 0.810185 0.295312 0.811111 0.296875 0.811111 0.297396 0.812037 0.300000 0.812037 0.300521 0.811111 0.302604 0.811111 0.303125 0.810185 0.303646 0.810185 0.304167 0.809259 0.304688 0.809259 0.305729 0.807407 0.306250 0.807407 0.307292 0.805556 0.307812 0.805556 0.307812 0.804630 0.308854 0.802778 0.308854 0.801852 0.309375 0.800926 0.309375 0.800000 0.309896 0.799074 0.309896 0.797222 0.310417 0.796296 0.310417 0.790741 0.309896 0.789815 0.309896 0.787963 0.309375 0.787037 0.309375 0.786111 0.308854 0.785185 0.308854 0.784259 0.307812 0.782407 0.307292 0.782407 0.305729 0.779630 0.304688 0.779630 0.304167 0.778704 0.303125 0.778704
0 0.918229 0.370370 0.917188 0.370370 0.916667 0.369444 0.915625 0.369444 0.915104 0.368519 0.911979 0.368519 0.911458 0.369444 0.909896 0.369444 0.909375 0.370370 0.908333 0.370370 0.903646 0.378704 0.903646 0.380556 0.903125 0.381481 0.903125 0.387963 0.903646 0.388889 0.903646 0.390741 0.906771 0.396296 0.907292 0.396296 0.907813 0.397222 0.908854 0.397222 0.909375 0.398148 0.913021 0.398148 0.913542 0.397222 0.915104 0.397222 0.915625 0.396296 0.916146 0.396296 0.916667 0.395370 0.917188 0.395370 0.917708 0.394444 0.918229 0.394444 0.918750 0.393519 0.918750 0.392593 0.920833 0.388889 0.920833 0.387963 0.921354 0.387037 0.921354 0.384259 0.921875 0.383333 0.921875 0.379630 0.921354 0.378704 0.921354 0.376852 0.920833 0.375926 0.920833 0.375000
0 0.376042 0.984259 0.376042 0.989815 0.376563 0.990741 0.376563 0.991667 0.377083 0.992593 0.377083 0.993519 0.378646 0.996296 0.379167 0.996296 0.380208 0.998148 0.380208 0.999074 0.396875 0.999074 0.397917 0.997222 0.398438 0.997222 0.399479 0.995370 0.399479 0.993519 0.400000 0.992593 0.400000 0.990741 0.400521 0.989815 0.400521 0.987963 0.400000 0.987037 0.400000 0.984259 0.398438 0.981481 0.398438 0.980556 0.397396 0.978704 0.396875 0.978704 0.395833 0.976852 0.395313 0.976852 0.394271 0.975000 0.393229 0.975000 0.392708 0.974074 0.391146 0.974074 0.390625 0.973148 0.383854 0.973148 0.383333 0.974074 0.381771 0.974074 0.381250 0.975000 0.380729 0.975000 0.380208 0.975926 0.379688 0.975926 0.376563 0.981481 0.376563 0.983333
0 0.134896 0.953704 0.133854 0.955556 0.133333 0.955556 0.131250 0.959259 0.130729 0.959259 0.130729 0.960185 0.130208 0.961111 0.130208 0.962037 0.129688 0.962963 0.129688 0.963889 0.129167 0.964815 0.129167 0.974074 0.129688 0.975000 0.129688 0.975926 0.130208 0.976852 0.130208 0.977778 0.130729 0.978704 0.130729 0.979630 0.132292 0.982407 0.132292 0.983333 0.132812 0.984259 0.133333 0.984259 0.134375 0.986111 0.134896 0.986111 0.135417 0.987037 0.135937 0.987037 0.136458 0.987963 0.137500 0.987963 0.138021 0.988889 0.143750 0.988889 0.144271 0.987963 0.145313 0.987963 0.145833 0.987037 0.146354 0.987037 0.146875 0.986111 0.147396 0.986111 0.149479 0.982407 0.149479 0.981481 0.150521 0.979630 0.150521 0.978704 0.151042 0.977778 0.151042 0.974074 0.151562 0.973148 0.151562 0.971296 0.151042 0.970370 0.151042 0.966667 0.150521 0.965741 0.150521 0.964815 0.150000 0.963889 0.150000 0.962963 0.149479 0.962037 0.149479 0.961111 0.148958 0.961111 0.148438 0.960185 0.148438 0.959259 0.147396 0.957407 0.146875 0.957407 0.145833 0.955556 0.145313 0.955556 0.144792 0.954630 0.144271 0.954630 0.143750 0.953704 0.142708 0.953704 0.142187 0.952778 0.136979 0.952778 0.136458 0.953704
0 0.152604 0.390741 0.152083 0.391667 0.151042 0.391667 0.150521 0.392593 0.150000 0.392593 0.148958 0.394444 0.148438 0.394444 0.147396 0.396296 0.146875 0.396296 0.145313 0.399074 0.145313 0.400000 0.144792 0.400926 0.144792 0.401852 0.144271 0.402778 0.144271 0.403704 0.143750 0.404630 0.143750 0.412963 0.144271 0.413889 0.144271 0.414815 0.144792 0.415741 0.144792 0.416667 0.147396 0.421296 0.147917 0.421296 0.148438 0.422222 0.149479 0.422222 0.150000 0.423148 0.156771 0.423148 0.157292 0.422222 0.157812 0.422222 0.158333 0.421296 0.158854 0.421296 0.159375 0.420370 0.159896 0.420370 0.160417 0.419444 0.160938 0.419444 0.161458 0.418519 0.161458 0.417593 0.161979 0.416667 0.162500 0.416667 0.163542 0.414815 0.163542 0.413889 0.164062 0.412963 0.164062 0.412037 0.164583 0.411111 0.164583 0.410185 0.165104 0.409259 0.165104 0.400926 0.164583 0.400000 0.164583 0.399074 0.164062 0.398148 0.164062 0.397222 0.161979 0.393519 0.161458 0.393519 0.160938 0.392593 0.160417 0.392593 0.159896 0.391667 0.159375 0.391667 0.158854 0.390741
0 0.197396 0.076852 0.196875 0.077778 0.195833 0.077778 0.195312 0.078704 0.194271 0.078704 0.193750 0.079630 0.192708 0.079630 0.190625 0.083333 0.190104 0.083333 0.189583 0.084259 0.189583 0.085185 0.188542 0.087037 0.188542 0.087963 0.188021 0.088889 0.188021 0.090741 0.187500 0.091667 0.187500 0.097222 0.188021 0.098148 0.188021 0.100000 0.188542 0.100926 0.188542 0.101852 0.191146 0.106481 0.191667 0.106481 0.192188 0.107407 0.192708 0.107407 0.193229 0.108333 0.194271 0.108333 0.194792 0.109259 0.200521 0.109259 0.201042 0.108333 0.202604 0.108333 0.203125 0.107407 0.203646 0.107407 0.204167 0.106481 0.204687 0.106481 0.205729 0.104630 0.206250 0.104630 0.208854 0.100000 0.208854 0.099074 0.209375 0.098148 0.209375 0.097222 0.209896 0.096296 0.209896 0.093519 0.210417 0.092593 0.210417 0.091667 0.209896 0.090741 0.209896 0.087037 0.209375 0.086111 0.209375 0.085185 0.208854 0.084259 0.208854 0.083333 0.207813 0.081481 0.207292 0.081481 0.206250 0.079630 0.205729 0.079630 0.205208 0.078704 0.204687 0.078704 0.204167 0.077778 0.203125 0.077778 0.202604 0.076852
0 0.703125 0.182407 0.702604 0.183333 0.702083 0.183333 0.701562 0.184259 0.701042 0.184259 0.700521 0.185185 0.700000 0.185185 0.697396 0.189815 0.697396 0.191667 0.696875 0.192593 0.696875 0.198148 0.697396 0.199074 0.697396 0.200000 0.697917 0.200926 0.697917 0.201852 0.699479 0.204630 0.700000 0.204630 0.700521 0.205556 0.701042 0.205556 0.701562 0.206481 0.705729 0.206481 0.706250 0.205556 0.707292 0.205556 0.708333 0.203704 0.708854 0.203704 0.709375 0.202778 0.709896 0.202778 0.710417 0.201852 0.710417 0.200926 0.711458 0.199074 0.711458 0.198148 0.711979 0.197222 0.711979 0.189815 0.711458 0.188889 0.711458 0.187963 0.709375 0.184259 0.708854 0.184259 0.708333 0.183333 0.707812 0.183333 0.707292 0.182407
0 0.588021 0.240741 0.586979 0.242593 0.586458 0.242593 0.585938 0.243519 0.585938 0.244444 0.584375 0.247222 0.584375 0.249074 0.583854 0.250000 0.583854 0.258333 0.584375 0.259259 0.584375 0.260185 0.584896 0.261111 0.584896 0.262037 0.585417 0.262963 0.585417 0.263889 0.588021 0.268519 0.588542 0.268519 0.589063 0.269444 0.589583 0.269444 0.590104 0.270370 0.590625 0.270370 0.591146 0.271296 0.593229 0.271296 0.593750 0.272222 0.595313 0.272222 0.595833 0.271296 0.597917 0.271296 0.598437 0.270370 0.598958 0.270370 0.599479 0.269444 0.600000 0.269444 0.600521 0.268519 0.600521 0.267593 0.601042 0.266667 0.601562 0.266667 0.602083 0.265741 0.602083 0.264815 0.602604 0.263889 0.602604 0.262963 0.603125 0.262037 0.603125 0.252778 0.602604 0.251852 0.602604 0.250926 0.602083 0.250000 0.602083 0.248148 0.598958 0.242593 0.598437 0.242593 0.597396 0.240741 0.596354 0.240741 0.595833 0.239815 0.594792 0.239815 0.594271 0.238889 0.590625 0.238889 0.590104 0.239815 0.589063 0.239815 0.588542 0.240741
0 0.308333 0.000000 0.308333 0.005556 0.309375 0.007407 0.309375 0.008333 0.310937 0.011111 0.311458 0.011111 0.312500 0.012963 0.313542 0.012963 0.314063 0.013889 0.318229 0.013889 0.318750 0.012963 0.319792 0.012963 0.321354 0.010185 0.321354 0.009259 0.321875 0.008333 0.321875 0.004630 0.321354 0.003704 0.321354 0.001852 0.320312 0.000000
0 0.676042 0.031481 0.675521 0.032407 0.675000 0.032407 0.674479 0.033333 0.673958 0.033333 0.670833 0.038889 0.670833 0.039815 0.670312 0.040741 0.670312 0.041667 0.669792 0.042593 0.669792 0.044444 0.669271 0.045370 0.669271 0.053704 0.669792 0.054630 0.669792 0.056481 0.670312 0.057407 0.670312 0.059259 0.672917 0.063889 0.673438 0.063889 0.674479 0.065741 0.675000 0.065741 0.675521 0.066667 0.676042 0.066667 0.676562 0.067593 0.677604 0.067593 0.678125 0.068519 0.684375 0.068519 0.684896 0.067593 0.685937 0.067593 0.686458 0.066667 0.686979 0.066667 0.687500 0.065741 0.688021 0.065741 0.689063 0.063889 0.689583 0.063889 0.689583 0.062963 0.690104 0.062037 0.690625 0.062037 0.690625 0.061111 0.692708 0.057407 0.692708 0.055556 0.693229 0.054630 0.693229 0.051852 0.693750 0.050926 0.693750 0.047222 0.693229 0.046296 0.693229 0.043519 0.692708 0.042593 0.692708 0.041667 0.692187 0.040741 0.692187 0.039815 0.691667 0.038889 0.691667 0.037963 0.691146 0.037037 0.690625 0.037037 0.690104 0.036111 0.690104 0.035185 0.689583 0.034259 0.689063 0.034259 0.688542 0.033333 0.688021 0.033333 0.686979 0.031481 0.685937 0.031481 0.685417 0.030556 0.683854 0.030556 0.683333 0.029630 0.680208 0.029630 0.679688 0.030556 0.677604 0.030556 0.677083 0.031481
0 0.615625 0.293519 0.615104 0.294444 0.614583 0.294444 0.613542 0.296296 0.613021 0.296296 0.610938 0.300000 0.610938 0.300926 0.610417 0.301852 0.610417 0.302778 0.609896 0.303704 0.609896 0.305556 0.609375 0.306481 0.609375 0.315741 0.609896 0.316667 0.609896 0.318519 0.610417 0.319444 0.610417 0.320370 0.614062 0.326852 0.615625 0.326852 0.616146 0.327778 0.618750 0.327778 0.619271 0.326852 0.620313 0.326852 0.620833 0.325926 0.621354 0.325926 0.621875 0.325000 0.622396 0.325000 0.623437 0.323148 0.623437 0.322222 0.625000 0.319444 0.625000 0.318519 0.625521 0.317593 0.625521 0.315741 0.626042 0.314815 0.626042 0.304630 0.625521 0.303704 0.625521 0.301852 0.625000 0.300926 0.625000 0.300000 0.621875 0.294444 0.620833 0.294444 0.620313 0.293519
0 0.201042 0.287963 0.201042 0.289815 0.200521 0.290741 0.200521 0.298148 0.201042 0.299074 0.201042 0.300000 0.201563 0.300926 0.201563 0.301852 0.204687 0.307407 0.205208 0.307407 0.205729 0.308333 0.206771 0.308333 0.207292 0.309259 0.207813 0.309259 0.208333 0.310185 0.209896 0.310185 0.210417 0.311111 0.216146 0.311111 0.216667 0.310185 0.218229 0.310185 0.218750 0.309259 0.219271 0.309259 0.219792 0.308333 0.220312 0.308333 0.220833 0.307407 0.221354 0.307407 0.222396 0.305556 0.222917 0.305556 0.223958 0.303704 0.223958 0.302778 0.225000 0.300926 0.225000 0.300000 0.225521 0.299074 0.225521 0.296296 0.226042 0.295370 0.226042 0.293519 0.225521 0.292593 0.225521 0.289815 0.224479 0.287963 0.224479 0.287037 0.222917 0.284259 0.222917 0.283333 0.222396 0.282407 0.221875 0.282407 0.221354 0.281481 0.220833 0.281481 0.219792 0.279630 0.218750 0.279630 0.218229 0.278704 0.216667 0.278704 0.216146 0.277778 0.209896 0.277778 0.209375 0.278704 0.207813 0.278704 0.207292 0.279630 0.206250 0.279630 0.205208 0.281481 0.204687 0.281481 0.203646 0.283333 0.203125 0.283333 0.202083 0.285185 0.202083 0.286111
0 0.969792 0.626852 0.969792 0.631481 0.970313 0.632407 0.970313 0.634259 0.972917 0.638889 0.973437 0.638889 0.974479 0.640741 0.975000 0.640741 0.975521 0.641667 0.976562 0.641667 0.977083 0.642593 0.978125 0.642593 0.978646 0.643519 0.984896 0.643519 0.985417 0.642593 0.986979 0.642593 0.987500 0.641667 0.988021 0.641667 0.988542 0.640741 0.989062 0.640741 0.991667 0.636111 0.991667 0.634259 0.992188 0.633333 0.992188 0.629630 0.991667 0.628704 0.991667 0.627778 0.991146 0.626852 0.991146 0.625926 0.989583 0.623148 0.989062 0.623148 0.988021 0.621296 0.987500 0.621296 0.986458 0.619444 0.984896 0.619444 0.984375 0.618519 0.983333 0.618519 0.982812 0.617593 0.977083 0.617593 0.976562 0.618519 0.975000 0.618519 0.974479 0.619444 0.973958 0.619444 0.973437 0.620370 0.972917 0.620370 0.970313 0.625000 0.970313 0.625926
0 0.761979 0.398148 0.760417 0.398148 0.759896 0.397222 0.757292 0.397222 0.756771 0.398148 0.755208 0.398148 0.754687 0.399074 0.754167 0.399074 0.753646 0.400000 0.752604 0.400000 0.750000 0.404630 0.749479 0.404630 0.749479 0.405556 0.747917 0.408333 0.747917 0.409259 0.747396 0.410185 0.747396 0.412037 0.746875 0.412963 0.746875 0.415741 0.746354 0.416667 0.746354 0.422222 0.746875 0.423148 0.746875 0.425000 0.747396 0.425926 0.747396 0.426852 0.747917 0.427778 0.747917 0.428704 0.750000 0.432407 0.750521 0.432407 0.751042 0.433333 0.751563 0.433333 0.752083 0.434259 0.753646 0.434259 0.754167 0.435185 0.756771 0.435185 0.757292 0.434259 0.758854 0.434259 0.759375 0.433333 0.759896 0.433333 0.760417 0.432407 0.761458 0.432407 0.763021 0.429630 0.763542 0.429630 0.764583 0.427778 0.764583 0.426852 0.765625 0.425000 0.765625 0.424074 0.766667 0.422222 0.766667 0.421296 0.767188 0.420370 0.767188 0.417593 0.767708 0.416667 0.767708 0.410185 0.767188 0.409259 0.767188 0.407407 0.766667 0.406481 0.766667 0.404630 0.764062 0.400000 0.763542 0.400000 0.763021 0.399074 0.762500 0.399074
0 0.776042 0.792593 0.776042 0.793519 0.775000 0.795370 0.775000 0.797222 0.774479 0.798148 0.774479 0.806481 0.775000 0.807407 0.775000 0.808333 0.775521 0.809259 0.775521 0.810185 0.778646 0.815741 0.779167 0.815741 0.779687 0.816667 0.783854 0.816667 0.784375 0.815741 0.785417 0.815741 0.785937 0.814815 0.786458 0.814815 0.786458 0.813889 0.787500 0.812037 0.787500 0.811111 0.788021 0.810185 0.788021 0.809259 0.788542 0.808333 0.788542 0.801852 0.788021 0.800926 0.788021 0.798148 0.786979 0.796296 0.786979 0.795370 0.784896 0.791667 0.784375 0.791667 0.783854 0.790741 0.783333 0.790741 0.782813 0.789815 0.778646 0.789815 0.778125 0.790741 0.777604 0.790741 0.776563 0.792593
0 0.150000 0.807407 0.149479 0.808333 0.148438 0.808333 0.147917 0.809259 0.147396 0.809259 0.146875 0.810185 0.146354 0.810185 0.144271 0.813889 0.144271 0.814815 0.142708 0.817593 0.142708 0.819444 0.142187 0.820370 0.142187 0.823148 0.141667 0.824074 0.141667 0.828704 0.142187 0.829630 0.142187 0.831481 0.142708 0.832407 0.142708 0.834259 0.144271 0.837037 0.144271 0.837963 0.144792 0.838889 0.145313 0.838889 0.145833 0.839815 0.146354 0.839815 0.146875 0.840741 0.147396 0.840741 0.147917 0.841667 0.152604 0.841667 0.153125 0.840741 0.154167 0.840741 0.155208 0.838889 0.155729 0.838889 0.157292 0.836111 0.157812 0.836111 0.157812 0.835185 0.158854 0.833333 0.158854 0.832407 0.159375 0.831481 0.159375 0.830556 0.159896 0.829630 0.159896 0.827778 0.160417 0.826852 0.160417 0.819444 0.159896 0.818519 0.159896 0.816667 0.159375 0.815741 0.159375 0.814815 0.158333 0.812963 0.158333 0.812037 0.156771 0.809259 0.155729 0.809259 0.155208 0.808333 0.154167 0.808333 0.153646 0.807407
0 0.655208 0.782407 0.650000 0.782407 0.649479 0.783333 0.648438 0.783333 0.647917 0.784259 0.647396 0.784259 0.646875 0.785185 0.646354 0.785185 0.644271 0.788889 0.643750 0.788889 0.643229 0.789815 0.643229 0.791667 0.642188 0.793519 0.642188 0.795370 0.641667 0.796296 0.641667 0.801852 0.642188 0.802778 0.642188 0.804630 0.642708 0.805556 0.642708 0.806481 0.645312 0.811111 0.646354 0.811111 0.646875 0.812037 0.647396 0.812037 0.647917 0.812963 0.650000 0.812963 0.650521 0.813889 0.652083 0.813889 0.652604 0.812963 0.654687 0.812963 0.655208 0.812037 0.656250 0.812037 0.657292 0.810185 0.657813 0.810185 0.658333 0.809259 0.658854 0.809259 0.659375 0.808333 0.659375 0.807407 0.660937 0.804630 0.660937 0.803704 0.661979 0.801852 0.661979 0.799074 0.662500 0.798148 0.662500 0.796296 0.661979 0.795370 0.661979 0.791667 0.661458 0.790741 0.661458 0.789815 0.659375 0.786111 0.658854 0.786111 0.657813 0.784259 0.657292 0.784259 0.656771 0.783333 0.655729 0.783333
0 0.752604 0.432407 0.752083 0.433333 0.751563 0.433333 0.751042 0.434259 0.750521 0.434259 0.749479 0.436111 0.748958 0.436111 0.748437 0.437037 0.748437 0.437963 0.747396 0.439815 0.747396 0.440741 0.746875 0.441667 0.746875 0.442593 0.746354 0.443519 0.746354 0.446296 0.745833 0.447222 0.745833 0.455556 0.746354 0.456481 0.746354 0.459259 0.746875 0.460185 0.746875 0.461111 0.747396 0.462037 0.747396 0.463889 0.748437 0.465741 0.748437 0.466667 0.752083 0.473148 0.753125 0.473148 0.753646 0.474074 0.754167 0.474074 0.754687 0.475000 0.759896 0.475000 0.760417 0.474074 0.761458 0.474074 0.762500 0.472222 0.763021 0.472222 0.764583 0.469444 0.764583 0.468519 0.765625 0.466667 0.765625 0.465741 0.766146 0.464815 0.766146 0.462963 0.766667 0.462037 0.766667 0.458333 0.767188 0.457407 0.767188 0.451852 0.766667 0.450926 0.766667 0.448148 0.766146 0.447222 0.766146 0.445370 0.765104 0.443519 0.765104 0.442593 0.764583 0.441667 0.764583 0.440741 0.761979 0.436111 0.761458 0.436111 0.760938 0.435185 0.760938 0.434259 0.760417 0.434259 0.759896 0.433333 0.758854 0.433333 0.758333 0.432407 0.757292 0.432407 0.756771 0.431481 0.754687 0.431481 0.754167 0.432407
0 0.822917 0.639815 0.822917 0.642593 0.822396 0.643519 0.822396 0.644444 0.822917 0.645370 0.822917 0.648148 0.823438 0.649074 0.823438 0.650000 0.824479 0.651852 0.824479 0.652778 0.825000 0.653704 0.825521 0.653704 0.826562 0.655556 0.827083 0.655556 0.827604 0.656481 0.828125 0.656481 0.828646 0.657407 0.829688 0.657407 0.830208 0.658333 0.831771 0.658333 0.832292 0.659259 0.835938 0.659259 0.836458 0.658333 0.838542 0.658333 0.839583 0.656481 0.840625 0.656481 0.842187 0.653704 0.842187 0.652778 0.842708 0.651852 0.842708 0.650000 0.843229 0.649074 0.843229 0.645370 0.842708 0.644444 0.842708 0.643519 0.842187 0.642593 0.842187 0.641667 0.841146 0.639815 0.841146 0.638889 0.840625 0.638889 0.839063 0.636111 0.838021 0.636111 0.836979 0.634259 0.835417 0.634259 0.834896 0.633333 0.832812 0.633333 0.832292 0.632407 0.830208 0.632407 0.829688 0.633333 0.828125 0.633333 0.827604 0.634259 0.826562 0.634259 0.825521 0.636111 0.825000 0.636111
0 0.153646 0.276852 0.151562 0.276852 0.151042 0.275926 0.148438 0.275926 0.147917 0.276852 0.146354 0.276852 0.145833 0.277778 0.144792 0.277778 0.144271 0.278704 0.143750 0.278704 0.143229 0.279630 0.142708 0.279630 0.141667 0.281481 0.141146 0.281481 0.141146 0.282407 0.139063 0.286111 0.139063 0.287037 0.138542 0.287963 0.138542 0.289815 0.138021 0.290741 0.138021 0.297222 0.138542 0.298148 0.138542 0.300000 0.139063 0.300926 0.139063 0.301852 0.140104 0.303704 0.140625 0.303704 0.142708 0.307407 0.143229 0.307407 0.143750 0.308333 0.145833 0.308333 0.146354 0.309259 0.149479 0.309259 0.150000 0.308333 0.151562 0.308333 0.152083 0.307407 0.153125 0.307407 0.153646 0.306481 0.154167 0.306481 0.155208 0.304630 0.155729 0.304630 0.156771 0.302778 0.156771 0.301852 0.157292 0.300926 0.157812 0.300926 0.157812 0.300000 0.158333 0.299074 0.158333 0.298148 0.158854 0.297222 0.158854 0.296296 0.159375 0.295370 0.159375 0.287037 0.158854 0.286111 0.158854 0.284259 0.155729 0.278704 0.154688 0.278704
0 0.133333 0.775926 0.132292 0.775926 0.131771 0.775000 0.128646 0.775000 0.128125 0.775926 0.126562 0.775926 0.125521 0.777778 0.124479 0.777778 0.122917 0.780556 0.122917 0.781481 0.121875 0.783333 0.121875 0.784259 0.121354 0.785185 0.121354 0.787963 0.120833 0.788889 0.120833 0.790741 0.121354 0.791667 0.121354 0.794444 0.123958 0.799074 0.124479 0.799074 0.125000 0.800000 0.126562 0.800000 0.127083 0.800926 0.128646 0.800926 0.129167 0.800000 0.130729 0.800000 0.131250 0.799074 0.131771 0.799074 0.132292 0.798148 0.132812 0.798148 0.133333 0.797222 0.133854 0.797222 0.135937 0.793519 0.135937 0.791667 0.136458 0.790741 0.136458 0.789815 0.136979 0.788889 0.136979 0.783333 0.136458 0.782407 0.136458 0.781481 0.135937 0.780556 0.135937 0.779630 0.134896 0.777778 0.134375 0.777778
0 0.088542 0.690741 0.088542 0.691667 0.088021 0.692593 0.088021 0.693519 0.087500 0.694444 0.087500 0.703704 0.088021 0.704630 0.088021 0.705556 0.088542 0.706481 0.088542 0.707407 0.091146 0.712037 0.091667 0.712037 0.092708 0.713889 0.093750 0.713889 0.094271 0.714815 0.095312 0.714815 0.095833 0.715741 0.100000 0.715741 0.100521 0.714815 0.102083 0.714815 0.102604 0.713889 0.103125 0.713889 0.103646 0.712963 0.104167 0.712963 0.104688 0.712037 0.105208 0.712037 0.106771 0.709259 0.106771 0.708333 0.107813 0.706481 0.107813 0.705556 0.108333 0.704630 0.108333 0.695370 0.107813 0.694444 0.107813 0.693519 0.107292 0.692593 0.107292 0.691667 0.104167 0.686111 0.103646 0.686111 0.103125 0.685185 0.102604 0.685185 0.102083 0.684259 0.101042 0.684259 0.100521 0.683333 0.094792 0.683333 0.094271 0.684259 0.093229 0.684259 0.092708 0.685185 0.092188 0.685185 0.091146 0.687037 0.090625 0.687037
0 0.051562 0.471296 0.051042 0.472222 0.050000 0.472222 0.049479 0.473148 0.048958 0.473148 0.048438 0.474074 0.047917 0.474074 0.047396 0.475000 0.046875 0.475000 0.044792 0.478704 0.044792 0.479630 0.044271 0.480556 0.044271 0.481481 0.043750 0.482407 0.043750 0.486111 0.043229 0.487037 0.043750 0.487963 0.043750 0.491667 0.044271 0.492593 0.044271 0.493519 0.044792 0.494444 0.044792 0.495370 0.046354 0.498148 0.046875 0.498148 0.047396 0.499074 0.047917 0.499074 0.048438 0.500000 0.049479 0.500000 0.050000 0.500926 0.054167 0.500926 0.054688 0.500000 0.055729 0.500000 0.056250 0.499074 0.057292 0.499074 0.057813 0.498148 0.058333 0.498148 0.060937 0.493519 0.060937 0.492593 0.061979 0.490741 0.061979 0.488889 0.062500 0.487963 0.062500 0.481481 0.061979 0.480556 0.061979 0.478704 0.059375 0.474074 0.058854 0.474074 0.058333 0.473148 0.057813 0.473148 0.057292 0.472222 0.056250 0.472222 0.055729 0.471296
0 0.600000 0.314815 0.599479 0.315741 0.597917 0.315741 0.597396 0.316667 0.596875 0.316667 0.596354 0.317593 0.595313 0.317593 0.595313 0.318519 0.594792 0.319444 0.594271 0.319444 0.592187 0.323148 0.592187 0.324074 0.591667 0.325000 0.591667 0.325926 0.591146 0.326852 0.591146 0.327778 0.590625 0.328704 0.590625 0.338889 0.591146 0.339815 0.591146 0.340741 0.591667 0.341667 0.591667 0.343519 0.595313 0.350000 0.595833 0.350000 0.596354 0.350926 0.596875 0.350926 0.597396 0.351852 0.597917 0.351852 0.598437 0.352778 0.600521 0.352778 0.601042 0.353704 0.604167 0.353704 0.604688 0.352778 0.606250 0.352778 0.606771 0.351852 0.607812 0.351852 0.608333 0.350926 0.608854 0.350926 0.610938 0.347222 0.611458 0.347222 0.611458 0.346296 0.612500 0.344444 0.612500 0.343519 0.613542 0.341667 0.613542 0.339815 0.614062 0.338889 0.614062 0.330556 0.613542 0.329630 0.613542 0.327778 0.613021 0.326852 0.613021 0.325926 0.612500 0.325000 0.612500 0.324074 0.609375 0.318519 0.608854 0.318519 0.608333 0.317593 0.607812 0.317593 0.607292 0.316667 0.606771 0.316667 0.606250 0.315741 0.604688 0.315741 0.604167 0.314815
0 0.375000 0.852778 0.374479 0.853704 0.373958 0.853704 0.373437 0.854630 0.372917 0.854630 0.370312 0.859259 0.370312 0.861111 0.369792 0.862037 0.369792 0.863889 0.369271 0.864815 0.369271 0.871296 0.369792 0.872222 0.369792 0.875000 0.370312 0.875926 0.370312 0.876852 0.371354 0.878704 0.371354 0.879630 0.373437 0.883333 0.373958 0.883333 0.374479 0.884259 0.375000 0.884259 0.375521 0.885185 0.377083 0.885185 0.377604 0.886111 0.379167 0.886111 0.379688 0.885185 0.380729 0.885185 0.381250 0.884259 0.381771 0.884259 0.384896 0.878704 0.384896 0.877778 0.385417 0.876852 0.385417 0.875000 0.385937 0.874074 0.385937 0.866667 0.385417 0.865741 0.385417 0.862963 0.384896 0.862037 0.384896 0.861111 0.382292 0.856481 0.382292 0.855556 0.381771 0.855556 0.380729 0.853704 0.379688 0.853704 0.379167 0.852778
0 0.439583 0.480556 0.439583 0.487963 0.440104 0.488889 0.440104 0.489815 0.443229 0.495370 0.443750 0.495370 0.444271 0.496296 0.444792 0.496296 0.445312 0.497222 0.446354 0.497222 0.446875 0.498148 0.448958 0.498148 0.449479 0.499074 0.453646 0.499074 0.454167 0.498148 0.456250 0.498148 0.456771 0.497222 0.457292 0.497222 0.457813 0.496296 0.458854 0.496296 0.459375 0.495370 0.459896 0.495370 0.460417 0.494444 0.460417 0.493519 0.460938 0.492593 0.461458 0.492593 0.462500 0.490741 0.462500 0.489815 0.463021 0.488889 0.463021 0.487037 0.463542 0.486111 0.463542 0.483333 0.463021 0.482407 0.463021 0.480556 0.462500 0.479630 0.462500 0.478704 0.461979 0.477778 0.461979 0.476852 0.461458 0.475926 0.460938 0.475926 0.459375 0.473148 0.458333 0.473148 0.457813 0.472222 0.456771 0.472222 0.456250 0.471296 0.455729 0.471296 0.455208 0.470370 0.447917 0.470370 0.447396 0.471296 0.445833 0.471296 0.445312 0.472222 0.444792 0.472222 0.444271 0.473148 0.443750 0.473148 0.443229 0.474074 0.442708 0.474074 0.441146 0.476852 0.441146 0.477778
0 0.419792 0.306481 0.419792 0.308333 0.419271 0.309259 0.419271 0.311111 0.419792 0.312037 0.419792 0.312963 0.420312 0.313889 0.420312 0.314815 0.421875 0.317593 0.422396 0.317593 0.423438 0.319444 0.424479 0.319444 0.425000 0.320370 0.426042 0.320370 0.426563 0.321296 0.432812 0.321296 0.433333 0.320370 0.434375 0.320370 0.434896 0.319444 0.435937 0.319444 0.439063 0.313889 0.439063 0.312963 0.439583 0.312037 0.439583 0.308333 0.439063 0.307407 0.439063 0.306481 0.438542 0.305556 0.438542 0.304630 0.436979 0.301852 0.436458 0.301852 0.435937 0.300926 0.435417 0.300926 0.434896 0.300000 0.433854 0.300000 0.433333 0.299074 0.430208 0.299074 0.429688 0.298148 0.428646 0.298148 0.428125 0.299074 0.425521 0.299074 0.425000 0.300000 0.424479 0.300000 0.423958 0.300926 0.422917 0.300926 0.421875 0.302778 0.421354 0.302778 0.420312 0.304630 0.420312 0.305556
0 0.566146 0.419444 0.565104 0.421296 0.564583 0.421296 0.562500 0.425000 0.562500 0.425926 0.561458 0.427778 0.561458 0.428704 0.560937 0.429630 0.560937 0.439815 0.561458 0.440741 0.561458 0.442593 0.562500 0.444444 0.562500 0.445370 0.565625 0.450926 0.566146 0.450926 0.566667 0.451852 0.567708 0.451852 0.568750 0.453704 0.570312 0.453704 0.570833 0.454630 0.575521 0.454630 0.576042 0.453704 0.577604 0.453704 0.578125 0.452778 0.578646 0.452778 0.579688 0.450926 0.580208 0.450926 0.581250 0.449074 0.581771 0.449074 0.581771 0.448148 0.583333 0.445370 0.583333 0.444444 0.583854 0.443519 0.583854 0.442593 0.584375 0.441667 0.584375 0.433333 0.583854 0.432407 0.583854 0.430556 0.583333 0.429630 0.583333 0.428704 0.582292 0.426852 0.582292 0.425926 0.579688 0.421296 0.579167 0.421296 0.578646 0.420370 0.578125 0.420370 0.577604 0.419444 0.576562 0.419444 0.576042 0.418519 0.575000 0.418519 0.574479 0.417593 0.569792 0.417593 0.569271 0.418519 0.567708 0.418519 0.567187 0.419444
0 0.252083 0.701852 0.251563 0.702778 0.250521 0.702778 0.250000 0.703704 0.248958 0.703704 0.248438 0.704630 0.247917 0.704630 0.244271 0.711111 0.244271 0.712963 0.243750 0.713889 0.243750 0.721296 0.244792 0.723148 0.244792 0.724074 0.245312 0.725000 0.245312 0.725926 0.245833 0.725926 0.246354 0.726852 0.246875 0.726852 0.247917 0.728704 0.248438 0.728704 0.248958 0.729630 0.250000 0.729630 0.250521 0.730556 0.255729 0.730556 0.256250 0.729630 0.257292 0.729630 0.257812 0.728704 0.258333 0.728704 0.258854 0.727778 0.259375 0.727778 0.260417 0.725926 0.260937 0.725926 0.261458 0.725000 0.261458 0.724074 0.262500 0.722222 0.262500 0.721296 0.263021 0.720370 0.263021 0.718519 0.263542 0.717593 0.263542 0.713889 0.263021 0.712963 0.263021 0.711111 0.262500 0.710185 0.262500 0.709259 0.259896 0.704630 0.259375 0.704630 0.258854 0.703704 0.258333 0.703704 0.257812 0.702778 0.256771 0.702778 0.256250 0.701852
0 0.259896 0.670370 0.259375 0.671296 0.258854 0.671296 0.257812 0.673148 0.257292 0.673148 0.255208 0.676852 0.255208 0.677778 0.254167 0.679630 0.254167 0.680556 0.253646 0.681481 0.253646 0.683333 0.253125 0.684259 0.253125 0.690741 0.253646 0.691667 0.253646 0.693519 0.254167 0.694444 0.254167 0.695370 0.255208 0.697222 0.255208 0.698148 0.256771 0.700926 0.257292 0.700926 0.258333 0.702778 0.258854 0.702778 0.259375 0.703704 0.260417 0.703704 0.260937 0.704630 0.267188 0.704630 0.267708 0.703704 0.268750 0.703704 0.269271 0.702778 0.269792 0.702778 0.270833 0.700926 0.271354 0.700926 0.271875 0.700000 0.271875 0.699074 0.272396 0.698148 0.272917 0.698148 0.273438 0.697222 0.273438 0.696296 0.273958 0.695370 0.273958 0.694444 0.274479 0.693519 0.274479 0.692593 0.275000 0.691667 0.275000 0.683333 0.274479 0.682407 0.274479 0.680556 0.273958 0.679630 0.273958 0.678704 0.272917 0.676852 0.272917 0.675926 0.271354 0.673148 0.270833 0.673148 0.269792 0.671296 0.269271 0.671296 0.268750 0.670370 0.267188 0.670370 0.266667 0.669444 0.261979 0.669444 0.261458 0.670370
0 0.414062 0.220370 0.413542 0.220370 0.413021 0.219444 0.412500 0.219444 0.411979 0.218519 0.410417 0.218519 0.409896 0.217593 0.407292 0.217593 0.406771 0.218519 0.404687 0.218519 0.404167 0.219444 0.403125 0.219444 0.402083 0.221296 0.401562 0.221296 0.401042 0.222222 0.400521 0.222222 0.398438 0.225926 0.397917 0.225926 0.397917 0.226852 0.396354 0.229630 0.396354 0.230556 0.395833 0.231481 0.395833 0.233333 0.395313 0.234259 0.395313 0.235185 0.394792 0.236111 0.394792 0.245370 0.395313 0.246296 0.395313 0.247222 0.395833 0.248148 0.395833 0.249074 0.398438 0.253704 0.399479 0.253704 0.400000 0.254630 0.401042 0.254630 0.401562 0.255556 0.405729 0.255556 0.406250 0.254630 0.407813 0.254630 0.408333 0.253704 0.408854 0.253704 0.409375 0.252778 0.410417 0.252778 0.411979 0.250000 0.412500 0.250000 0.415625 0.244444 0.415625 0.243519 0.416146 0.242593 0.416146 0.241667 0.416667 0.240741 0.416667 0.239815 0.417187 0.238889 0.417187 0.236111 0.417708 0.235185 0.417708 0.230556 0.417187 0.229630 0.417187 0.226852 0.416667 0.225926 0.416667 0.225000
0 0.871354 0.076852 0.870833 0.077778 0.870313 0.077778 0.869271 0.079630 0.868750 0.079630 0.868229 0.080556 0.868229 0.081481 0.866146 0.085185 0.866146 0.087037 0.865625 0.087963 0.865625 0.095370 0.866146 0.096296 0.866146 0.097222 0.866667 0.098148 0.866667 0.099074 0.868750 0.102778 0.869792 0.102778 0.870833 0.104630 0.872917 0.104630 0.873437 0.105556 0.875000 0.105556 0.875521 0.104630 0.877604 0.104630 0.878125 0.103704 0.878646 0.103704 0.879167 0.102778 0.879687 0.102778 0.880729 0.100926 0.881250 0.100926 0.882812 0.098148 0.882812 0.097222 0.883333 0.096296 0.883333 0.095370 0.883854 0.094444 0.883854 0.092593 0.884375 0.091667 0.884375 0.087963 0.883854 0.087037 0.883854 0.084259 0.881771 0.080556 0.881771 0.079630 0.881250 0.078704 0.880729 0.078704 0.880208 0.077778 0.879687 0.077778 0.879167 0.076852 0.878646 0.076852 0.878125 0.075926 0.872917 0.075926 0.872396 0.076852
0 0.171875 0.222222 0.170313 0.225000 0.170313 0.225926 0.169271 0.227778 0.169271 0.228704 0.168750 0.229630 0.168750 0.235185 0.169271 0.236111 0.169271 0.237037 0.169792 0.237963 0.169792 0.238889 0.172396 0.243519 0.172917 0.243519 0.173437 0.244444 0.174479 0.244444 0.175000 0.245370 0.179688 0.245370 0.180208 0.244444 0.180729 0.244444 0.181250 0.243519 0.182292 0.243519 0.183854 0.240741 0.183854 0.239815 0.184896 0.237963 0.184896 0.237037 0.185417 0.236111 0.185417 0.230556 0.184896 0.229630 0.184896 0.228704 0.184375 0.227778 0.184375 0.226852 0.181771 0.222222 0.180729 0.222222 0.180208 0.221296 0.179688 0.221296 0.179167 0.220370 0.174479 0.220370 0.173958 0.221296 0.173437 0.221296 0.172917 0.222222
0 0.110937 0.692593 0.110937 0.700926 0.111458 0.701852 0.111458 0.702778 0.113542 0.706481 0.114062 0.706481 0.114583 0.707407 0.115104 0.707407 0.115625 0.708333 0.117188 0.708333 0.117708 0.709259 0.122396 0.709259 0.122917 0.708333 0.124479 0.708333 0.125000 0.707407 0.126562 0.707407 0.127604 0.705556 0.128125 0.705556 0.129167 0.703704 0.129688 0.703704 0.130729 0.701852 0.130729 0.700926 0.132292 0.698148 0.132292 0.696296 0.132812 0.695370 0.132812 0.689815 0.132292 0.688889 0.132292 0.687963 0.130208 0.684259 0.130208 0.683333 0.129688 0.683333 0.129167 0.682407 0.128646 0.682407 0.128125 0.681481 0.127083 0.681481 0.126562 0.680556 0.119792 0.680556 0.119271 0.681481 0.118229 0.681481 0.117708 0.682407 0.116667 0.682407 0.115625 0.684259 0.115104 0.684259 0.111979 0.689815 0.111979 0.690741
0 0.913542 0.835185 0.913542 0.837037 0.914062 0.837963 0.914062 0.838889 0.914583 0.839815 0.915104 0.839815 0.915625 0.840741 0.916146 0.840741 0.916667 0.841667 0.917188 0.841667 0.917708 0.842593 0.918750 0.842593 0.919271 0.843519 0.923958 0.843519 0.924479 0.842593 0.926042 0.842593 0.926562 0.841667 0.927083 0.841667 0.928125 0.839815 0.928125 0.838889 0.928646 0.837963 0.928646 0.836111 0.928125 0.835185 0.928125 0.834259 0.926562 0.831481 0.926042 0.831481 0.925521 0.830556 0.925000 0.830556 0.924479 0.829630 0.922917 0.829630 0.922396 0.828704 0.918229 0.828704 0.917708 0.829630 0.916667 0.829630 0.916146 0.830556 0.915625 0.830556 0.914062 0.833333 0.914062 0.834259
0 0.261979 0.016667 0.262500 0.017593 0.262500 0.018519 0.263021 0.019444 0.263021 0.020370 0.264583 0.023148 0.265104 0.023148 0.265625 0.024074 0.266146 0.024074 0.266667 0.025000 0.267708 0.025000 0.268229 0.025926 0.272917 0.025926 0.273438 0.025000 0.275000 0.025000 0.275521 0.024074 0.276562 0.024074 0.277083 0.023148 0.277604 0.023148 0.278125 0.022222 0.278646 0.022222 0.279687 0.020370 0.280208 0.020370 0.280208 0.019444 0.280729 0.018519 0.281250 0.018519 0.282292 0.016667 0.282292 0.015741 0.283333 0.013889 0.283333 0.012963 0.283854 0.012037 0.283854 0.008333 0.284375 0.007407 0.284375 0.006481 0.283854 0.005556 0.283854 0.002778 0.282813 0.000926 0.282813 0.000000 0.266146 0.000000 0.264062 0.003704 0.264062 0.004630 0.262500 0.007407 0.262500 0.009259 0.261979 0.010185
0 0.178125 0.908333 0.177604 0.909259 0.176563 0.909259 0.176042 0.910185 0.175000 0.910185 0.174479 0.911111 0.173958 0.911111 0.173437 0.912037 0.172917 0.912037 0.169792 0.917593 0.169792 0.918519 0.169271 0.919444 0.169271 0.920370 0.168229 0.922222 0.168229 0.924074 0.167708 0.925000 0.167708 0.937037 0.168229 0.937963 0.168229 0.938889 0.168750 0.939815 0.168750 0.941667 0.169271 0.942593 0.169271 0.943519 0.171875 0.948148 0.172396 0.948148 0.173437 0.950000 0.173958 0.950000 0.174479 0.950926 0.175521 0.950926 0.176042 0.951852 0.181771 0.951852 0.182292 0.950926 0.183333 0.950926 0.184375 0.949074 0.184896 0.949074 0.185938 0.947222 0.186458 0.947222 0.188542 0.943519 0.188542 0.942593 0.189062 0.941667 0.189062 0.940741 0.189583 0.939815 0.189583 0.938889 0.190104 0.937963 0.190104 0.937037 0.190625 0.936111 0.190625 0.932407 0.191146 0.931481 0.191146 0.927778 0.190625 0.926852 0.190625 0.923148 0.190104 0.922222 0.190104 0.920370 0.189062 0.918519 0.189062 0.917593 0.188542 0.916667 0.188542 0.915741 0.188021 0.914815 0.187500 0.914815 0.185417 0.911111 0.184896 0.911111 0.184375 0.910185 0.183333 0.910185 0.182812 0.909259 0.181250 0.909259 0.180729 0.908333
0 0.357812 0.132407 0.357812 0.136111 0.360417 0.140741 0.360938 0.140741 0.361979 0.142593 0.363021 0.142593 0.363542 0.143519 0.365104 0.143519 0.365625 0.144444 0.371354 0.144444 0.371875 0.143519 0.372917 0.143519 0.373437 0.142593 0.373958 0.142593 0.374479 0.141667 0.375000 0.141667 0.376042 0.139815 0.376042 0.138889 0.376563 0.137963 0.376563 0.134259 0.376042 0.133333 0.376042 0.132407 0.373958 0.128704 0.372917 0.128704 0.372396 0.127778 0.371875 0.127778 0.371354 0.126852 0.370312 0.126852 0.369792 0.125926 0.363021 0.125926 0.362500 0.126852 0.360938 0.126852 0.359896 0.128704 0.359375 0.128704 0.358333 0.130556 0.358333 0.131481
0 0.682292 0.646296 0.681771 0.647222 0.680208 0.647222 0.679688 0.648148 0.679167 0.648148 0.678646 0.649074 0.678125 0.649074 0.677604 0.650000 0.677083 0.650000 0.676562 0.650926 0.676042 0.650926 0.673958 0.654630 0.673958 0.655556 0.673438 0.656481 0.672917 0.656481 0.672917 0.657407 0.672396 0.658333 0.672396 0.659259 0.671875 0.660185 0.671875 0.662037 0.671354 0.662963 0.671354 0.665741 0.670833 0.666667 0.671354 0.667593 0.671354 0.673148 0.671875 0.674074 0.671875 0.675000 0.672917 0.676852 0.672917 0.677778 0.675521 0.682407 0.676042 0.682407 0.676562 0.683333 0.677083 0.683333 0.677604 0.684259 0.678646 0.684259 0.679167 0.685185 0.680208 0.685185 0.680729 0.686111 0.686458 0.686111 0.686979 0.685185 0.688542 0.685185 0.689063 0.684259 0.690104 0.684259 0.690625 0.683333 0.691146 0.683333 0.691667 0.682407 0.692187 0.682407 0.694271 0.678704 0.694792 0.678704 0.694792 0.677778 0.695312 0.676852 0.695833 0.676852 0.695833 0.675926 0.696354 0.675000 0.696354 0.674074 0.696875 0.673148 0.696875 0.672222 0.697396 0.671296 0.697396 0.670370 0.697917 0.669444 0.697917 0.661111 0.697396 0.660185 0.697396 0.658333 0.696875 0.657407 0.696875 0.656481 0.696354 0.655556 0.696354 0.654630 0.695312 0.652778 0.694792 0.652778 0.694271 0.651852 0.694271 0.650926 0.693750 0.650000 0.693229 0.650000 0.692708 0.649074 0.692187 0.649074 0.691667 0.648148 0.690625 0.648148 0.690104 0.647222 0.689063 0.647222 0.688542 0.646296
0 0.851562 0.338889 0.851042 0.339815 0.850521 0.339815 0.850000 0.340741 0.849479 0.340741 0.848958 0.341667 0.848437 0.341667 0.847396 0.343519 0.847396 0.344444 0.845833 0.347222 0.845833 0.349074 0.845313 0.350000 0.845313 0.352778 0.844792 0.353704 0.844792 0.358333 0.845313 0.359259 0.845313 0.362037 0.845833 0.362963 0.845833 0.364815 0.846875 0.366667 0.846875 0.367593 0.848437 0.370370 0.848958 0.370370 0.849479 0.371296 0.850000 0.371296 0.850521 0.372222 0.851562 0.372222 0.852083 0.373148 0.855208 0.373148 0.855729 0.372222 0.856771 0.372222 0.857292 0.371296 0.857812 0.371296 0.858333 0.370370 0.858854 0.370370 0.859896 0.368519 0.859896 0.367593 0.861458 0.364815 0.861458 0.362963 0.861979 0.362037 0.861979 0.359259 0.862500 0.358333 0.862500 0.353704 0.861979 0.352778 0.861979 0.350000 0.861458 0.349074 0.861458 0.348148 0.860938 0.347222 0.860938 0.346296 0.860417 0.345370 0.860417 0.344444 0.859896 0.343519 0.859375 0.343519 0.857812 0.340741 0.857292 0.340741 0.856771 0.339815 0.856250 0.339815 0.855729 0.338889
0 0.971354 0.787037 0.969792 0.787037 0.969271 0.786111 0.967708 0.786111 0.967187 0.787037 0.965625 0.787037 0.965104 0.787963 0.964063 0.787963 0.960417 0.794444 0.960417 0.795370 0.959896 0.796296 0.959896 0.798148 0.959375 0.799074 0.959375 0.806481 0.959896 0.807407 0.959896 0.808333 0.963021 0.813889 0.963542 0.813889 0.964063 0.814815 0.969271 0.814815 0.969792 0.813889 0.970313 0.813889 0.970833 0.812963 0.971354 0.812963 0.975000 0.806481 0.975000 0.804630 0.975521 0.803704 0.975521 0.795370 0.975000 0.794444 0.975000 0.792593 0.972917 0.788889 0.972396 0.788889
0 0.994792 0.062037 0.993750 0.062037 0.993229 0.061111 0.988021 0.061111 0.987500 0.062037 0.986458 0.062037 0.985417 0.063889 0.984896 0.063889 0.982292 0.068519 0.981771 0.068519 0.981771 0.070370 0.980729 0.072222 0.980729 0.073148 0.980208 0.074074 0.980208 0.075926 0.979688 0.076852 0.979688 0.082407 0.980208 0.083333 0.980208 0.085185 0.980729 0.086111 0.980729 0.087963 0.982812 0.091667 0.983854 0.091667 0.984896 0.093519 0.989583 0.093519 0.990104 0.092593 0.991667 0.092593 0.992188 0.091667 0.992708 0.091667 0.993750 0.089815 0.994271 0.089815 0.994271 0.088889 0.994792 0.087963 0.995313 0.087963 0.996354 0.086111 0.996354 0.085185 0.996875 0.084259 0.996875 0.083333 0.997396 0.082407 0.997396 0.081481 0.997917 0.080556 0.997917 0.078704 0.998437 0.077778 0.998437 0.071296 0.997917 0.070370 0.997917 0.069444 0.997396 0.068519 0.997396 0.066667
0 0.778125 0.415741 0.778125 0.422222 0.780729 0.426852 0.781250 0.426852 0.781771 0.427778 0.782813 0.427778 0.783333 0.428704 0.783854 0.428704 0.784375 0.429630 0.791146 0.429630 0.791667 0.428704 0.792708 0.428704 0.793750 0.426852 0.794271 0.426852 0.795312 0.425000 0.795312 0.424074 0.795833 0.423148 0.795833 0.419444 0.795312 0.418519 0.795312 0.417593 0.794792 0.416667 0.794792 0.415741 0.794271 0.415741 0.792708 0.412963 0.791667 0.412963 0.791146 0.412037 0.790104 0.412037 0.789583 0.411111 0.788021 0.411111 0.787500 0.410185 0.784375 0.410185 0.783854 0.411111 0.782292 0.411111 0.781771 0.412037 0.780729 0.412037 0.780208 0.412963 0.779687 0.412963 0.779167 0.413889 0.779167 0.414815 0.778646 0.415741
0 0.731771 0.828704 0.731250 0.829630 0.730729 0.829630 0.729688 0.831481 0.729167 0.831481 0.728646 0.832407 0.728125 0.832407 0.725000 0.837963 0.725000 0.838889 0.723958 0.840741 0.723958 0.843519 0.723437 0.844444 0.723437 0.850926 0.723958 0.851852 0.723958 0.853704 0.724479 0.854630 0.724479 0.855556 0.727604 0.861111 0.728125 0.861111 0.728646 0.862037 0.729167 0.862037 0.729688 0.862963 0.730729 0.862963 0.731250 0.863889 0.738021 0.863889 0.738542 0.862963 0.739583 0.862963 0.740104 0.862037 0.741146 0.862037 0.741667 0.861111 0.742188 0.861111 0.742708 0.860185 0.743229 0.860185 0.743229 0.859259 0.743750 0.858333 0.744271 0.858333 0.744792 0.857407 0.745313 0.857407 0.745313 0.856481 0.746875 0.853704 0.746875 0.852778 0.747396 0.851852 0.747396 0.850926 0.747917 0.850000 0.747917 0.849074 0.748437 0.848148 0.748437 0.839815 0.747917 0.838889 0.747917 0.837037 0.746875 0.835185 0.746875 0.834259 0.746354 0.833333 0.745833 0.833333 0.744271 0.830556 0.743750 0.830556 0.743229 0.829630 0.742708 0.829630 0.742188 0.828704 0.741146 0.828704 0.740625 0.827778 0.733854 0.827778 0.733333 0.828704
0 0.113542 0.750926 0.113542 0.752778 0.113021 0.753704 0.113021 0.761111 0.113542 0.762037 0.113542 0.762963 0.114062 0.763889 0.114062 0.764815 0.115104 0.766667 0.115625 0.766667 0.117188 0.769444 0.117708 0.769444 0.118229 0.770370 0.118750 0.770370 0.119271 0.771296 0.120313 0.771296 0.120833 0.772222 0.128125 0.772222 0.128646 0.771296 0.129688 0.771296 0.130208 0.770370 0.130729 0.770370 0.131250 0.769444 0.132292 0.769444 0.132292 0.768519 0.133333 0.766667 0.133854 0.766667 0.134375 0.765741 0.134375 0.764815 0.134896 0.763889 0.134896 0.762963 0.135417 0.762037 0.135417 0.761111 0.135937 0.760185 0.135937 0.755556 0.135417 0.754630 0.135417 0.752778 0.134375 0.750926 0.134375 0.750000 0.132812 0.747222 0.132292 0.747222 0.131250 0.745370 0.130729 0.745370 0.130208 0.744444 0.129688 0.744444 0.129167 0.743519 0.128125 0.743519 0.127604 0.742593 0.120833 0.742593 0.120313 0.743519 0.119271 0.743519 0.118750 0.744444 0.118229 0.744444 0.117708 0.745370 0.117188 0.745370 0.116667 0.746296 0.116146 0.746296
0 0.176563 0.978704 0.176563 0.985185 0.177604 0.987037 0.177604 0.987963 0.178646 0.989815 0.179167 0.989815 0.179688 0.990741 0.180208 0.990741 0.180729 0.991667 0.181250 0.991667 0.181771 0.992593 0.182812 0.992593 0.183333 0.993519 0.189062 0.993519 0.189583 0.992593 0.191667 0.992593 0.192188 0.991667 0.192708 0.991667 0.193229 0.990741 0.193750 0.990741 0.194792 0.988889 0.195312 0.988889 0.198437 0.983333 0.198437 0.975926 0.197917 0.975000 0.197917 0.974074 0.196354 0.971296 0.195833 0.971296 0.194792 0.969444 0.193750 0.969444 0.193229 0.968519 0.192188 0.968519 0.191667 0.967593 0.185417 0.967593 0.184896 0.968519 0.183333 0.968519 0.182812 0.969444 0.182292 0.969444 0.181771 0.970370 0.181250 0.970370 0.180729 0.971296 0.180208 0.971296 0.177083 0.976852 0.177083 0.977778
0 0.638021 0.201852 0.636979 0.201852 0.636458 0.200926 0.634896 0.200926 0.634375 0.200000 0.630729 0.200000 0.630208 0.200926 0.628646 0.200926 0.628125 0.201852 0.627083 0.201852 0.626563 0.202778 0.626042 0.202778 0.625000 0.204630 0.624479 0.204630 0.623437 0.206481 0.622917 0.206481 0.621875 0.208333 0.621875 0.209259 0.620833 0.211111 0.620833 0.212037 0.620313 0.212963 0.620313 0.213889 0.619792 0.214815 0.619792 0.218519 0.619271 0.219444 0.619271 0.221296 0.619792 0.222222 0.619792 0.225926 0.620313 0.226852 0.620313 0.227778 0.620833 0.228704 0.620833 0.229630 0.623437 0.234259 0.623958 0.234259 0.624479 0.235185 0.625521 0.235185 0.626563 0.237037 0.629167 0.237037 0.629687 0.237963 0.631250 0.237963 0.631771 0.237037 0.634375 0.237037 0.634896 0.236111 0.635417 0.236111 0.635938 0.235185 0.636979 0.235185 0.637500 0.234259 0.638021 0.234259 0.638021 0.233333 0.638542 0.232407 0.639062 0.232407 0.639583 0.231481 0.640104 0.231481 0.640625 0.230556 0.640625 0.229630 0.642188 0.226852 0.642188 0.225926 0.642708 0.225000 0.642708 0.224074 0.643229 0.223148 0.643229 0.220370 0.643750 0.219444 0.643750 0.214815 0.643229 0.213889 0.643229 0.211111 0.642708 0.210185 0.642708 0.209259 0.641667 0.207407 0.641667 0.206481 0.641146 0.205556 0.640625 0.205556 0.639583 0.203704 0.639062 0.203704
0 0.264062 0.886111 0.263542 0.887037 0.263021 0.887037 0.262500 0.887963 0.261458 0.887963 0.260417 0.889815 0.259896 0.889815 0.258854 0.891667 0.258333 0.891667 0.257812 0.892593 0.257812 0.893519 0.256771 0.895370 0.256771 0.896296 0.255729 0.898148 0.255729 0.900000 0.255208 0.900926 0.255208 0.908333 0.255729 0.909259 0.255729 0.910185 0.256771 0.912037 0.256771 0.912963 0.258854 0.916667 0.259896 0.916667 0.260417 0.917593 0.260937 0.917593 0.261458 0.918519 0.268229 0.918519 0.268750 0.917593 0.269792 0.917593 0.270313 0.916667 0.270833 0.916667 0.271354 0.915741 0.271875 0.915741 0.272917 0.913889 0.273438 0.913889 0.275521 0.910185 0.275521 0.909259 0.276042 0.908333 0.276042 0.907407 0.276562 0.906481 0.276562 0.905556 0.277083 0.904630 0.277083 0.896296 0.276562 0.895370 0.276562 0.894444 0.274479 0.890741 0.274479 0.889815 0.273958 0.888889 0.273438 0.888889 0.272917 0.887963 0.272396 0.887963 0.271875 0.887037 0.270833 0.887037 0.270313 0.886111
0 0.860938 0.531481 0.858854 0.535185 0.858854 0.536111 0.857292 0.538889 0.857292 0.541667 0.856771 0.542593 0.856771 0.549074 0.857292 0.550000 0.857292 0.551852 0.857812 0.552778 0.857812 0.553704 0.858854 0.555556 0.858854 0.556481 0.860938 0.560185 0.861458 0.560185 0.862500 0.562037 0.863021 0.562037 0.863542 0.562963 0.864583 0.562963 0.865104 0.563889 0.866667 0.563889 0.867188 0.564815 0.869792 0.564815 0.870313 0.563889 0.872396 0.563889 0.872917 0.562963 0.873958 0.562963 0.875000 0.561111 0.875521 0.561111 0.878125 0.556481 0.878125 0.555556 0.878646 0.554630 0.878646 0.553704 0.879167 0.552778 0.879167 0.550926 0.879687 0.550000 0.879687 0.544444 0.879167 0.543519 0.879167 0.541667 0.878646 0.540741 0.878646 0.538889 0.877604 0.537037 0.877604 0.536111 0.877083 0.536111 0.876042 0.534259 0.876042 0.533333 0.875521 0.532407 0.875000 0.532407 0.873958 0.530556 0.872917 0.530556 0.872396 0.529630 0.871354 0.529630 0.870833 0.528704 0.864583 0.528704 0.864062 0.529630 0.863021 0.529630 0.862500 0.530556 0.861979 0.530556 0.861458 0.531481
0 0.593750 0.889815 0.591146 0.894444 0.591146 0.895370 0.590625 0.896296 0.590625 0.898148 0.590104 0.899074 0.590104 0.904630 0.590625 0.905556 0.590625 0.907407 0.591146 0.908333 0.591146 0.909259 0.592187 0.911111 0.592187 0.912037 0.593750 0.914815 0.594271 0.914815 0.595313 0.916667 0.595833 0.916667 0.596354 0.917593 0.596875 0.917593 0.597396 0.918519 0.599479 0.918519 0.600000 0.919444 0.603646 0.919444 0.604167 0.918519 0.605729 0.918519 0.606250 0.917593 0.606771 0.917593 0.607292 0.916667 0.607812 0.916667 0.608854 0.914815 0.609375 0.914815 0.610938 0.912037 0.610938 0.911111 0.611979 0.909259 0.611979 0.907407 0.612500 0.906481 0.612500 0.900000 0.611979 0.899074 0.611979 0.897222 0.611458 0.896296 0.611458 0.895370 0.607812 0.888889 0.607292 0.888889 0.606771 0.887963 0.605729 0.887963 0.605208 0.887037 0.604167 0.887037 0.603646 0.886111 0.597917 0.886111 0.597396 0.887037 0.596354 0.887037 0.595833 0.887963 0.595313 0.887963 0.594271 0.889815
0 0.686979 0.100926 0.686979 0.102778 0.686458 0.103704 0.686458 0.104630 0.685937 0.105556 0.685937 0.111111 0.686458 0.112037 0.686458 0.113889 0.686979 0.114815 0.686979 0.115741 0.689583 0.120370 0.690104 0.120370 0.690625 0.121296 0.691146 0.121296 0.692187 0.123148 0.693229 0.123148 0.693750 0.124074 0.695312 0.124074 0.695833 0.125000 0.701042 0.125000 0.701562 0.124074 0.703125 0.124074 0.703646 0.123148 0.704688 0.123148 0.705208 0.122222 0.705729 0.122222 0.706771 0.120370 0.707292 0.120370 0.707292 0.119444 0.707812 0.118519 0.708333 0.118519 0.709375 0.116667 0.709375 0.115741 0.709896 0.114815 0.709896 0.112963 0.710417 0.112037 0.710417 0.106481 0.709896 0.105556 0.709896 0.103704 0.709375 0.102778 0.709375 0.101852 0.706250 0.096296 0.705729 0.096296 0.705208 0.095370 0.704688 0.095370 0.704167 0.094444 0.703125 0.094444 0.702604 0.093519 0.701042 0.093519 0.700521 0.092593 0.695312 0.092593 0.694792 0.093519 0.693229 0.093519 0.692708 0.094444 0.692187 0.094444 0.691667 0.095370 0.691146 0.095370 0.690625 0.096296 0.690104 0.096296 0.688021 0.100000 0.687500 0.100000
0 0.628646 0.816667 0.627083 0.819444 0.627083 0.820370 0.626563 0.821296 0.626563 0.823148 0.626042 0.824074 0.626042 0.825926 0.625521 0.826852 0.625521 0.830556 0.626042 0.831481 0.626042 0.834259 0.626563 0.835185 0.626563 0.837037 0.627083 0.837963 0.627083 0.838889 0.628125 0.840741 0.628125 0.841667 0.630208 0.845370 0.630729 0.845370 0.631771 0.847222 0.632292 0.847222 0.632812 0.848148 0.633333 0.848148 0.633854 0.849074 0.634375 0.849074 0.634896 0.850000 0.635938 0.850000 0.636458 0.850926 0.641146 0.850926 0.641667 0.850000 0.642708 0.850000 0.643229 0.849074 0.643750 0.849074 0.644271 0.848148 0.644792 0.848148 0.647396 0.843519 0.647396 0.841667 0.647917 0.840741 0.647917 0.837037 0.648438 0.836111 0.648438 0.835185 0.647917 0.834259 0.647917 0.829630 0.647396 0.828704 0.647396 0.827778 0.646875 0.826852 0.646875 0.825926 0.646354 0.825000 0.646354 0.824074 0.645833 0.824074 0.645312 0.823148 0.645312 0.822222 0.642708 0.817593 0.642188 0.817593 0.641667 0.816667 0.641146 0.816667 0.640625 0.815741 0.640104 0.815741 0.639583 0.814815 0.638542 0.814815 0.638021 0.813889 0.631771 0.813889 0.631250 0.814815 0.630729 0.814815 0.630208 0.815741 0.629687 0.815741 0.629167 0.816667
0 0.227083 0.659259 0.226042 0.659259 0.225521 0.658333 0.224479 0.658333 0.223958 0.657407 0.220833 0.657407 0.220312 0.658333 0.218750 0.658333 0.218229 0.659259 0.217188 0.659259 0.216146 0.661111 0.215104 0.661111 0.213542 0.663889 0.213542 0.664815 0.213021 0.665741 0.212500 0.665741 0.211979 0.666667 0.211979 0.667593 0.211458 0.668519 0.211458 0.670370 0.210938 0.671296 0.210938 0.672222 0.210417 0.673148 0.210417 0.681481 0.210938 0.682407 0.210938 0.683333 0.211458 0.684259 0.211458 0.685185 0.212500 0.687037 0.212500 0.687963 0.213542 0.689815 0.214062 0.689815 0.215104 0.691667 0.216146 0.691667 0.216667 0.692593 0.217708 0.692593 0.218229 0.693519 0.221875 0.693519 0.222396 0.692593 0.223958 0.692593 0.224479 0.691667 0.225521 0.691667 0.226562 0.689815 0.227083 0.689815 0.228125 0.687963 0.228646 0.687963 0.229167 0.687037 0.229167 0.686111 0.229687 0.685185 0.230208 0.685185 0.230208 0.684259 0.231250 0.682407 0.231250 0.680556 0.231771 0.679630 0.231771 0.677778 0.232292 0.676852 0.232292 0.671296 0.231771 0.670370 0.231771 0.668519 0.231250 0.667593 0.231250 0.665741 0.230208 0.663889 0.230208 0.662963 0.229687 0.662037 0.229167 0.662037 0.228125 0.660185 0.227604 0.660185
0 0.588542 0.386111 0.588021 0.387037 0.586979 0.387037 0.586458 0.387963 0.585417 0.387963 0.584896 0.388889 0.584375 0.388889 0.583333 0.390741 0.582812 0.390741 0.580208 0.395370 0.580208 0.396296 0.579688 0.397222 0.579688 0.398148 0.579167 0.399074 0.579167 0.400000 0.578646 0.400926 0.578646 0.411111 0.579167 0.412037 0.579167 0.412963 0.579688 0.413889 0.579688 0.414815 0.580729 0.416667 0.580729 0.417593 0.581250 0.418519 0.581771 0.418519 0.582812 0.420370 0.583333 0.420370 0.584375 0.422222 0.584896 0.422222 0.585417 0.423148 0.586979 0.423148 0.587500 0.424074 0.592187 0.424074 0.592708 0.423148 0.593750 0.423148 0.594271 0.422222 0.594792 0.422222 0.595313 0.421296 0.595833 0.421296 0.596354 0.420370 0.596875 0.420370 0.597396 0.419444 0.597917 0.419444 0.600000 0.415741 0.600000 0.414815 0.601042 0.412963 0.601042 0.412037 0.601562 0.411111 0.601562 0.410185 0.602083 0.409259 0.602083 0.405556 0.602604 0.404630 0.602604 0.402778 0.602083 0.401852 0.602083 0.398148 0.601562 0.397222 0.601562 0.396296 0.601042 0.395370 0.601042 0.394444 0.597917 0.388889 0.596875 0.388889 0.596354 0.387963 0.595833 0.387963 0.595313 0.387037 0.594271 0.387037 0.593750 0.386111
0 0.948958 0.814815 0.948958 0.819444 0.949479 0.820370 0.949479 0.821296 0.952083 0.825926 0.952604 0.825926 0.953125 0.826852 0.953646 0.826852 0.954167 0.827778 0.955729 0.827778 0.956250 0.828704 0.960938 0.828704 0.961458 0.827778 0.962500 0.827778 0.963021 0.826852 0.963542 0.826852 0.964583 0.825000 0.965104 0.825000 0.966667 0.822222 0.966667 0.820370 0.967187 0.819444 0.967187 0.816667 0.966667 0.815741 0.966667 0.814815 0.966146 0.813889 0.966146 0.812963 0.963542 0.808333 0.962500 0.808333 0.961979 0.807407 0.960938 0.807407 0.960417 0.806481 0.955208 0.806481 0.954688 0.807407 0.953125 0.807407 0.952083 0.809259 0.951042 0.809259 0.950521 0.810185 0.950521 0.811111 0.949479 0.812963 0.949479 0.813889
0 0.174479 0.166667 0.174479 0.167593 0.173958 0.168519 0.173958 0.169444 0.173437 0.170370 0.173437 0.178704 0.173958 0.179630 0.173958 0.180556 0.175000 0.182407 0.175000 0.183333 0.176042 0.185185 0.176042 0.186111 0.176563 0.186111 0.178125 0.188889 0.178646 0.188889 0.179167 0.189815 0.179688 0.189815 0.180208 0.190741 0.180729 0.190741 0.181250 0.191667 0.182812 0.191667 0.183333 0.192593 0.189062 0.192593 0.189583 0.191667 0.190625 0.191667 0.191146 0.190741 0.191667 0.190741 0.192188 0.189815 0.193229 0.189815 0.195833 0.185185 0.195833 0.184259 0.196354 0.183333 0.196354 0.182407 0.196875 0.181481 0.196875 0.172222 0.196354 0.171296 0.196354 0.170370 0.195833 0.169444 0.195833 0.168519 0.192708 0.162963 0.192188 0.162963 0.191146 0.161111 0.190625 0.161111 0.190104 0.160185 0.189062 0.160185 0.188542 0.159259 0.186979 0.159259 0.186458 0.158333 0.181771 0.158333 0.181250 0.159259 0.180208 0.159259 0.179688 0.160185 0.178646 0.160185 0.177604 0.162037 0.177083 0.162037
0 0.118229 0.188889 0.117708 0.189815 0.116146 0.189815 0.115625 0.190741 0.114583 0.190741 0.114062 0.191667 0.113542 0.191667 0.113021 0.192593 0.112500 0.192593 0.110937 0.195370 0.110937 0.196296 0.110417 0.197222 0.109896 0.197222 0.109896 0.198148 0.108854 0.200000 0.108854 0.201852 0.108333 0.202778 0.108333 0.204630 0.107813 0.205556 0.107813 0.212037 0.108333 0.212963 0.108333 0.214815 0.108854 0.215741 0.108854 0.217593 0.109896 0.219444 0.109896 0.220370 0.111979 0.224074 0.112500 0.224074 0.113542 0.225926 0.114583 0.225926 0.115104 0.226852 0.116146 0.226852 0.116667 0.227778 0.120833 0.227778 0.121354 0.226852 0.122396 0.226852 0.122917 0.225926 0.123438 0.225926 0.123958 0.225000 0.125000 0.225000 0.125000 0.224074 0.125521 0.223148 0.126042 0.223148 0.128646 0.218519 0.128646 0.217593 0.129167 0.216667 0.129167 0.215741 0.129688 0.214815 0.129688 0.212037 0.130208 0.211111 0.130208 0.205556 0.129688 0.204630 0.129688 0.201852 0.129167 0.200926 0.129167 0.200000 0.128646 0.199074 0.128646 0.198148 0.127083 0.195370 0.127083 0.194444 0.126562 0.193519 0.126042 0.193519 0.125000 0.191667 0.124479 0.191667 0.123958 0.190741 0.123438 0.190741 0.122917 0.189815 0.120833 0.189815 0.120313 0.188889
0 0.618229 0.970370 0.617708 0.971296 0.617708 0.972222 0.617188 0.973148 0.617188 0.974074 0.616146 0.975926 0.616146 0.978704 0.615625 0.979630 0.615625 0.984259 0.616146 0.985185 0.616146 0.987037 0.616667 0.987963 0.616667 0.988889 0.617188 0.989815 0.617188 0.990741 0.619792 0.995370 0.620313 0.995370 0.621354 0.997222 0.621875 0.997222 0.622396 0.998148 0.623437 0.998148 0.623958 0.999074 0.630729 0.999074 0.631250 0.998148 0.632292 0.998148 0.632812 0.997222 0.633333 0.997222 0.634375 0.995370 0.634896 0.995370 0.635417 0.994444 0.635417 0.993519 0.636458 0.991667 0.636458 0.990741 0.636979 0.989815 0.636979 0.988889 0.637500 0.987963 0.637500 0.981481 0.636979 0.980556 0.636979 0.978704 0.636458 0.977778 0.636458 0.975926 0.635417 0.974074 0.635417 0.973148 0.634896 0.973148 0.632292 0.968519 0.631250 0.968519 0.630729 0.967593 0.630208 0.967593 0.629687 0.966667 0.628125 0.966667 0.627604 0.965741 0.623958 0.965741 0.623437 0.966667 0.621875 0.966667 0.621354 0.967593 0.620833 0.967593 0.620313 0.968519 0.619792 0.968519 0.618750 0.970370
0 0.940104 0.653704 0.939583 0.654630 0.939063 0.654630 0.938021 0.656481 0.937500 0.656481 0.936458 0.658333 0.936458 0.659259 0.935937 0.660185 0.935937 0.661111 0.935417 0.662037 0.935417 0.662963 0.934896 0.663889 0.934896 0.673148 0.935417 0.674074 0.935417 0.675926 0.936458 0.677778 0.936458 0.678704 0.939063 0.683333 0.939583 0.683333 0.940104 0.684259 0.941146 0.684259 0.941667 0.685185 0.945833 0.685185 0.946354 0.684259 0.947396 0.684259 0.950521 0.678704 0.950521 0.677778 0.951042 0.676852 0.951042 0.675926 0.951562 0.675000 0.951562 0.666667 0.951042 0.665741 0.951042 0.663889 0.950521 0.662963 0.950521 0.661111 0.947917 0.656481 0.947396 0.656481 0.946354 0.654630 0.945833 0.654630 0.945312 0.653704 0.943229 0.653704 0.942708 0.652778 0.942187 0.653704
0 0.311458 0.075000 0.309896 0.077778 0.309375 0.077778 0.307292 0.081481 0.307292 0.082407 0.306250 0.084259 0.306250 0.085185 0.305729 0.086111 0.305729 0.094444 0.306250 0.095370 0.306250 0.096296 0.306771 0.097222 0.306771 0.098148 0.309375 0.102778 0.309896 0.102778 0.310937 0.104630 0.311979 0.104630 0.312500 0.105556 0.313542 0.105556 0.314063 0.106481 0.316146 0.106481 0.316667 0.107407 0.319792 0.107407 0.320312 0.106481 0.322396 0.106481 0.322917 0.105556 0.323958 0.105556 0.324479 0.104630 0.325000 0.104630 0.325521 0.103704 0.326562 0.103704 0.328646 0.100000 0.329167 0.100000 0.329167 0.099074 0.330208 0.097222 0.330208 0.096296 0.330729 0.095370 0.330729 0.094444 0.331250 0.093519 0.331250 0.085185 0.330729 0.084259 0.330729 0.082407 0.328125 0.077778 0.327604 0.077778 0.327083 0.076852 0.327083 0.075926 0.326562 0.075926 0.326042 0.075000 0.325000 0.075000 0.324479 0.074074 0.323437 0.074074 0.322917 0.073148 0.321354 0.073148 0.320833 0.072222 0.317708 0.072222 0.317188 0.073148 0.314583 0.073148 0.314063 0.074074 0.313021 0.074074 0.312500 0.075000
0 0.105208 0.321296 0.105208 0.324074 0.105729 0.325000 0.105729 0.326852 0.107813 0.330556 0.108333 0.330556 0.108854 0.331481 0.109375 0.331481 0.109896 0.332407 0.111458 0.332407 0.111979 0.333333 0.118229 0.333333 0.118750 0.332407 0.120833 0.332407 0.121354 0.331481 0.121875 0.331481 0.122396 0.330556 0.123438 0.330556 0.126562 0.325000 0.126562 0.324074 0.127083 0.323148 0.127083 0.319444 0.126562 0.318519 0.126562 0.317593 0.125000 0.314815 0.124479 0.314815 0.123438 0.312963 0.122396 0.312963 0.121875 0.312037 0.120833 0.312037 0.120313 0.311111 0.113542 0.311111 0.113021 0.312037 0.111458 0.312037 0.110937 0.312963 0.109896 0.312963 0.108854 0.314815 0.108333 0.314815 0.107813 0.315741 0.107292 0.315741 0.106771 0.316667 0.106771 0.317593 0.105729 0.319444 0.105729 0.320370
0 0.206771 0.853704 0.206771 0.855556 0.206250 0.856481 0.206250 0.863889 0.207292 0.865741 0.207292 0.866667 0.208854 0.869444 0.209375 0.869444 0.209896 0.870370 0.210417 0.870370 0.210938 0.871296 0.211458 0.871296 0.211979 0.872222 0.214583 0.872222 0.215104 0.873148 0.216667 0.873148 0.217188 0.872222 0.219792 0.872222 0.220312 0.871296 0.221875 0.871296 0.222396 0.870370 0.222917 0.870370 0.223958 0.868519 0.224479 0.868519 0.225521 0.866667 0.226042 0.866667 0.227604 0.863889 0.227604 0.862963 0.228646 0.861111 0.228646 0.858333 0.229167 0.857407 0.229167 0.855556 0.228646 0.854630 0.228646 0.851852 0.226562 0.848148 0.226562 0.847222 0.226042 0.846296 0.225000 0.846296 0.223958 0.844444 0.222396 0.844444 0.221875 0.843519 0.215625 0.843519 0.215104 0.844444 0.213542 0.844444 0.212500 0.846296 0.211458 0.846296 0.210938 0.847222 0.210417 0.847222 0.209375 0.849074 0.208854 0.849074 0.208854 0.850000
0 0.296875 0.960185 0.296875 0.961111 0.295833 0.962963 0.295833 0.964815 0.295312 0.965741 0.295312 0.973148 0.295833 0.974074 0.295833 0.975000 0.296354 0.975926 0.296354 0.976852 0.297917 0.979630 0.297917 0.980556 0.298438 0.981481 0.298958 0.981481 0.300000 0.983333 0.300521 0.983333 0.301042 0.984259 0.301563 0.984259 0.302083 0.985185 0.302604 0.985185 0.303125 0.986111 0.304688 0.986111 0.305208 0.987037 0.310937 0.987037 0.311458 0.986111 0.313021 0.986111 0.313542 0.985185 0.314583 0.985185 0.315625 0.983333 0.316146 0.983333 0.318750 0.978704 0.318750 0.977778 0.319271 0.976852 0.319271 0.975000 0.319792 0.974074 0.319792 0.967593 0.319271 0.966667 0.319271 0.965741 0.318750 0.964815 0.318750 0.963889 0.318229 0.962963 0.318229 0.962037 0.317188 0.960185 0.316667 0.960185 0.316146 0.959259 0.316146 0.958333 0.315625 0.958333 0.315104 0.957407 0.314583 0.957407 0.313542 0.955556 0.313021 0.955556 0.312500 0.954630 0.311458 0.954630 0.310937 0.953704 0.307812 0.953704 0.307292 0.952778 0.306771 0.952778 0.306250 0.953704 0.303125 0.953704 0.302604 0.954630 0.301563 0.954630 0.301042 0.955556 0.300000 0.955556 0.298958 0.957407 0.298438 0.957407
0 0.826042 0.405556 0.825521 0.406481 0.824479 0.406481 0.821354 0.412037 0.821354 0.413889 0.820833 0.414815 0.820833 0.422222 0.821354 0.423148 0.821354 0.424074 0.822917 0.426852 0.823438 0.426852 0.823958 0.427778 0.824479 0.427778 0.825000 0.428704 0.828125 0.428704 0.828646 0.427778 0.829688 0.427778 0.831250 0.425000 0.831771 0.425000 0.831771 0.424074 0.833333 0.421296 0.833333 0.419444 0.833854 0.418519 0.833854 0.412963 0.833333 0.412037 0.833333 0.411111 0.832812 0.410185 0.832812 0.409259 0.831250 0.406481 0.830208 0.406481 0.829688 0.405556
0 0.286458 0.229630 0.285938 0.230556 0.284896 0.230556 0.284375 0.231481 0.283854 0.231481 0.282813 0.233333 0.282292 0.233333 0.278646 0.239815 0.278646 0.240741 0.278125 0.241667 0.278125 0.242593 0.277604 0.243519 0.277604 0.245370 0.277083 0.246296 0.277083 0.249074 0.276562 0.250000 0.276562 0.254630 0.277083 0.255556 0.277083 0.258333 0.277604 0.259259 0.277604 0.261111 0.278646 0.262963 0.278646 0.263889 0.279687 0.265741 0.279687 0.266667 0.280208 0.266667 0.280729 0.267593 0.280729 0.268519 0.281250 0.268519 0.281771 0.269444 0.282292 0.269444 0.282813 0.270370 0.283333 0.270370 0.284375 0.272222 0.286458 0.272222 0.286979 0.273148 0.290104 0.273148 0.290625 0.272222 0.292708 0.272222 0.293229 0.271296 0.293750 0.271296 0.294271 0.270370 0.294792 0.270370 0.296354 0.267593 0.296875 0.267593 0.298438 0.264815 0.298438 0.263889 0.298958 0.262963 0.299479 0.262963 0.299479 0.262037 0.300000 0.261111 0.300000 0.260185 0.300521 0.259259 0.300521 0.257407 0.301042 0.256481 0.301042 0.252778 0.301563 0.251852 0.301563 0.249074 0.301042 0.248148 0.301042 0.244444 0.300521 0.243519 0.300521 0.241667 0.300000 0.240741 0.300000 0.239815 0.299479 0.238889 0.299479 0.237963 0.298958 0.237963 0.298438 0.237037 0.298438 0.236111 0.297396 0.234259 0.296875 0.234259 0.295833 0.232407 0.295312 0.232407 0.294271 0.230556 0.293229 0.230556 0.292708 0.229630
0 0.152604 0.672222 0.152604 0.673148 0.152083 0.674074 0.152083 0.675000 0.151562 0.675926 0.151562 0.685185 0.152083 0.686111 0.152083 0.687037 0.152604 0.687963 0.152604 0.688889 0.155208 0.693519 0.155729 0.693519 0.156250 0.694444 0.157292 0.694444 0.157812 0.695370 0.158333 0.695370 0.158854 0.696296 0.165104 0.696296 0.165625 0.695370 0.166667 0.695370 0.167187 0.694444 0.167708 0.694444 0.168229 0.693519 0.168750 0.693519 0.169271 0.692593 0.169792 0.692593 0.171875 0.688889 0.171875 0.687963 0.172917 0.686111 0.172917 0.685185 0.173437 0.684259 0.173437 0.681481 0.173958 0.680556 0.173958 0.678704 0.173437 0.677778 0.173437 0.674074 0.172396 0.672222 0.172396 0.671296 0.171875 0.670370 0.171875 0.669444 0.171354 0.669444 0.169792 0.666667 0.169271 0.666667 0.168229 0.664815 0.166667 0.664815 0.166146 0.663889 0.159375 0.663889 0.158854 0.664815 0.158333 0.664815 0.157812 0.665741 0.156771 0.665741 0.155729 0.667593 0.155208 0.667593
0 0.677083 0.849074 0.675521 0.849074 0.675000 0.848148 0.673438 0.848148 0.672917 0.849074 0.671875 0.849074 0.671354 0.850000 0.670833 0.850000 0.669792 0.851852 0.669271 0.851852 0.667188 0.855556 0.667188 0.857407 0.666667 0.858333 0.666667 0.860185 0.666146 0.861111 0.666146 0.866667 0.666667 0.867593 0.666667 0.869444 0.667188 0.870370 0.667188 0.871296 0.669792 0.875926 0.671354 0.875926 0.671875 0.876852 0.673958 0.876852 0.674479 0.875926 0.675521 0.875926 0.676562 0.874074 0.677083 0.874074 0.679688 0.869444 0.679688 0.868519 0.680208 0.867593 0.680208 0.865741 0.680729 0.864815 0.680729 0.858333 0.680208 0.857407 0.680208 0.854630 0.678646 0.851852 0.678646 0.850926 0.678125 0.850926
0 0.808333 0.477778 0.806771 0.477778 0.806250 0.476852 0.804688 0.476852 0.804167 0.477778 0.802083 0.477778 0.801562 0.478704 0.801042 0.478704 0.800521 0.479630 0.800000 0.479630 0.799479 0.480556 0.798958 0.480556 0.796354 0.485185 0.796354 0.486111 0.795312 0.487963 0.795312 0.488889 0.794792 0.489815 0.794792 0.491667 0.794271 0.492593 0.794271 0.502778 0.794792 0.503704 0.794792 0.504630 0.795312 0.505556 0.795312 0.507407 0.795833 0.508333 0.795833 0.509259 0.796354 0.509259 0.796875 0.510185 0.796875 0.511111 0.797917 0.512963 0.798438 0.512963 0.798958 0.513889 0.799479 0.513889 0.800000 0.514815 0.801042 0.514815 0.801562 0.515741 0.806250 0.515741 0.806771 0.514815 0.807813 0.514815 0.808333 0.513889 0.808854 0.513889 0.809375 0.512963 0.809896 0.512963 0.813021 0.507407 0.813021 0.506481 0.814063 0.504630 0.814063 0.502778 0.814583 0.501852 0.814583 0.500000 0.815104 0.499074 0.815104 0.491667 0.814583 0.490741 0.814583 0.487963 0.813542 0.486111 0.813542 0.485185 0.813021 0.484259 0.813021 0.483333 0.811979 0.481481 0.811458 0.481481 0.810417 0.479630 0.809896 0.479630 0.809375 0.478704 0.808854 0.478704
0 0.667188 0.404630 0.666667 0.404630 0.666146 0.403704 0.665625 0.403704 0.665104 0.402778 0.664583 0.402778 0.664062 0.401852 0.661979 0.401852 0.661458 0.400926 0.658333 0.400926 0.657813 0.401852 0.655729 0.401852 0.655208 0.402778 0.654167 0.402778 0.653646 0.403704 0.653125 0.403704 0.652604 0.404630 0.652083 0.404630 0.651563 0.405556 0.651042 0.405556 0.650521 0.406481 0.650000 0.406481 0.649479 0.407407 0.649479 0.408333 0.648438 0.410185 0.647917 0.410185 0.647917 0.411111 0.646354 0.413889 0.646354 0.414815 0.645833 0.415741 0.645833 0.416667 0.645312 0.417593 0.645312 0.426852 0.645833 0.427778 0.645833 0.428704 0.646354 0.429630 0.646354 0.430556 0.647396 0.432407 0.647396 0.433333 0.648438 0.435185 0.648958 0.435185 0.649479 0.436111 0.650000 0.436111 0.650521 0.437037 0.651042 0.437037 0.651563 0.437963 0.653125 0.437963 0.653646 0.438889 0.658333 0.438889 0.658854 0.437963 0.660937 0.437963 0.661458 0.437037 0.662500 0.437037 0.663021 0.436111 0.663542 0.436111 0.664062 0.435185 0.664583 0.435185 0.666667 0.431481 0.667188 0.431481 0.667188 0.430556 0.667708 0.429630 0.668229 0.429630 0.668750 0.428704 0.668750 0.427778 0.669271 0.426852 0.669271 0.425926 0.669792 0.425000 0.669792 0.424074 0.670312 0.423148 0.670312 0.421296 0.670833 0.420370 0.670833 0.413889 0.670312 0.412963 0.670312 0.412037 0.669792 0.411111 0.669792 0.409259 0.669271 0.408333 0.668750 0.408333 0.668229 0.407407 0.668229 0.406481
0 0.278125 0.849074 0.277083 0.849074 0.276562 0.848148 0.273438 0.848148 0.272917 0.849074 0.271875 0.849074 0.271354 0.850000 0.270833 0.850000 0.269792 0.851852 0.269271 0.851852 0.267708 0.854630 0.267708 0.855556 0.266146 0.858333 0.266146 0.859259 0.265625 0.860185 0.265625 0.861111 0.265104 0.862037 0.265104 0.862963 0.264583 0.863889 0.264583 0.866667 0.264062 0.867593 0.264062 0.874074 0.264583 0.875000 0.264583 0.877778 0.265625 0.879630 0.265625 0.880556 0.267708 0.884259 0.268750 0.884259 0.269271 0.885185 0.273958 0.885185 0.274479 0.884259 0.275521 0.884259 0.276042 0.883333 0.276562 0.883333 0.280729 0.875926 0.280729 0.875000 0.281250 0.874074 0.281250 0.872222 0.281771 0.871296 0.281771 0.870370 0.282292 0.869444 0.282292 0.865741 0.282813 0.864815 0.282813 0.860185 0.282292 0.859259 0.282292 0.856481 0.281771 0.855556 0.281771 0.854630 0.279687 0.850926 0.279167 0.850926
0 0.039583 0.430556 0.039062 0.430556 0.038542 0.429630 0.038021 0.429630 0.037500 0.428704 0.036979 0.428704 0.036458 0.427778 0.035937 0.427778 0.035417 0.426852 0.032813 0.426852 0.032292 0.425926 0.031250 0.425926 0.030729 0.426852 0.028125 0.426852 0.027604 0.427778 0.026562 0.427778 0.026042 0.428704 0.025521 0.428704 0.023958 0.431481 0.023438 0.431481 0.021354 0.435185 0.021354 0.437037 0.020833 0.437963 0.020833 0.440741 0.020313 0.441667 0.020313 0.442593 0.020833 0.443519 0.020833 0.446296 0.021354 0.447222 0.021354 0.448148 0.022917 0.450926 0.022917 0.451852 0.023438 0.452778 0.024479 0.452778 0.025521 0.454630 0.026562 0.454630 0.027083 0.455556 0.028646 0.455556 0.029167 0.456481 0.032292 0.456481 0.032813 0.455556 0.034375 0.455556 0.034896 0.454630 0.035937 0.454630 0.036458 0.453704 0.036979 0.453704 0.037500 0.452778 0.038021 0.452778 0.039062 0.450926 0.039583 0.450926 0.039583 0.450000 0.041146 0.447222 0.041146 0.446296 0.041667 0.445370 0.041667 0.442593 0.042188 0.441667 0.042188 0.438889 0.041667 0.437963 0.041667 0.436111 0.041146 0.435185 0.041146 0.434259 0.039583 0.431481
0 0.464583 0.919444 0.463021 0.922222 0.463021 0.923148 0.461979 0.925000 0.461979 0.926852 0.461458 0.927778 0.461458 0.935185 0.461979 0.936111 0.461979 0.937037 0.462500 0.937963 0.462500 0.938889 0.463021 0.939815 0.463021 0.940741 0.463542 0.941667 0.464062 0.941667 0.465625 0.944444 0.466146 0.944444 0.466667 0.945370 0.467187 0.945370 0.467708 0.946296 0.468750 0.946296 0.469271 0.947222 0.471354 0.947222 0.471875 0.948148 0.475000 0.948148 0.475521 0.947222 0.477604 0.947222 0.478125 0.946296 0.478646 0.946296 0.479167 0.945370 0.479687 0.945370 0.480208 0.944444 0.480729 0.944444 0.481771 0.942593 0.482292 0.942593 0.483333 0.940741 0.483333 0.939815 0.484375 0.937963 0.484375 0.936111 0.484896 0.935185 0.484896 0.927778 0.484375 0.926852 0.484375 0.925926 0.483854 0.925000 0.483854 0.924074 0.483333 0.924074 0.482812 0.923148 0.482812 0.922222 0.481250 0.919444 0.480729 0.919444 0.480208 0.918519 0.479687 0.918519 0.478646 0.916667 0.477083 0.916667 0.476562 0.915741 0.473958 0.915741 0.473438 0.914815 0.472396 0.914815 0.471875 0.915741 0.468750 0.915741 0.468229 0.916667 0.467708 0.916667 0.467187 0.917593 0.466667 0.917593 0.466146 0.918519 0.465625 0.918519 0.465104 0.919444
0 0.207292 0.479630 0.206771 0.480556 0.206250 0.480556 0.205729 0.481481 0.205208 0.481481 0.204167 0.483333 0.203646 0.483333 0.202083 0.486111 0.202083 0.487037 0.201042 0.488889 0.201042 0.489815 0.200521 0.490741 0.200521 0.492593 0.200000 0.493519 0.200000 0.499074 0.200521 0.500000 0.200521 0.501852 0.201042 0.502778 0.201042 0.503704 0.201563 0.504630 0.201563 0.505556 0.202083 0.505556 0.204167 0.509259 0.204687 0.509259 0.205208 0.510185 0.206250 0.510185 0.206771 0.511111 0.212500 0.511111 0.213021 0.510185 0.214583 0.510185 0.215625 0.508333 0.216146 0.508333 0.217188 0.506481 0.217708 0.506481 0.220312 0.501852 0.220312 0.500926 0.220833 0.500000 0.220833 0.499074 0.221354 0.498148 0.221354 0.488889 0.220833 0.487963 0.220833 0.486111 0.218750 0.482407 0.218229 0.482407 0.217188 0.480556 0.216667 0.480556 0.216146 0.479630 0.215625 0.479630 0.215104 0.478704 0.208854 0.478704 0.208333 0.479630
0 0.932813 0.675000 0.931250 0.675000 0.930729 0.674074 0.927604 0.674074 0.927083 0.675000 0.925521 0.675000 0.925000 0.675926 0.923958 0.675926 0.923438 0.676852 0.922917 0.676852 0.921875 0.678704 0.921354 0.678704 0.919792 0.681481 0.919792 0.682407 0.918229 0.685185 0.918229 0.687963 0.917708 0.688889 0.917708 0.690741 0.917188 0.691667 0.917188 0.693519 0.917708 0.694444 0.917708 0.698148 0.918229 0.699074 0.918229 0.700000 0.918750 0.700926 0.918750 0.701852 0.920312 0.704630 0.920833 0.704630 0.922396 0.707407 0.923958 0.707407 0.924479 0.708333 0.929688 0.708333 0.930208 0.707407 0.930729 0.707407 0.931250 0.706481 0.932292 0.706481 0.932813 0.705556 0.933333 0.705556 0.934375 0.703704 0.934896 0.703704 0.934896 0.702778 0.935417 0.701852 0.935937 0.701852 0.936458 0.700926 0.936458 0.700000 0.937500 0.698148 0.937500 0.697222 0.938021 0.696296 0.938021 0.694444 0.938542 0.693519 0.938542 0.686111 0.938021 0.685185 0.938021 0.683333 0.936979 0.681481 0.936979 0.680556 0.935417 0.677778 0.934896 0.677778 0.933854 0.675926 0.933333 0.675926
0 0.988542 0.660185 0.988021 0.661111 0.986458 0.661111 0.985417 0.662963 0.984896 0.662963 0.984375 0.663889 0.983854 0.663889 0.982292 0.666667 0.982292 0.667593 0.980729 0.670370 0.980729 0.671296 0.980208 0.672222 0.980208 0.674074 0.979688 0.675000 0.979688 0.681481 0.980208 0.682407 0.980208 0.684259 0.981250 0.686111 0.981250 0.687037 0.982812 0.689815 0.983333 0.689815 0.984375 0.691667 0.985417 0.691667 0.985938 0.692593 0.987500 0.692593 0.988021 0.693519 0.991667 0.693519 0.992188 0.692593 0.993750 0.692593 0.994271 0.691667 0.995313 0.691667 0.995833 0.690741 0.996354 0.690741 0.997917 0.687963 0.998437 0.687963 0.998437 0.687037 0.998958 0.686111 0.999479 0.686111 0.999479 0.665741 0.998437 0.663889 0.997917 0.663889 0.996875 0.662037 0.996354 0.662037 0.995833 0.661111 0.994792 0.661111 0.994271 0.660185
0 0.206250 0.361111 0.205729 0.361111 0.204687 0.359259 0.204167 0.359259 0.203646 0.358333 0.202083 0.358333 0.201563 0.357407 0.197917 0.357407 0.197396 0.358333 0.195312 0.358333 0.194792 0.359259 0.194271 0.359259 0.193750 0.360185 0.193229 0.360185 0.192708 0.361111 0.192188 0.361111 0.189062 0.366667 0.189062 0.367593 0.188542 0.368519 0.188542 0.369444 0.188021 0.370370 0.188021 0.377778 0.189062 0.379630 0.189062 0.380556 0.190104 0.382407 0.190104 0.383333 0.191146 0.383333 0.192188 0.385185 0.192708 0.385185 0.193229 0.386111 0.194271 0.386111 0.194792 0.387037 0.200000 0.387037 0.200521 0.386111 0.202083 0.386111 0.203125 0.384259 0.204167 0.384259 0.205208 0.382407 0.205729 0.382407 0.205729 0.381481 0.206250 0.380556 0.206771 0.380556 0.207292 0.379630 0.207292 0.378704 0.207813 0.377778 0.207813 0.376852 0.208854 0.375000 0.208854 0.366667 0.207813 0.364815 0.207813 0.363889
0 0.958333 0.743519 0.956250 0.743519 0.955729 0.744444 0.954688 0.744444 0.954167 0.745370 0.953646 0.745370 0.951042 0.750000 0.951042 0.750926 0.950521 0.751852 0.950521 0.752778 0.950000 0.753704 0.950000 0.755556 0.949479 0.756481 0.949479 0.765741 0.950000 0.766667 0.950000 0.768519 0.950521 0.769444 0.950521 0.770370 0.953125 0.775000 0.953646 0.775000 0.954167 0.775926 0.955729 0.775926 0.956250 0.776852 0.957292 0.776852 0.957812 0.775926 0.959375 0.775926 0.959896 0.775000 0.960417 0.775000 0.963021 0.770370 0.963021 0.769444 0.964063 0.767593 0.964063 0.765741 0.964583 0.764815 0.964583 0.753704 0.964063 0.752778 0.964063 0.751852 0.963542 0.750926 0.963542 0.750000 0.960417 0.744444 0.958854 0.744444
0 0.954688 0.839815 0.954688 0.843519 0.955208 0.844444 0.955208 0.845370 0.957292 0.849074 0.957812 0.849074 0.958333 0.850000 0.959896 0.850000 0.960417 0.850926 0.966146 0.850926 0.966667 0.850000 0.967187 0.850000 0.967708 0.849074 0.968750 0.849074 0.970313 0.846296 0.970313 0.845370 0.970833 0.844444 0.970833 0.838889 0.970313 0.838889 0.969792 0.837963 0.969792 0.837037 0.969271 0.836111 0.968750 0.836111 0.967708 0.834259 0.967187 0.834259 0.966667 0.833333 0.964583 0.833333 0.964063 0.832407 0.960938 0.832407 0.960417 0.833333 0.958854 0.833333 0.958333 0.834259 0.957812 0.834259 0.957292 0.835185 0.956771 0.835185 0.955208 0.837963 0.955208 0.838889
0 0.161458 0.852778 0.159896 0.852778 0.159375 0.851852 0.156771 0.851852 0.156250 0.852778 0.155208 0.852778 0.154688 0.853704 0.153646 0.853704 0.153125 0.854630 0.152604 0.854630 0.151562 0.856481 0.151042 0.856481 0.150000 0.858333 0.150000 0.859259 0.148958 0.861111 0.148958 0.862037 0.147917 0.863889 0.147917 0.864815 0.147396 0.865741 0.147396 0.867593 0.146875 0.868519 0.146875 0.878704 0.147396 0.879630 0.147396 0.881481 0.147917 0.882407 0.147917 0.883333 0.149479 0.886111 0.150000 0.886111 0.151042 0.887963 0.151562 0.887963 0.152083 0.888889 0.153646 0.888889 0.154167 0.889815 0.155729 0.889815 0.156250 0.888889 0.158333 0.888889 0.158854 0.887963 0.159375 0.887963 0.159896 0.887037 0.160417 0.887037 0.161979 0.884259 0.162500 0.884259 0.163021 0.883333 0.163021 0.882407 0.164583 0.879630 0.164583 0.878704 0.165625 0.876852 0.165625 0.875000 0.166146 0.874074 0.166146 0.870370 0.166667 0.869444 0.166667 0.866667 0.166146 0.865741 0.166146 0.862037 0.165625 0.861111 0.165625 0.860185 0.165104 0.859259 0.165104 0.858333 0.163542 0.855556 0.163021 0.855556
0 0.985417 0.263889 0.981250 0.263889 0.980729 0.264815 0.980208 0.264815 0.979167 0.266667 0.978646 0.266667 0.978646 0.267593 0.977604 0.269444 0.977604 0.271296 0.977083 0.272222 0.977083 0.273148 0.976562 0.274074 0.976562 0.281481 0.977083 0.282407 0.977083 0.283333 0.977604 0.284259 0.977604 0.286111 0.979688 0.289815 0.980208 0.289815 0.980729 0.290741 0.981771 0.290741 0.982292 0.291667 0.983333 0.291667 0.983854 0.290741 0.985417 0.290741 0.988542 0.285185 0.988542 0.284259 0.989062 0.283333 0.989062 0.280556 0.989583 0.279630 0.989583 0.275000 0.989062 0.274074 0.989062 0.271296 0.988021 0.269444 0.988021 0.268519 0.986458 0.265741 0.986458 0.264815 0.985938 0.264815
0 0.838542 0.145370 0.832812 0.145370 0.832292 0.146296 0.831250 0.146296 0.830729 0.147222 0.830208 0.147222 0.829688 0.148148 0.829167 0.148148 0.826042 0.153704 0.826042 0.154630 0.825000 0.156481 0.825000 0.157407 0.824479 0.158333 0.824479 0.159259 0.823958 0.160185 0.823958 0.162037 0.823438 0.162963 0.823438 0.174074 0.823958 0.175000 0.823958 0.176852 0.825000 0.178704 0.825000 0.179630 0.826562 0.182407 0.827083 0.182407 0.828125 0.184259 0.828646 0.184259 0.829167 0.185185 0.830208 0.185185 0.830729 0.186111 0.834896 0.186111 0.835417 0.185185 0.836458 0.185185 0.836979 0.184259 0.837500 0.184259 0.838021 0.183333 0.838542 0.183333 0.840625 0.179630 0.841146 0.179630 0.841667 0.178704 0.841667 0.177778 0.843229 0.175000 0.843229 0.174074 0.843750 0.173148 0.843750 0.171296 0.844271 0.170370 0.844271 0.168519 0.844792 0.167593 0.844792 0.158333 0.844271 0.157407 0.844271 0.155556 0.843750 0.154630 0.843750 0.152778 0.840625 0.147222 0.840104 0.147222 0.839583 0.146296 0.839063 0.146296
0 0.079167 0.961111 0.079167 0.965741 0.079687 0.966667 0.079687 0.967593 0.083333 0.974074 0.084375 0.974074 0.084896 0.975000 0.085938 0.975000 0.086458 0.975926 0.089583 0.975926 0.090104 0.976852 0.091146 0.976852 0.091667 0.975926 0.094271 0.975926 0.094792 0.975000 0.095833 0.975000 0.096354 0.974074 0.097396 0.974074 0.098958 0.971296 0.099479 0.971296 0.100521 0.969444 0.100521 0.968519 0.101042 0.967593 0.101042 0.964815 0.101562 0.963889 0.101042 0.962963 0.101042 0.960185 0.100521 0.959259 0.100521 0.958333 0.098958 0.955556 0.098437 0.955556 0.097396 0.953704 0.096875 0.953704 0.096354 0.952778 0.095312 0.952778 0.094792 0.951852 0.093750 0.951852 0.093229 0.950926 0.086979 0.950926 0.086458 0.951852 0.085417 0.951852 0.084896 0.952778 0.083854 0.952778 0.083333 0.953704 0.082812 0.953704 0.081771 0.955556 0.081250 0.955556 0.080208 0.957407 0.080208 0.958333 0.079687 0.959259 0.079687 0.960185
0 0.150000 0.771296 0.147917 0.775000 0.147917 0.775926 0.146354 0.778704 0.146354 0.781481 0.145833 0.782407 0.145833 0.785185 0.146354 0.786111 0.146354 0.788889 0.147396 0.790741 0.147396 0.791667 0.148438 0.793519 0.148958 0.793519 0.150000 0.795370 0.150521 0.795370 0.151042 0.796296 0.152083 0.796296 0.152604 0.797222 0.157292 0.797222 0.157812 0.796296 0.159375 0.796296 0.160417 0.794444 0.161458 0.794444 0.161979 0.793519 0.161979 0.792593 0.163021 0.790741 0.163542 0.790741 0.164062 0.789815 0.164062 0.788889 0.164583 0.787963 0.164583 0.787037 0.165104 0.786111 0.165104 0.784259 0.165625 0.783333 0.165625 0.779630 0.165104 0.778704 0.165104 0.777778 0.164583 0.776852 0.164583 0.775000 0.161979 0.770370 0.161458 0.770370 0.160938 0.769444 0.160417 0.769444 0.159896 0.768519 0.153646 0.768519 0.153125 0.769444 0.152083 0.769444 0.151562 0.770370 0.151042 0.770370 0.150521 0.771296
0 0.113542 0.400000 0.112500 0.400000 0.111979 0.399074 0.110937 0.399074 0.110417 0.398148 0.105729 0.398148 0.105208 0.399074 0.103646 0.399074 0.103125 0.400000 0.102604 0.400000 0.102083 0.400926 0.101562 0.400926 0.101042 0.401852 0.100521 0.401852 0.097917 0.406481 0.097917 0.407407 0.096875 0.409259 0.096875 0.410185 0.096354 0.411111 0.096354 0.418519 0.096875 0.419444 0.096875 0.420370 0.099479 0.425000 0.100521 0.425000 0.101042 0.425926 0.101562 0.425926 0.102083 0.426852 0.107813 0.426852 0.108333 0.425926 0.109375 0.425926 0.109896 0.425000 0.110417 0.425000 0.110937 0.424074 0.111458 0.424074 0.112500 0.422222 0.113021 0.422222 0.115625 0.417593 0.115625 0.416667 0.116146 0.415741 0.116146 0.414815 0.116667 0.413889 0.116667 0.406481 0.116146 0.405556 0.116146 0.404630
0 0.826562 0.618519 0.826562 0.624074 0.827083 0.625000 0.827083 0.625926 0.829167 0.629630 0.829688 0.629630 0.830208 0.630556 0.830729 0.630556 0.831250 0.631481 0.832292 0.631481 0.832812 0.632407 0.835417 0.632407 0.835938 0.633333 0.838542 0.633333 0.839063 0.632407 0.841667 0.632407 0.842187 0.631481 0.843229 0.631481 0.843750 0.630556 0.844271 0.630556 0.844792 0.629630 0.845313 0.629630 0.845833 0.628704 0.846354 0.628704 0.848437 0.625000 0.848437 0.623148 0.848958 0.622222 0.848958 0.619444 0.848437 0.618519 0.848437 0.617593 0.847917 0.616667 0.847917 0.615741 0.846875 0.613889 0.846354 0.613889 0.845313 0.612037 0.844271 0.612037 0.843750 0.611111 0.843229 0.611111 0.842708 0.610185 0.840625 0.610185 0.840104 0.609259 0.836458 0.609259 0.835938 0.610185 0.833333 0.610185 0.832812 0.611111 0.831771 0.611111 0.831250 0.612037 0.830729 0.612037 0.829688 0.613889 0.829167 0.613889 0.828646 0.614815 0.828125 0.614815 0.827604 0.615741 0.827604 0.616667
0 0.971354 0.242593 0.970833 0.243519 0.969792 0.243519 0.969271 0.244444 0.968750 0.244444 0.968229 0.245370 0.967708 0.245370 0.964583 0.250926 0.964583 0.252778 0.964063 0.253704 0.964063 0.261111 0.964583 0.262037 0.964583 0.262963 0.967708 0.268519 0.968229 0.268519 0.968750 0.269444 0.969792 0.269444 0.970313 0.270370 0.974479 0.270370 0.975000 0.269444 0.976042 0.269444 0.976562 0.268519 0.977604 0.268519 0.979167 0.265741 0.979688 0.265741 0.981250 0.262963 0.981250 0.262037 0.981771 0.261111 0.981771 0.259259 0.982292 0.258333 0.982292 0.252778 0.981771 0.251852 0.981771 0.250926 0.981250 0.250000 0.981250 0.249074 0.978646 0.244444 0.977604 0.244444 0.977083 0.243519 0.976042 0.243519 0.975521 0.242593
0 0.287500 0.120370 0.288021 0.121296 0.288021 0.122222 0.289583 0.125000 0.290104 0.125000 0.290625 0.125926 0.291146 0.125926 0.291667 0.126852 0.292187 0.126852 0.292708 0.127778 0.294271 0.127778 0.294792 0.128704 0.297917 0.128704 0.298438 0.129630 0.301042 0.129630 0.301563 0.128704 0.305729 0.128704 0.306250 0.127778 0.307292 0.127778 0.307812 0.126852 0.308854 0.126852 0.309375 0.125926 0.310417 0.125926 0.310937 0.125000 0.311458 0.125000 0.311979 0.124074 0.312500 0.124074 0.313021 0.123148 0.313542 0.123148 0.315104 0.120370 0.315104 0.119444 0.316146 0.117593 0.316146 0.112037 0.313542 0.107407 0.312500 0.107407 0.311979 0.106481 0.311458 0.106481 0.310937 0.105556 0.308854 0.105556 0.308333 0.104630 0.298438 0.104630 0.297917 0.105556 0.296354 0.105556 0.295833 0.106481 0.294792 0.106481 0.294271 0.107407 0.293750 0.107407 0.293229 0.108333 0.292187 0.108333 0.291667 0.109259 0.291146 0.109259 0.290104 0.111111 0.289583 0.111111 0.289583 0.112037 0.288021 0.114815 0.288021 0.115741 0.287500 0.116667
0 0.222917 0.987963 0.222917 0.993519 0.223958 0.995370 0.223958 0.996296 0.224479 0.997222 0.225000 0.997222 0.226042 0.999074 0.234896 0.999074 0.235417 0.998148 0.235937 0.998148 0.236979 0.996296 0.237500 0.996296 0.237500 0.995370 0.238021 0.994444 0.238021 0.993519 0.238542 0.992593 0.238542 0.988889 0.238021 0.987963 0.238021 0.987037 0.236458 0.984259 0.236458 0.983333 0.235937 0.983333 0.235417 0.982407 0.234375 0.982407 0.233854 0.981481 0.232813 0.981481 0.232292 0.980556 0.228646 0.980556 0.228125 0.981481 0.226562 0.981481 0.225521 0.983333 0.225000 0.983333 0.223438 0.986111 0.223438 0.987037
0 0.216667 0.506481 0.214583 0.506481 0.214062 0.505556 0.213542 0.506481 0.211458 0.506481 0.210938 0.507407 0.210417 0.507407 0.209896 0.508333 0.209375 0.508333 0.208333 0.510185 0.207813 0.510185 0.207813 0.511111 0.206250 0.513889 0.206250 0.514815 0.205208 0.516667 0.205208 0.517593 0.204687 0.518519 0.204687 0.519444 0.204167 0.520370 0.204167 0.521296 0.203646 0.522222 0.203646 0.525926 0.203125 0.526852 0.203125 0.532407 0.203646 0.533333 0.203646 0.536111 0.204167 0.537037 0.204167 0.538889 0.204687 0.539815 0.204687 0.540741 0.206250 0.543519 0.206771 0.543519 0.207813 0.545370 0.208333 0.545370 0.208854 0.546296 0.213021 0.546296 0.213542 0.545370 0.214062 0.545370 0.214583 0.544444 0.215625 0.544444 0.219271 0.537963 0.219271 0.537037 0.220312 0.535185 0.220312 0.533333 0.220833 0.532407 0.220833 0.531481 0.221354 0.530556 0.221354 0.527778 0.221875 0.526852 0.221875 0.518519 0.221354 0.517593 0.221354 0.515741 0.220833 0.514815 0.220833 0.512963 0.219271 0.510185 0.219271 0.509259 0.218750 0.509259 0.217708 0.507407 0.217188 0.507407
0 0.696354 0.004630 0.695833 0.005556 0.694271 0.005556 0.693750 0.006481 0.692708 0.006481 0.691667 0.008333 0.691146 0.008333 0.690104 0.010185 0.689583 0.010185 0.688021 0.012963 0.688021 0.013889 0.687500 0.014815 0.687500 0.015741 0.686979 0.016667 0.686979 0.018519 0.686458 0.019444 0.686458 0.025000 0.686979 0.025926 0.686979 0.027778 0.687500 0.028704 0.687500 0.029630 0.688021 0.030556 0.688021 0.031481 0.688542 0.031481 0.689063 0.032407 0.689063 0.033333 0.690104 0.035185 0.690625 0.035185 0.691667 0.037037 0.692708 0.037037 0.693229 0.037963 0.694271 0.037963 0.694792 0.038889 0.699479 0.038889 0.700000 0.037963 0.701562 0.037963 0.702083 0.037037 0.702604 0.037037 0.703125 0.036111 0.703646 0.036111 0.704167 0.035185 0.704688 0.035185 0.707292 0.030556 0.707292 0.029630 0.707812 0.028704 0.707812 0.027778 0.708333 0.026852 0.708333 0.023148 0.708854 0.022222 0.708854 0.020370 0.708333 0.019444 0.708333 0.017593 0.707812 0.016667 0.707812 0.014815 0.707292 0.013889 0.707292 0.012963 0.705729 0.010185 0.705208 0.010185 0.704688 0.009259 0.704688 0.008333 0.704167 0.008333 0.703646 0.007407 0.703125 0.007407 0.702604 0.006481 0.702083 0.006481 0.701562 0.005556 0.699479 0.005556 0.698958 0.004630
0 0.429167 0.739815 0.429167 0.740741 0.428646 0.741667 0.428646 0.745370 0.429167 0.746296 0.429167 0.748148 0.430208 0.750000 0.430208 0.750926 0.430729 0.750926 0.432292 0.753704 0.433333 0.753704 0.433854 0.754630 0.435417 0.754630 0.435937 0.755556 0.437500 0.755556 0.438021 0.754630 0.439063 0.754630 0.439583 0.753704 0.440625 0.753704 0.442188 0.750926 0.442188 0.750000 0.442708 0.749074 0.442708 0.742593 0.442188 0.741667 0.442188 0.740741 0.439583 0.736111 0.439063 0.736111 0.438542 0.735185 0.436979 0.735185 0.436458 0.734259 0.433333 0.734259 0.432812 0.735185 0.432292 0.735185 0.431771 0.736111 0.431250 0.736111
0 0.029687 0.350926 0.028646 0.350926 0.028125 0.350000 0.027083 0.350000 0.026562 0.349074 0.023958 0.349074 0.023438 0.350000 0.021875 0.350000 0.021354 0.350926 0.020833 0.350926 0.020313 0.351852 0.019792 0.351852 0.019271 0.352778 0.018750 0.352778 0.018229 0.353704 0.017708 0.353704 0.017708 0.354630 0.015104 0.359259 0.015104 0.361111 0.014583 0.362037 0.014583 0.362963 0.014063 0.363889 0.014063 0.370370 0.014583 0.371296 0.014583 0.373148 0.018229 0.379630 0.019792 0.379630 0.020313 0.380556 0.023958 0.380556 0.024479 0.379630 0.025521 0.379630 0.026042 0.378704 0.027083 0.378704 0.027604 0.377778 0.028125 0.377778 0.029687 0.375000 0.030208 0.375000 0.030729 0.374074 0.030729 0.373148 0.031771 0.371296 0.031771 0.370370 0.032292 0.369444 0.032292 0.368519 0.032813 0.367593 0.032813 0.364815 0.033333 0.363889 0.033333 0.361111 0.032813 0.360185 0.032813 0.358333 0.032292 0.357407 0.032292 0.355556
0 0.882812 0.051852 0.882292 0.051852 0.881771 0.050926 0.880208 0.050926 0.879687 0.050000 0.877083 0.050000 0.876563 0.050926 0.875521 0.050926 0.875000 0.051852 0.873958 0.051852 0.872396 0.054630 0.871875 0.054630 0.870833 0.056481 0.870833 0.058333 0.870313 0.059259 0.870313 0.060185 0.869792 0.061111 0.869792 0.066667 0.870313 0.067593 0.870313 0.069444 0.870833 0.070370 0.870833 0.071296 0.871354 0.071296 0.873437 0.075000 0.873958 0.075000 0.874479 0.075926 0.879687 0.075926 0.880208 0.075000 0.880729 0.075000 0.881250 0.074074 0.882292 0.074074 0.884375 0.070370 0.884375 0.069444 0.885417 0.067593 0.885417 0.065741 0.885938 0.064815 0.885938 0.059259 0.885417 0.058333 0.885417 0.057407 0.884896 0.056481 0.884896 0.055556
0 0.372917 0.447222 0.371875 0.447222 0.371354 0.446296 0.370833 0.446296 0.370312 0.445370 0.365625 0.445370 0.365104 0.446296 0.364063 0.446296 0.363542 0.447222 0.363021 0.447222 0.362500 0.448148 0.361458 0.448148 0.359896 0.450926 0.359375 0.450926 0.356771 0.455556 0.356771 0.456481 0.355729 0.458333 0.355729 0.460185 0.355208 0.461111 0.355208 0.462963 0.354687 0.463889 0.354687 0.473148 0.355208 0.474074 0.355208 0.475000 0.355729 0.475926 0.355729 0.476852 0.356771 0.478704 0.356771 0.479630 0.357292 0.480556 0.357812 0.480556 0.358854 0.482407 0.359896 0.482407 0.360417 0.483333 0.361458 0.483333 0.361979 0.484259 0.365625 0.484259 0.366146 0.483333 0.367188 0.483333 0.367708 0.482407 0.368750 0.482407 0.369271 0.481481 0.369792 0.481481 0.370312 0.480556 0.370833 0.480556 0.371354 0.479630 0.371875 0.479630 0.371875 0.478704 0.372396 0.477778 0.372917 0.477778 0.374479 0.475000 0.374479 0.474074 0.375521 0.472222 0.375521 0.471296 0.376042 0.470370 0.376042 0.469444 0.376563 0.468519 0.376563 0.467593 0.377083 0.466667 0.377083 0.456481 0.376563 0.455556 0.376563 0.453704 0.375521 0.451852 0.375521 0.450926 0.375000 0.450000 0.374479 0.450000
0 0.047396 0.598148 0.046875 0.599074 0.045312 0.599074 0.044792 0.600000 0.043750 0.600000 0.043229 0.600926 0.042708 0.600926 0.042188 0.601852 0.041667 0.601852 0.040104 0.604630 0.040104 0.605556 0.038542 0.608333 0.038542 0.609259 0.038021 0.610185 0.038021 0.611111 0.037500 0.612037 0.037500 0.621296 0.038021 0.622222 0.038021 0.623148 0.038542 0.624074 0.038542 0.625000 0.041667 0.630556 0.042188 0.630556 0.042708 0.631481 0.043229 0.631481 0.043750 0.632407 0.044792 0.632407 0.045312 0.633333 0.051042 0.633333 0.051562 0.632407 0.052604 0.632407 0.053125 0.631481 0.053646 0.631481 0.054167 0.630556 0.054688 0.630556 0.055208 0.629630 0.055729 0.629630 0.056250 0.628704 0.056250 0.627778 0.056771 0.626852 0.057292 0.626852 0.057813 0.625926 0.057813 0.625000 0.058854 0.623148 0.058854 0.622222 0.059375 0.621296 0.059375 0.617593 0.059896 0.616667 0.059896 0.613889 0.059375 0.612963 0.059375 0.610185 0.058854 0.609259 0.058854 0.608333 0.058333 0.607407 0.058333 0.606481 0.055729 0.601852 0.055208 0.601852 0.054688 0.600926 0.054167 0.600926 0.053646 0.600000 0.052604 0.600000 0.052083 0.599074 0.050521 0.599074 0.050000 0.598148
0 0.087500 0.457407 0.086979 0.457407 0.085938 0.455556 0.085417 0.455556 0.084896 0.454630 0.083854 0.454630 0.083333 0.453704 0.081250 0.453704 0.080729 0.452778 0.079687 0.452778 0.079167 0.453704 0.077083 0.453704 0.076563 0.454630 0.075521 0.454630 0.075000 0.455556 0.073958 0.455556 0.072917 0.457407 0.072396 0.457407 0.071354 0.459259 0.071354 0.460185 0.070833 0.461111 0.070312 0.461111 0.069792 0.462037 0.069792 0.463889 0.068750 0.465741 0.068750 0.467593 0.068229 0.468519 0.068229 0.473148 0.068750 0.474074 0.068750 0.476852 0.069271 0.477778 0.069271 0.478704 0.072396 0.484259 0.073438 0.484259 0.073958 0.485185 0.074479 0.485185 0.075000 0.486111 0.081771 0.486111 0.082292 0.485185 0.083333 0.485185 0.083854 0.484259 0.084375 0.484259 0.085417 0.482407 0.085938 0.482407 0.088542 0.477778 0.088542 0.476852 0.089583 0.475000 0.089583 0.473148 0.090104 0.472222 0.090104 0.464815 0.089583 0.463889 0.089583 0.462037 0.089063 0.461111 0.089063 0.460185
0 0.695833 0.456481 0.693750 0.460185 0.693750 0.461111 0.693229 0.462037 0.693229 0.463889 0.692708 0.464815 0.692708 0.467593 0.693229 0.468519 0.693229 0.470370 0.693750 0.471296 0.693750 0.472222 0.694792 0.474074 0.694792 0.475000 0.695312 0.475926 0.695833 0.475926 0.696354 0.476852 0.696875 0.476852 0.697396 0.477778 0.698958 0.477778 0.699479 0.478704 0.701562 0.478704 0.702083 0.477778 0.702604 0.477778 0.703646 0.475926 0.704167 0.475926 0.704688 0.475000 0.704688 0.474074 0.705208 0.473148 0.705208 0.472222 0.705729 0.471296 0.705729 0.469444 0.706250 0.468519 0.706250 0.467593 0.705729 0.466667 0.705729 0.463889 0.705208 0.462963 0.705208 0.462037 0.704167 0.460185 0.704167 0.459259 0.703646 0.458333 0.703125 0.458333 0.702083 0.456481 0.701042 0.456481 0.700521 0.455556 0.697396 0.455556 0.696875 0.456481
0 0.376042 0.226852 0.376042 0.227778 0.376563 0.228704 0.376563 0.229630 0.378125 0.232407 0.378646 0.232407 0.379167 0.233333 0.380208 0.233333 0.380729 0.234259 0.385937 0.234259 0.386458 0.233333 0.387500 0.233333 0.388021 0.232407 0.389062 0.232407 0.390104 0.230556 0.390625 0.230556 0.391146 0.229630 0.391146 0.228704 0.391667 0.227778 0.391667 0.223148 0.390104 0.220370 0.389583 0.220370 0.389062 0.219444 0.387500 0.219444 0.386979 0.218519 0.382292 0.218519 0.381771 0.219444 0.380208 0.219444 0.379688 0.220370 0.379167 0.220370 0.378646 0.221296 0.378125 0.221296 0.378125 0.222222 0.377604 0.223148 0.377083 0.223148 0.377083 0.224074 0.376563 0.225000 0.376563 0.225926
0 0.009896 0.489815 0.006250 0.489815 0.005729 0.490741 0.005208 0.490741 0.002604 0.495370 0.002604 0.497222 0.001563 0.499074 0.001563 0.500926 0.001042 0.501852 0.001042 0.513889 0.001563 0.514815 0.001563 0.516667 0.002604 0.518519 0.002604 0.519444 0.004167 0.522222 0.004687 0.522222 0.005208 0.523148 0.006250 0.523148 0.006771 0.524074 0.007292 0.523148 0.008854 0.523148 0.009375 0.522222 0.009896 0.522222 0.011979 0.518519 0.011979 0.517593 0.012500 0.516667 0.012500 0.515741 0.013021 0.514815 0.013021 0.513889 0.013542 0.512963 0.013542 0.510185 0.014063 0.509259 0.014063 0.500000 0.013542 0.499074 0.013542 0.498148 0.013021 0.497222 0.013021 0.495370 0.011979 0.493519 0.011979 0.492593 0.010937 0.490741 0.010417 0.490741
0 0.505208 0.953704 0.505208 0.954630 0.505729 0.955556 0.505729 0.956481 0.506771 0.958333 0.507292 0.958333 0.507812 0.959259 0.508333 0.959259 0.508854 0.960185 0.509896 0.960185 0.510417 0.961111 0.516146 0.961111 0.516667 0.960185 0.517188 0.960185 0.517708 0.959259 0.518750 0.959259 0.519792 0.957407 0.519792 0.952778 0.518229 0.950000 0.517708 0.950000 0.517188 0.949074 0.516667 0.949074 0.516146 0.948148 0.515104 0.948148 0.514583 0.947222 0.509896 0.947222 0.509375 0.948148 0.508333 0.948148 0.507812 0.949074 0.507292 0.949074 0.505729 0.951852 0.505729 0.952778
0 0.289583 0.850926 0.287500 0.854630 0.287500 0.855556 0.286979 0.856481 0.286979 0.858333 0.286458 0.859259 0.286458 0.866667 0.286979 0.867593 0.286979 0.869444 0.291146 0.876852 0.292187 0.876852 0.292708 0.877778 0.294271 0.877778 0.294792 0.878704 0.295312 0.877778 0.297917 0.877778 0.298438 0.876852 0.298958 0.876852 0.302083 0.871296 0.302083 0.870370 0.302604 0.869444 0.302604 0.860185 0.302083 0.859259 0.302083 0.857407 0.298438 0.850926 0.297917 0.850926 0.297396 0.850000 0.296875 0.850000 0.296354 0.849074 0.292187 0.849074 0.291667 0.850000 0.290625 0.850000 0.290104 0.850926
0 0.992708 0.746296 0.988542 0.746296 0.988021 0.747222 0.986979 0.747222 0.986458 0.748148 0.985417 0.748148 0.984896 0.749074 0.984375 0.749074 0.981250 0.754630 0.981250 0.755556 0.980729 0.756481 0.980729 0.757407 0.980208 0.758333 0.980208 0.764815 0.980729 0.765741 0.980729 0.767593 0.981250 0.768519 0.981250 0.769444 0.982292 0.771296 0.982812 0.771296 0.983333 0.772222 0.983854 0.772222 0.984375 0.773148 0.984896 0.773148 0.985417 0.774074 0.986458 0.774074 0.986979 0.775000 0.990625 0.775000 0.991146 0.774074 0.992708 0.774074 0.993229 0.773148 0.993750 0.773148 0.994271 0.772222 0.994792 0.772222 0.995833 0.770370 0.996354 0.770370 0.997917 0.767593 0.997917 0.766667 0.998437 0.765741 0.998437 0.764815 0.998958 0.763889 0.998958 0.762037 0.999479 0.761111 0.999479 0.757407 0.998958 0.756481 0.998958 0.753704 0.995833 0.748148 0.994792 0.748148 0.994271 0.747222 0.993229 0.747222
0 0.820833 0.932407 0.820312 0.933333 0.819271 0.933333 0.818750 0.934259 0.817708 0.934259 0.817187 0.935185 0.816667 0.935185 0.815104 0.937963 0.814583 0.937963 0.813542 0.939815 0.813542 0.940741 0.811979 0.943519 0.811979 0.944444 0.810937 0.946296 0.810937 0.948148 0.810417 0.949074 0.810417 0.959259 0.810937 0.960185 0.810937 0.962037 0.811979 0.963889 0.811979 0.964815 0.815104 0.970370 0.816146 0.970370 0.816667 0.971296 0.817708 0.971296 0.818229 0.972222 0.823958 0.972222 0.824479 0.971296 0.825521 0.971296 0.826042 0.970370 0.826562 0.970370 0.827083 0.969444 0.827604 0.969444 0.828646 0.967593 0.829167 0.967593 0.832292 0.962037 0.832292 0.961111 0.833333 0.959259 0.833333 0.957407 0.833854 0.956481 0.833854 0.954630 0.834375 0.953704 0.834375 0.947222 0.833854 0.946296 0.833854 0.943519 0.832812 0.941667 0.832812 0.940741 0.831771 0.938889 0.831771 0.937963 0.830729 0.936111 0.830208 0.936111 0.829688 0.935185 0.829167 0.935185 0.828125 0.933333 0.826562 0.933333 0.826042 0.932407
0 0.647396 0.149074 0.646875 0.149074 0.646354 0.148148 0.645833 0.148148 0.645312 0.147222 0.643750 0.147222 0.643229 0.146296 0.638542 0.146296 0.638021 0.147222 0.636458 0.147222 0.635938 0.148148 0.635417 0.148148 0.634375 0.150000 0.633854 0.150000 0.633333 0.150926 0.632812 0.150926 0.629687 0.156481 0.629687 0.157407 0.628646 0.159259 0.628646 0.160185 0.628125 0.161111 0.628125 0.162963 0.627604 0.163889 0.627604 0.174074 0.628125 0.175000 0.628125 0.176852 0.629167 0.178704 0.629167 0.179630 0.630208 0.181481 0.630729 0.181481 0.631771 0.183333 0.632292 0.183333 0.633333 0.185185 0.634896 0.185185 0.635417 0.186111 0.640104 0.186111 0.640625 0.185185 0.642188 0.185185 0.642708 0.184259 0.643229 0.184259 0.643750 0.183333 0.644271 0.183333 0.644792 0.182407 0.645312 0.182407 0.646875 0.179630 0.647396 0.179630 0.648958 0.176852 0.648958 0.175926 0.650000 0.174074 0.650000 0.173148 0.650521 0.172222 0.650521 0.170370 0.651042 0.169444 0.651042 0.166667 0.651563 0.165741 0.651563 0.161111 0.651042 0.160185 0.651042 0.157407 0.650521 0.156481 0.650521 0.155556 0.650000 0.154630 0.650000 0.153704
0 0.367708 0.738889 0.367188 0.739815 0.366146 0.739815 0.365625 0.740741 0.365104 0.740741 0.364583 0.741667 0.364063 0.741667 0.363542 0.742593 0.363542 0.743519 0.361979 0.746296 0.361979 0.747222 0.361458 0.748148 0.361458 0.749074 0.360938 0.750000 0.360938 0.750926 0.360417 0.751852 0.360417 0.754630 0.359896 0.755556 0.359896 0.764815 0.360417 0.765741 0.360417 0.769444 0.360938 0.770370 0.360938 0.772222 0.361458 0.773148 0.361458 0.774074 0.361979 0.775000 0.361979 0.775926 0.363542 0.778704 0.363542 0.779630 0.365104 0.782407 0.365625 0.782407 0.366146 0.783333 0.366146 0.784259 0.367188 0.784259 0.367708 0.785185 0.368229 0.785185 0.368750 0.786111 0.373437 0.786111 0.373958 0.785185 0.374479 0.785185 0.375000 0.784259 0.375521 0.784259 0.376042 0.783333 0.376042 0.782407 0.376563 0.781481 0.377083 0.781481 0.377604 0.780556 0.377604 0.779630 0.378125 0.778704 0.378125 0.777778 0.379167 0.775926 0.379167 0.774074 0.379688 0.773148 0.379688 0.770370 0.380208 0.769444 0.380208 0.762037 0.379688 0.761111 0.379688 0.756481 0.379167 0.755556 0.379167 0.753704 0.378646 0.752778 0.378646 0.751852 0.378125 0.750926 0.378125 0.750000 0.377604 0.749074 0.377604 0.748148 0.377083 0.748148 0.376563 0.747222 0.376563 0.746296 0.373958 0.741667 0.373437 0.741667 0.372917 0.740741 0.372396 0.740741 0.371875 0.739815 0.370833 0.739815 0.370312 0.738889
0 0.406771 0.420370 0.406771 0.434259 0.413542 0.434259 0.413542 0.420370
0 0.407292 0.729630 0.406771 0.729630 0.406250 0.728704 0.401562 0.728704 0.401042 0.729630 0.400521 0.729630 0.399479 0.731481 0.398958 0.731481 0.396875 0.735185 0.396875 0.736111 0.396354 0.737037 0.396354 0.737963 0.395833 0.738889 0.395833 0.746296 0.396354 0.747222 0.396354 0.748148 0.398438 0.751852 0.399479 0.751852 0.400000 0.752778 0.403125 0.752778 0.403646 0.751852 0.404167 0.751852 0.404687 0.750926 0.405729 0.750926 0.406771 0.749074 0.407292 0.749074 0.408333 0.747222 0.408333 0.746296 0.409375 0.744444 0.409375 0.741667 0.409896 0.740741 0.409896 0.736111 0.409375 0.735185 0.409375 0.734259 0.408854 0.733333 0.408854 0.732407
0 0.208854 0.183333 0.208854 0.184259 0.208333 0.185185 0.208333 0.187037 0.207813 0.187963 0.207813 0.192593 0.208333 0.193519 0.208333 0.195370 0.208854 0.196296 0.208854 0.197222 0.209375 0.198148 0.209375 0.199074 0.211458 0.202778 0.211979 0.202778 0.212500 0.203704 0.212500 0.204630 0.213021 0.204630 0.213542 0.205556 0.214583 0.205556 0.215104 0.206481 0.216146 0.206481 0.216667 0.207407 0.218229 0.207407 0.218750 0.208333 0.222917 0.208333 0.223438 0.207407 0.225521 0.207407 0.226042 0.206481 0.226562 0.206481 0.227083 0.205556 0.228125 0.205556 0.228646 0.204630 0.229167 0.204630 0.231771 0.200000 0.231771 0.199074 0.232292 0.198148 0.232292 0.197222 0.232813 0.196296 0.232813 0.193519 0.233333 0.192593 0.233333 0.190741 0.232813 0.189815 0.232813 0.187037 0.232292 0.186111 0.232292 0.185185 0.231771 0.184259 0.231771 0.183333 0.229167 0.178704 0.228646 0.178704 0.227604 0.176852 0.227083 0.176852 0.226562 0.175926 0.225521 0.175926 0.225000 0.175000 0.223958 0.175000 0.223438 0.174074 0.216667 0.174074 0.216146 0.175000 0.214583 0.175000 0.213542 0.176852 0.212500 0.176852 0.211458 0.178704 0.210938 0.178704 0.209896 0.180556 0.209896 0.181481
0 0.143229 0.115741 0.142187 0.113889 0.141667 0.113889 0.140104 0.111111 0.139063 0.111111 0.138542 0.110185 0.135937 0.110185 0.135417 0.109259 0.134896 0.109259 0.134375 0.110185 0.131771 0.110185 0.131250 0.111111 0.130729 0.111111 0.130208 0.112037 0.129167 0.112037 0.128646 0.112963 0.128125 0.112963 0.127083 0.114815 0.126562 0.114815 0.126562 0.115741 0.124479 0.119444 0.124479 0.120370 0.123438 0.122222 0.123438 0.123148 0.122917 0.124074 0.122917 0.127778 0.122396 0.128704 0.122396 0.129630 0.122917 0.130556 0.122917 0.133333 0.123438 0.134259 0.123438 0.135185 0.126562 0.140741 0.127083 0.140741 0.127604 0.141667 0.129688 0.141667 0.130208 0.142593 0.133333 0.142593 0.133854 0.141667 0.135417 0.141667 0.135937 0.140741 0.136979 0.140741 0.137500 0.139815 0.138021 0.139815 0.139063 0.137963 0.139583 0.137963 0.140625 0.136111 0.141146 0.136111 0.141146 0.135185 0.142708 0.132407 0.142708 0.131481 0.143750 0.129630 0.143750 0.127778 0.144271 0.126852 0.144271 0.120370 0.143750 0.119444 0.143750 0.117593 0.143229 0.116667
0 0.506771 0.912037 0.506250 0.912963 0.505208 0.912963 0.504687 0.913889 0.504167 0.913889 0.501563 0.918519 0.501563 0.920370 0.501042 0.921296 0.501042 0.923148 0.500521 0.924074 0.500521 0.929630 0.501042 0.930556 0.501042 0.932407 0.501563 0.933333 0.501563 0.935185 0.502604 0.937037 0.502604 0.937963 0.504687 0.941667 0.505208 0.941667 0.505729 0.942593 0.506250 0.942593 0.506771 0.943519 0.507812 0.943519 0.508333 0.944444 0.511979 0.944444 0.512500 0.943519 0.513542 0.943519 0.516667 0.937963 0.516667 0.936111 0.517188 0.935185 0.517188 0.932407 0.517708 0.931481 0.517708 0.927778 0.517188 0.926852 0.517188 0.924074 0.516667 0.923148 0.516667 0.922222 0.516146 0.921296 0.516146 0.920370 0.515104 0.918519 0.515104 0.917593 0.513542 0.914815 0.513021 0.914815 0.512500 0.913889 0.511979 0.913889 0.511458 0.912963 0.510417 0.912963 0.509896 0.912037
0 0.094792 0.593519 0.092708 0.593519 0.092188 0.592593 0.090104 0.592593 0.089583 0.593519 0.088021 0.593519 0.087500 0.594444 0.086458 0.594444 0.085938 0.595370 0.085417 0.595370 0.084896 0.596296 0.084375 0.596296 0.083333 0.598148 0.082812 0.598148 0.082812 0.599074 0.081250 0.601852 0.080729 0.601852 0.080729 0.602778 0.079687 0.604630 0.079687 0.606481 0.079167 0.607407 0.079167 0.608333 0.078646 0.609259 0.078646 0.617593 0.079167 0.618519 0.079167 0.619444 0.079687 0.620370 0.079687 0.621296 0.082292 0.625926 0.082812 0.625926 0.083333 0.626852 0.083854 0.626852 0.084375 0.627778 0.085938 0.627778 0.086458 0.628704 0.088542 0.628704 0.089063 0.627778 0.091146 0.627778 0.091667 0.626852 0.092708 0.626852 0.093750 0.625000 0.094271 0.625000 0.094792 0.624074 0.095312 0.624074 0.098958 0.617593 0.098958 0.616667 0.099479 0.615741 0.099479 0.613889 0.100000 0.612963 0.100000 0.611111 0.100521 0.610185 0.100521 0.605556 0.100000 0.604630 0.100000 0.602778 0.099479 0.601852 0.099479 0.600000 0.096875 0.595370 0.096354 0.595370 0.095833 0.594444 0.095312 0.594444
0 0.142708 0.262963 0.142708 0.264815 0.143229 0.265741 0.143229 0.266667 0.146354 0.272222 0.146875 0.272222 0.147396 0.273148 0.148438 0.273148 0.148958 0.274074 0.151042 0.274074 0.151562 0.275000 0.156250 0.275000 0.156771 0.274074 0.158854 0.274074 0.159375 0.273148 0.160417 0.273148 0.160938 0.272222 0.161458 0.272222 0.162500 0.270370 0.163021 0.270370 0.165625 0.265741 0.165625 0.264815 0.166146 0.263889 0.166146 0.260185 0.165625 0.259259 0.165625 0.258333 0.163021 0.253704 0.161979 0.253704 0.160938 0.251852 0.159375 0.251852 0.158854 0.250926 0.151042 0.250926 0.150521 0.251852 0.149479 0.251852 0.148958 0.252778 0.147917 0.252778 0.146875 0.254630 0.145833 0.254630 0.143229 0.259259 0.143229 0.262037
0 0.708854 0.345370 0.708854 0.349074 0.708333 0.350000 0.708333 0.350926 0.708854 0.351852 0.708854 0.354630 0.709375 0.355556 0.709375 0.356481 0.710417 0.358333 0.710417 0.359259 0.710938 0.360185 0.711458 0.360185 0.712500 0.362037 0.713021 0.362037 0.714063 0.363889 0.715104 0.363889 0.715625 0.364815 0.716667 0.364815 0.717187 0.365741 0.719792 0.365741 0.720313 0.366667 0.722917 0.366667 0.723437 0.365741 0.725521 0.365741 0.726042 0.364815 0.727083 0.364815 0.727604 0.363889 0.728125 0.363889 0.728646 0.362963 0.729167 0.362963 0.729688 0.362037 0.730208 0.362037 0.730208 0.361111 0.730729 0.360185 0.731250 0.360185 0.732292 0.358333 0.732292 0.357407 0.732812 0.356481 0.732812 0.354630 0.733333 0.353704 0.733333 0.348148 0.732812 0.347222 0.732812 0.345370 0.731250 0.342593 0.731250 0.341667 0.730208 0.339815 0.729688 0.339815 0.729167 0.338889 0.728646 0.338889 0.727604 0.337037 0.726562 0.337037 0.726042 0.336111 0.725000 0.336111 0.724479 0.335185 0.717187 0.335185 0.716667 0.336111 0.715625 0.336111 0.715104 0.337037 0.714063 0.337037 0.713542 0.337963 0.713021 0.337963 0.712500 0.338889 0.711979 0.338889 0.709896 0.342593 0.709896 0.343519
0 0.609375 0.653704 0.605208 0.653704 0.604688 0.654630 0.603646 0.654630 0.603125 0.655556 0.602604 0.655556 0.598958 0.662037 0.598958 0.662963 0.598437 0.663889 0.598437 0.664815 0.597917 0.665741 0.597917 0.666667 0.597396 0.667593 0.597396 0.671296 0.596875 0.672222 0.596875 0.678704 0.597396 0.679630 0.597396 0.681481 0.597917 0.682407 0.597917 0.684259 0.598437 0.685185 0.598437 0.686111 0.601042 0.690741 0.601562 0.690741 0.602083 0.691667 0.602604 0.691667 0.603125 0.692593 0.607292 0.692593 0.607812 0.691667 0.608854 0.691667 0.609375 0.690741 0.609896 0.690741 0.610938 0.688889 0.611458 0.688889 0.613542 0.685185 0.613542 0.684259 0.614062 0.683333 0.614062 0.682407 0.614583 0.681481 0.614583 0.680556 0.615104 0.679630 0.615104 0.677778 0.615625 0.676852 0.615625 0.665741 0.615104 0.664815 0.615104 0.663889 0.614583 0.662963 0.614583 0.661111 0.613021 0.658333 0.613021 0.657407 0.612500 0.656481 0.611979 0.656481 0.611458 0.655556 0.610938 0.655556 0.610417 0.654630 0.609896 0.654630
0 0.646354 0.811111 0.644792 0.813889 0.644271 0.813889 0.642708 0.816667 0.642708 0.817593 0.642188 0.818519 0.642188 0.821296 0.641667 0.822222 0.641667 0.824074 0.642188 0.825000 0.642188 0.827778 0.643750 0.830556 0.643750 0.831481 0.644271 0.831481 0.645312 0.833333 0.646354 0.833333 0.646875 0.834259 0.648438 0.834259 0.648958 0.835185 0.650521 0.835185 0.651042 0.834259 0.653125 0.834259 0.654167 0.832407 0.655208 0.832407 0.657292 0.828704 0.657292 0.827778 0.657813 0.826852 0.657813 0.825926 0.658333 0.825000 0.658333 0.819444 0.657813 0.818519 0.657813 0.817593 0.657292 0.816667 0.657292 0.815741 0.654687 0.811111 0.653646 0.811111 0.653125 0.810185 0.647917 0.810185 0.647396 0.811111
0 0.017708 0.397222 0.017188 0.398148 0.016146 0.398148 0.015625 0.399074 0.015104 0.399074 0.012500 0.403704 0.012500 0.405556 0.011458 0.407407 0.011458 0.416667 0.011979 0.417593 0.011979 0.418519 0.012500 0.419444 0.012500 0.420370 0.015104 0.425000 0.015625 0.425000 0.016146 0.425926 0.017188 0.425926 0.017708 0.426852 0.021354 0.426852 0.021875 0.425926 0.022396 0.425926 0.022917 0.425000 0.023958 0.425000 0.026562 0.420370 0.026562 0.418519 0.027083 0.417593 0.027083 0.415741 0.027604 0.414815 0.027604 0.408333 0.027083 0.407407 0.027083 0.405556 0.026042 0.403704 0.026042 0.402778 0.023958 0.399074 0.022917 0.399074 0.022396 0.398148 0.021875 0.398148 0.021354 0.397222
0 0.957292 0.294444 0.957292 0.295370 0.955208 0.299074 0.955208 0.300926 0.954688 0.301852 0.954688 0.310185 0.955208 0.311111 0.955208 0.312037 0.956771 0.314815 0.956771 0.315741 0.957812 0.317593 0.958333 0.317593 0.959375 0.319444 0.960417 0.319444 0.960938 0.320370 0.961458 0.320370 0.961979 0.321296 0.964063 0.321296 0.964583 0.322222 0.967187 0.322222 0.967708 0.321296 0.969792 0.321296 0.970313 0.320370 0.970833 0.320370 0.971354 0.319444 0.972396 0.319444 0.973958 0.316667 0.974479 0.316667 0.974479 0.315741 0.975521 0.313889 0.975521 0.312963 0.976042 0.312037 0.976042 0.311111 0.976562 0.310185 0.976562 0.302778 0.976042 0.301852 0.976042 0.300926 0.975521 0.300000 0.975521 0.299074 0.972396 0.293519 0.971875 0.293519 0.971354 0.292593 0.970833 0.292593 0.970313 0.291667 0.969271 0.291667 0.968750 0.290741 0.965625 0.290741 0.965104 0.289815 0.964583 0.290741 0.961979 0.290741 0.961458 0.291667 0.960417 0.291667 0.959896 0.292593 0.959375 0.292593 0.958854 0.293519 0.958333 0.293519 0.957812 0.294444
0 0.418229 0.481481 0.417708 0.482407 0.416667 0.482407 0.416146 0.483333 0.415625 0.483333 0.414583 0.485185 0.414062 0.485185 0.410938 0.490741 0.410938 0.491667 0.410417 0.492593 0.410417 0.494444 0.409896 0.495370 0.409896 0.497222 0.409375 0.498148 0.409375 0.507407 0.409896 0.508333 0.409896 0.509259 0.410417 0.510185 0.410417 0.512037 0.411458 0.513889 0.411458 0.514815 0.414062 0.519444 0.414583 0.519444 0.415104 0.520370 0.415104 0.521296 0.416146 0.521296 0.416667 0.522222 0.417187 0.522222 0.417708 0.523148 0.419792 0.523148 0.420312 0.524074 0.422396 0.524074 0.422917 0.523148 0.425000 0.523148 0.425521 0.522222 0.426042 0.522222 0.426563 0.521296 0.427604 0.521296 0.429688 0.517593 0.430208 0.517593 0.430208 0.516667 0.431771 0.513889 0.431771 0.512963 0.432292 0.512037 0.432292 0.511111 0.432812 0.510185 0.432812 0.509259 0.433333 0.508333 0.433333 0.497222 0.432812 0.496296 0.432812 0.494444 0.432292 0.493519 0.432292 0.492593 0.431771 0.491667 0.431771 0.490741 0.430729 0.488889 0.430729 0.487963 0.430208 0.487037 0.429688 0.487037 0.429167 0.486111 0.428646 0.486111 0.428125 0.485185 0.428125 0.484259 0.427604 0.484259 0.427083 0.483333 0.426563 0.483333 0.426042 0.482407 0.425000 0.482407 0.424479 0.481481
0 0.922917 0.025000 0.922917 0.025926 0.922396 0.026852 0.922396 0.028704 0.921875 0.029630 0.921875 0.036111 0.922917 0.037963 0.922917 0.039815 0.924479 0.042593 0.925000 0.042593 0.925521 0.043519 0.926042 0.043519 0.926562 0.044444 0.927083 0.044444 0.927604 0.045370 0.929167 0.045370 0.929688 0.046296 0.933333 0.046296 0.933854 0.045370 0.934896 0.045370 0.935417 0.044444 0.936458 0.044444 0.937500 0.042593 0.938021 0.042593 0.940104 0.038889 0.940104 0.037963 0.940625 0.037037 0.940625 0.036111 0.941146 0.035185 0.941146 0.026852 0.940625 0.025926 0.940625 0.025000 0.938021 0.020370 0.937500 0.020370 0.936458 0.018519 0.935417 0.018519 0.934896 0.017593 0.929167 0.017593 0.928646 0.018519 0.927604 0.018519 0.927083 0.019444 0.926562 0.019444 0.925521 0.021296 0.925000 0.021296
0 0.294271 0.174074 0.293229 0.174074 0.292708 0.173148 0.286458 0.173148 0.285938 0.174074 0.285417 0.174074 0.284896 0.175000 0.283854 0.175000 0.282813 0.176852 0.282292 0.176852 0.278646 0.183333 0.278646 0.184259 0.277604 0.186111 0.277604 0.187963 0.277083 0.188889 0.277083 0.190741 0.276562 0.191667 0.276562 0.196296 0.277083 0.197222 0.277083 0.199074 0.277604 0.200000 0.277604 0.200926 0.278125 0.201852 0.278125 0.202778 0.278646 0.203704 0.279167 0.203704 0.279687 0.204630 0.280208 0.204630 0.280729 0.205556 0.281250 0.205556 0.281771 0.206481 0.287500 0.206481 0.288021 0.205556 0.289062 0.205556 0.289583 0.204630 0.290104 0.204630 0.290625 0.203704 0.291146 0.203704 0.292187 0.201852 0.292708 0.201852 0.292708 0.200926 0.293229 0.200000 0.293750 0.200000 0.295833 0.196296 0.295833 0.195370 0.296354 0.194444 0.296354 0.193519 0.296875 0.192593 0.296875 0.191667 0.297396 0.190741 0.297396 0.187963 0.297917 0.187037 0.297917 0.183333 0.297396 0.182407 0.297396 0.180556 0.296875 0.179630 0.296875 0.178704
0 0.335938 0.765741 0.335938 0.767593 0.335417 0.768519 0.335417 0.775000 0.335938 0.775926 0.335938 0.776852 0.336458 0.777778 0.336458 0.778704 0.337500 0.780556 0.337500 0.781481 0.338021 0.781481 0.339583 0.784259 0.340104 0.784259 0.340625 0.785185 0.341667 0.785185 0.342187 0.786111 0.343229 0.786111 0.343750 0.787037 0.348958 0.787037 0.349479 0.786111 0.351042 0.786111 0.351562 0.785185 0.352083 0.785185 0.352604 0.784259 0.353125 0.784259 0.353646 0.783333 0.354167 0.783333 0.354687 0.782407 0.354687 0.781481 0.356771 0.777778 0.356771 0.775926 0.357292 0.775000 0.357292 0.768519 0.356771 0.767593 0.356771 0.766667 0.356250 0.765741 0.356250 0.764815 0.353646 0.760185 0.353125 0.760185 0.352083 0.758333 0.351562 0.758333 0.351042 0.757407 0.350000 0.757407 0.349479 0.756481 0.343229 0.756481 0.342708 0.757407 0.341667 0.757407 0.341146 0.758333 0.340625 0.758333 0.340104 0.759259 0.339583 0.759259 0.339062 0.760185 0.338542 0.760185 0.337500 0.762037 0.337500 0.762963
0 0.007292 0.294444 0.006771 0.295370 0.006250 0.295370 0.005729 0.296296 0.004687 0.296296 0.001563 0.301852 0.001563 0.302778 0.001042 0.303704 0.001042 0.306481 0.000521 0.307407 0.000521 0.310185 0.001042 0.311111 0.001042 0.313889 0.001563 0.314815 0.001563 0.315741 0.004687 0.321296 0.005729 0.321296 0.006250 0.322222 0.010937 0.322222 0.011458 0.321296 0.012500 0.321296 0.013542 0.319444 0.014583 0.319444 0.015625 0.317593 0.015625 0.316667 0.016146 0.315741 0.016146 0.314815 0.016667 0.313889 0.016667 0.312963 0.017188 0.312037 0.017188 0.304630 0.016667 0.303704 0.016667 0.301852 0.015104 0.299074 0.015104 0.298148 0.014583 0.297222 0.014063 0.297222 0.013542 0.296296 0.013021 0.296296 0.012500 0.295370 0.011458 0.295370 0.010937 0.294444
0 0.613542 0.699074 0.611979 0.699074 0.611458 0.698148 0.606250 0.698148 0.605729 0.699074 0.604688 0.699074 0.603646 0.700926 0.603125 0.700926 0.602604 0.701852 0.602083 0.701852 0.601562 0.702778 0.601042 0.702778 0.598437 0.707407 0.598437 0.708333 0.597396 0.710185 0.597396 0.711111 0.596875 0.712037 0.596875 0.713889 0.596354 0.714815 0.596354 0.725000 0.596875 0.725926 0.596875 0.726852 0.597396 0.727778 0.597396 0.728704 0.597917 0.729630 0.597917 0.730556 0.600000 0.734259 0.600521 0.734259 0.601562 0.736111 0.602083 0.736111 0.602604 0.737037 0.603125 0.737037 0.603646 0.737963 0.606250 0.737963 0.606771 0.738889 0.607292 0.737963 0.610417 0.737963 0.610938 0.737037 0.611979 0.737037 0.612500 0.736111 0.613021 0.736111 0.613542 0.735185 0.614062 0.735185 0.614583 0.734259 0.615104 0.734259 0.618229 0.728704 0.618229 0.727778 0.619271 0.725926 0.619271 0.725000 0.619792 0.724074 0.619792 0.722222 0.620313 0.721296 0.620313 0.712037 0.619792 0.711111 0.619792 0.709259 0.618750 0.707407 0.618750 0.706481 0.617708 0.704630 0.617708 0.703704 0.617188 0.702778 0.616667 0.702778 0.615625 0.700926 0.615104 0.700926 0.614583 0.700000 0.614062 0.700000
0 0.454167 0.328704 0.453646 0.329630 0.452604 0.329630 0.452083 0.330556 0.451562 0.330556 0.450521 0.332407 0.450000 0.332407 0.448958 0.334259 0.448958 0.335185 0.448437 0.336111 0.448437 0.337037 0.447917 0.337963 0.447917 0.338889 0.447396 0.339815 0.447396 0.342593 0.446875 0.343519 0.446875 0.347222 0.447396 0.348148 0.447396 0.350926 0.447917 0.351852 0.447917 0.352778 0.448437 0.353704 0.448437 0.354630 0.450521 0.358333 0.451562 0.358333 0.452604 0.360185 0.457813 0.360185 0.458333 0.359259 0.459375 0.359259 0.459896 0.358333 0.460417 0.358333 0.462500 0.354630 0.462500 0.353704 0.463542 0.351852 0.463542 0.350926 0.464062 0.350000 0.464062 0.348148 0.464583 0.347222 0.464583 0.339815 0.464062 0.338889 0.464062 0.337037 0.463021 0.335185 0.463021 0.334259 0.460938 0.330556 0.459896 0.330556 0.458854 0.328704
0 0.233854 0.799074 0.232813 0.799074 0.232292 0.798148 0.231771 0.798148 0.231250 0.797222 0.225000 0.797222 0.224479 0.798148 0.223438 0.798148 0.222917 0.799074 0.222396 0.799074 0.221875 0.800000 0.221354 0.800000 0.220312 0.801852 0.219792 0.801852 0.218229 0.804630 0.218229 0.805556 0.217188 0.807407 0.217188 0.808333 0.216667 0.809259 0.216667 0.810185 0.216146 0.811111 0.216146 0.814815 0.215625 0.815741 0.215625 0.816667 0.216146 0.817593 0.216146 0.821296 0.216667 0.822222 0.216667 0.823148 0.217708 0.825000 0.217708 0.825926 0.218229 0.825926 0.219792 0.828704 0.220833 0.828704 0.221354 0.829630 0.222917 0.829630 0.223438 0.830556 0.226562 0.830556 0.227083 0.829630 0.228646 0.829630 0.229167 0.828704 0.230208 0.828704 0.230729 0.827778 0.231250 0.827778 0.232292 0.825926 0.232813 0.825926 0.232813 0.825000 0.233333 0.824074 0.233854 0.824074 0.235417 0.821296 0.235417 0.820370 0.235937 0.819444 0.235937 0.818519 0.236458 0.817593 0.236458 0.816667 0.236979 0.815741 0.236979 0.806481 0.236458 0.805556 0.236458 0.804630 0.234375 0.800926 0.234375 0.800000
0 0.965104 0.171296 0.965104 0.175000 0.965625 0.175926 0.965625 0.177778 0.968229 0.182407 0.968750 0.182407 0.969271 0.183333 0.969792 0.183333 0.970313 0.184259 0.971354 0.184259 0.971875 0.185185 0.978646 0.185185 0.979167 0.184259 0.980208 0.184259 0.980729 0.183333 0.981771 0.183333 0.982292 0.182407 0.982812 0.182407 0.984896 0.178704 0.985417 0.178704 0.985417 0.177778 0.985938 0.176852 0.985938 0.175926 0.986458 0.175000 0.986458 0.168519 0.985938 0.167593 0.985938 0.166667 0.983333 0.162037 0.982812 0.162037 0.982292 0.161111 0.981771 0.161111 0.981250 0.160185 0.979688 0.160185 0.979167 0.159259 0.973958 0.159259 0.973437 0.160185 0.972396 0.160185 0.971875 0.161111 0.970313 0.161111 0.968750 0.163889 0.968229 0.163889 0.966146 0.167593 0.966146 0.168519 0.965625 0.169444 0.965625 0.170370
0 0.331771 0.150000 0.331250 0.149074 0.331250 0.148148 0.329688 0.145370 0.329167 0.145370 0.328125 0.143519 0.327604 0.143519 0.327083 0.142593 0.326042 0.142593 0.325521 0.141667 0.322917 0.141667 0.322396 0.140741 0.320312 0.140741 0.319792 0.141667 0.316667 0.141667 0.316146 0.142593 0.314583 0.142593 0.314063 0.143519 0.313021 0.143519 0.312500 0.144444 0.311979 0.144444 0.311458 0.145370 0.310937 0.145370 0.309896 0.147222 0.309375 0.147222 0.308854 0.148148 0.308333 0.148148 0.307292 0.150000 0.306771 0.150000 0.305729 0.151852 0.305729 0.152778 0.305208 0.153704 0.304688 0.153704 0.304688 0.154630 0.304167 0.155556 0.304167 0.156481 0.303646 0.157407 0.303646 0.158333 0.303125 0.159259 0.303125 0.167593 0.304167 0.169444 0.304167 0.170370 0.305208 0.172222 0.305729 0.172222 0.306771 0.174074 0.307292 0.174074 0.307812 0.175000 0.308854 0.175000 0.309375 0.175926 0.310937 0.175926 0.311458 0.176852 0.316146 0.176852 0.316667 0.175926 0.318750 0.175926 0.319271 0.175000 0.320833 0.175000 0.321354 0.174074 0.322396 0.174074 0.322917 0.173148 0.323958 0.173148 0.325000 0.171296 0.325521 0.171296 0.326562 0.169444 0.327083 0.169444 0.330729 0.162963 0.330729 0.162037 0.331771 0.160185 0.331771 0.158333 0.332292 0.157407 0.332292 0.152778 0.331771 0.151852
0 0.321354 0.384259 0.319792 0.384259 0.319271 0.385185 0.317188 0.385185 0.316146 0.387037 0.315625 0.387037 0.313021 0.391667 0.313021 0.392593 0.311979 0.394444 0.311979 0.395370 0.311458 0.396296 0.311458 0.399074 0.310937 0.400000 0.310937 0.409259 0.311458 0.410185 0.311458 0.412963 0.311979 0.413889 0.311979 0.414815 0.313021 0.416667 0.313021 0.417593 0.314583 0.420370 0.315104 0.420370 0.316667 0.423148 0.318229 0.423148 0.318750 0.424074 0.320833 0.424074 0.321354 0.423148 0.322396 0.423148 0.322917 0.422222 0.323958 0.422222 0.325000 0.420370 0.325521 0.420370 0.325521 0.419444 0.327604 0.415741 0.327604 0.414815 0.328125 0.413889 0.328125 0.412963 0.328646 0.412037 0.328646 0.409259 0.329167 0.408333 0.329167 0.399074 0.328646 0.398148 0.328646 0.396296 0.328125 0.395370 0.328125 0.393519 0.327083 0.391667 0.327083 0.390741 0.326562 0.389815 0.326042 0.389815 0.325000 0.387963 0.325000 0.387037 0.324479 0.387037 0.323958 0.386111 0.323437 0.386111 0.322917 0.385185 0.321875 0.385185
0 0.102604 0.649074 0.101562 0.649074 0.101042 0.648148 0.100000 0.648148 0.099479 0.647222 0.094271 0.647222 0.093750 0.648148 0.092708 0.648148 0.092188 0.649074 0.091667 0.649074 0.091146 0.650000 0.090625 0.650000 0.090104 0.650926 0.089583 0.650926 0.086979 0.655556 0.086979 0.656481 0.086458 0.657407 0.086458 0.658333 0.085938 0.659259 0.085938 0.666667 0.086458 0.667593 0.086458 0.668519 0.088542 0.672222 0.089063 0.672222 0.089583 0.673148 0.090625 0.673148 0.091146 0.674074 0.096875 0.674074 0.097396 0.673148 0.098437 0.673148 0.098958 0.672222 0.099479 0.672222 0.100521 0.670370 0.101042 0.670370 0.103125 0.666667 0.103646 0.666667 0.103646 0.665741 0.104167 0.664815 0.104167 0.663889 0.104688 0.662963 0.104688 0.662037 0.105208 0.661111 0.105208 0.655556 0.104688 0.654630 0.104688 0.653704 0.103646 0.651852 0.103646 0.650926
0 0.325000 0.834259 0.324479 0.834259 0.323437 0.832407 0.322917 0.832407 0.322396 0.831481 0.321354 0.831481 0.320833 0.830556 0.315104 0.830556 0.314583 0.831481 0.313542 0.831481 0.313021 0.832407 0.312500 0.832407 0.311979 0.833333 0.311458 0.833333 0.310937 0.834259 0.310417 0.834259 0.310417 0.835185 0.309896 0.836111 0.309375 0.836111 0.307812 0.838889 0.307812 0.839815 0.306771 0.841667 0.306771 0.842593 0.306250 0.843519 0.306250 0.844444 0.305729 0.845370 0.305729 0.847222 0.305208 0.848148 0.305208 0.852778 0.305729 0.853704 0.305729 0.856481 0.306250 0.857407 0.306250 0.858333 0.308854 0.862963 0.309375 0.862963 0.310417 0.864815 0.311458 0.864815 0.311979 0.865741 0.317708 0.865741 0.318229 0.864815 0.319271 0.864815 0.319792 0.863889 0.320833 0.863889 0.321354 0.862963 0.321875 0.862963 0.322917 0.861111 0.323437 0.861111 0.323958 0.860185 0.323958 0.859259 0.324479 0.858333 0.325000 0.858333 0.325521 0.857407 0.325521 0.856481 0.326042 0.855556 0.326042 0.854630 0.327083 0.852778 0.327083 0.850926 0.327604 0.850000 0.327604 0.841667 0.327083 0.840741 0.327083 0.838889 0.326042 0.837037 0.326042 0.836111
0 0.571875 0.845370 0.571354 0.846296 0.569792 0.846296 0.569271 0.847222 0.568229 0.847222 0.567708 0.848148 0.567187 0.848148 0.562500 0.856481 0.562500 0.857407 0.561979 0.858333 0.561979 0.859259 0.561458 0.860185 0.561458 0.862037 0.560937 0.862963 0.560937 0.875000 0.561458 0.875926 0.561458 0.877778 0.562500 0.879630 0.562500 0.880556 0.563021 0.881481 0.563021 0.882407 0.565625 0.887037 0.566146 0.887037 0.566667 0.887963 0.567187 0.887963 0.567708 0.888889 0.568750 0.888889 0.569271 0.889815 0.575521 0.889815 0.576042 0.888889 0.577083 0.888889 0.578125 0.887037 0.578646 0.887037 0.579688 0.885185 0.580208 0.885185 0.582292 0.881481 0.582292 0.880556 0.582812 0.879630 0.582812 0.878704 0.583333 0.877778 0.583333 0.876852 0.583854 0.875926 0.583854 0.875000 0.584375 0.874074 0.584375 0.872222 0.584896 0.871296 0.584896 0.862037 0.584375 0.861111 0.584375 0.859259 0.583854 0.858333 0.583854 0.856481 0.582812 0.854630 0.582812 0.853704 0.580729 0.850000 0.580208 0.850000 0.579688 0.849074 0.579688 0.848148 0.579167 0.848148 0.578646 0.847222 0.577604 0.847222 0.577083 0.846296 0.575521 0.846296 0.575000 0.845370
0 0.702083 0.979630 0.702083 0.980556 0.701562 0.981481 0.701562 0.982407 0.701042 0.983333 0.701042 0.988889 0.701562 0.989815 0.701562 0.991667 0.702083 0.992593 0.702083 0.993519 0.702604 0.994444 0.703125 0.994444 0.704688 0.997222 0.705208 0.997222 0.705729 0.998148 0.706250 0.998148 0.706771 0.999074 0.716146 0.999074 0.716667 0.998148 0.717187 0.998148 0.717708 0.997222 0.718229 0.997222 0.719271 0.995370 0.719792 0.995370 0.721875 0.991667 0.721875 0.990741 0.722396 0.989815 0.722396 0.988889 0.722917 0.987963 0.722917 0.981481 0.721875 0.979630 0.721875 0.977778 0.720833 0.975926 0.720313 0.975926 0.719271 0.974074 0.718750 0.974074 0.718229 0.973148 0.717187 0.973148 0.716667 0.972222 0.715104 0.972222 0.714583 0.971296 0.710417 0.971296 0.709896 0.972222 0.708333 0.972222 0.707812 0.973148 0.706771 0.973148 0.706250 0.974074 0.705729 0.974074 0.704688 0.975926 0.704167 0.975926
0 0.380729 0.638889 0.375000 0.638889 0.374479 0.639815 0.373437 0.639815 0.372396 0.641667 0.371875 0.641667 0.371354 0.642593 0.370833 0.642593 0.367708 0.648148 0.367708 0.649074 0.367188 0.650000 0.367188 0.650926 0.366667 0.651852 0.366667 0.652778 0.366146 0.653704 0.366146 0.654630 0.365625 0.655556 0.365625 0.657407 0.365104 0.658333 0.365104 0.666667 0.365625 0.667593 0.365625 0.670370 0.366667 0.672222 0.366667 0.673148 0.367708 0.675000 0.367708 0.675926 0.368750 0.677778 0.369271 0.677778 0.369792 0.678704 0.370833 0.678704 0.371354 0.679630 0.372396 0.679630 0.372917 0.680556 0.376042 0.680556 0.376563 0.679630 0.377604 0.679630 0.378125 0.678704 0.379167 0.678704 0.379688 0.677778 0.380208 0.677778 0.382292 0.674074 0.382812 0.674074 0.382812 0.673148 0.384896 0.669444 0.384896 0.668519 0.385937 0.666667 0.385937 0.664815 0.386458 0.663889 0.386458 0.662037 0.386979 0.661111 0.386979 0.650926 0.386458 0.650000 0.386458 0.648148 0.385937 0.647222 0.385937 0.646296 0.384375 0.643519 0.384375 0.642593 0.383854 0.641667 0.383333 0.641667 0.382812 0.640741 0.382292 0.640741 0.381771 0.639815 0.381250 0.639815
0 0.537500 0.773148 0.537500 0.775000 0.536979 0.775926 0.536979 0.781481 0.537500 0.782407 0.537500 0.784259 0.538021 0.785185 0.538021 0.786111 0.539583 0.788889 0.539583 0.789815 0.540104 0.789815 0.541146 0.791667 0.541667 0.791667 0.542708 0.793519 0.543750 0.793519 0.544271 0.794444 0.545312 0.794444 0.545833 0.795370 0.552604 0.795370 0.553125 0.794444 0.554167 0.794444 0.554688 0.793519 0.555208 0.793519 0.555729 0.792593 0.556250 0.792593 0.556771 0.791667 0.557292 0.791667 0.557813 0.790741 0.558333 0.790741 0.560417 0.787037 0.560417 0.786111 0.560937 0.785185 0.560937 0.784259 0.561458 0.783333 0.561458 0.782407 0.561979 0.781481 0.561979 0.774074 0.561458 0.773148 0.561458 0.771296 0.559896 0.768519 0.559896 0.767593 0.558854 0.765741 0.558333 0.765741 0.557292 0.763889 0.556771 0.763889 0.556250 0.762963 0.555729 0.762963 0.555208 0.762037 0.553646 0.762037 0.553125 0.761111 0.546875 0.761111 0.546354 0.762037 0.544792 0.762037 0.544271 0.762963 0.543750 0.762963 0.543229 0.763889 0.542188 0.763889 0.540625 0.766667 0.540104 0.766667 0.540104 0.767593 0.538542 0.770370 0.538542 0.771296
0 0.511458 0.284259 0.510417 0.284259 0.509896 0.285185 0.508333 0.285185 0.507812 0.286111 0.507292 0.286111 0.506771 0.287037 0.506250 0.287037 0.504687 0.289815 0.504167 0.289815 0.503646 0.290741 0.503646 0.291667 0.502604 0.293519 0.502604 0.295370 0.501563 0.297222 0.501563 0.300000 0.501042 0.300926 0.501042 0.312037 0.501563 0.312963 0.501563 0.313889 0.502083 0.314815 0.502083 0.315741 0.502604 0.316667 0.502604 0.317593 0.505208 0.322222 0.505729 0.322222 0.506250 0.323148 0.506771 0.323148 0.507292 0.324074 0.511979 0.324074 0.512500 0.323148 0.513021 0.323148 0.513542 0.322222 0.514062 0.322222 0.514583 0.321296 0.515104 0.321296 0.515625 0.320370 0.515625 0.319444 0.517708 0.315741 0.517708 0.314815 0.518229 0.313889 0.518229 0.312963 0.518750 0.312037 0.518750 0.311111 0.519271 0.310185 0.519271 0.306481 0.519792 0.305556 0.519792 0.300926 0.519271 0.300000 0.519271 0.296296 0.518750 0.295370 0.518750 0.294444 0.518229 0.293519 0.518229 0.291667 0.515625 0.287037 0.515104 0.287037 0.514583 0.286111 0.514062 0.286111 0.513542 0.285185 0.511979 0.285185
0 0.846354 0.459259 0.846354 0.466667 0.846875 0.467593 0.846875 0.469444 0.847396 0.470370 0.847396 0.471296 0.850521 0.476852 0.851042 0.476852 0.852083 0.478704 0.853125 0.478704 0.853646 0.479630 0.854688 0.479630 0.855208 0.480556 0.855729 0.480556 0.856250 0.481481 0.861979 0.481481 0.862500 0.480556 0.864062 0.480556 0.864583 0.479630 0.865625 0.479630 0.866667 0.477778 0.867188 0.477778 0.868750 0.475000 0.868750 0.474074 0.869792 0.472222 0.869792 0.470370 0.870313 0.469444 0.870313 0.464815 0.869792 0.463889 0.869792 0.461111 0.868229 0.458333 0.868229 0.457407 0.866146 0.453704 0.865625 0.453704 0.864583 0.451852 0.864062 0.451852 0.863542 0.450926 0.863021 0.450926 0.862500 0.450000 0.861458 0.450000 0.860938 0.449074 0.857812 0.449074 0.857292 0.448148 0.856250 0.448148 0.855729 0.449074 0.853646 0.449074 0.853125 0.450000 0.851562 0.450000 0.850521 0.451852 0.850000 0.451852 0.847396 0.456481 0.847396 0.457407
0 0.273958 0.294444 0.272396 0.294444 0.271875 0.293519 0.269792 0.293519 0.269271 0.294444 0.268229 0.294444 0.267708 0.295370 0.266667 0.295370 0.265104 0.298148 0.264583 0.298148 0.264062 0.299074 0.264062 0.300000 0.262500 0.302778 0.262500 0.304630 0.261979 0.305556 0.261979 0.306481 0.261458 0.307407 0.261458 0.311111 0.260937 0.312037 0.260937 0.314815 0.261458 0.315741 0.261458 0.319444 0.261979 0.320370 0.261979 0.321296 0.263021 0.323148 0.263021 0.324074 0.264062 0.325926 0.264583 0.325926 0.265104 0.326852 0.265625 0.326852 0.266146 0.327778 0.271354 0.327778 0.272396 0.325926 0.273438 0.325926 0.276562 0.320370 0.276562 0.319444 0.277083 0.318519 0.277083 0.317593 0.277604 0.316667 0.277604 0.315741 0.278125 0.314815 0.278125 0.312037 0.278646 0.311111 0.278646 0.305556 0.278125 0.304630 0.278125 0.302778 0.277604 0.301852 0.277604 0.300000 0.275000 0.295370 0.274479 0.295370
0 0.056771 0.791667 0.055729 0.791667 0.055208 0.790741 0.049479 0.790741 0.048958 0.791667 0.047917 0.791667 0.047396 0.792593 0.046354 0.792593 0.045312 0.794444 0.044792 0.794444 0.042708 0.798148 0.042708 0.799074 0.041146 0.801852 0.041146 0.802778 0.040625 0.803704 0.040625 0.805556 0.040104 0.806481 0.040104 0.812037 0.040625 0.812963 0.040625 0.814815 0.041146 0.815741 0.041146 0.816667 0.043750 0.821296 0.044792 0.821296 0.045312 0.822222 0.046354 0.822222 0.046875 0.823148 0.051042 0.823148 0.051562 0.822222 0.053125 0.822222 0.053646 0.821296 0.054167 0.821296 0.054688 0.820370 0.055208 0.820370 0.055729 0.819444 0.056250 0.819444 0.057813 0.816667 0.058333 0.816667 0.058333 0.815741 0.059375 0.813889 0.059375 0.812963 0.060417 0.811111 0.060417 0.810185 0.060937 0.809259 0.060937 0.800000 0.060417 0.799074 0.060417 0.798148 0.059896 0.797222 0.059896 0.796296 0.058854 0.794444 0.058333 0.794444
0 0.308333 0.800000 0.306771 0.802778 0.306771 0.804630 0.306250 0.805556 0.306250 0.806481 0.306771 0.807407 0.306771 0.809259 0.307292 0.810185 0.307292 0.811111 0.308333 0.812963 0.309375 0.812963 0.309896 0.813889 0.310417 0.813889 0.310937 0.814815 0.313021 0.814815 0.313542 0.813889 0.314583 0.813889 0.315625 0.812037 0.315625 0.811111 0.316146 0.810185 0.316146 0.804630 0.313542 0.800000 0.312500 0.800000 0.311979 0.799074 0.309896 0.799074 0.309375 0.800000
0 0.113542 0.454630 0.111979 0.457407 0.111979 0.458333 0.111458 0.459259 0.111458 0.460185 0.110937 0.461111 0.110937 0.463889 0.110417 0.464815 0.110417 0.468519 0.110937 0.469444 0.110937 0.472222 0.111458 0.473148 0.111458 0.474074 0.111979 0.475000 0.111979 0.476852 0.112500 0.477778 0.112500 0.478704 0.115104 0.483333 0.115625 0.483333 0.116667 0.485185 0.117188 0.485185 0.118229 0.487037 0.119271 0.487037 0.119792 0.487963 0.124479 0.487963 0.125000 0.487037 0.125521 0.487037 0.126562 0.485185 0.127083 0.485185 0.128646 0.482407 0.128646 0.481481 0.129167 0.480556 0.129167 0.477778 0.129688 0.476852 0.129688 0.472222 0.129167 0.471296 0.129167 0.468519 0.128646 0.467593 0.128646 0.465741 0.127604 0.463889 0.127604 0.462963 0.126042 0.460185 0.126042 0.459259 0.125521 0.458333 0.125000 0.458333 0.123438 0.455556 0.122917 0.455556 0.122396 0.454630 0.121875 0.454630 0.121354 0.453704 0.120313 0.453704 0.119792 0.452778 0.116667 0.452778 0.116146 0.453704 0.115104 0.453704 0.114583 0.454630
0 0.327604 0.609259 0.326042 0.606481 0.326042 0.605556 0.325521 0.604630 0.324479 0.604630 0.323437 0.602778 0.321354 0.602778 0.320833 0.601852 0.317188 0.601852 0.316667 0.602778 0.315104 0.602778 0.314583 0.603704 0.313542 0.603704 0.313021 0.604630 0.311979 0.604630 0.311458 0.605556 0.310937 0.605556 0.309896 0.607407 0.309375 0.607407 0.308333 0.609259 0.307812 0.609259 0.306771 0.611111 0.306771 0.612037 0.305729 0.613889 0.305729 0.614815 0.305208 0.615741 0.305208 0.617593 0.304688 0.618519 0.304688 0.625000 0.305208 0.625926 0.305208 0.626852 0.305729 0.627778 0.305729 0.628704 0.306250 0.628704 0.307812 0.631481 0.308333 0.631481 0.308854 0.632407 0.310417 0.632407 0.310937 0.633333 0.316146 0.633333 0.316667 0.632407 0.318229 0.632407 0.318750 0.631481 0.319792 0.631481 0.320312 0.630556 0.320833 0.630556 0.321354 0.629630 0.321875 0.629630 0.322917 0.627778 0.323437 0.627778 0.327083 0.621296 0.327083 0.620370 0.327604 0.619444 0.327604 0.617593 0.328125 0.616667 0.328125 0.611111 0.327604 0.610185
0 0.786458 0.845370 0.785937 0.846296 0.785417 0.846296 0.784896 0.847222 0.784375 0.847222 0.782292 0.850926 0.782292 0.851852 0.781250 0.853704 0.781250 0.854630 0.780729 0.855556 0.780729 0.862963 0.781250 0.863889 0.781250 0.864815 0.781771 0.865741 0.781771 0.866667 0.782292 0.867593 0.782292 0.868519 0.783333 0.870370 0.783854 0.870370 0.784896 0.872222 0.785937 0.872222 0.786458 0.873148 0.787500 0.873148 0.788021 0.874074 0.790104 0.874074 0.790625 0.873148 0.792188 0.873148 0.793229 0.871296 0.793750 0.871296 0.795833 0.867593 0.795833 0.866667 0.796354 0.865741 0.796354 0.864815 0.796875 0.863889 0.796875 0.861111 0.797396 0.860185 0.797396 0.858333 0.796875 0.857407 0.796875 0.854630 0.796354 0.853704 0.796354 0.852778 0.795312 0.850926 0.795312 0.850000 0.794792 0.849074 0.794271 0.849074 0.792708 0.846296 0.792188 0.846296 0.791667 0.845370
0 0.850521 0.924074 0.845313 0.924074 0.844792 0.925000 0.843229 0.925000 0.842708 0.925926 0.842187 0.925926 0.841667 0.926852 0.841146 0.926852 0.840625 0.927778 0.840104 0.927778 0.836979 0.933333 0.836979 0.934259 0.836458 0.935185 0.836458 0.936111 0.835938 0.937037 0.835938 0.938889 0.835417 0.939815 0.835417 0.949074 0.835938 0.950000 0.835938 0.950926 0.836458 0.951852 0.836458 0.952778 0.839063 0.957407 0.839583 0.957407 0.840625 0.959259 0.841667 0.959259 0.842187 0.960185 0.843750 0.960185 0.844271 0.961111 0.847917 0.961111 0.848437 0.960185 0.850000 0.960185 0.850521 0.959259 0.851562 0.959259 0.852083 0.958333 0.852604 0.958333 0.853125 0.957407 0.853646 0.957407 0.857292 0.950926 0.857292 0.950000 0.857812 0.949074 0.857812 0.948148 0.858333 0.947222 0.858333 0.945370 0.858854 0.944444 0.858854 0.937963 0.858333 0.937037 0.858333 0.935185 0.857812 0.934259 0.857812 0.933333 0.856250 0.930556 0.856250 0.929630 0.855729 0.928704 0.855208 0.928704 0.854167 0.926852 0.853646 0.926852 0.853125 0.925926 0.852604 0.925926 0.852083 0.925000 0.851042 0.925000
0 0.023438 0.224074 0.020833 0.228704 0.020833 0.229630 0.020313 0.230556 0.020313 0.239815 0.020833 0.240741 0.020833 0.241667 0.021354 0.242593 0.021354 0.243519 0.022917 0.246296 0.023438 0.246296 0.025521 0.250000 0.026042 0.250000 0.026562 0.250926 0.028125 0.250926 0.028646 0.251852 0.032292 0.251852 0.032813 0.250926 0.033854 0.250926 0.034375 0.250000 0.034896 0.250000 0.037500 0.245370 0.037500 0.244444 0.038021 0.243519 0.038021 0.235185 0.037500 0.234259 0.037500 0.232407 0.036458 0.230556 0.036458 0.229630 0.033854 0.225000 0.033333 0.225000 0.032813 0.224074 0.032292 0.224074 0.031771 0.223148 0.030729 0.223148 0.030208 0.222222 0.026042 0.222222 0.025521 0.223148 0.024479 0.223148 0.023958 0.224074
0 0.572917 0.984259 0.572917 0.988889 0.573438 0.989815 0.573438 0.990741 0.573958 0.991667 0.573958 0.992593 0.575521 0.995370 0.576042 0.995370 0.577604 0.998148 0.578646 0.998148 0.579167 0.999074 0.590104 0.999074 0.590625 0.998148 0.591667 0.998148 0.592187 0.997222 0.592708 0.997222 0.593229 0.996296 0.593750 0.996296 0.594792 0.994444 0.595313 0.994444 0.595833 0.993519 0.595833 0.992593 0.596875 0.990741 0.596875 0.989815 0.597917 0.987963 0.597917 0.979630 0.596875 0.977778 0.596875 0.976852 0.594792 0.973148 0.594271 0.973148 0.593750 0.972222 0.593229 0.972222 0.592708 0.971296 0.592187 0.971296 0.591667 0.970370 0.590104 0.970370 0.589583 0.969444 0.583333 0.969444 0.582812 0.970370 0.581250 0.970370 0.580729 0.971296 0.580208 0.971296 0.579688 0.972222 0.579167 0.972222 0.578646 0.973148 0.577604 0.973148 0.574479 0.978704 0.574479 0.979630 0.573438 0.981481 0.573438 0.983333
0 0.651042 0.842593 0.651042 0.849074 0.651563 0.850000 0.651563 0.850926 0.652604 0.852778 0.652604 0.853704 0.654687 0.857407 0.655208 0.857407 0.655729 0.858333 0.656250 0.858333 0.656771 0.859259 0.657813 0.859259 0.658333 0.860185 0.663021 0.860185 0.663542 0.859259 0.664062 0.859259 0.666146 0.855556 0.666146 0.853704 0.666667 0.852778 0.666667 0.849074 0.666146 0.848148 0.666146 0.847222 0.665625 0.846296 0.665625 0.845370 0.662500 0.839815 0.661979 0.839815 0.661458 0.838889 0.660417 0.838889 0.659896 0.837963 0.658333 0.837963 0.657813 0.837037 0.655729 0.837037 0.655208 0.837963 0.654167 0.837963 0.653646 0.838889 0.653125 0.838889
0 0.512500 0.956481 0.511979 0.957407 0.510938 0.957407 0.510417 0.958333 0.509375 0.958333 0.507292 0.962037 0.507292 0.962963 0.506250 0.964815 0.506250 0.965741 0.505729 0.966667 0.505729 0.968519 0.505208 0.969444 0.505208 0.971296 0.504687 0.972222 0.504687 0.982407 0.505208 0.983333 0.505208 0.985185 0.505729 0.986111 0.505729 0.987037 0.506250 0.987963 0.506250 0.989815 0.509375 0.995370 0.509896 0.995370 0.510938 0.997222 0.515625 0.997222 0.516146 0.996296 0.517188 0.996296 0.518229 0.994444 0.518750 0.994444 0.518750 0.993519 0.520833 0.989815 0.520833 0.987963 0.521354 0.987037 0.521354 0.986111 0.521875 0.985185 0.521875 0.982407 0.522396 0.981481 0.522396 0.973148 0.521875 0.972222 0.521875 0.969444 0.521354 0.968519 0.521354 0.966667 0.520833 0.965741 0.520833 0.964815 0.519792 0.962963 0.519792 0.962037 0.518229 0.959259 0.517708 0.959259 0.517188 0.958333 0.516667 0.958333 0.516146 0.957407 0.515104 0.957407 0.514583 0.956481
0 0.838021 0.364815 0.835417 0.364815 0.834896 0.363889 0.832292 0.363889 0.831771 0.364815 0.829167 0.364815 0.828646 0.365741 0.827604 0.365741 0.827083 0.366667 0.826562 0.366667 0.826042 0.367593 0.825521 0.367593 0.825000 0.368519 0.824479 0.368519 0.820833 0.375000 0.820833 0.375926 0.820312 0.376852 0.820312 0.377778 0.819792 0.378704 0.819792 0.380556 0.819271 0.381481 0.819271 0.389815 0.819792 0.390741 0.819792 0.392593 0.820833 0.394444 0.820833 0.395370 0.822917 0.399074 0.823438 0.399074 0.823958 0.400000 0.824479 0.400000 0.825000 0.400926 0.825521 0.400926 0.826042 0.401852 0.827083 0.401852 0.827604 0.402778 0.829688 0.402778 0.830208 0.403704 0.831771 0.403704 0.832292 0.402778 0.834896 0.402778 0.835417 0.401852 0.836458 0.401852 0.836979 0.400926 0.838021 0.400926 0.838542 0.400000 0.839063 0.400000 0.840104 0.398148 0.840625 0.398148 0.843750 0.392593 0.843750 0.391667 0.844792 0.389815 0.844792 0.387963 0.845313 0.387037 0.845313 0.383333 0.845833 0.382407 0.845833 0.381481 0.845313 0.380556 0.845313 0.376852 0.844792 0.375926 0.844792 0.375000 0.844271 0.374074 0.844271 0.373148 0.841667 0.368519 0.841146 0.368519 0.840625 0.367593 0.840104 0.367593 0.839063 0.365741 0.838542 0.365741
0 0.242708 0.252778 0.242188 0.251852 0.241667 0.251852 0.240625 0.250000 0.240625 0.249074 0.239583 0.249074 0.239063 0.248148 0.238542 0.248148 0.238021 0.247222 0.236458 0.247222 0.235937 0.246296 0.233333 0.246296 0.232813 0.247222 0.230208 0.247222 0.229687 0.248148 0.228646 0.248148 0.228125 0.249074 0.227604 0.249074 0.227083 0.250000 0.226562 0.250000 0.226042 0.250926 0.225521 0.250926 0.225521 0.251852 0.225000 0.252778 0.224479 0.252778 0.223438 0.254630 0.222917 0.254630 0.222396 0.255556 0.222396 0.256481 0.221875 0.257407 0.221875 0.258333 0.221354 0.259259 0.220833 0.259259 0.220833 0.260185 0.220312 0.261111 0.220312 0.262037 0.219792 0.262963 0.219792 0.264815 0.219271 0.265741 0.219271 0.274074 0.219792 0.275000 0.219792 0.276852 0.220312 0.277778 0.220312 0.278704 0.221354 0.280556 0.221875 0.280556 0.223438 0.283333 0.225000 0.283333 0.225521 0.284259 0.227604 0.284259 0.228125 0.285185 0.228646 0.285185 0.229167 0.284259 0.232292 0.284259 0.232813 0.283333 0.233854 0.283333 0.234375 0.282407 0.235417 0.282407 0.235937 0.281481 0.236458 0.281481 0.237500 0.279630 0.238021 0.279630 0.238021 0.278704 0.238542 0.277778 0.239063 0.277778 0.242188 0.272222 0.242188 0.271296 0.242708 0.270370 0.242708 0.269444 0.243229 0.268519 0.243229 0.266667 0.243750 0.265741 0.243750 0.256481 0.243229 0.255556 0.243229 0.254630 0.242708 0.253704
0 0.900521 0.269444 0.900521 0.271296 0.901042 0.272222 0.901042 0.273148 0.902083 0.275000 0.902083 0.275926 0.902604 0.276852 0.903125 0.276852 0.904167 0.278704 0.905208 0.278704 0.905729 0.279630 0.906250 0.279630 0.906771 0.280556 0.908854 0.280556 0.909375 0.281481 0.915104 0.281481 0.915625 0.280556 0.917708 0.280556 0.918229 0.279630 0.919271 0.279630 0.919792 0.278704 0.920312 0.278704 0.920833 0.277778 0.921875 0.277778 0.923958 0.274074 0.923958 0.273148 0.924479 0.272222 0.924479 0.267593 0.923958 0.266667 0.923958 0.265741 0.922396 0.262963 0.921875 0.262963 0.921354 0.262037 0.920833 0.262037 0.920312 0.261111 0.919792 0.261111 0.919271 0.260185 0.918229 0.260185 0.917708 0.259259 0.908333 0.259259 0.907813 0.260185 0.906771 0.260185 0.906250 0.261111 0.905208 0.261111 0.904687 0.262037 0.904167 0.262037 0.903646 0.262963 0.903125 0.262963 0.901563 0.265741 0.901563 0.266667 0.901042 0.267593 0.901042 0.268519
0 0.746875 0.250926 0.741146 0.250926 0.740625 0.251852 0.739583 0.251852 0.738542 0.253704 0.738021 0.253704 0.737500 0.254630 0.736979 0.254630 0.733854 0.260185 0.733854 0.261111 0.733333 0.262037 0.733333 0.262963 0.732292 0.264815 0.732292 0.266667 0.731771 0.267593 0.731771 0.270370 0.731250 0.271296 0.731250 0.277778 0.731771 0.278704 0.731771 0.281481 0.732292 0.282407 0.732292 0.283333 0.732812 0.284259 0.732812 0.285185 0.733333 0.286111 0.733333 0.287037 0.733854 0.287037 0.735417 0.289815 0.735938 0.289815 0.736979 0.291667 0.738021 0.291667 0.738542 0.292593 0.743229 0.292593 0.743750 0.291667 0.744271 0.291667 0.744792 0.290741 0.745833 0.290741 0.746354 0.289815 0.746875 0.289815 0.751042 0.282407 0.751042 0.281481 0.751563 0.280556 0.751563 0.279630 0.752083 0.278704 0.752083 0.277778 0.752604 0.276852 0.752604 0.275000 0.753125 0.274074 0.753125 0.262963 0.752604 0.262037 0.752604 0.260185 0.752083 0.259259 0.752083 0.258333 0.751042 0.256481 0.751042 0.255556 0.750521 0.254630 0.750000 0.254630 0.748958 0.252778 0.748437 0.252778 0.747917 0.251852 0.747396 0.251852
0 0.305208 0.693519 0.303646 0.693519 0.303125 0.692593 0.299479 0.692593 0.298958 0.693519 0.297396 0.693519 0.296875 0.694444 0.296354 0.694444 0.295833 0.695370 0.295312 0.695370 0.294792 0.696296 0.294271 0.696296 0.294271 0.697222 0.293750 0.698148 0.293229 0.698148 0.291667 0.700926 0.291667 0.701852 0.290625 0.703704 0.290625 0.704630 0.290104 0.705556 0.290104 0.706481 0.289583 0.707407 0.289583 0.710185 0.289062 0.711111 0.289062 0.717593 0.289583 0.718519 0.289583 0.720370 0.290104 0.721296 0.290104 0.722222 0.290625 0.723148 0.290625 0.724074 0.291146 0.724074 0.293229 0.727778 0.293750 0.727778 0.294271 0.728704 0.295312 0.728704 0.295833 0.729630 0.301042 0.729630 0.301563 0.728704 0.302083 0.728704 0.302604 0.727778 0.303125 0.727778 0.303646 0.726852 0.304167 0.726852 0.305208 0.725000 0.305729 0.725000 0.307812 0.721296 0.307812 0.720370 0.308854 0.718519 0.308854 0.717593 0.309375 0.716667 0.309375 0.715741 0.309896 0.714815 0.309896 0.710185 0.310417 0.709259 0.310417 0.707407 0.309896 0.706481 0.309896 0.703704 0.309375 0.702778 0.309375 0.700926 0.308854 0.700000 0.308854 0.699074 0.307292 0.696296 0.306771 0.696296
0 0.366146 0.969444 0.365625 0.969444 0.365104 0.968519 0.364583 0.968519 0.364063 0.967593 0.363021 0.967593 0.362500 0.968519 0.360938 0.968519 0.360417 0.969444 0.359896 0.969444 0.357812 0.973148 0.357812 0.974074 0.357292 0.975000 0.357292 0.977778 0.356771 0.978704 0.356771 0.980556 0.357292 0.981481 0.357292 0.982407 0.357812 0.983333 0.357812 0.984259 0.358333 0.984259 0.358854 0.985185 0.359375 0.985185 0.359896 0.986111 0.361979 0.986111 0.362500 0.985185 0.363021 0.985185 0.364063 0.983333 0.364583 0.983333 0.366146 0.980556 0.366146 0.979630 0.366667 0.978704 0.366667 0.977778 0.367188 0.976852 0.367188 0.973148 0.366667 0.972222 0.366667 0.971296 0.366146 0.970370
0 0.029687 0.101852 0.029687 0.102778 0.030208 0.103704 0.030208 0.105556 0.030729 0.106481 0.030729 0.107407 0.032292 0.110185 0.033333 0.110185 0.034375 0.112037 0.035417 0.112037 0.035937 0.112963 0.037500 0.112963 0.038021 0.113889 0.046354 0.113889 0.046875 0.112963 0.048438 0.112963 0.048958 0.112037 0.050000 0.112037 0.050521 0.111111 0.051562 0.111111 0.052604 0.109259 0.053125 0.109259 0.055208 0.105556 0.055208 0.104630 0.055729 0.103704 0.055729 0.102778 0.056250 0.101852 0.056250 0.100000 0.055729 0.099074 0.055729 0.097222 0.053646 0.093519 0.053125 0.093519 0.052083 0.091667 0.051562 0.091667 0.051042 0.090741 0.049479 0.090741 0.048958 0.089815 0.047396 0.089815 0.046875 0.088889 0.040625 0.088889 0.040104 0.089815 0.038021 0.089815 0.037500 0.090741 0.036458 0.090741 0.035937 0.091667 0.035417 0.091667 0.034896 0.092593 0.033854 0.092593 0.032292 0.095370 0.031771 0.095370 0.031250 0.096296 0.031250 0.097222 0.030208 0.099074 0.030208 0.100926
0 0.357292 0.101852 0.357292 0.104630 0.357812 0.105556 0.357812 0.106481 0.359896 0.110185 0.360417 0.110185 0.360938 0.111111 0.361458 0.111111 0.361979 0.112037 0.363021 0.112037 0.363542 0.112963 0.365104 0.112963 0.365625 0.113889 0.372917 0.113889 0.373437 0.112963 0.375521 0.112963 0.376042 0.112037 0.376563 0.112037 0.377083 0.111111 0.377604 0.111111 0.380208 0.106481 0.380208 0.101852 0.379688 0.100926 0.379688 0.100000 0.378125 0.097222 0.377604 0.097222 0.377083 0.096296 0.376563 0.096296 0.376042 0.095370 0.375521 0.095370 0.375000 0.094444 0.373437 0.094444 0.372917 0.093519 0.370833 0.093519 0.370312 0.092593 0.366667 0.092593 0.366146 0.093519 0.364063 0.093519 0.363542 0.094444 0.361979 0.094444 0.361458 0.095370 0.360938 0.095370 0.360417 0.096296 0.359896 0.096296 0.359375 0.097222 0.358854 0.097222 0.358333 0.098148 0.358333 0.099074 0.357812 0.100000 0.357812 0.100926
0 0.941146 0.884259 0.941146 0.885185 0.940625 0.886111 0.940625 0.887037 0.940104 0.887963 0.940104 0.889815 0.940625 0.890741 0.940625 0.892593 0.941146 0.893519 0.941146 0.894444 0.942708 0.897222 0.943229 0.897222 0.944271 0.899074 0.945312 0.899074 0.945833 0.900000 0.950000 0.900000 0.951042 0.898148 0.951562 0.898148 0.952083 0.897222 0.952083 0.896296 0.952604 0.895370 0.952604 0.891667 0.952083 0.890741 0.952083 0.889815 0.951562 0.888889 0.951562 0.887963 0.949479 0.884259 0.948958 0.884259 0.948438 0.883333 0.947396 0.883333 0.946875 0.882407 0.943229 0.882407 0.942708 0.883333 0.942187 0.883333 0.941667 0.884259
0 0.317708 0.644444 0.315625 0.648148 0.315625 0.649074 0.314583 0.650926 0.314583 0.652778 0.314063 0.653704 0.314063 0.662963 0.314583 0.663889 0.314583 0.664815 0.315104 0.665741 0.315104 0.667593 0.316146 0.669444 0.316146 0.670370 0.318750 0.675000 0.319271 0.675000 0.319792 0.675926 0.320312 0.675926 0.320833 0.676852 0.321354 0.676852 0.321875 0.677778 0.323437 0.677778 0.323958 0.678704 0.328646 0.678704 0.329167 0.677778 0.329688 0.677778 0.330208 0.676852 0.331250 0.676852 0.332813 0.674074 0.333333 0.674074 0.333333 0.673148 0.334896 0.670370 0.334896 0.669444 0.335417 0.668519 0.335417 0.665741 0.335938 0.664815 0.335938 0.659259 0.335417 0.658333 0.335417 0.655556 0.334896 0.654630 0.334896 0.653704 0.333854 0.651852 0.333854 0.650926 0.332813 0.649074 0.332813 0.648148 0.332292 0.647222 0.331771 0.647222 0.330729 0.645370 0.330208 0.645370 0.329688 0.644444 0.329167 0.644444 0.328125 0.642593 0.326562 0.642593 0.326042 0.641667 0.321354 0.641667 0.320833 0.642593 0.319792 0.642593 0.319271 0.643519 0.318750 0.643519 0.318229 0.644444
0 0.449479 0.229630 0.449479 0.231481 0.448958 0.232407 0.448958 0.234259 0.448437 0.235185 0.448437 0.237037 0.448958 0.237963 0.448958 0.240741 0.450000 0.242593 0.450000 0.243519 0.452604 0.248148 0.453125 0.248148 0.454167 0.250000 0.455208 0.250000 0.455729 0.250926 0.457292 0.250926 0.457813 0.251852 0.464062 0.251852 0.464583 0.250926 0.466146 0.250926 0.466667 0.250000 0.467187 0.250000 0.467708 0.249074 0.468229 0.249074 0.469792 0.246296 0.470313 0.246296 0.470833 0.245370 0.470833 0.244444 0.471354 0.243519 0.471354 0.242593 0.471875 0.241667 0.471875 0.234259 0.471354 0.233333 0.471354 0.232407 0.470833 0.231481 0.470833 0.230556 0.469271 0.227778 0.468750 0.227778 0.467708 0.225926 0.467187 0.225926 0.466146 0.224074 0.465625 0.224074 0.465104 0.223148 0.463542 0.223148 0.463021 0.222222 0.456250 0.222222 0.455729 0.223148 0.454688 0.223148 0.454167 0.224074 0.453646 0.224074 0.453125 0.225000 0.452604 0.225000 0.452083 0.225926 0.451562 0.225926
0 0.168229 0.728704 0.168229 0.735185 0.168750 0.736111 0.168750 0.737037 0.171354 0.741667 0.172396 0.741667 0.173437 0.743519 0.175000 0.743519 0.175521 0.744444 0.180729 0.744444 0.181250 0.743519 0.182812 0.743519 0.183333 0.742593 0.184375 0.742593 0.184896 0.741667 0.185417 0.741667 0.186979 0.738889 0.187500 0.738889 0.188542 0.737037 0.188542 0.735185 0.189062 0.734259 0.189062 0.733333 0.189583 0.732407 0.189583 0.728704 0.189062 0.727778 0.189062 0.725926 0.188021 0.724074 0.188021 0.723148 0.187500 0.723148 0.185938 0.720370 0.184896 0.720370 0.184375 0.719444 0.183854 0.719444 0.183333 0.718519 0.181771 0.718519 0.181250 0.717593 0.177604 0.717593 0.177083 0.718519 0.175000 0.718519 0.174479 0.719444 0.173958 0.719444 0.173437 0.720370 0.172917 0.720370 0.172396 0.721296 0.171875 0.721296 0.168750 0.726852 0.168750 0.727778
0 0.100000 0.019444 0.100521 0.020370 0.100521 0.023148 0.101042 0.024074 0.101042 0.025000 0.101562 0.025926 0.101562 0.026852 0.102604 0.028704 0.103125 0.028704 0.104167 0.030556 0.104688 0.030556 0.105208 0.031481 0.105729 0.031481 0.106250 0.032407 0.107813 0.032407 0.108333 0.033333 0.110937 0.033333 0.111458 0.034259 0.114062 0.034259 0.114583 0.033333 0.117188 0.033333 0.117708 0.032407 0.118229 0.032407 0.118750 0.031481 0.119792 0.031481 0.121354 0.028704 0.121875 0.028704 0.123438 0.025926 0.123438 0.024074 0.123958 0.023148 0.123958 0.017593 0.122917 0.015741 0.122917 0.014815 0.120833 0.011111 0.120313 0.011111 0.119792 0.010185 0.119271 0.010185 0.118750 0.009259 0.118229 0.009259 0.117708 0.008333 0.116667 0.008333 0.116146 0.007407 0.113542 0.007407 0.113021 0.006481 0.110417 0.006481 0.109896 0.007407 0.107292 0.007407 0.106771 0.008333 0.106250 0.008333 0.105729 0.009259 0.104688 0.009259 0.104167 0.010185 0.103646 0.010185 0.100521 0.015741 0.100521 0.018519
0 0.984896 0.115741 0.982812 0.119444 0.982812 0.120370 0.982292 0.121296 0.982292 0.122222 0.981771 0.123148 0.981771 0.132407 0.982292 0.133333 0.982292 0.134259 0.982812 0.135185 0.982812 0.136111 0.983333 0.137037 0.983333 0.137963 0.983854 0.137963 0.984896 0.139815 0.984896 0.140741 0.985417 0.141667 0.985938 0.141667 0.986979 0.143519 0.988021 0.143519 0.988542 0.144444 0.990104 0.144444 0.990625 0.145370 0.995313 0.145370 0.995833 0.144444 0.997396 0.144444 0.998437 0.142593 0.999479 0.142593 0.999479 0.116667 0.998958 0.115741 0.998437 0.115741 0.997396 0.113889 0.996354 0.113889 0.995833 0.112963 0.994792 0.112963 0.994271 0.112037 0.990104 0.112037 0.989583 0.112963 0.988021 0.112963 0.987500 0.113889 0.986979 0.113889 0.986458 0.114815 0.985938 0.114815 0.985417 0.115741
0 0.491667 0.465741 0.491667 0.467593 0.492188 0.468519 0.492188 0.470370 0.495312 0.475926 0.496354 0.475926 0.496875 0.476852 0.497917 0.476852 0.498437 0.477778 0.504687 0.477778 0.505208 0.476852 0.506771 0.476852 0.507292 0.475926 0.508854 0.475926 0.509896 0.474074 0.510417 0.474074 0.511458 0.472222 0.511979 0.472222 0.514062 0.468519 0.514062 0.467593 0.514583 0.466667 0.514583 0.465741 0.515104 0.464815 0.515104 0.460185 0.514583 0.459259 0.514583 0.458333 0.512500 0.454630 0.511979 0.454630 0.511458 0.453704 0.510938 0.453704 0.510417 0.452778 0.509375 0.452778 0.508854 0.451852 0.501563 0.451852 0.501042 0.452778 0.500000 0.452778 0.499479 0.453704 0.498437 0.453704 0.497917 0.454630 0.497396 0.454630 0.496875 0.455556 0.496354 0.455556 0.495312 0.457407 0.494792 0.457407 0.492708 0.461111 0.492708 0.462963 0.492188 0.463889 0.492188 0.464815
0 0.597917 0.925926 0.597917 0.927778 0.597396 0.928704 0.597396 0.936111 0.597917 0.937037 0.597917 0.937963 0.598437 0.938889 0.598437 0.939815 0.600000 0.942593 0.600000 0.943519 0.600521 0.944444 0.601042 0.944444 0.602083 0.946296 0.602604 0.946296 0.603125 0.947222 0.603646 0.947222 0.604688 0.949074 0.605729 0.949074 0.606250 0.950000 0.607812 0.950000 0.608333 0.950926 0.614062 0.950926 0.614583 0.950000 0.615625 0.950000 0.616146 0.949074 0.616667 0.949074 0.617188 0.948148 0.618229 0.948148 0.618750 0.947222 0.618750 0.946296 0.619271 0.945370 0.619792 0.945370 0.620833 0.943519 0.620833 0.942593 0.621354 0.941667 0.621354 0.939815 0.621875 0.938889 0.621875 0.933333 0.621354 0.932407 0.621354 0.931481 0.620833 0.930556 0.620833 0.928704 0.619792 0.926852 0.619792 0.925926 0.619271 0.925926 0.617188 0.922222 0.616667 0.922222 0.616146 0.921296 0.615625 0.921296 0.615104 0.920370 0.614583 0.920370 0.614062 0.919444 0.613021 0.919444 0.612500 0.918519 0.611458 0.918519 0.610938 0.917593 0.604688 0.917593 0.604167 0.918519 0.603125 0.918519 0.602604 0.919444 0.602083 0.919444 0.601042 0.921296 0.600521 0.921296
0 0.227083 0.875926 0.227083 0.878704 0.227604 0.879630 0.227604 0.880556 0.230208 0.885185 0.231250 0.885185 0.231771 0.886111 0.235937 0.886111 0.236458 0.885185 0.236979 0.885185 0.237500 0.884259 0.238021 0.884259 0.239583 0.881481 0.239583 0.875926 0.239063 0.875000 0.239063 0.874074 0.238542 0.874074 0.236979 0.871296 0.236458 0.871296 0.235937 0.870370 0.234896 0.870370 0.234375 0.869444 0.231771 0.869444 0.231250 0.870370 0.230208 0.870370 0.229687 0.871296 0.229167 0.871296 0.227604 0.874074 0.227604 0.875000
0 0.285938 0.584259 0.285417 0.585185 0.284896 0.585185 0.284375 0.586111 0.283854 0.586111 0.282813 0.587963 0.282292 0.587963 0.280729 0.590741 0.280729 0.591667 0.279167 0.594444 0.279167 0.597222 0.278646 0.598148 0.278646 0.603704 0.279167 0.604630 0.279167 0.606481 0.279687 0.607407 0.279687 0.608333 0.282813 0.613889 0.283333 0.613889 0.283854 0.614815 0.284375 0.614815 0.284896 0.615741 0.285417 0.615741 0.285938 0.616667 0.287500 0.616667 0.288021 0.617593 0.292187 0.617593 0.292708 0.616667 0.294271 0.616667 0.294792 0.615741 0.295312 0.615741 0.295833 0.614815 0.296354 0.614815 0.296875 0.613889 0.297396 0.613889 0.298958 0.611111 0.299479 0.611111 0.299479 0.610185 0.301042 0.607407 0.301042 0.606481 0.301563 0.605556 0.301563 0.595370 0.301042 0.594444 0.301042 0.593519 0.300000 0.591667 0.300000 0.590741 0.298438 0.587963 0.297917 0.587963 0.297396 0.587037 0.296875 0.587037 0.295833 0.585185 0.294792 0.585185 0.294271 0.584259 0.293229 0.584259 0.292708 0.583333 0.288542 0.583333 0.288021 0.584259
0 0.378125 0.926852 0.376563 0.926852 0.376042 0.925926 0.375521 0.925926 0.375000 0.926852 0.372917 0.926852 0.372396 0.927778 0.371354 0.927778 0.367188 0.935185 0.367188 0.937037 0.366667 0.937963 0.366667 0.939815 0.366146 0.940741 0.366146 0.944444 0.366667 0.945370 0.366667 0.948148 0.367708 0.950000 0.367708 0.950926 0.369271 0.953704 0.370312 0.953704 0.370833 0.954630 0.371354 0.954630 0.371875 0.955556 0.375521 0.955556 0.376042 0.954630 0.377083 0.954630 0.377604 0.953704 0.378125 0.953704 0.378646 0.952778 0.379167 0.952778 0.381250 0.949074 0.381250 0.948148 0.382292 0.946296 0.382292 0.944444 0.382812 0.943519 0.382812 0.935185 0.382292 0.934259 0.382292 0.932407 0.380729 0.929630 0.380208 0.929630 0.379167 0.927778 0.378646 0.927778
0 0.778646 0.450926 0.778646 0.451852 0.778125 0.452778 0.778125 0.454630 0.777604 0.455556 0.777604 0.462037 0.778125 0.462963 0.778125 0.465741 0.779167 0.467593 0.779167 0.468519 0.779687 0.469444 0.779687 0.470370 0.780208 0.471296 0.780729 0.471296 0.781771 0.473148 0.781771 0.474074 0.782292 0.474074 0.782813 0.475000 0.783333 0.475000 0.783854 0.475926 0.784375 0.475926 0.785417 0.477778 0.786458 0.477778 0.786979 0.478704 0.794271 0.478704 0.794792 0.477778 0.795833 0.477778 0.796354 0.476852 0.796875 0.476852 0.797917 0.475000 0.798438 0.475000 0.799479 0.473148 0.799479 0.472222 0.800521 0.470370 0.800521 0.469444 0.801042 0.468519 0.801042 0.467593 0.801562 0.466667 0.801562 0.458333 0.801042 0.457407 0.801042 0.456481 0.800521 0.455556 0.800521 0.454630 0.800000 0.453704 0.800000 0.452778 0.798958 0.450926 0.798958 0.450000 0.798438 0.450000 0.796875 0.447222 0.796354 0.447222 0.795312 0.445370 0.794792 0.445370 0.794271 0.444444 0.793750 0.444444 0.793229 0.443519 0.791667 0.443519 0.791146 0.442593 0.785937 0.442593 0.785417 0.443519 0.783854 0.443519 0.783333 0.444444 0.782813 0.444444 0.782292 0.445370 0.781771 0.445370
0 0.455729 0.697222 0.454688 0.699074 0.454688 0.700000 0.454167 0.700926 0.454167 0.701852 0.453646 0.702778 0.453646 0.707407 0.454167 0.708333 0.454167 0.709259 0.455208 0.711111 0.455208 0.712037 0.455729 0.712963 0.456250 0.712963 0.456771 0.713889 0.457292 0.713889 0.457813 0.714815 0.462500 0.714815 0.463021 0.713889 0.464062 0.713889 0.467187 0.708333 0.467187 0.705556 0.467708 0.704630 0.467708 0.702778 0.467187 0.701852 0.467187 0.700926 0.466667 0.700000 0.466667 0.699074 0.465104 0.696296 0.464583 0.696296 0.464062 0.695370 0.463021 0.695370 0.462500 0.694444 0.459375 0.694444 0.458854 0.695370 0.457813 0.695370 0.457292 0.696296 0.456771 0.696296 0.456250 0.697222
0 0.975000 0.425000 0.974479 0.425926 0.973437 0.425926 0.971875 0.428704 0.971354 0.428704 0.970313 0.430556 0.970313 0.431481 0.969271 0.433333 0.969271 0.435185 0.968750 0.436111 0.968750 0.437037 0.968229 0.437963 0.968229 0.448148 0.968750 0.449074 0.968750 0.450000 0.969271 0.450926 0.969271 0.451852 0.969792 0.452778 0.969792 0.453704 0.972396 0.458333 0.972917 0.458333 0.973437 0.459259 0.973958 0.459259 0.974479 0.460185 0.976042 0.460185 0.976562 0.461111 0.978125 0.461111 0.978646 0.460185 0.980729 0.460185 0.981250 0.459259 0.981771 0.459259 0.983333 0.456481 0.983854 0.456481 0.985417 0.453704 0.985417 0.452778 0.986458 0.450926 0.986458 0.449074 0.986979 0.448148 0.986979 0.444444 0.987500 0.443519 0.987500 0.441667 0.986979 0.440741 0.986979 0.437037 0.986458 0.436111 0.986458 0.434259 0.985938 0.433333 0.985938 0.432407 0.984896 0.430556 0.984896 0.429630 0.984375 0.429630 0.982812 0.426852 0.982292 0.426852 0.981771 0.425926 0.980729 0.425926 0.980208 0.425000
0 0.424479 0.879630 0.423438 0.881481 0.423438 0.882407 0.422917 0.883333 0.422917 0.884259 0.422396 0.885185 0.422396 0.887037 0.421875 0.887963 0.421875 0.893519 0.422396 0.894444 0.422396 0.896296 0.422917 0.897222 0.422917 0.899074 0.426563 0.905556 0.427083 0.905556 0.427604 0.906481 0.428646 0.906481 0.429167 0.907407 0.430208 0.907407 0.430729 0.908333 0.435417 0.908333 0.435937 0.907407 0.436979 0.907407 0.437500 0.906481 0.438021 0.906481 0.439583 0.903704 0.440104 0.903704 0.440625 0.902778 0.440625 0.901852 0.441146 0.900926 0.441146 0.900000 0.441667 0.899074 0.441667 0.897222 0.442188 0.896296 0.442188 0.891667 0.441667 0.890741 0.441667 0.888889 0.441146 0.887963 0.441146 0.886111 0.439063 0.882407 0.439063 0.881481 0.438542 0.880556 0.438021 0.880556 0.436979 0.878704 0.436458 0.878704 0.435937 0.877778 0.434896 0.877778 0.434375 0.876852 0.432812 0.876852 0.432292 0.875926 0.429688 0.875926 0.429167 0.876852 0.427083 0.876852 0.426042 0.878704 0.425521 0.878704 0.425000 0.879630
0 0.004167 0.722222 0.003646 0.723148 0.003125 0.723148 0.002083 0.725000 0.002083 0.725926 0.001042 0.727778 0.001042 0.730556 0.000521 0.731481 0.000521 0.736111 0.001042 0.737037 0.001042 0.740741 0.002083 0.742593 0.002083 0.743519 0.003646 0.746296 0.004167 0.746296 0.004687 0.747222 0.005208 0.747222 0.005729 0.748148 0.007292 0.748148 0.007812 0.747222 0.008854 0.747222 0.010937 0.743519 0.010937 0.742593 0.011458 0.741667 0.011458 0.738889 0.011979 0.737963 0.011979 0.733333 0.011458 0.732407 0.011458 0.729630 0.010937 0.728704 0.010937 0.727778 0.009896 0.725926 0.009896 0.725000 0.008854 0.723148 0.007812 0.723148 0.007292 0.722222
0 0.470833 0.480556 0.470313 0.481481 0.469271 0.481481 0.468750 0.482407 0.468229 0.482407 0.467708 0.483333 0.467187 0.483333 0.466667 0.484259 0.466146 0.484259 0.466146 0.485185 0.465625 0.486111 0.465104 0.486111 0.464062 0.487963 0.464062 0.488889 0.463021 0.490741 0.463021 0.491667 0.462500 0.492593 0.462500 0.493519 0.461979 0.494444 0.461979 0.495370 0.461458 0.496296 0.461458 0.499074 0.460938 0.500000 0.460938 0.504630 0.461458 0.505556 0.461458 0.508333 0.461979 0.509259 0.461979 0.511111 0.463021 0.512963 0.463021 0.513889 0.463542 0.513889 0.465625 0.517593 0.466146 0.517593 0.466667 0.518519 0.467708 0.518519 0.468229 0.519444 0.473958 0.519444 0.474479 0.518519 0.475521 0.518519 0.476042 0.517593 0.476562 0.517593 0.477083 0.516667 0.477604 0.516667 0.478125 0.515741 0.478646 0.515741 0.479167 0.514815 0.479167 0.513889 0.479687 0.512963 0.480208 0.512963 0.480208 0.512037 0.480729 0.511111 0.481250 0.511111 0.481250 0.510185 0.481771 0.509259 0.481771 0.508333 0.482812 0.506481 0.482812 0.504630 0.483333 0.503704 0.483333 0.500926 0.483854 0.500000 0.483854 0.494444 0.483333 0.493519 0.483333 0.490741 0.482292 0.488889 0.482292 0.487963 0.480729 0.485185 0.480729 0.484259 0.480208 0.484259 0.479167 0.482407 0.478646 0.482407 0.478125 0.481481 0.477083 0.481481 0.476562 0.480556
0 0.852083 0.084259 0.846875 0.084259 0.846354 0.085185 0.844792 0.085185 0.843750 0.087037 0.843229 0.087037 0.842187 0.088889 0.841667 0.088889 0.840104 0.091667 0.839583 0.091667 0.839583 0.092593 0.838542 0.094444 0.838542 0.096296 0.838021 0.097222 0.838021 0.098148 0.837500 0.099074 0.837500 0.106481 0.838021 0.107407 0.838021 0.109259 0.838542 0.110185 0.838542 0.111111 0.839063 0.112037 0.839063 0.112963 0.839583 0.113889 0.840104 0.113889 0.841667 0.116667 0.842187 0.116667 0.843229 0.118519 0.844271 0.118519 0.844792 0.119444 0.846354 0.119444 0.846875 0.120370 0.849479 0.120370 0.850000 0.119444 0.852083 0.119444 0.852604 0.118519 0.853646 0.118519 0.854688 0.116667 0.855208 0.116667 0.855729 0.115741 0.856250 0.115741 0.858854 0.111111 0.858854 0.110185 0.859896 0.108333 0.859896 0.106481 0.860417 0.105556 0.860417 0.097222 0.859896 0.096296 0.859896 0.095370 0.859375 0.094444 0.859375 0.093519 0.858854 0.092593 0.858854 0.091667 0.858333 0.090741 0.857812 0.090741 0.857292 0.089815 0.857292 0.088889 0.856771 0.087963 0.856250 0.087963 0.855729 0.087037 0.855208 0.087037 0.854688 0.086111 0.854167 0.086111 0.853646 0.085185 0.852604 0.085185
0 0.859375 0.698148 0.858854 0.698148 0.858333 0.697222 0.857812 0.697222 0.857292 0.696296 0.855729 0.696296 0.855208 0.695370 0.853125 0.695370 0.852604 0.696296 0.850521 0.696296 0.850000 0.697222 0.848958 0.697222 0.847917 0.699074 0.847396 0.699074 0.846354 0.700926 0.845833 0.700926 0.843229 0.705556 0.843229 0.706481 0.842187 0.708333 0.842187 0.709259 0.841667 0.710185 0.841667 0.711111 0.841146 0.712037 0.841146 0.712963 0.840625 0.713889 0.840625 0.715741 0.840104 0.716667 0.840104 0.727778 0.840625 0.728704 0.840625 0.729630 0.841146 0.730556 0.841146 0.731481 0.841667 0.732407 0.841667 0.733333 0.842187 0.733333 0.843229 0.735185 0.843229 0.736111 0.843750 0.736111 0.844792 0.737963 0.845833 0.737963 0.846354 0.738889 0.848437 0.738889 0.848958 0.739815 0.849479 0.739815 0.850000 0.738889 0.852604 0.738889 0.853125 0.737963 0.853646 0.737963 0.854167 0.737037 0.855208 0.737037 0.856250 0.735185 0.856771 0.735185 0.857292 0.734259 0.857812 0.734259 0.858333 0.733333 0.858333 0.732407 0.858854 0.731481 0.859375 0.731481 0.859896 0.730556 0.859896 0.729630 0.860938 0.727778 0.860938 0.726852 0.861458 0.725926 0.861458 0.725000 0.861979 0.724074 0.861979 0.723148 0.862500 0.722222 0.862500 0.721296 0.863021 0.720370 0.863021 0.717593 0.863542 0.716667 0.863542 0.709259 0.863021 0.708333 0.863021 0.706481 0.862500 0.705556 0.862500 0.704630 0.861979 0.703704 0.861979 0.702778 0.861458 0.701852 0.861458 0.700926 0.860938 0.700000 0.860417 0.700000
0 0.470833 0.773148 0.470313 0.774074 0.468750 0.774074 0.468229 0.775000 0.467708 0.775000 0.467187 0.775926 0.466667 0.775926 0.466146 0.776852 0.465625 0.776852 0.465625 0.777778 0.463021 0.782407 0.463021 0.783333 0.462500 0.784259 0.462500 0.786111 0.461979 0.787037 0.461979 0.788889 0.461458 0.789815 0.461458 0.800000 0.461979 0.800926 0.461979 0.803704 0.462500 0.804630 0.462500 0.805556 0.463021 0.806481 0.463021 0.807407 0.463542 0.808333 0.463542 0.809259 0.465625 0.812963 0.465625 0.813889 0.466146 0.814815 0.466667 0.814815 0.467187 0.815741 0.467708 0.815741 0.468750 0.817593 0.469271 0.817593 0.469792 0.818519 0.470833 0.818519 0.471354 0.819444 0.475521 0.819444 0.476042 0.818519 0.477083 0.818519 0.477604 0.817593 0.478646 0.817593 0.478646 0.816667 0.479167 0.815741 0.479687 0.815741 0.481771 0.812037 0.481771 0.811111 0.482292 0.810185 0.482292 0.809259 0.483333 0.807407 0.483333 0.804630 0.483854 0.803704 0.483854 0.793519 0.483333 0.792593 0.483333 0.789815 0.482812 0.788889 0.482812 0.787963 0.482292 0.787037 0.482292 0.786111 0.481771 0.785185 0.481771 0.784259 0.481250 0.783333 0.481250 0.782407 0.478125 0.776852 0.477604 0.776852 0.477083 0.775926 0.476562 0.775926 0.476042 0.775000 0.475521 0.775000 0.475000 0.774074 0.473438 0.774074 0.472917 0.773148
0 0.012500 0.548148 0.011979 0.549074 0.010937 0.549074 0.010417 0.550000 0.009896 0.550000 0.009375 0.550926 0.008854 0.550926 0.006771 0.554630 0.006771 0.555556 0.005729 0.557407 0.005729 0.558333 0.005208 0.559259 0.005208 0.560185 0.004687 0.561111 0.004687 0.572222 0.005208 0.573148 0.005208 0.574074 0.005729 0.575000 0.005729 0.576852 0.007292 0.579630 0.007292 0.580556 0.008333 0.582407 0.008854 0.582407 0.009896 0.584259 0.010417 0.584259 0.010937 0.585185 0.011979 0.585185 0.012500 0.586111 0.017708 0.586111 0.018229 0.585185 0.019271 0.585185 0.019792 0.584259 0.020313 0.584259 0.021354 0.582407 0.021875 0.582407 0.023958 0.578704 0.023958 0.577778 0.024479 0.576852 0.024479 0.575926 0.025000 0.575000 0.025000 0.574074 0.025521 0.573148 0.025521 0.562037 0.025000 0.561111 0.025000 0.559259 0.024479 0.558333 0.024479 0.557407 0.023438 0.555556 0.023438 0.554630 0.022396 0.552778 0.021875 0.552778 0.020833 0.550926 0.020313 0.550926 0.019271 0.549074 0.018229 0.549074 0.017708 0.548148
0 0.347917 0.155556 0.347396 0.156481 0.346875 0.156481 0.346354 0.157407 0.345833 0.157407 0.344271 0.160185 0.344271 0.161111 0.343750 0.162037 0.343750 0.162963 0.343229 0.163889 0.343229 0.164815 0.342708 0.165741 0.342708 0.170370 0.342187 0.171296 0.342187 0.172222 0.342708 0.173148 0.342708 0.177778 0.343229 0.178704 0.343229 0.180556 0.343750 0.181481 0.343750 0.182407 0.344271 0.183333 0.344271 0.184259 0.345313 0.186111 0.345313 0.187037 0.345833 0.187037 0.347917 0.190741 0.348958 0.190741 0.349479 0.191667 0.350521 0.191667 0.351042 0.192593 0.352604 0.192593 0.353125 0.191667 0.354687 0.191667 0.355729 0.189815 0.356250 0.189815 0.357812 0.187037 0.357812 0.186111 0.358333 0.185185 0.358333 0.184259 0.358854 0.183333 0.358854 0.182407 0.359375 0.181481 0.359375 0.169444 0.358854 0.168519 0.358854 0.167593 0.358333 0.166667 0.358333 0.164815 0.356771 0.162037 0.356771 0.161111 0.354687 0.157407 0.354167 0.157407 0.353646 0.156481 0.353125 0.156481 0.352604 0.155556
0 0.927604 0.525000 0.927083 0.525926 0.926042 0.525926 0.925521 0.526852 0.924479 0.526852 0.923958 0.527778 0.923438 0.527778 0.919792 0.534259 0.919792 0.535185 0.919271 0.536111 0.919271 0.537037 0.918750 0.537963 0.918750 0.539815 0.918229 0.540741 0.918229 0.542593 0.917708 0.543519 0.917708 0.553704 0.918229 0.554630 0.918229 0.557407 0.918750 0.558333 0.918750 0.559259 0.919271 0.560185 0.919271 0.561111 0.919792 0.562037 0.919792 0.562963 0.921875 0.566667 0.922396 0.566667 0.922917 0.567593 0.922917 0.568519 0.923438 0.568519 0.923958 0.569444 0.924479 0.569444 0.925000 0.570370 0.925521 0.570370 0.926042 0.571296 0.927083 0.571296 0.927604 0.572222 0.932292 0.572222 0.932813 0.571296 0.933854 0.571296 0.934375 0.570370 0.935417 0.570370 0.935937 0.569444 0.936458 0.569444 0.936979 0.568519 0.936979 0.567593 0.937500 0.566667 0.938021 0.566667 0.940104 0.562963 0.940104 0.562037 0.940625 0.561111 0.940625 0.560185 0.941146 0.559259 0.941146 0.558333 0.941667 0.557407 0.941667 0.555556 0.942187 0.554630 0.942187 0.543519 0.941667 0.542593 0.941667 0.539815 0.941146 0.538889 0.941146 0.537963 0.940625 0.537037 0.940625 0.536111 0.940104 0.535185 0.940104 0.534259 0.939583 0.534259 0.939063 0.533333 0.939063 0.532407 0.938542 0.531481 0.938021 0.531481 0.937500 0.530556 0.937500 0.529630 0.936979 0.528704 0.936458 0.528704 0.935937 0.527778 0.935417 0.527778 0.934896 0.526852 0.934375 0.526852 0.933854 0.525926 0.932813 0.525926 0.932292 0.525000
0 0.679167 0.526852 0.679167 0.530556 0.679688 0.531481 0.679688 0.532407 0.682292 0.537037 0.682813 0.537037 0.683333 0.537963 0.684375 0.537963 0.684896 0.538889 0.686458 0.538889 0.686979 0.539815 0.692708 0.539815 0.693229 0.538889 0.695312 0.538889 0.695833 0.537963 0.696354 0.537963 0.696875 0.537037 0.697917 0.537037 0.700521 0.532407 0.700521 0.531481 0.701042 0.530556 0.701042 0.526852 0.700521 0.525926 0.700521 0.525000 0.697917 0.520370 0.697396 0.520370 0.696875 0.519444 0.696354 0.519444 0.695833 0.518519 0.694271 0.518519 0.693750 0.517593 0.686458 0.517593 0.685937 0.518519 0.684375 0.518519 0.683854 0.519444 0.683333 0.519444 0.682813 0.520370 0.682292 0.520370 0.679688 0.525000 0.679688 0.525926
0 0.816667 0.525926 0.816667 0.531481 0.817187 0.532407 0.817187 0.533333 0.817708 0.534259 0.817708 0.535185 0.819792 0.538889 0.819792 0.539815 0.820312 0.540741 0.820833 0.540741 0.821875 0.542593 0.822396 0.542593 0.822917 0.543519 0.823438 0.543519 0.823958 0.544444 0.824479 0.544444 0.825000 0.545370 0.825521 0.545370 0.826042 0.546296 0.827083 0.546296 0.827604 0.547222 0.829167 0.547222 0.829688 0.548148 0.838021 0.548148 0.838542 0.547222 0.840104 0.547222 0.840625 0.546296 0.841667 0.546296 0.842187 0.545370 0.842708 0.545370 0.842708 0.544444 0.843229 0.543519 0.843750 0.543519 0.844271 0.542593 0.844792 0.542593 0.845313 0.541667 0.845313 0.540741 0.845833 0.539815 0.845833 0.538889 0.846354 0.537963 0.846354 0.536111 0.846875 0.535185 0.846875 0.533333 0.846354 0.532407 0.846354 0.529630 0.845833 0.528704 0.845833 0.527778 0.844792 0.525926 0.844792 0.525000 0.844271 0.524074 0.843750 0.524074 0.843229 0.523148 0.843229 0.522222 0.842708 0.521296 0.842187 0.521296 0.841146 0.519444 0.840625 0.519444 0.840104 0.518519 0.839583 0.518519 0.839063 0.517593 0.838021 0.517593 0.837500 0.516667 0.836979 0.516667 0.836458 0.515741 0.835417 0.515741 0.834896 0.514815 0.831771 0.514815 0.831250 0.513889 0.827083 0.513889 0.826562 0.514815 0.824479 0.514815 0.823958 0.515741 0.822917 0.515741 0.822396 0.516667 0.821354 0.516667 0.820833 0.517593 0.820312 0.517593 0.820312 0.518519 0.819792 0.519444 0.819271 0.519444 0.817708 0.522222 0.817708 0.523148 0.817187 0.524074 0.817187 0.525000
0 0.463542 0.724074 0.462500 0.724074 0.461979 0.723148 0.460417 0.723148 0.459896 0.722222 0.458333 0.722222 0.457813 0.723148 0.455208 0.723148 0.454688 0.724074 0.453646 0.724074 0.452604 0.725926 0.452083 0.725926 0.451562 0.726852 0.451042 0.726852 0.447396 0.733333 0.447396 0.734259 0.446875 0.735185 0.446875 0.736111 0.446354 0.737037 0.446354 0.737963 0.445833 0.738889 0.445833 0.742593 0.445312 0.743519 0.445312 0.746296 0.445833 0.747222 0.445833 0.750926 0.446354 0.751852 0.446354 0.752778 0.447917 0.755556 0.447917 0.756481 0.448437 0.756481 0.449479 0.758333 0.450521 0.758333 0.451042 0.759259 0.451562 0.759259 0.452083 0.760185 0.457813 0.760185 0.458333 0.759259 0.459375 0.759259 0.459896 0.758333 0.460938 0.758333 0.462500 0.755556 0.463021 0.755556 0.464062 0.753704 0.464583 0.753704 0.465104 0.752778 0.465104 0.751852 0.465625 0.750926 0.465625 0.750000 0.466667 0.748148 0.466667 0.747222 0.467187 0.746296 0.467187 0.745370 0.467708 0.744444 0.467708 0.742593 0.468229 0.741667 0.468229 0.735185 0.467708 0.734259 0.467708 0.732407 0.467187 0.731481 0.467187 0.730556 0.466667 0.729630 0.466667 0.728704 0.465104 0.725926 0.464583 0.725926
0 0.885417 0.175000 0.884896 0.175000 0.884375 0.174074 0.883854 0.174074 0.883333 0.173148 0.881771 0.173148 0.881250 0.172222 0.877604 0.172222 0.877083 0.173148 0.875521 0.173148 0.875000 0.174074 0.874479 0.174074 0.873958 0.175000 0.872917 0.175000 0.871354 0.177778 0.870833 0.177778 0.867708 0.183333 0.867708 0.184259 0.866667 0.186111 0.866667 0.187037 0.866146 0.187963 0.866146 0.189815 0.865625 0.190741 0.865625 0.192593 0.865104 0.193519 0.865104 0.200000 0.865625 0.200926 0.865625 0.203704 0.866667 0.205556 0.866667 0.206481 0.867188 0.207407 0.867708 0.207407 0.869271 0.210185 0.869792 0.210185 0.870313 0.211111 0.870833 0.211111 0.871354 0.212037 0.878125 0.212037 0.878646 0.211111 0.879687 0.211111 0.880208 0.210185 0.880729 0.210185 0.881771 0.208333 0.882292 0.208333 0.883854 0.205556 0.884375 0.205556 0.885938 0.202778 0.885938 0.201852 0.886458 0.200926 0.886458 0.200000 0.886979 0.199074 0.887500 0.199074 0.887500 0.198148 0.888021 0.197222 0.888021 0.195370 0.888542 0.194444 0.888542 0.191667 0.889062 0.190741 0.889062 0.185185 0.888542 0.184259 0.888542 0.182407 0.888021 0.181481 0.888021 0.180556 0.886979 0.178704 0.886979 0.177778
0 0.769792 0.757407 0.767188 0.757407 0.766667 0.758333 0.765625 0.758333 0.765104 0.759259 0.764583 0.759259 0.764062 0.760185 0.763542 0.760185 0.761979 0.762963 0.761979 0.763889 0.760938 0.765741 0.760938 0.766667 0.760417 0.767593 0.760417 0.768519 0.759896 0.769444 0.759896 0.770370 0.759375 0.771296 0.759375 0.776852 0.758854 0.777778 0.758854 0.778704 0.759375 0.779630 0.759375 0.785185 0.759896 0.786111 0.759896 0.787037 0.760417 0.787963 0.760417 0.788889 0.760938 0.789815 0.760938 0.790741 0.761458 0.791667 0.761979 0.791667 0.764062 0.795370 0.765625 0.795370 0.766146 0.796296 0.767188 0.796296 0.767708 0.795370 0.769271 0.795370 0.770312 0.793519 0.771354 0.793519 0.771875 0.792593 0.771875 0.791667 0.772396 0.790741 0.772917 0.790741 0.773438 0.789815 0.773438 0.788889 0.773958 0.787963 0.773958 0.787037 0.774479 0.786111 0.774479 0.785185 0.775000 0.784259 0.775000 0.782407 0.775521 0.781481 0.775521 0.778704 0.776042 0.777778 0.776042 0.772222 0.775521 0.771296 0.775521 0.767593 0.775000 0.766667 0.775000 0.765741 0.774479 0.764815 0.774479 0.763889 0.773438 0.762037 0.773438 0.761111 0.772917 0.760185 0.772396 0.760185 0.771875 0.759259 0.771354 0.759259 0.770833 0.758333 0.770312 0.758333
0 0.155208 0.160185 0.155208 0.161111 0.154688 0.162037 0.154688 0.164815 0.154167 0.165741 0.154167 0.166667 0.154688 0.167593 0.154688 0.171296 0.155208 0.172222 0.155208 0.173148 0.155729 0.174074 0.155729 0.175000 0.158333 0.179630 0.158854 0.179630 0.159896 0.181481 0.160417 0.181481 0.160938 0.182407 0.161458 0.182407 0.161979 0.183333 0.163021 0.183333 0.163542 0.184259 0.165104 0.184259 0.165625 0.185185 0.167708 0.185185 0.168229 0.184259 0.170313 0.184259 0.170833 0.183333 0.171875 0.183333 0.172396 0.182407 0.172917 0.182407 0.173958 0.180556 0.174479 0.180556 0.175521 0.178704 0.175521 0.177778 0.176042 0.176852 0.176042 0.175926 0.176563 0.175000 0.176563 0.167593 0.176042 0.166667 0.176042 0.164815 0.175521 0.163889 0.175521 0.162963 0.173958 0.160185 0.173958 0.159259 0.173437 0.158333 0.172917 0.158333 0.171875 0.156481 0.171354 0.156481 0.170833 0.155556 0.170313 0.155556 0.169792 0.154630 0.169271 0.154630 0.168750 0.153704 0.167187 0.153704 0.166667 0.152778 0.160938 0.152778 0.160417 0.153704 0.159375 0.153704 0.158333 0.155556 0.157812 0.155556
0 0.469792 0.254630 0.469792 0.256481 0.469271 0.257407 0.469271 0.263889 0.469792 0.264815 0.469792 0.265741 0.470313 0.266667 0.470313 0.267593 0.470833 0.268519 0.470833 0.269444 0.473438 0.274074 0.473438 0.275000 0.473958 0.275000 0.474479 0.275926 0.475000 0.275926 0.475521 0.276852 0.476042 0.276852 0.477083 0.278704 0.477604 0.278704 0.478125 0.279630 0.479687 0.279630 0.480208 0.280556 0.486458 0.280556 0.486979 0.279630 0.488021 0.279630 0.489063 0.277778 0.489583 0.277778 0.491667 0.274074 0.491667 0.273148 0.492188 0.272222 0.492188 0.270370 0.492708 0.269444 0.492708 0.265741 0.492188 0.264815 0.492188 0.262037 0.491667 0.261111 0.491667 0.260185 0.490625 0.258333 0.490625 0.257407 0.487500 0.251852 0.486979 0.251852 0.486458 0.250926 0.485938 0.250926 0.485417 0.250000 0.484896 0.250000 0.483854 0.248148 0.482812 0.248148 0.482292 0.247222 0.475521 0.247222 0.475000 0.248148 0.473958 0.248148 0.473438 0.249074 0.472917 0.249074
0 0.231250 0.050926 0.230729 0.050926 0.230208 0.050000 0.225521 0.050000 0.225000 0.050926 0.223958 0.050926 0.223438 0.051852 0.222917 0.051852 0.222396 0.052778 0.221875 0.052778 0.220833 0.054630 0.220312 0.054630 0.217188 0.060185 0.217188 0.061111 0.215625 0.063889 0.215625 0.064815 0.215104 0.065741 0.215104 0.066667 0.214583 0.067593 0.214583 0.069444 0.214062 0.070370 0.214062 0.074074 0.213542 0.075000 0.213542 0.078704 0.214062 0.079630 0.214062 0.082407 0.214583 0.083333 0.214583 0.085185 0.216667 0.088889 0.217188 0.088889 0.217708 0.089815 0.218750 0.089815 0.219271 0.090741 0.222917 0.090741 0.223438 0.089815 0.224479 0.089815 0.225000 0.088889 0.225521 0.088889 0.226042 0.087963 0.226562 0.087963 0.227083 0.087037 0.227604 0.087037 0.229167 0.084259 0.229687 0.084259 0.231771 0.080556 0.231771 0.079630 0.233333 0.076852 0.233333 0.075926 0.233854 0.075000 0.233854 0.074074 0.234375 0.073148 0.234375 0.071296 0.234896 0.070370 0.234896 0.066667 0.235417 0.065741 0.235417 0.061111 0.234896 0.060185 0.234896 0.058333 0.234375 0.057407 0.234375 0.055556 0.232813 0.052778 0.232292 0.052778
0 0.677604 0.899074 0.676562 0.899074 0.676042 0.898148 0.675000 0.898148 0.674479 0.897222 0.672396 0.897222 0.671875 0.898148 0.669792 0.898148 0.669271 0.899074 0.668750 0.899074 0.668229 0.900000 0.667708 0.900000 0.666667 0.901852 0.666146 0.901852 0.664062 0.905556 0.664062 0.906481 0.663542 0.907407 0.663021 0.907407 0.663021 0.908333 0.662500 0.909259 0.662500 0.910185 0.661979 0.911111 0.661979 0.912037 0.661458 0.912963 0.661458 0.914815 0.660937 0.915741 0.660937 0.918519 0.660417 0.919444 0.660417 0.925000 0.660937 0.925926 0.660937 0.928704 0.661458 0.929630 0.661458 0.930556 0.661979 0.931481 0.661979 0.932407 0.663542 0.935185 0.663542 0.936111 0.664062 0.936111 0.665104 0.937963 0.666146 0.937963 0.666667 0.938889 0.667188 0.938889 0.667708 0.939815 0.671875 0.939815 0.672396 0.938889 0.673958 0.938889 0.675000 0.937037 0.675521 0.937037 0.676042 0.936111 0.676562 0.936111 0.679688 0.930556 0.679688 0.929630 0.680729 0.927778 0.680729 0.926852 0.681250 0.925926 0.681250 0.925000 0.681771 0.924074 0.681771 0.922222 0.682292 0.921296 0.682292 0.910185 0.681771 0.909259 0.681771 0.908333 0.681250 0.907407 0.681250 0.905556 0.680729 0.904630 0.680729 0.903704 0.680208 0.902778 0.679688 0.902778 0.678646 0.900926 0.678646 0.900000 0.678125 0.900000
0 0.320312 0.784259 0.319792 0.785185 0.318750 0.785185 0.317188 0.787963 0.317188 0.788889 0.316667 0.789815 0.316667 0.790741 0.316146 0.791667 0.316146 0.799074 0.316667 0.800000 0.316667 0.800926 0.317708 0.802778 0.317708 0.803704 0.319271 0.806481 0.320312 0.806481 0.320833 0.807407 0.322917 0.807407 0.323437 0.806481 0.324479 0.806481 0.326562 0.802778 0.326562 0.801852 0.327083 0.800926 0.327083 0.799074 0.327604 0.798148 0.327604 0.793519 0.327083 0.792593 0.327083 0.791667 0.326562 0.790741 0.326562 0.789815 0.323958 0.785185 0.323437 0.785185 0.322917 0.784259
0 0.902604 0.000000 0.902083 0.000926 0.901563 0.000926 0.898958 0.005556 0.898958 0.006481 0.898438 0.007407 0.898438 0.011111 0.897917 0.012037 0.898438 0.012963 0.898438 0.015741 0.898958 0.016667 0.898958 0.017593 0.899479 0.018519 0.899479 0.019444 0.901042 0.022222 0.901563 0.022222 0.902083 0.023148 0.903646 0.023148 0.904167 0.024074 0.904687 0.023148 0.906250 0.023148 0.906771 0.022222 0.907292 0.022222 0.907813 0.021296 0.907813 0.020370 0.908854 0.018519 0.908854 0.017593 0.909375 0.016667 0.909375 0.013889 0.909896 0.012963 0.909896 0.010185 0.909375 0.009259 0.909375 0.007407 0.908854 0.006481 0.908854 0.005556 0.908333 0.004630 0.908333 0.003704 0.907292 0.001852 0.906771 0.001852 0.906250 0.000926 0.905729 0.000926 0.905208 0.000000
0 0.812500 0.717593 0.811979 0.717593 0.810937 0.715741 0.810417 0.715741 0.809896 0.714815 0.809375 0.714815 0.808854 0.713889 0.807292 0.713889 0.806771 0.712963 0.802604 0.712963 0.802083 0.713889 0.800521 0.713889 0.800000 0.714815 0.798958 0.714815 0.797917 0.716667 0.797396 0.716667 0.796875 0.717593 0.796354 0.717593 0.795312 0.719444 0.794792 0.719444 0.794271 0.720370 0.794271 0.721296 0.792708 0.724074 0.792708 0.725926 0.792188 0.726852 0.792188 0.727778 0.791667 0.728704 0.791667 0.737963 0.792188 0.738889 0.792188 0.739815 0.792708 0.740741 0.792708 0.741667 0.794271 0.744444 0.794271 0.745370 0.794792 0.745370 0.795312 0.746296 0.795833 0.746296 0.796354 0.747222 0.796875 0.747222 0.797396 0.748148 0.798438 0.748148 0.798958 0.749074 0.804167 0.749074 0.804688 0.748148 0.806250 0.748148 0.806771 0.747222 0.807292 0.747222 0.807813 0.746296 0.808854 0.746296 0.810417 0.743519 0.810937 0.743519 0.810937 0.742593 0.811458 0.741667 0.811979 0.741667 0.811979 0.740741 0.813542 0.737963 0.813542 0.737037 0.814063 0.736111 0.814063 0.735185 0.814583 0.734259 0.814583 0.732407 0.815104 0.731481 0.815104 0.725926 0.814583 0.725000 0.814583 0.723148 0.814063 0.722222 0.814063 0.721296 0.812500 0.718519
0 0.287500 0.369444 0.286979 0.369444 0.286458 0.368519 0.285417 0.368519 0.284896 0.367593 0.283854 0.367593 0.283333 0.366667 0.280729 0.366667 0.280208 0.367593 0.278646 0.367593 0.278125 0.368519 0.277083 0.368519 0.276562 0.369444 0.276042 0.369444 0.275521 0.370370 0.275000 0.370370 0.273438 0.373148 0.272917 0.373148 0.272396 0.374074 0.272396 0.375000 0.271875 0.375926 0.271354 0.375926 0.271354 0.376852 0.270313 0.378704 0.270313 0.379630 0.269792 0.380556 0.269792 0.381481 0.269271 0.382407 0.269271 0.383333 0.268750 0.384259 0.268750 0.387963 0.268229 0.388889 0.268229 0.392593 0.268750 0.393519 0.268750 0.396296 0.269271 0.397222 0.269271 0.399074 0.270833 0.401852 0.271354 0.401852 0.272917 0.404630 0.273438 0.404630 0.273958 0.405556 0.276042 0.405556 0.276562 0.406481 0.277604 0.406481 0.278125 0.405556 0.280729 0.405556 0.281250 0.404630 0.281771 0.404630 0.282292 0.403704 0.283333 0.403704 0.284896 0.400926 0.285417 0.400926 0.285938 0.400000 0.286458 0.400000 0.286979 0.399074 0.286979 0.398148 0.288542 0.395370 0.288542 0.394444 0.289583 0.392593 0.289583 0.391667 0.290104 0.390741 0.290104 0.388889 0.290625 0.387963 0.290625 0.376852 0.290104 0.375926 0.290104 0.375000 0.288021 0.371296 0.288021 0.370370
0 0.510417 0.812037 0.510417 0.812963 0.508854 0.815741 0.508854 0.816667 0.508333 0.817593 0.508333 0.824074 0.508854 0.825000 0.508854 0.825926 0.509375 0.826852 0.509375 0.827778 0.509896 0.828704 0.510417 0.828704 0.511458 0.830556 0.512500 0.830556 0.513021 0.831481 0.518229 0.831481 0.518750 0.830556 0.519271 0.830556 0.520312 0.828704 0.520833 0.828704 0.521354 0.827778 0.521354 0.826852 0.522396 0.825000 0.522396 0.824074 0.522917 0.823148 0.522917 0.817593 0.522396 0.816667 0.522396 0.815741 0.521354 0.813889 0.521354 0.812963 0.520833 0.812037 0.520312 0.812037 0.519271 0.810185 0.518229 0.810185 0.517708 0.809259 0.514062 0.809259 0.513542 0.810185 0.512500 0.810185 0.511979 0.811111 0.511458 0.811111 0.510938 0.812037
0 0.520312 0.812963 0.520312 0.821296 0.520833 0.822222 0.520833 0.823148 0.521354 0.824074 0.521354 0.825000 0.522396 0.826852 0.522917 0.826852 0.523958 0.828704 0.524479 0.828704 0.525521 0.830556 0.526563 0.830556 0.527083 0.831481 0.528125 0.831481 0.528646 0.832407 0.530208 0.832407 0.530729 0.833333 0.534375 0.833333 0.534896 0.832407 0.536979 0.832407 0.537500 0.831481 0.538542 0.831481 0.539062 0.830556 0.539583 0.830556 0.540104 0.829630 0.540625 0.829630 0.541667 0.827778 0.542188 0.827778 0.542188 0.826852 0.542708 0.825926 0.543229 0.825926 0.543750 0.825000 0.543750 0.824074 0.544271 0.823148 0.544271 0.821296 0.544792 0.820370 0.544792 0.815741 0.544271 0.814815 0.544271 0.812963 0.543229 0.811111 0.543229 0.810185 0.542188 0.808333 0.541667 0.808333 0.540625 0.806481 0.540104 0.806481 0.539062 0.804630 0.538542 0.804630 0.538021 0.803704 0.536458 0.803704 0.535937 0.802778 0.528125 0.802778 0.527604 0.803704 0.526563 0.803704 0.526042 0.804630 0.525000 0.804630 0.523958 0.806481 0.523438 0.806481 0.520833 0.811111 0.520833 0.812037
0 0.825000 0.719444 0.823958 0.721296 0.823438 0.721296 0.822917 0.722222 0.822917 0.723148 0.821875 0.725000 0.821875 0.726852 0.821354 0.727778 0.821354 0.737037 0.821875 0.737963 0.821875 0.739815 0.822917 0.741667 0.822917 0.742593 0.826042 0.748148 0.827083 0.748148 0.827604 0.749074 0.828125 0.749074 0.828646 0.750000 0.830729 0.750000 0.831250 0.749074 0.832812 0.749074 0.834375 0.746296 0.834896 0.746296 0.834896 0.745370 0.835938 0.743519 0.835938 0.742593 0.836458 0.741667 0.836458 0.739815 0.836979 0.738889 0.836979 0.734259 0.836458 0.733333 0.836458 0.730556 0.835938 0.729630 0.835938 0.727778 0.834896 0.725926 0.834896 0.725000 0.833854 0.723148 0.833333 0.723148 0.831250 0.719444 0.829688 0.719444 0.829167 0.718519 0.826562 0.718519 0.826042 0.719444
0 0.671354 0.721296 0.671354 0.722222 0.670833 0.723148 0.670833 0.724074 0.670312 0.725000 0.670312 0.732407 0.670833 0.733333 0.670833 0.734259 0.671354 0.735185 0.671354 0.736111 0.672396 0.737963 0.672917 0.737963 0.674479 0.740741 0.675000 0.740741 0.675521 0.741667 0.677083 0.741667 0.677604 0.742593 0.683333 0.742593 0.683854 0.741667 0.685417 0.741667 0.685937 0.740741 0.686979 0.740741 0.687500 0.739815 0.688021 0.739815 0.689063 0.737963 0.689583 0.737963 0.692187 0.733333 0.692187 0.732407 0.692708 0.731481 0.692708 0.730556 0.693229 0.729630 0.693229 0.727778 0.693750 0.726852 0.693750 0.724074 0.693229 0.723148 0.693229 0.720370 0.691667 0.717593 0.691667 0.716667 0.691146 0.715741 0.690625 0.715741 0.689583 0.713889 0.688542 0.713889 0.688021 0.712963 0.687500 0.712963 0.686979 0.712037 0.679688 0.712037 0.679167 0.712963 0.677604 0.712963 0.676562 0.714815 0.675521 0.714815 0.675000 0.715741 0.674479 0.715741 0.674479 0.716667 0.673958 0.717593 0.673438 0.717593
0 0.693229 0.785185 0.692708 0.785185 0.692187 0.784259 0.691667 0.784259 0.691146 0.783333 0.688542 0.783333 0.688021 0.782407 0.687500 0.783333 0.685417 0.783333 0.684375 0.785185 0.683854 0.785185 0.681771 0.788889 0.681771 0.789815 0.681250 0.790741 0.681250 0.796296 0.681771 0.797222 0.681771 0.798148 0.684375 0.802778 0.685417 0.802778 0.685937 0.803704 0.690104 0.803704 0.690625 0.802778 0.691667 0.802778 0.692187 0.801852 0.692708 0.801852 0.694792 0.798148 0.694792 0.797222 0.695312 0.796296 0.695312 0.793519 0.695833 0.792593 0.695312 0.791667 0.695312 0.788889
0 0.267708 0.722222 0.266146 0.725000 0.266146 0.725926 0.265104 0.727778 0.265104 0.728704 0.264583 0.729630 0.264583 0.736111 0.265104 0.737037 0.265104 0.737963 0.265625 0.738889 0.265625 0.740741 0.267708 0.744444 0.268750 0.744444 0.269792 0.746296 0.271354 0.746296 0.271875 0.747222 0.276042 0.747222 0.276562 0.746296 0.277083 0.746296 0.277604 0.745370 0.278646 0.745370 0.281250 0.740741 0.281250 0.739815 0.281771 0.738889 0.281771 0.737037 0.282292 0.736111 0.282292 0.732407 0.281771 0.731481 0.281771 0.729630 0.281250 0.728704 0.281250 0.727778 0.278125 0.722222 0.277604 0.722222 0.277083 0.721296 0.276562 0.721296 0.276042 0.720370 0.269792 0.720370 0.269271 0.721296 0.268750 0.721296 0.268229 0.722222
0 0.586458 0.603704 0.585938 0.603704 0.585417 0.602778 0.584896 0.602778 0.584375 0.601852 0.582812 0.601852 0.582292 0.600926 0.579167 0.600926 0.578646 0.601852 0.577083 0.601852 0.576562 0.602778 0.576042 0.602778 0.575521 0.603704 0.574479 0.603704 0.573438 0.605556 0.572917 0.605556 0.570833 0.609259 0.570833 0.610185 0.569792 0.612037 0.569792 0.612963 0.568750 0.614815 0.568750 0.616667 0.568229 0.617593 0.568229 0.624074 0.568750 0.625000 0.568750 0.626852 0.570833 0.630556 0.571354 0.630556 0.571875 0.631481 0.572396 0.631481 0.572917 0.632407 0.578646 0.632407 0.579167 0.631481 0.579688 0.631481 0.580208 0.630556 0.581250 0.630556 0.581771 0.629630 0.582292 0.629630 0.583333 0.627778 0.583854 0.627778 0.586458 0.623148 0.586458 0.622222 0.587500 0.620370 0.587500 0.619444 0.588021 0.618519 0.588021 0.616667 0.588542 0.615741 0.588542 0.610185 0.588021 0.609259 0.588021 0.608333 0.587500 0.607407 0.587500 0.606481 0.586979 0.605556 0.586979 0.604630
0 0.295833 0.031481 0.295833 0.037963 0.297917 0.041667 0.297917 0.042593 0.298438 0.043519 0.298958 0.043519 0.299479 0.044444 0.300000 0.044444 0.300521 0.045370 0.301042 0.045370 0.301563 0.046296 0.302083 0.046296 0.302604 0.047222 0.303646 0.047222 0.304167 0.048148 0.305729 0.048148 0.306250 0.049074 0.309896 0.049074 0.310417 0.050000 0.311458 0.050000 0.311979 0.049074 0.315104 0.049074 0.315625 0.048148 0.316667 0.048148 0.317188 0.047222 0.317708 0.047222 0.318229 0.046296 0.318750 0.046296 0.319792 0.044444 0.319792 0.043519 0.320833 0.041667 0.320833 0.038889 0.320312 0.037963 0.320312 0.036111 0.319792 0.035185 0.319792 0.034259 0.319271 0.033333 0.318750 0.033333 0.317188 0.030556 0.316667 0.030556 0.315625 0.028704 0.315104 0.028704 0.314583 0.027778 0.313542 0.027778 0.313021 0.026852 0.311979 0.026852 0.311458 0.025926 0.309375 0.025926 0.308854 0.025000 0.302604 0.025000 0.302083 0.025926 0.300521 0.025926 0.300000 0.026852 0.298958 0.026852 0.297917 0.028704 0.297396 0.028704
0 0.108333 0.957407 0.107813 0.958333 0.106771 0.958333 0.106250 0.959259 0.105729 0.959259 0.105208 0.960185 0.104688 0.960185 0.103646 0.962037 0.103125 0.962037 0.103125 0.962963 0.101562 0.965741 0.101562 0.966667 0.101042 0.967593 0.101042 0.968519 0.100521 0.969444 0.100521 0.972222 0.100000 0.973148 0.100000 0.976852 0.100521 0.977778 0.100521 0.980556 0.101042 0.981481 0.101042 0.982407 0.101562 0.983333 0.101562 0.984259 0.102083 0.984259 0.102604 0.985185 0.102604 0.986111 0.103646 0.987963 0.104167 0.987963 0.104688 0.988889 0.105208 0.988889 0.105729 0.989815 0.106250 0.989815 0.106771 0.990741 0.108333 0.990741 0.108854 0.991667 0.111458 0.991667 0.111979 0.990741 0.113542 0.990741 0.114062 0.989815 0.114583 0.989815 0.115104 0.988889 0.115625 0.988889 0.116667 0.987037 0.117188 0.987037 0.119792 0.982407 0.119792 0.981481 0.120313 0.980556 0.120313 0.978704 0.120833 0.977778 0.120833 0.969444 0.120313 0.968519 0.120313 0.966667 0.119792 0.965741 0.119792 0.964815 0.118229 0.962037 0.117708 0.962037 0.116146 0.959259 0.115625 0.959259 0.115104 0.958333 0.114062 0.958333 0.113542 0.957407
0 0.523958 0.799074 0.523958 0.803704 0.524479 0.804630 0.524479 0.805556 0.525000 0.806481 0.525521 0.806481 0.526563 0.808333 0.527083 0.808333 0.528125 0.810185 0.528646 0.810185 0.529167 0.811111 0.530208 0.811111 0.530729 0.812037 0.531771 0.812037 0.532292 0.812963 0.533854 0.812963 0.534375 0.813889 0.536458 0.813889 0.536979 0.814815 0.545312 0.814815 0.545833 0.813889 0.547917 0.813889 0.548438 0.812963 0.548958 0.812963 0.549479 0.812037 0.550000 0.812037 0.552083 0.808333 0.552083 0.807407 0.552604 0.806481 0.552604 0.805556 0.552083 0.804630 0.552083 0.803704 0.551562 0.802778 0.551562 0.801852 0.551042 0.800926 0.550521 0.800926 0.548958 0.798148 0.548438 0.798148 0.547917 0.797222 0.547396 0.797222 0.546875 0.796296 0.545833 0.796296 0.545312 0.795370 0.544271 0.795370 0.543750 0.794444 0.542188 0.794444 0.541667 0.793519 0.539583 0.793519 0.539062 0.792593 0.530729 0.792593 0.530208 0.793519 0.528646 0.793519 0.528125 0.794444 0.527083 0.794444 0.526563 0.795370 0.526042 0.795370
0 0.715625 0.449074 0.715625 0.456481 0.716146 0.457407 0.716146 0.459259 0.717708 0.462037 0.718229 0.462037 0.719792 0.464815 0.720833 0.464815 0.721354 0.465741 0.721875 0.465741 0.722396 0.466667 0.730208 0.466667 0.730729 0.465741 0.731771 0.465741 0.732292 0.464815 0.732812 0.464815 0.733333 0.463889 0.733854 0.463889 0.734375 0.462963 0.734896 0.462963 0.735938 0.461111 0.736458 0.461111 0.736979 0.460185 0.736979 0.459259 0.738542 0.456481 0.738542 0.454630 0.739062 0.453704 0.739062 0.448148 0.738542 0.447222 0.738542 0.445370 0.735938 0.440741 0.735417 0.440741 0.734375 0.438889 0.733333 0.438889 0.732812 0.437963 0.731771 0.437963 0.731250 0.437037 0.725521 0.437037 0.725000 0.437963 0.723437 0.437963 0.722917 0.438889 0.721875 0.438889 0.720833 0.440741 0.719792 0.440741 0.719271 0.441667 0.718750 0.441667 0.718750 0.442593 0.716146 0.447222 0.716146 0.448148
0 0.587500 0.804630 0.586979 0.804630 0.586458 0.805556 0.584375 0.805556 0.583854 0.806481 0.582812 0.806481 0.581250 0.809259 0.580729 0.809259 0.579688 0.811111 0.579688 0.812963 0.578646 0.814815 0.578646 0.816667 0.578125 0.817593 0.578125 0.826852 0.578646 0.827778 0.578646 0.828704 0.579167 0.829630 0.579167 0.830556 0.582292 0.836111 0.583333 0.836111 0.583854 0.837037 0.584896 0.837037 0.585417 0.837963 0.588021 0.837963 0.588542 0.837037 0.590104 0.837037 0.590625 0.836111 0.591146 0.836111 0.593229 0.832407 0.593750 0.832407 0.594271 0.831481 0.594271 0.830556 0.594792 0.829630 0.594792 0.828704 0.595313 0.827778 0.595313 0.826852 0.595833 0.825926 0.595833 0.815741 0.595313 0.814815 0.595313 0.813889 0.594792 0.812963 0.594792 0.812037 0.592187 0.807407 0.591667 0.807407 0.591146 0.806481 0.590625 0.806481 0.590104 0.805556 0.588021 0.805556
0 0.250521 0.396296 0.250000 0.396296 0.249479 0.395370 0.248438 0.395370 0.247917 0.394444 0.242708 0.394444 0.242188 0.395370 0.241667 0.395370 0.241146 0.396296 0.240104 0.396296 0.239583 0.397222 0.239063 0.397222 0.238542 0.398148 0.238021 0.398148 0.238021 0.399074 0.237500 0.400000 0.236979 0.400000 0.233854 0.405556 0.233854 0.406481 0.233333 0.407407 0.233333 0.409259 0.232292 0.411111 0.232292 0.413889 0.231771 0.414815 0.231771 0.421296 0.232292 0.422222 0.232292 0.424074 0.232813 0.425000 0.232813 0.425926 0.235417 0.430556 0.235937 0.430556 0.236458 0.431481 0.237500 0.431481 0.238021 0.432407 0.242188 0.432407 0.242708 0.431481 0.244271 0.431481 0.244792 0.430556 0.245312 0.430556 0.245833 0.429630 0.246354 0.429630 0.246875 0.428704 0.247396 0.428704 0.252083 0.420370 0.252083 0.419444 0.252604 0.418519 0.252604 0.417593 0.253125 0.416667 0.253125 0.415741 0.253646 0.414815 0.253646 0.411111 0.254167 0.410185 0.254167 0.407407 0.253646 0.406481 0.253646 0.403704 0.253125 0.402778 0.253125 0.400926
0 0.413021 0.666667 0.411979 0.666667 0.411458 0.665741 0.409896 0.665741 0.409375 0.664815 0.405729 0.664815 0.405208 0.665741 0.403125 0.665741 0.402604 0.666667 0.402083 0.666667 0.401562 0.667593 0.400521 0.667593 0.400000 0.668519 0.399479 0.668519 0.396354 0.674074 0.396354 0.675000 0.395313 0.676852 0.395313 0.677778 0.394792 0.678704 0.394792 0.680556 0.394271 0.681481 0.394271 0.687037 0.394792 0.687963 0.394792 0.689815 0.395313 0.690741 0.395313 0.691667 0.396354 0.693519 0.396354 0.694444 0.397396 0.696296 0.397917 0.696296 0.398958 0.698148 0.399479 0.698148 0.400000 0.699074 0.400521 0.699074 0.401042 0.700000 0.402083 0.700000 0.402604 0.700926 0.408333 0.700926 0.408854 0.700000 0.410417 0.700000 0.410938 0.699074 0.411458 0.699074 0.411979 0.698148 0.412500 0.698148 0.413021 0.697222 0.413542 0.697222 0.414583 0.695370 0.415104 0.695370 0.416146 0.693519 0.416146 0.692593 0.417708 0.689815 0.417708 0.688889 0.418229 0.687963 0.418229 0.685185 0.418750 0.684259 0.418750 0.678704 0.418229 0.677778 0.418229 0.675926 0.417708 0.675000 0.417708 0.674074 0.416667 0.672222 0.416667 0.671296 0.416146 0.670370 0.415625 0.670370 0.414583 0.668519 0.414062 0.668519
0 0.663021 0.351852 0.663021 0.352778 0.662500 0.353704 0.662500 0.354630 0.661979 0.355556 0.661979 0.356481 0.661458 0.357407 0.661458 0.362037 0.661979 0.362963 0.661979 0.364815 0.662500 0.365741 0.662500 0.366667 0.663021 0.367593 0.663021 0.368519 0.664583 0.371296 0.664583 0.372222 0.665104 0.373148 0.665625 0.373148 0.667188 0.375926 0.667708 0.375926 0.668229 0.376852 0.668750 0.376852 0.669271 0.377778 0.669792 0.377778 0.670312 0.378704 0.671354 0.378704 0.671875 0.379630 0.673438 0.379630 0.673958 0.380556 0.679167 0.380556 0.679688 0.379630 0.680729 0.379630 0.681250 0.378704 0.681771 0.378704 0.682292 0.377778 0.682813 0.377778 0.684896 0.374074 0.684896 0.372222 0.685417 0.371296 0.685417 0.365741 0.684896 0.364815 0.684896 0.362963 0.684375 0.362037 0.684375 0.361111 0.683333 0.359259 0.683333 0.358333 0.680729 0.353704 0.680208 0.353704 0.679167 0.351852 0.678646 0.351852 0.677604 0.350000 0.676562 0.350000 0.676042 0.349074 0.675000 0.349074 0.674479 0.348148 0.672396 0.348148 0.671875 0.347222 0.669271 0.347222 0.668750 0.348148 0.666667 0.348148 0.666146 0.349074 0.665625 0.349074 0.665104 0.350000 0.664583 0.350000 0.664062 0.350926 0.663542 0.350926
0 0.596354 0.962037 0.596354 0.962963 0.595313 0.964815 0.595313 0.965741 0.594792 0.966667 0.594792 0.968519 0.594271 0.969444 0.594271 0.975926 0.594792 0.976852 0.594792 0.978704 0.596354 0.981481 0.596354 0.982407 0.596875 0.982407 0.597917 0.984259 0.598437 0.984259 0.599479 0.986111 0.600521 0.986111 0.601042 0.987037 0.602083 0.987037 0.602604 0.987963 0.608854 0.987963 0.609375 0.987037 0.610938 0.987037 0.611458 0.986111 0.612500 0.986111 0.613542 0.984259 0.614062 0.984259 0.615625 0.981481 0.616146 0.981481 0.616146 0.980556 0.617708 0.977778 0.617708 0.976852 0.618229 0.975926 0.618229 0.974074 0.618750 0.973148 0.618750 0.967593 0.618229 0.966667 0.618229 0.965741 0.617708 0.964815 0.617708 0.962963 0.615104 0.958333 0.614583 0.958333 0.614062 0.957407 0.613542 0.957407 0.613021 0.956481 0.612500 0.956481 0.611979 0.955556 0.610417 0.955556 0.609896 0.954630 0.604167 0.954630 0.603646 0.955556 0.602604 0.955556 0.602083 0.956481 0.601042 0.956481 0.600521 0.957407 0.600000 0.957407 0.599479 0.958333 0.598958 0.958333 0.597396 0.961111 0.596875 0.961111
0 0.816146 0.409259 0.814583 0.409259 0.814063 0.408333 0.810417 0.408333 0.809896 0.409259 0.808333 0.409259 0.807813 0.410185 0.806771 0.410185 0.805729 0.412037 0.805208 0.412037 0.804688 0.412963 0.804167 0.412963 0.802604 0.415741 0.802604 0.416667 0.802083 0.417593 0.801562 0.417593 0.801562 0.418519 0.800521 0.420370 0.800521 0.422222 0.800000 0.423148 0.800000 0.425000 0.799479 0.425926 0.799479 0.433333 0.800000 0.434259 0.800000 0.436111 0.800521 0.437037 0.800521 0.437963 0.801562 0.439815 0.801562 0.440741 0.802083 0.441667 0.802604 0.441667 0.803646 0.443519 0.804167 0.443519 0.804688 0.444444 0.805729 0.444444 0.806250 0.445370 0.808854 0.445370 0.809375 0.446296 0.809896 0.445370 0.812500 0.445370 0.813021 0.444444 0.814063 0.444444 0.814583 0.443519 0.815104 0.443519 0.815625 0.442593 0.816146 0.442593 0.817187 0.440741 0.817708 0.440741 0.819271 0.437963 0.819271 0.437037 0.820312 0.435185 0.820312 0.434259 0.821354 0.432407 0.821354 0.430556 0.821875 0.429630 0.821875 0.420370 0.821354 0.419444 0.821354 0.417593 0.820833 0.416667 0.820833 0.415741 0.819271 0.412963 0.818750 0.412963 0.818229 0.412037 0.818229 0.411111 0.817187 0.411111
0 0.491667 0.764815 0.491667 0.765741 0.491146 0.766667 0.491146 0.769444 0.490625 0.770370 0.490625 0.771296 0.491146 0.772222 0.491146 0.774074 0.491667 0.775000 0.491667 0.775926 0.494271 0.780556 0.495312 0.780556 0.495833 0.781481 0.496875 0.781481 0.497396 0.782407 0.503646 0.782407 0.504167 0.781481 0.505208 0.781481 0.505729 0.780556 0.506771 0.780556 0.507812 0.778704 0.508333 0.778704 0.511458 0.773148 0.511458 0.770370 0.511979 0.769444 0.511979 0.766667 0.511458 0.765741 0.511458 0.763889 0.508854 0.759259 0.508333 0.759259 0.507812 0.758333 0.507292 0.758333 0.506771 0.757407 0.505729 0.757407 0.505208 0.756481 0.499479 0.756481 0.498958 0.757407 0.497917 0.757407 0.497396 0.758333 0.496875 0.758333 0.496354 0.759259 0.495312 0.759259 0.494792 0.760185 0.494271 0.760185
0 0.961458 0.347222 0.960938 0.348148 0.959896 0.348148 0.959375 0.349074 0.958854 0.349074 0.958333 0.350000 0.957812 0.350000 0.957292 0.350926 0.956771 0.350926 0.956250 0.351852 0.955729 0.351852 0.953646 0.355556 0.953646 0.356481 0.952604 0.358333 0.952604 0.359259 0.952083 0.360185 0.952083 0.361111 0.951562 0.362037 0.951562 0.363889 0.951042 0.364815 0.951042 0.372222 0.951562 0.373148 0.951562 0.375000 0.952604 0.376852 0.952604 0.377778 0.953646 0.379630 0.953646 0.380556 0.954167 0.381481 0.954688 0.381481 0.955729 0.383333 0.956250 0.383333 0.956771 0.384259 0.957292 0.384259 0.957812 0.385185 0.958854 0.385185 0.959375 0.386111 0.966146 0.386111 0.966667 0.385185 0.967708 0.385185 0.968229 0.384259 0.968750 0.384259 0.969271 0.383333 0.969792 0.383333 0.970313 0.382407 0.970833 0.382407 0.971354 0.381481 0.971875 0.381481 0.972396 0.380556 0.972396 0.379630 0.972917 0.378704 0.973437 0.378704 0.973437 0.377778 0.973958 0.376852 0.974479 0.376852 0.974479 0.375926 0.975000 0.375000 0.975000 0.374074 0.975521 0.373148 0.975521 0.372222 0.976042 0.371296 0.976042 0.369444 0.976562 0.368519 0.976562 0.362037 0.976042 0.361111 0.976042 0.358333 0.975000 0.356481 0.975000 0.355556 0.972917 0.351852 0.972396 0.351852 0.971875 0.350926 0.971875 0.350000 0.971354 0.350000 0.970833 0.349074 0.970313 0.349074 0.969792 0.348148 0.968750 0.348148 0.968229 0.347222
0 0.574479 0.804630 0.568750 0.804630 0.568229 0.805556 0.567187 0.805556 0.566667 0.806481 0.566146 0.806481 0.565104 0.808333 0.564583 0.808333 0.561979 0.812963 0.561979 0.813889 0.560937 0.815741 0.560937 0.816667 0.560417 0.817593 0.560417 0.819444 0.559896 0.820370 0.559896 0.829630 0.560417 0.830556 0.560417 0.831481 0.560937 0.832407 0.560937 0.833333 0.561979 0.835185 0.561979 0.836111 0.563542 0.838889 0.564063 0.838889 0.564583 0.839815 0.565104 0.839815 0.565625 0.840741 0.567187 0.840741 0.567708 0.841667 0.570833 0.841667 0.571354 0.840741 0.572396 0.840741 0.572917 0.839815 0.573958 0.839815 0.574479 0.838889 0.575000 0.838889 0.576042 0.837037 0.576562 0.837037 0.576562 0.836111 0.577083 0.835185 0.577604 0.835185 0.579167 0.832407 0.579167 0.831481 0.579688 0.830556 0.579688 0.829630 0.580208 0.828704 0.580208 0.827778 0.580729 0.826852 0.580729 0.823148 0.581250 0.822222 0.581250 0.818519 0.580729 0.817593 0.580729 0.814815 0.580208 0.813889 0.580208 0.812963 0.579688 0.812037 0.579688 0.811111 0.577604 0.807407 0.577083 0.807407 0.576562 0.806481 0.576042 0.806481 0.575521 0.805556 0.575000 0.805556
0 0.256250 0.100926 0.255208 0.102778 0.255208 0.103704 0.253646 0.106481 0.253646 0.108333 0.253125 0.109259 0.253125 0.117593 0.253646 0.118519 0.253646 0.120370 0.254688 0.122222 0.254688 0.123148 0.257292 0.127778 0.257812 0.127778 0.258333 0.128704 0.258854 0.128704 0.259375 0.129630 0.259896 0.129630 0.260417 0.130556 0.261979 0.130556 0.262500 0.131481 0.264583 0.131481 0.265104 0.130556 0.266667 0.130556 0.267188 0.129630 0.267708 0.129630 0.268229 0.128704 0.268750 0.128704 0.271354 0.124074 0.271354 0.123148 0.271875 0.122222 0.271875 0.121296 0.272396 0.120370 0.272396 0.112037 0.271875 0.111111 0.271875 0.109259 0.270313 0.106481 0.270313 0.105556 0.268229 0.101852 0.267708 0.101852 0.266667 0.100000 0.266146 0.100000 0.265625 0.099074 0.264583 0.099074 0.264062 0.098148 0.259896 0.098148 0.259375 0.099074 0.258333 0.099074 0.257812 0.100000 0.257292 0.100000 0.256771 0.100926
0 0.107813 0.115741 0.107292 0.115741 0.106771 0.114815 0.106250 0.114815 0.105729 0.113889 0.103125 0.113889 0.102604 0.112963 0.102083 0.113889 0.098958 0.113889 0.098437 0.114815 0.097917 0.114815 0.097396 0.115741 0.096875 0.115741 0.096354 0.116667 0.095833 0.116667 0.093229 0.121296 0.093229 0.122222 0.092188 0.124074 0.092188 0.126852 0.091667 0.127778 0.091667 0.131481 0.092188 0.132407 0.092188 0.134259 0.092708 0.135185 0.092708 0.136111 0.094792 0.139815 0.095312 0.139815 0.095833 0.140741 0.096354 0.140741 0.096875 0.141667 0.098958 0.141667 0.099479 0.142593 0.101042 0.142593 0.101562 0.141667 0.103646 0.141667 0.104167 0.140741 0.105208 0.140741 0.105729 0.139815 0.106250 0.139815 0.108333 0.136111 0.108854 0.136111 0.109375 0.135185 0.109375 0.134259 0.109896 0.133333 0.109896 0.132407 0.110417 0.131481 0.110417 0.130556 0.110937 0.129630 0.110937 0.124074 0.110417 0.123148 0.110417 0.121296 0.109896 0.120370 0.109896 0.119444
0 0.931250 0.419444 0.930208 0.419444 0.929688 0.418519 0.928646 0.418519 0.928125 0.417593 0.925000 0.417593 0.924479 0.418519 0.922917 0.418519 0.922396 0.419444 0.921354 0.419444 0.920312 0.421296 0.919792 0.421296 0.919271 0.422222 0.918750 0.422222 0.918229 0.423148 0.918229 0.424074 0.915625 0.428704 0.915625 0.430556 0.915104 0.431481 0.915104 0.437963 0.915625 0.438889 0.915625 0.439815 0.917708 0.443519 0.918229 0.443519 0.919271 0.445370 0.926042 0.445370 0.926562 0.444444 0.927083 0.444444 0.927604 0.443519 0.928125 0.443519 0.928646 0.442593 0.929167 0.442593 0.930208 0.440741 0.930729 0.440741 0.932813 0.437037 0.932813 0.436111 0.933854 0.434259 0.933854 0.431481 0.934375 0.430556 0.934375 0.426852 0.933854 0.425926 0.933854 0.425000 0.933333 0.424074 0.933333 0.423148
0 0.943229 0.718519 0.942708 0.719444 0.942187 0.719444 0.941667 0.720370 0.941667 0.722222 0.941146 0.723148 0.941146 0.730556 0.941667 0.731481 0.941667 0.732407 0.942187 0.733333 0.942187 0.734259 0.944271 0.737963 0.945312 0.737963 0.945833 0.738889 0.946875 0.738889 0.947396 0.737963 0.947917 0.737963 0.948958 0.736111 0.948958 0.735185 0.949479 0.734259 0.949479 0.725926 0.948958 0.725000 0.948958 0.724074 0.948438 0.723148 0.948438 0.722222 0.947396 0.720370 0.946875 0.720370 0.945833 0.718519
0 0.182292 0.003704 0.182292 0.005556 0.183333 0.007407 0.183854 0.007407 0.184375 0.008333 0.184896 0.008333 0.185417 0.009259 0.185938 0.009259 0.186458 0.010185 0.188021 0.010185 0.188542 0.011111 0.195833 0.011111 0.196354 0.010185 0.197917 0.010185 0.198437 0.009259 0.198958 0.009259 0.200000 0.007407 0.200000 0.005556 0.198437 0.002778 0.197917 0.002778 0.197396 0.001852 0.196875 0.001852 0.196354 0.000926 0.195312 0.000926 0.194792 0.000000 0.184896 0.000000 0.184375 0.000926 0.183854 0.000926
0 0.349479 0.244444 0.348958 0.245370 0.347917 0.245370 0.343750 0.252778 0.343750 0.254630 0.343229 0.255556 0.343229 0.259259 0.342708 0.260185 0.342708 0.262037 0.343229 0.262963 0.343229 0.266667 0.343750 0.267593 0.343750 0.269444 0.344792 0.271296 0.344792 0.272222 0.346875 0.275926 0.347396 0.275926 0.347917 0.276852 0.348438 0.276852 0.348958 0.277778 0.350000 0.277778 0.350521 0.278704 0.353646 0.278704 0.354167 0.277778 0.355208 0.277778 0.355729 0.276852 0.356250 0.276852 0.358854 0.272222 0.358854 0.271296 0.359375 0.270370 0.359375 0.269444 0.359896 0.268519 0.359896 0.264815 0.360417 0.263889 0.360417 0.261111 0.359896 0.260185 0.359896 0.256481 0.359375 0.255556 0.359375 0.253704 0.358333 0.251852 0.358333 0.250926 0.356250 0.247222 0.355729 0.247222 0.355208 0.246296 0.354687 0.246296 0.354167 0.245370 0.353125 0.245370 0.352604 0.244444
0 0.389583 0.877778 0.389583 0.878704 0.388542 0.880556 0.388542 0.882407 0.388021 0.883333 0.388021 0.888889 0.388542 0.889815 0.388542 0.890741 0.389062 0.891667 0.389062 0.892593 0.389583 0.893519 0.390104 0.893519 0.391667 0.896296 0.392708 0.896296 0.393229 0.897222 0.398438 0.897222 0.398958 0.896296 0.400000 0.896296 0.401042 0.894444 0.401562 0.894444 0.403646 0.890741 0.403646 0.889815 0.404167 0.888889 0.404167 0.886111 0.404687 0.885185 0.404687 0.884259 0.404167 0.883333 0.404167 0.881481 0.403646 0.880556 0.403646 0.879630 0.402604 0.877778 0.402604 0.876852 0.401562 0.875000 0.400521 0.875000 0.400000 0.874074 0.399479 0.874074 0.398958 0.873148 0.394271 0.873148 0.393750 0.874074 0.393229 0.874074 0.392708 0.875000 0.391667 0.875000 0.390104 0.877778
0 0.898438 0.218519 0.898438 0.219444 0.898958 0.220370 0.898958 0.223148 0.902604 0.229630 0.903125 0.229630 0.903646 0.230556 0.904687 0.230556 0.905208 0.231481 0.905729 0.231481 0.906250 0.232407 0.914062 0.232407 0.914583 0.231481 0.915625 0.231481 0.916146 0.230556 0.917188 0.230556 0.918750 0.227778 0.919271 0.227778 0.919271 0.226852 0.920312 0.225000 0.920312 0.223148 0.920833 0.222222 0.920833 0.219444 0.920312 0.218519 0.920312 0.216667 0.919271 0.214815 0.919271 0.213889 0.918750 0.213889 0.916667 0.210185 0.916146 0.210185 0.915625 0.209259 0.914583 0.209259 0.914062 0.208333 0.912500 0.208333 0.911979 0.207407 0.906250 0.207407 0.905729 0.208333 0.904167 0.208333 0.903646 0.209259 0.902604 0.209259 0.901042 0.212037 0.900521 0.212037 0.899479 0.213889 0.899479 0.214815 0.898958 0.215741 0.898958 0.217593
0 0.904167 0.410185 0.904167 0.411111 0.904687 0.412037 0.904687 0.414815 0.905208 0.415741 0.905208 0.416667 0.906771 0.419444 0.907292 0.419444 0.907813 0.420370 0.908333 0.420370 0.908854 0.421296 0.909896 0.421296 0.910417 0.422222 0.916146 0.422222 0.916667 0.421296 0.918229 0.421296 0.919271 0.419444 0.920312 0.419444 0.920833 0.418519 0.921354 0.418519 0.923438 0.414815 0.923438 0.413889 0.923958 0.412963 0.923958 0.412037 0.924479 0.411111 0.924479 0.405556 0.923958 0.404630 0.923958 0.403704 0.921354 0.399074 0.920833 0.399074 0.920312 0.398148 0.919271 0.398148 0.918750 0.397222 0.911979 0.397222 0.911458 0.398148 0.910417 0.398148 0.909375 0.400000 0.908333 0.400000 0.905208 0.405556 0.905208 0.406481 0.904687 0.407407 0.904687 0.409259
0 0.421354 0.959259 0.418229 0.964815 0.418229 0.965741 0.417708 0.966667 0.417708 0.969444 0.417187 0.970370 0.417187 0.974074 0.417708 0.975000 0.417708 0.977778 0.418229 0.978704 0.418229 0.979630 0.418750 0.980556 0.418750 0.981481 0.421354 0.986111 0.421875 0.986111 0.422396 0.987037 0.422917 0.987037 0.423438 0.987963 0.423958 0.987963 0.424479 0.988889 0.426563 0.988889 0.427083 0.989815 0.428646 0.989815 0.429167 0.988889 0.430729 0.988889 0.431250 0.987963 0.431771 0.987963 0.432292 0.987037 0.432812 0.987037 0.433333 0.986111 0.433854 0.986111 0.433854 0.985185 0.435937 0.981481 0.435937 0.980556 0.436458 0.979630 0.436458 0.976852 0.436979 0.975926 0.436979 0.972222 0.436458 0.971296 0.436458 0.968519 0.435417 0.966667 0.435417 0.965741 0.432812 0.961111 0.432292 0.961111 0.431250 0.959259 0.430729 0.959259 0.430208 0.958333 0.429167 0.958333 0.428646 0.957407 0.424479 0.957407 0.423958 0.958333 0.422917 0.958333 0.422396 0.959259
0 0.864583 0.883333 0.864062 0.884259 0.862500 0.884259 0.861979 0.885185 0.861458 0.885185 0.860938 0.886111 0.860417 0.886111 0.859375 0.887963 0.858854 0.887963 0.857292 0.890741 0.857292 0.891667 0.856250 0.893519 0.856250 0.894444 0.855729 0.895370 0.855729 0.897222 0.855208 0.898148 0.855208 0.900000 0.854688 0.900926 0.854688 0.909259 0.855208 0.910185 0.855208 0.912037 0.855729 0.912963 0.855729 0.914815 0.856771 0.916667 0.856771 0.917593 0.858854 0.921296 0.859375 0.921296 0.860417 0.923148 0.860938 0.923148 0.861458 0.924074 0.863021 0.924074 0.863542 0.925000 0.866146 0.925000 0.866667 0.924074 0.868229 0.924074 0.868750 0.923148 0.869792 0.923148 0.870833 0.921296 0.871354 0.921296 0.871354 0.920370 0.871875 0.919444 0.872396 0.919444 0.873958 0.916667 0.873958 0.915741 0.874479 0.914815 0.874479 0.913889 0.875000 0.912963 0.875000 0.912037 0.875521 0.911111 0.875521 0.909259 0.876042 0.908333 0.876042 0.898148 0.875521 0.897222 0.875521 0.895370 0.875000 0.894444 0.875000 0.893519 0.874479 0.892593 0.874479 0.891667 0.873958 0.891667 0.873437 0.890741 0.873437 0.889815 0.871354 0.886111 0.870833 0.886111 0.870313 0.885185 0.869792 0.885185 0.869271 0.884259 0.867708 0.884259 0.867188 0.883333
0 0.171354 0.689815 0.170313 0.691667 0.170313 0.692593 0.169792 0.693519 0.169792 0.694444 0.169271 0.695370 0.169271 0.700926 0.170313 0.702778 0.170313 0.703704 0.171354 0.705556 0.171875 0.705556 0.172396 0.706481 0.172917 0.706481 0.173437 0.707407 0.178125 0.707407 0.178646 0.706481 0.179688 0.706481 0.180208 0.705556 0.180729 0.705556 0.182292 0.702778 0.182292 0.701852 0.182812 0.700926 0.182812 0.700000 0.183333 0.699074 0.183333 0.696296 0.182812 0.695370 0.182812 0.693519 0.181771 0.691667 0.181771 0.690741 0.181250 0.689815 0.180729 0.689815 0.179688 0.687963 0.178125 0.687963 0.177604 0.687037 0.175000 0.687037 0.174479 0.687963 0.172917 0.687963 0.171875 0.689815
0 0.552604 0.359259 0.552604 0.365741 0.554167 0.368519 0.554167 0.369444 0.555208 0.371296 0.556250 0.371296 0.557292 0.373148 0.558333 0.373148 0.558854 0.374074 0.559896 0.374074 0.560417 0.375000 0.565104 0.375000 0.565625 0.374074 0.567187 0.374074 0.568229 0.372222 0.568750 0.372222 0.570312 0.369444 0.570312 0.367593 0.570833 0.366667 0.570833 0.363889 0.570312 0.362963 0.570312 0.362037 0.569792 0.361111 0.569792 0.360185 0.569271 0.359259 0.568750 0.359259 0.567187 0.356481 0.566667 0.356481 0.566146 0.355556 0.565625 0.355556 0.565104 0.354630 0.564063 0.354630 0.563542 0.353704 0.556771 0.353704 0.556250 0.354630 0.555729 0.354630 0.555208 0.355556 0.554688 0.355556
0 0.255729 0.025926 0.255208 0.026852 0.254167 0.026852 0.253646 0.027778 0.253646 0.028704 0.252083 0.031481 0.252083 0.032407 0.251563 0.033333 0.251563 0.040741 0.252083 0.041667 0.252083 0.042593 0.252604 0.043519 0.252604 0.044444 0.254688 0.048148 0.255729 0.048148 0.256250 0.049074 0.258854 0.049074 0.259375 0.048148 0.259896 0.048148 0.261979 0.044444 0.261979 0.043519 0.262500 0.042593 0.262500 0.041667 0.263021 0.040741 0.263021 0.036111 0.262500 0.035185 0.262500 0.033333 0.261979 0.032407 0.261979 0.031481 0.259375 0.026852 0.258854 0.026852 0.258333 0.025926
0 0.298958 0.637963 0.296354 0.642593 0.296354 0.643519 0.295312 0.645370 0.295312 0.647222 0.294792 0.648148 0.294792 0.651852 0.295312 0.652778 0.295312 0.654630 0.295833 0.655556 0.295833 0.656481 0.297917 0.660185 0.298438 0.660185 0.298958 0.661111 0.299479 0.661111 0.300000 0.662037 0.302083 0.662037 0.302604 0.662963 0.303646 0.662963 0.304167 0.662037 0.306250 0.662037 0.307292 0.660185 0.308333 0.660185 0.310417 0.656481 0.310417 0.655556 0.311458 0.653704 0.311458 0.650926 0.311979 0.650000 0.311979 0.647222 0.311458 0.646296 0.311458 0.644444 0.310417 0.642593 0.310417 0.641667 0.308333 0.637963 0.307292 0.637963 0.306771 0.637037 0.306250 0.637037 0.305729 0.636111 0.301563 0.636111 0.301042 0.637037 0.300521 0.637037 0.300000 0.637963
0 0.906250 0.979630 0.906250 0.980556 0.905729 0.981481 0.905729 0.982407 0.905208 0.983333 0.905208 0.988889 0.905729 0.989815 0.905729 0.991667 0.908333 0.996296 0.908854 0.996296 0.909896 0.998148 0.910937 0.998148 0.911458 0.999074 0.920312 0.999074 0.920833 0.998148 0.921354 0.998148 0.921875 0.997222 0.922396 0.997222 0.922917 0.996296 0.923438 0.996296 0.925521 0.992593 0.925521 0.991667 0.926562 0.989815 0.926562 0.987037 0.927083 0.986111 0.927083 0.984259 0.926562 0.983333 0.926562 0.980556 0.922917 0.974074 0.922396 0.974074 0.921875 0.973148 0.920833 0.973148 0.920312 0.972222 0.918229 0.972222 0.917708 0.971296 0.915104 0.971296 0.914583 0.972222 0.912500 0.972222 0.911979 0.973148 0.910937 0.973148 0.910417 0.974074 0.909896 0.974074 0.908333 0.976852 0.907813 0.976852
0 0.157292 0.033333 0.155729 0.030556 0.155208 0.030556 0.154688 0.029630 0.154167 0.029630 0.153646 0.028704 0.152604 0.028704 0.152083 0.027778 0.147396 0.027778 0.146875 0.028704 0.145833 0.028704 0.145313 0.029630 0.144271 0.029630 0.143750 0.030556 0.143229 0.030556 0.142708 0.031481 0.142187 0.031481 0.141146 0.033333 0.140625 0.033333 0.138021 0.037963 0.138021 0.038889 0.136979 0.040741 0.136979 0.041667 0.136458 0.042593 0.136458 0.044444 0.135937 0.045370 0.135937 0.052778 0.136458 0.053704 0.136458 0.055556 0.139063 0.060185 0.139583 0.060185 0.140104 0.061111 0.141146 0.061111 0.141667 0.062037 0.147396 0.062037 0.147917 0.061111 0.148958 0.061111 0.149479 0.060185 0.150521 0.060185 0.151042 0.059259 0.151562 0.059259 0.153125 0.056481 0.153646 0.056481 0.156771 0.050926 0.156771 0.050000 0.157292 0.049074 0.157292 0.048148 0.157812 0.047222 0.157812 0.045370 0.158333 0.044444 0.158333 0.037037 0.157812 0.036111 0.157812 0.035185 0.157292 0.034259
0 0.333333 0.738889 0.332813 0.738889 0.331771 0.737037 0.331250 0.737037 0.330729 0.736111 0.329688 0.736111 0.329167 0.735185 0.321875 0.735185 0.321354 0.736111 0.319792 0.736111 0.319271 0.737037 0.318750 0.737037 0.318229 0.737963 0.317708 0.737963 0.317188 0.738889 0.316667 0.738889 0.316146 0.739815 0.315625 0.739815 0.311458 0.747222 0.311458 0.748148 0.310937 0.749074 0.310937 0.750926 0.310417 0.751852 0.310417 0.758333 0.310937 0.759259 0.310937 0.761111 0.314063 0.766667 0.315104 0.766667 0.315625 0.767593 0.316667 0.767593 0.317188 0.768519 0.318750 0.768519 0.319271 0.769444 0.322917 0.769444 0.323437 0.768519 0.326042 0.768519 0.326562 0.767593 0.327604 0.767593 0.328125 0.766667 0.328646 0.766667 0.329167 0.765741 0.329688 0.765741 0.330208 0.764815 0.330729 0.764815 0.330729 0.763889 0.331250 0.762963 0.331771 0.762963 0.332292 0.762037 0.332813 0.762037 0.334375 0.759259 0.334375 0.758333 0.335417 0.756481 0.335417 0.755556 0.335938 0.754630 0.335938 0.752778 0.336458 0.751852 0.336458 0.747222 0.335938 0.746296 0.335938 0.744444 0.335417 0.743519 0.335417 0.742593
0 0.805729 0.126852 0.805208 0.127778 0.804167 0.127778 0.803646 0.128704 0.802604 0.128704 0.802083 0.129630 0.801562 0.129630 0.801042 0.130556 0.800521 0.130556 0.800521 0.131481 0.800000 0.132407 0.799479 0.132407 0.798438 0.134259 0.798438 0.135185 0.797917 0.136111 0.797396 0.136111 0.797396 0.137037 0.796354 0.138889 0.796354 0.140741 0.795833 0.141667 0.795833 0.143519 0.795312 0.144444 0.795312 0.152778 0.795833 0.153704 0.795833 0.154630 0.796354 0.155556 0.796354 0.156481 0.796875 0.157407 0.796875 0.158333 0.800000 0.163889 0.800521 0.163889 0.801042 0.164815 0.801562 0.164815 0.802083 0.165741 0.803125 0.165741 0.803646 0.166667 0.809375 0.166667 0.809896 0.165741 0.810937 0.165741 0.811458 0.164815 0.812500 0.164815 0.813021 0.163889 0.813542 0.163889 0.814063 0.162963 0.814583 0.162963 0.817708 0.157407 0.817708 0.156481 0.818229 0.155556 0.818229 0.154630 0.819271 0.152778 0.819271 0.150926 0.819792 0.150000 0.819792 0.140741 0.819271 0.139815 0.819271 0.137963 0.818229 0.136111 0.818229 0.135185 0.817187 0.133333 0.817187 0.132407 0.816667 0.131481 0.816146 0.131481 0.815104 0.129630 0.814583 0.129630 0.814063 0.128704 0.813542 0.128704 0.813021 0.127778 0.811979 0.127778 0.811458 0.126852
0 0.000521 0.680556 0.000521 0.683333 0.001042 0.684259 0.001042 0.686111 0.002083 0.687963 0.002083 0.688889 0.003646 0.691667 0.004167 0.691667 0.004687 0.692593 0.005208 0.692593 0.005729 0.693519 0.006250 0.693519 0.006771 0.694444 0.007812 0.694444 0.008333 0.695370 0.009896 0.695370 0.010417 0.696296 0.015625 0.696296 0.016146 0.695370 0.017188 0.695370 0.017708 0.694444 0.018229 0.694444 0.018750 0.693519 0.019271 0.693519 0.019792 0.692593 0.019792 0.691667 0.020313 0.690741 0.020833 0.690741 0.020833 0.688889 0.021354 0.687963 0.021354 0.686111 0.020833 0.685185 0.020833 0.683333 0.019792 0.681481 0.019792 0.680556 0.019271 0.679630 0.018750 0.679630 0.017188 0.676852 0.016667 0.676852 0.016146 0.675926 0.015625 0.675926 0.015104 0.675000 0.014583 0.675000 0.014063 0.674074 0.012500 0.674074 0.011979 0.673148 0.005729 0.673148 0.005208 0.674074 0.004687 0.674074 0.004167 0.675000 0.003125 0.675000 0.002083 0.676852 0.001563 0.676852 0.001563 0.677778 0.001042 0.678704 0.001042 0.679630
0 0.831250 0.049074 0.830729 0.049074 0.829688 0.047222 0.829167 0.047222 0.828646 0.046296 0.827604 0.046296 0.827083 0.045370 0.820833 0.045370 0.820312 0.046296 0.819271 0.046296 0.818750 0.047222 0.817708 0.047222 0.817187 0.048148 0.816667 0.048148 0.815625 0.050000 0.815104 0.050000 0.811979 0.055556 0.811979 0.056481 0.811458 0.057407 0.811458 0.058333 0.810937 0.059259 0.810937 0.061111 0.810417 0.062037 0.810417 0.068519 0.810937 0.069444 0.810937 0.071296 0.811979 0.073148 0.811979 0.074074 0.813542 0.076852 0.814063 0.076852 0.815104 0.078704 0.816146 0.078704 0.816667 0.079630 0.817187 0.079630 0.817708 0.080556 0.823438 0.080556 0.823958 0.079630 0.825521 0.079630 0.826042 0.078704 0.826562 0.078704 0.827083 0.077778 0.827604 0.077778 0.828646 0.075926 0.829167 0.075926 0.829688 0.075000 0.830208 0.075000 0.832292 0.071296 0.832292 0.070370 0.832812 0.069444 0.832812 0.068519 0.833333 0.067593 0.833333 0.066667 0.833854 0.065741 0.833854 0.063889 0.834375 0.062963 0.834375 0.058333 0.833854 0.057407 0.833854 0.055556 0.833333 0.054630 0.833333 0.052778 0.832292 0.050926 0.831771 0.050926 0.831250 0.050000
0 0.456771 0.148148 0.455729 0.150000 0.455208 0.150000 0.455208 0.150926 0.454688 0.151852 0.454688 0.152778 0.454167 0.153704 0.454167 0.156481 0.453646 0.157407 0.453646 0.158333 0.454167 0.159259 0.454167 0.162963 0.454688 0.163889 0.454688 0.164815 0.455729 0.166667 0.456250 0.166667 0.456771 0.167593 0.457292 0.167593 0.457813 0.168519 0.458333 0.168519 0.458854 0.167593 0.459375 0.167593 0.460417 0.165741 0.460938 0.165741 0.460938 0.164815 0.461458 0.163889 0.461458 0.162037 0.461979 0.161111 0.461979 0.155556 0.461458 0.154630 0.461458 0.152778 0.458854 0.148148
0 0.091146 0.089815 0.091146 0.095370 0.092188 0.097222 0.092188 0.098148 0.093750 0.100926 0.094792 0.100926 0.095833 0.102778 0.097396 0.102778 0.097917 0.103704 0.103646 0.103704 0.104167 0.102778 0.105208 0.102778 0.105729 0.101852 0.106250 0.101852 0.106771 0.100926 0.107292 0.100926 0.107813 0.100000 0.108333 0.100000 0.109896 0.097222 0.109896 0.096296 0.110417 0.095370 0.110417 0.089815 0.109375 0.087963 0.109375 0.087037 0.107813 0.084259 0.107292 0.084259 0.106771 0.083333 0.106250 0.083333 0.105729 0.082407 0.104688 0.082407 0.104167 0.081481 0.097917 0.081481 0.097396 0.082407 0.096354 0.082407 0.095833 0.083333 0.094792 0.083333 0.093750 0.085185 0.093229 0.085185 0.091667 0.087963 0.091667 0.088889
0 0.385937 0.425000 0.385937 0.428704 0.387500 0.431481 0.388021 0.431481 0.388542 0.432407 0.389062 0.432407 0.389583 0.433333 0.394271 0.433333 0.394792 0.432407 0.395313 0.432407 0.396354 0.430556 0.396875 0.430556 0.397396 0.429630 0.397396 0.428704 0.397917 0.427778 0.397917 0.426852 0.398438 0.425926 0.398438 0.425000 0.397917 0.424074 0.397917 0.422222 0.396875 0.420370 0.396354 0.420370 0.395313 0.418519 0.389583 0.418519 0.389062 0.419444 0.388542 0.419444 0.386458 0.423148 0.386458 0.424074
0 0.399479 0.914815 0.398958 0.913889 0.398958 0.912963 0.398438 0.912963 0.397396 0.911111 0.395313 0.911111 0.394792 0.910185 0.391667 0.910185 0.391146 0.911111 0.389062 0.911111 0.388542 0.912037 0.387500 0.912037 0.386979 0.912963 0.386458 0.912963 0.385937 0.913889 0.385417 0.913889 0.384375 0.915741 0.383854 0.915741 0.383854 0.916667 0.382812 0.918519 0.382812 0.921296 0.383854 0.923148 0.383854 0.924074 0.384375 0.924074 0.384896 0.925000 0.385937 0.925000 0.386458 0.925926 0.392188 0.925926 0.392708 0.925000 0.394271 0.925000 0.394792 0.924074 0.395313 0.924074 0.395833 0.923148 0.396875 0.923148 0.399479 0.918519
0 0.295312 0.621296 0.290625 0.621296 0.290104 0.622222 0.289062 0.622222 0.288542 0.623148 0.288021 0.623148 0.287500 0.624074 0.286979 0.624074 0.284375 0.628704 0.284375 0.629630 0.283854 0.630556 0.283854 0.631481 0.283333 0.632407 0.283333 0.639815 0.283854 0.640741 0.283854 0.641667 0.286979 0.647222 0.287500 0.647222 0.288021 0.648148 0.289583 0.648148 0.290104 0.649074 0.292708 0.649074 0.293229 0.648148 0.294271 0.648148 0.294792 0.647222 0.295833 0.647222 0.296875 0.645370 0.297396 0.645370 0.297917 0.644444 0.298438 0.644444 0.298438 0.643519 0.300000 0.640741 0.300000 0.639815 0.300521 0.638889 0.300521 0.637037 0.301042 0.636111 0.301042 0.631481 0.300521 0.630556 0.300521 0.628704 0.300000 0.627778 0.300000 0.626852 0.298438 0.624074 0.297917 0.624074 0.297396 0.623148 0.296875 0.623148 0.296354 0.622222 0.295833 0.622222
0 0.764583 0.687963 0.764583 0.688889 0.764062 0.689815 0.764062 0.691667 0.763542 0.692593 0.763542 0.698148 0.764062 0.699074 0.764062 0.700926 0.764583 0.701852 0.764583 0.702778 0.765104 0.703704 0.765104 0.704630 0.768750 0.711111 0.769271 0.711111 0.769792 0.712037 0.770312 0.712037 0.770833 0.712963 0.771354 0.712963 0.771875 0.713889 0.772396 0.713889 0.772917 0.714815 0.773438 0.714815 0.773958 0.715741 0.776042 0.715741 0.776563 0.716667 0.782292 0.716667 0.782813 0.715741 0.783854 0.715741 0.784375 0.714815 0.785417 0.714815 0.786458 0.712963 0.786979 0.712963 0.788021 0.711111 0.788021 0.710185 0.789062 0.708333 0.789062 0.707407 0.789583 0.706481 0.789583 0.698148 0.789062 0.697222 0.789062 0.696296 0.788542 0.695370 0.788542 0.694444 0.788021 0.693519 0.788021 0.692593 0.787500 0.692593 0.786979 0.691667 0.786979 0.690741 0.785417 0.687963 0.784896 0.687963 0.783854 0.686111 0.783333 0.686111 0.782813 0.685185 0.782292 0.685185 0.781771 0.684259 0.781250 0.684259 0.780729 0.683333 0.780208 0.683333 0.779687 0.682407 0.778646 0.682407 0.778125 0.681481 0.775000 0.681481 0.774479 0.680556 0.772917 0.680556 0.772396 0.681481 0.770312 0.681481 0.769792 0.682407 0.768750 0.682407 0.768229 0.683333 0.767708 0.683333 0.766667 0.685185 0.766146 0.685185
0 0.203646 0.236111 0.198958 0.236111 0.198437 0.237037 0.196875 0.237037 0.195833 0.238889 0.195312 0.238889 0.192708 0.243519 0.192708 0.244444 0.192188 0.245370 0.192188 0.253704 0.192708 0.254630 0.192708 0.255556 0.193229 0.256481 0.193750 0.256481 0.195312 0.259259 0.195833 0.259259 0.196354 0.260185 0.197917 0.260185 0.198437 0.261111 0.201042 0.261111 0.201563 0.260185 0.202604 0.260185 0.203125 0.259259 0.204167 0.259259 0.207813 0.252778 0.207813 0.251852 0.208333 0.250926 0.208333 0.243519 0.207813 0.242593 0.207813 0.241667 0.206250 0.238889 0.205729 0.238889 0.204687 0.237037 0.204167 0.237037
0 0.942708 0.788889 0.942708 0.794444 0.943229 0.795370 0.943229 0.797222 0.945833 0.801852 0.946875 0.801852 0.947917 0.803704 0.948958 0.803704 0.949479 0.804630 0.951042 0.804630 0.951562 0.805556 0.955208 0.805556 0.955729 0.804630 0.957812 0.804630 0.958333 0.803704 0.959375 0.803704 0.959896 0.802778 0.960417 0.802778 0.963021 0.798148 0.963021 0.797222 0.963542 0.796296 0.963542 0.790741 0.963021 0.789815 0.963021 0.787963 0.960417 0.783333 0.959896 0.783333 0.959375 0.782407 0.958333 0.782407 0.957812 0.781481 0.957292 0.781481 0.956771 0.780556 0.954688 0.780556 0.954167 0.779630 0.951042 0.779630 0.950521 0.780556 0.948438 0.780556 0.947917 0.781481 0.947396 0.781481 0.946875 0.782407 0.945833 0.782407 0.943229 0.787037 0.943229 0.787963
0 0.925000 0.467593 0.922396 0.467593 0.921875 0.468519 0.920833 0.468519 0.916667 0.475926 0.916667 0.476852 0.916146 0.477778 0.916146 0.479630 0.915625 0.480556 0.915625 0.482407 0.915104 0.483333 0.915104 0.495370 0.915625 0.496296 0.915625 0.498148 0.916146 0.499074 0.916146 0.500000 0.917708 0.502778 0.918229 0.502778 0.918750 0.503704 0.919271 0.503704 0.919792 0.504630 0.921354 0.504630 0.921875 0.503704 0.923438 0.503704 0.926042 0.499074 0.926562 0.499074 0.926562 0.498148 0.927604 0.496296 0.927604 0.495370 0.928125 0.494444 0.928125 0.493519 0.928646 0.492593 0.928646 0.490741 0.929167 0.489815 0.929167 0.486111 0.929688 0.485185 0.929688 0.479630 0.929167 0.478704 0.929167 0.475926 0.928646 0.475000 0.928646 0.474074 0.928125 0.473148 0.928125 0.472222 0.926042 0.468519 0.925521 0.468519
0 0.054167 0.301852 0.053646 0.301852 0.052604 0.300000 0.052083 0.300000 0.051562 0.299074 0.044271 0.299074 0.043750 0.300000 0.042708 0.300000 0.042188 0.300926 0.041667 0.300926 0.041146 0.301852 0.040625 0.301852 0.039583 0.303704 0.039062 0.303704 0.038542 0.304630 0.038021 0.304630 0.038021 0.305556 0.036979 0.307407 0.036458 0.307407 0.036458 0.308333 0.034896 0.311111 0.034896 0.312963 0.034375 0.313889 0.034375 0.314815 0.033854 0.315741 0.033854 0.318519 0.033333 0.319444 0.033333 0.321296 0.033854 0.322222 0.033854 0.325926 0.034375 0.326852 0.034375 0.327778 0.036979 0.332407 0.037500 0.332407 0.038021 0.333333 0.039062 0.333333 0.039583 0.334259 0.046354 0.334259 0.046875 0.333333 0.047917 0.333333 0.048438 0.332407 0.048958 0.332407 0.049479 0.331481 0.050000 0.331481 0.051042 0.329630 0.051562 0.329630 0.052083 0.328704 0.052604 0.328704 0.054167 0.325926 0.054167 0.325000 0.055729 0.322222 0.055729 0.320370 0.056771 0.318519 0.056771 0.315741 0.057292 0.314815 0.057292 0.310185 0.056771 0.309259 0.056771 0.307407 0.056250 0.306481 0.056250 0.305556
0 0.658333 0.817593 0.656250 0.821296 0.656250 0.822222 0.655729 0.823148 0.655729 0.827778 0.656250 0.828704 0.656250 0.829630 0.657292 0.831481 0.657292 0.832407 0.658333 0.834259 0.658854 0.834259 0.659375 0.835185 0.659896 0.835185 0.660417 0.836111 0.664583 0.836111 0.665104 0.835185 0.665625 0.835185 0.667708 0.831481 0.667708 0.829630 0.668229 0.828704 0.668229 0.827778 0.667708 0.826852 0.667708 0.824074 0.667188 0.823148 0.667188 0.822222 0.665104 0.818519 0.664583 0.818519 0.664062 0.817593 0.663542 0.817593 0.663021 0.816667 0.659896 0.816667 0.659375 0.817593
0 0.875521 0.448148 0.876042 0.449074 0.876042 0.451852 0.876563 0.452778 0.876563 0.453704 0.878125 0.456481 0.879167 0.456481 0.879687 0.457407 0.880208 0.457407 0.880729 0.458333 0.886979 0.458333 0.887500 0.457407 0.888021 0.457407 0.890104 0.453704 0.890104 0.449074 0.889583 0.448148 0.889583 0.447222 0.888542 0.445370 0.888021 0.445370 0.887500 0.444444 0.887500 0.443519 0.886979 0.443519 0.886458 0.442593 0.885417 0.442593 0.884896 0.441667 0.879687 0.441667 0.879167 0.442593 0.878646 0.442593 0.878125 0.443519 0.877604 0.443519 0.876042 0.446296 0.876042 0.447222
0 0.242188 0.585185 0.241667 0.585185 0.240104 0.582407 0.239583 0.582407 0.238542 0.580556 0.237500 0.580556 0.236979 0.579630 0.230729 0.579630 0.230208 0.580556 0.229167 0.580556 0.228646 0.581481 0.227604 0.581481 0.227083 0.582407 0.226562 0.582407 0.225521 0.584259 0.225000 0.584259 0.223438 0.587037 0.222917 0.587037 0.222396 0.587963 0.222396 0.588889 0.221354 0.590741 0.221354 0.591667 0.220312 0.593519 0.220312 0.594444 0.219792 0.595370 0.219792 0.597222 0.219271 0.598148 0.219271 0.607407 0.219792 0.608333 0.219792 0.609259 0.220312 0.610185 0.220312 0.611111 0.222396 0.614815 0.222917 0.614815 0.223958 0.616667 0.224479 0.616667 0.225000 0.617593 0.227083 0.617593 0.227604 0.618519 0.229687 0.618519 0.230208 0.617593 0.232292 0.617593 0.232813 0.616667 0.233854 0.616667 0.234375 0.615741 0.234896 0.615741 0.235417 0.614815 0.235937 0.614815 0.236458 0.613889 0.236979 0.613889 0.238021 0.612037 0.238542 0.612037 0.239063 0.611111 0.239063 0.610185 0.239583 0.609259 0.240104 0.609259 0.241667 0.606481 0.241667 0.605556 0.242188 0.604630 0.242188 0.603704 0.242708 0.602778 0.242708 0.601852 0.243229 0.600926 0.243229 0.598148 0.243750 0.597222 0.243750 0.592593 0.243229 0.591667 0.243229 0.588889 0.242188 0.587037
0 0.037500 0.915741 0.036979 0.916667 0.036458 0.916667 0.035417 0.918519 0.034896 0.918519 0.033854 0.920370 0.033854 0.921296 0.032292 0.924074 0.032292 0.925000 0.031771 0.925926 0.031771 0.926852 0.031250 0.927778 0.031250 0.929630 0.030729 0.930556 0.030729 0.935185 0.030208 0.936111 0.030208 0.937963 0.030729 0.938889 0.030729 0.942593 0.031250 0.943519 0.031250 0.945370 0.031771 0.946296 0.031771 0.947222 0.033333 0.950000 0.033333 0.950926 0.033854 0.951852 0.034896 0.951852 0.035937 0.953704 0.040625 0.953704 0.041146 0.952778 0.042188 0.952778 0.043750 0.950000 0.044271 0.950000 0.044271 0.949074 0.045833 0.946296 0.045833 0.945370 0.046354 0.944444 0.046354 0.943519 0.046875 0.942593 0.046875 0.941667 0.047396 0.940741 0.047396 0.937963 0.047917 0.937037 0.047917 0.927778 0.047396 0.926852 0.047396 0.925000 0.046875 0.924074 0.046875 0.923148 0.045833 0.921296 0.045833 0.920370 0.043750 0.916667 0.042708 0.916667 0.042188 0.915741
0 0.935937 0.362963 0.932813 0.368519 0.932813 0.370370 0.932292 0.371296 0.932292 0.377778 0.932813 0.378704 0.932813 0.379630 0.933333 0.380556 0.933333 0.381481 0.936458 0.387037 0.937500 0.387037 0.938542 0.388889 0.939583 0.388889 0.940104 0.389815 0.946354 0.389815 0.946875 0.388889 0.947917 0.388889 0.948438 0.387963 0.948958 0.387963 0.949479 0.387037 0.950000 0.387037 0.952083 0.383333 0.952083 0.382407 0.952604 0.381481 0.952604 0.380556 0.953125 0.379630 0.953125 0.373148 0.952604 0.372222 0.952604 0.371296 0.952083 0.370370 0.952083 0.369444 0.951562 0.368519 0.951562 0.367593 0.950521 0.365741 0.950000 0.365741 0.948958 0.363889 0.948438 0.363889 0.947917 0.362963 0.947396 0.362963 0.946875 0.362037 0.946354 0.362037 0.945833 0.361111 0.943229 0.361111 0.942708 0.360185 0.941667 0.360185 0.941146 0.361111 0.938542 0.361111 0.938021 0.362037 0.937500 0.362037 0.936979 0.362963
0 0.068229 0.164815 0.068229 0.165741 0.067708 0.166667 0.067708 0.175000 0.068229 0.175926 0.068229 0.176852 0.069271 0.178704 0.069271 0.179630 0.069792 0.179630 0.071354 0.182407 0.071875 0.182407 0.072396 0.183333 0.073438 0.183333 0.073958 0.184259 0.075000 0.184259 0.075521 0.185185 0.081771 0.185185 0.082292 0.184259 0.083333 0.184259 0.083854 0.183333 0.084896 0.183333 0.085417 0.182407 0.086458 0.182407 0.087500 0.180556 0.088021 0.180556 0.089063 0.178704 0.089063 0.177778 0.089583 0.176852 0.090104 0.176852 0.090104 0.175926 0.090625 0.175000 0.090625 0.174074 0.091146 0.173148 0.091146 0.170370 0.091667 0.169444 0.091146 0.168519 0.091146 0.164815 0.090104 0.162963 0.090104 0.161111 0.089583 0.160185 0.089063 0.160185 0.087500 0.157407 0.086979 0.157407 0.086458 0.156481 0.085938 0.156481 0.085417 0.155556 0.083854 0.155556 0.083333 0.154630 0.077604 0.154630 0.077083 0.155556 0.075521 0.155556 0.075000 0.156481 0.073958 0.156481 0.073438 0.157407 0.072917 0.157407 0.072396 0.158333 0.071875 0.158333
0 0.151562 0.979630 0.151562 0.981481 0.151042 0.982407 0.151042 0.983333 0.151562 0.984259 0.151562 0.986111 0.152083 0.987037 0.152083 0.987963 0.154167 0.991667 0.154688 0.991667 0.155729 0.993519 0.157292 0.993519 0.157812 0.994444 0.163542 0.994444 0.164062 0.993519 0.165104 0.993519 0.166146 0.991667 0.166667 0.991667 0.168229 0.988889 0.168229 0.987963 0.168750 0.987037 0.168750 0.982407 0.168229 0.981481 0.168229 0.980556 0.167708 0.979630 0.167708 0.978704 0.167187 0.978704 0.165625 0.975926 0.164583 0.975926 0.163542 0.974074 0.161458 0.974074 0.160938 0.973148 0.157812 0.973148 0.157292 0.974074 0.155729 0.974074 0.155208 0.975000 0.154688 0.975000 0.154167 0.975926 0.153646 0.975926
0 0.147917 0.425926 0.144792 0.425926 0.144271 0.426852 0.143229 0.426852 0.142708 0.427778 0.142187 0.427778 0.141667 0.428704 0.141146 0.428704 0.139063 0.432407 0.139063 0.433333 0.138021 0.435185 0.138021 0.436111 0.136979 0.437963 0.136979 0.439815 0.136458 0.440741 0.136458 0.442593 0.135937 0.443519 0.135937 0.451852 0.136458 0.452778 0.136458 0.455556 0.136979 0.456481 0.136979 0.457407 0.137500 0.458333 0.137500 0.459259 0.138021 0.460185 0.138542 0.460185 0.140625 0.463889 0.141667 0.463889 0.142187 0.464815 0.145313 0.464815 0.145833 0.463889 0.146875 0.463889 0.147396 0.462963 0.147917 0.462963 0.149479 0.460185 0.150000 0.460185 0.151562 0.457407 0.151562 0.456481 0.152604 0.454630 0.152604 0.452778 0.153125 0.451852 0.153125 0.450000 0.153646 0.449074 0.153646 0.447222 0.154167 0.446296 0.154167 0.439815 0.153646 0.438889 0.153646 0.436111 0.153125 0.435185 0.153125 0.433333 0.150000 0.427778 0.149479 0.427778 0.148958 0.426852 0.148438 0.426852
0 0.920833 0.103704 0.919271 0.100926 0.918750 0.100926 0.917708 0.099074 0.916667 0.099074 0.916146 0.098148 0.912500 0.098148 0.911979 0.099074 0.910417 0.099074 0.909896 0.100000 0.909375 0.100000 0.908854 0.100926 0.908333 0.100926 0.905729 0.105556 0.905729 0.106481 0.905208 0.107407 0.905208 0.112037 0.905729 0.112963 0.905729 0.113889 0.907292 0.116667 0.907813 0.116667 0.908333 0.117593 0.909375 0.117593 0.909896 0.118519 0.914062 0.118519 0.914583 0.117593 0.916146 0.117593 0.917188 0.115741 0.918229 0.115741 0.918750 0.114815 0.918750 0.113889 0.919271 0.112963 0.919792 0.112963 0.920312 0.112037 0.920312 0.111111 0.920833 0.110185
0 0.323437 0.890741 0.320833 0.886111 0.320312 0.886111 0.319271 0.884259 0.317708 0.884259 0.317188 0.883333 0.309896 0.883333 0.309375 0.884259 0.307812 0.884259 0.307292 0.885185 0.306771 0.885185 0.306250 0.886111 0.305729 0.886111 0.305208 0.887037 0.304167 0.887037 0.303125 0.888889 0.302604 0.888889 0.302083 0.889815 0.301563 0.889815 0.301563 0.890741 0.299479 0.894444 0.299479 0.895370 0.298438 0.897222 0.298438 0.899074 0.297917 0.900000 0.297917 0.904630 0.298438 0.905556 0.298438 0.907407 0.300000 0.910185 0.300521 0.910185 0.302083 0.912963 0.303646 0.912963 0.304167 0.913889 0.305729 0.913889 0.306250 0.914815 0.309896 0.914815 0.310417 0.913889 0.312500 0.913889 0.313021 0.912963 0.314063 0.912963 0.314583 0.912037 0.315625 0.912037 0.316146 0.911111 0.316667 0.911111 0.317188 0.910185 0.317708 0.910185 0.318229 0.909259 0.318750 0.909259 0.320312 0.906481 0.320833 0.906481 0.321875 0.904630 0.321875 0.903704 0.322917 0.901852 0.322917 0.900926 0.323437 0.900000 0.323437 0.897222 0.323958 0.896296 0.323958 0.893519 0.323437 0.892593
0 0.248438 0.002778 0.247917 0.003704 0.246354 0.003704 0.245833 0.004630 0.244792 0.004630 0.243750 0.006481 0.243229 0.006481 0.241146 0.010185 0.240625 0.010185 0.240625 0.011111 0.239583 0.012963 0.239583 0.014815 0.239063 0.015741 0.239063 0.016667 0.238542 0.017593 0.238542 0.025000 0.239063 0.025926 0.239063 0.027778 0.239583 0.028704 0.239583 0.029630 0.240625 0.031481 0.240625 0.032407 0.241146 0.032407 0.242188 0.034259 0.242188 0.035185 0.242708 0.035185 0.243750 0.037037 0.244792 0.037037 0.245312 0.037963 0.245833 0.037963 0.246354 0.038889 0.252083 0.038889 0.252604 0.037963 0.253646 0.037963 0.254167 0.037037 0.255208 0.037037 0.256250 0.035185 0.256771 0.035185 0.258854 0.031481 0.258854 0.030556 0.259896 0.028704 0.259896 0.027778 0.260417 0.026852 0.260417 0.025000 0.260937 0.024074 0.260937 0.016667 0.260417 0.015741 0.260417 0.013889 0.259896 0.012963 0.259896 0.012037 0.258854 0.010185 0.258854 0.009259 0.258333 0.009259 0.257292 0.007407 0.257292 0.006481 0.256771 0.006481 0.256250 0.005556 0.255729 0.005556 0.255208 0.004630 0.254688 0.004630 0.254167 0.003704 0.252604 0.003704 0.252083 0.002778
0 0.003646 0.872222 0.003125 0.873148 0.002083 0.873148 0.000521 0.875926 0.000521 0.876852 0.000000 0.877778 0.000000 0.889815 0.000521 0.889815 0.001042 0.890741 0.001042 0.891667 0.001563 0.891667 0.002083 0.892593 0.003646 0.892593 0.005208 0.889815 0.005208 0.888889 0.005729 0.887963 0.005729 0.887037 0.006250 0.886111 0.006250 0.876852 0.005729 0.875926 0.005729 0.875000 0.004687 0.873148 0.004167 0.873148
0 0.066667 0.320370 0.066667 0.321296 0.067187 0.322222 0.067187 0.324074 0.068229 0.325926 0.068229 0.326852 0.069271 0.328704 0.069792 0.328704 0.070833 0.330556 0.071354 0.330556 0.071875 0.331481 0.072917 0.331481 0.073438 0.332407 0.074479 0.332407 0.075000 0.333333 0.082292 0.333333 0.082812 0.332407 0.083854 0.332407 0.084896 0.330556 0.085938 0.330556 0.086979 0.328704 0.086979 0.327778 0.088021 0.325926 0.088021 0.320370 0.087500 0.319444 0.087500 0.318519 0.085417 0.314815 0.084896 0.314815 0.083854 0.312963 0.083333 0.312963 0.082812 0.312037 0.081250 0.312037 0.080729 0.311111 0.079687 0.311111 0.079167 0.310185 0.073958 0.310185 0.073438 0.311111 0.071875 0.311111 0.071354 0.312037 0.070312 0.312037 0.068750 0.314815 0.068229 0.314815 0.067708 0.315741 0.067708 0.316667 0.067187 0.317593 0.067187 0.319444
0 0.929688 0.002778 0.929688 0.003704 0.930208 0.004630 0.930208 0.005556 0.930729 0.006481 0.931250 0.006481 0.932292 0.008333 0.933333 0.008333 0.933854 0.009259 0.934375 0.009259 0.934896 0.010185 0.936458 0.010185 0.936979 0.011111 0.943229 0.011111 0.943750 0.010185 0.944792 0.010185 0.945312 0.009259 0.945833 0.009259 0.946354 0.008333 0.946354 0.007407 0.946875 0.006481 0.946354 0.005556 0.946354 0.004630 0.945312 0.002778 0.944792 0.002778 0.944271 0.001852 0.943750 0.001852 0.943229 0.000926 0.942708 0.000926 0.942187 0.000000 0.931250 0.000000
0 0.817187 0.889815 0.816146 0.889815 0.815625 0.888889 0.810937 0.888889 0.810417 0.889815 0.809375 0.889815 0.808333 0.891667 0.807813 0.891667 0.807292 0.892593 0.806771 0.892593 0.803125 0.899074 0.803125 0.900000 0.802604 0.900926 0.802604 0.901852 0.801562 0.903704 0.801562 0.904630 0.801042 0.905556 0.801042 0.909259 0.800521 0.910185 0.800521 0.920370 0.801042 0.921296 0.801042 0.922222 0.801562 0.923148 0.801562 0.925000 0.802604 0.926852 0.802604 0.927778 0.803125 0.928704 0.803646 0.928704 0.804688 0.930556 0.805208 0.930556 0.805729 0.931481 0.806771 0.931481 0.807292 0.932407 0.810937 0.932407 0.811458 0.931481 0.813021 0.931481 0.813542 0.930556 0.814063 0.930556 0.814583 0.929630 0.815104 0.929630 0.816667 0.926852 0.817187 0.926852 0.817708 0.925926 0.817708 0.925000 0.818229 0.924074 0.818750 0.924074 0.818750 0.923148 0.819792 0.921296 0.819792 0.920370 0.820312 0.919444 0.820312 0.918519 0.820833 0.917593 0.820833 0.916667 0.821354 0.915741 0.821354 0.913889 0.821875 0.912963 0.821875 0.910185 0.822396 0.909259 0.822396 0.902778 0.821875 0.901852 0.821875 0.900000 0.821354 0.899074 0.821354 0.897222 0.820312 0.895370 0.820312 0.894444 0.818750 0.891667 0.818229 0.891667
0 0.709375 0.921296 0.705208 0.921296 0.704688 0.922222 0.704167 0.922222 0.703646 0.923148 0.702604 0.923148 0.702604 0.924074 0.702083 0.925000 0.701562 0.925000 0.700000 0.927778 0.700000 0.928704 0.698958 0.930556 0.698958 0.931481 0.698438 0.932407 0.698438 0.933333 0.697917 0.934259 0.697917 0.935185 0.697396 0.936111 0.697396 0.937037 0.696875 0.937963 0.696875 0.940741 0.696354 0.941667 0.696354 0.955556 0.696875 0.956481 0.696875 0.958333 0.697396 0.959259 0.697396 0.960185 0.697917 0.961111 0.697917 0.962037 0.698958 0.963889 0.698958 0.964815 0.700000 0.966667 0.700521 0.966667 0.701562 0.968519 0.702083 0.968519 0.702604 0.969444 0.706771 0.969444 0.707292 0.968519 0.708333 0.968519 0.708854 0.967593 0.709375 0.967593 0.713021 0.961111 0.713021 0.960185 0.713542 0.959259 0.713542 0.958333 0.714583 0.956481 0.714583 0.954630 0.715104 0.953704 0.715104 0.952778 0.715625 0.951852 0.715625 0.948148 0.716146 0.947222 0.716146 0.937037 0.715625 0.936111 0.715625 0.933333 0.715104 0.932407 0.715104 0.930556 0.714583 0.929630 0.714583 0.928704 0.711979 0.924074 0.711979 0.923148 0.711458 0.923148 0.710938 0.922222 0.709896 0.922222
0 0.729167 0.786111 0.728646 0.785185 0.728646 0.784259 0.728125 0.783333 0.728125 0.782407 0.727604 0.782407 0.726042 0.779630 0.725521 0.779630 0.725000 0.778704 0.724479 0.778704 0.723958 0.777778 0.722917 0.777778 0.722396 0.776852 0.720313 0.776852 0.719792 0.775926 0.715625 0.775926 0.715104 0.776852 0.713021 0.776852 0.712500 0.777778 0.711458 0.777778 0.710938 0.778704 0.709896 0.778704 0.709375 0.779630 0.708854 0.779630 0.707812 0.781481 0.707292 0.781481 0.706250 0.783333 0.705729 0.783333 0.704688 0.785185 0.704688 0.786111 0.703646 0.787963 0.703646 0.789815 0.703125 0.790741 0.703125 0.796296 0.703646 0.797222 0.703646 0.798148 0.704688 0.800000 0.704688 0.800926 0.705208 0.800926 0.706250 0.802778 0.706771 0.802778 0.707292 0.803704 0.707812 0.803704 0.708333 0.804630 0.709896 0.804630 0.710417 0.805556 0.718750 0.805556 0.719271 0.804630 0.720313 0.804630 0.720833 0.803704 0.721875 0.803704 0.722396 0.802778 0.722917 0.802778 0.723437 0.801852 0.723958 0.801852 0.725000 0.800000 0.725521 0.800000 0.728125 0.795370 0.728125 0.794444 0.728646 0.793519 0.728646 0.792593 0.729167 0.791667
0 0.051562 0.581481 0.051562 0.582407 0.051042 0.583333 0.051042 0.584259 0.050521 0.585185 0.050521 0.587963 0.051042 0.588889 0.051042 0.591667 0.054167 0.597222 0.054688 0.597222 0.055208 0.598148 0.056250 0.598148 0.056771 0.599074 0.057813 0.599074 0.058333 0.600000 0.064583 0.600000 0.065104 0.599074 0.066667 0.599074 0.067187 0.598148 0.067708 0.598148 0.069271 0.595370 0.069792 0.595370 0.071354 0.592593 0.071354 0.591667 0.071875 0.590741 0.071875 0.583333 0.071354 0.582407 0.071354 0.581481 0.070312 0.579630 0.070312 0.578704 0.069792 0.578704 0.068750 0.576852 0.068229 0.576852 0.067708 0.575926 0.067187 0.575926 0.066667 0.575000 0.065625 0.575000 0.065104 0.574074 0.063021 0.574074 0.062500 0.573148 0.060417 0.573148 0.059896 0.574074 0.057292 0.574074 0.056771 0.575000 0.056250 0.575000 0.055729 0.575926 0.055208 0.575926 0.054688 0.576852 0.054167 0.576852
0 0.000000 0.214815 0.000000 0.232407 0.001042 0.234259 0.001042 0.235185 0.003125 0.238889 0.003646 0.238889 0.004167 0.239815 0.004167 0.240741 0.004687 0.240741 0.005208 0.241667 0.005729 0.241667 0.006250 0.242593 0.006771 0.242593 0.007292 0.243519 0.007812 0.243519 0.008333 0.244444 0.009896 0.244444 0.010417 0.245370 0.013542 0.245370 0.014063 0.246296 0.014583 0.245370 0.017188 0.245370 0.017708 0.244444 0.019271 0.244444 0.019792 0.243519 0.020313 0.243519 0.021354 0.241667 0.021875 0.241667 0.022396 0.240741 0.022396 0.239815 0.023438 0.237963 0.023438 0.237037 0.023958 0.236111 0.023958 0.234259 0.024479 0.233333 0.024479 0.228704 0.023958 0.227778 0.023958 0.225000 0.023438 0.224074 0.023438 0.223148 0.022917 0.222222 0.022917 0.221296 0.021875 0.219444 0.021875 0.218519 0.021354 0.218519 0.020833 0.217593 0.020833 0.216667 0.020313 0.215741 0.019792 0.215741 0.018229 0.212963 0.017708 0.212963 0.016667 0.211111 0.015625 0.211111 0.015104 0.210185 0.014583 0.210185 0.014063 0.209259 0.012500 0.209259 0.011979 0.208333 0.005208 0.208333 0.004687 0.209259 0.004167 0.209259 0.003646 0.210185 0.002604 0.210185
0 0.409375 0.001852 0.409375 0.004630 0.409896 0.005556 0.409896 0.007407 0.411979 0.011111 0.412500 0.011111 0.413021 0.012037 0.413542 0.012037 0.414062 0.012963 0.417708 0.012963 0.418229 0.012037 0.419271 0.012037 0.419792 0.011111 0.420312 0.011111 0.420833 0.010185 0.420833 0.009259 0.421875 0.007407 0.421875 0.005556 0.422396 0.004630 0.422396 0.001852 0.421875 0.000926 0.421875 0.000000 0.409896 0.000000 0.409896 0.000926
0 0.138542 0.153704 0.136458 0.157407 0.136458 0.158333 0.135417 0.160185 0.135417 0.161111 0.134896 0.162037 0.134896 0.164815 0.134375 0.165741 0.134375 0.172222 0.134896 0.173148 0.134896 0.176852 0.135417 0.177778 0.135417 0.179630 0.135937 0.180556 0.135937 0.181481 0.136458 0.182407 0.136458 0.183333 0.136979 0.184259 0.136979 0.185185 0.139583 0.189815 0.140104 0.189815 0.141146 0.191667 0.141667 0.191667 0.142708 0.193519 0.144271 0.193519 0.144792 0.194444 0.147396 0.194444 0.147917 0.193519 0.148958 0.193519 0.150000 0.191667 0.150521 0.191667 0.152604 0.187963 0.152604 0.187037 0.153125 0.186111 0.153125 0.185185 0.153646 0.184259 0.153646 0.180556 0.154167 0.179630 0.154167 0.175000 0.153646 0.174074 0.153646 0.170370 0.153125 0.169444 0.153125 0.167593 0.152604 0.166667 0.152604 0.165741 0.151562 0.163889 0.151562 0.162963 0.151042 0.162037 0.151042 0.161111 0.147917 0.155556 0.147396 0.155556 0.146875 0.154630 0.146354 0.154630 0.145833 0.153704 0.145313 0.153704 0.144792 0.152778 0.140104 0.152778 0.139583 0.153704