0 0.477083 0.331481 0.477083 0.333333 0.477604 0.334259 0.477604 0.335185 0.478125 0.336111 0.478125 0.337037 0.480729 0.341667 0.481250 0.341667 0.481771 0.342593 0.482292 0.342593 0.482812 0.343519 0.484375 0.343519 0.484896 0.344444 0.490104 0.344444 0.490625 0.343519 0.491146 0.343519 0.491667 0.342593 0.492708 0.342593 0.494271 0.339815 0.494792 0.339815 0.495312 0.338889 0.495312 0.337963 0.495833 0.337037 0.495833 0.330556 0.494792 0.328704 0.494792 0.327778 0.493229 0.325000 0.492188 0.325000 0.491146 0.323148 0.490104 0.323148 0.489583 0.322222 0.488542 0.322222 0.488021 0.321296 0.483854 0.321296 0.483333 0.322222 0.481771 0.322222 0.480729 0.324074 0.479687 0.324074 0.478646 0.325926 0.478646 0.326852 0.477604 0.328704 0.477604 0.330556
0 0.439583 0.309259 0.439063 0.310185 0.438021 0.310185 0.437500 0.311111 0.436979 0.311111 0.435937 0.312963 0.435417 0.312963 0.435417 0.313889 0.434896 0.314815 0.434896 0.315741 0.433854 0.317593 0.433854 0.320370 0.433333 0.321296 0.433333 0.328704 0.433854 0.329630 0.433854 0.331481 0.434375 0.332407 0.434375 0.333333 0.437500 0.338889 0.438021 0.338889 0.438542 0.339815 0.439583 0.339815 0.440104 0.340741 0.441667 0.340741 0.442188 0.339815 0.443750 0.339815 0.445312 0.337037 0.445833 0.337037 0.446354 0.336111 0.446354 0.335185 0.446875 0.334259 0.446875 0.333333 0.447396 0.332407 0.447396 0.331481 0.447917 0.330556 0.447917 0.320370 0.447396 0.319444 0.447396 0.317593 0.445833 0.314815 0.445833 0.313889 0.444271 0.311111 0.443229 0.311111 0.442708 0.310185 0.441667 0.310185 0.441146 0.309259
0 0.328125 0.473148 0.327083 0.475000 0.326042 0.475000 0.325521 0.475926 0.325521 0.476852 0.323958 0.479630 0.323958 0.481481 0.323437 0.482407 0.323437 0.489815 0.323958 0.490741 0.323958 0.492593 0.327604 0.499074 0.328125 0.499074 0.328646 0.500000 0.329688 0.500000 0.330208 0.500926 0.333854 0.500926 0.334375 0.500000 0.335417 0.500000 0.335938 0.499074 0.336979 0.499074 0.339062 0.495370 0.339062 0.494444 0.339583 0.493519 0.339583 0.492593 0.340104 0.491667 0.340104 0.483333 0.339583 0.482407 0.339583 0.480556 0.338542 0.478704 0.338542 0.477778 0.338021 0.476852 0.337500 0.476852 0.335938 0.474074 0.335417 0.474074 0.334896 0.473148 0.333333 0.473148 0.332813 0.472222 0.330208 0.472222 0.329688 0.473148
0 0.505208 0.530556 0.505208 0.531481 0.503646 0.534259 0.503646 0.535185 0.503125 0.536111 0.503125 0.543519 0.503646 0.544444 0.503646 0.545370 0.504167 0.546296 0.504167 0.547222 0.505208 0.549074 0.505729 0.549074 0.506771 0.550926 0.507292 0.550926 0.507812 0.551852 0.508854 0.551852 0.509375 0.552778 0.512500 0.552778 0.513021 0.551852 0.514583 0.551852 0.515104 0.550926 0.515625 0.550926 0.518229 0.546296 0.518229 0.545370 0.518750 0.544444 0.518750 0.543519 0.519271 0.542593 0.519271 0.537963 0.518750 0.537037 0.518750 0.536111 0.518229 0.535185 0.518229 0.534259 0.515625 0.529630 0.515104 0.529630 0.514583 0.528704 0.514062 0.528704 0.513542 0.527778 0.508333 0.527778 0.507812 0.528704 0.507292 0.528704 0.506771 0.529630 0.506250 0.529630 0.505729 0.530556
0 0.531250 0.660185 0.530729 0.661111 0.530208 0.661111 0.529687 0.662037 0.528646 0.662037 0.526563 0.665741 0.526563 0.667593 0.525521 0.669444 0.525521 0.671296 0.525000 0.672222 0.525000 0.683333 0.525521 0.684259 0.525521 0.686111 0.526042 0.687037 0.526042 0.687963 0.526563 0.688889 0.526563 0.689815 0.529167 0.694444 0.530208 0.694444 0.530729 0.695370 0.534375 0.695370 0.534896 0.694444 0.535937 0.694444 0.538021 0.690741 0.538021 0.689815 0.538542 0.688889 0.538542 0.687963 0.539062 0.687037 0.539062 0.684259 0.539583 0.683333 0.539583 0.673148 0.539062 0.672222 0.539062 0.670370 0.538542 0.669444 0.538542 0.668519 0.538021 0.667593 0.538021 0.666667 0.537500 0.665741 0.537500 0.664815 0.536458 0.662963 0.535417 0.662963 0.534375 0.661111 0.533333 0.661111 0.532813 0.660185
0 0.396354 0.568519 0.396354 0.570370 0.395833 0.571296 0.395833 0.572222 0.395313 0.573148 0.395313 0.575926 0.395833 0.576852 0.395833 0.578704 0.396354 0.579630 0.396354 0.580556 0.398958 0.585185 0.399479 0.585185 0.400521 0.587037 0.401562 0.587037 0.402083 0.587963 0.403646 0.587963 0.404167 0.588889 0.408854 0.588889 0.409375 0.587963 0.410938 0.587963 0.411458 0.587037 0.411979 0.587037 0.413021 0.585185 0.413542 0.585185 0.413542 0.584259 0.415625 0.580556 0.415625 0.579630 0.416146 0.578704 0.416146 0.574074 0.415625 0.573148 0.415625 0.571296 0.413542 0.567593 0.413542 0.566667 0.413021 0.565741 0.412500 0.565741 0.411979 0.564815 0.411458 0.564815 0.410938 0.563889 0.410417 0.563889 0.409896 0.562963 0.408854 0.562963 0.408333 0.562037 0.402083 0.562037 0.401562 0.562963 0.400521 0.562963 0.400000 0.563889 0.399479 0.563889 0.398438 0.565741 0.397917 0.565741
0 0.574479 0.653704 0.573958 0.654630 0.571875 0.654630 0.571354 0.655556 0.570833 0.655556 0.569792 0.657407 0.569271 0.657407 0.568229 0.659259 0.568229 0.660185 0.567187 0.662037 0.567187 0.662963 0.566667 0.663889 0.566667 0.665741 0.566146 0.666667 0.566146 0.676852 0.566667 0.677778 0.566667 0.679630 0.567187 0.680556 0.567187 0.681481 0.568229 0.683333 0.568229 0.684259 0.570312 0.687963 0.570833 0.687963 0.571354 0.688889 0.571875 0.688889 0.572396 0.689815 0.574479 0.689815 0.575000 0.690741 0.575521 0.689815 0.577604 0.689815 0.578125 0.688889 0.579167 0.688889 0.582292 0.683333 0.582292 0.682407 0.582812 0.681481 0.582812 0.680556 0.583333 0.679630 0.583333 0.677778 0.583854 0.676852 0.583854 0.669444 0.583333 0.668519 0.583333 0.665741 0.582812 0.664815 0.582812 0.663889 0.582292 0.662963 0.582292 0.662037 0.581771 0.661111 0.581771 0.660185 0.581250 0.659259 0.580729 0.659259 0.578646 0.655556 0.578125 0.655556 0.577604 0.654630 0.575000 0.654630
0 0.422396 0.760185 0.421354 0.762037 0.420833 0.762037 0.419792 0.763889 0.419792 0.764815 0.418750 0.766667 0.418750 0.768519 0.418229 0.769444 0.418229 0.771296 0.417708 0.772222 0.417708 0.778704 0.418229 0.779630 0.418229 0.781481 0.418750 0.782407 0.418750 0.783333 0.419271 0.784259 0.419271 0.785185 0.420833 0.787963 0.420833 0.788889 0.421354 0.789815 0.421875 0.789815 0.422917 0.791667 0.423438 0.791667 0.423958 0.792593 0.425000 0.792593 0.425521 0.793519 0.430729 0.793519 0.431250 0.792593 0.432812 0.792593 0.434375 0.789815 0.434896 0.789815 0.436458 0.787037 0.436458 0.786111 0.436979 0.785185 0.436979 0.784259 0.437500 0.783333 0.437500 0.781481 0.438021 0.780556 0.438021 0.772222 0.437500 0.771296 0.437500 0.769444 0.436979 0.768519 0.436979 0.767593 0.435417 0.764815 0.435417 0.763889 0.434375 0.762037 0.433854 0.762037 0.432812 0.760185 0.432292 0.760185 0.431771 0.759259 0.430729 0.759259 0.430208 0.758333 0.425000 0.758333 0.424479 0.759259 0.423438 0.759259 0.422917 0.760185
0 0.511979 0.086111 0.510417 0.088889 0.510417 0.089815 0.509375 0.091667 0.509375 0.095370 0.508854 0.096296 0.509375 0.097222 0.509375 0.100000 0.509896 0.100926 0.509896 0.101852 0.510417 0.102778 0.510417 0.103704 0.511979 0.106481 0.512500 0.106481 0.513542 0.108333 0.514583 0.108333 0.515104 0.109259 0.516667 0.109259 0.517188 0.110185 0.518750 0.110185 0.519271 0.109259 0.520833 0.109259 0.521354 0.108333 0.521875 0.108333 0.523438 0.105556 0.523958 0.105556 0.524479 0.104630 0.524479 0.103704 0.525000 0.102778 0.525000 0.100926 0.525521 0.100000 0.525521 0.095370 0.525000 0.094444 0.525000 0.093519 0.524479 0.092593 0.524479 0.091667 0.521354 0.086111 0.520833 0.086111 0.520312 0.085185 0.519792 0.085185 0.519271 0.084259 0.514583 0.084259 0.514062 0.085185 0.513021 0.085185 0.512500 0.086111
0 0.525521 0.079630 0.523438 0.083333 0.523438 0.084259 0.522917 0.085185 0.522917 0.087037 0.522396 0.087963 0.522396 0.089815 0.522917 0.090741 0.522917 0.092593 0.523438 0.093519 0.523438 0.094444 0.524479 0.096296 0.525000 0.096296 0.526042 0.098148 0.526563 0.098148 0.527083 0.099074 0.528125 0.099074 0.528646 0.100000 0.534896 0.100000 0.535417 0.099074 0.535937 0.099074 0.536458 0.098148 0.536979 0.098148 0.538542 0.095370 0.539062 0.095370 0.539583 0.094444 0.539583 0.093519 0.540104 0.092593 0.540104 0.090741 0.540625 0.089815 0.540625 0.086111 0.540104 0.085185 0.540104 0.084259 0.539062 0.082407 0.539062 0.081481 0.538021 0.079630 0.536979 0.079630 0.535937 0.077778 0.534375 0.077778 0.533854 0.076852 0.529687 0.076852 0.529167 0.077778 0.528125 0.077778 0.527604 0.078704 0.526563 0.078704 0.526042 0.079630
0 0.478125 0.527778 0.475000 0.533333 0.475000 0.535185 0.474479 0.536111 0.474479 0.537037 0.473958 0.537963 0.473958 0.542593 0.473438 0.543519 0.473438 0.544444 0.473958 0.545370 0.473958 0.549074 0.474479 0.550000 0.474479 0.551852 0.475000 0.552778 0.475000 0.553704 0.476562 0.556481 0.476562 0.557407 0.477604 0.559259 0.478125 0.559259 0.479167 0.561111 0.479687 0.561111 0.480208 0.562037 0.480729 0.562037 0.481250 0.562963 0.481771 0.562963 0.482292 0.563889 0.488021 0.563889 0.488542 0.562963 0.489063 0.562963 0.489583 0.562037 0.490104 0.562037 0.491146 0.560185 0.491667 0.560185 0.491667 0.559259 0.492188 0.558333 0.492708 0.558333 0.492708 0.557407 0.493750 0.555556 0.493750 0.554630 0.494271 0.553704 0.494271 0.551852 0.494792 0.550926 0.494792 0.541667 0.494271 0.540741 0.494271 0.537963 0.493229 0.536111 0.493229 0.535185 0.492708 0.534259 0.492708 0.533333 0.492188 0.532407 0.491667 0.532407 0.491146 0.531481 0.491146 0.530556 0.490625 0.529630 0.490104 0.529630 0.489063 0.527778 0.488021 0.527778 0.487500 0.526852 0.486979 0.526852 0.486458 0.525926 0.480729 0.525926 0.480208 0.526852 0.479687 0.526852 0.479167 0.527778
0 0.433333 0.125000 0.433333 0.125926 0.432812 0.126852 0.432812 0.134259 0.433854 0.136111 0.433854 0.137963 0.435417 0.140741 0.436458 0.140741 0.437500 0.142593 0.438021 0.142593 0.438542 0.143519 0.440104 0.143519 0.440625 0.144444 0.444792 0.144444 0.445312 0.143519 0.446354 0.143519 0.446875 0.142593 0.447917 0.142593 0.451562 0.136111 0.451562 0.132407 0.452083 0.131481 0.451562 0.130556 0.451562 0.127778 0.451042 0.126852 0.451042 0.125926 0.448437 0.121296 0.447917 0.121296 0.446875 0.119444 0.445833 0.119444 0.445312 0.118519 0.443750 0.118519 0.443229 0.117593 0.440625 0.117593 0.440104 0.118519 0.438021 0.118519 0.437500 0.119444 0.436979 0.119444 0.436458 0.120370 0.435937 0.120370
0 0.469792 0.606481 0.469271 0.607407 0.468750 0.607407 0.465625 0.612963 0.465625 0.613889 0.465104 0.614815 0.465104 0.616667 0.464583 0.617593 0.464583 0.622222 0.465104 0.623148 0.465104 0.625000 0.465625 0.625926 0.465625 0.626852 0.466146 0.627778 0.466146 0.628704 0.467708 0.631481 0.468750 0.631481 0.469792 0.633333 0.470313 0.633333 0.470833 0.634259 0.475521 0.634259 0.476042 0.633333 0.477083 0.633333 0.478646 0.630556 0.479167 0.630556 0.480208 0.628704 0.480208 0.627778 0.481250 0.625926 0.481250 0.623148 0.481771 0.622222 0.481771 0.618519 0.481250 0.617593 0.481250 0.614815 0.480208 0.612963 0.480208 0.612037 0.478646 0.609259 0.478125 0.609259 0.477083 0.607407 0.476562 0.607407 0.476042 0.606481 0.475000 0.606481 0.474479 0.605556 0.471875 0.605556 0.471354 0.606481
0 0.593229 0.381481 0.589063 0.381481 0.588542 0.382407 0.587500 0.382407 0.586979 0.383333 0.586458 0.383333 0.585417 0.385185 0.584896 0.385185 0.583333 0.387963 0.583333 0.388889 0.582812 0.389815 0.582292 0.389815 0.582292 0.390741 0.581771 0.391667 0.581771 0.392593 0.581250 0.393519 0.581250 0.395370 0.580729 0.396296 0.580729 0.399074 0.580208 0.400000 0.580208 0.406481 0.580729 0.407407 0.580729 0.410185 0.581250 0.411111 0.581250 0.412963 0.582292 0.414815 0.582292 0.415741 0.582812 0.416667 0.582812 0.417593 0.583854 0.419444 0.584375 0.419444 0.585417 0.421296 0.585938 0.421296 0.586458 0.422222 0.586979 0.422222 0.587500 0.423148 0.589583 0.423148 0.590104 0.424074 0.590625 0.424074 0.591146 0.423148 0.593229 0.423148 0.593750 0.422222 0.594792 0.422222 0.595833 0.420370 0.596354 0.420370 0.598437 0.416667 0.598437 0.415741 0.599479 0.413889 0.599479 0.412963 0.600000 0.412037 0.600000 0.410185 0.600521 0.409259 0.600521 0.407407 0.601042 0.406481 0.601042 0.397222 0.600521 0.396296 0.600521 0.394444 0.600000 0.393519 0.600000 0.391667 0.599479 0.390741 0.599479 0.389815 0.596354 0.384259 0.595833 0.384259 0.595313 0.383333 0.594792 0.383333 0.594271 0.382407 0.593750 0.382407
0 0.501042 0.056481 0.500521 0.057407 0.500000 0.057407 0.499479 0.058333 0.498958 0.058333 0.498437 0.059259 0.497917 0.059259 0.495833 0.062963 0.495833 0.064815 0.495312 0.065741 0.495312 0.066667 0.494792 0.067593 0.494792 0.076852 0.495312 0.077778 0.495312 0.079630 0.495833 0.080556 0.495833 0.081481 0.498437 0.086111 0.498958 0.086111 0.500000 0.087963 0.501042 0.087963 0.501563 0.088889 0.503125 0.088889 0.503646 0.089815 0.504687 0.089815 0.505208 0.088889 0.506771 0.088889 0.507292 0.087963 0.507812 0.087963 0.508333 0.087037 0.508854 0.087037 0.509375 0.086111 0.509896 0.086111 0.509896 0.085185 0.511979 0.081481 0.511979 0.079630 0.512500 0.078704 0.512500 0.076852 0.513021 0.075926 0.513021 0.071296 0.512500 0.070370 0.512500 0.068519 0.511979 0.067593 0.511979 0.065741 0.511458 0.064815 0.511458 0.063889 0.508854 0.059259 0.508333 0.059259 0.507292 0.057407 0.506250 0.057407 0.505729 0.056481
0 0.107292 0.787037 0.106771 0.787963 0.105729 0.787963 0.105208 0.788889 0.104688 0.788889 0.104167 0.789815 0.103646 0.789815 0.101562 0.793519 0.101562 0.795370 0.100521 0.797222 0.100521 0.799074 0.100000 0.800000 0.100000 0.807407 0.100521 0.808333 0.100521 0.810185 0.101042 0.811111 0.101042 0.812963 0.103646 0.817593 0.104167 0.817593 0.105208 0.819444 0.105729 0.819444 0.106250 0.820370 0.110417 0.820370 0.110937 0.819444 0.111979 0.819444 0.114583 0.814815 0.115104 0.814815 0.115104 0.813889 0.115625 0.812963 0.115625 0.812037 0.116146 0.811111 0.116146 0.810185 0.116667 0.809259 0.116667 0.805556 0.117188 0.804630 0.117188 0.802778 0.116667 0.801852 0.116667 0.798148 0.116146 0.797222 0.116146 0.795370 0.112500 0.788889 0.111979 0.788889 0.111458 0.787963 0.110937 0.787963 0.110417 0.787037
0 0.144792 0.521296 0.144271 0.522222 0.143750 0.522222 0.141667 0.525926 0.141146 0.525926 0.140625 0.526852 0.140625 0.528704 0.139583 0.530556 0.139583 0.532407 0.139063 0.533333 0.139063 0.541667 0.139583 0.542593 0.139583 0.545370 0.140625 0.547222 0.140625 0.548148 0.141146 0.549074 0.141146 0.550000 0.143229 0.553704 0.143750 0.553704 0.144271 0.554630 0.144792 0.554630 0.145313 0.555556 0.145833 0.555556 0.146354 0.556481 0.152083 0.556481 0.152604 0.555556 0.153646 0.555556 0.155208 0.552778 0.155729 0.552778 0.156250 0.551852 0.156250 0.550926 0.157292 0.549074 0.157292 0.548148 0.157812 0.547222 0.157812 0.545370 0.158333 0.544444 0.158333 0.535185 0.157812 0.534259 0.157812 0.531481 0.156771 0.529630 0.156771 0.528704 0.153646 0.523148 0.152604 0.523148 0.151562 0.521296 0.150000 0.521296 0.149479 0.520370 0.146875 0.520370 0.146354 0.521296
0 0.552083 0.522222 0.552083 0.523148 0.552604 0.524074 0.552604 0.525000 0.553646 0.526852 0.553646 0.527778 0.554167 0.527778 0.554688 0.528704 0.556250 0.528704 0.556771 0.529630 0.561458 0.529630 0.561979 0.528704 0.563542 0.528704 0.564583 0.526852 0.565104 0.526852 0.565625 0.525926 0.566146 0.525926 0.566667 0.525000 0.566667 0.524074 0.567187 0.523148 0.567187 0.521296 0.566667 0.520370 0.566667 0.518519 0.565625 0.516667 0.565104 0.516667 0.564583 0.515741 0.562500 0.515741 0.561979 0.514815 0.558333 0.514815 0.557813 0.515741 0.556250 0.515741 0.555729 0.516667 0.555208 0.516667 0.554688 0.517593 0.554167 0.517593 0.552604 0.520370 0.552604 0.521296
0 0.535417 0.392593 0.532813 0.397222 0.532813 0.398148 0.532292 0.399074 0.532292 0.406481 0.533854 0.409259 0.533854 0.410185 0.534896 0.412037 0.535417 0.412037 0.535937 0.412963 0.536458 0.412963 0.536979 0.413889 0.538021 0.413889 0.538542 0.414815 0.542708 0.414815 0.543229 0.413889 0.544792 0.413889 0.545833 0.412037 0.546875 0.412037 0.549479 0.407407 0.549479 0.406481 0.550000 0.405556 0.550000 0.399074 0.549479 0.398148 0.549479 0.396296 0.548438 0.394444 0.547917 0.394444 0.545833 0.390741 0.544271 0.390741 0.543750 0.389815 0.539583 0.389815 0.539062 0.390741 0.537500 0.390741 0.536979 0.391667 0.536458 0.391667 0.535937 0.392593
0 0.290104 0.532407 0.286979 0.532407 0.286458 0.533333 0.285417 0.533333 0.284896 0.534259 0.284375 0.534259 0.283333 0.536111 0.283333 0.537037 0.281771 0.539815 0.281771 0.540741 0.281250 0.541667 0.281250 0.552778 0.281771 0.553704 0.281771 0.554630 0.284896 0.560185 0.285417 0.560185 0.285938 0.561111 0.286979 0.561111 0.287500 0.562037 0.288021 0.562037 0.288542 0.561111 0.290625 0.561111 0.292187 0.558333 0.292708 0.558333 0.293750 0.556481 0.293750 0.555556 0.294271 0.554630 0.294271 0.553704 0.294792 0.552778 0.294792 0.551852 0.295312 0.550926 0.295312 0.542593 0.294792 0.541667 0.294792 0.539815 0.294271 0.538889 0.294271 0.537963 0.292708 0.535185 0.292187 0.535185 0.291146 0.533333 0.290625 0.533333
0 0.738021 0.521296 0.737500 0.522222 0.736979 0.522222 0.734375 0.526852 0.734375 0.527778 0.733854 0.528704 0.733854 0.530556 0.733333 0.531481 0.733333 0.535185 0.732812 0.536111 0.732812 0.538889 0.733333 0.539815 0.733333 0.542593 0.733854 0.543519 0.733854 0.545370 0.734375 0.546296 0.734375 0.547222 0.735417 0.549074 0.735417 0.550000 0.736458 0.551852 0.736979 0.551852 0.738021 0.553704 0.739062 0.553704 0.739583 0.554630 0.742188 0.554630 0.742708 0.553704 0.743229 0.553704 0.743750 0.552778 0.744792 0.552778 0.746354 0.550000 0.746354 0.549074 0.746875 0.548148 0.746875 0.547222 0.747396 0.546296 0.747396 0.544444 0.747917 0.543519 0.747917 0.533333 0.747396 0.532407 0.747396 0.530556 0.746354 0.528704 0.746354 0.527778 0.745833 0.526852 0.745833 0.525926 0.744271 0.523148 0.743750 0.523148 0.743229 0.522222 0.742708 0.522222 0.742188 0.521296
0 0.565104 0.084259 0.561979 0.084259 0.561458 0.085185 0.560417 0.085185 0.559375 0.087037 0.558854 0.087037 0.557813 0.088889 0.557813 0.089815 0.556771 0.091667 0.556771 0.093519 0.556250 0.094444 0.556250 0.095370 0.555729 0.096296 0.555729 0.102778 0.556250 0.103704 0.556250 0.105556 0.556771 0.106481 0.556771 0.107407 0.559375 0.112037 0.559896 0.112037 0.560417 0.112963 0.561979 0.112963 0.562500 0.113889 0.563021 0.113889 0.563542 0.112963 0.564583 0.112963 0.565104 0.112037 0.566146 0.112037 0.568750 0.107407 0.568750 0.106481 0.569792 0.104630 0.569792 0.101852 0.570312 0.100926 0.570312 0.094444 0.569792 0.093519 0.569792 0.091667 0.569271 0.090741 0.569271 0.089815 0.567187 0.086111 0.566667 0.086111 0.566146 0.085185 0.565625 0.085185
0 0.554167 0.303704 0.553646 0.304630 0.552083 0.304630 0.551562 0.305556 0.550521 0.305556 0.547396 0.311111 0.547396 0.312037 0.546875 0.312963 0.546875 0.313889 0.546354 0.314815 0.546354 0.316667 0.545833 0.317593 0.545833 0.324074 0.546354 0.325000 0.546354 0.327778 0.546875 0.328704 0.546875 0.329630 0.547917 0.331481 0.547917 0.332407 0.550521 0.337037 0.551562 0.337037 0.552083 0.337963 0.552604 0.337963 0.553125 0.338889 0.557813 0.338889 0.558333 0.337963 0.558854 0.337963 0.559375 0.337037 0.559896 0.337037 0.560417 0.336111 0.560937 0.336111 0.561979 0.334259 0.561979 0.333333 0.563021 0.331481 0.563021 0.330556 0.563542 0.329630 0.563542 0.328704 0.564063 0.327778 0.564063 0.325000 0.564583 0.324074 0.564583 0.319444 0.564063 0.318519 0.564063 0.316667 0.563542 0.315741 0.563542 0.313889 0.563021 0.312963 0.563021 0.312037 0.559896 0.306481 0.559375 0.306481 0.558854 0.305556 0.558333 0.305556 0.557813 0.304630 0.555729 0.304630 0.555208 0.303704
0 0.538021 0.039815 0.534896 0.045370 0.534896 0.046296 0.534375 0.047222 0.534375 0.049074 0.533854 0.050000 0.533854 0.057407 0.534375 0.058333 0.534375 0.060185 0.534896 0.061111 0.534896 0.062037 0.535417 0.062963 0.535417 0.063889 0.538021 0.068519 0.538542 0.068519 0.539062 0.069444 0.539583 0.069444 0.540104 0.070370 0.540625 0.070370 0.541146 0.071296 0.546354 0.071296 0.546875 0.070370 0.547917 0.070370 0.548958 0.068519 0.549479 0.068519 0.551042 0.065741 0.551042 0.064815 0.551562 0.063889 0.551562 0.062963 0.552083 0.062037 0.552083 0.059259 0.552604 0.058333 0.552604 0.054630 0.552083 0.053704 0.552083 0.050926 0.551562 0.050000 0.551562 0.048148 0.550521 0.046296 0.550521 0.045370 0.548438 0.041667 0.547917 0.041667 0.546875 0.039815 0.546354 0.039815 0.545833 0.038889 0.544271 0.038889 0.543750 0.037963 0.540625 0.037963 0.540104 0.038889 0.539062 0.038889 0.538542 0.039815
0 0.739583 0.807407 0.739583 0.809259 0.739062 0.810185 0.739062 0.812963 0.739583 0.813889 0.739583 0.815741 0.740104 0.816667 0.740104 0.817593 0.740625 0.818519 0.740625 0.819444 0.741667 0.821296 0.742188 0.821296 0.742708 0.822222 0.743229 0.822222 0.744271 0.824074 0.745313 0.824074 0.745833 0.825000 0.752083 0.825000 0.752604 0.824074 0.753646 0.824074 0.755208 0.821296 0.755729 0.821296 0.755729 0.820370 0.757292 0.817593 0.757292 0.816667 0.757812 0.815741 0.757812 0.811111 0.757292 0.810185 0.757292 0.808333 0.756250 0.806481 0.756250 0.805556 0.754687 0.802778 0.754167 0.802778 0.753646 0.801852 0.753125 0.801852 0.752604 0.800926 0.752083 0.800926 0.751563 0.800000 0.749479 0.800000 0.748958 0.799074 0.746875 0.799074 0.746354 0.800000 0.744271 0.800000 0.743750 0.800926 0.743229 0.800926
0 0.417708 0.336111 0.417708 0.341667 0.418229 0.342593 0.418229 0.343519 0.418750 0.344444 0.418750 0.345370 0.419271 0.346296 0.419271 0.347222 0.419792 0.348148 0.420833 0.348148 0.422396 0.350926 0.423438 0.350926 0.423958 0.351852 0.430208 0.351852 0.430729 0.350926 0.431771 0.350926 0.432292 0.350000 0.432812 0.350000 0.433854 0.348148 0.434375 0.348148 0.435937 0.345370 0.435937 0.344444 0.436458 0.343519 0.436458 0.341667 0.436979 0.340741 0.436979 0.336111 0.436458 0.335185 0.436458 0.334259 0.432812 0.327778 0.432292 0.327778 0.431771 0.326852 0.430729 0.326852 0.430208 0.325926 0.424479 0.325926 0.423958 0.326852 0.422917 0.326852 0.421875 0.328704 0.420833 0.328704 0.418750 0.332407 0.418750 0.333333 0.418229 0.334259 0.418229 0.335185
0 0.175000 0.510185 0.174479 0.511111 0.173437 0.511111 0.172917 0.512037 0.172396 0.512037 0.169792 0.516667 0.169792 0.517593 0.168750 0.519444 0.168750 0.520370 0.168229 0.521296 0.168229 0.525000 0.167708 0.525926 0.167708 0.532407 0.168229 0.533333 0.168229 0.536111 0.168750 0.537037 0.168750 0.537963 0.169271 0.538889 0.169271 0.539815 0.169792 0.540741 0.169792 0.541667 0.172917 0.547222 0.173958 0.547222 0.174479 0.548148 0.175521 0.548148 0.176042 0.549074 0.177604 0.549074 0.178125 0.548148 0.179688 0.548148 0.180208 0.547222 0.180729 0.547222 0.182292 0.544444 0.182812 0.544444 0.183333 0.543519 0.183333 0.542593 0.183854 0.541667 0.183854 0.540741 0.184375 0.539815 0.184375 0.538889 0.184896 0.537963 0.184896 0.535185 0.185417 0.534259 0.185417 0.525926 0.184896 0.525000 0.184896 0.523148 0.184375 0.522222 0.184375 0.521296 0.183854 0.520370 0.183854 0.519444 0.183333 0.518519 0.183333 0.517593 0.182812 0.516667 0.182812 0.515741 0.182292 0.515741 0.180208 0.512037 0.179688 0.512037 0.179167 0.511111 0.178125 0.511111 0.177604 0.510185
0 0.371354 0.788889 0.370833 0.789815 0.370312 0.789815 0.369792 0.790741 0.368750 0.790741 0.367708 0.792593 0.367188 0.792593 0.364583 0.797222 0.364583 0.798148 0.364063 0.799074 0.364063 0.800000 0.363542 0.800926 0.363542 0.803704 0.363021 0.804630 0.363021 0.809259 0.363542 0.810185 0.363542 0.812037 0.364063 0.812963 0.364063 0.813889 0.364583 0.814815 0.364583 0.815741 0.366667 0.819444 0.367188 0.819444 0.367708 0.820370 0.368229 0.820370 0.368750 0.821296 0.369271 0.821296 0.369792 0.822222 0.371875 0.822222 0.372396 0.823148 0.374479 0.823148 0.375000 0.822222 0.377083 0.822222 0.377604 0.821296 0.378125 0.821296 0.378646 0.820370 0.379167 0.820370 0.380208 0.818519 0.380729 0.818519 0.382812 0.814815 0.382812 0.813889 0.383333 0.812963 0.383333 0.812037 0.383854 0.811111 0.383854 0.810185 0.384375 0.809259 0.384375 0.800000 0.383854 0.799074 0.383854 0.798148 0.383333 0.797222 0.383333 0.796296 0.380208 0.790741 0.379167 0.790741 0.378646 0.789815 0.378125 0.789815 0.377604 0.788889
0 0.248958 0.702778 0.247917 0.704630 0.247396 0.704630 0.245833 0.707407 0.245833 0.708333 0.245312 0.709259 0.245312 0.710185 0.244792 0.711111 0.244792 0.719444 0.245312 0.720370 0.245312 0.722222 0.249479 0.729630 0.250521 0.729630 0.251042 0.730556 0.256250 0.730556 0.256771 0.729630 0.257812 0.729630 0.260417 0.725000 0.260417 0.724074 0.260937 0.723148 0.260937 0.722222 0.261458 0.721296 0.261458 0.713889 0.260937 0.712963 0.260937 0.712037 0.260417 0.711111 0.260417 0.709259 0.257812 0.704630 0.257292 0.704630 0.256771 0.703704 0.256250 0.703704 0.255729 0.702778 0.254688 0.702778 0.254167 0.701852 0.250521 0.701852 0.250000 0.702778
0 0.687500 0.539815 0.686979 0.540741 0.685937 0.540741 0.685417 0.541667 0.684896 0.541667 0.684375 0.542593 0.683854 0.542593 0.682292 0.545370 0.682292 0.546296 0.681250 0.548148 0.681250 0.550926 0.680729 0.551852 0.680729 0.555556 0.680208 0.556481 0.680208 0.559259 0.680729 0.560185 0.680729 0.563889 0.681250 0.564815 0.681250 0.566667 0.681771 0.567593 0.681771 0.568519 0.682292 0.569444 0.682292 0.570370 0.682813 0.571296 0.682813 0.572222 0.683333 0.572222 0.683854 0.573148 0.683854 0.574074 0.685417 0.576852 0.685937 0.576852 0.686458 0.577778 0.686979 0.577778 0.687500 0.578704 0.689063 0.578704 0.689583 0.579630 0.691146 0.579630 0.691667 0.578704 0.692708 0.578704 0.693229 0.577778 0.693750 0.577778 0.694271 0.576852 0.694792 0.576852 0.695833 0.575000 0.695833 0.574074 0.696875 0.572222 0.696875 0.571296 0.697396 0.570370 0.697396 0.568519 0.697917 0.567593 0.697917 0.555556 0.697396 0.554630 0.697396 0.552778 0.696875 0.551852 0.696875 0.550926 0.696354 0.550000 0.696354 0.549074 0.695312 0.547222 0.695312 0.546296 0.693750 0.543519 0.693229 0.543519 0.692187 0.541667 0.691667 0.541667 0.691146 0.540741 0.689583 0.540741 0.689063 0.539815
0 0.410417 0.790741 0.409896 0.791667 0.407813 0.791667 0.407292 0.792593 0.406771 0.792593 0.406250 0.793519 0.405729 0.793519 0.404687 0.795370 0.404167 0.795370 0.403125 0.797222 0.403125 0.798148 0.402604 0.799074 0.402604 0.800000 0.402083 0.800926 0.402083 0.802778 0.401562 0.803704 0.401562 0.810185 0.402083 0.811111 0.402083 0.812963 0.402604 0.813889 0.402604 0.814815 0.403125 0.815741 0.403125 0.816667 0.403646 0.817593 0.404167 0.817593 0.406250 0.821296 0.406771 0.821296 0.407292 0.822222 0.408333 0.822222 0.408854 0.823148 0.410417 0.823148 0.410938 0.824074 0.412500 0.824074 0.413021 0.823148 0.415104 0.823148 0.415625 0.822222 0.416146 0.822222 0.416667 0.821296 0.417187 0.821296 0.418229 0.819444 0.418750 0.819444 0.419271 0.818519 0.419271 0.817593 0.420312 0.815741 0.420312 0.814815 0.420833 0.813889 0.420833 0.812037 0.421354 0.811111 0.421354 0.804630 0.420833 0.803704 0.420833 0.801852 0.420312 0.800926 0.420312 0.800000 0.417708 0.795370 0.417708 0.794444 0.417187 0.794444 0.416667 0.793519 0.416146 0.793519 0.415625 0.792593 0.415104 0.792593 0.414583 0.791667 0.412500 0.791667 0.411979 0.790741
0 0.786458 0.569444 0.785937 0.570370 0.785417 0.570370 0.781771 0.576852 0.781771 0.578704 0.781250 0.579630 0.781250 0.581481 0.780729 0.582407 0.780729 0.588889 0.781250 0.589815 0.781250 0.592593 0.781771 0.593519 0.781771 0.595370 0.782813 0.597222 0.782813 0.598148 0.784896 0.601852 0.785417 0.601852 0.785937 0.602778 0.787500 0.602778 0.788021 0.603704 0.789583 0.603704 0.790104 0.602778 0.790625 0.602778 0.791146 0.601852 0.792188 0.601852 0.794271 0.598148 0.794271 0.597222 0.794792 0.596296 0.794792 0.595370 0.795312 0.594444 0.795312 0.592593 0.795833 0.591667 0.795833 0.581481 0.795312 0.580556 0.795312 0.578704 0.794792 0.577778 0.794792 0.576852 0.791146 0.570370 0.790625 0.570370 0.790104 0.569444
0 0.698958 0.827778 0.698438 0.828704 0.696875 0.828704 0.695833 0.830556 0.695312 0.830556 0.693229 0.834259 0.693229 0.835185 0.692708 0.836111 0.692708 0.837037 0.692187 0.837963 0.692187 0.839815 0.691667 0.840741 0.691667 0.850926 0.692187 0.851852 0.692187 0.854630 0.693229 0.856481 0.693229 0.857407 0.693750 0.858333 0.693750 0.859259 0.694271 0.859259 0.696354 0.862963 0.696875 0.862963 0.697396 0.863889 0.698438 0.863889 0.698958 0.864815 0.701042 0.864815 0.701562 0.863889 0.702604 0.863889 0.703125 0.862963 0.703646 0.862963 0.705208 0.860185 0.705729 0.860185 0.706250 0.859259 0.706250 0.858333 0.707292 0.856481 0.707292 0.854630 0.707812 0.853704 0.707812 0.851852 0.708333 0.850926 0.708333 0.842593 0.707812 0.841667 0.707812 0.838889 0.707292 0.837963 0.707292 0.836111 0.704688 0.831481 0.704688 0.830556 0.703646 0.830556 0.702604 0.828704 0.701562 0.828704 0.701042 0.827778
0 0.562500 0.483333 0.561979 0.484259 0.561458 0.484259 0.560937 0.485185 0.560417 0.485185 0.558333 0.488889 0.558333 0.489815 0.557292 0.491667 0.557292 0.493519 0.556771 0.494444 0.556771 0.502778 0.557292 0.503704 0.557292 0.505556 0.557813 0.506481 0.557813 0.507407 0.558333 0.508333 0.558333 0.509259 0.559375 0.511111 0.559896 0.511111 0.561979 0.514815 0.562500 0.514815 0.563021 0.515741 0.564583 0.515741 0.565104 0.516667 0.568750 0.516667 0.569271 0.515741 0.570312 0.515741 0.570833 0.514815 0.571354 0.514815 0.572917 0.512037 0.573438 0.512037 0.573958 0.511111 0.573958 0.510185 0.574479 0.509259 0.574479 0.508333 0.575000 0.507407 0.575000 0.506481 0.575521 0.505556 0.575521 0.496296 0.575000 0.495370 0.575000 0.493519 0.574479 0.492593 0.574479 0.491667 0.573958 0.490741 0.573958 0.489815 0.572917 0.487963 0.572396 0.487963 0.570833 0.485185 0.570312 0.485185 0.569792 0.484259 0.568750 0.484259 0.568229 0.483333 0.567187 0.483333 0.566667 0.482407 0.564583 0.482407 0.564063 0.483333
0 0.378125 0.250926 0.377083 0.252778 0.376563 0.252778 0.373437 0.258333 0.373437 0.260185 0.372917 0.261111 0.372917 0.264815 0.372396 0.265741 0.372917 0.266667 0.372917 0.270370 0.373437 0.271296 0.373437 0.272222 0.373958 0.273148 0.373958 0.274074 0.375521 0.276852 0.375521 0.277778 0.376042 0.278704 0.376563 0.278704 0.377083 0.279630 0.377604 0.279630 0.378125 0.280556 0.378646 0.280556 0.379167 0.281481 0.380208 0.281481 0.380729 0.282407 0.384375 0.282407 0.384896 0.281481 0.386458 0.281481 0.387500 0.279630 0.388021 0.279630 0.389583 0.276852 0.390104 0.276852 0.390625 0.275926 0.390625 0.275000 0.391146 0.274074 0.391146 0.273148 0.391667 0.272222 0.391667 0.270370 0.392188 0.269444 0.392188 0.262963 0.391667 0.262037 0.391667 0.260185 0.391146 0.259259 0.391146 0.258333 0.390625 0.257407 0.390625 0.256481 0.389062 0.253704 0.388542 0.253704 0.387500 0.251852 0.386979 0.251852 0.386458 0.250926 0.385417 0.250926 0.384896 0.250000 0.379688 0.250000 0.379167 0.250926
0 0.867708 0.241667 0.866146 0.241667 0.865625 0.240741 0.863542 0.240741 0.863021 0.241667 0.860938 0.241667 0.860417 0.242593 0.859896 0.242593 0.859375 0.243519 0.858333 0.243519 0.854167 0.250926 0.854167 0.251852 0.853646 0.252778 0.853646 0.254630 0.853125 0.255556 0.853125 0.264815 0.853646 0.265741 0.853646 0.266667 0.854167 0.267593 0.854167 0.268519 0.854688 0.269444 0.855208 0.269444 0.855729 0.270370 0.855729 0.271296 0.856250 0.272222 0.856771 0.272222 0.857292 0.273148 0.857812 0.273148 0.858333 0.274074 0.859375 0.274074 0.859896 0.275000 0.864583 0.275000 0.865104 0.274074 0.866146 0.274074 0.866667 0.273148 0.867188 0.273148 0.868229 0.271296 0.868750 0.271296 0.869792 0.269444 0.870313 0.269444 0.870833 0.268519 0.870833 0.267593 0.872396 0.264815 0.872396 0.262963 0.872917 0.262037 0.872917 0.260185 0.873437 0.259259 0.873437 0.252778 0.872917 0.251852 0.872917 0.250000 0.872396 0.249074 0.872396 0.248148 0.870313 0.244444 0.869792 0.244444 0.868750 0.242593 0.868229 0.242593
0 0.425000 0.385185 0.422396 0.389815 0.422396 0.391667 0.421875 0.392593 0.421875 0.394444 0.421354 0.395370 0.421354 0.400000 0.421875 0.400926 0.421875 0.403704 0.422396 0.404630 0.422396 0.405556 0.422917 0.406481 0.422917 0.407407 0.423958 0.409259 0.423958 0.410185 0.425000 0.412037 0.425521 0.412037 0.427083 0.414815 0.428125 0.414815 0.428646 0.415741 0.430208 0.415741 0.430729 0.416667 0.434375 0.416667 0.434896 0.415741 0.435937 0.415741 0.438021 0.412037 0.438542 0.412037 0.439583 0.410185 0.439583 0.409259 0.440104 0.408333 0.440104 0.407407 0.440625 0.406481 0.440625 0.397222 0.440104 0.396296 0.440104 0.394444 0.439583 0.393519 0.439583 0.392593 0.437500 0.388889 0.437500 0.387963 0.436458 0.386111 0.435937 0.386111 0.435417 0.385185 0.434896 0.385185 0.434375 0.384259 0.433854 0.384259 0.433333 0.383333 0.427083 0.383333 0.426563 0.384259 0.426042 0.384259 0.425521 0.385185
0 0.828125 0.428704 0.827083 0.430556 0.826562 0.430556 0.825000 0.433333 0.825000 0.434259 0.824479 0.435185 0.824479 0.437037 0.823958 0.437963 0.823958 0.443519 0.824479 0.444444 0.824479 0.446296 0.825000 0.447222 0.825000 0.448148 0.825521 0.449074 0.825521 0.450000 0.826042 0.450926 0.826562 0.450926 0.829167 0.455556 0.829688 0.455556 0.830208 0.456481 0.831250 0.456481 0.831771 0.457407 0.836458 0.457407 0.836979 0.456481 0.838021 0.456481 0.839063 0.454630 0.839583 0.454630 0.841146 0.451852 0.841146 0.450926 0.841667 0.450000 0.841667 0.449074 0.842187 0.448148 0.842187 0.438889 0.841667 0.437963 0.841667 0.437037 0.841146 0.436111 0.841146 0.435185 0.839063 0.431481 0.838542 0.431481 0.837500 0.429630 0.836979 0.429630 0.836458 0.428704 0.835938 0.428704 0.835417 0.427778 0.832812 0.427778 0.832292 0.426852 0.831771 0.427778 0.829688 0.427778 0.829167 0.428704
0 0.225000 0.704630 0.224479 0.705556 0.223438 0.705556 0.222917 0.706481 0.222396 0.706481 0.220312 0.710185 0.219792 0.710185 0.218750 0.712037 0.218750 0.712963 0.218229 0.713889 0.218229 0.714815 0.217708 0.715741 0.217708 0.716667 0.217188 0.717593 0.217188 0.722222 0.216667 0.723148 0.216667 0.725000 0.217188 0.725926 0.217188 0.729630 0.217708 0.730556 0.217708 0.733333 0.218750 0.735185 0.218750 0.736111 0.220312 0.738889 0.220833 0.738889 0.222396 0.741667 0.223958 0.741667 0.224479 0.742593 0.227604 0.742593 0.228125 0.741667 0.229167 0.741667 0.230208 0.739815 0.230729 0.739815 0.231771 0.737963 0.232292 0.737963 0.232813 0.737037 0.232813 0.736111 0.234375 0.733333 0.234375 0.732407 0.234896 0.731481 0.234896 0.730556 0.235417 0.729630 0.235417 0.725926 0.235937 0.725000 0.235937 0.720370 0.235417 0.719444 0.235417 0.716667 0.234896 0.715741 0.234896 0.713889 0.234375 0.712963 0.234375 0.712037 0.232813 0.709259 0.232813 0.708333 0.232292 0.707407 0.231771 0.707407 0.230729 0.705556 0.229687 0.705556 0.229167 0.704630
0 0.746354 0.833333 0.745833 0.832407 0.745313 0.832407 0.744792 0.831481 0.744792 0.830556 0.744271 0.829630 0.743750 0.829630 0.742708 0.827778 0.741667 0.827778 0.741146 0.826852 0.738542 0.826852 0.738021 0.825926 0.735938 0.825926 0.735417 0.826852 0.733333 0.826852 0.732812 0.827778 0.731771 0.827778 0.731250 0.828704 0.730729 0.828704 0.730208 0.829630 0.729688 0.829630 0.729167 0.830556 0.728646 0.830556 0.727604 0.832407 0.727083 0.832407 0.726042 0.834259 0.726042 0.835185 0.725000 0.837037 0.725000 0.837963 0.723958 0.839815 0.723958 0.841667 0.723437 0.842593 0.723437 0.848148 0.723958 0.849074 0.723958 0.850926 0.724479 0.851852 0.724479 0.852778 0.726562 0.856481 0.727083 0.856481 0.728125 0.858333 0.729167 0.858333 0.729688 0.859259 0.730729 0.859259 0.731250 0.860185 0.735938 0.860185 0.736458 0.859259 0.738021 0.859259 0.738542 0.858333 0.739583 0.858333 0.740104 0.857407 0.740625 0.857407 0.741146 0.856481 0.741667 0.856481 0.742708 0.854630 0.743229 0.854630 0.745833 0.850000 0.745833 0.849074 0.746875 0.847222 0.746875 0.845370 0.747396 0.844444 0.747396 0.837037 0.746875 0.836111 0.746875 0.835185 0.746354 0.834259
0 0.471354 0.158333 0.471354 0.159259 0.470833 0.160185 0.470833 0.161111 0.470313 0.162037 0.470313 0.168519 0.470833 0.169444 0.470833 0.171296 0.471354 0.172222 0.471354 0.173148 0.473958 0.177778 0.474479 0.177778 0.475521 0.179630 0.476042 0.179630 0.476562 0.180556 0.477604 0.180556 0.478125 0.181481 0.480208 0.181481 0.480729 0.182407 0.482812 0.182407 0.483333 0.181481 0.485417 0.181481 0.485938 0.180556 0.486979 0.180556 0.487500 0.179630 0.488021 0.179630 0.489063 0.177778 0.489583 0.177778 0.491146 0.175000 0.491146 0.174074 0.492188 0.172222 0.492188 0.170370 0.492708 0.169444 0.492708 0.164815 0.492188 0.163889 0.492188 0.162037 0.491667 0.161111 0.491667 0.159259 0.490625 0.157407 0.490625 0.156481 0.490104 0.155556 0.489583 0.155556 0.488542 0.153704 0.488021 0.153704 0.486979 0.151852 0.485938 0.151852 0.485417 0.150926 0.484375 0.150926 0.483854 0.150000 0.478125 0.150000 0.477604 0.150926 0.476562 0.150926 0.476042 0.151852 0.475521 0.151852 0.475000 0.152778 0.474479 0.152778
0 0.661458 0.550000 0.660937 0.550926 0.659896 0.550926 0.659375 0.551852 0.658854 0.551852 0.658333 0.552778 0.657813 0.552778 0.655208 0.557407 0.655208 0.558333 0.654167 0.560185 0.654167 0.562037 0.653646 0.562963 0.653646 0.573148 0.654167 0.574074 0.654167 0.575926 0.655208 0.577778 0.655208 0.578704 0.657813 0.583333 0.658333 0.583333 0.658854 0.584259 0.659375 0.584259 0.659896 0.585185 0.660417 0.585185 0.660937 0.586111 0.662500 0.586111 0.663021 0.587037 0.665104 0.587037 0.665625 0.586111 0.667188 0.586111 0.667708 0.585185 0.668229 0.585185 0.668750 0.584259 0.669271 0.584259 0.670833 0.581481 0.671354 0.581481 0.671875 0.580556 0.671875 0.579630 0.672396 0.578704 0.672396 0.577778 0.672917 0.576852 0.672917 0.575926 0.673438 0.575000 0.673438 0.572222 0.673958 0.571296 0.673958 0.566667 0.673438 0.565741 0.673438 0.562963 0.672917 0.562037 0.672917 0.560185 0.671875 0.558333 0.671875 0.557407 0.670833 0.555556 0.670312 0.555556 0.669792 0.554630 0.669792 0.553704 0.669271 0.553704 0.668229 0.551852 0.667188 0.551852 0.666667 0.550926 0.665625 0.550926 0.665104 0.550000
0 0.377083 0.148148 0.375521 0.150926 0.375521 0.151852 0.373958 0.154630 0.373958 0.156481 0.373437 0.157407 0.373437 0.164815 0.373958 0.165741 0.373958 0.167593 0.374479 0.168519 0.374479 0.169444 0.375521 0.171296 0.375521 0.172222 0.376042 0.172222 0.378125 0.175926 0.378646 0.175926 0.379167 0.176852 0.379688 0.176852 0.380208 0.177778 0.381250 0.177778 0.381771 0.178704 0.387500 0.178704 0.388021 0.177778 0.389062 0.177778 0.389583 0.176852 0.390104 0.176852 0.391667 0.174074 0.392188 0.174074 0.392708 0.173148 0.392708 0.172222 0.393750 0.170370 0.393750 0.168519 0.394271 0.167593 0.394271 0.158333 0.393750 0.157407 0.393750 0.156481 0.393229 0.155556 0.393229 0.154630 0.392708 0.153704 0.392708 0.152778 0.391667 0.150926 0.391146 0.150926 0.390104 0.149074 0.389583 0.149074 0.388542 0.147222 0.388021 0.147222 0.387500 0.146296 0.386458 0.146296 0.385937 0.145370 0.380729 0.145370 0.380208 0.146296 0.379167 0.146296 0.378646 0.147222 0.378125 0.147222 0.377604 0.148148
0 0.761979 0.961111 0.760938 0.962963 0.760417 0.962963 0.759896 0.963889 0.759896 0.964815 0.757812 0.968519 0.757812 0.969444 0.757292 0.970370 0.757292 0.975000 0.756771 0.975926 0.757292 0.976852 0.757292 0.981481 0.757812 0.982407 0.757812 0.983333 0.758333 0.984259 0.758333 0.985185 0.761458 0.990741 0.761979 0.990741 0.763021 0.992593 0.764062 0.992593 0.764583 0.993519 0.769271 0.993519 0.769792 0.992593 0.770312 0.992593 0.770833 0.991667 0.771875 0.991667 0.772917 0.989815 0.772917 0.988889 0.773438 0.987963 0.773958 0.987963 0.774479 0.987037 0.774479 0.986111 0.775000 0.985185 0.775000 0.984259 0.775521 0.983333 0.775521 0.978704 0.776042 0.977778 0.775521 0.976852 0.775521 0.973148 0.775000 0.972222 0.775000 0.970370 0.774479 0.969444 0.774479 0.968519 0.772396 0.964815 0.772396 0.963889 0.771875 0.963889 0.770833 0.962037 0.769792 0.962037 0.769271 0.961111 0.768750 0.961111 0.768229 0.960185 0.763542 0.960185 0.763021 0.961111
0 0.419271 0.186111 0.418750 0.187037 0.418229 0.187037 0.417708 0.187963 0.417187 0.187963 0.414583 0.192593 0.414583 0.194444 0.414062 0.195370 0.414062 0.197222 0.413542 0.198148 0.413542 0.205556 0.414062 0.206481 0.414062 0.208333 0.414583 0.209259 0.414583 0.210185 0.415625 0.212037 0.415625 0.212963 0.416667 0.214815 0.417187 0.214815 0.418750 0.217593 0.419271 0.217593 0.419792 0.218519 0.420312 0.218519 0.420833 0.219444 0.423438 0.219444 0.423958 0.220370 0.424479 0.219444 0.426563 0.219444 0.427083 0.218519 0.427604 0.218519 0.428646 0.216667 0.429167 0.216667 0.431250 0.212963 0.431250 0.212037 0.431771 0.211111 0.431771 0.209259 0.432292 0.208333 0.432292 0.200926 0.431771 0.200000 0.431771 0.198148 0.431250 0.197222 0.431250 0.195370 0.430208 0.193519 0.430208 0.192593 0.429688 0.191667 0.429167 0.191667 0.427604 0.188889 0.427083 0.188889 0.426042 0.187037 0.425000 0.187037 0.424479 0.186111
0 0.620833 0.657407 0.620313 0.658333 0.619792 0.658333 0.619271 0.659259 0.618750 0.659259 0.616667 0.662963 0.616667 0.663889 0.616146 0.664815 0.616146 0.665741 0.615625 0.666667 0.615625 0.669444 0.615104 0.670370 0.615104 0.674074 0.615625 0.675000 0.615625 0.677778 0.616146 0.678704 0.616146 0.679630 0.616667 0.680556 0.616667 0.681481 0.618229 0.684259 0.618229 0.685185 0.619271 0.687037 0.619792 0.687037 0.620313 0.687963 0.620833 0.687963 0.621354 0.688889 0.621875 0.688889 0.622396 0.689815 0.628125 0.689815 0.628646 0.688889 0.629687 0.688889 0.631250 0.686111 0.631771 0.686111 0.631771 0.685185 0.633333 0.682407 0.633333 0.680556 0.633854 0.679630 0.633854 0.669444 0.633333 0.668519 0.633333 0.667593 0.632812 0.666667 0.632812 0.665741 0.632292 0.664815 0.632292 0.663889 0.631250 0.662037 0.630729 0.662037 0.629167 0.659259 0.628646 0.659259 0.628125 0.658333 0.627604 0.658333 0.627083 0.657407 0.625521 0.657407 0.625000 0.656481 0.622917 0.656481 0.622396 0.657407
0 0.565625 0.168519 0.565104 0.169444 0.564063 0.169444 0.563542 0.170370 0.563021 0.170370 0.561979 0.172222 0.561458 0.172222 0.559896 0.175000 0.559375 0.175000 0.559375 0.175926 0.558854 0.176852 0.558854 0.177778 0.557813 0.179630 0.557813 0.181481 0.557292 0.182407 0.557292 0.184259 0.556771 0.185185 0.556771 0.192593 0.557292 0.193519 0.557292 0.195370 0.557813 0.196296 0.557813 0.197222 0.558333 0.198148 0.558333 0.199074 0.558854 0.200000 0.558854 0.200926 0.562500 0.207407 0.563542 0.207407 0.564063 0.208333 0.564583 0.208333 0.565104 0.209259 0.566146 0.209259 0.566667 0.210185 0.570312 0.210185 0.570833 0.209259 0.572396 0.209259 0.572917 0.208333 0.573958 0.208333 0.574479 0.207407 0.575000 0.207407 0.575000 0.206481 0.575521 0.205556 0.576042 0.205556 0.578125 0.201852 0.578125 0.200926 0.578646 0.200000 0.578646 0.199074 0.579688 0.197222 0.579688 0.194444 0.580208 0.193519 0.580208 0.186111 0.579688 0.185185 0.579688 0.182407 0.579167 0.181481 0.579167 0.180556 0.578646 0.179630 0.578646 0.178704 0.578125 0.177778 0.578125 0.176852 0.577604 0.175926 0.577083 0.175926 0.576562 0.175000 0.576562 0.174074 0.575521 0.172222 0.575000 0.172222 0.574479 0.171296 0.573958 0.171296 0.573438 0.170370 0.572917 0.170370 0.572396 0.169444 0.571354 0.169444 0.570833 0.168519
0 0.696875 0.326852 0.696354 0.327778 0.695312 0.327778 0.694792 0.328704 0.694271 0.328704 0.692187 0.332407 0.691667 0.332407 0.690625 0.334259 0.690625 0.336111 0.690104 0.337037 0.690104 0.337963 0.689583 0.338889 0.689583 0.342593 0.689063 0.343519 0.689063 0.347222 0.689583 0.348148 0.689583 0.350926 0.690104 0.351852 0.690104 0.353704 0.691146 0.355556 0.691146 0.356481 0.692187 0.358333 0.692187 0.359259 0.693229 0.361111 0.693750 0.361111 0.694271 0.362037 0.694792 0.362037 0.695312 0.362963 0.695833 0.362963 0.696354 0.363889 0.697396 0.363889 0.697917 0.364815 0.701042 0.364815 0.701562 0.363889 0.702604 0.363889 0.703125 0.362963 0.703646 0.362963 0.704167 0.362037 0.704688 0.362037 0.705208 0.361111 0.705208 0.360185 0.705729 0.359259 0.706250 0.359259 0.706771 0.358333 0.706771 0.357407 0.707292 0.356481 0.707292 0.355556 0.707812 0.354630 0.707812 0.352778 0.708333 0.351852 0.708333 0.341667 0.707812 0.340741 0.707812 0.338889 0.707292 0.337963 0.707292 0.337037 0.706771 0.336111 0.706771 0.335185 0.703646 0.329630 0.703125 0.329630 0.702604 0.328704 0.702083 0.328704 0.701562 0.327778 0.700000 0.327778 0.699479 0.326852
0 0.261979 0.663889 0.261458 0.664815 0.259896 0.664815 0.259375 0.665741 0.258854 0.665741 0.258333 0.666667 0.257812 0.666667 0.255729 0.670370 0.255729 0.671296 0.254688 0.673148 0.254688 0.674074 0.254167 0.675000 0.254167 0.676852 0.253646 0.677778 0.253646 0.683333 0.253125 0.684259 0.253646 0.685185 0.253646 0.690741 0.254167 0.691667 0.254167 0.692593 0.254688 0.693519 0.254688 0.694444 0.255208 0.695370 0.255208 0.696296 0.256250 0.698148 0.256250 0.699074 0.257292 0.700926 0.257812 0.700926 0.258854 0.702778 0.259375 0.702778 0.260417 0.704630 0.261458 0.704630 0.261979 0.705556 0.265625 0.705556 0.266146 0.704630 0.266667 0.704630 0.267188 0.703704 0.268229 0.703704 0.269271 0.701852 0.269792 0.701852 0.269792 0.700926 0.271354 0.698148 0.271354 0.697222 0.271875 0.696296 0.271875 0.695370 0.272396 0.694444 0.272396 0.692593 0.272917 0.691667 0.272917 0.680556 0.272396 0.679630 0.272396 0.676852 0.271875 0.675926 0.271875 0.675000 0.270833 0.673148 0.270833 0.672222 0.268229 0.667593 0.267708 0.667593 0.266667 0.665741 0.266146 0.665741 0.265625 0.664815 0.263542 0.664815 0.263021 0.663889
0 0.271354 0.506481 0.268229 0.512037 0.268229 0.512963 0.267708 0.513889 0.267708 0.515741 0.267188 0.516667 0.267188 0.520370 0.267708 0.521296 0.267708 0.524074 0.268229 0.525000 0.268229 0.525926 0.271875 0.532407 0.272396 0.532407 0.272917 0.533333 0.274479 0.533333 0.275000 0.534259 0.279167 0.534259 0.279687 0.533333 0.280729 0.533333 0.281250 0.532407 0.281771 0.532407 0.285417 0.525926 0.285417 0.524074 0.285938 0.523148 0.285938 0.516667 0.285417 0.515741 0.285417 0.514815 0.284896 0.513889 0.284896 0.512963 0.281771 0.507407 0.281250 0.507407 0.280208 0.505556 0.278646 0.505556 0.278125 0.504630 0.274479 0.504630 0.273958 0.505556 0.272917 0.505556 0.272396 0.506481
0 0.731250 0.932407 0.731250 0.933333 0.730729 0.934259 0.730729 0.941667 0.731250 0.942593 0.731250 0.943519 0.731771 0.944444 0.731771 0.945370 0.733333 0.948148 0.733854 0.948148 0.734896 0.950000 0.735417 0.950000 0.735938 0.950926 0.737500 0.950926 0.738021 0.951852 0.742708 0.951852 0.743229 0.950926 0.744271 0.950926 0.744792 0.950000 0.745313 0.950000 0.746354 0.948148 0.746875 0.948148 0.747917 0.946296 0.747917 0.945370 0.748437 0.944444 0.748437 0.943519 0.748958 0.942593 0.748958 0.936111 0.748437 0.935185 0.748437 0.933333 0.745833 0.928704 0.745313 0.928704 0.744792 0.927778 0.744271 0.927778 0.743750 0.926852 0.742708 0.926852 0.742188 0.925926 0.736458 0.925926 0.735938 0.926852 0.734896 0.926852 0.733854 0.928704 0.733333 0.928704
0 0.619271 0.335185 0.618750 0.336111 0.617188 0.336111 0.616667 0.337037 0.616146 0.337037 0.615625 0.337963 0.614583 0.337963 0.613542 0.339815 0.613021 0.339815 0.613021 0.340741 0.610938 0.344444 0.610938 0.345370 0.610417 0.346296 0.610417 0.347222 0.609896 0.348148 0.609896 0.349074 0.609375 0.350000 0.609375 0.359259 0.609896 0.360185 0.609896 0.362037 0.610417 0.362963 0.610417 0.363889 0.613542 0.369444 0.614062 0.369444 0.614583 0.370370 0.615104 0.370370 0.615625 0.371296 0.616667 0.371296 0.617188 0.372222 0.622396 0.372222 0.622917 0.371296 0.623958 0.371296 0.624479 0.370370 0.625000 0.370370 0.625521 0.369444 0.626042 0.369444 0.627083 0.367593 0.627604 0.367593 0.629687 0.363889 0.629687 0.362963 0.630208 0.362037 0.630208 0.361111 0.630729 0.360185 0.630729 0.359259 0.631250 0.358333 0.631250 0.353704 0.631771 0.352778 0.631250 0.351852 0.631250 0.348148 0.630729 0.347222 0.630729 0.345370 0.629687 0.343519 0.629687 0.342593 0.629167 0.341667 0.628646 0.341667 0.628125 0.340741 0.628125 0.339815 0.627604 0.338889 0.627083 0.338889 0.626563 0.337963 0.626042 0.337963 0.625521 0.337037 0.625000 0.337037 0.624479 0.336111 0.622917 0.336111 0.622396 0.335185
0 0.397917 0.118519 0.396354 0.121296 0.396354 0.122222 0.395313 0.124074 0.395313 0.125000 0.394792 0.125926 0.394792 0.128704 0.394271 0.129630 0.394271 0.133333 0.394792 0.134259 0.394792 0.137037 0.395313 0.137963 0.395313 0.139815 0.396354 0.141667 0.396354 0.142593 0.397396 0.144444 0.397917 0.144444 0.398958 0.146296 0.398958 0.147222 0.400000 0.147222 0.401042 0.149074 0.402083 0.149074 0.402604 0.150000 0.404167 0.150000 0.404687 0.150926 0.407292 0.150926 0.407813 0.150000 0.409375 0.150000 0.409896 0.149074 0.410417 0.149074 0.410938 0.148148 0.411458 0.148148 0.414583 0.142593 0.414583 0.141667 0.415104 0.140741 0.415104 0.138889 0.415625 0.137963 0.415625 0.130556 0.415104 0.129630 0.415104 0.127778 0.414583 0.126852 0.414583 0.125926 0.413542 0.124074 0.413542 0.123148 0.412500 0.121296 0.411979 0.121296 0.411458 0.120370 0.411458 0.119444 0.410938 0.119444 0.409896 0.117593 0.408854 0.117593 0.408333 0.116667 0.407813 0.116667 0.407292 0.115741 0.401042 0.115741 0.400521 0.116667 0.400000 0.116667 0.399479 0.117593 0.398958 0.117593 0.398438 0.118519
0 0.316146 0.534259 0.315625 0.535185 0.314583 0.535185 0.314063 0.536111 0.313542 0.536111 0.313021 0.537037 0.312500 0.537037 0.309896 0.541667 0.309896 0.542593 0.309375 0.543519 0.309375 0.544444 0.308854 0.545370 0.308854 0.547222 0.308333 0.548148 0.308333 0.551852 0.307812 0.552778 0.307812 0.555556 0.308333 0.556481 0.308333 0.559259 0.308854 0.560185 0.308854 0.562037 0.309375 0.562963 0.309375 0.564815 0.310417 0.566667 0.310417 0.567593 0.312500 0.571296 0.313021 0.571296 0.314063 0.573148 0.314583 0.573148 0.315104 0.574074 0.316146 0.574074 0.316667 0.575000 0.322396 0.575000 0.322917 0.574074 0.323958 0.574074 0.324479 0.573148 0.325000 0.573148 0.326042 0.571296 0.326562 0.571296 0.327083 0.570370 0.327083 0.569444 0.328646 0.566667 0.328646 0.565741 0.329167 0.564815 0.329167 0.562963 0.329688 0.562037 0.329688 0.559259 0.330208 0.558333 0.330208 0.552778 0.329688 0.551852 0.329688 0.549074 0.329167 0.548148 0.329167 0.546296 0.328646 0.545370 0.328646 0.544444 0.327604 0.542593 0.327604 0.541667 0.327083 0.541667 0.326562 0.540741 0.326562 0.539815 0.326042 0.538889 0.325521 0.538889 0.324479 0.537037 0.323958 0.537037 0.323437 0.536111 0.322917 0.536111 0.322396 0.535185 0.321875 0.535185 0.321354 0.534259
0 0.592708 0.103704 0.592187 0.104630 0.591667 0.104630 0.591146 0.105556 0.590625 0.105556 0.588021 0.110185 0.588021 0.111111 0.587500 0.112037 0.587500 0.113889 0.586979 0.114815 0.586979 0.123148 0.587500 0.124074 0.587500 0.125926 0.588021 0.126852 0.588021 0.127778 0.591146 0.133333 0.591667 0.133333 0.592187 0.134259 0.596354 0.134259 0.596875 0.133333 0.597396 0.133333 0.597917 0.132407 0.598437 0.132407 0.598958 0.131481 0.598958 0.130556 0.600000 0.128704 0.600000 0.127778 0.600521 0.126852 0.600521 0.125926 0.601042 0.125000 0.601042 0.121296 0.601562 0.120370 0.601562 0.119444 0.601042 0.118519 0.601042 0.113889 0.600521 0.112963 0.600521 0.112037 0.600000 0.111111 0.600000 0.110185 0.599479 0.109259 0.599479 0.108333 0.598437 0.106481 0.597917 0.106481 0.597396 0.105556 0.596875 0.105556 0.596354 0.104630 0.595313 0.104630 0.594792 0.103704
0 0.499479 0.170370 0.496875 0.170370 0.496354 0.171296 0.495312 0.171296 0.494271 0.173148 0.493229 0.173148 0.492188 0.175000 0.492188 0.175926 0.490625 0.178704 0.490625 0.179630 0.490104 0.180556 0.490104 0.182407 0.489583 0.183333 0.489583 0.185185 0.489063 0.186111 0.489063 0.195370 0.489583 0.196296 0.489583 0.198148 0.490104 0.199074 0.490104 0.200926 0.490625 0.201852 0.490625 0.202778 0.492708 0.206481 0.493229 0.206481 0.493750 0.207407 0.494271 0.207407 0.494792 0.208333 0.498437 0.208333 0.498958 0.207407 0.499479 0.207407 0.500000 0.206481 0.500521 0.206481 0.501563 0.204630 0.502083 0.204630 0.502604 0.203704 0.502604 0.202778 0.503646 0.200926 0.503646 0.200000 0.504167 0.199074 0.504167 0.198148 0.504687 0.197222 0.504687 0.195370 0.505208 0.194444 0.505208 0.190741 0.505729 0.189815 0.505729 0.186111 0.505208 0.185185 0.505208 0.181481 0.504687 0.180556 0.504687 0.178704 0.503646 0.176852 0.503646 0.175926 0.501042 0.171296 0.500000 0.171296
0 0.590104 0.432407 0.589583 0.433333 0.588542 0.433333 0.587500 0.435185 0.586979 0.435185 0.584375 0.439815 0.584375 0.440741 0.583854 0.441667 0.583854 0.442593 0.583333 0.443519 0.583333 0.445370 0.582812 0.446296 0.582812 0.451852 0.583333 0.452778 0.583333 0.454630 0.583854 0.455556 0.583854 0.457407 0.584375 0.458333 0.584375 0.459259 0.585417 0.461111 0.585417 0.462037 0.585938 0.462963 0.586458 0.462963 0.588021 0.465741 0.588542 0.465741 0.589063 0.466667 0.590104 0.466667 0.590625 0.467593 0.595833 0.467593 0.596354 0.466667 0.597396 0.466667 0.598437 0.464815 0.598958 0.464815 0.600521 0.462037 0.600521 0.461111 0.601562 0.459259 0.601562 0.458333 0.602083 0.457407 0.602083 0.455556 0.602604 0.454630 0.602604 0.448148 0.602083 0.447222 0.602083 0.444444 0.601562 0.443519 0.601562 0.442593 0.601042 0.441667 0.601042 0.440741 0.600000 0.438889 0.600000 0.437963 0.599479 0.437037 0.598958 0.437037 0.597396 0.434259 0.596875 0.434259 0.596354 0.433333 0.595313 0.433333 0.594792 0.432407
0 0.641667 0.707407 0.641667 0.708333 0.641146 0.709259 0.641146 0.710185 0.640625 0.711111 0.640625 0.717593 0.641146 0.718519 0.641146 0.720370 0.641667 0.721296 0.641667 0.722222 0.642188 0.723148 0.642188 0.724074 0.642708 0.725000 0.643229 0.725000 0.644792 0.727778 0.645312 0.727778 0.645833 0.728704 0.646875 0.728704 0.647396 0.729630 0.652083 0.729630 0.652604 0.728704 0.653646 0.728704 0.654687 0.726852 0.655729 0.726852 0.656771 0.725000 0.656771 0.724074 0.657292 0.723148 0.657292 0.722222 0.657813 0.721296 0.657813 0.720370 0.658333 0.719444 0.658333 0.712037 0.657813 0.711111 0.657813 0.710185 0.657292 0.709259 0.657292 0.708333 0.656771 0.707407 0.656771 0.706481 0.656250 0.705556 0.655729 0.705556 0.654167 0.702778 0.653125 0.702778 0.652083 0.700926 0.646354 0.700926 0.645833 0.701852 0.645312 0.701852 0.644792 0.702778 0.644271 0.702778
0 0.679688 0.942593 0.679167 0.943519 0.678125 0.943519 0.677604 0.944444 0.677083 0.944444 0.676562 0.945370 0.676042 0.945370 0.675000 0.947222 0.675000 0.948148 0.673438 0.950926 0.673438 0.951852 0.672917 0.952778 0.672917 0.954630 0.672396 0.955556 0.672396 0.964815 0.672917 0.965741 0.672917 0.968519 0.673438 0.969444 0.673438 0.970370 0.673958 0.971296 0.673958 0.972222 0.676562 0.976852 0.677083 0.976852 0.677604 0.977778 0.678125 0.977778 0.678646 0.978704 0.683854 0.978704 0.684375 0.977778 0.684896 0.977778 0.686458 0.975000 0.686979 0.975000 0.688542 0.972222 0.688542 0.971296 0.689063 0.970370 0.689063 0.968519 0.689583 0.967593 0.689583 0.964815 0.690104 0.963889 0.690104 0.959259 0.689583 0.958333 0.689583 0.954630 0.689063 0.953704 0.689063 0.952778 0.688542 0.951852 0.688542 0.950926 0.688021 0.950000 0.688021 0.949074 0.686458 0.946296 0.685937 0.946296 0.684896 0.944444 0.684375 0.944444 0.683854 0.943519 0.682292 0.943519 0.681771 0.942593
0 0.445312 0.501852 0.442708 0.506481 0.442188 0.506481 0.442188 0.507407 0.441146 0.509259 0.441146 0.511111 0.440625 0.512037 0.440625 0.520370 0.441146 0.521296 0.441146 0.522222 0.441667 0.523148 0.441667 0.525000 0.442708 0.526852 0.442708 0.527778 0.443750 0.529630 0.444271 0.529630 0.445312 0.531481 0.445833 0.531481 0.446354 0.532407 0.446875 0.532407 0.447396 0.533333 0.448437 0.533333 0.448958 0.534259 0.452604 0.534259 0.453125 0.533333 0.454167 0.533333 0.454688 0.532407 0.455208 0.532407 0.455729 0.531481 0.456250 0.531481 0.457292 0.529630 0.457292 0.528704 0.458333 0.526852 0.458333 0.525000 0.458854 0.524074 0.458854 0.514815 0.458333 0.513889 0.458333 0.512963 0.457813 0.512037 0.457813 0.510185 0.456771 0.508333 0.456771 0.507407 0.455729 0.505556 0.455208 0.505556 0.454167 0.503704 0.453646 0.503704 0.453125 0.502778 0.452604 0.502778 0.452083 0.501852 0.450521 0.501852 0.450000 0.500926 0.447396 0.500926 0.446875 0.501852
0 0.696875 0.804630 0.696875 0.805556 0.695833 0.807407 0.695833 0.814815 0.696354 0.815741 0.696354 0.816667 0.700521 0.824074 0.701562 0.824074 0.702083 0.825000 0.703125 0.825000 0.703646 0.825926 0.708333 0.825926 0.708854 0.825000 0.709896 0.825000 0.710417 0.824074 0.710938 0.824074 0.713021 0.820370 0.713021 0.819444 0.714063 0.817593 0.714063 0.811111 0.713542 0.810185 0.713542 0.808333 0.709896 0.801852 0.709375 0.801852 0.708854 0.800926 0.707812 0.800926 0.707292 0.800000 0.705729 0.800000 0.705208 0.799074 0.702604 0.799074 0.702083 0.800000 0.700521 0.800000 0.700000 0.800926 0.699479 0.800926 0.698958 0.801852 0.698438 0.801852
0 0.618750 0.546296 0.617708 0.546296 0.617188 0.545370 0.615625 0.545370 0.615104 0.544444 0.613021 0.544444 0.612500 0.545370 0.610938 0.545370 0.610417 0.546296 0.609375 0.546296 0.608854 0.547222 0.608333 0.547222 0.607292 0.549074 0.606771 0.549074 0.605208 0.551852 0.605208 0.552778 0.604167 0.554630 0.604167 0.555556 0.603646 0.556481 0.603646 0.558333 0.603125 0.559259 0.603125 0.567593 0.603646 0.568519 0.603646 0.570370 0.604167 0.571296 0.604167 0.572222 0.606771 0.576852 0.607292 0.576852 0.607812 0.577778 0.608333 0.577778 0.608854 0.578704 0.609896 0.578704 0.610417 0.579630 0.614062 0.579630 0.614583 0.578704 0.616146 0.578704 0.616667 0.577778 0.617188 0.577778 0.618229 0.575926 0.618750 0.575926 0.619792 0.574074 0.620313 0.574074 0.620833 0.573148 0.620833 0.572222 0.622396 0.569444 0.622396 0.568519 0.622917 0.567593 0.622917 0.565741 0.623437 0.564815 0.623437 0.555556 0.622917 0.554630 0.622917 0.553704 0.621354 0.550926 0.621354 0.550000 0.619792 0.547222 0.619271 0.547222
0 0.446875 0.375926 0.446354 0.376852 0.445833 0.376852 0.444271 0.379630 0.444271 0.380556 0.443229 0.382407 0.443229 0.384259 0.442708 0.385185 0.442708 0.393519 0.443229 0.394444 0.443229 0.396296 0.443750 0.397222 0.443750 0.398148 0.446354 0.402778 0.446875 0.402778 0.447396 0.403704 0.447917 0.403704 0.448437 0.404630 0.451042 0.404630 0.451562 0.403704 0.452083 0.403704 0.452604 0.402778 0.453125 0.402778 0.454167 0.400926 0.454167 0.400000 0.455208 0.398148 0.455208 0.395370 0.455729 0.394444 0.455729 0.387963 0.455208 0.387037 0.455208 0.384259 0.454167 0.382407 0.454167 0.381481 0.451562 0.376852 0.451042 0.376852 0.450521 0.375926
0 0.658333 0.114815 0.658333 0.115741 0.657813 0.116667 0.657813 0.117593 0.657292 0.118519 0.657292 0.125926 0.657813 0.126852 0.657813 0.127778 0.658333 0.128704 0.658333 0.129630 0.659896 0.132407 0.660417 0.132407 0.661979 0.135185 0.663021 0.135185 0.663542 0.136111 0.664583 0.136111 0.665104 0.137037 0.670833 0.137037 0.671354 0.136111 0.672917 0.136111 0.673958 0.134259 0.675000 0.134259 0.675521 0.133333 0.676042 0.133333 0.676042 0.132407 0.677083 0.130556 0.677604 0.130556 0.678125 0.129630 0.678125 0.128704 0.678646 0.127778 0.678646 0.126852 0.679167 0.125926 0.679167 0.125000 0.679688 0.124074 0.679688 0.118519 0.679167 0.117593 0.679167 0.115741 0.677083 0.112037 0.677083 0.111111 0.676042 0.109259 0.675521 0.109259 0.675000 0.108333 0.673958 0.108333 0.673438 0.107407 0.672917 0.107407 0.672396 0.106481 0.665625 0.106481 0.665104 0.107407 0.663542 0.107407 0.662500 0.109259 0.661979 0.109259 0.660937 0.111111 0.660417 0.111111
0 0.434896 0.003704 0.434896 0.005556 0.434375 0.006481 0.434375 0.012037 0.434896 0.012963 0.434896 0.014815 0.435417 0.015741 0.435417 0.016667 0.436979 0.019444 0.436979 0.020370 0.438021 0.022222 0.438542 0.022222 0.439583 0.024074 0.440104 0.024074 0.440625 0.025000 0.441667 0.025000 0.442188 0.025926 0.443229 0.025926 0.443750 0.026852 0.448437 0.026852 0.448958 0.025926 0.450000 0.025926 0.450521 0.025000 0.451562 0.025000 0.452604 0.023148 0.452604 0.022222 0.454167 0.019444 0.454167 0.018519 0.454688 0.017593 0.454688 0.009259 0.454167 0.008333 0.454167 0.007407 0.453646 0.006481 0.453646 0.004630 0.453125 0.003704 0.452604 0.003704 0.451562 0.001852 0.451562 0.000926 0.451042 0.000000 0.436458 0.000000 0.435417 0.001852 0.435417 0.002778
0 0.886458 0.637037 0.885938 0.637963 0.883854 0.637963 0.882812 0.639815 0.882292 0.639815 0.880208 0.643519 0.880208 0.644444 0.879687 0.645370 0.879687 0.646296 0.879167 0.647222 0.879167 0.649074 0.878646 0.650000 0.878646 0.657407 0.879167 0.658333 0.879167 0.660185 0.879687 0.661111 0.879687 0.662037 0.882292 0.666667 0.882812 0.666667 0.883333 0.667593 0.883854 0.667593 0.884375 0.668519 0.888021 0.668519 0.888542 0.667593 0.889062 0.667593 0.889583 0.666667 0.890104 0.666667 0.892708 0.662037 0.892708 0.661111 0.893229 0.660185 0.893229 0.659259 0.893750 0.658333 0.893750 0.655556 0.894271 0.654630 0.894271 0.650926 0.893750 0.650000 0.893750 0.647222 0.893229 0.646296 0.893229 0.645370 0.892188 0.643519 0.892188 0.641667 0.891667 0.640741 0.891146 0.640741 0.890625 0.639815 0.890104 0.639815 0.889062 0.637963 0.886979 0.637963
0 0.370833 0.123148 0.369792 0.123148 0.369271 0.122222 0.366146 0.122222 0.365625 0.123148 0.365104 0.123148 0.364583 0.124074 0.363542 0.124074 0.361979 0.126852 0.361458 0.126852 0.361458 0.128704 0.360417 0.130556 0.360417 0.131481 0.359896 0.132407 0.359896 0.135185 0.359375 0.136111 0.359375 0.137963 0.359896 0.138889 0.359896 0.141667 0.360417 0.142593 0.360417 0.143519 0.361979 0.146296 0.362500 0.146296 0.363542 0.148148 0.364583 0.148148 0.365104 0.149074 0.367188 0.149074 0.367708 0.148148 0.369271 0.148148 0.369792 0.147222 0.370312 0.147222 0.372917 0.142593 0.372917 0.141667 0.373958 0.139815 0.373958 0.137037 0.374479 0.136111 0.374479 0.131481 0.373958 0.130556 0.373958 0.129630 0.373437 0.128704 0.373437 0.127778 0.371875 0.125000 0.371875 0.124074 0.371354 0.124074
0 0.707812 0.881481 0.707292 0.882407 0.706771 0.882407 0.706250 0.883333 0.705729 0.883333 0.703646 0.887037 0.703125 0.887037 0.703125 0.887963 0.702083 0.889815 0.702083 0.891667 0.701562 0.892593 0.701562 0.900000 0.702083 0.900926 0.702083 0.901852 0.702604 0.902778 0.702604 0.903704 0.705208 0.908333 0.705729 0.908333 0.706250 0.909259 0.707292 0.909259 0.707812 0.910185 0.708854 0.910185 0.709375 0.911111 0.714063 0.911111 0.714583 0.910185 0.715625 0.910185 0.716146 0.909259 0.716667 0.909259 0.717187 0.908333 0.717708 0.908333 0.718750 0.906481 0.719271 0.906481 0.719271 0.905556 0.720833 0.902778 0.720833 0.901852 0.721354 0.900926 0.721354 0.898148 0.721875 0.897222 0.721875 0.894444 0.721354 0.893519 0.721354 0.890741 0.719792 0.887963 0.719792 0.887037 0.717708 0.883333 0.717187 0.883333 0.716667 0.882407 0.715625 0.882407 0.715104 0.881481 0.713542 0.881481 0.713021 0.880556 0.709896 0.880556 0.709375 0.881481
0 0.538021 0.541667 0.537500 0.542593 0.536979 0.542593 0.535937 0.544444 0.535417 0.544444 0.534375 0.546296 0.534375 0.547222 0.533333 0.549074 0.533333 0.550000 0.532813 0.550926 0.532813 0.553704 0.532292 0.554630 0.532292 0.561111 0.532813 0.562037 0.532813 0.563889 0.533333 0.564815 0.533333 0.566667 0.534896 0.569444 0.534896 0.570370 0.536458 0.573148 0.536979 0.573148 0.537500 0.574074 0.538021 0.574074 0.538542 0.575000 0.539583 0.575000 0.540104 0.575926 0.542188 0.575926 0.542708 0.575000 0.544271 0.575000 0.545833 0.572222 0.546354 0.572222 0.547396 0.570370 0.547396 0.569444 0.547917 0.568519 0.547917 0.567593 0.548438 0.566667 0.548438 0.564815 0.548958 0.563889 0.548958 0.555556 0.548438 0.554630 0.548438 0.552778 0.547917 0.551852 0.547917 0.550926 0.547396 0.550000 0.547396 0.549074 0.544792 0.544444 0.544271 0.544444 0.543229 0.542593 0.542188 0.542593 0.541667 0.541667
0 0.064583 0.733333 0.060937 0.739815 0.060937 0.741667 0.060417 0.742593 0.060417 0.743519 0.059896 0.744444 0.059896 0.750926 0.060417 0.751852 0.060417 0.753704 0.060937 0.754630 0.060937 0.755556 0.061458 0.756481 0.061458 0.757407 0.062500 0.759259 0.062500 0.760185 0.063021 0.760185 0.065104 0.763889 0.066146 0.763889 0.066667 0.764815 0.071875 0.764815 0.072396 0.763889 0.072917 0.763889 0.073438 0.762963 0.073958 0.762963 0.076042 0.759259 0.076042 0.758333 0.077083 0.756481 0.077083 0.753704 0.077604 0.752778 0.077604 0.746296 0.077083 0.745370 0.077083 0.743519 0.076563 0.742593 0.076563 0.741667 0.076042 0.740741 0.076042 0.739815 0.075000 0.737963 0.075000 0.737037 0.074479 0.737037 0.072917 0.734259 0.071875 0.734259 0.071354 0.733333 0.070833 0.733333 0.070312 0.732407 0.066146 0.732407 0.065625 0.733333
0 0.370312 0.364815 0.369271 0.366667 0.368750 0.366667 0.365625 0.372222 0.365625 0.374074 0.365104 0.375000 0.365104 0.384259 0.365625 0.385185 0.365625 0.387037 0.366146 0.387963 0.366146 0.388889 0.369271 0.394444 0.369792 0.394444 0.370312 0.395370 0.370833 0.395370 0.371354 0.396296 0.372396 0.396296 0.372917 0.397222 0.376563 0.397222 0.377083 0.396296 0.378125 0.396296 0.378646 0.395370 0.379688 0.395370 0.381250 0.392593 0.381771 0.392593 0.382292 0.391667 0.382292 0.390741 0.382812 0.389815 0.382812 0.388889 0.383333 0.387963 0.383333 0.387037 0.383854 0.386111 0.383854 0.377778 0.383333 0.376852 0.383333 0.375000 0.382812 0.374074 0.382812 0.373148 0.381250 0.370370 0.381250 0.369444 0.380208 0.367593 0.379688 0.367593 0.379167 0.366667 0.378646 0.366667 0.378125 0.365741 0.377604 0.365741 0.377083 0.364815 0.375000 0.364815 0.374479 0.363889 0.372917 0.363889 0.372396 0.364815
0 0.330208 0.631481 0.330208 0.632407 0.329688 0.633333 0.329688 0.641667 0.330208 0.642593 0.330208 0.643519 0.330729 0.644444 0.330729 0.645370 0.331771 0.647222 0.332292 0.647222 0.333333 0.649074 0.333854 0.649074 0.334375 0.650000 0.334896 0.650000 0.335417 0.650926 0.336979 0.650926 0.337500 0.651852 0.340625 0.651852 0.341146 0.650926 0.342708 0.650926 0.343229 0.650000 0.344271 0.650000 0.345313 0.648148 0.345833 0.648148 0.347396 0.645370 0.347396 0.644444 0.347917 0.643519 0.347917 0.642593 0.348438 0.641667 0.348438 0.634259 0.347917 0.633333 0.347917 0.632407 0.344271 0.625926 0.343750 0.625926 0.343229 0.625000 0.341667 0.625000 0.341146 0.624074 0.336458 0.624074 0.335938 0.625000 0.334896 0.625000 0.334375 0.625926 0.333333 0.625926
0 0.519792 0.015741 0.519271 0.016667 0.518229 0.016667 0.517708 0.017593 0.516667 0.017593 0.514062 0.022222 0.514062 0.023148 0.513542 0.024074 0.513542 0.025000 0.513021 0.025926 0.513021 0.027778 0.512500 0.028704 0.512500 0.037037 0.513021 0.037963 0.513021 0.039815 0.513542 0.040741 0.513542 0.041667 0.514062 0.042593 0.514062 0.043519 0.515104 0.045370 0.515104 0.046296 0.515625 0.046296 0.516667 0.048148 0.517188 0.048148 0.517708 0.049074 0.518229 0.049074 0.518750 0.050000 0.520312 0.050000 0.520833 0.050926 0.521875 0.050926 0.522396 0.050000 0.523958 0.050000 0.524479 0.049074 0.525000 0.049074 0.525521 0.048148 0.526042 0.048148 0.527604 0.045370 0.527604 0.044444 0.528646 0.042593 0.528646 0.041667 0.529167 0.040741 0.529167 0.038889 0.529687 0.037963 0.529687 0.028704 0.529167 0.027778 0.529167 0.025926 0.528125 0.024074 0.528125 0.022222 0.526563 0.019444 0.526042 0.019444 0.525000 0.017593 0.524479 0.017593 0.523958 0.016667 0.523438 0.016667 0.522917 0.015741
0 0.371875 0.689815 0.371875 0.691667 0.371354 0.692593 0.371354 0.696296 0.371875 0.697222 0.371875 0.699074 0.372396 0.700000 0.372396 0.700926 0.374479 0.704630 0.375000 0.704630 0.375521 0.705556 0.376042 0.705556 0.376563 0.706481 0.377083 0.706481 0.377604 0.707407 0.380208 0.707407 0.380729 0.708333 0.382812 0.708333 0.383333 0.707407 0.385417 0.707407 0.385937 0.706481 0.386458 0.706481 0.386979 0.705556 0.388021 0.705556 0.388542 0.704630 0.389062 0.704630 0.391667 0.700000 0.391667 0.698148 0.392188 0.697222 0.392188 0.690741 0.391667 0.689815 0.391667 0.688889 0.388542 0.683333 0.388021 0.683333 0.387500 0.682407 0.386458 0.682407 0.385937 0.681481 0.383854 0.681481 0.383333 0.680556 0.380729 0.680556 0.380208 0.681481 0.378125 0.681481 0.377604 0.682407 0.377083 0.682407 0.376563 0.683333 0.375521 0.683333
0 0.335417 0.677778 0.333333 0.681481 0.333333 0.682407 0.332292 0.684259 0.332292 0.686111 0.331771 0.687037 0.331771 0.697222 0.332292 0.698148 0.332292 0.699074 0.332813 0.700000 0.332813 0.700926 0.333333 0.701852 0.333333 0.702778 0.334896 0.705556 0.334896 0.706481 0.335417 0.707407 0.335938 0.707407 0.336979 0.709259 0.337500 0.709259 0.338021 0.710185 0.338542 0.710185 0.339062 0.711111 0.340104 0.711111 0.340625 0.712037 0.345833 0.712037 0.346354 0.711111 0.347396 0.711111 0.348438 0.709259 0.348958 0.709259 0.350000 0.707407 0.350521 0.707407 0.351042 0.706481 0.351042 0.705556 0.351562 0.704630 0.351562 0.703704 0.352083 0.702778 0.352083 0.701852 0.352604 0.700926 0.352604 0.699074 0.353125 0.698148 0.353125 0.692593 0.352604 0.691667 0.352604 0.688889 0.352083 0.687963 0.352083 0.687037 0.351562 0.686111 0.351562 0.685185 0.350000 0.682407 0.350000 0.681481 0.348958 0.679630 0.348438 0.679630 0.347396 0.677778 0.346875 0.677778 0.346354 0.676852 0.345833 0.676852 0.345313 0.675926 0.344271 0.675926 0.343750 0.675000 0.339062 0.675000 0.338542 0.675926 0.337500 0.675926 0.336979 0.676852 0.336458 0.676852 0.335938 0.677778
0 0.518229 0.415741 0.517708 0.416667 0.516667 0.416667 0.516146 0.417593 0.515104 0.417593 0.512500 0.422222 0.512500 0.423148 0.511979 0.424074 0.511979 0.425000 0.511458 0.425926 0.511458 0.428704 0.510938 0.429630 0.510938 0.436111 0.511458 0.437037 0.511458 0.438889 0.511979 0.439815 0.511979 0.441667 0.513021 0.443519 0.513021 0.444444 0.514062 0.446296 0.514062 0.447222 0.515104 0.449074 0.515625 0.449074 0.516667 0.450926 0.517188 0.450926 0.517708 0.451852 0.518750 0.451852 0.519271 0.452778 0.523438 0.452778 0.523958 0.451852 0.525000 0.451852 0.525521 0.450926 0.526042 0.450926 0.528646 0.446296 0.528646 0.445370 0.529167 0.444444 0.529167 0.443519 0.529687 0.442593 0.529687 0.440741 0.530208 0.439815 0.530208 0.433333 0.529687 0.432407 0.529687 0.428704 0.529167 0.427778 0.529167 0.426852 0.528646 0.425926 0.528646 0.425000 0.527083 0.422222 0.527083 0.421296 0.526563 0.420370 0.526042 0.420370 0.525000 0.418519 0.524479 0.418519 0.523958 0.417593 0.523438 0.417593 0.522917 0.416667 0.521875 0.416667 0.521354 0.415741
0 0.744271 0.290741 0.743750 0.291667 0.743229 0.291667 0.742188 0.293519 0.741146 0.293519 0.739583 0.296296 0.739583 0.298148 0.739062 0.299074 0.739062 0.300000 0.738542 0.300926 0.738542 0.306481 0.739062 0.307407 0.739062 0.309259 0.741667 0.313889 0.742188 0.313889 0.743229 0.315741 0.744271 0.315741 0.744792 0.316667 0.749479 0.316667 0.750000 0.315741 0.751042 0.315741 0.751563 0.314815 0.752604 0.314815 0.753646 0.312963 0.754167 0.312963 0.755208 0.311111 0.755208 0.310185 0.756250 0.308333 0.756250 0.306481 0.756771 0.305556 0.756771 0.300000 0.756250 0.299074 0.756250 0.297222 0.753646 0.292593 0.753125 0.292593 0.752604 0.291667 0.752083 0.291667 0.751563 0.290741 0.750000 0.290741 0.749479 0.289815 0.746354 0.289815 0.745833 0.290741
0 0.769792 0.921296 0.769271 0.922222 0.768750 0.922222 0.766146 0.926852 0.766146 0.927778 0.765625 0.928704 0.765625 0.929630 0.765104 0.930556 0.765104 0.937037 0.765625 0.937963 0.765625 0.938889 0.766146 0.939815 0.766146 0.940741 0.767188 0.942593 0.767708 0.942593 0.768750 0.944444 0.769271 0.944444 0.769792 0.945370 0.771875 0.945370 0.772396 0.946296 0.772917 0.945370 0.774479 0.945370 0.775000 0.944444 0.775521 0.944444 0.776042 0.943519 0.776563 0.943519 0.778646 0.939815 0.778646 0.938889 0.779167 0.937963 0.779167 0.936111 0.779687 0.935185 0.779687 0.931481 0.779167 0.930556 0.779167 0.928704 0.778646 0.927778 0.778646 0.926852 0.778125 0.925926 0.778125 0.925000 0.777604 0.925000 0.776042 0.922222 0.775521 0.922222 0.775000 0.921296
0 0.146354 0.275926 0.145833 0.276852 0.144792 0.276852 0.144271 0.277778 0.143750 0.277778 0.143229 0.278704 0.142708 0.278704 0.142187 0.279630 0.141667 0.279630 0.140104 0.282407 0.140104 0.283333 0.139583 0.284259 0.139583 0.285185 0.139063 0.286111 0.139063 0.287037 0.138542 0.287963 0.138542 0.296296 0.139063 0.297222 0.139063 0.299074 0.140625 0.301852 0.140625 0.302778 0.141667 0.304630 0.142187 0.304630 0.143229 0.306481 0.144271 0.306481 0.144792 0.307407 0.145313 0.307407 0.145833 0.308333 0.151562 0.308333 0.152083 0.307407 0.152604 0.307407 0.153125 0.306481 0.154167 0.306481 0.155208 0.304630 0.155729 0.304630 0.156250 0.303704 0.156250 0.302778 0.157812 0.300000 0.157812 0.298148 0.158333 0.297222 0.158333 0.293519 0.158854 0.292593 0.158333 0.291667 0.158333 0.287963 0.157812 0.287037 0.157812 0.285185 0.155729 0.281481 0.155729 0.280556 0.155208 0.280556 0.154167 0.278704 0.153125 0.278704 0.152083 0.276852 0.150521 0.276852 0.150000 0.275926
0 0.518750 0.838889 0.518229 0.839815 0.516667 0.839815 0.516146 0.840741 0.515625 0.840741 0.515104 0.841667 0.514583 0.841667 0.511458 0.847222 0.511458 0.848148 0.510938 0.849074 0.510938 0.850000 0.510417 0.850926 0.510417 0.853704 0.509896 0.854630 0.509896 0.859259 0.510417 0.860185 0.510417 0.862037 0.510938 0.862963 0.510938 0.864815 0.511458 0.865741 0.511458 0.866667 0.514062 0.871296 0.514583 0.871296 0.515625 0.873148 0.516146 0.873148 0.516667 0.874074 0.517708 0.874074 0.518229 0.875000 0.522396 0.875000 0.522917 0.874074 0.523958 0.874074 0.524479 0.873148 0.525000 0.873148 0.525521 0.872222 0.526042 0.872222 0.527604 0.869444 0.527604 0.868519 0.528646 0.866667 0.528646 0.865741 0.529167 0.864815 0.529167 0.863889 0.529687 0.862963 0.529687 0.859259 0.530208 0.858333 0.530208 0.857407 0.529687 0.856481 0.529687 0.851852 0.529167 0.850926 0.529167 0.850000 0.528646 0.849074 0.528646 0.848148 0.527604 0.846296 0.527604 0.845370 0.527083 0.844444 0.526563 0.844444 0.525000 0.841667 0.524479 0.841667 0.523958 0.840741 0.523438 0.840741 0.522917 0.839815 0.521354 0.839815 0.520833 0.838889
0 0.585417 0.150000 0.584896 0.150926 0.584375 0.150926 0.583854 0.151852 0.583333 0.151852 0.580729 0.156481 0.580729 0.157407 0.580208 0.158333 0.580208 0.160185 0.579688 0.161111 0.579688 0.172222 0.580208 0.173148 0.580208 0.174074 0.580729 0.175000 0.580729 0.176852 0.583854 0.182407 0.584375 0.182407 0.585417 0.184259 0.585938 0.184259 0.586458 0.185185 0.587500 0.185185 0.588021 0.186111 0.592187 0.186111 0.592708 0.185185 0.593229 0.185185 0.593750 0.184259 0.594271 0.184259 0.594792 0.183333 0.595313 0.183333 0.597396 0.179630 0.597396 0.178704 0.597917 0.177778 0.597917 0.176852 0.598437 0.175926 0.598437 0.174074 0.598958 0.173148 0.598958 0.165741 0.598437 0.164815 0.598437 0.162963 0.597917 0.162037 0.597917 0.160185 0.597396 0.159259 0.597396 0.158333 0.594271 0.152778 0.593750 0.152778 0.592708 0.150926 0.592187 0.150926 0.591667 0.150000 0.589583 0.150000 0.589063 0.149074 0.587500 0.149074 0.586979 0.150000
0 0.044271 0.787037 0.043750 0.787963 0.042708 0.787963 0.042188 0.788889 0.041667 0.788889 0.039583 0.792593 0.039583 0.793519 0.038021 0.796296 0.038021 0.799074 0.037500 0.800000 0.037500 0.809259 0.038021 0.810185 0.038021 0.812037 0.038542 0.812963 0.038542 0.813889 0.039583 0.815741 0.039583 0.816667 0.042708 0.822222 0.043229 0.822222 0.043750 0.823148 0.044792 0.823148 0.045312 0.824074 0.046875 0.824074 0.047396 0.825000 0.050521 0.825000 0.051042 0.824074 0.052083 0.824074 0.052604 0.823148 0.053125 0.823148 0.053646 0.822222 0.054167 0.822222 0.056771 0.817593 0.056771 0.816667 0.057292 0.815741 0.057292 0.814815 0.057813 0.813889 0.057813 0.812037 0.058333 0.811111 0.058333 0.802778 0.057813 0.801852 0.057813 0.800926 0.057292 0.800000 0.057292 0.798148 0.056771 0.797222 0.056771 0.796296 0.055729 0.794444 0.055729 0.793519 0.055208 0.793519 0.052604 0.788889 0.052083 0.788889 0.051562 0.787963 0.050521 0.787963 0.050000 0.787037 0.047917 0.787037 0.047396 0.786111 0.046875 0.786111 0.046354 0.787037
0 0.471354 0.713889 0.468750 0.718519 0.468750 0.719444 0.468229 0.720370 0.468229 0.722222 0.467708 0.723148 0.467708 0.727778 0.468229 0.728704 0.468229 0.730556 0.468750 0.731481 0.468750 0.732407 0.471875 0.737963 0.472396 0.737963 0.472917 0.738889 0.473958 0.738889 0.474479 0.739815 0.475521 0.739815 0.476042 0.740741 0.481250 0.740741 0.481771 0.739815 0.482812 0.739815 0.483333 0.738889 0.484375 0.738889 0.484896 0.737963 0.485417 0.737963 0.486458 0.736111 0.486979 0.736111 0.487500 0.735185 0.487500 0.734259 0.488542 0.732407 0.488542 0.731481 0.489063 0.730556 0.489063 0.728704 0.489583 0.727778 0.489583 0.725000 0.489063 0.724074 0.489063 0.722222 0.488542 0.721296 0.488542 0.719444 0.486979 0.716667 0.486979 0.715741 0.486458 0.714815 0.485938 0.714815 0.485417 0.713889 0.484896 0.713889 0.484375 0.712963 0.483854 0.712963 0.483333 0.712037 0.482292 0.712037 0.481771 0.711111 0.479687 0.711111 0.479167 0.710185 0.477604 0.710185 0.477083 0.711111 0.475000 0.711111 0.474479 0.712037 0.473438 0.712037 0.472917 0.712963 0.472396 0.712963 0.471875 0.713889
0 0.239583 0.464815 0.237500 0.464815 0.236979 0.463889 0.235417 0.463889 0.234896 0.464815 0.233854 0.464815 0.233333 0.465741 0.232292 0.465741 0.229687 0.470370 0.229167 0.470370 0.228646 0.471296 0.228646 0.473148 0.227604 0.475000 0.227604 0.476852 0.227083 0.477778 0.227083 0.487037 0.227604 0.487963 0.227604 0.489815 0.228646 0.491667 0.228646 0.492593 0.230729 0.496296 0.231771 0.496296 0.232292 0.497222 0.232813 0.497222 0.233333 0.498148 0.236458 0.498148 0.236979 0.497222 0.238542 0.497222 0.239583 0.495370 0.240104 0.495370 0.242188 0.491667 0.242708 0.491667 0.242708 0.490741 0.243229 0.489815 0.243229 0.488889 0.243750 0.487963 0.243750 0.487037 0.244271 0.486111 0.244271 0.484259 0.244792 0.483333 0.244792 0.475926 0.244271 0.475000 0.244271 0.473148 0.243229 0.471296 0.243229 0.470370 0.242708 0.469444 0.242708 0.468519 0.241667 0.466667 0.241146 0.466667 0.240625 0.465741 0.240104 0.465741
0 0.090625 0.516667 0.088021 0.521296 0.088021 0.522222 0.087500 0.523148 0.087500 0.524074 0.086979 0.525000 0.086979 0.525926 0.086458 0.526852 0.086458 0.534259 0.086979 0.535185 0.086979 0.537037 0.087500 0.537963 0.087500 0.538889 0.088021 0.539815 0.088021 0.540741 0.089063 0.542593 0.089063 0.543519 0.089583 0.544444 0.090104 0.544444 0.091146 0.546296 0.091667 0.546296 0.092188 0.547222 0.092708 0.547222 0.093229 0.548148 0.093750 0.548148 0.094271 0.549074 0.095833 0.549074 0.096354 0.550000 0.098958 0.550000 0.099479 0.549074 0.101042 0.549074 0.101562 0.548148 0.102604 0.548148 0.103646 0.546296 0.104167 0.546296 0.104167 0.545370 0.104688 0.544444 0.105208 0.544444 0.106250 0.542593 0.106250 0.541667 0.106771 0.540741 0.106771 0.539815 0.107292 0.538889 0.107292 0.537037 0.107813 0.536111 0.107813 0.529630 0.107292 0.528704 0.107292 0.526852 0.106250 0.525000 0.106250 0.523148 0.102604 0.516667 0.101562 0.516667 0.101042 0.515741 0.100521 0.515741 0.100000 0.514815 0.098958 0.514815 0.098437 0.513889 0.094792 0.513889 0.094271 0.514815 0.092708 0.514815 0.092188 0.515741 0.091667 0.515741 0.091146 0.516667
0 0.325000 0.177778 0.325000 0.183333 0.325521 0.184259 0.325521 0.185185 0.328125 0.189815 0.328646 0.189815 0.329167 0.190741 0.329688 0.190741 0.330208 0.191667 0.331250 0.191667 0.331771 0.192593 0.335938 0.192593 0.336458 0.191667 0.338021 0.191667 0.338542 0.190741 0.339062 0.190741 0.339583 0.189815 0.340104 0.189815 0.342187 0.186111 0.342187 0.185185 0.342708 0.184259 0.342708 0.178704 0.342187 0.177778 0.342187 0.176852 0.341146 0.175000 0.341146 0.174074 0.340625 0.173148 0.340104 0.173148 0.339062 0.171296 0.338542 0.171296 0.338021 0.170370 0.335938 0.170370 0.335417 0.169444 0.332292 0.169444 0.331771 0.170370 0.330208 0.170370 0.329688 0.171296 0.328646 0.171296 0.327604 0.173148 0.327083 0.173148 0.326042 0.175000 0.326042 0.175926
0 0.512500 0.318519 0.512500 0.320370 0.511979 0.321296 0.511979 0.325926 0.512500 0.326852 0.512500 0.329630 0.513542 0.331481 0.513542 0.332407 0.515625 0.336111 0.516146 0.336111 0.517188 0.337963 0.517708 0.337963 0.518229 0.338889 0.519271 0.338889 0.519792 0.339815 0.520833 0.339815 0.521354 0.340741 0.525000 0.340741 0.525521 0.339815 0.527083 0.339815 0.527604 0.338889 0.528646 0.338889 0.529687 0.337037 0.530208 0.337037 0.530729 0.336111 0.530729 0.335185 0.532292 0.332407 0.532292 0.330556 0.532813 0.329630 0.532813 0.323148 0.532292 0.322222 0.532292 0.320370 0.531250 0.318519 0.531250 0.317593 0.529167 0.313889 0.528646 0.313889 0.527604 0.312037 0.527083 0.312037 0.526563 0.311111 0.525521 0.311111 0.525000 0.310185 0.521875 0.310185 0.521354 0.309259 0.520833 0.310185 0.518229 0.310185 0.517708 0.311111 0.516667 0.311111
0 0.117188 0.677778 0.116146 0.679630 0.115625 0.679630 0.115104 0.680556 0.114583 0.680556 0.114062 0.681481 0.114062 0.682407 0.113021 0.684259 0.113021 0.685185 0.112500 0.686111 0.112500 0.687037 0.111979 0.687963 0.111979 0.689815 0.111458 0.690741 0.111458 0.697222 0.111979 0.698148 0.111979 0.700926 0.112500 0.701852 0.112500 0.702778 0.113021 0.703704 0.113021 0.704630 0.114062 0.706481 0.114062 0.707407 0.115625 0.710185 0.116146 0.710185 0.116667 0.711111 0.117188 0.711111 0.117708 0.712037 0.118750 0.712037 0.119271 0.712963 0.122917 0.712963 0.123438 0.712037 0.124479 0.712037 0.126042 0.709259 0.126562 0.709259 0.128125 0.706481 0.128125 0.705556 0.128646 0.704630 0.128646 0.703704 0.129167 0.702778 0.129167 0.700926 0.129688 0.700000 0.129688 0.692593 0.129167 0.691667 0.129167 0.689815 0.128646 0.688889 0.128646 0.687037 0.128125 0.686111 0.128125 0.685185 0.125000 0.679630 0.124479 0.679630 0.123958 0.678704 0.123438 0.678704 0.122917 0.677778
0 0.346875 0.364815 0.346354 0.365741 0.345833 0.365741 0.345313 0.366667 0.344792 0.366667 0.343750 0.368519 0.343229 0.368519 0.340625 0.373148 0.340625 0.374074 0.339583 0.375926 0.339583 0.376852 0.339062 0.377778 0.339062 0.380556 0.338542 0.381481 0.338542 0.388889 0.339062 0.389815 0.339062 0.392593 0.339583 0.393519 0.339583 0.394444 0.340625 0.396296 0.340625 0.397222 0.342708 0.400926 0.343229 0.400926 0.343750 0.401852 0.344271 0.401852 0.344792 0.402778 0.345833 0.402778 0.346354 0.403704 0.352083 0.403704 0.352604 0.402778 0.353646 0.402778 0.354167 0.401852 0.354687 0.401852 0.355208 0.400926 0.355729 0.400926 0.355729 0.400000 0.356250 0.399074 0.356771 0.399074 0.358854 0.395370 0.358854 0.394444 0.359896 0.392593 0.359896 0.390741 0.360417 0.389815 0.360417 0.387037 0.360938 0.386111 0.360938 0.380556 0.360417 0.379630 0.360417 0.375926 0.359375 0.374074 0.359375 0.373148 0.358333 0.371296 0.358333 0.370370 0.357292 0.368519 0.356771 0.368519 0.355729 0.366667 0.355208 0.366667 0.354687 0.365741 0.354167 0.365741 0.353646 0.364815
0 0.498958 0.658333 0.498437 0.659259 0.497396 0.659259 0.494792 0.663889 0.494792 0.664815 0.494271 0.665741 0.494271 0.666667 0.493750 0.667593 0.493750 0.669444 0.493229 0.670370 0.493229 0.679630 0.493750 0.680556 0.493750 0.682407 0.494271 0.683333 0.494271 0.685185 0.494792 0.686111 0.494792 0.687037 0.495833 0.688889 0.495833 0.689815 0.496354 0.690741 0.496875 0.690741 0.498437 0.693519 0.498958 0.693519 0.499479 0.694444 0.500000 0.694444 0.500521 0.695370 0.504167 0.695370 0.504687 0.694444 0.505208 0.694444 0.505729 0.693519 0.506771 0.693519 0.507812 0.691667 0.507812 0.690741 0.509375 0.687963 0.509375 0.687037 0.509896 0.686111 0.509896 0.684259 0.510417 0.683333 0.510417 0.673148 0.509896 0.672222 0.509896 0.670370 0.509375 0.669444 0.509375 0.667593 0.508854 0.666667 0.508854 0.665741 0.507812 0.663889 0.507812 0.662963 0.507292 0.662037 0.506771 0.662037 0.505729 0.660185 0.505208 0.660185 0.504687 0.659259 0.504167 0.659259 0.503646 0.658333
0 0.379688 0.885185 0.379167 0.886111 0.378646 0.886111 0.377604 0.887963 0.377083 0.887963 0.376042 0.889815 0.376042 0.890741 0.375521 0.891667 0.375521 0.892593 0.375000 0.893519 0.375000 0.894444 0.374479 0.895370 0.374479 0.902778 0.375000 0.903704 0.375000 0.904630 0.375521 0.905556 0.375521 0.906481 0.376042 0.907407 0.376042 0.908333 0.376563 0.909259 0.377083 0.909259 0.378125 0.911111 0.378646 0.911111 0.379167 0.912037 0.379688 0.912037 0.380208 0.912963 0.385937 0.912963 0.386458 0.912037 0.386979 0.912037 0.387500 0.911111 0.388021 0.911111 0.389062 0.909259 0.389583 0.909259 0.391146 0.906481 0.391146 0.904630 0.392188 0.902778 0.392188 0.893519 0.391667 0.892593 0.391667 0.891667 0.390625 0.889815 0.390625 0.888889 0.389583 0.887037 0.389062 0.887037 0.388542 0.886111 0.388021 0.886111 0.387500 0.885185 0.386458 0.885185 0.385937 0.884259 0.381250 0.884259 0.380729 0.885185
0 0.625000 0.253704 0.622917 0.257407 0.622917 0.259259 0.622396 0.260185 0.622396 0.261111 0.621875 0.262037 0.621875 0.270370 0.622396 0.271296 0.622396 0.272222 0.622917 0.273148 0.622917 0.274074 0.623437 0.275000 0.623437 0.275926 0.623958 0.275926 0.626042 0.279630 0.626563 0.279630 0.627083 0.280556 0.627604 0.280556 0.628125 0.281481 0.629687 0.281481 0.630208 0.282407 0.632292 0.282407 0.632812 0.281481 0.634375 0.281481 0.634896 0.280556 0.635417 0.280556 0.636979 0.277778 0.637500 0.277778 0.639062 0.275000 0.639062 0.273148 0.639583 0.272222 0.639583 0.271296 0.640104 0.270370 0.640104 0.263889 0.639583 0.262963 0.639583 0.261111 0.639062 0.260185 0.639062 0.259259 0.637500 0.256481 0.637500 0.255556 0.636979 0.254630 0.636458 0.254630 0.635417 0.252778 0.634896 0.252778 0.634375 0.251852 0.633333 0.251852 0.632812 0.250926 0.628646 0.250926 0.628125 0.251852 0.627083 0.251852 0.626042 0.253704
0 0.167187 0.764815 0.167187 0.766667 0.166146 0.768519 0.166146 0.776852 0.166667 0.777778 0.166667 0.779630 0.167708 0.781481 0.167708 0.782407 0.168229 0.783333 0.168750 0.783333 0.170313 0.786111 0.170833 0.786111 0.171354 0.787037 0.171875 0.787037 0.172396 0.787963 0.173437 0.787963 0.173958 0.788889 0.175521 0.788889 0.176042 0.789815 0.179167 0.789815 0.179688 0.788889 0.181250 0.788889 0.181771 0.787963 0.182812 0.787963 0.183854 0.786111 0.184375 0.786111 0.185938 0.783333 0.186458 0.783333 0.186458 0.782407 0.186979 0.781481 0.186979 0.780556 0.187500 0.779630 0.187500 0.778704 0.188021 0.777778 0.188021 0.771296 0.187500 0.770370 0.187500 0.768519 0.186458 0.766667 0.186458 0.765741 0.184375 0.762037 0.183854 0.762037 0.183333 0.761111 0.182812 0.761111 0.181771 0.759259 0.180729 0.759259 0.180208 0.758333 0.178125 0.758333 0.177604 0.757407 0.175521 0.757407 0.175000 0.758333 0.172917 0.758333 0.172396 0.759259 0.171354 0.759259 0.170833 0.760185 0.170313 0.760185 0.168229 0.763889 0.167708 0.763889
0 0.865104 0.929630 0.864062 0.931481 0.863021 0.931481 0.860938 0.935185 0.860938 0.936111 0.859896 0.937963 0.859896 0.938889 0.859375 0.939815 0.859375 0.941667 0.858854 0.942593 0.858854 0.948148 0.859375 0.949074 0.859375 0.950926 0.859896 0.951852 0.859896 0.952778 0.863542 0.959259 0.864583 0.959259 0.865104 0.960185 0.870313 0.960185 0.870833 0.959259 0.871354 0.959259 0.871875 0.958333 0.872396 0.958333 0.872917 0.957407 0.873437 0.957407 0.874479 0.955556 0.874479 0.954630 0.876042 0.951852 0.876042 0.950000 0.876563 0.949074 0.876563 0.947222 0.877083 0.946296 0.877083 0.942593 0.876563 0.941667 0.876563 0.939815 0.876042 0.938889 0.876042 0.937037 0.872396 0.930556 0.871875 0.930556 0.871354 0.929630
0 0.291667 0.656481 0.290625 0.658333 0.290104 0.658333 0.288021 0.662037 0.288021 0.662963 0.287500 0.663889 0.287500 0.665741 0.286979 0.666667 0.286979 0.674074 0.287500 0.675000 0.287500 0.675926 0.288021 0.676852 0.288021 0.678704 0.289062 0.680556 0.289062 0.681481 0.291146 0.685185 0.291667 0.685185 0.292187 0.686111 0.293229 0.686111 0.293750 0.687037 0.297396 0.687037 0.297917 0.686111 0.298438 0.686111 0.298958 0.685185 0.299479 0.685185 0.300521 0.683333 0.300521 0.682407 0.301563 0.680556 0.301563 0.678704 0.302083 0.677778 0.302083 0.669444 0.301563 0.668519 0.301563 0.666667 0.301042 0.665741 0.301042 0.664815 0.300521 0.663889 0.300521 0.662963 0.297917 0.658333 0.297396 0.658333 0.296875 0.657407 0.295833 0.657407 0.295312 0.656481
0 0.003646 0.291667 0.002604 0.293519 0.001563 0.293519 0.000000 0.296296 0.000000 0.316667 0.000521 0.317593 0.001042 0.317593 0.003125 0.321296 0.003646 0.321296 0.004687 0.323148 0.006250 0.323148 0.006771 0.324074 0.010937 0.324074 0.011458 0.323148 0.012500 0.323148 0.013542 0.321296 0.014063 0.321296 0.016667 0.316667 0.016667 0.314815 0.017188 0.313889 0.017188 0.310185 0.017708 0.309259 0.017188 0.308333 0.017188 0.303704 0.016667 0.302778 0.016667 0.301852 0.015104 0.299074 0.015104 0.298148 0.013542 0.295370 0.013021 0.295370 0.011458 0.292593 0.009896 0.292593 0.009375 0.291667 0.007812 0.291667 0.007292 0.290741 0.006250 0.290741 0.005729 0.291667
0 0.638021 0.443519 0.638021 0.444444 0.637500 0.445370 0.637500 0.446296 0.636979 0.447222 0.636979 0.449074 0.637500 0.450000 0.637500 0.452778 0.639583 0.456481 0.640104 0.456481 0.641146 0.458333 0.641667 0.458333 0.642188 0.459259 0.643750 0.459259 0.644271 0.460185 0.647396 0.460185 0.647917 0.459259 0.648958 0.459259 0.651042 0.455556 0.651042 0.454630 0.651563 0.453704 0.651563 0.449074 0.651042 0.448148 0.651042 0.447222 0.650521 0.446296 0.650521 0.445370 0.650000 0.444444 0.649479 0.444444 0.648438 0.442593 0.647917 0.442593 0.647396 0.441667 0.646875 0.441667 0.646354 0.440741 0.645312 0.440741 0.644792 0.439815 0.641667 0.439815 0.641146 0.440741 0.640104 0.440741 0.639583 0.441667 0.639062 0.441667
0 0.403646 0.301852 0.402083 0.304630 0.401562 0.304630 0.400000 0.307407 0.400000 0.309259 0.398958 0.311111 0.398958 0.321296 0.399479 0.322222 0.399479 0.323148 0.400000 0.324074 0.400000 0.325000 0.400521 0.325926 0.400521 0.326852 0.402604 0.330556 0.403125 0.330556 0.404167 0.332407 0.404687 0.332407 0.405208 0.333333 0.406250 0.333333 0.406771 0.334259 0.408333 0.334259 0.408854 0.335185 0.410938 0.335185 0.411458 0.334259 0.413542 0.334259 0.414583 0.332407 0.415625 0.332407 0.416146 0.331481 0.416146 0.330556 0.416667 0.329630 0.417187 0.329630 0.418229 0.327778 0.418229 0.326852 0.418750 0.325926 0.418750 0.325000 0.419271 0.324074 0.419271 0.320370 0.419792 0.319444 0.419792 0.318519 0.419271 0.317593 0.419271 0.313889 0.418750 0.312963 0.418750 0.311111 0.417708 0.309259 0.417708 0.308333 0.416146 0.305556 0.415625 0.305556 0.414583 0.303704 0.414062 0.303704 0.413021 0.301852 0.411979 0.301852 0.411458 0.300926 0.409375 0.300926 0.408854 0.300000 0.407813 0.300000 0.407292 0.300926 0.405208 0.300926 0.404687 0.301852
0 0.783333 0.073148 0.782813 0.074074 0.782292 0.074074 0.780729 0.076852 0.780208 0.076852 0.778646 0.079630 0.778646 0.081481 0.778125 0.082407 0.778125 0.083333 0.777604 0.084259 0.777604 0.090741 0.778125 0.091667 0.778125 0.092593 0.778646 0.093519 0.778646 0.095370 0.779687 0.097222 0.780208 0.097222 0.781250 0.099074 0.781771 0.099074 0.782292 0.100000 0.782813 0.100000 0.783333 0.100926 0.785937 0.100926 0.786458 0.100000 0.787500 0.100000 0.788021 0.099074 0.788542 0.099074 0.792188 0.092593 0.792188 0.090741 0.792708 0.089815 0.792708 0.082407 0.792188 0.081481 0.792188 0.079630 0.790625 0.076852 0.790625 0.075926 0.790104 0.075000 0.789062 0.075000 0.788542 0.074074 0.788021 0.074074 0.787500 0.073148
0 0.685937 0.487037 0.685417 0.487963 0.684896 0.487963 0.684375 0.488889 0.683854 0.488889 0.680729 0.494444 0.680729 0.495370 0.680208 0.496296 0.680208 0.497222 0.679688 0.498148 0.679688 0.501852 0.679167 0.502778 0.679688 0.503704 0.679688 0.508333 0.681250 0.511111 0.681250 0.512037 0.681771 0.512963 0.682292 0.512963 0.683854 0.515741 0.684375 0.515741 0.684896 0.516667 0.689583 0.516667 0.690104 0.515741 0.691146 0.515741 0.692187 0.513889 0.692708 0.513889 0.693229 0.512963 0.693750 0.512963 0.694271 0.512037 0.694271 0.511111 0.695833 0.508333 0.695833 0.506481 0.696354 0.505556 0.696354 0.501852 0.696875 0.500926 0.696354 0.500000 0.696354 0.496296 0.695833 0.495370 0.695833 0.494444 0.692187 0.487963 0.691146 0.487963 0.690625 0.487037
0 0.461458 0.582407 0.461458 0.584259 0.460938 0.585185 0.460938 0.592593 0.461458 0.593519 0.461458 0.594444 0.462500 0.596296 0.462500 0.597222 0.464583 0.600926 0.465104 0.600926 0.465625 0.601852 0.466667 0.601852 0.467708 0.603704 0.469271 0.603704 0.469792 0.604630 0.474479 0.604630 0.475000 0.603704 0.476562 0.603704 0.477083 0.602778 0.477604 0.602778 0.480729 0.597222 0.480729 0.595370 0.481250 0.594444 0.481250 0.589815 0.480729 0.588889 0.480729 0.587037 0.477604 0.581481 0.477604 0.580556 0.476562 0.580556 0.475521 0.578704 0.475000 0.578704 0.474479 0.577778 0.473438 0.577778 0.472917 0.576852 0.466146 0.576852 0.465625 0.577778 0.465104 0.577778 0.464583 0.578704 0.464062 0.578704 0.463542 0.579630 0.463021 0.579630
0 0.529687 0.264815 0.528646 0.266667 0.528646 0.267593 0.527083 0.270370 0.527083 0.271296 0.526563 0.272222 0.526563 0.278704 0.527083 0.279630 0.527083 0.280556 0.528125 0.282407 0.528125 0.283333 0.529687 0.286111 0.530208 0.286111 0.530729 0.287037 0.531771 0.287037 0.532292 0.287963 0.536458 0.287963 0.536979 0.287037 0.538021 0.287037 0.539062 0.285185 0.539583 0.285185 0.541667 0.281481 0.541667 0.280556 0.542188 0.279630 0.542188 0.277778 0.542708 0.276852 0.542708 0.274074 0.542188 0.273148 0.542188 0.270370 0.541667 0.269444 0.541667 0.268519 0.540625 0.266667 0.540104 0.266667 0.538542 0.263889 0.537500 0.263889 0.536979 0.262963 0.532292 0.262963 0.531771 0.263889 0.531250 0.263889 0.530729 0.264815
0 0.592187 0.854630 0.591667 0.855556 0.591146 0.855556 0.590104 0.857407 0.589583 0.857407 0.589063 0.858333 0.589063 0.859259 0.588542 0.860185 0.588021 0.860185 0.588021 0.861111 0.586979 0.862963 0.586979 0.863889 0.586458 0.864815 0.586458 0.867593 0.585938 0.868519 0.585938 0.869444 0.586458 0.870370 0.586458 0.873148 0.586979 0.874074 0.586979 0.875926 0.589583 0.880556 0.590625 0.880556 0.591667 0.882407 0.594271 0.882407 0.594792 0.883333 0.595313 0.883333 0.595833 0.882407 0.598437 0.882407 0.598958 0.881481 0.599479 0.881481 0.600000 0.880556 0.600521 0.880556 0.601562 0.878704 0.602083 0.878704 0.603646 0.875926 0.603646 0.875000 0.604167 0.874074 0.604167 0.873148 0.604688 0.872222 0.604688 0.870370 0.605208 0.869444 0.605208 0.865741 0.604688 0.864815 0.604688 0.862037 0.603646 0.860185 0.603646 0.859259 0.602083 0.856481 0.601562 0.856481 0.601042 0.855556 0.600521 0.855556 0.600000 0.854630 0.598958 0.854630 0.598437 0.853704 0.593750 0.853704 0.593229 0.854630
0 0.242708 0.809259 0.240104 0.813889 0.240104 0.814815 0.239063 0.816667 0.239063 0.817593 0.238542 0.818519 0.238542 0.823148 0.238021 0.824074 0.238021 0.825926 0.238542 0.826852 0.238542 0.830556 0.239063 0.831481 0.239063 0.832407 0.239583 0.833333 0.239583 0.835185 0.241146 0.837963 0.241146 0.838889 0.242188 0.840741 0.242708 0.840741 0.243750 0.842593 0.244271 0.842593 0.245312 0.844444 0.246354 0.844444 0.246875 0.845370 0.252604 0.845370 0.253125 0.844444 0.254167 0.844444 0.255208 0.842593 0.255729 0.842593 0.257812 0.838889 0.257812 0.837963 0.258333 0.837037 0.258333 0.836111 0.258854 0.835185 0.258854 0.832407 0.259375 0.831481 0.259375 0.825926 0.258854 0.825000 0.258854 0.822222 0.258333 0.821296 0.258333 0.819444 0.257292 0.817593 0.257292 0.816667 0.255208 0.812963 0.255208 0.812037 0.254688 0.812037 0.253646 0.810185 0.253125 0.810185 0.252604 0.809259 0.251563 0.809259 0.251042 0.808333 0.250000 0.808333 0.249479 0.807407 0.245833 0.807407 0.245312 0.808333 0.243750 0.808333 0.243229 0.809259
0 0.671354 0.450926 0.670833 0.451852 0.669792 0.451852 0.666146 0.458333 0.666146 0.460185 0.665625 0.461111 0.665625 0.462037 0.665104 0.462963 0.665104 0.472222 0.665625 0.473148 0.665625 0.475000 0.669792 0.482407 0.671354 0.482407 0.671875 0.483333 0.673958 0.483333 0.674479 0.482407 0.675521 0.482407 0.676042 0.481481 0.676562 0.481481 0.677604 0.479630 0.678125 0.479630 0.679167 0.477778 0.679167 0.476852 0.679688 0.475926 0.679688 0.475000 0.680208 0.474074 0.680208 0.473148 0.680729 0.472222 0.680729 0.469444 0.681250 0.468519 0.681250 0.463889 0.680729 0.462963 0.680729 0.460185 0.679688 0.458333 0.679688 0.456481 0.677604 0.452778 0.677083 0.452778 0.676562 0.451852 0.676042 0.451852 0.675521 0.450926
0 0.593750 0.831481 0.593750 0.832407 0.593229 0.833333 0.593229 0.835185 0.592708 0.836111 0.592708 0.840741 0.593229 0.841667 0.593229 0.843519 0.594271 0.845370 0.594271 0.846296 0.594792 0.847222 0.595313 0.847222 0.596354 0.849074 0.596875 0.849074 0.597396 0.850000 0.597917 0.850000 0.598437 0.850926 0.600000 0.850926 0.600521 0.851852 0.604167 0.851852 0.604688 0.850926 0.605729 0.850926 0.606250 0.850000 0.607292 0.850000 0.607812 0.849074 0.608333 0.849074 0.611979 0.842593 0.611979 0.839815 0.612500 0.838889 0.612500 0.837963 0.611979 0.837037 0.611979 0.834259 0.611458 0.833333 0.611458 0.832407 0.609896 0.829630 0.609896 0.828704 0.609375 0.828704 0.608854 0.827778 0.608333 0.827778 0.607292 0.825926 0.606250 0.825926 0.605729 0.825000 0.599479 0.825000 0.598958 0.825926 0.597917 0.825926 0.597396 0.826852 0.596875 0.826852 0.596354 0.827778 0.595833 0.827778
0 0.503125 0.506481 0.502604 0.506481 0.501563 0.504630 0.501042 0.504630 0.500521 0.503704 0.499479 0.503704 0.498958 0.502778 0.495312 0.502778 0.494792 0.503704 0.493229 0.503704 0.492708 0.504630 0.492188 0.504630 0.491667 0.505556 0.491146 0.505556 0.490104 0.507407 0.489583 0.507407 0.488021 0.510185 0.488021 0.511111 0.486979 0.512963 0.486979 0.513889 0.486458 0.514815 0.486458 0.517593 0.485938 0.518519 0.485938 0.520370 0.486458 0.521296 0.486458 0.523148 0.486979 0.524074 0.486979 0.525000 0.489063 0.528704 0.490104 0.528704 0.490625 0.529630 0.491146 0.529630 0.491667 0.530556 0.495833 0.530556 0.496354 0.529630 0.497396 0.529630 0.497917 0.528704 0.498958 0.528704 0.499479 0.527778 0.500000 0.527778 0.501563 0.525000 0.502083 0.525000 0.503125 0.523148 0.503125 0.522222 0.503646 0.521296 0.503646 0.520370 0.504687 0.518519 0.504687 0.511111 0.504167 0.510185 0.504167 0.509259 0.503125 0.507407
0 0.730729 0.621296 0.730208 0.622222 0.729688 0.622222 0.728125 0.625000 0.727604 0.625000 0.727083 0.625926 0.727083 0.626852 0.726042 0.628704 0.726042 0.629630 0.725000 0.631481 0.725000 0.634259 0.724479 0.635185 0.724479 0.642593 0.725000 0.643519 0.725000 0.645370 0.725521 0.646296 0.725521 0.647222 0.726042 0.648148 0.726042 0.649074 0.729167 0.654630 0.729688 0.654630 0.730208 0.655556 0.731250 0.655556 0.731771 0.656481 0.732292 0.656481 0.732812 0.657407 0.738542 0.657407 0.739062 0.656481 0.740104 0.656481 0.740625 0.655556 0.741667 0.655556 0.742708 0.653704 0.743229 0.653704 0.745313 0.650000 0.745313 0.649074 0.746354 0.647222 0.746354 0.645370 0.746875 0.644444 0.746875 0.634259 0.746354 0.633333 0.746354 0.631481 0.745833 0.630556 0.745833 0.629630 0.743750 0.625926 0.743750 0.625000 0.743229 0.624074 0.742708 0.624074 0.741667 0.622222 0.741146 0.622222 0.740625 0.621296 0.739583 0.621296 0.739062 0.620370 0.736458 0.620370 0.735938 0.619444 0.735417 0.619444 0.734896 0.620370 0.732292 0.620370 0.731771 0.621296
0 0.505208 0.225000 0.505208 0.231481 0.505729 0.232407 0.505729 0.233333 0.506250 0.234259 0.506250 0.235185 0.507812 0.237963 0.507812 0.238889 0.508333 0.239815 0.508854 0.239815 0.509375 0.240741 0.509896 0.240741 0.510938 0.242593 0.511979 0.242593 0.512500 0.243519 0.513542 0.243519 0.514062 0.244444 0.520833 0.244444 0.521354 0.243519 0.522396 0.243519 0.522917 0.242593 0.523438 0.242593 0.523958 0.241667 0.524479 0.241667 0.526042 0.238889 0.526563 0.238889 0.526563 0.237963 0.527083 0.237037 0.527083 0.236111 0.528125 0.234259 0.528125 0.225926 0.527604 0.225000 0.527604 0.224074 0.526563 0.222222 0.526563 0.221296 0.525000 0.218519 0.524479 0.218519 0.523438 0.216667 0.522917 0.216667 0.522396 0.215741 0.521875 0.215741 0.521354 0.214815 0.520312 0.214815 0.519792 0.213889 0.512500 0.213889 0.511979 0.214815 0.510938 0.214815 0.510417 0.215741 0.509896 0.215741 0.509375 0.216667 0.508854 0.216667 0.506250 0.221296 0.506250 0.222222 0.505729 0.223148 0.505729 0.224074
0 0.147917 0.804630 0.147396 0.805556 0.145833 0.805556 0.145313 0.806481 0.144792 0.806481 0.144271 0.807407 0.143750 0.807407 0.141146 0.812037 0.141146 0.812963 0.140625 0.813889 0.140625 0.814815 0.140104 0.815741 0.140104 0.816667 0.139583 0.817593 0.139583 0.828704 0.140104 0.829630 0.140104 0.830556 0.140625 0.831481 0.140625 0.833333 0.142187 0.836111 0.142187 0.837037 0.142708 0.837963 0.143229 0.837963 0.144792 0.840741 0.145313 0.840741 0.145833 0.841667 0.146875 0.841667 0.147396 0.842593 0.151042 0.842593 0.151562 0.841667 0.152604 0.841667 0.153125 0.840741 0.153646 0.840741 0.154167 0.839815 0.154688 0.839815 0.155208 0.838889 0.155208 0.837963 0.155729 0.837037 0.156250 0.837037 0.156771 0.836111 0.156771 0.835185 0.157812 0.833333 0.157812 0.831481 0.158333 0.830556 0.158333 0.826852 0.158854 0.825926 0.158854 0.822222 0.158333 0.821296 0.158333 0.818519 0.157812 0.817593 0.157812 0.815741 0.157292 0.814815 0.157292 0.813889 0.156250 0.812037 0.156250 0.811111 0.155208 0.809259 0.154688 0.809259 0.153125 0.806481 0.152604 0.806481 0.152083 0.805556 0.150000 0.805556 0.149479 0.804630
0 0.643229 0.604630 0.643229 0.605556 0.642708 0.606481 0.642708 0.607407 0.642188 0.608333 0.642188 0.615741 0.642708 0.616667 0.642708 0.618519 0.644271 0.621296 0.644271 0.622222 0.645833 0.625000 0.646354 0.625000 0.646875 0.625926 0.647917 0.625926 0.648438 0.626852 0.648958 0.626852 0.649479 0.627778 0.655729 0.627778 0.656250 0.626852 0.657292 0.626852 0.657813 0.625926 0.658333 0.625926 0.659375 0.624074 0.659896 0.624074 0.661979 0.620370 0.661979 0.619444 0.662500 0.618519 0.662500 0.617593 0.663021 0.616667 0.663021 0.609259 0.662500 0.608333 0.662500 0.606481 0.660937 0.603704 0.660937 0.602778 0.659896 0.600926 0.659375 0.600926 0.658854 0.600000 0.658333 0.600000 0.657813 0.599074 0.657292 0.599074 0.656771 0.598148 0.655729 0.598148 0.655208 0.597222 0.649479 0.597222 0.648958 0.598148 0.648438 0.598148 0.647917 0.599074 0.646875 0.599074 0.646354 0.600000 0.645833 0.600000
0 0.119271 0.784259 0.119271 0.788889 0.119792 0.789815 0.119792 0.790741 0.120313 0.791667 0.120313 0.792593 0.120833 0.793519 0.121354 0.793519 0.122396 0.795370 0.122917 0.795370 0.123438 0.796296 0.125000 0.796296 0.125521 0.797222 0.129688 0.797222 0.130208 0.796296 0.131250 0.796296 0.131771 0.795370 0.132292 0.795370 0.132812 0.794444 0.133333 0.794444 0.135937 0.789815 0.135937 0.785185 0.135417 0.784259 0.135417 0.783333 0.134896 0.782407 0.134896 0.781481 0.134375 0.780556 0.133854 0.780556 0.132812 0.778704 0.132292 0.778704 0.131771 0.777778 0.130729 0.777778 0.130208 0.776852 0.125000 0.776852 0.124479 0.777778 0.123958 0.777778 0.123438 0.778704 0.122917 0.778704 0.122396 0.779630 0.121875 0.779630
0 0.859375 0.960185 0.858854 0.961111 0.857812 0.961111 0.857292 0.962037 0.856771 0.962037 0.855208 0.964815 0.855208 0.965741 0.854167 0.967593 0.854167 0.968519 0.853646 0.969444 0.853646 0.973148 0.853125 0.974074 0.853125 0.977778 0.853646 0.978704 0.853646 0.981481 0.854167 0.982407 0.854167 0.983333 0.854688 0.984259 0.854688 0.985185 0.855208 0.986111 0.855208 0.987037 0.857292 0.990741 0.857812 0.990741 0.858854 0.992593 0.859375 0.992593 0.859896 0.993519 0.861458 0.993519 0.861979 0.994444 0.863021 0.994444 0.863542 0.993519 0.865104 0.993519 0.865625 0.992593 0.866146 0.992593 0.867708 0.989815 0.868229 0.989815 0.868750 0.988889 0.868750 0.987963 0.869271 0.987037 0.869271 0.986111 0.869792 0.985185 0.869792 0.982407 0.870313 0.981481 0.870313 0.975000 0.869792 0.974074 0.869792 0.971296 0.868750 0.969444 0.868750 0.968519 0.868229 0.967593 0.868229 0.966667 0.866667 0.963889 0.866146 0.963889 0.864583 0.961111 0.863542 0.961111 0.863021 0.960185
0 0.418229 0.850000 0.418229 0.851852 0.417708 0.852778 0.417708 0.859259 0.418229 0.860185 0.418229 0.861111 0.418750 0.862037 0.418750 0.862963 0.419271 0.863889 0.419792 0.863889 0.421875 0.867593 0.422396 0.867593 0.422917 0.868519 0.423438 0.868519 0.423958 0.869444 0.425000 0.869444 0.425521 0.870370 0.431250 0.870370 0.431771 0.869444 0.432812 0.869444 0.433854 0.867593 0.434896 0.867593 0.435937 0.865741 0.436458 0.865741 0.436458 0.864815 0.438021 0.862037 0.438021 0.861111 0.438542 0.860185 0.438542 0.857407 0.439063 0.856481 0.439063 0.854630 0.438542 0.853704 0.438542 0.850926 0.438021 0.850000 0.438021 0.849074 0.436979 0.847222 0.436979 0.846296 0.435937 0.844444 0.435417 0.844444 0.434896 0.843519 0.434375 0.843519 0.433854 0.842593 0.433333 0.842593 0.432812 0.841667 0.431771 0.841667 0.431250 0.840741 0.425000 0.840741 0.424479 0.841667 0.423438 0.841667 0.422396 0.843519 0.421354 0.843519 0.419792 0.846296 0.419792 0.847222
0 0.629167 0.289815 0.628646 0.290741 0.628125 0.290741 0.627083 0.292593 0.626563 0.292593 0.626042 0.293519 0.626042 0.294444 0.625521 0.295370 0.625521 0.296296 0.625000 0.297222 0.625000 0.299074 0.624479 0.300000 0.624479 0.309259 0.625000 0.310185 0.625000 0.311111 0.625521 0.312037 0.625521 0.313889 0.628646 0.319444 0.629167 0.319444 0.629687 0.320370 0.633333 0.320370 0.633854 0.319444 0.634375 0.319444 0.636458 0.315741 0.636458 0.314815 0.636979 0.313889 0.636979 0.312963 0.637500 0.312037 0.637500 0.310185 0.638021 0.309259 0.638021 0.302778 0.637500 0.301852 0.637500 0.300000 0.636979 0.299074 0.636979 0.297222 0.636458 0.296296 0.636458 0.295370 0.633854 0.290741 0.633333 0.290741 0.632812 0.289815
0 0.810417 0.247222 0.809896 0.248148 0.809375 0.248148 0.805729 0.254630 0.805729 0.256481 0.805208 0.257407 0.805208 0.261111 0.804688 0.262037 0.805208 0.262963 0.805208 0.267593 0.805729 0.268519 0.805729 0.269444 0.806250 0.270370 0.806250 0.271296 0.807292 0.273148 0.807292 0.274074 0.808333 0.275926 0.808854 0.275926 0.809896 0.277778 0.810937 0.277778 0.811458 0.278704 0.812500 0.278704 0.813021 0.279630 0.816146 0.279630 0.816667 0.278704 0.817708 0.278704 0.818229 0.277778 0.818750 0.277778 0.819271 0.276852 0.819792 0.276852 0.820833 0.275000 0.820833 0.274074 0.822396 0.271296 0.822396 0.269444 0.822917 0.268519 0.822917 0.264815 0.823438 0.263889 0.822917 0.262963 0.822917 0.258333 0.822396 0.257407 0.822396 0.256481 0.821875 0.255556 0.821875 0.254630 0.820833 0.252778 0.820833 0.251852 0.820312 0.250926 0.819792 0.250926 0.818750 0.249074 0.818229 0.249074 0.817708 0.248148 0.817187 0.248148 0.816667 0.247222 0.814583 0.247222 0.814063 0.246296 0.812500 0.246296 0.811979 0.247222
0 0.230208 0.144444 0.230208 0.146296 0.229687 0.147222 0.229687 0.151852 0.230208 0.152778 0.230208 0.154630 0.233333 0.160185 0.233854 0.160185 0.234896 0.162037 0.236458 0.162037 0.236979 0.162963 0.238542 0.162963 0.239063 0.163889 0.241667 0.163889 0.242188 0.162963 0.244792 0.162963 0.245312 0.162037 0.245833 0.162037 0.246354 0.161111 0.247396 0.161111 0.248958 0.158333 0.249479 0.158333 0.250521 0.156481 0.250521 0.155556 0.251042 0.154630 0.251042 0.153704 0.251563 0.152778 0.251563 0.145370 0.251042 0.144444 0.251042 0.143519 0.247917 0.137963 0.247396 0.137963 0.246875 0.137037 0.246354 0.137037 0.245833 0.136111 0.244271 0.136111 0.243750 0.135185 0.237500 0.135185 0.236979 0.136111 0.235937 0.136111 0.235417 0.137037 0.234896 0.137037 0.234375 0.137963 0.233854 0.137963
0 0.865625 0.325000 0.861979 0.331481 0.861979 0.332407 0.861458 0.333333 0.861458 0.336111 0.860938 0.337037 0.860938 0.340741 0.861458 0.341667 0.861458 0.343519 0.861979 0.344444 0.861979 0.346296 0.864583 0.350926 0.865104 0.350926 0.865625 0.351852 0.866146 0.351852 0.866667 0.352778 0.871875 0.352778 0.872396 0.351852 0.872917 0.351852 0.873437 0.350926 0.873958 0.350926 0.874479 0.350000 0.875000 0.350000 0.876042 0.348148 0.876042 0.347222 0.877083 0.345370 0.877083 0.344444 0.877604 0.343519 0.877604 0.341667 0.878125 0.340741 0.878125 0.336111 0.877604 0.335185 0.877604 0.332407 0.876563 0.330556 0.876563 0.329630 0.874479 0.325926 0.873958 0.325926 0.873437 0.325000 0.872917 0.325000 0.872396 0.324074 0.867188 0.324074 0.866667 0.325000
0 0.341146 0.537963 0.340625 0.538889 0.340104 0.538889 0.338542 0.541667 0.338542 0.542593 0.338021 0.543519 0.338021 0.545370 0.337500 0.546296 0.337500 0.553704 0.338021 0.554630 0.338021 0.556481 0.338542 0.557407 0.338542 0.558333 0.339062 0.559259 0.339062 0.560185 0.340104 0.562037 0.340625 0.562037 0.341667 0.563889 0.342187 0.563889 0.342708 0.564815 0.343750 0.564815 0.344271 0.565741 0.344792 0.565741 0.345313 0.564815 0.346354 0.564815 0.346875 0.563889 0.347396 0.563889 0.348438 0.562037 0.348958 0.562037 0.348958 0.561111 0.349479 0.560185 0.349479 0.559259 0.350000 0.558333 0.350000 0.553704 0.350521 0.552778 0.350000 0.551852 0.350000 0.548148 0.349479 0.547222 0.349479 0.546296 0.348958 0.545370 0.348958 0.543519 0.347396 0.540741 0.346875 0.540741 0.345833 0.538889 0.345313 0.538889 0.344792 0.537963
0 0.552604 0.867593 0.552083 0.868519 0.551562 0.868519 0.547917 0.875000 0.547917 0.876852 0.547396 0.877778 0.547396 0.879630 0.546875 0.880556 0.546875 0.888889 0.547396 0.889815 0.547396 0.892593 0.547917 0.893519 0.547917 0.894444 0.548958 0.896296 0.548958 0.897222 0.550521 0.900000 0.551042 0.900000 0.552083 0.901852 0.553646 0.901852 0.554167 0.902778 0.555729 0.902778 0.556250 0.901852 0.556771 0.901852 0.557292 0.900926 0.558333 0.900926 0.560417 0.897222 0.560417 0.896296 0.560937 0.895370 0.560937 0.894444 0.561458 0.893519 0.561458 0.891667 0.561979 0.890741 0.561979 0.879630 0.561458 0.878704 0.561458 0.876852 0.560417 0.875000 0.560417 0.873148 0.558854 0.870370 0.558333 0.870370 0.557813 0.869444 0.557292 0.869444 0.556771 0.868519 0.556250 0.868519 0.555729 0.867593
0 0.707292 0.374074 0.706771 0.375000 0.705729 0.375000 0.705208 0.375926 0.704688 0.375926 0.703646 0.377778 0.703646 0.378704 0.702604 0.380556 0.702604 0.382407 0.702083 0.383333 0.702083 0.384259 0.701562 0.385185 0.701562 0.391667 0.702083 0.392593 0.702083 0.394444 0.702604 0.395370 0.702604 0.396296 0.703125 0.397222 0.703125 0.398148 0.703646 0.399074 0.703646 0.400000 0.705729 0.403704 0.706771 0.403704 0.707292 0.404630 0.708333 0.404630 0.708854 0.405556 0.710417 0.405556 0.710938 0.404630 0.712500 0.404630 0.714063 0.401852 0.714583 0.401852 0.715104 0.400926 0.715104 0.400000 0.715625 0.399074 0.715625 0.398148 0.716146 0.397222 0.716146 0.395370 0.716667 0.394444 0.716667 0.387963 0.716146 0.387037 0.716146 0.384259 0.715625 0.383333 0.715625 0.382407 0.715104 0.381481 0.715104 0.380556 0.712500 0.375926 0.711979 0.375926 0.711458 0.375000 0.710938 0.375000 0.710417 0.374074
0 0.216667 0.806481 0.216667 0.807407 0.216146 0.808333 0.216146 0.810185 0.215625 0.811111 0.215625 0.815741 0.216146 0.816667 0.216146 0.817593 0.216667 0.818519 0.216667 0.819444 0.217188 0.820370 0.217188 0.821296 0.218229 0.823148 0.218750 0.823148 0.219271 0.824074 0.219792 0.824074 0.220312 0.825000 0.220833 0.825000 0.221354 0.825926 0.222917 0.825926 0.223438 0.826852 0.227604 0.826852 0.228125 0.825926 0.229167 0.825926 0.229687 0.825000 0.230729 0.825000 0.231250 0.824074 0.231771 0.824074 0.233333 0.821296 0.233854 0.821296 0.235417 0.818519 0.235417 0.816667 0.235937 0.815741 0.235937 0.812963 0.236458 0.812037 0.236458 0.811111 0.235937 0.810185 0.235937 0.808333 0.235417 0.807407 0.235417 0.806481 0.232813 0.801852 0.232292 0.801852 0.231250 0.800000 0.230208 0.800000 0.229687 0.799074 0.222917 0.799074 0.222396 0.800000 0.221354 0.800000 0.220312 0.801852 0.219271 0.801852
0 0.243229 0.294444 0.242708 0.295370 0.241667 0.295370 0.238542 0.300926 0.238542 0.302778 0.238021 0.303704 0.238021 0.304630 0.237500 0.305556 0.237500 0.313889 0.238021 0.314815 0.238021 0.316667 0.238542 0.317593 0.238542 0.319444 0.239063 0.320370 0.239063 0.321296 0.240625 0.324074 0.241146 0.324074 0.243229 0.327778 0.244271 0.327778 0.244792 0.328704 0.248438 0.328704 0.248958 0.327778 0.250000 0.327778 0.253125 0.322222 0.253125 0.321296 0.253646 0.320370 0.253646 0.318519 0.254167 0.317593 0.254167 0.308333 0.253646 0.307407 0.253646 0.305556 0.253125 0.304630 0.253125 0.302778 0.252083 0.300926 0.252083 0.300000 0.251042 0.298148 0.250521 0.298148 0.248958 0.295370 0.247917 0.295370 0.247396 0.294444
0 0.564583 0.418519 0.563542 0.420370 0.563542 0.421296 0.563021 0.422222 0.562500 0.422222 0.561979 0.423148 0.561979 0.424074 0.561458 0.425000 0.561458 0.425926 0.560937 0.426852 0.560937 0.427778 0.560417 0.428704 0.560417 0.435185 0.560937 0.436111 0.560937 0.438889 0.561458 0.439815 0.561458 0.440741 0.562500 0.442593 0.562500 0.443519 0.563021 0.444444 0.563021 0.445370 0.563542 0.446296 0.564063 0.446296 0.566146 0.450000 0.566667 0.450000 0.567187 0.450926 0.567708 0.450926 0.568229 0.451852 0.568750 0.451852 0.569271 0.452778 0.570833 0.452778 0.571354 0.453704 0.577083 0.453704 0.577604 0.452778 0.578125 0.452778 0.578646 0.451852 0.579167 0.451852 0.579688 0.450926 0.580208 0.450926 0.581250 0.449074 0.581771 0.449074 0.582292 0.448148 0.582292 0.447222 0.583333 0.445370 0.583333 0.444444 0.583854 0.443519 0.583854 0.441667 0.584375 0.440741 0.584375 0.433333 0.583854 0.432407 0.583854 0.430556 0.583333 0.429630 0.583333 0.428704 0.582812 0.427778 0.582812 0.426852 0.581250 0.424074 0.581250 0.423148 0.580729 0.423148 0.580208 0.422222 0.579688 0.422222 0.579167 0.421296 0.579167 0.420370 0.578646 0.420370 0.578125 0.419444 0.577604 0.419444 0.577083 0.418519 0.576562 0.418519 0.576042 0.417593 0.575000 0.417593 0.574479 0.416667 0.572917 0.416667 0.572396 0.415741 0.569271 0.415741 0.568750 0.416667 0.567187 0.416667 0.566667 0.417593 0.565625 0.417593 0.565104 0.418519
0 0.037500 0.606481 0.037500 0.607407 0.036979 0.608333 0.036979 0.609259 0.036458 0.610185 0.036458 0.616667 0.036979 0.617593 0.036979 0.618519 0.037500 0.619444 0.037500 0.620370 0.038021 0.621296 0.038021 0.622222 0.038542 0.623148 0.039062 0.623148 0.040625 0.625926 0.041146 0.625926 0.042188 0.627778 0.043229 0.627778 0.043750 0.628704 0.045312 0.628704 0.045833 0.629630 0.051562 0.629630 0.052083 0.628704 0.053125 0.628704 0.053646 0.627778 0.054167 0.627778 0.054688 0.626852 0.055208 0.626852 0.056250 0.625000 0.056771 0.625000 0.058333 0.622222 0.058333 0.621296 0.059375 0.619444 0.059375 0.615741 0.059896 0.614815 0.059896 0.613889 0.059375 0.612963 0.059375 0.611111 0.058854 0.610185 0.058854 0.608333 0.057813 0.606481 0.057813 0.605556 0.056771 0.603704 0.056250 0.603704 0.055208 0.601852 0.054688 0.601852 0.054167 0.600926 0.053646 0.600926 0.053125 0.600000 0.052083 0.600000 0.051562 0.599074 0.049479 0.599074 0.048958 0.598148 0.046354 0.598148 0.045833 0.599074 0.043750 0.599074 0.043229 0.600000 0.042188 0.600000 0.041146 0.601852 0.040625 0.601852 0.038542 0.605556 0.038021 0.605556
0 0.153646 0.766667 0.153125 0.767593 0.151562 0.767593 0.148438 0.773148 0.148438 0.774074 0.147917 0.775000 0.147917 0.776852 0.147396 0.777778 0.147396 0.786111 0.147917 0.787037 0.147917 0.788889 0.148438 0.789815 0.148438 0.790741 0.149479 0.792593 0.149479 0.793519 0.150521 0.795370 0.151042 0.795370 0.152083 0.797222 0.153125 0.797222 0.153646 0.798148 0.156771 0.798148 0.157292 0.797222 0.158333 0.797222 0.161458 0.791667 0.161458 0.790741 0.161979 0.789815 0.161979 0.787963 0.162500 0.787037 0.162500 0.778704 0.161979 0.777778 0.161979 0.775926 0.160938 0.774074 0.160938 0.773148 0.158333 0.768519 0.157812 0.768519 0.157292 0.767593 0.156250 0.767593 0.155729 0.766667
0 0.681771 0.610185 0.679167 0.614815 0.679167 0.616667 0.678646 0.617593 0.678646 0.619444 0.678125 0.620370 0.678125 0.625000 0.678646 0.625926 0.678646 0.627778 0.679167 0.628704 0.679167 0.629630 0.680208 0.631481 0.680208 0.632407 0.681250 0.634259 0.681771 0.634259 0.683333 0.637037 0.684375 0.637037 0.684896 0.637963 0.685937 0.637963 0.686458 0.638889 0.692187 0.638889 0.692708 0.637963 0.693750 0.637963 0.694271 0.637037 0.694792 0.637037 0.695833 0.635185 0.696354 0.635185 0.696875 0.634259 0.696875 0.633333 0.697917 0.631481 0.697917 0.630556 0.698438 0.629630 0.698438 0.627778 0.698958 0.626852 0.698958 0.623148 0.698438 0.622222 0.698438 0.619444 0.697396 0.617593 0.697396 0.616667 0.695312 0.612963 0.695312 0.612037 0.694792 0.612037 0.693750 0.610185 0.692708 0.610185 0.692187 0.609259 0.691667 0.609259 0.691146 0.608333 0.689583 0.608333 0.689063 0.607407 0.686458 0.607407 0.685937 0.608333 0.684375 0.608333 0.683854 0.609259 0.682813 0.609259 0.682292 0.610185
0 0.372917 0.853704 0.372396 0.854630 0.371875 0.854630 0.371354 0.855556 0.370833 0.855556 0.368229 0.860185 0.368229 0.861111 0.367708 0.862037 0.367708 0.863889 0.367188 0.864815 0.367188 0.873148 0.367708 0.874074 0.367708 0.875926 0.368229 0.876852 0.368229 0.877778 0.370833 0.882407 0.370833 0.883333 0.371875 0.883333 0.372917 0.885185 0.373437 0.885185 0.373958 0.886111 0.379688 0.886111 0.380208 0.885185 0.381250 0.885185 0.382292 0.883333 0.382812 0.883333 0.384375 0.880556 0.384375 0.879630 0.385417 0.877778 0.385417 0.875926 0.385937 0.875000 0.385937 0.866667 0.385417 0.865741 0.385417 0.863889 0.384896 0.862963 0.384896 0.862037 0.383333 0.859259 0.383333 0.858333 0.382292 0.856481 0.381771 0.856481 0.381250 0.855556 0.380729 0.855556 0.380208 0.854630 0.379688 0.854630 0.379167 0.853704 0.376563 0.853704 0.376042 0.852778 0.375521 0.853704
0 0.304167 0.432407 0.303646 0.433333 0.302083 0.433333 0.301563 0.434259 0.301042 0.434259 0.297396 0.440741 0.297396 0.442593 0.296875 0.443519 0.296875 0.446296 0.296354 0.447222 0.296354 0.450000 0.296875 0.450926 0.296875 0.453704 0.297396 0.454630 0.297396 0.456481 0.301042 0.462963 0.301563 0.462963 0.302083 0.463889 0.303125 0.463889 0.303646 0.464815 0.307292 0.464815 0.307812 0.463889 0.308854 0.463889 0.309375 0.462963 0.309896 0.462963 0.313542 0.456481 0.313542 0.455556 0.314063 0.454630 0.314063 0.451852 0.314583 0.450926 0.314583 0.446296 0.314063 0.445370 0.314063 0.443519 0.313542 0.442593 0.313542 0.440741 0.311458 0.437037 0.311458 0.436111 0.310937 0.435185 0.309896 0.435185 0.308854 0.433333 0.307812 0.433333 0.307292 0.432407
0 0.771875 0.265741 0.770833 0.267593 0.770312 0.267593 0.768750 0.270370 0.768750 0.271296 0.767708 0.273148 0.767708 0.275000 0.767188 0.275926 0.767188 0.282407 0.767708 0.283333 0.767708 0.285185 0.768229 0.286111 0.768229 0.287037 0.768750 0.287963 0.768750 0.288889 0.770833 0.292593 0.770833 0.293519 0.771354 0.293519 0.771875 0.294444 0.772396 0.294444 0.773438 0.296296 0.774479 0.296296 0.775000 0.297222 0.780208 0.297222 0.780729 0.296296 0.781771 0.296296 0.782813 0.294444 0.783333 0.294444 0.784896 0.291667 0.784896 0.289815 0.785417 0.288889 0.785417 0.287963 0.785937 0.287037 0.785937 0.278704 0.785417 0.277778 0.785417 0.275926 0.784375 0.274074 0.784375 0.273148 0.782292 0.269444 0.782292 0.268519 0.781771 0.268519 0.780729 0.266667 0.779687 0.266667 0.779167 0.265741 0.778125 0.265741 0.777604 0.264815 0.773438 0.264815 0.772917 0.265741
0 0.527083 0.184259 0.526563 0.185185 0.526042 0.185185 0.525521 0.186111 0.525000 0.186111 0.523438 0.188889 0.522917 0.188889 0.521875 0.190741 0.521875 0.191667 0.520833 0.193519 0.520833 0.195370 0.520312 0.196296 0.520312 0.198148 0.519792 0.199074 0.519792 0.206481 0.520312 0.207407 0.520312 0.209259 0.520833 0.210185 0.520833 0.211111 0.521875 0.212963 0.521875 0.213889 0.523958 0.217593 0.524479 0.217593 0.525521 0.219444 0.526563 0.219444 0.527083 0.220370 0.532292 0.220370 0.532813 0.219444 0.533854 0.219444 0.534896 0.217593 0.535417 0.217593 0.536458 0.215741 0.536979 0.215741 0.538021 0.213889 0.538021 0.212963 0.539062 0.211111 0.539062 0.210185 0.539583 0.209259 0.539583 0.207407 0.540104 0.206481 0.540104 0.197222 0.539583 0.196296 0.539583 0.194444 0.538542 0.192593 0.538542 0.191667 0.535417 0.186111 0.534375 0.186111 0.533333 0.184259
0 0.195833 0.073148 0.195312 0.074074 0.194271 0.074074 0.193750 0.075000 0.193229 0.075000 0.192708 0.075926 0.192188 0.075926 0.190625 0.078704 0.190625 0.079630 0.190104 0.080556 0.190104 0.081481 0.189583 0.082407 0.189583 0.083333 0.189062 0.084259 0.189062 0.087037 0.188542 0.087963 0.188542 0.093519 0.189062 0.094444 0.189062 0.097222 0.189583 0.098148 0.189583 0.099074 0.190104 0.100000 0.190104 0.101852 0.193750 0.108333 0.194792 0.108333 0.195312 0.109259 0.195833 0.109259 0.196354 0.110185 0.200000 0.110185 0.200521 0.109259 0.201563 0.109259 0.202604 0.107407 0.203125 0.107407 0.205208 0.103704 0.205208 0.102778 0.205729 0.101852 0.205729 0.100926 0.206250 0.100000 0.206250 0.097222 0.206771 0.096296 0.206771 0.089815 0.206250 0.088889 0.206250 0.086111 0.205729 0.085185 0.205729 0.083333 0.204687 0.081481 0.204687 0.080556 0.203646 0.078704 0.203125 0.078704 0.202604 0.077778 0.202604 0.076852 0.202083 0.075926 0.201042 0.075926 0.200000 0.074074 0.198958 0.074074 0.198437 0.073148
0 0.348438 0.794444 0.347917 0.795370 0.346875 0.795370 0.346354 0.796296 0.345833 0.796296 0.342708 0.801852 0.342708 0.802778 0.342187 0.803704 0.342187 0.804630 0.341667 0.805556 0.341667 0.815741 0.342187 0.816667 0.342187 0.818519 0.342708 0.819444 0.342708 0.820370 0.345313 0.825000 0.345833 0.825000 0.346875 0.826852 0.347917 0.826852 0.348438 0.827778 0.351562 0.827778 0.352083 0.826852 0.352604 0.826852 0.353125 0.825926 0.354167 0.825926 0.356771 0.821296 0.356771 0.820370 0.357292 0.819444 0.357292 0.818519 0.357812 0.817593 0.357812 0.815741 0.358333 0.814815 0.358333 0.807407 0.357812 0.806481 0.357812 0.804630 0.357292 0.803704 0.357292 0.802778 0.355729 0.800000 0.355729 0.799074 0.354167 0.796296 0.353646 0.796296 0.353125 0.795370 0.352083 0.795370 0.351562 0.794444
0 0.422917 0.605556 0.422917 0.609259 0.423438 0.610185 0.423438 0.612037 0.423958 0.612963 0.423958 0.613889 0.426042 0.617593 0.426563 0.617593 0.427604 0.619444 0.428125 0.619444 0.428646 0.620370 0.429688 0.620370 0.430208 0.621296 0.431250 0.621296 0.431771 0.622222 0.436979 0.622222 0.437500 0.621296 0.439063 0.621296 0.439583 0.620370 0.440625 0.620370 0.442708 0.616667 0.443229 0.616667 0.443750 0.615741 0.443750 0.614815 0.444271 0.613889 0.444271 0.612963 0.444792 0.612037 0.444792 0.606481 0.444271 0.605556 0.444271 0.603704 0.442188 0.600000 0.442188 0.599074 0.441667 0.599074 0.440625 0.597222 0.439583 0.597222 0.438542 0.595370 0.436979 0.595370 0.436458 0.594444 0.430729 0.594444 0.430208 0.595370 0.428646 0.595370 0.428125 0.596296 0.427083 0.596296 0.423438 0.602778 0.423438 0.604630
0 0.305208 0.930556 0.305208 0.937037 0.306250 0.938889 0.306250 0.939815 0.307812 0.942593 0.308333 0.942593 0.308854 0.943519 0.309375 0.943519 0.309896 0.944444 0.311458 0.944444 0.311979 0.945370 0.315104 0.945370 0.315625 0.944444 0.317188 0.944444 0.317708 0.943519 0.318750 0.943519 0.320312 0.940741 0.320833 0.940741 0.321875 0.938889 0.321875 0.937963 0.322396 0.937037 0.322396 0.929630 0.321875 0.928704 0.321875 0.927778 0.320312 0.925000 0.319792 0.925000 0.318750 0.923148 0.317708 0.923148 0.317188 0.922222 0.310937 0.922222 0.310417 0.923148 0.309896 0.923148 0.309375 0.924074 0.308333 0.924074 0.306250 0.927778 0.306250 0.928704
0 0.502083 0.785185 0.499479 0.789815 0.499479 0.791667 0.498958 0.792593 0.498958 0.794444 0.498437 0.795370 0.498437 0.800926 0.498958 0.801852 0.498958 0.804630 0.500000 0.806481 0.500000 0.807407 0.500521 0.808333 0.500521 0.809259 0.501042 0.809259 0.503125 0.812963 0.503646 0.812963 0.504687 0.814815 0.505729 0.814815 0.506250 0.815741 0.511458 0.815741 0.511979 0.814815 0.513021 0.814815 0.515104 0.811111 0.515625 0.811111 0.515625 0.810185 0.516146 0.809259 0.516146 0.808333 0.516667 0.807407 0.516667 0.806481 0.517188 0.805556 0.517188 0.797222 0.516667 0.796296 0.516667 0.794444 0.515625 0.792593 0.515625 0.790741 0.515104 0.789815 0.514583 0.789815 0.512500 0.786111 0.511979 0.786111 0.510938 0.784259 0.509896 0.784259 0.509375 0.783333 0.504167 0.783333 0.503125 0.785185
0 0.277604 0.125000 0.276042 0.125000 0.275521 0.124074 0.273958 0.124074 0.273438 0.125000 0.271875 0.125000 0.271354 0.125926 0.270313 0.125926 0.266667 0.132407 0.266667 0.133333 0.266146 0.134259 0.266146 0.136111 0.265625 0.137037 0.265625 0.144444 0.266146 0.145370 0.266146 0.146296 0.269271 0.151852 0.269792 0.151852 0.270313 0.152778 0.275521 0.152778 0.276042 0.151852 0.276562 0.151852 0.277083 0.150926 0.277604 0.150926 0.280729 0.145370 0.280729 0.144444 0.281250 0.143519 0.281250 0.142593 0.281771 0.141667 0.281771 0.133333 0.281250 0.132407 0.281250 0.130556 0.279167 0.126852 0.278646 0.126852
0 0.807813 0.834259 0.807292 0.835185 0.806250 0.835185 0.805729 0.836111 0.805208 0.836111 0.802604 0.840741 0.802604 0.841667 0.802083 0.842593 0.802083 0.843519 0.801562 0.844444 0.801562 0.847222 0.801042 0.848148 0.801042 0.851852 0.801562 0.852778 0.801562 0.855556 0.802083 0.856481 0.802083 0.857407 0.802604 0.858333 0.802604 0.859259 0.803125 0.860185 0.803125 0.861111 0.805208 0.864815 0.805729 0.864815 0.806771 0.866667 0.807813 0.866667 0.808333 0.867593 0.811458 0.867593 0.811979 0.866667 0.813021 0.866667 0.813542 0.865741 0.814583 0.865741 0.816667 0.862037 0.816667 0.861111 0.817708 0.859259 0.817708 0.857407 0.818229 0.856481 0.818229 0.848148 0.817708 0.847222 0.817708 0.845370 0.817187 0.844444 0.817187 0.842593 0.816146 0.840741 0.816146 0.839815 0.814583 0.837037 0.814063 0.837037 0.813542 0.836111 0.813021 0.836111 0.812500 0.835185 0.811458 0.835185 0.810937 0.834259
0 0.681771 0.865741 0.679688 0.869444 0.679688 0.870370 0.678646 0.872222 0.678646 0.875000 0.678125 0.875926 0.678125 0.879630 0.678646 0.880556 0.678646 0.883333 0.679167 0.884259 0.679167 0.885185 0.679688 0.886111 0.679688 0.887037 0.681250 0.889815 0.681250 0.890741 0.682292 0.892593 0.682813 0.892593 0.683854 0.894444 0.684375 0.894444 0.684896 0.895370 0.685417 0.895370 0.685937 0.896296 0.686979 0.896296 0.687500 0.897222 0.692708 0.897222 0.693229 0.896296 0.694271 0.896296 0.695312 0.894444 0.695833 0.894444 0.696875 0.892593 0.696875 0.891667 0.697917 0.889815 0.697917 0.887963 0.698438 0.887037 0.698438 0.878704 0.697917 0.877778 0.697917 0.876852 0.697396 0.875926 0.697396 0.874074 0.696354 0.872222 0.696354 0.871296 0.695833 0.871296 0.693229 0.866667 0.692708 0.866667 0.692187 0.865741 0.691667 0.865741 0.691146 0.864815 0.690104 0.864815 0.689583 0.863889 0.683854 0.863889 0.682813 0.865741
0 0.447396 0.466667 0.446875 0.467593 0.445833 0.467593 0.445312 0.468519 0.444792 0.468519 0.441667 0.474074 0.441667 0.475000 0.441146 0.475926 0.441146 0.477778 0.440625 0.478704 0.440625 0.487037 0.441146 0.487963 0.441146 0.490741 0.441667 0.491667 0.441667 0.492593 0.442708 0.494444 0.442708 0.495370 0.444792 0.499074 0.445312 0.499074 0.446354 0.500926 0.446875 0.500926 0.447396 0.501852 0.448958 0.501852 0.449479 0.502778 0.451042 0.502778 0.451562 0.501852 0.453125 0.501852 0.453646 0.500926 0.454167 0.500926 0.455208 0.499074 0.455729 0.499074 0.457292 0.496296 0.457292 0.495370 0.457813 0.494444 0.457813 0.492593 0.458333 0.491667 0.458333 0.488889 0.458854 0.487963 0.458854 0.483333 0.458333 0.482407 0.458333 0.479630 0.457813 0.478704 0.457813 0.477778 0.457292 0.476852 0.457292 0.475926 0.456771 0.475000 0.456771 0.474074 0.456250 0.473148 0.455729 0.473148 0.455208 0.472222 0.455208 0.471296 0.454167 0.469444 0.453646 0.469444 0.453125 0.468519 0.452604 0.468519 0.452083 0.467593 0.451042 0.467593 0.450521 0.466667
0 0.795833 0.960185 0.793750 0.963889 0.793750 0.965741 0.793229 0.966667 0.793229 0.967593 0.792708 0.968519 0.792708 0.973148 0.793229 0.974074 0.793229 0.975926 0.793750 0.976852 0.793750 0.977778 0.795312 0.980556 0.795833 0.980556 0.797396 0.983333 0.797917 0.983333 0.798438 0.984259 0.799479 0.984259 0.800000 0.985185 0.802083 0.985185 0.802604 0.986111 0.804688 0.986111 0.805208 0.985185 0.807813 0.985185 0.808333 0.984259 0.808854 0.984259 0.809375 0.983333 0.809896 0.983333 0.810937 0.981481 0.811458 0.981481 0.813021 0.978704 0.813021 0.977778 0.813542 0.976852 0.813542 0.975926 0.814063 0.975000 0.814063 0.968519 0.813542 0.967593 0.813542 0.966667 0.813021 0.965741 0.813021 0.964815 0.810417 0.960185 0.809896 0.960185 0.809375 0.959259 0.808854 0.959259 0.808333 0.958333 0.807813 0.958333 0.807292 0.957407 0.805208 0.957407 0.804688 0.956481 0.801562 0.956481 0.801042 0.957407 0.799479 0.957407 0.798958 0.958333 0.798438 0.958333 0.797917 0.959259 0.796875 0.959259 0.796354 0.960185
0 0.401042 0.722222 0.400521 0.723148 0.399479 0.723148 0.396875 0.727778 0.396875 0.728704 0.395833 0.730556 0.395833 0.731481 0.395313 0.732407 0.395313 0.743519 0.395833 0.744444 0.395833 0.745370 0.396354 0.746296 0.396354 0.747222 0.398958 0.751852 0.399479 0.751852 0.400000 0.752778 0.403646 0.752778 0.404167 0.751852 0.404687 0.751852 0.405208 0.750926 0.405729 0.750926 0.406771 0.749074 0.406771 0.748148 0.407813 0.746296 0.407813 0.744444 0.408333 0.743519 0.408333 0.741667 0.408854 0.740741 0.408854 0.734259 0.408333 0.733333 0.408333 0.730556 0.407292 0.728704 0.407292 0.727778 0.404687 0.723148 0.403646 0.723148 0.403125 0.722222
0 0.155729 0.387037 0.153646 0.387037 0.153125 0.387963 0.151042 0.387963 0.150521 0.388889 0.150000 0.388889 0.149479 0.389815 0.148438 0.389815 0.145313 0.395370 0.144792 0.395370 0.144792 0.396296 0.144271 0.397222 0.144271 0.398148 0.143750 0.399074 0.143750 0.400000 0.143229 0.400926 0.143229 0.411111 0.143750 0.412037 0.143750 0.412963 0.144271 0.413889 0.144271 0.414815 0.147396 0.420370 0.148438 0.420370 0.148958 0.421296 0.149479 0.421296 0.150000 0.422222 0.152604 0.422222 0.153125 0.423148 0.153646 0.423148 0.154167 0.422222 0.156771 0.422222 0.157292 0.421296 0.158333 0.421296 0.159375 0.419444 0.160417 0.419444 0.163021 0.414815 0.163021 0.413889 0.164062 0.412037 0.164062 0.410185 0.164583 0.409259 0.164583 0.407407 0.165104 0.406481 0.165104 0.401852 0.164583 0.400926 0.164583 0.398148 0.164062 0.397222 0.164062 0.396296 0.163021 0.394444 0.163021 0.393519 0.161979 0.391667 0.161458 0.391667 0.160417 0.389815 0.159896 0.389815 0.159375 0.388889 0.158333 0.388889 0.157812 0.387963 0.156250 0.387963
0 0.225000 0.529630 0.222396 0.534259 0.222396 0.535185 0.221875 0.536111 0.221875 0.537037 0.221354 0.537963 0.221354 0.540741 0.220833 0.541667 0.220833 0.545370 0.221354 0.546296 0.221354 0.549074 0.221875 0.550000 0.221875 0.550926 0.222396 0.551852 0.222396 0.552778 0.224479 0.556481 0.225000 0.556481 0.226042 0.558333 0.226562 0.558333 0.227083 0.559259 0.228125 0.559259 0.228646 0.560185 0.230208 0.560185 0.230729 0.561111 0.234896 0.561111 0.235417 0.560185 0.236979 0.560185 0.237500 0.559259 0.238021 0.559259 0.238542 0.558333 0.239063 0.558333 0.239583 0.557407 0.240104 0.557407 0.240104 0.556481 0.240625 0.555556 0.241146 0.555556 0.243229 0.551852 0.243229 0.550926 0.243750 0.550000 0.243750 0.548148 0.244271 0.547222 0.244271 0.539815 0.243750 0.538889 0.243750 0.537037 0.243229 0.536111 0.243229 0.535185 0.242188 0.533333 0.242188 0.532407 0.241667 0.531481 0.241146 0.531481 0.240104 0.529630 0.239583 0.529630 0.238542 0.527778 0.238021 0.527778 0.237500 0.526852 0.235937 0.526852 0.235417 0.525926 0.230208 0.525926 0.229687 0.526852 0.228125 0.526852 0.227604 0.527778 0.227083 0.527778 0.226562 0.528704 0.226042 0.528704 0.225521 0.529630
0 0.627604 0.740741 0.627604 0.741667 0.626563 0.743519 0.626563 0.744444 0.626042 0.745370 0.626042 0.747222 0.625521 0.748148 0.625521 0.749074 0.626042 0.750000 0.626042 0.752778 0.626563 0.753704 0.626563 0.754630 0.629167 0.759259 0.629687 0.759259 0.630208 0.760185 0.630729 0.760185 0.631250 0.761111 0.632812 0.761111 0.633333 0.762037 0.634896 0.762037 0.635417 0.761111 0.636979 0.761111 0.637500 0.760185 0.638021 0.760185 0.638542 0.759259 0.639062 0.759259 0.639583 0.758333 0.640104 0.758333 0.640104 0.757407 0.641146 0.755556 0.641146 0.754630 0.641667 0.753704 0.641667 0.745370 0.641146 0.744444 0.641146 0.743519 0.639583 0.740741 0.639062 0.740741 0.637500 0.737963 0.636458 0.737963 0.635938 0.737037 0.631250 0.737037 0.630729 0.737963 0.630208 0.737963 0.629687 0.738889 0.628646 0.738889
0 0.074479 0.866667 0.073958 0.867593 0.073438 0.867593 0.072917 0.868519 0.072396 0.868519 0.070833 0.871296 0.070312 0.871296 0.068750 0.874074 0.068750 0.875000 0.068229 0.875926 0.068229 0.876852 0.067708 0.877778 0.067708 0.879630 0.067187 0.880556 0.067187 0.881481 0.066667 0.882407 0.066667 0.891667 0.067187 0.892593 0.067187 0.894444 0.067708 0.895370 0.067708 0.896296 0.068229 0.897222 0.068229 0.898148 0.069792 0.900926 0.069792 0.901852 0.070312 0.901852 0.070833 0.902778 0.071354 0.902778 0.071875 0.903704 0.072396 0.903704 0.072917 0.904630 0.077604 0.904630 0.078125 0.903704 0.078646 0.903704 0.079167 0.902778 0.079687 0.902778 0.080208 0.901852 0.080729 0.901852 0.080729 0.900926 0.081771 0.899074 0.082292 0.899074 0.082812 0.898148 0.082812 0.897222 0.083854 0.895370 0.083854 0.894444 0.084375 0.893519 0.084375 0.892593 0.084896 0.891667 0.084896 0.888889 0.085417 0.887963 0.085417 0.879630 0.084896 0.878704 0.084896 0.876852 0.084375 0.875926 0.084375 0.874074 0.083333 0.872222 0.083333 0.871296 0.082292 0.869444 0.081771 0.869444 0.080729 0.867593 0.079687 0.867593 0.079167 0.866667
0 0.217708 0.499074 0.217708 0.500926 0.217188 0.501852 0.217188 0.504630 0.217708 0.505556 0.217708 0.507407 0.218750 0.509259 0.218750 0.510185 0.219271 0.511111 0.219792 0.511111 0.220833 0.512963 0.221875 0.512963 0.222396 0.513889 0.223438 0.513889 0.223958 0.514815 0.229167 0.514815 0.229687 0.513889 0.230729 0.513889 0.231250 0.512963 0.232292 0.512963 0.234375 0.509259 0.234375 0.508333 0.234896 0.507407 0.234896 0.506481 0.235417 0.505556 0.235417 0.500926 0.234896 0.500000 0.234896 0.499074 0.232292 0.494444 0.231771 0.494444 0.231250 0.493519 0.230208 0.493519 0.229687 0.492593 0.223438 0.492593 0.222917 0.493519 0.221875 0.493519 0.221354 0.494444 0.220833 0.494444 0.219271 0.497222 0.218750 0.497222
0 0.829688 0.634259 0.829167 0.635185 0.828646 0.635185 0.828125 0.636111 0.827604 0.636111 0.825000 0.640741 0.825000 0.641667 0.824479 0.642593 0.824479 0.644444 0.823958 0.645370 0.823958 0.649074 0.824479 0.650000 0.824479 0.651852 0.825000 0.652778 0.825000 0.653704 0.827604 0.658333 0.828125 0.658333 0.828646 0.659259 0.829167 0.659259 0.829688 0.660185 0.833854 0.660185 0.834375 0.659259 0.835417 0.659259 0.835938 0.658333 0.836458 0.658333 0.839063 0.653704 0.839063 0.652778 0.839583 0.651852 0.839583 0.650000 0.840104 0.649074 0.840104 0.644444 0.839583 0.643519 0.839583 0.642593 0.839063 0.641667 0.839063 0.640741 0.836458 0.636111 0.835938 0.636111 0.835417 0.635185 0.834896 0.635185 0.834375 0.634259
0 0.186979 0.735185 0.186979 0.741667 0.187500 0.742593 0.187500 0.743519 0.188021 0.744444 0.188021 0.745370 0.190625 0.750000 0.191667 0.750000 0.192188 0.750926 0.193229 0.750926 0.193750 0.751852 0.195312 0.751852 0.195833 0.752778 0.197917 0.752778 0.198437 0.751852 0.200521 0.751852 0.201042 0.750926 0.201563 0.750926 0.202083 0.750000 0.203125 0.750000 0.204167 0.748148 0.204687 0.748148 0.205729 0.746296 0.205729 0.745370 0.206250 0.744444 0.206250 0.743519 0.206771 0.742593 0.206771 0.741667 0.207292 0.740741 0.207292 0.735185 0.206771 0.734259 0.206771 0.733333 0.206250 0.732407 0.206250 0.731481 0.204167 0.727778 0.203646 0.727778 0.203125 0.726852 0.202604 0.726852 0.202083 0.725926 0.201563 0.725926 0.201042 0.725000 0.193750 0.725000 0.193229 0.725926 0.192188 0.725926 0.191146 0.727778 0.190104 0.727778 0.188021 0.731481 0.188021 0.733333
0 0.708854 0.518519 0.708333 0.519444 0.707812 0.519444 0.707292 0.520370 0.706250 0.520370 0.703646 0.525000 0.703646 0.525926 0.702083 0.528704 0.702083 0.530556 0.701562 0.531481 0.701562 0.534259 0.701042 0.535185 0.701042 0.539815 0.701562 0.540741 0.701562 0.543519 0.702083 0.544444 0.702083 0.545370 0.702604 0.546296 0.702604 0.547222 0.704688 0.550926 0.705208 0.550926 0.705729 0.551852 0.706250 0.551852 0.706771 0.552778 0.711458 0.552778 0.711979 0.551852 0.713021 0.551852 0.714583 0.549074 0.715104 0.549074 0.716667 0.546296 0.716667 0.545370 0.717708 0.543519 0.717708 0.542593 0.718229 0.541667 0.718229 0.539815 0.718750 0.538889 0.718750 0.529630 0.718229 0.528704 0.718229 0.526852 0.717708 0.525926 0.717708 0.525000 0.716667 0.523148 0.716667 0.522222 0.716146 0.521296 0.715625 0.521296 0.715104 0.520370 0.714583 0.520370 0.714063 0.519444 0.713021 0.519444 0.712500 0.518519
0 0.104688 0.595370 0.102083 0.600000 0.102083 0.601852 0.101562 0.602778 0.101562 0.611111 0.102083 0.612037 0.102083 0.613889 0.102604 0.614815 0.102604 0.615741 0.104167 0.618519 0.104688 0.618519 0.106771 0.622222 0.107813 0.622222 0.108333 0.623148 0.110417 0.623148 0.110937 0.624074 0.111458 0.623148 0.114062 0.623148 0.114583 0.622222 0.115625 0.622222 0.118750 0.616667 0.118750 0.614815 0.119271 0.613889 0.119271 0.604630 0.118229 0.602778 0.118229 0.600926 0.116667 0.598148 0.116146 0.598148 0.114583 0.595370 0.114062 0.595370 0.113542 0.594444 0.112500 0.594444 0.111979 0.593519 0.107292 0.593519 0.106771 0.594444 0.105729 0.594444 0.105208 0.595370
0 0.527604 0.449074 0.527604 0.450926 0.528125 0.451852 0.528125 0.452778 0.528646 0.453704 0.528646 0.454630 0.530208 0.457407 0.531250 0.457407 0.531771 0.458333 0.532292 0.458333 0.532813 0.459259 0.539062 0.459259 0.539583 0.458333 0.540104 0.458333 0.540625 0.457407 0.541146 0.457407 0.542188 0.455556 0.542708 0.455556 0.542708 0.454630 0.543750 0.452778 0.543750 0.448148 0.543229 0.447222 0.543229 0.446296 0.542708 0.446296 0.542188 0.445370 0.542188 0.444444 0.541667 0.443519 0.541146 0.443519 0.540625 0.442593 0.539583 0.442593 0.539062 0.441667 0.538021 0.441667 0.537500 0.440741 0.533854 0.440741 0.533333 0.441667 0.531771 0.441667 0.531250 0.442593 0.530729 0.442593 0.530208 0.443519 0.529687 0.443519 0.528125 0.446296 0.528125 0.448148
0 0.026562 0.220370 0.026042 0.221296 0.025000 0.221296 0.023438 0.224074 0.022917 0.224074 0.022396 0.225000 0.022396 0.226852 0.021354 0.228704 0.021354 0.231481 0.020833 0.232407 0.020833 0.237963 0.021354 0.238889 0.021354 0.240741 0.021875 0.241667 0.021875 0.243519 0.025521 0.250000 0.026042 0.250000 0.026562 0.250926 0.027083 0.250926 0.027604 0.251852 0.029687 0.251852 0.030208 0.250926 0.031771 0.250926 0.033333 0.248148 0.033854 0.248148 0.033854 0.247222 0.034375 0.246296 0.034375 0.245370 0.035417 0.243519 0.035417 0.238889 0.035937 0.237963 0.035937 0.237037 0.035417 0.236111 0.035417 0.231481 0.034896 0.230556 0.034896 0.229630 0.034375 0.228704 0.034375 0.227778 0.031250 0.222222 0.030729 0.222222 0.030208 0.221296 0.029167 0.221296 0.028646 0.220370
0 0.702083 0.647222 0.702083 0.649074 0.701562 0.650000 0.701562 0.652778 0.701042 0.653704 0.701562 0.654630 0.701562 0.658333 0.702083 0.659259 0.702083 0.660185 0.702604 0.661111 0.702604 0.662037 0.705729 0.667593 0.706771 0.667593 0.707812 0.669444 0.709375 0.669444 0.709896 0.670370 0.716146 0.670370 0.716667 0.669444 0.717187 0.669444 0.717708 0.668519 0.718750 0.668519 0.719792 0.666667 0.720313 0.666667 0.720313 0.665741 0.721875 0.662963 0.721875 0.661111 0.722396 0.660185 0.722396 0.652778 0.721875 0.651852 0.721875 0.650926 0.721354 0.650000 0.721354 0.649074 0.720833 0.648148 0.720833 0.647222 0.720313 0.647222 0.718229 0.643519 0.717708 0.643519 0.717187 0.642593 0.716667 0.642593 0.715625 0.640741 0.714063 0.640741 0.713542 0.639815 0.708854 0.639815 0.708333 0.640741 0.707292 0.640741 0.706771 0.641667 0.705729 0.641667 0.705208 0.642593 0.704688 0.642593
0 0.400521 0.946296 0.400000 0.947222 0.398958 0.947222 0.397917 0.949074 0.397396 0.949074 0.395313 0.952778 0.395313 0.953704 0.394271 0.955556 0.394271 0.956481 0.393750 0.957407 0.393750 0.960185 0.393229 0.961111 0.393229 0.968519 0.393750 0.969444 0.393750 0.971296 0.394271 0.972222 0.394271 0.973148 0.395313 0.975000 0.395313 0.975926 0.396354 0.977778 0.396875 0.977778 0.398438 0.980556 0.398958 0.980556 0.399479 0.981481 0.400521 0.981481 0.401042 0.982407 0.405729 0.982407 0.406250 0.981481 0.406771 0.981481 0.407292 0.980556 0.408333 0.980556 0.409896 0.977778 0.410417 0.977778 0.410417 0.976852 0.411979 0.974074 0.411979 0.973148 0.412500 0.972222 0.412500 0.970370 0.413021 0.969444 0.413021 0.965741 0.413542 0.964815 0.413021 0.963889 0.413021 0.959259 0.412500 0.958333 0.412500 0.956481 0.411979 0.955556 0.411979 0.954630 0.410417 0.951852 0.410417 0.950926 0.409375 0.949074 0.408854 0.949074 0.408333 0.948148 0.407813 0.948148 0.407292 0.947222 0.406771 0.947222 0.406250 0.946296
0 0.758854 0.512963 0.758333 0.513889 0.757292 0.513889 0.756771 0.514815 0.755729 0.514815 0.754687 0.516667 0.754167 0.516667 0.753125 0.518519 0.753125 0.519444 0.752083 0.521296 0.752083 0.522222 0.751563 0.523148 0.751563 0.524074 0.751042 0.525000 0.751042 0.534259 0.751563 0.535185 0.751563 0.536111 0.752083 0.537037 0.752083 0.537963 0.753125 0.539815 0.753125 0.540741 0.754687 0.543519 0.755729 0.543519 0.756771 0.545370 0.758333 0.545370 0.758854 0.546296 0.761979 0.546296 0.762500 0.545370 0.764062 0.545370 0.764583 0.544444 0.765104 0.544444 0.765625 0.543519 0.766146 0.543519 0.769271 0.537963 0.769271 0.537037 0.769792 0.536111 0.769792 0.534259 0.770312 0.533333 0.770312 0.525000 0.769792 0.524074 0.769792 0.523148 0.769271 0.522222 0.769271 0.521296 0.768229 0.519444 0.768229 0.518519 0.766667 0.515741 0.766146 0.515741 0.765625 0.514815 0.764583 0.514815 0.764062 0.513889 0.763021 0.513889 0.762500 0.512963
0 0.182292 0.156481 0.181771 0.157407 0.181250 0.157407 0.180729 0.158333 0.180208 0.158333 0.179688 0.159259 0.179167 0.159259 0.177083 0.162963 0.177083 0.163889 0.176042 0.165741 0.176042 0.166667 0.175521 0.167593 0.175521 0.169444 0.175000 0.170370 0.175000 0.181481 0.175521 0.182407 0.175521 0.185185 0.176563 0.187037 0.176563 0.187963 0.177604 0.189815 0.177604 0.190741 0.178646 0.192593 0.179167 0.192593 0.180208 0.194444 0.180729 0.194444 0.181250 0.195370 0.182292 0.195370 0.182812 0.196296 0.186979 0.196296 0.187500 0.195370 0.188542 0.195370 0.189583 0.193519 0.190104 0.193519 0.192188 0.189815 0.192188 0.188889 0.193229 0.187037 0.193229 0.185185 0.193750 0.184259 0.193750 0.182407 0.194271 0.181481 0.194271 0.172222 0.193750 0.171296 0.193750 0.169444 0.193229 0.168519 0.193229 0.167593 0.192708 0.166667 0.192708 0.164815 0.192188 0.163889 0.191667 0.163889 0.191146 0.162963 0.191146 0.162037 0.190104 0.160185 0.189583 0.160185 0.188021 0.157407 0.186458 0.157407 0.185938 0.156481
0 0.314583 0.037037 0.313021 0.039815 0.313021 0.040741 0.311979 0.042593 0.311979 0.044444 0.311458 0.045370 0.311458 0.052778 0.311979 0.053704 0.311979 0.055556 0.312500 0.056481 0.312500 0.057407 0.313021 0.058333 0.313021 0.059259 0.316146 0.064815 0.317188 0.064815 0.318229 0.066667 0.320312 0.066667 0.320833 0.067593 0.321875 0.067593 0.322396 0.066667 0.324479 0.066667 0.325521 0.064815 0.326042 0.064815 0.328646 0.060185 0.328646 0.058333 0.329167 0.057407 0.329167 0.048148 0.328646 0.047222 0.328646 0.045370 0.328125 0.044444 0.328125 0.043519 0.326042 0.039815 0.325521 0.039815 0.323958 0.037037 0.323437 0.037037 0.322917 0.036111 0.321875 0.036111 0.321354 0.035185 0.317188 0.035185 0.316667 0.036111 0.316146 0.036111 0.315625 0.037037
0 0.952604 0.853704 0.949479 0.859259 0.949479 0.860185 0.948958 0.861111 0.948958 0.863889 0.948438 0.864815 0.948438 0.865741 0.948958 0.866667 0.948958 0.869444 0.950000 0.871296 0.950000 0.872222 0.951562 0.875000 0.952604 0.875000 0.953646 0.876852 0.955208 0.876852 0.955729 0.877778 0.959896 0.877778 0.960417 0.876852 0.961458 0.876852 0.961979 0.875926 0.962500 0.875926 0.963021 0.875000 0.963542 0.875000 0.966146 0.870370 0.966146 0.869444 0.966667 0.868519 0.966667 0.866667 0.967187 0.865741 0.967187 0.862963 0.966667 0.862037 0.966667 0.860185 0.966146 0.859259 0.966146 0.858333 0.963542 0.853704 0.962500 0.853704 0.961979 0.852778 0.960938 0.852778 0.960417 0.851852 0.955729 0.851852 0.955208 0.852778 0.954167 0.852778 0.953646 0.853704
0 0.182812 0.966667 0.182292 0.967593 0.181771 0.967593 0.180729 0.969444 0.180208 0.969444 0.178646 0.972222 0.178646 0.973148 0.177604 0.975000 0.177604 0.975926 0.177083 0.976852 0.177083 0.980556 0.176563 0.981481 0.177083 0.982407 0.177083 0.987037 0.178125 0.988889 0.178125 0.989815 0.181250 0.995370 0.181771 0.995370 0.182292 0.996296 0.183333 0.996296 0.183854 0.997222 0.189062 0.997222 0.189583 0.996296 0.190625 0.996296 0.191146 0.995370 0.191667 0.995370 0.193750 0.991667 0.194271 0.991667 0.194792 0.990741 0.194792 0.989815 0.195312 0.988889 0.195312 0.987963 0.195833 0.987037 0.195833 0.986111 0.196354 0.985185 0.196354 0.978704 0.195833 0.977778 0.195833 0.975926 0.195312 0.975000 0.195312 0.973148 0.193750 0.970370 0.193229 0.970370 0.191667 0.967593 0.191146 0.967593 0.190625 0.966667 0.189062 0.966667 0.188542 0.965741 0.184896 0.965741 0.184375 0.966667
0 0.322396 0.453704 0.322396 0.454630 0.321875 0.455556 0.321875 0.462037 0.322396 0.462963 0.322396 0.463889 0.323437 0.465741 0.323437 0.466667 0.324479 0.468519 0.325521 0.468519 0.326562 0.470370 0.328125 0.470370 0.328646 0.471296 0.332813 0.471296 0.333333 0.470370 0.333854 0.470370 0.334375 0.469444 0.335417 0.469444 0.337500 0.465741 0.337500 0.464815 0.338021 0.463889 0.338021 0.458333 0.337500 0.457407 0.337500 0.456481 0.336979 0.455556 0.336979 0.454630 0.335417 0.451852 0.334896 0.451852 0.333854 0.450000 0.332813 0.450000 0.332292 0.449074 0.331250 0.449074 0.330729 0.448148 0.327604 0.448148 0.327083 0.449074 0.325521 0.449074 0.324479 0.450926 0.323958 0.450926
0 0.223438 0.654630 0.219792 0.654630 0.219271 0.655556 0.217708 0.655556 0.217188 0.656481 0.216146 0.656481 0.215104 0.658333 0.214583 0.658333 0.210938 0.664815 0.210938 0.665741 0.210417 0.666667 0.210417 0.667593 0.209896 0.668519 0.209896 0.671296 0.209375 0.672222 0.209375 0.678704 0.209896 0.679630 0.209896 0.681481 0.210417 0.682407 0.210417 0.683333 0.211458 0.685185 0.211458 0.686111 0.213021 0.688889 0.213542 0.688889 0.214062 0.689815 0.214583 0.689815 0.215104 0.690741 0.216146 0.690741 0.216667 0.691667 0.218750 0.691667 0.219271 0.692593 0.219792 0.692593 0.220312 0.691667 0.222396 0.691667 0.222917 0.690741 0.224479 0.690741 0.225000 0.689815 0.225521 0.689815 0.226042 0.688889 0.226562 0.688889 0.230208 0.682407 0.230208 0.681481 0.230729 0.680556 0.230729 0.679630 0.231250 0.678704 0.231250 0.676852 0.231771 0.675926 0.231771 0.667593 0.231250 0.666667 0.231250 0.664815 0.230729 0.663889 0.230729 0.662963 0.227604 0.657407 0.227083 0.657407 0.226562 0.656481 0.226042 0.656481 0.225521 0.655556 0.223958 0.655556
0 0.519792 0.466667 0.518229 0.469444 0.517708 0.469444 0.516146 0.472222 0.516146 0.473148 0.515104 0.475000 0.515104 0.476852 0.514583 0.477778 0.514583 0.483333 0.515104 0.484259 0.515104 0.486111 0.518750 0.492593 0.519271 0.492593 0.519792 0.493519 0.520833 0.493519 0.521354 0.494444 0.527083 0.494444 0.527604 0.493519 0.528646 0.493519 0.529167 0.492593 0.529687 0.492593 0.530729 0.490741 0.531250 0.490741 0.532813 0.487963 0.532813 0.487037 0.533854 0.485185 0.533854 0.484259 0.534375 0.483333 0.534375 0.475926 0.533854 0.475000 0.533854 0.474074 0.533333 0.473148 0.533333 0.472222 0.532813 0.471296 0.532813 0.470370 0.532292 0.469444 0.531771 0.469444 0.530729 0.467593 0.530208 0.467593 0.529687 0.466667 0.529167 0.466667 0.528646 0.465741 0.527083 0.465741 0.526563 0.464815 0.523438 0.464815 0.522917 0.465741 0.521354 0.465741 0.520833 0.466667
0 0.586458 0.238889 0.583854 0.243519 0.583854 0.245370 0.583333 0.246296 0.583333 0.255556 0.583854 0.256481 0.583854 0.258333 0.584896 0.260185 0.584896 0.261111 0.585938 0.262963 0.585938 0.263889 0.586979 0.265741 0.587500 0.265741 0.589063 0.268519 0.589583 0.268519 0.590625 0.270370 0.592187 0.270370 0.592708 0.271296 0.597396 0.271296 0.597917 0.270370 0.598437 0.270370 0.601562 0.264815 0.601562 0.263889 0.602083 0.262963 0.602083 0.252778 0.601562 0.251852 0.601562 0.250926 0.601042 0.250000 0.601042 0.249074 0.600521 0.248148 0.600521 0.247222 0.599479 0.245370 0.599479 0.244444 0.598958 0.243519 0.598437 0.243519 0.596875 0.240741 0.596354 0.240741 0.595313 0.238889 0.594271 0.238889 0.593750 0.237963 0.592708 0.237963 0.592187 0.237037 0.589063 0.237037 0.588542 0.237963 0.587500 0.237963 0.586979 0.238889
0 0.179167 0.670370 0.179167 0.672222 0.178646 0.673148 0.178646 0.676852 0.179167 0.677778 0.179167 0.678704 0.179688 0.679630 0.179688 0.680556 0.180208 0.681481 0.180208 0.682407 0.181250 0.684259 0.181771 0.684259 0.182812 0.686111 0.183333 0.686111 0.183854 0.687037 0.184375 0.687037 0.184896 0.687963 0.186979 0.687963 0.187500 0.688889 0.192188 0.688889 0.192708 0.687963 0.193750 0.687963 0.194271 0.687037 0.195312 0.687037 0.196354 0.685185 0.196875 0.685185 0.198958 0.681481 0.198958 0.679630 0.199479 0.678704 0.199479 0.673148 0.198958 0.672222 0.198958 0.671296 0.198437 0.670370 0.198437 0.669444 0.196354 0.665741 0.195833 0.665741 0.195312 0.664815 0.194792 0.664815 0.194271 0.663889 0.193750 0.663889 0.193229 0.662963 0.192188 0.662963 0.191667 0.662037 0.185938 0.662037 0.185417 0.662963 0.184375 0.662963 0.183854 0.663889 0.182812 0.663889 0.181771 0.665741 0.181250 0.665741 0.180208 0.667593 0.180208 0.668519
0 0.751042 0.475000 0.750521 0.475926 0.750000 0.475926 0.749479 0.476852 0.748958 0.476852 0.748437 0.477778 0.747917 0.477778 0.746354 0.480556 0.746354 0.481481 0.744792 0.484259 0.744792 0.486111 0.744271 0.487037 0.744271 0.494444 0.744792 0.495370 0.744792 0.497222 0.745313 0.498148 0.745313 0.499074 0.748958 0.505556 0.749479 0.505556 0.750000 0.506481 0.750521 0.506481 0.751042 0.507407 0.752083 0.507407 0.752604 0.508333 0.758333 0.508333 0.758854 0.507407 0.759375 0.507407 0.759896 0.506481 0.760417 0.506481 0.760938 0.505556 0.761458 0.505556 0.762500 0.503704 0.763021 0.503704 0.763021 0.502778 0.764062 0.500926 0.764062 0.500000 0.764583 0.499074 0.764583 0.497222 0.765104 0.496296 0.765104 0.489815 0.764583 0.488889 0.764583 0.486111 0.763542 0.484259 0.763542 0.483333 0.760938 0.478704 0.760417 0.478704 0.759375 0.476852 0.758854 0.476852 0.758333 0.475926 0.757292 0.475926 0.756771 0.475000
0 0.254167 0.518519 0.251563 0.523148 0.251563 0.524074 0.251042 0.525000 0.251042 0.525926 0.250521 0.526852 0.250521 0.536111 0.251042 0.537037 0.251042 0.538889 0.251563 0.539815 0.251563 0.540741 0.253125 0.543519 0.253125 0.544444 0.254167 0.546296 0.254688 0.546296 0.255208 0.547222 0.255729 0.547222 0.256250 0.548148 0.256771 0.548148 0.257292 0.549074 0.258854 0.549074 0.259375 0.550000 0.262500 0.550000 0.263021 0.549074 0.264062 0.549074 0.264583 0.548148 0.265625 0.548148 0.266667 0.546296 0.267188 0.546296 0.267188 0.545370 0.268750 0.542593 0.268750 0.541667 0.269271 0.540741 0.269271 0.539815 0.269792 0.538889 0.269792 0.529630 0.269271 0.528704 0.269271 0.527778 0.268750 0.526852 0.268750 0.525926 0.268229 0.525000 0.268229 0.524074 0.267188 0.522222 0.266667 0.522222 0.265104 0.519444 0.264583 0.519444 0.263542 0.517593 0.262500 0.517593 0.261979 0.516667 0.256771 0.516667 0.256250 0.517593 0.255208 0.517593 0.254688 0.518519
0 0.021354 0.427778 0.019792 0.430556 0.019792 0.431481 0.018229 0.434259 0.018229 0.436111 0.017708 0.437037 0.017708 0.443519 0.018229 0.444444 0.018229 0.446296 0.019271 0.448148 0.019271 0.449074 0.021875 0.453704 0.022396 0.453704 0.022917 0.454630 0.023438 0.454630 0.023958 0.455556 0.025000 0.455556 0.025521 0.456481 0.031771 0.456481 0.032292 0.455556 0.033854 0.455556 0.034896 0.453704 0.035417 0.453704 0.036458 0.451852 0.036979 0.451852 0.038542 0.449074 0.038542 0.448148 0.039062 0.447222 0.039062 0.446296 0.039583 0.445370 0.039583 0.443519 0.040104 0.442593 0.040104 0.437037 0.039583 0.436111 0.039583 0.434259 0.039062 0.433333 0.039062 0.432407 0.037500 0.429630 0.036979 0.429630 0.036458 0.428704 0.036458 0.427778 0.035937 0.426852 0.034896 0.426852 0.034375 0.425926 0.033854 0.425926 0.033333 0.425000 0.032292 0.425000 0.031771 0.424074 0.026562 0.424074 0.026042 0.425000 0.024479 0.425000 0.023958 0.425926 0.022917 0.425926 0.021875 0.427778
0 0.768750 0.063889 0.768229 0.064815 0.766667 0.064815 0.765625 0.066667 0.764583 0.066667 0.763021 0.069444 0.763021 0.070370 0.761979 0.072222 0.761979 0.073148 0.761458 0.074074 0.761458 0.075926 0.760938 0.076852 0.760938 0.083333 0.761458 0.084259 0.761458 0.085185 0.761979 0.086111 0.761979 0.087963 0.763542 0.090741 0.763542 0.091667 0.764062 0.091667 0.765104 0.093519 0.765625 0.093519 0.766146 0.094444 0.766667 0.094444 0.767188 0.095370 0.768750 0.095370 0.769271 0.096296 0.771354 0.096296 0.771875 0.095370 0.773438 0.095370 0.773958 0.094444 0.774479 0.094444 0.775000 0.093519 0.775521 0.093519 0.776563 0.091667 0.777083 0.091667 0.777083 0.090741 0.778646 0.087963 0.778646 0.087037 0.779167 0.086111 0.779167 0.083333 0.779687 0.082407 0.779687 0.077778 0.779167 0.076852 0.779167 0.074074 0.778125 0.072222 0.778125 0.071296 0.775521 0.066667 0.775000 0.066667 0.774479 0.065741 0.773958 0.065741 0.773438 0.064815 0.772396 0.064815 0.771875 0.063889
0 0.195833 0.319444 0.195833 0.322222 0.196875 0.324074 0.196875 0.325000 0.197917 0.326852 0.198437 0.326852 0.199479 0.328704 0.200000 0.328704 0.200521 0.329630 0.202083 0.329630 0.202604 0.330556 0.206771 0.330556 0.207292 0.329630 0.208854 0.329630 0.209375 0.328704 0.209896 0.328704 0.210417 0.327778 0.210938 0.327778 0.213021 0.324074 0.213021 0.317593 0.210417 0.312963 0.209375 0.312963 0.208854 0.312037 0.208333 0.312037 0.207813 0.311111 0.201042 0.311111 0.200521 0.312037 0.200000 0.312037 0.199479 0.312963 0.198437 0.312963 0.196354 0.316667 0.196354 0.318519
0 0.568750 0.354630 0.568229 0.355556 0.567708 0.355556 0.567187 0.356481 0.566667 0.356481 0.564063 0.361111 0.564063 0.362037 0.563542 0.362963 0.563542 0.369444 0.564063 0.370370 0.564063 0.372222 0.567187 0.377778 0.567708 0.377778 0.568229 0.378704 0.569792 0.378704 0.570312 0.379630 0.572396 0.379630 0.572917 0.378704 0.573958 0.378704 0.574479 0.377778 0.575000 0.377778 0.575521 0.376852 0.575521 0.375926 0.576562 0.374074 0.577083 0.374074 0.577083 0.373148 0.577604 0.372222 0.577604 0.363889 0.577083 0.362963 0.577083 0.362037 0.576042 0.360185 0.576042 0.359259 0.575521 0.359259 0.573958 0.356481 0.573438 0.356481 0.572917 0.355556 0.571354 0.355556 0.570833 0.354630
0 0.860417 0.153704 0.859375 0.153704 0.858854 0.154630 0.857292 0.154630 0.856771 0.155556 0.856250 0.155556 0.855729 0.156481 0.855208 0.156481 0.853646 0.159259 0.853646 0.160185 0.852604 0.162037 0.852604 0.163889 0.852083 0.164815 0.852083 0.165741 0.851562 0.166667 0.851562 0.170370 0.851042 0.171296 0.851042 0.174074 0.851562 0.175000 0.851562 0.178704 0.852083 0.179630 0.852083 0.181481 0.852604 0.182407 0.852604 0.183333 0.855729 0.188889 0.856250 0.188889 0.856771 0.189815 0.857812 0.189815 0.858333 0.190741 0.860417 0.190741 0.860938 0.189815 0.861458 0.189815 0.861979 0.188889 0.863021 0.188889 0.866146 0.183333 0.866146 0.182407 0.866667 0.181481 0.866667 0.180556 0.867188 0.179630 0.867188 0.176852 0.867708 0.175926 0.867708 0.167593 0.867188 0.166667 0.867188 0.163889 0.866667 0.162963 0.866667 0.162037 0.864583 0.158333 0.864583 0.157407 0.864062 0.156481 0.863542 0.156481 0.862500 0.154630 0.860938 0.154630
0 0.871354 0.074074 0.870313 0.075926 0.869271 0.075926 0.866667 0.080556 0.866667 0.082407 0.866146 0.083333 0.866146 0.085185 0.865625 0.086111 0.865625 0.092593 0.866146 0.093519 0.866146 0.095370 0.867188 0.097222 0.867188 0.098148 0.869792 0.102778 0.870313 0.102778 0.870833 0.103704 0.871354 0.103704 0.871875 0.104630 0.877083 0.104630 0.877604 0.103704 0.878125 0.103704 0.878646 0.102778 0.879167 0.102778 0.879687 0.101852 0.880208 0.101852 0.881250 0.100000 0.881250 0.099074 0.882292 0.097222 0.882292 0.096296 0.882812 0.095370 0.882812 0.093519 0.883333 0.092593 0.883333 0.086111 0.882812 0.085185 0.882812 0.083333 0.882292 0.082407 0.882292 0.081481 0.879167 0.075926 0.878646 0.075926 0.877604 0.074074 0.875000 0.074074 0.874479 0.073148 0.873958 0.073148 0.873437 0.074074
0 0.362500 0.008333 0.363021 0.009259 0.363021 0.012037 0.364063 0.013889 0.364063 0.014815 0.366146 0.018519 0.367188 0.018519 0.367708 0.019444 0.372917 0.019444 0.373437 0.018519 0.374479 0.018519 0.375521 0.016667 0.376042 0.016667 0.376563 0.015741 0.377083 0.015741 0.377083 0.014815 0.378646 0.012037 0.378646 0.011111 0.379167 0.010185 0.379167 0.009259 0.379688 0.008333 0.379688 0.005556 0.380208 0.004630 0.380208 0.002778 0.379688 0.001852 0.379688 0.000000 0.363542 0.000000 0.363542 0.000926 0.363021 0.001852 0.363021 0.003704 0.362500 0.004630
0 0.047396 0.472222 0.045833 0.475000 0.045312 0.475000 0.044271 0.476852 0.044271 0.477778 0.043750 0.478704 0.043750 0.479630 0.043229 0.480556 0.043229 0.487963 0.043750 0.488889 0.043750 0.489815 0.044271 0.490741 0.044271 0.492593 0.046354 0.496296 0.046875 0.496296 0.048438 0.499074 0.049479 0.499074 0.050000 0.500000 0.051042 0.500000 0.051562 0.500926 0.055729 0.500926 0.056250 0.500000 0.057292 0.500000 0.060937 0.493519 0.060937 0.492593 0.061458 0.491667 0.061458 0.484259 0.060937 0.483333 0.060937 0.482407 0.060417 0.481481 0.060417 0.480556 0.059896 0.479630 0.059896 0.478704 0.058854 0.476852 0.058333 0.476852 0.056771 0.474074 0.056250 0.474074 0.055208 0.472222 0.054167 0.472222 0.053646 0.471296 0.048958 0.471296 0.048438 0.472222
0 0.448958 0.841667 0.448437 0.842593 0.445833 0.842593 0.445312 0.843519 0.444792 0.843519 0.444271 0.844444 0.443229 0.844444 0.439583 0.850926 0.439583 0.851852 0.439063 0.852778 0.439063 0.853704 0.438542 0.854630 0.438542 0.856481 0.438021 0.857407 0.438021 0.863889 0.438542 0.864815 0.438542 0.866667 0.439063 0.867593 0.439063 0.869444 0.440104 0.871296 0.440104 0.872222 0.440625 0.873148 0.441146 0.873148 0.442708 0.875926 0.443229 0.875926 0.443750 0.876852 0.444271 0.876852 0.444792 0.877778 0.445312 0.877778 0.445833 0.878704 0.447396 0.878704 0.447917 0.879630 0.450521 0.879630 0.451042 0.878704 0.453125 0.878704 0.453646 0.877778 0.454167 0.877778 0.454688 0.876852 0.455208 0.876852 0.455729 0.875926 0.456250 0.875926 0.458854 0.871296 0.458854 0.870370 0.459375 0.869444 0.459375 0.868519 0.459896 0.867593 0.459896 0.865741 0.460417 0.864815 0.460417 0.856481 0.459896 0.855556 0.459896 0.853704 0.458854 0.851852 0.458854 0.850926 0.457813 0.849074 0.457813 0.848148 0.457292 0.848148 0.455208 0.844444 0.454167 0.844444 0.453646 0.843519 0.453125 0.843519 0.452604 0.842593 0.450521 0.842593 0.450000 0.841667
0 0.103125 0.957407 0.100521 0.962037 0.100521 0.962963 0.099479 0.964815 0.099479 0.965741 0.098958 0.966667 0.098958 0.967593 0.098437 0.968519 0.098437 0.973148 0.097917 0.974074 0.098437 0.975000 0.098437 0.979630 0.098958 0.980556 0.098958 0.981481 0.099479 0.982407 0.099479 0.984259 0.103125 0.990741 0.103646 0.990741 0.104688 0.992593 0.105729 0.992593 0.106250 0.993519 0.107813 0.993519 0.108333 0.994444 0.111979 0.994444 0.112500 0.993519 0.114062 0.993519 0.114583 0.992593 0.115625 0.992593 0.116146 0.991667 0.116667 0.991667 0.118750 0.987963 0.119271 0.987963 0.119271 0.987037 0.120313 0.985185 0.120313 0.984259 0.120833 0.983333 0.120833 0.982407 0.121354 0.981481 0.121354 0.980556 0.121875 0.979630 0.121875 0.970370 0.121354 0.969444 0.121354 0.967593 0.120833 0.966667 0.120833 0.965741 0.120313 0.964815 0.120313 0.963889 0.119271 0.962037 0.119271 0.961111 0.118750 0.960185 0.118229 0.960185 0.117188 0.958333 0.116667 0.958333 0.115625 0.956481 0.114583 0.956481 0.114062 0.955556 0.113542 0.955556 0.113021 0.954630 0.107292 0.954630 0.106771 0.955556 0.105729 0.955556 0.105208 0.956481 0.104167 0.956481 0.103646 0.957407
0 0.730729 0.731481 0.730208 0.732407 0.728646 0.732407 0.728125 0.733333 0.727083 0.733333 0.726562 0.734259 0.726042 0.734259 0.723437 0.738889 0.723437 0.739815 0.722396 0.741667 0.722396 0.743519 0.721875 0.744444 0.721875 0.753704 0.722396 0.754630 0.722396 0.755556 0.722917 0.756481 0.722917 0.757407 0.723958 0.759259 0.723958 0.760185 0.724479 0.760185 0.725521 0.762037 0.726042 0.762037 0.726562 0.762963 0.727083 0.762963 0.727604 0.763889 0.728646 0.763889 0.729167 0.764815 0.733854 0.764815 0.734375 0.763889 0.735417 0.763889 0.735938 0.762963 0.736458 0.762963 0.736979 0.762037 0.737500 0.762037 0.740104 0.757407 0.740104 0.756481 0.740625 0.755556 0.740625 0.754630 0.741146 0.753704 0.741146 0.751852 0.741667 0.750926 0.741667 0.744444 0.741146 0.743519 0.741146 0.741667 0.740104 0.739815 0.740104 0.738889 0.738021 0.735185 0.737500 0.735185 0.736458 0.733333 0.735938 0.733333 0.735417 0.732407 0.733854 0.732407 0.733333 0.731481
0 0.841146 0.003704 0.840625 0.004630 0.840104 0.004630 0.839583 0.005556 0.839063 0.005556 0.838542 0.006481 0.838021 0.006481 0.838021 0.007407 0.835938 0.011111 0.835938 0.012037 0.834896 0.013889 0.834896 0.016667 0.834375 0.017593 0.834375 0.027778 0.834896 0.028704 0.834896 0.030556 0.835417 0.031481 0.835417 0.033333 0.836458 0.035185 0.836458 0.036111 0.839063 0.040741 0.840104 0.040741 0.841146 0.042593 0.842708 0.042593 0.843229 0.043519 0.845833 0.043519 0.846354 0.042593 0.847396 0.042593 0.847917 0.041667 0.848437 0.041667 0.849479 0.039815 0.850000 0.039815 0.851562 0.037037 0.851562 0.036111 0.852604 0.034259 0.852604 0.033333 0.853125 0.032407 0.853125 0.029630 0.853646 0.028704 0.853646 0.019444 0.853125 0.018519 0.853125 0.016667 0.852604 0.015741 0.852604 0.014815 0.852083 0.013889 0.852083 0.012037 0.849479 0.007407 0.848958 0.007407 0.847917 0.005556 0.847396 0.005556 0.846875 0.004630 0.845833 0.004630 0.845313 0.003704
0 0.360938 0.185185 0.360417 0.186111 0.359896 0.186111 0.359375 0.187037 0.358854 0.187037 0.357292 0.189815 0.357292 0.190741 0.356771 0.191667 0.356771 0.194444 0.356250 0.195370 0.356250 0.200000 0.356771 0.200926 0.356771 0.202778 0.357292 0.203704 0.357292 0.204630 0.357812 0.205556 0.357812 0.206481 0.358333 0.207407 0.358854 0.207407 0.360417 0.210185 0.361458 0.210185 0.361979 0.211111 0.364063 0.211111 0.364583 0.210185 0.366146 0.210185 0.367708 0.207407 0.367708 0.206481 0.368229 0.205556 0.368229 0.204630 0.368750 0.203704 0.368750 0.202778 0.369271 0.201852 0.369271 0.195370 0.368750 0.194444 0.368750 0.192593 0.368229 0.191667 0.368229 0.190741 0.365625 0.186111 0.365104 0.186111 0.364583 0.185185
0 0.587500 0.022222 0.587500 0.024074 0.586979 0.025000 0.586979 0.030556 0.587500 0.031481 0.587500 0.032407 0.588021 0.033333 0.588021 0.034259 0.589063 0.036111 0.589583 0.036111 0.590104 0.037037 0.590104 0.037963 0.590625 0.038889 0.591146 0.038889 0.592187 0.040741 0.592708 0.040741 0.593229 0.041667 0.594271 0.041667 0.594792 0.042593 0.595313 0.042593 0.595833 0.043519 0.597917 0.043519 0.598437 0.044444 0.602604 0.044444 0.603125 0.043519 0.605208 0.043519 0.605729 0.042593 0.606250 0.042593 0.606771 0.041667 0.607292 0.041667 0.608333 0.039815 0.608854 0.039815 0.609375 0.038889 0.609375 0.037963 0.609896 0.037037 0.609896 0.036111 0.610417 0.035185 0.610417 0.028704 0.609896 0.027778 0.609896 0.025926 0.608333 0.023148 0.608333 0.022222 0.607812 0.021296 0.607292 0.021296 0.606250 0.019444 0.605729 0.019444 0.605208 0.018519 0.604688 0.018519 0.603646 0.016667 0.602604 0.016667 0.602083 0.015741 0.600000 0.015741 0.599479 0.014815 0.594271 0.014815 0.593750 0.015741 0.592187 0.015741 0.591667 0.016667 0.591146 0.016667 0.590625 0.017593 0.590104 0.017593
0 0.621875 0.965741 0.617708 0.973148 0.617708 0.974074 0.617188 0.975000 0.617188 0.977778 0.616667 0.978704 0.616667 0.982407 0.617188 0.983333 0.617188 0.987037 0.617708 0.987963 0.617708 0.989815 0.618750 0.991667 0.618750 0.992593 0.619271 0.993519 0.619792 0.993519 0.621875 0.997222 0.622396 0.997222 0.622917 0.998148 0.623437 0.998148 0.623958 0.999074 0.629167 0.999074 0.629687 0.998148 0.630729 0.998148 0.631250 0.997222 0.631771 0.997222 0.634375 0.992593 0.634375 0.991667 0.634896 0.990741 0.634896 0.988889 0.635417 0.987963 0.635417 0.978704 0.634896 0.977778 0.634896 0.975000 0.633333 0.972222 0.633333 0.971296 0.631771 0.968519 0.631250 0.968519 0.630208 0.966667 0.629687 0.966667 0.629167 0.965741 0.628125 0.965741 0.627604 0.964815 0.623437 0.964815 0.622917 0.965741
0 0.421354 0.447222 0.418750 0.451852 0.418750 0.453704 0.418229 0.454630 0.418229 0.456481 0.417708 0.457407 0.417708 0.464815 0.418229 0.465741 0.418229 0.467593 0.418750 0.468519 0.418750 0.469444 0.419792 0.471296 0.419792 0.472222 0.421354 0.475000 0.421875 0.475000 0.422917 0.476852 0.423438 0.476852 0.423958 0.477778 0.424479 0.477778 0.425000 0.478704 0.430208 0.478704 0.430729 0.477778 0.431771 0.477778 0.433333 0.475000 0.433854 0.475000 0.434896 0.473148 0.434896 0.472222 0.435417 0.471296 0.435417 0.470370 0.435937 0.469444 0.435937 0.467593 0.436458 0.466667 0.436458 0.461111 0.435937 0.460185 0.435937 0.457407 0.435417 0.456481 0.435417 0.455556 0.434375 0.453704 0.434375 0.452778 0.431771 0.448148 0.431250 0.448148 0.430208 0.446296 0.429167 0.446296 0.428646 0.445370 0.423438 0.445370 0.422917 0.446296 0.422396 0.446296 0.421875 0.447222
0 0.535937 0.010185 0.535937 0.011111 0.535417 0.012037 0.535417 0.019444 0.535937 0.020370 0.535937 0.021296 0.538542 0.025926 0.539062 0.025926 0.540104 0.027778 0.541146 0.027778 0.541667 0.028704 0.542708 0.028704 0.543229 0.029630 0.547917 0.029630 0.548438 0.028704 0.549479 0.028704 0.550000 0.027778 0.551042 0.027778 0.552604 0.025000 0.553125 0.025000 0.553646 0.024074 0.553646 0.023148 0.554688 0.021296 0.554688 0.019444 0.555208 0.018519 0.555208 0.014815 0.554688 0.013889 0.554688 0.012963 0.554167 0.012037 0.554167 0.010185 0.551562 0.005556 0.551042 0.005556 0.550521 0.004630 0.549479 0.004630 0.548958 0.003704 0.547917 0.003704 0.547396 0.002778 0.542188 0.002778 0.541667 0.003704 0.540625 0.003704 0.540104 0.004630 0.539062 0.004630
0 0.893229 0.816667 0.892188 0.816667 0.891667 0.817593 0.889583 0.817593 0.889062 0.818519 0.888542 0.818519 0.888021 0.819444 0.887500 0.819444 0.886458 0.821296 0.885938 0.821296 0.884375 0.824074 0.884375 0.825000 0.883333 0.826852 0.883333 0.827778 0.882812 0.828704 0.882812 0.829630 0.882292 0.830556 0.882292 0.833333 0.881771 0.834259 0.881771 0.840741 0.882292 0.841667 0.882292 0.844444 0.882812 0.845370 0.882812 0.846296 0.883333 0.847222 0.883333 0.848148 0.883854 0.849074 0.883854 0.850000 0.884375 0.850000 0.885417 0.851852 0.885417 0.852778 0.885938 0.852778 0.886979 0.854630 0.888021 0.854630 0.888542 0.855556 0.889062 0.855556 0.889583 0.856481 0.894271 0.856481 0.894792 0.855556 0.895833 0.855556 0.896354 0.854630 0.896875 0.854630 0.897917 0.852778 0.898438 0.852778 0.900521 0.849074 0.900521 0.848148 0.901563 0.846296 0.901563 0.844444 0.902083 0.843519 0.902083 0.842593 0.902604 0.841667 0.902604 0.831481 0.902083 0.830556 0.902083 0.828704 0.901563 0.827778 0.901563 0.826852 0.901042 0.825926 0.901042 0.825000 0.898438 0.820370 0.897917 0.820370 0.896875 0.818519 0.895833 0.818519 0.895312 0.817593 0.893750 0.817593
0 0.880208 0.548148 0.880208 0.550000 0.879687 0.550926 0.879687 0.552778 0.879167 0.553704 0.879167 0.554630 0.879687 0.555556 0.879687 0.558333 0.880208 0.559259 0.880208 0.560185 0.882812 0.564815 0.883333 0.564815 0.883854 0.565741 0.884375 0.565741 0.884896 0.566667 0.886458 0.566667 0.886979 0.567593 0.891667 0.567593 0.892188 0.566667 0.893750 0.566667 0.894792 0.564815 0.895312 0.564815 0.895833 0.563889 0.896354 0.563889 0.897396 0.562037 0.897396 0.561111 0.898438 0.559259 0.898438 0.558333 0.898958 0.557407 0.898958 0.550000 0.897917 0.548148 0.897917 0.547222 0.896354 0.544444 0.895833 0.544444 0.894792 0.542593 0.893750 0.542593 0.893229 0.541667 0.892188 0.541667 0.891667 0.540741 0.886979 0.540741 0.886458 0.541667 0.884896 0.541667 0.884375 0.542593 0.883854 0.542593 0.882812 0.544444 0.882292 0.544444
0 0.173437 0.367593 0.172917 0.368519 0.172396 0.368519 0.171875 0.369444 0.171354 0.369444 0.168750 0.374074 0.168750 0.375000 0.168229 0.375926 0.168229 0.376852 0.167708 0.377778 0.167708 0.380556 0.167187 0.381481 0.167187 0.386111 0.167708 0.387037 0.167708 0.390741 0.168229 0.391667 0.168229 0.392593 0.168750 0.393519 0.168750 0.394444 0.169271 0.395370 0.169271 0.396296 0.171354 0.400000 0.171354 0.400926 0.171875 0.400926 0.172917 0.402778 0.173437 0.402778 0.173958 0.403704 0.174479 0.403704 0.175000 0.404630 0.176042 0.404630 0.176563 0.405556 0.180729 0.405556 0.181250 0.404630 0.182292 0.404630 0.182812 0.403704 0.183333 0.403704 0.186458 0.398148 0.186458 0.396296 0.186979 0.395370 0.186979 0.393519 0.187500 0.392593 0.187500 0.385185 0.186979 0.384259 0.186979 0.381481 0.185938 0.379630 0.185938 0.378704 0.185417 0.377778 0.185417 0.376852 0.184375 0.375000 0.184375 0.374074 0.183333 0.372222 0.182812 0.372222 0.181771 0.370370 0.181250 0.370370 0.180208 0.368519 0.179167 0.368519 0.178646 0.367593
0 0.954688 0.744444 0.953646 0.746296 0.953125 0.746296 0.950000 0.751852 0.950000 0.753704 0.949479 0.754630 0.949479 0.757407 0.948958 0.758333 0.948958 0.762037 0.949479 0.762963 0.949479 0.765741 0.950000 0.766667 0.950000 0.768519 0.953125 0.774074 0.953646 0.774074 0.954167 0.775000 0.954688 0.775000 0.955208 0.775926 0.958333 0.775926 0.958854 0.775000 0.959375 0.775000 0.959896 0.774074 0.960417 0.774074 0.960938 0.773148 0.961458 0.773148 0.962500 0.771296 0.962500 0.770370 0.963542 0.768519 0.963542 0.767593 0.964063 0.766667 0.964063 0.764815 0.964583 0.763889 0.964583 0.755556 0.964063 0.754630 0.964063 0.752778 0.963021 0.750926 0.963021 0.749074 0.961458 0.746296 0.960417 0.746296 0.959896 0.745370 0.959375 0.745370 0.958854 0.744444
0 0.640104 0.577778 0.640104 0.578704 0.639583 0.579630 0.639583 0.580556 0.639062 0.581481 0.639062 0.587037 0.640104 0.588889 0.640104 0.589815 0.642188 0.593519 0.642708 0.593519 0.643229 0.594444 0.644271 0.594444 0.644792 0.595370 0.645833 0.595370 0.646354 0.596296 0.649479 0.596296 0.650000 0.595370 0.651563 0.595370 0.652083 0.594444 0.652604 0.594444 0.653125 0.593519 0.653646 0.593519 0.656250 0.588889 0.656250 0.587963 0.656771 0.587037 0.656771 0.580556 0.656250 0.579630 0.656250 0.578704 0.654167 0.575000 0.653646 0.575000 0.652604 0.573148 0.651563 0.573148 0.651042 0.572222 0.644792 0.572222 0.644271 0.573148 0.643750 0.573148 0.643229 0.574074 0.642708 0.574074 0.641667 0.575926 0.641146 0.575926
0 0.948438 0.677778 0.948438 0.683333 0.948958 0.684259 0.948958 0.685185 0.951562 0.689815 0.952083 0.689815 0.952604 0.690741 0.953125 0.690741 0.953646 0.691667 0.954688 0.691667 0.955208 0.692593 0.959375 0.692593 0.959896 0.691667 0.961458 0.691667 0.961979 0.690741 0.962500 0.690741 0.963021 0.689815 0.963542 0.689815 0.965625 0.686111 0.965625 0.685185 0.966146 0.684259 0.966146 0.678704 0.965625 0.677778 0.965625 0.676852 0.962500 0.671296 0.961979 0.671296 0.961458 0.670370 0.959375 0.670370 0.958854 0.669444 0.955729 0.669444 0.955208 0.670370 0.953646 0.670370 0.953125 0.671296 0.952083 0.671296 0.951042 0.673148 0.950521 0.673148 0.948958 0.675926 0.948958 0.676852
0 0.800521 0.210185 0.798438 0.213889 0.798438 0.219444 0.798958 0.220370 0.798958 0.222222 0.801042 0.225926 0.801562 0.225926 0.802083 0.226852 0.806250 0.226852 0.807813 0.224074 0.807813 0.223148 0.808333 0.222222 0.808333 0.217593 0.807813 0.216667 0.807813 0.214815 0.805729 0.211111 0.805208 0.211111 0.804688 0.210185 0.803125 0.210185 0.802604 0.209259 0.802083 0.209259 0.801562 0.210185
0 0.650521 0.754630 0.649479 0.754630 0.648958 0.753704 0.644792 0.753704 0.644271 0.754630 0.643229 0.754630 0.642708 0.755556 0.641667 0.755556 0.641146 0.756481 0.640625 0.756481 0.638542 0.760185 0.638542 0.761111 0.636979 0.763889 0.636979 0.765741 0.636458 0.766667 0.636458 0.775926 0.636979 0.776852 0.636979 0.778704 0.640625 0.785185 0.641667 0.785185 0.642188 0.786111 0.647396 0.786111 0.647917 0.785185 0.648958 0.785185 0.649479 0.784259 0.650000 0.784259 0.651563 0.781481 0.652083 0.781481 0.653125 0.779630 0.653125 0.778704 0.654167 0.776852 0.654167 0.775926 0.654687 0.775000 0.654687 0.773148 0.655208 0.772222 0.655208 0.764815 0.654687 0.763889 0.654687 0.762963 0.654167 0.762037 0.654167 0.760185 0.652604 0.757407 0.652083 0.757407
0 0.714063 0.460185 0.712500 0.462963 0.712500 0.463889 0.711979 0.464815 0.711979 0.465741 0.711458 0.466667 0.711458 0.473148 0.711979 0.474074 0.711979 0.475926 0.712500 0.476852 0.712500 0.477778 0.714063 0.480556 0.714583 0.480556 0.715104 0.481481 0.717708 0.481481 0.718229 0.480556 0.718750 0.480556 0.719271 0.479630 0.719271 0.478704 0.719792 0.477778 0.719792 0.475926 0.720313 0.475000 0.720313 0.469444 0.719792 0.468519 0.719792 0.466667 0.719271 0.465741 0.719271 0.464815 0.718750 0.463889 0.718750 0.462963 0.717708 0.461111 0.716667 0.461111 0.716146 0.460185
0 0.175000 0.911111 0.174479 0.912037 0.173958 0.912037 0.173437 0.912963 0.172396 0.912963 0.171875 0.913889 0.171354 0.913889 0.171354 0.914815 0.170833 0.915741 0.170313 0.915741 0.168750 0.918519 0.168750 0.919444 0.167708 0.921296 0.167708 0.922222 0.167187 0.923148 0.167187 0.925926 0.166667 0.926852 0.166667 0.934259 0.167187 0.935185 0.167187 0.937037 0.167708 0.937963 0.167708 0.939815 0.168750 0.941667 0.168750 0.942593 0.170833 0.946296 0.171354 0.946296 0.172396 0.948148 0.172917 0.948148 0.173437 0.949074 0.174479 0.949074 0.175000 0.950000 0.176563 0.950000 0.177083 0.950926 0.181250 0.950926 0.181771 0.950000 0.183333 0.950000 0.183854 0.949074 0.184375 0.949074 0.185417 0.947222 0.185938 0.947222 0.186458 0.946296 0.186979 0.946296 0.189062 0.942593 0.189062 0.941667 0.189583 0.940741 0.189583 0.939815 0.190104 0.938889 0.190104 0.937963 0.190625 0.937037 0.190625 0.925000 0.189583 0.923148 0.189583 0.921296 0.188021 0.918519 0.188021 0.917593 0.187500 0.917593 0.186979 0.916667 0.186979 0.915741 0.186458 0.914815 0.185938 0.914815 0.185417 0.913889 0.184896 0.913889 0.184375 0.912963 0.183854 0.912963 0.183333 0.912037 0.182812 0.912037 0.182292 0.911111 0.180208 0.911111 0.179688 0.910185 0.178125 0.910185 0.177604 0.911111
0 0.651563 0.780556 0.651042 0.781481 0.649479 0.781481 0.648958 0.782407 0.648438 0.782407 0.646875 0.785185 0.646354 0.785185 0.645312 0.787037 0.645312 0.787963 0.644792 0.788889 0.644792 0.789815 0.643750 0.791667 0.643750 0.794444 0.643229 0.795370 0.643229 0.799074 0.643750 0.800000 0.643750 0.802778 0.644271 0.803704 0.644271 0.804630 0.644792 0.805556 0.644792 0.806481 0.645312 0.807407 0.645833 0.807407 0.647396 0.810185 0.647917 0.810185 0.648438 0.811111 0.648958 0.811111 0.649479 0.812037 0.654167 0.812037 0.654687 0.811111 0.655729 0.811111 0.656250 0.810185 0.657292 0.810185 0.658333 0.808333 0.658854 0.808333 0.659375 0.807407 0.659375 0.806481 0.660937 0.803704 0.660937 0.802778 0.661458 0.801852 0.661458 0.800000 0.661979 0.799074 0.661979 0.792593 0.661458 0.791667 0.661458 0.789815 0.660937 0.788889 0.660937 0.787963 0.660417 0.787037 0.660417 0.786111 0.658854 0.783333 0.658333 0.783333 0.657813 0.782407 0.657292 0.782407 0.656771 0.781481 0.655729 0.781481 0.655208 0.780556
0 0.210938 0.768519 0.208854 0.772222 0.208854 0.773148 0.208333 0.774074 0.208333 0.775000 0.207813 0.775926 0.207813 0.782407 0.208333 0.783333 0.208333 0.785185 0.210417 0.788889 0.210938 0.788889 0.211979 0.790741 0.212500 0.790741 0.213021 0.791667 0.213542 0.791667 0.214062 0.792593 0.215625 0.792593 0.216146 0.793519 0.221875 0.793519 0.222396 0.792593 0.223438 0.792593 0.223958 0.791667 0.225000 0.791667 0.226042 0.789815 0.226562 0.789815 0.229167 0.785185 0.229167 0.783333 0.229687 0.782407 0.229687 0.776852 0.229167 0.775926 0.229167 0.775000 0.228646 0.774074 0.228646 0.773148 0.228125 0.772222 0.227604 0.772222 0.227083 0.771296 0.227083 0.770370 0.226562 0.769444 0.226042 0.769444 0.225000 0.767593 0.223958 0.767593 0.223438 0.766667 0.222917 0.766667 0.222396 0.765741 0.219271 0.765741 0.218750 0.764815 0.218229 0.764815 0.217708 0.765741 0.214583 0.765741 0.214062 0.766667 0.213021 0.766667 0.211979 0.768519
0 0.970313 0.625926 0.970313 0.626852 0.969792 0.627778 0.969792 0.635185 0.970313 0.636111 0.970313 0.637037 0.970833 0.637963 0.970833 0.638889 0.972396 0.641667 0.972917 0.641667 0.973958 0.643519 0.975000 0.643519 0.975521 0.644444 0.976562 0.644444 0.977083 0.645370 0.981771 0.645370 0.982292 0.644444 0.983333 0.644444 0.983854 0.643519 0.984896 0.643519 0.986458 0.640741 0.986979 0.640741 0.988542 0.637963 0.988542 0.636111 0.989062 0.635185 0.989062 0.634259 0.989583 0.633333 0.989583 0.628704 0.989062 0.627778 0.989062 0.626852 0.988542 0.625926 0.988542 0.625000 0.987500 0.623148 0.987500 0.622222 0.986458 0.620370 0.985417 0.620370 0.984375 0.618519 0.983333 0.618519 0.982812 0.617593 0.976562 0.617593 0.976042 0.618519 0.975000 0.618519 0.974479 0.619444 0.973958 0.619444
0 0.695833 0.090741 0.695312 0.091667 0.694271 0.091667 0.693750 0.092593 0.692708 0.092593 0.691667 0.094444 0.691146 0.094444 0.688542 0.099074 0.688542 0.100000 0.687500 0.101852 0.687500 0.103704 0.686979 0.104630 0.686979 0.108333 0.686458 0.109259 0.686458 0.110185 0.686979 0.111111 0.686979 0.114815 0.687500 0.115741 0.687500 0.117593 0.688542 0.119444 0.688542 0.120370 0.689063 0.121296 0.689063 0.122222 0.689583 0.122222 0.691146 0.125000 0.691667 0.125000 0.692187 0.125926 0.692708 0.125926 0.693750 0.127778 0.695833 0.127778 0.696354 0.128704 0.700000 0.128704 0.700521 0.127778 0.701562 0.127778 0.702083 0.126852 0.703125 0.126852 0.703646 0.125926 0.704167 0.125926 0.705208 0.124074 0.705729 0.124074 0.707812 0.120370 0.707812 0.119444 0.708854 0.117593 0.708854 0.115741 0.709375 0.114815 0.709375 0.104630 0.708854 0.103704 0.708854 0.101852 0.707812 0.100000 0.707812 0.099074 0.706771 0.097222 0.706771 0.096296 0.706250 0.095370 0.705729 0.095370 0.704688 0.093519 0.704167 0.093519 0.703646 0.092593 0.703125 0.092593 0.702604 0.091667 0.701562 0.091667 0.701042 0.090741
0 0.423958 0.295370 0.422917 0.297222 0.422396 0.297222 0.420833 0.300000 0.420833 0.301852 0.420312 0.302778 0.420312 0.303704 0.419792 0.304630 0.419792 0.311111 0.420312 0.312037 0.420312 0.313889 0.420833 0.314815 0.420833 0.315741 0.421354 0.316667 0.421354 0.317593 0.421875 0.318519 0.422396 0.318519 0.425000 0.323148 0.426042 0.323148 0.426563 0.324074 0.428125 0.324074 0.428646 0.325000 0.429688 0.325000 0.430208 0.324074 0.431771 0.324074 0.432292 0.323148 0.432812 0.323148 0.435937 0.317593 0.435937 0.315741 0.436458 0.314815 0.436458 0.307407 0.435937 0.306481 0.435937 0.304630 0.434896 0.302778 0.434896 0.300926 0.433333 0.298148 0.432812 0.298148 0.431771 0.296296 0.431250 0.296296 0.430729 0.295370 0.429688 0.295370 0.429167 0.294444 0.425521 0.294444 0.425000 0.295370
0 0.143750 0.254630 0.143750 0.256481 0.143229 0.257407 0.143229 0.262963 0.143750 0.263889 0.143750 0.265741 0.145313 0.268519 0.145313 0.269444 0.145833 0.270370 0.146354 0.270370 0.146875 0.271296 0.147396 0.271296 0.147917 0.272222 0.148438 0.272222 0.148958 0.273148 0.149479 0.273148 0.150000 0.274074 0.151562 0.274074 0.152083 0.275000 0.156771 0.275000 0.157292 0.274074 0.158854 0.274074 0.159375 0.273148 0.159896 0.273148 0.160417 0.272222 0.160938 0.272222 0.163542 0.267593 0.163542 0.265741 0.164062 0.264815 0.164062 0.260185 0.163542 0.259259 0.163542 0.257407 0.160938 0.252778 0.160938 0.251852 0.160417 0.250926 0.159375 0.250926 0.158333 0.249074 0.157292 0.249074 0.156771 0.248148 0.155208 0.248148 0.154688 0.247222 0.150521 0.247222 0.150000 0.248148 0.148438 0.248148 0.147917 0.249074 0.147396 0.249074 0.146354 0.250926 0.145833 0.250926
0 0.339583 0.950000 0.339583 0.950926 0.338542 0.952778 0.338542 0.953704 0.338021 0.954630 0.338021 0.956481 0.337500 0.957407 0.337500 0.959259 0.338021 0.960185 0.338021 0.962963 0.338542 0.963889 0.338542 0.964815 0.339062 0.965741 0.339062 0.966667 0.340625 0.969444 0.341146 0.969444 0.341667 0.970370 0.341667 0.971296 0.342187 0.971296 0.343229 0.973148 0.344271 0.973148 0.344792 0.974074 0.345833 0.974074 0.346354 0.975000 0.348438 0.975000 0.348958 0.975926 0.352604 0.975926 0.353125 0.975000 0.354167 0.975000 0.354687 0.974074 0.356250 0.974074 0.357292 0.972222 0.357812 0.972222 0.358854 0.970370 0.359375 0.970370 0.359375 0.969444 0.360417 0.967593 0.360417 0.966667 0.360938 0.965741 0.360938 0.963889 0.361458 0.962963 0.361458 0.959259 0.360938 0.958333 0.360938 0.956481 0.360417 0.955556 0.360417 0.954630 0.359896 0.953704 0.359896 0.952778 0.358854 0.950926 0.358333 0.950926 0.357812 0.950000 0.357812 0.949074 0.357292 0.949074 0.356250 0.947222 0.355729 0.947222 0.355208 0.946296 0.354687 0.946296 0.354167 0.945370 0.353125 0.945370 0.352604 0.944444 0.350000 0.944444 0.349479 0.943519 0.347396 0.943519 0.346875 0.944444 0.344792 0.944444 0.344271 0.945370 0.343229 0.945370 0.342708 0.946296 0.342187 0.946296 0.341667 0.947222 0.341146 0.947222
0 0.684896 0.375926 0.683854 0.377778 0.683333 0.377778 0.682813 0.378704 0.682813 0.379630 0.682292 0.380556 0.681771 0.380556 0.680729 0.382407 0.680729 0.383333 0.680208 0.384259 0.680208 0.385185 0.679688 0.386111 0.679688 0.388889 0.679167 0.389815 0.679167 0.397222 0.679688 0.398148 0.679688 0.400000 0.680208 0.400926 0.680208 0.402778 0.681250 0.404630 0.681250 0.405556 0.682292 0.407407 0.682292 0.408333 0.682813 0.408333 0.683333 0.409259 0.683333 0.410185 0.683854 0.411111 0.684375 0.411111 0.684896 0.412037 0.685417 0.412037 0.686458 0.413889 0.686979 0.413889 0.687500 0.414815 0.688542 0.414815 0.689063 0.415741 0.695312 0.415741 0.695833 0.414815 0.696875 0.414815 0.697917 0.412963 0.698438 0.412963 0.701562 0.407407 0.701562 0.406481 0.702083 0.405556 0.702083 0.403704 0.702604 0.402778 0.702604 0.400000 0.703125 0.399074 0.703125 0.395370 0.702604 0.394444 0.702604 0.391667 0.702083 0.390741 0.702083 0.388889 0.701562 0.387963 0.701562 0.387037 0.701042 0.386111 0.701042 0.385185 0.700000 0.383333 0.700000 0.382407 0.699479 0.381481 0.698958 0.381481 0.698438 0.380556 0.698438 0.379630 0.697917 0.378704 0.697396 0.378704 0.696875 0.377778 0.696354 0.377778 0.695833 0.376852 0.695312 0.376852 0.694792 0.375926 0.694271 0.375926 0.693750 0.375000 0.692187 0.375000 0.691667 0.374074 0.688542 0.374074 0.688021 0.375000 0.686458 0.375000 0.685937 0.375926
0 0.897396 0.300000 0.897396 0.300926 0.896875 0.301852 0.896875 0.304630 0.896354 0.305556 0.896354 0.306481 0.896875 0.307407 0.896875 0.310185 0.897396 0.311111 0.897396 0.312037 0.897917 0.312963 0.897917 0.313889 0.901042 0.319444 0.901563 0.319444 0.902083 0.320370 0.903125 0.320370 0.903646 0.321296 0.904687 0.321296 0.905208 0.322222 0.910937 0.322222 0.911458 0.321296 0.912500 0.321296 0.913021 0.320370 0.913542 0.320370 0.914583 0.318519 0.915104 0.318519 0.916667 0.315741 0.916667 0.314815 0.917188 0.313889 0.917188 0.312963 0.917708 0.312037 0.917708 0.304630 0.917188 0.303704 0.917188 0.302778 0.916667 0.301852 0.916667 0.300926 0.914583 0.297222 0.914062 0.297222 0.913021 0.295370 0.912500 0.295370 0.911458 0.293519 0.909896 0.293519 0.909375 0.292593 0.903125 0.292593 0.902604 0.293519 0.901563 0.293519 0.901042 0.294444 0.900521 0.294444
0 0.550521 0.261111 0.550000 0.262037 0.548958 0.262037 0.548438 0.262963 0.547917 0.262963 0.547396 0.263889 0.546875 0.263889 0.546875 0.264815 0.545312 0.267593 0.544792 0.267593 0.544792 0.268519 0.543750 0.270370 0.543750 0.272222 0.543229 0.273148 0.543229 0.275000 0.542708 0.275926 0.542708 0.287963 0.543229 0.288889 0.543229 0.289815 0.543750 0.290741 0.543750 0.292593 0.544271 0.293519 0.544271 0.294444 0.546354 0.298148 0.546354 0.299074 0.546875 0.300000 0.547396 0.300000 0.547917 0.300926 0.548438 0.300926 0.548958 0.301852 0.550000 0.301852 0.550521 0.302778 0.555729 0.302778 0.556250 0.301852 0.556771 0.301852 0.557813 0.300000 0.558333 0.300000 0.560417 0.296296 0.560417 0.295370 0.561458 0.293519 0.561458 0.291667 0.561979 0.290741 0.561979 0.288889 0.562500 0.287963 0.562500 0.284259 0.563021 0.283333 0.563021 0.282407 0.562500 0.281481 0.562500 0.275926 0.561979 0.275000 0.561979 0.273148 0.561458 0.272222 0.561458 0.271296 0.560417 0.269444 0.560417 0.268519 0.559375 0.266667 0.559375 0.265741 0.558854 0.265741 0.557292 0.262963 0.556771 0.262963 0.556250 0.262037 0.555208 0.262037 0.554688 0.261111
0 0.159375 0.791667 0.158854 0.791667 0.158333 0.792593 0.157292 0.792593 0.155729 0.795370 0.155729 0.796296 0.155208 0.797222 0.155208 0.799074 0.154688 0.800000 0.154688 0.804630 0.154167 0.805556 0.154167 0.806481 0.154688 0.807407 0.154688 0.810185 0.155208 0.811111 0.155208 0.812037 0.155729 0.812963 0.155729 0.813889 0.156250 0.814815 0.156771 0.814815 0.157292 0.815741 0.157812 0.814815 0.159375 0.814815 0.161458 0.811111 0.161458 0.810185 0.161979 0.809259 0.161979 0.807407 0.162500 0.806481 0.162500 0.797222 0.161979 0.796296 0.161979 0.794444 0.160938 0.792593 0.159896 0.792593
0 0.080729 0.591667 0.080208 0.592593 0.079687 0.592593 0.079167 0.593519 0.078646 0.593519 0.077604 0.595370 0.077083 0.595370 0.075521 0.598148 0.075521 0.599074 0.074479 0.600926 0.074479 0.601852 0.073958 0.602778 0.073958 0.604630 0.073438 0.605556 0.073438 0.610185 0.073958 0.611111 0.073958 0.613889 0.074479 0.614815 0.074479 0.615741 0.075000 0.616667 0.075000 0.617593 0.076042 0.619444 0.076563 0.619444 0.077083 0.620370 0.077083 0.621296 0.077604 0.621296 0.078125 0.622222 0.078646 0.622222 0.079687 0.624074 0.080208 0.624074 0.080729 0.625000 0.081771 0.625000 0.082292 0.625926 0.084375 0.625926 0.084896 0.626852 0.088542 0.626852 0.089063 0.625926 0.090625 0.625926 0.091146 0.625000 0.092188 0.625000 0.092708 0.624074 0.093229 0.624074 0.093750 0.623148 0.094271 0.623148 0.094792 0.622222 0.095312 0.622222 0.095312 0.621296 0.095833 0.620370 0.096354 0.620370 0.097917 0.617593 0.097917 0.616667 0.098437 0.615741 0.098437 0.614815 0.098958 0.613889 0.098958 0.612037 0.099479 0.611111 0.099479 0.605556 0.098958 0.604630 0.098958 0.603704 0.098437 0.602778 0.098437 0.600926 0.097396 0.599074 0.097396 0.598148 0.096875 0.598148 0.096354 0.597222 0.096354 0.596296 0.095833 0.596296 0.094271 0.593519 0.093750 0.593519 0.093229 0.592593 0.092708 0.592593 0.092188 0.591667 0.090625 0.591667 0.090104 0.590741 0.086979 0.590741 0.086458 0.589815 0.085417 0.589815 0.084896 0.590741 0.082292 0.590741 0.081771 0.591667
0 0.076042 0.450000 0.075521 0.450926 0.073958 0.450926 0.073438 0.451852 0.072917 0.451852 0.072396 0.452778 0.071875 0.452778 0.069792 0.456481 0.069792 0.457407 0.069271 0.458333 0.069271 0.460185 0.068750 0.461111 0.068750 0.462963 0.068229 0.463889 0.068229 0.470370 0.068750 0.471296 0.068750 0.473148 0.069271 0.474074 0.069271 0.475000 0.069792 0.475926 0.069792 0.476852 0.070312 0.477778 0.070312 0.478704 0.072396 0.482407 0.072917 0.482407 0.073958 0.484259 0.074479 0.484259 0.075000 0.485185 0.075521 0.485185 0.076042 0.486111 0.078125 0.486111 0.078646 0.487037 0.079687 0.487037 0.080208 0.486111 0.081771 0.486111 0.082292 0.485185 0.083333 0.485185 0.084375 0.483333 0.084896 0.483333 0.085938 0.481481 0.085938 0.480556 0.086979 0.478704 0.086979 0.477778 0.087500 0.476852 0.087500 0.475000 0.088021 0.474074 0.088021 0.466667 0.087500 0.465741 0.087500 0.462963 0.086979 0.462037 0.086979 0.461111 0.085938 0.459259 0.085938 0.458333 0.083333 0.453704 0.082812 0.453704 0.081771 0.451852 0.080729 0.451852 0.080208 0.450926 0.078646 0.450926 0.078125 0.450000
0 0.141146 0.920370 0.140104 0.922222 0.139583 0.922222 0.137500 0.925926 0.137500 0.926852 0.136979 0.927778 0.136979 0.928704 0.136458 0.929630 0.136458 0.938889 0.136979 0.939815 0.136979 0.940741 0.137500 0.941667 0.137500 0.943519 0.140104 0.948148 0.140104 0.949074 0.140625 0.949074 0.141667 0.950926 0.142708 0.950926 0.143229 0.951852 0.143750 0.951852 0.144271 0.952778 0.145833 0.952778 0.146354 0.953704 0.149479 0.953704 0.150000 0.952778 0.151562 0.952778 0.152083 0.951852 0.152604 0.951852 0.154167 0.949074 0.154688 0.949074 0.155729 0.947222 0.155729 0.946296 0.156771 0.944444 0.156771 0.942593 0.157292 0.941667 0.157292 0.933333 0.156771 0.932407 0.156771 0.930556 0.155729 0.928704 0.155729 0.927778 0.154688 0.925926 0.154688 0.925000 0.153646 0.923148 0.153125 0.923148 0.152083 0.921296 0.151562 0.921296 0.151042 0.920370 0.150521 0.920370 0.150000 0.919444 0.148438 0.919444 0.147917 0.918519 0.143750 0.918519 0.143229 0.919444 0.142187 0.919444 0.141667 0.920370
0 0.789583 0.531481 0.789062 0.532407 0.788542 0.532407 0.787500 0.534259 0.786979 0.534259 0.784375 0.538889 0.784375 0.539815 0.783854 0.540741 0.783854 0.542593 0.783333 0.543519 0.783333 0.554630 0.783854 0.555556 0.783854 0.557407 0.784375 0.558333 0.784375 0.559259 0.784896 0.560185 0.784896 0.561111 0.788542 0.567593 0.789062 0.567593 0.789583 0.568519 0.790104 0.568519 0.791146 0.570370 0.792188 0.570370 0.792708 0.571296 0.799479 0.571296 0.800000 0.570370 0.800521 0.570370 0.801042 0.569444 0.801562 0.569444 0.802083 0.568519 0.802604 0.568519 0.803646 0.566667 0.804167 0.566667 0.805729 0.563889 0.805729 0.562963 0.806250 0.562037 0.806250 0.561111 0.806771 0.560185 0.806771 0.559259 0.807292 0.558333 0.807292 0.546296 0.806771 0.545370 0.806771 0.543519 0.805729 0.541667 0.805729 0.540741 0.804688 0.538889 0.804688 0.537963 0.804167 0.537963 0.803646 0.537037 0.803646 0.536111 0.803125 0.535185 0.802604 0.535185 0.802083 0.534259 0.801562 0.534259 0.801042 0.533333 0.800521 0.533333 0.799479 0.531481 0.798958 0.531481 0.798438 0.530556 0.796354 0.530556 0.795833 0.529630 0.792708 0.529630 0.792188 0.530556 0.791146 0.530556 0.790625 0.531481
0 0.353646 0.319444 0.353646 0.321296 0.353125 0.322222 0.353125 0.324074 0.353646 0.325000 0.353646 0.325926 0.354167 0.326852 0.354167 0.327778 0.356250 0.331481 0.356771 0.331481 0.357292 0.332407 0.357812 0.332407 0.358333 0.333333 0.365104 0.333333 0.365625 0.332407 0.366667 0.332407 0.367708 0.330556 0.368750 0.330556 0.370833 0.326852 0.370833 0.325926 0.371354 0.325000 0.371354 0.324074 0.371875 0.323148 0.371875 0.318519 0.371354 0.317593 0.371354 0.316667 0.370312 0.314815 0.370312 0.313889 0.369792 0.312963 0.368750 0.312963 0.367708 0.311111 0.366146 0.311111 0.365625 0.310185 0.360938 0.310185 0.360417 0.311111 0.358854 0.311111 0.358333 0.312037 0.357812 0.312037 0.356771 0.313889 0.356250 0.313889 0.354687 0.316667 0.354687 0.317593
0 0.149479 0.670370 0.149479 0.672222 0.148958 0.673148 0.148958 0.675000 0.148438 0.675926 0.148958 0.676852 0.148958 0.681481 0.149479 0.682407 0.149479 0.683333 0.153125 0.689815 0.154167 0.689815 0.154688 0.690741 0.155208 0.690741 0.155729 0.691667 0.156250 0.691667 0.156771 0.692593 0.158854 0.692593 0.159375 0.693519 0.163542 0.693519 0.164062 0.692593 0.166146 0.692593 0.166667 0.691667 0.167708 0.691667 0.168229 0.690741 0.168750 0.690741 0.169271 0.689815 0.169792 0.689815 0.172917 0.684259 0.172917 0.682407 0.173437 0.681481 0.173437 0.674074 0.172917 0.673148 0.172917 0.672222 0.172396 0.671296 0.172396 0.670370 0.171875 0.669444 0.171354 0.669444 0.170833 0.668519 0.170833 0.667593 0.169792 0.665741 0.169271 0.665741 0.168750 0.664815 0.168229 0.664815 0.167708 0.663889 0.166667 0.663889 0.166146 0.662963 0.165625 0.662963 0.165104 0.662037 0.160938 0.662037 0.160417 0.661111 0.159896 0.662037 0.156771 0.662037 0.156250 0.662963 0.155208 0.662963 0.154688 0.663889 0.154167 0.663889 0.153646 0.664815 0.153125 0.664815 0.152083 0.666667 0.151562 0.666667
0 0.670312 0.483333 0.669271 0.485185 0.668750 0.485185 0.666667 0.488889 0.666667 0.490741 0.666146 0.491667 0.666146 0.492593 0.665625 0.493519 0.665625 0.500926 0.666146 0.501852 0.666146 0.503704 0.666667 0.504630 0.666667 0.505556 0.667708 0.507407 0.667708 0.508333 0.668750 0.510185 0.669792 0.510185 0.670833 0.512037 0.671354 0.512037 0.671875 0.512963 0.676562 0.512963 0.677083 0.512037 0.677604 0.512037 0.678125 0.511111 0.678646 0.511111 0.681250 0.506481 0.681250 0.505556 0.681771 0.504630 0.681771 0.501852 0.682292 0.500926 0.682292 0.496296 0.681771 0.495370 0.681771 0.493519 0.681250 0.492593 0.681250 0.490741 0.677604 0.484259 0.676562 0.484259 0.676042 0.483333 0.675000 0.483333 0.674479 0.482407 0.672396 0.482407 0.671875 0.483333
0 0.291146 0.100926 0.289062 0.104630 0.289062 0.105556 0.288021 0.107407 0.288021 0.109259 0.287500 0.110185 0.287500 0.119444 0.288021 0.120370 0.288021 0.122222 0.289062 0.124074 0.289062 0.125000 0.290625 0.127778 0.290625 0.128704 0.291146 0.128704 0.292708 0.131481 0.293229 0.131481 0.293750 0.132407 0.294792 0.132407 0.295312 0.133333 0.295833 0.133333 0.296354 0.134259 0.298438 0.134259 0.298958 0.135185 0.301042 0.135185 0.301563 0.134259 0.303646 0.134259 0.304167 0.133333 0.305208 0.133333 0.306250 0.131481 0.306771 0.131481 0.309375 0.126852 0.309375 0.125926 0.310417 0.124074 0.310417 0.121296 0.310937 0.120370 0.310937 0.112963 0.310417 0.112037 0.310417 0.111111 0.309896 0.110185 0.309896 0.108333 0.308854 0.106481 0.308854 0.105556 0.308333 0.104630 0.307812 0.104630 0.305208 0.100000 0.304688 0.100000 0.304167 0.099074 0.303125 0.099074 0.302604 0.098148 0.301563 0.098148 0.301042 0.097222 0.295833 0.097222 0.295312 0.098148 0.293750 0.098148 0.293229 0.099074 0.292708 0.099074 0.291667 0.100926
0 0.130729 0.101852 0.130208 0.102778 0.128646 0.102778 0.128125 0.103704 0.127083 0.103704 0.125521 0.106481 0.125000 0.106481 0.123958 0.108333 0.123958 0.109259 0.123438 0.110185 0.123438 0.111111 0.122396 0.112963 0.122396 0.114815 0.121875 0.115741 0.121875 0.120370 0.121354 0.121296 0.121354 0.123148 0.121875 0.124074 0.121875 0.127778 0.122396 0.128704 0.122396 0.130556 0.122917 0.131481 0.122917 0.132407 0.123438 0.133333 0.123438 0.134259 0.126562 0.139815 0.127083 0.139815 0.127604 0.140741 0.128125 0.140741 0.128646 0.141667 0.129688 0.141667 0.130208 0.142593 0.133333 0.142593 0.133854 0.141667 0.135417 0.141667 0.136458 0.139815 0.136979 0.139815 0.138021 0.137963 0.138542 0.137963 0.139063 0.137037 0.139063 0.136111 0.140625 0.133333 0.140625 0.132407 0.141146 0.131481 0.141146 0.130556 0.141667 0.129630 0.141667 0.125926 0.142187 0.125000 0.142187 0.119444 0.141667 0.118519 0.141667 0.115741 0.141146 0.114815 0.141146 0.113889 0.140625 0.112963 0.140625 0.112037 0.139583 0.110185 0.139583 0.109259 0.138542 0.107407 0.138542 0.106481 0.138021 0.106481 0.136979 0.104630 0.136458 0.104630 0.135937 0.103704 0.134896 0.103704 0.134375 0.102778 0.133333 0.102778 0.132812 0.101852
0 0.170313 0.719444 0.168229 0.723148 0.168229 0.724074 0.167708 0.725000 0.167708 0.725926 0.167187 0.726852 0.167187 0.735185 0.167708 0.736111 0.167708 0.737037 0.168229 0.737963 0.168229 0.738889 0.170833 0.743519 0.171354 0.743519 0.171875 0.744444 0.172396 0.744444 0.172917 0.745370 0.173437 0.745370 0.173958 0.746296 0.176042 0.746296 0.176563 0.747222 0.178646 0.747222 0.179167 0.746296 0.181250 0.746296 0.181771 0.745370 0.182812 0.745370 0.183333 0.744444 0.183854 0.744444 0.185417 0.741667 0.185938 0.741667 0.186458 0.740741 0.186458 0.739815 0.186979 0.738889 0.186979 0.737963 0.187500 0.737037 0.187500 0.735185 0.188021 0.734259 0.188021 0.728704 0.187500 0.727778 0.187500 0.726852 0.186979 0.725926 0.186979 0.725000 0.185938 0.723148 0.185938 0.722222 0.184896 0.720370 0.184375 0.720370 0.183333 0.718519 0.182812 0.718519 0.182292 0.717593 0.181250 0.717593 0.180729 0.716667 0.179167 0.716667 0.178646 0.715741 0.175521 0.715741 0.175000 0.716667 0.173437 0.716667 0.172917 0.717593 0.171875 0.717593 0.170833 0.719444
0 0.281250 0.853704 0.280729 0.853704 0.279687 0.851852 0.278125 0.851852 0.277604 0.850926 0.271875 0.850926 0.271354 0.851852 0.269792 0.851852 0.269271 0.852778 0.268750 0.852778 0.268229 0.853704 0.267708 0.853704 0.266146 0.856481 0.265625 0.856481 0.264062 0.859259 0.264062 0.860185 0.263542 0.861111 0.263542 0.862037 0.263021 0.862963 0.263021 0.863889 0.262500 0.864815 0.262500 0.871296 0.263021 0.872222 0.263021 0.873148 0.263542 0.874074 0.263542 0.875000 0.264062 0.875926 0.264062 0.876852 0.264583 0.877778 0.265104 0.877778 0.265625 0.878704 0.266146 0.878704 0.267188 0.880556 0.268229 0.880556 0.268750 0.881481 0.275000 0.881481 0.275521 0.880556 0.276042 0.880556 0.276562 0.879630 0.277604 0.879630 0.278125 0.878704 0.278646 0.878704 0.279687 0.876852 0.280208 0.876852 0.282813 0.872222 0.282813 0.871296 0.283333 0.870370 0.283333 0.869444 0.283854 0.868519 0.283854 0.860185 0.283333 0.859259 0.283333 0.857407
0 0.652083 0.073148 0.652083 0.074074 0.650521 0.076852 0.650521 0.077778 0.650000 0.078704 0.650000 0.079630 0.649479 0.080556 0.649479 0.089815 0.650000 0.090741 0.650000 0.092593 0.650521 0.093519 0.650521 0.094444 0.651563 0.096296 0.651563 0.097222 0.653125 0.100000 0.653646 0.100000 0.654687 0.101852 0.655208 0.101852 0.655729 0.102778 0.656250 0.102778 0.657292 0.104630 0.658333 0.104630 0.658854 0.105556 0.666146 0.105556 0.666667 0.104630 0.667708 0.104630 0.668229 0.103704 0.668750 0.103704 0.669792 0.101852 0.670312 0.101852 0.670312 0.100926 0.670833 0.100000 0.671354 0.100000 0.671875 0.099074 0.671875 0.098148 0.672396 0.097222 0.672396 0.096296 0.672917 0.095370 0.672917 0.093519 0.673438 0.092593 0.673438 0.086111 0.672917 0.085185 0.672917 0.083333 0.672396 0.082407 0.672396 0.081481 0.671875 0.080556 0.671875 0.079630 0.671354 0.078704 0.671354 0.077778 0.670312 0.075926 0.669792 0.075926 0.667708 0.072222 0.667188 0.072222 0.666667 0.071296 0.666146 0.071296 0.665625 0.070370 0.664583 0.070370 0.664062 0.069444 0.662500 0.069444 0.661979 0.068519 0.657813 0.068519 0.657292 0.069444 0.656250 0.069444 0.655729 0.070370 0.654687 0.070370 0.654167 0.071296 0.653646 0.071296 0.652604 0.073148
0 0.912500 0.365741 0.911979 0.366667 0.910937 0.366667 0.910417 0.367593 0.909896 0.367593 0.908854 0.369444 0.908333 0.369444 0.907292 0.371296 0.907292 0.372222 0.906771 0.373148 0.906771 0.374074 0.906250 0.375000 0.906250 0.375926 0.905729 0.376852 0.905729 0.380556 0.905208 0.381481 0.905208 0.384259 0.905729 0.385185 0.905729 0.388889 0.906250 0.389815 0.906250 0.390741 0.906771 0.391667 0.906771 0.392593 0.909375 0.397222 0.910417 0.397222 0.910937 0.398148 0.915104 0.398148 0.915625 0.397222 0.916146 0.397222 0.919792 0.390741 0.919792 0.388889 0.920312 0.387963 0.920312 0.386111 0.920833 0.385185 0.920833 0.377778 0.920312 0.376852 0.920312 0.375000 0.919792 0.374074 0.919792 0.373148 0.919271 0.372222 0.919271 0.371296 0.917708 0.368519 0.917188 0.368519 0.916146 0.366667 0.914583 0.366667 0.914062 0.365741
0 0.542188 0.716667 0.541667 0.717593 0.541146 0.717593 0.540625 0.718519 0.540104 0.718519 0.539062 0.720370 0.538542 0.720370 0.535937 0.725000 0.535937 0.725926 0.535417 0.726852 0.535417 0.727778 0.534896 0.728704 0.534896 0.731481 0.534375 0.732407 0.534375 0.739815 0.534896 0.740741 0.534896 0.743519 0.535417 0.744444 0.535417 0.745370 0.535937 0.746296 0.535937 0.747222 0.537500 0.750000 0.537500 0.750926 0.539583 0.754630 0.540104 0.754630 0.540625 0.755556 0.541146 0.755556 0.541667 0.756481 0.542188 0.756481 0.542708 0.757407 0.543750 0.757407 0.544271 0.758333 0.545833 0.758333 0.546354 0.759259 0.548958 0.759259 0.549479 0.758333 0.551042 0.758333 0.551562 0.757407 0.552604 0.757407 0.553125 0.756481 0.553646 0.756481 0.554167 0.755556 0.554688 0.755556 0.554688 0.754630 0.555208 0.753704 0.555729 0.753704 0.557292 0.750926 0.557292 0.750000 0.558333 0.748148 0.558333 0.747222 0.558854 0.746296 0.558854 0.743519 0.559375 0.742593 0.559375 0.735185 0.558854 0.734259 0.558854 0.731481 0.558333 0.730556 0.558333 0.729630 0.557813 0.728704 0.557813 0.727778 0.557292 0.726852 0.557292 0.725926 0.556771 0.725926 0.556250 0.725000 0.556250 0.724074 0.555729 0.723148 0.555208 0.723148 0.554688 0.722222 0.554688 0.721296 0.554167 0.720370 0.553646 0.720370 0.553125 0.719444 0.552604 0.719444 0.552083 0.718519 0.551562 0.718519 0.551042 0.717593 0.550521 0.717593 0.550000 0.716667 0.547917 0.716667 0.547396 0.715741 0.544792 0.715741 0.544271 0.716667
0 0.327604 0.353704 0.327083 0.354630 0.326042 0.354630 0.325521 0.355556 0.325000 0.355556 0.323437 0.358333 0.323437 0.359259 0.322917 0.360185 0.322917 0.361111 0.322396 0.362037 0.322396 0.372222 0.322917 0.373148 0.322917 0.374074 0.323437 0.375000 0.323437 0.375926 0.326562 0.381481 0.327083 0.381481 0.327604 0.382407 0.328125 0.382407 0.328646 0.383333 0.331771 0.383333 0.332292 0.382407 0.332813 0.382407 0.333333 0.381481 0.333854 0.381481 0.334896 0.379630 0.334896 0.378704 0.335938 0.376852 0.335938 0.374074 0.336458 0.373148 0.336458 0.368519 0.335938 0.367593 0.335938 0.364815 0.335417 0.363889 0.335417 0.362963 0.333854 0.360185 0.333854 0.358333 0.333333 0.357407 0.332292 0.357407 0.331250 0.355556 0.330729 0.355556 0.330208 0.354630 0.329167 0.354630 0.328646 0.353704
0 0.346354 0.275000 0.345833 0.275926 0.344792 0.275926 0.344271 0.276852 0.343229 0.276852 0.341146 0.280556 0.340625 0.280556 0.340625 0.281481 0.339583 0.283333 0.339583 0.284259 0.339062 0.285185 0.339062 0.286111 0.338542 0.287037 0.338542 0.297222 0.339062 0.298148 0.339062 0.300000 0.339583 0.300926 0.339583 0.301852 0.341667 0.305556 0.342187 0.305556 0.343229 0.307407 0.344271 0.307407 0.344792 0.308333 0.345833 0.308333 0.346354 0.309259 0.348438 0.309259 0.348958 0.308333 0.350521 0.308333 0.351042 0.307407 0.352083 0.307407 0.352604 0.306481 0.353125 0.306481 0.354687 0.303704 0.354687 0.302778 0.356250 0.300000 0.356250 0.299074 0.356771 0.298148 0.356771 0.296296 0.357292 0.295370 0.357292 0.287037 0.356771 0.286111 0.356771 0.284259 0.354687 0.280556 0.354687 0.279630 0.353646 0.277778 0.353125 0.277778 0.352604 0.276852 0.352083 0.276852 0.351562 0.275926 0.350521 0.275926 0.350000 0.275000
0 0.302083 0.775926 0.296875 0.775926 0.296354 0.776852 0.295312 0.776852 0.294792 0.777778 0.294271 0.777778 0.293750 0.778704 0.293229 0.778704 0.291146 0.782407 0.291146 0.783333 0.290104 0.785185 0.290104 0.786111 0.289583 0.787037 0.289583 0.787963 0.289062 0.788889 0.289062 0.792593 0.288542 0.793519 0.288542 0.795370 0.289062 0.796296 0.289062 0.800000 0.289583 0.800926 0.289583 0.802778 0.290625 0.804630 0.290625 0.805556 0.292708 0.809259 0.293229 0.809259 0.293750 0.810185 0.294271 0.810185 0.294792 0.811111 0.295312 0.811111 0.295833 0.812037 0.297917 0.812037 0.298438 0.812963 0.299479 0.812963 0.300000 0.812037 0.302083 0.812037 0.302604 0.811111 0.303125 0.811111 0.303646 0.810185 0.304688 0.810185 0.307292 0.805556 0.307292 0.804630 0.308333 0.802778 0.308333 0.801852 0.308854 0.800926 0.308854 0.800000 0.309375 0.799074 0.309375 0.788889 0.308854 0.787963 0.308854 0.786111 0.307812 0.784259 0.307812 0.783333 0.306250 0.780556 0.306250 0.779630 0.305729 0.779630 0.304688 0.777778 0.303646 0.777778 0.303125 0.776852 0.302604 0.776852
0 0.822917 0.470370 0.820833 0.474074 0.820833 0.475000 0.820312 0.475926 0.820312 0.477778 0.819792 0.478704 0.819792 0.483333 0.820312 0.484259 0.820312 0.487037 0.820833 0.487963 0.820833 0.488889 0.822396 0.491667 0.822396 0.492593 0.823438 0.494444 0.823958 0.494444 0.824479 0.495370 0.825000 0.495370 0.825521 0.496296 0.826042 0.496296 0.826562 0.497222 0.827604 0.497222 0.828125 0.498148 0.832812 0.498148 0.833333 0.497222 0.834375 0.497222 0.835417 0.495370 0.835938 0.495370 0.838021 0.491667 0.838021 0.489815 0.838542 0.488889 0.838542 0.479630 0.837500 0.477778 0.837500 0.476852 0.836979 0.475926 0.836979 0.475000 0.836458 0.474074 0.835938 0.474074 0.834896 0.472222 0.834896 0.471296 0.834375 0.471296 0.833854 0.470370 0.833333 0.470370 0.832812 0.469444 0.832292 0.469444 0.831771 0.468519 0.830208 0.468519 0.829688 0.467593 0.827083 0.467593 0.826562 0.468519 0.825000 0.468519 0.824479 0.469444 0.823958 0.469444 0.823438 0.470370
0 0.683854 0.441667 0.683333 0.442593 0.682813 0.442593 0.681771 0.444444 0.681771 0.445370 0.681250 0.446296 0.681250 0.447222 0.680729 0.448148 0.680729 0.456481 0.681250 0.457407 0.681250 0.459259 0.681771 0.460185 0.681771 0.462037 0.683333 0.464815 0.683854 0.464815 0.684375 0.465741 0.684896 0.465741 0.685417 0.466667 0.685937 0.466667 0.686458 0.465741 0.686979 0.465741 0.688542 0.462963 0.688542 0.461111 0.689063 0.460185 0.689063 0.458333 0.689583 0.457407 0.689583 0.456481 0.689063 0.455556 0.689063 0.449074 0.688021 0.447222 0.688021 0.446296 0.687500 0.445370 0.687500 0.444444 0.686979 0.443519 0.686458 0.443519 0.685417 0.441667
0 0.178125 0.282407 0.177604 0.283333 0.176042 0.283333 0.175521 0.284259 0.175000 0.284259 0.174479 0.285185 0.173958 0.285185 0.172917 0.287037 0.172396 0.287037 0.171354 0.288889 0.171354 0.289815 0.170833 0.290741 0.170833 0.291667 0.170313 0.292593 0.170313 0.293519 0.169792 0.294444 0.169792 0.296296 0.169271 0.297222 0.169271 0.302778 0.169792 0.303704 0.169792 0.306481 0.170833 0.308333 0.170833 0.309259 0.173958 0.314815 0.174479 0.314815 0.175000 0.315741 0.176563 0.315741 0.177083 0.316667 0.180729 0.316667 0.181250 0.315741 0.182292 0.315741 0.182812 0.314815 0.183333 0.314815 0.183854 0.313889 0.184375 0.313889 0.185938 0.311111 0.186458 0.311111 0.186458 0.310185 0.187500 0.308333 0.187500 0.307407 0.188021 0.306481 0.188021 0.305556 0.188542 0.304630 0.188542 0.301852 0.189062 0.300926 0.189062 0.297222 0.188542 0.296296 0.188542 0.293519 0.188021 0.292593 0.188021 0.291667 0.187500 0.290741 0.187500 0.289815 0.185417 0.286111 0.184896 0.286111 0.183854 0.284259 0.183333 0.284259 0.182812 0.283333 0.181250 0.283333 0.180729 0.282407
0 0.850521 0.450000 0.847396 0.455556 0.847396 0.456481 0.846875 0.457407 0.846875 0.458333 0.846354 0.459259 0.846354 0.470370 0.846875 0.471296 0.846875 0.472222 0.847396 0.473148 0.847396 0.474074 0.848437 0.475926 0.848437 0.476852 0.848958 0.477778 0.849479 0.477778 0.851562 0.481481 0.852604 0.481481 0.853125 0.482407 0.853646 0.482407 0.854167 0.483333 0.855208 0.483333 0.855729 0.484259 0.860417 0.484259 0.860938 0.483333 0.861979 0.483333 0.862500 0.482407 0.863542 0.482407 0.864062 0.481481 0.864583 0.481481 0.866146 0.478704 0.866667 0.478704 0.866667 0.477778 0.868229 0.475000 0.868229 0.474074 0.868750 0.473148 0.868750 0.470370 0.869271 0.469444 0.869271 0.462963 0.868750 0.462037 0.868750 0.460185 0.868229 0.459259 0.868229 0.458333 0.867188 0.456481 0.867188 0.455556 0.864583 0.450926 0.864062 0.450926 0.863021 0.449074 0.862500 0.449074 0.861979 0.448148 0.860417 0.448148 0.859896 0.447222 0.854167 0.447222 0.853646 0.448148 0.852604 0.448148 0.852083 0.449074 0.851562 0.449074 0.851042 0.450000
0 0.349479 0.330556 0.348958 0.331481 0.348438 0.331481 0.347917 0.332407 0.347396 0.332407 0.345313 0.336111 0.345313 0.337963 0.344271 0.339815 0.344271 0.341667 0.343750 0.342593 0.343750 0.353704 0.344271 0.354630 0.344271 0.356481 0.344792 0.357407 0.344792 0.358333 0.348438 0.364815 0.348958 0.364815 0.349479 0.365741 0.352083 0.365741 0.352604 0.364815 0.353646 0.364815 0.354167 0.363889 0.354687 0.363889 0.356250 0.361111 0.356250 0.360185 0.357812 0.357407 0.357812 0.355556 0.358333 0.354630 0.358333 0.350926 0.358854 0.350000 0.358854 0.345370 0.358333 0.344444 0.358333 0.341667 0.357812 0.340741 0.357812 0.338889 0.357292 0.337963 0.357292 0.337037 0.356771 0.336111 0.356771 0.335185 0.355208 0.332407 0.354167 0.332407 0.353646 0.331481 0.353125 0.331481 0.352604 0.330556
0 0.116146 0.741667 0.114583 0.744444 0.114583 0.745370 0.114062 0.746296 0.113542 0.746296 0.113542 0.747222 0.113021 0.748148 0.113021 0.749074 0.112500 0.750000 0.112500 0.751852 0.111979 0.752778 0.111979 0.759259 0.112500 0.760185 0.112500 0.762037 0.113021 0.762963 0.113021 0.763889 0.113542 0.764815 0.113542 0.765741 0.114062 0.766667 0.114062 0.767593 0.116667 0.772222 0.117188 0.772222 0.117708 0.773148 0.118229 0.773148 0.118750 0.774074 0.119271 0.774074 0.119792 0.775000 0.120833 0.775000 0.121354 0.775926 0.126562 0.775926 0.127083 0.775000 0.128125 0.775000 0.128646 0.774074 0.129167 0.774074 0.130208 0.772222 0.130729 0.772222 0.132292 0.769444 0.132292 0.768519 0.132812 0.767593 0.132812 0.766667 0.133333 0.765741 0.133333 0.764815 0.133854 0.763889 0.133854 0.754630 0.133333 0.753704 0.133333 0.750926 0.132292 0.749074 0.132292 0.748148 0.129167 0.742593 0.128646 0.742593 0.128125 0.741667 0.127604 0.741667 0.127083 0.740741 0.126562 0.740741 0.126042 0.739815 0.124479 0.739815 0.123958 0.738889 0.119792 0.738889 0.119271 0.739815 0.118750 0.739815 0.118229 0.740741 0.117188 0.740741 0.116667 0.741667
0 0.544792 0.756481 0.544271 0.757407 0.543750 0.757407 0.543229 0.758333 0.542708 0.758333 0.541667 0.760185 0.541146 0.760185 0.539583 0.762963 0.539583 0.763889 0.538542 0.765741 0.538542 0.766667 0.538021 0.767593 0.538021 0.770370 0.537500 0.771296 0.537500 0.778704 0.538021 0.779630 0.538021 0.782407 0.538542 0.783333 0.538542 0.785185 0.539062 0.786111 0.539062 0.787037 0.543750 0.795370 0.544792 0.795370 0.545312 0.796296 0.545833 0.796296 0.546354 0.797222 0.547917 0.797222 0.548438 0.798148 0.550521 0.798148 0.551042 0.797222 0.552604 0.797222 0.553125 0.796296 0.554167 0.796296 0.555208 0.794444 0.555729 0.794444 0.557292 0.791667 0.557292 0.790741 0.558333 0.788889 0.558333 0.787963 0.558854 0.787037 0.558854 0.785185 0.559375 0.784259 0.559375 0.773148 0.558854 0.772222 0.558854 0.771296 0.558333 0.770370 0.558333 0.768519 0.557813 0.767593 0.557813 0.766667 0.556250 0.763889 0.556250 0.762963 0.555729 0.762037 0.555208 0.762037 0.553125 0.758333 0.552604 0.758333 0.552083 0.757407 0.551042 0.757407 0.550521 0.756481
0 0.517188 0.745370 0.516667 0.746296 0.516146 0.746296 0.515625 0.747222 0.515104 0.747222 0.514062 0.749074 0.514062 0.750000 0.512500 0.752778 0.512500 0.753704 0.511458 0.755556 0.511458 0.758333 0.510938 0.759259 0.510938 0.764815 0.511458 0.765741 0.511458 0.767593 0.511979 0.768519 0.511979 0.770370 0.512500 0.771296 0.512500 0.772222 0.513021 0.773148 0.513021 0.774074 0.515625 0.778704 0.516146 0.778704 0.517188 0.780556 0.517708 0.780556 0.518229 0.781481 0.518750 0.781481 0.519271 0.782407 0.525521 0.782407 0.526042 0.781481 0.526563 0.781481 0.527083 0.780556 0.527604 0.780556 0.529167 0.777778 0.529687 0.777778 0.530208 0.776852 0.530208 0.775926 0.531250 0.774074 0.531250 0.773148 0.531771 0.772222 0.531771 0.770370 0.532292 0.769444 0.532292 0.761111 0.531771 0.760185 0.531771 0.757407 0.530729 0.755556 0.530729 0.754630 0.530208 0.753704 0.530208 0.752778 0.527604 0.748148 0.527083 0.748148 0.526042 0.746296 0.525000 0.746296 0.524479 0.745370 0.523438 0.745370 0.522917 0.744444 0.519271 0.744444 0.518750 0.745370
0 0.663542 0.779630 0.661458 0.783333 0.661458 0.784259 0.660937 0.785185 0.660937 0.790741 0.661458 0.791667 0.661458 0.792593 0.661979 0.793519 0.661979 0.794444 0.663021 0.796296 0.663021 0.797222 0.663542 0.797222 0.665104 0.800000 0.665625 0.800000 0.666146 0.800926 0.666667 0.800926 0.667188 0.801852 0.670312 0.801852 0.670833 0.800926 0.671354 0.800926 0.672396 0.799074 0.672917 0.799074 0.672917 0.798148 0.673438 0.797222 0.673438 0.795370 0.673958 0.794444 0.673958 0.791667 0.673438 0.790741 0.673438 0.787963 0.672917 0.787037 0.672917 0.786111 0.669792 0.780556 0.668750 0.780556 0.668229 0.779630 0.667188 0.779630 0.666667 0.778704 0.665104 0.778704 0.664583 0.779630
0 0.197396 0.056481 0.197396 0.057407 0.196875 0.058333 0.196875 0.059259 0.196354 0.060185 0.196354 0.064815 0.196875 0.065741 0.196875 0.067593 0.200521 0.074074 0.201042 0.074074 0.201563 0.075000 0.202083 0.075000 0.202604 0.075926 0.204167 0.075926 0.204687 0.076852 0.208333 0.076852 0.208854 0.075926 0.210417 0.075926 0.210938 0.075000 0.211458 0.075000 0.211979 0.074074 0.212500 0.074074 0.214583 0.070370 0.214583 0.068519 0.215104 0.067593 0.215104 0.062037 0.214583 0.061111 0.214583 0.060185 0.212500 0.056481 0.212500 0.055556 0.211458 0.053704 0.210938 0.053704 0.210417 0.052778 0.209896 0.052778 0.209375 0.051852 0.208333 0.051852 0.207813 0.050926 0.202083 0.050926 0.201563 0.051852 0.200521 0.051852 0.200000 0.052778 0.199479 0.052778
0 0.677083 0.025000 0.676562 0.025926 0.676042 0.025926 0.675521 0.026852 0.675000 0.026852 0.674479 0.027778 0.673958 0.027778 0.672917 0.029630 0.672396 0.029630 0.671875 0.030556 0.671875 0.031481 0.670833 0.033333 0.670833 0.034259 0.669792 0.036111 0.669792 0.037963 0.669271 0.038889 0.669271 0.042593 0.668750 0.043519 0.668750 0.047222 0.669271 0.048148 0.669271 0.051852 0.669792 0.052778 0.669792 0.053704 0.670312 0.054630 0.670312 0.056481 0.671354 0.058333 0.671354 0.059259 0.671875 0.060185 0.671875 0.061111 0.672396 0.062037 0.672917 0.062037 0.674479 0.064815 0.675000 0.064815 0.676042 0.066667 0.676562 0.066667 0.677083 0.067593 0.678125 0.067593 0.678646 0.068519 0.683854 0.068519 0.684375 0.067593 0.685417 0.067593 0.685937 0.066667 0.686458 0.066667 0.686979 0.065741 0.687500 0.065741 0.688542 0.063889 0.689063 0.063889 0.690104 0.062037 0.690104 0.061111 0.691146 0.059259 0.691146 0.058333 0.691667 0.057407 0.691667 0.056481 0.692187 0.055556 0.692187 0.053704 0.692708 0.052778 0.692708 0.042593 0.692187 0.041667 0.692187 0.039815 0.691667 0.038889 0.691667 0.037037 0.690104 0.034259 0.690104 0.033333 0.686979 0.027778 0.686458 0.027778 0.685937 0.026852 0.685417 0.026852 0.684896 0.025926 0.683854 0.025926 0.683333 0.025000
0 0.778125 0.787037 0.776042 0.790741 0.776042 0.791667 0.775521 0.792593 0.775521 0.794444 0.775000 0.795370 0.775000 0.802778 0.775521 0.803704 0.775521 0.805556 0.776042 0.806481 0.776042 0.808333 0.777604 0.811111 0.777604 0.812037 0.778125 0.812963 0.778646 0.812963 0.779687 0.814815 0.780729 0.814815 0.781250 0.815741 0.782292 0.815741 0.782813 0.814815 0.783854 0.814815 0.784375 0.813889 0.784896 0.813889 0.784896 0.812963 0.785937 0.811111 0.785937 0.810185 0.786458 0.809259 0.786458 0.808333 0.786979 0.807407 0.786979 0.800000 0.786458 0.799074 0.786458 0.796296 0.785937 0.795370 0.785937 0.793519 0.784375 0.790741 0.784375 0.789815 0.783854 0.788889 0.783333 0.788889 0.782813 0.787963 0.782292 0.787963 0.781771 0.787037
0 0.320312 0.730556 0.319792 0.731481 0.318750 0.731481 0.318229 0.732407 0.317708 0.732407 0.317188 0.733333 0.316667 0.733333 0.313021 0.739815 0.313021 0.740741 0.312500 0.741667 0.312500 0.742593 0.311979 0.743519 0.311979 0.745370 0.311458 0.746296 0.311458 0.757407 0.311979 0.758333 0.311979 0.760185 0.313021 0.762037 0.313021 0.762963 0.314583 0.765741 0.314583 0.766667 0.315104 0.766667 0.316146 0.768519 0.316667 0.768519 0.317708 0.770370 0.318750 0.770370 0.319271 0.771296 0.324479 0.771296 0.325000 0.770370 0.326562 0.770370 0.327083 0.769444 0.327604 0.769444 0.328646 0.767593 0.329167 0.767593 0.330729 0.764815 0.330729 0.763889 0.331771 0.762037 0.331771 0.761111 0.332292 0.760185 0.332292 0.759259 0.332813 0.758333 0.332813 0.757407 0.333333 0.756481 0.333333 0.752778 0.333854 0.751852 0.333854 0.749074 0.333333 0.748148 0.333333 0.744444 0.332813 0.743519 0.332813 0.742593 0.332292 0.741667 0.332292 0.739815 0.330208 0.736111 0.330208 0.735185 0.329688 0.734259 0.329167 0.734259 0.328125 0.732407 0.327604 0.732407 0.327083 0.731481 0.325521 0.731481 0.325000 0.730556
0 0.210938 0.178704 0.210938 0.179630 0.209896 0.181481 0.209896 0.182407 0.209375 0.183333 0.209375 0.185185 0.208854 0.186111 0.208854 0.190741 0.209375 0.191667 0.209375 0.193519 0.209896 0.194444 0.209896 0.196296 0.210417 0.197222 0.210417 0.198148 0.212500 0.201852 0.213021 0.201852 0.214583 0.204630 0.215625 0.204630 0.216667 0.206481 0.217708 0.206481 0.218229 0.207407 0.225521 0.207407 0.226042 0.206481 0.227083 0.206481 0.227604 0.205556 0.228125 0.205556 0.228646 0.204630 0.229167 0.204630 0.232292 0.199074 0.232292 0.198148 0.232813 0.197222 0.232813 0.195370 0.233333 0.194444 0.233333 0.187963 0.232813 0.187037 0.232813 0.185185 0.232292 0.184259 0.232292 0.183333 0.231771 0.182407 0.231771 0.181481 0.231250 0.181481 0.230729 0.180556 0.230729 0.179630 0.229687 0.177778 0.229167 0.177778 0.228646 0.176852 0.228125 0.176852 0.227083 0.175000 0.226562 0.175000 0.226042 0.174074 0.225521 0.174074 0.225000 0.173148 0.223438 0.173148 0.222917 0.172222 0.218229 0.172222 0.217708 0.173148 0.216146 0.173148 0.215625 0.174074 0.214583 0.174074 0.214062 0.175000 0.213542 0.175000 0.212500 0.176852 0.211979 0.176852
0 0.134896 0.953704 0.133854 0.955556 0.133333 0.955556 0.131250 0.959259 0.131250 0.960185 0.130729 0.961111 0.130729 0.962037 0.130208 0.962963 0.130208 0.965741 0.129688 0.966667 0.129688 0.969444 0.130208 0.970370 0.130208 0.974074 0.130729 0.975000 0.130729 0.975926 0.131250 0.976852 0.131250 0.977778 0.133333 0.981481 0.133333 0.982407 0.133854 0.982407 0.134896 0.984259 0.135417 0.984259 0.135937 0.985185 0.136458 0.985185 0.136979 0.986111 0.138021 0.986111 0.138542 0.987037 0.143750 0.987037 0.144271 0.986111 0.145313 0.986111 0.145833 0.985185 0.146354 0.985185 0.147917 0.982407 0.148438 0.982407 0.148958 0.981481 0.148958 0.980556 0.150000 0.978704 0.150000 0.976852 0.150521 0.975926 0.150521 0.966667 0.150000 0.965741 0.150000 0.963889 0.149479 0.962963 0.149479 0.962037 0.148438 0.960185 0.148438 0.959259 0.147917 0.958333 0.147396 0.958333 0.145833 0.955556 0.145313 0.955556 0.144792 0.954630 0.144271 0.954630 0.143750 0.953704 0.143229 0.953704 0.142708 0.952778 0.140104 0.952778 0.139583 0.951852 0.139063 0.952778 0.136458 0.952778 0.135937 0.953704
0 0.254688 0.900000 0.254688 0.903704 0.255208 0.904630 0.255208 0.906481 0.255729 0.907407 0.255729 0.908333 0.256771 0.910185 0.257292 0.910185 0.258854 0.912963 0.259375 0.912963 0.259896 0.913889 0.260937 0.913889 0.261458 0.914815 0.263021 0.914815 0.263542 0.915741 0.268229 0.915741 0.268750 0.914815 0.270313 0.914815 0.270833 0.913889 0.271875 0.913889 0.272396 0.912963 0.272917 0.912963 0.273438 0.912037 0.273958 0.912037 0.277083 0.906481 0.277083 0.904630 0.277604 0.903704 0.277604 0.898148 0.277083 0.897222 0.277083 0.896296 0.275521 0.893519 0.275521 0.892593 0.275000 0.892593 0.273958 0.890741 0.272917 0.890741 0.271875 0.888889 0.270313 0.888889 0.269792 0.887963 0.263021 0.887963 0.262500 0.888889 0.261458 0.888889 0.260937 0.889815 0.259896 0.889815 0.258854 0.891667 0.258333 0.891667 0.255208 0.897222 0.255208 0.899074
0 0.210417 0.508333 0.209896 0.509259 0.208854 0.509259 0.205729 0.514815 0.205729 0.515741 0.205208 0.516667 0.205208 0.517593 0.204687 0.518519 0.204687 0.519444 0.204167 0.520370 0.204167 0.523148 0.203646 0.524074 0.203646 0.532407 0.204167 0.533333 0.204167 0.536111 0.204687 0.537037 0.204687 0.538889 0.205729 0.540741 0.205729 0.541667 0.207813 0.545370 0.208333 0.545370 0.208854 0.546296 0.213021 0.546296 0.214062 0.544444 0.214583 0.544444 0.216667 0.540741 0.216667 0.539815 0.217708 0.537963 0.217708 0.537037 0.218229 0.536111 0.218229 0.534259 0.218750 0.533333 0.218750 0.530556 0.219271 0.529630 0.219271 0.523148 0.218750 0.522222 0.218750 0.518519 0.218229 0.517593 0.218229 0.516667 0.217708 0.515741 0.217708 0.514815 0.217188 0.513889 0.217188 0.512963 0.215104 0.509259 0.214062 0.509259 0.213542 0.508333
0 0.720833 0.291667 0.717187 0.298148 0.717187 0.299074 0.716667 0.300000 0.716667 0.300926 0.716146 0.301852 0.716146 0.312037 0.716667 0.312963 0.716667 0.313889 0.717187 0.314815 0.717187 0.315741 0.717708 0.316667 0.718229 0.316667 0.719271 0.318519 0.719271 0.319444 0.719792 0.319444 0.720313 0.320370 0.720833 0.320370 0.721354 0.321296 0.721875 0.321296 0.722396 0.322222 0.723958 0.322222 0.724479 0.323148 0.728125 0.323148 0.728646 0.322222 0.730208 0.322222 0.730729 0.321296 0.731771 0.321296 0.732292 0.320370 0.732812 0.320370 0.733333 0.319444 0.733854 0.319444 0.736458 0.314815 0.736458 0.313889 0.737500 0.312037 0.737500 0.310185 0.738021 0.309259 0.738021 0.306481 0.738542 0.305556 0.738542 0.302778 0.738021 0.301852 0.738021 0.299074 0.736979 0.297222 0.736979 0.295370 0.736458 0.295370 0.734375 0.291667 0.733854 0.291667 0.733333 0.290741 0.732812 0.290741 0.732292 0.289815 0.731771 0.289815 0.731250 0.288889 0.724479 0.288889 0.723958 0.289815 0.722917 0.289815 0.722396 0.290741 0.721875 0.290741 0.721354 0.291667
0 0.935937 0.494444 0.935417 0.495370 0.934896 0.495370 0.934375 0.496296 0.933854 0.496296 0.932292 0.499074 0.931771 0.499074 0.931250 0.500000 0.931250 0.501852 0.930729 0.502778 0.930729 0.503704 0.930208 0.504630 0.930208 0.512037 0.930729 0.512963 0.930729 0.513889 0.931771 0.515741 0.931771 0.516667 0.932292 0.517593 0.932813 0.517593 0.933854 0.519444 0.935417 0.519444 0.935937 0.520370 0.939583 0.520370 0.940104 0.519444 0.941146 0.519444 0.941667 0.518519 0.942187 0.518519 0.945312 0.512963 0.945312 0.512037 0.945833 0.511111 0.945833 0.508333 0.946354 0.507407 0.946354 0.505556 0.945833 0.504630 0.945833 0.501852 0.945312 0.500926 0.945312 0.500000 0.943229 0.496296 0.942708 0.496296 0.942187 0.495370 0.941146 0.495370 0.940625 0.494444
0 0.671354 0.737963 0.670833 0.738889 0.669792 0.738889 0.668750 0.740741 0.668229 0.740741 0.668229 0.741667 0.667188 0.743519 0.667188 0.745370 0.666667 0.746296 0.666667 0.755556 0.667188 0.756481 0.667188 0.757407 0.667708 0.758333 0.667708 0.759259 0.669792 0.762963 0.670312 0.762963 0.670833 0.763889 0.671875 0.763889 0.672396 0.764815 0.672917 0.763889 0.674479 0.763889 0.676042 0.761111 0.676042 0.760185 0.677083 0.758333 0.677083 0.755556 0.677604 0.754630 0.677604 0.748148 0.677083 0.747222 0.677083 0.745370 0.676562 0.744444 0.676562 0.743519 0.675000 0.740741 0.675000 0.739815 0.674479 0.739815 0.673958 0.738889 0.672396 0.738889 0.671875 0.737963
0 0.255208 0.454630 0.255208 0.461111 0.255729 0.462037 0.255729 0.462963 0.256771 0.464815 0.257292 0.464815 0.258333 0.466667 0.258854 0.466667 0.259375 0.467593 0.260417 0.467593 0.260937 0.468519 0.265625 0.468519 0.266146 0.467593 0.267188 0.467593 0.268229 0.465741 0.269271 0.465741 0.270313 0.463889 0.270313 0.462963 0.271354 0.461111 0.271354 0.460185 0.271875 0.459259 0.271875 0.454630 0.271354 0.453704 0.271354 0.452778 0.270313 0.450926 0.270313 0.450000 0.269792 0.449074 0.269271 0.449074 0.268229 0.447222 0.267188 0.447222 0.266667 0.446296 0.260937 0.446296 0.260417 0.447222 0.259375 0.447222 0.258854 0.448148 0.258333 0.448148 0.255729 0.452778 0.255729 0.453704
0 0.697917 0.181481 0.696354 0.184259 0.696354 0.185185 0.695312 0.187037 0.695312 0.187963 0.694792 0.188889 0.694792 0.195370 0.695312 0.196296 0.695312 0.197222 0.695833 0.198148 0.695833 0.199074 0.698438 0.203704 0.698958 0.203704 0.699479 0.204630 0.700000 0.204630 0.700521 0.205556 0.702083 0.205556 0.702604 0.206481 0.704167 0.206481 0.704688 0.205556 0.706250 0.205556 0.706771 0.204630 0.707812 0.204630 0.710938 0.199074 0.710938 0.198148 0.711458 0.197222 0.711458 0.188889 0.710938 0.187963 0.710938 0.187037 0.707812 0.181481 0.707292 0.181481 0.706771 0.180556 0.706250 0.180556 0.705729 0.179630 0.700000 0.179630 0.699479 0.180556 0.698958 0.180556 0.698438 0.181481
0 0.739062 0.347222 0.738542 0.348148 0.738021 0.348148 0.737500 0.349074 0.736979 0.349074 0.736458 0.350000 0.735938 0.350000 0.733854 0.353704 0.733854 0.354630 0.732812 0.356481 0.732812 0.357407 0.732292 0.358333 0.732292 0.359259 0.731771 0.360185 0.731771 0.362037 0.731250 0.362963 0.731250 0.373148 0.731771 0.374074 0.731771 0.375926 0.732292 0.376852 0.732292 0.377778 0.732812 0.378704 0.732812 0.379630 0.734375 0.382407 0.734896 0.382407 0.736458 0.385185 0.737500 0.385185 0.738021 0.386111 0.741667 0.386111 0.742188 0.385185 0.743229 0.385185 0.743750 0.384259 0.744271 0.384259 0.745313 0.382407 0.745833 0.382407 0.747917 0.378704 0.747917 0.377778 0.748437 0.376852 0.748437 0.375926 0.749479 0.374074 0.749479 0.372222 0.750000 0.371296 0.750000 0.359259 0.749479 0.358333 0.749479 0.356481 0.748958 0.355556 0.748958 0.354630 0.747917 0.352778 0.747917 0.351852 0.746875 0.350000 0.746354 0.350000 0.745833 0.349074 0.745313 0.349074 0.744792 0.348148 0.744271 0.348148 0.743750 0.347222
0 0.860938 0.403704 0.858854 0.407407 0.858854 0.408333 0.857812 0.410185 0.857812 0.411111 0.857292 0.412037 0.857292 0.414815 0.856771 0.415741 0.856771 0.418519 0.857292 0.419444 0.857292 0.423148 0.858333 0.425000 0.858333 0.425926 0.858854 0.426852 0.858854 0.427778 0.861979 0.433333 0.863021 0.433333 0.863542 0.434259 0.864062 0.434259 0.864583 0.435185 0.865625 0.435185 0.866146 0.436111 0.870833 0.436111 0.871354 0.435185 0.872396 0.435185 0.872917 0.434259 0.873958 0.434259 0.875000 0.432407 0.875521 0.432407 0.875521 0.431481 0.876042 0.430556 0.876563 0.430556 0.877604 0.428704 0.877604 0.427778 0.878125 0.426852 0.878125 0.425926 0.878646 0.425000 0.878646 0.423148 0.879167 0.422222 0.879167 0.415741 0.878646 0.414815 0.878646 0.412963 0.878125 0.412037 0.878125 0.411111 0.877604 0.410185 0.877604 0.409259 0.874479 0.403704 0.873958 0.403704 0.872917 0.401852 0.871875 0.401852 0.871354 0.400926 0.869792 0.400926 0.869271 0.400000 0.865625 0.400000 0.865104 0.400926 0.863542 0.400926 0.863021 0.401852 0.862500 0.401852 0.861458 0.403704
0 0.895833 0.397222 0.895312 0.398148 0.894271 0.398148 0.893750 0.399074 0.893229 0.399074 0.889583 0.405556 0.889583 0.407407 0.889062 0.408333 0.889062 0.411111 0.888542 0.412037 0.888542 0.416667 0.889062 0.417593 0.889062 0.421296 0.889583 0.422222 0.889583 0.423148 0.890104 0.424074 0.890104 0.425000 0.892708 0.429630 0.893229 0.429630 0.894271 0.431481 0.895833 0.431481 0.896354 0.432407 0.898958 0.432407 0.899479 0.431481 0.900521 0.431481 0.901563 0.429630 0.902604 0.429630 0.903125 0.428704 0.903125 0.427778 0.904687 0.425000 0.904687 0.424074 0.905208 0.423148 0.905208 0.421296 0.905729 0.420370 0.905729 0.410185 0.905208 0.409259 0.905208 0.407407 0.904687 0.406481 0.904687 0.405556 0.902604 0.401852 0.902604 0.400926 0.902083 0.400000 0.901042 0.400000 0.900000 0.398148 0.898958 0.398148 0.898438 0.397222
0 0.613542 0.292593 0.613021 0.293519 0.612500 0.293519 0.611979 0.294444 0.611458 0.294444 0.608854 0.299074 0.608854 0.300000 0.608333 0.300926 0.608333 0.301852 0.607812 0.302778 0.607812 0.304630 0.607292 0.305556 0.607292 0.310185 0.607812 0.311111 0.607812 0.313889 0.608333 0.314815 0.608333 0.316667 0.609375 0.318519 0.609375 0.319444 0.610417 0.321296 0.610938 0.321296 0.612500 0.324074 0.613021 0.324074 0.614062 0.325926 0.615625 0.325926 0.616146 0.326852 0.621354 0.326852 0.621875 0.325926 0.622396 0.325926 0.622917 0.325000 0.623437 0.325000 0.623958 0.324074 0.624479 0.324074 0.624479 0.323148 0.625000 0.322222 0.625521 0.322222 0.626563 0.320370 0.626563 0.319444 0.627083 0.318519 0.627083 0.317593 0.627604 0.316667 0.627604 0.314815 0.628125 0.313889 0.628125 0.307407 0.627604 0.306481 0.627604 0.303704 0.627083 0.302778 0.627083 0.301852 0.625521 0.299074 0.625521 0.298148 0.625000 0.297222 0.624479 0.297222 0.623437 0.295370 0.622917 0.295370 0.621875 0.293519 0.621354 0.293519 0.620833 0.292593 0.618750 0.292593 0.618229 0.291667 0.615625 0.291667 0.615104 0.292593
0 0.348438 0.096296 0.348438 0.097222 0.347917 0.098148 0.347917 0.100000 0.347396 0.100926 0.347396 0.101852 0.346875 0.102778 0.346875 0.108333 0.347396 0.109259 0.347396 0.112037 0.348438 0.113889 0.348438 0.114815 0.348958 0.115741 0.348958 0.116667 0.349479 0.117593 0.350000 0.117593 0.351562 0.120370 0.352083 0.120370 0.352604 0.121296 0.353125 0.121296 0.353646 0.122222 0.354167 0.122222 0.354687 0.123148 0.356250 0.123148 0.356771 0.124074 0.364063 0.124074 0.364583 0.123148 0.365625 0.123148 0.366146 0.122222 0.367708 0.122222 0.368229 0.121296 0.368750 0.121296 0.369792 0.119444 0.370312 0.119444 0.370833 0.118519 0.371354 0.118519 0.373958 0.113889 0.373958 0.112963 0.374479 0.112037 0.374479 0.111111 0.375521 0.109259 0.375521 0.107407 0.376042 0.106481 0.376042 0.098148 0.375521 0.097222 0.375521 0.096296 0.375000 0.095370 0.375000 0.094444 0.373958 0.092593 0.373958 0.091667 0.373437 0.090741 0.372917 0.090741 0.371875 0.088889 0.371354 0.088889 0.370312 0.087037 0.369792 0.087037 0.369271 0.086111 0.368229 0.086111 0.367708 0.085185 0.366667 0.085185 0.366146 0.084259 0.359375 0.084259 0.358854 0.085185 0.357292 0.085185 0.356771 0.086111 0.356250 0.086111 0.355729 0.087037 0.354687 0.087037 0.354167 0.087963 0.353646 0.087963 0.353125 0.088889 0.352604 0.088889
0 0.752604 0.435185 0.752083 0.436111 0.751563 0.436111 0.751042 0.437037 0.750000 0.437037 0.746354 0.443519 0.746354 0.444444 0.745833 0.445370 0.745833 0.448148 0.745313 0.449074 0.745313 0.455556 0.745833 0.456481 0.745833 0.458333 0.746354 0.459259 0.746354 0.460185 0.746875 0.461111 0.746875 0.462037 0.750521 0.468519 0.751563 0.468519 0.752083 0.469444 0.752604 0.469444 0.753125 0.470370 0.755208 0.470370 0.755729 0.471296 0.758333 0.471296 0.758854 0.470370 0.760417 0.470370 0.760938 0.469444 0.761458 0.469444 0.761979 0.468519 0.762500 0.468519 0.763021 0.467593 0.763542 0.467593 0.764583 0.465741 0.764583 0.464815 0.765104 0.463889 0.765625 0.463889 0.765625 0.462963 0.766667 0.461111 0.766667 0.459259 0.767188 0.458333 0.767188 0.448148 0.766667 0.447222 0.766667 0.446296 0.766146 0.445370 0.766146 0.444444 0.765104 0.442593 0.765104 0.441667 0.764583 0.441667 0.763542 0.439815 0.763542 0.438889 0.763021 0.438889 0.761979 0.437037 0.761458 0.437037 0.760938 0.436111 0.759896 0.436111 0.759375 0.435185 0.756771 0.435185 0.756250 0.434259 0.755729 0.434259 0.755208 0.435185
0 0.111979 0.187037 0.110937 0.188889 0.110417 0.188889 0.109896 0.189815 0.109896 0.190741 0.109375 0.191667 0.108854 0.191667 0.107813 0.193519 0.107813 0.194444 0.107292 0.195370 0.107292 0.196296 0.106771 0.197222 0.106771 0.200000 0.106250 0.200926 0.106250 0.208333 0.106771 0.209259 0.106771 0.211111 0.107292 0.212037 0.107292 0.213889 0.108333 0.215741 0.108333 0.216667 0.109375 0.218519 0.109375 0.219444 0.109896 0.219444 0.110417 0.220370 0.110417 0.221296 0.110937 0.222222 0.111458 0.222222 0.111979 0.223148 0.112500 0.223148 0.113542 0.225000 0.114062 0.225000 0.114583 0.225926 0.115625 0.225926 0.116146 0.226852 0.121875 0.226852 0.122396 0.225926 0.123438 0.225926 0.123958 0.225000 0.124479 0.225000 0.125000 0.224074 0.125521 0.224074 0.128646 0.218519 0.128646 0.217593 0.129167 0.216667 0.129167 0.214815 0.129688 0.213889 0.129688 0.209259 0.130208 0.208333 0.129688 0.207407 0.129688 0.202778 0.129167 0.201852 0.129167 0.200000 0.128646 0.199074 0.128646 0.198148 0.128125 0.197222 0.128125 0.196296 0.127083 0.194444 0.127083 0.193519 0.126562 0.192593 0.126042 0.192593 0.125521 0.191667 0.125521 0.190741 0.125000 0.189815 0.124479 0.189815 0.123958 0.188889 0.123438 0.188889 0.122917 0.187963 0.122396 0.187963 0.121875 0.187037 0.120833 0.187037 0.120313 0.186111 0.118750 0.186111 0.118229 0.185185 0.115625 0.185185 0.115104 0.186111 0.113542 0.186111 0.113021 0.187037
0 0.032292 0.399074 0.031250 0.400926 0.030729 0.400926 0.029167 0.403704 0.029167 0.404630 0.028646 0.405556 0.028646 0.406481 0.028125 0.407407 0.028125 0.413889 0.028646 0.414815 0.028646 0.415741 0.029167 0.416667 0.029167 0.418519 0.032813 0.425000 0.033333 0.425000 0.033854 0.425926 0.034896 0.425926 0.035417 0.426852 0.040104 0.426852 0.041146 0.425000 0.041667 0.425000 0.043229 0.422222 0.043229 0.421296 0.043750 0.420370 0.043750 0.419444 0.044271 0.418519 0.044271 0.412037 0.043750 0.411111 0.043750 0.409259 0.043229 0.408333 0.043229 0.407407 0.041667 0.404630 0.041667 0.403704 0.040625 0.401852 0.039583 0.401852 0.038542 0.400000 0.038021 0.400000 0.037500 0.399074
0 0.831771 0.114815 0.830729 0.116667 0.829688 0.116667 0.828646 0.118519 0.828646 0.119444 0.827604 0.121296 0.827604 0.122222 0.827083 0.123148 0.827083 0.125000 0.826562 0.125926 0.826562 0.133333 0.827083 0.134259 0.827083 0.136111 0.827604 0.137037 0.827604 0.137963 0.828125 0.138889 0.828125 0.139815 0.828646 0.140741 0.829167 0.140741 0.831250 0.144444 0.832292 0.144444 0.832812 0.145370 0.833854 0.145370 0.834375 0.146296 0.836979 0.146296 0.837500 0.145370 0.839063 0.145370 0.839583 0.144444 0.840104 0.144444 0.841667 0.141667 0.842187 0.141667 0.843229 0.139815 0.843229 0.138889 0.843750 0.137963 0.843750 0.137037 0.844271 0.136111 0.844271 0.135185 0.844792 0.134259 0.844792 0.126852 0.844271 0.125926 0.844271 0.124074 0.843750 0.123148 0.843750 0.122222 0.842187 0.119444 0.842187 0.118519 0.841146 0.116667 0.840625 0.116667 0.840104 0.115741 0.839583 0.115741 0.839063 0.114815 0.838021 0.114815 0.837500 0.113889 0.833333 0.113889 0.832812 0.114815
0 0.116667 0.500000 0.115104 0.502778 0.114583 0.502778 0.113542 0.504630 0.113542 0.505556 0.113021 0.506481 0.113021 0.508333 0.112500 0.509259 0.112500 0.513889 0.113021 0.514815 0.113021 0.515741 0.113542 0.516667 0.113542 0.517593 0.115104 0.520370 0.115625 0.520370 0.116667 0.522222 0.117708 0.522222 0.118229 0.523148 0.123438 0.523148 0.123958 0.522222 0.125000 0.522222 0.126042 0.520370 0.127083 0.520370 0.129167 0.516667 0.129167 0.515741 0.129688 0.514815 0.129688 0.512963 0.130208 0.512037 0.130208 0.508333 0.129688 0.507407 0.129688 0.505556 0.129167 0.504630 0.129167 0.503704 0.128646 0.502778 0.128125 0.502778 0.126562 0.500000 0.125521 0.500000 0.125000 0.499074 0.123958 0.499074 0.123438 0.498148 0.119792 0.498148 0.119271 0.499074 0.118229 0.499074 0.117708 0.500000
0 0.105729 0.315741 0.105729 0.316667 0.105208 0.317593 0.105208 0.318519 0.104688 0.319444 0.104688 0.324074 0.105208 0.325000 0.105208 0.326852 0.106250 0.328704 0.106250 0.329630 0.107813 0.332407 0.108333 0.332407 0.108854 0.333333 0.109375 0.333333 0.110417 0.335185 0.111458 0.335185 0.111979 0.336111 0.117708 0.336111 0.118229 0.335185 0.119271 0.335185 0.120313 0.333333 0.121354 0.333333 0.122917 0.330556 0.122917 0.328704 0.123438 0.327778 0.123438 0.325926 0.123958 0.325000 0.123958 0.323148 0.123438 0.322222 0.123438 0.320370 0.122917 0.319444 0.122917 0.317593 0.120313 0.312963 0.119792 0.312963 0.119271 0.312037 0.118750 0.312037 0.118229 0.311111 0.117708 0.311111 0.117188 0.310185 0.115104 0.310185 0.114583 0.309259 0.112500 0.309259 0.111979 0.310185 0.109896 0.310185 0.109375 0.311111 0.108854 0.311111 0.108333 0.312037 0.107813 0.312037
0 0.622396 0.041667 0.620833 0.044444 0.620833 0.045370 0.620313 0.046296 0.620313 0.047222 0.619792 0.048148 0.619792 0.049074 0.619271 0.050000 0.619271 0.056481 0.619792 0.057407 0.619792 0.060185 0.620313 0.061111 0.620313 0.062037 0.620833 0.062963 0.620833 0.063889 0.622396 0.066667 0.622396 0.067593 0.622917 0.068519 0.623437 0.068519 0.625000 0.071296 0.625521 0.071296 0.626563 0.073148 0.627604 0.073148 0.628125 0.074074 0.629687 0.074074 0.630208 0.075000 0.634896 0.075000 0.635417 0.074074 0.636458 0.074074 0.636979 0.073148 0.638021 0.073148 0.639062 0.071296 0.639583 0.071296 0.639583 0.070370 0.641146 0.067593 0.641146 0.066667 0.641667 0.065741 0.641667 0.064815 0.642188 0.063889 0.642188 0.054630 0.641667 0.053704 0.641667 0.052778 0.641146 0.051852 0.641146 0.050926 0.640625 0.050000 0.640625 0.049074 0.639583 0.047222 0.639583 0.046296 0.638542 0.044444 0.638021 0.044444 0.635938 0.040741 0.634896 0.040741 0.634375 0.039815 0.633854 0.039815 0.633333 0.038889 0.631771 0.038889 0.631250 0.037963 0.626563 0.037963 0.626042 0.038889 0.625000 0.038889 0.624479 0.039815 0.623958 0.039815 0.622917 0.041667
0 0.081250 0.416667 0.081250 0.418519 0.081771 0.419444 0.081771 0.421296 0.082292 0.422222 0.082292 0.423148 0.084375 0.426852 0.084896 0.426852 0.085938 0.428704 0.086979 0.428704 0.087500 0.429630 0.088021 0.429630 0.088542 0.430556 0.093750 0.430556 0.094271 0.429630 0.094792 0.429630 0.095312 0.428704 0.096354 0.428704 0.098437 0.425000 0.098437 0.424074 0.098958 0.423148 0.098958 0.416667 0.097917 0.414815 0.097917 0.413889 0.095833 0.410185 0.095312 0.410185 0.094792 0.409259 0.094271 0.409259 0.093750 0.408333 0.092708 0.408333 0.092188 0.407407 0.085938 0.407407 0.085417 0.408333 0.084896 0.408333 0.083854 0.410185 0.083333 0.410185 0.082292 0.412037 0.082292 0.412963 0.081771 0.413889 0.081771 0.415741
0 0.151042 0.849074 0.150521 0.850000 0.150000 0.850000 0.149479 0.850926 0.148958 0.850926 0.147917 0.852778 0.147396 0.852778 0.145313 0.856481 0.145313 0.857407 0.144792 0.858333 0.144792 0.859259 0.144271 0.860185 0.144271 0.862963 0.143750 0.863889 0.143750 0.870370 0.144271 0.871296 0.144271 0.874074 0.144792 0.875000 0.144792 0.875926 0.145313 0.876852 0.145313 0.877778 0.145833 0.878704 0.145833 0.879630 0.147917 0.883333 0.148438 0.883333 0.149479 0.885185 0.150000 0.885185 0.150521 0.886111 0.151042 0.886111 0.151562 0.887037 0.153646 0.887037 0.154167 0.887963 0.156771 0.887963 0.157292 0.887037 0.158333 0.887037 0.158854 0.886111 0.159896 0.886111 0.160417 0.885185 0.160938 0.885185 0.164583 0.878704 0.164583 0.876852 0.165104 0.875926 0.165104 0.875000 0.165625 0.874074 0.165625 0.864815 0.165104 0.863889 0.165104 0.862037 0.164583 0.861111 0.164583 0.860185 0.163542 0.858333 0.163542 0.857407 0.162500 0.855556 0.162500 0.854630 0.161979 0.853704 0.161458 0.853704 0.160417 0.851852 0.159896 0.851852 0.159375 0.850926 0.158854 0.850926 0.158333 0.850000 0.157812 0.850000 0.157292 0.849074
0 0.847917 0.333333 0.847396 0.334259 0.846875 0.334259 0.846354 0.335185 0.845833 0.335185 0.843229 0.339815 0.843229 0.341667 0.842708 0.342593 0.842708 0.343519 0.842187 0.344444 0.842187 0.355556 0.842708 0.356481 0.842708 0.357407 0.843229 0.358333 0.843229 0.360185 0.843750 0.361111 0.843750 0.362037 0.844271 0.362963 0.844271 0.363889 0.846354 0.367593 0.846875 0.367593 0.848437 0.370370 0.848958 0.370370 0.849479 0.371296 0.850000 0.371296 0.850521 0.372222 0.855729 0.372222 0.856250 0.371296 0.856771 0.371296 0.857292 0.370370 0.857812 0.370370 0.858333 0.369444 0.858333 0.368519 0.859896 0.365741 0.859896 0.364815 0.860417 0.363889 0.860417 0.362037 0.860938 0.361111 0.860938 0.350000 0.860417 0.349074 0.860417 0.347222 0.859896 0.346296 0.859896 0.345370 0.858854 0.343519 0.858854 0.342593 0.858333 0.341667 0.858333 0.340741 0.857292 0.338889 0.856771 0.338889 0.855729 0.337037 0.855729 0.336111 0.855208 0.336111 0.854688 0.335185 0.854167 0.335185 0.853646 0.334259 0.852604 0.334259 0.852083 0.333333
0 0.689063 0.008333 0.686979 0.012037 0.686979 0.013889 0.686458 0.014815 0.686458 0.016667 0.685937 0.017593 0.685937 0.022222 0.686458 0.023148 0.686458 0.025000 0.686979 0.025926 0.686979 0.027778 0.687500 0.028704 0.687500 0.029630 0.690625 0.035185 0.691146 0.035185 0.692187 0.037037 0.693229 0.037037 0.693750 0.037963 0.694792 0.037963 0.695312 0.038889 0.700000 0.038889 0.700521 0.037963 0.701562 0.037963 0.702083 0.037037 0.703125 0.037037 0.706250 0.031481 0.706250 0.030556 0.706771 0.029630 0.706771 0.027778 0.707292 0.026852 0.707292 0.020370 0.706771 0.019444 0.706771 0.017593 0.706250 0.016667 0.706250 0.014815 0.704688 0.012037 0.704688 0.011111 0.704167 0.011111 0.702083 0.007407 0.701562 0.007407 0.701042 0.006481 0.700521 0.006481 0.700000 0.005556 0.698958 0.005556 0.698438 0.004630 0.693229 0.004630 0.692708 0.005556 0.691667 0.005556 0.691146 0.006481 0.690625 0.006481 0.689583 0.008333
0 0.904687 0.543519 0.903646 0.543519 0.903125 0.542593 0.901042 0.542593 0.900521 0.543519 0.899479 0.543519 0.898438 0.545370 0.897917 0.545370 0.895833 0.549074 0.895833 0.550000 0.894792 0.551852 0.894792 0.560185 0.895312 0.561111 0.895312 0.562963 0.895833 0.562963 0.897917 0.566667 0.898438 0.566667 0.898958 0.567593 0.903125 0.567593 0.904167 0.565741 0.904687 0.565741 0.907292 0.561111 0.907292 0.560185 0.907813 0.559259 0.907813 0.557407 0.908333 0.556481 0.908333 0.550926 0.907813 0.550000 0.907813 0.549074 0.907292 0.548148 0.907292 0.547222 0.905729 0.544444 0.905208 0.544444
0 0.321354 0.000000 0.311458 0.000000 0.311458 0.002778 0.310937 0.003704 0.310937 0.009259 0.311458 0.010185 0.311458 0.012963 0.311979 0.013889 0.311979 0.015741 0.313021 0.017593 0.313542 0.017593 0.314063 0.018519 0.316146 0.018519 0.319271 0.012963 0.319271 0.012037 0.319792 0.011111 0.319792 0.009259 0.320312 0.008333 0.320312 0.006481 0.320833 0.005556 0.320833 0.003704 0.321354 0.002778
0 0.342187 0.755556 0.341146 0.757407 0.340625 0.757407 0.338021 0.762037 0.338021 0.762963 0.336979 0.764815 0.336979 0.767593 0.336458 0.768519 0.336458 0.776852 0.336979 0.777778 0.336979 0.779630 0.337500 0.780556 0.337500 0.781481 0.338021 0.782407 0.338021 0.783333 0.339583 0.786111 0.340104 0.786111 0.341667 0.788889 0.342708 0.788889 0.343229 0.789815 0.348438 0.789815 0.348958 0.788889 0.349479 0.788889 0.350000 0.787963 0.350521 0.787963 0.351562 0.786111 0.352083 0.786111 0.352604 0.785185 0.352604 0.784259 0.354167 0.781481 0.354167 0.779630 0.354687 0.778704 0.354687 0.775926 0.355208 0.775000 0.355208 0.770370 0.354687 0.769444 0.354687 0.765741 0.354167 0.764815 0.354167 0.763889 0.352083 0.760185 0.352083 0.759259 0.351042 0.757407 0.350521 0.757407 0.350000 0.756481 0.349479 0.756481 0.348958 0.755556 0.347917 0.755556 0.347396 0.754630 0.344271 0.754630 0.343750 0.755556
0 0.862500 0.529630 0.861458 0.531481 0.860938 0.531481 0.858854 0.535185 0.858854 0.536111 0.857812 0.537963 0.857812 0.538889 0.857292 0.539815 0.857292 0.550000 0.857812 0.550926 0.857812 0.552778 0.858333 0.553704 0.858333 0.554630 0.859896 0.557407 0.859896 0.558333 0.860417 0.558333 0.861979 0.561111 0.862500 0.561111 0.863021 0.562037 0.863542 0.562037 0.864062 0.562963 0.865625 0.562963 0.866146 0.563889 0.871354 0.563889 0.871875 0.562963 0.872917 0.562963 0.873437 0.562037 0.873958 0.562037 0.874479 0.561111 0.875000 0.561111 0.877083 0.557407 0.877604 0.557407 0.877604 0.556481 0.878646 0.554630 0.878646 0.552778 0.879167 0.551852 0.879167 0.550000 0.879687 0.549074 0.879687 0.543519 0.879167 0.542593 0.879167 0.540741 0.878646 0.539815 0.878646 0.538889 0.878125 0.537963 0.878125 0.537037 0.876563 0.534259 0.876563 0.533333 0.876042 0.532407 0.875521 0.532407 0.874479 0.530556 0.873958 0.530556 0.873437 0.529630 0.872917 0.529630 0.872396 0.528704 0.870833 0.528704 0.870313 0.527778 0.865625 0.527778 0.865104 0.528704 0.864062 0.528704 0.863542 0.529630
0 0.841146 0.148148 0.840104 0.148148 0.839063 0.146296 0.837500 0.146296 0.836979 0.145370 0.832812 0.145370 0.832292 0.146296 0.830729 0.146296 0.830208 0.147222 0.829167 0.147222 0.828125 0.149074 0.827604 0.149074 0.827083 0.150000 0.826562 0.150000 0.824479 0.153704 0.824479 0.154630 0.823438 0.156481 0.823438 0.157407 0.822917 0.158333 0.822917 0.159259 0.822396 0.160185 0.822396 0.162037 0.821875 0.162963 0.821875 0.170370 0.822396 0.171296 0.822396 0.173148 0.822917 0.174074 0.822917 0.175000 0.823958 0.176852 0.823958 0.177778 0.824479 0.178704 0.825000 0.178704 0.826562 0.181481 0.827604 0.181481 0.828125 0.182407 0.829167 0.182407 0.829688 0.183333 0.835938 0.183333 0.836458 0.182407 0.837500 0.182407 0.838021 0.181481 0.838542 0.181481 0.839063 0.180556 0.839583 0.180556 0.841146 0.177778 0.841667 0.177778 0.843229 0.175000 0.843229 0.174074 0.843750 0.173148 0.843750 0.172222 0.844271 0.171296 0.844271 0.170370 0.844792 0.169444 0.844792 0.168519 0.845313 0.167593 0.845313 0.158333 0.844792 0.157407 0.844792 0.155556 0.844271 0.154630 0.844271 0.153704
0 0.002604 0.491667 0.002083 0.492593 0.001563 0.492593 0.001042 0.493519 0.000521 0.493519 0.000000 0.494444 0.000000 0.520370 0.000521 0.520370 0.001042 0.521296 0.001563 0.521296 0.002083 0.522222 0.002604 0.522222 0.003125 0.523148 0.008854 0.523148 0.009375 0.522222 0.010417 0.522222 0.012500 0.518519 0.013021 0.518519 0.013542 0.517593 0.013542 0.516667 0.014063 0.515741 0.014063 0.514815 0.014583 0.513889 0.014583 0.512963 0.015104 0.512037 0.015104 0.503704 0.014583 0.502778 0.014583 0.500926 0.013542 0.499074 0.013542 0.497222 0.013021 0.496296 0.012500 0.496296 0.010417 0.492593 0.009896 0.492593 0.009375 0.491667 0.007812 0.491667 0.007292 0.490741 0.004687 0.490741 0.004167 0.491667
0 0.159896 0.153704 0.158854 0.155556 0.158333 0.155556 0.156250 0.159259 0.156250 0.160185 0.155208 0.162037 0.155208 0.163889 0.154688 0.164815 0.154688 0.171296 0.155208 0.172222 0.155208 0.174074 0.155729 0.175000 0.155729 0.176852 0.156771 0.178704 0.156771 0.179630 0.157292 0.179630 0.158333 0.181481 0.158333 0.182407 0.158854 0.182407 0.159896 0.184259 0.160417 0.184259 0.160938 0.185185 0.161458 0.185185 0.161979 0.186111 0.163542 0.186111 0.164062 0.187037 0.168750 0.187037 0.169271 0.186111 0.170313 0.186111 0.170833 0.185185 0.171354 0.185185 0.172396 0.183333 0.172917 0.183333 0.173958 0.181481 0.173958 0.180556 0.175000 0.178704 0.175000 0.177778 0.175521 0.176852 0.175521 0.174074 0.176042 0.173148 0.176042 0.169444 0.175521 0.168519 0.175521 0.165741 0.175000 0.164815 0.175000 0.163889 0.174479 0.162963 0.174479 0.162037 0.172917 0.159259 0.172917 0.158333 0.172396 0.157407 0.171875 0.157407 0.170833 0.155556 0.170313 0.155556 0.169792 0.154630 0.169271 0.154630 0.168750 0.153704 0.167708 0.153704 0.167187 0.152778 0.161979 0.152778 0.161458 0.153704
0 0.926042 0.674074 0.925521 0.675000 0.924479 0.675000 0.923958 0.675926 0.922917 0.675926 0.921354 0.678704 0.920833 0.678704 0.919271 0.681481 0.919271 0.682407 0.918229 0.684259 0.918229 0.686111 0.917708 0.687037 0.917708 0.688889 0.917188 0.689815 0.917188 0.695370 0.917708 0.696296 0.917708 0.698148 0.918229 0.699074 0.918229 0.700000 0.918750 0.700926 0.918750 0.701852 0.919271 0.701852 0.919792 0.702778 0.919792 0.703704 0.920833 0.705556 0.921354 0.705556 0.921875 0.706481 0.922396 0.706481 0.922917 0.707407 0.923438 0.707407 0.923958 0.708333 0.930208 0.708333 0.930729 0.707407 0.931771 0.707407 0.932292 0.706481 0.932813 0.706481 0.933854 0.704630 0.934375 0.704630 0.936458 0.700926 0.936458 0.700000 0.936979 0.699074 0.936979 0.698148 0.937500 0.697222 0.937500 0.696296 0.938021 0.695370 0.938021 0.685185 0.937500 0.684259 0.937500 0.683333 0.936979 0.682407 0.936979 0.681481 0.935417 0.678704 0.934896 0.678704 0.933333 0.675926 0.932813 0.675926 0.932292 0.675000 0.931250 0.675000 0.930729 0.674074
0 0.984896 0.264815 0.981771 0.264815 0.981250 0.265741 0.980208 0.265741 0.979688 0.266667 0.979167 0.266667 0.976562 0.271296 0.976562 0.272222 0.976042 0.273148 0.976042 0.275000 0.975521 0.275926 0.975521 0.282407 0.976042 0.283333 0.976042 0.284259 0.976562 0.285185 0.976562 0.286111 0.978125 0.288889 0.978646 0.288889 0.979167 0.289815 0.980208 0.289815 0.980729 0.290741 0.983333 0.290741 0.983854 0.289815 0.984896 0.289815 0.985938 0.287963 0.986458 0.287963 0.988542 0.284259 0.988542 0.283333 0.989062 0.282407 0.989062 0.281481 0.989583 0.280556 0.989583 0.273148 0.989062 0.272222 0.989062 0.271296 0.988542 0.270370 0.988542 0.269444 0.986979 0.266667 0.986458 0.266667 0.985938 0.265741 0.985417 0.265741
0 0.101562 0.394444 0.100521 0.396296 0.100000 0.396296 0.098958 0.398148 0.098958 0.399074 0.097396 0.401852 0.097396 0.402778 0.096875 0.403704 0.096875 0.406481 0.096354 0.407407 0.096354 0.411111 0.096875 0.412037 0.096875 0.414815 0.097396 0.415741 0.097396 0.416667 0.097917 0.417593 0.097917 0.418519 0.098958 0.420370 0.098958 0.421296 0.099479 0.421296 0.101562 0.425000 0.102083 0.425000 0.102604 0.425926 0.104167 0.425926 0.104688 0.426852 0.109375 0.426852 0.109896 0.425926 0.110937 0.425926 0.111979 0.424074 0.112500 0.424074 0.114062 0.421296 0.114062 0.420370 0.114583 0.419444 0.114583 0.418519 0.115104 0.417593 0.115104 0.416667 0.115625 0.415741 0.115625 0.407407 0.115104 0.406481 0.115104 0.405556 0.114583 0.404630 0.114583 0.402778 0.113542 0.400926 0.113542 0.400000 0.112500 0.398148 0.111979 0.398148 0.110417 0.395370 0.109375 0.395370 0.108854 0.394444 0.107813 0.394444 0.107292 0.393519 0.103646 0.393519 0.103125 0.394444
0 0.984375 0.750000 0.983333 0.751852 0.983333 0.752778 0.982812 0.753704 0.982812 0.755556 0.982292 0.756481 0.982292 0.761111 0.982812 0.762037 0.982812 0.763889 0.983854 0.765741 0.983854 0.766667 0.984375 0.767593 0.984896 0.767593 0.985938 0.769444 0.986458 0.769444 0.986979 0.770370 0.988021 0.770370 0.988542 0.771296 0.991146 0.771296 0.991667 0.770370 0.993229 0.770370 0.994271 0.768519 0.994792 0.768519 0.995313 0.767593 0.995313 0.766667 0.996354 0.764815 0.996354 0.763889 0.996875 0.762963 0.996875 0.755556 0.996354 0.754630 0.996354 0.753704 0.993750 0.749074 0.993229 0.749074 0.992708 0.748148 0.991667 0.748148 0.991146 0.747222 0.988021 0.747222 0.987500 0.748148 0.985938 0.748148 0.984896 0.750000
0 0.575521 0.946296 0.573958 0.949074 0.573958 0.950000 0.572917 0.951852 0.572917 0.952778 0.572396 0.953704 0.572396 0.960185 0.572917 0.961111 0.572917 0.962037 0.573438 0.962963 0.573438 0.963889 0.575521 0.967593 0.576042 0.967593 0.576562 0.968519 0.578125 0.968519 0.578646 0.969444 0.580729 0.969444 0.581250 0.968519 0.582812 0.968519 0.583333 0.967593 0.584375 0.967593 0.587500 0.962037 0.587500 0.961111 0.588021 0.960185 0.588021 0.959259 0.588542 0.958333 0.588542 0.953704 0.588021 0.952778 0.588021 0.951852 0.587500 0.950926 0.587500 0.950000 0.585417 0.946296 0.584896 0.946296 0.583854 0.944444 0.578125 0.944444 0.577604 0.945370 0.577083 0.945370 0.576562 0.946296
0 0.203646 0.414815 0.203646 0.415741 0.203125 0.416667 0.203125 0.417593 0.202604 0.418519 0.202604 0.427778 0.203125 0.428704 0.203125 0.429630 0.203646 0.430556 0.203646 0.431481 0.206250 0.436111 0.206771 0.436111 0.207813 0.437963 0.208333 0.437963 0.208854 0.438889 0.209896 0.438889 0.210417 0.439815 0.211458 0.439815 0.211979 0.440741 0.218750 0.440741 0.219271 0.439815 0.220312 0.439815 0.220833 0.438889 0.221875 0.438889 0.222396 0.437963 0.222917 0.437963 0.224479 0.435185 0.225000 0.435185 0.225521 0.434259 0.225521 0.433333 0.226562 0.431481 0.226562 0.430556 0.227083 0.429630 0.227083 0.428704 0.227604 0.427778 0.227604 0.420370 0.227083 0.419444 0.227083 0.417593 0.226042 0.415741 0.226042 0.414815 0.222917 0.409259 0.222396 0.409259 0.221875 0.408333 0.220833 0.408333 0.220312 0.407407 0.219271 0.407407 0.218750 0.406481 0.217188 0.406481 0.216667 0.405556 0.213021 0.405556 0.212500 0.406481 0.210938 0.406481 0.210417 0.407407 0.209375 0.407407 0.208854 0.408333 0.207813 0.408333 0.207292 0.409259 0.206771 0.409259
0 0.470833 0.537037 0.470313 0.537037 0.469792 0.536111 0.468750 0.536111 0.468229 0.535185 0.464062 0.535185 0.463542 0.536111 0.462500 0.536111 0.461979 0.537037 0.460938 0.537037 0.460417 0.537963 0.459896 0.537963 0.456250 0.544444 0.456250 0.545370 0.455729 0.546296 0.455729 0.547222 0.455208 0.548148 0.455208 0.550000 0.454688 0.550926 0.454688 0.558333 0.455208 0.559259 0.455208 0.560185 0.455729 0.561111 0.455729 0.562037 0.457813 0.565741 0.458854 0.565741 0.459375 0.566667 0.460417 0.566667 0.460938 0.567593 0.465104 0.567593 0.465625 0.566667 0.466667 0.566667 0.467187 0.565741 0.467708 0.565741 0.468229 0.564815 0.468750 0.564815 0.470313 0.562037 0.470833 0.562037 0.470833 0.561111 0.472396 0.558333 0.472396 0.557407 0.473438 0.555556 0.473438 0.553704 0.473958 0.552778 0.473958 0.544444 0.473438 0.543519 0.473438 0.541667
0 0.454167 0.327778 0.453646 0.328704 0.452604 0.328704 0.450521 0.332407 0.450521 0.333333 0.449479 0.335185 0.449479 0.337037 0.448958 0.337963 0.448958 0.348148 0.449479 0.349074 0.449479 0.350000 0.450000 0.350926 0.450000 0.352778 0.451042 0.354630 0.451042 0.355556 0.452083 0.357407 0.452604 0.357407 0.453646 0.359259 0.454688 0.359259 0.455208 0.360185 0.458333 0.360185 0.458854 0.359259 0.459896 0.359259 0.462500 0.354630 0.462500 0.353704 0.463021 0.352778 0.463021 0.351852 0.463542 0.350926 0.463542 0.347222 0.464062 0.346296 0.464062 0.344444 0.463542 0.343519 0.463542 0.339815 0.463021 0.338889 0.463021 0.337037 0.462500 0.336111 0.462500 0.335185 0.461458 0.333333 0.461458 0.332407 0.460417 0.330556 0.459896 0.330556 0.459375 0.329630 0.458854 0.329630 0.458333 0.328704 0.457813 0.328704 0.457292 0.327778
0 0.551562 0.030556 0.551562 0.032407 0.551042 0.033333 0.551042 0.041667 0.551562 0.042593 0.551562 0.043519 0.552083 0.044444 0.552083 0.045370 0.554167 0.049074 0.554688 0.049074 0.556250 0.051852 0.556771 0.051852 0.557292 0.052778 0.558333 0.052778 0.558854 0.053704 0.564063 0.053704 0.564583 0.052778 0.565625 0.052778 0.566146 0.051852 0.566667 0.051852 0.567187 0.050926 0.567708 0.050926 0.568750 0.049074 0.568750 0.048148 0.569271 0.047222 0.569271 0.046296 0.569792 0.045370 0.569792 0.042593 0.570312 0.041667 0.570312 0.038889 0.569792 0.037963 0.569792 0.036111 0.569271 0.035185 0.569271 0.033333 0.567187 0.029630 0.567187 0.028704 0.566667 0.028704 0.565104 0.025926 0.564063 0.025926 0.563542 0.025000 0.562500 0.025000 0.561979 0.024074 0.556771 0.024074 0.556250 0.025000 0.555208 0.025000 0.554688 0.025926 0.554167 0.025926
0 0.955208 0.802778 0.954167 0.804630 0.953646 0.804630 0.953125 0.805556 0.953125 0.806481 0.952083 0.808333 0.952083 0.809259 0.951562 0.810185 0.951562 0.812963 0.951042 0.813889 0.951042 0.818519 0.951562 0.819444 0.951562 0.822222 0.952083 0.823148 0.952083 0.824074 0.953125 0.825926 0.953125 0.826852 0.954688 0.829630 0.955208 0.829630 0.955729 0.830556 0.956250 0.830556 0.956771 0.831481 0.958854 0.831481 0.959375 0.830556 0.960938 0.830556 0.960938 0.829630 0.963021 0.825926 0.963021 0.825000 0.963542 0.824074 0.963542 0.823148 0.964063 0.822222 0.964063 0.812963 0.963542 0.812037 0.963542 0.810185 0.963021 0.809259 0.963021 0.808333 0.960417 0.803704 0.959375 0.803704 0.958854 0.802778
0 0.360417 0.605556 0.359375 0.607407 0.358333 0.607407 0.355208 0.612963 0.355208 0.613889 0.354687 0.614815 0.354687 0.616667 0.354167 0.617593 0.354167 0.627778 0.354687 0.628704 0.354687 0.629630 0.355208 0.630556 0.355208 0.631481 0.356250 0.633333 0.356250 0.634259 0.359375 0.639815 0.359896 0.639815 0.360417 0.640741 0.360938 0.640741 0.361458 0.641667 0.361979 0.641667 0.362500 0.642593 0.368750 0.642593 0.369271 0.641667 0.370312 0.641667 0.370833 0.640741 0.371354 0.640741 0.372917 0.637963 0.373437 0.637963 0.373958 0.637037 0.373958 0.636111 0.375000 0.634259 0.375000 0.633333 0.375521 0.632407 0.375521 0.630556 0.376042 0.629630 0.376042 0.620370 0.375521 0.619444 0.375521 0.618519 0.375000 0.617593 0.375000 0.616667 0.374479 0.615741 0.374479 0.614815 0.373437 0.612963 0.373437 0.612037 0.372917 0.612037 0.372396 0.611111 0.372396 0.610185 0.371875 0.610185 0.370312 0.607407 0.369792 0.607407 0.369271 0.606481 0.368750 0.606481 0.368229 0.605556 0.366146 0.605556 0.365625 0.604630 0.362500 0.604630 0.361979 0.605556
0 0.014583 0.397222 0.014063 0.398148 0.013542 0.398148 0.010937 0.402778 0.010937 0.404630 0.010417 0.405556 0.010417 0.406481 0.009896 0.407407 0.009896 0.411111 0.009375 0.412037 0.009375 0.412963 0.009896 0.413889 0.009896 0.418519 0.010417 0.419444 0.010417 0.420370 0.011458 0.422222 0.011458 0.423148 0.014063 0.427778 0.014583 0.427778 0.015104 0.428704 0.015625 0.428704 0.016146 0.429630 0.017708 0.429630 0.018229 0.430556 0.019271 0.430556 0.019792 0.429630 0.021875 0.429630 0.022917 0.427778 0.023438 0.427778 0.023958 0.426852 0.024479 0.426852 0.025000 0.425926 0.025000 0.425000 0.026042 0.423148 0.026042 0.422222 0.026562 0.421296 0.026562 0.419444 0.027083 0.418519 0.027083 0.409259 0.026562 0.408333 0.026562 0.407407 0.026042 0.406481 0.026042 0.404630 0.024479 0.401852 0.024479 0.400926 0.023438 0.399074 0.022917 0.399074 0.022396 0.398148 0.021875 0.398148 0.021354 0.397222 0.020313 0.397222 0.019792 0.396296 0.016146 0.396296 0.015625 0.397222
0 0.456250 0.218519 0.455729 0.219444 0.455208 0.219444 0.453125 0.223148 0.453125 0.224074 0.451562 0.226852 0.451562 0.228704 0.451042 0.229630 0.451042 0.237963 0.451562 0.238889 0.451562 0.240741 0.452083 0.241667 0.452083 0.242593 0.453125 0.244444 0.453125 0.245370 0.453646 0.246296 0.454167 0.246296 0.455729 0.249074 0.456250 0.249074 0.456771 0.250000 0.457292 0.250000 0.457813 0.250926 0.458333 0.250926 0.458854 0.251852 0.464583 0.251852 0.465104 0.250926 0.466146 0.250926 0.466667 0.250000 0.467187 0.250000 0.467708 0.249074 0.468229 0.249074 0.469271 0.247222 0.469271 0.246296 0.470313 0.244444 0.470313 0.243519 0.471354 0.241667 0.471354 0.238889 0.471875 0.237963 0.471875 0.232407 0.471354 0.231481 0.471354 0.229630 0.470833 0.228704 0.470833 0.227778 0.469792 0.225926 0.469792 0.225000 0.467187 0.220370 0.466667 0.220370 0.465625 0.218519 0.464583 0.218519 0.464062 0.217593 0.461979 0.217593 0.461458 0.216667 0.460417 0.216667 0.459896 0.217593 0.457813 0.217593 0.457292 0.218519
0 0.199479 0.486111 0.199479 0.487037 0.198958 0.487963 0.198958 0.489815 0.198437 0.490741 0.198437 0.496296 0.198958 0.497222 0.198958 0.499074 0.199479 0.500000 0.199479 0.501852 0.200521 0.503704 0.200521 0.504630 0.201042 0.504630 0.203646 0.509259 0.204687 0.509259 0.205729 0.511111 0.206771 0.511111 0.207292 0.512037 0.213542 0.512037 0.214062 0.511111 0.214583 0.511111 0.215104 0.510185 0.215625 0.510185 0.216667 0.508333 0.217188 0.508333 0.217708 0.507407 0.217708 0.506481 0.218750 0.504630 0.218750 0.502778 0.219271 0.501852 0.219271 0.493519 0.218750 0.492593 0.218750 0.490741 0.217708 0.488889 0.217708 0.487963 0.215104 0.483333 0.214583 0.483333 0.213542 0.481481 0.213021 0.481481 0.212500 0.480556 0.211458 0.480556 0.210938 0.479630 0.204687 0.479630 0.204167 0.480556 0.203646 0.480556 0.203125 0.481481 0.202083 0.481481
0 0.943229 0.399074 0.942708 0.400000 0.941667 0.400000 0.940625 0.401852 0.940104 0.401852 0.936979 0.407407 0.936979 0.409259 0.936458 0.410185 0.936458 0.412963 0.935937 0.413889 0.935937 0.418519 0.936458 0.419444 0.936458 0.422222 0.936979 0.423148 0.936979 0.424074 0.937500 0.425000 0.937500 0.425926 0.938021 0.426852 0.938021 0.427778 0.938542 0.428704 0.939063 0.428704 0.941146 0.432407 0.941667 0.432407 0.942187 0.433333 0.943229 0.433333 0.943750 0.434259 0.948438 0.434259 0.948958 0.433333 0.950000 0.433333 0.951042 0.431481 0.951562 0.431481 0.953125 0.428704 0.953646 0.428704 0.953646 0.427778 0.954688 0.425926 0.954688 0.425000 0.955208 0.424074 0.955208 0.422222 0.955729 0.421296 0.955729 0.412963 0.955208 0.412037 0.955208 0.410185 0.954688 0.409259 0.954688 0.408333 0.954167 0.407407 0.954167 0.406481 0.952604 0.403704 0.952083 0.403704 0.951562 0.402778 0.951562 0.401852 0.951042 0.400926 0.950000 0.400926 0.949479 0.400000 0.948958 0.400000 0.948438 0.399074
0 0.284896 0.860185 0.284896 0.864815 0.285417 0.865741 0.285417 0.866667 0.285938 0.867593 0.285938 0.868519 0.286979 0.870370 0.287500 0.870370 0.289062 0.873148 0.290104 0.873148 0.290625 0.874074 0.293229 0.874074 0.293750 0.875000 0.294792 0.875000 0.295312 0.874074 0.297917 0.874074 0.298438 0.873148 0.298958 0.873148 0.300000 0.871296 0.301042 0.871296 0.301563 0.870370 0.301563 0.869444 0.302604 0.867593 0.302604 0.866667 0.303125 0.865741 0.303125 0.860185 0.302604 0.859259 0.302604 0.858333 0.301042 0.855556 0.300521 0.855556 0.299479 0.853704 0.298958 0.853704 0.298438 0.852778 0.297396 0.852778 0.296875 0.851852 0.290625 0.851852 0.290104 0.852778 0.289062 0.852778 0.288021 0.854630 0.287500 0.854630 0.285417 0.858333 0.285417 0.859259
0 0.172917 0.685185 0.171354 0.687963 0.171354 0.688889 0.170313 0.690741 0.170313 0.693519 0.169792 0.694444 0.169792 0.695370 0.170313 0.696296 0.170313 0.700000 0.170833 0.700926 0.170833 0.701852 0.173437 0.706481 0.173958 0.706481 0.174479 0.707407 0.175521 0.707407 0.176042 0.708333 0.179167 0.708333 0.179688 0.707407 0.180729 0.707407 0.182292 0.704630 0.182812 0.704630 0.182812 0.703704 0.183333 0.702778 0.183333 0.701852 0.183854 0.700926 0.183854 0.693519 0.183333 0.692593 0.183333 0.691667 0.182812 0.690741 0.182812 0.689815 0.181250 0.687037 0.180729 0.687037 0.179688 0.685185 0.179167 0.685185 0.178646 0.684259 0.174479 0.684259 0.173958 0.685185
0 0.207292 0.274074 0.206771 0.275000 0.206250 0.275000 0.205208 0.276852 0.204687 0.276852 0.203125 0.279630 0.203125 0.280556 0.202083 0.282407 0.202083 0.283333 0.201563 0.284259 0.201563 0.285185 0.201042 0.286111 0.201042 0.287963 0.200521 0.288889 0.200521 0.295370 0.201042 0.296296 0.201042 0.299074 0.201563 0.300000 0.201563 0.301852 0.202604 0.303704 0.202604 0.304630 0.205729 0.310185 0.206250 0.310185 0.206771 0.311111 0.207292 0.311111 0.207813 0.312037 0.208333 0.312037 0.208854 0.312963 0.210417 0.312963 0.210938 0.313889 0.215104 0.313889 0.215625 0.312963 0.217188 0.312963 0.217708 0.312037 0.218229 0.312037 0.219271 0.310185 0.219792 0.310185 0.222917 0.304630 0.222917 0.303704 0.223438 0.302778 0.223438 0.300926 0.223958 0.300000 0.223958 0.288889 0.223438 0.287963 0.223438 0.286111 0.222917 0.285185 0.222917 0.284259 0.222396 0.283333 0.222396 0.282407 0.218750 0.275926 0.218229 0.275926 0.217708 0.275000 0.216667 0.275000 0.216146 0.274074 0.215104 0.274074 0.214583 0.273148 0.208854 0.273148 0.208333 0.274074
0 0.413542 0.521296 0.413021 0.522222 0.411979 0.522222 0.411458 0.523148 0.410417 0.523148 0.409375 0.525000 0.408854 0.525000 0.405729 0.530556 0.405729 0.532407 0.405208 0.533333 0.405208 0.534259 0.404687 0.535185 0.404687 0.538889 0.404167 0.539815 0.404167 0.544444 0.404687 0.545370 0.404687 0.548148 0.405208 0.549074 0.405208 0.550926 0.405729 0.551852 0.405729 0.552778 0.406250 0.553704 0.406250 0.554630 0.409896 0.561111 0.410417 0.561111 0.411458 0.562963 0.411979 0.562963 0.412500 0.563889 0.414062 0.563889 0.414583 0.564815 0.419792 0.564815 0.420312 0.563889 0.421354 0.563889 0.421875 0.562963 0.422396 0.562963 0.422917 0.562037 0.423438 0.562037 0.423958 0.561111 0.424479 0.561111 0.424479 0.560185 0.425000 0.559259 0.425521 0.559259 0.425521 0.558333 0.427083 0.555556 0.427083 0.554630 0.427604 0.553704 0.427604 0.551852 0.428125 0.550926 0.428125 0.549074 0.428646 0.548148 0.428646 0.540741 0.428125 0.539815 0.428125 0.537037 0.427604 0.536111 0.427604 0.535185 0.427083 0.534259 0.427083 0.533333 0.426042 0.531481 0.426042 0.530556 0.425521 0.529630 0.425521 0.528704 0.425000 0.527778 0.424479 0.527778 0.422917 0.525000 0.422396 0.525000 0.421875 0.524074 0.421354 0.524074 0.420833 0.523148 0.420312 0.523148 0.419792 0.522222 0.418750 0.522222 0.418229 0.521296
0 0.969271 0.240741 0.968750 0.241667 0.967708 0.241667 0.967187 0.242593 0.966667 0.242593 0.966146 0.243519 0.965625 0.243519 0.962500 0.249074 0.962500 0.250000 0.961458 0.251852 0.961458 0.261111 0.961979 0.262037 0.961979 0.262963 0.962500 0.263889 0.962500 0.264815 0.965104 0.269444 0.965625 0.269444 0.966146 0.270370 0.966667 0.270370 0.967187 0.271296 0.968229 0.271296 0.968750 0.272222 0.973958 0.272222 0.974479 0.271296 0.975521 0.271296 0.976042 0.270370 0.976562 0.270370 0.977083 0.269444 0.977604 0.269444 0.979688 0.265741 0.980208 0.265741 0.980208 0.264815 0.980729 0.263889 0.980729 0.262963 0.981250 0.262037 0.981250 0.261111 0.981771 0.260185 0.981771 0.251852 0.981250 0.250926 0.981250 0.250000 0.980729 0.249074 0.980729 0.248148 0.978646 0.244444 0.978125 0.244444 0.977083 0.242593 0.976562 0.242593 0.976042 0.241667 0.975000 0.241667 0.974479 0.240741
0 0.689063 0.647222 0.681771 0.647222 0.681250 0.648148 0.679688 0.648148 0.679167 0.649074 0.678125 0.649074 0.677604 0.650000 0.677083 0.650000 0.676562 0.650926 0.676042 0.650926 0.675000 0.652778 0.674479 0.652778 0.670833 0.659259 0.670833 0.660185 0.670312 0.661111 0.670312 0.662963 0.669792 0.663889 0.669792 0.670370 0.670312 0.671296 0.670312 0.672222 0.670833 0.673148 0.670833 0.674074 0.672917 0.677778 0.673438 0.677778 0.674479 0.679630 0.675000 0.679630 0.675521 0.680556 0.676042 0.680556 0.676562 0.681481 0.678125 0.681481 0.678646 0.682407 0.685417 0.682407 0.685937 0.681481 0.687500 0.681481 0.688021 0.680556 0.689063 0.680556 0.689583 0.679630 0.690104 0.679630 0.690625 0.678704 0.691146 0.678704 0.691667 0.677778 0.692187 0.677778 0.694271 0.674074 0.694792 0.674074 0.694792 0.673148 0.696354 0.670370 0.696354 0.669444 0.696875 0.668519 0.696875 0.667593 0.697396 0.666667 0.697396 0.659259 0.696875 0.658333 0.696875 0.657407 0.696354 0.656481 0.696354 0.655556 0.693229 0.650000 0.692708 0.650000 0.692187 0.649074 0.691146 0.649074 0.690625 0.648148 0.689583 0.648148
0 0.309896 0.388889 0.308854 0.390741 0.308854 0.391667 0.307812 0.393519 0.307812 0.395370 0.307292 0.396296 0.307292 0.406481 0.307812 0.407407 0.307812 0.408333 0.308333 0.409259 0.308333 0.410185 0.311458 0.415741 0.311979 0.415741 0.313021 0.417593 0.314063 0.417593 0.314583 0.418519 0.315625 0.418519 0.316146 0.419444 0.321875 0.419444 0.322396 0.418519 0.323437 0.418519 0.323958 0.417593 0.325000 0.417593 0.326042 0.415741 0.326562 0.415741 0.327083 0.414815 0.327083 0.413889 0.327604 0.412963 0.328125 0.412963 0.328646 0.412037 0.328646 0.411111 0.329167 0.410185 0.329167 0.409259 0.329688 0.408333 0.329688 0.406481 0.330208 0.405556 0.330208 0.397222 0.329688 0.396296 0.329688 0.395370 0.329167 0.394444 0.329167 0.393519 0.328646 0.392593 0.328646 0.391667 0.326042 0.387037 0.325521 0.387037 0.324479 0.385185 0.323437 0.385185 0.322917 0.384259 0.321875 0.384259 0.321354 0.383333 0.316146 0.383333 0.315625 0.384259 0.314063 0.384259 0.313542 0.385185 0.313021 0.385185 0.312500 0.386111 0.311979 0.386111 0.310417 0.388889
0 0.827083 0.618519 0.827083 0.623148 0.827604 0.624074 0.827604 0.625926 0.830208 0.630556 0.831250 0.630556 0.831771 0.631481 0.832292 0.631481 0.832812 0.632407 0.833854 0.632407 0.834375 0.633333 0.840625 0.633333 0.841146 0.632407 0.843229 0.632407 0.843750 0.631481 0.844271 0.631481 0.844792 0.630556 0.845313 0.630556 0.846354 0.628704 0.846875 0.628704 0.847917 0.626852 0.848437 0.626852 0.849479 0.625000 0.849479 0.624074 0.850000 0.623148 0.850000 0.621296 0.850521 0.620370 0.850521 0.616667 0.850000 0.615741 0.850000 0.614815 0.849479 0.613889 0.849479 0.612963 0.847917 0.610185 0.847396 0.610185 0.846875 0.609259 0.846354 0.609259 0.845833 0.608333 0.844792 0.608333 0.844271 0.607407 0.842708 0.607407 0.842187 0.606481 0.837500 0.606481 0.836979 0.607407 0.834896 0.607407 0.834375 0.608333 0.833854 0.608333 0.833333 0.609259 0.832292 0.609259 0.831771 0.610185 0.831250 0.610185 0.830208 0.612037 0.829688 0.612037 0.828125 0.614815 0.828125 0.616667
0 0.566146 0.800000 0.565625 0.800926 0.564583 0.800926 0.564063 0.801852 0.563542 0.801852 0.561458 0.805556 0.561458 0.806481 0.560937 0.807407 0.560417 0.807407 0.560417 0.809259 0.559375 0.811111 0.559375 0.813889 0.558854 0.814815 0.558854 0.824074 0.559375 0.825000 0.559375 0.826852 0.559896 0.827778 0.559896 0.828704 0.560417 0.829630 0.560417 0.830556 0.560937 0.831481 0.560937 0.832407 0.562500 0.835185 0.562500 0.836111 0.563021 0.837037 0.563542 0.837037 0.564583 0.838889 0.565104 0.838889 0.566146 0.840741 0.567708 0.840741 0.568229 0.841667 0.572396 0.841667 0.572917 0.840741 0.573958 0.840741 0.574479 0.839815 0.575000 0.839815 0.576562 0.837037 0.577083 0.837037 0.577083 0.836111 0.578125 0.834259 0.578125 0.833333 0.578646 0.832407 0.578646 0.831481 0.579167 0.830556 0.579167 0.829630 0.579688 0.828704 0.579688 0.825000 0.580208 0.824074 0.580208 0.820370 0.579688 0.819444 0.579688 0.815741 0.579167 0.814815 0.579167 0.812963 0.578646 0.812037 0.578646 0.811111 0.577604 0.809259 0.577604 0.808333 0.574479 0.802778 0.573958 0.802778 0.573438 0.801852 0.572917 0.801852 0.572396 0.800926 0.571875 0.800926 0.571354 0.800000
0 0.592708 0.316667 0.590104 0.321296 0.590104 0.322222 0.589583 0.323148 0.589583 0.325000 0.589063 0.325926 0.589063 0.335185 0.589583 0.336111 0.589583 0.337963 0.590104 0.338889 0.590104 0.340741 0.591146 0.342593 0.591146 0.343519 0.593750 0.348148 0.594271 0.348148 0.595313 0.350000 0.598437 0.350000 0.598958 0.349074 0.599479 0.349074 0.600000 0.348148 0.600521 0.348148 0.601562 0.346296 0.601562 0.345370 0.602083 0.344444 0.602083 0.343519 0.602604 0.342593 0.602604 0.339815 0.603125 0.338889 0.603125 0.333333 0.602604 0.332407 0.602604 0.329630 0.602083 0.328704 0.602083 0.326852 0.601042 0.325000 0.601042 0.323148 0.597917 0.317593 0.596875 0.317593 0.596354 0.316667
0 0.892708 0.942593 0.892188 0.943519 0.891667 0.943519 0.889583 0.947222 0.889583 0.948148 0.889062 0.949074 0.889062 0.951852 0.888542 0.952778 0.889062 0.953704 0.889062 0.959259 0.889583 0.960185 0.889583 0.961111 0.890104 0.962037 0.890104 0.962963 0.892188 0.966667 0.893229 0.966667 0.893750 0.967593 0.895833 0.967593 0.896354 0.966667 0.896875 0.966667 0.897396 0.965741 0.897396 0.964815 0.898438 0.962963 0.898438 0.962037 0.898958 0.961111 0.898958 0.951852 0.898438 0.950926 0.898438 0.949074 0.897396 0.947222 0.897396 0.946296 0.896875 0.946296 0.895312 0.943519 0.894792 0.943519 0.894271 0.942593
0 0.396354 0.631481 0.394792 0.634259 0.394792 0.635185 0.394271 0.636111 0.394271 0.637037 0.393750 0.637963 0.393750 0.641667 0.393229 0.642593 0.393229 0.645370 0.393750 0.646296 0.393750 0.648148 0.394271 0.649074 0.394271 0.650926 0.395313 0.652778 0.395313 0.653704 0.396354 0.655556 0.396875 0.655556 0.398438 0.658333 0.398958 0.658333 0.399479 0.659259 0.400521 0.659259 0.401042 0.660185 0.403125 0.660185 0.403646 0.661111 0.404167 0.660185 0.407292 0.660185 0.407813 0.659259 0.408333 0.659259 0.408854 0.658333 0.409375 0.658333 0.412500 0.652778 0.412500 0.650926 0.413021 0.650000 0.413021 0.640741 0.412500 0.639815 0.412500 0.638889 0.411979 0.637963 0.411979 0.637037 0.409375 0.632407 0.409375 0.631481 0.408854 0.631481 0.408333 0.630556 0.407813 0.630556 0.407292 0.629630 0.406250 0.629630 0.405729 0.628704 0.404167 0.628704 0.403646 0.627778 0.402083 0.627778 0.401562 0.628704 0.399479 0.628704 0.398958 0.629630 0.398438 0.629630 0.397917 0.630556 0.397396 0.630556 0.396875 0.631481
0 0.302083 0.885185 0.299479 0.889815 0.299479 0.890741 0.298438 0.892593 0.298438 0.893519 0.297917 0.894444 0.297917 0.902778 0.298438 0.903704 0.298438 0.905556 0.298958 0.906481 0.298958 0.907407 0.300521 0.910185 0.301042 0.910185 0.302604 0.912963 0.303125 0.912963 0.303646 0.913889 0.304688 0.913889 0.305208 0.914815 0.310937 0.914815 0.311458 0.913889 0.313021 0.913889 0.314063 0.912037 0.314583 0.912037 0.315625 0.910185 0.316146 0.910185 0.317708 0.907407 0.317708 0.906481 0.318229 0.905556 0.318229 0.904630 0.318750 0.903704 0.318750 0.901852 0.319271 0.900926 0.319271 0.895370 0.318750 0.894444 0.318750 0.892593 0.318229 0.891667 0.318229 0.890741 0.316146 0.887037 0.316146 0.886111 0.315625 0.886111 0.314583 0.884259 0.313542 0.884259 0.313021 0.883333 0.312500 0.883333 0.311979 0.882407 0.305208 0.882407 0.304688 0.883333 0.304167 0.883333 0.303646 0.884259 0.303125 0.884259 0.302604 0.885185
0 0.285417 0.229630 0.284896 0.230556 0.283854 0.230556 0.283333 0.231481 0.282813 0.231481 0.281771 0.233333 0.281250 0.233333 0.280208 0.235185 0.280208 0.236111 0.279687 0.237037 0.279167 0.237037 0.278646 0.237963 0.278646 0.238889 0.278125 0.239815 0.278125 0.240741 0.277083 0.242593 0.277083 0.244444 0.276562 0.245370 0.276562 0.255556 0.277083 0.256481 0.277083 0.258333 0.277604 0.259259 0.277604 0.260185 0.278125 0.261111 0.278125 0.262037 0.278646 0.262963 0.278646 0.263889 0.280729 0.267593 0.281250 0.267593 0.282292 0.269444 0.282813 0.269444 0.283333 0.270370 0.283854 0.270370 0.284375 0.271296 0.285417 0.271296 0.285938 0.272222 0.291667 0.272222 0.292187 0.271296 0.293229 0.271296 0.293750 0.270370 0.294271 0.270370 0.294792 0.269444 0.295312 0.269444 0.295833 0.268519 0.296354 0.268519 0.296875 0.267593 0.296875 0.266667 0.297396 0.265741 0.297917 0.265741 0.299479 0.262963 0.299479 0.262037 0.300000 0.261111 0.300000 0.260185 0.300521 0.259259 0.300521 0.257407 0.301042 0.256481 0.301042 0.252778 0.301563 0.251852 0.301563 0.248148 0.301042 0.247222 0.301042 0.244444 0.300521 0.243519 0.300521 0.241667 0.299479 0.239815 0.299479 0.238889 0.298958 0.237963 0.298958 0.237037 0.298438 0.236111 0.297917 0.236111 0.297396 0.235185 0.297396 0.234259 0.296875 0.234259 0.295833 0.232407 0.295312 0.232407 0.294271 0.230556 0.293229 0.230556 0.292708 0.229630 0.290104 0.229630 0.289583 0.228704 0.288021 0.228704 0.287500 0.229630
0 0.967187 0.167593 0.967187 0.175000 0.967708 0.175926 0.967708 0.177778 0.969792 0.181481 0.970313 0.181481 0.970833 0.182407 0.971354 0.182407 0.971875 0.183333 0.972396 0.183333 0.972917 0.184259 0.973958 0.184259 0.974479 0.185185 0.981250 0.185185 0.981771 0.184259 0.982812 0.184259 0.983333 0.183333 0.983854 0.183333 0.984375 0.182407 0.984896 0.182407 0.985417 0.181481 0.985938 0.181481 0.986458 0.180556 0.986458 0.179630 0.988021 0.176852 0.988021 0.175000 0.988542 0.174074 0.988542 0.171296 0.988021 0.170370 0.988021 0.167593 0.985938 0.163889 0.985938 0.162963 0.985417 0.162037 0.984375 0.162037 0.983333 0.160185 0.982292 0.160185 0.981771 0.159259 0.980208 0.159259 0.979688 0.158333 0.975521 0.158333 0.975000 0.159259 0.973437 0.159259 0.972917 0.160185 0.972396 0.160185 0.971875 0.161111 0.970833 0.161111 0.969792 0.162963 0.969271 0.162963 0.968229 0.164815 0.968229 0.165741
0 0.941146 0.653704 0.940625 0.654630 0.940104 0.654630 0.939583 0.655556 0.938542 0.655556 0.934896 0.662037 0.934896 0.663889 0.934375 0.664815 0.934375 0.666667 0.933854 0.667593 0.933854 0.673148 0.934375 0.674074 0.934375 0.675000 0.934896 0.675926 0.934896 0.677778 0.936458 0.680556 0.936979 0.680556 0.938021 0.682407 0.939063 0.682407 0.939583 0.683333 0.943750 0.683333 0.944271 0.682407 0.945312 0.682407 0.946354 0.680556 0.947396 0.680556 0.947917 0.679630 0.947917 0.678704 0.950000 0.675000 0.950000 0.673148 0.950521 0.672222 0.950521 0.668519 0.951042 0.667593 0.950521 0.666667 0.950521 0.662963 0.950000 0.662037 0.950000 0.661111 0.949479 0.660185 0.949479 0.659259 0.947917 0.656481 0.947396 0.656481 0.946354 0.654630 0.944792 0.654630 0.944271 0.653704
0 0.545833 0.940741 0.544792 0.938889 0.544271 0.938889 0.543750 0.937963 0.543229 0.937963 0.542708 0.937037 0.540625 0.937037 0.540104 0.936111 0.538542 0.936111 0.538021 0.937037 0.535417 0.937037 0.534896 0.937963 0.534375 0.937963 0.533854 0.938889 0.532813 0.938889 0.531771 0.940741 0.531250 0.940741 0.530729 0.941667 0.530208 0.941667 0.529167 0.943519 0.529167 0.944444 0.528646 0.945370 0.528125 0.945370 0.527604 0.946296 0.527604 0.947222 0.526563 0.949074 0.526563 0.950000 0.526042 0.950926 0.526042 0.953704 0.525521 0.954630 0.525521 0.957407 0.526042 0.958333 0.526042 0.960185 0.529167 0.965741 0.530208 0.965741 0.530729 0.966667 0.535937 0.966667 0.536458 0.965741 0.538021 0.965741 0.538542 0.964815 0.539583 0.964815 0.540625 0.962963 0.541146 0.962963 0.541667 0.962037 0.542188 0.962037 0.542708 0.961111 0.542708 0.960185 0.543229 0.959259 0.543750 0.959259 0.544792 0.957407 0.544792 0.956481 0.545833 0.954630 0.545833 0.953704 0.546354 0.952778 0.546354 0.951852 0.546875 0.950926 0.546875 0.944444 0.546354 0.943519 0.546354 0.942593 0.545833 0.941667
0 0.318750 0.788889 0.318229 0.789815 0.318229 0.790741 0.317188 0.792593 0.317188 0.797222 0.317708 0.798148 0.317708 0.799074 0.319792 0.802778 0.320312 0.802778 0.320833 0.803704 0.321354 0.803704 0.321875 0.804630 0.324479 0.804630 0.325000 0.803704 0.325521 0.803704 0.327083 0.800926 0.327083 0.800000 0.327604 0.799074 0.327604 0.796296 0.327083 0.795370 0.327083 0.793519 0.325000 0.789815 0.324479 0.789815 0.323958 0.788889 0.323437 0.788889 0.322917 0.787963 0.319792 0.787963 0.319271 0.788889
0 0.106250 0.001852 0.105729 0.002778 0.105208 0.002778 0.104167 0.004630 0.103646 0.004630 0.101562 0.008333 0.101562 0.009259 0.101042 0.010185 0.101042 0.011111 0.100521 0.012037 0.100521 0.021296 0.101042 0.022222 0.101042 0.023148 0.101562 0.024074 0.101562 0.025926 0.103646 0.029630 0.103646 0.030556 0.104167 0.030556 0.105729 0.033333 0.106250 0.033333 0.106771 0.034259 0.107813 0.034259 0.108333 0.035185 0.108854 0.035185 0.109375 0.036111 0.114583 0.036111 0.115104 0.035185 0.115625 0.035185 0.116146 0.034259 0.117188 0.034259 0.118229 0.032407 0.118750 0.032407 0.118750 0.031481 0.119792 0.029630 0.120313 0.029630 0.120313 0.028704 0.120833 0.027778 0.120833 0.026852 0.121354 0.025926 0.121354 0.023148 0.121875 0.022222 0.121875 0.018519 0.121354 0.017593 0.121354 0.014815 0.120833 0.013889 0.120833 0.012963 0.120313 0.012037 0.120313 0.011111 0.119792 0.010185 0.119792 0.009259 0.119271 0.009259 0.118229 0.007407 0.118229 0.006481 0.117708 0.005556 0.117188 0.005556 0.116146 0.003704 0.115625 0.003704 0.115104 0.002778 0.114062 0.002778 0.113542 0.001852 0.111979 0.001852 0.111458 0.000926 0.108333 0.000926 0.107813 0.001852
0 0.591146 0.897222 0.591146 0.904630 0.592187 0.906481 0.592187 0.907407 0.594271 0.911111 0.595313 0.911111 0.596354 0.912963 0.597396 0.912963 0.597917 0.913889 0.599479 0.913889 0.600000 0.914815 0.605208 0.914815 0.605729 0.913889 0.607292 0.913889 0.607812 0.912963 0.608854 0.912963 0.609896 0.911111 0.610417 0.911111 0.612500 0.907407 0.612500 0.905556 0.613021 0.904630 0.613021 0.899074 0.612500 0.898148 0.612500 0.897222 0.611979 0.896296 0.611979 0.895370 0.610417 0.892593 0.609896 0.892593 0.609375 0.891667 0.608854 0.891667 0.607812 0.889815 0.606771 0.889815 0.606250 0.888889 0.604688 0.888889 0.604167 0.887963 0.598958 0.887963 0.598437 0.888889 0.596875 0.888889 0.596354 0.889815 0.595313 0.889815 0.594792 0.890741 0.594271 0.890741 0.591667 0.895370 0.591667 0.896296
0 0.960417 0.793519 0.960417 0.794444 0.959896 0.795370 0.959896 0.796296 0.959375 0.797222 0.959375 0.802778 0.959896 0.803704 0.959896 0.804630 0.961458 0.807407 0.961458 0.808333 0.962500 0.808333 0.963542 0.810185 0.964063 0.810185 0.964583 0.811111 0.966146 0.811111 0.966667 0.812037 0.969271 0.812037 0.969792 0.811111 0.971354 0.811111 0.971875 0.810185 0.972917 0.810185 0.973958 0.808333 0.974479 0.808333 0.976042 0.805556 0.976042 0.804630 0.976562 0.803704 0.976562 0.797222 0.976042 0.796296 0.976042 0.795370 0.975521 0.794444 0.975521 0.793519 0.973958 0.790741 0.972917 0.790741 0.971875 0.788889 0.970313 0.788889 0.969792 0.787963 0.966146 0.787963 0.965625 0.788889 0.964583 0.788889 0.964063 0.789815 0.963021 0.789815 0.962500 0.790741 0.961979 0.790741
0 0.138542 0.744444 0.138542 0.745370 0.136458 0.749074 0.136458 0.750926 0.135937 0.751852 0.135937 0.759259 0.136458 0.760185 0.136458 0.761111 0.136979 0.762037 0.136979 0.762963 0.137500 0.762963 0.140104 0.767593 0.140625 0.767593 0.141146 0.768519 0.143229 0.768519 0.143750 0.769444 0.148438 0.769444 0.148958 0.768519 0.150000 0.768519 0.150521 0.767593 0.151562 0.767593 0.152604 0.765741 0.153125 0.765741 0.154167 0.763889 0.154688 0.763889 0.156250 0.761111 0.156250 0.760185 0.156771 0.759259 0.156771 0.758333 0.157292 0.757407 0.157292 0.754630 0.157812 0.753704 0.157812 0.752778 0.157292 0.751852 0.157292 0.749074 0.156250 0.747222 0.156250 0.745370 0.155729 0.744444 0.155208 0.744444 0.153646 0.741667 0.153125 0.741667 0.152604 0.740741 0.151562 0.740741 0.151042 0.739815 0.144271 0.739815 0.143750 0.740741 0.142187 0.740741 0.141146 0.742593 0.140104 0.742593 0.139063 0.744444
0 0.284896 0.575000 0.284375 0.575926 0.282813 0.575926 0.282292 0.576852 0.281771 0.576852 0.280208 0.579630 0.279687 0.579630 0.279167 0.580556 0.279167 0.581481 0.278646 0.582407 0.278125 0.582407 0.278125 0.583333 0.277604 0.584259 0.277604 0.585185 0.277083 0.586111 0.277083 0.587963 0.276562 0.588889 0.276562 0.590741 0.276042 0.591667 0.276042 0.601852 0.276562 0.602778 0.276562 0.604630 0.277083 0.605556 0.277083 0.607407 0.277604 0.608333 0.277604 0.609259 0.278646 0.611111 0.278646 0.612037 0.281250 0.616667 0.281771 0.616667 0.282292 0.617593 0.282813 0.617593 0.283333 0.618519 0.283854 0.618519 0.284375 0.619444 0.285938 0.619444 0.286458 0.620370 0.289062 0.620370 0.289583 0.619444 0.290625 0.619444 0.291146 0.618519 0.292187 0.618519 0.293229 0.616667 0.293750 0.616667 0.295312 0.613889 0.295312 0.612963 0.296875 0.610185 0.296875 0.608333 0.297396 0.607407 0.297396 0.606481 0.297917 0.605556 0.297917 0.601852 0.298438 0.600926 0.298438 0.596296 0.297917 0.595370 0.297917 0.591667 0.297396 0.590741 0.297396 0.589815 0.296875 0.588889 0.296875 0.587037 0.296354 0.586111 0.296354 0.585185 0.294792 0.582407 0.294792 0.581481 0.294271 0.580556 0.293750 0.580556 0.293229 0.579630 0.293229 0.578704 0.292708 0.578704 0.292187 0.577778 0.291667 0.577778 0.291146 0.576852 0.290625 0.576852 0.290104 0.575926 0.289062 0.575926 0.288542 0.575000
0 0.875521 0.171296 0.875000 0.172222 0.873437 0.172222 0.872917 0.173148 0.871875 0.173148 0.870833 0.175000 0.870313 0.175000 0.869792 0.175926 0.869271 0.175926 0.869271 0.176852 0.866667 0.181481 0.866667 0.182407 0.866146 0.183333 0.866146 0.185185 0.865625 0.186111 0.865625 0.187963 0.865104 0.188889 0.865104 0.197222 0.865625 0.198148 0.865625 0.200000 0.866146 0.200926 0.866146 0.201852 0.866667 0.202778 0.866667 0.203704 0.869792 0.209259 0.870313 0.209259 0.870833 0.210185 0.871354 0.210185 0.871875 0.211111 0.872917 0.211111 0.873437 0.212037 0.878125 0.212037 0.878646 0.211111 0.879687 0.211111 0.880208 0.210185 0.880729 0.210185 0.881250 0.209259 0.881771 0.209259 0.882812 0.207407 0.883333 0.207407 0.885938 0.202778 0.885938 0.201852 0.886458 0.200926 0.886458 0.199074 0.886979 0.198148 0.886979 0.197222 0.887500 0.196296 0.887500 0.185185 0.886979 0.184259 0.886979 0.182407 0.886458 0.181481 0.886458 0.180556 0.885417 0.178704 0.885417 0.177778 0.884896 0.176852 0.884375 0.176852 0.883333 0.175000 0.882812 0.175000 0.881771 0.173148 0.881250 0.173148 0.880729 0.172222 0.879167 0.172222 0.878646 0.171296
0 0.236979 0.866667 0.235417 0.866667 0.234896 0.865741 0.233333 0.865741 0.232813 0.866667 0.231771 0.866667 0.231250 0.867593 0.230729 0.867593 0.228646 0.871296 0.228646 0.872222 0.227604 0.874074 0.227604 0.875926 0.227083 0.876852 0.227083 0.879630 0.227604 0.880556 0.227604 0.882407 0.228125 0.883333 0.228125 0.884259 0.228646 0.884259 0.229167 0.885185 0.229687 0.885185 0.230208 0.886111 0.234375 0.886111 0.235417 0.884259 0.235937 0.884259 0.238542 0.879630 0.238542 0.878704 0.239063 0.877778 0.239063 0.871296 0.238542 0.870370 0.238542 0.869444
0 0.670312 0.402778 0.669792 0.402778 0.668750 0.400926 0.668229 0.400926 0.667188 0.399074 0.665625 0.399074 0.665104 0.398148 0.659375 0.398148 0.658854 0.399074 0.657292 0.399074 0.656771 0.400000 0.656250 0.400000 0.655729 0.400926 0.655208 0.400926 0.654687 0.401852 0.654167 0.401852 0.653125 0.403704 0.652604 0.403704 0.652083 0.404630 0.651563 0.404630 0.650521 0.406481 0.650521 0.407407 0.648438 0.411111 0.648438 0.412037 0.647917 0.412963 0.647917 0.414815 0.647396 0.415741 0.647396 0.418519 0.646875 0.419444 0.646875 0.425000 0.647396 0.425926 0.647396 0.427778 0.647917 0.428704 0.647917 0.429630 0.649479 0.432407 0.649479 0.433333 0.650000 0.434259 0.650521 0.434259 0.651563 0.436111 0.652083 0.436111 0.652604 0.437037 0.653646 0.437037 0.654167 0.437963 0.660937 0.437963 0.661458 0.437037 0.662500 0.437037 0.663021 0.436111 0.663542 0.436111 0.664062 0.435185 0.664583 0.435185 0.665104 0.434259 0.665625 0.434259 0.666146 0.433333 0.666667 0.433333 0.668229 0.430556 0.668750 0.430556 0.668750 0.429630 0.669271 0.428704 0.669792 0.428704 0.670312 0.427778 0.670312 0.426852 0.670833 0.425926 0.670833 0.425000 0.671354 0.424074 0.671354 0.423148 0.671875 0.422222 0.671875 0.421296 0.672396 0.420370 0.672396 0.418519 0.672917 0.417593 0.672917 0.411111 0.672396 0.410185 0.672396 0.408333 0.671875 0.407407 0.671875 0.406481 0.670833 0.404630 0.670833 0.403704
0 0.397396 0.663889 0.395313 0.667593 0.395313 0.668519 0.394792 0.669444 0.394792 0.670370 0.394271 0.671296 0.394271 0.672222 0.393750 0.673148 0.393750 0.676852 0.393229 0.677778 0.393229 0.680556 0.393750 0.681481 0.393750 0.685185 0.394271 0.686111 0.394271 0.687037 0.394792 0.687963 0.394792 0.688889 0.395833 0.690741 0.395833 0.691667 0.398958 0.697222 0.399479 0.697222 0.400000 0.698148 0.400521 0.698148 0.401042 0.699074 0.401562 0.699074 0.402083 0.700000 0.402604 0.700000 0.403125 0.700926 0.409375 0.700926 0.409896 0.700000 0.410938 0.700000 0.411458 0.699074 0.412500 0.699074 0.413542 0.697222 0.414062 0.697222 0.414062 0.696296 0.414583 0.695370 0.415104 0.695370 0.415625 0.694444 0.415625 0.693519 0.416146 0.692593 0.416146 0.691667 0.417187 0.689815 0.417187 0.687037 0.417708 0.686111 0.417708 0.678704 0.417187 0.677778 0.417187 0.675000 0.416146 0.673148 0.416146 0.671296 0.415104 0.669444 0.415104 0.668519 0.414583 0.668519 0.414062 0.667593 0.414062 0.666667 0.413542 0.665741 0.413021 0.665741 0.411458 0.662963 0.410938 0.662963 0.410417 0.662037 0.409896 0.662037 0.409375 0.661111 0.408333 0.661111 0.407813 0.660185 0.401562 0.660185 0.401042 0.661111 0.400000 0.661111 0.398958 0.662963 0.398438 0.662963 0.397917 0.663889
0 0.135937 0.640741 0.135417 0.641667 0.134896 0.641667 0.131771 0.647222 0.131771 0.648148 0.131250 0.649074 0.131250 0.650926 0.130729 0.651852 0.130729 0.660185 0.131250 0.661111 0.131250 0.662963 0.131771 0.663889 0.131771 0.664815 0.132812 0.666667 0.132812 0.667593 0.135417 0.672222 0.135937 0.672222 0.136458 0.673148 0.136979 0.673148 0.137500 0.674074 0.138021 0.674074 0.138542 0.675000 0.143750 0.675000 0.144271 0.674074 0.145313 0.674074 0.146354 0.672222 0.146875 0.672222 0.148438 0.669444 0.148438 0.668519 0.148958 0.667593 0.148958 0.666667 0.149479 0.665741 0.149479 0.663889 0.150000 0.662963 0.150000 0.656481 0.149479 0.655556 0.149479 0.652778 0.148958 0.651852 0.148958 0.650926 0.147917 0.649074 0.147917 0.648148 0.145833 0.644444 0.145313 0.644444 0.144792 0.643519 0.144792 0.642593 0.143750 0.642593 0.142708 0.640741 0.141146 0.640741 0.140625 0.639815 0.138021 0.639815 0.137500 0.640741
0 0.905729 0.262963 0.905729 0.263889 0.905208 0.264815 0.905208 0.267593 0.904687 0.268519 0.904687 0.272222 0.905208 0.273148 0.905208 0.275000 0.906250 0.276852 0.906250 0.277778 0.908854 0.282407 0.909375 0.282407 0.909896 0.283333 0.910937 0.283333 0.911458 0.284259 0.912500 0.284259 0.913021 0.285185 0.917188 0.285185 0.917708 0.284259 0.919271 0.284259 0.919792 0.283333 0.920833 0.283333 0.921875 0.281481 0.922396 0.281481 0.924479 0.277778 0.924479 0.276852 0.925521 0.275000 0.925521 0.273148 0.926042 0.272222 0.926042 0.268519 0.925521 0.267593 0.925521 0.264815 0.925000 0.263889 0.925000 0.262963 0.922396 0.258333 0.921875 0.258333 0.920833 0.256481 0.919792 0.256481 0.919271 0.255556 0.917708 0.255556 0.917188 0.254630 0.913021 0.254630 0.912500 0.255556 0.911458 0.255556 0.910937 0.256481 0.909896 0.256481 0.909375 0.257407 0.908854 0.257407
0 0.246875 0.000926 0.246354 0.001852 0.245312 0.001852 0.244792 0.002778 0.244271 0.002778 0.241667 0.007407 0.241667 0.008333 0.240625 0.010185 0.240625 0.011111 0.240104 0.012037 0.240104 0.015741 0.239583 0.016667 0.239583 0.022222 0.240104 0.023148 0.240104 0.025000 0.240625 0.025926 0.240625 0.027778 0.241146 0.028704 0.241146 0.029630 0.244792 0.036111 0.245312 0.036111 0.245833 0.037037 0.246875 0.037037 0.247396 0.037963 0.252604 0.037963 0.253125 0.037037 0.253646 0.037037 0.254167 0.036111 0.254688 0.036111 0.255208 0.035185 0.255729 0.035185 0.255729 0.034259 0.256250 0.033333 0.256771 0.033333 0.257812 0.031481 0.257812 0.030556 0.258333 0.029630 0.258333 0.028704 0.258854 0.027778 0.258854 0.025926 0.259375 0.025000 0.259375 0.015741 0.258854 0.014815 0.258854 0.013889 0.258333 0.012963 0.258333 0.011111 0.257812 0.010185 0.257812 0.009259 0.256771 0.007407 0.256771 0.006481 0.256250 0.005556 0.255729 0.005556 0.254688 0.003704 0.254167 0.003704 0.253646 0.002778 0.253125 0.002778 0.252604 0.001852 0.251563 0.001852 0.251042 0.000926
0 0.408854 0.211111 0.402604 0.211111 0.402083 0.212037 0.401042 0.212037 0.400521 0.212963 0.400000 0.212963 0.399479 0.213889 0.398958 0.213889 0.398438 0.214815 0.397917 0.214815 0.393750 0.222222 0.393750 0.223148 0.393229 0.224074 0.393229 0.225000 0.392708 0.225926 0.392708 0.227778 0.392188 0.228704 0.392188 0.232407 0.391667 0.233333 0.391667 0.237963 0.392188 0.238889 0.392188 0.241667 0.392708 0.242593 0.392708 0.244444 0.393750 0.246296 0.393750 0.247222 0.396354 0.251852 0.396875 0.251852 0.397396 0.252778 0.397917 0.252778 0.398958 0.254630 0.400521 0.254630 0.401042 0.255556 0.404687 0.255556 0.405208 0.254630 0.406771 0.254630 0.407292 0.253704 0.408333 0.253704 0.408854 0.252778 0.409375 0.252778 0.410938 0.250000 0.411458 0.250000 0.414062 0.245370 0.414062 0.244444 0.414583 0.243519 0.414583 0.242593 0.415104 0.241667 0.415104 0.240741 0.415625 0.239815 0.415625 0.238889 0.416146 0.237963 0.416146 0.235185 0.416667 0.234259 0.416667 0.227778 0.416146 0.226852 0.416146 0.224074 0.415625 0.223148 0.415625 0.222222 0.415104 0.221296 0.415104 0.219444 0.414583 0.219444 0.414062 0.218519 0.414062 0.217593 0.411979 0.213889 0.411458 0.213889 0.410417 0.212037 0.409375 0.212037
0 0.318750 0.640741 0.317708 0.642593 0.317188 0.642593 0.316146 0.644444 0.316146 0.645370 0.315104 0.647222 0.315104 0.648148 0.314583 0.649074 0.314583 0.651852 0.314063 0.652778 0.314063 0.660185 0.314583 0.661111 0.314583 0.663889 0.315104 0.664815 0.315104 0.665741 0.315625 0.666667 0.315625 0.667593 0.316146 0.668519 0.316146 0.669444 0.318750 0.674074 0.319271 0.674074 0.320312 0.675926 0.320833 0.675926 0.321875 0.677778 0.322917 0.677778 0.323437 0.678704 0.328646 0.678704 0.329167 0.677778 0.329688 0.677778 0.330208 0.676852 0.330729 0.676852 0.331250 0.675926 0.331771 0.675926 0.331771 0.675000 0.332292 0.674074 0.332813 0.674074 0.333333 0.673148 0.333333 0.672222 0.333854 0.671296 0.333854 0.670370 0.334375 0.669444 0.334375 0.668519 0.334896 0.667593 0.334896 0.656481 0.334375 0.655556 0.334375 0.652778 0.333333 0.650926 0.333333 0.650000 0.332292 0.648148 0.332292 0.647222 0.331771 0.646296 0.331250 0.646296 0.330729 0.645370 0.330729 0.644444 0.330208 0.643519 0.329688 0.643519 0.328646 0.641667 0.328125 0.641667 0.327604 0.640741 0.327083 0.640741 0.326562 0.639815 0.323958 0.639815 0.323437 0.638889 0.322917 0.638889 0.322396 0.639815 0.320312 0.639815 0.319792 0.640741
0 0.957812 0.187963 0.957292 0.188889 0.955729 0.188889 0.955208 0.189815 0.954688 0.189815 0.954167 0.190741 0.953646 0.190741 0.950521 0.196296 0.950521 0.197222 0.950000 0.198148 0.950000 0.200000 0.949479 0.200926 0.949479 0.202778 0.948958 0.203704 0.948958 0.211111 0.949479 0.212037 0.949479 0.213889 0.950000 0.214815 0.950000 0.216667 0.951562 0.219444 0.951562 0.220370 0.952083 0.220370 0.954167 0.224074 0.955208 0.224074 0.955729 0.225000 0.960417 0.225000 0.960938 0.224074 0.961458 0.224074 0.961979 0.223148 0.962500 0.223148 0.964063 0.220370 0.964583 0.220370 0.965625 0.218519 0.965625 0.217593 0.966146 0.216667 0.966146 0.215741 0.966667 0.214815 0.966667 0.212963 0.967187 0.212037 0.967187 0.200926 0.966667 0.200000 0.966667 0.199074 0.966146 0.198148 0.966146 0.197222 0.965625 0.196296 0.965625 0.195370 0.962500 0.189815 0.961458 0.189815 0.960938 0.188889 0.959375 0.188889 0.958854 0.187963
0 0.993229 0.059259 0.991667 0.059259 0.991146 0.058333 0.989583 0.058333 0.989062 0.059259 0.986979 0.059259 0.985938 0.061111 0.985417 0.061111 0.984896 0.062037 0.984375 0.062037 0.984375 0.062963 0.982292 0.066667 0.982292 0.067593 0.981771 0.068519 0.981771 0.069444 0.981250 0.070370 0.981250 0.073148 0.980729 0.074074 0.980729 0.082407 0.981250 0.083333 0.981250 0.085185 0.981771 0.086111 0.981771 0.087037 0.984375 0.091667 0.984896 0.091667 0.985417 0.092593 0.985938 0.092593 0.986458 0.093519 0.990625 0.093519 0.991146 0.092593 0.991667 0.092593 0.992188 0.091667 0.992708 0.091667 0.994271 0.088889 0.994792 0.088889 0.995313 0.087963 0.995313 0.087037 0.996354 0.085185 0.996354 0.084259 0.996875 0.083333 0.996875 0.081481 0.997396 0.080556 0.997396 0.078704 0.997917 0.077778 0.997917 0.071296 0.997396 0.070370 0.997396 0.067593 0.996875 0.066667 0.996875 0.065741
0 0.319792 0.825926 0.315104 0.825926 0.314583 0.826852 0.314063 0.826852 0.313021 0.828704 0.312500 0.828704 0.310417 0.832407 0.310417 0.833333 0.309896 0.834259 0.309375 0.834259 0.309375 0.835185 0.308854 0.836111 0.308854 0.837963 0.308333 0.838889 0.308333 0.839815 0.307812 0.840741 0.307812 0.843519 0.307292 0.844444 0.307292 0.855556 0.307812 0.856481 0.307812 0.859259 0.308854 0.861111 0.308854 0.862037 0.311458 0.866667 0.311979 0.866667 0.312500 0.867593 0.313542 0.867593 0.314063 0.868519 0.315625 0.868519 0.316146 0.867593 0.317708 0.867593 0.318229 0.866667 0.318750 0.866667 0.319271 0.865741 0.319792 0.865741 0.322396 0.861111 0.322396 0.860185 0.322917 0.859259 0.322917 0.858333 0.323958 0.856481 0.323958 0.855556 0.324479 0.854630 0.324479 0.852778 0.325000 0.851852 0.325000 0.848148 0.325521 0.847222 0.325521 0.840741 0.325000 0.839815 0.325000 0.836111 0.324479 0.835185 0.324479 0.834259 0.323437 0.832407 0.323437 0.831481 0.320833 0.826852 0.320312 0.826852
0 0.051042 0.784259 0.051042 0.786111 0.051562 0.787037 0.051562 0.787963 0.052083 0.788889 0.052083 0.789815 0.052604 0.789815 0.053125 0.790741 0.053646 0.790741 0.054167 0.791667 0.054688 0.791667 0.055208 0.792593 0.056250 0.792593 0.056771 0.793519 0.060417 0.793519 0.060937 0.792593 0.062500 0.792593 0.063021 0.791667 0.063542 0.791667 0.064062 0.790741 0.064583 0.790741 0.066667 0.787037 0.066667 0.783333 0.066146 0.782407 0.066146 0.780556 0.065625 0.780556 0.065104 0.779630 0.064583 0.779630 0.064062 0.778704 0.064062 0.777778 0.062500 0.777778 0.061979 0.776852 0.056250 0.776852 0.055729 0.777778 0.054688 0.777778 0.054167 0.778704 0.053646 0.778704 0.051562 0.782407 0.051562 0.783333
0 0.750521 0.393519 0.750000 0.394444 0.749479 0.394444 0.748437 0.396296 0.747917 0.396296 0.745313 0.400926 0.745313 0.401852 0.744792 0.402778 0.744792 0.403704 0.744271 0.404630 0.744271 0.405556 0.743750 0.406481 0.743750 0.411111 0.743229 0.412037 0.743750 0.412963 0.743750 0.418519 0.744271 0.419444 0.744271 0.421296 0.744792 0.422222 0.744792 0.423148 0.745313 0.424074 0.745313 0.425000 0.748958 0.431481 0.749479 0.431481 0.750000 0.432407 0.750521 0.432407 0.751042 0.433333 0.752083 0.433333 0.752604 0.434259 0.754167 0.434259 0.754687 0.435185 0.757812 0.435185 0.758333 0.434259 0.759896 0.434259 0.760417 0.433333 0.760938 0.433333 0.761458 0.432407 0.761979 0.432407 0.763021 0.430556 0.763542 0.430556 0.763542 0.429630 0.765625 0.425926 0.765625 0.425000 0.766146 0.424074 0.766146 0.423148 0.766667 0.422222 0.766667 0.420370 0.767188 0.419444 0.767188 0.410185 0.766667 0.409259 0.766667 0.407407 0.766146 0.406481 0.766146 0.405556 0.765625 0.404630 0.765625 0.403704 0.765104 0.402778 0.765104 0.401852 0.764062 0.400000 0.764062 0.399074 0.763542 0.398148 0.763021 0.398148 0.762500 0.397222 0.761979 0.397222 0.761458 0.396296 0.761458 0.395370 0.760938 0.395370 0.760417 0.394444 0.759375 0.394444 0.758854 0.393519 0.757812 0.393519 0.757292 0.392593 0.752083 0.392593 0.751563 0.393519
0 0.598437 0.954630 0.596354 0.958333 0.596354 0.959259 0.595313 0.961111 0.595313 0.962037 0.594792 0.962963 0.594792 0.964815 0.594271 0.965741 0.594271 0.973148 0.594792 0.974074 0.594792 0.976852 0.595833 0.978704 0.595833 0.979630 0.596354 0.980556 0.596354 0.981481 0.598958 0.986111 0.599479 0.986111 0.600000 0.987037 0.600521 0.987037 0.601562 0.988889 0.602604 0.988889 0.603125 0.989815 0.605208 0.989815 0.605729 0.990741 0.608333 0.990741 0.608854 0.989815 0.610938 0.989815 0.611458 0.988889 0.611979 0.988889 0.612500 0.987963 0.613021 0.987963 0.614062 0.986111 0.614583 0.986111 0.615104 0.985185 0.615104 0.984259 0.616667 0.981481 0.616667 0.979630 0.617188 0.978704 0.617188 0.976852 0.617708 0.975926 0.617708 0.970370 0.617188 0.969444 0.617188 0.966667 0.616667 0.965741 0.616667 0.964815 0.615625 0.962963 0.615625 0.962037 0.614583 0.960185 0.614583 0.959259 0.614062 0.958333 0.613542 0.958333 0.613021 0.957407 0.613021 0.956481 0.612500 0.956481 0.611979 0.955556 0.611458 0.955556 0.610938 0.954630 0.610417 0.954630 0.609896 0.953704 0.609375 0.953704 0.608854 0.952778 0.607292 0.952778 0.606771 0.951852 0.602604 0.951852 0.602083 0.952778 0.600521 0.952778 0.599479 0.954630
0 0.978125 0.463889 0.978125 0.465741 0.977604 0.466667 0.977604 0.471296 0.978125 0.472222 0.978125 0.474074 0.978646 0.475000 0.978646 0.475926 0.980208 0.478704 0.980208 0.479630 0.980729 0.480556 0.981250 0.480556 0.981771 0.481481 0.982292 0.481481 0.983333 0.483333 0.984375 0.483333 0.984896 0.484259 0.985417 0.484259 0.985938 0.485185 0.987500 0.485185 0.988021 0.486111 0.991667 0.486111 0.992188 0.485185 0.994271 0.485185 0.994792 0.484259 0.995313 0.484259 0.995833 0.483333 0.996354 0.483333 0.999479 0.477778 0.999479 0.468519 0.998958 0.467593 0.998958 0.465741 0.997917 0.463889 0.997917 0.462963 0.997396 0.462037 0.996875 0.462037 0.995833 0.460185 0.995313 0.460185 0.994271 0.458333 0.993750 0.458333 0.993229 0.457407 0.992188 0.457407 0.991667 0.456481 0.990104 0.456481 0.989583 0.455556 0.985417 0.455556 0.984896 0.456481 0.983854 0.456481 0.983333 0.457407 0.982292 0.457407 0.981771 0.458333 0.981250 0.458333
0 0.716146 0.328704 0.715625 0.329630 0.715104 0.329630 0.714583 0.330556 0.714063 0.330556 0.710938 0.336111 0.710938 0.337037 0.710417 0.337963 0.710417 0.339815 0.709896 0.340741 0.709896 0.342593 0.709375 0.343519 0.709375 0.349074 0.709896 0.350000 0.709896 0.352778 0.710417 0.353704 0.710417 0.355556 0.711458 0.357407 0.711458 0.358333 0.712500 0.360185 0.712500 0.361111 0.713021 0.361111 0.713542 0.362037 0.713542 0.362963 0.714063 0.363889 0.714583 0.363889 0.715104 0.364815 0.715625 0.364815 0.716667 0.366667 0.717187 0.366667 0.717708 0.367593 0.718750 0.367593 0.719271 0.368519 0.721354 0.368519 0.721875 0.369444 0.723437 0.369444 0.723958 0.368519 0.726042 0.368519 0.726562 0.367593 0.727083 0.367593 0.727604 0.366667 0.728125 0.366667 0.728646 0.365741 0.729167 0.365741 0.731250 0.362037 0.731250 0.361111 0.732292 0.359259 0.732292 0.357407 0.732812 0.356481 0.732812 0.354630 0.733333 0.353704 0.733333 0.348148 0.732812 0.347222 0.732812 0.344444 0.732292 0.343519 0.732292 0.341667 0.731771 0.340741 0.731771 0.339815 0.730208 0.337037 0.730208 0.336111 0.729167 0.334259 0.728646 0.334259 0.726562 0.330556 0.726042 0.330556 0.725521 0.329630 0.724479 0.329630 0.723958 0.328704 0.721875 0.328704 0.721354 0.327778 0.718229 0.327778 0.717708 0.328704
0 0.858854 0.117593 0.858333 0.118519 0.857812 0.118519 0.857292 0.119444 0.856250 0.119444 0.853646 0.124074 0.853125 0.124074 0.852604 0.125000 0.852604 0.125926 0.852083 0.126852 0.852083 0.127778 0.851562 0.128704 0.851562 0.129630 0.851042 0.130556 0.851042 0.132407 0.850521 0.133333 0.850521 0.142593 0.851042 0.143519 0.851042 0.145370 0.851562 0.146296 0.851562 0.147222 0.852083 0.148148 0.852083 0.149074 0.855208 0.154630 0.855729 0.154630 0.856771 0.156481 0.857292 0.156481 0.857812 0.157407 0.858854 0.157407 0.859375 0.158333 0.865625 0.158333 0.866146 0.157407 0.867188 0.157407 0.868229 0.155556 0.868750 0.155556 0.869271 0.154630 0.869792 0.154630 0.869792 0.153704 0.870313 0.152778 0.870833 0.152778 0.871875 0.150926 0.871875 0.150000 0.872917 0.148148 0.872917 0.147222 0.873437 0.146296 0.873437 0.145370 0.873958 0.144444 0.873958 0.140741 0.874479 0.139815 0.874479 0.136111 0.873958 0.135185 0.873958 0.131481 0.873437 0.130556 0.873437 0.129630 0.872917 0.128704 0.872917 0.127778 0.871875 0.125926 0.871875 0.125000 0.870833 0.123148 0.870313 0.123148 0.869792 0.122222 0.869792 0.121296 0.869271 0.121296 0.868229 0.119444 0.867708 0.119444 0.867188 0.118519 0.866146 0.118519 0.865625 0.117593 0.863542 0.117593 0.863021 0.116667 0.861979 0.116667 0.861458 0.117593
0 0.798438 0.775926 0.797917 0.776852 0.796875 0.776852 0.795312 0.779630 0.794792 0.779630 0.793229 0.782407 0.793229 0.783333 0.792708 0.784259 0.792708 0.785185 0.792188 0.786111 0.792188 0.787037 0.791667 0.787963 0.791667 0.790741 0.791146 0.791667 0.791146 0.797222 0.791667 0.798148 0.791667 0.800926 0.792188 0.801852 0.792188 0.803704 0.793229 0.805556 0.793229 0.806481 0.795312 0.810185 0.795833 0.810185 0.796875 0.812037 0.797396 0.812037 0.797917 0.812963 0.798958 0.812963 0.799479 0.813889 0.802604 0.813889 0.803125 0.812963 0.804167 0.812963 0.804688 0.812037 0.805208 0.812037 0.805729 0.811111 0.806250 0.811111 0.808854 0.806481 0.808854 0.805556 0.809375 0.804630 0.809375 0.803704 0.809896 0.802778 0.809896 0.800926 0.810417 0.800000 0.810417 0.788889 0.809896 0.787963 0.809896 0.787037 0.809375 0.786111 0.809375 0.785185 0.808854 0.784259 0.808854 0.783333 0.806250 0.778704 0.805729 0.778704 0.804688 0.776852 0.803646 0.776852 0.803125 0.775926
0 0.577083 0.973148 0.576562 0.974074 0.576562 0.975000 0.575521 0.976852 0.575521 0.977778 0.575000 0.978704 0.575000 0.979630 0.574479 0.980556 0.574479 0.987963 0.575000 0.988889 0.575000 0.989815 0.575521 0.990741 0.575521 0.991667 0.578125 0.996296 0.578646 0.996296 0.579688 0.998148 0.580729 0.998148 0.581250 0.999074 0.589583 0.999074 0.590104 0.998148 0.590625 0.998148 0.591146 0.997222 0.591667 0.997222 0.592708 0.995370 0.593229 0.995370 0.593229 0.994444 0.593750 0.993519 0.594271 0.993519 0.594792 0.992593 0.594792 0.991667 0.595313 0.990741 0.595313 0.989815 0.595833 0.988889 0.595833 0.987963 0.596354 0.987037 0.596354 0.980556 0.595833 0.979630 0.595833 0.978704 0.595313 0.977778 0.595313 0.976852 0.594792 0.975926 0.594792 0.975000 0.593750 0.973148 0.593229 0.973148 0.592187 0.971296 0.591667 0.971296 0.591146 0.970370 0.590625 0.970370 0.590104 0.969444 0.589583 0.969444 0.589063 0.968519 0.582292 0.968519 0.581771 0.969444 0.580729 0.969444 0.580208 0.970370 0.579688 0.970370 0.579167 0.971296 0.578646 0.971296 0.577604 0.973148
0 0.171875 0.221296 0.168229 0.227778 0.168229 0.228704 0.167708 0.229630 0.167708 0.231481 0.167187 0.232407 0.167187 0.236111 0.167708 0.237037 0.167708 0.239815 0.168229 0.240741 0.168229 0.241667 0.171875 0.248148 0.172396 0.248148 0.172917 0.249074 0.173958 0.249074 0.174479 0.250000 0.177604 0.250000 0.178125 0.249074 0.179688 0.249074 0.183333 0.242593 0.183333 0.241667 0.183854 0.240741 0.183854 0.237963 0.184375 0.237037 0.184375 0.235185 0.183854 0.234259 0.183854 0.231481 0.183333 0.230556 0.183333 0.228704 0.179688 0.222222 0.178646 0.222222 0.178125 0.221296 0.177083 0.221296 0.176563 0.220370 0.173958 0.220370 0.173437 0.221296
0 0.650521 0.845370 0.651042 0.846296 0.651042 0.848148 0.651563 0.849074 0.651563 0.850000 0.652083 0.850000 0.652604 0.850926 0.652604 0.851852 0.653125 0.852778 0.654167 0.852778 0.655208 0.854630 0.656250 0.854630 0.656771 0.855556 0.663542 0.855556 0.664062 0.854630 0.665104 0.854630 0.665625 0.853704 0.666146 0.853704 0.666146 0.852778 0.666667 0.851852 0.667188 0.851852 0.667188 0.850926 0.667708 0.850000 0.667708 0.845370 0.667188 0.844444 0.667188 0.843519 0.666667 0.842593 0.666146 0.842593 0.664583 0.839815 0.664062 0.839815 0.663542 0.838889 0.662500 0.838889 0.661979 0.837963 0.659896 0.837963 0.659375 0.837037 0.656771 0.837037 0.656250 0.837963 0.654687 0.837963 0.654167 0.838889 0.653646 0.838889 0.653125 0.839815 0.652604 0.839815 0.651042 0.842593 0.651042 0.844444
0 0.509896 0.958333 0.509375 0.959259 0.508854 0.959259 0.507812 0.961111 0.507292 0.961111 0.504687 0.965741 0.504687 0.966667 0.504167 0.967593 0.504167 0.969444 0.503646 0.970370 0.503646 0.982407 0.504167 0.983333 0.504167 0.984259 0.504687 0.985185 0.504687 0.986111 0.505208 0.987037 0.505208 0.987963 0.506250 0.989815 0.506250 0.990741 0.506771 0.991667 0.507292 0.991667 0.508854 0.994444 0.509375 0.994444 0.509896 0.995370 0.510417 0.995370 0.510938 0.996296 0.511458 0.996296 0.511979 0.997222 0.516667 0.997222 0.517188 0.996296 0.518229 0.996296 0.519271 0.994444 0.519792 0.994444 0.522396 0.989815 0.522396 0.988889 0.522917 0.987963 0.522917 0.987037 0.523438 0.986111 0.523438 0.982407 0.523958 0.981481 0.523958 0.976852 0.523438 0.975926 0.523438 0.973148 0.522917 0.972222 0.522917 0.970370 0.522396 0.969444 0.522396 0.968519 0.521875 0.967593 0.521875 0.966667 0.518750 0.961111 0.518229 0.961111 0.517188 0.959259 0.515625 0.959259 0.515104 0.958333
0 0.796875 0.910185 0.795833 0.910185 0.795312 0.909259 0.794271 0.909259 0.793750 0.908333 0.789583 0.908333 0.789062 0.909259 0.787500 0.909259 0.786979 0.910185 0.786458 0.910185 0.785937 0.911111 0.785417 0.911111 0.783854 0.913889 0.783333 0.913889 0.781771 0.916667 0.781771 0.917593 0.781250 0.918519 0.781250 0.919444 0.780729 0.920370 0.780729 0.921296 0.780208 0.922222 0.780208 0.931481 0.780729 0.932407 0.780729 0.934259 0.782292 0.937037 0.782292 0.937963 0.782813 0.937963 0.783854 0.939815 0.784375 0.939815 0.784896 0.940741 0.785937 0.940741 0.786458 0.941667 0.791667 0.941667 0.792188 0.940741 0.793229 0.940741 0.793750 0.939815 0.794271 0.939815 0.794792 0.938889 0.795312 0.938889 0.796354 0.937037 0.796875 0.937037 0.796875 0.936111 0.797396 0.935185 0.797917 0.935185 0.798438 0.934259 0.798438 0.933333 0.799479 0.931481 0.799479 0.930556 0.800000 0.929630 0.800000 0.927778 0.800521 0.926852 0.800521 0.919444 0.800000 0.918519 0.800000 0.916667 0.798958 0.914815 0.798958 0.913889 0.798438 0.913889 0.797917 0.912963 0.797917 0.912037
0 0.814583 0.051852 0.812500 0.055556 0.812500 0.056481 0.811458 0.058333 0.811458 0.060185 0.810937 0.061111 0.810937 0.067593 0.811458 0.068519 0.811458 0.070370 0.812500 0.072222 0.812500 0.073148 0.814063 0.075926 0.814583 0.075926 0.815625 0.077778 0.816667 0.077778 0.817187 0.078704 0.818229 0.078704 0.818750 0.079630 0.824479 0.079630 0.825000 0.078704 0.826042 0.078704 0.826562 0.077778 0.827083 0.077778 0.828125 0.075926 0.828646 0.075926 0.830729 0.072222 0.830729 0.071296 0.831250 0.070370 0.831250 0.068519 0.831771 0.067593 0.831771 0.061111 0.831250 0.060185 0.831250 0.059259 0.830729 0.058333 0.830729 0.057407 0.830208 0.056481 0.830208 0.055556 0.829167 0.053704 0.828646 0.053704 0.827083 0.050926 0.826042 0.050926 0.825521 0.050000 0.824479 0.050000 0.823958 0.049074 0.818750 0.049074 0.818229 0.050000 0.816667 0.050000 0.816146 0.050926 0.815625 0.050926 0.815104 0.051852
0 0.093750 0.111111 0.090104 0.117593 0.090104 0.120370 0.089583 0.121296 0.089583 0.125000 0.090104 0.125926 0.090104 0.127778 0.090625 0.128704 0.090625 0.129630 0.091667 0.131481 0.091667 0.132407 0.092708 0.134259 0.093229 0.134259 0.093750 0.135185 0.094271 0.135185 0.094792 0.136111 0.095312 0.136111 0.095833 0.137037 0.096875 0.137037 0.097396 0.137963 0.103125 0.137963 0.103646 0.137037 0.104688 0.137037 0.105729 0.135185 0.106250 0.135185 0.107813 0.132407 0.107813 0.131481 0.108333 0.130556 0.108333 0.129630 0.108854 0.128704 0.108854 0.121296 0.108333 0.120370 0.108333 0.119444 0.107813 0.118519 0.107813 0.117593 0.105208 0.112963 0.104688 0.112963 0.104167 0.112037 0.103646 0.112037 0.103125 0.111111 0.102604 0.111111 0.102083 0.110185 0.100000 0.110185 0.099479 0.109259 0.097917 0.109259 0.097396 0.110185 0.095312 0.110185 0.094792 0.111111
0 0.020313 0.936111 0.019792 0.937037 0.018750 0.937037 0.018229 0.937963 0.017708 0.937963 0.016146 0.940741 0.016146 0.941667 0.015104 0.943519 0.015104 0.945370 0.014583 0.946296 0.014583 0.952778 0.015104 0.953704 0.015104 0.955556 0.015625 0.956481 0.015625 0.957407 0.016146 0.958333 0.016146 0.959259 0.017708 0.962037 0.018229 0.962037 0.019271 0.963889 0.020833 0.963889 0.021354 0.964815 0.023958 0.964815 0.024479 0.963889 0.025000 0.963889 0.025521 0.962963 0.026562 0.962963 0.027604 0.961111 0.027604 0.960185 0.028646 0.958333 0.028646 0.957407 0.029167 0.956481 0.029167 0.954630 0.029687 0.953704 0.029687 0.948148 0.029167 0.947222 0.029167 0.946296 0.028646 0.945370 0.028646 0.943519 0.027604 0.941667 0.027604 0.940741 0.026042 0.937963 0.025000 0.937963 0.024479 0.937037 0.023958 0.937037 0.023438 0.936111
0 0.803646 0.125926 0.803125 0.126852 0.802604 0.126852 0.802083 0.127778 0.801042 0.127778 0.798438 0.132407 0.798438 0.133333 0.797396 0.135185 0.797396 0.136111 0.796875 0.137037 0.796875 0.137963 0.796354 0.138889 0.796354 0.143519 0.795833 0.144444 0.795833 0.146296 0.796354 0.147222 0.796354 0.150926 0.796875 0.151852 0.796875 0.153704 0.797396 0.154630 0.797396 0.155556 0.798438 0.157407 0.798438 0.158333 0.801042 0.162963 0.801562 0.162963 0.802083 0.163889 0.802604 0.163889 0.803646 0.165741 0.804688 0.165741 0.805208 0.166667 0.810937 0.166667 0.811458 0.165741 0.812500 0.165741 0.813021 0.164815 0.813542 0.164815 0.815104 0.162037 0.815625 0.162037 0.816146 0.161111 0.816146 0.160185 0.817187 0.158333 0.817187 0.157407 0.817708 0.156481 0.817708 0.155556 0.818229 0.154630 0.818229 0.153704 0.818750 0.152778 0.818750 0.142593 0.818229 0.141667 0.818229 0.139815 0.817708 0.138889 0.817708 0.137037 0.817187 0.136111 0.817187 0.135185 0.816667 0.135185 0.816146 0.134259 0.816146 0.133333 0.813542 0.128704 0.813021 0.128704 0.812500 0.127778 0.811979 0.127778 0.811458 0.126852 0.810937 0.126852 0.810417 0.125926 0.808333 0.125926 0.807813 0.125000 0.805729 0.125000 0.805208 0.125926
0 0.032292 0.300926 0.032292 0.301852 0.031250 0.303704 0.031250 0.304630 0.030729 0.305556 0.030729 0.307407 0.030208 0.308333 0.030208 0.313889 0.030729 0.314815 0.030729 0.316667 0.031250 0.317593 0.031250 0.318519 0.032292 0.320370 0.032292 0.321296 0.034896 0.325926 0.035417 0.325926 0.035937 0.326852 0.036458 0.326852 0.036979 0.327778 0.037500 0.327778 0.038021 0.328704 0.038542 0.328704 0.039062 0.329630 0.040625 0.329630 0.041146 0.330556 0.045833 0.330556 0.046354 0.329630 0.048438 0.329630 0.048958 0.328704 0.049479 0.328704 0.050000 0.327778 0.050521 0.327778 0.051042 0.326852 0.051562 0.326852 0.052083 0.325926 0.052083 0.325000 0.052604 0.324074 0.053125 0.324074 0.053646 0.323148 0.053646 0.322222 0.054688 0.320370 0.054688 0.319444 0.055208 0.318519 0.055208 0.315741 0.055729 0.314815 0.055729 0.312037 0.055208 0.311111 0.055208 0.308333 0.054688 0.307407 0.054688 0.306481 0.054167 0.305556 0.054167 0.304630 0.053125 0.302778 0.053125 0.301852 0.052604 0.301852 0.052083 0.300926 0.052083 0.300000 0.051562 0.300000 0.050521 0.298148 0.050000 0.298148 0.048958 0.296296 0.047917 0.296296 0.047396 0.295370 0.046354 0.295370 0.045833 0.294444 0.038542 0.294444 0.038021 0.295370 0.036979 0.295370 0.036458 0.296296 0.035937 0.296296 0.035417 0.297222 0.034896 0.297222 0.033854 0.299074 0.033333 0.299074
0 0.287500 0.695370 0.284375 0.700926 0.284375 0.701852 0.283854 0.702778 0.283854 0.703704 0.283333 0.704630 0.283333 0.706481 0.282813 0.707407 0.282813 0.714815 0.283333 0.715741 0.283333 0.717593 0.283854 0.718519 0.283854 0.719444 0.284896 0.721296 0.284896 0.722222 0.285938 0.724074 0.286458 0.724074 0.288021 0.726852 0.288542 0.726852 0.289062 0.727778 0.290104 0.727778 0.290625 0.728704 0.291667 0.728704 0.292187 0.729630 0.298958 0.729630 0.299479 0.728704 0.300521 0.728704 0.301042 0.727778 0.302083 0.727778 0.302604 0.726852 0.303125 0.726852 0.303646 0.725926 0.304167 0.725926 0.306250 0.722222 0.306771 0.722222 0.307292 0.721296 0.307292 0.720370 0.308333 0.718519 0.308333 0.717593 0.308854 0.716667 0.308854 0.715741 0.309375 0.714815 0.309375 0.712037 0.309896 0.711111 0.309896 0.707407 0.309375 0.706481 0.309375 0.703704 0.308854 0.702778 0.308854 0.701852 0.308333 0.700926 0.308333 0.700000 0.305208 0.694444 0.304688 0.694444 0.304167 0.693519 0.303646 0.693519 0.303125 0.692593 0.302604 0.692593 0.302083 0.691667 0.301042 0.691667 0.300521 0.690741 0.293229 0.690741 0.292708 0.691667 0.291667 0.691667 0.291146 0.692593 0.290625 0.692593 0.290104 0.693519 0.289583 0.693519 0.289062 0.694444 0.288542 0.694444 0.288021 0.695370
0 0.315104 0.064815 0.314583 0.065741 0.313542 0.065741 0.312500 0.067593 0.311979 0.067593 0.310417 0.070370 0.309896 0.070370 0.309896 0.071296 0.308854 0.073148 0.308854 0.074074 0.308333 0.075000 0.308333 0.075926 0.307812 0.076852 0.307812 0.078704 0.307292 0.079630 0.307292 0.083333 0.306771 0.084259 0.306771 0.089815 0.307292 0.090741 0.307292 0.093519 0.307812 0.094444 0.307812 0.096296 0.308333 0.097222 0.308333 0.098148 0.308854 0.099074 0.308854 0.100000 0.309375 0.100926 0.309375 0.101852 0.313021 0.108333 0.313542 0.108333 0.314063 0.109259 0.315104 0.109259 0.315625 0.110185 0.319792 0.110185 0.320312 0.109259 0.320833 0.109259 0.321354 0.108333 0.321875 0.108333 0.322396 0.107407 0.322917 0.107407 0.325000 0.103704 0.325000 0.102778 0.325521 0.101852 0.325521 0.100926 0.326562 0.099074 0.326562 0.097222 0.327083 0.096296 0.327083 0.092593 0.327604 0.091667 0.327604 0.086111 0.327083 0.085185 0.327083 0.081481 0.326562 0.080556 0.326562 0.078704 0.326042 0.077778 0.326042 0.076852 0.325521 0.075926 0.325521 0.075000 0.324479 0.073148 0.324479 0.072222 0.321875 0.067593 0.321354 0.067593 0.320833 0.066667 0.320312 0.066667 0.319792 0.065741 0.318229 0.065741 0.317708 0.064815
0 0.421354 0.880556 0.421354 0.881481 0.419792 0.884259 0.419792 0.887037 0.419271 0.887963 0.419271 0.890741 0.419792 0.891667 0.419792 0.894444 0.420833 0.896296 0.420833 0.897222 0.421354 0.898148 0.421354 0.899074 0.421875 0.899074 0.423958 0.902778 0.425000 0.902778 0.425521 0.903704 0.426042 0.903704 0.426563 0.904630 0.432812 0.904630 0.433854 0.902778 0.434896 0.902778 0.436979 0.899074 0.436979 0.898148 0.437500 0.897222 0.437500 0.896296 0.438021 0.895370 0.438021 0.887963 0.437500 0.887037 0.437500 0.886111 0.436979 0.885185 0.436979 0.884259 0.435937 0.882407 0.435937 0.881481 0.434896 0.879630 0.434375 0.879630 0.433333 0.877778 0.432292 0.877778 0.431771 0.876852 0.430729 0.876852 0.430208 0.875926 0.425521 0.875926 0.425000 0.876852 0.423958 0.876852 0.422396 0.879630 0.421875 0.879630
0 0.672917 0.850000 0.672396 0.850926 0.671875 0.850926 0.671354 0.851852 0.670833 0.851852 0.669271 0.854630 0.669271 0.855556 0.668750 0.856481 0.668750 0.857407 0.668229 0.858333 0.668229 0.865741 0.668750 0.866667 0.668750 0.867593 0.669271 0.868519 0.669271 0.869444 0.671354 0.873148 0.671875 0.873148 0.672396 0.874074 0.673438 0.874074 0.673958 0.875000 0.677083 0.875000 0.677604 0.874074 0.678125 0.874074 0.678646 0.873148 0.679167 0.873148 0.680729 0.870370 0.680729 0.869444 0.681250 0.868519 0.681250 0.867593 0.681771 0.866667 0.681771 0.859259 0.681250 0.858333 0.681250 0.857407 0.680729 0.856481 0.680729 0.855556 0.678646 0.851852 0.678125 0.851852 0.677604 0.850926 0.677083 0.850926 0.676562 0.850000
0 0.707292 0.446296 0.706771 0.446296 0.706250 0.445370 0.705729 0.445370 0.705208 0.444444 0.704167 0.444444 0.703646 0.443519 0.701042 0.443519 0.700521 0.444444 0.698958 0.444444 0.697917 0.446296 0.696875 0.446296 0.693750 0.451852 0.693750 0.452778 0.693229 0.453704 0.693229 0.454630 0.692708 0.455556 0.692708 0.456481 0.692187 0.457407 0.692187 0.465741 0.692708 0.466667 0.692708 0.468519 0.694792 0.472222 0.695312 0.472222 0.696354 0.474074 0.701562 0.474074 0.702083 0.473148 0.703125 0.473148 0.703646 0.472222 0.704167 0.472222 0.704688 0.471296 0.705208 0.471296 0.708333 0.465741 0.708333 0.464815 0.708854 0.463889 0.708854 0.462037 0.709375 0.461111 0.709375 0.459259 0.709896 0.458333 0.709896 0.454630 0.709375 0.453704 0.709375 0.450926 0.707812 0.448148 0.707812 0.447222
0 0.031771 0.094444 0.031771 0.095370 0.031250 0.096296 0.031250 0.097222 0.030729 0.098148 0.030729 0.102778 0.031250 0.103704 0.031250 0.105556 0.034896 0.112037 0.035417 0.112037 0.035937 0.112963 0.036979 0.112963 0.037500 0.113889 0.039062 0.113889 0.039583 0.114815 0.044271 0.114815 0.044792 0.113889 0.046354 0.113889 0.046875 0.112963 0.047396 0.112963 0.047917 0.112037 0.048958 0.112037 0.052083 0.106481 0.052083 0.105556 0.052604 0.104630 0.052604 0.098148 0.052083 0.097222 0.052083 0.096296 0.051562 0.095370 0.051562 0.094444 0.051042 0.093519 0.050521 0.093519 0.048958 0.090741 0.048438 0.090741 0.047396 0.088889 0.046354 0.088889 0.045833 0.087963 0.043750 0.087963 0.043229 0.087037 0.040104 0.087037 0.039583 0.087963 0.037500 0.087963 0.036979 0.088889 0.035937 0.088889 0.035417 0.089815 0.034896 0.089815 0.034375 0.090741 0.033854 0.090741
0 0.961458 0.288889 0.960938 0.289815 0.960417 0.289815 0.959896 0.290741 0.959375 0.290741 0.956771 0.295370 0.956771 0.296296 0.955729 0.298148 0.955729 0.300000 0.955208 0.300926 0.955208 0.310185 0.955729 0.311111 0.955729 0.312037 0.956250 0.312963 0.956250 0.314815 0.959896 0.321296 0.960417 0.321296 0.960938 0.322222 0.961458 0.322222 0.961979 0.323148 0.963021 0.323148 0.963542 0.324074 0.969271 0.324074 0.969792 0.323148 0.970313 0.323148 0.970833 0.322222 0.971354 0.322222 0.971875 0.321296 0.972396 0.321296 0.973437 0.319444 0.973437 0.318519 0.973958 0.317593 0.974479 0.317593 0.974479 0.316667 0.975000 0.315741 0.975000 0.314815 0.975521 0.313889 0.975521 0.312037 0.976042 0.311111 0.976042 0.303704 0.975521 0.302778 0.975521 0.300926 0.975000 0.300000 0.975000 0.299074 0.973958 0.297222 0.973958 0.296296 0.972396 0.293519 0.972396 0.292593 0.971875 0.292593 0.971354 0.291667 0.970833 0.291667 0.969792 0.289815 0.968750 0.289815 0.968229 0.288889 0.966667 0.288889 0.966146 0.287963 0.964063 0.287963 0.963542 0.288889
0 0.778125 0.450000 0.778125 0.450926 0.777604 0.451852 0.777604 0.452778 0.777083 0.453704 0.777083 0.461111 0.777604 0.462037 0.777604 0.463889 0.778646 0.465741 0.778646 0.466667 0.779687 0.468519 0.780208 0.468519 0.781250 0.470370 0.781771 0.470370 0.782813 0.472222 0.783854 0.472222 0.784375 0.473148 0.785417 0.473148 0.785937 0.474074 0.791667 0.474074 0.792188 0.473148 0.793750 0.473148 0.794271 0.472222 0.794792 0.472222 0.795312 0.471296 0.795833 0.471296 0.796875 0.469444 0.797396 0.469444 0.797917 0.468519 0.797917 0.467593 0.799479 0.464815 0.799479 0.463889 0.800000 0.462963 0.800000 0.454630 0.799479 0.453704 0.799479 0.451852 0.798438 0.450000 0.798438 0.449074 0.797396 0.447222 0.796875 0.447222 0.795833 0.445370 0.795312 0.445370 0.794792 0.444444 0.794271 0.444444 0.793750 0.443519 0.792708 0.443519 0.792188 0.442593 0.790104 0.442593 0.789583 0.441667 0.786979 0.441667 0.786458 0.442593 0.784375 0.442593 0.783854 0.443519 0.782813 0.443519 0.782292 0.444444 0.781771 0.444444 0.780208 0.447222 0.779687 0.447222
0 0.193229 0.357407 0.191667 0.360185 0.191146 0.360185 0.189583 0.362963 0.189583 0.363889 0.189062 0.364815 0.189062 0.365741 0.188542 0.366667 0.188542 0.369444 0.188021 0.370370 0.188021 0.373148 0.188542 0.374074 0.188542 0.377778 0.189062 0.378704 0.189062 0.379630 0.189583 0.380556 0.189583 0.381481 0.191667 0.385185 0.191667 0.386111 0.192188 0.386111 0.192708 0.387037 0.193229 0.387037 0.194271 0.388889 0.195312 0.388889 0.195833 0.389815 0.200521 0.389815 0.201042 0.388889 0.202083 0.388889 0.203646 0.386111 0.204167 0.386111 0.205729 0.383333 0.205729 0.382407 0.206250 0.381481 0.206250 0.380556 0.206771 0.379630 0.206771 0.376852 0.207292 0.375926 0.207292 0.372222 0.206771 0.371296 0.206771 0.368519 0.206250 0.367593 0.206250 0.365741 0.204687 0.362963 0.204687 0.362037 0.203125 0.359259 0.202604 0.359259 0.202083 0.358333 0.201563 0.358333 0.201042 0.357407 0.200000 0.357407 0.199479 0.356481 0.194792 0.356481 0.194271 0.357407
0 0.265104 0.293519 0.264583 0.294444 0.264062 0.294444 0.263542 0.295370 0.263021 0.295370 0.260937 0.299074 0.260937 0.300000 0.259896 0.301852 0.259896 0.303704 0.259375 0.304630 0.259375 0.313889 0.259896 0.314815 0.259896 0.316667 0.260417 0.317593 0.260417 0.318519 0.261979 0.321296 0.261979 0.322222 0.263021 0.324074 0.263542 0.324074 0.264583 0.325926 0.265625 0.325926 0.266146 0.326852 0.267188 0.326852 0.267708 0.327778 0.270313 0.327778 0.270833 0.326852 0.272396 0.326852 0.272917 0.325926 0.273438 0.325926 0.275521 0.322222 0.276042 0.322222 0.276042 0.321296 0.276562 0.320370 0.276562 0.319444 0.277083 0.318519 0.277083 0.316667 0.277604 0.315741 0.277604 0.306481 0.277083 0.305556 0.277083 0.304630 0.276562 0.303704 0.276562 0.302778 0.276042 0.301852 0.276042 0.300926 0.272917 0.295370 0.271875 0.295370 0.270833 0.293519
0 0.417708 0.477778 0.417187 0.478704 0.416667 0.478704 0.416146 0.479630 0.415625 0.479630 0.414583 0.481481 0.414062 0.481481 0.411979 0.485185 0.411979 0.486111 0.410938 0.487963 0.410938 0.488889 0.410417 0.489815 0.410417 0.490741 0.409896 0.491667 0.409896 0.493519 0.409375 0.494444 0.409375 0.506481 0.409896 0.507407 0.409896 0.509259 0.410417 0.510185 0.410417 0.511111 0.410938 0.512037 0.410938 0.512963 0.411458 0.513889 0.411458 0.514815 0.414062 0.519444 0.414583 0.519444 0.415625 0.521296 0.416146 0.521296 0.416667 0.522222 0.417708 0.522222 0.418229 0.523148 0.422396 0.523148 0.422917 0.522222 0.423958 0.522222 0.424479 0.521296 0.425000 0.521296 0.426042 0.519444 0.426563 0.519444 0.429167 0.514815 0.429167 0.513889 0.430208 0.512037 0.430208 0.511111 0.430729 0.510185 0.430729 0.508333 0.431250 0.507407 0.431250 0.502778 0.431771 0.501852 0.431771 0.498148 0.431250 0.497222 0.431250 0.493519 0.430729 0.492593 0.430729 0.490741 0.430208 0.489815 0.430208 0.488889 0.429688 0.487963 0.429688 0.487037 0.428646 0.485185 0.428646 0.484259 0.428125 0.483333 0.427604 0.483333 0.427083 0.482407 0.427083 0.481481 0.426563 0.480556 0.426042 0.480556 0.425521 0.479630 0.425000 0.479630 0.424479 0.478704 0.423438 0.478704 0.422917 0.477778
0 0.983333 0.496296 0.980208 0.501852 0.980208 0.502778 0.979688 0.503704 0.979688 0.505556 0.979167 0.506481 0.979167 0.510185 0.979688 0.511111 0.979688 0.512963 0.980208 0.513889 0.980208 0.514815 0.982812 0.519444 0.983333 0.519444 0.983854 0.520370 0.984375 0.520370 0.984896 0.521296 0.985938 0.521296 0.986458 0.522222 0.992708 0.522222 0.993229 0.521296 0.994271 0.521296 0.994792 0.520370 0.995313 0.520370 0.995833 0.519444 0.996354 0.519444 0.998437 0.515741 0.998437 0.514815 0.999479 0.512963 0.999479 0.504630 0.998958 0.503704 0.998958 0.501852 0.996354 0.497222 0.995833 0.497222 0.995313 0.496296 0.994792 0.496296 0.994271 0.495370 0.993750 0.495370 0.993229 0.494444 0.990625 0.494444 0.990104 0.493519 0.989062 0.493519 0.988542 0.494444 0.985938 0.494444 0.985417 0.495370 0.984896 0.495370 0.984375 0.496296
0 0.648958 0.806481 0.648438 0.807407 0.647917 0.807407 0.647396 0.808333 0.646875 0.808333 0.645312 0.811111 0.645312 0.812037 0.644271 0.813889 0.644271 0.815741 0.643750 0.816667 0.643750 0.826852 0.644271 0.827778 0.644271 0.828704 0.647396 0.834259 0.647917 0.834259 0.648438 0.835185 0.652604 0.835185 0.653125 0.834259 0.653646 0.834259 0.656771 0.828704 0.656771 0.826852 0.657292 0.825926 0.657292 0.824074 0.657813 0.823148 0.657813 0.817593 0.657292 0.816667 0.657292 0.813889 0.656250 0.812037 0.656250 0.811111 0.654167 0.807407 0.653646 0.807407 0.653125 0.806481
0 0.018229 0.347222 0.017708 0.348148 0.017188 0.348148 0.016667 0.349074 0.016146 0.349074 0.015104 0.350926 0.014583 0.350926 0.013542 0.352778 0.013542 0.353704 0.013021 0.354630 0.013021 0.355556 0.012500 0.356481 0.012500 0.357407 0.011979 0.358333 0.011979 0.360185 0.011458 0.361111 0.011458 0.367593 0.011979 0.368519 0.011979 0.370370 0.012500 0.371296 0.012500 0.372222 0.013021 0.373148 0.013021 0.374074 0.014063 0.375926 0.014063 0.376852 0.014583 0.377778 0.015104 0.377778 0.016667 0.380556 0.017188 0.380556 0.017708 0.381481 0.018750 0.381481 0.019271 0.382407 0.024479 0.382407 0.025000 0.381481 0.026042 0.381481 0.026562 0.380556 0.027083 0.380556 0.027604 0.379630 0.028125 0.379630 0.028646 0.378704 0.028646 0.377778 0.029167 0.376852 0.029687 0.376852 0.030729 0.375000 0.030729 0.374074 0.031250 0.373148 0.031250 0.372222 0.031771 0.371296 0.031771 0.368519 0.032292 0.367593 0.032292 0.362963 0.031771 0.362037 0.031771 0.359259 0.031250 0.358333 0.031250 0.356481 0.030208 0.354630 0.030208 0.353704 0.029687 0.352778 0.029167 0.352778 0.028646 0.351852 0.028646 0.350926 0.028125 0.350000 0.027604 0.350000 0.026562 0.348148 0.025521 0.348148 0.025000 0.347222 0.023438 0.347222 0.022917 0.346296 0.020313 0.346296 0.019792 0.347222
0 0.504167 0.594444 0.503646 0.595370 0.503125 0.595370 0.500000 0.600926 0.500000 0.601852 0.498958 0.603704 0.498958 0.607407 0.498437 0.608333 0.498437 0.612037 0.498958 0.612963 0.498958 0.615741 0.499479 0.616667 0.499479 0.618519 0.500000 0.619444 0.500000 0.620370 0.501042 0.622222 0.501563 0.622222 0.503646 0.625926 0.504167 0.625926 0.504687 0.626852 0.505729 0.626852 0.506250 0.627778 0.509896 0.627778 0.510417 0.626852 0.511979 0.626852 0.512500 0.625926 0.513021 0.625926 0.514062 0.624074 0.514583 0.624074 0.515625 0.622222 0.515625 0.621296 0.516667 0.619444 0.516667 0.618519 0.517188 0.617593 0.517188 0.615741 0.517708 0.614815 0.517708 0.605556 0.517188 0.604630 0.517188 0.602778 0.515625 0.600000 0.515625 0.599074 0.514062 0.596296 0.513542 0.596296 0.512500 0.594444 0.511458 0.594444 0.510938 0.593519 0.505729 0.593519 0.505208 0.594444
0 0.825000 0.404630 0.824479 0.405556 0.823958 0.405556 0.823438 0.406481 0.822917 0.406481 0.822396 0.407407 0.822396 0.408333 0.821354 0.410185 0.821354 0.413889 0.820833 0.414815 0.821354 0.415741 0.821354 0.419444 0.821875 0.420370 0.821875 0.422222 0.825000 0.427778 0.825521 0.427778 0.826042 0.428704 0.830208 0.428704 0.831250 0.426852 0.831771 0.426852 0.832812 0.425000 0.832812 0.424074 0.833333 0.423148 0.833333 0.421296 0.833854 0.420370 0.833854 0.417593 0.833333 0.416667 0.833333 0.413889 0.832812 0.412963 0.832812 0.412037 0.832292 0.411111 0.832292 0.410185 0.830208 0.406481 0.829688 0.406481 0.829167 0.405556 0.828646 0.405556 0.828125 0.404630
0 0.550000 0.555556 0.548438 0.558333 0.548438 0.562037 0.548958 0.562963 0.548958 0.563889 0.549479 0.564815 0.549479 0.565741 0.550000 0.565741 0.551042 0.567593 0.554167 0.567593 0.555208 0.565741 0.555208 0.564815 0.555729 0.563889 0.555729 0.560185 0.555208 0.559259 0.555208 0.558333 0.554167 0.556481 0.553646 0.556481 0.553125 0.555556 0.552083 0.555556 0.551562 0.554630 0.551042 0.554630 0.550521 0.555556
0 0.011458 0.544444 0.010937 0.545370 0.010417 0.545370 0.009896 0.546296 0.008854 0.546296 0.005729 0.551852 0.005729 0.552778 0.004687 0.554630 0.004687 0.555556 0.004167 0.556481 0.004167 0.558333 0.003646 0.559259 0.003646 0.562963 0.003125 0.563889 0.003125 0.569444 0.003646 0.570370 0.003646 0.573148 0.004167 0.574074 0.004167 0.575000 0.004687 0.575926 0.004687 0.577778 0.005729 0.579630 0.005729 0.580556 0.006250 0.581481 0.006771 0.581481 0.008333 0.584259 0.008854 0.584259 0.009375 0.585185 0.009896 0.585185 0.010417 0.586111 0.015625 0.586111 0.016146 0.585185 0.016667 0.585185 0.017188 0.584259 0.017708 0.584259 0.019271 0.581481 0.019792 0.581481 0.020313 0.580556 0.020313 0.579630 0.021354 0.577778 0.021354 0.576852 0.021875 0.575926 0.021875 0.575000 0.022396 0.574074 0.022396 0.573148 0.022917 0.572222 0.022917 0.567593 0.023438 0.566667 0.023438 0.562963 0.022917 0.562037 0.022917 0.558333 0.022396 0.557407 0.022396 0.555556 0.021875 0.554630 0.021875 0.553704 0.021354 0.552778 0.021354 0.551852 0.018750 0.547222 0.018229 0.547222 0.017188 0.545370 0.015625 0.545370 0.015104 0.544444
0 0.957812 0.831481 0.955729 0.835185 0.955729 0.836111 0.955208 0.837037 0.955208 0.837963 0.954688 0.838889 0.954688 0.843519 0.955208 0.844444 0.955208 0.845370 0.955729 0.846296 0.955729 0.847222 0.958854 0.852778 0.959375 0.852778 0.959896 0.853704 0.961458 0.853704 0.961979 0.854630 0.964583 0.854630 0.965104 0.853704 0.966146 0.853704 0.966667 0.852778 0.967708 0.852778 0.969792 0.849074 0.969792 0.848148 0.970313 0.847222 0.970313 0.846296 0.970833 0.845370 0.970833 0.838889 0.970313 0.837963 0.970313 0.837037 0.969271 0.835185 0.969271 0.834259 0.967708 0.831481 0.966667 0.831481 0.965625 0.829630 0.959896 0.829630 0.959375 0.830556 0.958854 0.830556 0.958333 0.831481
0 0.167708 0.631481 0.165625 0.635185 0.165625 0.636111 0.164583 0.637963 0.164583 0.638889 0.164062 0.639815 0.164062 0.640741 0.163542 0.641667 0.163542 0.651852 0.164062 0.652778 0.164062 0.654630 0.164583 0.655556 0.164583 0.656481 0.165104 0.657407 0.165104 0.658333 0.168750 0.664815 0.169271 0.664815 0.169792 0.665741 0.170313 0.665741 0.170833 0.666667 0.171875 0.666667 0.172396 0.667593 0.173958 0.667593 0.174479 0.668519 0.176563 0.668519 0.177083 0.667593 0.179167 0.667593 0.179688 0.666667 0.180729 0.666667 0.181771 0.664815 0.182292 0.664815 0.184375 0.661111 0.184375 0.660185 0.184896 0.659259 0.184896 0.658333 0.185417 0.657407 0.185417 0.655556 0.185938 0.654630 0.185938 0.644444 0.185417 0.643519 0.185417 0.642593 0.184896 0.641667 0.184896 0.640741 0.184375 0.639815 0.184375 0.638889 0.183333 0.637037 0.183333 0.636111 0.182812 0.635185 0.182292 0.635185 0.180208 0.631481 0.179688 0.631481 0.179167 0.630556 0.178125 0.630556 0.177604 0.629630 0.176563 0.629630 0.176042 0.628704 0.171875 0.628704 0.171354 0.629630 0.169792 0.629630 0.169271 0.630556 0.168750 0.630556 0.168229 0.631481
0 0.139583 0.156481 0.138021 0.159259 0.137500 0.159259 0.135937 0.162037 0.135937 0.162963 0.135417 0.163889 0.135417 0.164815 0.134896 0.165741 0.134896 0.166667 0.134375 0.167593 0.134375 0.178704 0.134896 0.179630 0.134896 0.181481 0.135417 0.182407 0.135417 0.183333 0.136458 0.185185 0.136458 0.186111 0.138542 0.189815 0.139063 0.189815 0.140104 0.191667 0.140625 0.191667 0.141146 0.192593 0.141667 0.192593 0.142187 0.193519 0.143229 0.193519 0.143750 0.194444 0.147917 0.194444 0.148438 0.193519 0.149479 0.193519 0.150000 0.192593 0.150521 0.192593 0.151562 0.190741 0.152083 0.190741 0.153125 0.188889 0.153125 0.187963 0.154167 0.186111 0.154167 0.185185 0.154688 0.184259 0.154688 0.183333 0.155208 0.182407 0.155208 0.178704 0.155729 0.177778 0.155729 0.175000 0.155208 0.174074 0.155208 0.170370 0.154688 0.169444 0.154688 0.168519 0.154167 0.167593 0.154167 0.165741 0.152083 0.162037 0.152083 0.161111 0.151562 0.160185 0.151042 0.160185 0.150000 0.158333 0.149479 0.158333 0.148438 0.156481 0.147396 0.156481 0.146875 0.155556 0.144271 0.155556 0.143750 0.154630 0.143229 0.155556 0.141146 0.155556 0.140625 0.156481
0 0.505729 0.750926 0.504687 0.750926 0.504167 0.750000 0.502604 0.750000 0.502083 0.749074 0.500521 0.749074 0.500000 0.750000 0.498437 0.750000 0.497917 0.750926 0.497396 0.750926 0.496875 0.751852 0.495833 0.751852 0.494792 0.753704 0.494271 0.753704 0.494271 0.754630 0.492188 0.758333 0.492188 0.759259 0.491667 0.760185 0.491667 0.761111 0.491146 0.762037 0.491146 0.763889 0.490625 0.764815 0.490625 0.772222 0.491146 0.773148 0.491146 0.775000 0.491667 0.775926 0.491667 0.776852 0.492708 0.778704 0.492708 0.779630 0.493229 0.779630 0.494271 0.781481 0.494792 0.781481 0.495312 0.782407 0.495833 0.782407 0.496354 0.783333 0.501563 0.783333 0.502083 0.782407 0.503125 0.782407 0.503646 0.781481 0.504167 0.781481 0.504687 0.780556 0.505208 0.780556 0.505729 0.779630 0.505729 0.778704 0.506250 0.777778 0.506771 0.777778 0.507812 0.775926 0.507812 0.775000 0.508854 0.773148 0.508854 0.772222 0.509375 0.771296 0.509375 0.767593 0.509896 0.766667 0.509896 0.762037 0.509375 0.761111 0.509375 0.758333 0.508854 0.757407 0.508854 0.756481
0 0.463542 0.779630 0.460938 0.784259 0.460938 0.785185 0.460417 0.786111 0.460417 0.787037 0.459896 0.787963 0.459896 0.788889 0.459375 0.789815 0.459375 0.793519 0.458854 0.794444 0.459375 0.795370 0.459375 0.800926 0.459896 0.801852 0.459896 0.803704 0.460417 0.804630 0.460417 0.805556 0.460938 0.806481 0.460938 0.807407 0.464062 0.812963 0.464583 0.812963 0.465625 0.814815 0.466146 0.814815 0.466667 0.815741 0.467708 0.815741 0.468229 0.816667 0.469271 0.816667 0.469792 0.817593 0.475521 0.817593 0.476042 0.816667 0.477083 0.816667 0.477604 0.815741 0.478646 0.815741 0.479687 0.813889 0.480208 0.813889 0.480208 0.812963 0.480729 0.812037 0.481250 0.812037 0.482292 0.810185 0.482292 0.809259 0.483333 0.807407 0.483333 0.806481 0.483854 0.805556 0.483854 0.803704 0.484375 0.802778 0.484375 0.794444 0.483854 0.793519 0.483854 0.790741 0.483333 0.789815 0.483333 0.788889 0.482812 0.787963 0.482812 0.787037 0.481250 0.784259 0.481250 0.783333 0.480729 0.783333 0.478646 0.779630 0.478125 0.779630 0.477604 0.778704 0.477083 0.778704 0.476562 0.777778 0.476042 0.777778 0.475521 0.776852 0.474479 0.776852 0.473958 0.775926 0.467708 0.775926 0.467187 0.776852 0.466146 0.776852 0.465104 0.778704 0.464583 0.778704 0.464062 0.779630
0 0.360417 0.744444 0.358854 0.747222 0.358854 0.748148 0.358333 0.749074 0.357812 0.749074 0.357812 0.750000 0.357292 0.750926 0.357292 0.751852 0.356250 0.753704 0.356250 0.755556 0.355729 0.756481 0.355729 0.767593 0.356250 0.768519 0.356250 0.771296 0.356771 0.772222 0.356771 0.773148 0.357292 0.774074 0.357292 0.775000 0.357812 0.775926 0.357812 0.776852 0.358333 0.776852 0.358854 0.777778 0.358854 0.778704 0.361458 0.783333 0.361979 0.783333 0.362500 0.784259 0.363021 0.784259 0.363542 0.785185 0.364063 0.785185 0.364583 0.786111 0.365104 0.786111 0.365625 0.787037 0.367708 0.787037 0.368229 0.787963 0.369792 0.787963 0.370312 0.787037 0.372396 0.787037 0.372917 0.786111 0.373958 0.786111 0.374479 0.785185 0.375000 0.785185 0.378646 0.778704 0.378646 0.777778 0.379167 0.776852 0.379167 0.775000 0.379688 0.774074 0.379688 0.772222 0.380208 0.771296 0.380208 0.762037 0.379688 0.761111 0.379688 0.759259 0.379167 0.758333 0.379167 0.756481 0.378646 0.755556 0.378646 0.754630 0.378125 0.753704 0.378125 0.752778 0.375000 0.747222 0.375000 0.746296 0.374479 0.746296 0.373437 0.744444 0.372917 0.744444 0.372396 0.743519 0.371875 0.743519 0.371354 0.742593 0.370312 0.742593 0.369792 0.741667 0.364063 0.741667 0.363542 0.742593 0.362500 0.742593 0.361979 0.743519 0.361458 0.743519 0.360938 0.744444
0 0.638021 0.142593 0.637500 0.143519 0.635938 0.143519 0.635417 0.144444 0.634896 0.144444 0.634375 0.145370 0.633854 0.145370 0.633333 0.146296 0.632812 0.146296 0.632292 0.147222 0.631771 0.147222 0.629167 0.151852 0.629167 0.152778 0.628646 0.153704 0.628646 0.154630 0.627604 0.156481 0.627604 0.157407 0.627083 0.158333 0.627083 0.162037 0.626563 0.162963 0.626563 0.169444 0.627083 0.170370 0.627083 0.173148 0.627604 0.174074 0.627604 0.175000 0.628125 0.175926 0.628125 0.176852 0.628646 0.177778 0.628646 0.178704 0.632292 0.185185 0.632812 0.185185 0.633333 0.186111 0.634375 0.186111 0.634896 0.187037 0.635938 0.187037 0.636458 0.187963 0.641667 0.187963 0.642188 0.187037 0.643229 0.187037 0.643750 0.186111 0.644271 0.186111 0.644792 0.185185 0.645312 0.185185 0.645833 0.184259 0.646354 0.184259 0.650000 0.177778 0.650000 0.176852 0.650521 0.175926 0.650521 0.175000 0.651042 0.174074 0.651042 0.172222 0.651563 0.171296 0.651563 0.167593 0.652083 0.166667 0.652083 0.162037 0.651563 0.161111 0.651563 0.158333 0.651042 0.157407 0.651042 0.155556 0.650521 0.154630 0.650521 0.153704 0.648958 0.150926 0.648958 0.150000 0.648438 0.150000 0.647917 0.149074 0.647917 0.148148 0.647396 0.147222 0.646875 0.147222 0.645833 0.145370 0.645312 0.145370 0.644792 0.144444 0.643750 0.144444 0.643229 0.143519 0.641667 0.143519 0.641146 0.142593
0 0.263021 0.009259 0.263021 0.016667 0.263542 0.017593 0.263542 0.018519 0.264062 0.019444 0.264062 0.020370 0.266146 0.024074 0.266667 0.024074 0.267188 0.025000 0.267708 0.025000 0.268229 0.025926 0.273958 0.025926 0.274479 0.025000 0.276042 0.025000 0.277083 0.023148 0.277604 0.023148 0.279167 0.020370 0.279687 0.020370 0.280729 0.018519 0.280729 0.017593 0.281771 0.015741 0.281771 0.014815 0.282292 0.013889 0.282292 0.011111 0.282813 0.010185 0.282813 0.005556 0.282292 0.004630 0.282292 0.003704 0.281771 0.002778 0.281771 0.000926 0.281250 0.000000 0.266667 0.000000 0.264583 0.003704 0.264583 0.004630 0.264062 0.005556 0.264062 0.006481 0.263542 0.007407 0.263542 0.008333
0 0.747396 0.461111 0.743750 0.461111 0.743229 0.462037 0.742708 0.462037 0.742188 0.462963 0.741667 0.462963 0.739062 0.467593 0.739062 0.468519 0.738542 0.469444 0.738542 0.471296 0.738021 0.472222 0.738021 0.477778 0.738542 0.478704 0.738542 0.479630 0.739062 0.480556 0.739062 0.481481 0.741146 0.485185 0.741667 0.485185 0.742188 0.486111 0.743750 0.486111 0.744271 0.487037 0.745313 0.487037 0.745833 0.486111 0.746875 0.486111 0.747396 0.485185 0.747917 0.485185 0.748437 0.484259 0.748958 0.484259 0.751042 0.480556 0.751042 0.479630 0.751563 0.478704 0.751563 0.477778 0.752083 0.476852 0.752083 0.469444 0.751563 0.468519 0.751563 0.467593 0.751042 0.466667 0.751042 0.465741 0.749479 0.462963 0.748958 0.462963 0.748437 0.462037 0.747917 0.462037
0 0.050000 0.581481 0.050000 0.588889 0.050521 0.589815 0.050521 0.590741 0.051042 0.591667 0.051042 0.592593 0.051562 0.593519 0.052083 0.593519 0.053646 0.596296 0.054167 0.596296 0.054688 0.597222 0.055208 0.597222 0.055729 0.598148 0.056771 0.598148 0.057292 0.599074 0.058854 0.599074 0.059375 0.600000 0.063542 0.600000 0.064062 0.599074 0.065625 0.599074 0.066146 0.598148 0.067187 0.598148 0.068750 0.595370 0.069271 0.595370 0.070312 0.593519 0.070312 0.592593 0.071354 0.590741 0.071354 0.584259 0.070833 0.583333 0.070833 0.582407 0.068229 0.577778 0.068229 0.576852 0.067187 0.576852 0.066146 0.575000 0.065104 0.575000 0.064583 0.574074 0.063542 0.574074 0.063021 0.573148 0.056771 0.573148 0.056250 0.574074 0.055208 0.574074 0.054688 0.575000 0.054167 0.575000 0.053646 0.575926 0.052604 0.575926 0.050521 0.579630 0.050521 0.580556
0 0.228125 0.045370 0.227083 0.045370 0.226562 0.044444 0.225000 0.044444 0.224479 0.043519 0.222917 0.043519 0.222396 0.044444 0.220312 0.044444 0.219792 0.045370 0.219271 0.045370 0.218750 0.046296 0.218229 0.046296 0.217188 0.048148 0.216667 0.048148 0.214583 0.051852 0.214583 0.052778 0.214062 0.053704 0.213542 0.053704 0.213542 0.054630 0.213021 0.055556 0.213021 0.056481 0.212500 0.057407 0.212500 0.058333 0.211979 0.059259 0.211979 0.061111 0.211458 0.062037 0.211458 0.065741 0.210938 0.066667 0.210938 0.071296 0.211458 0.072222 0.211458 0.075926 0.211979 0.076852 0.211979 0.078704 0.212500 0.079630 0.212500 0.080556 0.216146 0.087037 0.216667 0.087037 0.217188 0.087963 0.217708 0.087963 0.218229 0.088889 0.223958 0.088889 0.224479 0.087963 0.225521 0.087963 0.226042 0.087037 0.226562 0.087037 0.227083 0.086111 0.227604 0.086111 0.230729 0.080556 0.230729 0.079630 0.232292 0.076852 0.232292 0.075926 0.232813 0.075000 0.232813 0.073148 0.233333 0.072222 0.233333 0.069444 0.233854 0.068519 0.233854 0.060185 0.233333 0.059259 0.233333 0.056481 0.232813 0.055556 0.232813 0.054630 0.232292 0.053704 0.232292 0.052778 0.231250 0.050926 0.231250 0.050000 0.230729 0.050000 0.230208 0.049074 0.230208 0.048148 0.229687 0.047222 0.229167 0.047222
0 0.308854 0.629630 0.303646 0.629630 0.303125 0.630556 0.302083 0.630556 0.301563 0.631481 0.301042 0.631481 0.298438 0.636111 0.297917 0.636111 0.297917 0.637037 0.297396 0.637963 0.297396 0.638889 0.296875 0.639815 0.296875 0.640741 0.296354 0.641667 0.296354 0.643519 0.295833 0.644444 0.295833 0.653704 0.296354 0.654630 0.296354 0.655556 0.296875 0.656481 0.296875 0.657407 0.297396 0.658333 0.297396 0.659259 0.298438 0.661111 0.298958 0.661111 0.300521 0.663889 0.302083 0.663889 0.302604 0.664815 0.305729 0.664815 0.306250 0.663889 0.307292 0.663889 0.307812 0.662963 0.308333 0.662963 0.308854 0.662037 0.309375 0.662037 0.310417 0.660185 0.310937 0.660185 0.310937 0.659259 0.313021 0.655556 0.313021 0.654630 0.313542 0.653704 0.313542 0.652778 0.314063 0.651852 0.314063 0.650000 0.314583 0.649074 0.314583 0.640741 0.314063 0.639815 0.314063 0.637963 0.313021 0.636111 0.313021 0.635185 0.310417 0.630556 0.309375 0.630556
0 0.603125 0.651852 0.602604 0.652778 0.602083 0.652778 0.601562 0.653704 0.601042 0.653704 0.598958 0.657407 0.598437 0.657407 0.598437 0.658333 0.597396 0.660185 0.597396 0.661111 0.596875 0.662037 0.596875 0.662963 0.596354 0.663889 0.596354 0.665741 0.595833 0.666667 0.595833 0.676852 0.596354 0.677778 0.596354 0.680556 0.596875 0.681481 0.596875 0.682407 0.597917 0.684259 0.597917 0.685185 0.600000 0.688889 0.600521 0.688889 0.601042 0.689815 0.601562 0.689815 0.602083 0.690741 0.602604 0.690741 0.603125 0.691667 0.606771 0.691667 0.607292 0.690741 0.608333 0.690741 0.608854 0.689815 0.609375 0.689815 0.610417 0.687963 0.610938 0.687963 0.612500 0.685185 0.612500 0.684259 0.613542 0.682407 0.613542 0.681481 0.614062 0.680556 0.614062 0.678704 0.614583 0.677778 0.614583 0.675000 0.615104 0.674074 0.615104 0.667593 0.614583 0.666667 0.614583 0.663889 0.614062 0.662963 0.614062 0.662037 0.613542 0.661111 0.613542 0.660185 0.613021 0.659259 0.613021 0.658333 0.612500 0.657407 0.611979 0.657407 0.611458 0.656481 0.611458 0.655556 0.610417 0.653704 0.609896 0.653704 0.609375 0.652778 0.608333 0.652778 0.607812 0.651852
0 0.346875 0.828704 0.346354 0.829630 0.345833 0.829630 0.345313 0.830556 0.344792 0.830556 0.343750 0.832407 0.343229 0.832407 0.342187 0.834259 0.342187 0.835185 0.341146 0.837037 0.341146 0.837963 0.340625 0.838889 0.340625 0.839815 0.340104 0.840741 0.340104 0.841667 0.339583 0.842593 0.339583 0.845370 0.339062 0.846296 0.339062 0.855556 0.339583 0.856481 0.339583 0.859259 0.340104 0.860185 0.340104 0.861111 0.340625 0.862037 0.340625 0.862963 0.341146 0.863889 0.341146 0.864815 0.344271 0.870370 0.344792 0.870370 0.345313 0.871296 0.345833 0.871296 0.346354 0.872222 0.347396 0.872222 0.347917 0.873148 0.351562 0.873148 0.352083 0.872222 0.353646 0.872222 0.354167 0.871296 0.354687 0.871296 0.355729 0.869444 0.356250 0.869444 0.357812 0.866667 0.357812 0.865741 0.358854 0.863889 0.358854 0.862963 0.359375 0.862037 0.359375 0.861111 0.359896 0.860185 0.359896 0.858333 0.360417 0.857407 0.360417 0.853704 0.360938 0.852778 0.360938 0.849074 0.360417 0.848148 0.360417 0.844444 0.359896 0.843519 0.359896 0.841667 0.359375 0.840741 0.359375 0.839815 0.358854 0.838889 0.358854 0.837963 0.358333 0.837037 0.358333 0.836111 0.356250 0.832407 0.355729 0.832407 0.355208 0.831481 0.355208 0.830556 0.354167 0.830556 0.353646 0.829630 0.353125 0.829630 0.352604 0.828704
0 0.528125 0.143519 0.527604 0.144444 0.526042 0.144444 0.525000 0.146296 0.524479 0.146296 0.523438 0.148148 0.522917 0.148148 0.521354 0.150926 0.521354 0.151852 0.520312 0.153704 0.520312 0.154630 0.519792 0.155556 0.519792 0.158333 0.519271 0.159259 0.519271 0.165741 0.519792 0.166667 0.519792 0.169444 0.520312 0.170370 0.520312 0.171296 0.520833 0.172222 0.520833 0.173148 0.521354 0.174074 0.521354 0.175000 0.521875 0.175000 0.522917 0.176852 0.522917 0.177778 0.523438 0.177778 0.524479 0.179630 0.525000 0.179630 0.525521 0.180556 0.526563 0.180556 0.527083 0.181481 0.527604 0.181481 0.528125 0.182407 0.532292 0.182407 0.532813 0.181481 0.533854 0.181481 0.534375 0.180556 0.534896 0.180556 0.535417 0.179630 0.535937 0.179630 0.536979 0.177778 0.537500 0.177778 0.538021 0.176852 0.538021 0.175926 0.539583 0.173148 0.539583 0.172222 0.540104 0.171296 0.540104 0.169444 0.540625 0.168519 0.540625 0.157407 0.540104 0.156481 0.540104 0.155556 0.539583 0.154630 0.539583 0.153704 0.539062 0.152778 0.539062 0.151852 0.538542 0.150926 0.538021 0.150926 0.537500 0.150000 0.537500 0.149074 0.536458 0.147222 0.535937 0.147222 0.534896 0.145370 0.533854 0.145370 0.533333 0.144444 0.532292 0.144444 0.531771 0.143519
0 0.511458 0.279630 0.508854 0.279630 0.508333 0.280556 0.507292 0.280556 0.506250 0.282407 0.505729 0.282407 0.503125 0.287037 0.503125 0.287963 0.502604 0.288889 0.502604 0.289815 0.501563 0.291667 0.501563 0.293519 0.501042 0.294444 0.501042 0.298148 0.500521 0.299074 0.500521 0.306481 0.501042 0.307407 0.501042 0.310185 0.501563 0.311111 0.501563 0.312963 0.502083 0.313889 0.502083 0.314815 0.503125 0.316667 0.503125 0.317593 0.505208 0.321296 0.505729 0.321296 0.506250 0.322222 0.506771 0.322222 0.507292 0.323148 0.510417 0.323148 0.510938 0.322222 0.511979 0.322222 0.512500 0.321296 0.513021 0.321296 0.516146 0.315741 0.516146 0.314815 0.516667 0.313889 0.516667 0.312963 0.517188 0.312037 0.517188 0.311111 0.517708 0.310185 0.517708 0.308333 0.518229 0.307407 0.518229 0.293519 0.517708 0.292593 0.517708 0.290741 0.517188 0.289815 0.517188 0.288889 0.516667 0.287963 0.516667 0.287037 0.516146 0.286111 0.516146 0.285185 0.515104 0.283333 0.514583 0.283333 0.513021 0.280556 0.511979 0.280556
0 0.793750 0.487037 0.793750 0.487963 0.793229 0.488889 0.793229 0.489815 0.792708 0.490741 0.792708 0.492593 0.792188 0.493519 0.792188 0.499074 0.792708 0.500000 0.792708 0.500926 0.793229 0.501852 0.793229 0.502778 0.796354 0.508333 0.796875 0.508333 0.797396 0.509259 0.797917 0.509259 0.798438 0.510185 0.800000 0.510185 0.800521 0.511111 0.802604 0.511111 0.803125 0.512037 0.805208 0.512037 0.805729 0.511111 0.808333 0.511111 0.808854 0.510185 0.809896 0.510185 0.810417 0.509259 0.810937 0.509259 0.811458 0.508333 0.811979 0.508333 0.814583 0.503704 0.814583 0.502778 0.815104 0.501852 0.815104 0.500000 0.815625 0.499074 0.815625 0.494444 0.815104 0.493519 0.815104 0.491667 0.814583 0.490741 0.814583 0.489815 0.812500 0.486111 0.812500 0.485185 0.811979 0.485185 0.811458 0.484259 0.810937 0.484259 0.809896 0.482407 0.808854 0.482407 0.808333 0.481481 0.806771 0.481481 0.806250 0.480556 0.801042 0.480556 0.800521 0.481481 0.798958 0.481481 0.798438 0.482407 0.797396 0.482407 0.796875 0.483333 0.796354 0.483333 0.794271 0.487037
0 0.930729 0.014815 0.930208 0.015741 0.929167 0.015741 0.928646 0.016667 0.928125 0.016667 0.925521 0.021296 0.925521 0.022222 0.925000 0.023148 0.925000 0.024074 0.924479 0.025000 0.924479 0.027778 0.923958 0.028704 0.923958 0.035185 0.924479 0.036111 0.924479 0.037963 0.925000 0.038889 0.925000 0.040741 0.928125 0.046296 0.929167 0.046296 0.929688 0.047222 0.933854 0.047222 0.934375 0.046296 0.934896 0.046296 0.935937 0.044444 0.936458 0.044444 0.938542 0.040741 0.938542 0.039815 0.939063 0.038889 0.939063 0.037037 0.939583 0.036111 0.939583 0.032407 0.940104 0.031481 0.940104 0.029630 0.939583 0.028704 0.939583 0.025000 0.939063 0.024074 0.939063 0.023148 0.938542 0.022222 0.938542 0.021296 0.937500 0.019444 0.937500 0.018519 0.936979 0.018519 0.935937 0.016667 0.935417 0.016667 0.934896 0.015741 0.933854 0.015741 0.933333 0.014815
0 0.375521 0.982407 0.375521 0.988889 0.376042 0.989815 0.376042 0.990741 0.377604 0.993519 0.378125 0.993519 0.379688 0.996296 0.380208 0.996296 0.380729 0.997222 0.381250 0.997222 0.381771 0.998148 0.382812 0.998148 0.383333 0.999074 0.392708 0.999074 0.393229 0.998148 0.394271 0.998148 0.394792 0.997222 0.395313 0.997222 0.396354 0.995370 0.396875 0.995370 0.398438 0.992593 0.398438 0.991667 0.398958 0.990741 0.398958 0.984259 0.398438 0.983333 0.398438 0.982407 0.396875 0.979630 0.396354 0.979630 0.394792 0.976852 0.394271 0.976852 0.393750 0.975926 0.392708 0.975926 0.392188 0.975000 0.391146 0.975000 0.390625 0.974074 0.382292 0.974074 0.381771 0.975000 0.380729 0.975000 0.380208 0.975926 0.379688 0.975926 0.379167 0.976852 0.378646 0.976852 0.378125 0.977778 0.377604 0.977778 0.376563 0.979630 0.376563 0.980556
0 0.192708 0.240741 0.192188 0.241667 0.192188 0.242593 0.191146 0.244444 0.191146 0.245370 0.190625 0.246296 0.190625 0.252778 0.191146 0.253704 0.191146 0.254630 0.193750 0.259259 0.194271 0.259259 0.194792 0.260185 0.195312 0.260185 0.195833 0.261111 0.201042 0.261111 0.201563 0.260185 0.202604 0.260185 0.203125 0.259259 0.203646 0.259259 0.206250 0.254630 0.206250 0.253704 0.206771 0.252778 0.206771 0.251852 0.207292 0.250926 0.207292 0.247222 0.206771 0.246296 0.206771 0.244444 0.206250 0.243519 0.206250 0.242593 0.204687 0.239815 0.204167 0.239815 0.203125 0.237963 0.202083 0.237963 0.201563 0.237037 0.196875 0.237037 0.196354 0.237963 0.195833 0.237963 0.195312 0.238889 0.194271 0.238889 0.193229 0.240741
0 0.227604 0.243519 0.227083 0.244444 0.225521 0.244444 0.225000 0.245370 0.223958 0.245370 0.223438 0.246296 0.222917 0.246296 0.222396 0.247222 0.221875 0.247222 0.221354 0.248148 0.220833 0.248148 0.218229 0.252778 0.218229 0.253704 0.217708 0.254630 0.217708 0.255556 0.217188 0.256481 0.217188 0.258333 0.216667 0.259259 0.216667 0.269444 0.217188 0.270370 0.217188 0.271296 0.217708 0.272222 0.217708 0.273148 0.218750 0.275000 0.218750 0.275926 0.219271 0.275926 0.219792 0.276852 0.219792 0.277778 0.220312 0.278704 0.220833 0.278704 0.222396 0.281481 0.222917 0.281481 0.223438 0.282407 0.224479 0.282407 0.225000 0.283333 0.226562 0.283333 0.227083 0.284259 0.231771 0.284259 0.232292 0.283333 0.233854 0.283333 0.234375 0.282407 0.234896 0.282407 0.235417 0.281481 0.235937 0.281481 0.236458 0.280556 0.236979 0.280556 0.237500 0.279630 0.238021 0.279630 0.238021 0.278704 0.238542 0.277778 0.239063 0.277778 0.240104 0.275926 0.240104 0.275000 0.241146 0.273148 0.241146 0.272222 0.241667 0.271296 0.241667 0.269444 0.242188 0.268519 0.242188 0.259259 0.241667 0.258333 0.241667 0.257407 0.241146 0.256481 0.241146 0.255556 0.240625 0.254630 0.240625 0.253704 0.237500 0.248148 0.236979 0.248148 0.235937 0.246296 0.235417 0.246296 0.234896 0.245370 0.234375 0.245370 0.233854 0.244444 0.231771 0.244444 0.231250 0.243519
0 0.705729 0.968519 0.704688 0.970370 0.704167 0.970370 0.702083 0.974074 0.702083 0.975000 0.701562 0.975926 0.701562 0.976852 0.701042 0.977778 0.701042 0.980556 0.700521 0.981481 0.700521 0.983333 0.701042 0.984259 0.701042 0.987963 0.701562 0.988889 0.701562 0.989815 0.702083 0.990741 0.702083 0.991667 0.704167 0.995370 0.704688 0.995370 0.706250 0.998148 0.707292 0.998148 0.707812 0.999074 0.712500 0.999074 0.713021 0.998148 0.714063 0.998148 0.715104 0.996296 0.715625 0.996296 0.717708 0.992593 0.717708 0.991667 0.718229 0.990741 0.718229 0.989815 0.718750 0.988889 0.718750 0.980556 0.718229 0.979630 0.718229 0.977778 0.717187 0.975926 0.717187 0.975000 0.714583 0.970370 0.714063 0.970370 0.713542 0.969444 0.713021 0.969444 0.712500 0.968519 0.711458 0.968519 0.710938 0.967593 0.707812 0.967593 0.707292 0.968519
0 0.319792 0.598148 0.315104 0.598148 0.314583 0.599074 0.313542 0.599074 0.313021 0.600000 0.312500 0.600000 0.310417 0.603704 0.309896 0.603704 0.309896 0.604630 0.308854 0.606481 0.308854 0.607407 0.307812 0.609259 0.307812 0.611111 0.307292 0.612037 0.307292 0.614815 0.306771 0.615741 0.306771 0.622222 0.307292 0.623148 0.307292 0.625926 0.307812 0.626852 0.307812 0.627778 0.308854 0.629630 0.308854 0.630556 0.309896 0.632407 0.310417 0.632407 0.310937 0.633333 0.311458 0.633333 0.311979 0.634259 0.314063 0.634259 0.314583 0.635185 0.315104 0.634259 0.317188 0.634259 0.317708 0.633333 0.318229 0.633333 0.318750 0.632407 0.319271 0.632407 0.320833 0.629630 0.321354 0.629630 0.321875 0.628704 0.321875 0.627778 0.322917 0.625926 0.322917 0.625000 0.323958 0.623148 0.323958 0.621296 0.324479 0.620370 0.324479 0.618519 0.325000 0.617593 0.325000 0.609259 0.324479 0.608333 0.324479 0.606481 0.323958 0.605556 0.323958 0.604630 0.323437 0.603704 0.323437 0.602778 0.321875 0.600000 0.321354 0.600000 0.320833 0.599074 0.320312 0.599074
0 0.904687 0.122222 0.902083 0.126852 0.902083 0.127778 0.901563 0.128704 0.901563 0.129630 0.901042 0.130556 0.901042 0.140741 0.901563 0.141667 0.901563 0.143519 0.902604 0.145370 0.902604 0.147222 0.905208 0.151852 0.905729 0.151852 0.906771 0.153704 0.907292 0.153704 0.908333 0.155556 0.909375 0.155556 0.909896 0.156481 0.910937 0.156481 0.911458 0.157407 0.915104 0.157407 0.915625 0.156481 0.916667 0.156481 0.917708 0.154630 0.918229 0.154630 0.920312 0.150926 0.920312 0.150000 0.920833 0.149074 0.920833 0.147222 0.921354 0.146296 0.921354 0.137963 0.920833 0.137037 0.920833 0.136111 0.920312 0.135185 0.920312 0.133333 0.919271 0.131481 0.919271 0.130556 0.916146 0.125000 0.915625 0.125000 0.915104 0.124074 0.914583 0.124074 0.913542 0.122222 0.911979 0.122222 0.911458 0.121296 0.906250 0.121296 0.905729 0.122222
0 0.930208 0.421296 0.929167 0.421296 0.928646 0.420370 0.923438 0.420370 0.922917 0.421296 0.921875 0.421296 0.921354 0.422222 0.920833 0.422222 0.920312 0.423148 0.919792 0.423148 0.916667 0.428704 0.916667 0.429630 0.916146 0.430556 0.916146 0.431481 0.915625 0.432407 0.915625 0.437037 0.916146 0.437963 0.916146 0.438889 0.916667 0.439815 0.916667 0.440741 0.918229 0.443519 0.918750 0.443519 0.919271 0.444444 0.920312 0.444444 0.920833 0.445370 0.925521 0.445370 0.926042 0.444444 0.926562 0.444444 0.927083 0.443519 0.928125 0.443519 0.929167 0.441667 0.929688 0.441667 0.932292 0.437037 0.932292 0.436111 0.932813 0.435185 0.932813 0.433333 0.933333 0.432407 0.933333 0.428704 0.932813 0.427778 0.932813 0.425926
0 0.409375 0.000000 0.409375 0.002778 0.409896 0.003704 0.409896 0.004630 0.410417 0.005556 0.410417 0.006481 0.413021 0.011111 0.413542 0.011111 0.414062 0.012037 0.415104 0.012037 0.415625 0.012963 0.417708 0.012963 0.418229 0.013889 0.418750 0.012963 0.420312 0.012963 0.420833 0.012037 0.421875 0.012037 0.421875 0.011111 0.422917 0.009259 0.422917 0.003704 0.421875 0.001852 0.421875 0.000926 0.421354 0.000000
0 0.917188 0.825000 0.915104 0.828704 0.915104 0.830556 0.914583 0.831481 0.914583 0.837037 0.915104 0.837963 0.915104 0.839815 0.916146 0.841667 0.916146 0.842593 0.917708 0.845370 0.918229 0.845370 0.918750 0.846296 0.922917 0.846296 0.923958 0.844444 0.924479 0.844444 0.924479 0.843519 0.925000 0.842593 0.925000 0.841667 0.925521 0.840741 0.925521 0.834259 0.925000 0.833333 0.925000 0.831481 0.923958 0.829630 0.923958 0.828704 0.922396 0.825926 0.921875 0.825926 0.921354 0.825000 0.919271 0.825000 0.918750 0.824074 0.918229 0.825000
0 0.819792 0.943519 0.819271 0.944444 0.818229 0.944444 0.817708 0.945370 0.817187 0.945370 0.816667 0.946296 0.815625 0.946296 0.814583 0.948148 0.814063 0.948148 0.813021 0.950000 0.813021 0.950926 0.811979 0.952778 0.811979 0.953704 0.811458 0.954630 0.811458 0.956481 0.810937 0.957407 0.810937 0.961111 0.811458 0.962037 0.811458 0.963889 0.812500 0.965741 0.812500 0.966667 0.813021 0.966667 0.815104 0.970370 0.815625 0.970370 0.816146 0.971296 0.817708 0.971296 0.818229 0.972222 0.822917 0.972222 0.823438 0.971296 0.824479 0.971296 0.825000 0.970370 0.826042 0.970370 0.826562 0.969444 0.827083 0.969444 0.828125 0.967593 0.828646 0.967593 0.829167 0.966667 0.829167 0.965741 0.831250 0.962037 0.831250 0.960185 0.831771 0.959259 0.831771 0.953704 0.831250 0.952778 0.831250 0.951852 0.830208 0.950000 0.830208 0.949074 0.829688 0.948148 0.829167 0.948148 0.827604 0.945370 0.827083 0.945370 0.826562 0.944444 0.825521 0.944444 0.825000 0.943519
0 0.514062 0.808333 0.512500 0.811111 0.512500 0.812037 0.511979 0.812963 0.511979 0.813889 0.511458 0.814815 0.511458 0.820370 0.511979 0.821296 0.511979 0.824074 0.513021 0.825926 0.513021 0.826852 0.515625 0.831481 0.516146 0.831481 0.516667 0.832407 0.519792 0.832407 0.520312 0.831481 0.520833 0.831481 0.521875 0.829630 0.521875 0.828704 0.522917 0.826852 0.522917 0.817593 0.522396 0.816667 0.522396 0.815741 0.521354 0.813889 0.521354 0.812963 0.519271 0.809259 0.518750 0.809259 0.518229 0.808333 0.517188 0.808333 0.516667 0.807407 0.515625 0.807407 0.515104 0.808333
0 0.253125 0.106481 0.253125 0.107407 0.252604 0.108333 0.252604 0.110185 0.252083 0.111111 0.252083 0.114815 0.252604 0.115741 0.252604 0.116667 0.253125 0.117593 0.253125 0.118519 0.254688 0.121296 0.255208 0.121296 0.256771 0.124074 0.257292 0.124074 0.257812 0.125000 0.259375 0.125000 0.259896 0.125926 0.266667 0.125926 0.267188 0.125000 0.268229 0.125000 0.268750 0.124074 0.269271 0.124074 0.269792 0.123148 0.270313 0.123148 0.273438 0.117593 0.273438 0.111111 0.272917 0.110185 0.272917 0.108333 0.270313 0.103704 0.269792 0.103704 0.269271 0.102778 0.268750 0.102778 0.268229 0.101852 0.267188 0.101852 0.266667 0.100926 0.264583 0.100926 0.264062 0.100000 0.260417 0.100000 0.259896 0.100926 0.258333 0.100926 0.257812 0.101852 0.256771 0.101852 0.255729 0.103704 0.254688 0.103704
0 0.629687 0.201852 0.629167 0.202778 0.628125 0.202778 0.627604 0.203704 0.627083 0.203704 0.626563 0.204630 0.626042 0.204630 0.623437 0.209259 0.623437 0.210185 0.622396 0.212037 0.622396 0.212963 0.621875 0.213889 0.621875 0.215741 0.621354 0.216667 0.621354 0.222222 0.621875 0.223148 0.621875 0.225926 0.622396 0.226852 0.622396 0.227778 0.622917 0.228704 0.622917 0.229630 0.625521 0.234259 0.626042 0.234259 0.627083 0.236111 0.628125 0.236111 0.628646 0.237037 0.630729 0.237037 0.631250 0.237963 0.632812 0.237963 0.633333 0.237037 0.635417 0.237037 0.635938 0.236111 0.636458 0.236111 0.637500 0.234259 0.638021 0.234259 0.640625 0.229630 0.640625 0.228704 0.641146 0.227778 0.641146 0.226852 0.641667 0.225926 0.641667 0.224074 0.642188 0.223148 0.642188 0.215741 0.641667 0.214815 0.641667 0.212963 0.641146 0.212037 0.641146 0.211111 0.639583 0.208333 0.639583 0.207407 0.638542 0.205556 0.638021 0.205556 0.636979 0.203704 0.636458 0.203704 0.635938 0.202778 0.634375 0.202778 0.633854 0.201852
0 0.084896 0.952778 0.083333 0.955556 0.083333 0.956481 0.082292 0.958333 0.082292 0.959259 0.081771 0.960185 0.081771 0.966667 0.082292 0.967593 0.082292 0.969444 0.082812 0.970370 0.082812 0.971296 0.085938 0.976852 0.086458 0.976852 0.087500 0.978704 0.089063 0.978704 0.089583 0.979630 0.092708 0.979630 0.093229 0.978704 0.094792 0.978704 0.097917 0.973148 0.097917 0.972222 0.098437 0.971296 0.098437 0.962963 0.097917 0.962037 0.097917 0.961111 0.097396 0.960185 0.097396 0.959259 0.096875 0.958333 0.096875 0.957407 0.094792 0.953704 0.093750 0.953704 0.092708 0.951852 0.091667 0.951852 0.091146 0.950926 0.087500 0.950926 0.086979 0.951852 0.085938 0.951852 0.085417 0.952778
0 0.585417 0.601852 0.584896 0.601852 0.584375 0.600926 0.583854 0.600926 0.583333 0.600000 0.582292 0.600000 0.581771 0.599074 0.575521 0.599074 0.575000 0.600000 0.573958 0.600000 0.573438 0.600926 0.572396 0.600926 0.571875 0.601852 0.571354 0.601852 0.569792 0.604630 0.569271 0.604630 0.567708 0.607407 0.567708 0.608333 0.566667 0.610185 0.566667 0.611111 0.566146 0.612037 0.566146 0.612963 0.565625 0.613889 0.565625 0.614815 0.565104 0.615741 0.565104 0.624074 0.565625 0.625000 0.565625 0.625926 0.566146 0.626852 0.566146 0.627778 0.568229 0.631481 0.568750 0.631481 0.569792 0.633333 0.570312 0.633333 0.570833 0.634259 0.573438 0.634259 0.573958 0.635185 0.575521 0.635185 0.576042 0.634259 0.578125 0.634259 0.578646 0.633333 0.579688 0.633333 0.580208 0.632407 0.580729 0.632407 0.581250 0.631481 0.581771 0.631481 0.582292 0.630556 0.582812 0.630556 0.583854 0.628704 0.584375 0.628704 0.584375 0.627778 0.586458 0.624074 0.586458 0.623148 0.587500 0.621296 0.587500 0.620370 0.588021 0.619444 0.588021 0.616667 0.588542 0.615741 0.588542 0.611111 0.588021 0.610185 0.588021 0.608333 0.587500 0.607407 0.587500 0.606481 0.586979 0.605556 0.586979 0.604630 0.586458 0.604630 0.585417 0.602778
0 0.198958 0.340741 0.198437 0.341667 0.197917 0.341667 0.197396 0.342593 0.196875 0.342593 0.195833 0.344444 0.195833 0.346296 0.195312 0.347222 0.195312 0.351852 0.195833 0.352778 0.195833 0.353704 0.196354 0.354630 0.196354 0.355556 0.198437 0.359259 0.198958 0.359259 0.199479 0.360185 0.202083 0.360185 0.203125 0.358333 0.203646 0.358333 0.203646 0.357407 0.204687 0.355556 0.204687 0.347222 0.203646 0.345370 0.203646 0.344444 0.202604 0.342593 0.202083 0.342593 0.201563 0.341667 0.201042 0.341667 0.200521 0.340741
0 0.634375 0.814815 0.633854 0.815741 0.632812 0.815741 0.629687 0.821296 0.629687 0.822222 0.629167 0.823148 0.629167 0.824074 0.628646 0.825000 0.628646 0.836111 0.629167 0.837037 0.629167 0.838889 0.629687 0.839815 0.629687 0.840741 0.630729 0.842593 0.630729 0.843519 0.632292 0.846296 0.632812 0.846296 0.633854 0.848148 0.634375 0.848148 0.634896 0.849074 0.635938 0.849074 0.636458 0.850000 0.640104 0.850000 0.640625 0.849074 0.641667 0.849074 0.643750 0.845370 0.644271 0.845370 0.644792 0.844444 0.644792 0.843519 0.645312 0.842593 0.645312 0.841667 0.645833 0.840741 0.645833 0.837963 0.646354 0.837037 0.646354 0.830556 0.645833 0.829630 0.645833 0.827778 0.645312 0.826852 0.645312 0.825000 0.644271 0.823148 0.644271 0.822222 0.641667 0.817593 0.641146 0.817593 0.640104 0.815741 0.639062 0.815741 0.638542 0.814815
0 0.801562 0.713889 0.801042 0.714815 0.799479 0.714815 0.798958 0.715741 0.798438 0.715741 0.797917 0.716667 0.797396 0.716667 0.796354 0.718519 0.795833 0.718519 0.793750 0.722222 0.793750 0.723148 0.793229 0.724074 0.793229 0.725000 0.792708 0.725926 0.792708 0.726852 0.792188 0.727778 0.792188 0.736111 0.792708 0.737037 0.792708 0.738889 0.793229 0.739815 0.793229 0.740741 0.794792 0.743519 0.794792 0.744444 0.795312 0.744444 0.796354 0.746296 0.796875 0.746296 0.797396 0.747222 0.797917 0.747222 0.798438 0.748148 0.799479 0.748148 0.800000 0.749074 0.805208 0.749074 0.805729 0.748148 0.806771 0.748148 0.807292 0.747222 0.807813 0.747222 0.808333 0.746296 0.808854 0.746296 0.809896 0.744444 0.810417 0.744444 0.810937 0.743519 0.810937 0.742593 0.811979 0.740741 0.811979 0.739815 0.813021 0.737963 0.813021 0.736111 0.813542 0.735185 0.813542 0.726852 0.813021 0.725926 0.813021 0.725000 0.812500 0.724074 0.812500 0.723148 0.811979 0.722222 0.811979 0.721296 0.810937 0.719444 0.810417 0.719444 0.809896 0.718519 0.809896 0.717593 0.809375 0.717593 0.808854 0.716667 0.808333 0.716667 0.807813 0.715741 0.807292 0.715741 0.806771 0.714815 0.805208 0.714815 0.804688 0.713889
0 0.658854 0.814815 0.657813 0.816667 0.657292 0.816667 0.656250 0.818519 0.656250 0.819444 0.655729 0.820370 0.655729 0.821296 0.655208 0.822222 0.655208 0.826852 0.655729 0.827778 0.655729 0.829630 0.656250 0.830556 0.656250 0.831481 0.656771 0.832407 0.656771 0.833333 0.657292 0.834259 0.657813 0.834259 0.658854 0.836111 0.659375 0.836111 0.659896 0.837037 0.664062 0.837037 0.664583 0.836111 0.665104 0.836111 0.667188 0.832407 0.667188 0.831481 0.667708 0.830556 0.667708 0.825926 0.668229 0.825000 0.667708 0.824074 0.667708 0.822222 0.667188 0.821296 0.667188 0.820370 0.664583 0.815741 0.664062 0.815741 0.663542 0.814815 0.661458 0.814815 0.660937 0.813889 0.660417 0.814815
0 0.889583 0.619444 0.889062 0.619444 0.888021 0.617593 0.886979 0.617593 0.886458 0.616667 0.884896 0.616667 0.884375 0.615741 0.881771 0.615741 0.881250 0.616667 0.879167 0.616667 0.878646 0.617593 0.878125 0.617593 0.877604 0.618519 0.876563 0.618519 0.875521 0.620370 0.875000 0.620370 0.874479 0.621296 0.874479 0.622222 0.872396 0.625926 0.872396 0.627778 0.871875 0.628704 0.871875 0.630556 0.871354 0.631481 0.871354 0.634259 0.871875 0.635185 0.871875 0.637037 0.872396 0.637963 0.872396 0.638889 0.873437 0.640741 0.873437 0.641667 0.874479 0.643519 0.875521 0.643519 0.876563 0.645370 0.877604 0.645370 0.878125 0.646296 0.883854 0.646296 0.884375 0.645370 0.885417 0.645370 0.885938 0.644444 0.886458 0.644444 0.886979 0.643519 0.887500 0.643519 0.888542 0.641667 0.889062 0.641667 0.891146 0.637963 0.891146 0.637037 0.892188 0.635185 0.892188 0.632407 0.892708 0.631481 0.892708 0.627778 0.892188 0.626852 0.892188 0.625926 0.891667 0.625000 0.891667 0.623148
0 0.628125 0.956481 0.628125 0.960185 0.628646 0.961111 0.628646 0.962963 0.631250 0.967593 0.631771 0.967593 0.632812 0.969444 0.633333 0.969444 0.633854 0.970370 0.634896 0.970370 0.635417 0.971296 0.636458 0.971296 0.636979 0.972222 0.645312 0.972222 0.645833 0.971296 0.647396 0.971296 0.648438 0.969444 0.649479 0.969444 0.651042 0.966667 0.651563 0.966667 0.652083 0.965741 0.652083 0.964815 0.652604 0.963889 0.652604 0.962963 0.653125 0.962037 0.653125 0.956481 0.652604 0.955556 0.652604 0.954630 0.651042 0.951852 0.651042 0.950926 0.650521 0.950926 0.649479 0.949074 0.648958 0.949074 0.647917 0.947222 0.646875 0.947222 0.646354 0.946296 0.644792 0.946296 0.644271 0.945370 0.635938 0.945370 0.635417 0.946296 0.634375 0.946296 0.633854 0.947222 0.633333 0.947222 0.632812 0.948148 0.632292 0.948148 0.631771 0.949074 0.631250 0.949074 0.629167 0.952778 0.629167 0.953704 0.628646 0.954630 0.628646 0.955556
0 0.604167 0.693519 0.603646 0.694444 0.602604 0.694444 0.602083 0.695370 0.601562 0.695370 0.601042 0.696296 0.600521 0.696296 0.598958 0.699074 0.598437 0.699074 0.597917 0.700000 0.597917 0.700926 0.596354 0.703704 0.596354 0.704630 0.595833 0.705556 0.595833 0.707407 0.595313 0.708333 0.595313 0.710185 0.594792 0.711111 0.594792 0.719444 0.595313 0.720370 0.595313 0.723148 0.595833 0.724074 0.595833 0.725000 0.596354 0.725926 0.596354 0.726852 0.597396 0.728704 0.597396 0.729630 0.600000 0.734259 0.600521 0.734259 0.601042 0.735185 0.601562 0.735185 0.602604 0.737037 0.603646 0.737037 0.604167 0.737963 0.610417 0.737963 0.610938 0.737037 0.611979 0.737037 0.612500 0.736111 0.613021 0.736111 0.614583 0.733333 0.615104 0.733333 0.616667 0.730556 0.616667 0.729630 0.617188 0.728704 0.617708 0.728704 0.617708 0.727778 0.618229 0.726852 0.618229 0.725926 0.618750 0.725000 0.618750 0.723148 0.619271 0.722222 0.619271 0.717593 0.619792 0.716667 0.619271 0.715741 0.619271 0.710185 0.618750 0.709259 0.618750 0.707407 0.618229 0.706481 0.618229 0.705556 0.617188 0.703704 0.617188 0.702778 0.616667 0.701852 0.616667 0.700926 0.616146 0.700000 0.615625 0.700000 0.615104 0.699074 0.615104 0.698148 0.614583 0.698148 0.613542 0.696296 0.613021 0.696296 0.612500 0.695370 0.611979 0.695370 0.611458 0.694444 0.609896 0.694444 0.609375 0.693519
0 0.571354 0.846296 0.570833 0.847222 0.569271 0.847222 0.568229 0.849074 0.567708 0.849074 0.564583 0.854630 0.564583 0.855556 0.564063 0.856481 0.564063 0.857407 0.563542 0.858333 0.563542 0.860185 0.563021 0.861111 0.563021 0.862963 0.562500 0.863889 0.562500 0.875926 0.563021 0.876852 0.563021 0.879630 0.563542 0.880556 0.563542 0.881481 0.564583 0.883333 0.564583 0.884259 0.566667 0.887963 0.567187 0.887963 0.568229 0.889815 0.568750 0.889815 0.569271 0.890741 0.573958 0.890741 0.574479 0.889815 0.575000 0.889815 0.575521 0.888889 0.576042 0.888889 0.577083 0.887037 0.577604 0.887037 0.578646 0.885185 0.578646 0.884259 0.580208 0.881481 0.580208 0.880556 0.580729 0.879630 0.580729 0.877778 0.581250 0.876852 0.581250 0.875000 0.581771 0.874074 0.581771 0.862037 0.581250 0.861111 0.581250 0.859259 0.580729 0.858333 0.580729 0.856481 0.580208 0.855556 0.580208 0.854630 0.578646 0.851852 0.578646 0.850926 0.578125 0.850000 0.577604 0.850000 0.576562 0.848148 0.576042 0.848148 0.575521 0.847222 0.574479 0.847222 0.573958 0.846296
0 0.328646 0.152778 0.328125 0.151852 0.328125 0.150926 0.326042 0.147222 0.326042 0.146296 0.325521 0.146296 0.325000 0.145370 0.324479 0.145370 0.323958 0.144444 0.323437 0.144444 0.322917 0.143519 0.321875 0.143519 0.321354 0.142593 0.319271 0.142593 0.318750 0.141667 0.316146 0.141667 0.315625 0.142593 0.313021 0.142593 0.312500 0.143519 0.311458 0.143519 0.310937 0.144444 0.309896 0.144444 0.309375 0.145370 0.308854 0.145370 0.308333 0.146296 0.307812 0.146296 0.306250 0.149074 0.305729 0.149074 0.304167 0.151852 0.304167 0.152778 0.303125 0.154630 0.303125 0.156481 0.302604 0.157407 0.302604 0.163889 0.303125 0.164815 0.303125 0.165741 0.303646 0.166667 0.303646 0.167593 0.305729 0.171296 0.306250 0.171296 0.306771 0.172222 0.307812 0.172222 0.308333 0.173148 0.308854 0.173148 0.309375 0.174074 0.310937 0.174074 0.311458 0.175000 0.316146 0.175000 0.316667 0.174074 0.318750 0.174074 0.319271 0.173148 0.320312 0.173148 0.320833 0.172222 0.321354 0.172222 0.321875 0.171296 0.322396 0.171296 0.322917 0.170370 0.323437 0.170370 0.323958 0.169444 0.324479 0.169444 0.327083 0.164815 0.327083 0.163889 0.327604 0.162963 0.327604 0.162037 0.328125 0.161111 0.328125 0.160185 0.328646 0.159259
0 0.233854 0.391667 0.231250 0.396296 0.231250 0.397222 0.230208 0.399074 0.230208 0.400926 0.229687 0.401852 0.229687 0.404630 0.229167 0.405556 0.229167 0.411111 0.229687 0.412037 0.229687 0.414815 0.230208 0.415741 0.230208 0.417593 0.231250 0.419444 0.231250 0.420370 0.232292 0.422222 0.232292 0.423148 0.232813 0.424074 0.233333 0.424074 0.235417 0.427778 0.235937 0.427778 0.236458 0.428704 0.236979 0.428704 0.237500 0.429630 0.238542 0.429630 0.239063 0.430556 0.245312 0.430556 0.245833 0.429630 0.246875 0.429630 0.247917 0.427778 0.248438 0.427778 0.251563 0.422222 0.251563 0.421296 0.252083 0.420370 0.252083 0.418519 0.252604 0.417593 0.252604 0.415741 0.253125 0.414815 0.253125 0.408333 0.252604 0.407407 0.252604 0.404630 0.252083 0.403704 0.252083 0.402778 0.251563 0.401852 0.251563 0.400926 0.251042 0.400000 0.251042 0.399074 0.249479 0.396296 0.249479 0.395370 0.248958 0.395370 0.246875 0.391667 0.246354 0.391667 0.245833 0.390741 0.245312 0.390741 0.244792 0.389815 0.243229 0.389815 0.242708 0.388889 0.237500 0.388889 0.236979 0.389815 0.236458 0.389815 0.235937 0.390741 0.234896 0.390741 0.234375 0.391667
0 0.210938 0.837037 0.209896 0.838889 0.209375 0.838889 0.207292 0.842593 0.207292 0.843519 0.206250 0.845370 0.206250 0.846296 0.205729 0.847222 0.205729 0.849074 0.205208 0.850000 0.205208 0.858333 0.205729 0.859259 0.205729 0.862037 0.206250 0.862963 0.206250 0.863889 0.206771 0.864815 0.206771 0.865741 0.207292 0.866667 0.207292 0.867593 0.209896 0.872222 0.210417 0.872222 0.210938 0.873148 0.211458 0.873148 0.212500 0.875000 0.214583 0.875000 0.215104 0.875926 0.217708 0.875926 0.218229 0.875000 0.219792 0.875000 0.220833 0.873148 0.221354 0.873148 0.222396 0.871296 0.222917 0.871296 0.223438 0.870370 0.223438 0.869444 0.224479 0.867593 0.224479 0.866667 0.225000 0.865741 0.225000 0.863889 0.225521 0.862963 0.225521 0.851852 0.225000 0.850926 0.225000 0.849074 0.224479 0.848148 0.224479 0.847222 0.223958 0.846296 0.223958 0.845370 0.222917 0.843519 0.222917 0.842593 0.222396 0.841667 0.221875 0.841667 0.220312 0.838889 0.219792 0.838889 0.219271 0.837963 0.218750 0.837963 0.218229 0.837037 0.217188 0.837037 0.216667 0.836111 0.212500 0.836111 0.211979 0.837037
0 0.689583 0.775000 0.689063 0.775926 0.687500 0.775926 0.686979 0.776852 0.686458 0.776852 0.682292 0.784259 0.682292 0.787037 0.681771 0.787963 0.681771 0.792593 0.682292 0.793519 0.682292 0.796296 0.683333 0.798148 0.683333 0.800000 0.684896 0.802778 0.685937 0.802778 0.686979 0.804630 0.687500 0.804630 0.688021 0.805556 0.692187 0.805556 0.692708 0.804630 0.693229 0.804630 0.693750 0.803704 0.694792 0.803704 0.697396 0.799074 0.697396 0.798148 0.697917 0.797222 0.697917 0.796296 0.698438 0.795370 0.698438 0.786111 0.697917 0.785185 0.697917 0.783333 0.694271 0.776852 0.693229 0.776852 0.692708 0.775926 0.691146 0.775926 0.690625 0.775000
0 0.383333 0.641667 0.382812 0.641667 0.382292 0.640741 0.381250 0.640741 0.380729 0.639815 0.378125 0.639815 0.377604 0.638889 0.377083 0.639815 0.373958 0.639815 0.373437 0.640741 0.372396 0.640741 0.371354 0.642593 0.370833 0.642593 0.370312 0.643519 0.369792 0.643519 0.367708 0.647222 0.367708 0.648148 0.367188 0.649074 0.366667 0.649074 0.366667 0.650000 0.366146 0.650926 0.366146 0.651852 0.365625 0.652778 0.365625 0.653704 0.365104 0.654630 0.365104 0.656481 0.364583 0.657407 0.364583 0.666667 0.365104 0.667593 0.365104 0.668519 0.365625 0.669444 0.365625 0.670370 0.366146 0.671296 0.366146 0.672222 0.368750 0.676852 0.369271 0.676852 0.369792 0.677778 0.370312 0.677778 0.370833 0.678704 0.371354 0.678704 0.371875 0.679630 0.378125 0.679630 0.378646 0.678704 0.379688 0.678704 0.380208 0.677778 0.380729 0.677778 0.381250 0.676852 0.381771 0.676852 0.382812 0.675000 0.383333 0.675000 0.385937 0.670370 0.385937 0.669444 0.386458 0.668519 0.386458 0.667593 0.386979 0.666667 0.386979 0.665741 0.387500 0.664815 0.387500 0.663889 0.388021 0.662963 0.388021 0.652778 0.387500 0.651852 0.387500 0.650926 0.386979 0.650000 0.386979 0.648148
0 0.979167 0.882407 0.978646 0.883333 0.977604 0.883333 0.976562 0.885185 0.976562 0.886111 0.975521 0.887963 0.975521 0.890741 0.975000 0.891667 0.975000 0.895370 0.975521 0.896296 0.975521 0.899074 0.976042 0.900000 0.976042 0.900926 0.977604 0.903704 0.977604 0.904630 0.978125 0.904630 0.978646 0.905556 0.979167 0.905556 0.979688 0.906481 0.981250 0.906481 0.981771 0.905556 0.982812 0.905556 0.984375 0.902778 0.984375 0.901852 0.984896 0.900926 0.984896 0.900000 0.985417 0.899074 0.985417 0.890741 0.984896 0.889815 0.984896 0.887963 0.982292 0.883333 0.981771 0.883333 0.981250 0.882407
0 0.872917 0.051852 0.870833 0.055556 0.870833 0.056481 0.870313 0.057407 0.870313 0.058333 0.869792 0.059259 0.869792 0.064815 0.870313 0.065741 0.870313 0.066667 0.870833 0.067593 0.870833 0.068519 0.871354 0.069444 0.871354 0.070370 0.872396 0.072222 0.872917 0.072222 0.873437 0.073148 0.873958 0.073148 0.874479 0.074074 0.876563 0.074074 0.877083 0.075000 0.877604 0.075000 0.878125 0.074074 0.879687 0.074074 0.880208 0.073148 0.880729 0.073148 0.882812 0.069444 0.882812 0.068519 0.883333 0.067593 0.883333 0.062963 0.883854 0.062037 0.883333 0.061111 0.883333 0.059259 0.882812 0.058333 0.882812 0.057407 0.882292 0.056481 0.882292 0.055556 0.881250 0.053704 0.880729 0.053704 0.879687 0.051852 0.878646 0.051852 0.878125 0.050926 0.874479 0.050926 0.873958 0.051852
0 0.855208 0.694444 0.848958 0.694444 0.848437 0.695370 0.847396 0.695370 0.846875 0.696296 0.846354 0.696296 0.845833 0.697222 0.845313 0.697222 0.844792 0.698148 0.844271 0.698148 0.841146 0.703704 0.841146 0.704630 0.840104 0.706481 0.840104 0.707407 0.839583 0.708333 0.839583 0.709259 0.839063 0.710185 0.839063 0.712037 0.838542 0.712963 0.838542 0.725000 0.839063 0.725926 0.839063 0.726852 0.839583 0.727778 0.839583 0.728704 0.840104 0.729630 0.840104 0.730556 0.843229 0.736111 0.843750 0.736111 0.844271 0.737037 0.845313 0.737037 0.845833 0.737963 0.847396 0.737963 0.847917 0.738889 0.851042 0.738889 0.851562 0.737963 0.853125 0.737963 0.853646 0.737037 0.854688 0.737037 0.855208 0.736111 0.855729 0.736111 0.856771 0.734259 0.857292 0.734259 0.860417 0.728704 0.860417 0.727778 0.861458 0.725926 0.861458 0.725000 0.861979 0.724074 0.861979 0.722222 0.862500 0.721296 0.862500 0.719444 0.863021 0.718519 0.863021 0.710185 0.862500 0.709259 0.862500 0.706481 0.861979 0.705556 0.861979 0.704630 0.861458 0.703704 0.861458 0.702778 0.860938 0.701852 0.860938 0.700926 0.860417 0.700926 0.857812 0.696296 0.857292 0.696296 0.856771 0.695370 0.855729 0.695370
0 0.746875 0.250926 0.745833 0.250926 0.745313 0.250000 0.743229 0.250000 0.742708 0.249074 0.741667 0.249074 0.741146 0.250000 0.739062 0.250000 0.738542 0.250926 0.737500 0.250926 0.736979 0.251852 0.736458 0.251852 0.735938 0.252778 0.735417 0.252778 0.732812 0.257407 0.732292 0.257407 0.732292 0.258333 0.731250 0.260185 0.731250 0.261111 0.730729 0.262037 0.730729 0.262963 0.730208 0.263889 0.730208 0.264815 0.729688 0.265741 0.729688 0.267593 0.729167 0.268519 0.729167 0.271296 0.728646 0.272222 0.728646 0.277778 0.729167 0.278704 0.729167 0.281481 0.729688 0.282407 0.729688 0.284259 0.730208 0.285185 0.730208 0.286111 0.732292 0.289815 0.732812 0.289815 0.733854 0.291667 0.734375 0.291667 0.734896 0.292593 0.735417 0.292593 0.735938 0.293519 0.742188 0.293519 0.742708 0.292593 0.743229 0.292593 0.743750 0.291667 0.744271 0.291667 0.745313 0.289815 0.745833 0.289815 0.746354 0.288889 0.746875 0.288889 0.748958 0.285185 0.748958 0.284259 0.750000 0.282407 0.750000 0.281481 0.750521 0.280556 0.750521 0.279630 0.751042 0.278704 0.751042 0.277778 0.751563 0.276852 0.751563 0.274074 0.752083 0.273148 0.752083 0.263889 0.751563 0.262963 0.751563 0.261111 0.751042 0.260185 0.751042 0.258333 0.750000 0.256481 0.750000 0.255556 0.749479 0.255556 0.748958 0.254630 0.748958 0.253704 0.748437 0.253704
0 0.367188 0.972222 0.366667 0.971296 0.366146 0.971296 0.365625 0.970370 0.361979 0.970370 0.361458 0.971296 0.360417 0.971296 0.359896 0.972222 0.359375 0.972222 0.358854 0.973148 0.358333 0.973148 0.357812 0.974074 0.357292 0.974074 0.356250 0.975926 0.356250 0.976852 0.355729 0.977778 0.355729 0.979630 0.356250 0.980556 0.356250 0.981481 0.356771 0.981481 0.357292 0.982407 0.361458 0.982407 0.361979 0.981481 0.363021 0.981481 0.363542 0.980556 0.364063 0.980556 0.365104 0.978704 0.365625 0.978704 0.367188 0.975926
0 0.788021 0.843519 0.786979 0.845370 0.786458 0.845370 0.784375 0.849074 0.784375 0.850926 0.783854 0.851852 0.783854 0.852778 0.783333 0.853704 0.783333 0.856481 0.782813 0.857407 0.782813 0.865741 0.783333 0.866667 0.783333 0.869444 0.783854 0.870370 0.783854 0.872222 0.784375 0.873148 0.784375 0.874074 0.786458 0.877778 0.786979 0.877778 0.787500 0.878704 0.788021 0.878704 0.788542 0.879630 0.790104 0.879630 0.790625 0.878704 0.791667 0.878704 0.794792 0.873148 0.794792 0.872222 0.795312 0.871296 0.795312 0.870370 0.795833 0.869444 0.795833 0.866667 0.796354 0.865741 0.796354 0.856481 0.795833 0.855556 0.795833 0.853704 0.795312 0.852778 0.795312 0.850926 0.794271 0.849074 0.794271 0.847222 0.793750 0.846296 0.793229 0.846296 0.791667 0.843519
0 0.529167 0.792593 0.527083 0.796296 0.527083 0.797222 0.526563 0.798148 0.526563 0.800000 0.526042 0.800926 0.526042 0.808333 0.526563 0.809259 0.526563 0.810185 0.527604 0.812037 0.527604 0.812963 0.528646 0.814815 0.529167 0.814815 0.530208 0.816667 0.530729 0.816667 0.531250 0.817593 0.532292 0.817593 0.532813 0.818519 0.535937 0.818519 0.536458 0.817593 0.538021 0.817593 0.538542 0.816667 0.539062 0.816667 0.541667 0.812037 0.541667 0.811111 0.542188 0.810185 0.542188 0.809259 0.542708 0.808333 0.542708 0.800926 0.542188 0.800000 0.542188 0.799074 0.541667 0.798148 0.541667 0.797222 0.539062 0.792593 0.538021 0.792593 0.536979 0.790741 0.531771 0.790741 0.531250 0.791667 0.530729 0.791667 0.530208 0.792593
0 0.028646 0.375926 0.028125 0.376852 0.027604 0.376852 0.027083 0.377778 0.026562 0.377778 0.024479 0.381481 0.024479 0.382407 0.023958 0.383333 0.023958 0.384259 0.023438 0.385185 0.023438 0.387963 0.022917 0.388889 0.022917 0.390741 0.023438 0.391667 0.023438 0.394444 0.023958 0.395370 0.023958 0.396296 0.026562 0.400926 0.027083 0.400926 0.027604 0.401852 0.030729 0.401852 0.031250 0.400926 0.031771 0.400926 0.032292 0.400000 0.032813 0.400000 0.034896 0.396296 0.034896 0.395370 0.035417 0.394444 0.035417 0.393519 0.035937 0.392593 0.035937 0.390741 0.036458 0.389815 0.036458 0.386111 0.035937 0.385185 0.035937 0.383333 0.035417 0.382407 0.035417 0.381481 0.033854 0.378704 0.033854 0.377778 0.033333 0.377778 0.032813 0.376852 0.032292 0.376852 0.031771 0.375926
0 0.373958 0.924074 0.373437 0.925000 0.372396 0.925000 0.371875 0.925926 0.370833 0.925926 0.367188 0.932407 0.367188 0.933333 0.366667 0.934259 0.366667 0.936111 0.366146 0.937037 0.366146 0.944444 0.366667 0.945370 0.366667 0.947222 0.367188 0.948148 0.367188 0.949074 0.367708 0.950000 0.367708 0.950926 0.369792 0.954630 0.370833 0.954630 0.371875 0.956481 0.377604 0.956481 0.378646 0.954630 0.379688 0.954630 0.381771 0.950926 0.381771 0.950000 0.382812 0.948148 0.382812 0.947222 0.383333 0.946296 0.383333 0.944444 0.383854 0.943519 0.383854 0.936111 0.383333 0.935185 0.383333 0.934259 0.382812 0.933333 0.382812 0.931481 0.380208 0.926852 0.379688 0.926852 0.378646 0.925000 0.377083 0.925000 0.376563 0.924074
0 0.309896 0.799074 0.309375 0.800000 0.308333 0.800000 0.306250 0.803704 0.306250 0.804630 0.305729 0.805556 0.305729 0.811111 0.306250 0.812037 0.306250 0.812963 0.307292 0.814815 0.307812 0.814815 0.308333 0.815741 0.311979 0.815741 0.313021 0.813889 0.313542 0.813889 0.314063 0.812963 0.314063 0.812037 0.315104 0.810185 0.315104 0.807407 0.315625 0.806481 0.315104 0.805556 0.315104 0.803704 0.314063 0.801852 0.314063 0.800926 0.313542 0.800926 0.312500 0.799074
0 0.942187 0.717593 0.941667 0.718519 0.941146 0.718519 0.940625 0.719444 0.940625 0.720370 0.940104 0.721296 0.940104 0.725000 0.939583 0.725926 0.940104 0.726852 0.940104 0.729630 0.940625 0.730556 0.940625 0.731481 0.941146 0.732407 0.941146 0.733333 0.943229 0.737037 0.943750 0.737037 0.944271 0.737963 0.944792 0.737963 0.945312 0.738889 0.947396 0.738889 0.947917 0.737963 0.948438 0.737963 0.949479 0.736111 0.950000 0.736111 0.950000 0.735185 0.950521 0.734259 0.950521 0.730556 0.951042 0.729630 0.950521 0.728704 0.950521 0.725926 0.950000 0.725000 0.950000 0.724074 0.949479 0.723148 0.949479 0.722222 0.947917 0.719444 0.947396 0.719444 0.946354 0.717593 0.945833 0.717593 0.945312 0.716667 0.943750 0.716667 0.943229 0.717593
0 0.513021 0.941667 0.511458 0.941667 0.510938 0.942593 0.510417 0.942593 0.509896 0.943519 0.509375 0.943519 0.508333 0.945370 0.508333 0.946296 0.507812 0.947222 0.507812 0.948148 0.507292 0.949074 0.507292 0.950926 0.506771 0.951852 0.506771 0.956481 0.507292 0.957407 0.507292 0.960185 0.507812 0.961111 0.507812 0.962037 0.508333 0.962037 0.509896 0.964815 0.510417 0.964815 0.510938 0.965741 0.511458 0.964815 0.513021 0.964815 0.514062 0.962963 0.514583 0.962963 0.515104 0.962037 0.515104 0.961111 0.515625 0.960185 0.515625 0.959259 0.516146 0.958333 0.516146 0.956481 0.516667 0.955556 0.516667 0.949074 0.516146 0.948148 0.516146 0.947222 0.515625 0.946296 0.515625 0.945370 0.514062 0.942593 0.513542 0.942593
0 0.291146 0.620370 0.290625 0.621296 0.289583 0.621296 0.289062 0.622222 0.288021 0.622222 0.287500 0.623148 0.286979 0.623148 0.284375 0.627778 0.284375 0.628704 0.283854 0.629630 0.283854 0.630556 0.283333 0.631481 0.283333 0.636111 0.283854 0.637037 0.283854 0.637963 0.284896 0.639815 0.284896 0.640741 0.285938 0.642593 0.286458 0.642593 0.286979 0.643519 0.287500 0.643519 0.288021 0.644444 0.289583 0.644444 0.290104 0.645370 0.293750 0.645370 0.294271 0.644444 0.295312 0.644444 0.295833 0.643519 0.296354 0.643519 0.296875 0.642593 0.297396 0.642593 0.300000 0.637963 0.300000 0.637037 0.300521 0.636111 0.300521 0.634259 0.301042 0.633333 0.301042 0.631481 0.300521 0.630556 0.300521 0.628704 0.300000 0.627778 0.300000 0.626852 0.297917 0.623148 0.297396 0.623148 0.296354 0.621296 0.294792 0.621296 0.294271 0.620370
0 0.936979 0.479630 0.936979 0.480556 0.937500 0.481481 0.937500 0.482407 0.939583 0.486111 0.940104 0.486111 0.940625 0.487037 0.941667 0.487037 0.942187 0.487963 0.944271 0.487963 0.944792 0.488889 0.949479 0.488889 0.950000 0.487963 0.951042 0.487963 0.951562 0.487037 0.952083 0.487037 0.952604 0.486111 0.953125 0.486111 0.953646 0.485185 0.953646 0.484259 0.954167 0.483333 0.954167 0.482407 0.953646 0.481481 0.953646 0.480556 0.953125 0.479630 0.953125 0.478704 0.952604 0.478704 0.952083 0.477778 0.952083 0.476852 0.951042 0.476852 0.950521 0.475926 0.950000 0.475926 0.949479 0.475000 0.948958 0.475000 0.948438 0.474074 0.945833 0.474074 0.945312 0.473148 0.943229 0.473148 0.942708 0.474074 0.940625 0.474074 0.940104 0.475000 0.939063 0.475000 0.938542 0.475926 0.938021 0.475926 0.938021 0.476852 0.937500 0.477778 0.937500 0.478704
0 0.907813 0.405556 0.907813 0.406481 0.907292 0.407407 0.907292 0.408333 0.906771 0.409259 0.906771 0.412963 0.907292 0.413889 0.907292 0.414815 0.907813 0.415741 0.907813 0.416667 0.909375 0.419444 0.909896 0.419444 0.910417 0.420370 0.910937 0.420370 0.911458 0.421296 0.912500 0.421296 0.913021 0.422222 0.919271 0.422222 0.919792 0.421296 0.920312 0.421296 0.920833 0.420370 0.921875 0.420370 0.924479 0.415741 0.924479 0.414815 0.925000 0.413889 0.925000 0.408333 0.924479 0.407407 0.924479 0.406481 0.921875 0.401852 0.920833 0.401852 0.920312 0.400926 0.919792 0.400926 0.919271 0.400000 0.913021 0.400000 0.912500 0.400926 0.911458 0.400926 0.910937 0.401852 0.910417 0.401852 0.909896 0.402778 0.909375 0.402778
0 0.081771 0.654630 0.081771 0.658333 0.082292 0.659259 0.082292 0.660185 0.082812 0.661111 0.082812 0.662037 0.084896 0.665741 0.085938 0.665741 0.086979 0.667593 0.087500 0.667593 0.088021 0.668519 0.089583 0.668519 0.090104 0.669444 0.096875 0.669444 0.097396 0.668519 0.098958 0.668519 0.099479 0.667593 0.100000 0.667593 0.100521 0.666667 0.101042 0.666667 0.101562 0.665741 0.102083 0.665741 0.104167 0.662037 0.104167 0.661111 0.104688 0.660185 0.104688 0.653704 0.103646 0.651852 0.103646 0.650926 0.103125 0.650000 0.102604 0.650000 0.101042 0.647222 0.100521 0.647222 0.100000 0.646296 0.098958 0.646296 0.098437 0.645370 0.097396 0.645370 0.096875 0.644444 0.089063 0.644444 0.088542 0.645370 0.087500 0.645370 0.086979 0.646296 0.085938 0.646296 0.084896 0.648148 0.084375 0.648148 0.082812 0.650926 0.082812 0.651852 0.082292 0.652778 0.082292 0.653704
0 0.276562 0.358333 0.276042 0.359259 0.274479 0.359259 0.273958 0.360185 0.273438 0.360185 0.272917 0.361111 0.272396 0.361111 0.271875 0.362037 0.271354 0.362037 0.271354 0.362963 0.270833 0.363889 0.270313 0.363889 0.269271 0.365741 0.269271 0.366667 0.267708 0.369444 0.267708 0.370370 0.267188 0.371296 0.267188 0.372222 0.266667 0.373148 0.266667 0.375926 0.266146 0.376852 0.266146 0.387963 0.266667 0.388889 0.266667 0.390741 0.267188 0.391667 0.267188 0.392593 0.267708 0.393519 0.267708 0.394444 0.268229 0.395370 0.268229 0.396296 0.271354 0.401852 0.271875 0.401852 0.272396 0.402778 0.273438 0.402778 0.273958 0.403704 0.274479 0.403704 0.275000 0.404630 0.279687 0.404630 0.280208 0.403704 0.281250 0.403704 0.281771 0.402778 0.282292 0.402778 0.282813 0.401852 0.283333 0.401852 0.283854 0.400926 0.284375 0.400926 0.287500 0.395370 0.287500 0.394444 0.288021 0.393519 0.288021 0.392593 0.288542 0.391667 0.288542 0.390741 0.289062 0.389815 0.289062 0.388889 0.289583 0.387963 0.289583 0.383333 0.290104 0.382407 0.290104 0.378704 0.289583 0.377778 0.289583 0.374074 0.289062 0.373148 0.289062 0.371296 0.288542 0.370370 0.288542 0.369444 0.288021 0.368519 0.288021 0.367593 0.284896 0.362037 0.284375 0.362037 0.283333 0.360185 0.282813 0.360185 0.282292 0.359259 0.281250 0.359259 0.280729 0.358333
0 0.345833 0.159259 0.343750 0.162963 0.343750 0.163889 0.343229 0.164815 0.343229 0.165741 0.342708 0.166667 0.342708 0.169444 0.342187 0.170370 0.342187 0.172222 0.342708 0.173148 0.342708 0.176852 0.343229 0.177778 0.343229 0.179630 0.344792 0.182407 0.344792 0.183333 0.345833 0.185185 0.346354 0.185185 0.347917 0.187963 0.348438 0.187963 0.348958 0.188889 0.350000 0.188889 0.350521 0.189815 0.351562 0.189815 0.352083 0.190741 0.354167 0.190741 0.354687 0.189815 0.356250 0.189815 0.356771 0.188889 0.357292 0.188889 0.357812 0.187963 0.358333 0.187963 0.359896 0.185185 0.359896 0.184259 0.360417 0.183333 0.360417 0.182407 0.360938 0.181481 0.360938 0.177778 0.361458 0.176852 0.361458 0.175926 0.360938 0.175000 0.360938 0.171296 0.360417 0.170370 0.360417 0.168519 0.359375 0.166667 0.359375 0.165741 0.356771 0.161111 0.356250 0.161111 0.355729 0.160185 0.355208 0.160185 0.354687 0.159259 0.354167 0.159259 0.353646 0.158333 0.352604 0.158333 0.352083 0.157407 0.348958 0.157407 0.348438 0.158333 0.347396 0.158333 0.346875 0.159259
0 0.153646 0.975000 0.152083 0.977778 0.152083 0.978704 0.151562 0.979630 0.151562 0.980556 0.151042 0.981481 0.151042 0.987037 0.151562 0.987963 0.151562 0.988889 0.152083 0.989815 0.152083 0.990741 0.154688 0.995370 0.155208 0.995370 0.155729 0.996296 0.156771 0.996296 0.157292 0.997222 0.162500 0.997222 0.163021 0.996296 0.163542 0.996296 0.164583 0.994444 0.165104 0.994444 0.166146 0.992593 0.166146 0.991667 0.167187 0.989815 0.167187 0.983333 0.166667 0.982407 0.166667 0.981481 0.166146 0.980556 0.166146 0.978704 0.165625 0.977778 0.165104 0.977778 0.163021 0.974074 0.161979 0.974074 0.161458 0.973148 0.159375 0.973148 0.158854 0.972222 0.157812 0.972222 0.157292 0.973148 0.155729 0.973148 0.155208 0.974074 0.154688 0.974074 0.154167 0.975000
0 0.937500 0.891667 0.937500 0.895370 0.938542 0.897222 0.939063 0.897222 0.940104 0.899074 0.941667 0.899074 0.942187 0.900000 0.947917 0.900000 0.948438 0.899074 0.950000 0.899074 0.950521 0.898148 0.951042 0.898148 0.953125 0.894444 0.953125 0.890741 0.952604 0.889815 0.952604 0.888889 0.952083 0.888889 0.951562 0.887963 0.951042 0.887963 0.950521 0.887037 0.950000 0.887037 0.949479 0.886111 0.947917 0.886111 0.947396 0.885185 0.943750 0.885185 0.943229 0.886111 0.941667 0.886111 0.941146 0.887037 0.940104 0.887037 0.939063 0.888889 0.938542 0.888889 0.938021 0.889815 0.938021 0.890741
0 0.064583 0.337037 0.064062 0.337963 0.062500 0.337963 0.061979 0.338889 0.061458 0.338889 0.060937 0.339815 0.060417 0.339815 0.057813 0.344444 0.057813 0.346296 0.057292 0.347222 0.057292 0.352778 0.057813 0.353704 0.057813 0.354630 0.060417 0.359259 0.060937 0.359259 0.061458 0.360185 0.061979 0.360185 0.062500 0.361111 0.064062 0.361111 0.064583 0.362037 0.066146 0.362037 0.066667 0.361111 0.068229 0.361111 0.068750 0.360185 0.069271 0.360185 0.069792 0.359259 0.070312 0.359259 0.072917 0.354630 0.072917 0.353704 0.073438 0.352778 0.073438 0.347222 0.072917 0.346296 0.072917 0.344444 0.070312 0.339815 0.069792 0.339815 0.069271 0.338889 0.068750 0.338889 0.068229 0.337963 0.066667 0.337963 0.066146 0.337037
0 0.295833 0.962037 0.295833 0.963889 0.295312 0.964815 0.295312 0.966667 0.294792 0.967593 0.294792 0.971296 0.295312 0.972222 0.295312 0.974074 0.295833 0.975000 0.295833 0.975926 0.296354 0.976852 0.296354 0.977778 0.296875 0.977778 0.299479 0.982407 0.300000 0.982407 0.300521 0.983333 0.301563 0.983333 0.302083 0.984259 0.304688 0.984259 0.305208 0.985185 0.306771 0.985185 0.307292 0.984259 0.309375 0.984259 0.309896 0.983333 0.310417 0.983333 0.310937 0.982407 0.311458 0.982407 0.311979 0.981481 0.312500 0.981481 0.313542 0.979630 0.313542 0.978704 0.315104 0.975926 0.315104 0.974074 0.315625 0.973148 0.315625 0.967593 0.315104 0.966667 0.315104 0.964815 0.313021 0.961111 0.313021 0.960185 0.311979 0.958333 0.311458 0.958333 0.310417 0.956481 0.309375 0.956481 0.308854 0.955556 0.307812 0.955556 0.307292 0.954630 0.302604 0.954630 0.302083 0.955556 0.300521 0.955556 0.300000 0.956481 0.299479 0.956481 0.298958 0.957407 0.298438 0.957407
0 0.671875 0.762037 0.670833 0.762037 0.670312 0.761111 0.668229 0.761111 0.667708 0.762037 0.666146 0.762037 0.665625 0.762963 0.665104 0.762963 0.664583 0.763889 0.664062 0.763889 0.661979 0.767593 0.661979 0.768519 0.660937 0.770370 0.660937 0.772222 0.660417 0.773148 0.660417 0.775926 0.660937 0.776852 0.660937 0.778704 0.662500 0.781481 0.663021 0.781481 0.663542 0.782407 0.664583 0.782407 0.665104 0.783333 0.666667 0.783333 0.667188 0.782407 0.668229 0.782407 0.668750 0.781481 0.669792 0.781481 0.671354 0.778704 0.671875 0.778704 0.672917 0.776852 0.672917 0.775926 0.673438 0.775000 0.673438 0.774074 0.673958 0.773148 0.673958 0.769444 0.674479 0.768519 0.673958 0.767593 0.673958 0.765741
0 0.589583 0.804630 0.584896 0.804630 0.584375 0.805556 0.583854 0.805556 0.580208 0.812037 0.580208 0.813889 0.579688 0.814815 0.579688 0.815741 0.579167 0.816667 0.579167 0.827778 0.579688 0.828704 0.579688 0.829630 0.580208 0.830556 0.580208 0.832407 0.582812 0.837037 0.583854 0.837037 0.584375 0.837963 0.585417 0.837963 0.585938 0.838889 0.586979 0.838889 0.587500 0.837963 0.589063 0.837963 0.590104 0.836111 0.591146 0.836111 0.592708 0.833333 0.592708 0.832407 0.593750 0.830556 0.593750 0.829630 0.594271 0.828704 0.594271 0.826852 0.594792 0.825926 0.594792 0.823148 0.595313 0.822222 0.595313 0.819444 0.594792 0.818519 0.594792 0.814815 0.594271 0.813889 0.594271 0.812963 0.593750 0.812037 0.593750 0.810185 0.591146 0.805556 0.590104 0.805556
0 0.504167 0.490741 0.503646 0.491667 0.503125 0.491667 0.501563 0.494444 0.501563 0.496296 0.501042 0.497222 0.501042 0.500000 0.500521 0.500926 0.500521 0.504630 0.501042 0.505556 0.501042 0.508333 0.501563 0.509259 0.501563 0.510185 0.502083 0.510185 0.503646 0.512963 0.505729 0.512963 0.507812 0.509259 0.507812 0.508333 0.508333 0.507407 0.508333 0.505556 0.508854 0.504630 0.508854 0.497222 0.508333 0.496296 0.508333 0.495370 0.507812 0.494444 0.507812 0.493519 0.506771 0.491667 0.506250 0.491667 0.505729 0.490741
0 0.841146 0.927778 0.840104 0.929630 0.839583 0.929630 0.836979 0.934259 0.836979 0.935185 0.836458 0.936111 0.836458 0.937037 0.835938 0.937963 0.835938 0.938889 0.835417 0.939815 0.835417 0.947222 0.835938 0.948148 0.835938 0.950000 0.836458 0.950926 0.836458 0.951852 0.838021 0.954630 0.838542 0.954630 0.840104 0.957407 0.840625 0.957407 0.841146 0.958333 0.841667 0.958333 0.842187 0.959259 0.844271 0.959259 0.844792 0.960185 0.846875 0.960185 0.847396 0.959259 0.849479 0.959259 0.850000 0.958333 0.850521 0.958333 0.851042 0.957407 0.852083 0.957407 0.853125 0.955556 0.853646 0.955556 0.853646 0.954630 0.854167 0.953704 0.854688 0.953704 0.855208 0.952778 0.855208 0.951852 0.856250 0.950000 0.856250 0.949074 0.856771 0.948148 0.856771 0.946296 0.857292 0.945370 0.857292 0.938889 0.856771 0.937963 0.856771 0.936111 0.855729 0.934259 0.855729 0.933333 0.853125 0.928704 0.852604 0.928704 0.852083 0.927778 0.851562 0.927778 0.851042 0.926852 0.849479 0.926852 0.848958 0.925926 0.844271 0.925926 0.843750 0.926852 0.842708 0.926852 0.842187 0.927778
0 0.430208 0.734259 0.428125 0.737963 0.428125 0.739815 0.427604 0.740741 0.427604 0.745370 0.428125 0.746296 0.428125 0.747222 0.428646 0.748148 0.428646 0.750000 0.430208 0.752778 0.430208 0.753704 0.430729 0.754630 0.431771 0.754630 0.432812 0.756481 0.433333 0.756481 0.433854 0.757407 0.434375 0.757407 0.434896 0.758333 0.438542 0.758333 0.439063 0.757407 0.439583 0.757407 0.441667 0.753704 0.441667 0.752778 0.442188 0.751852 0.442188 0.744444 0.441667 0.743519 0.441667 0.742593 0.441146 0.741667 0.441146 0.740741 0.438021 0.735185 0.437500 0.735185 0.436979 0.734259 0.435937 0.734259 0.435417 0.733333 0.431771 0.733333 0.431250 0.734259
0 0.282813 0.165741 0.282292 0.166667 0.281250 0.166667 0.280729 0.167593 0.279687 0.167593 0.279167 0.168519 0.278646 0.168519 0.278125 0.169444 0.277604 0.169444 0.275521 0.173148 0.275521 0.174074 0.273958 0.176852 0.273958 0.177778 0.273438 0.178704 0.273438 0.179630 0.272917 0.180556 0.272917 0.182407 0.272396 0.183333 0.272396 0.194444 0.272917 0.195370 0.272917 0.196296 0.273438 0.197222 0.273438 0.198148 0.273958 0.199074 0.273958 0.200000 0.277083 0.205556 0.277604 0.205556 0.278125 0.206481 0.278646 0.206481 0.279167 0.207407 0.280729 0.207407 0.281250 0.208333 0.285938 0.208333 0.286458 0.207407 0.287500 0.207407 0.288021 0.206481 0.288542 0.206481 0.289062 0.205556 0.289583 0.205556 0.290625 0.203704 0.291146 0.203704 0.293750 0.199074 0.293750 0.198148 0.294271 0.197222 0.294271 0.196296 0.294792 0.195370 0.294792 0.194444 0.295312 0.193519 0.295312 0.191667 0.295833 0.190741 0.295833 0.186111 0.296354 0.185185 0.295833 0.184259 0.295833 0.180556 0.295312 0.179630 0.295312 0.177778 0.294792 0.176852 0.294792 0.175926 0.293750 0.174074 0.293750 0.173148 0.291146 0.168519 0.290625 0.168519 0.290104 0.167593 0.289062 0.167593 0.288542 0.166667 0.288021 0.166667 0.287500 0.165741
0 0.456771 0.697222 0.455729 0.699074 0.455729 0.705556 0.456250 0.706481 0.456250 0.707407 0.457813 0.710185 0.458333 0.710185 0.458854 0.711111 0.459896 0.711111 0.460417 0.712037 0.461979 0.712037 0.462500 0.711111 0.463542 0.711111 0.464583 0.709259 0.464583 0.707407 0.465104 0.706481 0.465104 0.703704 0.464583 0.702778 0.464583 0.701852 0.464062 0.700926 0.464062 0.700000 0.463542 0.699074 0.463021 0.699074 0.462500 0.698148 0.462500 0.697222 0.461979 0.697222 0.461458 0.696296 0.460417 0.696296 0.459896 0.695370 0.459375 0.696296 0.457813 0.696296 0.457292 0.697222
0 0.706250 0.599074 0.705729 0.600000 0.704688 0.600000 0.703646 0.601852 0.703125 0.601852 0.700000 0.607407 0.700000 0.609259 0.699479 0.610185 0.699479 0.611111 0.698958 0.612037 0.698958 0.615741 0.698438 0.616667 0.698438 0.619444 0.698958 0.620370 0.698958 0.623148 0.699479 0.624074 0.699479 0.625926 0.700000 0.626852 0.700000 0.628704 0.704167 0.636111 0.704688 0.636111 0.705208 0.637037 0.706250 0.637037 0.706771 0.637963 0.707812 0.637963 0.708333 0.638889 0.711979 0.638889 0.712500 0.637963 0.713542 0.637963 0.714063 0.637037 0.715104 0.637037 0.717187 0.633333 0.717708 0.633333 0.718750 0.631481 0.718750 0.630556 0.719271 0.629630 0.719271 0.628704 0.719792 0.627778 0.719792 0.626852 0.720313 0.625926 0.720313 0.622222 0.720833 0.621296 0.720833 0.618519 0.720313 0.617593 0.720313 0.613889 0.719792 0.612963 0.719792 0.612037 0.719271 0.611111 0.719271 0.609259 0.718750 0.608333 0.718750 0.607407 0.718229 0.607407 0.717708 0.606481 0.717708 0.605556 0.716667 0.603704 0.716146 0.603704 0.715625 0.602778 0.715625 0.601852 0.715104 0.601852 0.714583 0.600926 0.714063 0.600926 0.713542 0.600000 0.712500 0.600000 0.711979 0.599074
0 0.385937 0.212963 0.383333 0.212963 0.382812 0.213889 0.382292 0.213889 0.381771 0.214815 0.381250 0.214815 0.379688 0.217593 0.379688 0.218519 0.378646 0.220370 0.378646 0.227778 0.379167 0.228704 0.379167 0.229630 0.379688 0.230556 0.379688 0.231481 0.380208 0.231481 0.381771 0.234259 0.382812 0.234259 0.383333 0.235185 0.383854 0.235185 0.384375 0.234259 0.386458 0.234259 0.386979 0.233333 0.387500 0.233333 0.388021 0.232407 0.388542 0.232407 0.389062 0.231481 0.389062 0.230556 0.390104 0.228704 0.390104 0.226852 0.390625 0.225926 0.390625 0.221296 0.390104 0.220370 0.390104 0.218519 0.389062 0.216667 0.389062 0.215741 0.388542 0.215741 0.387500 0.213889 0.386458 0.213889
0 0.465625 0.912963 0.464583 0.914815 0.464062 0.914815 0.463021 0.916667 0.463021 0.917593 0.461458 0.920370 0.461458 0.922222 0.460938 0.923148 0.460938 0.925000 0.460417 0.925926 0.460417 0.931481 0.460938 0.932407 0.460938 0.935185 0.461458 0.936111 0.461458 0.937037 0.461979 0.937963 0.461979 0.938889 0.462500 0.939815 0.462500 0.940741 0.464062 0.943519 0.464062 0.944444 0.464583 0.945370 0.465104 0.945370 0.466146 0.947222 0.466667 0.947222 0.467187 0.948148 0.467708 0.948148 0.468229 0.949074 0.468750 0.949074 0.469271 0.950000 0.470313 0.950000 0.470833 0.950926 0.475521 0.950926 0.476042 0.950000 0.477604 0.950000 0.478646 0.948148 0.479167 0.948148 0.480208 0.946296 0.480729 0.946296 0.480729 0.945370 0.481771 0.943519 0.482292 0.943519 0.482292 0.942593 0.482812 0.941667 0.482812 0.939815 0.483333 0.938889 0.483333 0.937037 0.483854 0.936111 0.483854 0.930556 0.483333 0.929630 0.483333 0.926852 0.482812 0.925926 0.482812 0.925000 0.482292 0.924074 0.482292 0.923148 0.481771 0.922222 0.481771 0.921296 0.480729 0.919444 0.480729 0.918519 0.480208 0.917593 0.479687 0.917593 0.478125 0.914815 0.477604 0.914815 0.477083 0.913889 0.476562 0.913889 0.476042 0.912963 0.475521 0.912963 0.475000 0.912037 0.473958 0.912037 0.473438 0.911111 0.468750 0.911111 0.468229 0.912037 0.466667 0.912037 0.466146 0.912963
0 0.369792 0.439815 0.368229 0.439815 0.367708 0.438889 0.364583 0.438889 0.364063 0.439815 0.362500 0.439815 0.361979 0.440741 0.360938 0.440741 0.360417 0.441667 0.359896 0.441667 0.358854 0.443519 0.358333 0.443519 0.355729 0.448148 0.355729 0.449074 0.355208 0.450000 0.355208 0.450926 0.354167 0.452778 0.354167 0.454630 0.353646 0.455556 0.353646 0.457407 0.353125 0.458333 0.353125 0.468519 0.353646 0.469444 0.353646 0.471296 0.354167 0.472222 0.354167 0.473148 0.355208 0.475000 0.355208 0.475926 0.355729 0.476852 0.355729 0.477778 0.356250 0.477778 0.357812 0.480556 0.358333 0.480556 0.358854 0.481481 0.359375 0.481481 0.359896 0.482407 0.360938 0.482407 0.361458 0.483333 0.366146 0.483333 0.366667 0.482407 0.367708 0.482407 0.368229 0.481481 0.368750 0.481481 0.369271 0.480556 0.369792 0.480556 0.371354 0.477778 0.371875 0.477778 0.373437 0.475000 0.373437 0.474074 0.375000 0.471296 0.375000 0.470370 0.375521 0.469444 0.375521 0.468519 0.376042 0.467593 0.376042 0.464815 0.376563 0.463889 0.376563 0.454630 0.376042 0.453704 0.376042 0.450926 0.375000 0.449074 0.375000 0.448148 0.374479 0.447222 0.374479 0.446296 0.373958 0.446296 0.373437 0.445370 0.373437 0.444444 0.372396 0.442593 0.371875 0.442593 0.371354 0.441667 0.370833 0.441667
0 0.251042 0.034259 0.251042 0.039815 0.251563 0.040741 0.251563 0.041667 0.252083 0.042593 0.252604 0.042593 0.253125 0.043519 0.253646 0.043519 0.254167 0.044444 0.254688 0.044444 0.255208 0.045370 0.258854 0.045370 0.259375 0.044444 0.260937 0.044444 0.261458 0.043519 0.261979 0.043519 0.261979 0.042593 0.263021 0.040741 0.263021 0.036111 0.262500 0.035185 0.262500 0.034259 0.261979 0.033333 0.261458 0.033333 0.260417 0.031481 0.259896 0.031481 0.259375 0.030556 0.257812 0.030556 0.257292 0.029630 0.256771 0.030556 0.253646 0.030556 0.253125 0.031481 0.252604 0.031481
0 0.942187 0.360185 0.941667 0.361111 0.940625 0.361111 0.940104 0.362037 0.939583 0.362037 0.939063 0.362963 0.938542 0.362963 0.935417 0.368519 0.935417 0.369444 0.934896 0.370370 0.934896 0.371296 0.934375 0.372222 0.934375 0.380556 0.934896 0.381481 0.934896 0.382407 0.938542 0.388889 0.939583 0.388889 0.940104 0.389815 0.945312 0.389815 0.945833 0.388889 0.946354 0.388889 0.946875 0.387963 0.947917 0.387963 0.948958 0.386111 0.949479 0.386111 0.950521 0.384259 0.950521 0.383333 0.951562 0.381481 0.951562 0.380556 0.952083 0.379630 0.952083 0.377778 0.952604 0.376852 0.952604 0.371296 0.952083 0.370370 0.952083 0.368519 0.951562 0.367593 0.951562 0.366667 0.949479 0.362963 0.948958 0.362963 0.948438 0.362037 0.947917 0.362037 0.947396 0.361111 0.946354 0.361111 0.945833 0.360185
0 0.145833 0.421296 0.140625 0.421296 0.140104 0.422222 0.139063 0.422222 0.138021 0.424074 0.137500 0.424074 0.135937 0.426852 0.135937 0.427778 0.134896 0.429630 0.134896 0.430556 0.134375 0.431481 0.134375 0.432407 0.133854 0.433333 0.133854 0.434259 0.133333 0.435185 0.133333 0.437037 0.132812 0.437963 0.132812 0.441667 0.132292 0.442593 0.132292 0.447222 0.132812 0.448148 0.132812 0.451852 0.133333 0.452778 0.133333 0.453704 0.133854 0.454630 0.133854 0.455556 0.134375 0.456481 0.134375 0.457407 0.135417 0.459259 0.135417 0.460185 0.136458 0.462037 0.136979 0.462037 0.137500 0.462963 0.138021 0.462963 0.138542 0.463889 0.140104 0.463889 0.140625 0.464815 0.142708 0.464815 0.143229 0.463889 0.144271 0.463889 0.144792 0.462963 0.145833 0.462963 0.146875 0.461111 0.147396 0.461111 0.147396 0.460185 0.147917 0.459259 0.148438 0.459259 0.148438 0.458333 0.148958 0.457407 0.149479 0.457407 0.149479 0.456481 0.150521 0.454630 0.150521 0.453704 0.151042 0.452778 0.151042 0.451852 0.151562 0.450926 0.151562 0.449074 0.152083 0.448148 0.152083 0.443519 0.152604 0.442593 0.152604 0.439815 0.152083 0.438889 0.152083 0.434259 0.151562 0.433333 0.151562 0.431481 0.151042 0.430556 0.151042 0.429630 0.150521 0.428704 0.150521 0.427778 0.149479 0.425926 0.148958 0.425926 0.148438 0.425000 0.148438 0.424074 0.147917 0.423148 0.147396 0.423148 0.146875 0.422222 0.146354 0.422222
0 0.019792 0.696296 0.019271 0.696296 0.018750 0.697222 0.018229 0.697222 0.017708 0.698148 0.017188 0.698148 0.015625 0.700926 0.015625 0.702778 0.015104 0.703704 0.015104 0.704630 0.014583 0.705556 0.014583 0.716667 0.015104 0.717593 0.015104 0.718519 0.017188 0.722222 0.019271 0.722222 0.019792 0.721296 0.020313 0.721296 0.022396 0.717593 0.022396 0.716667 0.022917 0.715741 0.022917 0.712963 0.023438 0.712037 0.023438 0.704630 0.022917 0.703704 0.022917 0.701852 0.022396 0.700926 0.022396 0.699074 0.021354 0.697222 0.020313 0.697222
0 0.718229 0.441667 0.718229 0.442593 0.716667 0.445370 0.716667 0.446296 0.716146 0.447222 0.716146 0.450000 0.715625 0.450926 0.715625 0.452778 0.716146 0.453704 0.716146 0.456481 0.716667 0.457407 0.716667 0.458333 0.719792 0.463889 0.720313 0.463889 0.720833 0.464815 0.721354 0.464815 0.721875 0.465741 0.722396 0.465741 0.722917 0.466667 0.730208 0.466667 0.730729 0.465741 0.731771 0.465741 0.732292 0.464815 0.732812 0.464815 0.733854 0.462963 0.734375 0.462963 0.735938 0.460185 0.735938 0.459259 0.736979 0.457407 0.736979 0.456481 0.737500 0.455556 0.737500 0.452778 0.738021 0.451852 0.738021 0.450000 0.737500 0.449074 0.737500 0.446296 0.736979 0.445370 0.736979 0.444444 0.734375 0.439815 0.733854 0.439815 0.732812 0.437963 0.732292 0.437963 0.731771 0.437037 0.730729 0.437037 0.730208 0.436111 0.723437 0.436111 0.722917 0.437037 0.722396 0.437037 0.721875 0.437963 0.720833 0.437963 0.719792 0.439815 0.719271 0.439815
0 0.900521 0.000000 0.900000 0.000926 0.899479 0.000926 0.898438 0.002778 0.897917 0.002778 0.895833 0.006481 0.895833 0.007407 0.895312 0.008333 0.895312 0.010185 0.894792 0.011111 0.894792 0.014815 0.895312 0.015741 0.895312 0.018519 0.895833 0.018519 0.897917 0.022222 0.898438 0.022222 0.898958 0.023148 0.900000 0.023148 0.900521 0.024074 0.903646 0.024074 0.904167 0.023148 0.905729 0.023148 0.906771 0.021296 0.907813 0.021296 0.909896 0.017593 0.909896 0.016667 0.910417 0.015741 0.910417 0.014815 0.910937 0.013889 0.910937 0.006481 0.909896 0.004630 0.909896 0.003704 0.908333 0.000926 0.907813 0.000926 0.907292 0.000000
0 0.844271 0.084259 0.843750 0.085185 0.843229 0.085185 0.842708 0.086111 0.842187 0.086111 0.839063 0.091667 0.839063 0.092593 0.838542 0.093519 0.838542 0.094444 0.838021 0.095370 0.838021 0.098148 0.837500 0.099074 0.837500 0.102778 0.838021 0.103704 0.838021 0.106481 0.838542 0.107407 0.838542 0.109259 0.839583 0.111111 0.839583 0.112037 0.841667 0.115741 0.842187 0.115741 0.843229 0.117593 0.844271 0.117593 0.844792 0.118519 0.845833 0.118519 0.846354 0.119444 0.852083 0.119444 0.852604 0.118519 0.853646 0.118519 0.854167 0.117593 0.854688 0.117593 0.855208 0.116667 0.855729 0.116667 0.856250 0.115741 0.856771 0.115741 0.856771 0.114815 0.857292 0.113889 0.857812 0.113889 0.858333 0.112963 0.858333 0.112037 0.859375 0.110185 0.859375 0.109259 0.859896 0.108333 0.859896 0.106481 0.860417 0.105556 0.860417 0.097222 0.859896 0.096296 0.859896 0.094444 0.859375 0.093519 0.859375 0.092593 0.858854 0.091667 0.858854 0.090741 0.857812 0.088889 0.857292 0.088889 0.855208 0.085185 0.854167 0.085185 0.853646 0.084259 0.853125 0.084259 0.852604 0.083333 0.850000 0.083333 0.849479 0.082407 0.848437 0.082407 0.847917 0.083333 0.845833 0.083333 0.845313 0.084259
0 0.138542 0.019444 0.138021 0.020370 0.137500 0.020370 0.136979 0.021296 0.136458 0.021296 0.134896 0.024074 0.134375 0.024074 0.133333 0.025926 0.133333 0.026852 0.131771 0.029630 0.131771 0.030556 0.131250 0.031481 0.131250 0.032407 0.130729 0.033333 0.130729 0.035185 0.130208 0.036111 0.130208 0.046296 0.130729 0.047222 0.130729 0.049074 0.131250 0.050000 0.131250 0.050926 0.131771 0.051852 0.131771 0.052778 0.133854 0.056481 0.133854 0.057407 0.134375 0.057407 0.135417 0.059259 0.135937 0.059259 0.136458 0.060185 0.136979 0.060185 0.137500 0.061111 0.138021 0.061111 0.138542 0.062037 0.139583 0.062037 0.140104 0.062963 0.146354 0.062963 0.146875 0.062037 0.147917 0.062037 0.148438 0.061111 0.149479 0.061111 0.150000 0.060185 0.150521 0.060185 0.152604 0.056481 0.153125 0.056481 0.153646 0.055556 0.153646 0.054630 0.155208 0.051852 0.155208 0.050926 0.155729 0.050000 0.155729 0.049074 0.156250 0.048148 0.156250 0.046296 0.156771 0.045370 0.156771 0.035185 0.156250 0.034259 0.156250 0.032407 0.155729 0.031481 0.155729 0.030556 0.155208 0.029630 0.155208 0.028704 0.153646 0.025926 0.153646 0.025000 0.153125 0.024074 0.152604 0.024074 0.151562 0.022222 0.151042 0.022222 0.150000 0.020370 0.148958 0.020370 0.148438 0.019444 0.147917 0.019444 0.147396 0.018519 0.140625 0.018519 0.140104 0.019444
0 0.988021 0.907407 0.986979 0.909259 0.985938 0.909259 0.983854 0.912963 0.983854 0.913889 0.983333 0.914815 0.983333 0.916667 0.982812 0.917593 0.982812 0.925000 0.983333 0.925926 0.983333 0.926852 0.986979 0.933333 0.988021 0.933333 0.988542 0.934259 0.993750 0.934259 0.994271 0.933333 0.995313 0.933333 0.996354 0.931481 0.996875 0.931481 0.998437 0.928704 0.998437 0.927778 0.999479 0.925926 0.999479 0.914815 0.998437 0.912963 0.998437 0.912037 0.996875 0.909259 0.995833 0.909259 0.994792 0.907407 0.993229 0.907407 0.992708 0.906481 0.990104 0.906481 0.989583 0.907407
0 0.977604 0.665741 0.977604 0.667593 0.977083 0.668519 0.977083 0.670370 0.976562 0.671296 0.976562 0.674074 0.977083 0.675000 0.977083 0.676852 0.978125 0.678704 0.978125 0.679630 0.980208 0.683333 0.980729 0.683333 0.981771 0.685185 0.982292 0.685185 0.982812 0.686111 0.983333 0.686111 0.983854 0.687037 0.984375 0.687037 0.984896 0.687963 0.986979 0.687963 0.987500 0.688889 0.992708 0.688889 0.993229 0.687963 0.994792 0.687963 0.995313 0.687037 0.995833 0.687037 0.996354 0.686111 0.997396 0.686111 0.998437 0.684259 0.998958 0.684259 0.999479 0.683333 0.999479 0.666667 0.998958 0.665741 0.998958 0.664815 0.997917 0.662963 0.997396 0.662963 0.996354 0.661111 0.995833 0.661111 0.995313 0.660185 0.994271 0.660185 0.993750 0.659259 0.992708 0.659259 0.992188 0.658333 0.984375 0.658333 0.983854 0.659259 0.982812 0.659259 0.982292 0.660185 0.981771 0.660185 0.981250 0.661111 0.980729 0.661111 0.979688 0.662963 0.979167 0.662963
0 0.929688 0.527778 0.929167 0.528704 0.926562 0.528704 0.926042 0.529630 0.925000 0.529630 0.924479 0.530556 0.923958 0.530556 0.923438 0.531481 0.922917 0.531481 0.918750 0.538889 0.918750 0.539815 0.918229 0.540741 0.918229 0.541667 0.917708 0.542593 0.917708 0.545370 0.917188 0.546296 0.917188 0.553704 0.917708 0.554630 0.917708 0.557407 0.918229 0.558333 0.918229 0.559259 0.918750 0.560185 0.918750 0.561111 0.919271 0.562037 0.919271 0.562963 0.919792 0.563889 0.919792 0.564815 0.920312 0.565741 0.920833 0.565741 0.922396 0.568519 0.922917 0.568519 0.923958 0.570370 0.925000 0.570370 0.925521 0.571296 0.927083 0.571296 0.927604 0.572222 0.930729 0.572222 0.931250 0.571296 0.932813 0.571296 0.933333 0.570370 0.934375 0.570370 0.934896 0.569444 0.935417 0.569444 0.936458 0.567593 0.936979 0.567593 0.939583 0.562963 0.939583 0.562037 0.940104 0.561111 0.940104 0.560185 0.940625 0.559259 0.940625 0.558333 0.941146 0.557407 0.941146 0.555556 0.941667 0.554630 0.941667 0.545370 0.941146 0.544444 0.941146 0.542593 0.940625 0.541667 0.940625 0.539815 0.940104 0.538889 0.940104 0.537963 0.936979 0.532407 0.936458 0.532407 0.935417 0.530556 0.934896 0.530556 0.934375 0.529630 0.933333 0.529630 0.932813 0.528704 0.930208 0.528704
0 0.898958 0.215741 0.898958 0.221296 0.899479 0.222222 0.899479 0.223148 0.900000 0.224074 0.900000 0.225000 0.902083 0.228704 0.902604 0.228704 0.903646 0.230556 0.904687 0.230556 0.905208 0.231481 0.905729 0.231481 0.906250 0.232407 0.908333 0.232407 0.908854 0.233333 0.912500 0.233333 0.913021 0.232407 0.914583 0.232407 0.915104 0.231481 0.915625 0.231481 0.916146 0.230556 0.916667 0.230556 0.919271 0.225926 0.919271 0.225000 0.919792 0.224074 0.919792 0.217593 0.919271 0.216667 0.919271 0.215741 0.917188 0.212037 0.917188 0.211111 0.916667 0.211111 0.916146 0.210185 0.915625 0.210185 0.915104 0.209259 0.914583 0.209259 0.914062 0.208333 0.913542 0.208333 0.913021 0.207407 0.911979 0.207407 0.911458 0.206481 0.905208 0.206481 0.904687 0.207407 0.903646 0.207407 0.903125 0.208333 0.902083 0.208333 0.900000 0.212037 0.900000 0.212963 0.899479 0.213889 0.899479 0.214815
0 0.468750 0.973148 0.468750 0.974074 0.468229 0.975000 0.468229 0.975926 0.467708 0.976852 0.467708 0.977778 0.467187 0.978704 0.467187 0.985185 0.467708 0.986111 0.467708 0.987963 0.468229 0.988889 0.468229 0.989815 0.471354 0.995370 0.471875 0.995370 0.472396 0.996296 0.472917 0.996296 0.473438 0.997222 0.473958 0.997222 0.474479 0.998148 0.475521 0.998148 0.476042 0.999074 0.484375 0.999074 0.484896 0.998148 0.486458 0.998148 0.486979 0.997222 0.487500 0.997222 0.488021 0.996296 0.488542 0.996296 0.490104 0.993519 0.490625 0.993519 0.492708 0.989815 0.492708 0.988889 0.493229 0.987963 0.493229 0.987037 0.493750 0.986111 0.493750 0.983333 0.494271 0.982407 0.494271 0.980556 0.493750 0.979630 0.493750 0.976852 0.493229 0.975926 0.493229 0.974074 0.492188 0.972222 0.492188 0.971296 0.491667 0.971296 0.489063 0.966667 0.488021 0.966667 0.487500 0.965741 0.486979 0.965741 0.486458 0.964815 0.484896 0.964815 0.484375 0.963889 0.477604 0.963889 0.477083 0.964815 0.475521 0.964815 0.475000 0.965741 0.474479 0.965741 0.473958 0.966667 0.473438 0.966667 0.472917 0.967593 0.472396 0.967593 0.471875 0.968519 0.471354 0.968519
0 0.474479 0.945370 0.473438 0.945370 0.472917 0.946296 0.471875 0.946296 0.469271 0.950926 0.469271 0.952778 0.468750 0.953704 0.468750 0.956481 0.469271 0.957407 0.469271 0.959259 0.470313 0.961111 0.473438 0.961111 0.476042 0.956481 0.476042 0.954630 0.476562 0.953704 0.476562 0.949074
0 0.955729 0.968519 0.955729 0.970370 0.955208 0.971296 0.955208 0.975926 0.955729 0.976852 0.955729 0.978704 0.956250 0.979630 0.956250 0.980556 0.958854 0.985185 0.959375 0.985185 0.960417 0.987037 0.961458 0.987037 0.961979 0.987963 0.963021 0.987963 0.963542 0.988889 0.969792 0.988889 0.970313 0.987963 0.971354 0.987963 0.971875 0.987037 0.972917 0.987037 0.973437 0.986111 0.973958 0.986111 0.975000 0.984259 0.975521 0.984259 0.978125 0.979630 0.978125 0.978704 0.978646 0.977778 0.978646 0.975926 0.979167 0.975000 0.979167 0.969444 0.978646 0.968519 0.978646 0.967593 0.978125 0.966667 0.978125 0.965741 0.976562 0.962963 0.976562 0.962037 0.976042 0.962037 0.975000 0.960185 0.974479 0.960185 0.973958 0.959259 0.972917 0.959259 0.972396 0.958333 0.971875 0.958333 0.971354 0.957407 0.964063 0.957407 0.963542 0.958333 0.962500 0.958333 0.961979 0.959259 0.961458 0.959259 0.960938 0.960185 0.960417 0.960185 0.959896 0.961111 0.959375 0.961111 0.956771 0.965741 0.956771 0.966667
0 0.697917 0.521296 0.696354 0.518519 0.695833 0.518519 0.694271 0.515741 0.693750 0.515741 0.693229 0.514815 0.691667 0.514815 0.691146 0.513889 0.686458 0.513889 0.685937 0.514815 0.684375 0.514815 0.683854 0.515741 0.682813 0.515741 0.682292 0.516667 0.681771 0.516667 0.681250 0.517593 0.680729 0.517593 0.679688 0.519444 0.679167 0.519444 0.679167 0.520370 0.677083 0.524074 0.677083 0.525000 0.676042 0.526852 0.676042 0.528704 0.675521 0.529630 0.675521 0.535185 0.676042 0.536111 0.676042 0.537963 0.678125 0.541667 0.678646 0.541667 0.680208 0.544444 0.681771 0.544444 0.682292 0.545370 0.688542 0.545370 0.689063 0.544444 0.690104 0.544444 0.690625 0.543519 0.691146 0.543519 0.691667 0.542593 0.692187 0.542593 0.692708 0.541667 0.693229 0.541667 0.694271 0.539815 0.694792 0.539815 0.697396 0.535185 0.697396 0.534259 0.697917 0.533333 0.697917 0.531481 0.698438 0.530556 0.698438 0.524074 0.697917 0.523148