0 0.292188 0.362963 0.290625 0.366667 0.287500 0.370370 0.285417 0.375000 0.284375 0.382407 0.284375 0.388889 0.285937 0.395370 0.287500 0.397222 0.288021 0.399074 0.289583 0.401852 0.294792 0.405556 0.297396 0.405556 0.299479 0.403704 0.300521 0.404630 0.303125 0.402778 0.303646 0.400000 0.305729 0.399074 0.307813 0.395370 0.309375 0.384259 0.307813 0.381481 0.308333 0.379630 0.305729 0.368519 0.302604 0.362037 0.298958 0.360185 0.297396 0.362037 0.296354 0.361111 0.292708 0.362963
0 0.302083 0.822222 0.298958 0.824074 0.295312 0.833333 0.294271 0.841667 0.294271 0.850000 0.296875 0.857407 0.300521 0.862963 0.307813 0.865741 0.309375 0.865741 0.314063 0.862037 0.317708 0.855556 0.319792 0.846296 0.319271 0.838889 0.316667 0.826852 0.313542 0.822222 0.310417 0.819444 0.305208 0.819444
0 0.366667 0.750926 0.364062 0.757407 0.361979 0.762037 0.361458 0.764815 0.360938 0.774074 0.361458 0.776852 0.361458 0.778704 0.363542 0.787037 0.366146 0.790741 0.366667 0.792593 0.372917 0.794444 0.376042 0.794444 0.383854 0.787037 0.385938 0.781482 0.386979 0.775926 0.386979 0.767593 0.384896 0.758333 0.381771 0.752778 0.377604 0.749074 0.373437 0.748148 0.371354 0.749074 0.368229 0.750000 0.304167 0.736111 0.304167 0.737037 0.300521 0.741667 0.296875 0.753704 0.296875 0.762037 0.300000 0.774074 0.301042 0.776852
0 0.306250 0.781482 0.311458 0.782407 0.315104 0.778704 0.315625 0.779630 0.319792 0.775000 0.322396 0.769444 0.323438 0.764815 0.322917 0.751852 0.320833 0.743519 0.316667 0.736111 0.313542 0.734259 0.307292 0.733333 0.372396 0.690741 0.372396 0.692593 0.369271 0.694444 0.366667 0.700000 0.366146 0.704630 0.365625 0.704630 0.365625 0.713889 0.367708 0.721296 0.372396 0.729630 0.374479 0.730556
0 0.376563 0.731481 0.380729 0.728704 0.381771 0.729630 0.383854 0.727778 0.384375 0.725926 0.387500 0.721296 0.389062 0.710185 0.387500 0.707407 0.388542 0.705556 0.385417 0.696296 0.381771 0.689815 0.380208 0.688889 0.379167 0.689815 0.377604 0.688889 0.376563 0.689815 0.373958 0.689815 0.238542 0.956481 0.238542 0.958333 0.236458 0.959259
0 0.236458 0.961111 0.233854 0.963889 0.233333 0.969444 0.232812 0.975000 0.234896 0.983333 0.235417 0.983333 0.236458 0.987037 0.241667 0.992593 0.244792 0.990741 0.245312 0.991667 0.250000 0.987963 0.250521 0.986111 0.253125 0.982407 0.254167 0.978704 0.254167 0.974074 0.253125 0.973148 0.253646 0.970370 0.252604 0.968518 0.253125 0.967593 0.252604 0.965741 0.251563 0.961111 0.247396 0.954630 0.244271 0.954630 0.241146 0.956481 0.240625 0.954630 0.501562 0.951852
0 0.501562 0.952778 0.498437 0.955556 0.498437 0.956481 0.496875 0.958333 0.496354 0.960185 0.494792 0.966667 0.495313 0.968518 0.495313 0.973148 0.496354 0.974074 0.497396 0.978704 0.497917 0.978704 0.498437 0.980556 0.500521 0.984259 0.503125 0.986111 0.504687 0.986111 0.506771 0.984259 0.507812 0.985185 0.510938 0.982407 0.510938 0.981481 0.511979 0.979630 0.513542 0.976852 0.514583 0.972222 0.514583 0.965741 0.512500 0.957407 0.509375 0.953704 0.506250 0.951852 0.502604 0.950926 0.240104 0.384259
0 0.235417 0.395370 0.235417 0.406481 0.236458 0.412037 0.237500 0.412963 0.238542 0.416667 0.239063 0.417593 0.239583 0.419444 0.242708 0.421296 0.247917 0.421296 0.251042 0.419444 0.251563 0.416667 0.253646 0.415741 0.253646 0.414815 0.254687 0.412963 0.256771 0.403704 0.256250 0.401852 0.256250 0.397222 0.254167 0.389815 0.252604 0.387963 0.251042 0.384259 0.246354 0.381481 0.244792 0.383333 0.244271 0.381481 0.241667 0.385185 0.241146 0.383333 0.465104 0.806481 0.465104 0.808333 0.463542 0.809259
0 0.460938 0.813889 0.459375 0.819444 0.459375 0.829630 0.459896 0.833333 0.459896 0.834259 0.461458 0.841667 0.464583 0.846296 0.469792 0.850000 0.476562 0.849074 0.481250 0.843518 0.483333 0.837963 0.484375 0.829630 0.483333 0.826852 0.483333 0.823148 0.482812 0.821296 0.480208 0.811111 0.478125 0.808333 0.475000 0.805556 0.473437 0.804630 0.467187 0.805556 0.222917 0.438889 0.218229 0.442593 0.214583 0.452778 0.214062 0.456481 0.214583 0.459259 0.215104 0.467593
0 0.216667 0.474074 0.216667 0.475926 0.220313 0.482407 0.226562 0.485185 0.231250 0.485185 0.235938 0.481481 0.238542 0.475926 0.240104 0.465741 0.239583 0.457407 0.238542 0.449074 0.237500 0.448148 0.236458 0.443519 0.233333 0.437963 0.225521 0.437037 0.190625 0.762037 0.185937 0.767593 0.181771 0.777778 0.181771 0.787037 0.184375 0.797222 0.185937 0.800000 0.187500 0.802778 0.195312 0.808333 0.202604 0.801852
0 0.203646 0.800000 0.204688 0.795370 0.206250 0.791667 0.207292 0.779630 0.206771 0.769444 0.205208 0.763889 0.203125 0.760185 0.200000 0.759259 0.196875 0.760185 0.193229 0.760185 0.524479 0.425000 0.523958 0.426852 0.521875 0.428704 0.520312 0.431481 0.519792 0.441667 0.520833 0.445370 0.520312 0.446296 0.523438 0.454630 0.528125 0.458333 0.529167 0.458333
0 0.536458 0.451852 0.537500 0.447222 0.538542 0.446296 0.538021 0.444444 0.538542 0.439815 0.538021 0.437963 0.538542 0.434259 0.538021 0.432407 0.536979 0.431481 0.536458 0.427778 0.533854 0.425926 0.532292 0.423148 0.528125 0.422222 0.211979 0.737963 0.210417 0.740741 0.207813 0.744444 0.206771 0.747222 0.206250 0.750000 0.206250 0.757407
0 0.208854 0.765741 0.209375 0.766667 0.212500 0.776852 0.217708 0.779630 0.221354 0.776852 0.221875 0.777778 0.226562 0.773148 0.229687 0.764815 0.230208 0.753704 0.229167 0.750926 0.229167 0.746296 0.227604 0.739815 0.224479 0.735185 0.221875 0.732407 0.219271 0.732407 0.217187 0.734259 0.216146 0.734259 0.636979 0.427778 0.633854 0.429630 0.631250 0.435185 0.631250 0.443519 0.632292 0.447222 0.631771 0.449074
0 0.635417 0.460185 0.635938 0.460185 0.637500 0.463889 0.645312 0.465741 0.651042 0.459259 0.652604 0.455556 0.653646 0.450926 0.653125 0.447222 0.653125 0.443519 0.650521 0.432407 0.649479 0.431481 0.648958 0.428704 0.644271 0.425000 0.643750 0.425000 0.642187 0.424074 0.640625 0.425926 0.639583 0.425000 0.781771 0.501852 0.777604 0.511111 0.777083 0.513889 0.777083 0.518519 0.777604 0.520370 0.777604 0.522222
0 0.779167 0.529630 0.780208 0.530556 0.781771 0.534259 0.784896 0.537963 0.790104 0.537963 0.793229 0.536111 0.793750 0.534259 0.795313 0.533333 0.795833 0.530556 0.796875 0.529630 0.797917 0.525000 0.797917 0.520370 0.796875 0.518519 0.797396 0.515741 0.795833 0.509259 0.794792 0.508333 0.794271 0.505556 0.793750 0.505556 0.792188 0.501852 0.790104 0.500926 0.789583 0.499074 0.788542 0.500000 0.786458 0.500000
0 0.784896 0.501852 0.784375 0.500000 0.415104 0.519444 0.412500 0.525000 0.410937 0.525926 0.409375 0.533333 0.408854 0.541667 0.410417 0.550000 0.411458 0.550000 0.413021 0.554630 0.417188 0.558333 0.421875 0.557407 0.427083 0.554630 0.427604 0.552778 0.429167 0.551852 0.430729 0.548148 0.431771 0.542593 0.431771 0.537963 0.431250 0.536111 0.431771 0.532407 0.430208 0.523148 0.429167 0.522222 0.427604 0.518519 0.426042 0.516667 0.422917 0.515741 0.421875 0.516667 0.419792 0.516667 0.418229 0.517593 0.417708 0.517593 0.376042 0.500926 0.371875 0.510185
0 0.370833 0.516667 0.371354 0.522222 0.373437 0.531482 0.374479 0.532407 0.375000 0.535185 0.375521 0.536111 0.376042 0.537963 0.379167 0.539815 0.381771 0.539815 0.382292 0.539815 0.384896 0.539815 0.391146 0.533333 0.392188 0.531482 0.393750 0.522222 0.393750 0.519444 0.393229 0.517593 0.393750 0.513889 0.392708 0.513889 0.391146 0.506481 0.390625 0.506481 0.388542 0.501852 0.382812 0.497222 0.382292 0.498148 0.381250 0.497222 0.378646 0.500000 0.377604 0.499074 0.598437 0.164815
0 0.597917 0.166667 0.597396 0.167593 0.596875 0.168519 0.596354 0.169444 0.594792 0.176852 0.595833 0.179630 0.595312 0.181481 0.596875 0.186111 0.597396 0.187037 0.598437 0.188889 0.601042 0.191667 0.601562 0.191667 0.603125 0.192593 0.604167 0.192593 0.605208 0.191667 0.605729 0.192593 0.607292 0.191667 0.607813 0.189815 0.609375 0.188889 0.609896 0.186111 0.610937 0.186111 0.610937 0.185185 0.611979 0.185185 0.611458 0.183333 0.611979 0.180556 0.611458 0.178704 0.611979 0.176852 0.609375 0.168519
0 0.608854 0.166667 0.608333 0.164815 0.606771 0.165741 0.607292 0.163889 0.605208 0.162037 0.604167 0.163889 0.603646 0.162037 0.602083 0.162963 0.601042 0.162963 0.603646 0.246296 0.600521 0.249074 0.600521 0.250000 0.598958 0.250926 0.597396 0.258333 0.597396 0.265741 0.598958 0.272222 0.599479 0.272222 0.601042 0.276852 0.606771 0.281481 0.609375 0.279630 0.609896 0.279630 0.614583 0.276852 0.616146 0.273148 0.617188 0.264815 0.616146 0.260185 0.616667 0.258333 0.614062 0.250000 0.611979 0.248148
0 0.611458 0.246296 0.608854 0.244444 0.606250 0.243519 0.132292 0.611111 0.131250 0.614815 0.128646 0.623148 0.129167 0.625926 0.129167 0.627778 0.130208 0.632407 0.130729 0.633333 0.131771 0.637037 0.135417 0.639815 0.135417 0.641667 0.136458 0.639815 0.138542 0.642593 0.139583 0.640741 0.140104 0.641667 0.140625 0.639815 0.145833 0.636111 0.146354 0.634259 0.147396 0.628704 0.147396 0.624074 0.144792 0.614815 0.143229 0.612037 0.142708 0.610185 0.139062 0.607407 0.138021 0.609259 0.137500 0.607407 0.134375 0.610185 0.133333 0.610185 0.242188 0.492593 0.238542 0.495370 0.237500 0.498148 0.235938 0.506481 0.235417 0.507407 0.235417 0.512037 0.236979 0.518519 0.237500 0.518519 0.238542 0.521296
0 0.239583 0.523148 0.242708 0.525000 0.242708 0.525926 0.246875 0.528704 0.253646 0.523148 0.255208 0.517593 0.255729 0.512037 0.256250 0.508333 0.255729 0.506481 0.256250 0.504630 0.253646 0.494444 0.250000 0.491667 0.248958 0.489815 0.245312 0.489815 0.372396 0.975926 0.371875 0.977778 0.370833 0.979630 0.370313 0.981481 0.370833 0.982407 0.369271 0.989815 0.370833 0.996296 0.372917 0.998148
0 0.383854 0.997222 0.384896 0.997222 0.384896 0.996296 0.385938 0.994444 0.386458 0.984259 0.384896 0.977778 0.383854 0.976852 0.382812 0.974074 0.380729 0.974074 0.381250 0.972222 0.379167 0.971296 0.376563 0.973148 0.376042 0.973148 0.044271 0.987963 0.043750 0.988889 0.041667 0.990741 0.058333 0.993519 0.056771 0.993519 0.057292 0.990741 0.056250 0.990741 0.054688 0.987037 0.054167 0.987037 0.051042 0.985185 0.049479 0.986111 0.047917 0.984259 0.458333 0.551852 0.452604 0.556481
0 0.451042 0.559259 0.450521 0.562963 0.449479 0.569444 0.450000 0.571296 0.450000 0.575926 0.451562 0.581481 0.452083 0.582407 0.453125 0.585185 0.454688 0.587037 0.458333 0.589815 0.461979 0.590741 0.463542 0.589815 0.464063 0.590741 0.469271 0.586111 0.470313 0.584259 0.471354 0.578704 0.471354 0.574074 0.472396 0.569444 0.471354 0.568519 0.471875 0.566667 0.469792 0.558333 0.465625 0.550000 0.460938 0.549074 0.471354 0.606481
0 0.471354 0.607407 0.467708 0.610185 0.467187 0.612037 0.465104 0.624074 0.465104 0.628704 0.466667 0.636111 0.466667 0.637037 0.469271 0.640741 0.469792 0.642593 0.473958 0.647222 0.476562 0.647222 0.481771 0.644444 0.482292 0.644444 0.485417 0.640741 0.487500 0.636111 0.488542 0.628704 0.488542 0.620370 0.486458 0.612963 0.483333 0.607407 0.481250 0.605556 0.473958 0.604630 0.564062 0.424074 0.564062 0.425926 0.561458 0.427778 0.561458 0.428704 0.559375 0.432407 0.558854 0.433333
0 0.559375 0.434259 0.558854 0.435185 0.559375 0.437963 0.559375 0.438889 0.561458 0.448148 0.562500 0.449074 0.564062 0.453704 0.565104 0.455556 0.565625 0.453704 0.567708 0.454630 0.570312 0.453704 0.571354 0.454630 0.573438 0.451852 0.573958 0.448148 0.575000 0.446296 0.575521 0.444444 0.574479 0.443519 0.575521 0.441667 0.575000 0.439815 0.575521 0.437963 0.572917 0.430556 0.572396 0.428704 0.571875 0.426852 0.569792 0.426852 0.569792 0.424074 0.569271 0.425000 0.567708 0.424074 0.565104 0.425000 0.083854 0.445370
0 0.083854 0.447222 0.080729 0.449074 0.080729 0.450926 0.078125 0.454630 0.076563 0.458333 0.077083 0.459259 0.075521 0.466667 0.076042 0.468519 0.076042 0.469444 0.078125 0.478704 0.081771 0.484259 0.084896 0.486111 0.088542 0.487037 0.090104 0.485185 0.091146 0.486111 0.095312 0.482407 0.099479 0.474074 0.100521 0.468519 0.100000 0.466667 0.100521 0.462963 0.098958 0.460185 0.099479 0.458333 0.096875 0.449074 0.092708 0.444444 0.090625 0.443519
0 0.085417 0.445370 0.084896 0.445370 0.706250 0.050926 0.701563 0.061111 0.700521 0.066667 0.701042 0.070370 0.701042 0.074074 0.703125 0.081481 0.705729 0.086111 0.708854 0.088889 0.712500 0.089815 0.713542 0.088889 0.715625 0.089815 0.716667 0.088889 0.717708 0.087037 0.718750 0.086111 0.719271 0.084259 0.721354 0.081481 0.722917 0.073148 0.721875 0.065741 0.721354 0.063889 0.719792 0.058333
0 0.715104 0.051852 0.712500 0.050926 0.707292 0.050000 0.354167 0.446296 0.353646 0.448148 0.350521 0.451852 0.349479 0.457407 0.349479 0.458333 0.348958 0.462963 0.350000 0.465741 0.349479 0.467593 0.350521 0.472222 0.351562 0.473148 0.353125 0.475926 0.357292 0.480556 0.359375 0.479630 0.360417 0.480556 0.361979 0.478704 0.363021 0.479630 0.364062 0.479630 0.364583 0.476852 0.365625 0.476852 0.366146 0.474074 0.368229 0.471296 0.369271 0.462963 0.368229 0.459259 0.368750 0.457407 0.367188 0.453704 0.366667 0.451852 0.366146 0.449074 0.361979 0.443519 0.358854 0.444444 0.356771 0.444444 0.740104 0.645370
0 0.739583 0.645370 0.735417 0.652778 0.733333 0.662037 0.734375 0.665741 0.734375 0.667593 0.736979 0.676852 0.741667 0.683333 0.746354 0.685185 0.747396 0.684259 0.749479 0.685185 0.753646 0.681481 0.754687 0.679630 0.756771 0.677778 0.758854 0.666667 0.758854 0.658333 0.757292 0.651852 0.756250 0.651852 0.755729 0.650000 0.754167 0.649074 0.754167 0.646296 0.753646 0.647222 0.747917 0.642593 0.745313 0.643519 0.742708 0.643519 0.741146 0.645370 0.740625 0.643519 0.239063 0.722222 0.235417 0.728704
0 0.233333 0.730556 0.231250 0.737963 0.230729 0.748148 0.232812 0.762037 0.233854 0.767593 0.236458 0.773148 0.240625 0.778704 0.245312 0.781482 0.248958 0.780556 0.253646 0.776852 0.256771 0.767593 0.257812 0.754630 0.258333 0.746296 0.257812 0.738889 0.255729 0.732407 0.249479 0.723148 0.246875 0.721296 0.244271 0.721296 0.239583 0.723148 0.735417 0.718518 0.734896 0.720370 0.732813 0.722222 0.732292 0.723148
0 0.730729 0.725926 0.729688 0.731481 0.729688 0.737963 0.731771 0.747222 0.732813 0.747222 0.733333 0.750926 0.739062 0.756481 0.740104 0.756481 0.742708 0.753704 0.743750 0.754630 0.746354 0.751852 0.748438 0.746296 0.750000 0.738889 0.749479 0.736111 0.749479 0.731481 0.748438 0.725926 0.747396 0.725926 0.746875 0.724074 0.746354 0.722222 0.744792 0.718518 0.740625 0.716667 0.739583 0.717593 0.737500 0.716667 0.498437 0.110185 0.495313 0.115741 0.493229 0.126852 0.493750 0.130556 0.493229 0.134259 0.495313 0.142593 0.496875 0.144444
0 0.498437 0.148148 0.500521 0.149074 0.503125 0.150000 0.506771 0.148148 0.507292 0.148148 0.510938 0.145370 0.514063 0.138889 0.515625 0.132407 0.516146 0.125000 0.512500 0.112037 0.508333 0.108333 0.507812 0.106481 0.505729 0.105556 0.502604 0.108333 0.502083 0.106481 0.681250 0.175926 0.680729 0.177778 0.678646 0.180556 0.676042 0.187037 0.675000 0.192593 0.676042 0.198148 0.676042 0.200000 0.676562 0.200926 0.678646 0.204630 0.679688 0.205556 0.680208 0.206481 0.683854 0.210185
0 0.685938 0.210185 0.686979 0.209259 0.687500 0.210185 0.689583 0.208333 0.690104 0.207407 0.690625 0.206481 0.691667 0.204630 0.693229 0.201852 0.693750 0.197222 0.694271 0.194444 0.693229 0.191667 0.693750 0.189815 0.692187 0.185185 0.691667 0.183333 0.690625 0.179630 0.689583 0.177778 0.686979 0.175926 0.684375 0.175926 0.681771 0.176852 0.075521 0.387963 0.075000 0.389815
0 0.073437 0.390741 0.073437 0.391667 0.071875 0.393519 0.071354 0.395370 0.069792 0.402778 0.069792 0.410185 0.071354 0.416667 0.072396 0.417593 0.072917 0.419444 0.078125 0.426852 0.079687 0.426852 0.083333 0.425000 0.084375 0.425926 0.088021 0.423148 0.088542 0.421296 0.091667 0.417593 0.092708 0.412037 0.093229 0.404630 0.091146 0.393519 0.088021 0.387037 0.083333 0.383333 0.079687 0.386111 0.078646 0.385185 0.052083 0.725926 0.052083 0.727778 0.049479 0.729630 0.048958 0.730556
0 0.046875 0.733333 0.045833 0.739815 0.045313 0.748148 0.046875 0.754630 0.047917 0.755556 0.049479 0.759259 0.051042 0.761111 0.051562 0.763889 0.052604 0.764815 0.057813 0.768519 0.064583 0.762963 0.065104 0.761111 0.067188 0.758333 0.068750 0.754630 0.069271 0.750926 0.069271 0.741667 0.067188 0.733333 0.064062 0.727778 0.061458 0.725000 0.054688 0.724074 0.517187 0.235185 0.516667 0.237037
0 0.515104 0.237963 0.513542 0.242593 0.512500 0.243519 0.511979 0.246296 0.511458 0.258333 0.513021 0.264815 0.518750 0.274074 0.520833 0.275000 0.522396 0.273148 0.522917 0.274074 0.525521 0.272222 0.526042 0.272222 0.526563 0.270370 0.528125 0.269444 0.531250 0.261111 0.531771 0.254630 0.531250 0.251852 0.531250 0.247222 0.530208 0.246296 0.529167 0.240741 0.525000 0.235185 0.521875 0.234259 0.517708 0.235185 0.543229 0.571296 0.538542 0.582407 0.538542 0.591667 0.540625 0.600000 0.542188 0.601852 0.542708 0.603704 0.544792 0.606481 0.548958 0.610185
0 0.550000 0.609259 0.553125 0.611111 0.553646 0.608333 0.558854 0.604630 0.560417 0.597222 0.560417 0.591667 0.559375 0.585185 0.559896 0.583333 0.558333 0.575926 0.555729 0.571296 0.552083 0.569444 0.550521 0.568519 0.546875 0.570370 0.544271 0.570370 0.596875 0.765741 0.591667 0.769444 0.590625 0.771296 0.590104 0.775926 0.590104 0.789815 0.590625 0.792593 0.591667 0.792593 0.592188 0.795370 0.593750 0.797222 0.595833 0.800926 0.598437 0.802778
0 0.601562 0.803704 0.605729 0.800926 0.606250 0.801852 0.607813 0.800000 0.611458 0.788889 0.611458 0.782407 0.607292 0.768519 0.605729 0.764815 0.604167 0.764815 0.603646 0.762963 0.600000 0.763889 0.599479 0.763889 0.150521 0.454630 0.150521 0.456481 0.148438 0.458333 0.147917 0.459259 0.144792 0.462963 0.142708 0.475000 0.143229 0.480556 0.143750 0.483333 0.145313 0.486111 0.145833 0.487963 0.148958 0.489815 0.150521 0.492593
0 0.151042 0.492593 0.153125 0.494444 0.158854 0.490741 0.159375 0.491667 0.161458 0.488889 0.164583 0.480556 0.164583 0.473148 0.163021 0.468519 0.163542 0.465741 0.161979 0.459259 0.159375 0.454630 0.156771 0.453704 0.155729 0.454630 0.151562 0.454630 0.591667 0.910185 0.588542 0.916667 0.586979 0.925000 0.586979 0.926852 0.589063 0.936111 0.589583 0.936111 0.590625 0.940741 0.591146 0.940741 0.591667 0.942593 0.596875 0.947222 0.601042 0.948148
0 0.602604 0.947222 0.603125 0.944444 0.606771 0.940741 0.607813 0.934259 0.608333 0.927778 0.606771 0.923148 0.607292 0.920370 0.605208 0.912037 0.602604 0.907407 0.600000 0.906482 0.598958 0.905556 0.596875 0.907407 0.595833 0.906482 0.593229 0.910185 0.592708 0.908333 0.352083 0.898148 0.347396 0.901852 0.345313 0.906482 0.343750 0.914815 0.343750 0.922222 0.346354 0.932407 0.346875 0.932407
0 0.347396 0.935185 0.348437 0.937037 0.352083 0.939815 0.355729 0.939815 0.363021 0.934259 0.364583 0.930556 0.365625 0.920370 0.365625 0.912963 0.364583 0.907407 0.363542 0.907407 0.361458 0.900926 0.356771 0.896296 0.354688 0.896296 0.445312 0.467593 0.443229 0.471296 0.441146 0.473148 0.439583 0.479630 0.437500 0.492593 0.438021 0.499074 0.440104 0.507407 0.445833 0.515741 0.448438 0.518519 0.451042 0.518519
0 0.455729 0.515741 0.456771 0.515741 0.458854 0.513889 0.463021 0.504630 0.464583 0.495370 0.463542 0.480556 0.460938 0.472222 0.458854 0.468519 0.453125 0.464815 0.447917 0.465741 0.154167 0.788889 0.153646 0.790741 0.150000 0.793519 0.147917 0.799074 0.145313 0.807407 0.146354 0.811111 0.145833 0.812037 0.148438 0.822222 0.152083 0.827778 0.158333 0.829630 0.162500 0.825926 0.163542 0.826852 0.166667 0.822222
0 0.168750 0.815741 0.169792 0.812037 0.169792 0.807407 0.168750 0.806481 0.169271 0.803704 0.167187 0.795370 0.166667 0.795370 0.165625 0.792593 0.165104 0.790741 0.160938 0.787963 0.155729 0.787963 0.178125 0.226852 0.178125 0.227778 0.177083 0.228704 0.177083 0.229630 0.176563 0.230556 0.175000 0.237037 0.175521 0.237963 0.175000 0.239815 0.177083 0.246296 0.177604 0.246296 0.178646 0.249074 0.180208 0.250000 0.180729 0.250926 0.182812 0.252778 0.183333 0.252778
0 0.186458 0.253704 0.189583 0.250926 0.190104 0.249074 0.192188 0.247222 0.192188 0.245370 0.193229 0.245370 0.192708 0.243519 0.193229 0.240741 0.192188 0.237963 0.192708 0.235185 0.191667 0.232407 0.191146 0.230556 0.190104 0.226852 0.188021 0.226852 0.188542 0.225000 0.186458 0.225000 0.186979 0.223148 0.184896 0.222222 0.182812 0.225000 0.182292 0.223148 0.595312 0.619444 0.594792 0.620370 0.593750 0.621296 0.593229 0.623148 0.592188 0.624074 0.591667 0.627778
0 0.591667 0.628704 0.591667 0.632407 0.592188 0.634259 0.591667 0.636111 0.593750 0.643519 0.598437 0.648148 0.600000 0.647222 0.600521 0.648148 0.604167 0.645370 0.604167 0.646296 0.605208 0.644444 0.606250 0.643519 0.606771 0.641667 0.607813 0.639815 0.608854 0.631481 0.606771 0.623148 0.606250 0.623148 0.603646 0.618519 0.601562 0.616667 0.601042 0.617593
0 0.598437 0.616667 0.063542 0.923148 0.059896 0.925926 0.055208 0.937963 0.054688 0.948148 0.056771 0.956481 0.057292 0.957407 0.058333 0.961111 0.059896 0.962037 0.061979 0.965741 0.067188 0.968518 0.071354 0.968518 0.078646 0.963889 0.080208 0.960185 0.082813 0.956481 0.084375 0.949074 0.083854 0.940741 0.081250 0.930556 0.079167 0.925000 0.075000 0.921296
0 0.066667 0.920370 0.368229 0.017593 0.368229 0.019444 0.365104 0.024074 0.363542 0.031481 0.363542 0.032407 0.363021 0.035185 0.365104 0.043519 0.366146 0.044444 0.367708 0.048148 0.373958 0.053704 0.376042 0.053704 0.376563 0.053704 0.378646 0.051852 0.379167 0.052778 0.384375 0.045370 0.385417 0.033333 0.383854 0.030556 0.384896 0.028704 0.382812 0.020370 0.379167 0.014815 0.376042 0.013889 0.375000 0.014815 0.372396 0.014815
0 0.582812 0.384259 0.582812 0.386111 0.581771 0.387037 0.581250 0.387963 0.580729 0.388889 0.580208 0.392593 0.580729 0.394444 0.580208 0.398148 0.582292 0.404630 0.582812 0.405556 0.583333 0.407407 0.583854 0.408333 0.584896 0.411111 0.586458 0.414815 0.587500 0.412963 0.589583 0.413889 0.594271 0.410185 0.594792 0.408333 0.595833 0.407407 0.595833 0.402778 0.596354 0.400926 0.596354 0.395370 0.594271 0.389815 0.594792 0.387037 0.593229 0.385185 0.592708 0.384259 0.591667 0.383333 0.592188 0.381481 0.590625 0.380556 0.590104 0.380556 0.589063 0.380556 0.587500 0.382407 0.586458 0.381481 0.406771 0.889815 0.406771 0.890741
0 0.405208 0.892593 0.405208 0.893519 0.403646 0.894444 0.402604 0.896296 0.401563 0.904630 0.402083 0.912037 0.401563 0.913889 0.403125 0.919444 0.404167 0.919444 0.406771 0.926852 0.410417 0.927778 0.414583 0.925926 0.415625 0.926852 0.418750 0.924074 0.419271 0.922222 0.420312 0.921296 0.421354 0.917593 0.422396 0.917593
0 0.423438 0.912037 0.423438 0.904630 0.421875 0.900926 0.422396 0.899074 0.421875 0.898148 0.421354 0.896296 0.420312 0.892593 0.418750 0.890741 0.417188 0.887037 0.414583 0.885185 0.410417 0.888889 0.409896 0.887037 0.422917 0.329630 0.419792 0.332407 0.418750 0.333333 0.417188 0.342593 0.416667 0.342593 0.416146 0.349074 0.419271 0.361111 0.419792 0.362037 0.420833 0.364815 0.422396 0.365741 0.423438 0.368519 0.426042 0.370370 0.429688 0.371296 0.431250 0.370370 0.431771 0.367593
0 0.435937 0.364815 0.439063 0.357407 0.438542 0.355556 0.439583 0.351852 0.440104 0.346296 0.438542 0.337963 0.438021 0.337963 0.436979 0.334259 0.433854 0.329630 0.426042 0.326852 0.452604 0.387963 0.448958 0.391667 0.446354 0.398148 0.445312 0.406481 0.445833 0.415741 0.447917 0.425000 0.451562 0.432407 0.458333 0.437037 0.460938 0.437037 0.465625 0.435185
0 0.466146 0.435185 0.467708 0.434259 0.471875 0.425926 0.472917 0.416667 0.472396 0.404630 0.469792 0.395370 0.466146 0.387963 0.460938 0.383333 0.456771 0.383333 0.455208 0.384259 0.298438 0.501852 0.296875 0.505556 0.295312 0.515741 0.296875 0.520370 0.297396 0.521296 0.298958 0.525926 0.300000 0.526852 0.303646 0.529630 0.306250 0.530556 0.309375 0.527778 0.309896 0.527778 0.311979 0.526852 0.312500 0.525000 0.314063 0.517593
0 0.313021 0.516667 0.313542 0.514815 0.312500 0.511111 0.313021 0.508333 0.311979 0.508333 0.311458 0.504630 0.310417 0.504630 0.309896 0.502778 0.306771 0.498148 0.304167 0.498148 0.300000 0.502778 0.299479 0.500926 0.604688 0.427778 0.601042 0.430556 0.599479 0.438889 0.600000 0.440741 0.600000 0.441667 0.600521 0.444444 0.600521 0.446296 0.601042 0.447222 0.602083 0.450000 0.602604 0.450000 0.603125 0.451852
0 0.606771 0.454630 0.607292 0.454630 0.607813 0.454630 0.613542 0.450000 0.614062 0.444444 0.614062 0.442593 0.614583 0.439815 0.613542 0.438889 0.614583 0.437037 0.611979 0.427778 0.609896 0.425926 0.609375 0.425926 0.607813 0.425000 0.100521 0.842593 0.097917 0.845370 0.095833 0.850000 0.094792 0.855556 0.094792 0.858333 0.095312 0.860185 0.094792 0.861111 0.096354 0.865741 0.096875 0.866667 0.098438 0.871296 0.102604 0.875000 0.102604 0.875926 0.103646 0.875926 0.104687 0.875000 0.105729 0.875926 0.110417 0.872222 0.110937 0.869444 0.112500 0.868519 0.113021 0.864815 0.113542 0.862963
0 0.114063 0.858333 0.110937 0.847222 0.109375 0.843518 0.104687 0.840741 0.103646 0.840741 0.103125 0.840741 0.539062 0.381481 0.539062 0.383333 0.536979 0.386111 0.535937 0.388889 0.535937 0.389815 0.535417 0.395370 0.536458 0.399074 0.536458 0.400000 0.539583 0.410185 0.543229 0.413889 0.545313 0.415741 0.546354 0.413889 0.547396 0.413889 0.547917 0.412037 0.549479 0.411111 0.551042 0.407407 0.552083 0.406481 0.553125 0.400000 0.553125 0.395370 0.552083 0.393519 0.552604 0.391667 0.552083 0.387963 0.551042 0.387963 0.550000 0.384259 0.549479 0.382407 0.545833 0.379630
0 0.544792 0.380556 0.542188 0.380556 0.540625 0.381481 0.539583 0.381481 0.129688 0.979630 0.129688 0.980556 0.125000 0.984259 0.123438 0.993519 0.123958 0.997222 0.140625 0.999074 0.140104 0.997222 0.140625 0.995370 0.139062 0.992593 0.139583 0.990741 0.138542 0.985185 0.138021 0.985185 0.136979 0.982407 0.133333 0.978704 0.132812 0.978704 0.130729 0.977778 0.589583 0.299074 0.589063 0.300926 0.584896 0.306481 0.583333 0.310185 0.581771 0.315741 0.581771 0.325000 0.584375 0.334259
0 0.584896 0.334259 0.585417 0.337037 0.588542 0.340741 0.590104 0.342593 0.593229 0.343519 0.596875 0.341667 0.597396 0.338889 0.600000 0.337037 0.600521 0.335185 0.602083 0.326852 0.602604 0.326852 0.604167 0.316667 0.603646 0.312037 0.603646 0.308333 0.601562 0.300926 0.601042 0.299074 0.600521 0.297222 0.596354 0.294444 0.594271 0.297222 0.593229 0.296296 0.014583 0.253704 0.011458 0.262037 0.010937 0.264815 0.010937 0.269444 0.011979 0.272222
0 0.011458 0.274074 0.013021 0.279630 0.013542 0.279630 0.015625 0.285185 0.020312 0.287963 0.022396 0.287963 0.023438 0.287963 0.029687 0.283333 0.030208 0.281481 0.031771 0.273148 0.030729 0.269444 0.031771 0.267593 0.030729 0.266667 0.031250 0.263889 0.029687 0.257407 0.025000 0.250000 0.021875 0.249074 0.019271 0.250926 0.018750 0.250926 0.094271 0.573148 0.093750 0.575000
0 0.092708 0.575926 0.092708 0.576852 0.091667 0.577778 0.091667 0.578704 0.089583 0.581481 0.089062 0.587963 0.089062 0.590741 0.090104 0.594444 0.089583 0.595370 0.091146 0.600000 0.091667 0.600926 0.092188 0.603704 0.094792 0.605556 0.097917 0.605556 0.098958 0.604630 0.100000 0.605556 0.101042 0.604630 0.102083 0.604630 0.102604 0.605556 0.103125 0.602778 0.104167 0.602778 0.104687 0.600000 0.105208 0.600000 0.106250 0.598148 0.107813 0.595370 0.108333 0.592593 0.107813 0.588889 0.107813 0.585185 0.106771 0.579630 0.105729 0.578704 0.105208 0.575926
0 0.103125 0.573148 0.100000 0.571296 0.098958 0.571296 0.098438 0.571296 0.096354 0.574074 0.095833 0.572222 0.766146 0.762037 0.765625 0.763889 0.763021 0.765741 0.762500 0.767593 0.759896 0.777778 0.760417 0.779630 0.759896 0.781482 0.762500 0.790741 0.768229 0.800926 0.772396 0.804630 0.773438 0.804630 0.778125 0.800926 0.779167 0.800926 0.780208 0.798148 0.782292 0.783333 0.781771 0.775000 0.780208 0.770370 0.780729 0.768519 0.779688 0.766667 0.778646 0.762037
0 0.776042 0.758333 0.773438 0.758333 0.770312 0.761111 0.769792 0.759259 0.282292 0.677778 0.282292 0.679630 0.281250 0.680556 0.279687 0.683333 0.279167 0.686111 0.279687 0.690741 0.279687 0.691667 0.280208 0.693519 0.279687 0.695370 0.282292 0.705556 0.284375 0.708333 0.285937 0.710185 0.288021 0.709259 0.288542 0.710185 0.289583 0.709259 0.290104 0.709259 0.291667 0.708333 0.292188 0.709259 0.292708 0.707407 0.294271 0.706481
0 0.294792 0.704630 0.295833 0.704630 0.296354 0.701852 0.298438 0.699074 0.298958 0.696296 0.298438 0.694444 0.299479 0.687963 0.297917 0.682407 0.295833 0.679630 0.295312 0.676852 0.291667 0.674074 0.289583 0.674074 0.289062 0.674074 0.287500 0.675926 0.286979 0.674074 0.168229 0.643519 0.168229 0.644444 0.165625 0.646296 0.165625 0.648148 0.164583 0.649074 0.163542 0.655556 0.163021 0.658333 0.164062 0.662037 0.164062 0.662963 0.165625 0.668519 0.166146 0.669444
0 0.166667 0.672222 0.169792 0.676852 0.174479 0.677778 0.176042 0.675926 0.176563 0.676852 0.178646 0.675000 0.180729 0.670370 0.181771 0.669444 0.182292 0.664815 0.182292 0.658333 0.181250 0.653704 0.181771 0.651852 0.181250 0.650000 0.180208 0.650000 0.179167 0.645370 0.177604 0.642593 0.175521 0.640741 0.174479 0.641667 0.171875 0.641667 0.169792 0.644444 0.169271 0.642593 0.711458 0.614815 0.709896 0.618519 0.708333 0.626852 0.707812 0.628704 0.708333 0.631481 0.708333 0.632407 0.710938 0.641667 0.713021 0.643519 0.715104 0.646296
0 0.718229 0.648148 0.719792 0.648148 0.721875 0.646296 0.722917 0.647222 0.726562 0.643519 0.728125 0.640741 0.729167 0.635185 0.727604 0.629630 0.728125 0.627778 0.727604 0.625926 0.726042 0.621296 0.724479 0.619444 0.723958 0.616667 0.721875 0.613889 0.718750 0.611111 0.717188 0.612963 0.716146 0.612037 0.713021 0.615741 0.712500 0.613889 0.431771 0.155556 0.431250 0.157407 0.430208 0.158333 0.428125 0.162963 0.427604 0.167593 0.427604 0.169444 0.428125 0.172222 0.428125 0.174074 0.429688 0.180556
0 0.431771 0.183333 0.432292 0.184259 0.434896 0.186111 0.437500 0.187037 0.440104 0.186111 0.440625 0.186111 0.441667 0.184259 0.442708 0.184259 0.443229 0.182407 0.444271 0.181481 0.444792 0.179630 0.445833 0.178704 0.446354 0.174074 0.446875 0.171296 0.445833 0.170370 0.446354 0.167593 0.444271 0.160185 0.443750 0.158333 0.443229 0.156481 0.441146 0.153704 0.439063 0.151852 0.438021 0.153704 0.437500 0.151852 0.435937 0.154630 0.435417 0.152778 0.527083 0.942593 0.527083 0.943519
0 0.526042 0.944444 0.525521 0.945370 0.524479 0.948148 0.523958 0.950926 0.524479 0.951852 0.523958 0.955556 0.526563 0.964815 0.527083 0.965741 0.527604 0.967593 0.528125 0.967593 0.528646 0.968518 0.530729 0.970370 0.532292 0.970370 0.534375 0.971296 0.538542 0.967593 0.539062 0.965741 0.540104 0.964815 0.540625 0.962963 0.540625 0.962037 0.541146 0.959259 0.540104 0.958333 0.541146 0.956481 0.540104 0.954630 0.540625 0.952778
0 0.538542 0.945370 0.538021 0.943519 0.537500 0.941667 0.534375 0.938889 0.533333 0.938889 0.532812 0.938889 0.531250 0.939815 0.530729 0.939815 0.294271 0.918519 0.293750 0.920370 0.292188 0.921296 0.292188 0.922222 0.291146 0.923148 0.290625 0.925926 0.290104 0.926852 0.290625 0.927778 0.289583 0.933333 0.289583 0.937963 0.291146 0.944444 0.294271 0.949074 0.295312 0.950000 0.296354 0.950926 0.297396 0.949074 0.298438 0.950000 0.299479 0.949074 0.300000 0.950000 0.301562 0.948148 0.302083 0.949074 0.302604 0.947222 0.304167 0.946296 0.305208 0.944444 0.307292 0.941667 0.307292 0.934259 0.306250 0.933333 0.307292 0.931481 0.305729 0.925926 0.305208 0.925926 0.304167 0.923148 0.301562 0.918519
0 0.297396 0.917593 0.295833 0.919444 0.295312 0.917593 0.655729 0.106481 0.653646 0.111111 0.652604 0.115741 0.652604 0.117593 0.653125 0.119444 0.653125 0.121296 0.654167 0.125926 0.654688 0.125926 0.655208 0.127778 0.659375 0.134259 0.661458 0.136111 0.663542 0.136111 0.665104 0.135185 0.665625 0.133333 0.669792 0.130556 0.670313 0.128704 0.671354 0.124074 0.671354 0.117593 0.670313 0.116667 0.670833 0.113889 0.669271 0.108333 0.668750 0.106481 0.667708 0.103704 0.665104 0.101852 0.662500 0.101852 0.659896 0.103704
0 0.658854 0.103704 0.045313 0.496296 0.045313 0.497222 0.043750 0.499074 0.040625 0.507407 0.040104 0.513889 0.040104 0.515741 0.040104 0.520370 0.041146 0.520370 0.042708 0.526852 0.044271 0.529630 0.044792 0.531482 0.049479 0.534259 0.052083 0.534259 0.053646 0.533333 0.056250 0.533333 0.056771 0.531482 0.060938 0.527778 0.061979 0.524074 0.063542 0.516667 0.063021 0.514815 0.063021 0.510185 0.060417 0.501852 0.059896 0.500000
0 0.058854 0.496296 0.054688 0.493519 0.050521 0.493519 0.048958 0.495370 0.048437 0.493519 0.678125 0.771296 0.678125 0.773148 0.677604 0.773148 0.676562 0.780556 0.676562 0.781482 0.676562 0.782407 0.679688 0.796296 0.680729 0.796296 0.682813 0.800000 0.685938 0.800926 0.692187 0.796296 0.692187 0.793519 0.692708 0.791667 0.693229 0.789815 0.692708 0.787963 0.693229 0.784259 0.691146 0.779630 0.692187 0.777778 0.691146 0.776852 0.690625 0.775000 0.690104 0.773148 0.689583 0.771296 0.684896 0.768519 0.683854 0.769444 0.682813 0.768519 0.681250 0.770370 0.680208 0.770370 0.635938 0.859259 0.635938 0.860185 0.634896 0.861111
0 0.634896 0.862037 0.634375 0.862037 0.633333 0.866667 0.633854 0.867593 0.633333 0.868519 0.633854 0.870370 0.633854 0.874074 0.634375 0.875000 0.634896 0.876852 0.635938 0.877778 0.636458 0.880556 0.639583 0.883333 0.640104 0.883333 0.641667 0.884259 0.643750 0.882407 0.644271 0.881481 0.644792 0.880556 0.645833 0.878704 0.646875 0.875926 0.647917 0.872222 0.646875 0.869444 0.647396 0.867593 0.645312 0.862037 0.644792 0.860185 0.644271 0.857407 0.642708 0.856481 0.642187 0.858333 0.641667 0.856481 0.640625 0.857407 0.639583 0.856481 0.638021 0.858333 0.636979 0.857407
0 0.340625 0.596296 0.337500 0.599074 0.337500 0.600000 0.336458 0.600926 0.335417 0.602778 0.334896 0.611111 0.335938 0.615741 0.335938 0.617593 0.336458 0.617593 0.338021 0.622222 0.340625 0.625000 0.340625 0.625926 0.343750 0.627778 0.344792 0.628704 0.351562 0.623148 0.352083 0.621296 0.353125 0.620370 0.354167 0.615741 0.354688 0.615741 0.354688 0.612037 0.353646 0.610185 0.354167 0.608333 0.352083 0.602778 0.353125 0.600926 0.352083 0.597222 0.350000 0.595370 0.349479 0.595370 0.347917 0.594444
0 0.347396 0.595370 0.346354 0.593518 0.343750 0.593518 0.155729 0.303704 0.151562 0.312037 0.150000 0.320370 0.150000 0.330556 0.152604 0.338889 0.158333 0.343519 0.159375 0.342593 0.160938 0.343519 0.162500 0.342593 0.165104 0.342593 0.169271 0.337963 0.170312 0.336111 0.172396 0.333333 0.174479 0.322222 0.174479 0.319444 0.172917 0.316667 0.173438 0.314815 0.170833 0.306481 0.169792 0.305556 0.168229 0.301852 0.166667 0.300926 0.161979 0.300000 0.157813 0.303704 0.156771 0.302778 0.140104 0.912037 0.136979 0.913889 0.136979 0.915741 0.135937 0.916667 0.135417 0.918519 0.134896 0.919444 0.133333 0.929630
0 0.135417 0.937963 0.136979 0.940741 0.137500 0.942593 0.141667 0.946296 0.141667 0.947222 0.143750 0.946296 0.144792 0.947222 0.151042 0.941667 0.151562 0.939815 0.153125 0.931481 0.153646 0.931481 0.154167 0.926852 0.151042 0.914815 0.150000 0.913889 0.148958 0.912037 0.147396 0.910185 0.142708 0.909259 0.512500 0.304630 0.509896 0.313889 0.510417 0.315741 0.510417 0.316667 0.510938 0.318519 0.510417 0.320370 0.511458 0.324074 0.511979 0.324074 0.513021 0.326852 0.515104 0.329630 0.516667 0.332407 0.517187 0.332407 0.518750 0.332407 0.525000 0.327778 0.525521 0.325926 0.526563 0.324074 0.526042 0.322222
0 0.526563 0.320370 0.525521 0.319444 0.526042 0.317593 0.522917 0.304630 0.522396 0.304630 0.521875 0.302778 0.518750 0.300000 0.516667 0.301852 0.515625 0.301852 0.737500 0.163889 0.737500 0.164815 0.735417 0.166667 0.734896 0.168519 0.733333 0.175926 0.733333 0.181481 0.733854 0.184259 0.733854 0.185185 0.735417 0.190741 0.735937 0.191667 0.737500 0.196296 0.743229 0.200926 0.748958 0.200000 0.752083 0.198148 0.755208 0.190741 0.756250 0.186111 0.756250 0.179630 0.754687 0.171296 0.754167 0.171296 0.753125 0.168519 0.749479 0.162037 0.747396 0.160185 0.742188 0.160185 0.096875 0.726852 0.096875 0.728704
0 0.095312 0.729630 0.094792 0.730556 0.092188 0.734259 0.091667 0.736111 0.090625 0.742593 0.091667 0.750000 0.092188 0.750000 0.094271 0.755556 0.099479 0.760185 0.101562 0.760185 0.103646 0.761111 0.108333 0.757407 0.108854 0.754630 0.110937 0.753704 0.111979 0.749074 0.111979 0.739815 0.109896 0.733333 0.109375 0.731481 0.108333 0.728704 0.104687 0.725000 0.102604 0.725926 0.101562 0.725000 0.097917 0.726852 0.097396 0.726852 0.511458 0.675000 0.511458 0.675926 0.510417 0.676852
0 0.510417 0.677778 0.509896 0.678704 0.508854 0.682407 0.509375 0.686111 0.508854 0.688889 0.510417 0.696296 0.513542 0.700000 0.513542 0.701852 0.515625 0.703704 0.516146 0.703704 0.518750 0.704630 0.521875 0.702778 0.522396 0.700000 0.525000 0.698148 0.525000 0.696296 0.525521 0.696296 0.526042 0.694444 0.525521 0.692593 0.526042 0.689815 0.526042 0.686111 0.523438 0.675926 0.522396 0.675000 0.520833 0.672222 0.518750 0.671296 0.517708 0.671296 0.517187 0.671296 0.515104 0.674074 0.514583 0.672222
0 0.255208 0.620370 0.255208 0.622222 0.254167 0.623148 0.254167 0.624074 0.252083 0.627778 0.251563 0.632407 0.251563 0.633333 0.251563 0.634259 0.252083 0.637037 0.251563 0.638889 0.252604 0.641667 0.253125 0.642593 0.254687 0.647222 0.257292 0.649074 0.257812 0.649074 0.259896 0.649074 0.261458 0.648148 0.262500 0.648148 0.265625 0.644444 0.266667 0.639815 0.267188 0.639815 0.267188 0.637037 0.267188 0.636111 0.267708 0.633333 0.266667 0.632407 0.267708 0.630556 0.266667 0.629630
0 0.266667 0.627778 0.267188 0.626852 0.266667 0.625000 0.265104 0.620370 0.263021 0.618519 0.262500 0.619444 0.260938 0.618519 0.259896 0.619444 0.258854 0.618519 0.257812 0.620370 0.256771 0.619444 0.346354 0.813889 0.346354 0.815741 0.344792 0.817593 0.344271 0.824074 0.344271 0.825000 0.344271 0.825926 0.346354 0.834259 0.347396 0.835185 0.347917 0.837037 0.348958 0.837963 0.348958 0.838889 0.350000 0.840741 0.351042 0.838889 0.352604 0.839815 0.355729 0.837963 0.356250 0.836111 0.358854 0.834259 0.358854 0.830556 0.359375 0.828704 0.359375 0.823148 0.357812 0.814815 0.356250 0.815741 0.356771 0.813889 0.354688 0.812963
0 0.354167 0.811111 0.353646 0.811111 0.353125 0.811111 0.352083 0.812963 0.351562 0.811111 0.349479 0.813889 0.348958 0.812037 0.496875 0.845370 0.494792 0.852778 0.495313 0.853704 0.494792 0.854630 0.495833 0.858333 0.495833 0.860185 0.496354 0.862037 0.496875 0.862037 0.497917 0.865741 0.498437 0.866667 0.498958 0.867593 0.501042 0.869444 0.501042 0.870370 0.503646 0.871296 0.506250 0.870370 0.506771 0.867593 0.510417 0.864815 0.511458 0.860185 0.510938 0.858333 0.511458 0.855556
0 0.509896 0.851852 0.509896 0.850926 0.510417 0.849074 0.508854 0.849074 0.509375 0.846296 0.508333 0.845370 0.507812 0.843518 0.507292 0.844444 0.506771 0.842593 0.504687 0.840741 0.504167 0.840741 0.503646 0.840741 0.501562 0.841667 0.501042 0.841667 0.341667 0.766667 0.339063 0.771296 0.338542 0.772222 0.336458 0.776852 0.336458 0.785185 0.338542 0.794444 0.341667 0.800000 0.344792 0.802778 0.351042 0.802778 0.357812 0.796296 0.359375 0.792593 0.359896 0.789815 0.359375 0.787963 0.359375 0.780556 0.358333 0.778704 0.358854 0.775926 0.357292 0.768519
0 0.353646 0.762963 0.348437 0.762037 0.345313 0.763889 0.344792 0.763889 0.553646 0.729630 0.553125 0.731481 0.550521 0.733333 0.550521 0.735185 0.548958 0.736111 0.548437 0.737963 0.548437 0.738889 0.547396 0.746296 0.548437 0.750926 0.549479 0.751852 0.550521 0.756481 0.551562 0.757407 0.551562 0.759259 0.553125 0.760185 0.555208 0.763889 0.556771 0.764815 0.561458 0.765741 0.563021 0.765741 0.564062 0.763889 0.565625 0.762963
0 0.567708 0.757407 0.568750 0.756481 0.569271 0.753704 0.569271 0.744444 0.567187 0.736111 0.565104 0.734259 0.564583 0.732407 0.561979 0.729630 0.554167 0.729630 0.631250 0.901852 0.631250 0.902778 0.630208 0.903704 0.629687 0.905556 0.628646 0.907407 0.628646 0.909259 0.628646 0.910185 0.628125 0.913889 0.628125 0.914815 0.628125 0.916667 0.630208 0.925000 0.630729 0.925000 0.631771 0.927778 0.633854 0.930556 0.634375 0.928704
0 0.636458 0.929630 0.637500 0.928704 0.638021 0.929630 0.640104 0.928704 0.640625 0.925926 0.641146 0.925926 0.642187 0.924074 0.642708 0.924074 0.643750 0.915741 0.640625 0.905556 0.640104 0.903704 0.638542 0.901852 0.638021 0.901852 0.634896 0.900000 0.633854 0.901852 0.633333 0.900000 0.707812 0.557407 0.704687 0.560185 0.703125 0.563889 0.702604 0.566667 0.701563 0.568519 0.701042 0.573148 0.701042 0.577778 0.702083 0.583333 0.702083 0.584259 0.703125 0.586111
0 0.704167 0.590741 0.708333 0.596296 0.713542 0.597222 0.720312 0.591667 0.722917 0.584259 0.722917 0.581481 0.723437 0.575926 0.721875 0.565741 0.720833 0.565741 0.718750 0.559259 0.716667 0.556481 0.710938 0.555556 0.491667 0.001852 0.491146 0.009259 0.491667 0.013889 0.491667 0.017593 0.493229 0.024074 0.494792 0.025000 0.495833 0.028704 0.499479 0.031481 0.503125 0.031481 0.508854 0.029630 0.509896 0.027778 0.511979 0.025000 0.512500 0.022222 0.513542 0.019444
0 0.514583 0.012963 0.514583 0.005556 0.678646 0.572222 0.675000 0.580556 0.673958 0.587037 0.673958 0.595370 0.675521 0.600926 0.678646 0.607407 0.681771 0.609259 0.681771 0.610185 0.686458 0.610185 0.688021 0.609259 0.688542 0.609259 0.692708 0.602778 0.693750 0.600000 0.695312 0.591667 0.695312 0.584259 0.693750 0.579630 0.694271 0.576852 0.691667 0.570370 0.688021 0.567593 0.685938 0.566667 0.682813 0.569444
0 0.681771 0.568519 0.622396 0.632407 0.620313 0.638889 0.620833 0.640741 0.620833 0.644444 0.622917 0.652778 0.623438 0.653704 0.623958 0.655556 0.624479 0.655556 0.625000 0.657407 0.625521 0.659259 0.626562 0.657407 0.627083 0.660185 0.628125 0.658333 0.629167 0.659259 0.632292 0.656482 0.632812 0.654630 0.634896 0.652778 0.635938 0.650000 0.635417 0.648148 0.635938 0.646296 0.635417 0.644444 0.635417 0.640741 0.634375 0.637037 0.633854 0.637037 0.633333 0.633333
0 0.631250 0.631481 0.630729 0.629630 0.629687 0.628704 0.628646 0.629630 0.627604 0.628704 0.626042 0.630556 0.625000 0.629630 0.317708 0.037037 0.317708 0.037963 0.316667 0.040741 0.316146 0.042593 0.316667 0.046296 0.316667 0.047222 0.318750 0.056481 0.323958 0.061111 0.327083 0.058333 0.328125 0.056481 0.329688 0.054630 0.330729 0.048148 0.329167 0.045370 0.329688 0.042593 0.329167 0.039815 0.327604 0.039815 0.328125 0.037963 0.327083 0.037037 0.326042 0.034259 0.323958 0.033333 0.320833 0.035185 0.320312 0.035185 0.497917 0.195370 0.495833 0.200926
0 0.494792 0.200926 0.493750 0.206481 0.493750 0.209259 0.494792 0.212963 0.494792 0.214815 0.495833 0.215741 0.496875 0.220370 0.497917 0.222222 0.501562 0.225000 0.503646 0.225000 0.505208 0.224074 0.505729 0.225000 0.508333 0.223148 0.508854 0.220370 0.509896 0.220370 0.511458 0.216667 0.511979 0.213889 0.511979 0.209259 0.510417 0.205556 0.510938 0.202778 0.510417 0.200926 0.509896 0.200926 0.508333 0.196296 0.505729 0.193519 0.505208 0.193519 0.503646 0.192593 0.501562 0.192593 0.776563 0.127778 0.773958 0.134259 0.774479 0.136111 0.773438 0.141667 0.773958 0.142593 0.773438 0.144444 0.773958 0.146296 0.773958 0.147222 0.774479 0.151852 0.776563 0.153704 0.777083 0.155556
0 0.778125 0.156481 0.778646 0.156481 0.781771 0.157407 0.785417 0.154630 0.785937 0.152778 0.787500 0.151852 0.787500 0.150926 0.788542 0.149074 0.789583 0.146296 0.789062 0.144444 0.789583 0.137963 0.787500 0.128704 0.786979 0.128704 0.785937 0.125926 0.782812 0.124074 0.780729 0.125926 0.779688 0.125000 0.767708 0.243519 0.767187 0.245370 0.766146 0.246296 0.766146 0.247222 0.765104 0.248148 0.764583 0.250000 0.763542 0.253704 0.763542 0.256481 0.764583 0.259259 0.764063 0.260185 0.764583 0.262963 0.765104 0.262963 0.766146 0.266667 0.767187 0.267593
0 0.767708 0.269444 0.769271 0.272222 0.773958 0.275926 0.776042 0.275926 0.779167 0.274074 0.779688 0.272222 0.781771 0.270370 0.783333 0.264815 0.783333 0.262037 0.782292 0.261111 0.782812 0.259259 0.782292 0.257407 0.782812 0.255556 0.780729 0.250000 0.780208 0.248148 0.779688 0.246296 0.777604 0.243519 0.775000 0.241667 0.773958 0.241667 0.773438 0.241667 0.772396 0.242593 0.769792 0.241667 0.256250 0.145370 0.253125 0.148148 0.253125 0.149074 0.252604 0.150000 0.252083 0.153704
0 0.252083 0.154630 0.252083 0.161111 0.252083 0.162037 0.252604 0.162037 0.254167 0.166667 0.255729 0.168519 0.255729 0.169444 0.257292 0.170370 0.257292 0.171296 0.258854 0.172222 0.258854 0.173148 0.259375 0.173148 0.260417 0.173148 0.261979 0.172222 0.263021 0.172222 0.266667 0.169444 0.268750 0.163889 0.267708 0.162963 0.268750 0.161111 0.268229 0.159259 0.268229 0.155556 0.267188 0.150000 0.266667 0.150000 0.266146 0.148148 0.264062 0.148148 0.264583 0.145370 0.263021 0.145370 0.262500 0.143519 0.259375 0.142593 0.081250 0.609259 0.080729 0.611111 0.079687 0.612037 0.077604 0.616667 0.076563 0.624074
0 0.076563 0.625926 0.078646 0.635185 0.079167 0.635185 0.080208 0.637963 0.081250 0.639815 0.082813 0.642593 0.083854 0.640741 0.084896 0.641667 0.087500 0.642593 0.089062 0.640741 0.089583 0.641667 0.090104 0.641667 0.091146 0.639815 0.092188 0.638889 0.093229 0.637037 0.094792 0.634259 0.095833 0.626852 0.096354 0.624074 0.094792 0.621296 0.095833 0.619444 0.094792 0.614815
0 0.093750 0.613889 0.093229 0.611111 0.089062 0.607407 0.088542 0.608333 0.086979 0.607407 0.085938 0.608333 0.083333 0.607407 0.747917 0.516667 0.747396 0.517593 0.744792 0.520370 0.744271 0.523148 0.742708 0.526852 0.741667 0.537037 0.743750 0.544444 0.746354 0.549074 0.750521 0.552778 0.750521 0.553704 0.753125 0.553704 0.759896 0.548148 0.760417 0.545370 0.761979 0.536111 0.761458 0.531482 0.761458 0.528704 0.760938 0.526852 0.759375 0.521296 0.757812 0.519444 0.756771 0.517593 0.754687 0.515741 0.754167 0.515741
0 0.750521 0.513889 0.872917 0.518519 0.872396 0.521296 0.870313 0.522222 0.869792 0.523148 0.867708 0.526852 0.868229 0.527778 0.867708 0.530556 0.867708 0.531482 0.867188 0.536111 0.868750 0.541667 0.868750 0.543519 0.869271 0.543519 0.870833 0.548148 0.873958 0.550926 0.877604 0.547222 0.878125 0.548148 0.880208 0.546296 0.880729 0.544444 0.881771 0.542593 0.882292 0.540741 0.881771 0.538889 0.882292 0.535185 0.881250 0.534259 0.881771 0.532407 0.880208 0.525000 0.877604 0.522222 0.877083 0.520370 0.876562 0.520370 0.875521 0.519444 0.873438 0.519444
0 0.260417 0.063889 0.259896 0.066667 0.259375 0.066667 0.258333 0.071296 0.257812 0.072222 0.257292 0.076852 0.257812 0.078704 0.257292 0.080556 0.258854 0.086111 0.259375 0.086111 0.260938 0.090741 0.264062 0.093519 0.265104 0.093519 0.266146 0.093519 0.267188 0.092593 0.267708 0.094444 0.268229 0.091667 0.272917 0.087963 0.273438 0.086111 0.273958 0.086111 0.275000 0.078704 0.273438 0.075926
0 0.274479 0.074074 0.273438 0.069444 0.272396 0.068519 0.271354 0.064815 0.268229 0.061111 0.267708 0.062037 0.267188 0.060185 0.266146 0.061111 0.265104 0.061111 0.262500 0.062963 0.261458 0.062963 0.030208 0.756481 0.030208 0.758333 0.026563 0.761111 0.025000 0.764815 0.023958 0.770370 0.023958 0.774074 0.026563 0.787037 0.030208 0.793519 0.035417 0.799074 0.039062 0.797222 0.039583 0.797222 0.042188 0.795370 0.042708 0.796296 0.047917 0.787037
0 0.048958 0.779630 0.048958 0.776852 0.047396 0.773148 0.047917 0.771296 0.043229 0.757407 0.040625 0.753704 0.038542 0.753704 0.037500 0.754630 0.033333 0.753704 0.435417 0.077778 0.434896 0.078704 0.432813 0.082407 0.430729 0.089815 0.430729 0.094444 0.431250 0.097222 0.431250 0.098148 0.433333 0.105556 0.439063 0.110185 0.443750 0.111111 0.444271 0.109259 0.447917 0.106481 0.448438 0.104630
0 0.450000 0.102778 0.451042 0.098148 0.451042 0.091667 0.448438 0.081481 0.447917 0.081481 0.446875 0.078704 0.442708 0.075000 0.441667 0.075000 0.436458 0.077778 0.435937 0.077778 0.801562 0.290741 0.798958 0.297222 0.798958 0.298148 0.797917 0.303704 0.797917 0.306481 0.800000 0.314815 0.803125 0.319444 0.805729 0.321296 0.808333 0.322222 0.811458 0.320370 0.811979 0.317593 0.814583 0.314815 0.815104 0.312963 0.815625 0.309259 0.815625 0.304630 0.815104 0.302778 0.815625 0.300926 0.814062 0.295370 0.813021 0.295370 0.812500 0.292593 0.808854 0.288889 0.806771 0.288889
0 0.805729 0.289815 0.804688 0.288889 0.803646 0.290741 0.802604 0.289815 0.063542 0.303704 0.063021 0.305556 0.061458 0.306481 0.060938 0.307407 0.059896 0.309259 0.058854 0.310185 0.057813 0.317593 0.057813 0.318519 0.057292 0.321296 0.058333 0.324074 0.057813 0.325000 0.059375 0.329630 0.060938 0.332407 0.061458 0.334259 0.065625 0.337037 0.067708 0.337037 0.068750 0.337037 0.069792 0.336111
0 0.070833 0.337037 0.071875 0.336111 0.072396 0.334259 0.073437 0.333333 0.075521 0.327778 0.076042 0.323148 0.076563 0.320370 0.075521 0.317593 0.076042 0.315741 0.073958 0.310185 0.070833 0.305556 0.068229 0.302778 0.066146 0.303704 0.065104 0.302778 0.064062 0.303704 0.238021 0.116667 0.238021 0.118519 0.235417 0.121296 0.233333 0.126852 0.232812 0.128704 0.232812 0.131481 0.233333 0.133333 0.233333 0.135185 0.234375 0.139815
0 0.234896 0.139815 0.235938 0.142593 0.238542 0.147222 0.243229 0.149074 0.244271 0.149074 0.244792 0.149074 0.247396 0.148148 0.247917 0.145370 0.249479 0.144444 0.250000 0.142593 0.251563 0.141667 0.252604 0.136111 0.251563 0.134259 0.252083 0.131481 0.249479 0.120370 0.248437 0.119444 0.247917 0.116667 0.244792 0.114815 0.243750 0.114815 0.241667 0.115741 0.241146 0.115741 0.239063 0.116667 0.238542 0.116667 0.316667 0.698148 0.316667 0.699074 0.315625 0.700000 0.315625 0.700926 0.313542 0.704630
0 0.311979 0.711111 0.311979 0.715741 0.313021 0.718518 0.312500 0.719444 0.313542 0.725000 0.314583 0.725000 0.315104 0.726852 0.316667 0.730556 0.319792 0.731481 0.320833 0.730556 0.321875 0.730556 0.323438 0.729630 0.324479 0.729630 0.327083 0.727778 0.328125 0.724074 0.329167 0.723148 0.329688 0.721296 0.329688 0.720370 0.330208 0.719444 0.330729 0.716667 0.330208 0.714815 0.330729 0.712963 0.328125 0.702778 0.327083 0.701852 0.325521 0.697222 0.322396 0.695370 0.320833 0.695370 0.319792 0.697222 0.319271 0.695370
0 0.825000 0.356481 0.825000 0.358333 0.822917 0.359259 0.822917 0.361111 0.821875 0.362037 0.820312 0.364815 0.819792 0.369444 0.820312 0.372222 0.819792 0.373148 0.821354 0.379630 0.821354 0.380556 0.821875 0.382407 0.822917 0.383333 0.825000 0.387037 0.827083 0.387963 0.828125 0.387963 0.830208 0.387963 0.831250 0.387037 0.832292 0.387963 0.833854 0.387037 0.834375 0.384259 0.835938 0.383333 0.837500 0.379630 0.836979 0.375926 0.836979 0.374074 0.837500 0.371296 0.836458 0.369444 0.836979 0.367593
0 0.835938 0.362963 0.834375 0.362963 0.834896 0.360185 0.833854 0.358333 0.830729 0.356481 0.826042 0.355556 0.393229 0.812037 0.393229 0.812963 0.391667 0.814815 0.391667 0.815741 0.391146 0.816667 0.390104 0.820370 0.391146 0.823148 0.390625 0.825000 0.391667 0.829630 0.392708 0.829630 0.393229 0.832407 0.394271 0.833333 0.395312 0.836111 0.395833 0.836111 0.396875 0.835185 0.397917 0.836111 0.398958 0.835185 0.400000 0.835185 0.402604 0.833333 0.403125 0.831481 0.404167 0.829630 0.404687 0.825926 0.403646 0.824074 0.403646 0.822222 0.403646 0.820370 0.404167 0.818519 0.400521 0.811111 0.396875 0.809259 0.475521 0.215741 0.475000 0.216667
0 0.471875 0.220370 0.470833 0.225000 0.470833 0.231481 0.471354 0.234259 0.470833 0.235185 0.471875 0.236111 0.472917 0.241667 0.475521 0.244444 0.475521 0.245370 0.477604 0.246296 0.479167 0.247222 0.480208 0.246296 0.480729 0.246296 0.482292 0.245370 0.482812 0.246296 0.484896 0.245370 0.485417 0.242593 0.486458 0.241667 0.486979 0.239815 0.488542 0.236111 0.488021 0.233333 0.488021 0.228704 0.485417 0.219444 0.484896 0.219444 0.484375 0.216667 0.483333 0.215741 0.481771 0.214815
0 0.478646 0.213889 0.477604 0.214815 0.476562 0.213889 0.181771 0.964815 0.181250 0.965741 0.178646 0.968518 0.178125 0.972222 0.181250 0.983333 0.181771 0.984259 0.182292 0.986111 0.182812 0.987037 0.184375 0.988889 0.185937 0.989815 0.186458 0.989815 0.187500 0.989815 0.189063 0.988889 0.190104 0.988889 0.191146 0.987963 0.191667 0.986111 0.192188 0.987037 0.192188 0.985185 0.192708 0.985185 0.193229 0.983333 0.193229 0.979630 0.193750 0.977778 0.193750 0.974074 0.192188 0.968518 0.191146 0.968518 0.190625 0.967593 0.190104 0.965741 0.189583 0.963889 0.187500 0.962037 0.186979 0.962963 0.184896 0.962037
0 0.636458 0.271296 0.635938 0.272222 0.633854 0.274074 0.633333 0.275926 0.632812 0.275926 0.633333 0.276852 0.632292 0.282407 0.632812 0.285185 0.632812 0.287037 0.633854 0.291667 0.634375 0.291667 0.635417 0.295370 0.635938 0.295370 0.636458 0.297222 0.640625 0.300000 0.646875 0.294444 0.646875 0.291667 0.647396 0.290741 0.647917 0.288889 0.648438 0.286111 0.646354 0.282407 0.647396 0.280556 0.646354 0.275926 0.645312 0.275000 0.644792 0.272222 0.643229 0.272222 0.643750 0.270370 0.640625 0.268519 0.639583 0.268519 0.222917 0.923148 0.222396 0.925000 0.221354 0.925926 0.219792 0.929630
0 0.218750 0.935185 0.219271 0.938889 0.219271 0.940741 0.220833 0.947222 0.221354 0.948148 0.222396 0.951852 0.225000 0.955556 0.228125 0.957407 0.229167 0.956481 0.231771 0.956481 0.233333 0.955556 0.234375 0.953704 0.238021 0.949074 0.239583 0.944444 0.239063 0.942593 0.240104 0.936111 0.237500 0.926852 0.234896 0.922222 0.231250 0.919444 0.230208 0.920370 0.229167 0.919444 0.227604 0.921296 0.226562 0.920370 0.227604 0.539815
0 0.227604 0.540741 0.224479 0.544444 0.223958 0.546296 0.222917 0.551852 0.222917 0.552778 0.222917 0.554630 0.225000 0.562963 0.224479 0.563889 0.225000 0.566667 0.229687 0.570370 0.230729 0.569444 0.231250 0.570370 0.233854 0.568519 0.234375 0.568519 0.236458 0.567593 0.236979 0.565741 0.238542 0.562963 0.240104 0.553704 0.236979 0.543519 0.236458 0.542593 0.235938 0.540741 0.235417 0.540741 0.233854 0.540741 0.232292 0.539815 0.231771 0.539815 0.229167 0.538889 0.811979 0.415741 0.811458 0.418519 0.809375 0.419444 0.809375 0.420370
0 0.806250 0.424074 0.804688 0.433333 0.804688 0.437963 0.806771 0.446296 0.807813 0.447222 0.808333 0.450926 0.810417 0.453704 0.811979 0.455556 0.814062 0.455556 0.815625 0.454630 0.816667 0.454630 0.821875 0.450926 0.822396 0.449074 0.823438 0.448148 0.825000 0.444444 0.826042 0.437963 0.826042 0.433333 0.825521 0.431481 0.825521 0.426852 0.824479 0.420370 0.822396 0.417593 0.820312 0.416667 0.819792 0.414815 0.816146 0.414815 0.812500 0.416667 0.325000 0.297222 0.320833 0.310185 0.320833 0.312037 0.321354 0.315741 0.321354 0.316667 0.323958 0.324074 0.325521 0.326852 0.326562 0.325000 0.327604 0.325926 0.332292 0.327778
0 0.339583 0.321296 0.341146 0.317593 0.342187 0.312037 0.342187 0.307407 0.340625 0.300926 0.339063 0.299074 0.338542 0.296296 0.333333 0.292593 0.332292 0.292593 0.329688 0.294444 0.329167 0.294444 0.467187 0.006481 0.467187 0.007407 0.466146 0.008333 0.466146 0.009259 0.464583 0.011111 0.464063 0.012037 0.463021 0.012963 0.461979 0.016667 0.461458 0.025926 0.463021 0.034259 0.465104 0.036111 0.465104 0.037963 0.469271 0.041667 0.470833 0.040741 0.471354 0.040741 0.472917 0.039815 0.473437 0.040741 0.477083 0.037037 0.479688 0.030556 0.480729 0.024074 0.479688 0.021296 0.480208 0.019444
0 0.478646 0.014815 0.478125 0.014815 0.477604 0.012037 0.475521 0.009259 0.475000 0.007407 0.471875 0.005556 0.469792 0.007407 0.469271 0.005556 0.468229 0.006481 0.863021 0.260185 0.859896 0.262963 0.859375 0.265741 0.858854 0.266667 0.857813 0.271296 0.857813 0.274074 0.858333 0.276852 0.858333 0.277778 0.859896 0.284259 0.860417 0.284259 0.861458 0.287037 0.863021 0.289815 0.863542 0.291667 0.866667 0.293519
0 0.869271 0.291667 0.869792 0.291667 0.873438 0.288889 0.875000 0.285185 0.876042 0.280556 0.876042 0.274074 0.873958 0.267593 0.873438 0.265741 0.871354 0.261111 0.870313 0.261111 0.869792 0.259259 0.866667 0.257407 0.657812 0.172222 0.657292 0.174074 0.656250 0.175000 0.656250 0.175926 0.655729 0.176852 0.655208 0.177778 0.655729 0.178704 0.654688 0.184259 0.655208 0.185185 0.654688 0.186111 0.656771 0.194444
0 0.657292 0.194444 0.657812 0.196296 0.658854 0.200000 0.659896 0.198148 0.663021 0.199074 0.664062 0.198148 0.664062 0.200000 0.664583 0.199074 0.665625 0.197222 0.666667 0.196296 0.667188 0.194444 0.667708 0.194444 0.667708 0.193519 0.668750 0.191667 0.669792 0.188889 0.669271 0.187037 0.669792 0.183333 0.668229 0.178704 0.668750 0.176852 0.667708 0.174074 0.666667 0.174074 0.666146 0.172222 0.663542 0.170370 0.663021 0.170370 0.661979 0.169444 0.660937 0.171296
0 0.659896 0.170370 0.310937 0.323148 0.310417 0.324074 0.306771 0.327778 0.306250 0.328704 0.305208 0.330556 0.304688 0.331481 0.303646 0.332407 0.302083 0.341667 0.303125 0.346296 0.304167 0.347222 0.304688 0.349074 0.306771 0.351852 0.307292 0.353704 0.311458 0.356481 0.314583 0.353704 0.315625 0.353704 0.318229 0.351852 0.318750 0.350000 0.319792 0.348148 0.320833 0.342593 0.319792 0.340741 0.320312 0.337963 0.318750 0.331481 0.317708 0.331481 0.317708 0.328704 0.316667 0.328704 0.315625 0.325926 0.311979 0.323148 0.311458 0.324074 0.325000 0.954630 0.324479 0.955556 0.323958 0.958333
0 0.323438 0.959259 0.322917 0.962037 0.322917 0.962963 0.322917 0.966667 0.324479 0.973148 0.325000 0.974074 0.326042 0.977778 0.327604 0.980556 0.328646 0.978704 0.330208 0.979630 0.335417 0.975926 0.335938 0.975000 0.336979 0.973148 0.338021 0.969444 0.336979 0.968518 0.338021 0.966667 0.336979 0.965741 0.337500 0.962963 0.336458 0.962037 0.337500 0.961111 0.336979 0.960185 0.336458 0.958333 0.335417 0.953704 0.332292 0.951852 0.331771 0.952778 0.331250 0.950926 0.329167 0.952778 0.328646 0.952778 0.326562 0.953704 0.326042 0.953704 0.863021 0.451852 0.862500 0.453704
0 0.861458 0.454630 0.861458 0.455556 0.860417 0.456481 0.859896 0.458333 0.858854 0.460185 0.858333 0.463889 0.858854 0.465741 0.858333 0.467593 0.860417 0.475000 0.860937 0.475926 0.861458 0.477778 0.861979 0.477778 0.862500 0.478704 0.864062 0.480556 0.865104 0.479630 0.865625 0.479630 0.866667 0.479630 0.867188 0.479630 0.870833 0.476852 0.871354 0.475926 0.872396 0.474074 0.873438 0.469444
0 0.872396 0.468519 0.873438 0.466667 0.871354 0.462963 0.872396 0.460185 0.871875 0.460185 0.871354 0.458333 0.870313 0.457407 0.869792 0.456481 0.869271 0.455556 0.868750 0.453704 0.866146 0.451852 0.865625 0.451852 0.863542 0.451852 0.297917 0.101852 0.297917 0.102778 0.295833 0.104630 0.295833 0.105556 0.294271 0.107407 0.293750 0.109259 0.291667 0.118519 0.292188 0.120370 0.292188 0.121296 0.294271 0.131481 0.296354 0.134259 0.298958 0.136111 0.300521 0.137037 0.304167 0.133333 0.305208 0.134259 0.306250 0.133333 0.307292 0.128704 0.307813 0.128704 0.308333 0.124074 0.308854 0.124074 0.309896 0.119444
0 0.309375 0.117593 0.309375 0.112963 0.307813 0.105556 0.305729 0.101852 0.303646 0.100926 0.301042 0.100000 0.300000 0.101852 0.298958 0.100926 0.013542 0.422222 0.012500 0.426852 0.011979 0.426852 0.011458 0.431481 0.011458 0.432407 0.011458 0.433333 0.011979 0.436111 0.011979 0.437963 0.012500 0.441667 0.013542 0.441667 0.014062 0.444444 0.014583 0.445370 0.015104 0.446296 0.018750 0.449074 0.019271 0.449074 0.019792 0.449074 0.026563 0.443519 0.027604 0.438889 0.028125 0.438889 0.028646 0.434259 0.026042 0.423148 0.025521 0.423148 0.025000 0.420370 0.020833 0.417593 0.017708 0.419444 0.017188 0.419444
0 0.843750 0.294444 0.842708 0.297222 0.840625 0.307407 0.840625 0.309259 0.841667 0.312037 0.841146 0.313889 0.842708 0.318519 0.843229 0.319444 0.843750 0.322222 0.844792 0.323148 0.846354 0.324074 0.846875 0.324074 0.851562 0.325926 0.854688 0.324074 0.855208 0.321296 0.857292 0.320370 0.858333 0.318519 0.858854 0.312037 0.858854 0.309259 0.858333 0.307407 0.858854 0.303704 0.857813 0.300926 0.857292 0.300926 0.856250 0.296296 0.855729 0.296296 0.855208 0.294444 0.854167 0.292593 0.851042 0.290741
0 0.850000 0.291667 0.848958 0.290741 0.847396 0.293519 0.846875 0.291667 0.122396 0.490741 0.117708 0.495370 0.115104 0.502778 0.114063 0.509259 0.115104 0.512037 0.114583 0.513889 0.117708 0.523148 0.119271 0.525926 0.126042 0.529630 0.133333 0.522222 0.135937 0.512037 0.135937 0.505556 0.133854 0.496296 0.132812 0.496296 0.131771 0.492593 0.129688 0.490741 0.125000 0.488889 0.005729 0.544444 0.002604 0.547222 0.002083 0.548148 0.001042 0.549074 0.001042 0.574074 0.001042 0.576852 0.004167 0.581481 0.007292 0.583333 0.013021 0.583333 0.019271 0.579630 0.020312 0.575926
0 0.022917 0.565741 0.020833 0.556481 0.020312 0.556481 0.018750 0.551852 0.018229 0.550000 0.017708 0.547222 0.012500 0.544444 0.013021 0.542593 0.008854 0.541667 0.834375 0.482407 0.834375 0.484259 0.833854 0.484259 0.832812 0.488889 0.833333 0.489815 0.832812 0.492593 0.833854 0.497222 0.833854 0.498148 0.834375 0.500000 0.835938 0.502778 0.836458 0.504630 0.836979 0.504630 0.836979 0.505556 0.837500 0.507407 0.838542 0.505556 0.841146 0.507407 0.841667 0.507407 0.842188 0.505556 0.843750 0.504630 0.844271 0.501852 0.844792 0.501852 0.845312 0.500926 0.845833 0.500000
0 0.846875 0.498148 0.845833 0.497222 0.845833 0.495370 0.845833 0.493519 0.846354 0.491667 0.844792 0.484259 0.843750 0.484259 0.842708 0.481481 0.842188 0.481481 0.840625 0.481481 0.839063 0.480556 0.837500 0.482407 0.836979 0.480556 0.778646 0.717593 0.778125 0.718518 0.776563 0.719444 0.776563 0.721296 0.775521 0.722222 0.774479 0.726852 0.774479 0.727778 0.774479 0.731481 0.776563 0.739815 0.780208 0.744444 0.780729 0.744444 0.783854 0.745370 0.784896 0.744444 0.785937 0.744444 0.788021 0.741667 0.788542 0.737963 0.789583 0.737037
0 0.789062 0.735185 0.790104 0.731481 0.789062 0.730556 0.790104 0.728704 0.788542 0.725000 0.788021 0.723148 0.787500 0.720370 0.786458 0.719444 0.785417 0.717593 0.783854 0.716667 0.783333 0.716667 0.781771 0.715741 0.780729 0.716667 0.779688 0.715741 0.160938 0.379630 0.160417 0.380556 0.156250 0.385185 0.155208 0.388889 0.154167 0.393519 0.154167 0.395370 0.154687 0.397222 0.154687 0.401852 0.155208 0.402778 0.156771 0.407407 0.158854 0.410185 0.159375 0.411111 0.160938 0.412037
0 0.161979 0.412037 0.163542 0.411111 0.164062 0.411111 0.166146 0.410185 0.166667 0.410185 0.169271 0.409259 0.169792 0.406481 0.170833 0.405556 0.171354 0.403704 0.171875 0.397222 0.172396 0.394444 0.170833 0.386111 0.169792 0.386111 0.169271 0.384259 0.168229 0.382407 0.164583 0.379630 0.161458 0.380556 0.544792 0.982407 0.545313 0.982407 0.544271 0.984259 0.543229 0.988889 0.543750 0.990741 0.543750 0.991667 0.544271 0.993519 0.543750 0.995370 0.556250 0.998148 0.556250 0.996296
0 0.556771 0.993519 0.555208 0.990741 0.556250 0.988889 0.555208 0.985185 0.554167 0.984259 0.553646 0.982407 0.553125 0.981481 0.552604 0.979630 0.552083 0.981481 0.551562 0.979630 0.550521 0.981481 0.550000 0.979630 0.548958 0.980556 0.548437 0.980556 0.546875 0.981481 0.545833 0.980556 0.563021 0.000000 0.563542 0.000000 0.564062 0.000000 0.566146 0.000926 0.568229 0.000000 0.569271 0.000000 0.138542 0.212037 0.138021 0.213889 0.136458 0.214815 0.136458 0.216667 0.135937 0.216667 0.135417 0.220370
0 0.135937 0.222222 0.135417 0.224074 0.135937 0.226852 0.136979 0.227778 0.138021 0.231481 0.138542 0.231481 0.138542 0.232407 0.141146 0.236111 0.142188 0.234259 0.142708 0.235185 0.144271 0.234259 0.144792 0.234259 0.146875 0.233333 0.147396 0.232407 0.148438 0.230556 0.148958 0.228704 0.149479 0.228704 0.150521 0.223148 0.148438 0.216667 0.148958 0.215741 0.148958 0.214815 0.147396 0.214815 0.147917 0.212963 0.144271 0.210185 0.143750 0.210185 0.141667 0.209259 0.356771 0.656482 0.354167 0.662037 0.353646 0.662963
0 0.352083 0.667593 0.352083 0.672222 0.352604 0.674074 0.352604 0.675000 0.353125 0.677778 0.353646 0.678704 0.354688 0.682407 0.356771 0.685185 0.358333 0.687037 0.358333 0.687963 0.360938 0.687963 0.361979 0.687037 0.362500 0.687963 0.365104 0.685185 0.365104 0.687037 0.365625 0.685185 0.366667 0.684259 0.367188 0.682407 0.367708 0.682407 0.368750 0.680556 0.369792 0.675000
0 0.369792 0.672222 0.368229 0.670370 0.369271 0.668519 0.367188 0.660185 0.366667 0.660185 0.366146 0.657407 0.365104 0.655556 0.359375 0.654630 0.447917 0.622222 0.448438 0.622222 0.447396 0.623148 0.446875 0.624074 0.445833 0.625000 0.445833 0.626852 0.444792 0.626852 0.444792 0.628704 0.442708 0.631481 0.442708 0.634259 0.442708 0.637963 0.442708 0.639815 0.444792 0.648148 0.445312 0.649074 0.445833 0.650926 0.447396 0.654630 0.448438 0.652778 0.450000 0.654630 0.452083 0.654630 0.453125 0.653704 0.455729 0.654630 0.457292 0.652778 0.457812 0.650926
0 0.458854 0.650000 0.461979 0.641667 0.461979 0.637037 0.460938 0.636111 0.461458 0.634259 0.459896 0.628704 0.459375 0.626852 0.458854 0.625000 0.456771 0.622222 0.448958 0.620370 0.413542 0.937037 0.413021 0.938889 0.412500 0.939815 0.411979 0.940741 0.411458 0.941667 0.410937 0.943519 0.410417 0.944444 0.409896 0.950000 0.409896 0.950926 0.409375 0.951852 0.409896 0.953704 0.409896 0.955556 0.410417 0.958333 0.411458 0.958333 0.412500 0.962963 0.416667 0.965741
0 0.417188 0.965741 0.417708 0.965741 0.418750 0.965741 0.419271 0.965741 0.421875 0.964815 0.422396 0.962037 0.423958 0.961111 0.424479 0.959259 0.425521 0.958333 0.425000 0.956481 0.425521 0.952778 0.424479 0.950926 0.425000 0.948148 0.422396 0.939815 0.421875 0.937963 0.420833 0.936111 0.420312 0.936111 0.419271 0.936111 0.418750 0.937037 0.417708 0.936111 0.416667 0.937963 0.416146 0.936111 0.414583 0.937037 0.414062 0.937037 0.234375 0.279630 0.234375 0.280556 0.230208 0.285185 0.228646 0.290741 0.229167 0.301852 0.231771 0.312963 0.234375 0.317593 0.236458 0.318519 0.238021 0.319444 0.239063 0.317593 0.240104 0.318519 0.243750 0.314815 0.244271 0.316667 0.244792 0.314815
0 0.247396 0.311111 0.249479 0.305556 0.250000 0.300000 0.250521 0.297222 0.249479 0.294444 0.250000 0.292593 0.248437 0.286111 0.244271 0.278704 0.242188 0.277778 0.238021 0.279630 0.237500 0.277778 0.236458 0.279630 0.235938 0.277778 0.822917 0.213889 0.822396 0.215741 0.820833 0.217593 0.819792 0.220370 0.819792 0.221296 0.819271 0.224074 0.819792 0.225000 0.819271 0.225926 0.819792 0.227778 0.819792 0.229630 0.820833 0.235185 0.821875 0.236111 0.822396 0.237963 0.822917 0.237963 0.823438 0.238889 0.825521 0.243519 0.826563 0.241667 0.828646 0.242593
0 0.829687 0.241667 0.830208 0.242593 0.831771 0.241667 0.832292 0.241667 0.834896 0.237963 0.834896 0.234259 0.835417 0.232407 0.835938 0.225926 0.834375 0.218519 0.832812 0.218519 0.833333 0.216667 0.831771 0.215741 0.830729 0.213889 0.829167 0.212037 0.828646 0.212963 0.826042 0.211111 0.542708 0.513889 0.542188 0.515741 0.541146 0.515741 0.541146 0.517593 0.540625 0.517593 0.539583 0.522222 0.540104 0.524074 0.540104 0.527778 0.540625 0.530556 0.541667 0.530556 0.542188 0.535185 0.543229 0.535185 0.544271 0.538889
0 0.544792 0.539815 0.545313 0.540741 0.547396 0.542593 0.548437 0.541667 0.548958 0.541667 0.553125 0.538889 0.553646 0.537037 0.554167 0.537037 0.554688 0.535185 0.555208 0.535185 0.555729 0.532407 0.554688 0.531482 0.555729 0.530556 0.555208 0.528704 0.555729 0.526852 0.554688 0.525926 0.555208 0.524074 0.554688 0.520370 0.553646 0.519444 0.552604 0.515741 0.551042 0.513889 0.550521 0.512037 0.547396 0.511111 0.545833 0.512963 0.545313 0.511111 0.129167 0.571296 0.128646 0.572222 0.127083 0.574074 0.127083 0.575000 0.126042 0.575926 0.125000 0.581481 0.125521 0.582407 0.125000 0.585185 0.127083 0.593518
0 0.127604 0.594444 0.128646 0.596296 0.130208 0.597222 0.130729 0.597222 0.131771 0.598148 0.132812 0.596296 0.133854 0.597222 0.137500 0.594444 0.138021 0.592593 0.139062 0.591667 0.139583 0.589815 0.140625 0.587963 0.140625 0.586111 0.141146 0.584259 0.141146 0.580556 0.139062 0.574074 0.138542 0.572222 0.137500 0.569444 0.135937 0.568519 0.135417 0.570370 0.134896 0.568519 0.133854 0.569444 0.132812 0.568519 0.131771 0.570370 0.130729 0.569444 0.623438 0.463889 0.622917 0.465741 0.621875 0.467593 0.620833 0.473148 0.621354 0.474074 0.620833 0.476852 0.620833 0.477778 0.620833 0.478704 0.623438 0.489815 0.623958 0.489815 0.624479 0.490741 0.625000 0.493519
0 0.626042 0.491667 0.629167 0.492593 0.632292 0.490741 0.632812 0.488889 0.633854 0.487963 0.634375 0.486111 0.635417 0.484259 0.635938 0.482407 0.635417 0.480556 0.635938 0.478704 0.634375 0.476852 0.635417 0.475000 0.634375 0.472222 0.633854 0.470370 0.632812 0.466667 0.628646 0.462963 0.628125 0.463889 0.625000 0.462963 0.609896 0.330556 0.609896 0.332407 0.608333 0.333333 0.608333 0.335185 0.606771 0.336111 0.606250 0.337037 0.606771 0.337963 0.606250 0.341667 0.606771 0.343519 0.606771 0.345370 0.607292 0.348148
0 0.608333 0.349074 0.608854 0.352778 0.609896 0.352778 0.609896 0.353704 0.611458 0.355556 0.611458 0.356481 0.613021 0.354630 0.614062 0.355556 0.618750 0.351852 0.619792 0.347222 0.619271 0.345370 0.619792 0.342593 0.618229 0.335185 0.616667 0.335185 0.617188 0.333333 0.616146 0.332407 0.615104 0.330556 0.613542 0.328704 0.613021 0.330556 0.612500 0.328704 0.704167 0.130556 0.703646 0.131481 0.702083 0.133333 0.702083 0.134259 0.700000 0.137037 0.700000 0.137963
0 0.699479 0.140741 0.699479 0.145370 0.700000 0.147222 0.700000 0.149074 0.701042 0.153704 0.701563 0.154630 0.703646 0.158333 0.706250 0.162037 0.707812 0.162037 0.710417 0.162963 0.711458 0.162963 0.711979 0.162963 0.714583 0.161111 0.717188 0.153704 0.718229 0.150000 0.718229 0.147222 0.716667 0.145370 0.717708 0.143519 0.715625 0.136111 0.711979 0.129630 0.707292 0.128704 0.706250 0.129630 0.705208 0.129630 0.720833 0.312037 0.721354 0.312037 0.720312 0.312963 0.719792 0.314815 0.718229 0.321296 0.717708 0.323148 0.717708 0.327778 0.718229 0.330556 0.718229 0.332407
0 0.718750 0.334259 0.719271 0.335185 0.720312 0.338889 0.721354 0.339815 0.723958 0.342593 0.724479 0.343519 0.726562 0.343519 0.728125 0.342593 0.729167 0.342593 0.730729 0.341667 0.731250 0.339815 0.732292 0.338889 0.733333 0.337037 0.734896 0.336111 0.734896 0.335185 0.735417 0.333333 0.735937 0.326852
0 0.734896 0.325000 0.735417 0.322222 0.734375 0.317593 0.733333 0.317593 0.732813 0.313889 0.730729 0.311111 0.728125 0.309259 0.727083 0.309259 0.725521 0.310185 0.724479 0.309259 0.722917 0.311111 0.721875 0.310185 0.199479 0.453704 0.198958 0.454630 0.195833 0.460185 0.194792 0.466667 0.194792 0.471296 0.195312 0.475000 0.195312 0.476852 0.195833 0.478704 0.196354 0.479630 0.197396 0.482407
0 0.197917 0.482407 0.198437 0.484259 0.202604 0.487037 0.204688 0.487037 0.206250 0.486111 0.207292 0.487037 0.209896 0.485185 0.210417 0.482407 0.211458 0.481481 0.213021 0.475000 0.213542 0.472222 0.211979 0.469444 0.212500 0.466667 0.210417 0.462037 0.211458 0.460185 0.210938 0.457407 0.209896 0.456481 0.208333 0.451852 0.204688 0.451852 0.202083 0.453704 0.201562 0.451852 0.620833 0.825000 0.620833 0.826852 0.618750 0.827778 0.618750 0.829630 0.617708 0.830556 0.617188 0.833333 0.617188 0.834259 0.617188 0.835185 0.617708 0.837037 0.617188 0.838889 0.618229 0.841667 0.618750 0.841667 0.619792 0.845370 0.621875 0.847222 0.622396 0.847222
0 0.623958 0.848148 0.624479 0.848148 0.625000 0.848148 0.626042 0.847222 0.626562 0.848148 0.627083 0.846296 0.627604 0.846296 0.628125 0.844444 0.628646 0.844444 0.629687 0.839815 0.629167 0.837963 0.629687 0.836111 0.628646 0.835185 0.629167 0.833333 0.628646 0.831481 0.629167 0.829630 0.627083 0.828704 0.626562 0.826852 0.625000 0.825000 0.624479 0.825926 0.622396 0.825000 0.621875 0.825926 0.603646 0.468519 0.603646 0.470370 0.601562 0.473148 0.600000 0.477778 0.599479 0.477778 0.598958 0.483333 0.599479 0.485185 0.599479 0.486111 0.601042 0.493519
0 0.602083 0.494444 0.602604 0.496296 0.603125 0.497222 0.604167 0.500000 0.605208 0.500926 0.605729 0.500926 0.606250 0.501852 0.607292 0.500000 0.608333 0.500926 0.609375 0.500000 0.609896 0.500926 0.612500 0.499074 0.613021 0.497222 0.613542 0.497222 0.614062 0.494444 0.614583 0.494444 0.615625 0.492593 0.616667 0.491667 0.616146 0.489815 0.616667 0.487963 0.615625 0.487037 0.616667 0.485185 0.615625 0.484259 0.615625 0.482407 0.616146 0.480556 0.615104 0.480556 0.614062 0.475000 0.612500 0.475000 0.613021 0.473148 0.608333 0.469444
0 0.607813 0.469444 0.605208 0.468519 0.604688 0.469444 0.554688 0.619444 0.554688 0.620370 0.552083 0.622222 0.552083 0.624074 0.550521 0.625926 0.550521 0.627778 0.550521 0.628704 0.550000 0.631481 0.551042 0.634259 0.550521 0.635185 0.552083 0.641667 0.553125 0.642593 0.553646 0.644444 0.554688 0.645370 0.555729 0.644444 0.556771 0.645370 0.558333 0.643519 0.559375 0.644444 0.561458 0.642593 0.561979 0.640741 0.562500 0.640741 0.563542 0.635185 0.563021 0.633333 0.563021 0.629630 0.561458 0.624074 0.560938 0.623148 0.560417 0.621296 0.556771 0.618519 0.556250 0.618519 0.555729 0.618519 0.626042 0.200000 0.623438 0.201852 0.621354 0.212963 0.621875 0.214815 0.621354 0.216667 0.622917 0.222222
0 0.623958 0.222222 0.624479 0.226852 0.626042 0.227778 0.626562 0.228704 0.629687 0.231481 0.632292 0.229630 0.632812 0.229630 0.636458 0.227778 0.636979 0.225000 0.637500 0.225000 0.638021 0.218519 0.638542 0.216667 0.638542 0.212963 0.637500 0.210185 0.638021 0.208333 0.637500 0.207407 0.636979 0.205556 0.635417 0.201852 0.633333 0.200000 0.632812 0.200000 0.631250 0.200000 0.630729 0.198148 0.630208 0.198148 0.628646 0.198148 0.685938 0.428704 0.685417 0.429630 0.684375 0.430556 0.683854 0.432407 0.682813 0.434259 0.682292 0.436111 0.682813 0.437037 0.682292 0.439815 0.682292 0.440741
0 0.682292 0.441667 0.682813 0.443519 0.683333 0.444444 0.684375 0.449074 0.686979 0.450926 0.686979 0.451852 0.688542 0.453704 0.689062 0.453704 0.692187 0.454630 0.695312 0.452778 0.695833 0.450000 0.698438 0.448148 0.698958 0.444444 0.697917 0.441667 0.698438 0.439815 0.696875 0.432407 0.695833 0.431481 0.694792 0.428704 0.693229 0.427778 0.692708 0.428704 0.691146 0.426852 0.690625 0.427778 0.689062 0.426852 0.687500 0.427778 0.686979 0.427778 0.019271 0.934259 0.019271 0.936111 0.017188 0.937037 0.014583 0.943519 0.013542 0.950926 0.014583 0.954630 0.014062 0.956481
0 0.014583 0.958333 0.015625 0.958333 0.016667 0.962963 0.019792 0.966667 0.020833 0.969444 0.022917 0.970370 0.023958 0.969444 0.026563 0.970370 0.027604 0.969444 0.028646 0.969444 0.030729 0.966667 0.031250 0.964815 0.031771 0.964815 0.032812 0.962963 0.034375 0.960185 0.034896 0.956481 0.034375 0.951852 0.034896 0.948148 0.033333 0.941667 0.032292 0.940741 0.031771 0.938889 0.031250 0.938889 0.029687 0.935185 0.027083 0.932407 0.022917 0.932407 0.021354 0.935185 0.020833 0.933333
0 0.840625 0.075000 0.840625 0.075926 0.839583 0.076852 0.839583 0.077778 0.839063 0.078704 0.838021 0.082407 0.838542 0.084259 0.838542 0.087963 0.839063 0.090741 0.839583 0.091667 0.840625 0.094444 0.841146 0.095370 0.841667 0.096296 0.845833 0.099074 0.849479 0.096296 0.850000 0.094444 0.851042 0.094444 0.851042 0.093519 0.852083 0.091667 0.852604 0.089815 0.852083 0.087963 0.852604 0.084259 0.851042 0.077778 0.849479 0.077778 0.850000 0.075926 0.848958 0.075926 0.847917 0.073148 0.847396 0.074074 0.845833 0.073148 0.844792 0.074074 0.843750 0.073148 0.842708 0.074074
0 0.841667 0.074074 0.002083 0.350926 0.000000 0.385185 0.002604 0.387037 0.005729 0.387963 0.012500 0.384259 0.015625 0.375926 0.016146 0.369444 0.015104 0.364815 0.015625 0.362963 0.014583 0.361111 0.015104 0.358333 0.013021 0.350926 0.009896 0.349074 0.004688 0.349074 0.480729 0.147222 0.480729 0.148148 0.478646 0.152778 0.478125 0.156481 0.478125 0.157407 0.478125 0.159259 0.478646 0.161111 0.478125 0.162037 0.479688 0.167593 0.480208 0.168519 0.480729 0.170370 0.481771 0.171296 0.483854 0.175000 0.486979 0.175926 0.490104 0.173148 0.491146 0.171296 0.492188 0.170370 0.492708 0.169444
0 0.493750 0.167593 0.494792 0.162963 0.494271 0.161111 0.494792 0.158333 0.492708 0.153704 0.493750 0.151852 0.492708 0.150926 0.492188 0.149074 0.491667 0.149074 0.491146 0.145370 0.489062 0.144444 0.488542 0.144444 0.487500 0.143519 0.486458 0.144444 0.485938 0.144444 0.482812 0.147222 0.481771 0.146296 0.515104 0.373148 0.514583 0.374074 0.510417 0.381481 0.509375 0.385185 0.509896 0.393519 0.509896 0.394444 0.510938 0.399074 0.510938 0.400926 0.511458 0.400926 0.513021 0.407407 0.514063 0.408333 0.515625 0.412963 0.519271 0.415741 0.526042 0.411111 0.528646 0.404630 0.530208 0.401852 0.530729 0.391667 0.529688 0.386111 0.530208 0.384259 0.527604 0.377778 0.526042 0.375926 0.525000 0.374074 0.522917 0.372222
0 0.520833 0.373148 0.516667 0.371296 0.428125 0.884259 0.428125 0.886111 0.427604 0.886111 0.426042 0.894444 0.426562 0.897222 0.426562 0.899074 0.427083 0.900926 0.426562 0.901852 0.427083 0.903704 0.428125 0.904630 0.429167 0.908333 0.429688 0.909259 0.430729 0.911111 0.432813 0.912963 0.433854 0.912037 0.434896 0.912963 0.439583 0.909259 0.440104 0.907407 0.442187 0.905556 0.442187 0.902778 0.442708 0.900000 0.443229 0.895370 0.441667 0.888889 0.439583 0.887037 0.439063 0.885185 0.434896 0.881481 0.433333 0.882407
0 0.432813 0.882407 0.431771 0.882407 0.431250 0.882407 0.143750 0.412037 0.140625 0.414815 0.138542 0.420370 0.138021 0.423148 0.137500 0.423148 0.137500 0.424074 0.136979 0.430556 0.139062 0.439815 0.140104 0.440741 0.140625 0.442593 0.141146 0.445370 0.141667 0.443519 0.144271 0.446296 0.145313 0.444444 0.146354 0.444444 0.147917 0.443519 0.148438 0.444444 0.148958 0.444444 0.149479 0.441667 0.154167 0.437963 0.155208 0.435185 0.155729 0.432407 0.155729 0.423148 0.154687 0.417593 0.152604 0.413889 0.152083 0.411111 0.147396 0.409259 0.029687 0.884259 0.029167 0.886111 0.027083 0.887037
0 0.027083 0.888889 0.025521 0.889815 0.023958 0.893519 0.024479 0.894444 0.023438 0.901852 0.023958 0.905556 0.023958 0.906482 0.025000 0.911111 0.026042 0.912037 0.026563 0.914815 0.031250 0.918519 0.032292 0.917593 0.033333 0.918519 0.035417 0.916667 0.036458 0.916667 0.038021 0.915741 0.038542 0.913889 0.039583 0.912963 0.041667 0.908333 0.042188 0.901852 0.040104 0.891667 0.039062 0.891667 0.038542 0.889815 0.038021 0.887963 0.033333 0.884259 0.030208 0.885185 0.259375 0.262963
0 0.258854 0.264815 0.256771 0.266667 0.256250 0.267593 0.255208 0.269444 0.254687 0.271296 0.254687 0.273148 0.254687 0.278704 0.256250 0.285185 0.256771 0.286111 0.258333 0.290741 0.259375 0.291667 0.259896 0.292593 0.260417 0.292593 0.260938 0.292593 0.261979 0.292593 0.262500 0.292593 0.264583 0.290741 0.265104 0.291667 0.267708 0.289815 0.268229 0.287963 0.269792 0.286111 0.270833 0.281481 0.270312 0.279630 0.270833 0.277778 0.269792 0.276852 0.270312 0.275000 0.269271 0.272222 0.268750 0.270370 0.266667 0.266667 0.263021 0.264815 0.263542 0.262963 0.262500 0.262963 0.261979 0.262963 0.260417 0.262037
0 0.202083 0.889815 0.201562 0.891667 0.200000 0.892593 0.197917 0.898148 0.196875 0.899074 0.195833 0.905556 0.195833 0.912037 0.196354 0.914815 0.195833 0.915741 0.197396 0.921296 0.198437 0.922222 0.198437 0.924074 0.201042 0.927778 0.205208 0.929630 0.208333 0.928704 0.209375 0.929630 0.217187 0.921296 0.218750 0.917593 0.219792 0.905556 0.218750 0.902778 0.219792 0.900926 0.217187 0.892593 0.210417 0.887963 0.208333 0.887037 0.206250 0.888889 0.205208 0.888889 0.203646 0.889815 0.202604 0.889815 0.382812 0.933333 0.381771 0.937963 0.381250 0.938889 0.381250 0.939815 0.381250 0.943519 0.380729 0.947222 0.382292 0.954630 0.383854 0.956481 0.385417 0.958333 0.387500 0.960185
0 0.388021 0.960185 0.389583 0.960185 0.394792 0.956481 0.395312 0.954630 0.396875 0.953704 0.396875 0.950000 0.397396 0.948148 0.397396 0.944444 0.395312 0.937037 0.393229 0.934259 0.392188 0.932407 0.390625 0.930556 0.390104 0.931481 0.389062 0.930556 0.388542 0.931481 0.387500 0.931481 0.385938 0.933333 0.385417 0.931481 0.157292 0.943519 0.156771 0.945370 0.155729 0.945370 0.155729 0.947222 0.154687 0.948148 0.154687 0.949074 0.154167 0.950000
0 0.153125 0.954630 0.153646 0.958333 0.153646 0.959259 0.155729 0.967593 0.156250 0.968518 0.156771 0.969444 0.159375 0.971296 0.161458 0.970370 0.161979 0.970370 0.165625 0.968518 0.166146 0.965741 0.168229 0.962037 0.168229 0.960185 0.169271 0.960185 0.168750 0.958333 0.169271 0.956481 0.166667 0.948148 0.166146 0.946296 0.165625 0.944444 0.165104 0.945370 0.164583 0.943519 0.164062 0.943519 0.162500 0.942593 0.161979 0.942593 0.158854 0.941667 0.474479 0.944444 0.471354 0.947222 0.469792 0.950926 0.470313 0.951852 0.469271 0.955556 0.469271 0.960185 0.470313 0.962963 0.472396 0.967593 0.474479 0.971296 0.480729 0.970370 0.485417 0.966667 0.488021 0.962037 0.488542 0.954630 0.486979 0.945370
0 0.485938 0.944444 0.481771 0.941667 0.479167 0.941667 0.478646 0.942593 0.477604 0.941667 0.727083 0.252778 0.727604 0.252778 0.722396 0.257407 0.721354 0.261111 0.721875 0.262037 0.721354 0.264815 0.721875 0.266667 0.721354 0.268519 0.722917 0.274074 0.723437 0.275000 0.723958 0.276852 0.725000 0.276852 0.725000 0.278704 0.726042 0.279630 0.726042 0.280556 0.728125 0.282407 0.731250 0.280556 0.731771 0.277778 0.734375 0.275926 0.735417 0.271296 0.734375 0.270370 0.735417 0.268519 0.734896 0.266667 0.734896 0.262963 0.733333 0.257407 0.732813 0.256481 0.732292 0.254630 0.731250 0.254630 0.730729 0.252778
0 0.729167 0.251852 0.728125 0.250926 0.520833 0.778704 0.517708 0.781482 0.516667 0.785185 0.516146 0.787963 0.515625 0.787963 0.515625 0.791667 0.515104 0.797222 0.516146 0.802778 0.516146 0.803704 0.516667 0.804630 0.517187 0.807407 0.518229 0.807407 0.518750 0.809259 0.519792 0.811111 0.520312 0.812037 0.525000 0.814815 0.528646 0.812037 0.529688 0.810185 0.531771 0.808333 0.531250 0.806481 0.532292 0.804630 0.533333 0.800000 0.533333 0.797222 0.532812 0.795370 0.532812 0.790741 0.531771 0.786111 0.528125 0.779630 0.523438 0.776852
0 0.583854 0.675926 0.583333 0.677778 0.582812 0.677778 0.582292 0.679630 0.581250 0.680556 0.581250 0.681481 0.580729 0.681481 0.580729 0.683333 0.579167 0.685185 0.578646 0.687963 0.579687 0.690741 0.579167 0.692593 0.580208 0.697222 0.581250 0.697222 0.582292 0.701852 0.583333 0.702778 0.584375 0.701852 0.586458 0.702778 0.588021 0.700926 0.588542 0.701852 0.590104 0.700926 0.590625 0.699074 0.592188 0.697222 0.592708 0.692593 0.591667 0.691667 0.592708 0.689815 0.591667 0.688889 0.592188 0.686111 0.591146 0.681481 0.589583 0.681481 0.590104 0.678704
0 0.586979 0.676852 0.586458 0.676852 0.584896 0.675926 0.584375 0.675926 0.319271 0.629630 0.318750 0.631481 0.316667 0.633333 0.311979 0.645370 0.311979 0.651852 0.312500 0.655556 0.312500 0.660185 0.314583 0.668519 0.316667 0.671296 0.318750 0.673148 0.322396 0.673148 0.323438 0.673148 0.325521 0.673148 0.330208 0.669444 0.330729 0.670370 0.332292 0.668519 0.335417 0.660185 0.336458 0.652778 0.335938 0.642593 0.334896 0.639815 0.334375 0.639815 0.331771 0.629630 0.329688 0.628704 0.327604 0.628704 0.322396 0.626852
0 0.001042 0.767593 0.002604 0.761111 0.003646 0.757407 0.003646 0.750926 0.001563 0.741667 0.000521 0.740741 0.000000 0.737963 0.513021 0.563889 0.513021 0.564815 0.511458 0.566667 0.510938 0.567593 0.509896 0.573148 0.509375 0.574074 0.508854 0.578704 0.510417 0.585185 0.510938 0.586111 0.511979 0.589815 0.513021 0.591667 0.518229 0.596296 0.520833 0.596296 0.522396 0.595370 0.523438 0.593518 0.525521 0.591667 0.526042 0.589815 0.527083 0.588889 0.528646 0.577778 0.528125 0.575000 0.528646 0.572222 0.526563 0.564815 0.525000 0.562037 0.521875 0.560185 0.519792 0.559259 0.515104 0.562963 0.514583 0.562963 0.782812 0.390741 0.782292 0.392593 0.779688 0.394444 0.778646 0.397222
0 0.778646 0.398148 0.778125 0.402778 0.778125 0.407407 0.778646 0.409259 0.778125 0.410185 0.779167 0.413889 0.779688 0.413889 0.780729 0.417593 0.784375 0.424074 0.786458 0.425000 0.787500 0.424074 0.789583 0.424074 0.791146 0.423148 0.791667 0.423148 0.793229 0.420370 0.794271 0.419444 0.794792 0.416667 0.796354 0.412963 0.796354 0.404630 0.793750 0.396296 0.791667 0.393519 0.789062 0.390741 0.788542 0.391667 0.783854 0.389815 0.801562 0.350000 0.801042 0.350926 0.799479 0.352778 0.799479 0.353704 0.797917 0.354630 0.797917 0.356481 0.796875 0.357407
0 0.795313 0.363889 0.795313 0.365741 0.796354 0.369444 0.795833 0.370370 0.796875 0.374074 0.797917 0.375000 0.798437 0.377778 0.801042 0.379630 0.802604 0.382407 0.804167 0.383333 0.806250 0.381481 0.807292 0.382407 0.809375 0.379630 0.809896 0.381481 0.810417 0.379630 0.811979 0.377778 0.813542 0.374074 0.814583 0.365741 0.811979 0.354630 0.810938 0.354630 0.810417 0.351852 0.807813 0.350000 0.807292 0.350926 0.805208 0.349074 0.802604 0.348148 0.458333 0.975000 0.457812 0.976852 0.456771 0.977778 0.456250 0.978704 0.454167 0.983333 0.454167 0.986111 0.454167 0.987037 0.454167 0.990741 0.455729 0.998148 0.456771 0.998148 0.467187 0.996296 0.468229 0.987963
0 0.466667 0.984259 0.467708 0.982407 0.467187 0.981481 0.466667 0.979630 0.464063 0.975926 0.463021 0.975000 0.462500 0.975000 0.460417 0.974074 0.459375 0.975000 0.458854 0.975000 0.408854 0.132407 0.408333 0.133333 0.406771 0.135185 0.404687 0.144444 0.405729 0.147222 0.405208 0.149074 0.405729 0.150926 0.405729 0.151852 0.406250 0.152778 0.407292 0.155556 0.407813 0.156481 0.408333 0.158333 0.408854 0.158333 0.409375 0.159259 0.413542 0.162037 0.415625 0.160185 0.416146 0.160185 0.420833 0.156481 0.421354 0.153704 0.421875 0.153704 0.422396 0.148148 0.422396 0.147222 0.422917 0.144444 0.421354 0.137963 0.420312 0.137037 0.418750 0.133333 0.413021 0.128704 0.865104 0.200000 0.863542 0.204630 0.863542 0.205556 0.863542 0.212037 0.865104 0.218519
0 0.866146 0.219444 0.866667 0.221296 0.867708 0.222222 0.867708 0.223148 0.871875 0.225926 0.871875 0.226852 0.872917 0.225000 0.877083 0.221296 0.878125 0.215741 0.877604 0.213889 0.878125 0.208333 0.877604 0.206481 0.877083 0.206481 0.875521 0.200000 0.875000 0.200000 0.873438 0.197222 0.871354 0.195370 0.868750 0.198148 0.867708 0.197222 0.595833 0.536111 0.592708 0.538889 0.592708 0.540741 0.592188 0.540741 0.590625 0.551852 0.591667 0.555556 0.591146 0.556481 0.591667 0.558333 0.592708 0.559259 0.594271 0.562963
0 0.595833 0.564815 0.595833 0.565741 0.597396 0.566667 0.597396 0.567593 0.599479 0.568519 0.605729 0.563889 0.606250 0.561111 0.606771 0.561111 0.608333 0.551852 0.607292 0.550926 0.607813 0.548148 0.606771 0.547222 0.607813 0.545370 0.607292 0.543519 0.606250 0.542593 0.604688 0.537963 0.598958 0.534259 0.757812 0.601852 0.757812 0.602778 0.756771 0.603704 0.754687 0.614815 0.754687 0.619444 0.756771 0.627778 0.759896 0.632407 0.761979 0.634259 0.764063 0.634259 0.765104 0.633333 0.765625 0.635185 0.766146 0.634259 0.767187 0.632407
0 0.769271 0.630556 0.770312 0.628704 0.771875 0.626852 0.772917 0.622222 0.772917 0.615741 0.770833 0.609259 0.770312 0.607407 0.769271 0.603704 0.766667 0.599074 0.764063 0.598148 0.760417 0.601852 0.759896 0.600000 0.645312 0.726852 0.644792 0.727778 0.643229 0.728704 0.643229 0.730556 0.641146 0.733333 0.639583 0.741667 0.640104 0.744444 0.640104 0.745370 0.642187 0.753704 0.645833 0.759259 0.647917 0.761111 0.650521 0.759259 0.651042 0.759259 0.655208 0.756481 0.656250 0.752778 0.657292 0.750926 0.657812 0.742593 0.656771 0.740741
0 0.657292 0.737963 0.656250 0.733333 0.655208 0.733333 0.654688 0.729630 0.653646 0.728704 0.649479 0.725000 0.648438 0.725000 0.647396 0.725926 0.646354 0.725000 0.436458 0.258333 0.435937 0.258333 0.432813 0.261111 0.432292 0.262037 0.431771 0.262963 0.431250 0.265741 0.431250 0.266667 0.431250 0.268519 0.431250 0.270370 0.431250 0.271296 0.432813 0.278704 0.433854 0.278704 0.434375 0.280556 0.436458 0.282407 0.437500 0.281481 0.438021 0.282407 0.439063 0.281481 0.439583 0.281481 0.440625 0.281481 0.441146 0.281481 0.443750 0.279630 0.444792 0.273148 0.443750 0.269444 0.444271 0.267593 0.443229 0.262963
0 0.442187 0.262037 0.441667 0.259259 0.438021 0.256481 0.437500 0.258333 0.436979 0.256481 0.577083 0.775000 0.577083 0.775926 0.573958 0.778704 0.573438 0.781482 0.573958 0.783333 0.573958 0.784259 0.574479 0.786111 0.573958 0.787963 0.576042 0.795370 0.577604 0.796296 0.578646 0.799074 0.579167 0.799074 0.579687 0.799074 0.583854 0.795370 0.584896 0.796296 0.585938 0.794444 0.586979 0.788889 0.586458 0.787037 0.586979 0.785185 0.584896 0.780556 0.585417 0.778704 0.584375 0.776852 0.582812 0.775000 0.580729 0.773148 0.580208 0.773148 0.579687 0.773148 0.580729 0.951852 0.580208 0.953704 0.577604 0.956481
0 0.576042 0.960185 0.575521 0.963889 0.575521 0.972222 0.576042 0.976852 0.576042 0.977778 0.577083 0.979630 0.578125 0.984259 0.582812 0.987963 0.583333 0.991667 0.595833 0.980556 0.595312 0.977778 0.595833 0.969444 0.593750 0.962037 0.593229 0.960185 0.592188 0.957407 0.591146 0.955556 0.586979 0.952778 0.581250 0.951852 0.182812 0.153704 0.182812 0.154630 0.181250 0.157407 0.179688 0.163889 0.180208 0.166667 0.180208 0.168519 0.181250 0.172222 0.182812 0.174074 0.183333 0.175926 0.183854 0.176852 0.184375 0.177778 0.188021 0.182407 0.189063 0.180556 0.189583 0.181481 0.192188 0.179630
0 0.192708 0.177778 0.195833 0.175000 0.196354 0.169444 0.196354 0.168519 0.196875 0.165741 0.195312 0.162963 0.196354 0.161111 0.194792 0.156481 0.193750 0.155556 0.192708 0.153704 0.189063 0.150926 0.187500 0.152778 0.186979 0.150926 0.184896 0.153704 0.184375 0.151852 0.239583 0.067593 0.239583 0.069444 0.238542 0.070370 0.237500 0.073148 0.236458 0.074074 0.235417 0.077778 0.234896 0.080556 0.234896 0.091667
0 0.236979 0.100000 0.242708 0.104630 0.243750 0.103704 0.244271 0.104630 0.246875 0.102778 0.247396 0.102778 0.248958 0.102778 0.249479 0.100000 0.251042 0.099074 0.251563 0.097222 0.253646 0.094444 0.254687 0.088889 0.254687 0.084259 0.253646 0.082407 0.254167 0.079630 0.252083 0.073148 0.250000 0.069444 0.246354 0.066667 0.241146 0.066667 0.398958 0.857407 0.398438 0.858333 0.396875 0.860185 0.396354 0.861111 0.394792 0.862963 0.394792 0.863889 0.394271 0.864815 0.393750 0.868519 0.393750 0.869444 0.393750 0.873148 0.394271 0.876852 0.395312 0.877778 0.395833 0.880556 0.396354 0.880556 0.397917 0.883333 0.400000 0.885185
0 0.401563 0.884259 0.402083 0.884259 0.406771 0.880556 0.407292 0.878704 0.407813 0.877778 0.408333 0.875926 0.408333 0.873148 0.408333 0.872222 0.408854 0.869444 0.407292 0.865741 0.407292 0.864815 0.407813 0.862037 0.405208 0.859259 0.404687 0.857407 0.401042 0.855556 0.109896 0.205556 0.109896 0.207407 0.108854 0.209259 0.107292 0.215741 0.108333 0.220370 0.108854 0.220370 0.109896 0.223148 0.110417 0.224074 0.112500 0.227778 0.116146 0.229630
0 0.117708 0.227778 0.118750 0.228704 0.123438 0.225000 0.125521 0.219444 0.124479 0.218519 0.125521 0.216667 0.123438 0.208333 0.122917 0.208333 0.121875 0.205556 0.118750 0.201852 0.118229 0.202778 0.117188 0.200926 0.115104 0.203704 0.114583 0.201852 0.665625 0.350926 0.665104 0.351852 0.661979 0.354630 0.661458 0.356481 0.660937 0.356481 0.660417 0.363889 0.661979 0.369444 0.661979 0.371296 0.662500 0.371296 0.662500 0.372222 0.663542 0.373148 0.664062 0.375000 0.667708 0.380556 0.668750 0.378704 0.669792 0.379630 0.671875 0.377778
0 0.672917 0.377778 0.673958 0.376852 0.675521 0.371296 0.675000 0.369444 0.675521 0.361111 0.673958 0.353704 0.672396 0.354630 0.672917 0.352778 0.668750 0.349074 0.668229 0.350000 0.667188 0.349074 0.000521 0.687963 0.000000 0.684259 0.369271 0.877778 0.369271 0.879630 0.368229 0.880556 0.367708 0.881481 0.366667 0.882407 0.366667 0.884259 0.365625 0.884259 0.365104 0.886111 0.364583 0.891667 0.365104 0.893519 0.364583 0.894444 0.365104 0.896296 0.365104 0.899074 0.365625 0.899074
0 0.367188 0.904630 0.368750 0.907407 0.370833 0.910185 0.371875 0.908333 0.374479 0.908333 0.376042 0.907407 0.376563 0.908333 0.378125 0.907407 0.378646 0.904630 0.380208 0.903704 0.380729 0.901852 0.381771 0.896296 0.381771 0.891667 0.380208 0.887963 0.381250 0.886111 0.380729 0.884259 0.379687 0.883333 0.379167 0.881481 0.377604 0.878704 0.373437 0.878704 0.370833 0.876852 0.773958 0.312037 0.771875 0.314815 0.770833 0.318519 0.770312 0.318519 0.769792 0.321296 0.770312 0.323148 0.770312 0.325000 0.770833 0.327778
0 0.770833 0.328704 0.772396 0.336111 0.773958 0.337037 0.773958 0.337963 0.775000 0.337963 0.776563 0.338889 0.777083 0.338889 0.778125 0.338889 0.780729 0.337037 0.781250 0.335185 0.783854 0.333333 0.783854 0.329630 0.783854 0.328704 0.784375 0.326852 0.783854 0.324074 0.784375 0.322222 0.782812 0.316667 0.781771 0.316667 0.781250 0.312963 0.780729 0.313889 0.780208 0.312037 0.778125 0.312037 0.778646 0.310185 0.777083 0.312037 0.776563 0.310185 0.226042 0.183333 0.226042 0.184259 0.225000 0.185185 0.224479 0.187037 0.223958 0.187963 0.223438 0.188889 0.221354 0.192593 0.221354 0.195370 0.221354 0.196296 0.221354 0.200000
0 0.223438 0.209259 0.224479 0.210185 0.225000 0.211111 0.227083 0.212963 0.228125 0.212037 0.228646 0.212037 0.232292 0.209259 0.232812 0.210185 0.233333 0.208333 0.233854 0.208333 0.234375 0.206481 0.234896 0.206481 0.235417 0.199074 0.233854 0.196296 0.234375 0.193519 0.233854 0.189815 0.232812 0.188889 0.232292 0.186111 0.230729 0.184259 0.230208 0.185185 0.228646 0.183333 0.227083 0.184259 0.614062 0.745370 0.613542 0.747222 0.612500 0.747222 0.610417 0.752778 0.609375 0.758333 0.610937 0.763889
0 0.610937 0.766667 0.611458 0.766667 0.613021 0.772222 0.615625 0.775000 0.615625 0.775926 0.616667 0.777778 0.617708 0.775926 0.618750 0.775926 0.619792 0.775000 0.620313 0.775926 0.621875 0.775000 0.622396 0.775000 0.622917 0.775000 0.623438 0.773148 0.625000 0.772222 0.626562 0.768519 0.628646 0.760185 0.627604 0.759259 0.628125 0.756481 0.626562 0.750926 0.626042 0.749074 0.625000 0.745370 0.621875 0.743519 0.618229 0.742593 0.617708 0.743519 0.616667 0.743519 0.855729 0.626852 0.855208 0.627778
0 0.854688 0.628704 0.854167 0.630556 0.852083 0.633333 0.851042 0.638889 0.851562 0.640741 0.851562 0.641667 0.851562 0.643519 0.851562 0.645370 0.852604 0.649074 0.853125 0.649074 0.854167 0.653704 0.854688 0.653704 0.856250 0.656482 0.857292 0.657407 0.858333 0.656482 0.859375 0.657407 0.860937 0.655556 0.861979 0.656482 0.865104 0.653704 0.865104 0.651852 0.865625 0.650926 0.866667 0.649074 0.866146 0.645370 0.866146 0.643519 0.866146 0.642593 0.866667 0.640741 0.865625 0.638889 0.866146 0.636111 0.865104 0.631481 0.863542 0.632407 0.864062 0.629630 0.862500 0.629630
0 0.863021 0.627778 0.860937 0.625926 0.860417 0.626852 0.857813 0.625000 0.527604 0.823148 0.527604 0.824074 0.526042 0.826852 0.525521 0.828704 0.526042 0.831481 0.526042 0.834259 0.528125 0.843518 0.532292 0.846296 0.537500 0.842593 0.538021 0.840741 0.539583 0.839815 0.540104 0.832407 0.537500 0.824074 0.535937 0.821296 0.535417 0.819444 0.534375 0.818519 0.532292 0.820370 0.531250 0.819444 0.476042 0.071296 0.476042 0.073148 0.471354 0.076852 0.471354 0.077778 0.470833 0.078704 0.469792 0.082407 0.470313 0.083333 0.469792 0.084259 0.470833 0.087963 0.470313 0.088889
0 0.472396 0.097222 0.477083 0.100926 0.483854 0.095370 0.484896 0.088889 0.483854 0.087037 0.484375 0.084259 0.483333 0.079630 0.482292 0.078704 0.481771 0.075926 0.481250 0.075926 0.480729 0.074074 0.477604 0.071296 0.477083 0.073148 0.476562 0.071296 0.489062 0.787963 0.488542 0.789815 0.486458 0.791667 0.485938 0.792593 0.484896 0.793519
0 0.484375 0.795370 0.483854 0.798148 0.483854 0.804630 0.485938 0.813889 0.486458 0.813889 0.488542 0.818519 0.491146 0.820370 0.492188 0.821296 0.495313 0.818519 0.495833 0.819444 0.497917 0.818519 0.498437 0.815741 0.499479 0.814815 0.501042 0.811111 0.502083 0.806481 0.502083 0.801852 0.500000 0.792593 0.498958 0.791667 0.494271 0.787037 0.490625 0.786111 0.562500 0.053704 0.560417 0.055556 0.559896 0.057407 0.558333 0.058333 0.558333 0.060185 0.557813 0.060185 0.557292 0.063889 0.557292 0.065741 0.557292 0.066667 0.558854 0.074074 0.559896 0.075000 0.560417 0.076852
0 0.560938 0.077778 0.561458 0.079630 0.564583 0.082407 0.567187 0.079630 0.568229 0.080556 0.570312 0.078704 0.571354 0.076852 0.572396 0.075926 0.572917 0.071296 0.572917 0.069444 0.573438 0.066667 0.571875 0.060185 0.570833 0.059259 0.570312 0.055556 0.565104 0.051852 0.475000 0.361111 0.474479 0.362037 0.473958 0.362963 0.473437 0.364815 0.472396 0.366667 0.471875 0.369444 0.472917 0.374074 0.472917 0.375926
0 0.472917 0.376852 0.473958 0.376852 0.474479 0.380556 0.475521 0.381481 0.475521 0.382407 0.476042 0.382407 0.477604 0.383333 0.478646 0.382407 0.478646 0.384259 0.479688 0.382407 0.480208 0.383333 0.481250 0.382407 0.482292 0.382407 0.482812 0.382407 0.483333 0.380556 0.484375 0.379630 0.484896 0.376852 0.485417 0.376852 0.485417 0.373148 0.484375 0.371296 0.484896 0.368519 0.483854 0.364815 0.483333 0.364815 0.482292 0.361111 0.480208 0.359259 0.479688 0.359259 0.477604 0.358333 0.928125 0.596296
0 0.928125 0.598148 0.927604 0.598148 0.926562 0.603704 0.926562 0.604630 0.926562 0.606481 0.927083 0.608333 0.926562 0.609259 0.928125 0.613889 0.928646 0.614815 0.929167 0.617593 0.930208 0.618519 0.930729 0.620370 0.932813 0.621296 0.933333 0.621296 0.933854 0.622222 0.935938 0.620370 0.936458 0.618519 0.938021 0.617593 0.938542 0.615741 0.939062 0.615741 0.939062 0.614815 0.939583 0.612037 0.938542 0.611111 0.939583 0.609259 0.938542 0.608333 0.939062 0.605556 0.937500 0.600000 0.936979 0.600000 0.936458 0.597222 0.935938 0.597222 0.935417 0.595370 0.934375 0.594444 0.934375 0.595370 0.933333 0.594444 0.932292 0.596296
0 0.931771 0.594444 0.929688 0.597222 0.929167 0.595370 0.364583 0.212963 0.364062 0.213889 0.363021 0.215741 0.362500 0.216667 0.361979 0.216667 0.361458 0.221296 0.361979 0.223148 0.361458 0.224074 0.362500 0.226852 0.361979 0.228704 0.363542 0.234259 0.364062 0.235185 0.364583 0.236111 0.367188 0.237963 0.367708 0.237963 0.368750 0.237963 0.373958 0.234259 0.373958 0.233333 0.375000 0.231481 0.376042 0.225000 0.375000 0.220370 0.375521 0.218519
0 0.375000 0.216667 0.373958 0.216667 0.372917 0.213889 0.371875 0.212963 0.372396 0.211111 0.369792 0.209259 0.368750 0.209259 0.642187 0.798148 0.641667 0.800000 0.641146 0.800000 0.641146 0.800926 0.640104 0.803704 0.639063 0.807407 0.639583 0.808333 0.639063 0.811111 0.639063 0.812037 0.639063 0.813889 0.639063 0.814815 0.640104 0.814815 0.641146 0.819444
0 0.641667 0.820370 0.642187 0.821296 0.643750 0.822222 0.646354 0.824074 0.647396 0.822222 0.648438 0.823148 0.649479 0.822222 0.650000 0.820370 0.651042 0.819444 0.651042 0.816667 0.651042 0.815741 0.651563 0.812963 0.650521 0.812037 0.651563 0.810185 0.650521 0.807407 0.651042 0.805556 0.650521 0.803704 0.650000 0.803704 0.649479 0.801852 0.648438 0.800926 0.647396 0.798148 0.645833 0.797222 0.645312 0.798148 0.643750 0.797222 0.618750 0.530556 0.618229 0.535185 0.618750 0.537963
0 0.618229 0.539815 0.618750 0.541667 0.618750 0.542593 0.619271 0.545370 0.619792 0.545370 0.620833 0.550000 0.621354 0.551852 0.622396 0.550000 0.624479 0.551852 0.630208 0.547222 0.631250 0.541667 0.629687 0.539815 0.630729 0.537963 0.629167 0.531482 0.628646 0.531482 0.627604 0.529630 0.626562 0.528704 0.627083 0.526852 0.625521 0.525926 0.623958 0.526852 0.623438 0.526852 0.417188 0.206481 0.416667 0.207407 0.415625 0.210185 0.415104 0.212963 0.414583 0.212963 0.415104 0.214815 0.414583 0.221296
0 0.415625 0.224074 0.416146 0.224074 0.417188 0.226852 0.417708 0.227778 0.419792 0.231481 0.421354 0.232407 0.421875 0.232407 0.425000 0.233333 0.425521 0.233333 0.426042 0.231481 0.428125 0.229630 0.428646 0.227778 0.430208 0.226852 0.430208 0.215741 0.428646 0.208333 0.427604 0.207407 0.425521 0.203704 0.422917 0.202778 0.420833 0.203704 0.420312 0.203704 0.618229 0.669444 0.617708 0.670370 0.617188 0.671296 0.616667 0.674074 0.616667 0.675000 0.616667 0.678704 0.618229 0.686111 0.620313 0.687963 0.620833 0.687963 0.621875 0.687963 0.624479 0.686111 0.625000 0.684259
0 0.625521 0.684259 0.625521 0.683333 0.626042 0.682407 0.626042 0.681481 0.627083 0.680556 0.626562 0.678704 0.627083 0.676852 0.626042 0.672222 0.624479 0.672222 0.625000 0.670370 0.622917 0.668519 0.622396 0.669444 0.620313 0.668519 0.618750 0.669444 0.854688 0.713889 0.854688 0.715741 0.851562 0.717593 0.850000 0.721296 0.848958 0.726852 0.848958 0.734259 0.851042 0.743519 0.852604 0.745370 0.853125 0.747222 0.858333 0.751852 0.859375 0.750926 0.859896 0.750926 0.865625 0.746296 0.866667 0.744444 0.868229 0.736111 0.867708 0.732407 0.868229 0.728704 0.865625 0.721296
0 0.864062 0.718518 0.862500 0.715741 0.861979 0.715741 0.857292 0.712037 0.128646 0.310185 0.128125 0.312037 0.126563 0.313889 0.126042 0.314815 0.124479 0.315741 0.124479 0.317593 0.123438 0.319444 0.122396 0.324074 0.121875 0.324074 0.122917 0.326852 0.122396 0.328704 0.123438 0.332407 0.123958 0.332407 0.126042 0.337037 0.128646 0.338889 0.129167 0.338889 0.129688 0.339815 0.131250 0.337963 0.132292 0.338889 0.133854 0.337037 0.134896 0.337963 0.136458 0.336111 0.138021 0.331481
0 0.138542 0.331481 0.139062 0.325926 0.137500 0.323148 0.138021 0.321296 0.137500 0.318519 0.136458 0.317593 0.135937 0.315741 0.135417 0.313889 0.134896 0.312037 0.132812 0.310185 0.132292 0.311111 0.129688 0.310185 0.729688 0.374074 0.729688 0.375926 0.728646 0.376852 0.728646 0.377778 0.727604 0.378704 0.727083 0.380556 0.726562 0.380556 0.726042 0.384259 0.726042 0.385185 0.726042 0.388889 0.728125 0.397222 0.728646 0.397222 0.729688 0.400000 0.731771 0.401852 0.732813 0.400926 0.733854 0.401852 0.734896 0.400000 0.735937 0.400926 0.736979 0.400000 0.738021 0.398148 0.739062 0.397222
0 0.739062 0.396296 0.740104 0.394444 0.740625 0.392593 0.740104 0.390741 0.740104 0.389815 0.740104 0.388889 0.740625 0.386111 0.738542 0.378704 0.738021 0.376852 0.736979 0.374074 0.735417 0.373148 0.734896 0.375000 0.734375 0.373148 0.733333 0.374074 0.732292 0.373148 0.731771 0.374074 0.730729 0.374074 0.194792 0.610185 0.194792 0.611111 0.192708 0.612963 0.192188 0.613889 0.191146 0.615741 0.190625 0.618519 0.190104 0.618519 0.189583 0.627778 0.190104 0.628704 0.191667 0.634259 0.193229 0.636111 0.193750 0.638889 0.194271 0.638889 0.194792 0.639815 0.197396 0.641667
0 0.198958 0.639815 0.199479 0.640741 0.202083 0.638889 0.202604 0.638889 0.203646 0.638889 0.204167 0.637037 0.205208 0.636111 0.205729 0.634259 0.206250 0.634259 0.206771 0.628704 0.205729 0.625926 0.206250 0.623148 0.204167 0.617593 0.204688 0.616667 0.204167 0.614815 0.202083 0.611111 0.198958 0.608333 0.198437 0.609259 0.196875 0.608333 0.841146 0.563889 0.841146 0.564815 0.840104 0.565741 0.839583 0.567593 0.839063 0.567593
0 0.839583 0.568519 0.837500 0.576852 0.838542 0.580556 0.838021 0.582407 0.840104 0.588889 0.840625 0.589815 0.841146 0.592593 0.844271 0.596296 0.845312 0.594444 0.848437 0.595370 0.850000 0.595370 0.850521 0.592593 0.851042 0.592593 0.852083 0.590741 0.852604 0.590741 0.852604 0.589815 0.853646 0.587963 0.854167 0.586111 0.853646 0.584259 0.854167 0.579630 0.851042 0.565741 0.850521 0.565741
0 0.847917 0.561111 0.847396 0.561111 0.845833 0.562963 0.845312 0.561111 0.843229 0.562963 0.842708 0.562963 0.668229 0.068519 0.668229 0.070370 0.667188 0.071296 0.666667 0.074074 0.666146 0.074074 0.665104 0.080556 0.664583 0.081481 0.665104 0.084259 0.665104 0.085185 0.666146 0.090741 0.666667 0.090741 0.667188 0.092593 0.668229 0.093519 0.668229 0.094444 0.669792 0.095370 0.670313 0.095370 0.673437 0.096296 0.676562 0.093519
0 0.677604 0.091667 0.678125 0.091667 0.678646 0.088889 0.679167 0.088889 0.679167 0.086111 0.679688 0.084259 0.679688 0.080556 0.678646 0.078704 0.679688 0.077778 0.679167 0.075926 0.678125 0.073148 0.677604 0.073148 0.677083 0.072222 0.676562 0.071296 0.676042 0.069444 0.673958 0.067593 0.673437 0.068519 0.671354 0.067593 0.669792 0.069444 0.668750 0.068519 0.047396 0.661111 0.044792 0.662963 0.044271 0.664815 0.043229 0.666667 0.042188 0.670370 0.042708 0.671296 0.042188 0.676852
0 0.043750 0.682407 0.044271 0.683333 0.044792 0.685185 0.045313 0.685185 0.045833 0.686111 0.047917 0.687963 0.047917 0.688889 0.048437 0.688889 0.050521 0.688889 0.054688 0.686111 0.055208 0.684259 0.057292 0.682407 0.057292 0.681481 0.058333 0.681481 0.057813 0.679630 0.058854 0.676852 0.058333 0.675000 0.058854 0.673148 0.057292 0.670370 0.057813 0.668519 0.056250 0.664815 0.055729 0.662963 0.054167 0.661111 0.053125 0.660185 0.052604 0.658333
0 0.052083 0.658333 0.051042 0.660185 0.050521 0.658333 0.479688 0.289815 0.479688 0.291667 0.478646 0.292593 0.478646 0.293519 0.478125 0.293519 0.477604 0.296296 0.477083 0.297222 0.476562 0.300926 0.478646 0.308333 0.481771 0.310185 0.482812 0.311111 0.483854 0.310185 0.484375 0.310185 0.486458 0.309259 0.486458 0.308333 0.487500 0.306481 0.488542 0.300000 0.487500 0.297222 0.488021 0.294444 0.487500 0.291667 0.482812 0.288889 0.482292 0.289815 0.481250 0.288889 0.470313 0.476852
0 0.468750 0.481481 0.468229 0.481481 0.467708 0.486111 0.467708 0.488889 0.467708 0.491667 0.467708 0.493519 0.467708 0.495370 0.468750 0.499074 0.468229 0.500000 0.470313 0.507407 0.470833 0.508333 0.473958 0.511111 0.475000 0.511111 0.476042 0.510185 0.476562 0.511111 0.483854 0.504630 0.485417 0.499074 0.485417 0.494444 0.484375 0.492593 0.484896 0.489815 0.482292 0.479630 0.480729 0.477778 0.480208 0.475926 0.478125 0.474074 0.477083 0.474074 0.475521 0.475000 0.474479 0.474074 0.471875 0.477778 0.471354 0.475926 0.388021 0.149074
0 0.388021 0.150926 0.386979 0.151852 0.386458 0.153704 0.386458 0.154630 0.386458 0.158333 0.388021 0.165741 0.389062 0.165741 0.389062 0.167593 0.392708 0.170370 0.393229 0.170370 0.394271 0.171296 0.395833 0.169444 0.396354 0.167593 0.397917 0.166667 0.398438 0.165741 0.399479 0.163889 0.400000 0.157407 0.397917 0.149074 0.397396 0.149074 0.396875 0.147222 0.394792 0.146296 0.394271 0.147222 0.393750 0.145370 0.391667 0.147222 0.391146 0.147222 0.185937 0.827778
0 0.185417 0.828704 0.184896 0.829630 0.184375 0.832407 0.184896 0.833333 0.184375 0.834259 0.184896 0.836111 0.184896 0.837963 0.185417 0.840741 0.185937 0.840741 0.186979 0.843518 0.187500 0.844444 0.188021 0.845370 0.189583 0.848148 0.190625 0.846296 0.191146 0.847222 0.194792 0.844444 0.195833 0.842593 0.197396 0.840741 0.197917 0.837037 0.196875 0.833333 0.197396 0.831481
0 0.196354 0.828704 0.195833 0.828704 0.195312 0.827778 0.194792 0.825926 0.193229 0.823148 0.192708 0.825000 0.192188 0.823148 0.189583 0.825000 0.189063 0.825000 0.432292 0.584259 0.432292 0.586111 0.427604 0.590741 0.426042 0.594444 0.425521 0.597222 0.424479 0.599074 0.423438 0.604630 0.423438 0.609259 0.424479 0.610185 0.426042 0.616667 0.428125 0.619444 0.434896 0.624074 0.437500 0.624074 0.439583 0.622222 0.440104 0.623148 0.443229 0.620370 0.446875 0.612963 0.447396 0.605556 0.446354 0.601852 0.446875 0.600000 0.444271 0.589815
0 0.442187 0.586111 0.440104 0.584259 0.439063 0.585185 0.432813 0.584259 0.633333 0.331481 0.631771 0.340741 0.631771 0.341667 0.632292 0.342593 0.633854 0.348148 0.634896 0.348148 0.635417 0.350000 0.635938 0.350926 0.635938 0.351852 0.636458 0.353704 0.637500 0.351852 0.638542 0.352778 0.642708 0.350926 0.643229 0.348148 0.644792 0.347222 0.645312 0.344444 0.644792 0.342593 0.644792 0.338889 0.643229 0.331481 0.641146 0.330556 0.641667 0.328704 0.640625 0.328704 0.640104 0.328704
0 0.639583 0.328704 0.638021 0.330556 0.637500 0.328704 0.636458 0.329630 0.635938 0.329630 0.380208 0.287963 0.380208 0.289815 0.379167 0.290741 0.378125 0.295370 0.377604 0.295370 0.377604 0.300926 0.377083 0.303704 0.379167 0.312037 0.383333 0.315741 0.383854 0.315741 0.385417 0.316667 0.386458 0.315741 0.387500 0.315741 0.388021 0.315741 0.388542 0.313889 0.389583 0.313889 0.390104 0.311111 0.391146 0.311111 0.391146 0.310185 0.392188 0.308333 0.393229 0.305556 0.392708 0.303704 0.393229 0.300000 0.391146 0.292593
0 0.388021 0.290741 0.388542 0.288889 0.386979 0.287037 0.386458 0.287963 0.383333 0.287037 0.382292 0.287963 0.381250 0.287963 0.269792 0.338889 0.269792 0.339815 0.268750 0.340741 0.268750 0.341667 0.267188 0.344444 0.266667 0.348148 0.266667 0.349074 0.266667 0.355556 0.268229 0.362037 0.268750 0.362037 0.269271 0.363889 0.271354 0.364815 0.271875 0.364815 0.272396 0.364815 0.273438 0.364815 0.273958 0.365741 0.275000 0.363889 0.276042 0.364815 0.279167 0.362037 0.279687 0.360185 0.280729 0.358333 0.281771 0.352778 0.280729 0.351852 0.281250 0.350000
0 0.280208 0.346296 0.279687 0.344444 0.278646 0.342593 0.278125 0.340741 0.277604 0.338889 0.277083 0.339815 0.276563 0.337963 0.276042 0.337963 0.273958 0.336111 0.273438 0.337963 0.272917 0.336111 0.128125 0.808333 0.125000 0.811111 0.122917 0.815741 0.122396 0.821296 0.121875 0.830556 0.124479 0.839815 0.128125 0.845370 0.131250 0.846296 0.132812 0.845370 0.133333 0.845370 0.134896 0.844444 0.135417 0.842593 0.138021 0.840741
0 0.138542 0.838889 0.140104 0.836111 0.141146 0.828704 0.140104 0.825000 0.141146 0.823148 0.140104 0.822222 0.140625 0.819444 0.139062 0.812963 0.137500 0.811111 0.135937 0.807407 0.131771 0.805556 0.162500 0.738889 0.161458 0.742593 0.160938 0.743519 0.159375 0.746296 0.159375 0.749074 0.159896 0.750926 0.159375 0.752778 0.160417 0.755556 0.159896 0.756481 0.161458 0.762963 0.165625 0.769444 0.169271 0.769444 0.170312 0.768519 0.171354 0.769444 0.171875 0.768519 0.172917 0.766667
0 0.175000 0.765741 0.175521 0.762963 0.177083 0.762037 0.177604 0.760185 0.178646 0.756481 0.178646 0.749074 0.176042 0.740741 0.174479 0.737963 0.173438 0.737037 0.172917 0.735185 0.172396 0.736111 0.170833 0.735185 0.169271 0.737037 0.168750 0.735185 0.166667 0.737963 0.166146 0.736111 0.285417 0.310185 0.282813 0.317593 0.281771 0.323148 0.281771 0.327778 0.282292 0.329630 0.282813 0.330556 0.283854 0.334259 0.284896 0.335185 0.289062 0.338889 0.292708 0.338889 0.295312 0.337963 0.295833 0.335185 0.297396 0.335185 0.297917 0.332407
0 0.298958 0.331481 0.300521 0.326852 0.300000 0.325000 0.300521 0.320370 0.298958 0.312037 0.295833 0.310185 0.296354 0.308333 0.293229 0.306481 0.292188 0.306481 0.289583 0.309259 0.289062 0.307407 0.826042 0.675000 0.824479 0.680556 0.824479 0.681481 0.823958 0.684259 0.825000 0.687037 0.824479 0.687963 0.826042 0.693519 0.826563 0.693519 0.827604 0.697222 0.830729 0.699074 0.832812 0.698148 0.833333 0.696296 0.834375 0.695370 0.834896 0.693519 0.835417 0.688889 0.835938 0.687037 0.835938 0.683333 0.833854 0.674074 0.832292 0.674074
0 0.832812 0.672222 0.830729 0.671296 0.829167 0.673148 0.828125 0.672222 0.215104 0.685185 0.215104 0.687037 0.214062 0.687037 0.214062 0.688889 0.213542 0.688889 0.211979 0.697222 0.211979 0.698148 0.211979 0.700000 0.213542 0.705556 0.214583 0.706481 0.216146 0.709259 0.218229 0.710185 0.218750 0.710185 0.221354 0.712037 0.221875 0.709259 0.222917 0.709259 0.223438 0.707407 0.224479 0.706481 0.225521 0.704630
0 0.226042 0.703704 0.226562 0.700926 0.225521 0.700000 0.226562 0.698148 0.225521 0.696296 0.226042 0.693519 0.225521 0.692593 0.225000 0.690741 0.223438 0.686111 0.221354 0.684259 0.220833 0.685185 0.217708 0.684259 0.216667 0.685185 0.215625 0.685185 0.040104 0.585185 0.039583 0.585185 0.038542 0.587037 0.037500 0.592593 0.037500 0.593518 0.037500 0.595370 0.039583 0.602778 0.040104 0.603704 0.040625 0.605556 0.041146 0.605556 0.041667 0.606481 0.043750 0.608333 0.044271 0.608333 0.046354 0.608333 0.047917 0.607407 0.048958 0.605556 0.050000 0.604630 0.051042 0.602778 0.052083 0.601852 0.052083 0.598148 0.051562 0.596296
0 0.052083 0.594444 0.051042 0.593518 0.051562 0.591667 0.051042 0.590741 0.050521 0.588889 0.050000 0.586111 0.048437 0.586111 0.048958 0.584259 0.046875 0.582407 0.046354 0.583333 0.045313 0.582407 0.044271 0.583333 0.043750 0.583333 0.042708 0.583333 0.042188 0.583333 0.041146 0.585185 0.040625 0.583333 0.625000 0.242593 0.623438 0.250000 0.624479 0.254630 0.624479 0.255556 0.625521 0.260185 0.626042 0.261111 0.627083 0.263889 0.628646 0.264815 0.630729 0.264815 0.632292 0.264815 0.632812 0.262037 0.634375 0.261111 0.634896 0.259259 0.635417 0.259259 0.636458 0.255556 0.634896 0.252778 0.635938 0.250926
0 0.634375 0.244444 0.633854 0.244444 0.633333 0.242593 0.632812 0.242593 0.632292 0.242593 0.631771 0.242593 0.630729 0.241667 0.630208 0.243519 0.629687 0.241667 0.628125 0.241667 0.626562 0.240741 0.781250 0.581481 0.780729 0.582407 0.779688 0.584259 0.780208 0.586111 0.779688 0.588889 0.780208 0.591667 0.780208 0.592593 0.780208 0.594444 0.781250 0.595370 0.782292 0.599074 0.782812 0.599074 0.782812 0.600000 0.785417 0.601852 0.785417 0.602778 0.786979 0.604630 0.787500 0.602778 0.789583 0.600926 0.790104 0.599074 0.790625 0.599074 0.791146 0.598148 0.791667 0.597222
0 0.792188 0.595370 0.792188 0.591667 0.790104 0.581481 0.789583 0.581481 0.788542 0.578704 0.786979 0.577778 0.784896 0.579630 0.783854 0.578704 0.868750 0.392593 0.868750 0.394444 0.867188 0.395370 0.867188 0.397222 0.866146 0.397222 0.864062 0.402778 0.864583 0.403704 0.864062 0.406481 0.864062 0.411111 0.865625 0.417593 0.868229 0.420370 0.869271 0.422222 0.871354 0.424074 0.872917 0.424074 0.873438 0.424074 0.874479 0.424074 0.875521 0.423148 0.876562 0.423148 0.879167 0.421296 0.879687 0.419444 0.880729 0.419444 0.881771 0.415741 0.882292 0.412963 0.882292 0.408333 0.881771 0.405556 0.882292 0.403704
0 0.881250 0.403704 0.879687 0.397222 0.879167 0.397222 0.877604 0.392593 0.875000 0.391667 0.873438 0.391667 0.872917 0.391667 0.870833 0.391667 0.268750 0.817593 0.268750 0.818519 0.267708 0.820370 0.266146 0.827778 0.266667 0.829630 0.266667 0.830556 0.267188 0.836111 0.268750 0.837963 0.269271 0.839815 0.270312 0.840741 0.270312 0.841667 0.273438 0.846296 0.274479 0.844444 0.275521 0.845370 0.280208 0.841667 0.280729 0.839815 0.282292 0.838889 0.282813 0.832407 0.282813 0.831481 0.283333 0.829630 0.282813 0.827778 0.283333 0.825926 0.282292 0.821296 0.281250 0.820370 0.279167 0.816667 0.275521 0.813889
0 0.273958 0.814815 0.273438 0.814815 0.271875 0.816667 0.271354 0.814815 0.439063 0.528704 0.437500 0.531482 0.436458 0.537037 0.436458 0.544444 0.437500 0.548148 0.437500 0.550000 0.438021 0.550926 0.439583 0.555556 0.441146 0.556481 0.442708 0.556481 0.444271 0.557407 0.446875 0.557407 0.447917 0.556481 0.450000 0.551852 0.450521 0.550926 0.451562 0.549074 0.452604 0.548148 0.453125 0.546296 0.453646 0.543519 0.453125 0.541667 0.453646 0.537963 0.451562 0.530556 0.449479 0.527778 0.448438 0.527778 0.447917 0.525926 0.446354 0.524074 0.445833 0.525000 0.444792 0.525000
0 0.442708 0.525926 0.442187 0.525926 0.297396 0.647222 0.296875 0.648148 0.295833 0.650926 0.294792 0.658333 0.296354 0.664815 0.297396 0.665741 0.297396 0.666667 0.297396 0.667593 0.298958 0.674074 0.299479 0.674074 0.299479 0.675000 0.302604 0.677778 0.303646 0.676852 0.304167 0.676852 0.308333 0.674074 0.309375 0.672222 0.311458 0.670370 0.311458 0.662037 0.310937 0.660185 0.311458 0.658333 0.310417 0.657407 0.310937 0.655556 0.308854 0.649074 0.308333 0.647222 0.307292 0.644444 0.304167 0.642593 0.302604 0.644444 0.301562 0.643519 0.411458 0.617593 0.411458 0.618519 0.410417 0.619444 0.409896 0.620370 0.409375 0.621296 0.408333 0.623148 0.407813 0.627778 0.407813 0.632407
0 0.408333 0.634259 0.407813 0.635185 0.410417 0.644444 0.411979 0.646296 0.411979 0.647222 0.414583 0.650000 0.416667 0.650000 0.418229 0.649074 0.420833 0.643519 0.422917 0.632407 0.422917 0.623148 0.421354 0.623148 0.421875 0.620370 0.420833 0.618519 0.417188 0.615741 0.413542 0.615741 0.594792 0.575926 0.594792 0.576852
0 0.593229 0.577778 0.592708 0.579630 0.592188 0.580556 0.591146 0.581481 0.590625 0.586111 0.590104 0.586111 0.589063 0.591667 0.590104 0.595370 0.589583 0.597222 0.590625 0.600000 0.591146 0.600000 0.592708 0.604630 0.594271 0.605556 0.594792 0.606481 0.596354 0.607407 0.597396 0.606481 0.600000 0.607407 0.601042 0.605556 0.602083 0.606481 0.606250 0.596296 0.607292 0.591667 0.606771 0.589815 0.606771 0.586111 0.605208 0.580556 0.602604 0.575926 0.600521 0.574074 0.598958 0.574074 0.598437 0.575000 0.597396 0.574074
0 0.595833 0.575926 0.480208 0.573148 0.479688 0.574074 0.478646 0.575000 0.478646 0.575926 0.477604 0.576852 0.477604 0.578704 0.476042 0.580556 0.475521 0.584259 0.475521 0.585185 0.475521 0.588889 0.476042 0.591667 0.477083 0.592593 0.477604 0.595370 0.479688 0.597222 0.481250 0.597222 0.482812 0.598148 0.483333 0.598148 0.485417 0.598148 0.486979 0.597222 0.487500 0.595370 0.488542 0.593518 0.489062 0.588889 0.489062 0.587963
0 0.489583 0.585185 0.488021 0.579630 0.487500 0.580556 0.486979 0.578704 0.485938 0.576852 0.484375 0.575000 0.483333 0.574074 0.482812 0.574074 0.481250 0.573148 0.480729 0.573148 0.385417 0.003704 0.385417 0.010185 0.386458 0.013889 0.385938 0.014815 0.386979 0.019444 0.388021 0.020370 0.389062 0.024074 0.389583 0.025000 0.390104 0.026852 0.392708 0.028704 0.394792 0.029630 0.396875 0.027778 0.397396 0.028704 0.401563 0.025926 0.402083 0.023148
0 0.403125 0.022222 0.404687 0.017593 0.404167 0.015741 0.405208 0.009259 0.403646 0.007407 0.404687 0.005556 0.238542 0.646296 0.236458 0.651852 0.236979 0.658333 0.238542 0.662037 0.239063 0.662963 0.240104 0.666667 0.241146 0.664815 0.241667 0.665741 0.243229 0.664815 0.243750 0.664815 0.246354 0.663889 0.246875 0.661111 0.247396 0.661111 0.247917 0.658333 0.246875 0.656482 0.247396 0.653704 0.245833 0.649074 0.245312 0.647222 0.244792 0.645370 0.241146 0.644444 0.263021 0.908333
0 0.260417 0.912963 0.259375 0.916667 0.258854 0.923148 0.258854 0.929630 0.260417 0.937037 0.266146 0.948148 0.271875 0.948148 0.275000 0.947222 0.276042 0.948148 0.277604 0.946296 0.278646 0.946296 0.283854 0.942593 0.284375 0.940741 0.285937 0.938889 0.286979 0.931481 0.285417 0.929630 0.286458 0.927778 0.285417 0.923148 0.279167 0.912037 0.271354 0.905556 0.268750 0.905556 0.264583 0.908333 0.264062 0.906482 0.928646 0.541667 0.928125 0.544444 0.927604 0.545370 0.926562 0.549074 0.927083 0.550000 0.926562 0.551852 0.927083 0.553704 0.927083 0.554630 0.928125 0.558333 0.928646 0.559259 0.929167 0.561111 0.929688 0.562037
0 0.930208 0.563889 0.932292 0.564815 0.932813 0.564815 0.934375 0.565741 0.934896 0.565741 0.935417 0.563889 0.936979 0.562963 0.938021 0.561111 0.939062 0.558333 0.939583 0.555556 0.938021 0.551852 0.938542 0.550000 0.938021 0.547222 0.936979 0.546296 0.935938 0.542593 0.935417 0.540741 0.934896 0.541667 0.933854 0.540741 0.933333 0.541667 0.931771 0.540741 0.930208 0.542593 0.929688 0.540741 0.786458 0.439815 0.786458 0.440741 0.785937 0.440741 0.784375 0.446296 0.784375 0.447222 0.783854 0.450926 0.784375 0.452778 0.784375 0.453704 0.785937 0.460185 0.786979 0.461111 0.786979 0.462037 0.787500 0.462963 0.789062 0.464815 0.789583 0.464815 0.790104 0.465741 0.791667 0.463889 0.792188 0.464815
0 0.794271 0.462963 0.794271 0.464815 0.794792 0.463889 0.795833 0.462037 0.796354 0.461111 0.796875 0.458333 0.796875 0.455556 0.797396 0.453704 0.796875 0.451852 0.797396 0.450000 0.795833 0.443519 0.794271 0.443519 0.794792 0.441667 0.793750 0.441667 0.792708 0.438889 0.790625 0.437037 0.790104 0.438889 0.789583 0.437037 0.810938 0.758333 0.810417 0.760185 0.808333 0.762037 0.807813 0.762963 0.806250 0.764815 0.805729 0.767593 0.806250 0.769444 0.806250 0.770370 0.806771 0.773148 0.807813 0.774074
0 0.808854 0.778704 0.809375 0.779630 0.809896 0.780556 0.811458 0.778704 0.811979 0.779630 0.814583 0.776852 0.815625 0.777778 0.816146 0.777778 0.817187 0.773148 0.816667 0.771296 0.817187 0.769444 0.815104 0.763889 0.814062 0.762963 0.814583 0.761111 0.811458 0.761111 0.811979 0.758333 0.811458 0.758333 0.271875 0.169444 0.271875 0.171296 0.271354 0.171296 0.270312 0.176852 0.271354 0.180556 0.270833 0.181481 0.271354 0.183333 0.272396 0.184259
0 0.272396 0.185185 0.273958 0.186111 0.273958 0.187037 0.275000 0.189815 0.276042 0.187963 0.276563 0.188889 0.282292 0.184259 0.282813 0.181481 0.282813 0.180556 0.283333 0.178704 0.282813 0.176852 0.283333 0.175000 0.282813 0.174074 0.282292 0.172222 0.281250 0.169444 0.280729 0.169444 0.280208 0.167593 0.278646 0.166667 0.277604 0.166667 0.277083 0.166667 0.275000 0.167593 0.274479 0.167593 0.568750 0.112037 0.565625 0.114815 0.565625 0.116667 0.565104 0.116667 0.563542 0.123148 0.564062 0.124074 0.563542 0.125926 0.565625 0.132407
0 0.566667 0.133333 0.567187 0.134259 0.568750 0.136111 0.568750 0.137037 0.569792 0.138889 0.570833 0.137037 0.571354 0.137963 0.577083 0.133333 0.577604 0.128704 0.577604 0.125926 0.577604 0.124074 0.577604 0.123148 0.578125 0.120370 0.576563 0.114815 0.576042 0.114815 0.575000 0.112037 0.571875 0.110185 0.414062 0.250926 0.414062 0.252778 0.411979 0.256481 0.410937 0.260185 0.411458 0.262037 0.411458 0.265741 0.412500 0.270370 0.413021 0.270370 0.413542 0.273148 0.416667 0.275926 0.416667 0.276852 0.418229 0.277778 0.418750 0.277778 0.419271 0.277778 0.420312 0.276852 0.420833 0.278704 0.421354 0.275926 0.423438 0.275000 0.423958 0.273148 0.425000 0.272222 0.425521 0.270370
0 0.426042 0.270370 0.426562 0.265741 0.426562 0.264815 0.427083 0.262037 0.426042 0.256481 0.425000 0.255556 0.423438 0.250000 0.420833 0.248148 0.420312 0.248148 0.419792 0.248148 0.416146 0.251852 0.415625 0.250000 0.230729 0.618519 0.227604 0.620370 0.226042 0.628704 0.226562 0.630556 0.226562 0.632407 0.227604 0.637963 0.228646 0.637963 0.229167 0.640741 0.229687 0.640741 0.230208 0.641667 0.231771 0.642593 0.237500 0.637963
0 0.238542 0.636111 0.239583 0.635185 0.239063 0.633333 0.239583 0.630556 0.239583 0.626852 0.237500 0.619444 0.233333 0.615741 0.451042 0.356481 0.448438 0.359259 0.448438 0.360185 0.447917 0.360185 0.446875 0.364815 0.446354 0.364815 0.446354 0.366667 0.446354 0.367593 0.446354 0.371296 0.446875 0.373148 0.446354 0.374074 0.447917 0.381481 0.453125 0.385185 0.454167 0.384259 0.454688 0.384259 0.458854 0.382407 0.459375 0.379630 0.461458 0.377778 0.461979 0.374074 0.461458 0.372222
0 0.461979 0.369444 0.461458 0.367593 0.461979 0.365741 0.460417 0.360185 0.458854 0.358333 0.458333 0.356481 0.455208 0.354630 0.454688 0.354630 0.453646 0.354630 0.754687 0.381481 0.754167 0.382407 0.753646 0.383333 0.753125 0.387037 0.753646 0.387963 0.753125 0.390741 0.753125 0.391667 0.753125 0.393519 0.754687 0.400926 0.756250 0.401852 0.756250 0.402778 0.757812 0.403704 0.758333 0.404630 0.758333 0.406481 0.759375 0.404630 0.760938 0.406481 0.766667 0.401852
0 0.766667 0.400926 0.767708 0.399074 0.767708 0.397222 0.768229 0.395370 0.768229 0.389815 0.767708 0.387963 0.768229 0.386111 0.766667 0.381481 0.762500 0.377778 0.761979 0.379630 0.761458 0.377778 0.760417 0.378704 0.759896 0.378704 0.757812 0.379630 0.756771 0.379630 0.275521 0.238889 0.275000 0.239815 0.274479 0.240741 0.273958 0.246296 0.274479 0.250000 0.274479 0.250926 0.275000 0.252778
0 0.275521 0.253704 0.276042 0.254630 0.277083 0.255556 0.277604 0.256481 0.279167 0.257407 0.279687 0.257407 0.280208 0.258333 0.285937 0.252778 0.286979 0.250926 0.286458 0.249074 0.286979 0.247222 0.285937 0.246296 0.286458 0.244444 0.285937 0.243519 0.285417 0.241667 0.284896 0.238889 0.283854 0.238889 0.283333 0.237037 0.282292 0.235185 0.281250 0.236111 0.280208 0.236111 0.278646 0.237037 0.277604 0.237037 0.218229 0.156481 0.217708 0.157407 0.217187 0.158333 0.216667 0.163889 0.217187 0.167593 0.217187 0.168519 0.217708 0.170370 0.218229 0.171296 0.218750 0.172222 0.219792 0.173148 0.220313 0.174074 0.221875 0.175000 0.222396 0.175000 0.222917 0.175926 0.228646 0.170370
0 0.229687 0.168519 0.228646 0.167593 0.229687 0.165741 0.228646 0.163889 0.228646 0.162963 0.229167 0.160185 0.228125 0.159259 0.227604 0.156481 0.226562 0.156481 0.226042 0.154630 0.225000 0.152778 0.223958 0.153704 0.222917 0.153704 0.221354 0.154630 0.220313 0.154630 0.264583 0.018519 0.264062 0.019444 0.263021 0.020370 0.263021 0.022222 0.262500 0.022222 0.261979 0.025000 0.261458 0.025000 0.261458 0.028704 0.263021 0.037037 0.266146 0.038889 0.266667 0.038889 0.267188 0.038889 0.268229 0.037963 0.268750 0.038889 0.270833 0.037963 0.271354 0.035185 0.271875 0.035185 0.273438 0.028704 0.271875 0.025000 0.272396 0.023148
0 0.271875 0.020370 0.267708 0.016667 0.266667 0.017593 0.265625 0.017593 0.202604 0.179630 0.202604 0.180556 0.201042 0.181481 0.200521 0.183333 0.199479 0.187963 0.200000 0.189815 0.200000 0.190741 0.200521 0.193519 0.201042 0.194444 0.202083 0.198148 0.203125 0.199074 0.203125 0.200000 0.206250 0.201852 0.207292 0.201852 0.208854 0.200926 0.209375 0.200926 0.211458 0.200000 0.211979 0.198148 0.212500 0.198148 0.212500 0.197222 0.213542 0.195370 0.214583 0.189815 0.212500 0.184259 0.212500 0.183333 0.213021 0.182407 0.212500 0.181481 0.211979 0.179630 0.208333 0.176852 0.207813 0.176852 0.206250 0.176852 0.343750 0.364815 0.343750 0.366667 0.342187 0.367593 0.341667 0.368519
0 0.341146 0.369444 0.340625 0.373148 0.341146 0.375000 0.341146 0.376852 0.341667 0.379630 0.342187 0.379630 0.343229 0.383333 0.343750 0.384259 0.344271 0.385185 0.346354 0.388889 0.347396 0.387037 0.348437 0.387963 0.349479 0.386111 0.350521 0.387037 0.352604 0.385185 0.353125 0.383333 0.353646 0.384259 0.354167 0.381481 0.354688 0.381481 0.355729 0.375926 0.353646 0.370370 0.353646 0.368519 0.354167 0.366667 0.352604 0.366667
0 0.353125 0.364815 0.349479 0.362037 0.348958 0.362963 0.347396 0.362037 0.351562 0.400000 0.351042 0.401852 0.347396 0.404630 0.346875 0.406481 0.345833 0.407407 0.345313 0.408333 0.344271 0.409259 0.342708 0.418519 0.343750 0.424074 0.344792 0.424074 0.345313 0.425926 0.347396 0.428704 0.347917 0.430556 0.352083 0.433333 0.355208 0.430556 0.356250 0.430556 0.358854 0.428704 0.359375 0.426852 0.360417 0.425000 0.361458 0.419444 0.359896 0.417593 0.360938 0.415741 0.359375 0.408333 0.358333 0.408333 0.357812 0.407407 0.357292 0.405556 0.356250 0.402778 0.352604 0.400000 0.352083 0.400926 0.097917 0.169444
0 0.097917 0.171296 0.096875 0.172222 0.095833 0.175000 0.094792 0.175926 0.093229 0.179630 0.092708 0.182407 0.092708 0.193519 0.094792 0.201852 0.100521 0.207407 0.101562 0.205556 0.102604 0.206481 0.104687 0.204630 0.105729 0.204630 0.107292 0.203704 0.107813 0.201852 0.109375 0.200926 0.109896 0.199074 0.111979 0.196296 0.113021 0.190741 0.113021 0.186111 0.111979 0.184259 0.112500 0.181481 0.110417 0.175000 0.108333 0.171296 0.104687 0.168519 0.099479 0.168519 0.003646 0.525926 0.002083 0.517593
0 0.003646 0.509259 0.006771 0.504630 0.011458 0.502778 0.015625 0.506481 0.018229 0.512963 0.018229 0.524074 0.016667 0.529630 0.012500 0.534259 0.008333 0.534259 0.102604 0.319444 0.101042 0.312037 0.102083 0.303704 0.105208 0.298148 0.109896 0.297222 0.114583 0.300926 0.116667 0.306481 0.117188 0.318519 0.115625 0.324074 0.110937 0.328704 0.106771 0.328704 0.047917 0.341667 0.045313 0.343519 0.044792 0.344444 0.043229 0.346296 0.042188 0.349074 0.040625 0.356481 0.041146 0.359259 0.040625 0.362037 0.042708 0.372222 0.044271 0.373148 0.045313 0.375000 0.048437 0.377778 0.051562 0.378704
0 0.057813 0.374074 0.060938 0.365741 0.061979 0.359259 0.060938 0.354630 0.061458 0.352778 0.059896 0.350926 0.060938 0.349074 0.058333 0.341667 0.055729 0.338889 0.050521 0.338889 0.100521 0.537037 0.098958 0.529630 0.100521 0.521296 0.103646 0.515741 0.107813 0.513889 0.112500 0.518519 0.115104 0.524074 0.115104 0.535185 0.113542 0.540741 0.109375 0.546296 0.104687 0.546296 0.082292 0.547222 0.081771 0.549074 0.080729 0.550000 0.080208 0.550926 0.079167 0.551852 0.078125 0.557407 0.078646 0.558333 0.078125 0.561111 0.080208 0.569444 0.080729 0.570370 0.082292 0.573148 0.082813 0.575000 0.083854 0.573148
0 0.084896 0.574074 0.085938 0.573148 0.086979 0.573148 0.091146 0.570370 0.091146 0.569444 0.091667 0.568519 0.092708 0.566667 0.093750 0.563889 0.093750 0.562037 0.094271 0.560185 0.094271 0.556481 0.092708 0.549074 0.091667 0.549074 0.090625 0.546296 0.089062 0.545370 0.088542 0.545370 0.088021 0.545370 0.086979 0.545370 0.086458 0.545370 0.084896 0.546296 0.083854 0.546296 0.001042 0.668519 0.002083 0.668519 0.003646 0.667593 0.004167 0.667593 0.008333 0.664815 0.008854 0.662963 0.009896 0.662037 0.011979 0.656482 0.012500 0.651852 0.011458 0.647222 0.011458 0.644444 0.010937 0.644444 0.009896 0.642593 0.009375 0.640741 0.008854 0.638889 0.007812 0.637037 0.005729 0.636111
0 0.003125 0.635185 0.002083 0.637037 0.001563 0.635185 0.104687 0.687037 0.102604 0.692593 0.103125 0.700000 0.104687 0.703704 0.105208 0.704630 0.106771 0.706481 0.107292 0.706481 0.107813 0.706481 0.109375 0.705556 0.109896 0.705556 0.112500 0.704630 0.113021 0.701852 0.113542 0.701852 0.114063 0.699074 0.113021 0.697222 0.113542 0.694444 0.111979 0.688889 0.111458 0.688889 0.110937 0.687037 0.107292 0.685185 0.119792 0.663889 0.117188 0.669444 0.117708 0.675926 0.119792 0.679630 0.119792 0.680556 0.121354 0.682407 0.121875 0.682407 0.122917 0.683333 0.123958 0.681481 0.125000 0.682407 0.127083 0.680556 0.127604 0.679630
0 0.128646 0.677778 0.129167 0.675926 0.127604 0.673148 0.128646 0.671296 0.127083 0.666667 0.126563 0.664815 0.126042 0.662963 0.121875 0.662037 0.134896 0.676852 0.132812 0.681481 0.133333 0.688889 0.134896 0.692593 0.134896 0.693519 0.136979 0.695370 0.137500 0.695370 0.138021 0.695370 0.139583 0.694444 0.140104 0.695370 0.142708 0.693519 0.142708 0.692593 0.143750 0.690741 0.144271 0.687963 0.143229 0.686111 0.143750 0.684259
0 0.142188 0.679630 0.141667 0.677778 0.141146 0.675926 0.137500 0.674074 0.029687 0.565741 0.027604 0.571296 0.028125 0.578704 0.029687 0.582407 0.030208 0.583333 0.031771 0.585185 0.032292 0.585185 0.032812 0.585185 0.034375 0.584259 0.034896 0.585185 0.037500 0.583333 0.038021 0.580556 0.038542 0.580556 0.039062 0.577778 0.038021 0.575926 0.038542 0.574074 0.037500 0.567593 0.036458 0.567593 0.035937 0.565741 0.032292 0.563889 0.028646 0.652778 0.026563 0.658333 0.027083 0.665741 0.028646 0.669444 0.029167 0.670370 0.030729 0.672222
0 0.031250 0.672222 0.031771 0.672222 0.033333 0.671296 0.033854 0.671296 0.036458 0.670370 0.036979 0.667593 0.037500 0.667593 0.038021 0.664815 0.036979 0.662963 0.037500 0.660185 0.036458 0.654630 0.035417 0.654630 0.034896 0.652778 0.031250 0.650926 0.010937 0.795370 0.010937 0.796296 0.008333 0.798148 0.007812 0.800000 0.006771 0.804630 0.007292 0.805556 0.006771 0.808333 0.008333 0.815741 0.009375 0.815741 0.009896 0.817593 0.012500 0.821296 0.013021 0.821296
0 0.014583 0.822222 0.018229 0.819444 0.018750 0.819444 0.019792 0.819444 0.020312 0.816667 0.021354 0.816667 0.021875 0.814815 0.022396 0.814815 0.022917 0.809259 0.021875 0.807407 0.022396 0.804630 0.021354 0.799074 0.020312 0.798148 0.019792 0.795370 0.015625 0.792593 0.015104 0.792593 0.014062 0.792593 0.006250 0.873148 0.003646 0.878704 0.004167 0.885185 0.006250 0.888889 0.006250 0.889815 0.007812 0.891667 0.008333 0.891667 0.009375 0.892593 0.010417 0.890741 0.011458 0.891667 0.013542 0.889815 0.014062 0.888889 0.015104 0.887037 0.015625 0.884259
0 0.014062 0.882407 0.015104 0.880556 0.013542 0.875926 0.013021 0.874074 0.012500 0.872222 0.008333 0.870370 0.251042 0.795370 0.248958 0.800926 0.249479 0.807407 0.251042 0.811111 0.251563 0.812037 0.252604 0.815741 0.253646 0.813889 0.254167 0.814815 0.255729 0.812963 0.256250 0.813889 0.258854 0.812037 0.259375 0.810185 0.259896 0.810185 0.260417 0.807407 0.259375 0.805556 0.259896 0.802778 0.258333 0.798148 0.257812 0.796296 0.257292 0.794444
0 0.253646 0.793519 0.228125 0.887037 0.225521 0.891667 0.226042 0.899074 0.227604 0.902778 0.228125 0.903704 0.229687 0.905556 0.230208 0.905556 0.230729 0.905556 0.232292 0.904630 0.233333 0.905556 0.235417 0.903704 0.235938 0.902778 0.236979 0.900926 0.236979 0.898148 0.235938 0.896296 0.236979 0.894444 0.235417 0.888889 0.233854 0.888889 0.234375 0.886111 0.230208 0.884259 0.250000 0.579630 0.249479 0.580556 0.248437 0.582407 0.247917 0.583333 0.246875 0.584259 0.246354 0.589815 0.246354 0.590741
0 0.245833 0.593518 0.247917 0.601852 0.248958 0.602778 0.250000 0.604630 0.251042 0.607407 0.252083 0.605556 0.252604 0.606481 0.254167 0.605556 0.254687 0.605556 0.258333 0.602778 0.259375 0.600926 0.259896 0.600926 0.260417 0.598148 0.261458 0.596296 0.261458 0.594444 0.261979 0.592593 0.261979 0.588889 0.260417 0.581481 0.259375 0.580556 0.258333 0.578704 0.256771 0.576852 0.256250 0.578704 0.255729 0.576852 0.254687 0.577778 0.254167 0.577778 0.252604 0.579630 0.252083 0.577778 0.217187 0.607407 0.214583 0.612963 0.215104 0.619444 0.217187 0.623148
0 0.217187 0.624074 0.218229 0.627778 0.219271 0.625926 0.220313 0.626852 0.221354 0.625000 0.222396 0.625926 0.224479 0.624074 0.225521 0.622222 0.226042 0.622222 0.226562 0.619444 0.225000 0.616667 0.226042 0.614815 0.224479 0.610185 0.223958 0.608333 0.223438 0.606481 0.219271 0.605556 0.238021 0.592593 0.235938 0.598148 0.235938 0.604630 0.238021 0.608333 0.238021 0.609259 0.239583 0.611111 0.240104 0.611111 0.241146 0.612037 0.242708 0.610185 0.243229 0.611111 0.245312 0.609259 0.245833 0.608333 0.246875 0.606481 0.247396 0.604630 0.245833 0.601852 0.246875 0.600000 0.245312 0.595370 0.244792 0.593518 0.244271 0.591667
0 0.240104 0.590741 0.289062 0.802778 0.286979 0.807407 0.287500 0.814815 0.289062 0.818519 0.289062 0.819444 0.291146 0.821296 0.291667 0.821296 0.292188 0.821296 0.293750 0.820370 0.294271 0.821296 0.296875 0.819444 0.296875 0.818519 0.297917 0.816667 0.298438 0.813889 0.297396 0.812037 0.297917 0.810185 0.296354 0.805556 0.295833 0.803704 0.295312 0.801852 0.291667 0.800000 0.268229 0.693519 0.267708 0.695370 0.267188 0.695370 0.267188 0.697222 0.266667 0.697222 0.265104 0.705556
0 0.265104 0.706481 0.265104 0.708333 0.266667 0.713889 0.267708 0.714815 0.269271 0.717593 0.271354 0.718518 0.271875 0.718518 0.274479 0.720370 0.275000 0.717593 0.276042 0.717593 0.276563 0.715741 0.277604 0.714815 0.278646 0.712963 0.279167 0.712037 0.279687 0.709259 0.278646 0.708333 0.279687 0.706481 0.278646 0.704630 0.279167 0.701852 0.278646 0.700926 0.278125 0.699074 0.276563 0.694444 0.274479 0.692593 0.273958 0.693519 0.270833 0.692593 0.269792 0.693519 0.268750 0.693519 0.200521 0.822222
0 0.202083 0.827778 0.204167 0.829630 0.206771 0.830556 0.209375 0.827778 0.210417 0.821296 0.209896 0.817593 0.208333 0.813889 0.206250 0.812963 0.203125 0.812963 0.200521 0.816667 0.140625 0.860185 0.141146 0.862963 0.144271 0.864815 0.145833 0.862963 0.146875 0.858333 0.146875 0.855556 0.143750 0.851852 0.143229 0.852778 0.141146 0.853704 0.081771 0.987963 0.082292 0.990741 0.085417 0.992593 0.086979 0.990741 0.088021 0.986111
0 0.088021 0.983333 0.084896 0.979630 0.084375 0.979630 0.082292 0.981481 0.111458 0.350000 0.114063 0.359259 0.116667 0.360185 0.121354 0.359259 0.123958 0.351852 0.123958 0.348148 0.121354 0.341667 0.120312 0.338889 0.116146 0.338889 0.113021 0.341667 0.221354 0.329630 0.223958 0.338889 0.226562 0.340741 0.231250 0.338889 0.233854 0.331481 0.233854 0.327778 0.231250 0.321296 0.230208 0.318519 0.226042 0.318519 0.222917 0.321296 0.203125 0.377778 0.205208 0.387037 0.208333 0.388889 0.212500 0.387037 0.215625 0.379630 0.215625 0.375926 0.213021 0.369444 0.211458 0.366667
0 0.207813 0.366667 0.204688 0.369444 0.229687 0.270370 0.231771 0.275000 0.234375 0.273148 0.235938 0.269444 0.234896 0.263889 0.233333 0.262963 0.230208 0.264815 0.290104 0.247222 0.291667 0.252778 0.294271 0.251852 0.295833 0.248148 0.294792 0.242593 0.293229 0.241667 0.290625 0.243519 0.219271 0.388889 0.221354 0.392593 0.223958 0.390741 0.225521 0.387963 0.224479 0.382407 0.222917 0.381481 0.219792 0.383333 0.114583 0.136111 0.114583 0.137037
0 0.113021 0.137963 0.112500 0.139815 0.111979 0.139815 0.111458 0.144444 0.111979 0.146296 0.111979 0.147222 0.112500 0.150000 0.113021 0.150926 0.114063 0.154630 0.114583 0.155556 0.115104 0.156481 0.117708 0.158333 0.118229 0.158333 0.119271 0.158333 0.120833 0.157407 0.121354 0.157407 0.123438 0.156481 0.123958 0.154630 0.124479 0.154630 0.124479 0.153704 0.125521 0.151852 0.126563 0.146296 0.124479 0.140741 0.124479 0.139815
0 0.125000 0.138889 0.124479 0.137963 0.123958 0.136111 0.120312 0.133333 0.119792 0.133333 0.118229 0.133333 0.270833 0.139815 0.272396 0.145370 0.275000 0.143519 0.276563 0.140741 0.275521 0.135185 0.273958 0.134259 0.270833 0.136111 0.278125 0.145370 0.279687 0.150000 0.282292 0.149074 0.283854 0.146296 0.282813 0.140741 0.281250 0.139815 0.278125 0.140741 0.282292 0.129630 0.284375 0.134259 0.286979 0.133333 0.288542 0.130556 0.287500 0.125000 0.285417 0.124074 0.282813 0.125926 0.281250 0.105556 0.282813 0.110185 0.285417 0.109259 0.286979 0.106481 0.285937 0.100926 0.284375 0.100000
0 0.281250 0.101852 0.308333 0.180556 0.308333 0.182407 0.307292 0.183333 0.307292 0.184259 0.306250 0.185185 0.305729 0.186111 0.304167 0.190741 0.303646 0.192593 0.303646 0.194444 0.303646 0.197222 0.305729 0.206481 0.307292 0.207407 0.307292 0.208333 0.309375 0.210185 0.310417 0.209259 0.310937 0.210185 0.314583 0.207407 0.314583 0.208333 0.315625 0.206481 0.316146 0.206481 0.316667 0.203704 0.317187 0.203704 0.317708 0.196296 0.316146 0.193519 0.316667 0.190741 0.316146 0.187037 0.315104 0.187037 0.314583 0.184259 0.313542 0.182407 0.312500 0.182407 0.310937 0.181481
0 0.309375 0.181481 0.308333 0.161111 0.308333 0.162963 0.307813 0.162963 0.306771 0.168519 0.307813 0.172222 0.307292 0.174074 0.307813 0.175926 0.308854 0.175926 0.308854 0.176852 0.310417 0.178704 0.310417 0.179630 0.311458 0.181481 0.312500 0.179630 0.313021 0.180556 0.318750 0.175926 0.319271 0.174074 0.319271 0.172222 0.319792 0.170370 0.319271 0.168519 0.319792 0.166667 0.319271 0.164815 0.318750 0.164815 0.317708 0.162963 0.317187 0.161111 0.316667 0.159259 0.315104 0.158333 0.314063 0.160185 0.313542 0.158333 0.311458 0.161111 0.310937 0.159259 0.391146 0.327778
0 0.392708 0.334259 0.396875 0.336111 0.400000 0.333333 0.401563 0.329630 0.402083 0.324074 0.400521 0.319444 0.397396 0.317593 0.394792 0.316667 0.391667 0.318519 0.391146 0.322222 0.377083 0.256481 0.378646 0.262963 0.382812 0.264815 0.385938 0.262037 0.387500 0.258333 0.388021 0.252778 0.386458 0.248148 0.383854 0.244444 0.380729 0.245370 0.377604 0.247222 0.377604 0.250926 0.402083 0.196296 0.402083 0.197222 0.401042 0.198148 0.400521 0.200926 0.400521 0.201852 0.400521 0.205556 0.402083 0.212037 0.402604 0.212963 0.403125 0.214815 0.406771 0.217593 0.407292 0.217593 0.407813 0.217593 0.409896 0.216667 0.410417 0.214815 0.411979 0.213889 0.412500 0.212963 0.413542 0.211111
0 0.414062 0.204630 0.411979 0.197222 0.411458 0.196296 0.410937 0.194444 0.408854 0.192593 0.408333 0.194444 0.407813 0.192593 0.405729 0.195370 0.405208 0.193519 0.428646 0.413889 0.428125 0.414815 0.427083 0.415741 0.427083 0.416667 0.426042 0.419444 0.425521 0.422222 0.426562 0.426852 0.426562 0.427778 0.426562 0.428704 0.427083 0.429630 0.428125 0.433333 0.429167 0.434259 0.428646 0.436111 0.429688 0.434259 0.431250 0.436111 0.432292 0.435185 0.432813 0.435185 0.433333 0.435185 0.433854 0.435185 0.434896 0.435185
0 0.435417 0.435185 0.435937 0.435185 0.436979 0.433333 0.438021 0.432407 0.438542 0.429630 0.439063 0.425926 0.438021 0.424074 0.438542 0.421296 0.437500 0.418519 0.436979 0.416667 0.435937 0.412963 0.433854 0.411111 0.433333 0.412037 0.431250 0.411111 0.532812 0.287963 0.530208 0.289815 0.529688 0.291667 0.529167 0.291667 0.528646 0.296296 0.528125 0.296296 0.527604 0.298148 0.528125 0.299074 0.527604 0.302778 0.528125 0.304630 0.528125 0.305556 0.529688 0.312037 0.534896 0.316667 0.535937 0.315741 0.536458 0.315741
0 0.540104 0.312963 0.541146 0.311111 0.542708 0.309259 0.542708 0.305556 0.543229 0.303704 0.543750 0.300926 0.542708 0.300000 0.543229 0.297222 0.542188 0.291667 0.539583 0.290741 0.540104 0.287963 0.536979 0.285185 0.535937 0.286111 0.535417 0.286111 0.551042 0.304630 0.551042 0.305556 0.550000 0.306481 0.549479 0.307407 0.548437 0.310185 0.547917 0.312963 0.549479 0.317593 0.548958 0.318519 0.548958 0.319444 0.550000 0.320370 0.551042 0.324074 0.551562 0.325000 0.551562 0.326852 0.552083 0.325000 0.553646 0.326852 0.554688 0.325926 0.555208 0.325926 0.555729 0.325926 0.556771 0.325926 0.557813 0.325926
0 0.558333 0.325926 0.558854 0.325926 0.559375 0.324074 0.560417 0.323148 0.560938 0.320370 0.561458 0.320370 0.561458 0.316667 0.560938 0.313889 0.561458 0.312037 0.560417 0.308333 0.559375 0.307407 0.558854 0.303704 0.556250 0.301852 0.555729 0.302778 0.554167 0.301852 0.501562 0.277778 0.501562 0.278704 0.500521 0.279630 0.500521 0.281481 0.498958 0.283333 0.498437 0.286111 0.500000 0.290741 0.499479 0.292593 0.500000 0.293519 0.500521 0.293519 0.501562 0.297222 0.502083 0.298148 0.502604 0.299074 0.503125 0.299074 0.504167 0.300000 0.505208 0.299074 0.506250 0.299074 0.506771 0.299074
0 0.507292 0.300000 0.508333 0.299074 0.508854 0.299074 0.509896 0.299074 0.509896 0.298148 0.510938 0.296296 0.511458 0.293519 0.511979 0.293519 0.512500 0.289815 0.511458 0.287037 0.511979 0.285185 0.510938 0.281481 0.510417 0.281481 0.509375 0.276852 0.507292 0.275926 0.506771 0.275926 0.504687 0.275000 0.459896 0.304630 0.460938 0.309259 0.464583 0.311111 0.468229 0.306481 0.468229 0.299074 0.465104 0.295370 0.460938 0.296296 0.486458 0.457407 0.488021 0.462037 0.491146 0.463889 0.494792 0.459259 0.494792 0.451852 0.491667 0.448148
0 0.487500 0.449074 0.516146 0.115741 0.517708 0.122222 0.520833 0.123148 0.524479 0.121296 0.525521 0.115741 0.524479 0.109259 0.521875 0.105556 0.518229 0.107407 0.406250 0.106481 0.407813 0.112037 0.410937 0.116667 0.414062 0.114815 0.415625 0.109259 0.414583 0.102778 0.411458 0.099074 0.408333 0.100926 0.429688 0.029630 0.431250 0.035185 0.433854 0.038889 0.436458 0.036111 0.438542 0.033333 0.438021 0.027778 0.434375 0.023148 0.431771 0.025000 0.433333 0.020370 0.434896 0.024074 0.436979 0.027778 0.439583 0.028704 0.441667 0.024074
0 0.441146 0.017593 0.438021 0.013889 0.434375 0.015741 0.430208 0.000926 0.432813 0.000000 0.693229 0.013889 0.690104 0.016667 0.689583 0.018519 0.689062 0.018519 0.689062 0.019444 0.689062 0.020370 0.689062 0.024074 0.689583 0.025926 0.689062 0.027778 0.690104 0.030556 0.690625 0.031481 0.691667 0.034259 0.692187 0.034259 0.692187 0.035185 0.693750 0.038889 0.694792 0.037037 0.695312 0.037963 0.698438 0.037037 0.701042 0.034259 0.702083 0.030556 0.701563 0.028704 0.702083 0.025000 0.701042 0.023148 0.701563 0.021296 0.701042 0.018519 0.700000 0.017593 0.699479 0.014815 0.697917 0.014815
0 0.698438 0.012963 0.696354 0.011111 0.653125 0.022222 0.650000 0.025000 0.649479 0.025926 0.648958 0.025926 0.648958 0.027778 0.648958 0.028704 0.648958 0.032407 0.649479 0.034259 0.648958 0.035185 0.649479 0.037963 0.650521 0.038889 0.651042 0.041667 0.652083 0.042593 0.652083 0.043519 0.653646 0.045370 0.654167 0.045370 0.655208 0.045370 0.657812 0.044444 0.660937 0.041667 0.660937 0.038889 0.661458 0.037037 0.661979 0.033333 0.660937 0.030556 0.661458 0.028704 0.660417 0.026852 0.659896 0.025000
0 0.659375 0.023148 0.657812 0.023148 0.658333 0.021296 0.656250 0.019444 0.638542 0.086111 0.635417 0.088889 0.635417 0.089815 0.634896 0.090741 0.634375 0.091667 0.634896 0.092593 0.634375 0.096296 0.634896 0.098148 0.634896 0.100000 0.635417 0.102778 0.636458 0.102778 0.636979 0.105556 0.637500 0.106481 0.638021 0.107407 0.639583 0.109259 0.640104 0.109259 0.640625 0.109259 0.643750 0.109259 0.646875 0.105556 0.646875 0.102778
0 0.647396 0.100926 0.647396 0.097222 0.646354 0.095370 0.646875 0.092593 0.646354 0.089815 0.645833 0.089815 0.644792 0.086111 0.644271 0.087037 0.643750 0.085185 0.641667 0.083333 0.685417 0.087037 0.686458 0.092593 0.690104 0.096296 0.695312 0.093519 0.696875 0.087963 0.697917 0.080556 0.695833 0.075000 0.692187 0.070370 0.689062 0.072222 0.686458 0.075000 0.685417 0.079630 0.641146 0.007407 0.642187 0.012963 0.645833 0.016667 0.649479 0.014815 0.652083 0.009259 0.652083 0.001852 0.641146 0.000000 0.618750 0.001852 0.620313 0.007407 0.623438 0.010185 0.627083 0.010185
0 0.631250 0.007407 0.632812 0.002778 0.638542 0.021296 0.639583 0.024074 0.642187 0.025000 0.644271 0.021296 0.643750 0.019444 0.642187 0.014815 0.640625 0.014815 0.638542 0.017593 0.573438 0.020370 0.575000 0.024074 0.577083 0.024074 0.580208 0.019444 0.580208 0.014815 0.578646 0.011111 0.576042 0.008333 0.572917 0.012037 0.572917 0.017593 0.537500 0.005556 0.539062 0.006481 0.539583 0.007407 0.540104 0.007407 0.542188 0.008333 0.544271 0.006481 0.545313 0.007407 0.548437 0.004630 0.549479 0.002778 0.550521 0.000926 0.546875 0.028704 0.544271 0.030556 0.544271 0.032407 0.542708 0.033333
0 0.542708 0.034259 0.542188 0.035185 0.541146 0.038889 0.541667 0.039815 0.541146 0.041667 0.543229 0.049074 0.543750 0.049074 0.544271 0.051852 0.545313 0.051852 0.545833 0.053704 0.548958 0.057407 0.551562 0.054630 0.552604 0.055556 0.554688 0.053704 0.555208 0.052778 0.556250 0.050926 0.557813 0.044444 0.556771 0.043519 0.557813 0.041667 0.556250 0.035185 0.555208 0.034259 0.554167 0.030556 0.549479 0.026852 0.573438 0.055556 0.576042 0.058333 0.578125 0.058333 0.581250 0.054630 0.581250 0.050000 0.579687 0.046296 0.576563 0.043519
0 0.573958 0.047222 0.573958 0.052778 0.593750 0.122222 0.595833 0.125926 0.597917 0.125926 0.601042 0.121296 0.600521 0.116667 0.599479 0.112963 0.596875 0.112037 0.593750 0.113889 0.593229 0.119444 0.611979 0.126852 0.613542 0.130556 0.616146 0.130556 0.619271 0.126852 0.618750 0.122222 0.617188 0.117593 0.614583 0.116667 0.611458 0.119444 0.611458 0.124074
0 0.591146 0.106481 0.592708 0.110185 0.595312 0.110185 0.598437 0.105556 0.597917 0.100926 0.596875 0.097222 0.594271 0.096296 0.591146 0.098148 0.590625 0.103704 0.598958 0.034259 0.600521 0.037963 0.602604 0.037963 0.605729 0.034259 0.605729 0.029630 0.604167 0.025000 0.601562 0.024074 0.598437 0.026852 0.598437 0.031481 0.588021 0.067593 0.590625 0.071296 0.594271 0.071296 0.598437 0.067593 0.598958 0.063889 0.598437 0.056481
0 0.595833 0.050926 0.594271 0.049074 0.591146 0.050000 0.589063 0.053704 0.586979 0.059259 0.594792 0.007407 0.596354 0.009259 0.597396 0.010185 0.598958 0.009259 0.600000 0.006481 0.598958 0.002778 0.597396 0.001852 0.595312 0.003704 0.632812 0.186111 0.634375 0.189815 0.636979 0.189815 0.640104 0.186111 0.639583 0.181481 0.638542 0.176852 0.635417 0.175926 0.632292 0.178704 0.632292 0.183333 0.702083 0.192593 0.704167 0.196296 0.706771 0.197222
0 0.708333 0.193519 0.708854 0.188889 0.708333 0.185185 0.706250 0.183333 0.704167 0.183333 0.702604 0.187037 0.718750 0.175000 0.718229 0.176852 0.717188 0.177778 0.717188 0.178704 0.716667 0.179630 0.716146 0.180556 0.716667 0.181481 0.715625 0.187037 0.715625 0.187963 0.715625 0.189815 0.717708 0.197222 0.718229 0.197222 0.718750 0.199074 0.719792 0.202778 0.720833 0.200926 0.723958 0.201852 0.725000 0.200926 0.725521 0.201852 0.726042 0.201852 0.726562 0.200000 0.727604 0.199074 0.728125 0.197222 0.728646 0.197222 0.729167 0.195370 0.729688 0.195370 0.730729 0.191667 0.730208 0.189815 0.730729 0.186111
0 0.728646 0.182407 0.729688 0.180556 0.728646 0.176852 0.727604 0.176852 0.727083 0.175000 0.724479 0.173148 0.723958 0.173148 0.722917 0.173148 0.721875 0.174074 0.720833 0.173148 0.767187 0.169444 0.766667 0.170370 0.766146 0.171296 0.765625 0.173148 0.765104 0.173148 0.765104 0.175000 0.765104 0.175926 0.764063 0.181481 0.764583 0.182407 0.764063 0.183333 0.766146 0.190741 0.766667 0.191667 0.767187 0.193519 0.769271 0.195370 0.772396 0.196296 0.773438 0.195370 0.773958 0.197222 0.774479 0.196296 0.775000 0.194444
0 0.776042 0.193519 0.776563 0.191667 0.777083 0.191667 0.777604 0.190741 0.778646 0.188889 0.779167 0.186111 0.778646 0.184259 0.779167 0.180556 0.777604 0.176852 0.778125 0.174074 0.777604 0.171296 0.775521 0.171296 0.776042 0.169444 0.772917 0.166667 0.772396 0.168519 0.771875 0.166667 0.770312 0.167593 0.769792 0.167593 0.780729 0.202778 0.782292 0.205556 0.784896 0.205556 0.786979 0.203704 0.786979 0.199074 0.786458 0.195370 0.784896 0.193519 0.782812 0.193519 0.780729 0.197222 0.776563 0.351852 0.774479 0.353704 0.773438 0.357407 0.772917 0.358333 0.772396 0.361111 0.772917 0.362963 0.772917 0.363889 0.773438 0.366667
0 0.773438 0.368519 0.775000 0.375000 0.776563 0.375926 0.776563 0.376852 0.777083 0.377778 0.777604 0.377778 0.778646 0.379630 0.779688 0.377778 0.780208 0.378704 0.782812 0.376852 0.783333 0.375000 0.786458 0.372222 0.786458 0.369444 0.786458 0.368519 0.786979 0.365741 0.785937 0.363889 0.786458 0.362037 0.785417 0.356481 0.784375 0.355556 0.783854 0.353704 0.783333 0.352778 0.782812 0.350926 0.780729 0.350926 0.781250 0.349074 0.779688 0.350000 0.779167 0.350000 0.890625 0.376852
0 0.888021 0.378704 0.887500 0.382407 0.886979 0.383333 0.886458 0.386111 0.886979 0.387963 0.886458 0.388889 0.887500 0.391667 0.886979 0.393519 0.888542 0.400000 0.890104 0.400926 0.890104 0.401852 0.890625 0.403704 0.891667 0.401852 0.892708 0.404630 0.893229 0.402778 0.894271 0.403704 0.896354 0.401852 0.897396 0.400000 0.900000 0.397222 0.901042 0.394444 0.900521 0.392593 0.901042 0.390741 0.899479 0.388889 0.900521 0.387037 0.898958 0.380556 0.898438 0.380556 0.897396 0.378704 0.896354 0.377778 0.896875 0.375926 0.895312 0.375926
0 0.894792 0.374074 0.893750 0.375000 0.892708 0.374074 0.892708 0.413889 0.890625 0.415741 0.889583 0.420370 0.889063 0.420370 0.888542 0.423148 0.889063 0.425000 0.889063 0.426852 0.889583 0.429630 0.889583 0.430556 0.891146 0.437037 0.892708 0.438889 0.892708 0.439815 0.893750 0.439815 0.894792 0.441667 0.895833 0.439815 0.896875 0.440741 0.899479 0.438889 0.900000 0.437037 0.902604 0.434259 0.902604 0.431481 0.902604 0.430556 0.903646 0.428704 0.902083 0.425926 0.903125 0.424074 0.901563 0.418519 0.900521 0.417593
0 0.900000 0.415741 0.899479 0.414815 0.898958 0.412963 0.897917 0.412963 0.897396 0.411111 0.895833 0.413889 0.895312 0.412037 0.941146 0.434259 0.938542 0.436111 0.938021 0.439815 0.937500 0.440741 0.936979 0.443519 0.937500 0.445370 0.937500 0.446296 0.938021 0.449074 0.937500 0.450926 0.939583 0.457407 0.940625 0.458333 0.941146 0.459259 0.941146 0.461111 0.942187 0.459259 0.943229 0.462037 0.944271 0.460185 0.944792 0.461111 0.947396 0.459259 0.947917 0.457407 0.951042 0.454630 0.951042 0.451852 0.951042 0.450926 0.951563 0.448148
0 0.951042 0.446296 0.950521 0.444444 0.949479 0.439815 0.948958 0.437963 0.948438 0.435185 0.946875 0.435185 0.947396 0.433333 0.945312 0.433333 0.945833 0.431481 0.944271 0.432407 0.943750 0.432407 0.914062 0.442593 0.914062 0.444444 0.912500 0.445370 0.911979 0.447222 0.910937 0.447222 0.909375 0.452778 0.909896 0.453704 0.909375 0.456481 0.909375 0.461111 0.910937 0.467593 0.913542 0.470370 0.914583 0.472222 0.916667 0.474074 0.917708 0.474074
0 0.918750 0.473148 0.919271 0.474074 0.920833 0.473148 0.921875 0.473148 0.924479 0.471296 0.924479 0.470370 0.925521 0.468519 0.927083 0.465741 0.927604 0.462963 0.927604 0.458333 0.926562 0.456481 0.927083 0.453704 0.926562 0.453704 0.925000 0.447222 0.924479 0.447222 0.922917 0.442593 0.920313 0.441667 0.918750 0.440741 0.917708 0.441667 0.916146 0.441667 0.927083 0.483333 0.927083 0.484259 0.925521 0.486111 0.925521 0.487037 0.924479 0.487963 0.922917 0.492593 0.922917 0.493519 0.922396 0.496296 0.922396 0.500926 0.923958 0.507407 0.926562 0.510185 0.927604 0.512963 0.929688 0.514815
0 0.930729 0.515741 0.931771 0.513889 0.932813 0.514815 0.934375 0.512963 0.934896 0.513889 0.936979 0.512037 0.938021 0.510185 0.939062 0.509259 0.940625 0.505556 0.941146 0.502778 0.941146 0.498148 0.939583 0.496296 0.940625 0.494444 0.939583 0.493519 0.938542 0.487963 0.937500 0.487037 0.935938 0.483333 0.933333 0.481481 0.932292 0.481481 0.931250 0.482407 0.929167 0.481481 0.890104 0.581481 0.890104 0.582407 0.887500 0.584259 0.887500 0.586111 0.885417 0.588889 0.885417 0.589815 0.884896 0.592593 0.885417 0.593518
0 0.884896 0.598148 0.885938 0.603704 0.885938 0.605556 0.886458 0.605556 0.888542 0.610185 0.891146 0.612963 0.894792 0.609259 0.895833 0.610185 0.897396 0.609259 0.897917 0.607407 0.898958 0.604630 0.898958 0.602778 0.899479 0.600926 0.899479 0.597222 0.898438 0.596296 0.899479 0.594444 0.897917 0.587963 0.895312 0.584259 0.894792 0.582407 0.894271 0.582407 0.892708 0.581481 0.891146 0.581481 0.972396 0.577778 0.972396 0.579630 0.970833 0.580556 0.970833 0.581481
0 0.969792 0.582407 0.968229 0.587963 0.968229 0.588889 0.967708 0.590741 0.967708 0.595370 0.969271 0.602778 0.971875 0.605556 0.972917 0.607407 0.975000 0.609259 0.976042 0.610185 0.977083 0.608333 0.978125 0.609259 0.979688 0.608333 0.980208 0.608333 0.982813 0.606481 0.983333 0.604630 0.984375 0.603704 0.985937 0.600926 0.985937 0.598148
0 0.986458 0.593518 0.985417 0.590741 0.985937 0.588889 0.984896 0.587963 0.983333 0.582407 0.982813 0.582407 0.981250 0.577778 0.978646 0.576852 0.977604 0.575926 0.976562 0.576852 0.974479 0.575926 0.952604 0.504630 0.952604 0.505556 0.951042 0.507407 0.951042 0.508333 0.950000 0.509259 0.947917 0.513889 0.948438 0.514815 0.947917 0.517593 0.947917 0.522222 0.949479 0.528704 0.952083 0.531482 0.953125 0.534259 0.955208 0.536111 0.956250 0.536111 0.957292 0.535185 0.958333 0.536111 0.959375 0.534259 0.960417 0.535185
0 0.962500 0.533333 0.963542 0.531482 0.964583 0.530556 0.965625 0.526852 0.966146 0.524074 0.966146 0.519444 0.965104 0.517593 0.966146 0.515741 0.965104 0.514815 0.963542 0.510185 0.963021 0.508333 0.961458 0.504630 0.958854 0.502778 0.957292 0.502778 0.956771 0.503704 0.954687 0.502778 0.911458 0.517593 0.910937 0.520370 0.910417 0.520370 0.909375 0.525000 0.909896 0.525926 0.909375 0.526852 0.909896 0.528704 0.909896 0.530556 0.910937 0.534259 0.911458 0.534259 0.911979 0.536111 0.912500 0.537037 0.913021 0.538889
0 0.915104 0.540741 0.915625 0.540741 0.917188 0.541667 0.917708 0.541667 0.918229 0.538889 0.920313 0.537963 0.920833 0.536111 0.921875 0.534259 0.922396 0.531482 0.920833 0.527778 0.921354 0.525000 0.920833 0.522222 0.919792 0.522222 0.918750 0.516667 0.918229 0.516667 0.917708 0.516667 0.916667 0.516667 0.916146 0.516667 0.914583 0.515741 0.913021 0.518519 0.912500 0.516667 0.875521 0.596296 0.877083 0.599074 0.879167 0.599074 0.880729 0.597222 0.880729 0.591667 0.878125 0.587037 0.875521 0.588889 0.875000 0.593518 0.873438 0.627778 0.874479 0.630556 0.876562 0.630556
0 0.878646 0.627778 0.878125 0.622222 0.876042 0.618519 0.873438 0.620370 0.872396 0.625000 0.869271 0.668519 0.870833 0.671296 0.872917 0.671296 0.875000 0.668519 0.874479 0.662963 0.872396 0.659259 0.869792 0.661111 0.868750 0.665741 0.853125 0.687037 0.854167 0.689815 0.856250 0.690741 0.858333 0.687963 0.858333 0.682407 0.855729 0.677778 0.853125 0.680556 0.852083 0.684259 0.869271 0.707407 0.870833 0.712037 0.873958 0.713889 0.877083 0.712963 0.879167 0.709259 0.879687 0.703704 0.879167 0.697222 0.877604 0.692593 0.873958 0.691667 0.870833 0.693519 0.869271 0.697222
0 0.868229 0.701852 0.888542 0.714815 0.890104 0.720370 0.892708 0.721296 0.895833 0.720370 0.897917 0.716667 0.898958 0.712037 0.898438 0.704630 0.896875 0.700926 0.893229 0.699074 0.889583 0.700926 0.888021 0.704630 0.886979 0.710185 0.833854 0.627778 0.835938 0.633333 0.838542 0.634259 0.841667 0.633333 0.843750 0.629630 0.844792 0.625000 0.844271 0.617593 0.842708 0.613889 0.838542 0.612037 0.835417 0.613889 0.833854 0.617593 0.832812 0.622222 0.751042 0.582407 0.752604 0.587963 0.755208 0.588889 0.758854 0.587963 0.760938 0.584259
0 0.761458 0.579630 0.760938 0.572222 0.759375 0.568519 0.755729 0.566667 0.752604 0.568519 0.751042 0.572222 0.750000 0.576852 0.777083 0.563889 0.779167 0.568519 0.781771 0.570370 0.784896 0.569444 0.786979 0.565741 0.787500 0.560185 0.787500 0.553704 0.785937 0.549074 0.781771 0.548148 0.778646 0.550000 0.777083 0.552778 0.776042 0.558333 0.758854 0.487037 0.762500 0.499074 0.769792 0.501852 0.777083 0.496296 0.780208 0.489815 0.781250 0.473148 0.780729 0.465741 0.778646 0.458333 0.773438 0.454630 0.766667 0.452778 0.760938 0.460185
0 0.757292 0.468519 0.757812 0.478704 0.715104 0.450000 0.716667 0.454630 0.719271 0.456481 0.722396 0.455556 0.724479 0.451852 0.725521 0.446296 0.725000 0.439815 0.723437 0.436111 0.719792 0.434259 0.716146 0.436111 0.714583 0.439815 0.713542 0.444444 0.743229 0.441667 0.743229 0.443519 0.742188 0.444444 0.741667 0.445370 0.741146 0.446296 0.740625 0.447222 0.740104 0.448148 0.739583 0.451852 0.739583 0.452778 0.739583 0.456481
0 0.741146 0.464815 0.742188 0.464815 0.743229 0.467593 0.745313 0.469444 0.746354 0.468519 0.746875 0.468519 0.748438 0.467593 0.749479 0.468519 0.750521 0.467593 0.751562 0.465741 0.752604 0.464815 0.752604 0.463889 0.753646 0.462037 0.754167 0.460185 0.753646 0.458333 0.753646 0.456481 0.753646 0.455556 0.754167 0.453704 0.752083 0.446296 0.751562 0.444444 0.750521 0.441667 0.748958 0.440741 0.748438 0.442593 0.747917 0.440741 0.746875 0.441667 0.745833 0.440741 0.744792 0.441667 0.744271 0.441667 0.850000 0.427778 0.852083 0.433333 0.854688 0.435185 0.857813 0.433333
0 0.859896 0.430556 0.860417 0.425000 0.860417 0.418519 0.858854 0.413889 0.854688 0.412963 0.851562 0.414815 0.850000 0.417593 0.848958 0.423148 0.878125 0.362037 0.879687 0.366667 0.882292 0.368519 0.885938 0.367593 0.888021 0.363889 0.888542 0.358333 0.888021 0.351852 0.886458 0.348148 0.882812 0.346296 0.879687 0.348148 0.878125 0.351852 0.877083 0.356481 0.688542 0.390741 0.688021 0.391667 0.687500 0.392593 0.686979 0.394444 0.685938 0.394444 0.685938 0.396296 0.685417 0.396296 0.684375 0.400926 0.684896 0.401852 0.684375 0.405556 0.686458 0.412963 0.686979 0.413889
0 0.688542 0.415741 0.690625 0.417593 0.691667 0.416667 0.692187 0.417593 0.693750 0.416667 0.694271 0.416667 0.695833 0.415741 0.696354 0.413889 0.697917 0.412963 0.698438 0.411111 0.698958 0.411111 0.698438 0.409259 0.698958 0.407407 0.698958 0.405556 0.698958 0.404630 0.699479 0.401852 0.697396 0.393519 0.696354 0.393519 0.695312 0.390741 0.693750 0.389815 0.692708 0.388889 0.691667 0.389815 0.691146 0.389815 0.690104 0.391667 0.689583 0.389815 0.755208 0.306481 0.754687 0.307407 0.753646 0.308333 0.753646 0.310185
0 0.752604 0.310185 0.752604 0.312037 0.752083 0.312037 0.751042 0.316667 0.751562 0.317593 0.751042 0.321296 0.753125 0.328704 0.753646 0.329630 0.755208 0.331481 0.757292 0.333333 0.758333 0.332407 0.758854 0.333333 0.760417 0.331481 0.760938 0.332407 0.762500 0.331481 0.763021 0.329630 0.764583 0.328704 0.765104 0.326852 0.765104 0.325000 0.765625 0.323148 0.766146 0.321296 0.765625 0.319444 0.766146 0.317593 0.764063 0.309259 0.763021 0.308333 0.761979 0.306481 0.760417 0.305556
0 0.759896 0.306481 0.759375 0.304630 0.758333 0.305556 0.757812 0.305556 0.756771 0.305556 0.756250 0.305556 0.710938 0.386111 0.713021 0.391667 0.716667 0.394444 0.721875 0.391667 0.722917 0.384259
0 0.722396 0.377778 0.720312 0.370370 0.717708 0.366667 0.713542 0.368519 0.710938 0.375000 0.707812 0.339815 0.710417 0.343519 0.714063 0.341667 0.715625 0.336111 0.714583 0.330556 0.712500 0.328704
0 0.710938 0.328704 0.708333 0.331481 0.707812 0.335185 0.608333 0.585185 0.609896 0.588889 0.613021 0.589815 0.614583 0.587037 0.614583 0.580556 0.612500 0.576852 0.609896 0.578704 0.572917 0.707407 0.572917 0.708333 0.571875 0.709259 0.571354 0.710185 0.570833 0.711111 0.570312 0.712963 0.569792 0.712963 0.569792 0.714815 0.568229 0.716667 0.567708 0.719444 0.568750 0.722222 0.568229 0.723148 0.569792 0.728704
0 0.570312 0.728704 0.571354 0.732407 0.572396 0.735185 0.573438 0.733333 0.575521 0.733333 0.577083 0.732407 0.577604 0.733333 0.579167 0.732407 0.579687 0.730556 0.581250 0.727778 0.581771 0.724074
0 0.581250 0.722222 0.581771 0.720370 0.580729 0.719444 0.581250 0.717593 0.580208 0.713889 0.579687 0.712037 0.579167 0.710185 0.576042 0.708333 0.575521 0.708333 0.574479 0.707407 0.573958 0.707407 0.500000 0.594444 0.500000 0.596296 0.497396 0.598148 0.497396 0.599074 0.495833 0.601852 0.495833 0.602778 0.495833 0.603704 0.495833 0.606481 0.496354 0.609259 0.495833 0.611111 0.497917 0.617593 0.498437 0.617593 0.498958 0.620370 0.500521 0.621296 0.501562 0.620370 0.502083 0.621296 0.504167 0.619444 0.504687 0.619444 0.506771 0.618519 0.506771 0.617593 0.507812 0.615741 0.508854 0.610185 0.508333 0.608333
0 0.508333 0.604630 0.506771 0.598148 0.506250 0.599074 0.505729 0.597222 0.502083 0.594444 0.501042 0.593518 0.518229 0.610185 0.518229 0.611111 0.515625 0.612963 0.515625 0.614815 0.514063 0.616667 0.514063 0.617593 0.514063 0.618519 0.513542 0.621296 0.514583 0.625000 0.514063 0.625926 0.516146 0.632407 0.516667 0.633333 0.517187 0.635185 0.518229 0.637037 0.519271 0.635185 0.520312 0.636111 0.522396 0.634259 0.522917 0.635185 0.525000 0.634259 0.525521 0.631481 0.526042 0.631481 0.527083 0.625926 0.526563 0.624074 0.526563 0.620370 0.525000 0.614815 0.524479 0.613889 0.523958 0.612037
0 0.520312 0.609259 0.519792 0.609259 0.519271 0.609259 0.526563 0.525926 0.526042 0.526852 0.523958 0.529630 0.522917 0.534259 0.522396 0.535185 0.521875 0.539815 0.522396 0.541667 0.521875 0.543519 0.523958 0.550926 0.524479 0.550926 0.525000 0.552778 0.526042 0.553704 0.526563 0.556481 0.528125 0.557407 0.528646 0.557407 0.529167 0.558333 0.530208 0.557407
0 0.530729 0.557407 0.531771 0.556481 0.532292 0.557407 0.534896 0.555556 0.535417 0.553704 0.535937 0.553704 0.536979 0.551852 0.537500 0.551852 0.538021 0.549074 0.538542 0.548148 0.538542 0.547222 0.538542 0.545370 0.538542 0.543519 0.539062 0.541667 0.538542 0.539815 0.539062 0.538889 0.538542 0.537037 0.538021 0.537037 0.536458 0.532407 0.535937 0.531482
0 0.535417 0.529630 0.531250 0.525926 0.530729 0.526852 0.528125 0.525000 0.527083 0.525926 0.540104 0.686111 0.541667 0.691667 0.544792 0.693519 0.548437 0.690741 0.549479 0.684259 0.549479 0.678704 0.547396 0.674074 0.543750 0.673148 0.541667 0.676852 0.570833 0.695370 0.571875 0.697222 0.575000 0.697222 0.576563 0.693519 0.575000 0.686111 0.572396 0.684259
0 0.570312 0.686111 0.570312 0.691667 0.555729 0.668519 0.557292 0.670370 0.559896 0.670370 0.561458 0.666667 0.559896 0.659259 0.557292 0.657407 0.555208 0.659259 0.555208 0.663889 0.565104 0.795370 0.566667 0.797222 0.569792 0.797222 0.570833 0.792593 0.569792 0.786111 0.567187 0.783333 0.565104 0.786111 0.564583 0.790741 0.531771 0.736111 0.531771 0.737037
0 0.530208 0.737963 0.529688 0.739815 0.528646 0.740741 0.528125 0.744444 0.528646 0.745370 0.528125 0.749074 0.528646 0.750926 0.528125 0.752778 0.530208 0.760185 0.534896 0.765741 0.536458 0.763889 0.536979 0.764815 0.540625 0.762037 0.540625 0.762963 0.541667 0.761111 0.542708 0.761111 0.543229 0.758333 0.544271 0.756481 0.545313 0.749074 0.543229 0.739815
0 0.542708 0.739815 0.540625 0.735185 0.538021 0.734259 0.534896 0.733333 0.674479 0.749074 0.676042 0.750926 0.678646 0.750926 0.680208 0.747222 0.678646 0.739815 0.676042 0.737963 0.673958 0.739815 0.673958 0.745370 0.578125 0.892593 0.579687 0.895370 0.582812 0.894444 0.584375 0.890741 0.582812 0.884259 0.580208 0.881481 0.578125 0.884259 0.577604 0.888889 0.567187 0.914815 0.568750 0.916667 0.571875 0.916667 0.572917 0.912963 0.571875 0.905556 0.569271 0.903704 0.567187 0.905556 0.566667 0.911111 0.560938 0.947222 0.562500 0.952778
0 0.564583 0.954630 0.569271 0.952778 0.570312 0.950926 0.571875 0.943519 0.570833 0.936111 0.566667 0.931481 0.563021 0.933333 0.560417 0.937963 0.560417 0.940741 0.548958 0.936111 0.550521 0.941667 0.552604 0.944444 0.557813 0.942593 0.558854 0.939815 0.560417 0.933333 0.558854 0.925000 0.555208 0.920370 0.551042 0.923148 0.548958 0.926852 0.548437 0.930556
0 0.472396 0.930556 0.474479 0.936111 0.476042 0.937963 0.481250 0.936111 0.482292 0.934259 0.483854 0.926852 0.482292 0.919444 0.478646 0.914815 0.474479 0.916667 0.472396 0.921296 0.471875 0.924074 0.381250 0.861111 0.382812 0.865741 0.386458 0.867593 0.389583 0.864815 0.389583 0.859259 0.388021 0.853704 0.385938 0.850000 0.382812 0.850000 0.381250 0.854630
0 0.332292 0.878704 0.333854 0.883333 0.337500 0.885185 0.340104 0.882407 0.340625 0.876852 0.339063 0.871296 0.336979 0.867593 0.333333 0.867593 0.331771 0.872222 0.376563 0.584259 0.378125 0.588889 0.380729 0.590741 0.384375 0.588889 0.386458 0.583333 0.385417 0.575926 0.382292 0.572222 0.378646 0.575000 0.377604 0.578704 0.388021 0.632407 0.389062 0.637037
0 0.392188 0.638889 0.395312 0.636111 0.397396 0.631481 0.396354 0.623148 0.393229 0.620370 0.389583 0.622222 0.388542 0.625926 0.364583 0.540741 0.365625 0.545370 0.368750 0.547222 0.372396 0.545370 0.373958 0.539815 0.372917 0.532407 0.370313 0.528704 0.366667 0.531482 0.365104 0.535185 0.359375 0.570370 0.357812 0.574074 0.356771 0.584259 0.357812 0.588889 0.358333 0.589815 0.359896 0.593518 0.360938 0.595370 0.364583 0.598148 0.367188 0.598148 0.370313 0.595370 0.371354 0.596296 0.372917 0.594444 0.373958 0.592593 0.375000 0.586111 0.373958 0.585185 0.375000 0.583333 0.373437 0.579630 0.373958 0.576852
0 0.372917 0.575926 0.372396 0.573148 0.371875 0.573148 0.371354 0.571296 0.367708 0.566667 0.365625 0.566667 0.360938 0.571296 0.360417 0.569444 0.328125 0.574074 0.325000 0.575926 0.323438 0.584259 0.323958 0.586111 0.323958 0.587963 0.325000 0.593518 0.326042 0.593518 0.326562 0.596296 0.327083 0.596296 0.327604 0.597222 0.329167 0.598148 0.334896 0.593518
0 0.335938 0.591667 0.336979 0.590741 0.336458 0.588889 0.336979 0.586111 0.336979 0.582407 0.334896 0.575000 0.330729 0.571296 0.401042 0.635185 0.402604 0.640741 0.405729 0.639815 0.406771 0.636111 0.406250 0.630556 0.404167 0.628704 0.402083 0.629630 0.452604 0.786111 0.454688 0.792593 0.458333 0.795370 0.463542 0.791667 0.465104 0.781482 0.464583 0.775926
0 0.460938 0.768519 0.457292 0.769444 0.454167 0.772222 0.452083 0.778704 0.492708 0.760185 0.494792 0.766667 0.498437 0.768519 0.503646 0.764815 0.505729 0.755556 0.504687 0.749074 0.501562 0.742593 0.497396 0.742593 0.494271 0.745370 0.492188 0.751852 0.448958 0.664815 0.448438 0.664815 0.447917 0.665741 0.447396 0.666667 0.446354 0.667593 0.446354 0.669444
0 0.445312 0.670370 0.445312 0.671296 0.443229 0.674074 0.442708 0.676852 0.443229 0.680556 0.443229 0.682407 0.445312 0.690741 0.445833 0.691667 0.446354 0.693519 0.448438 0.696296 0.448958 0.696296 0.450521 0.697222 0.452604 0.697222 0.453646 0.696296 0.456250 0.697222 0.457812 0.695370 0.458333 0.693519 0.459375 0.693519 0.462500 0.684259 0.462500 0.679630 0.461458 0.678704 0.461979 0.676852 0.460417 0.671296 0.459896 0.669444 0.459375 0.667593 0.457292 0.664815 0.449479 0.662963 0.482292 0.537963 0.483854 0.541667 0.487500 0.543519 0.491146 0.539815 0.490625 0.532407 0.487500 0.527778
0 0.483333 0.529630 0.472917 0.527778 0.474479 0.531482 0.478125 0.531482 0.480208 0.525926 0.479167 0.522222 0.477604 0.520370 0.473958 0.521296 0.465104 0.326852 0.462500 0.328704 0.462500 0.330556
0 0.461979 0.330556 0.461458 0.334259 0.460938 0.335185 0.460417 0.336111 0.460938 0.337037 0.460417 0.340741 0.460938 0.342593 0.460938 0.344444 0.462500 0.350926
0 0.467187 0.354630 0.468229 0.353704 0.469271 0.354630 0.472917 0.351852 0.473437 0.350000 0.475521 0.348148 0.475521 0.343519 0.476042 0.341667 0.476562 0.339815
0 0.475521 0.337963 0.476042 0.336111 0.474479 0.330556 0.472917 0.328704 0.472396 0.325926 0.469792 0.324074 0.468750 0.325000 0.467708 0.324074 0.402083 0.313889
0 0.403646 0.317593 0.406250 0.314815 0.405729 0.310185 0.403125 0.310185 0.419792 0.287963 0.419792 0.289815 0.417708 0.293519 0.417188 0.297222 0.417188 0.299074
0 0.417188 0.302778 0.418229 0.306481 0.418750 0.307407 0.419792 0.310185 0.422396 0.312037 0.422917 0.312963 0.423438 0.315741 0.424479 0.313889 0.425000 0.315741
0 0.426042 0.313889 0.426562 0.315741 0.427083 0.312963 0.429167 0.312037 0.429688 0.309259 0.430729 0.309259 0.431250 0.308333 0.432292 0.306481 0.432292 0.301852
0 0.432292 0.300926 0.432813 0.299074 0.431771 0.293519 0.430729 0.292593 0.429688 0.287037 0.426562 0.285185 0.426042 0.286111 0.425521 0.284259 0.421875 0.287037 0.421354 0.287037
0 0.425521 0.016667 0.426562 0.019444 0.428125 0.019444 0.429688 0.017593 0.429688 0.014815 0.428125 0.011111 0.426562 0.012037
