0 0.336267 0.451500 0.334665 0.453647 0.331638 0.455459 0.329235 0.458680 0.327457 0.463311 0.326659 0.468426 0.327286 0.473878 0.328356 0.475141 0.328535 0.476698 0.329784 0.479519 0.333528 0.483938 0.335933 0.484758 0.337714 0.484168 0.338249 0.484800 0.341366 0.483767 0.341722 0.482841 0.343503 0.482251 0.345550 0.479956 0.347949 0.472693 0.347591 0.469578 0.347947 0.468652 0.346961 0.460085 0.344908 0.454297 0.342324 0.451919 0.340543 0.452509 0.340008 0.451878 0.336801 0.452131
0 0.292636 0.793388 0.289742 0.794346 0.285738 0.799715 0.283604 0.805273 0.282985 0.811946 0.284147 0.818029 0.286555 0.822890 0.292170 0.827499 0.293595 0.827835 0.298048 0.826360 0.301786 0.822696 0.304365 0.816991 0.305074 0.811097 0.303998 0.801751 0.302035 0.796742 0.299896 0.794217 0.295530 0.792429
0 0.114212 0.960015 0.113856 0.960942 0.112075 0.961532 0.111720 0.962458 0.110829 0.962753 0.108961 0.966605 0.108074 0.970942 0.108435 0.978099 0.108970 0.978730 0.109952 0.983255 0.113251 0.987822 0.115122 0.988011 0.115657 0.988642 0.116992 0.988200 0.117527 0.988831 0.120644 0.987799 0.121000 0.986873 0.123581 0.985209 0.124738 0.983209 0.124648 0.982430 0.125981 0.977946 0.125712 0.975610 0.126068 0.974683 0.125351 0.968453 0.123388 0.963444 0.121694 0.960771 0.119734 0.959803 0.117418 0.959762 0.116883 0.959131
0 0.354294 0.760838 0.351536 0.764985 0.349044 0.767428 0.348332 0.769280 0.346823 0.776248 0.347092 0.778584 0.346736 0.779511 0.347543 0.786520 0.349326 0.789971 0.349506 0.791529 0.354496 0.794727 0.357346 0.795400 0.364381 0.792261 0.366783 0.789040 0.368651 0.785188 0.369360 0.779293 0.368464 0.771505 0.366501 0.766496 0.363737 0.762561 0.360262 0.760478 0.358481 0.761068 0.355630 0.760395
0 0.304127 0.730562 0.303772 0.731488 0.300299 0.733447 0.295673 0.741447 0.294965 0.747341 0.296130 0.757466 0.296844 0.759655 0.300677 0.764853 0.304598 0.766788 0.308160 0.765608 0.308694 0.766240 0.312612 0.764134 0.315460 0.760765 0.316527 0.757986 0.317678 0.747903 0.316871 0.740894 0.314284 0.734474 0.312144 0.731949 0.306799 0.729677
0 0.366022 0.718146 0.365666 0.719072 0.362995 0.719957 0.360147 0.723326 0.359080 0.726104 0.358635 0.726252 0.357571 0.733072 0.358287 0.739303 0.361410 0.746353 0.363014 0.748247 0.364975 0.749215 0.368626 0.748814 0.369161 0.749445 0.371387 0.748708 0.371743 0.747782 0.375126 0.745044 0.377525 0.737781 0.377167 0.734666 0.377523 0.733740 0.376181 0.726099 0.373683 0.720459 0.372614 0.719196 0.371723 0.719491 0.370208 0.718376 0.369318 0.718671 0.367358 0.717703
0 0.224420 0.873385 0.224064 0.874312 0.222283 0.874901 0.221928 0.875828 0.219791 0.877344 0.218368 0.881049 0.217481 0.885386 0.218198 0.891616 0.218732 0.892247 0.219091 0.895362 0.222924 0.900561 0.225685 0.900455 0.226220 0.901086 0.230673 0.899611 0.231028 0.898685 0.233610 0.897021 0.234677 0.894242 0.235209 0.890832 0.235030 0.889275 0.235386 0.888348 0.235117 0.886012 0.235472 0.885086 0.234938 0.884454 0.234490 0.880560 0.231992 0.874920 0.229497 0.873321 0.226736 0.873427 0.226201 0.872795
0 0.444029 0.950214 0.443673 0.951140 0.441002 0.952025 0.440646 0.952951 0.439310 0.953394 0.438509 0.954468 0.436731 0.959099 0.436910 0.960657 0.436378 0.964067 0.436913 0.964698 0.437361 0.968592 0.437896 0.969224 0.438075 0.970781 0.439324 0.973601 0.441464 0.976127 0.442444 0.976611 0.444670 0.975873 0.445205 0.976505 0.448322 0.975472 0.448677 0.974546 0.449568 0.974251 0.451169 0.972103 0.452236 0.969325 0.453034 0.964209 0.452318 0.957979 0.450444 0.953748 0.447860 0.951371 0.444919 0.949919
0 0.290485 0.451303 0.285234 0.457893 0.283904 0.466418 0.284442 0.471091 0.284977 0.471723 0.285335 0.474838 0.285870 0.475469 0.286049 0.477027 0.288189 0.479552 0.292554 0.481340 0.296116 0.480160 0.296472 0.479234 0.298253 0.478644 0.298608 0.477718 0.299499 0.477423 0.301988 0.470939 0.301809 0.469381 0.302341 0.465971 0.301624 0.459740 0.300465 0.457699 0.299661 0.454731 0.296007 0.451091 0.294671 0.451533 0.294136 0.450902 0.291910 0.451639 0.291375 0.451008
0 0.429963 0.831983 0.429608 0.832910 0.428272 0.833352 0.425780 0.835795 0.423912 0.839647 0.422492 0.847394 0.422761 0.849730 0.422405 0.850657 0.423122 0.856887 0.424995 0.861117 0.429185 0.865389 0.434886 0.866735 0.439159 0.863702 0.441562 0.860481 0.443251 0.855071 0.442982 0.852734 0.443514 0.849324 0.442889 0.847914 0.441993 0.840126 0.440744 0.837306 0.438515 0.834002 0.437000 0.832886 0.431744 0.831393
0 0.270023 0.486377 0.265571 0.487852 0.261211 0.494147 0.260589 0.496779 0.260858 0.499115 0.260149 0.505009 0.260777 0.510461 0.260511 0.512166 0.263008 0.517806 0.267643 0.521931 0.271474 0.523087 0.275926 0.521612 0.278774 0.518244 0.281263 0.511760 0.281882 0.505087 0.281611 0.498709 0.281076 0.498078 0.280628 0.494184 0.278665 0.489174 0.272249 0.485640
0 0.206229 0.715288 0.201867 0.717542 0.197507 0.723837 0.196442 0.730657 0.197428 0.739224 0.198142 0.741413 0.199391 0.744233 0.205185 0.750399 0.211864 0.748187 0.213110 0.746966 0.214177 0.744187 0.216224 0.741892 0.218444 0.733071 0.218974 0.725620 0.218436 0.720947 0.217097 0.717348 0.214602 0.715749 0.211841 0.715855 0.208901 0.714403
0 0.522591 0.568459 0.522236 0.569385 0.520010 0.570122 0.518408 0.572270 0.516898 0.579238 0.517257 0.582353 0.516901 0.583279 0.518598 0.589994 0.521807 0.593782 0.522787 0.594265 0.529466 0.592053 0.531334 0.588201 0.531779 0.588053 0.531690 0.587274 0.532667 0.583717 0.532488 0.582159 0.533109 0.579528 0.532930 0.577970 0.532395 0.577339 0.532037 0.574224 0.530432 0.572330 0.529183 0.569509 0.526153 0.567279
0 0.227064 0.703536 0.225462 0.705684 0.222880 0.707348 0.221723 0.709348 0.221012 0.711200 0.220214 0.716315 0.221021 0.723325 0.221555 0.723956 0.222986 0.732375 0.227176 0.736647 0.230292 0.735615 0.230827 0.736246 0.235190 0.733993 0.238749 0.728771 0.240169 0.721025 0.239900 0.718688 0.240432 0.715278 0.239805 0.709826 0.237932 0.705596 0.235792 0.703071 0.233832 0.702103 0.231606 0.702840 0.231071 0.702209
0 0.615961 0.604636 0.613290 0.605521 0.610442 0.608890 0.609288 0.614931 0.609646 0.618047 0.609291 0.618973 0.610811 0.628171 0.611346 0.628802 0.612150 0.631770 0.618565 0.635305 0.624264 0.632608 0.625866 0.630461 0.627288 0.626756 0.627019 0.624420 0.627641 0.621788 0.626566 0.612442 0.626031 0.611811 0.625762 0.609475 0.622463 0.604908 0.622018 0.605055 0.620948 0.603793 0.619167 0.604383 0.618633 0.603751
0 0.728168 0.704104 0.723719 0.709620 0.723007 0.711473 0.722475 0.714883 0.722654 0.716441 0.722299 0.717367 0.723016 0.723597 0.723550 0.724229 0.724444 0.727975 0.726673 0.731279 0.731038 0.733067 0.734155 0.732035 0.734511 0.731108 0.736292 0.730519 0.736647 0.729592 0.737538 0.729297 0.738960 0.725592 0.739492 0.722182 0.739224 0.719846 0.739579 0.718919 0.738952 0.713468 0.738417 0.712836 0.738148 0.710500 0.737613 0.709869 0.736810 0.706901 0.735205 0.705007 0.735116 0.704228 0.734225 0.704523 0.732265 0.703555 0.730929 0.703998 0.730394 0.703367
0 0.420899 0.604568 0.418051 0.607936 0.416716 0.608379 0.414492 0.613158 0.413338 0.619199 0.413610 0.625577 0.414145 0.626208 0.415038 0.629955 0.418247 0.633743 0.422078 0.634900 0.427065 0.634056 0.427421 0.633130 0.428757 0.632687 0.430804 0.630392 0.432226 0.626687 0.432758 0.623277 0.432579 0.621719 0.433201 0.619088 0.432840 0.611931 0.432305 0.611300 0.431411 0.607554 0.430342 0.606291 0.427847 0.604692 0.426956 0.604987 0.424996 0.604019 0.423660 0.604462 0.423125 0.603830
0 0.390242 0.579149 0.385792 0.584665 0.384459 0.589149 0.384017 0.593338 0.384913 0.601126 0.385448 0.601757 0.385716 0.604094 0.386251 0.604725 0.386431 0.606283 0.388570 0.608808 0.390530 0.609776 0.391421 0.609481 0.393381 0.610449 0.399525 0.607605 0.400326 0.606531 0.402815 0.600047 0.403081 0.598342 0.402902 0.596785 0.403524 0.594153 0.402989 0.593522 0.402361 0.588070 0.401827 0.587439 0.400933 0.583692 0.396654 0.578642 0.395764 0.578937 0.395229 0.578305 0.392558 0.579190 0.392023 0.578559
0 0.172074 0.912553 0.168425 0.916995 0.167714 0.918848 0.166916 0.923963 0.167902 0.932530 0.168436 0.933161 0.168705 0.935498 0.172539 0.940696 0.174409 0.940885 0.174944 0.941516 0.175835 0.941221 0.176370 0.941852 0.177260 0.941557 0.177616 0.940631 0.181178 0.939451 0.181533 0.938525 0.183225 0.937156 0.185179 0.930041 0.184911 0.927705 0.185266 0.926778 0.184729 0.922105 0.184194 0.921474 0.183925 0.919138 0.181517 0.914276 0.179912 0.912382 0.177952 0.911414 0.175726 0.912152 0.175191 0.911520
0 0.613593 0.399257 0.613237 0.400184 0.612346 0.400479 0.611991 0.401405 0.611546 0.401552 0.609412 0.407110 0.609680 0.409446 0.609325 0.410373 0.609773 0.414267 0.610308 0.414898 0.611022 0.417087 0.612716 0.419760 0.613161 0.419612 0.614231 0.420875 0.614676 0.420727 0.615211 0.421359 0.616102 0.421064 0.616636 0.421695 0.618417 0.421105 0.618773 0.420179 0.620554 0.419589 0.620910 0.418663 0.621800 0.418368 0.622156 0.417442 0.622601 0.417294 0.622511 0.416515 0.623223 0.414663 0.623043 0.413105 0.623399 0.412179 0.622503 0.404391 0.621968 0.403759 0.621789 0.402202 0.621254 0.401570 0.621164 0.400792 0.619560 0.398898 0.618669 0.399193 0.618135 0.398561 0.616799 0.399004 0.616264 0.398372
0 0.608647 0.460723 0.605976 0.461608 0.605620 0.462534 0.604284 0.462977 0.602061 0.467756 0.601263 0.472871 0.601890 0.478323 0.602425 0.478954 0.603318 0.482700 0.607597 0.487751 0.609823 0.487014 0.610358 0.487645 0.614365 0.486318 0.615967 0.484170 0.618101 0.478612 0.617653 0.474718 0.618008 0.473792 0.617202 0.466783 0.615508 0.464110 0.615418 0.463331 0.613279 0.460806 0.611319 0.459838
0 0.175144 0.585717 0.173542 0.587864 0.170518 0.593717 0.170787 0.596053 0.170431 0.596980 0.170879 0.600874 0.171414 0.601505 0.171772 0.604620 0.174447 0.607777 0.174536 0.608556 0.174981 0.608408 0.177031 0.610155 0.177922 0.609860 0.178457 0.610491 0.178812 0.609565 0.183265 0.608090 0.184066 0.607016 0.185488 0.603311 0.186020 0.599901 0.185124 0.592113 0.183965 0.590071 0.183786 0.588514 0.181111 0.585357 0.180221 0.585652 0.179686 0.585021 0.176569 0.586053 0.176034 0.585422
0 0.279852 0.531631 0.276735 0.532663 0.275134 0.534811 0.273000 0.540368 0.272554 0.540516 0.272022 0.543926 0.272650 0.549378 0.273185 0.550009 0.273453 0.552345 0.274078 0.553756 0.274523 0.553608 0.276662 0.556133 0.276752 0.556912 0.279872 0.559921 0.286105 0.557857 0.288062 0.554783 0.288950 0.550446 0.290017 0.547668 0.289838 0.546110 0.290193 0.545184 0.289208 0.536617 0.286534 0.533460 0.285909 0.532050 0.282969 0.530599
0 0.333390 0.928650 0.333034 0.929576 0.331788 0.930798 0.331432 0.931724 0.331522 0.932503 0.329388 0.938060 0.329926 0.942733 0.331620 0.945406 0.332334 0.947595 0.334473 0.950120 0.335364 0.949825 0.336879 0.950940 0.337235 0.950014 0.340351 0.948982 0.340707 0.948056 0.342043 0.947613 0.342398 0.946687 0.342844 0.946539 0.344263 0.938793 0.343636 0.933341 0.343101 0.932710 0.342387 0.930521 0.341317 0.929258 0.341228 0.928479 0.339713 0.927364 0.337487 0.928102 0.336952 0.927470
0 0.058904 0.836850 0.058548 0.837777 0.056322 0.838514 0.053387 0.845145 0.052679 0.851039 0.053127 0.854934 0.052771 0.855860 0.053930 0.857901 0.054734 0.860869 0.058478 0.865288 0.059368 0.864993 0.059903 0.865625 0.062575 0.864740 0.063110 0.865371 0.065781 0.864486 0.066137 0.863560 0.067828 0.862191 0.070763 0.855560 0.070494 0.853223 0.070850 0.852297 0.070043 0.845288 0.069508 0.844657 0.069329 0.843099 0.068794 0.842468 0.067991 0.839500 0.067545 0.839647 0.064961 0.837270 0.063535 0.836933 0.062466 0.835670
0 0.453049 0.641619 0.448003 0.643291 0.446401 0.645438 0.445245 0.647438 0.443912 0.651922 0.444091 0.653480 0.443559 0.656890 0.444097 0.661563 0.444631 0.662194 0.444900 0.664530 0.446060 0.666572 0.448734 0.669729 0.451764 0.671959 0.453100 0.671516 0.453634 0.672148 0.458532 0.670525 0.459333 0.669452 0.461201 0.665599 0.461733 0.662189 0.462800 0.659410 0.462620 0.657853 0.462976 0.656926 0.462170 0.649917 0.459493 0.642719 0.455572 0.640783
0 0.458008 0.686060 0.457653 0.686987 0.454536 0.688019 0.453735 0.689093 0.450534 0.697429 0.450002 0.700839 0.450630 0.706291 0.450274 0.707217 0.452058 0.710669 0.452237 0.712226 0.455536 0.716793 0.457496 0.717761 0.462038 0.717065 0.462573 0.717696 0.465600 0.715885 0.468002 0.712664 0.469781 0.708032 0.470400 0.701360 0.469772 0.695908 0.467720 0.690120 0.466115 0.688226 0.460235 0.685323
0 0.555822 0.580089 0.555467 0.581016 0.553241 0.581753 0.552885 0.582679 0.550748 0.584195 0.550393 0.585122 0.550482 0.585901 0.550127 0.586827 0.550306 0.588384 0.549950 0.589311 0.550846 0.597099 0.551381 0.597730 0.552274 0.601477 0.553344 0.602739 0.553789 0.602592 0.555304 0.603707 0.557620 0.603748 0.558155 0.604380 0.560292 0.602863 0.561804 0.599937 0.562249 0.599790 0.562960 0.597937 0.562871 0.597158 0.563226 0.596232 0.563047 0.594674 0.563403 0.593748 0.562596 0.586739 0.562061 0.586108 0.561882 0.584550 0.560278 0.582656 0.560188 0.581877 0.559743 0.582025 0.558673 0.580762 0.556357 0.580721
0 0.153406 0.449007 0.153050 0.449933 0.150378 0.450818 0.150023 0.451744 0.147441 0.453408 0.145929 0.456334 0.146018 0.457113 0.144240 0.461745 0.144419 0.463302 0.144064 0.464228 0.144870 0.471238 0.147368 0.476878 0.149508 0.479404 0.152448 0.480855 0.154229 0.480265 0.154764 0.480897 0.158771 0.479569 0.163310 0.474832 0.164733 0.471127 0.164553 0.469569 0.165175 0.466938 0.164817 0.463822 0.165172 0.462896 0.163831 0.455256 0.160978 0.450541 0.159463 0.449426 0.154831 0.449343 0.154296 0.448712
0 0.716343 0.348245 0.711448 0.353909 0.710026 0.357614 0.709939 0.360877 0.709317 0.363508 0.710034 0.369738 0.711908 0.373969 0.714047 0.376494 0.717077 0.378725 0.717967 0.378430 0.719928 0.379397 0.721263 0.378955 0.721619 0.378029 0.722955 0.377586 0.723310 0.376660 0.725447 0.375144 0.727581 0.369586 0.727754 0.363061 0.727220 0.362429 0.726682 0.357756 0.723649 0.351485 0.721599 0.349738 0.717234 0.347950
0 0.378363 0.532149 0.378007 0.533075 0.374980 0.534886 0.373113 0.538739 0.373202 0.539518 0.372225 0.543076 0.372494 0.545412 0.372138 0.546338 0.372586 0.550232 0.373121 0.550864 0.373925 0.553831 0.377223 0.558398 0.379094 0.558587 0.379629 0.559218 0.381410 0.558628 0.381945 0.559260 0.383280 0.558817 0.383636 0.557891 0.384972 0.557448 0.385327 0.556522 0.387464 0.555006 0.389063 0.548817 0.388705 0.545702 0.389060 0.544775 0.388612 0.540881 0.388077 0.540250 0.387808 0.537914 0.385311 0.532273 0.382550 0.532379 0.380589 0.531412
0 0.677284 0.796147 0.676928 0.797074 0.672300 0.801032 0.669810 0.807516 0.670169 0.810631 0.669813 0.811558 0.671154 0.819198 0.674187 0.825470 0.677752 0.828332 0.678642 0.828037 0.680602 0.829004 0.685055 0.827530 0.685410 0.826603 0.687191 0.826013 0.690482 0.818456 0.691190 0.812562 0.690563 0.807110 0.690028 0.806479 0.689849 0.804921 0.688779 0.803658 0.688600 0.802101 0.688155 0.802248 0.683876 0.797198 0.681560 0.797156 0.679600 0.796189 0.678264 0.796631 0.677729 0.796000
0 0.251199 0.700393 0.247461 0.704057 0.245680 0.704646 0.243011 0.709573 0.241591 0.717319 0.241421 0.727886 0.241958 0.732559 0.243386 0.736937 0.246329 0.742430 0.249984 0.746071 0.252834 0.746743 0.257287 0.745269 0.260756 0.739268 0.263422 0.730301 0.264576 0.724259 0.264839 0.718512 0.264212 0.713061 0.260020 0.704747 0.257881 0.702222 0.255920 0.701254 0.251734 0.701024
0 0.664940 0.849553 0.664585 0.850480 0.662358 0.851217 0.662003 0.852143 0.660311 0.853512 0.658889 0.857217 0.658091 0.862332 0.658897 0.869342 0.659432 0.869973 0.659791 0.873088 0.663624 0.878286 0.664604 0.878770 0.667276 0.877885 0.667811 0.878517 0.670482 0.877632 0.672885 0.874410 0.675018 0.868853 0.674750 0.866516 0.675282 0.863106 0.674834 0.859212 0.674299 0.858581 0.674030 0.856244 0.673495 0.855613 0.672691 0.852645 0.669572 0.849636 0.668682 0.849931 0.667167 0.848816
0 0.536498 0.327775 0.533205 0.331291 0.530360 0.338702 0.530273 0.341964 0.529651 0.344596 0.530368 0.350826 0.531528 0.352867 0.532331 0.355835 0.533936 0.357729 0.535896 0.358697 0.539102 0.358443 0.539637 0.359075 0.543199 0.357895 0.546492 0.354379 0.548270 0.349747 0.549514 0.344484 0.548259 0.333581 0.544961 0.329014 0.544871 0.328236 0.543356 0.327120 0.540595 0.327227 0.540060 0.326595
0 0.681219 0.432643 0.680864 0.433569 0.678727 0.435085 0.675523 0.439380 0.674101 0.443085 0.674639 0.447758 0.674283 0.448685 0.674818 0.449316 0.675711 0.453062 0.676781 0.454325 0.676870 0.455104 0.679545 0.458261 0.681505 0.459228 0.682395 0.458933 0.682930 0.459565 0.685156 0.458827 0.685512 0.457901 0.686402 0.457606 0.686758 0.456680 0.688450 0.455311 0.689872 0.451606 0.690138 0.449901 0.689869 0.447564 0.690225 0.446638 0.689687 0.441965 0.689152 0.441334 0.688794 0.438219 0.688169 0.436809 0.686030 0.434283 0.684070 0.433316 0.681754 0.433274
0 0.152840 0.403919 0.152484 0.404845 0.151149 0.405288 0.150793 0.406214 0.149457 0.406657 0.148656 0.407730 0.146523 0.413288 0.145724 0.418403 0.146352 0.423855 0.146887 0.424486 0.147066 0.426044 0.150633 0.432947 0.152148 0.434062 0.155355 0.433809 0.155889 0.434440 0.159897 0.433113 0.160252 0.432186 0.163279 0.430375 0.164702 0.426670 0.165945 0.421407 0.165405 0.412693 0.163352 0.406905 0.160143 0.403117 0.156492 0.403518 0.155957 0.402887
0 0.095201 0.646152 0.094846 0.647079 0.092619 0.647816 0.092264 0.648742 0.090127 0.650259 0.088259 0.654111 0.087106 0.660153 0.087733 0.665604 0.088268 0.666236 0.089161 0.669982 0.090320 0.672024 0.090500 0.673581 0.091124 0.674991 0.095313 0.679263 0.101547 0.677199 0.101902 0.676272 0.104039 0.674756 0.105641 0.672609 0.106708 0.669830 0.107772 0.663009 0.106965 0.656000 0.105002 0.650991 0.103308 0.648318 0.097428 0.645415
0 0.538080 0.425886 0.537724 0.426812 0.535943 0.427402 0.533986 0.430476 0.533096 0.430771 0.532384 0.432624 0.530609 0.441297 0.531236 0.446748 0.534983 0.455209 0.536498 0.456324 0.537834 0.455882 0.538368 0.456513 0.540595 0.455776 0.541130 0.456407 0.541930 0.455333 0.543266 0.454891 0.546825 0.449669 0.548158 0.445186 0.547889 0.442849 0.548422 0.439439 0.547797 0.438029 0.547349 0.434135 0.544406 0.428642 0.541911 0.427043 0.538615 0.426517
0 0.521779 0.681916 0.516618 0.689285 0.515554 0.696105 0.516271 0.702335 0.517430 0.704377 0.517609 0.705934 0.518858 0.708755 0.522067 0.712542 0.522958 0.712248 0.525898 0.713699 0.526254 0.712773 0.530706 0.711298 0.532930 0.706519 0.533817 0.702183 0.533725 0.697362 0.534081 0.696436 0.533809 0.690058 0.531936 0.685828 0.529351 0.683450 0.527836 0.682335 0.524630 0.682588 0.522670 0.681621
0 0.236133 0.939035 0.233017 0.940067 0.231415 0.942215 0.228480 0.948846 0.228749 0.951183 0.228393 0.952109 0.228931 0.956782 0.228575 0.957708 0.228844 0.960045 0.229379 0.960676 0.230362 0.965201 0.236332 0.968883 0.243011 0.966671 0.245769 0.962524 0.247547 0.957892 0.248079 0.954482 0.247094 0.945915 0.246559 0.945284 0.246379 0.943726 0.244240 0.941201 0.242815 0.940865 0.241210 0.938971 0.239250 0.938003
0 0.544187 0.841850 0.539437 0.843423 0.538637 0.844497 0.537570 0.847276 0.535973 0.857506 0.536242 0.859843 0.536777 0.860474 0.537046 0.862810 0.538116 0.864073 0.539454 0.867672 0.541594 0.870197 0.544089 0.871796 0.547651 0.870616 0.548185 0.871248 0.549521 0.870805 0.553792 0.863731 0.554590 0.858616 0.552800 0.847082 0.551551 0.844261 0.550482 0.842999 0.550392 0.842220 0.547096 0.841695 0.546561 0.841063
0 0.207846 0.476250 0.207490 0.477176 0.205709 0.477766 0.205353 0.478692 0.202326 0.480504 0.199126 0.488840 0.198683 0.493029 0.198952 0.495365 0.200111 0.497407 0.200291 0.498965 0.202430 0.501490 0.203679 0.504310 0.204124 0.504163 0.205729 0.506057 0.210716 0.505213 0.211251 0.505844 0.212942 0.504476 0.216501 0.499254 0.217299 0.494139 0.217207 0.489319 0.217563 0.488393 0.216935 0.482941 0.215062 0.478711 0.213012 0.476964 0.212122 0.477259 0.208736 0.475955
0 0.524010 0.946359 0.520362 0.950802 0.518228 0.956360 0.517962 0.958065 0.518323 0.965221 0.518858 0.965853 0.519216 0.968968 0.519751 0.969599 0.519930 0.971157 0.523674 0.975576 0.527149 0.977659 0.528930 0.977069 0.529286 0.976143 0.532758 0.974184 0.534537 0.969553 0.535424 0.965216 0.535332 0.960396 0.535688 0.959470 0.534881 0.952461 0.533008 0.948230 0.530958 0.946484 0.529978 0.946000 0.528197 0.946590 0.527662 0.945958 0.524990 0.946843 0.524456 0.946212
0 0.325597 0.864936 0.321144 0.866410 0.319097 0.868705 0.316518 0.874411 0.315810 0.880305 0.316706 0.888093 0.317241 0.888724 0.317509 0.891060 0.318134 0.892471 0.320808 0.895627 0.323748 0.897079 0.330427 0.894867 0.332029 0.892719 0.334429 0.885456 0.335227 0.880341 0.334689 0.875668 0.334154 0.875037 0.333082 0.869733 0.329783 0.865166 0.327823 0.864198
0 0.451786 0.575742 0.449739 0.578037 0.447958 0.578627 0.445645 0.582627 0.442534 0.591742 0.442181 0.596710 0.442988 0.603719 0.446645 0.611401 0.448784 0.613926 0.450745 0.614894 0.455287 0.614198 0.455821 0.614829 0.458048 0.614092 0.462497 0.608576 0.464542 0.602239 0.465513 0.590599 0.464262 0.583737 0.462923 0.580138 0.458734 0.575866 0.454458 0.574857
0 0.173013 0.723865 0.172657 0.724791 0.169095 0.725971 0.166692 0.729192 0.163668 0.735045 0.163937 0.737382 0.163581 0.738308 0.164567 0.746875 0.166975 0.751736 0.171965 0.754934 0.175972 0.753607 0.176507 0.754238 0.179534 0.752427 0.182293 0.748280 0.183360 0.745501 0.183892 0.742091 0.183712 0.740533 0.184068 0.739607 0.183262 0.732598 0.182727 0.731966 0.182458 0.729630 0.181833 0.728220 0.178714 0.725211 0.174348 0.723423
0 0.256901 0.316091 0.256546 0.317017 0.255655 0.317312 0.255300 0.318239 0.254854 0.318386 0.253076 0.323017 0.253166 0.323796 0.252810 0.324723 0.253437 0.330174 0.253972 0.330805 0.254686 0.332994 0.255756 0.334257 0.255846 0.335036 0.257450 0.336930 0.257895 0.336782 0.260390 0.338381 0.263952 0.337202 0.264308 0.336275 0.266089 0.335685 0.266800 0.333833 0.267246 0.333685 0.267156 0.332907 0.267867 0.331054 0.267509 0.327939 0.267864 0.327012 0.267506 0.323897 0.266971 0.323266 0.266613 0.320151 0.265543 0.318888 0.265453 0.318109 0.264384 0.316847 0.264294 0.316068 0.262779 0.314953 0.260998 0.315543 0.260463 0.314911
0 0.000000 0.742819 0.000000 0.745409 0.000000 0.746589 0.000000 0.783193 0.000000 0.782160 0.000526 0.783423 0.003377 0.784096 0.007829 0.782621 0.008185 0.781695 0.011212 0.779884 0.014948 0.772178 0.015746 0.767063 0.015382 0.755865 0.013864 0.750708 0.011456 0.745846 0.005931 0.742017 0.001834 0.742566 0.001299 0.741934
0 0.559580 0.733265 0.559224 0.734191 0.557889 0.734634 0.557533 0.735560 0.556643 0.735855 0.555576 0.738634 0.555665 0.739413 0.555044 0.742044 0.555223 0.743602 0.554867 0.744528 0.555584 0.750758 0.558972 0.756104 0.560308 0.755662 0.560843 0.756293 0.563960 0.755261 0.564494 0.755892 0.564850 0.754966 0.566186 0.754523 0.566541 0.753597 0.567788 0.752376 0.569476 0.746965 0.568670 0.739956 0.568135 0.739325 0.566796 0.735726 0.565192 0.733832 0.564747 0.733979 0.562697 0.732233
0 0.082300 0.795144 0.079183 0.796177 0.073577 0.803693 0.072068 0.810661 0.072874 0.817670 0.073409 0.818301 0.073768 0.821417 0.074837 0.822679 0.076176 0.826278 0.080275 0.829771 0.083661 0.831075 0.090429 0.829642 0.092031 0.827495 0.094613 0.825831 0.096747 0.820273 0.097455 0.814379 0.096470 0.805812 0.095041 0.801434 0.092278 0.797499 0.085417 0.794112
0 0.332989 0.993462 0.329872 0.994494 0.326313 0.999074 0.325602 0.999074 0.325694 0.999074 0.325339 0.999074 0.326145 0.999074 0.325790 0.999074 0.326058 0.999074 0.328467 0.999074 0.328912 0.999074 0.329982 0.999074 0.330872 0.999074 0.332832 0.999074 0.338976 0.999074 0.340578 0.999074 0.342978 0.999074 0.342799 0.999074 0.343331 0.999074 0.342524 0.999074 0.341454 0.998742 0.340651 0.995775 0.339581 0.994512 0.336106 0.992429
0 0.438626 0.220325 0.438270 0.221252 0.435333 0.223842 0.433109 0.228621 0.433199 0.229399 0.432488 0.231252 0.433294 0.238261 0.433829 0.238892 0.434722 0.242639 0.439091 0.248468 0.440961 0.248657 0.441496 0.249289 0.443277 0.248699 0.443812 0.249330 0.448886 0.245224 0.451196 0.237182 0.450838 0.234067 0.451193 0.233141 0.450387 0.226132 0.447979 0.221270 0.445484 0.219671 0.444593 0.219966 0.442633 0.218998
0 0.575758 0.556508 0.575402 0.557434 0.574511 0.557729 0.574156 0.558656 0.573711 0.558803 0.572644 0.561582 0.572823 0.563139 0.572201 0.565771 0.572828 0.571222 0.573363 0.571854 0.573543 0.573411 0.574077 0.574043 0.574346 0.576379 0.576040 0.579052 0.576486 0.578904 0.578001 0.580020 0.582898 0.578397 0.583254 0.577471 0.584144 0.577176 0.585122 0.573618 0.585032 0.572840 0.585920 0.568503 0.585293 0.563052 0.585648 0.562125 0.584489 0.560084 0.584310 0.558526 0.583775 0.557895 0.583685 0.557116 0.582615 0.555853 0.582170 0.556001 0.581635 0.555370 0.579854 0.555960 0.579320 0.555328
0 0.372098 0.875404 0.371743 0.876331 0.370407 0.876773 0.370051 0.877699 0.368715 0.878142 0.367915 0.879216 0.365781 0.884773 0.365517 0.890520 0.365162 0.891446 0.365699 0.896119 0.366234 0.896750 0.367842 0.902686 0.370872 0.904916 0.374523 0.904515 0.375058 0.905147 0.378175 0.904114 0.378530 0.903188 0.379866 0.902745 0.381023 0.900745 0.381913 0.900451 0.383336 0.896745 0.384134 0.891630 0.383686 0.887736 0.384041 0.886810 0.383862 0.885252 0.383327 0.884621 0.382969 0.881506 0.381810 0.879464 0.381006 0.876496 0.378956 0.874750 0.375304 0.875151 0.374770 0.874520
0 0.220160 0.999074 0.219805 0.999074 0.217668 0.999074 0.216511 0.999074 0.215621 0.999074 0.214464 0.999074 0.212510 0.999074 0.212689 0.999074 0.212157 0.999074 0.212692 0.999074 0.213409 0.999074 0.214747 0.999074 0.217332 0.999074 0.218668 0.999074 0.219202 0.999074 0.224545 0.999074 0.227749 0.999074 0.229527 0.999074 0.230415 0.999074 0.230146 0.999074 0.230502 0.999074 0.229964 0.999074 0.227377 0.999074 0.225327 0.999074 0.222566 0.999074 0.222031 0.999074 0.220695 0.999074
0 0.448727 0.466801 0.445833 0.467760 0.445032 0.468834 0.442453 0.474539 0.442008 0.474686 0.441120 0.479023 0.442285 0.489147 0.442820 0.489778 0.443089 0.492115 0.444159 0.493377 0.444873 0.495566 0.447012 0.498092 0.449952 0.499543 0.451733 0.498953 0.452089 0.498027 0.455651 0.496847 0.459210 0.491626 0.459120 0.490847 0.460277 0.488847 0.461165 0.484511 0.460893 0.478133 0.460358 0.477501 0.460000 0.474386 0.458126 0.470156 0.451621 0.465843
0 0.469025 0.516672 0.466978 0.518967 0.463506 0.520926 0.460747 0.525073 0.458614 0.530631 0.457995 0.537304 0.458891 0.545092 0.461033 0.551658 0.466292 0.557193 0.468252 0.558161 0.472349 0.557612 0.472884 0.558243 0.474219 0.557801 0.478759 0.553064 0.480803 0.546727 0.481598 0.537570 0.480257 0.529930 0.478115 0.523363 0.474281 0.518165 0.470896 0.516861 0.469560 0.517303
0 0.413408 0.977335 0.411005 0.980556 0.409227 0.985188 0.408695 0.988598 0.409143 0.992492 0.408787 0.993418 0.409056 0.995754 0.409591 0.996386 0.409860 0.998722 0.410484 0.999074 0.412089 0.999074 0.412979 0.999074 0.414939 0.999074 0.416275 0.999074 0.416810 0.999074 0.417166 0.999074 0.418056 0.999074 0.418412 0.999074 0.419302 0.999074 0.419658 0.999074 0.421794 0.998003 0.423304 0.991035 0.422497 0.984026 0.420000 0.978385 0.419019 0.977902 0.418129 0.978196 0.417594 0.977565 0.416704 0.977860 0.416169 0.977229 0.414833 0.977671 0.414298 0.977040
0 0.325651 0.556077 0.324049 0.558224 0.321649 0.565487 0.322097 0.569381 0.322632 0.570012 0.323525 0.573759 0.324150 0.575169 0.326824 0.578326 0.328784 0.579293 0.331901 0.578261 0.332436 0.578892 0.334217 0.578302 0.335017 0.577229 0.336796 0.572597 0.336616 0.571040 0.336972 0.570113 0.336614 0.566998 0.336880 0.565293 0.336345 0.564662 0.336076 0.562325 0.335541 0.561694 0.335362 0.560136 0.333043 0.556054 0.331083 0.555086 0.327076 0.556413 0.326541 0.555782
0 0.588966 0.594983 0.585850 0.596015 0.583716 0.601573 0.583895 0.603130 0.583540 0.604056 0.583808 0.606393 0.583453 0.607319 0.583988 0.607951 0.584256 0.610287 0.584791 0.610918 0.584970 0.612476 0.587645 0.615632 0.588090 0.615485 0.588625 0.616116 0.593968 0.614347 0.595746 0.609715 0.595567 0.608158 0.595922 0.607231 0.595743 0.605674 0.596099 0.604747 0.595203 0.596959 0.593598 0.595065 0.593153 0.595213 0.592083 0.593950
0 0.122304 0.747129 0.119855 0.747940 0.117452 0.751162 0.116030 0.754867 0.115764 0.756572 0.115943 0.758129 0.115587 0.759056 0.116035 0.762950 0.116570 0.763581 0.117463 0.767328 0.120227 0.771263 0.120317 0.772042 0.121297 0.772526 0.122187 0.772231 0.122722 0.772862 0.127620 0.771240 0.127976 0.770314 0.129311 0.769871 0.130823 0.766945 0.130734 0.766166 0.131711 0.762608 0.130636 0.753263 0.129387 0.750442 0.126178 0.746655 0.125287 0.746949 0.124752 0.746318
0 0.539763 0.540942 0.539407 0.541868 0.537271 0.543385 0.536114 0.545385 0.536204 0.546163 0.535226 0.549721 0.535585 0.552836 0.535229 0.553762 0.536660 0.562182 0.539424 0.566117 0.541384 0.567085 0.542275 0.566790 0.542809 0.567421 0.543610 0.566348 0.544946 0.565905 0.546548 0.563758 0.547438 0.563463 0.549217 0.558831 0.549749 0.555421 0.549480 0.553085 0.549835 0.552158 0.549567 0.549822 0.549032 0.549191 0.548673 0.546075 0.548049 0.544665 0.545375 0.541509 0.544484 0.541804 0.542524 0.540836 0.540743 0.541426 0.540208 0.540795
0 0.131420 0.856489 0.131064 0.857415 0.126612 0.858890 0.124122 0.865374 0.124481 0.868489 0.124125 0.869416 0.124394 0.871752 0.124929 0.872383 0.125197 0.874720 0.125732 0.875351 0.125912 0.876909 0.129121 0.880697 0.129566 0.880549 0.130101 0.881180 0.135444 0.879411 0.135799 0.878484 0.136245 0.878337 0.138023 0.873706 0.137933 0.872927 0.138289 0.872001 0.137930 0.868885 0.138286 0.867959 0.137838 0.864065 0.137303 0.863434 0.137034 0.861097 0.134270 0.857162 0.133825 0.857309 0.132310 0.856194
0 0.590946 0.495692 0.590591 0.496618 0.586318 0.499650 0.584716 0.501798 0.582848 0.505650 0.581784 0.512471 0.582590 0.519480 0.583125 0.520111 0.583394 0.522448 0.585623 0.525752 0.586337 0.527941 0.588832 0.529540 0.592839 0.528212 0.593195 0.527286 0.595421 0.526549 0.596222 0.525475 0.598356 0.519917 0.598801 0.519770 0.601201 0.512507 0.601288 0.509244 0.601910 0.506613 0.601103 0.499604 0.600568 0.498972 0.600389 0.497415 0.597269 0.494406 0.595043 0.495143 0.594508 0.494512
0 0.117576 0.286242 0.114017 0.291463 0.113306 0.293316 0.112774 0.296726 0.113043 0.299062 0.112687 0.299989 0.113225 0.304662 0.113760 0.305293 0.114742 0.309818 0.118397 0.313459 0.120267 0.313648 0.120802 0.314279 0.126590 0.312362 0.127391 0.311288 0.129525 0.305730 0.129612 0.302468 0.129968 0.301541 0.129788 0.299984 0.130144 0.299057 0.129517 0.293606 0.126394 0.286555 0.123899 0.284956 0.121673 0.285693 0.121138 0.285062
0 0.147505 0.546363 0.147150 0.547289 0.146259 0.547584 0.145903 0.548510 0.145013 0.548805 0.144657 0.549731 0.142966 0.551100 0.141633 0.555584 0.141367 0.557289 0.141725 0.560404 0.141370 0.561330 0.141818 0.565225 0.142353 0.565856 0.142621 0.568192 0.144226 0.570086 0.147166 0.571538 0.148057 0.571243 0.148592 0.571874 0.149927 0.571432 0.150462 0.572063 0.151353 0.571768 0.151708 0.570842 0.153044 0.570399 0.153400 0.569473 0.154290 0.569178 0.154646 0.568252 0.156337 0.566883 0.157048 0.565031 0.157135 0.561768 0.157757 0.559137 0.157219 0.554464 0.156684 0.553832 0.156416 0.551496 0.155167 0.548676 0.152582 0.546298 0.151692 0.546593 0.151157 0.545961 0.149376 0.546551 0.148841 0.545920
0 0.275197 0.999074 0.274841 0.999074 0.273506 0.999074 0.273150 0.999074 0.271013 0.999074 0.269857 0.999074 0.267813 0.999074 0.268171 0.999074 0.267815 0.999074 0.268622 0.999074 0.269157 0.999074 0.270140 0.999074 0.273349 0.999074 0.275665 0.999074 0.276199 0.999074 0.277980 0.999074 0.278515 0.999074 0.282433 0.999074 0.285281 0.999074 0.287059 0.999074 0.287944 0.999074 0.287227 0.999074 0.286692 0.999074 0.286423 0.999074 0.282144 0.999074 0.279829 0.999074 0.279294 0.999074 0.277068 0.999074 0.276533 0.999074
0 0.685455 0.891267 0.685099 0.892194 0.682873 0.892931 0.682072 0.894005 0.678692 0.900784 0.678872 0.902341 0.678516 0.903268 0.679412 0.911056 0.683248 0.920295 0.686012 0.924231 0.686992 0.924715 0.691445 0.923240 0.691980 0.923871 0.693136 0.921871 0.696603 0.911829 0.697222 0.905156 0.696774 0.901263 0.697129 0.900336 0.696505 0.898926 0.696057 0.895032 0.694273 0.891580 0.692313 0.890613 0.689552 0.890719 0.689017 0.890087
0 0.292425 0.681078 0.292069 0.682005 0.291179 0.682300 0.289577 0.684447 0.288866 0.686300 0.288779 0.689562 0.288423 0.690489 0.288603 0.692046 0.288247 0.692973 0.289233 0.701539 0.290482 0.704360 0.291551 0.705622 0.293422 0.705811 0.293957 0.706442 0.294847 0.706148 0.295382 0.706779 0.296718 0.706336 0.297253 0.706968 0.297608 0.706041 0.299389 0.705452 0.299745 0.704525 0.301081 0.704083 0.301436 0.703157 0.303128 0.701788 0.304195 0.699009 0.304105 0.698230 0.305438 0.693746 0.304900 0.689073 0.303651 0.686253 0.303382 0.683917 0.300708 0.680760 0.298838 0.680571 0.298303 0.679940 0.296967 0.680382 0.296432 0.679751
0 0.201354 0.620693 0.200999 0.621620 0.198773 0.622357 0.198417 0.623283 0.197526 0.623578 0.195748 0.628210 0.195482 0.629915 0.195841 0.633030 0.195485 0.633956 0.196023 0.638629 0.196557 0.639260 0.196826 0.641597 0.198700 0.645827 0.202620 0.647762 0.203956 0.647320 0.204491 0.647951 0.206272 0.647361 0.208674 0.644140 0.209565 0.643845 0.210632 0.641066 0.211430 0.635951 0.210982 0.632057 0.211337 0.631131 0.211158 0.629573 0.210623 0.628942 0.210265 0.625827 0.209016 0.623006 0.207411 0.621113 0.206521 0.621407 0.204561 0.620440 0.202780 0.621030 0.202245 0.620398
0 0.656688 0.765779 0.655086 0.767926 0.652952 0.773484 0.652152 0.774558 0.652420 0.776894 0.652065 0.777821 0.653406 0.785461 0.655011 0.787355 0.656260 0.790175 0.658844 0.792553 0.659824 0.793037 0.662051 0.792300 0.662585 0.792931 0.666147 0.791751 0.667749 0.789604 0.669172 0.785899 0.669079 0.781078 0.669435 0.780152 0.668810 0.778742 0.668362 0.774848 0.667203 0.772806 0.667024 0.771249 0.665775 0.768429 0.663101 0.765272 0.661765 0.765714 0.661230 0.765083 0.658113 0.766115 0.657579 0.765484
0 0.475673 0.341454 0.475318 0.342380 0.474427 0.342675 0.472024 0.345897 0.470958 0.348675 0.470692 0.350381 0.470960 0.352717 0.470605 0.353643 0.471232 0.359095 0.472926 0.361768 0.473016 0.362546 0.475155 0.365072 0.477115 0.366039 0.479431 0.366081 0.479966 0.366712 0.480767 0.365638 0.482103 0.365196 0.482458 0.364270 0.483794 0.363827 0.484150 0.362901 0.485040 0.362606 0.486463 0.358901 0.486729 0.357196 0.486549 0.355638 0.486905 0.354712 0.486099 0.347703 0.485564 0.347071 0.485385 0.345514 0.484136 0.342694 0.482531 0.340800 0.481641 0.341095 0.481106 0.340463 0.479770 0.340906 0.479235 0.340274
0 0.466297 0.950923 0.465941 0.951850 0.465051 0.952145 0.464695 0.953071 0.463449 0.954292 0.462737 0.956145 0.462827 0.956923 0.462205 0.959555 0.463101 0.967343 0.463636 0.967974 0.463816 0.969532 0.464350 0.970163 0.464440 0.970942 0.466045 0.972836 0.467470 0.973172 0.468985 0.974287 0.472992 0.972960 0.473348 0.972034 0.474683 0.971591 0.475840 0.969591 0.475750 0.968813 0.476106 0.967886 0.475927 0.966329 0.476282 0.965402 0.476103 0.963845 0.476459 0.962918 0.475652 0.955909 0.475118 0.955278 0.474938 0.953720 0.472709 0.950416 0.471819 0.950711 0.471284 0.950080 0.469948 0.950522 0.469413 0.949891
0 0.274914 0.862319 0.274559 0.863246 0.273223 0.863688 0.272867 0.864614 0.271977 0.864909 0.271266 0.866762 0.270820 0.866909 0.270910 0.867688 0.269488 0.871393 0.268955 0.874804 0.269583 0.880255 0.271456 0.884486 0.272526 0.885748 0.273506 0.886232 0.274396 0.885937 0.274931 0.886568 0.275822 0.886274 0.276357 0.886905 0.277692 0.886462 0.278227 0.887094 0.278583 0.886167 0.280809 0.885430 0.281165 0.884504 0.283301 0.882987 0.284099 0.877872 0.283920 0.876315 0.284276 0.875388 0.283828 0.871494 0.283293 0.870863 0.283024 0.868527 0.281151 0.864296 0.277676 0.862213 0.276340 0.862656 0.275805 0.862024
0 0.667907 0.373182 0.665504 0.376403 0.664437 0.379182 0.664171 0.380887 0.664350 0.382445 0.663995 0.383371 0.664443 0.387265 0.664978 0.387896 0.665157 0.389454 0.667655 0.395095 0.669259 0.396989 0.671220 0.397956 0.673000 0.397366 0.673356 0.396440 0.676918 0.395260 0.677719 0.394186 0.678786 0.391408 0.679584 0.386292 0.679405 0.384735 0.679760 0.383808 0.679133 0.378357 0.678598 0.377726 0.678329 0.375389 0.676190 0.372864 0.674230 0.371896 0.671558 0.372781 0.671023 0.372150
0 0.115658 0.474446 0.115302 0.475372 0.113966 0.475815 0.110407 0.481036 0.109074 0.485520 0.109253 0.487077 0.108721 0.490488 0.109256 0.491119 0.109884 0.496571 0.111043 0.498612 0.111222 0.500170 0.114876 0.503810 0.116837 0.504778 0.118172 0.504335 0.120578 0.505156 0.120933 0.504229 0.124851 0.502123 0.126453 0.499976 0.128231 0.495344 0.128052 0.493787 0.128584 0.490377 0.127688 0.482588 0.127153 0.481957 0.126794 0.478842 0.123585 0.475054 0.120200 0.473750 0.118864 0.474192 0.118329 0.473561
0 0.611514 0.871292 0.611158 0.872219 0.610713 0.872366 0.608935 0.876997 0.609024 0.877776 0.608669 0.878703 0.609923 0.889606 0.610458 0.890237 0.611796 0.893836 0.614292 0.895435 0.620080 0.893518 0.621236 0.891518 0.621147 0.890739 0.621858 0.888887 0.621768 0.888108 0.622390 0.885476 0.621852 0.880803 0.622208 0.879877 0.621673 0.879246 0.621404 0.876909 0.620869 0.876278 0.620690 0.874721 0.617481 0.870933 0.616145 0.871375 0.615611 0.870744 0.613830 0.871334 0.613295 0.870702
0 0.566569 0.922561 0.566213 0.923487 0.565323 0.923782 0.564967 0.924708 0.564522 0.924856 0.563455 0.927635 0.563545 0.928414 0.563189 0.929340 0.563368 0.930898 0.562747 0.933529 0.563282 0.934160 0.563461 0.935718 0.563996 0.936349 0.564264 0.938686 0.566493 0.941990 0.566939 0.941842 0.568454 0.942957 0.570680 0.942220 0.571036 0.941294 0.571926 0.940999 0.572282 0.940072 0.573528 0.938851 0.574595 0.936072 0.574326 0.933736 0.574682 0.932810 0.574054 0.927358 0.573519 0.926727 0.573251 0.924390 0.572181 0.923128 0.571736 0.923275 0.571201 0.922644 0.570310 0.922939 0.569775 0.922307 0.567994 0.922897 0.567460 0.922266
0 0.183393 0.999074 0.183037 0.999074 0.181346 0.999074 0.178946 0.999074 0.178680 0.999074 0.179038 0.999074 0.178682 0.999074 0.179217 0.999074 0.179755 0.999074 0.180825 0.999074 0.182074 0.999074 0.185193 0.999074 0.186084 0.999074 0.186618 0.999074 0.188399 0.999074 0.188755 0.999074 0.192317 0.999074 0.193919 0.999074 0.194986 0.999074 0.195784 0.999074 0.195512 0.999074 0.194353 0.999074 0.194084 0.999074 0.190250 0.999074 0.189270 0.999074 0.185263 0.999074 0.184728 0.999074
0 0.350157 0.638510 0.347263 0.639468 0.346907 0.640395 0.346017 0.640690 0.345216 0.641763 0.343617 0.647952 0.344065 0.651846 0.343709 0.652773 0.344244 0.653404 0.345138 0.657151 0.346832 0.659823 0.346921 0.660602 0.349061 0.663127 0.350041 0.663611 0.356274 0.661547 0.356630 0.660620 0.357966 0.660178 0.359033 0.657399 0.359478 0.657252 0.360099 0.654620 0.359831 0.652284 0.360186 0.651357 0.359649 0.646685 0.360004 0.645758 0.359646 0.642643 0.358041 0.640749 0.357596 0.640897 0.356526 0.639634 0.356081 0.639781 0.355011 0.638519 0.353051 0.637551
0 0.229414 0.366428 0.224874 0.371166 0.222741 0.376724 0.221321 0.384470 0.222573 0.391332 0.226851 0.396383 0.227742 0.396088 0.229257 0.397203 0.230593 0.396760 0.232553 0.397728 0.237361 0.395327 0.237717 0.394401 0.239853 0.392885 0.242698 0.385474 0.242964 0.383769 0.242606 0.380654 0.242961 0.379728 0.241710 0.372866 0.240640 0.371603 0.239836 0.368636 0.238767 0.367373 0.234846 0.365438 0.230839 0.366765 0.230304 0.366134
0 0.147331 0.809986 0.144660 0.810871 0.144304 0.811797 0.143413 0.812092 0.142702 0.813945 0.142257 0.814092 0.139857 0.821355 0.140663 0.828364 0.141823 0.830406 0.142002 0.831963 0.144766 0.835899 0.144855 0.836678 0.146726 0.836866 0.147261 0.837498 0.153049 0.835581 0.153850 0.834507 0.155984 0.828949 0.156429 0.828802 0.157406 0.825244 0.156331 0.815898 0.155707 0.814488 0.154637 0.813226 0.153923 0.811037 0.150002 0.809101
0 0.526268 0.475882 0.523244 0.481735 0.523423 0.483292 0.523068 0.484219 0.523247 0.485776 0.522891 0.486703 0.523250 0.489818 0.523785 0.490449 0.524053 0.492786 0.525748 0.495458 0.526462 0.497647 0.526907 0.497500 0.528422 0.498615 0.534210 0.496698 0.534566 0.495771 0.535812 0.494550 0.535632 0.492993 0.535988 0.492066 0.535809 0.490509 0.536165 0.489582 0.535000 0.479458 0.534465 0.478827 0.534286 0.477269 0.532146 0.474744 0.529920 0.475481 0.529385 0.474850
0 0.394727 0.999074 0.394371 0.999074 0.392235 0.999074 0.391078 0.999074 0.390188 0.999074 0.388409 0.999074 0.387877 0.999074 0.388774 0.999074 0.389308 0.999074 0.389577 0.999074 0.393321 0.999074 0.393590 0.999074 0.405166 0.999074 0.404898 0.999074 0.406496 0.999074 0.406228 0.999074 0.406583 0.999074 0.405687 0.999074 0.403993 0.999074 0.403279 0.999074 0.402834 0.999074 0.401764 0.999074 0.399893 0.999074 0.399359 0.999074 0.395707 0.999074 0.395172 0.999074
0 0.729768 0.440817 0.729412 0.441743 0.727631 0.442333 0.726830 0.443407 0.724607 0.448186 0.724164 0.452374 0.724433 0.454711 0.724077 0.455637 0.724615 0.460310 0.725150 0.460941 0.726043 0.464688 0.730322 0.469738 0.735133 0.471379 0.737804 0.470494 0.741453 0.466052 0.742520 0.463273 0.743318 0.458157 0.743047 0.451780 0.742512 0.451148 0.742243 0.448812 0.739745 0.443171 0.738140 0.441277 0.733775 0.439489
0 0.132442 0.660497 0.132087 0.661423 0.130751 0.661866 0.130395 0.662792 0.127813 0.664456 0.127012 0.665530 0.125234 0.670161 0.125416 0.675760 0.125951 0.676391 0.126934 0.680917 0.130768 0.686115 0.132638 0.686304 0.134153 0.687419 0.139051 0.685797 0.139406 0.684870 0.141187 0.684281 0.142254 0.681502 0.143318 0.674681 0.142602 0.668451 0.142067 0.667820 0.141798 0.665483 0.139034 0.661548 0.137163 0.661359 0.136629 0.660728 0.133422 0.660981 0.132887 0.660350
0 0.483704 0.748696 0.483348 0.749622 0.482457 0.749917 0.482102 0.750843 0.481657 0.750991 0.480590 0.753770 0.480413 0.756254 0.479702 0.758106 0.480419 0.764337 0.482203 0.767788 0.482382 0.769346 0.483541 0.771387 0.483986 0.771240 0.486036 0.772986 0.489598 0.771806 0.489954 0.770880 0.492180 0.770143 0.492891 0.768290 0.493337 0.768143 0.493247 0.767364 0.493958 0.765511 0.493779 0.763954 0.494401 0.761322 0.493505 0.753534 0.492435 0.752272 0.491721 0.750083 0.490116 0.748189 0.489226 0.748484 0.488691 0.747852 0.486910 0.748442 0.486375 0.747811
0 0.276447 0.630585 0.276091 0.631512 0.275201 0.631807 0.274845 0.632733 0.272798 0.635028 0.271731 0.637807 0.271821 0.638586 0.271465 0.639512 0.271734 0.641848 0.271378 0.642775 0.271647 0.645111 0.272182 0.645742 0.272630 0.649636 0.274769 0.652162 0.275215 0.652014 0.276729 0.653129 0.278510 0.652539 0.279045 0.653171 0.282072 0.651359 0.283585 0.648433 0.284030 0.648286 0.285097 0.645507 0.285007 0.644728 0.285363 0.643802 0.285184 0.642244 0.285539 0.641318 0.285360 0.639760 0.285716 0.638834 0.285626 0.638055 0.285091 0.637424 0.284643 0.633530 0.283039 0.631636 0.282593 0.631783 0.281078 0.630668 0.280188 0.630963 0.279653 0.630332 0.278317 0.630774 0.277782 0.630143
0 0.330273 0.801133 0.329918 0.802060 0.328672 0.803281 0.327339 0.807765 0.327428 0.808544 0.327073 0.809470 0.327789 0.815700 0.328859 0.816963 0.329038 0.818520 0.329573 0.819152 0.329663 0.819931 0.330733 0.821193 0.331178 0.821046 0.332693 0.822161 0.335809 0.821129 0.336165 0.820202 0.338391 0.819465 0.339458 0.816686 0.339369 0.815907 0.340256 0.811571 0.339539 0.805340 0.339005 0.804709 0.338915 0.803930 0.337310 0.802036 0.337221 0.801258 0.336776 0.801405 0.336241 0.800774 0.335350 0.801069 0.334815 0.800437 0.333034 0.801027 0.332500 0.800396
0 0.025258 0.869824 0.024903 0.870750 0.023211 0.872119 0.022144 0.874898 0.021699 0.875045 0.020632 0.877824 0.020100 0.881234 0.020279 0.882792 0.019924 0.883718 0.020641 0.889948 0.022514 0.894179 0.024118 0.896073 0.025099 0.896557 0.026434 0.896114 0.026969 0.896745 0.030086 0.895713 0.030442 0.894787 0.031777 0.894344 0.034180 0.891123 0.037025 0.883713 0.036308 0.877482 0.035773 0.876851 0.034880 0.873105 0.031671 0.869317 0.030691 0.868833 0.028465 0.869570 0.027930 0.868939
0 0.451901 0.869992 0.449677 0.874771 0.449767 0.875550 0.449411 0.876476 0.449770 0.879591 0.449414 0.880518 0.449593 0.882075 0.450128 0.882707 0.450486 0.885822 0.451021 0.886453 0.451111 0.887232 0.452715 0.889126 0.452805 0.889905 0.454855 0.891651 0.457526 0.890766 0.457882 0.889840 0.460999 0.888808 0.462421 0.885103 0.462332 0.884324 0.463043 0.882471 0.462595 0.878577 0.462950 0.877651 0.462861 0.876872 0.462326 0.876241 0.462147 0.874683 0.461612 0.874052 0.461433 0.872494 0.460898 0.871863 0.460808 0.871084 0.459204 0.869190 0.458758 0.869338 0.458224 0.868706 0.456443 0.869296 0.455908 0.868665
0 0.331584 0.764317 0.329181 0.767539 0.328291 0.767834 0.326333 0.770907 0.325180 0.776949 0.325986 0.783958 0.327949 0.788967 0.330178 0.792272 0.335524 0.794543 0.341668 0.791700 0.344070 0.788478 0.344426 0.787552 0.344247 0.785995 0.344955 0.780101 0.344686 0.777764 0.345042 0.776838 0.344325 0.770607 0.341917 0.765746 0.337907 0.763032 0.335236 0.763916 0.334701 0.763285
0 0.512510 0.802216 0.512154 0.803142 0.509483 0.804027 0.509127 0.804954 0.507792 0.805396 0.506991 0.806470 0.507080 0.807249 0.505392 0.812659 0.505840 0.816553 0.506375 0.817184 0.506823 0.821078 0.507357 0.821709 0.507537 0.823267 0.508606 0.824530 0.509945 0.828129 0.511015 0.829391 0.514935 0.831327 0.516806 0.831516 0.517161 0.830589 0.518497 0.830147 0.520900 0.826926 0.521790 0.826631 0.522501 0.824778 0.523565 0.817958 0.522759 0.810949 0.521600 0.808907 0.521420 0.807350 0.519281 0.804824 0.512955 0.802069
0 0.557594 0.953022 0.557239 0.953948 0.556348 0.954243 0.555992 0.955170 0.554746 0.956391 0.554391 0.957317 0.554480 0.958096 0.553413 0.960875 0.553503 0.961654 0.553147 0.962580 0.553954 0.969589 0.554489 0.970221 0.555203 0.972409 0.556807 0.974304 0.557253 0.974156 0.558767 0.975271 0.559658 0.974976 0.560193 0.975608 0.562419 0.974870 0.562775 0.973944 0.563665 0.973649 0.564021 0.972723 0.564466 0.972575 0.566155 0.967165 0.565079 0.957819 0.564544 0.957188 0.563830 0.954999 0.563385 0.955146 0.560800 0.952769 0.559910 0.953064 0.559375 0.952432
0 0.660266 0.722553 0.657371 0.723511 0.655770 0.725659 0.655058 0.727511 0.653812 0.728733 0.652745 0.731512 0.652213 0.734922 0.652751 0.739595 0.652395 0.740521 0.653020 0.741931 0.653468 0.745825 0.656411 0.751318 0.660331 0.753253 0.667010 0.751041 0.669768 0.746894 0.669945 0.744410 0.671367 0.740705 0.670916 0.732769 0.670381 0.732138 0.669309 0.726834 0.667615 0.724161 0.663160 0.721594
0 0.549707 0.237700 0.548105 0.239848 0.545524 0.241512 0.543300 0.246291 0.542057 0.251553 0.541970 0.254816 0.541348 0.257447 0.541976 0.262899 0.543045 0.264162 0.543849 0.267129 0.546523 0.270286 0.549464 0.271738 0.554986 0.271525 0.555341 0.270599 0.557478 0.269083 0.558189 0.267230 0.559435 0.266009 0.561214 0.261378 0.562012 0.256262 0.561295 0.250032 0.560760 0.249401 0.559777 0.244875 0.557993 0.241424 0.556389 0.239530 0.550598 0.237406
0 0.634303 0.723876 0.630298 0.729245 0.628520 0.733876 0.627812 0.739770 0.628349 0.744443 0.630402 0.750231 0.632541 0.752756 0.632631 0.753535 0.636462 0.754692 0.637797 0.754249 0.638332 0.754881 0.642516 0.751070 0.643672 0.749070 0.645806 0.743512 0.646604 0.738397 0.646512 0.733576 0.646868 0.732650 0.645260 0.726715 0.642586 0.723558 0.641071 0.722443 0.637954 0.723475 0.637419 0.722844
0 0.580613 0.751362 0.578300 0.755362 0.578479 0.756919 0.577857 0.759551 0.578664 0.766560 0.579199 0.767191 0.579378 0.768749 0.579913 0.769380 0.580092 0.770938 0.580627 0.771569 0.581072 0.771422 0.582142 0.772684 0.582587 0.772537 0.583122 0.773168 0.586239 0.772136 0.586594 0.771209 0.588820 0.770472 0.589887 0.767693 0.589798 0.766914 0.590153 0.765988 0.589974 0.764430 0.590596 0.761799 0.590237 0.758684 0.589703 0.758053 0.589434 0.755716 0.588274 0.753675 0.588095 0.752117 0.587026 0.750854 0.586135 0.751149 0.585600 0.750518 0.583819 0.751108 0.583284 0.750477
0 0.394535 0.218760 0.394180 0.219686 0.392934 0.220907 0.392222 0.222760 0.392491 0.225096 0.392136 0.226022 0.393032 0.233811 0.396776 0.238230 0.400338 0.237050 0.400693 0.236124 0.402474 0.235534 0.403807 0.231050 0.403449 0.227935 0.403804 0.227008 0.403446 0.223893 0.402911 0.223262 0.402821 0.222483 0.402287 0.221852 0.401572 0.219663 0.399968 0.217769 0.397296 0.218654 0.396762 0.218022
0 0.000000 0.459601 0.000000 0.460527 0.000000 0.463707 0.000000 0.469265 0.000000 0.472675 0.000000 0.480611 0.000000 0.481537 0.000000 0.482947 0.000000 0.487620 0.000000 0.491998 0.000000 0.494671 0.000000 0.498352 0.000000 0.497910 0.000000 0.498541 0.000000 0.495845 0.001395 0.493698 0.004596 0.485361 0.005481 0.476983 0.004764 0.470753 0.002176 0.464334 0.000000 0.460693 0.000000 0.459242 0.000000 0.459938 0.000000 0.459306
0 0.384904 0.974649 0.384548 0.975575 0.379650 0.977197 0.378939 0.979050 0.378494 0.979198 0.376716 0.983829 0.376895 0.985387 0.376539 0.986313 0.376808 0.988649 0.376452 0.989576 0.376987 0.990207 0.377435 0.994101 0.379129 0.996774 0.379219 0.997553 0.380824 0.999074 0.381269 0.999074 0.381804 0.999074 0.388037 0.997866 0.388393 0.996939 0.388838 0.996792 0.390171 0.992308 0.390081 0.991529 0.390437 0.990603 0.389182 0.979700 0.388648 0.979068 0.388558 0.978289 0.385884 0.975133 0.385439 0.975280
0 0.526655 0.390863 0.524252 0.394084 0.523362 0.394379 0.521939 0.398085 0.521673 0.399790 0.522032 0.402905 0.521766 0.404610 0.522301 0.405241 0.522749 0.409135 0.523373 0.410545 0.526047 0.413702 0.528008 0.414670 0.529343 0.414227 0.529878 0.414859 0.532550 0.413974 0.532905 0.413048 0.533796 0.412753 0.535397 0.410605 0.536109 0.408752 0.536641 0.405342 0.536193 0.401448 0.536548 0.400522 0.536369 0.398964 0.535834 0.398333 0.534941 0.394587 0.533247 0.391914 0.532802 0.392061 0.531732 0.390799 0.529772 0.389831
0 0.766009 0.426387 0.763251 0.430535 0.763340 0.431313 0.762007 0.435797 0.762097 0.436576 0.761741 0.437502 0.761921 0.439060 0.761565 0.439986 0.761923 0.443102 0.763083 0.445143 0.763262 0.446701 0.764332 0.447963 0.764777 0.447816 0.767272 0.449415 0.770834 0.448235 0.771189 0.447309 0.772970 0.446719 0.773326 0.445793 0.773771 0.445645 0.774838 0.442866 0.774749 0.442087 0.776082 0.437603 0.775275 0.430594 0.774740 0.429963 0.774026 0.427774 0.771887 0.425249 0.769661 0.425986 0.769126 0.425355
0 0.745491 0.509181 0.745135 0.510107 0.744245 0.510402 0.743889 0.511328 0.742999 0.511623 0.742198 0.512697 0.741131 0.515476 0.740865 0.517181 0.741134 0.519517 0.740778 0.520444 0.740957 0.522001 0.741492 0.522633 0.741851 0.525748 0.742386 0.526379 0.742565 0.527937 0.743814 0.530757 0.747023 0.534545 0.748983 0.535513 0.752100 0.534480 0.752455 0.533554 0.754236 0.532964 0.756104 0.529111 0.756370 0.527406 0.756191 0.525849 0.756547 0.524922 0.756367 0.523365 0.756723 0.522439 0.756096 0.516987 0.755561 0.516356 0.755382 0.514798 0.754133 0.511978 0.751993 0.509452 0.751103 0.509747 0.750568 0.509116 0.749678 0.509411 0.747717 0.508443
0 0.745282 0.206068 0.744926 0.206995 0.743590 0.207437 0.743235 0.208363 0.742344 0.208658 0.740742 0.210806 0.739320 0.214511 0.739768 0.218405 0.739412 0.219331 0.739681 0.221668 0.740216 0.222299 0.740574 0.225414 0.741823 0.228235 0.744052 0.231539 0.747973 0.233474 0.751089 0.232442 0.751445 0.231515 0.754027 0.229852 0.755715 0.224442 0.756248 0.221031 0.755351 0.213243 0.753478 0.209013 0.751339 0.206488 0.750448 0.206783 0.749913 0.206151 0.749023 0.206446 0.747063 0.205479
0 0.331116 0.280190 0.328222 0.281149 0.327866 0.282075 0.327421 0.282223 0.326354 0.285002 0.326444 0.285780 0.325556 0.290117 0.325646 0.290896 0.326180 0.291527 0.326628 0.295421 0.327698 0.296684 0.327788 0.297462 0.328857 0.298725 0.328947 0.299504 0.330017 0.300766 0.330106 0.301545 0.330552 0.301398 0.331086 0.302029 0.332867 0.301439 0.333402 0.302071 0.336964 0.300891 0.339277 0.296891 0.339188 0.296112 0.339543 0.295186 0.339364 0.293628 0.339986 0.290997 0.339538 0.287103 0.339003 0.286471 0.338824 0.284914 0.337754 0.283651 0.337664 0.282872 0.336595 0.281610 0.336505 0.280831 0.334010 0.279232
0 0.132557 0.569100 0.132202 0.570027 0.131311 0.570322 0.128908 0.573543 0.127130 0.578174 0.126864 0.579879 0.127671 0.586889 0.128206 0.587520 0.128474 0.589856 0.129099 0.591266 0.130703 0.593160 0.131149 0.593013 0.132218 0.594276 0.134179 0.595243 0.135514 0.594801 0.136049 0.595432 0.136940 0.595137 0.137295 0.594211 0.139076 0.593621 0.139432 0.592695 0.141123 0.591326 0.143257 0.585768 0.143523 0.584063 0.143254 0.581727 0.143610 0.580801 0.143162 0.576907 0.142627 0.576275 0.142358 0.573939 0.139149 0.570151 0.138704 0.570298 0.137634 0.569036 0.136744 0.569331 0.134783 0.568363
0 0.698152 0.704344 0.697796 0.705271 0.695125 0.706155 0.694414 0.708008 0.692812 0.710156 0.690857 0.717271 0.691574 0.723501 0.693447 0.727732 0.696211 0.731667 0.696301 0.732446 0.698261 0.733414 0.704495 0.731349 0.705206 0.729496 0.705651 0.729349 0.707695 0.723012 0.707782 0.719750 0.708404 0.717118 0.707779 0.715708 0.707242 0.711035 0.706172 0.709773 0.705458 0.707584 0.703853 0.705690 0.703408 0.705837 0.700823 0.703459
0 0.802123 0.744287 0.801768 0.745213 0.799542 0.745950 0.799186 0.746876 0.797049 0.748393 0.797139 0.749171 0.796428 0.751024 0.796517 0.751803 0.795540 0.755360 0.796078 0.760033 0.795722 0.760960 0.796257 0.761591 0.797150 0.765337 0.799290 0.767863 0.802851 0.766683 0.803386 0.767314 0.805167 0.766724 0.805523 0.765798 0.806769 0.764577 0.807480 0.762724 0.807391 0.761945 0.808012 0.759314 0.807833 0.757756 0.808189 0.756830 0.807562 0.751379 0.805778 0.747927 0.805599 0.746369 0.805153 0.746517 0.804084 0.745254 0.802658 0.744918
0 0.587601 0.165321 0.587245 0.166247 0.585909 0.166690 0.582706 0.170985 0.582796 0.171764 0.581463 0.176248 0.581821 0.179363 0.581465 0.180289 0.581734 0.182626 0.582983 0.185446 0.585122 0.187971 0.586103 0.188455 0.586993 0.188160 0.587528 0.188791 0.588864 0.188349 0.589399 0.188980 0.591180 0.188390 0.591535 0.187464 0.592426 0.187169 0.594828 0.183948 0.596161 0.179464 0.596427 0.177759 0.596248 0.176201 0.596604 0.175275 0.596335 0.172939 0.596690 0.172012 0.596156 0.171381 0.595976 0.169823 0.594728 0.167003 0.593658 0.165740 0.592678 0.165257 0.591342 0.165699 0.590807 0.165068 0.589026 0.165658 0.588491 0.165026
0 0.343500 0.221111 0.342789 0.222964 0.342344 0.223111 0.340832 0.226038 0.340386 0.226185 0.339409 0.229743 0.339588 0.231300 0.339233 0.232227 0.339770 0.236900 0.340305 0.237531 0.341198 0.241277 0.343427 0.244581 0.344318 0.244287 0.344853 0.244918 0.346188 0.244475 0.346723 0.245107 0.347079 0.244180 0.351531 0.242706 0.351887 0.241779 0.352332 0.241632 0.354021 0.236222 0.353752 0.233885 0.354108 0.232959 0.353660 0.229065 0.353125 0.228434 0.352766 0.225318 0.350448 0.221236 0.350002 0.221383 0.349468 0.220752 0.348577 0.221047 0.348042 0.220415 0.345371 0.221300 0.344836 0.220669
0 0.073480 0.662241 0.073124 0.663167 0.070007 0.664199 0.068405 0.666347 0.066983 0.670052 0.066361 0.672683 0.067170 0.683734 0.069223 0.689522 0.073057 0.694720 0.076263 0.694467 0.076798 0.695098 0.079024 0.694360 0.079559 0.694992 0.084989 0.689959 0.086677 0.684549 0.086943 0.682844 0.086495 0.678950 0.086851 0.678024 0.084171 0.666784 0.082387 0.663333 0.080872 0.662217 0.079982 0.662512 0.076596 0.661208
0 0.487659 0.284933 0.487303 0.285859 0.485166 0.287375 0.482498 0.292302 0.481966 0.295712 0.482234 0.298048 0.481879 0.298974 0.483041 0.305057 0.486874 0.310256 0.490795 0.312191 0.491596 0.311117 0.495158 0.309937 0.495513 0.309011 0.497205 0.307642 0.498272 0.304863 0.499070 0.299748 0.498174 0.291960 0.497639 0.291329 0.497370 0.288992 0.494161 0.285204 0.493181 0.284721 0.488639 0.285417 0.488104 0.284785
0 0.768680 0.554051 0.765477 0.558346 0.765566 0.559125 0.764144 0.562830 0.763878 0.564535 0.764684 0.571545 0.766557 0.575775 0.768697 0.578300 0.770657 0.579268 0.773774 0.578236 0.774129 0.577309 0.777157 0.575498 0.777067 0.574719 0.778134 0.571941 0.778666 0.568530 0.778487 0.566973 0.778842 0.566047 0.778305 0.561374 0.777770 0.560742 0.777591 0.559185 0.774827 0.555249 0.772867 0.554282 0.771976 0.554577 0.771441 0.553945 0.770105 0.554388 0.769571 0.553756
0 0.152616 0.337698 0.152260 0.338624 0.150480 0.339214 0.150124 0.340140 0.148788 0.340582 0.147987 0.341656 0.146209 0.346288 0.146299 0.347066 0.145587 0.348919 0.145856 0.351255 0.145501 0.352182 0.145949 0.356076 0.147108 0.358117 0.147287 0.359675 0.150496 0.363463 0.152367 0.363652 0.152902 0.364283 0.154237 0.363841 0.154772 0.364472 0.156108 0.364029 0.156464 0.363103 0.157354 0.362808 0.159757 0.359587 0.161179 0.355882 0.161445 0.354177 0.161177 0.351840 0.161532 0.350914 0.160460 0.345610 0.158586 0.341379 0.156447 0.338854 0.154576 0.338665 0.154041 0.338034 0.153151 0.338329
0 0.319029 0.253472 0.318673 0.254398 0.316536 0.255914 0.314134 0.259135 0.313422 0.260988 0.313156 0.262693 0.313336 0.264251 0.312980 0.265177 0.313428 0.269071 0.313963 0.269702 0.314232 0.272039 0.316105 0.276269 0.319670 0.279131 0.320560 0.278836 0.321095 0.279467 0.323767 0.278582 0.324122 0.277656 0.325903 0.277066 0.326259 0.276140 0.327595 0.275697 0.329017 0.271992 0.328748 0.269656 0.329104 0.268729 0.328029 0.259384 0.327494 0.258752 0.327225 0.256416 0.325086 0.253891 0.324105 0.253407 0.322324 0.253997 0.321790 0.253365 0.320009 0.253955 0.319474 0.253324
0 0.007116 0.523334 0.002664 0.524809 0.000000 0.530661 0.000000 0.537482 0.000000 0.540597 0.000000 0.541523 0.000000 0.543859 0.000000 0.545270 0.000541 0.546532 0.001790 0.549352 0.004730 0.550804 0.006066 0.550362 0.006601 0.550993 0.007491 0.550698 0.007847 0.549772 0.012299 0.548297 0.015058 0.544149 0.015500 0.539960 0.016211 0.538108 0.015315 0.530320 0.014066 0.527499 0.009342 0.522596
0 0.318896 0.706267 0.318540 0.707193 0.317650 0.707488 0.317294 0.708414 0.315158 0.709930 0.313379 0.714562 0.312847 0.717972 0.313116 0.720308 0.312761 0.721235 0.313209 0.725129 0.313743 0.725760 0.313923 0.727318 0.315172 0.730138 0.317667 0.731737 0.318557 0.731442 0.319092 0.732073 0.320873 0.731483 0.321408 0.732115 0.324079 0.731230 0.325236 0.729230 0.326126 0.728935 0.326927 0.727861 0.327638 0.726009 0.328084 0.725861 0.328350 0.724156 0.328170 0.722598 0.328526 0.721672 0.327540 0.713105 0.327006 0.712474 0.326112 0.708727 0.323528 0.706350 0.322548 0.705866 0.321657 0.706161 0.321122 0.705529
0 0.780654 0.609913 0.780298 0.610839 0.778517 0.611429 0.778162 0.612356 0.777271 0.612651 0.775669 0.614798 0.774603 0.617577 0.774871 0.619913 0.774516 0.620840 0.775053 0.625512 0.774698 0.626439 0.774877 0.627996 0.775947 0.629259 0.777196 0.632079 0.778800 0.633973 0.779691 0.633678 0.781206 0.634793 0.782541 0.634351 0.783076 0.634982 0.784857 0.634392 0.785213 0.633466 0.786549 0.633024 0.788150 0.630876 0.789128 0.627318 0.788948 0.625761 0.789304 0.624835 0.789035 0.622498 0.789391 0.621572 0.788943 0.617678 0.788408 0.617047 0.788229 0.615489 0.787604 0.614079 0.785465 0.611553 0.781545 0.609618
0 0.369651 0.813962 0.369295 0.814888 0.367959 0.815331 0.367604 0.816257 0.367159 0.816404 0.366092 0.819183 0.366361 0.821520 0.366005 0.822446 0.366453 0.826340 0.366988 0.826971 0.367257 0.829308 0.367791 0.829939 0.368506 0.832128 0.369040 0.832759 0.369931 0.832464 0.370466 0.833096 0.371801 0.832653 0.372336 0.833284 0.375008 0.832400 0.375363 0.831473 0.376610 0.830252 0.377676 0.827473 0.377408 0.825137 0.377763 0.824211 0.377584 0.822653 0.377940 0.821727 0.375797 0.815160 0.372768 0.812929
0 0.505373 0.398721 0.505017 0.399647 0.501990 0.401458 0.500478 0.404385 0.499680 0.409500 0.499859 0.411058 0.499503 0.411984 0.500038 0.412615 0.500576 0.417288 0.502270 0.419961 0.502360 0.420740 0.503964 0.422634 0.504944 0.423117 0.505835 0.422822 0.506370 0.423454 0.507706 0.423011 0.508240 0.423643 0.510467 0.422905 0.510822 0.421979 0.511713 0.421684 0.512514 0.420610 0.514026 0.417684 0.513847 0.416126 0.514379 0.412716 0.513482 0.404928 0.512948 0.404297 0.512768 0.402739 0.512144 0.401329 0.511074 0.400066 0.508134 0.398615 0.507243 0.398910 0.506709 0.398279
0 0.175958 0.861949 0.175603 0.862875 0.173376 0.863612 0.172309 0.866391 0.173385 0.875737 0.173920 0.876368 0.174099 0.877926 0.174634 0.878557 0.175348 0.880746 0.175793 0.880599 0.176863 0.881861 0.177308 0.881714 0.177843 0.882345 0.179624 0.881755 0.180159 0.882387 0.181494 0.881944 0.181850 0.881018 0.182740 0.880723 0.183096 0.879797 0.183541 0.879649 0.183452 0.878870 0.184519 0.876091 0.184429 0.875313 0.185051 0.872681 0.184513 0.868008 0.183443 0.866746 0.183354 0.865967 0.182819 0.865336 0.182640 0.863778 0.181035 0.861884 0.180590 0.862032 0.179075 0.860916
0 0.633161 0.488985 0.632805 0.489912 0.630579 0.490649 0.630223 0.491575 0.629778 0.491723 0.629868 0.492502 0.628445 0.496207 0.628714 0.498543 0.628358 0.499469 0.628806 0.503363 0.629341 0.503995 0.629610 0.506331 0.630145 0.506963 0.630324 0.508520 0.633443 0.511529 0.639232 0.509612 0.640299 0.506833 0.640744 0.506686 0.640654 0.505907 0.641365 0.504054 0.640917 0.500160 0.641273 0.499234 0.640825 0.495340 0.640290 0.494709 0.640021 0.492372 0.639486 0.491741 0.639397 0.490962 0.637258 0.488437 0.636812 0.488584 0.636277 0.487953
0 0.215047 0.844150 0.214692 0.845077 0.213356 0.845519 0.211754 0.847667 0.210332 0.851372 0.210245 0.854634 0.209889 0.855561 0.210516 0.861012 0.211051 0.861644 0.211410 0.864759 0.213193 0.868210 0.215778 0.870588 0.216669 0.870293 0.218629 0.871261 0.220855 0.870524 0.221211 0.869597 0.224683 0.867639 0.226551 0.863786 0.226461 0.863007 0.227794 0.858523 0.226898 0.850735 0.225025 0.846505 0.222350 0.843348 0.221460 0.843643 0.220925 0.843012 0.219144 0.843602 0.218609 0.842971
0 0.546622 0.154640 0.543418 0.158935 0.542351 0.161714 0.541906 0.161862 0.540752 0.167903 0.541379 0.173355 0.543253 0.177585 0.546462 0.181373 0.548422 0.182341 0.549313 0.182046 0.549847 0.182677 0.550203 0.181751 0.552429 0.181013 0.552785 0.180087 0.555367 0.178423 0.557145 0.173792 0.558119 0.166193 0.557582 0.161520 0.557047 0.160889 0.556868 0.159331 0.554104 0.155396 0.553659 0.155543 0.552589 0.154281 0.550363 0.155018 0.549828 0.154387 0.547602 0.155124 0.547067 0.154493
0 0.262594 0.562410 0.262238 0.563336 0.259211 0.565148 0.258855 0.566074 0.258410 0.566221 0.256988 0.569927 0.257077 0.570705 0.256722 0.571632 0.257528 0.578641 0.257172 0.579567 0.257352 0.581125 0.260650 0.585692 0.261541 0.585397 0.262076 0.586028 0.264302 0.585291 0.264837 0.585922 0.267063 0.585184 0.267419 0.584258 0.268665 0.583037 0.271154 0.576553 0.270079 0.567207 0.269544 0.566576 0.269455 0.565797 0.268920 0.565166 0.267494 0.564830 0.266425 0.563567 0.265979 0.563714 0.263930 0.561968
0 0.763046 0.649702 0.762690 0.650628 0.760464 0.651365 0.760108 0.652292 0.757526 0.653955 0.755037 0.660439 0.754505 0.663850 0.755311 0.670859 0.755846 0.671490 0.756205 0.674605 0.757454 0.677426 0.758523 0.678688 0.760483 0.679656 0.761819 0.679213 0.762354 0.679845 0.767697 0.678075 0.768053 0.677149 0.768943 0.676854 0.770545 0.674706 0.772323 0.670075 0.772855 0.666665 0.772676 0.665107 0.773208 0.661697 0.772670 0.657024 0.771421 0.654204 0.769817 0.652310 0.769727 0.651531 0.766787 0.650080 0.763581 0.650333
0 0.371155 0.413264 0.366084 0.421411 0.365818 0.423116 0.366087 0.425453 0.365731 0.426379 0.366893 0.432462 0.368498 0.434356 0.368943 0.434209 0.370013 0.435471 0.373488 0.437554 0.380612 0.435194 0.382214 0.433047 0.383636 0.429342 0.384168 0.425932 0.383541 0.420480 0.382382 0.418439 0.382203 0.416881 0.378459 0.412462 0.377478 0.411978 0.375252 0.412715 0.374717 0.412084
0 0.522455 0.241876 0.522099 0.242803 0.521209 0.243098 0.520853 0.244024 0.519517 0.244466 0.519162 0.245393 0.518271 0.245687 0.516670 0.247835 0.515160 0.254803 0.515877 0.261033 0.517036 0.263075 0.517216 0.264632 0.519979 0.268568 0.521315 0.268125 0.521850 0.268757 0.523186 0.268314 0.523721 0.268946 0.526837 0.267913 0.530041 0.263618 0.531374 0.259134 0.531105 0.256798 0.531461 0.255872 0.531013 0.251978 0.530478 0.251346 0.530209 0.249010 0.529050 0.246968 0.528870 0.245411 0.526286 0.243033 0.524415 0.242844 0.523880 0.242213 0.522990 0.242508
0 0.823277 0.550520 0.820161 0.551552 0.819449 0.553405 0.819004 0.553552 0.817581 0.557257 0.817315 0.558963 0.817584 0.561299 0.817229 0.562225 0.817766 0.566898 0.818301 0.567529 0.818570 0.569866 0.819729 0.571907 0.819908 0.573465 0.822493 0.575843 0.824719 0.575105 0.825254 0.575737 0.828816 0.574557 0.830418 0.572409 0.831485 0.569630 0.832283 0.564515 0.831566 0.558285 0.831031 0.557653 0.830138 0.553907 0.829068 0.552644 0.828979 0.551865 0.826394 0.549488
0 0.662063 0.422818 0.661707 0.423745 0.660816 0.424040 0.660461 0.424966 0.660015 0.425113 0.659660 0.426040 0.659749 0.426818 0.658327 0.430524 0.658417 0.431302 0.658061 0.432229 0.658778 0.438459 0.659313 0.439090 0.659492 0.440648 0.660651 0.442689 0.661096 0.442542 0.663591 0.444141 0.664482 0.443846 0.665017 0.444477 0.665462 0.444330 0.665818 0.443404 0.667153 0.442961 0.667509 0.442035 0.668400 0.441740 0.668755 0.440814 0.669200 0.440666 0.670267 0.437887 0.670178 0.437109 0.670799 0.434477 0.670351 0.430583 0.670707 0.429657 0.670438 0.427320 0.669368 0.426058 0.669279 0.425279 0.667139 0.422754 0.666694 0.422901 0.666159 0.422270 0.664824 0.422712 0.664289 0.422081
0 0.646639 0.144149 0.646284 0.145075 0.644503 0.145665 0.644147 0.146591 0.642811 0.147034 0.642010 0.148108 0.640588 0.151813 0.640056 0.155223 0.640235 0.156781 0.639879 0.157707 0.640596 0.163937 0.641755 0.165979 0.641935 0.167536 0.644074 0.170062 0.646034 0.171029 0.647370 0.170587 0.647905 0.171218 0.649686 0.170628 0.650221 0.171260 0.651556 0.170817 0.655116 0.165596 0.655827 0.163743 0.655914 0.160481 0.656269 0.159554 0.655284 0.150988 0.654749 0.150356 0.653855 0.146610 0.651806 0.144863 0.649845 0.143895 0.648955 0.144190 0.648420 0.143559
0 0.356202 0.427919 0.355846 0.428845 0.352284 0.430025 0.351929 0.430951 0.350593 0.431393 0.350237 0.432320 0.349347 0.432615 0.346857 0.439099 0.347305 0.442993 0.347840 0.443624 0.348019 0.445182 0.349714 0.447854 0.349893 0.449412 0.353012 0.452421 0.356129 0.451389 0.356664 0.452020 0.359335 0.451135 0.359691 0.450209 0.360937 0.448988 0.362360 0.445283 0.362091 0.442946 0.362446 0.442020 0.361819 0.436568 0.361284 0.435937 0.361105 0.434379 0.360570 0.433748 0.359856 0.431559 0.357182 0.428402 0.356737 0.428550
0 0.296583 0.897992 0.296227 0.898918 0.295782 0.899066 0.295071 0.900918 0.294626 0.901066 0.293914 0.902918 0.294004 0.903697 0.293382 0.906328 0.294009 0.911780 0.294544 0.912411 0.294903 0.915527 0.296507 0.917421 0.296953 0.917273 0.298022 0.918536 0.303365 0.916766 0.303721 0.915840 0.304611 0.915545 0.305678 0.912766 0.305589 0.911987 0.305944 0.911061 0.305765 0.909503 0.306121 0.908577 0.305941 0.907019 0.306297 0.906093 0.306208 0.905314 0.305673 0.904683 0.305225 0.900789 0.303085 0.898264 0.302640 0.898411 0.302105 0.897780 0.300324 0.898370 0.299789 0.897738 0.298008 0.898328 0.297473 0.897697
0 0.801197 0.692042 0.800841 0.692968 0.799951 0.693263 0.799595 0.694189 0.798704 0.694484 0.798349 0.695411 0.797103 0.696632 0.796036 0.699411 0.796215 0.700968 0.795859 0.701895 0.796576 0.708125 0.797111 0.708757 0.797290 0.710314 0.797825 0.710945 0.797915 0.711724 0.798984 0.712987 0.799875 0.712692 0.800410 0.713323 0.801300 0.713028 0.801835 0.713660 0.805842 0.712332 0.806198 0.711406 0.806643 0.711259 0.808066 0.707553 0.807976 0.706775 0.808332 0.705848 0.807884 0.701954 0.808239 0.701028 0.807705 0.700397 0.807525 0.698839 0.806990 0.698208 0.806811 0.696650 0.806276 0.696019 0.806187 0.695240 0.804047 0.692715 0.803602 0.692862 0.802087 0.691747
0 0.370694 0.260613 0.370338 0.261539 0.368557 0.262129 0.368201 0.263056 0.366866 0.263498 0.366065 0.264572 0.363575 0.271056 0.363755 0.272613 0.363399 0.273540 0.364295 0.281328 0.365544 0.284148 0.367683 0.286673 0.368663 0.287157 0.372225 0.285977 0.372760 0.286609 0.374096 0.286166 0.375163 0.283387 0.375608 0.283240 0.376675 0.280461 0.377120 0.280313 0.378632 0.277387 0.378453 0.275830 0.378985 0.272419 0.378268 0.266189 0.377020 0.263369 0.375415 0.261475 0.373455 0.260507 0.372119 0.260949 0.371584 0.260318
0 0.097621 0.410082 0.096109 0.413008 0.095664 0.413156 0.094597 0.415935 0.094687 0.416713 0.094331 0.417640 0.094600 0.419976 0.094244 0.420902 0.094603 0.424018 0.095137 0.424649 0.095406 0.426985 0.095941 0.427617 0.096031 0.428395 0.098705 0.431552 0.099150 0.431405 0.099685 0.432036 0.105918 0.429971 0.107431 0.427045 0.107876 0.426897 0.108853 0.423340 0.107867 0.414773 0.107333 0.414142 0.107153 0.412584 0.103944 0.408796 0.101273 0.409681 0.100738 0.409050
0 0.803470 0.569585 0.801869 0.571733 0.799379 0.578217 0.799113 0.579922 0.799382 0.582258 0.799026 0.583185 0.799474 0.587079 0.800009 0.587710 0.800278 0.590046 0.800902 0.591456 0.801972 0.592719 0.802417 0.592572 0.805982 0.595433 0.809544 0.594254 0.809900 0.593327 0.811681 0.592737 0.812482 0.591663 0.813815 0.587180 0.814081 0.585475 0.813901 0.583917 0.814523 0.581286 0.814254 0.578949 0.813719 0.578318 0.813361 0.575203 0.812826 0.574571 0.812647 0.573014 0.812022 0.571603 0.809883 0.569078 0.808547 0.569521 0.808012 0.568889 0.806677 0.569332 0.806142 0.568700
0 0.180336 0.494255 0.175883 0.495730 0.172769 0.500804 0.171436 0.505288 0.171705 0.507624 0.171350 0.508551 0.172691 0.516191 0.173940 0.519011 0.179109 0.523767 0.185698 0.520776 0.189078 0.513997 0.189876 0.508882 0.189070 0.501873 0.188535 0.501241 0.188177 0.498126 0.186572 0.496232 0.182562 0.493518
0 0.076973 0.497770 0.074079 0.498728 0.073723 0.499654 0.072833 0.499949 0.070965 0.503802 0.069366 0.509991 0.069907 0.518705 0.069641 0.520410 0.071514 0.524641 0.074099 0.527019 0.078910 0.528659 0.084342 0.527668 0.085944 0.525521 0.088879 0.518889 0.088517 0.511732 0.087982 0.511101 0.087445 0.506428 0.086910 0.505797 0.086641 0.503461 0.083432 0.499673 0.083342 0.498894 0.079867 0.496811
0 0.774129 0.705858 0.773773 0.706785 0.773328 0.706932 0.772261 0.709711 0.772351 0.710490 0.771640 0.712342 0.772088 0.716236 0.771732 0.717163 0.771911 0.718720 0.773071 0.720762 0.773250 0.722319 0.773785 0.722951 0.773874 0.723730 0.774409 0.724361 0.774854 0.724213 0.777349 0.725812 0.777795 0.725665 0.778150 0.724739 0.779931 0.724149 0.780287 0.723222 0.781177 0.722928 0.781533 0.722001 0.782424 0.721706 0.782779 0.720780 0.782600 0.719222 0.782956 0.718296 0.782776 0.716738 0.783132 0.715812 0.782505 0.710361 0.781970 0.709729 0.781256 0.707540 0.780721 0.706909 0.779296 0.706573 0.778226 0.705310 0.776890 0.705752 0.776355 0.705121
0 0.701022 0.861857 0.700666 0.862783 0.699331 0.863225 0.698975 0.864152 0.698084 0.864447 0.696572 0.867373 0.696662 0.868152 0.696040 0.870783 0.696847 0.877792 0.699255 0.882654 0.699700 0.882507 0.702195 0.884106 0.703531 0.883663 0.704066 0.884295 0.706202 0.882778 0.707714 0.879852 0.708160 0.879705 0.707981 0.878147 0.709047 0.875368 0.708958 0.874589 0.709314 0.873663 0.708865 0.869769 0.708331 0.869138 0.708062 0.866801 0.707527 0.866170 0.706813 0.863981 0.705743 0.862718 0.705298 0.862866 0.703783 0.861751 0.702892 0.862046 0.702358 0.861414
0 0.224911 0.423705 0.224555 0.424632 0.220638 0.426738 0.219036 0.428885 0.217969 0.431664 0.217703 0.433369 0.217882 0.434927 0.217350 0.438337 0.217885 0.438968 0.218333 0.442862 0.220027 0.445535 0.220117 0.446314 0.221186 0.447577 0.222166 0.448060 0.223502 0.447618 0.224037 0.448249 0.225818 0.447659 0.226353 0.448291 0.229024 0.447406 0.229380 0.446480 0.230270 0.446185 0.231071 0.445111 0.232760 0.439701 0.233026 0.437996 0.232309 0.431765 0.231774 0.431134 0.231595 0.429576 0.230971 0.428166 0.227851 0.425157 0.225446 0.424337
0 0.477187 0.985315 0.476831 0.986241 0.475585 0.987462 0.474518 0.990241 0.474697 0.991799 0.474342 0.992725 0.474521 0.994283 0.474165 0.995209 0.474524 0.998324 0.475059 0.998955 0.475327 0.999074 0.475862 0.999074 0.475952 0.999074 0.477022 0.999074 0.477111 0.999074 0.479606 0.999074 0.480497 0.999074 0.480852 0.999074 0.482633 0.999074 0.482989 0.999074 0.484235 0.999074 0.484946 0.999074 0.484767 0.998974 0.485123 0.998047 0.484764 0.994932 0.485120 0.994006 0.484762 0.990891 0.484227 0.990259 0.483958 0.987923 0.483423 0.987292 0.483333 0.986513 0.482888 0.986660 0.482353 0.986029 0.481463 0.986324 0.480928 0.985693 0.480038 0.985988 0.479503 0.985356 0.478167 0.985799 0.477632 0.985167
0 0.606984 0.245409 0.606629 0.246335 0.604402 0.247072 0.604047 0.247999 0.603156 0.248294 0.602089 0.251072 0.602179 0.251851 0.601468 0.253704 0.601647 0.255261 0.601291 0.256188 0.602277 0.264755 0.603347 0.266017 0.603436 0.266796 0.603881 0.266649 0.605486 0.268542 0.607712 0.267805 0.608247 0.268436 0.611809 0.267257 0.612165 0.266330 0.613411 0.265109 0.614478 0.262330 0.614388 0.261551 0.614744 0.260625 0.614565 0.259068 0.614920 0.258141 0.614741 0.256584 0.615097 0.255657 0.614917 0.254100 0.614383 0.253468 0.613489 0.249722 0.610725 0.245786 0.610280 0.245934 0.608765 0.244819
0 0.225177 0.293451 0.224821 0.294377 0.223486 0.294820 0.223130 0.295746 0.222685 0.295894 0.221618 0.298673 0.221797 0.300230 0.221441 0.301156 0.221710 0.303493 0.222245 0.304124 0.222604 0.307239 0.223138 0.307871 0.223228 0.308650 0.225367 0.311175 0.225813 0.311027 0.226348 0.311659 0.227683 0.311216 0.228218 0.311848 0.230444 0.311110 0.230800 0.310184 0.231690 0.309889 0.232046 0.308963 0.232491 0.308815 0.233914 0.305110 0.233287 0.299658 0.233642 0.298732 0.233553 0.297953 0.233018 0.297322 0.232928 0.296543 0.230254 0.293387 0.229809 0.293534 0.228294 0.292419
0 0.031661 0.338954 0.031305 0.339881 0.029524 0.340470 0.029169 0.341397 0.027833 0.341839 0.025965 0.345692 0.026055 0.346471 0.024722 0.350954 0.025349 0.356406 0.027847 0.362047 0.030431 0.364424 0.031767 0.363982 0.032302 0.364613 0.035419 0.363581 0.035954 0.364212 0.036309 0.363286 0.037645 0.362844 0.039247 0.360696 0.039958 0.358844 0.040403 0.358696 0.041201 0.353581 0.040574 0.348129 0.040039 0.347498 0.039770 0.345161 0.039146 0.343751 0.036382 0.339816 0.033442 0.338364
0 0.356560 0.688132 0.354157 0.691353 0.353267 0.691648 0.351755 0.694575 0.351222 0.697985 0.351402 0.699542 0.351046 0.700469 0.351315 0.702805 0.351850 0.703436 0.352208 0.706552 0.353457 0.709372 0.354527 0.710634 0.354616 0.711413 0.356577 0.712381 0.357467 0.712086 0.358002 0.712717 0.360228 0.711980 0.360763 0.712611 0.361119 0.711685 0.362009 0.711390 0.362365 0.710464 0.363255 0.710169 0.364056 0.709095 0.365479 0.705390 0.365745 0.703685 0.365476 0.701348 0.365831 0.700422 0.365115 0.694192 0.364580 0.693560 0.364311 0.691224 0.363687 0.689814 0.359231 0.687247
0 0.437169 0.689729 0.436813 0.690655 0.435923 0.690950 0.435567 0.691877 0.434676 0.692171 0.434321 0.693098 0.433430 0.693393 0.433075 0.694319 0.431383 0.695688 0.430672 0.697540 0.430585 0.700803 0.430230 0.701729 0.431036 0.708738 0.431571 0.709370 0.431750 0.710927 0.432999 0.713748 0.433444 0.713600 0.434514 0.714863 0.436474 0.715831 0.437365 0.715536 0.439325 0.716503 0.441106 0.715913 0.441461 0.714987 0.442352 0.714692 0.445911 0.709471 0.446443 0.706061 0.446264 0.704503 0.446620 0.703577 0.445992 0.698125 0.445457 0.697494 0.445278 0.695936 0.444029 0.693116 0.437614 0.689581
0 0.372213 0.912557 0.371857 0.913483 0.370967 0.913778 0.370611 0.914704 0.370166 0.914852 0.369455 0.916704 0.369009 0.916852 0.367587 0.920557 0.367676 0.921336 0.367321 0.922262 0.367500 0.923820 0.367144 0.924746 0.367413 0.927082 0.367948 0.927714 0.368306 0.930829 0.371516 0.934617 0.371961 0.934469 0.372496 0.935101 0.373386 0.934806 0.373921 0.935437 0.376593 0.934552 0.376948 0.933626 0.378284 0.933183 0.378640 0.932257 0.379886 0.931036 0.379796 0.930257 0.380418 0.927626 0.380149 0.925289 0.380505 0.924363 0.379608 0.916575 0.379074 0.915944 0.378359 0.913755 0.377914 0.913902 0.377379 0.913271 0.376489 0.913566 0.375954 0.912935 0.375064 0.913230 0.374529 0.912598 0.373193 0.913041 0.372658 0.912409
0 0.062479 0.999074 0.059362 0.999074 0.058651 0.999074 0.058206 0.999074 0.058295 0.999074 0.057940 0.999074 0.058119 0.999074 0.057763 0.999074 0.057943 0.999074 0.057587 0.999074 0.058122 0.999074 0.058570 0.999074 0.059105 0.999074 0.059819 0.999074 0.061958 0.999074 0.062849 0.999074 0.063384 0.999074 0.068281 0.999074 0.068637 0.999074 0.069082 0.999074 0.070860 0.999074 0.070771 0.999074 0.071126 0.999074 0.070499 0.999074 0.069429 0.999074 0.068715 0.999074 0.066576 0.999074 0.066131 0.999074 0.065596 0.999074
0 0.229034 0.977768 0.228679 0.978695 0.226453 0.979432 0.225030 0.983137 0.225120 0.983916 0.224764 0.984842 0.225122 0.987957 0.224767 0.988884 0.225302 0.989515 0.225570 0.991851 0.226105 0.992483 0.226285 0.994040 0.226819 0.994672 0.226909 0.995450 0.229048 0.997976 0.230384 0.997533 0.230919 0.998165 0.234926 0.996837 0.235282 0.995911 0.235727 0.995764 0.237150 0.992058 0.237060 0.991280 0.237416 0.990353 0.237057 0.987238 0.237413 0.986312 0.237144 0.983976 0.236609 0.983344 0.236251 0.980229 0.235181 0.978966 0.234736 0.979114 0.233131 0.977220 0.232686 0.977367 0.232151 0.976736
0 0.297556 0.372155 0.297200 0.373081 0.293283 0.375187 0.291415 0.379040 0.290530 0.387418 0.291515 0.395985 0.293389 0.400215 0.294993 0.402109 0.295974 0.402593 0.297309 0.402150 0.297844 0.402782 0.301406 0.401602 0.301941 0.402233 0.302297 0.401307 0.304878 0.399643 0.307281 0.396422 0.308614 0.391938 0.308880 0.390233 0.308611 0.387897 0.308967 0.386970 0.308340 0.381519 0.305752 0.375099 0.304148 0.373205 0.300852 0.372680 0.300317 0.372049 0.299426 0.372344 0.298891 0.371712
0 0.794832 0.504156 0.794476 0.505083 0.792695 0.505673 0.791539 0.507673 0.791629 0.508451 0.790917 0.510304 0.791007 0.511083 0.790651 0.512009 0.790830 0.513567 0.790475 0.514493 0.791012 0.519166 0.791547 0.519797 0.791726 0.521355 0.792261 0.521986 0.792351 0.522765 0.794580 0.526069 0.795025 0.525921 0.796540 0.527037 0.797431 0.526742 0.797965 0.527373 0.799301 0.526931 0.799836 0.527562 0.802328 0.525119 0.803395 0.522341 0.803306 0.521562 0.804639 0.517078 0.803922 0.510847 0.803387 0.510216 0.803297 0.509437 0.802228 0.508175 0.801513 0.505986 0.800444 0.504723 0.799999 0.504870 0.797949 0.503124
0 0.527539 0.639583 0.527184 0.640510 0.526293 0.640805 0.525938 0.641731 0.525492 0.641878 0.524426 0.644657 0.524605 0.646215 0.523983 0.648846 0.524252 0.651183 0.524787 0.651814 0.525145 0.654929 0.525680 0.655561 0.526038 0.658676 0.526573 0.659307 0.526663 0.660086 0.528267 0.661980 0.529158 0.661685 0.529693 0.662316 0.533700 0.660989 0.534056 0.660063 0.534946 0.659768 0.535302 0.658841 0.536192 0.658547 0.536548 0.657620 0.536369 0.656063 0.536724 0.655136 0.536635 0.654357 0.536990 0.653431 0.536811 0.651874 0.537167 0.650947 0.536808 0.647832 0.536273 0.647201 0.535915 0.644086 0.534756 0.642044 0.534577 0.640487 0.532081 0.638887 0.530746 0.639330 0.530211 0.638699
0 0.122668 0.999074 0.122313 0.999074 0.119641 0.999074 0.117239 0.999074 0.114662 0.999074 0.114665 0.999074 0.114310 0.999074 0.115385 0.999074 0.116454 0.999074 0.117169 0.999074 0.121358 0.999074 0.122338 0.999074 0.124119 0.999074 0.124654 0.999074 0.128661 0.999074 0.130708 0.999074 0.132752 0.999074 0.133461 0.999074 0.133102 0.999074 0.133458 0.999074 0.132472 0.999074 0.131937 0.999074 0.131579 0.999074 0.129260 0.999074 0.124895 0.999074
0 0.253229 0.930947 0.252873 0.931873 0.251983 0.932168 0.251627 0.933095 0.251182 0.933242 0.250115 0.936021 0.250922 0.943030 0.251456 0.943662 0.251636 0.945219 0.252170 0.945850 0.252260 0.946629 0.254399 0.949155 0.254845 0.949007 0.255380 0.949638 0.256270 0.949344 0.256805 0.949975 0.257695 0.949680 0.258051 0.948754 0.258942 0.948459 0.259297 0.947532 0.260543 0.946311 0.261255 0.944459 0.261700 0.944311 0.261610 0.943532 0.261966 0.942606 0.261697 0.940270 0.262053 0.939343 0.261784 0.937007 0.261249 0.936375 0.260980 0.934039 0.260445 0.933408 0.260356 0.932629 0.259821 0.931998 0.259376 0.932145 0.258306 0.930882 0.257861 0.931030 0.257326 0.930399 0.256435 0.930694 0.255900 0.930062
0 0.176726 0.555279 0.176370 0.556205 0.175035 0.556648 0.174679 0.557574 0.173789 0.557869 0.172366 0.561574 0.172456 0.562353 0.171744 0.564205 0.172551 0.571214 0.173086 0.571846 0.173800 0.574035 0.174869 0.575297 0.175315 0.575150 0.175850 0.575781 0.177185 0.575339 0.177720 0.575970 0.181727 0.574643 0.182083 0.573717 0.182973 0.573422 0.183329 0.572495 0.184575 0.571274 0.185287 0.569422 0.185197 0.568643 0.185819 0.566011 0.185102 0.559781 0.184567 0.559150 0.183853 0.556961 0.182783 0.555698 0.182338 0.555845 0.181803 0.555214 0.180912 0.555509 0.180378 0.554878 0.179042 0.555320 0.178507 0.554689
0 0.600568 0.627522 0.600212 0.628448 0.598966 0.629669 0.597544 0.633374 0.597633 0.634153 0.596922 0.636006 0.597012 0.636784 0.596656 0.637711 0.597642 0.646278 0.598176 0.646909 0.598266 0.647688 0.599336 0.648950 0.599781 0.648803 0.602276 0.650402 0.605393 0.649370 0.605748 0.648443 0.606639 0.648148 0.606995 0.647222 0.608241 0.646001 0.608952 0.644148 0.608862 0.643369 0.609218 0.642443 0.608949 0.640107 0.609305 0.639180 0.608946 0.636065 0.608412 0.635434 0.608053 0.632319 0.604844 0.628531 0.604399 0.628678 0.601904 0.627079
0 0.604505 0.525157 0.604150 0.526083 0.602814 0.526526 0.602458 0.527452 0.601123 0.527894 0.600767 0.528821 0.600857 0.529599 0.600235 0.532231 0.600414 0.533788 0.600058 0.534715 0.600327 0.537051 0.600862 0.537682 0.601221 0.540798 0.601755 0.541429 0.601845 0.542208 0.602915 0.543470 0.603004 0.544249 0.604340 0.543807 0.604875 0.544438 0.609327 0.542963 0.610750 0.539258 0.610660 0.538479 0.611372 0.536627 0.610655 0.530396 0.610120 0.529765 0.610030 0.528986 0.609495 0.528355 0.608781 0.526166 0.607712 0.524903 0.607266 0.525051 0.606732 0.524419
0 0.705428 0.406029 0.705072 0.406955 0.703736 0.407398 0.703381 0.408324 0.701244 0.409840 0.701334 0.410619 0.700622 0.412472 0.700090 0.415882 0.700270 0.417439 0.699914 0.418366 0.700362 0.422260 0.700897 0.422891 0.701790 0.426638 0.703574 0.430089 0.704999 0.430426 0.707049 0.432172 0.707940 0.431877 0.708474 0.432508 0.710701 0.431771 0.713904 0.427476 0.714971 0.424697 0.715237 0.422992 0.714968 0.420656 0.715324 0.419729 0.714607 0.413499 0.712109 0.407858 0.708189 0.405923 0.707298 0.406218 0.706763 0.405587
0 0.699645 0.544578 0.699289 0.545505 0.698399 0.545800 0.697598 0.546873 0.695820 0.551505 0.695019 0.552579 0.694487 0.555989 0.694755 0.558325 0.694400 0.559251 0.694579 0.560809 0.695114 0.561440 0.695472 0.564556 0.696097 0.565966 0.698236 0.568491 0.698326 0.569270 0.700286 0.570238 0.701622 0.569795 0.702157 0.570426 0.703938 0.569837 0.704293 0.568910 0.706074 0.568320 0.706430 0.567394 0.707766 0.566952 0.708566 0.565878 0.708477 0.565099 0.709810 0.560615 0.709541 0.558279 0.709897 0.557352 0.709449 0.553458 0.708914 0.552827 0.708645 0.550491 0.707396 0.547670 0.705257 0.545145 0.704276 0.544661 0.702941 0.545104 0.702406 0.544472 0.700625 0.545062 0.700090 0.544431
0 0.248738 0.490194 0.248383 0.491120 0.245000 0.493857 0.243222 0.498489 0.242690 0.501899 0.243048 0.505014 0.242692 0.505940 0.242872 0.507498 0.243406 0.508129 0.243675 0.510466 0.244210 0.511097 0.244389 0.512655 0.247509 0.515664 0.249469 0.516632 0.250805 0.516189 0.251340 0.516820 0.254456 0.515788 0.254812 0.514862 0.255702 0.514567 0.257926 0.509788 0.258192 0.508083 0.257834 0.504968 0.258189 0.504041 0.257651 0.499369 0.258007 0.498442 0.257738 0.496106 0.257203 0.495475 0.256310 0.491728 0.253370 0.490276 0.251054 0.490235 0.250519 0.489604
0 0.557642 0.893179 0.557286 0.894105 0.555505 0.894695 0.555150 0.895621 0.554259 0.895916 0.553548 0.897769 0.553638 0.898547 0.553282 0.899474 0.553461 0.901031 0.553105 0.901958 0.553374 0.904294 0.553909 0.904925 0.554268 0.908040 0.555872 0.909934 0.556317 0.909787 0.557387 0.911050 0.557832 0.910902 0.558367 0.911533 0.559258 0.911238 0.559792 0.911870 0.560148 0.910944 0.561039 0.910649 0.561394 0.909722 0.561839 0.909575 0.563262 0.905870 0.563172 0.905091 0.563528 0.904165 0.563349 0.902607 0.563704 0.901681 0.563525 0.900123 0.563881 0.899197 0.562276 0.897303 0.562187 0.896524 0.561027 0.894483 0.560582 0.894630 0.559067 0.893515 0.558177 0.893810
0 0.583643 0.625043 0.583287 0.625969 0.581151 0.627485 0.579639 0.630412 0.579193 0.630559 0.578216 0.634117 0.578395 0.635674 0.578040 0.636600 0.578757 0.642831 0.579291 0.643462 0.579471 0.645020 0.580005 0.645651 0.580274 0.647988 0.581344 0.649250 0.581789 0.649103 0.582324 0.649734 0.583215 0.649439 0.583749 0.650071 0.584640 0.649776 0.585175 0.650407 0.587846 0.649522 0.588202 0.648596 0.589092 0.648301 0.589448 0.647374 0.590338 0.647080 0.590694 0.646153 0.591940 0.644932 0.591851 0.644153 0.592206 0.643227 0.592027 0.641669 0.592383 0.640743 0.592203 0.639185 0.592559 0.638259 0.592470 0.637480 0.591935 0.636849 0.591397 0.632176 0.590862 0.631545 0.590773 0.630766 0.587563 0.626978 0.587118 0.627126 0.585068 0.625379 0.584178 0.625674
0 0.569099 0.201363 0.568744 0.202290 0.567497 0.203511 0.567142 0.204437 0.567231 0.205216 0.566520 0.207069 0.566610 0.207847 0.565899 0.209700 0.566705 0.216709 0.567864 0.218751 0.568044 0.220308 0.570539 0.221907 0.573655 0.220875 0.574011 0.219949 0.576237 0.219211 0.577394 0.217211 0.577304 0.216432 0.578015 0.214580 0.577926 0.213801 0.578547 0.211170 0.578010 0.206497 0.577475 0.205865 0.576761 0.203677 0.575691 0.202414 0.575602 0.201635 0.575067 0.201004 0.574176 0.201299 0.573641 0.200667 0.569634 0.201995
0 0.525814 0.721003 0.525459 0.721930 0.523232 0.722667 0.522877 0.723593 0.521631 0.724815 0.521275 0.725741 0.521365 0.726520 0.520653 0.728372 0.520922 0.730709 0.520567 0.731635 0.521194 0.737086 0.521729 0.737718 0.521908 0.739275 0.522978 0.740538 0.523868 0.740243 0.524403 0.740874 0.526184 0.740285 0.526719 0.740916 0.528945 0.740178 0.529301 0.739252 0.529746 0.739105 0.531168 0.735400 0.530989 0.733842 0.531611 0.731211 0.530984 0.725759 0.530449 0.725128 0.530359 0.724349 0.527685 0.721192 0.527240 0.721340 0.526705 0.720708
0 0.632543 0.433404 0.630095 0.434216 0.627249 0.441626 0.627429 0.443183 0.627073 0.444110 0.627611 0.448783 0.628145 0.449414 0.628504 0.452529 0.629574 0.453792 0.629663 0.454571 0.632338 0.457727 0.634564 0.456990 0.635099 0.457621 0.638660 0.456441 0.639016 0.455515 0.639461 0.455368 0.641150 0.449957 0.641060 0.449179 0.641682 0.446547 0.641413 0.444211 0.641769 0.443284 0.641590 0.441727 0.641055 0.441096 0.640162 0.437349 0.638557 0.435455 0.638112 0.435602 0.637042 0.434340 0.636952 0.433561 0.636507 0.433708 0.634992 0.432593
0 0.656588 0.620285 0.656232 0.621211 0.654896 0.621654 0.654541 0.622580 0.653294 0.623801 0.652939 0.624728 0.653028 0.625506 0.652317 0.627359 0.652407 0.628138 0.652051 0.629064 0.652230 0.630622 0.652765 0.631253 0.653213 0.635147 0.654818 0.637041 0.654907 0.637820 0.656067 0.639861 0.656512 0.639714 0.659007 0.641313 0.662124 0.640280 0.662479 0.639354 0.664706 0.638617 0.665772 0.635838 0.665504 0.633501 0.665859 0.632575 0.665142 0.626345 0.664608 0.625713 0.663894 0.623525 0.662824 0.622262 0.662379 0.622409 0.661309 0.621147 0.660864 0.621294 0.659349 0.620179 0.658013 0.620621 0.657478 0.619990
0 0.044264 0.789956 0.043908 0.790883 0.042127 0.791473 0.039279 0.794841 0.037591 0.800252 0.037949 0.803367 0.037594 0.804293 0.037773 0.805851 0.038308 0.806482 0.038756 0.810376 0.040985 0.813680 0.041699 0.815869 0.043303 0.817763 0.044194 0.817468 0.046154 0.818436 0.047490 0.817993 0.048025 0.818625 0.050607 0.816961 0.050962 0.816035 0.051853 0.815740 0.052208 0.814813 0.053900 0.813445 0.054967 0.810666 0.055053 0.807403 0.055675 0.804772 0.055048 0.799320 0.054513 0.798689 0.054334 0.797131 0.053799 0.796500 0.052995 0.793532 0.050856 0.791007 0.047470 0.789703 0.046135 0.790145 0.045600 0.789514
0 0.825672 0.406625 0.825316 0.407551 0.824426 0.407846 0.824070 0.408773 0.823625 0.408920 0.822558 0.411699 0.822737 0.413256 0.822115 0.415888 0.822384 0.418224 0.822919 0.418856 0.823188 0.421192 0.823723 0.421823 0.823812 0.422602 0.827021 0.426390 0.830583 0.425210 0.830939 0.424284 0.832275 0.423842 0.832630 0.422915 0.833076 0.422768 0.833787 0.420915 0.833697 0.420136 0.834319 0.417505 0.833692 0.412053 0.833157 0.411422 0.833067 0.410643 0.832532 0.410012 0.831818 0.407823 0.831373 0.407971 0.829858 0.406855 0.828968 0.407150 0.828433 0.406519 0.827097 0.406961 0.826562 0.406330
0 0.096024 0.354017 0.093575 0.354828 0.093219 0.355755 0.091884 0.356197 0.090282 0.358344 0.088504 0.362976 0.088327 0.365460 0.087616 0.367312 0.088512 0.375100 0.089582 0.376363 0.090296 0.378552 0.092435 0.381077 0.094930 0.382676 0.100808 0.381538 0.104367 0.376317 0.105700 0.371833 0.105697 0.367791 0.106053 0.366865 0.105784 0.364528 0.106140 0.363602 0.104978 0.357519 0.102838 0.354994 0.098473 0.353206
0 0.517809 0.350135 0.517453 0.351061 0.515406 0.353356 0.514340 0.356135 0.514429 0.356914 0.514073 0.357840 0.514253 0.359398 0.513897 0.360324 0.514435 0.364997 0.514970 0.365628 0.515149 0.367186 0.515684 0.367817 0.517022 0.371416 0.519517 0.373015 0.523079 0.371836 0.523435 0.370909 0.525216 0.370319 0.525571 0.369393 0.526017 0.369246 0.527439 0.365540 0.527350 0.364762 0.528061 0.362909 0.527523 0.358236 0.527879 0.357310 0.527344 0.356679 0.527165 0.355121 0.526630 0.354490 0.526361 0.352153 0.524757 0.350259 0.524311 0.350407 0.523776 0.349775 0.522886 0.350070 0.522351 0.349439 0.519234 0.350471 0.518700 0.349840
0 0.520603 0.527076 0.520248 0.528002 0.515619 0.531961 0.514552 0.534740 0.514289 0.540486 0.513933 0.541413 0.514381 0.545307 0.514025 0.546233 0.514560 0.546864 0.515188 0.552316 0.515722 0.552947 0.516616 0.556694 0.519290 0.559851 0.525613 0.558565 0.528371 0.554417 0.530063 0.553048 0.531572 0.546081 0.531480 0.541260 0.531835 0.540334 0.530673 0.534251 0.529603 0.532988 0.528889 0.530799 0.527285 0.528905 0.525414 0.528717 0.521939 0.526634
0 0.390448 0.878220 0.390093 0.879146 0.389648 0.879294 0.387514 0.884851 0.387783 0.887188 0.387427 0.888114 0.387606 0.889672 0.387250 0.890598 0.387430 0.892155 0.387965 0.892787 0.388323 0.895902 0.388858 0.896533 0.389572 0.898722 0.391176 0.900616 0.392067 0.900321 0.392602 0.900952 0.397499 0.899330 0.397855 0.898404 0.399636 0.897814 0.400703 0.895035 0.400613 0.894256 0.401591 0.890699 0.400963 0.885247 0.399804 0.883206 0.399625 0.881648 0.396416 0.877860 0.395080 0.878303 0.394545 0.877671 0.393655 0.877966 0.393120 0.877335
0 0.207199 0.442508 0.204082 0.443540 0.201680 0.446761 0.200968 0.448614 0.200523 0.448761 0.200613 0.449540 0.199280 0.454024 0.200176 0.461812 0.200711 0.462444 0.200890 0.464001 0.201514 0.465411 0.201960 0.465264 0.204009 0.467010 0.204900 0.466715 0.205435 0.467347 0.206770 0.466904 0.207305 0.467536 0.208196 0.467241 0.208551 0.466314 0.212559 0.464987 0.214160 0.462840 0.214872 0.460987 0.215936 0.454167 0.215398 0.449494 0.214149 0.446674 0.213880 0.444337 0.210316 0.441475
0 0.058403 0.756168 0.058047 0.757094 0.056266 0.757684 0.055910 0.758610 0.054575 0.759053 0.052973 0.761200 0.053062 0.761979 0.051374 0.767389 0.051643 0.769726 0.051287 0.770652 0.051735 0.774546 0.052270 0.775177 0.052539 0.777514 0.055838 0.782080 0.057173 0.781638 0.057708 0.782269 0.059934 0.781532 0.060469 0.782163 0.062250 0.781573 0.062606 0.780647 0.063496 0.780352 0.065899 0.777131 0.067232 0.772647 0.066336 0.764859 0.065801 0.764228 0.065622 0.762670 0.064997 0.761260 0.061788 0.757472 0.058937 0.756799
0 0.320176 0.367896 0.319821 0.368822 0.317595 0.369560 0.317239 0.370486 0.315903 0.370928 0.315192 0.372781 0.315282 0.373560 0.314394 0.377896 0.315021 0.383348 0.315556 0.383979 0.316004 0.387873 0.317074 0.389136 0.317163 0.389915 0.317609 0.389767 0.318143 0.390399 0.319034 0.390104 0.319569 0.390735 0.321350 0.390145 0.321885 0.390776 0.324556 0.389892 0.324912 0.388965 0.326158 0.387744 0.327580 0.384039 0.327491 0.383260 0.327846 0.382334 0.327667 0.380776 0.328023 0.379850 0.327664 0.376735 0.327129 0.376103 0.325791 0.372504 0.323652 0.369979 0.323562 0.369200 0.323027 0.368569 0.322582 0.368716 0.321067 0.367601
0 0.201309 0.813128 0.200954 0.814054 0.199618 0.814496 0.197215 0.817718 0.196325 0.818012 0.194547 0.822644 0.193659 0.826980 0.193928 0.829317 0.193572 0.830243 0.194110 0.834916 0.194644 0.835547 0.194824 0.837105 0.196607 0.840556 0.199727 0.843566 0.202488 0.843459 0.203023 0.844091 0.210502 0.840805 0.212104 0.838657 0.214770 0.829690 0.214501 0.827353 0.214857 0.826427 0.213605 0.819565 0.208792 0.813883 0.206831 0.812915 0.205050 0.813505 0.204516 0.812874 0.202735 0.813464 0.202200 0.812833
0 0.347265 0.900608 0.345753 0.903534 0.345308 0.903682 0.344952 0.904608 0.344776 0.907092 0.343709 0.909871 0.344426 0.916101 0.345495 0.917364 0.346209 0.919553 0.347814 0.921447 0.348259 0.921299 0.349774 0.922415 0.354672 0.920792 0.355028 0.919866 0.356363 0.919424 0.357430 0.916645 0.357341 0.915866 0.357962 0.913235 0.357245 0.907004 0.355551 0.904331 0.354837 0.902142 0.353767 0.900880 0.353322 0.901027 0.352787 0.900396 0.351897 0.900691 0.351362 0.900060 0.350026 0.900502 0.349491 0.899871
0 0.725915 0.278779 0.721465 0.284295 0.720754 0.286148 0.719956 0.291263 0.720135 0.292821 0.719779 0.293747 0.720941 0.299830 0.722815 0.304060 0.723260 0.303913 0.725310 0.305659 0.726200 0.305364 0.726735 0.305996 0.728516 0.305406 0.729051 0.306037 0.729407 0.305111 0.731633 0.304373 0.731989 0.303447 0.733770 0.302857 0.734570 0.301784 0.735282 0.299931 0.735458 0.297447 0.736435 0.293889 0.735539 0.286101 0.735004 0.285470 0.734736 0.283134 0.733666 0.281871 0.733576 0.281092 0.731972 0.279198 0.729211 0.279304 0.728676 0.278673 0.727340 0.279115 0.726805 0.278484
0 0.158039 0.838779 0.157684 0.839705 0.156793 0.840000 0.156437 0.840926 0.155547 0.841221 0.155191 0.842147 0.154746 0.842295 0.153324 0.846000 0.153592 0.848336 0.153237 0.849263 0.154043 0.856272 0.154578 0.856903 0.154668 0.857682 0.156807 0.860207 0.158588 0.859617 0.159123 0.860249 0.162685 0.859069 0.163040 0.858143 0.165087 0.855848 0.165799 0.853995 0.166244 0.853848 0.166154 0.853069 0.166510 0.852143 0.165614 0.844354 0.165079 0.843723 0.164900 0.842166 0.164365 0.841534 0.164275 0.840755 0.163830 0.840903 0.162760 0.839640 0.162315 0.839788 0.159820 0.838189
0 0.422268 0.936469 0.419374 0.937428 0.417773 0.939575 0.417862 0.940354 0.416795 0.943133 0.416263 0.946543 0.416532 0.948879 0.417868 0.952850 0.419387 0.956088 0.424409 0.957232 0.428870 0.956155 0.431401 0.953579 0.432856 0.948286 0.432292 0.941234 0.431668 0.939824 0.428548 0.936815 0.426588 0.935847 0.425697 0.936142 0.425163 0.935510
0 0.711462 0.502665 0.711106 0.503592 0.706209 0.505214 0.705142 0.507993 0.705231 0.508772 0.704520 0.510624 0.704699 0.512182 0.704344 0.513108 0.704881 0.517781 0.705416 0.518412 0.705595 0.519970 0.706130 0.520601 0.706310 0.522159 0.706844 0.522790 0.706934 0.523569 0.708539 0.525463 0.711655 0.524431 0.712011 0.523504 0.714237 0.522767 0.715660 0.519062 0.715570 0.518283 0.715926 0.517357 0.715747 0.515799 0.716368 0.513168 0.715741 0.507716 0.715206 0.507085 0.715116 0.506306 0.714047 0.505043 0.713957 0.504264 0.712887 0.503002 0.712442 0.503149 0.711907 0.502518
0 0.311881 0.994794 0.311525 0.995720 0.308053 0.997679 0.305205 0.999074 0.303250 0.999074 0.303074 0.999074 0.303343 0.999074 0.302987 0.999074 0.304421 0.999074 0.305759 0.999074 0.307899 0.999074 0.310394 0.999074 0.317072 0.999074 0.317428 0.999074 0.319209 0.999074 0.322947 0.999074 0.324370 0.999074 0.324723 0.999074 0.323017 0.999074 0.322303 0.997001 0.319184 0.993992 0.315532 0.994393 0.314997 0.993762
0 0.479483 0.828517 0.476812 0.829401 0.475210 0.831549 0.474499 0.833402 0.474054 0.833549 0.473877 0.836033 0.472544 0.840517 0.472992 0.844411 0.472637 0.845337 0.473172 0.845969 0.473440 0.848305 0.473975 0.848936 0.474154 0.850494 0.475224 0.851757 0.475314 0.852535 0.478968 0.856176 0.482975 0.854849 0.483331 0.853922 0.485112 0.853332 0.485823 0.851480 0.486268 0.851332 0.487691 0.847627 0.487957 0.845922 0.487778 0.844364 0.488310 0.840954 0.487862 0.837060 0.485364 0.831420 0.482155 0.827632
0 0.543663 0.771685 0.543307 0.772611 0.542417 0.772906 0.542061 0.773833 0.541171 0.774128 0.540815 0.775054 0.540370 0.775201 0.540014 0.776128 0.538768 0.777349 0.538057 0.779202 0.538326 0.781538 0.537970 0.782464 0.538418 0.786358 0.538953 0.786990 0.539311 0.790105 0.540381 0.791367 0.541272 0.791072 0.542787 0.792188 0.544122 0.791745 0.544657 0.792376 0.546438 0.791787 0.546794 0.790860 0.548040 0.789639 0.549107 0.786860 0.548928 0.785303 0.549283 0.784376 0.549104 0.782819 0.549460 0.781892 0.549012 0.777998 0.548477 0.777367 0.548298 0.775810 0.546158 0.773284 0.545713 0.773432 0.544643 0.772169 0.544198 0.772317
0 0.328481 0.657008 0.328126 0.657934 0.325900 0.658672 0.320739 0.666041 0.319941 0.671156 0.320209 0.673492 0.319677 0.676902 0.320484 0.683912 0.321733 0.686732 0.323337 0.688626 0.326278 0.690077 0.327168 0.689783 0.328683 0.690898 0.333135 0.689423 0.333670 0.690054 0.335006 0.689612 0.338565 0.684391 0.340254 0.678980 0.340783 0.671529 0.340514 0.669192 0.339979 0.668561 0.339083 0.660773 0.337479 0.658879 0.335608 0.658690 0.331598 0.655976
0 0.041082 0.631739 0.038188 0.632698 0.034628 0.637919 0.033296 0.642403 0.033478 0.648002 0.033122 0.648928 0.034463 0.656569 0.035712 0.659389 0.038297 0.661767 0.041237 0.663218 0.047916 0.661006 0.050229 0.657006 0.051296 0.654227 0.052183 0.649891 0.051287 0.642103 0.050752 0.641472 0.050484 0.639135 0.048879 0.637241 0.047630 0.634421 0.043976 0.630780
0 0.497453 0.667336 0.497098 0.668262 0.495762 0.668704 0.494961 0.669778 0.493538 0.673483 0.493093 0.673631 0.492116 0.677188 0.492743 0.682640 0.493278 0.683271 0.493636 0.686386 0.494261 0.687797 0.498094 0.692995 0.500055 0.693962 0.502281 0.693225 0.502636 0.692299 0.504863 0.691561 0.505218 0.690635 0.506109 0.690340 0.508864 0.682151 0.508685 0.680593 0.509307 0.677962 0.508679 0.672510 0.507430 0.669690 0.505291 0.667165 0.503331 0.666197 0.499324 0.667524 0.498789 0.666893
0 0.741383 0.622112 0.741027 0.623039 0.738801 0.623776 0.737199 0.625924 0.737289 0.626702 0.736222 0.629481 0.735690 0.632891 0.735869 0.634449 0.735513 0.635375 0.735782 0.637712 0.736317 0.638343 0.736676 0.641458 0.739173 0.647099 0.740688 0.648214 0.741579 0.647919 0.743539 0.648887 0.744875 0.648444 0.745410 0.649076 0.747011 0.646928 0.747902 0.646633 0.748613 0.644780 0.750215 0.642633 0.751369 0.636591 0.750117 0.629730 0.748868 0.626909 0.746729 0.624384 0.746283 0.624532 0.742719 0.621670
0 0.761674 0.597605 0.761318 0.598531 0.759982 0.598973 0.759627 0.599900 0.758291 0.600342 0.757935 0.601268 0.757045 0.601563 0.755267 0.606195 0.755001 0.607900 0.755269 0.610236 0.754914 0.611163 0.755272 0.614278 0.755807 0.614909 0.756076 0.617246 0.758215 0.619771 0.758929 0.621960 0.759999 0.623222 0.762225 0.622485 0.762760 0.623116 0.764986 0.622379 0.765521 0.623010 0.765877 0.622084 0.767213 0.621642 0.768814 0.619494 0.770859 0.613158 0.769873 0.604591 0.769338 0.603959 0.769069 0.601623 0.767019 0.599876 0.766574 0.600024 0.764970 0.598130 0.763009 0.597162
0 0.405197 0.954183 0.404842 0.955109 0.403506 0.955552 0.403150 0.956478 0.401103 0.958773 0.400392 0.960625 0.400482 0.961404 0.399860 0.964036 0.400577 0.970266 0.401112 0.970897 0.401291 0.972455 0.401826 0.973086 0.401915 0.973865 0.402985 0.975128 0.403430 0.974980 0.403965 0.975612 0.405301 0.975169 0.405836 0.975800 0.408507 0.974916 0.408863 0.973989 0.410109 0.972768 0.412153 0.966432 0.411795 0.963316 0.412150 0.962390 0.411971 0.960833 0.411436 0.960201 0.410098 0.956602 0.409028 0.955339 0.408583 0.955487 0.407068 0.954372 0.406177 0.954667 0.405643 0.954035
0 0.459446 0.316915 0.459090 0.317842 0.457309 0.318431 0.454820 0.324915 0.455088 0.327252 0.454733 0.328178 0.454912 0.329736 0.454556 0.330662 0.455091 0.331293 0.455360 0.333630 0.455895 0.334261 0.456074 0.335819 0.456609 0.336450 0.456699 0.337229 0.459818 0.340238 0.462044 0.339501 0.462579 0.340132 0.466586 0.338805 0.467298 0.336952 0.467743 0.336805 0.469521 0.332173 0.469431 0.331394 0.469787 0.330468 0.469160 0.325016 0.468625 0.324385 0.467732 0.320639 0.463453 0.315588
0 0.793701 0.285432 0.793346 0.286358 0.792010 0.286800 0.791654 0.287727 0.790764 0.288022 0.790408 0.288948 0.789963 0.289095 0.788540 0.292801 0.788630 0.293579 0.787742 0.297916 0.788280 0.302589 0.788815 0.303220 0.788994 0.304778 0.790064 0.306040 0.790153 0.306819 0.791223 0.308082 0.791312 0.308860 0.791758 0.308713 0.792293 0.309344 0.796300 0.308017 0.796835 0.308648 0.797725 0.308353 0.798081 0.307427 0.798971 0.307132 0.801461 0.300648 0.801192 0.298312 0.801548 0.297385 0.801010 0.292713 0.800475 0.292081 0.800296 0.290524 0.799761 0.289892 0.799671 0.289114 0.795482 0.284842
0 0.064558 0.383843 0.064203 0.384769 0.062066 0.386285 0.060644 0.389991 0.060733 0.390769 0.059756 0.394327 0.060473 0.400558 0.061632 0.402599 0.061811 0.404157 0.062436 0.405567 0.064040 0.407461 0.065020 0.407945 0.066356 0.407502 0.066891 0.408133 0.068672 0.407543 0.069207 0.408175 0.070097 0.407880 0.070453 0.406954 0.071789 0.406511 0.072144 0.405585 0.074281 0.404069 0.075703 0.400364 0.075524 0.398806 0.076056 0.395396 0.075877 0.393838 0.075342 0.393207 0.075073 0.390870 0.073825 0.388050 0.070081 0.383631 0.069100 0.383147 0.068210 0.383442 0.067675 0.382811
0 0.028054 0.404019 0.024405 0.408462 0.022983 0.412167 0.021829 0.418208 0.022456 0.423660 0.024329 0.427890 0.025399 0.429153 0.028339 0.430605 0.030655 0.430646 0.031190 0.431277 0.033862 0.430392 0.036264 0.427171 0.037155 0.426876 0.038577 0.423171 0.038664 0.419908 0.039020 0.418982 0.038661 0.415867 0.038126 0.415236 0.037768 0.412120 0.035895 0.407890 0.034825 0.406627 0.034380 0.406775 0.033310 0.405512 0.029835 0.403429
0 0.063791 0.304866 0.063436 0.305792 0.062545 0.306087 0.060943 0.308234 0.059876 0.311013 0.059078 0.316128 0.059706 0.321580 0.061400 0.324253 0.062114 0.326442 0.063184 0.327704 0.066124 0.329156 0.067014 0.328861 0.067370 0.327935 0.071822 0.326460 0.073424 0.324313 0.074402 0.320755 0.075200 0.315640 0.074662 0.310967 0.072789 0.306736 0.071184 0.304842 0.069224 0.303875 0.064326 0.305497
0 0.831619 0.506524 0.829662 0.509598 0.829752 0.510377 0.828864 0.514713 0.829491 0.520165 0.830561 0.521427 0.830740 0.522985 0.831275 0.523616 0.831364 0.524395 0.834574 0.528183 0.835019 0.528036 0.835374 0.527109 0.839382 0.525782 0.840804 0.522077 0.840625 0.520519 0.841513 0.516183 0.841423 0.515404 0.840888 0.514773 0.840351 0.510100 0.839816 0.509469 0.839102 0.507280 0.837497 0.505386 0.834826 0.506271 0.834291 0.505639
0 0.569469 0.672587 0.566575 0.673546 0.566220 0.674472 0.565774 0.674619 0.563464 0.682661 0.563733 0.684997 0.563377 0.685924 0.563557 0.687481 0.564091 0.688113 0.564985 0.691859 0.566054 0.693122 0.566144 0.693901 0.567214 0.695163 0.567303 0.695942 0.568818 0.697057 0.575052 0.694993 0.575407 0.694066 0.575853 0.693919 0.577897 0.687582 0.577718 0.686025 0.578073 0.685098 0.577894 0.683541 0.578250 0.682615 0.578070 0.681057 0.577536 0.680426 0.576642 0.676679 0.572363 0.671629
0 0.696950 0.770230 0.696595 0.771156 0.695704 0.771451 0.692859 0.778861 0.692327 0.782271 0.693134 0.789280 0.695007 0.793511 0.696612 0.795405 0.698572 0.796372 0.699462 0.796078 0.699997 0.796709 0.700888 0.796414 0.701243 0.795488 0.703915 0.794603 0.704270 0.793676 0.705606 0.793234 0.707118 0.790308 0.707916 0.785192 0.707199 0.778962 0.706665 0.778331 0.706306 0.775216 0.704433 0.770985 0.702383 0.769239 0.699266 0.770271 0.698731 0.769640
0 0.588949 0.827832 0.588594 0.828758 0.587258 0.829200 0.586902 0.830127 0.584766 0.831643 0.582632 0.837201 0.582901 0.839537 0.582545 0.840463 0.583262 0.846694 0.585760 0.852334 0.587364 0.854228 0.589590 0.853491 0.590125 0.854122 0.594132 0.852795 0.595645 0.849869 0.596090 0.849721 0.597689 0.843532 0.597420 0.841196 0.597776 0.840269 0.597328 0.836375 0.596793 0.835744 0.596524 0.833408 0.595899 0.831998 0.592690 0.828209 0.591710 0.827726 0.590820 0.828021 0.590285 0.827389
0 0.468244 0.417487 0.467888 0.418413 0.464772 0.419446 0.464416 0.420372 0.463525 0.420667 0.462814 0.422519 0.462904 0.423298 0.462548 0.424225 0.462727 0.425782 0.462372 0.426708 0.462999 0.432160 0.463534 0.432791 0.463713 0.434349 0.465318 0.436243 0.466208 0.435948 0.466743 0.436579 0.467633 0.436284 0.468168 0.436916 0.469059 0.436621 0.469594 0.437252 0.471820 0.436515 0.473598 0.431883 0.473240 0.428768 0.473595 0.427842 0.473147 0.423948 0.472612 0.423316 0.472344 0.420980 0.469669 0.417823 0.469224 0.417971 0.468689 0.417340
0 0.526878 0.842732 0.526523 0.843658 0.523851 0.844543 0.523140 0.846396 0.523319 0.847953 0.522963 0.848880 0.523143 0.850437 0.522787 0.851364 0.523504 0.857594 0.524573 0.858857 0.525288 0.861046 0.525733 0.860898 0.526268 0.861529 0.530275 0.860202 0.530810 0.860833 0.532056 0.859612 0.533389 0.855128 0.533299 0.854349 0.533655 0.853423 0.533117 0.848750 0.533473 0.847824 0.532403 0.846561 0.531689 0.844373 0.530084 0.842479 0.529639 0.842626 0.529104 0.841995
0 0.509690 0.974549 0.509334 0.975475 0.506752 0.977139 0.505150 0.979286 0.504084 0.982065 0.502930 0.988107 0.503288 0.991222 0.502933 0.992148 0.503557 0.993558 0.504005 0.997452 0.507304 0.999074 0.507573 0.999074 0.519149 0.999074 0.518880 0.998185 0.520479 0.991996 0.519673 0.984986 0.519138 0.984355 0.518869 0.982019 0.518245 0.980609 0.515035 0.976821 0.510135 0.974401
0 0.268890 0.263611 0.268534 0.264537 0.267288 0.265759 0.265064 0.270538 0.265333 0.272874 0.264977 0.273800 0.265336 0.276915 0.266495 0.278957 0.266674 0.280515 0.267209 0.281146 0.267299 0.281925 0.270508 0.285713 0.270953 0.285565 0.271488 0.286197 0.274160 0.285312 0.274515 0.284385 0.277187 0.283500 0.278965 0.278869 0.278875 0.278090 0.279231 0.277164 0.278872 0.274049 0.279228 0.273122 0.278335 0.269376 0.277800 0.268745 0.277086 0.266556 0.274412 0.263399 0.273076 0.263842 0.272541 0.263210 0.270760 0.263800 0.270225 0.263169
0 0.326018 0.217810 0.325663 0.218736 0.324772 0.219031 0.323616 0.221031 0.322725 0.221326 0.321124 0.223473 0.320412 0.225326 0.319082 0.233851 0.319889 0.240861 0.324167 0.245911 0.325058 0.245616 0.325593 0.246248 0.327819 0.245510 0.328354 0.246141 0.330135 0.245552 0.330490 0.244625 0.332271 0.244035 0.332627 0.243109 0.334764 0.241593 0.336186 0.237888 0.336718 0.234478 0.336450 0.232141 0.336805 0.231215 0.335643 0.225132 0.334394 0.222312 0.331720 0.219155 0.327354 0.217367
0 0.088155 0.999074 0.087799 0.999074 0.086553 0.999074 0.084685 0.999074 0.084775 0.999074 0.084153 0.999074 0.084601 0.999074 0.085136 0.999074 0.085316 0.999074 0.085850 0.999074 0.085940 0.999074 0.088614 0.999074 0.088704 0.999074 0.089149 0.999074 0.090664 0.999074 0.096897 0.999074 0.099031 0.999074 0.098942 0.999074 0.099297 0.999074 0.099118 0.999074 0.099474 0.999074 0.099026 0.999074 0.098491 0.999074 0.097598 0.999074 0.095993 0.999074 0.095548 0.999074 0.094478 0.999074 0.091361 0.999074 0.090827 0.999074
0 0.369052 0.848925 0.368696 0.849851 0.366915 0.850441 0.366559 0.851368 0.365224 0.851810 0.364868 0.852736 0.364423 0.852884 0.363356 0.855663 0.363445 0.856441 0.362824 0.859073 0.363182 0.862188 0.363717 0.862819 0.363986 0.865156 0.364521 0.865787 0.365235 0.867976 0.366839 0.869870 0.368175 0.869428 0.368710 0.870059 0.373162 0.868584 0.373518 0.867658 0.374764 0.866437 0.374674 0.865658 0.375741 0.862879 0.375652 0.862100 0.376007 0.861174 0.375559 0.857280 0.375915 0.856354 0.375825 0.855575 0.374042 0.852123 0.373862 0.850566 0.371278 0.848188
0 0.202366 0.279986 0.202010 0.280913 0.200764 0.282134 0.198986 0.286765 0.199344 0.289880 0.199879 0.290512 0.200148 0.292848 0.200683 0.293480 0.202022 0.297079 0.204606 0.299456 0.206387 0.298866 0.206922 0.299498 0.211374 0.298023 0.213688 0.294023 0.213598 0.293244 0.213954 0.292318 0.213237 0.286087 0.212702 0.285456 0.212433 0.283120 0.210204 0.279816 0.209759 0.279963 0.208689 0.278700 0.206908 0.279290 0.206373 0.278659
0 0.648349 0.556718 0.647994 0.557644 0.644877 0.558677 0.644521 0.559603 0.644076 0.559750 0.642833 0.565013 0.643370 0.569686 0.643015 0.570612 0.643550 0.571244 0.643639 0.572022 0.644174 0.572654 0.644353 0.574211 0.646761 0.579073 0.648097 0.578631 0.648632 0.579262 0.650858 0.578525 0.651393 0.579156 0.652284 0.578861 0.654507 0.574082 0.654417 0.573303 0.655571 0.567262 0.654944 0.561810 0.654409 0.561179 0.654319 0.560400 0.651110 0.556612 0.650665 0.556760 0.650130 0.556128
0 0.718301 0.216622 0.717945 0.217548 0.717500 0.217696 0.716167 0.222180 0.716974 0.229189 0.717508 0.229820 0.717777 0.232157 0.718312 0.232788 0.718402 0.233567 0.720006 0.235461 0.720452 0.235313 0.720986 0.235945 0.722767 0.235355 0.723123 0.234429 0.726240 0.233396 0.726595 0.232470 0.727041 0.232323 0.727752 0.230470 0.727662 0.229691 0.728018 0.228765 0.727749 0.226428 0.728105 0.225502 0.727657 0.221608 0.727122 0.220977 0.726853 0.218640 0.724714 0.216115 0.724268 0.216263 0.723734 0.215631 0.721507 0.216369 0.720972 0.215737
0 0.047866 0.588259 0.047510 0.589186 0.045284 0.589923 0.044928 0.590849 0.044483 0.590997 0.043416 0.593776 0.043505 0.594554 0.042884 0.597186 0.043511 0.602637 0.044046 0.603269 0.044225 0.604826 0.046009 0.608278 0.046454 0.608130 0.047969 0.609246 0.051086 0.608213 0.051621 0.608845 0.052956 0.608402 0.053312 0.607476 0.054203 0.607181 0.054558 0.606255 0.055003 0.606107 0.056426 0.602402 0.056157 0.600066 0.056513 0.599139 0.055975 0.594467 0.055440 0.593835 0.055171 0.591499 0.051962 0.587711 0.051517 0.587858 0.050982 0.587227
0 0.068186 0.993856 0.066585 0.996003 0.064806 0.999074 0.064008 0.999074 0.064456 0.999074 0.066330 0.999074 0.070429 0.999074 0.071320 0.999074 0.071855 0.999074 0.077643 0.999074 0.078444 0.999074 0.080578 0.999074 0.080309 0.999074 0.080841 0.999074 0.080306 0.999074 0.080037 0.999074 0.079502 0.999074 0.079323 0.998252 0.077094 0.994947 0.077004 0.994169 0.074509 0.992570 0.072283 0.993307 0.071748 0.992676
0 0.342068 0.855437 0.341712 0.856364 0.340822 0.856659 0.340466 0.857585 0.339576 0.857880 0.339220 0.858806 0.338330 0.859101 0.337529 0.860175 0.336551 0.863733 0.336731 0.865290 0.336375 0.866216 0.336554 0.867774 0.336288 0.869479 0.336823 0.870110 0.337271 0.874004 0.338520 0.876825 0.340125 0.878719 0.341015 0.878424 0.342975 0.879391 0.344311 0.878949 0.344846 0.879580 0.346627 0.878990 0.346982 0.878064 0.348318 0.877622 0.349119 0.876548 0.350542 0.872843 0.351074 0.869433 0.350626 0.865539 0.350981 0.864612 0.350802 0.863055 0.350267 0.862423 0.350088 0.860866 0.348839 0.858046 0.345454 0.856741 0.343404 0.854995
0 0.743212 0.561679 0.740985 0.562416 0.739918 0.565195 0.739473 0.565342 0.738762 0.567195 0.738941 0.568753 0.738585 0.569679 0.738854 0.572015 0.738499 0.572942 0.739126 0.578393 0.740196 0.579656 0.740285 0.580435 0.740820 0.581066 0.741265 0.580919 0.742335 0.582181 0.742780 0.582034 0.743315 0.582665 0.745987 0.581780 0.746342 0.580854 0.749014 0.579969 0.750081 0.577190 0.749991 0.576411 0.750347 0.575485 0.750078 0.573149 0.750434 0.572222 0.749896 0.567550 0.749361 0.566918 0.749092 0.564582 0.748557 0.563950 0.748468 0.563172 0.747398 0.561909 0.747308 0.561130 0.745973 0.561573 0.745438 0.560941
0 0.301602 0.298859 0.301247 0.299786 0.300356 0.300081 0.300001 0.301007 0.299110 0.301302 0.298754 0.302228 0.296707 0.304523 0.295996 0.306376 0.296086 0.307154 0.295464 0.309786 0.296271 0.316795 0.297340 0.318058 0.297430 0.318837 0.299034 0.320731 0.299925 0.320436 0.300460 0.321067 0.303576 0.320035 0.304111 0.320666 0.304467 0.319740 0.305357 0.319445 0.305713 0.318518 0.306158 0.318371 0.307402 0.313108 0.307043 0.309993 0.307399 0.309067 0.307040 0.305951 0.306506 0.305320 0.306237 0.302984 0.305077 0.300942 0.304632 0.301090 0.303563 0.299827 0.302137 0.299491
0 0.632853 0.172970 0.632498 0.173896 0.631252 0.175117 0.629829 0.178822 0.629919 0.179601 0.628941 0.183159 0.629121 0.184717 0.629655 0.185348 0.630103 0.189242 0.631173 0.190505 0.631263 0.191283 0.632332 0.192546 0.632422 0.193325 0.633492 0.194587 0.634382 0.194292 0.635897 0.195408 0.637678 0.194818 0.638034 0.193891 0.639370 0.193449 0.639725 0.192523 0.640616 0.192228 0.640971 0.191301 0.641417 0.191154 0.642483 0.188375 0.642394 0.187596 0.643016 0.184965 0.642567 0.181071 0.642923 0.180145 0.641585 0.176546 0.639445 0.174020 0.639000 0.174168 0.636505 0.172569 0.635614 0.172864 0.635080 0.172232
0 0.084539 0.296377 0.084183 0.297303 0.082136 0.299598 0.081425 0.301450 0.081514 0.302229 0.080893 0.304861 0.081341 0.308755 0.081875 0.309386 0.082055 0.310944 0.082590 0.311575 0.082769 0.313132 0.083304 0.313764 0.083393 0.314543 0.084998 0.316437 0.085443 0.316289 0.086958 0.317404 0.090075 0.316372 0.090430 0.315446 0.093102 0.314561 0.094169 0.311782 0.094079 0.311003 0.094701 0.308372 0.094522 0.306814 0.094877 0.305888 0.094608 0.303551 0.094074 0.302920 0.093805 0.300584 0.093270 0.299952 0.092556 0.297763 0.090951 0.295869 0.089616 0.296312 0.089081 0.295681 0.087300 0.296270 0.086765 0.295639
0 0.560806 0.832303 0.560451 0.833229 0.559560 0.833524 0.557158 0.836745 0.555735 0.840450 0.556273 0.845123 0.556007 0.846828 0.556542 0.847459 0.557079 0.852132 0.558773 0.854805 0.558863 0.855584 0.559843 0.856068 0.560733 0.855773 0.561268 0.856404 0.562159 0.856109 0.562694 0.856740 0.564029 0.856298 0.564564 0.856929 0.565455 0.856634 0.565810 0.855708 0.567146 0.855266 0.568748 0.853118 0.571327 0.847413 0.571148 0.845855 0.571503 0.844929 0.570876 0.839477 0.570341 0.838846 0.569983 0.835731 0.567843 0.833206 0.564903 0.831754 0.564013 0.832049 0.563478 0.831418
0 0.775543 0.818578 0.775187 0.819504 0.774297 0.819799 0.773941 0.820726 0.771805 0.822242 0.770382 0.825947 0.770561 0.827504 0.770206 0.828431 0.770385 0.829988 0.770029 0.830915 0.770388 0.834030 0.770923 0.834661 0.771281 0.837776 0.771816 0.838408 0.772530 0.840597 0.773600 0.841859 0.774490 0.841564 0.775025 0.842196 0.776806 0.841606 0.777341 0.842237 0.780457 0.841205 0.781169 0.839352 0.781614 0.839205 0.781970 0.838278 0.782146 0.835795 0.782857 0.833942 0.782768 0.833163 0.783123 0.832237 0.782855 0.829900 0.783210 0.828974 0.782762 0.825080 0.782227 0.824449 0.782048 0.822891 0.781513 0.822260 0.781424 0.821481 0.779819 0.819587 0.779374 0.819735 0.777324 0.817988
0 0.480220 0.863038 0.479864 0.863964 0.478618 0.865185 0.477907 0.867038 0.478086 0.868595 0.477464 0.871227 0.478271 0.878236 0.481480 0.882024 0.486378 0.880402 0.486733 0.879475 0.488069 0.879033 0.489312 0.873770 0.488506 0.866761 0.487347 0.864719 0.487167 0.863162 0.486098 0.861899 0.484317 0.862489 0.483782 0.861858
0 0.015965 0.439554 0.013652 0.443554 0.013831 0.445112 0.012944 0.449448 0.013123 0.451006 0.013658 0.451637 0.014016 0.454753 0.014551 0.455384 0.015265 0.457573 0.016335 0.458835 0.016424 0.459614 0.017315 0.459319 0.017850 0.459951 0.021857 0.458623 0.022212 0.457697 0.023993 0.457107 0.025060 0.454328 0.024971 0.453550 0.025682 0.451697 0.025413 0.449361 0.025769 0.448434 0.025410 0.445319 0.024876 0.444688 0.023537 0.441089 0.021932 0.439195 0.020597 0.439637 0.020062 0.439006 0.018281 0.439596 0.017746 0.438964
0 0.522312 0.292858 0.521956 0.293784 0.517949 0.295112 0.517594 0.296038 0.517148 0.296185 0.516081 0.298964 0.516171 0.299743 0.515815 0.300669 0.516084 0.303006 0.515729 0.303932 0.516535 0.310941 0.519744 0.314729 0.525977 0.312665 0.527756 0.308033 0.527487 0.305697 0.527843 0.304771 0.527394 0.300876 0.526860 0.300245 0.526591 0.297909 0.526056 0.297277 0.525877 0.295720 0.523737 0.293195 0.523292 0.293342 0.522757 0.292711
0 0.451870 0.825536 0.451514 0.826462 0.449288 0.827199 0.448932 0.828126 0.448042 0.828421 0.447241 0.829494 0.446530 0.831347 0.445732 0.836462 0.446538 0.843472 0.447073 0.844103 0.447966 0.847849 0.450106 0.850375 0.451086 0.850859 0.453757 0.849974 0.454292 0.850605 0.456518 0.849868 0.456874 0.848941 0.457764 0.848646 0.459366 0.846499 0.460789 0.842794 0.461321 0.839384 0.460514 0.832374 0.459890 0.830964 0.456591 0.826397 0.453651 0.824946
0 0.596427 0.306308 0.594201 0.307045 0.593845 0.307972 0.592509 0.308414 0.592154 0.309340 0.591708 0.309488 0.590642 0.312267 0.590731 0.313045 0.590376 0.313972 0.591092 0.320202 0.591627 0.320833 0.591806 0.322391 0.592341 0.323022 0.592521 0.324580 0.594750 0.327884 0.597421 0.326999 0.597956 0.327631 0.600627 0.326746 0.600983 0.325819 0.601874 0.325524 0.603741 0.321672 0.603562 0.320114 0.603918 0.319188 0.603290 0.313736 0.602756 0.313105 0.602397 0.309990 0.598653 0.305571
0 0.488613 0.506141 0.488257 0.507068 0.487367 0.507363 0.487011 0.508289 0.485765 0.509510 0.485054 0.511363 0.485502 0.515257 0.485146 0.516183 0.485236 0.516962 0.485771 0.517593 0.486129 0.520708 0.486664 0.521340 0.486754 0.522118 0.487199 0.521971 0.488269 0.523234 0.489159 0.522939 0.489694 0.523570 0.490139 0.523423 0.490674 0.524054 0.491564 0.523759 0.492099 0.524390 0.492990 0.524095 0.493345 0.523169 0.494236 0.522874 0.494947 0.521021 0.495392 0.520874 0.496014 0.518243 0.495745 0.515906 0.496101 0.514980 0.495742 0.511865 0.495208 0.511233 0.494849 0.508118 0.493245 0.506224 0.492799 0.506372 0.491284 0.505256
0 0.839317 0.818475 0.838961 0.819401 0.838516 0.819549 0.837093 0.823254 0.837183 0.824033 0.836827 0.824959 0.837006 0.826517 0.836651 0.827443 0.837099 0.831337 0.837634 0.831968 0.837902 0.834305 0.838437 0.834936 0.838617 0.836493 0.840221 0.838387 0.840666 0.838240 0.841201 0.838871 0.843427 0.838134 0.843783 0.837208 0.845564 0.836618 0.845920 0.835691 0.846810 0.835396 0.846721 0.834618 0.847076 0.833691 0.846897 0.832134 0.847253 0.831208 0.847073 0.829650 0.847429 0.828724 0.846891 0.824051 0.846357 0.823419 0.846177 0.821862 0.845642 0.821231 0.845463 0.819673 0.844928 0.819042 0.844483 0.819189 0.843948 0.818558 0.843058 0.818853 0.842523 0.818221 0.840742 0.818811 0.840207 0.818180
0 0.000000 0.399315 0.000000 0.400052 0.000000 0.400979 0.000000 0.401126 0.000000 0.406684 0.000000 0.407463 0.000000 0.408389 0.000000 0.412283 0.000000 0.413209 0.000000 0.416366 0.000000 0.417145 0.000000 0.417776 0.000000 0.417629 0.000000 0.418891 0.000000 0.418744 0.000000 0.419375 0.000000 0.417605 0.000000 0.416679 0.000000 0.416532 0.000000 0.413753 0.000000 0.412974 0.000000 0.410343 0.000000 0.404112 0.000000 0.403481 0.000000 0.402702 0.000000 0.398914 0.000000 0.399209 0.000000 0.398578
0 0.033357 0.474218 0.031131 0.474955 0.029530 0.477102 0.027130 0.484365 0.028026 0.492153 0.028561 0.492785 0.028740 0.494342 0.029364 0.495752 0.031504 0.498278 0.033464 0.499245 0.039697 0.497181 0.041209 0.494254 0.041655 0.494107 0.042722 0.491328 0.042988 0.489623 0.042629 0.486508 0.042985 0.485581 0.042716 0.483245 0.042181 0.482614 0.041823 0.479499 0.041198 0.478088 0.038434 0.474153 0.037454 0.473669 0.036119 0.474112 0.035584 0.473480
0 0.413429 0.362880 0.413073 0.363806 0.411737 0.364249 0.411382 0.365175 0.410936 0.365322 0.409869 0.368101 0.410049 0.369659 0.409693 0.370585 0.409962 0.372921 0.409606 0.373848 0.410144 0.378521 0.410679 0.379152 0.410768 0.379931 0.412908 0.382456 0.413353 0.382309 0.413888 0.382940 0.419231 0.381170 0.419586 0.380244 0.420032 0.380096 0.421810 0.375465 0.421362 0.371571 0.421717 0.370645 0.421538 0.369087 0.421003 0.368456 0.420645 0.365340 0.420110 0.364709 0.420020 0.363930 0.418416 0.362036 0.417971 0.362184 0.417436 0.361553
0 0.578297 0.879869 0.577941 0.880796 0.577496 0.880943 0.577140 0.881869 0.575894 0.883090 0.574827 0.885869 0.574917 0.886648 0.574206 0.888501 0.574295 0.889279 0.573940 0.890206 0.574029 0.890985 0.574564 0.891616 0.575012 0.895510 0.575547 0.896141 0.575637 0.896920 0.576706 0.898183 0.577151 0.898035 0.578756 0.899929 0.580092 0.899487 0.580627 0.900118 0.581962 0.899676 0.582318 0.898749 0.583208 0.898454 0.584275 0.895676 0.584186 0.894897 0.584541 0.893970 0.584362 0.892413 0.584718 0.891487 0.584449 0.889150 0.584805 0.888224 0.584625 0.886666 0.584091 0.886035 0.583911 0.884477 0.583377 0.883846 0.582662 0.881657 0.581593 0.880394 0.581147 0.880542 0.579633 0.879427
0 0.589378 0.674886 0.587955 0.678591 0.588224 0.680928 0.587869 0.681854 0.588048 0.683412 0.587692 0.684338 0.587871 0.685896 0.588406 0.686527 0.588854 0.690421 0.589389 0.691052 0.589834 0.690905 0.591439 0.692799 0.596782 0.691029 0.598204 0.687324 0.597936 0.684987 0.598291 0.684061 0.597754 0.679388 0.597219 0.678757 0.596950 0.676421 0.596415 0.675789 0.596325 0.675010 0.595256 0.673748 0.593920 0.674190 0.593385 0.673559
0 0.457867 0.374204 0.457511 0.375130 0.456265 0.376351 0.455554 0.378204 0.455108 0.378351 0.455288 0.379909 0.454400 0.384245 0.454669 0.386582 0.455204 0.387213 0.455472 0.389549 0.456007 0.390181 0.457346 0.393780 0.458415 0.395042 0.458861 0.394895 0.461356 0.396494 0.462246 0.396199 0.462602 0.395273 0.464828 0.394535 0.465184 0.393609 0.466519 0.393167 0.467939 0.385420 0.467222 0.379190 0.466687 0.378558 0.465349 0.374959 0.463299 0.373213 0.461518 0.373803 0.460983 0.373171
0 0.572971 0.777339 0.572615 0.778265 0.571725 0.778560 0.571013 0.780413 0.571103 0.781191 0.570481 0.783823 0.571198 0.790053 0.572803 0.791947 0.573248 0.791800 0.573783 0.792431 0.576454 0.791546 0.576810 0.790620 0.577700 0.790325 0.578056 0.789399 0.578501 0.789251 0.578857 0.788325 0.579302 0.788177 0.579123 0.786620 0.579479 0.785694 0.579031 0.781799 0.578496 0.781168 0.578406 0.780389 0.576802 0.778495 0.576356 0.778643 0.574841 0.777528 0.573506 0.777970
0 0.764899 0.882740 0.764543 0.883666 0.761872 0.884551 0.760270 0.886699 0.758402 0.890551 0.757604 0.895666 0.758500 0.903454 0.759660 0.905496 0.759839 0.907054 0.763583 0.911473 0.764473 0.911178 0.765008 0.911809 0.770351 0.910039 0.771152 0.908966 0.773731 0.903261 0.773818 0.899998 0.774440 0.897366 0.773277 0.891284 0.772118 0.889242 0.771315 0.886274 0.770869 0.886422 0.767125 0.882002
0 0.782820 0.134615 0.782464 0.135542 0.781128 0.135984 0.780773 0.136910 0.779882 0.137205 0.779526 0.138132 0.778280 0.139353 0.777925 0.140279 0.778014 0.141058 0.777659 0.141984 0.777838 0.143542 0.777482 0.144468 0.778109 0.149920 0.778644 0.150551 0.778824 0.152109 0.779983 0.154150 0.780162 0.155708 0.780697 0.156339 0.781142 0.156192 0.782657 0.157307 0.783548 0.157012 0.784082 0.157643 0.786754 0.156758 0.787110 0.155832 0.787555 0.155685 0.788266 0.153832 0.788711 0.153685 0.790845 0.148127 0.790666 0.146569 0.791022 0.145643 0.790574 0.141749 0.790039 0.141118 0.789949 0.140339 0.787810 0.137813 0.787720 0.137035 0.786650 0.135772 0.786205 0.135919 0.783710 0.134320
0 0.205897 0.362899 0.205541 0.363825 0.203760 0.364415 0.203405 0.365342 0.202069 0.365784 0.201713 0.366710 0.200467 0.367932 0.199400 0.370710 0.198955 0.370858 0.199224 0.373194 0.198868 0.374121 0.199227 0.377236 0.199762 0.377867 0.200655 0.381614 0.202794 0.384139 0.203239 0.383991 0.203774 0.384623 0.205110 0.384180 0.205645 0.384812 0.207426 0.384222 0.207961 0.384853 0.209742 0.384263 0.211254 0.381337 0.211699 0.381189 0.212676 0.377632 0.212318 0.374517 0.212674 0.373590 0.212405 0.371254 0.211870 0.370622 0.211601 0.368286 0.211066 0.367655 0.210887 0.366097 0.209283 0.364203 0.208837 0.364351 0.206787 0.362604
0 0.699323 0.594003 0.698967 0.594929 0.698077 0.595224 0.697721 0.596150 0.696830 0.596445 0.696475 0.597371 0.696030 0.597519 0.694963 0.600298 0.695052 0.601077 0.694431 0.603708 0.695147 0.609938 0.695682 0.610570 0.696396 0.612759 0.698001 0.614653 0.698891 0.614358 0.699426 0.614989 0.700762 0.614547 0.701297 0.615178 0.703078 0.614588 0.703433 0.613662 0.704769 0.613219 0.705125 0.612293 0.705570 0.612145 0.706281 0.610293 0.706192 0.609514 0.706903 0.607662 0.706813 0.606883 0.707169 0.605956 0.706363 0.598947 0.705828 0.598316 0.705114 0.596127 0.704044 0.594864 0.703599 0.595012 0.703064 0.594380 0.702173 0.594675 0.701639 0.594044 0.700748 0.594339 0.700213 0.593708
0 0.116320 0.918084 0.115965 0.919011 0.115520 0.919158 0.114808 0.921011 0.114988 0.922568 0.114632 0.923495 0.115349 0.929725 0.116418 0.930988 0.116508 0.931766 0.117043 0.932398 0.117488 0.932250 0.118558 0.933513 0.120339 0.932923 0.120694 0.931997 0.122030 0.931554 0.122386 0.930628 0.123276 0.930333 0.123988 0.928480 0.123002 0.919914 0.121843 0.917872 0.121397 0.918020 0.120863 0.917388 0.118636 0.918126 0.118101 0.917494
0 0.227173 0.604057 0.226817 0.604983 0.225036 0.605573 0.224681 0.606499 0.223345 0.606942 0.222634 0.608794 0.222189 0.608942 0.220679 0.615909 0.221214 0.616541 0.221752 0.621213 0.222911 0.623255 0.223090 0.624813 0.223625 0.625444 0.223715 0.626223 0.225764 0.627969 0.227100 0.627527 0.227635 0.628158 0.229861 0.627421 0.230396 0.628052 0.231732 0.627610 0.232087 0.626683 0.232978 0.626388 0.233334 0.625462 0.233779 0.625315 0.235201 0.621609 0.234843 0.618494 0.235199 0.617568 0.234571 0.612116 0.234927 0.611190 0.234392 0.610559 0.233054 0.606960 0.230914 0.604434 0.230469 0.604582 0.228954 0.603467
0 0.731339 0.137114 0.730984 0.138041 0.730093 0.138336 0.729737 0.139262 0.729292 0.139409 0.727069 0.144188 0.727158 0.144967 0.726803 0.145893 0.727520 0.152124 0.729214 0.154797 0.729303 0.155575 0.731443 0.158101 0.731888 0.157953 0.733403 0.159068 0.736965 0.157889 0.737321 0.156962 0.739457 0.155446 0.740524 0.152667 0.740435 0.151889 0.740790 0.150962 0.739984 0.143953 0.739449 0.143322 0.739180 0.140985 0.738645 0.140354 0.738556 0.139575 0.737486 0.138313 0.737041 0.138460 0.733565 0.136377
0 0.770609 0.767661 0.770253 0.768587 0.769363 0.768882 0.769007 0.769808 0.768562 0.769956 0.768652 0.770735 0.766073 0.776440 0.766431 0.779555 0.766075 0.780481 0.766703 0.785933 0.767237 0.786564 0.767506 0.788901 0.770181 0.792057 0.770626 0.791910 0.773121 0.793509 0.774902 0.792919 0.775257 0.791993 0.776148 0.791698 0.776504 0.790771 0.777394 0.790476 0.777750 0.789550 0.778195 0.789403 0.778906 0.787550 0.778817 0.786771 0.779794 0.783214 0.778539 0.772310 0.778005 0.771679 0.776666 0.768080 0.776131 0.767449 0.774795 0.767891 0.774261 0.767260 0.772480 0.767850 0.771945 0.767218
0 0.793808 0.181910 0.793452 0.182837 0.792206 0.184058 0.791139 0.186837 0.791318 0.188394 0.790697 0.191026 0.791055 0.194141 0.791590 0.194772 0.791859 0.197109 0.792394 0.197740 0.792483 0.198519 0.794712 0.201823 0.795603 0.201528 0.796138 0.202159 0.798809 0.201274 0.799165 0.200348 0.800946 0.199758 0.801301 0.198832 0.801747 0.198684 0.803525 0.194053 0.803435 0.193274 0.803791 0.192348 0.803253 0.187675 0.802718 0.187044 0.802629 0.186265 0.801559 0.185002 0.801469 0.184224 0.799865 0.182330 0.799420 0.182477 0.798885 0.181846 0.797994 0.182141 0.797459 0.181509 0.796124 0.181952 0.795589 0.181320
0 0.682765 0.349665 0.682410 0.350592 0.681519 0.350887 0.680808 0.352739 0.680363 0.352887 0.678584 0.357518 0.678139 0.357666 0.678408 0.360002 0.678052 0.360928 0.678500 0.364822 0.679035 0.365454 0.679214 0.367011 0.679749 0.367642 0.679839 0.368421 0.680909 0.369684 0.681354 0.369536 0.683849 0.371135 0.687411 0.369956 0.687766 0.369029 0.688657 0.368734 0.689013 0.367808 0.689458 0.367661 0.690525 0.364882 0.690435 0.364103 0.691057 0.361472 0.690878 0.359914 0.691233 0.358988 0.690698 0.358356 0.690430 0.356020 0.689895 0.355389 0.689715 0.353831 0.689181 0.353200 0.689091 0.352421 0.687486 0.350527 0.687041 0.350674 0.685526 0.349559 0.683745 0.350149 0.683210 0.349518
0 0.098730 0.596475 0.096058 0.597360 0.095703 0.598286 0.094457 0.599507 0.093390 0.602286 0.093479 0.603065 0.092502 0.606622 0.093040 0.611295 0.093574 0.611926 0.093754 0.613484 0.094289 0.614115 0.094378 0.614894 0.095983 0.616788 0.096072 0.617567 0.096518 0.617419 0.098032 0.618535 0.102040 0.617207 0.102395 0.616281 0.104622 0.615544 0.104977 0.614617 0.105422 0.614470 0.105333 0.613691 0.106400 0.610912 0.106310 0.610134 0.106666 0.609207 0.106307 0.606092 0.106663 0.605166 0.105770 0.601419 0.105235 0.600788 0.104521 0.598599 0.103451 0.597336 0.103361 0.596557 0.102827 0.595926 0.101936 0.596221 0.101401 0.595590
0 0.500780 0.455219 0.500425 0.456145 0.499534 0.456440 0.499179 0.457367 0.498733 0.457514 0.498022 0.459367 0.497577 0.459514 0.496955 0.462145 0.497672 0.468376 0.499811 0.470901 0.500257 0.470754 0.500791 0.471385 0.501682 0.471090 0.502217 0.471721 0.504443 0.470984 0.504799 0.470058 0.505244 0.469910 0.507022 0.465279 0.506664 0.462164 0.507019 0.461237 0.506750 0.458901 0.503541 0.455113 0.502651 0.455408 0.502116 0.454777
0 0.471481 0.590239 0.469969 0.593165 0.469523 0.593313 0.468456 0.596092 0.468280 0.598576 0.467569 0.600428 0.467748 0.601986 0.467392 0.602912 0.467751 0.606027 0.467395 0.606954 0.468022 0.612405 0.468647 0.613815 0.470786 0.616341 0.471766 0.616824 0.472657 0.616529 0.473192 0.617161 0.479870 0.614949 0.481738 0.611096 0.482270 0.607686 0.482001 0.605349 0.482357 0.604423 0.481371 0.595856 0.480212 0.593815 0.480033 0.592257 0.478428 0.590363 0.477448 0.589879 0.476112 0.590322 0.475578 0.589691 0.472906 0.590575 0.472371 0.589944
0 0.440300 0.323257 0.439944 0.324183 0.439054 0.324478 0.438343 0.326331 0.438432 0.327109 0.437811 0.329741 0.438438 0.335192 0.438973 0.335824 0.439152 0.337381 0.441826 0.340538 0.442272 0.340390 0.442806 0.341022 0.444587 0.340432 0.444943 0.339506 0.447169 0.338768 0.447525 0.337842 0.447970 0.337694 0.449303 0.333211 0.448497 0.326201 0.447962 0.325570 0.447872 0.324791 0.446268 0.322897 0.445822 0.323045 0.445287 0.322413 0.443506 0.323003 0.442972 0.322372
0 0.194950 0.761874 0.194594 0.762800 0.194149 0.762948 0.193438 0.764800 0.193527 0.765579 0.193172 0.766505 0.193351 0.768063 0.192995 0.768989 0.193264 0.771326 0.193799 0.771957 0.194068 0.774293 0.194603 0.774925 0.194692 0.775704 0.196297 0.777597 0.196742 0.777450 0.197277 0.778081 0.201284 0.776754 0.201640 0.775828 0.202975 0.775385 0.204042 0.772606 0.203684 0.769491 0.204040 0.768565 0.203771 0.766229 0.203236 0.765597 0.203057 0.764040 0.202522 0.763408 0.201808 0.761219 0.201363 0.761367 0.200828 0.760736 0.198601 0.761473 0.198067 0.760842
0 0.427973 0.658010 0.427617 0.658936 0.423254 0.661190 0.421652 0.663338 0.420941 0.665190 0.419695 0.666411 0.418272 0.670116 0.417740 0.673527 0.418275 0.674158 0.418902 0.679610 0.420151 0.682430 0.425410 0.687964 0.427816 0.688785 0.429597 0.688195 0.430132 0.688826 0.432803 0.687941 0.436897 0.683351 0.438140 0.678088 0.437782 0.674973 0.438138 0.674047 0.437152 0.665480 0.435813 0.661881 0.434209 0.659987 0.433318 0.660282 0.428418 0.657863
0 0.623838 0.532497 0.621349 0.538981 0.621439 0.539760 0.621973 0.540392 0.622511 0.545064 0.623046 0.545696 0.623225 0.547253 0.623760 0.547885 0.623850 0.548663 0.624385 0.549295 0.624830 0.549147 0.625899 0.550410 0.629907 0.549083 0.630262 0.548156 0.631598 0.547714 0.632309 0.545861 0.632130 0.544304 0.632752 0.541672 0.632035 0.535442 0.630965 0.534179 0.630876 0.533400 0.630341 0.532769 0.629895 0.532917 0.629361 0.532285 0.628025 0.532728 0.627490 0.532096 0.626600 0.532391 0.626065 0.531760
0 0.418102 0.423585 0.417746 0.424511 0.416856 0.424806 0.415344 0.427733 0.414899 0.427880 0.414456 0.432069 0.413745 0.433922 0.414551 0.440931 0.417315 0.444866 0.417760 0.444719 0.419275 0.445834 0.420166 0.445539 0.420701 0.446170 0.421591 0.445875 0.421947 0.444949 0.423283 0.444507 0.423638 0.443581 0.424974 0.443138 0.425330 0.442212 0.425775 0.442064 0.426842 0.439285 0.426752 0.438507 0.427374 0.435875 0.426657 0.429645 0.424963 0.426972 0.424873 0.426193 0.423803 0.424931 0.423358 0.425078 0.420863 0.423479 0.419527 0.423921 0.418993 0.423290
0 0.320484 0.426814 0.320129 0.427740 0.319238 0.428035 0.318883 0.428961 0.317636 0.430182 0.316570 0.432961 0.316659 0.433740 0.315771 0.438076 0.316399 0.443528 0.316934 0.444159 0.317023 0.444938 0.318628 0.446832 0.319073 0.446685 0.319608 0.447316 0.320498 0.447021 0.321033 0.447652 0.321924 0.447357 0.322458 0.447989 0.325575 0.446956 0.325931 0.446030 0.327177 0.444809 0.328600 0.441104 0.328420 0.439546 0.328776 0.438620 0.328328 0.434726 0.327793 0.434094 0.327524 0.431758 0.326989 0.431127 0.326810 0.429569 0.326275 0.428938 0.326186 0.428159 0.325740 0.428306 0.324136 0.426412 0.323691 0.426560 0.323156 0.425929
0 0.528239 0.169622 0.525345 0.170581 0.524544 0.171655 0.523122 0.175360 0.522590 0.178770 0.521523 0.181549 0.521702 0.183106 0.521346 0.184033 0.521705 0.187148 0.522239 0.187779 0.522508 0.190116 0.523133 0.191526 0.525272 0.194051 0.526697 0.194387 0.528747 0.196134 0.529103 0.195208 0.530439 0.194765 0.530794 0.193839 0.533821 0.192028 0.535600 0.187396 0.535866 0.185691 0.535686 0.184134 0.536308 0.181502 0.535502 0.174493 0.534253 0.171673 0.532113 0.169148 0.531133 0.168664
0 0.211905 0.999074 0.211549 0.999074 0.211104 0.999074 0.209682 0.999074 0.209771 0.999074 0.209415 0.999074 0.209595 0.999074 0.209239 0.999074 0.209418 0.999074 0.209063 0.999074 0.209331 0.999074 0.210491 0.999074 0.210670 0.999074 0.213344 0.999074 0.213789 0.999074 0.215304 0.999074 0.218866 0.999074 0.219222 0.999074 0.221003 0.999074 0.222070 0.999074 0.221980 0.999074 0.222336 0.999074 0.221350 0.999074 0.220815 0.999074 0.220636 0.999074 0.219477 0.999074 0.219032 0.999074 0.214576 0.999074
0 0.149235 0.730124 0.146119 0.731156 0.144161 0.734230 0.142739 0.737935 0.141675 0.744755 0.142571 0.752543 0.144979 0.757405 0.147474 0.759004 0.148810 0.758562 0.149345 0.759193 0.151125 0.758603 0.151481 0.757677 0.154153 0.756792 0.154508 0.755866 0.156200 0.754497 0.157888 0.749087 0.157975 0.745824 0.158331 0.744898 0.158151 0.743340 0.158507 0.742414 0.157880 0.736962 0.156720 0.734921 0.155917 0.731953 0.152352 0.729092
0 0.185726 0.689740 0.184569 0.691740 0.183679 0.692035 0.182077 0.694183 0.181811 0.695888 0.181990 0.697445 0.181635 0.698372 0.181903 0.700708 0.181548 0.701634 0.182175 0.707086 0.184673 0.712727 0.187613 0.714178 0.188949 0.713736 0.189484 0.714367 0.190820 0.713924 0.191175 0.712998 0.193401 0.712261 0.193757 0.711335 0.195093 0.710892 0.195894 0.709818 0.196961 0.707039 0.197759 0.701924 0.196952 0.694915 0.195703 0.692095 0.194634 0.690832 0.194544 0.690053 0.194099 0.690201 0.193029 0.688938 0.191693 0.689381 0.191158 0.688749 0.189377 0.689339 0.188843 0.688708
0 0.336684 0.410937 0.333480 0.415232 0.332058 0.418938 0.331526 0.422348 0.331705 0.423905 0.332240 0.424537 0.332598 0.427652 0.333223 0.429062 0.336432 0.432850 0.339372 0.434302 0.342044 0.433417 0.342399 0.432490 0.344180 0.431900 0.344536 0.430974 0.345426 0.430679 0.347294 0.426827 0.347205 0.426048 0.348182 0.422490 0.347465 0.416260 0.345771 0.413587 0.345681 0.412808 0.343542 0.410283 0.342562 0.409799 0.340336 0.410536 0.339801 0.409905
0 0.745278 0.844772 0.743410 0.848625 0.743499 0.849404 0.742788 0.851256 0.743057 0.853593 0.742701 0.854519 0.743149 0.858413 0.743684 0.859044 0.744043 0.862160 0.746627 0.864537 0.748854 0.863800 0.749209 0.862874 0.750100 0.862579 0.750455 0.861653 0.750901 0.861505 0.752323 0.857800 0.752233 0.857021 0.752855 0.854390 0.751959 0.846602 0.751424 0.845971 0.751335 0.845192 0.749820 0.844076 0.748039 0.844666 0.747504 0.844035
0 0.235677 0.665918 0.235322 0.666845 0.234431 0.667140 0.234076 0.668066 0.233630 0.668213 0.231497 0.673771 0.231586 0.674550 0.231230 0.675476 0.231768 0.680149 0.232838 0.681412 0.233552 0.683601 0.235156 0.685495 0.235602 0.685347 0.238097 0.686946 0.238452 0.686020 0.239788 0.685577 0.240144 0.684651 0.241479 0.684209 0.241835 0.683282 0.243081 0.682061 0.243437 0.681135 0.243258 0.679577 0.243613 0.678651 0.243345 0.676315 0.243700 0.675388 0.243521 0.673831 0.242986 0.673199 0.242538 0.669305 0.240933 0.667411 0.240488 0.667559 0.237993 0.665960 0.236657 0.666402 0.236123 0.665771
0 0.711194 0.114682 0.710838 0.115608 0.709503 0.116050 0.709147 0.116977 0.708257 0.117272 0.707100 0.119272 0.707190 0.120051 0.706478 0.121903 0.706568 0.122682 0.705946 0.125313 0.706574 0.130765 0.707108 0.131396 0.708002 0.135143 0.709071 0.136405 0.709517 0.136258 0.710052 0.136889 0.710942 0.136594 0.711477 0.137226 0.714148 0.136341 0.714683 0.136972 0.715574 0.136677 0.715929 0.135751 0.717976 0.133456 0.719043 0.130677 0.718954 0.129898 0.719841 0.125562 0.719214 0.120110 0.718679 0.119479 0.718590 0.118700 0.715380 0.114912 0.714935 0.115060 0.713420 0.113944
0 0.022649 0.702523 0.022293 0.703450 0.019622 0.704334 0.019266 0.705261 0.018376 0.705556 0.018020 0.706482 0.017575 0.706629 0.015441 0.712187 0.015620 0.713745 0.015264 0.714671 0.015444 0.716229 0.015088 0.717155 0.015178 0.717934 0.015712 0.718565 0.015981 0.720901 0.016516 0.721533 0.017230 0.723722 0.020439 0.727510 0.027118 0.725298 0.027474 0.724371 0.028720 0.723150 0.029963 0.717887 0.029605 0.714772 0.029960 0.713846 0.029423 0.709173 0.028888 0.708542 0.028709 0.706984 0.028174 0.706353 0.028084 0.705574 0.025945 0.703049 0.025499 0.703196 0.023984 0.702081
0 0.101183 0.537451 0.100827 0.538377 0.099581 0.539599 0.098159 0.543304 0.098248 0.544083 0.097893 0.545009 0.098609 0.551239 0.099144 0.551871 0.099324 0.553428 0.099858 0.554060 0.099948 0.554838 0.101553 0.556732 0.101998 0.556585 0.103513 0.557700 0.105739 0.556963 0.106095 0.556036 0.107876 0.555447 0.108231 0.554520 0.109122 0.554225 0.109743 0.551594 0.109564 0.550036 0.109920 0.549110 0.109741 0.547552 0.110096 0.546626 0.109917 0.545069 0.109382 0.544437 0.109113 0.542101 0.108578 0.541469 0.108489 0.540691 0.106884 0.538797 0.106439 0.538944 0.105904 0.538313 0.105014 0.538608 0.104479 0.537976 0.103588 0.538271 0.103054 0.537640 0.102163 0.537935 0.101628 0.537304
0 0.627087 0.464317 0.624953 0.469875 0.625312 0.472990 0.624956 0.473916 0.625404 0.477810 0.625939 0.478442 0.626208 0.480778 0.627277 0.482041 0.627723 0.481893 0.629237 0.483009 0.631019 0.482419 0.631374 0.481492 0.632710 0.481050 0.633065 0.480124 0.633956 0.479829 0.635113 0.477829 0.634754 0.474713 0.635110 0.473787 0.634572 0.469114 0.634037 0.468483 0.633858 0.466925 0.633413 0.467073 0.632878 0.466442 0.632433 0.466589 0.631898 0.465958 0.631453 0.466105 0.630918 0.465474 0.629492 0.465137 0.628423 0.463875
0 0.718678 0.762224 0.718322 0.763151 0.717076 0.764372 0.717166 0.765151 0.716544 0.767782 0.716723 0.769340 0.716368 0.770266 0.716547 0.771823 0.717082 0.772455 0.717440 0.775570 0.717975 0.776201 0.718065 0.776980 0.719669 0.778874 0.719759 0.779653 0.721274 0.780768 0.721629 0.779842 0.723856 0.779104 0.724211 0.778178 0.725102 0.777883 0.725457 0.776957 0.726348 0.776662 0.726258 0.775883 0.726880 0.773252 0.725984 0.765464 0.725449 0.764832 0.725180 0.762496 0.724110 0.761233 0.721884 0.761971 0.721349 0.761339
0 0.813014 0.650129 0.812658 0.651055 0.811323 0.651498 0.810967 0.652424 0.810076 0.652719 0.808119 0.655793 0.808209 0.656572 0.807497 0.658424 0.806965 0.661834 0.807593 0.667286 0.809287 0.669959 0.810001 0.672148 0.811605 0.674042 0.812585 0.674525 0.813476 0.674231 0.814011 0.674862 0.815347 0.674419 0.815881 0.675051 0.818553 0.674166 0.818909 0.673240 0.819799 0.672945 0.821401 0.670797 0.822112 0.668945 0.822644 0.665534 0.822375 0.663198 0.822731 0.662272 0.822196 0.661640 0.821658 0.656968 0.821124 0.656336 0.820230 0.652590 0.818180 0.650843 0.817200 0.650359 0.816310 0.650654 0.814795 0.649539
0 0.748975 0.137741 0.747909 0.140520 0.747998 0.141298 0.747287 0.143151 0.747376 0.143930 0.747021 0.144856 0.747558 0.149529 0.747203 0.150455 0.747738 0.151086 0.748186 0.154981 0.749790 0.156874 0.750235 0.156727 0.751750 0.157842 0.753086 0.157400 0.753442 0.156473 0.756113 0.155589 0.756469 0.154662 0.757359 0.154367 0.757981 0.151736 0.757802 0.150178 0.758158 0.149252 0.757978 0.147694 0.758334 0.146768 0.758155 0.145211 0.757620 0.144579 0.757172 0.140685 0.756637 0.140054 0.756547 0.139275 0.754943 0.137381 0.754498 0.137529 0.753963 0.136897 0.752627 0.137340 0.752092 0.136708
0 0.265416 0.779766 0.265060 0.780693 0.263814 0.781914 0.262036 0.786545 0.262215 0.788103 0.261860 0.789029 0.261862 0.793071 0.263022 0.795112 0.263201 0.796670 0.263736 0.797301 0.263825 0.798080 0.266589 0.802015 0.267035 0.801868 0.267569 0.802499 0.272467 0.800877 0.272823 0.799950 0.274159 0.799508 0.275937 0.794877 0.275847 0.794098 0.276203 0.793172 0.276024 0.791614 0.276379 0.790688 0.275931 0.786794 0.275396 0.786162 0.274058 0.782563 0.271383 0.779407 0.270048 0.779849 0.269513 0.779218 0.268177 0.779660 0.267642 0.779029
0 0.439613 0.618581 0.438012 0.620729 0.436589 0.624434 0.435791 0.629549 0.436149 0.632664 0.435883 0.634369 0.436418 0.635001 0.437312 0.638747 0.438381 0.640010 0.439807 0.640346 0.440876 0.641609 0.442837 0.642577 0.444172 0.642134 0.446575 0.638913 0.447465 0.638618 0.447821 0.637691 0.448712 0.637397 0.449512 0.636323 0.450224 0.634470 0.450044 0.632913 0.450666 0.630281 0.449949 0.624051 0.448700 0.621231 0.447631 0.619968 0.447541 0.619189 0.446471 0.617926 0.445581 0.618221 0.445046 0.617590 0.443265 0.618180 0.442730 0.617549
0 0.053169 0.529909 0.052814 0.530835 0.051478 0.531277 0.051122 0.532204 0.050232 0.532499 0.048809 0.536204 0.048277 0.539614 0.048546 0.541950 0.048190 0.542877 0.048370 0.544434 0.048905 0.545066 0.049263 0.548181 0.049887 0.549591 0.052562 0.552747 0.053542 0.553231 0.054877 0.552789 0.055412 0.553420 0.059420 0.552093 0.059775 0.551167 0.060666 0.550872 0.063068 0.547650 0.064046 0.544093 0.063598 0.540199 0.063864 0.538494 0.063329 0.537862 0.063060 0.535526 0.062525 0.534895 0.062346 0.533337 0.061721 0.531927 0.060117 0.530033 0.058157 0.529065 0.057266 0.529360 0.056731 0.528729
0 0.308356 0.662866 0.308000 0.663792 0.306754 0.665013 0.305065 0.670424 0.305693 0.675875 0.306228 0.676507 0.306317 0.677285 0.305962 0.678212 0.306499 0.682884 0.307034 0.683516 0.307124 0.684295 0.309263 0.686820 0.310154 0.686525 0.310688 0.687156 0.315141 0.685681 0.315497 0.684755 0.317277 0.684165 0.318431 0.678124 0.318252 0.676566 0.318608 0.675640 0.318428 0.674082 0.318784 0.673156 0.318067 0.666925 0.317532 0.666294 0.316818 0.664105 0.314679 0.661580 0.312898 0.662170 0.312363 0.661539
0 0.406855 0.675790 0.406499 0.676717 0.405608 0.677011 0.405253 0.677938 0.404362 0.678233 0.403561 0.679307 0.402494 0.682085 0.401962 0.685496 0.402142 0.687053 0.401786 0.687979 0.402682 0.695767 0.403752 0.697030 0.403841 0.697809 0.405536 0.700482 0.407496 0.701449 0.408831 0.701007 0.411467 0.697780 0.414817 0.690298 0.415589 0.683408 0.415054 0.682776 0.414875 0.681219 0.414250 0.679808 0.411576 0.676652 0.408636 0.675200
0 0.564189 0.701016 0.563834 0.701942 0.562498 0.702385 0.562142 0.703311 0.561252 0.703606 0.560451 0.704680 0.559384 0.707459 0.558939 0.707606 0.557516 0.711311 0.557875 0.714426 0.557519 0.715353 0.557788 0.717689 0.558323 0.718320 0.559216 0.722067 0.560286 0.723330 0.560375 0.724108 0.561890 0.725224 0.562781 0.724929 0.564741 0.725896 0.566077 0.725454 0.566612 0.726085 0.571417 0.719643 0.572484 0.716864 0.572305 0.715306 0.572926 0.712675 0.572389 0.708002 0.570515 0.703772 0.568911 0.701878 0.567931 0.701394 0.567040 0.701689 0.566505 0.701057 0.564724 0.701647
0 0.468859 0.663871 0.468504 0.664797 0.467613 0.665092 0.467258 0.666018 0.466367 0.666313 0.466012 0.667240 0.464765 0.668461 0.463699 0.671240 0.463788 0.672018 0.463167 0.674650 0.463435 0.676986 0.463970 0.677618 0.464239 0.679954 0.465844 0.681848 0.467269 0.682184 0.468339 0.683447 0.468784 0.683300 0.470299 0.684415 0.472080 0.683825 0.472435 0.682899 0.473682 0.681677 0.475104 0.677972 0.475014 0.677193 0.475370 0.676267 0.474832 0.671594 0.474298 0.670963 0.474208 0.670184 0.473138 0.668921 0.472424 0.666732 0.471355 0.665470 0.470909 0.665617 0.469840 0.664355 0.469394 0.664502
0 0.461241 0.207984 0.460885 0.208910 0.456878 0.210237 0.456077 0.211311 0.454655 0.215016 0.453856 0.220131 0.454125 0.222468 0.453770 0.223394 0.454218 0.227288 0.454753 0.227919 0.455111 0.231035 0.455646 0.231666 0.455825 0.233224 0.457519 0.235896 0.459479 0.236864 0.461260 0.236274 0.461795 0.236906 0.465802 0.235578 0.466158 0.234652 0.467049 0.234357 0.468916 0.230504 0.468827 0.229726 0.470160 0.225242 0.469891 0.222905 0.470247 0.221979 0.469440 0.214970 0.468905 0.214338 0.468102 0.211371 0.467032 0.210108 0.461686 0.207836
0 0.259533 0.644273 0.257042 0.647601 0.256633 0.652931 0.257671 0.656208 0.257760 0.656987 0.258920 0.659028 0.259365 0.658881 0.259900 0.659512 0.261236 0.659070 0.261770 0.659701 0.264442 0.658816 0.264797 0.657890 0.265243 0.657743 0.265954 0.655890 0.265685 0.653554 0.266041 0.652627 0.265503 0.647954 0.264968 0.647323 0.264789 0.645766 0.261759 0.643535
0 0.250675 0.844477 0.247382 0.847993 0.246226 0.849993 0.244893 0.854477 0.244540 0.859445 0.244811 0.865823 0.248203 0.875210 0.253103 0.877629 0.255864 0.877523 0.256399 0.878154 0.258180 0.877564 0.258715 0.878196 0.264058 0.876426 0.264413 0.875500 0.265749 0.875057 0.267438 0.869647 0.267169 0.867310 0.267525 0.866384 0.267166 0.863269 0.263151 0.852472 0.257267 0.845527 0.255307 0.844559 0.251655 0.844960 0.251121 0.844329
0 0.001367 0.324734 0.000000 0.326209 0.000000 0.331766 0.000000 0.332545 0.000000 0.333471 0.000000 0.338923 0.000000 0.340964 0.000000 0.342522 0.000000 0.343153 0.000000 0.343932 0.000000 0.345195 0.000000 0.345047 0.000135 0.346162 0.004142 0.344835 0.004677 0.345466 0.005568 0.345172 0.005923 0.344245 0.007170 0.343024 0.008592 0.339319 0.007696 0.331531 0.007161 0.330900 0.006982 0.329342 0.006447 0.328711 0.006357 0.327932 0.003594 0.323996
0 0.845791 0.778332 0.845080 0.780184 0.844634 0.780332 0.843568 0.783111 0.843657 0.783889 0.843302 0.784816 0.843481 0.786373 0.843125 0.787300 0.843484 0.790415 0.844018 0.791046 0.844198 0.792604 0.844732 0.793235 0.844912 0.794793 0.846516 0.796687 0.846961 0.796539 0.848031 0.797802 0.848922 0.797507 0.849277 0.796581 0.851058 0.795991 0.851414 0.795064 0.852660 0.793843 0.853371 0.791991 0.852923 0.788096 0.853279 0.787170 0.853010 0.784834 0.852475 0.784203 0.852027 0.780308 0.851492 0.779677 0.851047 0.779825 0.850512 0.779193 0.850067 0.779341 0.848552 0.778226 0.847216 0.778668 0.846681 0.778037
0 0.157640 0.999074 0.155191 0.999074 0.154034 0.999074 0.154124 0.999074 0.153768 0.999074 0.154306 0.999074 0.154841 0.999074 0.155020 0.999074 0.155555 0.999074 0.155644 0.999074 0.156179 0.999074 0.156269 0.999074 0.156714 0.999074 0.157249 0.999074 0.161256 0.999074 0.161791 0.999074 0.162147 0.999074 0.162592 0.999074 0.163303 0.999074 0.163214 0.999074 0.163569 0.999074 0.163390 0.999074 0.163746 0.999074 0.163387 0.999074 0.162852 0.999074 0.162673 0.999074 0.161069 0.999074 0.160623 0.999074 0.160088 0.999074
0 0.739182 0.659223 0.738826 0.660149 0.738381 0.660297 0.736423 0.663371 0.736513 0.664150 0.735891 0.666781 0.736071 0.668339 0.735715 0.669265 0.736342 0.674716 0.736877 0.675348 0.736967 0.676127 0.737502 0.676758 0.738216 0.678947 0.738661 0.678799 0.739196 0.679431 0.740531 0.678988 0.741066 0.679620 0.742847 0.679030 0.743382 0.679661 0.743827 0.679514 0.744183 0.678587 0.745429 0.677366 0.745785 0.676440 0.745961 0.673956 0.746673 0.672103 0.746583 0.671324 0.746939 0.670398 0.746311 0.664947 0.745776 0.664315 0.745687 0.663536 0.745152 0.662905 0.744438 0.660716 0.742833 0.658822 0.742388 0.658970 0.741853 0.658338
0 0.723228 0.902202 0.722872 0.903128 0.720646 0.903866 0.720291 0.904792 0.718955 0.905234 0.718244 0.907087 0.718423 0.908644 0.718067 0.909571 0.718336 0.911907 0.718871 0.912538 0.719319 0.916432 0.719854 0.917064 0.719943 0.917843 0.721279 0.917400 0.721814 0.918032 0.724485 0.917147 0.725020 0.917778 0.725465 0.917630 0.726888 0.913925 0.726798 0.913147 0.727154 0.912220 0.726527 0.906769 0.725992 0.906137 0.725902 0.905359 0.724298 0.903465 0.724208 0.902686 0.723673 0.902054
0 0.341330 0.302679 0.340974 0.303605 0.340529 0.303752 0.339106 0.307458 0.339465 0.310573 0.339109 0.311499 0.339288 0.313057 0.339823 0.313688 0.339913 0.314467 0.340983 0.315729 0.341072 0.316508 0.342142 0.317771 0.342587 0.317623 0.343122 0.318255 0.348465 0.316485 0.349621 0.314485 0.349532 0.313706 0.349887 0.312780 0.349708 0.311222 0.350064 0.310296 0.349885 0.308738 0.349350 0.308107 0.349081 0.305771 0.348546 0.305139 0.348367 0.303582 0.347297 0.302319 0.346407 0.302614 0.345872 0.301983 0.344091 0.302573 0.343556 0.301941
0 0.585968 0.123012 0.585613 0.123939 0.583386 0.124676 0.583031 0.125602 0.582586 0.125750 0.581874 0.127602 0.581964 0.128381 0.581342 0.131012 0.582238 0.138800 0.584378 0.141326 0.584467 0.142105 0.584913 0.141957 0.585447 0.142588 0.588564 0.141556 0.589099 0.142187 0.590880 0.141597 0.591236 0.140671 0.591681 0.140524 0.593459 0.135892 0.593369 0.135113 0.593725 0.134187 0.593187 0.129514 0.592653 0.128883 0.592384 0.126547 0.591849 0.125915 0.591670 0.124358 0.590065 0.122464 0.589620 0.122611 0.589085 0.121980
0 0.000000 0.421717 0.000000 0.422643 0.000000 0.423864 0.000000 0.429422 0.000000 0.433316 0.000000 0.434242 0.000000 0.435021 0.000000 0.435652 0.000000 0.437210 0.000000 0.437841 0.000000 0.439399 0.000000 0.441440 0.000000 0.441293 0.000000 0.442892 0.000000 0.442597 0.000000 0.441670 0.000000 0.440786 0.000000 0.439859 0.000000 0.439417 0.000000 0.438638 0.000000 0.436007 0.000000 0.434449 0.000000 0.433523 0.000000 0.425735 0.000000 0.422283 0.000000 0.422431 0.000000 0.421799 0.000000 0.422389 0.000000 0.421758 0.000000 0.422348
0 0.594899 0.351281 0.592005 0.352239 0.591650 0.353165 0.591204 0.353313 0.589426 0.357944 0.589516 0.358723 0.589160 0.359649 0.589787 0.365101 0.590857 0.366364 0.590947 0.367142 0.592016 0.368405 0.592106 0.369184 0.593176 0.370447 0.593621 0.370299 0.594156 0.370930 0.599499 0.369161 0.600566 0.366382 0.600742 0.363898 0.601453 0.362045 0.601364 0.361267 0.601719 0.360340 0.601182 0.355668 0.600647 0.355036 0.599933 0.352847 0.597793 0.350322
0 0.450333 0.406441 0.449978 0.407368 0.447931 0.409663 0.446864 0.412441 0.447043 0.413999 0.446421 0.416630 0.446780 0.419746 0.447315 0.420377 0.447583 0.422713 0.449723 0.425239 0.449812 0.426017 0.450882 0.427280 0.451327 0.427133 0.451862 0.427764 0.452753 0.427469 0.453288 0.428100 0.453643 0.427174 0.455869 0.426437 0.456225 0.425510 0.457561 0.425068 0.457916 0.424142 0.458362 0.423994 0.459784 0.420289 0.459695 0.419510 0.460050 0.418584 0.459513 0.413911 0.458978 0.413280 0.458440 0.408607 0.456301 0.406082 0.455856 0.406229 0.455321 0.405598 0.452204 0.406630 0.451669 0.405999
0 0.181124 0.991212 0.180769 0.992138 0.176316 0.993613 0.175961 0.994539 0.176050 0.995318 0.175339 0.997171 0.175429 0.997949 0.174807 0.999074 0.175524 0.999074 0.176059 0.999074 0.176148 0.999074 0.177308 0.999074 0.177753 0.999074 0.178288 0.999074 0.181850 0.999074 0.182385 0.999074 0.184165 0.999074 0.184521 0.999074 0.184966 0.999074 0.184877 0.999074 0.185588 0.999074 0.185498 0.999074 0.186120 0.999074 0.185224 0.994705 0.184689 0.994074 0.184600 0.993295 0.182995 0.991401 0.182550 0.991548 0.182015 0.990917
0 0.312385 0.950969 0.312029 0.951895 0.308912 0.952927 0.308557 0.953854 0.306865 0.955222 0.304020 0.962633 0.303934 0.965895 0.303578 0.966821 0.303757 0.968379 0.303401 0.969305 0.304029 0.974757 0.305902 0.978987 0.306347 0.978840 0.309556 0.982628 0.309646 0.983407 0.310537 0.983112 0.311071 0.983743 0.313743 0.982858 0.316146 0.979637 0.317036 0.979342 0.318459 0.975637 0.319968 0.968669 0.318713 0.957766 0.317554 0.955724 0.316750 0.952757 0.314166 0.950379
0 0.255954 0.621203 0.253283 0.622088 0.251149 0.627646 0.251328 0.629203 0.250973 0.630130 0.251510 0.634803 0.252045 0.635434 0.252224 0.636992 0.252759 0.637623 0.252849 0.638402 0.254364 0.639517 0.260152 0.637600 0.260507 0.636673 0.261398 0.636378 0.262109 0.634526 0.261930 0.632968 0.262552 0.630337 0.261835 0.624106 0.258626 0.620318
0 0.469246 0.495578 0.466797 0.496389 0.466441 0.497316 0.465996 0.497463 0.464929 0.500242 0.464484 0.500389 0.464128 0.501316 0.464218 0.502095 0.463596 0.504726 0.463775 0.506283 0.463420 0.507210 0.464047 0.512661 0.467791 0.517081 0.468681 0.516786 0.469216 0.517417 0.473223 0.516090 0.473579 0.515163 0.475360 0.514574 0.476337 0.511016 0.476248 0.510237 0.476959 0.508385 0.476780 0.506827 0.477135 0.505901 0.476598 0.501228 0.475438 0.499186 0.475259 0.497629 0.473120 0.495103 0.472229 0.495398 0.471694 0.494767
0 0.738150 0.067754 0.735033 0.068787 0.734677 0.069713 0.733431 0.070934 0.733255 0.073418 0.732544 0.075271 0.732633 0.076050 0.732278 0.076976 0.732812 0.077607 0.733350 0.082280 0.734420 0.083543 0.734509 0.084321 0.736649 0.086847 0.737094 0.086699 0.737629 0.087331 0.741191 0.086151 0.741726 0.086782 0.743507 0.086192 0.743862 0.085266 0.745108 0.084045 0.746262 0.078003 0.745635 0.072552 0.745100 0.071920 0.745010 0.071141 0.743941 0.069879 0.743851 0.069100 0.742247 0.067206 0.741801 0.067353 0.741266 0.066722
0 0.085713 0.999074 0.085357 0.999074 0.083310 0.999074 0.082243 0.999074 0.082333 0.999074 0.081711 0.999074 0.082518 0.999074 0.083677 0.999074 0.083856 0.999074 0.085996 0.999074 0.086441 0.999074 0.086976 0.999074 0.087866 0.999074 0.088401 0.999074 0.089292 0.999074 0.089647 0.999074 0.090538 0.999074 0.090894 0.999074 0.092140 0.999074 0.093207 0.999074 0.093027 0.999074 0.093383 0.999074 0.092308 0.999074 0.091773 0.999074 0.091594 0.999074 0.091059 0.999074 0.090614 0.999074 0.089544 0.999074 0.089099 0.999074 0.087584 0.999074 0.086693 0.999074 0.086158 0.999074
0 0.719188 0.606589 0.718833 0.607516 0.718387 0.607663 0.717320 0.610442 0.717410 0.611221 0.716699 0.613073 0.716788 0.613852 0.716433 0.614778 0.717150 0.621009 0.718219 0.622271 0.718309 0.623050 0.719379 0.624313 0.719468 0.625092 0.720003 0.625723 0.720448 0.625576 0.721518 0.626838 0.727306 0.624921 0.727662 0.623995 0.728107 0.623847 0.728818 0.621995 0.728729 0.621216 0.729616 0.616879 0.729437 0.615322 0.729793 0.614396 0.729345 0.610502 0.726136 0.606714 0.725690 0.606861 0.725156 0.606230 0.724265 0.606525 0.723730 0.605893 0.721949 0.606483 0.721414 0.605852
0 0.336305 0.354827 0.335950 0.355753 0.335504 0.355901 0.334082 0.359606 0.334440 0.362721 0.334085 0.363648 0.334264 0.365205 0.334799 0.365836 0.334888 0.366615 0.335958 0.367878 0.336048 0.368657 0.337117 0.369919 0.337563 0.369772 0.338097 0.370403 0.343440 0.368633 0.344597 0.366633 0.344507 0.365855 0.344863 0.364928 0.344684 0.363371 0.345039 0.362444 0.344860 0.360887 0.344325 0.360256 0.344056 0.357919 0.343522 0.357288 0.343342 0.355730 0.342273 0.354468 0.341382 0.354762 0.340847 0.354131 0.339066 0.354721 0.338531 0.354090
0 0.297946 0.276506 0.297590 0.277432 0.297145 0.277579 0.295722 0.281285 0.296081 0.284400 0.295725 0.285326 0.295904 0.286884 0.296439 0.287515 0.296529 0.288294 0.297598 0.289557 0.297688 0.290335 0.298758 0.291598 0.299203 0.291450 0.299738 0.292082 0.305081 0.290312 0.306237 0.288312 0.306148 0.287533 0.306503 0.286607 0.306324 0.285049 0.306680 0.284123 0.306500 0.282565 0.305966 0.281934 0.305697 0.279598 0.305162 0.278966 0.304983 0.277409 0.303913 0.276146 0.303022 0.276441 0.302488 0.275810 0.300707 0.276400 0.300172 0.275768
0 0.352086 0.188843 0.351730 0.189769 0.350840 0.190064 0.350484 0.190990 0.350039 0.191138 0.349327 0.192990 0.348882 0.193138 0.348260 0.195769 0.348977 0.202000 0.351117 0.204525 0.351562 0.204377 0.352097 0.205009 0.352987 0.204714 0.353522 0.205345 0.355748 0.204608 0.356104 0.203681 0.356549 0.203534 0.358327 0.198903 0.357969 0.195787 0.358325 0.194861 0.358056 0.192525 0.354847 0.188737 0.353956 0.189032 0.353421 0.188400
0 0.282514 0.288644 0.282159 0.289571 0.280823 0.290013 0.280467 0.290939 0.280022 0.291087 0.278955 0.293866 0.279134 0.295423 0.278779 0.296349 0.279048 0.298686 0.279582 0.299317 0.279941 0.302432 0.280476 0.303064 0.280565 0.303843 0.282705 0.306368 0.283150 0.306220 0.283685 0.306852 0.285021 0.306409 0.285555 0.307041 0.287782 0.306303 0.288137 0.305377 0.289028 0.305082 0.289383 0.304156 0.289829 0.304008 0.291251 0.300303 0.290624 0.294851 0.290980 0.293925 0.290890 0.293146 0.290355 0.292515 0.290266 0.291736 0.287591 0.288580 0.287146 0.288727 0.285631 0.287612
0 0.378970 0.468819 0.378615 0.469745 0.377279 0.470188 0.376923 0.471114 0.376478 0.471261 0.375411 0.474040 0.375590 0.475598 0.375235 0.476524 0.375503 0.478861 0.376038 0.479492 0.376397 0.482607 0.376932 0.483238 0.377021 0.484017 0.379161 0.486543 0.379606 0.486395 0.380141 0.487026 0.381476 0.486584 0.382011 0.487215 0.384237 0.486478 0.384593 0.485552 0.385484 0.485257 0.385839 0.484330 0.386284 0.484183 0.387707 0.480478 0.387080 0.475026 0.387435 0.474100 0.387346 0.473321 0.386811 0.472690 0.386721 0.471911 0.384047 0.468754 0.383602 0.468902 0.382087 0.467787
0 0.381273 0.497151 0.380917 0.498078 0.377355 0.499257 0.377000 0.500184 0.375664 0.500626 0.375308 0.501552 0.374418 0.501847 0.371928 0.508331 0.372376 0.512225 0.372911 0.512857 0.373090 0.514414 0.374784 0.517087 0.374964 0.518645 0.378083 0.521654 0.381200 0.520621 0.381735 0.521253 0.384406 0.520368 0.384762 0.519442 0.386008 0.518220 0.387431 0.514515 0.387162 0.512179 0.387517 0.511253 0.386890 0.505801 0.386355 0.505170 0.386176 0.503612 0.385641 0.502981 0.384927 0.500792 0.382253 0.497635 0.381808 0.497783
0 0.196400 0.249616 0.196045 0.250542 0.195154 0.250837 0.193998 0.252837 0.193107 0.253132 0.191505 0.255279 0.190794 0.257132 0.189464 0.265657 0.190270 0.272667 0.194549 0.277717 0.195440 0.277422 0.195974 0.278054 0.198201 0.277316 0.198736 0.277948 0.200517 0.277358 0.200872 0.276431 0.202653 0.275842 0.203009 0.274915 0.205145 0.273399 0.206568 0.269694 0.207100 0.266284 0.206831 0.263947 0.207187 0.263021 0.206025 0.256938 0.204776 0.254118 0.202102 0.250961 0.197736 0.249173
0 0.077711 0.483583 0.077281 0.477097 0.079316 0.471451 0.082479 0.468746 0.086435 0.468817 0.089786 0.473231 0.091158 0.478300 0.089916 0.486721 0.088123 0.490353 0.083804 0.492613 0.080333 0.491277
0 0.183176 0.361799 0.182745 0.355312 0.184780 0.349667 0.187944 0.346962 0.191900 0.347032 0.195250 0.351447 0.196623 0.356516 0.195381 0.364937 0.193588 0.368569 0.189268 0.370828 0.185798 0.369492
0 0.135110 0.360831 0.132662 0.361642 0.132306 0.362568 0.130970 0.363011 0.129368 0.365158 0.127590 0.369789 0.127414 0.372273 0.126703 0.374126 0.127599 0.381914 0.128668 0.383177 0.129382 0.385366 0.131522 0.387891 0.134017 0.389490 0.139895 0.388351 0.143454 0.383130 0.144787 0.378646 0.144784 0.374605 0.145140 0.373678 0.144871 0.371342 0.145226 0.370416 0.144064 0.364333 0.141925 0.361807 0.137559 0.360020
0 0.156966 0.521710 0.156536 0.515224 0.158571 0.509578 0.161734 0.506873 0.165690 0.506944 0.169041 0.511358 0.170414 0.516427 0.169172 0.524848 0.167378 0.528481 0.163059 0.530739 0.159589 0.529403
0 0.140466 0.523524 0.140110 0.524451 0.138775 0.524893 0.138419 0.525819 0.137529 0.526114 0.136106 0.529819 0.136196 0.530598 0.135484 0.532451 0.136291 0.539460 0.136826 0.540091 0.137540 0.542280 0.138609 0.543543 0.139055 0.543395 0.139590 0.544027 0.140925 0.543584 0.141460 0.544216 0.145467 0.542888 0.145823 0.541962 0.146713 0.541667 0.147069 0.540741 0.148315 0.539520 0.149027 0.537667 0.148937 0.536888 0.149559 0.534257 0.148842 0.528026 0.148307 0.527395 0.147593 0.525206 0.146523 0.523944 0.146078 0.524091 0.145543 0.523460 0.144653 0.523755 0.144118 0.523123 0.142782 0.523566 0.142247 0.522934
0 0.059834 0.565138 0.059479 0.566064 0.058143 0.566507 0.057787 0.567433 0.056897 0.567728 0.055474 0.571433 0.054942 0.574843 0.055211 0.577180 0.054855 0.578106 0.055035 0.579663 0.055569 0.580295 0.055928 0.583410 0.056552 0.584820 0.059227 0.587977 0.060207 0.588461 0.061542 0.588018 0.062077 0.588650 0.066084 0.587322 0.066440 0.586396 0.067331 0.586101 0.069733 0.582880 0.070711 0.579322 0.070262 0.575428 0.070529 0.573723 0.069994 0.573092 0.069725 0.570755 0.069190 0.570124 0.069011 0.568566 0.068386 0.567156 0.066782 0.565262 0.064822 0.564294 0.063931 0.564589 0.063396 0.563958
0 0.143469 0.633620 0.140978 0.636948 0.140569 0.642278 0.141607 0.645556 0.141696 0.646335 0.142856 0.648376 0.143301 0.648229 0.143836 0.648860 0.145172 0.648417 0.145706 0.649049 0.148378 0.648164 0.148734 0.647238 0.149179 0.647090 0.149890 0.645238 0.149621 0.642901 0.149977 0.641975 0.149439 0.637302 0.148904 0.636671 0.148725 0.635113 0.145695 0.632883
0 0.158544 0.620752 0.156053 0.624080 0.155644 0.629410 0.156682 0.632688 0.156771 0.633467 0.157931 0.635508 0.158376 0.635361 0.158911 0.635992 0.160247 0.635550 0.160781 0.636181 0.163453 0.635296 0.163809 0.634370 0.164254 0.634222 0.164965 0.632370 0.164696 0.630033 0.165052 0.629107 0.164514 0.624434 0.163979 0.623803 0.163800 0.622245 0.160770 0.620015
0 0.169808 0.634859 0.167318 0.638187 0.166909 0.643517 0.167946 0.646794 0.168036 0.647573 0.169195 0.649615 0.169640 0.649467 0.170175 0.650099 0.171511 0.649656 0.172046 0.650287 0.174717 0.649403 0.175073 0.648476 0.175518 0.648329 0.176229 0.646476 0.175961 0.644140 0.176316 0.643214 0.175779 0.638541 0.175244 0.637909 0.175065 0.636352 0.172035 0.634121
0 0.094838 0.521235 0.092348 0.524563 0.091938 0.529893 0.092976 0.533171 0.093066 0.533949 0.094225 0.535991 0.094670 0.535843 0.095205 0.536475 0.096541 0.536032 0.097076 0.536663 0.099747 0.535779 0.100103 0.534852 0.100548 0.534705 0.101259 0.532852 0.100990 0.530516 0.101346 0.529590 0.100808 0.524917 0.100274 0.524285 0.100094 0.522728 0.097065 0.520498
0 0.084056 0.585086 0.081565 0.588413 0.081156 0.593743 0.082194 0.597022 0.082283 0.597801 0.083443 0.599842 0.083888 0.599694 0.084423 0.600326 0.085758 0.599883 0.086293 0.600515 0.088965 0.599630 0.089320 0.598704 0.089766 0.598556 0.090477 0.596704 0.090208 0.594367 0.090564 0.593441 0.090026 0.588768 0.089491 0.588137 0.089312 0.586579 0.086282 0.584349
0 0.053114 0.684429 0.052758 0.685356 0.050532 0.686093 0.050176 0.687019 0.049731 0.687167 0.048664 0.689946 0.048754 0.690724 0.048132 0.693356 0.048759 0.698807 0.049294 0.699439 0.049473 0.700996 0.051257 0.704448 0.051702 0.704300 0.053217 0.705416 0.056334 0.704383 0.056869 0.705015 0.058205 0.704572 0.058560 0.703646 0.059451 0.703351 0.059806 0.702425 0.060252 0.702277 0.061674 0.698572 0.061405 0.696236 0.061761 0.695309 0.061223 0.690636 0.060688 0.690005 0.060420 0.687669 0.057210 0.683881 0.056765 0.684028 0.056230 0.683397
0 0.040326 0.740398 0.037835 0.743725 0.037426 0.749055 0.038463 0.752333 0.038553 0.753112 0.039712 0.755153 0.040158 0.755006 0.040692 0.755637 0.042028 0.755195 0.042563 0.755826 0.045234 0.754941 0.045590 0.754015 0.046035 0.753868 0.046747 0.752015 0.046478 0.749679 0.046833 0.748752 0.046296 0.744079 0.045761 0.743448 0.045582 0.741890 0.042552 0.739660
0 0.253115 0.758064 0.250624 0.761391 0.250215 0.766721 0.251252 0.770000 0.251342 0.770778 0.252501 0.772820 0.252947 0.772672 0.253481 0.773304 0.254817 0.772861 0.255352 0.773493 0.258023 0.772608 0.258379 0.771681 0.258824 0.771534 0.259536 0.769681 0.259267 0.767345 0.259622 0.766419 0.259085 0.761746 0.258550 0.761114 0.258371 0.759557 0.255341 0.757327
0 0.223396 0.818361 0.220905 0.821689 0.220496 0.827019 0.221534 0.830297 0.221623 0.831075 0.222783 0.833117 0.223228 0.832969 0.223763 0.833601 0.225098 0.833158 0.225633 0.833790 0.228305 0.832905 0.228660 0.831978 0.229106 0.831831 0.229817 0.829978 0.229548 0.827642 0.229904 0.826716 0.229366 0.822043 0.228831 0.821412 0.228652 0.819854 0.225622 0.817624
0 0.276540 0.598594 0.276184 0.599520 0.274848 0.599962 0.274493 0.600888 0.273602 0.601184 0.272180 0.604889 0.272269 0.605667 0.271558 0.607520 0.272365 0.614529 0.272899 0.615161 0.273613 0.617349 0.274683 0.618612 0.275128 0.618465 0.275663 0.619096 0.276999 0.618654 0.277534 0.619285 0.281541 0.617958 0.281897 0.617031 0.282787 0.616736 0.283143 0.615810 0.284389 0.614589 0.285100 0.612736 0.285011 0.611957 0.285632 0.609326 0.284915 0.603096 0.284381 0.602464 0.283666 0.600275 0.282597 0.599013 0.282152 0.599160 0.281617 0.598529 0.280726 0.598824 0.280191 0.598193 0.278856 0.598635 0.278321 0.598004
0 0.245989 0.608862 0.243498 0.612190 0.243089 0.617520 0.244127 0.620798 0.244216 0.621577 0.245376 0.623618 0.245821 0.623471 0.246356 0.624102 0.247691 0.623660 0.248226 0.624291 0.250898 0.623406 0.251253 0.622480 0.251699 0.622332 0.252410 0.620480 0.252141 0.618143 0.252497 0.617217 0.251959 0.612544 0.251424 0.611913 0.251245 0.610355 0.248215 0.608125
0 0.265105 0.604276 0.262614 0.607603 0.262205 0.612934 0.263243 0.616212 0.263332 0.616991 0.264492 0.619032 0.264937 0.618885 0.265472 0.619516 0.266807 0.619074 0.267342 0.619705 0.270014 0.618820 0.270369 0.617894 0.270815 0.617746 0.271526 0.615894 0.271257 0.613557 0.271613 0.612631 0.271075 0.607958 0.270540 0.607327 0.270361 0.605769 0.267331 0.603539
0 0.283915 0.774953 0.281424 0.778280 0.281015 0.783610 0.282053 0.786888 0.282143 0.787667 0.283302 0.789708 0.283747 0.789561 0.284282 0.790192 0.285618 0.789750 0.286153 0.790381 0.288824 0.789496 0.289180 0.788570 0.289625 0.788423 0.290336 0.786570 0.290067 0.784234 0.290423 0.783307 0.289885 0.778634 0.289350 0.778003 0.289171 0.776446 0.286141 0.774215
0 0.278967 0.688299 0.278612 0.689226 0.277721 0.689520 0.277366 0.690447 0.276920 0.690594 0.274787 0.696152 0.274876 0.696931 0.274521 0.697857 0.275058 0.702530 0.276128 0.703793 0.276842 0.705981 0.278447 0.707875 0.278892 0.707728 0.281387 0.709327 0.281742 0.708401 0.283078 0.707958 0.283434 0.707032 0.284770 0.706590 0.285125 0.705663 0.286371 0.704442 0.286727 0.703516 0.286548 0.701958 0.286903 0.701032 0.286635 0.698695 0.286990 0.697769 0.286811 0.696212 0.286276 0.695580 0.285828 0.691686 0.284224 0.689792 0.283778 0.689940 0.281283 0.688341 0.279947 0.688783 0.279413 0.688152
0 0.207873 0.762703 0.208388 0.767179 0.210181 0.769444 0.211974 0.770815 0.214552 0.769247 0.216124 0.765152 0.216339 0.761686 0.215352 0.758439 0.213559 0.757067 0.211314 0.756202 0.208362 0.758074
0 0.153655 0.772079 0.153953 0.774661 0.156139 0.776796 0.157773 0.775898 0.159287 0.773073 0.159325 0.770737 0.157295 0.767300 0.156783 0.767291 0.154795 0.767770
0 0.090224 0.848215 0.090521 0.850797 0.092708 0.852932 0.094342 0.852033 0.095856 0.849209 0.095894 0.846873 0.093864 0.843436 0.093352 0.843427 0.091363 0.843906
0 0.150208 0.924216 0.150505 0.926797 0.152692 0.928932 0.154326 0.928034 0.155840 0.925209 0.155878 0.922874 0.153847 0.919436 0.153336 0.919427 0.151347 0.919907
0 0.155686 0.935890 0.155984 0.938472 0.158170 0.940607 0.159804 0.939708 0.161319 0.936884 0.161356 0.934548 0.159326 0.931111 0.158814 0.931102 0.156826 0.931581
0 0.155135 0.968861 0.155432 0.971443 0.157619 0.973578 0.159252 0.972680 0.160766 0.969855 0.160805 0.967519 0.158774 0.964081 0.158262 0.964072 0.156274 0.964552
0 0.166941 0.953182 0.166585 0.954109 0.165695 0.954404 0.165339 0.955330 0.164894 0.955477 0.163827 0.958256 0.164634 0.965265 0.165169 0.965897 0.165348 0.967454 0.165883 0.968086 0.165972 0.968865 0.168112 0.971390 0.168557 0.971242 0.169092 0.971874 0.169982 0.971579 0.170517 0.972210 0.171408 0.971915 0.171763 0.970989 0.172654 0.970694 0.173009 0.969767 0.174255 0.968546 0.174967 0.966694 0.175412 0.966546 0.175322 0.965767 0.175678 0.964841 0.175409 0.962505 0.175765 0.961578 0.175496 0.959242 0.174961 0.958611 0.174692 0.956274 0.174157 0.955643 0.174068 0.954864 0.173533 0.954233 0.173088 0.954380 0.172018 0.953118 0.171573 0.953265 0.171038 0.952634 0.170147 0.952929 0.169613 0.952297
0 0.144251 0.999074 0.143895 0.999074 0.143005 0.999074 0.142649 0.999074 0.142204 0.999074 0.141137 0.999074 0.141944 0.999074 0.142478 0.999074 0.142658 0.999074 0.143192 0.999074 0.143282 0.999074 0.145422 0.999074 0.145867 0.999074 0.146402 0.999074 0.147292 0.999074 0.147827 0.999074 0.148717 0.999074 0.149073 0.999074 0.149964 0.999074 0.150319 0.999074 0.151565 0.999074 0.152277 0.999074 0.152722 0.999074 0.152632 0.999074 0.152988 0.999074 0.152719 0.999074 0.153075 0.999074 0.152806 0.999074 0.152271 0.999074 0.152002 0.999074 0.151467 0.999074 0.151378 0.999074 0.150843 0.999074 0.150398 0.999074 0.149328 0.999074 0.148883 0.999074 0.148348 0.999074 0.147457 0.999074 0.146923 0.999074
0 0.188668 0.999074 0.191908 0.999074 0.194178 0.999074 0.195652 0.999074 0.195441 0.999074 0.192864 0.999074 0.190781 0.999074 0.187981 0.999074 0.187397 0.999074
0 0.145114 0.999074 0.145249 0.999074 0.146764 0.999074 0.148809 0.999074 0.150454 0.999074 0.150358 0.999074 0.149901 0.999074 0.149086 0.999074 0.147476 0.999074 0.145755 0.999074
0 0.180187 0.999074 0.183426 0.999074 0.185696 0.999074 0.187170 0.999074 0.186959 0.999074 0.184382 0.999074 0.182299 0.999074 0.179499 0.999074 0.178916 0.999074
0 0.085368 0.999074 0.083767 0.999074 0.081989 0.999074 0.081190 0.999074 0.081638 0.999074 0.083512 0.999074 0.087611 0.999074 0.088502 0.999074 0.089037 0.999074 0.094825 0.999074 0.095626 0.999074 0.097760 0.999074 0.097491 0.999074 0.098023 0.999074 0.097488 0.999074 0.097219 0.999074 0.096684 0.999074 0.096505 0.999074 0.094276 0.999074 0.094187 0.999074 0.091692 0.999074 0.089465 0.999074 0.088930 0.999074
0 0.057368 0.999074 0.057665 0.999074 0.059852 0.999074 0.061485 0.999074 0.062999 0.999074 0.063037 0.999074 0.061007 0.999074 0.060495 0.999074 0.058507 0.999074
0 0.041980 0.999074 0.041624 0.999074 0.040734 0.999074 0.040378 0.999074 0.039933 0.999074 0.038866 0.999074 0.039673 0.999074 0.040207 0.999074 0.040387 0.999074 0.040921 0.999074 0.041011 0.999074 0.043150 0.999074 0.043596 0.999074 0.044131 0.999074 0.045021 0.999074 0.045556 0.999074 0.046446 0.999074 0.046802 0.999074 0.047693 0.999074 0.048048 0.999074 0.049294 0.999074 0.050006 0.999074 0.050451 0.999074 0.050361 0.999074 0.050717 0.999074 0.050448 0.999074 0.050804 0.999074 0.050535 0.999074 0.050000 0.999074 0.049731 0.999074 0.049196 0.999074 0.049107 0.999074 0.048572 0.999074 0.048127 0.999074 0.047057 0.999074 0.046612 0.999074 0.046077 0.999074 0.045186 0.999074 0.044651 0.999074
0 0.028360 0.993406 0.028005 0.994333 0.026758 0.995554 0.024891 0.999074 0.024980 0.999074 0.024359 0.999074 0.024807 0.999074 0.025341 0.999074 0.025521 0.999074 0.026056 0.999074 0.026145 0.999074 0.028819 0.999074 0.028909 0.999074 0.029354 0.999074 0.030869 0.999074 0.037103 0.999074 0.039236 0.999074 0.039147 0.999074 0.039503 0.999074 0.039323 0.999074 0.039679 0.999074 0.039231 0.999074 0.038696 0.998876 0.037803 0.995130 0.036198 0.993236 0.035753 0.993383 0.034683 0.992120 0.031567 0.993153 0.031032 0.992521
0 0.088578 0.920247 0.088222 0.921173 0.087777 0.921321 0.087066 0.923173 0.087245 0.924731 0.086889 0.925657 0.087606 0.931888 0.088676 0.933150 0.088765 0.933929 0.089300 0.934560 0.089745 0.934413 0.090815 0.935676 0.092596 0.935086 0.092952 0.934159 0.094287 0.933717 0.094643 0.932791 0.095534 0.932496 0.096245 0.930643 0.095259 0.922076 0.094100 0.920035 0.093655 0.920182 0.093120 0.919551 0.090894 0.920288 0.090359 0.919657
0 0.087134 0.896516 0.086778 0.897442 0.086333 0.897590 0.085621 0.899442 0.085801 0.901000 0.085445 0.901926 0.086162 0.908157 0.087232 0.909419 0.087321 0.910198 0.087856 0.910829 0.088301 0.910682 0.089371 0.911945 0.091152 0.911355 0.091508 0.910428 0.092843 0.909986 0.093199 0.909060 0.094089 0.908765 0.094801 0.906912 0.093815 0.898345 0.092656 0.896304 0.092211 0.896451 0.091676 0.895820 0.089449 0.896557 0.088915 0.895926
0 0.098166 0.900956 0.097810 0.901883 0.097365 0.902030 0.096654 0.903883 0.096833 0.905440 0.096477 0.906367 0.097194 0.912597 0.098264 0.913860 0.098353 0.914638 0.098888 0.915270 0.099334 0.915122 0.100403 0.916385 0.102184 0.915795 0.102540 0.914869 0.103876 0.914426 0.104231 0.913500 0.105122 0.913205 0.105833 0.911353 0.104847 0.902786 0.103688 0.900744 0.103243 0.900892 0.102708 0.900260 0.100482 0.900998 0.099947 0.900366
0 0.062124 0.949201 0.062421 0.951783 0.064608 0.953918 0.066241 0.953020 0.067755 0.950195 0.067793 0.947859 0.065763 0.944421 0.065251 0.944412 0.063263 0.944892
0 0.066078 0.957016 0.066375 0.959599 0.068562 0.961733 0.070195 0.960835 0.071709 0.958010 0.071747 0.955674 0.070776 0.953299 0.069717 0.952237 0.069205 0.952228 0.067217 0.952708
0 0.075827 0.917788 0.075471 0.918714 0.075026 0.918861 0.074314 0.920714 0.074494 0.922272 0.074138 0.923198 0.074855 0.929428 0.075924 0.930691 0.076014 0.931470 0.076549 0.932101 0.076994 0.931954 0.078064 0.933216 0.079845 0.932626 0.080201 0.931700 0.081536 0.931258 0.081892 0.930331 0.082782 0.930036 0.083494 0.928184 0.082508 0.919617 0.081349 0.917575 0.080903 0.917723 0.080369 0.917092 0.078142 0.917829 0.077607 0.917198
0 0.059494 0.911532 0.059138 0.912458 0.058693 0.912606 0.057982 0.914458 0.058161 0.916016 0.057805 0.916942 0.058522 0.923172 0.059592 0.924435 0.059682 0.925214 0.060217 0.925845 0.060662 0.925698 0.061731 0.926960 0.063512 0.926370 0.063868 0.925444 0.065204 0.925002 0.065559 0.924075 0.066450 0.923781 0.067161 0.921928 0.066176 0.913361 0.065016 0.911320 0.064571 0.911467 0.064036 0.910836 0.061810 0.911573 0.061275 0.910942
0 0.041441 0.963885 0.041085 0.964811 0.040194 0.965106 0.039839 0.966032 0.039394 0.966179 0.038327 0.968958 0.039133 0.975968 0.039668 0.976599 0.039847 0.978157 0.040382 0.978788 0.040472 0.979567 0.042611 0.982092 0.043056 0.981945 0.043591 0.982576 0.044482 0.982281 0.045016 0.982912 0.045907 0.982617 0.046263 0.981691 0.047153 0.981396 0.047509 0.980470 0.048755 0.979249 0.049466 0.977396 0.049911 0.977249 0.049822 0.976470 0.050177 0.975543 0.049909 0.973207 0.050264 0.972281 0.049995 0.969944 0.049461 0.969313 0.049192 0.966977 0.048657 0.966345 0.048567 0.965566 0.048032 0.964935 0.047587 0.965083 0.046517 0.963820 0.046072 0.963967 0.045537 0.963336 0.044647 0.963631 0.044112 0.963000
0 0.046454 0.402655 0.047307 0.408516 0.051436 0.411100 0.054804 0.408782 0.055748 0.405892 0.056352 0.401740 0.054284 0.396582 0.051538 0.394915 0.048680 0.396548
0 0.000000 0.365370 0.000000 0.366107 0.000000 0.367034 0.000000 0.367181 0.000000 0.372739 0.000000 0.373518 0.000000 0.374444 0.000000 0.378338 0.000000 0.379264 0.000000 0.382421 0.000000 0.383200 0.000000 0.383831 0.000000 0.383683 0.000000 0.384946 0.000000 0.384799 0.000000 0.385430 0.000000 0.383660 0.000000 0.382734 0.000000 0.382586 0.000000 0.379808 0.000000 0.379029 0.000000 0.376397 0.000000 0.370167 0.000000 0.369536 0.000000 0.368757 0.000000 0.364969 0.000000 0.365264 0.000000 0.364633
0 0.000000 0.333891 0.000000 0.334628 0.000000 0.335554 0.000000 0.335702 0.000000 0.341259 0.000000 0.342038 0.000000 0.342964 0.000000 0.346859 0.000000 0.347785 0.000000 0.350941 0.000000 0.351720 0.000000 0.352352 0.000000 0.352204 0.000000 0.353467 0.000000 0.353319 0.000000 0.353951 0.000000 0.352181 0.000000 0.351255 0.000000 0.351107 0.000000 0.348328 0.000000 0.347549 0.000000 0.344918 0.000000 0.338688 0.000000 0.338056 0.000000 0.337277 0.000000 0.333490 0.000000 0.333784 0.000000 0.333153
0 0.187336 0.386932 0.188236 0.394077 0.190453 0.396264 0.194296 0.396366 0.197512 0.391864 0.197775 0.389028 0.196351 0.383485 0.195763 0.380931 0.192430 0.380145 0.189591 0.381086
0 0.281150 0.405533 0.282051 0.412679 0.284267 0.414866 0.288111 0.414967 0.291326 0.410466 0.291589 0.407629 0.290165 0.402087 0.289577 0.399533 0.286244 0.398747 0.283405 0.399687
0 0.260355 0.435635 0.261256 0.442781 0.263473 0.444968 0.267316 0.445070 0.270531 0.440568 0.270794 0.437732 0.269371 0.432189 0.268782 0.429635 0.265449 0.428849 0.262610 0.429789
0 0.294712 0.364428 0.295898 0.368142 0.298264 0.367358 0.299834 0.365635 0.299622 0.361237 0.298297 0.359958 0.295779 0.360277
0 0.347596 0.365860 0.348423 0.370016 0.350757 0.370092 0.352327 0.368369 0.352116 0.363972 0.350790 0.362693 0.348272 0.363011
0 0.272658 0.448403 0.273844 0.452116 0.276210 0.451332 0.277780 0.449610 0.277569 0.445212 0.276243 0.443934 0.273725 0.444252
0 0.214107 0.229609 0.213751 0.230536 0.212416 0.230978 0.212060 0.231904 0.211615 0.232052 0.210548 0.234831 0.210727 0.236388 0.210371 0.237315 0.210640 0.239651 0.211175 0.240282 0.211534 0.243398 0.212068 0.244029 0.212158 0.244808 0.214297 0.247333 0.214743 0.247186 0.215278 0.247817 0.216613 0.247374 0.217148 0.248006 0.219374 0.247268 0.219730 0.246342 0.220620 0.246047 0.220976 0.245121 0.221421 0.244973 0.222844 0.241268 0.222217 0.235817 0.222572 0.234890 0.222483 0.234112 0.221948 0.233480 0.221858 0.232701 0.219184 0.229545 0.218739 0.229692 0.217224 0.228577
0 0.343618 0.280545 0.344445 0.284702 0.346778 0.284778 0.348349 0.283055 0.348138 0.278658 0.346811 0.277379 0.344294 0.277697
0 0.349009 0.286528 0.349836 0.290684 0.352169 0.290761 0.353740 0.289038 0.353529 0.284641 0.352202 0.283361 0.349685 0.283680
0 0.354574 0.276567 0.355401 0.280723 0.357735 0.280800 0.359305 0.279077 0.359094 0.274679 0.357768 0.273401 0.355250 0.273719
0 0.356212 0.258284 0.357039 0.262440 0.359373 0.262516 0.360943 0.260793 0.360732 0.256396 0.359406 0.255117 0.356888 0.255436
0 0.370474 0.322156 0.370118 0.323082 0.369228 0.323377 0.368872 0.324303 0.367982 0.324598 0.367626 0.325525 0.365579 0.327820 0.364868 0.329672 0.364957 0.330451 0.364336 0.333082 0.365142 0.340091 0.366212 0.341354 0.366302 0.342133 0.367906 0.344027 0.368797 0.343732 0.369331 0.344363 0.372448 0.343331 0.372983 0.343962 0.373339 0.343036 0.374229 0.342741 0.374585 0.341815 0.375030 0.341667 0.376273 0.336405 0.375915 0.333289 0.376271 0.332363 0.375912 0.329248 0.375377 0.328616 0.375108 0.326280 0.373949 0.324239 0.373504 0.324386 0.372434 0.323123 0.371009 0.322787
0 0.372572 0.307889 0.372217 0.308815 0.371771 0.308962 0.370349 0.312668 0.370707 0.315783 0.370352 0.316709 0.370531 0.318267 0.371066 0.318898 0.371155 0.319677 0.372225 0.320939 0.372315 0.321718 0.373384 0.322981 0.373830 0.322833 0.374364 0.323465 0.379707 0.321695 0.380864 0.319695 0.380774 0.318916 0.381130 0.317990 0.380951 0.316432 0.381306 0.315506 0.381127 0.313948 0.380592 0.313317 0.380323 0.310981 0.379789 0.310349 0.379609 0.308792 0.378540 0.307529 0.377649 0.307824 0.377114 0.307193 0.375333 0.307783 0.374798 0.307151
0 0.422456 0.455961 0.423144 0.461337 0.426276 0.463507 0.429423 0.462770 0.431070 0.460391 0.432044 0.456708 0.431200 0.452405 0.429061 0.450517 0.426737 0.448537 0.424112 0.449254 0.423423 0.451621
0 0.418951 0.399054 0.419639 0.404430 0.422771 0.406601 0.425918 0.405864 0.427566 0.403484 0.428540 0.399802 0.427696 0.395499 0.425874 0.392457 0.423233 0.391631 0.420607 0.392347 0.419919 0.394714
0 0.446605 0.362236 0.446250 0.363162 0.445359 0.363457 0.444648 0.365310 0.444737 0.366089 0.444116 0.368720 0.444743 0.374172 0.445278 0.374803 0.445457 0.376361 0.448131 0.379517 0.448577 0.379370 0.449111 0.380001 0.450892 0.379411 0.451248 0.378485 0.453474 0.377748 0.453830 0.376821 0.454275 0.376674 0.455608 0.372190 0.454802 0.365181 0.454267 0.364549 0.454177 0.363771 0.452573 0.361877 0.452127 0.362024 0.451593 0.361393 0.449812 0.361983 0.449277 0.361351
0 0.443995 0.530674 0.443639 0.531601 0.442749 0.531896 0.442393 0.532822 0.441147 0.534043 0.440436 0.535896 0.440884 0.539790 0.440528 0.540716 0.440618 0.541495 0.441153 0.542126 0.441511 0.545241 0.442046 0.545873 0.442136 0.546652 0.442581 0.546504 0.443651 0.547767 0.444541 0.547472 0.445076 0.548103 0.445521 0.547956 0.446056 0.548587 0.446947 0.548292 0.447481 0.548923 0.448372 0.548628 0.448728 0.547702 0.449618 0.547407 0.450329 0.545555 0.450775 0.545407 0.451396 0.542776 0.451127 0.540439 0.451483 0.539513 0.451125 0.536398 0.450590 0.535766 0.450231 0.532651 0.448627 0.530757 0.448182 0.530905 0.446667 0.529790
0 0.544926 0.469878 0.542477 0.470689 0.542121 0.471615 0.541676 0.471763 0.540609 0.474541 0.540164 0.474689 0.539808 0.475615 0.539898 0.476394 0.539276 0.479025 0.539455 0.480583 0.539100 0.481509 0.539727 0.486961 0.543471 0.491380 0.544361 0.491085 0.544896 0.491717 0.548904 0.490389 0.549259 0.489463 0.551040 0.488873 0.552017 0.485315 0.551928 0.484537 0.552639 0.482684 0.552460 0.481126 0.552816 0.480200 0.552278 0.475527 0.551119 0.473486 0.550939 0.471928 0.548800 0.469403 0.547909 0.469698 0.547375 0.469067
0 0.558501 0.487531 0.558145 0.488458 0.557255 0.488753 0.556899 0.489679 0.555653 0.490900 0.554942 0.492753 0.555390 0.496647 0.555034 0.497573 0.555124 0.498352 0.555658 0.498983 0.556017 0.502098 0.556552 0.502730 0.556641 0.503508 0.557087 0.503361 0.558156 0.504624 0.559047 0.504329 0.559582 0.504960 0.560027 0.504813 0.560562 0.505444 0.561452 0.505149 0.561987 0.505780 0.562878 0.505485 0.563233 0.504559 0.564124 0.504264 0.564835 0.502411 0.565280 0.502264 0.565902 0.499633 0.565633 0.497296 0.565989 0.496370 0.565630 0.493255 0.565095 0.492623 0.564737 0.489508 0.563132 0.487614 0.562687 0.487762 0.561172 0.486646
0 0.520424 0.452769 0.520068 0.453695 0.519178 0.453990 0.518822 0.454916 0.517576 0.456137 0.516865 0.457990 0.517313 0.461884 0.516957 0.462810 0.517047 0.463589 0.517582 0.464220 0.517940 0.467336 0.518475 0.467967 0.518565 0.468746 0.519010 0.468598 0.520079 0.469861 0.520970 0.469566 0.521505 0.470197 0.521950 0.470050 0.522485 0.470681 0.523375 0.470386 0.523910 0.471018 0.524801 0.470723 0.525156 0.469796 0.526047 0.469501 0.526758 0.467649 0.527203 0.467501 0.527825 0.464870 0.527556 0.462534 0.527912 0.461607 0.527553 0.458492 0.527019 0.457861 0.526660 0.454746 0.525056 0.452852 0.524610 0.452999 0.523095 0.451884
0 0.482256 0.459763 0.482927 0.463489 0.485655 0.465946 0.489172 0.463865 0.489841 0.458297 0.487651 0.454441 0.484116 0.454083
0 0.487253 0.580745 0.487925 0.584471 0.490653 0.586929 0.494169 0.584847 0.494838 0.579279 0.492648 0.575422 0.489113 0.575065
0 0.550808 0.338034 0.551241 0.342830 0.553818 0.344726 0.556981 0.344136 0.558494 0.340580 0.558524 0.335529 0.556435 0.331792 0.553439 0.332326
0 0.460256 0.297085 0.460781 0.301646 0.462816 0.306466 0.465980 0.305876 0.467492 0.302320 0.467523 0.297269 0.465433 0.293531 0.462438 0.294065
0 0.488556 0.247616 0.489081 0.252177 0.490834 0.255479 0.493443 0.254920 0.495524 0.253024 0.495359 0.248922 0.493244 0.244529 0.490738 0.244597
0 0.492651 0.242044 0.493370 0.245291 0.494842 0.248759 0.496974 0.249758 0.499139 0.247138 0.499169 0.242088 0.497079 0.238350 0.494084 0.238884
0 0.489978 0.218605 0.490503 0.223166 0.492256 0.226468 0.494865 0.225908 0.496176 0.223381 0.496225 0.219142 0.494665 0.215517 0.492159 0.215585
0 0.495299 0.201628 0.495824 0.206189 0.497859 0.211009 0.501023 0.210419 0.502535 0.206863 0.502565 0.201812 0.500476 0.198075 0.497480 0.198609
0 0.454201 0.165465 0.454711 0.170427 0.456324 0.174430 0.459642 0.177506 0.465151 0.176287 0.467815 0.172379 0.468440 0.167493 0.467880 0.161125 0.466300 0.156910 0.463542 0.153487 0.459367 0.155274 0.456613 0.157396 0.455187 0.160834
0 0.486080 0.172285 0.486590 0.177247 0.488203 0.181250 0.491521 0.184327 0.497030 0.183107 0.499694 0.179200 0.500319 0.174314 0.499759 0.167945 0.498179 0.163730 0.495421 0.160308 0.491245 0.162094 0.488492 0.164216 0.487066 0.167654
0 0.500321 0.151574 0.500830 0.156537 0.502444 0.160540 0.505761 0.163616 0.511271 0.162397 0.513934 0.158489 0.514560 0.153602 0.514000 0.147234 0.512419 0.143019 0.509662 0.139597 0.505486 0.141383 0.502732 0.143506 0.501306 0.146944
0 0.504733 0.184005 0.506169 0.188470 0.508748 0.190841 0.511326 0.191198 0.514513 0.188832 0.515722 0.186314 0.516252 0.182911 0.516117 0.179226 0.514758 0.174936 0.512979 0.171997 0.510279 0.171580 0.507625 0.173065 0.505662 0.177547 0.504942 0.181313
0 0.525996 0.213800 0.527431 0.218265 0.530010 0.220638 0.532588 0.220994 0.535775 0.218627 0.536984 0.216110 0.537515 0.212707 0.537380 0.209022 0.536021 0.204733 0.534241 0.201793 0.531542 0.201377 0.528888 0.202861 0.526924 0.207343 0.526205 0.211110
0 0.597096 0.128583 0.598531 0.133047 0.601110 0.135420 0.603688 0.135776 0.606875 0.133409 0.608084 0.130891 0.608615 0.127489 0.608479 0.123803 0.607121 0.119515 0.605341 0.116575 0.602642 0.116159 0.599987 0.117643 0.598024 0.122124 0.597304 0.125892
0 0.692153 0.133749 0.692932 0.139364 0.696112 0.141665 0.700104 0.141685 0.702423 0.139172 0.703248 0.133666 0.702225 0.129443 0.700552 0.126241 0.698126 0.123824 0.695480 0.124834 0.693117 0.128971
0 0.759408 0.097304 0.759052 0.098231 0.757716 0.098673 0.757361 0.099599 0.756470 0.099894 0.755314 0.101894 0.755403 0.102673 0.754692 0.104526 0.754782 0.105305 0.754160 0.107936 0.754787 0.113388 0.755322 0.114019 0.756215 0.117765 0.757285 0.119028 0.757730 0.118881 0.758265 0.119512 0.759156 0.119217 0.759690 0.119848 0.762362 0.118963 0.762897 0.119595 0.763787 0.119300 0.764143 0.118374 0.766190 0.116079 0.767257 0.113300 0.767167 0.112521 0.768055 0.108184 0.767428 0.102733 0.766893 0.102101 0.766803 0.101323 0.763594 0.097535 0.763149 0.097682 0.761634 0.096567
0 0.796794 0.115179 0.796438 0.116106 0.795102 0.116548 0.794747 0.117474 0.793856 0.117769 0.792700 0.119769 0.792789 0.120548 0.792078 0.122401 0.792168 0.123180 0.791546 0.125811 0.792173 0.131263 0.792708 0.131894 0.793601 0.135640 0.794671 0.136903 0.795116 0.136756 0.795651 0.137387 0.796542 0.137092 0.797076 0.137723 0.799748 0.136838 0.800283 0.137470 0.801173 0.137175 0.801529 0.136249 0.803576 0.133954 0.804643 0.131175 0.804553 0.130396 0.805441 0.126059 0.804814 0.120608 0.804279 0.119976 0.804189 0.119198 0.800980 0.115410 0.800535 0.115557 0.799020 0.114442
0 0.771145 0.115462 0.770789 0.116388 0.770344 0.116535 0.769011 0.121019 0.769817 0.128029 0.770352 0.128660 0.770621 0.130996 0.771156 0.131628 0.771245 0.132407 0.772850 0.134301 0.773295 0.134153 0.773830 0.134784 0.775611 0.134194 0.775967 0.133268 0.779083 0.132236 0.779439 0.131310 0.779884 0.131162 0.780596 0.129309 0.780506 0.128531 0.780862 0.127604 0.780593 0.125268 0.780948 0.124342 0.780500 0.120448 0.779966 0.119816 0.779697 0.117480 0.777557 0.114955 0.777112 0.115102 0.776577 0.114471 0.774351 0.115208 0.773816 0.114577
0 0.780836 0.231220 0.782176 0.236381 0.784366 0.238741 0.787781 0.239086 0.790456 0.236993 0.791856 0.231161 0.791734 0.226103 0.790208 0.221510 0.787073 0.220267 0.783703 0.220981 0.781931 0.224251
0 0.812109 0.265717 0.811753 0.266644 0.810417 0.267086 0.810062 0.268012 0.809171 0.268307 0.808816 0.269234 0.808370 0.269381 0.806948 0.273086 0.807037 0.273865 0.806150 0.278201 0.806687 0.282874 0.807222 0.283506 0.807401 0.285063 0.808471 0.286326 0.808561 0.287105 0.809630 0.288367 0.809720 0.289146 0.810165 0.288999 0.810700 0.289630 0.814707 0.288303 0.815242 0.288934 0.816133 0.288639 0.816488 0.287713 0.817379 0.287418 0.819868 0.280934 0.819599 0.278597 0.819955 0.277671 0.819417 0.272998 0.818883 0.272367 0.818703 0.270809 0.818168 0.270178 0.818079 0.269399 0.813890 0.265127
0 0.782391 0.267752 0.783956 0.272498 0.787415 0.271889 0.790000 0.268350 0.789672 0.264164 0.787643 0.259871 0.785411 0.259806 0.782841 0.263475
0 0.764179 0.298550 0.765007 0.301182 0.766175 0.301332 0.767505 0.300220 0.767770 0.297852 0.766659 0.296206 0.765358 0.296235
0 0.768094 0.294236 0.768921 0.296868 0.770090 0.297018 0.771419 0.295906 0.771684 0.293538 0.770441 0.291733 0.769273 0.291921
0 0.769651 0.235423 0.770478 0.238055 0.771646 0.238204 0.772976 0.237093 0.773241 0.234724 0.771998 0.232920 0.770829 0.233108
0 0.709590 0.316810 0.706696 0.317768 0.706340 0.318694 0.705895 0.318842 0.705539 0.319768 0.705629 0.320547 0.705007 0.323178 0.705186 0.324736 0.704831 0.325662 0.705100 0.327999 0.705634 0.328630 0.705903 0.330966 0.706438 0.331598 0.706528 0.332376 0.707687 0.334418 0.708132 0.334270 0.708667 0.334902 0.711193 0.335256 0.714100 0.333911 0.715167 0.331132 0.715077 0.330353 0.715699 0.327722 0.715430 0.325385 0.715785 0.324459 0.715517 0.322123 0.714982 0.321491 0.714713 0.319155 0.714178 0.318524 0.714088 0.317745 0.712484 0.315851
0 0.675151 0.310267 0.672257 0.311226 0.671902 0.312152 0.671456 0.312300 0.671101 0.313226 0.671190 0.314005 0.670569 0.316636 0.670748 0.318194 0.670392 0.319120 0.670661 0.321456 0.671196 0.322088 0.671465 0.324424 0.672000 0.325055 0.672089 0.325834 0.673249 0.327876 0.673694 0.327728 0.674229 0.328360 0.676754 0.328715 0.679661 0.327369 0.680728 0.324590 0.680639 0.323811 0.681260 0.321180 0.680991 0.318843 0.681347 0.317917 0.681078 0.315581 0.680543 0.314949 0.680275 0.312613 0.679740 0.311981 0.679650 0.311203 0.678046 0.309309
0 0.656106 0.353181 0.653212 0.354139 0.652856 0.355066 0.652411 0.355213 0.652055 0.356139 0.652145 0.356918 0.651523 0.359550 0.651702 0.361107 0.651347 0.362033 0.651615 0.364370 0.652150 0.365001 0.652419 0.367338 0.652954 0.367969 0.653044 0.368748 0.654203 0.370789 0.654648 0.370642 0.655183 0.371273 0.657709 0.371627 0.660616 0.370282 0.661682 0.367503 0.661593 0.366724 0.662214 0.364093 0.661946 0.361757 0.662301 0.360830 0.662032 0.358494 0.661498 0.357863 0.661229 0.355526 0.660694 0.354895 0.660604 0.354116 0.659000 0.352222
0 0.694820 0.368532 0.695240 0.372703 0.697744 0.376182 0.702295 0.376042 0.704389 0.372825 0.705903 0.367174 0.704753 0.362404 0.702445 0.358018 0.699700 0.358191 0.697072 0.359377 0.695743 0.362971
0 0.666892 0.296198 0.667312 0.300368 0.669816 0.303849 0.672980 0.304150 0.675885 0.300665 0.676622 0.295060 0.676156 0.290485 0.674335 0.286673 0.671773 0.285857 0.669145 0.287043 0.667815 0.290636
0 0.648976 0.285062 0.649712 0.289468 0.652077 0.292784 0.655146 0.293870 0.658655 0.293023 0.660692 0.290351 0.662368 0.285592 0.662468 0.279147 0.660182 0.273386 0.657679 0.270957 0.655362 0.270148 0.652063 0.271767 0.649993 0.276236 0.649046 0.280544
0 0.663215 0.305492 0.663703 0.307643 0.665708 0.309396 0.667884 0.307415 0.668080 0.305458 0.667209 0.302067 0.665703 0.300989 0.663700 0.302388
0 0.609039 0.284600 0.610067 0.287754 0.612058 0.288456 0.615084 0.286463 0.615327 0.283041 0.614711 0.279533 0.612541 0.276663 0.609733 0.278707 0.608966 0.282509
0 0.585838 0.243491 0.585482 0.244417 0.583256 0.245154 0.582900 0.246081 0.582010 0.246375 0.580943 0.249154 0.581032 0.249933 0.580321 0.251786 0.580500 0.253343 0.580145 0.254270 0.581130 0.262836 0.582200 0.264099 0.582290 0.264878 0.582735 0.264730 0.584339 0.266624 0.586566 0.265887 0.587101 0.266518 0.590663 0.265339 0.591018 0.264412 0.592264 0.263191 0.593331 0.260412 0.593242 0.259633 0.593597 0.258707 0.593418 0.257149 0.593774 0.256223 0.593594 0.254666 0.593950 0.253739 0.593771 0.252182 0.593236 0.251550 0.592343 0.247804 0.589579 0.243868 0.589134 0.244016 0.587619 0.242901
0 0.586155 0.282768 0.583929 0.283506 0.583574 0.284432 0.582238 0.284874 0.581882 0.285801 0.581437 0.285948 0.580370 0.288727 0.580460 0.289506 0.580104 0.290432 0.580821 0.296662 0.581356 0.297294 0.581535 0.298851 0.582070 0.299483 0.582249 0.301040 0.584478 0.304344 0.587149 0.303460 0.587684 0.304091 0.590356 0.303206 0.590711 0.302280 0.591602 0.301985 0.593470 0.298132 0.593290 0.296575 0.593646 0.295648 0.593019 0.290197 0.592484 0.289565 0.592126 0.286450 0.588382 0.282031
0 0.605891 0.310606 0.606918 0.313760 0.608910 0.314462 0.611936 0.312470 0.612179 0.309048 0.611563 0.305540 0.609393 0.302669 0.606585 0.304713 0.605818 0.308516
0 0.614690 0.366053 0.615718 0.369207 0.617709 0.369909 0.620735 0.367916 0.620978 0.364494 0.620362 0.360986 0.618234 0.359240 0.615385 0.360160 0.614618 0.363962
0 0.629076 0.375364 0.630104 0.378517 0.632095 0.379219 0.635122 0.377227 0.635365 0.373805 0.634748 0.370296 0.632621 0.368551 0.629771 0.369470 0.629004 0.373273
0 0.614268 0.353618 0.615296 0.356773 0.617288 0.357474 0.620313 0.355482 0.620556 0.352060 0.619941 0.348552 0.617812 0.346806 0.614963 0.347725 0.614196 0.351528
0 0.628683 0.302826 0.629711 0.305980 0.631702 0.306681 0.634728 0.304690 0.634971 0.301268 0.634355 0.297759 0.632227 0.296013 0.629377 0.296932 0.628610 0.300736
0 0.615866 0.323981 0.617873 0.327474 0.620884 0.328675 0.624482 0.327169 0.625531 0.324832 0.626034 0.318803 0.624405 0.314004 0.623157 0.312008 0.620447 0.312383 0.618417 0.313997 0.615975 0.317738
0 0.628622 0.281906 0.629361 0.283892 0.630369 0.284897 0.631905 0.284388 0.632825 0.282968 0.632590 0.279812 0.631237 0.278587 0.629198 0.279151
0 0.639756 0.425459 0.640784 0.428613 0.642775 0.429314 0.645801 0.427322 0.646045 0.423900 0.645428 0.420392 0.643301 0.418646 0.640451 0.419565 0.639684 0.423368
0 0.696994 0.451510 0.697971 0.454265 0.700362 0.455911 0.701972 0.453967 0.702817 0.450479 0.702802 0.447790 0.701500 0.446039 0.699789 0.445195 0.697698 0.447427
0 0.712432 0.443601 0.712076 0.444528 0.711186 0.444823 0.710830 0.445749 0.710385 0.445896 0.710029 0.446823 0.710119 0.447601 0.708696 0.451307 0.708786 0.452085 0.708430 0.453012 0.709147 0.459242 0.709682 0.459873 0.709861 0.461431 0.711021 0.463472 0.711466 0.463325 0.713961 0.464924 0.714851 0.464629 0.715386 0.465260 0.715832 0.465113 0.716187 0.464187 0.717523 0.463744 0.717878 0.462818 0.718769 0.462523 0.719125 0.461597 0.719570 0.461449 0.720637 0.458670 0.720547 0.457892 0.721169 0.455260 0.720721 0.451366 0.721076 0.450440 0.720808 0.448103 0.719738 0.446841 0.719648 0.446062 0.717509 0.443537 0.717064 0.443684 0.716529 0.443053 0.715193 0.443495 0.714658 0.442864
0 0.753620 0.454083 0.753264 0.455009 0.752374 0.455304 0.752018 0.456231 0.751573 0.456378 0.751217 0.457304 0.751307 0.458083 0.749884 0.461788 0.749974 0.462567 0.749618 0.463493 0.750335 0.469724 0.750870 0.470355 0.751049 0.471913 0.752209 0.473954 0.752654 0.473807 0.755149 0.475406 0.756039 0.475111 0.756574 0.475742 0.757019 0.475595 0.757375 0.474668 0.758711 0.474226 0.759066 0.473300 0.759957 0.473005 0.760312 0.472078 0.760758 0.471931 0.761825 0.469152 0.761735 0.468373 0.762357 0.465742 0.761909 0.461848 0.762264 0.460922 0.761995 0.458585 0.760926 0.457323 0.760836 0.456544 0.758697 0.454018 0.758252 0.454166 0.757717 0.453535 0.756381 0.453977 0.755846 0.453346
0 0.761055 0.482897 0.762032 0.485653 0.764315 0.486321 0.766033 0.485354 0.766878 0.481866 0.766863 0.479177 0.765561 0.477427 0.763850 0.476583 0.761759 0.478815
0 0.820940 0.337109 0.822481 0.341140 0.825964 0.341246 0.828549 0.337706 0.828220 0.333521 0.826192 0.329229 0.823959 0.329163 0.821390 0.332832
0 0.815332 0.327004 0.816159 0.329636 0.817327 0.329786 0.818657 0.328674 0.818922 0.326306 0.817679 0.324501 0.816511 0.324689
0 0.740875 0.591539 0.738648 0.592276 0.737581 0.595055 0.737136 0.595203 0.736425 0.597055 0.736604 0.598613 0.736249 0.599539 0.736517 0.601875 0.736162 0.602802 0.736789 0.608253 0.737859 0.609516 0.737948 0.610295 0.738483 0.610926 0.738928 0.610779 0.739998 0.612041 0.740443 0.611894 0.740978 0.612525 0.743650 0.611640 0.744005 0.610714 0.746677 0.609829 0.747744 0.607050 0.747654 0.606271 0.748010 0.605345 0.747741 0.603009 0.748097 0.602083 0.747559 0.597410 0.747024 0.596778 0.746755 0.594442 0.746220 0.593811 0.746131 0.593032 0.745061 0.591769 0.744971 0.590990 0.743636 0.591433 0.743101 0.590801
0 0.832782 0.644573 0.830556 0.645311 0.829489 0.648089 0.829044 0.648237 0.828333 0.650089 0.828512 0.651647 0.828156 0.652573 0.828425 0.654910 0.828069 0.655836 0.828697 0.661288 0.829766 0.662550 0.829856 0.663329 0.830391 0.663960 0.830836 0.663813 0.831906 0.665076 0.832351 0.664928 0.832886 0.665559 0.835557 0.664675 0.835913 0.663748 0.838585 0.662863 0.839651 0.660085 0.839562 0.659306 0.839917 0.658379 0.839649 0.656043 0.840004 0.655117 0.839467 0.650444 0.838932 0.649813 0.838663 0.647476 0.838128 0.646845 0.838038 0.646066 0.836969 0.644804 0.836879 0.644025 0.835543 0.644467 0.835009 0.643836
0 0.830603 0.672946 0.828376 0.673684 0.827309 0.676462 0.826864 0.676610 0.826153 0.678463 0.826332 0.680020 0.825976 0.680946 0.826245 0.683283 0.825890 0.684209 0.826517 0.689661 0.827587 0.690923 0.827676 0.691702 0.828211 0.692333 0.828656 0.692186 0.829726 0.693449 0.830171 0.693301 0.830706 0.693932 0.833378 0.693048 0.833733 0.692121 0.836405 0.691236 0.837472 0.688458 0.837382 0.687679 0.837738 0.686753 0.837469 0.684416 0.837824 0.683490 0.837287 0.678817 0.836752 0.678186 0.836483 0.675849 0.835948 0.675218 0.835859 0.674439 0.834789 0.673177 0.834699 0.672398 0.833364 0.672840 0.832829 0.672209
0 0.868501 0.702539 0.866275 0.703276 0.865208 0.706055 0.864762 0.706202 0.864051 0.708055 0.864230 0.709613 0.863875 0.710539 0.864144 0.712875 0.863788 0.713802 0.864415 0.719253 0.865485 0.720516 0.865575 0.721295 0.866109 0.721926 0.866555 0.721778 0.867624 0.723041 0.868070 0.722894 0.868604 0.723525 0.871276 0.722640 0.871632 0.721714 0.874303 0.720829 0.875370 0.718050 0.875280 0.717271 0.875636 0.716345 0.875367 0.714009 0.875278 0.713230 0.874740 0.708557 0.874650 0.707778 0.874381 0.705442 0.873847 0.704810 0.873757 0.704032 0.872687 0.702769 0.872598 0.701990 0.871262 0.702433 0.870727 0.701801
0 0.844989 0.700771 0.844633 0.701697 0.843298 0.702140 0.842942 0.703066 0.842052 0.703361 0.840094 0.706435 0.840184 0.707213 0.839472 0.709066 0.838940 0.712476 0.839568 0.717928 0.841262 0.720601 0.841976 0.722790 0.843580 0.724684 0.844561 0.725167 0.845451 0.724872 0.845986 0.725504 0.847322 0.725061 0.847856 0.725693 0.850528 0.724808 0.850884 0.723881 0.851774 0.723587 0.853376 0.721439 0.854087 0.719586 0.854619 0.716176 0.854350 0.713840 0.854706 0.712914 0.854171 0.712282 0.853634 0.707609 0.853099 0.706978 0.852205 0.703232 0.850156 0.701485 0.849175 0.701001 0.848285 0.701296 0.846770 0.700181
0 0.851399 0.734622 0.851044 0.735548 0.849708 0.735991 0.849352 0.736917 0.848462 0.737212 0.846504 0.740286 0.846594 0.741065 0.845883 0.742917 0.845351 0.746327 0.845978 0.751779 0.847672 0.754452 0.848386 0.756641 0.849991 0.758535 0.850971 0.759018 0.851861 0.758724 0.852396 0.759355 0.853732 0.758912 0.854267 0.759544 0.856938 0.758659 0.857294 0.757733 0.858184 0.757438 0.859786 0.755290 0.860497 0.753438 0.861029 0.750027 0.860761 0.747691 0.861116 0.746765 0.860581 0.746133 0.860044 0.741461 0.859509 0.740829 0.858616 0.737083 0.856566 0.735336 0.855586 0.734852 0.854695 0.735147 0.853180 0.734032
0 0.809542 0.795456 0.809186 0.796382 0.806960 0.797120 0.806604 0.798046 0.804468 0.799562 0.804557 0.800341 0.803846 0.802194 0.803936 0.802972 0.802958 0.806530 0.803496 0.811203 0.803140 0.812129 0.803675 0.812761 0.804568 0.816507 0.806708 0.819032 0.810270 0.817853 0.810805 0.818484 0.812586 0.817894 0.812941 0.816968 0.814187 0.815746 0.814899 0.813894 0.814809 0.813115 0.815431 0.810484 0.815252 0.808926 0.815607 0.808000 0.814980 0.802548 0.813196 0.799097 0.813017 0.797539 0.812572 0.797686 0.811502 0.796424 0.810077 0.796088
0 0.878400 0.818341 0.878044 0.819267 0.876708 0.819709 0.876353 0.820636 0.875462 0.820931 0.873505 0.824004 0.873595 0.824783 0.872883 0.826636 0.872351 0.830046 0.872978 0.835498 0.874673 0.838170 0.875387 0.840359 0.876991 0.842253 0.877971 0.842737 0.878862 0.842442 0.879397 0.843073 0.880732 0.842631 0.881267 0.843262 0.883939 0.842377 0.884294 0.841451 0.885185 0.841156 0.886787 0.839009 0.887498 0.837156 0.888030 0.833746 0.887761 0.831410 0.888117 0.830483 0.887582 0.829852 0.887044 0.825179 0.886509 0.824548 0.885616 0.820801 0.883566 0.819055 0.882586 0.818571 0.881696 0.818866 0.880181 0.817751
0 0.870185 0.758107 0.869829 0.759033 0.868494 0.759475 0.868138 0.760402 0.867247 0.760697 0.865290 0.763770 0.865380 0.764549 0.864668 0.766402 0.864136 0.769812 0.864764 0.775264 0.866458 0.777936 0.867172 0.780125 0.868776 0.782019 0.869756 0.782503 0.870647 0.782208 0.871182 0.782839 0.872518 0.782397 0.873052 0.783028 0.875724 0.782143 0.876079 0.781217 0.876970 0.780922 0.878572 0.778775 0.879283 0.776922 0.879815 0.773512 0.879546 0.771176 0.879902 0.770249 0.879367 0.769618 0.878829 0.764945 0.878295 0.764314 0.877401 0.760567 0.875351 0.758821 0.874371 0.758337 0.873481 0.758632 0.871966 0.757517
0 0.834215 0.754995 0.833504 0.756848 0.833059 0.756995 0.831992 0.759774 0.832081 0.760553 0.831726 0.761479 0.831905 0.763037 0.831549 0.763963 0.831908 0.767078 0.832443 0.767710 0.832622 0.769267 0.833157 0.769898 0.833336 0.771456 0.834940 0.773350 0.835386 0.773203 0.836455 0.774465 0.837346 0.774170 0.837702 0.773244 0.839483 0.772654 0.839838 0.771728 0.841084 0.770507 0.841796 0.768654 0.841348 0.764760 0.841703 0.763834 0.841434 0.761497 0.840900 0.760866 0.840451 0.756972 0.839917 0.756341 0.839471 0.756488 0.838937 0.755857 0.838491 0.756004 0.836976 0.754889 0.835641 0.755332 0.835106 0.754700
0 0.795504 0.802333 0.796419 0.804866 0.798114 0.805504 0.799963 0.804237 0.800417 0.800052 0.798924 0.796293 0.796510 0.796983 0.795358 0.799983
0 0.790033 0.824568 0.790948 0.827101 0.792643 0.827739 0.794492 0.826472 0.794946 0.822287 0.793454 0.818528 0.791039 0.819219 0.789887 0.822217
0 0.782344 0.853537 0.783259 0.856069 0.784953 0.856707 0.786803 0.855440 0.787257 0.851255 0.785765 0.847496 0.783350 0.848187 0.782198 0.851185
0 0.766374 0.862563 0.767289 0.865095 0.768984 0.865734 0.770833 0.864467 0.771287 0.860282 0.769795 0.856523 0.767380 0.857213 0.766228 0.860213
0 0.777863 0.882075 0.778683 0.886494 0.780763 0.888312 0.783587 0.888468 0.785737 0.886556 0.786948 0.882992 0.787341 0.877736 0.786510 0.874304 0.783504 0.872027 0.780536 0.872247 0.778855 0.874439 0.777440 0.877854
0 0.792813 0.893729 0.793633 0.898147 0.795714 0.899967 0.798537 0.900122 0.800687 0.898210 0.801898 0.894646 0.802291 0.889390 0.801460 0.885958 0.798454 0.883682 0.795487 0.883901 0.793805 0.886094 0.792390 0.889507
0 0.757455 0.812835 0.758275 0.817252 0.760355 0.819072 0.763179 0.819228 0.765329 0.817316 0.766540 0.813752 0.766933 0.808496 0.766102 0.805063 0.763096 0.802787 0.760128 0.803007 0.758447 0.805199 0.757032 0.808613
0 0.693445 0.753906 0.694266 0.758325 0.696346 0.760143 0.699170 0.760299 0.701319 0.758387 0.702530 0.754823 0.702923 0.749567 0.702092 0.746135 0.699087 0.743858 0.696119 0.744078 0.694437 0.746271 0.693022 0.749685
0 0.717389 0.747934 0.718210 0.752353 0.720289 0.754172 0.723113 0.754327 0.725263 0.752415 0.726475 0.748851 0.726867 0.743596 0.726036 0.740163 0.723030 0.737886 0.720062 0.738106 0.718382 0.740299 0.716966 0.743713
0 0.710568 0.685977 0.712568 0.695744 0.718283 0.700446 0.724636 0.698495 0.728369 0.694345 0.730879 0.682624 0.731331 0.676646 0.730313 0.670849 0.726795 0.666186 0.721317 0.662785 0.715337 0.666453 0.711488 0.671869 0.710918 0.679113
0 0.678392 0.644968 0.679212 0.649385 0.681292 0.651205 0.684116 0.651361 0.686266 0.649449 0.687477 0.645885 0.687870 0.640629 0.687039 0.637196 0.684033 0.634920 0.681065 0.635140 0.679385 0.637332 0.677969 0.640746
0 0.702933 0.647933 0.702577 0.648860 0.701687 0.649155 0.701331 0.650081 0.700441 0.650376 0.700085 0.651302 0.699640 0.651450 0.698573 0.654229 0.698663 0.655007 0.698041 0.657639 0.698758 0.663869 0.699293 0.664500 0.700007 0.666689 0.701611 0.668583 0.702502 0.668288 0.703036 0.668920 0.704372 0.668477 0.704907 0.669109 0.706688 0.668519 0.707044 0.667592 0.708380 0.667150 0.708735 0.666224 0.709180 0.666076 0.709892 0.664224 0.709802 0.663445 0.710513 0.661592 0.710424 0.660813 0.710779 0.659887 0.709973 0.652878 0.709438 0.652247 0.708724 0.650058 0.707654 0.648795 0.707209 0.648943 0.706674 0.648311 0.705784 0.648606 0.705249 0.647975 0.704358 0.648270 0.703823 0.647638
0 0.793434 0.670424 0.794254 0.674843 0.796334 0.676662 0.799158 0.676817 0.801308 0.674905 0.802519 0.671341 0.802912 0.666085 0.802081 0.662653 0.799075 0.660376 0.796107 0.660596 0.794426 0.662789 0.793010 0.666203
0 0.824239 0.629919 0.825059 0.634337 0.827139 0.636156 0.829963 0.636311 0.832113 0.634399 0.833324 0.630836 0.833717 0.625580 0.832886 0.622147 0.829880 0.619871 0.826912 0.620091 0.825231 0.622284 0.823816 0.625697
0 0.663048 0.593200 0.662692 0.594127 0.661802 0.594421 0.661446 0.595348 0.660556 0.595643 0.660200 0.596569 0.659755 0.596716 0.658688 0.599495 0.658777 0.600274 0.658156 0.602906 0.658873 0.609136 0.659407 0.609767 0.660122 0.611956 0.661726 0.613850 0.662617 0.613555 0.663151 0.614186 0.664487 0.613744 0.665022 0.614375 0.666803 0.613785 0.667159 0.612859 0.668494 0.612417 0.668850 0.611491 0.669295 0.611343 0.670007 0.609490 0.669917 0.608712 0.670628 0.606859 0.670539 0.606080 0.670894 0.605154 0.670088 0.598145 0.669553 0.597513 0.668839 0.595324 0.667769 0.594062 0.667324 0.594209 0.666789 0.593578 0.665899 0.593873 0.665364 0.593242 0.664473 0.593537 0.663938 0.592905
0 0.728073 0.551329 0.727717 0.552256 0.726827 0.552551 0.726471 0.553477 0.725581 0.553772 0.725225 0.554698 0.724780 0.554846 0.723713 0.557625 0.723803 0.558403 0.723181 0.561035 0.723898 0.567265 0.724433 0.567896 0.725147 0.570085 0.726751 0.571979 0.727642 0.571684 0.728177 0.572316 0.729512 0.571873 0.730047 0.572505 0.731828 0.571915 0.732184 0.570988 0.733520 0.570546 0.733875 0.569620 0.734320 0.569472 0.735032 0.567620 0.734942 0.566841 0.735653 0.564988 0.735564 0.564210 0.735919 0.563283 0.735113 0.556274 0.734578 0.555643 0.733864 0.553454 0.732794 0.552191 0.732349 0.552339 0.731814 0.551707 0.730924 0.552002 0.730389 0.551371 0.729498 0.551666 0.728964 0.551035
0 0.682237 0.596663 0.683250 0.601806 0.686294 0.604632 0.690772 0.603916 0.692644 0.598847 0.692641 0.594247 0.691995 0.587866 0.690116 0.584501 0.686365 0.584670 0.683359 0.588273
0 0.685115 0.561618 0.686656 0.565096 0.689698 0.564855 0.691638 0.561144 0.691534 0.557191 0.690231 0.555016 0.688845 0.554401 0.686345 0.555536 0.685266 0.558347
0 0.574414 0.712017 0.574998 0.715677 0.577515 0.716983 0.579369 0.715371 0.580058 0.710718 0.578688 0.707319 0.576141 0.707877
0 0.531108 0.791443 0.530752 0.792369 0.529862 0.792664 0.529506 0.793590 0.528616 0.793885 0.528260 0.794811 0.527815 0.794959 0.527459 0.795885 0.526213 0.797106 0.525502 0.798959 0.525771 0.801295 0.525415 0.802222 0.525863 0.806116 0.526398 0.806747 0.526756 0.809862 0.527826 0.811125 0.528717 0.810830 0.530232 0.811945 0.531567 0.811503 0.532102 0.812134 0.533883 0.811544 0.534239 0.810618 0.535485 0.809397 0.536552 0.806618 0.536373 0.805060 0.536728 0.804134 0.536549 0.802576 0.536905 0.801650 0.536457 0.797756 0.535922 0.797125 0.535743 0.795567 0.533603 0.793042 0.533158 0.793189 0.532088 0.791927 0.531643 0.792074
0 0.483157 0.686226 0.482801 0.687152 0.480575 0.687889 0.480220 0.688816 0.478973 0.690037 0.478618 0.690963 0.478707 0.691742 0.477996 0.693595 0.478265 0.695931 0.477909 0.696857 0.478537 0.702309 0.479071 0.702940 0.479251 0.704498 0.480320 0.705760 0.481211 0.705466 0.481746 0.706097 0.483527 0.705507 0.484062 0.706138 0.486288 0.705401 0.486643 0.704475 0.487089 0.704327 0.488511 0.700622 0.488332 0.699064 0.488954 0.696433 0.488326 0.690981 0.487792 0.690350 0.487702 0.689571 0.485028 0.686415 0.484582 0.686562 0.484048 0.685931
0 0.496609 0.702935 0.496253 0.703861 0.494027 0.704598 0.493671 0.705525 0.492425 0.706746 0.492069 0.707672 0.492159 0.708451 0.491448 0.710304 0.491716 0.712640 0.491361 0.713566 0.491988 0.719018 0.492523 0.719649 0.492702 0.721207 0.493772 0.722469 0.494662 0.722175 0.495197 0.722806 0.496978 0.722216 0.497513 0.722847 0.499739 0.722110 0.500095 0.721184 0.500540 0.721036 0.501963 0.717331 0.501783 0.715773 0.502405 0.713142 0.501778 0.707690 0.501243 0.707059 0.501153 0.706280 0.498479 0.703124 0.498034 0.703271 0.497499 0.702640
0 0.512811 0.643267 0.512456 0.644193 0.510319 0.645709 0.508807 0.648636 0.508362 0.648783 0.507384 0.652341 0.507564 0.653898 0.507208 0.654825 0.507925 0.661055 0.508460 0.661686 0.508639 0.663244 0.509174 0.663875 0.509443 0.666212 0.510512 0.667474 0.510958 0.667327 0.511492 0.667958 0.512383 0.667663 0.512918 0.668295 0.513808 0.668000 0.514343 0.668631 0.517015 0.667746 0.517370 0.666820 0.518261 0.666525 0.518616 0.665599 0.519507 0.665304 0.519862 0.664377 0.521109 0.663156 0.521019 0.662377 0.521375 0.661451 0.521195 0.659893 0.521551 0.658967 0.521372 0.657410 0.521727 0.656483 0.521638 0.655704 0.521103 0.655073 0.520565 0.650400 0.520031 0.649769 0.519941 0.648990 0.516732 0.645202 0.516287 0.645350 0.514237 0.643603 0.513346 0.643898
0 0.506242 0.766074 0.506943 0.770281 0.509196 0.772834 0.512383 0.771525 0.514295 0.767340 0.514599 0.763052 0.513297 0.759297 0.510751 0.757348 0.508195 0.759718
0 0.530423 0.782043 0.531388 0.784133 0.534003 0.784790 0.535525 0.782256 0.535186 0.776786 0.533213 0.774141 0.531173 0.775324 0.530420 0.778872
0 0.520965 0.757575 0.521930 0.759666 0.524545 0.760322 0.526067 0.757788 0.525728 0.752318 0.523755 0.749673 0.521715 0.750856 0.520963 0.754404
0 0.514655 0.854056 0.515621 0.856147 0.518236 0.856804 0.519758 0.854269 0.519419 0.848800 0.517446 0.846155 0.515405 0.847337 0.514653 0.850885
0 0.493512 0.799991 0.493156 0.800918 0.491820 0.801360 0.491465 0.802287 0.490574 0.802581 0.489507 0.805360 0.489597 0.806139 0.488975 0.808770 0.489154 0.810328 0.488799 0.811254 0.489516 0.817485 0.492904 0.822830 0.494240 0.822388 0.494775 0.823019 0.497891 0.821987 0.498426 0.822618 0.498782 0.821692 0.500118 0.821249 0.500473 0.820323 0.501719 0.819102 0.503408 0.813692 0.502601 0.806683 0.502067 0.806051 0.500728 0.802452 0.499124 0.800558 0.498678 0.800706 0.496628 0.798959
0 0.610714 0.853400 0.611679 0.855491 0.614294 0.856147 0.615816 0.853613 0.615477 0.848142 0.613504 0.845497 0.611464 0.846681 0.610711 0.850229
0 0.514446 0.930279 0.515412 0.932369 0.518027 0.933026 0.519548 0.930491 0.519209 0.925022 0.517236 0.922377 0.515196 0.923560 0.514444 0.927108
0 0.502798 0.942940 0.503763 0.945031 0.506378 0.945688 0.507900 0.943153 0.507561 0.937683 0.505588 0.935038 0.503547 0.936221 0.502795 0.939769
0 0.493768 0.964811 0.494463 0.969525 0.495790 0.971758 0.500223 0.971760 0.501459 0.970549 0.503370 0.965906 0.503174 0.959557 0.500609 0.955194 0.497045 0.955439 0.494632 0.957708 0.494015 0.960318
0 0.485261 0.953326 0.485956 0.958041 0.487283 0.960274 0.491716 0.960276 0.492952 0.959065 0.494863 0.954423 0.494667 0.948072 0.492102 0.943710 0.488538 0.943955 0.486125 0.946225 0.485509 0.948834
0 0.422228 0.925556 0.422923 0.930270 0.424250 0.932504 0.428683 0.932506 0.429919 0.931295 0.431830 0.926652 0.431635 0.920302 0.429069 0.915939 0.425506 0.916184 0.423092 0.918454 0.422476 0.921064
0 0.353990 0.846589 0.354731 0.850514 0.357601 0.852849 0.360343 0.851562 0.361092 0.847396 0.360671 0.843113 0.359318 0.839517 0.356296 0.839002 0.354571 0.841595
0 0.311114 0.844485 0.311854 0.848410 0.314724 0.850745 0.317466 0.849457 0.318215 0.845292 0.317794 0.841008 0.316442 0.837413 0.313420 0.836897 0.311695 0.839490
0 0.242697 0.999074 0.242341 0.999074 0.241896 0.999074 0.240473 0.999074 0.240563 0.999074 0.240207 0.999074 0.240386 0.999074 0.240031 0.999074 0.240210 0.999074 0.239854 0.999074 0.240123 0.999074 0.241283 0.999074 0.241462 0.999074 0.244136 0.999074 0.244581 0.999074 0.246096 0.999074 0.249658 0.999074 0.250014 0.999074 0.251795 0.999074 0.252862 0.999074 0.252772 0.999074 0.253128 0.999074 0.252142 0.999074 0.251607 0.999074 0.251428 0.999074 0.250269 0.999074 0.249823 0.999074 0.245368 0.999074
0 0.381620 0.640856 0.382170 0.644736 0.384339 0.646932 0.387518 0.646316 0.389748 0.643247 0.389632 0.637165 0.387574 0.633766 0.384315 0.634409 0.382823 0.636651
0 0.385383 0.679385 0.385933 0.683266 0.388102 0.685462 0.391280 0.684847 0.393510 0.681776 0.393394 0.675695 0.391336 0.672296 0.388078 0.672938 0.386586 0.675181
0 0.376321 0.605006 0.376871 0.608887 0.379040 0.611083 0.382219 0.610467 0.384448 0.607397 0.384332 0.601315 0.382274 0.597917 0.379015 0.598559 0.377524 0.600802
0 0.368754 0.625145 0.367152 0.627292 0.364753 0.634555 0.365201 0.638449 0.365736 0.639080 0.366629 0.642827 0.367253 0.644237 0.369927 0.647394 0.371888 0.648361 0.375004 0.647329 0.375539 0.647960 0.377320 0.647370 0.378121 0.646297 0.379899 0.641665 0.379720 0.640108 0.380076 0.639181 0.379717 0.636066 0.379983 0.634361 0.379449 0.633730 0.379180 0.631393 0.378645 0.630762 0.378466 0.629204 0.376147 0.625121 0.374187 0.624154 0.370180 0.625481 0.369645 0.624850
0 0.342087 0.618169 0.339416 0.619054 0.337282 0.624612 0.337461 0.626169 0.337105 0.627096 0.337643 0.631768 0.338178 0.632400 0.338357 0.633957 0.338892 0.634589 0.338982 0.635368 0.340497 0.636483 0.346285 0.634566 0.346640 0.633639 0.347531 0.633344 0.348242 0.631492 0.348063 0.629934 0.348685 0.627303 0.347968 0.621072 0.344759 0.617284
0 0.395907 0.685870 0.396606 0.690316 0.399368 0.690967 0.400700 0.688391 0.400963 0.684317 0.399503 0.682238 0.397651 0.681712
0 0.421650 0.813008 0.422788 0.818417 0.425645 0.821315 0.430336 0.820331 0.432982 0.813616 0.432916 0.808798 0.430904 0.802630 0.427656 0.801998 0.424660 0.802848 0.422200 0.806937
0 0.458155 0.805839 0.459294 0.811248 0.462151 0.814145 0.466841 0.813162 0.469487 0.806448 0.469421 0.801628 0.467409 0.795461 0.464161 0.794828 0.461166 0.795678 0.458705 0.799767
0 0.432709 0.721329 0.432353 0.722255 0.431463 0.722550 0.431107 0.723476 0.430217 0.723771 0.429861 0.724697 0.428970 0.724992 0.428615 0.725919 0.426923 0.727287 0.426212 0.729140 0.426125 0.732403 0.425770 0.733329 0.426576 0.740338 0.427111 0.740970 0.427290 0.742527 0.428539 0.745347 0.428984 0.745200 0.430054 0.746463 0.432014 0.747430 0.432905 0.747135 0.434865 0.748103 0.436646 0.747513 0.437002 0.746587 0.437892 0.746292 0.441451 0.741071 0.441983 0.737660 0.441804 0.736103 0.442160 0.735177 0.441532 0.729725 0.440998 0.729094 0.440818 0.727536 0.439569 0.724716 0.433154 0.721181
0 0.474826 0.638618 0.475497 0.642345 0.478225 0.644801 0.481742 0.642720 0.482411 0.637152 0.480221 0.633295 0.476686 0.632938
0 0.468123 0.628335 0.469024 0.632014 0.472148 0.632841 0.474117 0.629325 0.473673 0.626179 0.472678 0.624647 0.469791 0.624458
0 0.484493 0.477721 0.482044 0.478532 0.481688 0.479458 0.481243 0.479606 0.480176 0.482385 0.479731 0.482532 0.479375 0.483458 0.479465 0.484237 0.478843 0.486868 0.479022 0.488426 0.478666 0.489352 0.479294 0.494804 0.483038 0.499223 0.483928 0.498928 0.484463 0.499560 0.488470 0.498232 0.488826 0.497306 0.490607 0.496716 0.491584 0.493158 0.491495 0.492380 0.492206 0.490527 0.492027 0.488969 0.492382 0.488043 0.491845 0.483370 0.490685 0.481329 0.490506 0.479771 0.488367 0.477246 0.487476 0.477541 0.486941 0.476910
0 0.433429 0.449272 0.434250 0.452061 0.436693 0.450799 0.436623 0.447203 0.434462 0.446410
0 0.451004 0.435359 0.450648 0.436286 0.448601 0.438581 0.447534 0.441360 0.447713 0.442917 0.447092 0.445549 0.447450 0.448664 0.447985 0.449295 0.448254 0.451632 0.450393 0.454157 0.450483 0.454936 0.451553 0.456198 0.451998 0.456051 0.452533 0.456682 0.453423 0.456387 0.453958 0.457018 0.454314 0.456092 0.456540 0.455355 0.456896 0.454429 0.458231 0.453986 0.458587 0.453060 0.459032 0.452912 0.460455 0.449207 0.460365 0.448428 0.460721 0.447502 0.460183 0.442829 0.459648 0.442198 0.459111 0.437525 0.456971 0.435000 0.456526 0.435147 0.455991 0.434516 0.452874 0.435548 0.452340 0.434917
0 0.486463 0.237094 0.486796 0.239436 0.488332 0.240041 0.489669 0.238929 0.490134 0.236881 0.489334 0.233802 0.487836 0.233519 0.487014 0.234682
