0 0.506771 0.414815 0.503125 0.413889 0.499479 0.410185 0.498958 0.408333 0.498437 0.402778 0.497917 0.402778 0.498437 0.400000 0.496875 0.395370 0.497917 0.393519 0.497396 0.389815 0.497917 0.385185 0.499479 0.379630 0.502604 0.375000 0.506771 0.372222 0.507292 0.373148 0.509375 0.372222 0.509896 0.373148 0.510938 0.372222 0.515104 0.375000 0.516146 0.377778 0.516146 0.379630 0.517708 0.383333 0.518229 0.389815 0.517708 0.398148 0.514583 0.407407 0.513021 0.410185 0.509896 0.412037 0.509375 0.412963
0 0.476562 0.476852 0.476042 0.475000 0.474479 0.475926 0.471354 0.475000 0.470313 0.473148 0.468229 0.468519 0.466667 0.460185 0.467708 0.458333 0.467187 0.454630 0.468750 0.446296 0.470313 0.445370 0.470833 0.442593 0.472396 0.442593 0.472917 0.440741 0.475000 0.439815 0.475521 0.440741 0.477604 0.439815 0.478125 0.439815 0.480208 0.439815 0.482292 0.443519 0.483333 0.447222 0.483854 0.448148 0.484896 0.459259 0.484375 0.463889 0.482812 0.468519 0.481250 0.470370 0.480729 0.471296 0.479688 0.472222 0.477604 0.475000
0 0.546875 0.625926 0.544792 0.625000 0.540104 0.620370 0.538542 0.608333 0.539062 0.605556 0.540104 0.601852 0.540625 0.600000 0.541667 0.597222 0.543229 0.594444 0.548437 0.590741 0.549479 0.591667 0.550000 0.591667 0.551042 0.591667 0.554688 0.598148 0.556250 0.611111 0.555729 0.612963 0.554167 0.619444 0.552604 0.622222 0.548437 0.624074 0.548437 0.625000
0 0.418229 0.447222 0.416146 0.449074 0.415625 0.447222 0.414062 0.448148 0.413021 0.448148 0.410937 0.445370 0.410417 0.443519 0.408854 0.436111 0.409896 0.434259 0.409375 0.432407 0.409375 0.431481 0.409375 0.429630 0.409896 0.426852 0.410937 0.422222 0.412500 0.419444 0.414583 0.418519 0.415104 0.416667 0.417188 0.415741 0.417708 0.416667 0.419271 0.415741 0.420312 0.415741 0.422917 0.419444 0.423958 0.421296 0.423958 0.424074 0.424479 0.425000 0.425521 0.433333 0.425000 0.436111 0.423958 0.440741 0.421354 0.445370 0.419792 0.446296 0.419271 0.447222 0.376042 0.084259
0 0.375521 0.082407 0.373958 0.084259 0.373437 0.082407 0.369792 0.082407 0.367188 0.078704 0.366667 0.076852 0.365625 0.074074 0.365104 0.065741 0.365104 0.063889 0.365104 0.060185 0.367708 0.051852 0.369792 0.050000 0.370833 0.050000 0.371354 0.048148 0.374479 0.048148 0.375000 0.046296 0.376042 0.046296 0.378646 0.046296 0.381250 0.048148 0.383854 0.055556 0.384896 0.064815 0.384375 0.069444 0.382292 0.075926 0.381771 0.075926 0.377083 0.082407 0.437500 0.863889
0 0.434375 0.864815 0.432813 0.864815 0.430208 0.862037 0.426042 0.855556 0.425000 0.851852 0.422917 0.846296 0.423958 0.844444 0.423438 0.839815 0.425521 0.830556 0.429167 0.823148 0.432292 0.822222 0.433333 0.820370 0.435417 0.819444 0.439583 0.821296 0.443229 0.826852 0.444792 0.832407 0.445833 0.840741 0.445312 0.844444 0.445312 0.849074 0.442708 0.857407 0.440104 0.862037 0.417708 0.255556
0 0.417188 0.253704 0.416146 0.253704 0.415625 0.253704 0.411458 0.253704 0.409375 0.250926 0.408333 0.248148 0.407813 0.246296 0.407292 0.237963 0.407813 0.235185 0.407813 0.230556 0.409375 0.225926 0.410937 0.224074 0.411458 0.222222 0.413021 0.222222 0.413542 0.220370 0.414583 0.219444 0.415104 0.220370 0.417188 0.219444 0.417708 0.220370 0.420312 0.219444 0.421354 0.221296 0.423438 0.226852 0.423438 0.228704 0.423958 0.228704 0.424479 0.234259 0.423958 0.235185 0.424479 0.237963 0.423438 0.244444 0.422917 0.247222 0.421875 0.248148 0.421354 0.249074 0.418229 0.252778 0.523438 0.521296
0 0.522396 0.520370 0.519792 0.517593 0.518750 0.514815 0.517708 0.512963 0.517187 0.511111 0.517187 0.504630 0.517708 0.501852 0.517708 0.498148 0.518750 0.496296 0.521354 0.488889 0.522396 0.487963 0.522917 0.486111 0.523958 0.487037 0.524479 0.484259 0.527604 0.483333 0.531250 0.484259 0.533854 0.488889 0.534375 0.493519 0.534896 0.494444 0.535417 0.503704 0.534896 0.509259 0.531250 0.514815 0.530729 0.515741 0.530208 0.516667 0.528125 0.517593 0.528125 0.518519 0.185417 0.209259
0 0.179688 0.204630 0.178646 0.203704 0.178125 0.201852 0.177083 0.198148 0.177083 0.195370 0.177604 0.193519 0.176563 0.189815 0.177083 0.188889 0.177083 0.186111 0.177083 0.183333 0.180208 0.176852 0.181250 0.175926 0.182292 0.174074 0.183333 0.173148 0.183854 0.174074 0.187500 0.172222 0.188021 0.172222 0.189063 0.172222 0.191667 0.175926 0.192708 0.178704 0.194271 0.180556 0.194792 0.182407 0.195312 0.183333 0.195833 0.191667 0.195312 0.193519 0.191667 0.203704 0.189583 0.205556 0.189063 0.206481 0.623958 0.513889
0 0.623438 0.512037 0.620313 0.514815 0.619792 0.512963 0.618750 0.513889 0.615104 0.509259 0.614062 0.507407 0.614062 0.504630 0.613542 0.504630 0.613021 0.496296 0.614062 0.487037 0.616667 0.478704 0.618750 0.477778 0.619792 0.475926 0.622917 0.474074 0.626042 0.475000 0.629167 0.478704 0.631250 0.485185 0.631771 0.486111 0.632292 0.494444 0.631771 0.500000 0.629687 0.506481 0.627083 0.511111 0.538542 0.429630
0 0.538021 0.427778 0.535937 0.429630 0.535417 0.427778 0.533854 0.429630 0.533333 0.427778 0.531771 0.427778 0.530729 0.426852 0.530208 0.422222 0.529688 0.422222 0.528646 0.412963 0.530208 0.402778 0.530729 0.403704 0.531250 0.400926 0.532812 0.400926 0.533333 0.399074 0.536458 0.397222 0.536979 0.398148 0.538021 0.398148 0.539062 0.399074 0.539583 0.399074 0.540625 0.400000 0.540625 0.400926 0.542708 0.404630 0.543750 0.412963 0.543229 0.414815 0.542708 0.419444 0.541146 0.424074 0.539062 0.426852 0.563542 0.504630
0 0.560938 0.505556 0.560417 0.505556 0.559375 0.505556 0.556250 0.503704 0.556771 0.500926 0.554688 0.500000 0.553646 0.490741 0.554167 0.489815 0.554688 0.487037 0.554688 0.484259 0.556250 0.479630 0.557292 0.478704 0.558333 0.475926 0.558854 0.476852 0.559896 0.475000 0.560938 0.474074 0.561458 0.472222 0.561979 0.473148 0.564062 0.472222 0.564583 0.473148 0.565625 0.472222 0.567708 0.473148 0.568750 0.476852 0.569271 0.479630 0.569792 0.480556 0.570833 0.490741 0.570312 0.495370 0.569792 0.498148 0.567708 0.500000 0.567187 0.500926 0.565625 0.503704 0.052083 0.306481
0 0.051562 0.306481 0.050521 0.306481 0.047396 0.305556 0.043750 0.300926 0.043750 0.299074 0.043229 0.297222 0.042708 0.287037 0.043229 0.283333 0.042708 0.281481 0.043750 0.277778 0.045833 0.275000 0.046875 0.274074 0.047396 0.272222 0.048437 0.273148 0.048958 0.270370 0.051042 0.269444 0.051562 0.270370 0.053125 0.269444 0.053646 0.270370 0.055208 0.269444 0.056250 0.269444 0.058854 0.273148 0.058854 0.275926 0.060417 0.277778 0.061458 0.287037 0.060938 0.287963 0.060938 0.291667 0.060938 0.293519 0.060417 0.295370 0.060417 0.296296 0.058854 0.300000 0.055729 0.303704 0.055208 0.304630 0.491146 0.234259
0 0.488542 0.236111 0.486458 0.235185 0.482292 0.229630 0.480729 0.223148 0.481771 0.221296 0.481250 0.218519 0.481771 0.215741 0.482292 0.210185 0.484896 0.200926 0.487500 0.199074 0.488021 0.198148 0.491667 0.196296 0.495313 0.197222 0.498437 0.200000 0.500000 0.205556 0.500521 0.212037 0.500000 0.219444 0.499479 0.224074 0.494271 0.233333 0.557292 0.216667
0 0.556771 0.214815 0.554167 0.215741 0.551042 0.213889 0.551562 0.211111 0.551042 0.211111 0.549479 0.200926 0.550521 0.200000 0.551042 0.194444 0.552604 0.187963 0.552604 0.188889 0.553125 0.187963 0.553646 0.187037 0.554688 0.185185 0.557292 0.183333 0.557813 0.184259 0.558854 0.184259 0.559375 0.184259 0.559896 0.184259 0.561458 0.186111 0.561979 0.186111 0.563021 0.188889 0.563542 0.190741 0.564062 0.191667 0.564062 0.194444 0.564583 0.195370 0.564583 0.196296 0.564583 0.197222 0.565104 0.201852 0.564583 0.202778 0.564583 0.203704 0.563021 0.209259 0.562500 0.210185 0.560417 0.213889 0.297396 0.514815
0 0.291667 0.518519 0.291146 0.516667 0.290625 0.517593 0.288542 0.516667 0.286979 0.514815 0.285937 0.512037 0.285417 0.508333 0.284896 0.508333 0.283854 0.498148 0.284896 0.491667 0.285937 0.487963 0.289062 0.481481 0.295833 0.478704 0.298438 0.479630 0.300000 0.482407 0.302083 0.487037 0.303646 0.500000 0.302083 0.503704 0.301562 0.507407 0.299479 0.512963 0.539062 0.558333
0 0.533333 0.556481 0.530729 0.554630 0.531250 0.551852 0.529167 0.547222 0.528646 0.539815 0.529688 0.531482 0.533333 0.524074 0.534375 0.524074 0.535937 0.520370 0.536979 0.520370 0.537500 0.521296 0.539583 0.520370 0.540104 0.520370 0.542188 0.520370 0.545313 0.524074 0.545313 0.525926 0.546875 0.529630 0.547917 0.538889 0.546875 0.542593 0.546875 0.546296 0.545833 0.551852 0.543750 0.553704 0.543229 0.554630 0.542188 0.555556 0.541667 0.556481 0.411458 0.073148
0 0.410417 0.072222 0.407813 0.074074 0.407292 0.072222 0.405729 0.073148 0.403646 0.070370 0.402083 0.066667 0.401563 0.062037 0.402083 0.057407 0.402083 0.054630 0.402083 0.052778 0.402604 0.050926 0.404687 0.045370 0.405208 0.045370 0.405208 0.044444 0.407813 0.044444 0.407813 0.042593 0.410937 0.042593 0.413021 0.046296 0.413542 0.044444 0.415104 0.046296 0.415104 0.048148 0.415625 0.049074 0.416146 0.051852 0.416667 0.052778 0.416667 0.054630 0.416146 0.055556 0.416667 0.058333 0.417188 0.061111 0.416146 0.061111 0.415104 0.063889 0.414583 0.063889 0.413021 0.069444 0.411458 0.070370 0.495313 0.600000
0 0.494792 0.598148 0.492708 0.599074 0.491146 0.598148 0.490104 0.599074 0.487500 0.595370 0.485938 0.594444 0.486458 0.592593 0.485938 0.590741 0.484896 0.586111 0.485417 0.583333 0.484896 0.581481 0.485417 0.578704 0.487500 0.572222 0.488542 0.570370 0.490625 0.567593 0.491667 0.567593 0.492708 0.565741 0.493229 0.565741 0.494792 0.565741 0.495313 0.565741 0.496354 0.565741 0.497396 0.565741 0.499479 0.568519 0.499479 0.571296 0.500000 0.572222 0.500521 0.573148 0.501562 0.583333 0.501042 0.584259 0.501042 0.586111 0.499479 0.594444 0.498958 0.594444 0.498437 0.595370 0.496875 0.598148 0.286458 0.086111
0 0.283333 0.085185 0.281250 0.081481 0.280729 0.079630 0.279687 0.071296 0.280208 0.066667 0.281771 0.060185 0.284375 0.055556 0.286458 0.054630 0.286979 0.055556 0.290104 0.053704 0.291146 0.054630 0.294271 0.058333 0.294271 0.060185 0.294792 0.060185 0.294271 0.063889 0.295833 0.065741 0.296354 0.071296 0.295312 0.075926 0.295312 0.076852 0.293750 0.081481 0.290104 0.083333 0.290104 0.085185 0.375000 0.140741
0 0.373958 0.139815 0.371875 0.140741 0.370313 0.140741 0.369792 0.140741 0.367708 0.140741 0.364062 0.137037 0.361979 0.131481 0.362500 0.122222 0.363021 0.115741 0.366667 0.108333 0.367188 0.107407 0.368229 0.105556 0.370313 0.104630 0.370833 0.102778 0.373437 0.101852 0.378125 0.103704 0.379167 0.105556 0.380729 0.111111 0.382292 0.120370 0.381771 0.128704 0.379167 0.135185 0.376042 0.139815 0.375000 0.640741
0 0.374479 0.640741 0.371875 0.641667 0.367708 0.637037 0.365625 0.631481 0.364583 0.623148 0.365625 0.616667 0.367708 0.608333 0.368750 0.606481 0.369792 0.606481 0.370833 0.604630 0.375000 0.600926 0.380208 0.601852 0.382292 0.604630 0.383854 0.609259 0.384375 0.612037 0.384896 0.612963 0.385417 0.617593 0.384896 0.619444 0.384896 0.626852 0.383854 0.630556 0.378646 0.638889 0.282292 0.470370
0 0.281771 0.468519 0.278125 0.469444 0.276042 0.468519 0.272917 0.466667 0.273438 0.464815 0.271875 0.461111 0.270312 0.453704 0.271354 0.451852 0.270833 0.449074 0.271354 0.447222 0.273438 0.439815 0.274479 0.438889 0.276042 0.437963 0.277083 0.436111 0.280208 0.434259 0.280729 0.435185 0.282292 0.434259 0.284375 0.435185 0.285417 0.436111 0.286979 0.439815 0.286979 0.441667 0.288021 0.444444 0.289062 0.450926 0.288542 0.451852 0.288542 0.454630 0.288021 0.458333 0.286458 0.463889 0.285417 0.464815 0.284375 0.466667 0.282813 0.467593 0.140104 0.369444
0 0.135937 0.368519 0.131771 0.362963 0.131250 0.361111 0.130729 0.361111 0.129688 0.352778 0.130729 0.350926 0.130208 0.348148 0.131771 0.339815 0.135937 0.331481 0.136458 0.331481 0.136979 0.330556 0.138021 0.328704 0.138542 0.329630 0.143229 0.326852 0.145313 0.327778 0.148958 0.332407 0.150000 0.337037 0.150521 0.337037 0.150521 0.344444 0.150000 0.351852 0.148438 0.358333 0.146354 0.362037 0.143750 0.364815 0.141667 0.367593 0.218750 0.188889
0 0.218229 0.187037 0.216146 0.187963 0.215104 0.186111 0.214583 0.186111 0.212500 0.183333 0.210938 0.180556 0.209896 0.175926 0.210938 0.174074 0.210938 0.171296 0.211458 0.167593 0.212500 0.162963 0.213542 0.161111 0.214062 0.161111 0.214583 0.159259 0.215625 0.159259 0.216146 0.157407 0.216667 0.158333 0.218750 0.157407 0.219271 0.158333 0.220313 0.157407 0.221354 0.157407 0.223958 0.160185 0.223958 0.162037 0.225000 0.164815 0.226562 0.170370 0.225000 0.174074 0.225000 0.175926 0.223438 0.181481 0.222917 0.182407 0.221875 0.183333 0.220833 0.186111 0.219271 0.187037 0.139583 0.130556
0 0.136979 0.132407 0.131771 0.130556 0.127083 0.124074 0.126042 0.118519 0.127083 0.105556 0.129688 0.098148 0.134896 0.088889 0.134896 0.089815 0.140104 0.087037 0.143750 0.087963 0.146354 0.093519 0.148438 0.099074 0.148958 0.108333 0.148438 0.109259 0.148958 0.112037 0.146875 0.119444 0.142708 0.129630 0.651563 0.775000
0 0.647917 0.776852 0.643229 0.775926 0.639063 0.771296 0.636979 0.766667 0.636979 0.758333 0.638021 0.743519 0.640625 0.735185 0.643229 0.732407 0.645312 0.731481 0.645833 0.729630 0.650000 0.727778 0.654688 0.728704 0.658333 0.733333 0.658854 0.735185 0.659896 0.737963 0.660937 0.748148 0.660417 0.758333 0.659375 0.763889 0.654167 0.774074 0.250000 0.509259
0 0.249479 0.509259 0.248958 0.510185 0.247917 0.509259 0.244271 0.504630 0.243229 0.497222 0.243229 0.494444 0.243750 0.491667 0.244792 0.485185 0.245312 0.483333 0.247917 0.478704 0.253646 0.475000 0.254167 0.475926 0.255208 0.475926 0.256250 0.475926 0.258854 0.481481 0.259896 0.491667 0.259375 0.492593 0.259896 0.494444 0.259375 0.497222 0.256771 0.503704 0.255729 0.504630 0.255729 0.505556 0.251563 0.507407 0.251042 0.509259 0.379167 0.420370
0 0.376042 0.418519 0.372917 0.412963 0.371875 0.405556 0.371875 0.404630 0.371875 0.402778 0.372396 0.400000 0.375521 0.389815 0.376563 0.388889 0.379687 0.387037 0.380208 0.387037 0.382812 0.386111 0.386458 0.388889 0.387500 0.392593 0.388021 0.396296 0.388542 0.397222 0.388021 0.398148 0.389062 0.404630 0.388021 0.406481 0.388021 0.407407 0.386979 0.411111 0.386979 0.412037 0.385417 0.415741 0.383333 0.416667 0.382812 0.417593 0.474479 0.108333
0 0.473437 0.105556 0.472396 0.106481 0.465625 0.101852 0.464583 0.098148 0.463021 0.082407 0.465104 0.073148 0.467187 0.071296 0.468229 0.069444 0.469792 0.069444 0.470313 0.066667 0.471875 0.065741 0.472396 0.066667 0.476562 0.064815 0.480729 0.068519 0.481250 0.071296 0.482292 0.073148 0.482812 0.075000 0.483854 0.075926 0.484896 0.085185 0.483854 0.087037 0.483333 0.095370 0.481771 0.099074 0.479688 0.101852 0.476042 0.105556 0.475521 0.106481 0.541146 0.746296
0 0.535417 0.743519 0.534896 0.741667 0.534375 0.740741 0.533333 0.739815 0.532292 0.731481 0.532812 0.730556 0.533333 0.727778 0.533854 0.723148 0.534896 0.719444 0.535417 0.719444 0.536979 0.715741 0.543229 0.712037 0.544271 0.712037 0.547396 0.715741 0.547396 0.717593 0.547917 0.718518 0.548437 0.721296 0.548958 0.722222 0.549479 0.728704 0.549479 0.730556 0.549479 0.732407 0.548958 0.733333 0.549479 0.735185 0.548958 0.737963 0.547917 0.740741 0.546875 0.741667 0.543750 0.743519 0.543229 0.744444 0.558854 0.335185
0 0.558333 0.332407 0.556250 0.335185 0.555729 0.333333 0.554167 0.334259 0.553125 0.333333 0.550000 0.330556 0.550000 0.327778 0.549479 0.327778 0.548437 0.322222 0.549479 0.320370 0.548958 0.317593 0.550000 0.307407 0.551042 0.305556 0.552083 0.301852 0.554167 0.299074 0.556771 0.296296 0.557292 0.297222 0.559375 0.296296 0.559896 0.297222 0.561458 0.296296 0.561458 0.297222 0.564062 0.300000 0.564062 0.301852 0.565625 0.305556 0.566667 0.314815 0.566146 0.319444 0.564583 0.325000 0.563542 0.325926 0.559375 0.333333 0.242708 0.198148
0 0.242188 0.198148 0.240625 0.198148 0.240104 0.198148 0.239063 0.199074 0.238542 0.197222 0.238021 0.198148 0.235417 0.196296 0.235938 0.193519 0.235417 0.193519 0.234375 0.187037 0.235417 0.185185 0.235938 0.179630 0.236458 0.176852 0.236979 0.176852 0.237500 0.175000 0.238021 0.175000 0.239063 0.173148 0.242188 0.170370 0.242708 0.170370 0.244271 0.170370 0.244792 0.170370 0.247396 0.171296 0.247917 0.174074 0.248437 0.175926 0.249479 0.177778 0.249479 0.180556 0.249479 0.181481 0.250000 0.185185 0.249479 0.186111 0.249479 0.187963 0.247917 0.192593 0.247396 0.192593 0.247396 0.193519 0.246354 0.194444 0.245833 0.195370 0.244271 0.196296 0.244271 0.198148 0.384896 0.377778
0 0.382292 0.378704 0.380208 0.376852 0.379687 0.375926 0.379167 0.374074 0.378646 0.370370 0.377604 0.369444 0.377604 0.368519 0.378646 0.366667 0.377604 0.365741 0.378646 0.363889 0.378646 0.361111 0.379687 0.354630 0.380208 0.354630 0.381250 0.352778 0.382292 0.352778 0.383333 0.350926 0.385417 0.349074 0.385938 0.350000 0.387500 0.350000 0.389583 0.352778 0.389583 0.353704 0.390104 0.353704 0.390625 0.358333 0.391146 0.358333 0.391146 0.361111 0.390625 0.362037 0.391146 0.364815 0.390625 0.365741 0.391146 0.366667 0.389062 0.373148 0.388542 0.373148 0.388021 0.375926 0.541667 0.366667
0 0.538542 0.368519 0.531771 0.361111 0.529688 0.348148 0.531250 0.339815 0.533333 0.334259 0.534896 0.331481 0.536979 0.330556 0.537500 0.328704 0.542188 0.326852 0.543229 0.326852 0.548437 0.334259 0.550000 0.336111 0.551042 0.343519 0.550000 0.353704 0.547396 0.360185 0.544792 0.364815 0.242708 0.686111
0 0.242188 0.686111 0.239063 0.687037 0.236979 0.686111 0.234896 0.683333 0.233333 0.678704 0.231771 0.671296 0.232812 0.669444 0.232292 0.666667 0.233333 0.660185 0.233854 0.657407 0.236979 0.651852 0.239583 0.650926 0.240104 0.649074 0.243750 0.647222 0.245312 0.649074 0.247396 0.649074 0.249479 0.651852 0.251563 0.657407 0.252083 0.662037 0.251042 0.672222 0.249479 0.679630 0.247917 0.681481 0.246354 0.684259 0.338542 0.344444
0 0.338021 0.342593 0.335938 0.343519 0.334896 0.342593 0.333333 0.342593 0.333854 0.340741 0.332292 0.338889 0.331250 0.337037 0.330208 0.329630 0.331250 0.327778 0.330729 0.323148 0.332812 0.315741 0.333333 0.315741 0.333854 0.312963 0.334896 0.312037 0.336458 0.309259 0.337500 0.309259 0.338021 0.307407 0.341146 0.306481 0.344271 0.308333 0.347396 0.312037 0.348437 0.323148 0.347917 0.325000 0.347917 0.327778 0.344792 0.337037 0.342187 0.340741 0.172396 0.474074
0 0.171875 0.474074 0.169271 0.474074 0.167708 0.473148 0.167187 0.471296 0.166146 0.469444 0.165625 0.466667 0.165104 0.465741 0.165104 0.463889 0.165625 0.462037 0.165104 0.458333 0.165625 0.457407 0.165625 0.454630 0.166667 0.448148 0.168750 0.440741 0.169792 0.438889 0.170833 0.437037 0.177083 0.436111 0.180729 0.439815 0.181250 0.443519 0.181771 0.444444 0.182292 0.446296 0.182812 0.447222 0.182812 0.453704 0.181771 0.459259 0.181771 0.462037 0.180729 0.465741 0.179167 0.467593 0.178646 0.468519 0.177604 0.469444 0.177083 0.470370 0.176563 0.471296 0.176042 0.472222 0.497396 0.860185 0.496875 0.858333 0.495833 0.860185
0 0.495313 0.858333 0.494271 0.859259 0.493229 0.858333 0.490625 0.855556 0.489583 0.851852 0.488542 0.846296 0.488542 0.845370 0.489062 0.842593 0.489583 0.841667 0.489062 0.839815 0.489583 0.837963 0.491146 0.832407 0.492188 0.831481 0.493229 0.831481 0.493750 0.828704 0.497396 0.826852 0.497917 0.827778 0.498958 0.826852 0.500000 0.828704 0.500521 0.828704 0.502083 0.830556 0.502604 0.832407 0.503125 0.834259 0.503646 0.835185 0.503646 0.837037 0.504167 0.837963 0.504167 0.839815 0.504687 0.844444 0.503646 0.849074 0.503646 0.850000 0.503125 0.850926 0.502083 0.854630 0.501042 0.855556
0 0.500521 0.856481 0.500000 0.857407 0.354167 0.105556 0.352083 0.103704 0.350521 0.103704 0.347396 0.101852 0.347917 0.100000 0.347396 0.098148 0.346875 0.089815 0.347396 0.086111 0.347917 0.084259 0.350000 0.077778 0.350521 0.078704 0.351562 0.076852 0.355729 0.074074 0.356250 0.075000 0.358333 0.073148 0.359896 0.074074 0.361458 0.075926 0.361458 0.076852 0.362500 0.078704 0.364062 0.081481 0.364583 0.088889 0.363542 0.090741 0.363542 0.093519 0.361979 0.098148 0.360417 0.100926 0.358333 0.102778 0.357812 0.103704 0.316667 0.035185 0.316146 0.033333 0.315104 0.033333 0.315104 0.034259 0.313542 0.034259 0.314063 0.032407 0.311979 0.031481 0.311979 0.030556 0.311458 0.028704
0 0.310417 0.022222 0.311458 0.020370 0.310937 0.018519 0.311979 0.016667 0.311458 0.015741 0.313021 0.011111 0.313542 0.010185 0.324479 0.010185 0.324479 0.012963 0.324479 0.013889 0.325000 0.016667 0.325000 0.017593 0.325000 0.022222 0.323958 0.025926 0.323958 0.026852 0.321875 0.029630 0.320312 0.030556 0.319792 0.032407 0.066146 0.684259 0.065104 0.683333 0.064062 0.684259 0.063542 0.682407 0.061458 0.683333 0.058854 0.679630 0.057813 0.677778 0.056771 0.664815 0.057813 0.658333
0 0.058333 0.654630 0.059375 0.653704 0.060417 0.650926 0.061458 0.650926 0.063021 0.647222 0.065625 0.646296 0.066146 0.647222 0.069271 0.646296 0.072917 0.649074 0.072917 0.650926 0.073958 0.654630 0.075000 0.662963 0.075000 0.664815 0.075000 0.667593 0.073958 0.673148 0.073437 0.673148 0.072917 0.675926 0.072396 0.676852 0.069271 0.681481 0.568750 0.271296 0.568229 0.269444 0.567187 0.271296 0.566667 0.269444 0.565104 0.270370 0.562500 0.266667 0.561979 0.264815 0.560938 0.263889 0.560938 0.260185 0.561979 0.256481 0.561458 0.253704 0.561458 0.251852 0.561979 0.250000 0.562500 0.248148 0.563021 0.246296 0.564583 0.243519 0.565104 0.243519 0.566146 0.241667 0.569271 0.239815
0 0.569792 0.240741 0.570312 0.240741 0.572917 0.243519 0.573438 0.243519 0.574479 0.244444 0.574479 0.245370 0.575000 0.246296 0.576042 0.254630 0.575521 0.256481 0.576042 0.259259 0.572917 0.267593 0.571875 0.267593 0.571354 0.268519 0.334375 0.400926 0.333854 0.399074 0.332812 0.400000 0.328125 0.394444 0.327604 0.392593 0.327083 0.390741 0.326042 0.381481 0.326562 0.377778 0.326562 0.374074 0.329167 0.365741 0.329688 0.365741 0.330208 0.363889 0.335938 0.361111 0.336458 0.362037 0.338021 0.361111
0 0.339063 0.361111 0.341146 0.365741 0.342187 0.368519 0.343229 0.371296 0.344271 0.379630 0.343750 0.380556 0.344271 0.382407 0.343750 0.383333 0.343750 0.387963 0.342708 0.391667 0.340625 0.394444 0.339583 0.395370 0.339063 0.396296 0.337500 0.397222 0.337500 0.398148 0.190625 0.567593 0.190104 0.565741 0.188021 0.568519 0.187500 0.566667 0.184896 0.566667 0.180208 0.562037 0.178646 0.556481 0.177604 0.550926 0.179167 0.537963 0.181250 0.532407 0.183333 0.529630 0.184375 0.529630 0.185417 0.527778 0.188021 0.525926 0.188542 0.525926 0.191667 0.525000 0.195833 0.530556
0 0.197396 0.535185 0.198437 0.545370 0.197917 0.547222 0.197917 0.551852 0.195312 0.559259 0.192188 0.564815 0.191146 0.565741 0.572917 0.766667 0.572396 0.763889 0.567708 0.766667 0.566146 0.764815 0.565104 0.763889 0.565625 0.761111 0.564583 0.760185 0.564583 0.758333 0.564062 0.756481 0.563542 0.750926 0.564583 0.741667 0.564583 0.739815 0.565104 0.737963 0.566146 0.737963 0.567187 0.735185 0.569271 0.735185 0.569792 0.733333 0.570833 0.732407 0.577083 0.734259 0.577083 0.737037 0.578646 0.739815 0.579167 0.745370 0.578646 0.746296
0 0.579167 0.749074 0.578646 0.750000 0.578646 0.751852 0.577083 0.758333 0.573438 0.764815 0.484375 0.514815 0.483854 0.514815 0.482292 0.515741 0.480208 0.514815 0.477604 0.512037 0.476562 0.509259 0.476042 0.507407 0.475521 0.501852 0.475521 0.500926 0.476042 0.495370 0.477083 0.488889 0.478646 0.486111 0.479688 0.486111 0.480729 0.484259 0.481771 0.484259 0.482292 0.482407 0.484896 0.480556 0.489583 0.483333 0.490625 0.485185
0 0.490625 0.487037 0.492188 0.489815 0.492188 0.497222 0.492708 0.497222 0.492188 0.504630 0.488542 0.512963 0.573958 0.387037 0.570833 0.388889 0.566667 0.385185 0.566667 0.383333 0.566146 0.381481 0.565104 0.375000 0.565625 0.373148 0.564583 0.371296 0.565625 0.369444 0.565625 0.363889 0.567708 0.355556 0.568750 0.355556 0.569271 0.353704 0.570833 0.353704 0.571875 0.351852 0.573958 0.350000 0.574479 0.350926 0.576563 0.350926 0.580729 0.354630 0.581250 0.356481 0.581771 0.360185 0.582292 0.361111
0 0.582812 0.369444 0.581771 0.376852 0.576563 0.386111 0.309375 0.453704 0.308854 0.453704 0.307292 0.453704 0.306771 0.453704 0.304688 0.453704 0.302604 0.452778 0.303125 0.448148 0.302604 0.448148 0.301562 0.444444 0.302604 0.442593 0.301562 0.440741 0.302604 0.438889 0.302083 0.436111 0.303125 0.435185 0.302604 0.433333 0.304167 0.427778 0.305729 0.425000 0.306771 0.425000 0.307292 0.423148 0.308854 0.423148 0.309896 0.423148 0.310937 0.422222
0 0.311458 0.423148 0.312500 0.422222 0.313542 0.423148 0.314583 0.424074 0.316667 0.429630 0.317708 0.437037 0.317187 0.437963 0.317187 0.443519 0.316146 0.448148 0.315104 0.449074 0.315104 0.450000 0.313021 0.450926 0.312500 0.451852 0.496875 0.272222 0.494792 0.271296 0.492188 0.268519 0.492188 0.265741 0.490625 0.262963 0.491146 0.260185 0.490625 0.256481 0.491146 0.254630 0.491667 0.251852 0.491146 0.250000 0.492188 0.248148 0.492708 0.247222
0 0.493229 0.245370 0.494792 0.241667 0.500521 0.238889 0.501562 0.238889 0.504167 0.241667 0.504687 0.243519 0.504687 0.246296 0.505208 0.247222 0.505729 0.251852 0.505729 0.253704 0.505729 0.255556 0.505729 0.257407 0.503646 0.262963 0.503646 0.263889 0.502083 0.266667 0.500000 0.268519 0.499479 0.271296 0.150000 0.406481 0.145313 0.405556 0.143750 0.402778 0.142188 0.400926 0.141146 0.391667 0.142188 0.385185 0.144271 0.377778 0.146875 0.373148 0.148438 0.372222 0.148958 0.373148 0.153125 0.371296 0.154167 0.371296 0.157292 0.375926 0.158333 0.379630 0.158333 0.380556
0 0.159375 0.389815 0.158854 0.392593 0.158333 0.397222 0.157813 0.397222 0.155729 0.401852 0.153125 0.403704 0.152604 0.405556 0.662500 0.236111 0.661979 0.234259 0.657812 0.236111 0.655208 0.234259 0.653125 0.231481 0.652083 0.228704 0.650521 0.225000 0.649479 0.221296 0.650000 0.218519 0.650521 0.214815 0.651563 0.207407 0.653646 0.201852 0.656771 0.200926 0.657292 0.198148 0.660417 0.197222 0.660937 0.197222 0.662500 0.197222 0.664583 0.197222 0.668750 0.203704 0.670313 0.211111 0.669792 0.212037 0.670313 0.215741 0.669271 0.224074 0.668229 0.227778 0.663542 0.234259
0 0.357812 0.296296 0.355729 0.299074 0.355208 0.297222 0.353646 0.297222 0.352604 0.296296 0.352083 0.294444 0.350521 0.290741 0.350000 0.288889 0.350521 0.287037 0.349479 0.284259 0.350521 0.282407 0.350521 0.278704 0.350521 0.277778 0.351042 0.275000 0.351562 0.275000 0.352604 0.272222 0.359375 0.268519 0.359896 0.269444 0.360417 0.269444 0.362500 0.272222 0.363021 0.273148 0.364062 0.275926 0.365104 0.283333 0.364062 0.284259 0.364583 0.287037 0.363021 0.291667 0.362500 0.291667 0.361979 0.293519 0.360417 0.294444 0.360417 0.295370 0.543750 0.797222 0.543229 0.795370 0.541146 0.797222 0.538021 0.795370 0.535937 0.793519
0 0.535417 0.793519 0.532812 0.787963 0.531771 0.781482 0.532812 0.779630 0.532812 0.774074 0.533333 0.771296 0.534896 0.764815 0.536979 0.762037 0.538542 0.761111 0.539583 0.759259 0.543229 0.757407 0.545833 0.758333 0.549479 0.762037 0.550521 0.765741 0.551042 0.768519 0.551562 0.769444 0.552604 0.777778 0.552083 0.779630 0.552083 0.784259 0.546875 0.794444 0.304167 0.765741 0.300521 0.767593 0.297917 0.766667 0.296354 0.764815 0.293750 0.762037 0.293229 0.759259 0.292188 0.756481 0.291667 0.752778 0.290625 0.751852
0 0.290625 0.742593 0.291667 0.737037 0.293229 0.731481 0.297396 0.725926 0.304167 0.724074 0.307813 0.725926 0.311979 0.732407 0.313021 0.738889 0.312500 0.739815 0.313021 0.744444 0.312500 0.748148 0.312500 0.752778 0.308333 0.762037 0.307292 0.763889 0.076042 0.508333 0.075521 0.506481 0.074479 0.508333 0.073958 0.506481 0.071875 0.507407 0.069792 0.502778 0.069271 0.501852 0.068750 0.500000
0 0.067708 0.497222 0.068750 0.495370 0.068229 0.491667 0.068750 0.489815 0.069792 0.483333 0.070312 0.481481 0.070833 0.481481 0.071354 0.478704 0.071875 0.479630 0.073437 0.475926 0.076563 0.474074 0.077083 0.475000 0.079167 0.474074 0.081771 0.475926 0.081771 0.476852 0.082813 0.478704 0.083854 0.483333 0.084375 0.489815 0.083854 0.495370 0.082813 0.499074 0.081771 0.500000 0.078125 0.505556 0.486979 0.009259 0.485938 0.008333 0.482812 0.010185
0 0.482812 0.009259 0.481250 0.009259 0.481250 0.008333 0.488021 0.008333 0.332292 0.189815 0.331771 0.187037 0.329688 0.187963 0.329167 0.187963 0.327604 0.187963 0.326562 0.187963 0.324479 0.185185 0.322396 0.180556 0.321354 0.177778 0.322396 0.175926 0.321875 0.172222 0.322396 0.170370 0.322396 0.165741 0.323958 0.161111 0.326562 0.156481 0.327083 0.156481 0.328125 0.154630 0.330729 0.152778 0.331250 0.153704 0.332292 0.152778 0.333333 0.154630 0.335417 0.155556 0.337500 0.157407 0.338542 0.161111 0.339063 0.170370 0.338542 0.176852
0 0.337500 0.179630 0.332812 0.187963 0.382292 0.787037 0.381250 0.786111 0.380729 0.786111 0.378646 0.785185 0.374479 0.782407 0.375000 0.780556 0.374479 0.778704 0.373958 0.776852 0.372917 0.775926 0.373958 0.774074 0.373437 0.769444 0.373958 0.766667 0.376563 0.759259 0.377083 0.759259 0.378125 0.757407 0.381250 0.755556 0.381771 0.756481 0.384896 0.754630 0.385938 0.755556 0.386458 0.757407 0.388021 0.759259 0.388542 0.762037 0.389062 0.762963
0 0.389583 0.767593 0.389062 0.768519 0.389062 0.774074 0.388021 0.780556 0.386979 0.782407 0.385938 0.783333 0.385417 0.784259 0.383333 0.785185 0.383333 0.786111 0.444792 0.462963 0.444271 0.462963 0.441667 0.463889 0.441146 0.463889 0.439583 0.463889 0.437500 0.462963 0.434375 0.457407 0.433854 0.454630 0.433333 0.452778 0.432292 0.449074 0.433333 0.447222 0.432813 0.444444 0.435937 0.434259 0.438021 0.434259
0 0.438542 0.431481 0.442187 0.429630 0.444271 0.430556 0.448438 0.436111 0.448438 0.437963 0.450000 0.440741 0.450521 0.446296 0.450000 0.447222 0.450521 0.450926 0.448958 0.457407 0.447917 0.459259 0.446875 0.460185 0.445312 0.462963 0.335938 0.757407 0.335417 0.755556 0.334896 0.757407 0.333854 0.756481 0.332292 0.755556 0.329167 0.751852 0.328125 0.749074 0.327604 0.747222 0.326562 0.742593 0.326562 0.741667 0.327083 0.738889 0.327604 0.734259 0.329688 0.728704 0.330729 0.726852 0.331771 0.725000 0.335938 0.723148 0.336458 0.723148
0 0.338021 0.722222 0.338542 0.723148 0.339583 0.723148 0.339583 0.724074 0.341146 0.725926 0.342187 0.729630 0.342708 0.730556 0.342708 0.732407 0.343750 0.733333 0.344271 0.737963 0.343750 0.738889 0.343750 0.741667 0.342187 0.749074 0.342187 0.750000 0.340625 0.751852 0.340104 0.753704 0.338542 0.754630 0.338021 0.755556 0.264062 0.227778 0.263542 0.225926 0.261458 0.226852 0.260938 0.226852 0.258854 0.226852 0.255729 0.223148 0.254687 0.218519 0.254687 0.217593 0.253646 0.216667 0.254167 0.214815 0.253646 0.208333 0.254167 0.204630
0 0.255208 0.200926 0.256771 0.199074 0.257292 0.197222 0.258333 0.197222 0.259375 0.195370 0.262500 0.193519 0.265625 0.195370 0.267708 0.197222 0.267708 0.198148 0.269271 0.199074 0.270312 0.202778 0.270833 0.210185 0.270833 0.211111 0.270833 0.212963 0.270312 0.217593 0.266667 0.224074 0.265625 0.225000 0.265104 0.225926 0.733854 0.461111 0.728646 0.463889 0.723958 0.463889 0.720833 0.460185 0.718750 0.454630 0.717708 0.445370 0.718229 0.430556 0.719792 0.425926 0.725521 0.417593 0.731771 0.413889 0.737500 0.417593 0.739583 0.420370 0.740104 0.423148 0.741667 0.433333 0.741667 0.434259 0.741667 0.438889 0.741667 0.446296
0 0.739583 0.454630 0.736979 0.460185 0.756250 0.675000 0.755729 0.673148 0.752083 0.674074 0.749479 0.669444 0.748438 0.668519 0.748438 0.663889 0.747396 0.662963 0.747917 0.661111 0.747396 0.656482 0.747917 0.653704 0.748438 0.648148 0.749479 0.644444 0.750521 0.643519 0.751562 0.641667 0.752604 0.641667 0.753646 0.639815 0.754687 0.638889 0.755208 0.639815 0.756250 0.638889 0.756771 0.639815 0.757812 0.638889 0.759896 0.639815 0.760938 0.641667 0.762500 0.646296 0.763021 0.650000 0.763542 0.650000
0 0.764063 0.654630 0.763542 0.655556 0.764063 0.658333 0.763542 0.662963 0.760417 0.669444 0.758854 0.671296 0.758333 0.673148 0.429688 0.084259 0.427604 0.083333 0.427083 0.084259 0.423438 0.082407 0.423958 0.080556 0.423438 0.079630 0.422917 0.075000 0.423438 0.072222 0.423438 0.069444 0.425000 0.065741 0.424479 0.063889 0.425521 0.061111 0.425521 0.060185 0.428125 0.056481 0.428646 0.057407 0.430729 0.055556 0.431250 0.056481 0.433333 0.055556 0.434896 0.057407 0.434896 0.058333 0.436979 0.062037 0.437500 0.066667 0.438021 0.067593 0.438021 0.068519 0.437500 0.069444
0 0.438021 0.071296 0.437500 0.073148 0.437500 0.075926 0.436979 0.075926 0.435937 0.078704 0.434896 0.079630 0.434375 0.079630 0.433333 0.080556 0.433333 0.081481 0.431771 0.082407 0.431250 0.083333 0.360417 0.227778 0.356771 0.225926 0.353125 0.221296 0.352083 0.220370 0.351562 0.210185 0.352604 0.202778 0.353125 0.202778 0.355208 0.196296 0.355729 0.196296 0.356771 0.194444 0.360417 0.192593 0.360938 0.192593 0.362500 0.191667 0.364583 0.192593 0.367188 0.196296 0.367188 0.198148 0.369792 0.202778
0 0.370313 0.207407 0.370833 0.207407 0.369792 0.215741 0.367188 0.221296 0.366667 0.221296 0.366146 0.224074 0.363021 0.225926 0.362500 0.226852 0.499479 0.352778 0.494792 0.346296 0.493750 0.338889 0.494271 0.337037 0.494271 0.332407 0.494271 0.329630 0.496354 0.324074 0.496875 0.322222 0.503646 0.318519 0.505729 0.320370 0.505729 0.321296 0.507812 0.325000 0.507812 0.328704 0.508854 0.329630 0.509375 0.337963 0.506250 0.349074 0.504167 0.350000 0.504167 0.350926 0.501562 0.352778 0.501042 0.353704 0.451042 0.353704 0.450521 0.351852 0.449479 0.353704 0.448958 0.351852 0.447396 0.351852 0.445312 0.350000 0.445833 0.348148
0 0.445312 0.346296 0.443750 0.338889 0.444792 0.337037 0.444271 0.335185 0.445833 0.330556 0.446354 0.330556 0.447396 0.328704 0.447917 0.327778 0.448958 0.325926 0.450521 0.325000 0.451042 0.325926 0.453125 0.325000 0.453646 0.325000 0.454688 0.325000 0.456250 0.326852 0.456771 0.327778 0.457812 0.330556 0.458333 0.334259 0.457812 0.335185 0.458333 0.338889 0.457812 0.339815 0.457812 0.340741 0.456771 0.344444 0.456250 0.344444 0.455729 0.347222 0.455208 0.347222 0.454688 0.349074 0.453646 0.349074 0.452604 0.351852 0.263542 0.987037
0 0.264583 0.985185 0.266667 0.984259 0.267708 0.983333 0.270312 0.983333 0.271875 0.984259 0.272396 0.985185 0.273438 0.985185 0.273958 0.986111 0.656771 0.070370 0.656250 0.068519 0.653646 0.069444 0.650521 0.067593 0.649479 0.066667 0.646875 0.061111 0.645833 0.053704 0.646354 0.051852 0.646875 0.047222 0.647396 0.043519 0.647396 0.042593
0 0.648438 0.038889 0.652083 0.033333 0.658333 0.031481 0.659896 0.033333 0.663021 0.039815 0.663542 0.042593 0.664062 0.043519 0.664583 0.051852 0.663542 0.056481 0.663021 0.058333 0.661979 0.062037 0.660417 0.065741 0.657292 0.068519 0.448958 0.106481 0.448438 0.106481 0.446354 0.107407 0.445312 0.107407 0.442187 0.103704 0.441146 0.100926 0.440104 0.094444 0.440625 0.092593 0.440625 0.087037 0.441146 0.080556 0.443229 0.077778 0.443750 0.077778 0.444271 0.075926 0.445312 0.076852 0.445833 0.074074 0.448958 0.073148 0.449479 0.073148 0.450521 0.073148 0.452604 0.074074 0.454688 0.077778
0 0.455208 0.077778 0.456771 0.078704 0.457292 0.084259 0.457812 0.084259 0.457812 0.087037 0.457292 0.087963 0.456771 0.092593 0.455729 0.097222 0.455208 0.098148 0.453646 0.102778 0.452083 0.104630 0.451562 0.105556 0.529167 0.923148 0.528125 0.923148 0.523958 0.918519 0.522396 0.917593 0.522917 0.915741 0.522396 0.913889 0.521875 0.910185 0.522396 0.908333 0.521875 0.906482 0.522396 0.904630 0.524479 0.898148 0.526042 0.895370 0.532812 0.891667 0.533854 0.891667 0.535937 0.894444 0.536458 0.896296 0.536979 0.898148 0.537500 0.899074 0.538021 0.904630 0.538021 0.906482 0.538021 0.908333 0.537500 0.910185 0.536979 0.914815 0.536458 0.915741
0 0.535417 0.919444 0.534375 0.919444 0.533854 0.920370 0.531771 0.922222 0.531250 0.923148 0.571875 0.814815 0.571354 0.812963 0.569271 0.815741 0.568750 0.813889 0.567187 0.814815 0.566146 0.813889 0.561458 0.807407 0.560417 0.802778 0.559896 0.800926 0.559896 0.794444 0.561458 0.787963 0.562500 0.784259 0.564062 0.781482 0.569792 0.776852 0.570312 0.777778 0.574479 0.777778 0.576042 0.779630 0.578125 0.784259 0.578646 0.787963 0.579167 0.787963
0 0.580208 0.797222 0.579167 0.801852 0.577604 0.806481 0.576042 0.809259 0.573438 0.812963 0.572917 0.813889 0.283854 0.331481 0.280729 0.333333 0.279687 0.332407 0.273958 0.327778 0.273438 0.325000 0.271875 0.317593 0.272917 0.315741 0.272917 0.311111 0.274479 0.306481 0.277604 0.300926 0.280208 0.299074 0.280729 0.300000 0.283854 0.298148 0.284896 0.298148 0.288542 0.302778 0.288542 0.304630 0.290104 0.308333 0.290625 0.315741 0.290104 0.318519 0.289583 0.323148 0.286979 0.329630
0 0.754687 0.540741 0.754167 0.538889 0.753125 0.539815 0.750000 0.537963 0.748438 0.536111 0.747917 0.534259 0.747396 0.531482 0.746875 0.529630 0.745833 0.525000 0.746875 0.523148 0.746354 0.519444 0.746875 0.515741 0.747917 0.512037 0.748958 0.510185 0.750000 0.510185 0.750521 0.508333 0.754167 0.505556 0.755208 0.506481 0.756250 0.505556 0.758333 0.506481 0.761458 0.512037
0 0.761979 0.518519 0.762500 0.518519 0.762500 0.520370 0.762500 0.523148 0.762500 0.524074 0.762500 0.525926 0.761979 0.528704 0.760938 0.532407 0.758333 0.537037 0.757292 0.537037 0.756771 0.538889 0.620313 0.022222 0.619792 0.020370 0.618750 0.021296 0.615104 0.016667 0.615104 0.015741 0.614583 0.013889 0.614062 0.010185 0.627604 0.009259 0.627083 0.009259 0.627083 0.012037 0.626042 0.015741 0.625521 0.016667 0.624479 0.018519 0.623438 0.018519 0.622917 0.019444 0.186979 0.498148 0.186458 0.497222 0.184375 0.496296 0.182292 0.496296 0.182812 0.494444 0.180729 0.490741 0.179688 0.483333 0.180208 0.481481 0.179688 0.479630 0.179688 0.477778
0 0.180208 0.475000 0.181250 0.471296 0.181771 0.471296 0.182812 0.468519 0.183854 0.468519 0.184896 0.466667 0.186979 0.465741 0.187500 0.465741 0.188021 0.465741 0.188021 0.467593 0.189063 0.465741 0.192188 0.469444 0.192188 0.471296 0.192708 0.472222 0.192708 0.474074 0.193750 0.475000 0.194271 0.482407 0.193750 0.484259 0.194271 0.486111 0.193750 0.487037 0.193750 0.487963 0.193229 0.490741 0.192708 0.490741 0.191667 0.493519 0.190625 0.494444 0.190104 0.495370 0.673958 0.772222 0.670833 0.773148 0.669792 0.772222 0.667708 0.771296
0 0.665104 0.765741 0.664583 0.758333 0.665625 0.753704 0.665104 0.750926 0.666146 0.746296 0.666667 0.746296 0.668229 0.742593 0.675000 0.738889 0.678646 0.743519 0.679167 0.745370 0.680729 0.748148 0.680729 0.750926 0.680729 0.751852 0.681250 0.755556 0.680208 0.758333 0.679167 0.764815 0.677083 0.770370 0.297396 0.148148 0.296875 0.148148 0.295833 0.149074 0.295312 0.147222 0.294792 0.148148 0.293229 0.147222 0.293750 0.145370
0 0.292188 0.143519 0.292188 0.138889 0.293229 0.136111 0.292708 0.134259 0.294271 0.128704 0.294792 0.127778 0.295833 0.125926 0.298958 0.124074 0.299479 0.125000 0.300521 0.124074 0.301042 0.125000 0.301042 0.125926 0.302604 0.126852 0.303125 0.127778 0.303646 0.128704 0.304167 0.135185 0.304167 0.137037 0.304167 0.138889 0.303125 0.142593 0.302604 0.142593 0.301562 0.145370 0.300521 0.145370 0.300000 0.147222 0.574479 0.136111 0.571354 0.135185 0.570312 0.134259 0.568229 0.134259 0.566146 0.132407 0.561979 0.124074 0.561458 0.112963 0.561979 0.110185 0.561979 0.106481
0 0.564583 0.100000 0.566667 0.096296 0.568750 0.095370 0.569271 0.093519 0.570833 0.093519 0.575521 0.094444 0.576042 0.094444 0.581250 0.101852 0.582292 0.103704 0.582292 0.106481 0.583333 0.107407 0.583854 0.115741 0.583854 0.122222 0.580208 0.131481 0.576042 0.133333 0.575521 0.135185 0.346875 0.266667 0.345833 0.265741 0.345313 0.265741 0.341146 0.259259 0.339063 0.254630 0.338021 0.245370 0.339063 0.242593 0.339063 0.239815 0.340625 0.235185 0.342708 0.230556 0.348437 0.226852 0.350521 0.227778 0.352604 0.230556
0 0.354688 0.236111 0.355729 0.237963 0.356250 0.243519 0.355208 0.252778 0.352604 0.260185 0.351562 0.262037 0.346875 0.263889 0.485938 0.909259 0.485417 0.907407 0.484375 0.908333 0.483333 0.907407 0.482812 0.907407 0.482292 0.907407 0.481771 0.907407 0.479167 0.906482 0.479688 0.905556 0.479167 0.903704 0.477604 0.896296 0.478646 0.894444 0.478125 0.891667 0.478125 0.890741 0.478125 0.888889 0.478125 0.887963 0.478646 0.886111 0.479167 0.886111 0.479688 0.884259
0 0.480208 0.883333 0.481250 0.881481 0.483854 0.880556 0.484896 0.880556 0.485417 0.880556 0.485938 0.881481 0.486979 0.880556 0.486979 0.882407 0.488021 0.880556 0.488021 0.882407 0.489583 0.883333 0.489583 0.884259 0.490104 0.885185 0.491146 0.894444 0.490625 0.896296 0.490625 0.897222 0.489583 0.901852 0.489062 0.901852 0.488021 0.904630 0.487500 0.906482 0.486458 0.906482
0 0.602604 0.461111 0.602083 0.458333 0.596875 0.460185 0.595312 0.459259 0.593229 0.457407 0.589583 0.451852 0.589063 0.449074 0.588542 0.447222 0.588021 0.437037 0.590104 0.423148 0.592188 0.417593 0.594271 0.416667 0.596875 0.412963 0.598958 0.412037 0.602083 0.412963 0.604688 0.415741 0.608854 0.428704 0.609896 0.439815 0.608854 0.450000 0.608333 0.451852 0.603125 0.459259 0.240104 0.092593 0.239583 0.090741 0.238542 0.092593 0.238542 0.090741 0.236458 0.089815 0.235938 0.087963 0.235417 0.087963 0.234896 0.085185 0.233854 0.086111 0.234375 0.083333 0.234896 0.081481
0 0.234375 0.076852 0.234896 0.074074 0.234896 0.072222 0.235938 0.071296 0.236458 0.069444 0.237500 0.067593 0.239583 0.065741 0.240104 0.066667 0.243750 0.063889 0.245312 0.066667 0.245312 0.067593 0.246875 0.068519 0.247396 0.073148 0.247917 0.073148 0.247917 0.077778 0.247396 0.077778 0.247396 0.079630 0.246875 0.080556 0.246875 0.084259 0.245833 0.087037 0.243750 0.087963 0.243229 0.088889 0.240625 0.090741 0.326042 0.819444 0.321354 0.818519 0.317187 0.813889 0.317708 0.812037 0.317187 0.810185 0.316667 0.808333 0.315625 0.807407
0 0.316667 0.805556 0.316146 0.799074 0.317187 0.792593 0.318750 0.788889 0.320312 0.787963 0.321354 0.786111 0.323958 0.784259 0.324479 0.785185 0.327604 0.783333 0.329688 0.784259 0.333333 0.789815 0.334375 0.799074 0.333854 0.800926 0.334375 0.803704 0.333333 0.809259 0.331250 0.814815 0.330208 0.814815 0.329688 0.816667 0.327604 0.817593 0.327083 0.819444 0.632292 0.336111 0.631771 0.334259 0.630208 0.334259 0.627604 0.331481 0.627083 0.330556 0.626562 0.328704 0.625521 0.320370 0.625521 0.319444 0.625521 0.317593 0.626562 0.315741 0.626562 0.310185 0.627604 0.307407 0.627604 0.308333 0.628125 0.305556 0.632812 0.303704 0.633333 0.303704
0 0.634896 0.303704 0.636979 0.305556 0.637500 0.306481 0.639583 0.309259 0.639583 0.310185 0.640104 0.311111 0.640625 0.314815 0.641146 0.315741 0.641146 0.316667 0.640625 0.319444 0.640625 0.322222 0.638542 0.329630 0.638021 0.329630 0.638021 0.330556 0.634375 0.332407 0.634375 0.333333 0.172396 0.746296 0.171875 0.744444
0 0.168229 0.746296 0.166146 0.745370 0.164583 0.744444 0.162500 0.737963 0.161458 0.728704 0.161979 0.725000 0.161979 0.720370 0.163542 0.715741 0.165104 0.712963 0.168750 0.710185 0.169271 0.708333 0.170312 0.707407 0.176042 0.710185 0.177604 0.712037 0.179167 0.716667 0.179688 0.722222 0.180729 0.722222 0.180729 0.725000 0.180208 0.732407 0.175000 0.743519 0.388021 0.202778
0 0.387500 0.200926 0.386458 0.200926 0.386458 0.201852 0.384896 0.201852 0.385417 0.200000 0.382292 0.195370 0.380729 0.187037 0.381771 0.185185 0.381250 0.182407 0.383333 0.175926 0.383854 0.175926 0.384375 0.173148 0.391146 0.169444 0.393750 0.173148 0.394271 0.174074 0.394792 0.175000 0.394792 0.176852 0.395312 0.177778 0.395833 0.183333 0.395833 0.185185 0.395833 0.187963 0.395312 0.190741 0.395312 0.191667 0.393750 0.196296 0.392708 0.197222 0.392708 0.198148 0.390104 0.199074 0.389583 0.200926 0.812500 0.147222 0.811458 0.146296
0 0.810938 0.148148 0.807292 0.144444 0.807813 0.142593 0.807292 0.140741 0.805729 0.133333 0.806250 0.131481 0.805729 0.129630 0.805729 0.128704 0.806250 0.126852 0.806771 0.124074 0.807292 0.122222 0.808333 0.119444 0.808854 0.119444 0.808854 0.117593 0.809375 0.117593 0.810417 0.115741 0.810938 0.115741 0.811458 0.115741 0.814062 0.114815 0.814583 0.115741 0.816146 0.114815 0.817187 0.115741 0.817187 0.116667 0.818750 0.119444 0.818750 0.121296
0 0.819271 0.122222 0.820312 0.128704 0.819792 0.130556 0.819792 0.132407 0.819792 0.133333 0.819792 0.135185 0.819792 0.137037 0.819792 0.137963 0.818750 0.140741 0.818229 0.141667 0.817187 0.142593 0.816667 0.143519 0.816146 0.144444 0.815625 0.145370 0.694271 0.081481 0.693750 0.079630 0.692187 0.079630 0.691667 0.079630 0.690625 0.079630 0.688542 0.077778
0 0.688021 0.077778 0.685938 0.075000 0.685938 0.073148 0.685417 0.071296 0.683854 0.062963 0.683854 0.060185 0.685417 0.054630 0.686458 0.052778 0.686979 0.052778 0.688021 0.050926 0.689062 0.050926 0.689583 0.049074 0.691146 0.048148 0.691667 0.049074 0.692708 0.049074 0.693750 0.049074 0.694792 0.049074 0.696354 0.050000 0.698438 0.053704 0.699479 0.055556 0.700000 0.056481 0.700521 0.062037 0.700000 0.062963 0.700000 0.067593 0.698958 0.071296 0.699479 0.073148 0.697917 0.075000 0.696875 0.075926 0.696354 0.077778 0.694271 0.078704 0.694271 0.079630 0.562500 0.085185 0.561979 0.083333 0.560417 0.083333 0.559375 0.081481 0.557813 0.081481 0.555729 0.078704 0.554167 0.069444 0.555208 0.067593 0.554688 0.065741 0.555208 0.063889
0 0.555208 0.061111 0.556250 0.058333 0.556771 0.058333 0.558854 0.055556 0.561458 0.053704 0.561979 0.054630 0.563542 0.053704 0.564062 0.054630 0.565104 0.053704 0.565625 0.054630 0.566146 0.054630 0.566146 0.055556 0.567187 0.056481 0.567187 0.057407 0.569271 0.061111 0.569792 0.067593 0.569792 0.068519 0.569792 0.070370 0.569271 0.072222 0.569271 0.075000 0.568229 0.077778
0 0.567708 0.079630 0.566667 0.079630 0.566146 0.079630 0.565625 0.080556 0.565625 0.081481 0.564583 0.082407 0.564062 0.083333 0.342708 0.046296 0.342187 0.044444 0.340625 0.044444 0.338021 0.041667 0.336458 0.031481 0.337500 0.029630 0.336979 0.028704 0.338542 0.025000 0.338542 0.025926 0.339583 0.023148 0.339583 0.024074 0.340625 0.021296 0.341667 0.020370 0.342187 0.021296 0.343750 0.020370 0.344271 0.021296 0.345833 0.021296 0.346354 0.023148 0.347396 0.025926 0.347917 0.026852 0.348437 0.031481 0.347917 0.032407 0.348437 0.037037 0.347917 0.037963 0.347396 0.038889 0.346875 0.038889 0.344792 0.042593 0.343750 0.043519
0 0.343750 0.044444 0.020833 0.384259 0.019271 0.383333 0.018229 0.383333 0.017708 0.383333 0.016146 0.384259 0.014583 0.382407 0.013542 0.384259 0.012500 0.380556 0.010417 0.375926 0.009896 0.372222 0.009375 0.370370 0.011458 0.353704 0.014583 0.350000 0.015104 0.348148 0.019792 0.345370 0.020833 0.346296 0.021875 0.345370 0.025000 0.349074 0.026563 0.352778 0.027083 0.355556 0.027083 0.356481 0.028125 0.364815 0.027083 0.370370 0.027083 0.372222 0.026042 0.375926 0.024479 0.378704
0 0.020312 0.382407 0.697917 0.394444 0.697396 0.392593 0.692708 0.387037 0.691667 0.385185 0.691667 0.383333 0.691146 0.381481 0.690104 0.375000 0.691146 0.370370 0.691667 0.366667 0.692187 0.364815 0.694792 0.360185 0.701042 0.356481 0.703125 0.358333 0.703646 0.358333 0.705208 0.362037 0.706771 0.364815 0.706771 0.366667 0.707292 0.367593 0.707812 0.372222 0.707292 0.374074 0.707812 0.376852 0.707292 0.381481 0.706250 0.385185 0.705729 0.385185 0.704687 0.388889 0.701563 0.390741 0.701042 0.391667 0.191146 0.139815 0.190625 0.139815 0.189063 0.138889 0.187500 0.137037
0 0.186979 0.135185 0.185937 0.134259 0.186458 0.132407 0.184896 0.132407 0.185937 0.130556 0.185937 0.125000 0.186458 0.124074 0.185937 0.122222 0.188021 0.115741 0.188542 0.116667 0.188542 0.115741 0.189583 0.113889 0.190104 0.114815 0.194271 0.112037 0.197396 0.116667 0.197917 0.119444 0.198437 0.120370 0.198958 0.126852 0.198437 0.127778 0.198958 0.128704 0.198437 0.130556 0.197917 0.130556
0 0.196875 0.134259 0.196354 0.135185 0.195833 0.136111 0.193229 0.138889 0.192708 0.139815 0.670833 0.326852 0.668229 0.327778 0.666667 0.327778 0.667188 0.325926 0.665625 0.324074 0.665104 0.319444 0.664062 0.318519 0.665104 0.316667 0.664583 0.314815 0.664583 0.313889 0.664583 0.312037 0.664583 0.311111 0.664583 0.309259 0.665104 0.308333 0.665625 0.306481 0.666146 0.303704 0.666667 0.303704 0.667188 0.301852 0.667708 0.301852 0.668750 0.300000 0.670833 0.299074 0.671354 0.300000 0.671875 0.300000 0.676042 0.303704
0 0.676042 0.304630 0.676562 0.304630 0.677083 0.308333 0.677604 0.308333 0.677604 0.310185 0.677604 0.312037 0.677083 0.317593 0.676042 0.319444 0.675521 0.320370 0.674479 0.324074 0.673958 0.324074 0.673958 0.325000 0.514583 0.663889 0.512500 0.661111 0.511979 0.662037 0.510938 0.660185 0.510417 0.660185 0.508333 0.657407 0.507812 0.654630 0.506771 0.653704 0.506771 0.652778 0.506771 0.650926 0.507812 0.649074 0.507812 0.645370 0.508854 0.641667 0.509375 0.641667 0.511458 0.637037 0.518229 0.633333 0.519792 0.636111 0.519792 0.637037 0.520833 0.638889 0.521354 0.643519 0.521875 0.643519 0.522396 0.646296 0.521875 0.647222 0.522396 0.650000 0.521875 0.650926 0.521875 0.651852 0.520312 0.658333 0.519792 0.658333 0.519271 0.660185 0.515104 0.662037
0 0.382812 0.862963 0.381771 0.862037 0.380208 0.862963 0.379687 0.861111 0.379167 0.862037 0.378125 0.861111 0.375521 0.860185 0.376042 0.859259 0.375000 0.856481 0.374479 0.853704 0.373437 0.852778 0.374479 0.850926 0.373958 0.846296 0.373958 0.842593 0.374479 0.840741 0.375521 0.837037 0.377083 0.836111 0.377604 0.834259 0.380208 0.833333 0.380208 0.831481 0.381250 0.831481 0.381771 0.832407 0.382812 0.831481 0.383333 0.832407 0.383854 0.832407 0.386979 0.837037 0.387500 0.840741 0.388021 0.840741 0.388542 0.846296 0.388542 0.849074 0.388542 0.850926 0.385938 0.860185 0.385417 0.860185 0.385417 0.861111 0.793229 0.619444 0.792708 0.617593 0.790625 0.617593
0 0.786979 0.613889 0.786458 0.612037 0.785937 0.610185 0.784896 0.600000 0.785937 0.593518 0.786979 0.588889 0.789583 0.584259 0.793229 0.582407 0.794271 0.583333 0.796875 0.581481 0.800000 0.585185 0.802083 0.589815 0.803125 0.602778 0.802604 0.604630 0.801042 0.609259 0.799479 0.612963 0.798437 0.613889 0.798437 0.614815 0.796354 0.615741 0.795833 0.616667 0.595833 0.627778 0.595312 0.625926 0.593229 0.627778 0.592708 0.625926 0.592188 0.625926 0.589583 0.622222 0.588542 0.612963 0.589063 0.611111 0.588542 0.608333 0.590104 0.603704 0.590625 0.603704 0.591667 0.600926 0.594792 0.599074 0.595312 0.600000 0.596354 0.599074 0.596875 0.600000 0.598437 0.600000 0.599479 0.601852 0.600000 0.603704
0 0.600521 0.603704 0.601042 0.612037 0.601042 0.612963 0.601042 0.615741 0.599479 0.621296 0.598958 0.621296 0.597396 0.624074 0.596354 0.625000 0.120312 0.889815 0.119792 0.888889 0.117188 0.888889 0.116667 0.888889 0.115625 0.888889 0.111979 0.885185 0.111458 0.884259 0.110417 0.881481 0.109375 0.874074 0.110417 0.866667 0.111979 0.862963 0.112500 0.861111 0.113542 0.861111 0.114583 0.859259 0.116667 0.858333 0.117188 0.856481 0.118229 0.856481 0.118750 0.856481 0.119271 0.856481 0.119792 0.858333 0.120833 0.856481 0.122917 0.857407
0 0.125000 0.859259 0.126042 0.862963 0.127083 0.874074 0.126042 0.875926 0.127083 0.878704 0.125000 0.883333 0.122396 0.887963 0.407292 0.743519 0.405729 0.740741 0.405208 0.741667 0.401563 0.738889 0.402083 0.737037 0.401563 0.735185 0.401042 0.729630 0.401042 0.728704 0.401042 0.725000 0.403125 0.717593 0.403646 0.717593 0.404167 0.715741 0.410417 0.712963 0.410937 0.712963 0.411458 0.712963 0.414583 0.717593 0.415104 0.721296 0.415625 0.722222 0.415625 0.724074 0.415104 0.725000 0.415104 0.730556
0 0.414583 0.731481 0.415104 0.731481 0.413021 0.737963 0.411458 0.738889 0.410937 0.739815 0.408333 0.741667 0.694271 0.799074 0.693750 0.797222 0.692708 0.797222 0.690625 0.797222 0.691146 0.796296 0.690625 0.794444 0.690104 0.791667 0.689583 0.789815 0.689062 0.786111 0.690104 0.784259 0.689583 0.782407 0.689583 0.781482 0.689583 0.779630 0.689583 0.778704 0.690104 0.776852 0.690625 0.775000 0.691146 0.775000 0.692187 0.772222 0.693229 0.772222 0.693750 0.770370 0.696354 0.769444 0.697917 0.770370 0.698958 0.769444 0.700521 0.772222 0.700521 0.773148 0.701042 0.774074 0.701563 0.775926
0 0.702604 0.778704 0.702604 0.779630 0.702604 0.782407 0.702083 0.784259 0.702083 0.787037 0.701563 0.788889 0.700000 0.792593 0.699479 0.792593 0.698438 0.795370 0.480208 0.275000 0.479688 0.273148 0.476042 0.275000 0.472917 0.274074 0.469792 0.267593 0.468750 0.260185 0.469271 0.256481 0.469792 0.253704 0.471875 0.245370 0.473958 0.244444 0.474479 0.242593 0.475521 0.242593 0.476562 0.240741 0.477604 0.239815 0.478125 0.240741 0.479688 0.239815 0.480729 0.240741 0.484896 0.245370
0 0.485417 0.250926 0.486458 0.252778 0.485938 0.253704 0.486458 0.259259 0.486458 0.261111 0.484375 0.267593 0.480729 0.273148 0.302083 0.840741 0.298958 0.842593 0.295312 0.839815 0.293229 0.839815 0.289062 0.834259 0.288542 0.832407 0.287500 0.828704 0.286979 0.824074 0.287500 0.814815 0.289583 0.805556 0.292708 0.800000 0.300000 0.795370 0.305729 0.798148 0.309896 0.803704 0.309375 0.805556 0.311458 0.807407 0.312500 0.815741 0.311458 0.825000 0.308854 0.832407 0.307292 0.834259 0.304688 0.838889 0.529167 0.864815 0.528646 0.864815 0.528125 0.865741
0 0.527604 0.863889 0.525000 0.863889 0.522917 0.861111 0.521875 0.854630 0.522396 0.852778 0.521875 0.850926 0.522917 0.849074 0.522917 0.846296 0.523958 0.844444 0.523438 0.842593 0.524479 0.839815 0.525000 0.839815 0.525521 0.837963 0.530208 0.836111 0.530729 0.836111 0.532292 0.836111 0.533333 0.837037 0.533333 0.837963 0.533854 0.838889 0.534375 0.840741 0.534375 0.841667 0.535417 0.848148 0.535417 0.850000 0.535417 0.851852 0.534896 0.853704 0.534896 0.854630 0.533333 0.860185 0.532812 0.860185 0.531771 0.862963 0.530729 0.863889 0.530208 0.864815 0.292188 0.275000 0.291667 0.273148 0.290104 0.275000 0.290625 0.273148 0.288542 0.271296
0 0.289062 0.269444 0.288021 0.268519 0.286458 0.260185 0.287500 0.258333 0.287500 0.254630 0.289583 0.248148 0.296354 0.245370 0.299479 0.247222 0.299479 0.248148 0.300000 0.249074 0.300000 0.250926 0.301042 0.251852 0.301562 0.258333 0.301042 0.260185 0.301562 0.262037 0.299479 0.267593 0.298958 0.268519 0.298438 0.269444 0.296875 0.270370 0.296354 0.271296 0.684896 0.592593 0.682292 0.595370 0.681771 0.593518 0.681250 0.593518 0.679167 0.592593 0.679688 0.590741 0.678646 0.587963 0.677083 0.580556 0.678125 0.578704 0.677604 0.575000
0 0.678646 0.570370 0.679167 0.570370 0.680208 0.566667 0.680729 0.566667 0.681250 0.564815 0.686458 0.562037 0.686979 0.562963 0.687500 0.562963 0.690625 0.565741 0.690625 0.567593 0.691146 0.567593 0.691146 0.573148 0.691667 0.572222 0.691667 0.574074 0.691667 0.575926 0.691667 0.579630 0.691667 0.580556 0.691667 0.581481 0.689583 0.587963 0.689062 0.587963 0.689062 0.589815 0.686979 0.590741 0.686458 0.591667 0.225000 0.934259 0.222917 0.937037 0.222396 0.935185 0.220833 0.936111 0.218750 0.935185 0.218229 0.933333 0.216667 0.932407 0.217187 0.930556 0.216667 0.928704 0.215104 0.923148 0.215625 0.922222 0.215625 0.920370
0 0.217187 0.916667 0.216667 0.914815 0.218229 0.911111 0.218750 0.911111 0.219792 0.909259 0.220833 0.909259 0.221354 0.907407 0.224479 0.905556 0.225000 0.906482 0.226042 0.905556 0.226562 0.906482 0.227083 0.906482 0.228125 0.907407 0.228646 0.907407 0.228646 0.908333 0.229687 0.910185 0.229687 0.912037 0.230729 0.912963 0.231250 0.920370 0.230729 0.921296 0.231250 0.923148 0.229687 0.929630 0.229167 0.930556
0 0.228646 0.931481 0.227604 0.932407 0.227083 0.933333 0.483333 0.715741 0.482812 0.713889 0.480208 0.713889 0.477604 0.711111 0.478125 0.709259 0.476562 0.707407 0.475521 0.700000 0.476042 0.698148 0.476562 0.695370 0.477604 0.690741 0.478646 0.688889 0.479688 0.688889 0.480729 0.687037 0.481771 0.686111 0.482292 0.686111 0.484896 0.685185 0.485417 0.686111 0.486979 0.685185 0.488542 0.687963 0.488542 0.688889 0.489062 0.689815 0.489583 0.691667 0.490104 0.692593 0.490625 0.700000
0 0.490104 0.700926 0.490625 0.705556 0.489062 0.709259 0.488021 0.710185 0.487500 0.712037 0.485938 0.712037 0.485938 0.713889 0.223958 0.550000 0.223438 0.548148 0.221875 0.548148 0.220833 0.546296 0.220313 0.547222 0.220313 0.544444 0.219792 0.544444 0.219271 0.542593 0.218229 0.539815 0.217187 0.533333 0.218750 0.527778 0.219271 0.525926 0.219271 0.526852 0.219792 0.524074 0.220833 0.524074 0.221354 0.522222 0.222917 0.521296 0.223438 0.522222 0.227604 0.520370 0.229167 0.522222 0.229167 0.523148 0.230729 0.525926
0 0.231250 0.533333 0.229687 0.543519 0.228646 0.544444 0.228125 0.545370 0.225521 0.547222 0.225521 0.548148 0.702083 0.850000 0.701563 0.847222 0.697396 0.849074 0.694271 0.847222 0.692708 0.845370 0.689583 0.837963 0.689062 0.830556 0.689583 0.818519 0.692708 0.812037 0.695312 0.810185 0.695833 0.808333 0.700000 0.805556 0.701042 0.806481 0.704167 0.805556 0.707292 0.808333 0.708333 0.809259 0.708854 0.812963 0.709896 0.815741 0.710938 0.821296 0.711458 0.822222 0.710417 0.833333
0 0.708854 0.838889 0.702604 0.848148 0.756250 0.062037 0.754687 0.061111 0.753646 0.061111 0.750521 0.060185 0.747917 0.056481 0.747396 0.054630 0.746875 0.052778 0.746354 0.048148 0.746875 0.046296 0.745833 0.043519 0.746354 0.039815 0.746354 0.037037 0.747917 0.034259 0.750521 0.033333 0.751562 0.031481 0.753125 0.030556 0.753125 0.031481 0.755729 0.030556 0.758854 0.035185 0.759375 0.037037 0.759896 0.037963 0.760417 0.040741 0.760938 0.041667 0.761458 0.043519 0.761458 0.044444 0.761979 0.049074 0.760938 0.053704 0.760417 0.055556 0.757812 0.060185 0.757292 0.060185 0.757292 0.062037 0.079687 0.343519 0.073958 0.341667 0.072396 0.338889 0.071354 0.334259
0 0.070833 0.333333 0.069792 0.325000 0.070312 0.323148 0.070312 0.320370 0.071875 0.312037 0.073958 0.308333 0.074479 0.307407 0.075521 0.305556 0.081771 0.301852 0.084375 0.302778 0.086458 0.305556 0.086979 0.308333 0.088542 0.310185 0.089062 0.317593 0.089062 0.318519 0.089062 0.322222 0.088021 0.332407 0.084896 0.338889 0.082292 0.340741 0.081771 0.341667 0.353646 0.413889 0.348958 0.416667 0.346875 0.412037 0.346354 0.411111 0.345833 0.409259
0 0.345313 0.404630 0.345833 0.402778 0.345313 0.400926 0.346354 0.395370 0.346875 0.395370 0.348958 0.390741 0.349479 0.391667 0.350000 0.388889 0.351562 0.388889 0.352083 0.387037 0.353125 0.387037 0.353125 0.388889 0.354167 0.387037 0.356771 0.389815 0.356771 0.390741 0.357292 0.391667 0.357812 0.395370 0.358333 0.396296 0.358854 0.400000 0.358333 0.400926 0.358854 0.404630
0 0.358333 0.405556 0.358333 0.406481 0.356771 0.411111 0.356250 0.412037 0.356250 0.412963 0.507812 0.087963 0.507292 0.086111 0.505729 0.086111 0.501562 0.082407 0.502083 0.080556 0.501562 0.078704 0.501042 0.077778 0.500000 0.076852 0.500521 0.075926 0.500521 0.072222 0.500521 0.071296 0.501042 0.068519 0.502083 0.062963 0.502604 0.061111 0.503125 0.062037 0.503646 0.059259 0.504167 0.060185 0.505208 0.058333 0.508333 0.056481 0.509375 0.056481 0.511458 0.056481 0.514583 0.061111 0.514583 0.063889 0.515104 0.064815 0.515625 0.070370 0.515625 0.072222 0.515625 0.075000 0.514063 0.079630 0.513542 0.080556
0 0.513021 0.081481 0.511979 0.082407 0.511979 0.083333 0.510938 0.084259 0.510417 0.085185 0.216146 0.445370 0.213021 0.448148 0.212500 0.446296 0.211979 0.446296 0.209375 0.445370 0.209896 0.443519 0.208333 0.438889 0.207292 0.432407 0.207292 0.429630 0.207292 0.427778 0.207813 0.426852 0.208333 0.425000 0.208854 0.422222 0.209896 0.420370 0.210938 0.417593 0.216146 0.415741 0.216667 0.413889 0.218750 0.415741 0.219271 0.415741 0.221354 0.417593
0 0.221354 0.418519 0.221354 0.420370 0.222396 0.426852 0.221875 0.427778 0.221875 0.431481 0.221354 0.433333 0.221354 0.434259 0.219792 0.439815 0.220313 0.440741 0.219792 0.441667 0.218750 0.442593 0.218229 0.443519 0.603125 0.073148 0.602604 0.071296 0.602083 0.071296 0.598958 0.066667 0.597917 0.062037 0.597917 0.061111 0.598437 0.059259 0.598958 0.057407 0.598958 0.052778 0.600521 0.046296 0.604167 0.045370 0.605208 0.043519 0.606250 0.042593 0.607292 0.044444 0.607813 0.044444 0.608333 0.044444 0.608333 0.045370 0.608854 0.047222 0.610417 0.054630 0.609896 0.056481 0.610417 0.058333
0 0.609896 0.059259 0.609896 0.060185 0.609375 0.062963 0.608854 0.067593 0.606250 0.069444 0.606250 0.070370 0.417708 0.945370 0.417188 0.943519 0.414583 0.944444 0.414062 0.944444 0.411979 0.945370 0.409896 0.944444 0.406771 0.938889 0.405729 0.932407 0.406250 0.927778 0.405729 0.925000 0.408333 0.915741 0.409375 0.915741 0.409896 0.913889 0.412500 0.912963 0.413021 0.911111 0.414583 0.910185 0.415104 0.911111 0.416146 0.911111 0.417188 0.911111 0.419792 0.915741 0.420312 0.914815 0.421354 0.918519 0.422396 0.921296 0.422917 0.924074 0.423438 0.925000 0.423958 0.929630 0.423438 0.930556 0.423438 0.935185 0.421875 0.938889 0.420312 0.940741 0.418229 0.942593 0.714583 0.668519
0 0.714063 0.665741 0.711979 0.665741 0.710417 0.662037 0.708854 0.654630 0.709896 0.652778 0.709375 0.648148 0.711979 0.639815 0.717188 0.637963 0.717708 0.635185 0.718750 0.636111 0.719792 0.636111 0.722917 0.641667 0.722917 0.648148 0.722917 0.649074 0.722917 0.650926 0.722396 0.651852 0.722396 0.655556 0.720833 0.660185 0.720312 0.661111 0.720312 0.662037 0.718229 0.662963 0.717708 0.663889 0.715625 0.665741 0.715104 0.666667 0.488021 0.188889 0.487500 0.187037 0.484896 0.187963 0.483854 0.187963 0.481250 0.184259 0.480208 0.181481 0.478646 0.178704 0.478646 0.175926
0 0.478125 0.171296 0.478646 0.166667 0.479688 0.165741 0.479167 0.163889 0.481250 0.159259 0.483854 0.158333 0.483854 0.157407 0.487500 0.155556 0.488021 0.156481 0.489062 0.156481 0.490625 0.157407 0.493229 0.159259 0.493229 0.161111 0.494271 0.162037 0.495313 0.171296 0.494792 0.173148 0.494792 0.175000 0.494792 0.176852 0.492708 0.182407 0.490104 0.187037 0.419792 0.122222 0.416667 0.125000 0.416146 0.123148 0.414583 0.123148 0.412500 0.120370 0.413021 0.118519 0.411458 0.117593 0.409896 0.108333
0 0.410937 0.106481 0.411458 0.103704 0.411458 0.100000 0.411979 0.098148 0.413542 0.095370 0.419271 0.092593 0.419792 0.092593 0.420312 0.092593 0.423438 0.096296 0.423438 0.097222 0.423958 0.098148 0.423958 0.100000 0.425521 0.102778 0.425521 0.105556 0.425521 0.106481 0.425521 0.109259 0.425000 0.112037 0.425000 0.112963 0.424479 0.115741 0.424479 0.116667 0.422917 0.120370 0.526042 0.333333 0.522917 0.334259
0 0.521875 0.335185 0.522396 0.333333 0.521875 0.332407 0.521354 0.331481 0.520312 0.330556 0.520833 0.328704 0.520312 0.326852 0.519271 0.318519 0.519792 0.316667 0.519792 0.312037 0.520833 0.308333 0.521354 0.308333 0.521875 0.306481 0.522917 0.306481 0.523958 0.304630 0.526563 0.302778 0.527083 0.303704 0.528125 0.302778 0.528646 0.303704 0.529167 0.303704 0.530208 0.304630 0.530729 0.304630 0.530729 0.305556 0.532812 0.310185 0.533854 0.319444 0.533333 0.320370 0.533333 0.321296 0.532812 0.324074 0.532812 0.325000 0.532292 0.325000 0.531771 0.327778 0.531250 0.327778 0.530729 0.329630 0.529688 0.329630 0.529688 0.331481 0.287500 0.221296 0.286979 0.219444 0.286458 0.220370 0.285937 0.218519
0 0.284375 0.218519 0.281771 0.216667 0.282292 0.214815 0.281250 0.213889 0.280729 0.207407 0.281250 0.205556 0.280729 0.205556 0.280729 0.204630 0.281250 0.203704 0.282292 0.200000 0.282292 0.200926 0.283333 0.199074 0.284375 0.199074 0.284375 0.197222 0.286979 0.195370 0.287500 0.196296 0.289062 0.195370 0.291667 0.197222 0.291667 0.200000 0.291667 0.200926 0.293229 0.207407 0.292708 0.208333 0.293229 0.211111 0.291667 0.214815 0.291146 0.215741 0.290104 0.216667 0.289583 0.217593 0.289062 0.218519 0.288542 0.219444 0.722917 0.589815 0.719792 0.590741
0 0.717708 0.589815 0.715625 0.587037 0.715104 0.585185 0.714063 0.582407 0.714063 0.579630 0.713542 0.575000 0.714583 0.568519 0.716146 0.562963 0.717188 0.562963 0.718229 0.561111 0.723437 0.558333 0.726562 0.559259 0.729167 0.565741 0.729688 0.574074 0.729167 0.580556 0.726042 0.587963 0.600000 0.845370 0.599479 0.843518 0.598437 0.843518 0.596875 0.842593 0.596354 0.841667 0.595312 0.840741 0.595833 0.838889 0.595312 0.837037
0 0.594271 0.831481 0.594792 0.829630 0.594271 0.827778 0.594271 0.826852 0.594271 0.825000 0.594792 0.824074 0.594792 0.823148 0.595833 0.821296 0.596354 0.821296 0.597396 0.819444 0.598437 0.818519 0.598958 0.819444 0.602604 0.817593 0.604167 0.818519 0.604167 0.820370 0.606250 0.825000 0.606771 0.830556 0.606771 0.832407 0.606250 0.835185 0.605729 0.837963 0.605208 0.837963 0.604688 0.838889 0.603646 0.839815 0.603125 0.840741 0.600521 0.842593 0.600521 0.843518 0.735937 0.205556 0.732813 0.207407 0.726562 0.204630 0.725000 0.201852 0.722396 0.194444
0 0.722396 0.191667 0.721354 0.183333 0.722396 0.175926 0.722917 0.171296 0.726042 0.166667 0.733854 0.162963 0.737500 0.164815 0.741146 0.170370 0.742708 0.175000 0.743229 0.178704 0.743750 0.178704 0.744271 0.186111 0.744271 0.187037 0.744271 0.189815 0.742708 0.198148 0.739583 0.200926 0.738542 0.203704 0.665625 0.669444 0.665104 0.667593 0.663021 0.669444 0.662500 0.667593 0.661458 0.668519 0.659375 0.667593 0.659896 0.665741 0.658333 0.662963 0.657292 0.653704 0.657812 0.652778 0.657812 0.650926 0.657812 0.650000 0.658333 0.648148 0.659375 0.645370 0.661458 0.640741 0.662500 0.640741 0.663542 0.638889
0 0.665104 0.637963 0.665625 0.638889 0.667188 0.637963 0.667708 0.638889 0.669792 0.637963 0.669792 0.638889 0.670833 0.641667 0.671354 0.643519 0.671875 0.644444 0.671875 0.646296 0.672396 0.647222 0.672917 0.648148 0.672396 0.649074 0.672917 0.651852 0.672396 0.653704 0.672396 0.655556 0.671875 0.657407 0.671875 0.658333 0.670313 0.662963 0.669792 0.662963 0.668750 0.665741 0.667708 0.665741 0.667188 0.667593 0.230208 0.242593 0.229687 0.240741 0.229167 0.240741 0.228646 0.240741 0.227083 0.239815 0.225000 0.239815 0.225521 0.237963 0.223958 0.233333 0.222917 0.233333 0.223958 0.231481 0.223438 0.227778
0 0.223958 0.225926 0.224479 0.221296 0.226042 0.215741 0.226562 0.215741 0.227083 0.213889 0.230208 0.212037 0.230729 0.212963 0.233333 0.212037 0.235938 0.213889 0.235938 0.214815 0.237500 0.216667 0.237500 0.218519 0.238021 0.219444 0.238542 0.223148 0.239063 0.224074 0.238542 0.225926 0.239063 0.226852 0.238542 0.231481 0.235417 0.237037 0.230729 0.239815 0.115625 0.222222 0.114063 0.221296 0.113021 0.221296 0.111979 0.220370 0.111979 0.217593 0.110417 0.215741 0.109896 0.208333 0.109896 0.206481 0.110417 0.204630 0.110417 0.203704 0.110937 0.201852 0.111979 0.199074
0 0.112500 0.199074 0.113542 0.197222 0.114583 0.196296 0.115104 0.197222 0.118229 0.195370 0.118750 0.195370 0.119792 0.194444 0.120833 0.196296 0.120833 0.197222 0.122396 0.200926 0.123438 0.209259 0.122917 0.210185 0.122396 0.212963 0.121354 0.216667 0.119792 0.218519 0.119271 0.219444 0.117188 0.220370 0.116667 0.222222 0.738542 0.277778 0.738021 0.275926 0.733854 0.276852 0.730729 0.274074 0.729167 0.268519 0.728125 0.262037 0.728646 0.260185 0.728646 0.252778 0.728646 0.247222
0 0.730208 0.241667 0.735417 0.234259 0.736458 0.233333 0.736979 0.233333 0.739062 0.232407 0.742188 0.233333 0.744271 0.236111 0.746354 0.237037 0.748958 0.241667 0.750000 0.250926 0.749479 0.251852 0.750000 0.254630 0.748958 0.263889 0.747396 0.267593 0.745833 0.269444 0.743229 0.272222 0.741667 0.275000 0.375521 0.520370 0.372396 0.522222 0.369792 0.520370 0.370313 0.518519 0.368229 0.514815 0.367188 0.509259 0.367708 0.506481 0.368229 0.500000 0.369271 0.497222 0.370313 0.497222 0.370833 0.495370 0.375521 0.492593 0.376563 0.493519 0.377083 0.493519
0 0.379687 0.496296 0.379687 0.497222 0.381771 0.500000 0.382292 0.505556 0.381771 0.506481 0.381771 0.508333 0.380208 0.515741 0.379687 0.515741 0.378646 0.518519 0.297917 0.562963 0.294792 0.561111 0.290625 0.556481 0.290104 0.554630 0.289583 0.552778 0.289062 0.550926 0.288021 0.544444 0.289062 0.537037 0.292188 0.527778 0.294271 0.525000 0.299479 0.522222 0.302083 0.523148 0.304167 0.527778 0.305208 0.531482 0.306250 0.534259 0.307292 0.539815
0 0.306250 0.549074 0.304167 0.558333 0.303646 0.558333 0.300000 0.561111 0.299479 0.562037 0.526563 0.034259 0.526042 0.034259 0.523958 0.036111 0.523438 0.034259 0.522396 0.035185 0.520833 0.032407 0.520312 0.031481 0.519271 0.030556 0.519792 0.027778 0.519271 0.027778 0.518229 0.024074 0.519271 0.022222 0.518750 0.021296 0.518750 0.020370 0.519271 0.018519 0.519792 0.015741 0.520312 0.015741 0.520833 0.013889 0.521354 0.013889 0.521875 0.012037 0.523958 0.012037 0.524479 0.010185 0.527083 0.010185
0 0.528125 0.013889 0.528646 0.012037 0.529167 0.012963 0.529688 0.015741 0.530208 0.016667 0.530208 0.018519 0.531250 0.019444 0.531250 0.020370 0.530208 0.022222 0.530729 0.024074 0.530208 0.025000 0.530208 0.026852 0.529167 0.031481 0.528646 0.031481 0.527604 0.034259 0.416667 0.787963 0.416146 0.786111 0.415625 0.787037 0.415104 0.785185 0.413542 0.785185 0.411979 0.784259 0.410417 0.774074 0.411458 0.772222 0.411458 0.768519 0.412500 0.764815 0.413542 0.764815 0.414062 0.762963 0.414062 0.763889 0.415104 0.762037
0 0.416146 0.761111 0.416667 0.762037 0.417708 0.761111 0.418229 0.762037 0.419792 0.762037 0.420833 0.763889 0.420833 0.764815 0.422396 0.766667 0.422917 0.773148 0.422396 0.774074 0.422396 0.775926 0.422396 0.777778 0.422396 0.778704 0.421875 0.780556 0.421354 0.781482 0.420312 0.783333 0.419792 0.784259 0.419792 0.785185 0.391667 0.589815 0.391146 0.587963 0.390104 0.587963 0.389583 0.587963 0.388021 0.587963 0.388542 0.586111 0.386979 0.586111 0.387500 0.584259 0.385938 0.584259 0.386458 0.582407 0.386979 0.580556 0.385938 0.575926 0.386979 0.575000 0.386458 0.573148 0.386979 0.571296 0.386979 0.568519 0.389062 0.563889 0.394792 0.561111 0.395312 0.562037
0 0.395833 0.562037 0.396875 0.562963 0.397396 0.565741 0.397917 0.566667 0.398438 0.571296 0.397917 0.573148 0.398438 0.575926 0.397917 0.576852 0.397917 0.577778 0.396354 0.583333 0.395833 0.583333 0.395312 0.584259 0.393750 0.585185 0.393229 0.587037 0.392188 0.587037 0.536979 0.472222 0.536458 0.470370 0.534896 0.470370 0.533854 0.469444 0.532292 0.468519 0.531771 0.468519 0.531771 0.465741 0.530208 0.463889 0.529688 0.453704 0.530208 0.451852 0.530208 0.448148 0.532292 0.440741 0.532292 0.441667 0.533333 0.439815 0.534896 0.438889 0.535417 0.439815 0.536458 0.438889 0.538021 0.439815 0.539062 0.439815
0 0.539062 0.441667 0.540104 0.439815 0.541667 0.442593 0.541667 0.443519 0.542188 0.443519 0.542188 0.446296 0.543229 0.446296 0.543750 0.454630 0.543229 0.455556 0.543229 0.459259 0.542708 0.461111 0.542708 0.462037 0.539583 0.467593 0.537500 0.470370 0.139583 0.775000 0.136979 0.776852 0.130729 0.774074 0.127083 0.768519
0 0.125000 0.762037 0.124479 0.753704 0.123958 0.746296 0.127083 0.734259 0.129688 0.728704 0.133333 0.726852 0.138542 0.727778 0.142708 0.732407 0.144271 0.732407 0.148958 0.741667 0.149479 0.746296 0.150000 0.747222 0.150521 0.753704 0.148958 0.762963 0.142708 0.774074 0.651042 0.573148 0.650521 0.570370 0.648958 0.571296 0.643750 0.570370 0.641146 0.565741 0.639583 0.555556 0.640104 0.553704 0.639583 0.544444 0.640104 0.542593 0.641667 0.537963 0.644271 0.537037 0.644792 0.535185 0.647917 0.533333 0.648438 0.534259 0.649479 0.534259 0.651042 0.535185 0.653646 0.535185 0.657812 0.541667 0.657812 0.543519
0 0.659375 0.547222 0.659896 0.553704 0.658333 0.562963 0.656250 0.567593 0.651563 0.569444 0.651563 0.571296 0.631250 0.858333 0.630729 0.858333 0.628125 0.860185 0.627083 0.859259 0.626562 0.859259 0.625000 0.859259 0.625521 0.858333 0.625000 0.856481 0.623958 0.847222 0.624479 0.845370 0.623438 0.844444 0.623958 0.843518 0.624479 0.841667 0.625000 0.838889 0.625000 0.839815 0.626042 0.837963
0 0.626562 0.837963 0.627083 0.836111 0.628125 0.836111 0.628646 0.835185 0.629687 0.833333 0.630208 0.834259 0.631250 0.834259 0.632292 0.835185 0.632812 0.835185 0.633333 0.836111 0.633333 0.837037 0.633854 0.837963 0.633854 0.839815 0.634375 0.839815 0.635417 0.850000 0.634375 0.854630 0.633854 0.855556 0.632812 0.857407 0.632292 0.857407 0.632292 0.858333 0.475521 0.773148 0.475000 0.771296 0.472917 0.772222 0.471875 0.772222 0.471354 0.772222 0.466667 0.766667 0.464583 0.761111 0.463542 0.752778 0.464063 0.747222 0.466146 0.739815 0.467708 0.737963 0.468229 0.737963 0.469271 0.736111 0.475521 0.732407 0.480208 0.735185 0.481771 0.738889 0.482292 0.740741 0.482812 0.740741 0.482812 0.743519 0.483333 0.743519 0.484375 0.750926
0 0.483854 0.751852 0.484375 0.756481 0.484375 0.759259 0.483333 0.763889 0.478646 0.770370 0.621875 0.241667 0.619271 0.239815 0.617708 0.237963 0.617188 0.237963 0.615625 0.236111 0.614062 0.232407 0.613542 0.224074 0.614062 0.219444 0.614062 0.217593 0.614583 0.215741 0.618229 0.210185 0.626042 0.205556 0.626562 0.206481 0.627604 0.205556 0.629687 0.206481 0.631250 0.210185 0.631771 0.212037 0.632292 0.212037 0.633333 0.223148 0.632812 0.227778 0.630729 0.234259 0.628646 0.236111 0.628646 0.237037 0.625000 0.238889 0.625000 0.240741 0.160938 0.298148
0 0.159896 0.297222 0.158333 0.298148 0.157292 0.297222 0.153125 0.294444 0.153646 0.292593 0.153125 0.290741 0.152083 0.287963 0.152604 0.286111 0.152604 0.281481 0.153125 0.279630 0.155208 0.273148 0.155729 0.272222 0.156771 0.270370 0.157292 0.270370 0.157813 0.269444 0.158854 0.267593 0.160417 0.265741 0.165104 0.264815 0.166146 0.266667 0.167187 0.266667 0.166667 0.266667 0.169271 0.270370 0.169792 0.276852 0.169271 0.280556 0.169792 0.282407 0.168750 0.287037 0.167708 0.288889 0.165104 0.295370 0.570312 0.455556 0.569792 0.453704
0 0.568750 0.453704 0.568229 0.453704 0.567708 0.454630 0.567187 0.452778 0.566667 0.453704 0.564583 0.450926 0.564583 0.447222 0.563542 0.446296 0.563021 0.443519 0.563542 0.441667 0.563542 0.437963 0.564062 0.434259 0.564583 0.434259 0.565104 0.431481 0.565625 0.431481 0.566667 0.428704 0.567187 0.428704 0.568229 0.426852 0.569792 0.425926 0.570833 0.425926 0.571354 0.425926 0.571354 0.427778 0.572396 0.425926 0.575521 0.429630 0.575521 0.432407 0.576042 0.433333
0 0.576563 0.437963 0.576563 0.439815 0.576042 0.445370 0.575521 0.445370 0.574479 0.449074 0.573958 0.449074 0.573438 0.451852 0.572917 0.451852 0.572396 0.452778 0.708854 0.162963 0.708333 0.161111 0.707292 0.162963 0.706771 0.161111 0.704687 0.161111 0.702083 0.157407 0.701563 0.155556 0.701042 0.155556 0.700000 0.150000 0.701042 0.148148 0.700521 0.144444 0.701042 0.139815 0.701563 0.137037 0.702083 0.135185 0.702604 0.135185 0.703646 0.131481 0.704167 0.130556 0.705208 0.128704
0 0.709896 0.125926 0.710417 0.126852 0.711979 0.125926 0.715104 0.128704 0.715104 0.130556 0.716667 0.133333 0.717188 0.137963 0.716667 0.138889 0.717188 0.140741 0.716146 0.146296 0.716146 0.148148 0.714583 0.155556 0.713542 0.156481 0.711979 0.159259 0.710417 0.160185 0.710417 0.161111 0.346354 0.148148 0.345833 0.148148 0.344792 0.148148 0.342187 0.148148 0.341667 0.147222 0.340104 0.147222 0.340625 0.145370
0 0.339063 0.143519 0.339063 0.140741 0.338542 0.138889 0.338021 0.136111 0.339063 0.131481 0.339063 0.128704 0.341146 0.122222 0.343750 0.118519 0.344792 0.117593 0.350000 0.119444 0.352604 0.125926 0.353646 0.134259 0.353125 0.137963 0.352604 0.140741 0.352604 0.141667 0.350521 0.144444 0.348437 0.146296 0.347917 0.147222 0.686458 0.243519 0.684375 0.244444 0.683333 0.244444
0 0.682292 0.244444 0.681250 0.244444 0.677604 0.238889 0.677083 0.236111 0.676042 0.235185 0.676042 0.233333 0.676562 0.228704 0.677083 0.225926 0.678646 0.219444 0.679167 0.217593 0.680208 0.215741 0.681250 0.215741 0.682292 0.213889 0.686458 0.211111 0.686979 0.212037 0.688021 0.212037 0.689583 0.213889 0.690625 0.216667 0.691667 0.217593 0.692708 0.225926 0.692187 0.226852 0.692187 0.232407 0.691146 0.234259 0.690625 0.238889 0.689062 0.241667 0.195312 0.280556 0.194792 0.278704 0.193229 0.279630 0.192188 0.278704 0.190104 0.274074 0.189583 0.272222 0.189063 0.270370 0.188021 0.259259 0.188542 0.255556 0.188021 0.253704 0.189583 0.250926 0.191146 0.248148 0.192708 0.246296
0 0.193750 0.244444 0.194792 0.243519 0.195312 0.245370 0.196354 0.243519 0.196875 0.244444 0.201042 0.244444 0.202604 0.245370 0.204167 0.251852 0.205208 0.259259 0.204688 0.262963 0.204688 0.264815 0.202604 0.273148 0.200000 0.275926 0.199479 0.276852 0.656771 0.123148 0.655729 0.121296 0.653646 0.121296 0.651042 0.120370 0.651042 0.119444 0.649479 0.116667 0.648958 0.107407 0.649479 0.100926 0.651563 0.094444 0.653125 0.091667 0.654167 0.090741 0.654688 0.091667 0.658854 0.088889 0.659896 0.089815 0.663021 0.093519 0.663021 0.095370 0.664062 0.098148 0.665625 0.107407
0 0.665104 0.111111 0.665104 0.112963 0.663542 0.119444 0.657812 0.121296 0.244792 0.339815 0.244792 0.337963 0.244271 0.338889 0.242188 0.337963 0.239583 0.337037 0.240104 0.334259 0.238542 0.331481 0.237500 0.324074 0.238542 0.314815 0.239063 0.314815 0.240625 0.311111 0.241146 0.311111 0.242188 0.309259 0.243229 0.308333 0.243750 0.309259 0.246875 0.307407 0.247396 0.308333 0.248958 0.307407 0.251042 0.310185 0.253125 0.315741 0.253125 0.321296 0.252604 0.325926 0.251042 0.332407 0.250000 0.334259 0.247917 0.335185 0.247917 0.336111 0.245312 0.337963 0.514583 0.900000 0.514063 0.898148 0.513021 0.900000
0 0.512500 0.898148 0.511979 0.898148 0.510417 0.898148 0.510938 0.897222 0.509896 0.896296 0.510417 0.893519 0.508854 0.890741 0.507812 0.885185 0.508854 0.883333 0.508854 0.877778 0.509896 0.875000 0.510417 0.875000 0.511458 0.873148 0.514063 0.871296 0.514583 0.872222 0.516667 0.871296 0.517187 0.872222 0.518229 0.871296 0.518750 0.872222 0.519271 0.872222 0.519271 0.873148 0.520312 0.874074 0.520833 0.875926 0.521354 0.876852 0.521875 0.884259 0.520312 0.891667 0.519792 0.892593 0.518750 0.895370 0.517187 0.895370 0.517187 0.897222 0.516146 0.897222 0.515625 0.899074 0.229687 0.766667
0 0.229167 0.764815 0.228646 0.765741 0.225521 0.764815 0.225000 0.762963 0.223958 0.761111 0.222917 0.758333 0.221875 0.750926 0.222917 0.749074 0.222917 0.743519 0.223958 0.738889 0.225521 0.735185 0.229687 0.733333 0.230208 0.734259 0.232292 0.733333 0.233333 0.733333 0.235938 0.736111 0.235938 0.738889 0.236458 0.739815 0.237500 0.750000
0 0.235417 0.759259 0.234896 0.759259 0.234375 0.761111 0.233333 0.761111 0.232812 0.762963 0.231250 0.763889 0.230729 0.764815 0.138542 0.282407 0.136458 0.281481 0.136979 0.278704 0.135937 0.279630 0.136458 0.276852 0.135417 0.275926 0.135417 0.273148 0.134896 0.271296 0.135417 0.262037 0.136458 0.256481 0.139062 0.255556 0.139583 0.253704 0.143229 0.251852 0.143750 0.252778 0.144271 0.252778 0.146875 0.256481 0.146875 0.260185 0.147396 0.260185
0 0.147917 0.263889 0.146875 0.267593 0.147396 0.269444 0.146354 0.273148 0.145833 0.273148 0.144271 0.277778 0.142188 0.278704 0.142188 0.280556 0.795313 0.269444 0.793229 0.271296 0.792188 0.270370 0.790625 0.268519 0.790625 0.264815 0.789583 0.264815 0.788542 0.257407 0.789583 0.256481 0.789062 0.254630 0.789583 0.252778 0.790104 0.250926 0.790625 0.248148
0 0.796354 0.245370 0.798437 0.248148 0.798437 0.249074 0.798958 0.250000 0.799479 0.251852 0.800000 0.252778 0.800521 0.259259 0.800521 0.260185 0.800521 0.261111 0.800000 0.263889 0.800521 0.264815 0.800000 0.264815 0.799479 0.266667 0.797917 0.267593 0.797917 0.268519 0.185937 0.702778 0.185417 0.700926 0.184896 0.702778 0.183854 0.701852 0.183333 0.702778 0.182812 0.700926 0.182292 0.700926 0.179167 0.699074 0.179688 0.698148 0.179167 0.696296 0.178125 0.690741
0 0.178646 0.689815 0.178125 0.687037 0.178646 0.686111 0.178125 0.683333 0.178646 0.683333 0.180208 0.676852 0.180729 0.675926 0.181771 0.674074 0.182292 0.674074 0.182812 0.672222 0.185937 0.670370 0.186458 0.671296 0.188542 0.670370 0.189063 0.671296 0.189583 0.671296 0.191146 0.673148 0.191146 0.674074 0.192188 0.676852 0.193229 0.684259 0.192708 0.685185 0.193229 0.687963 0.192708 0.688889 0.192708 0.691667 0.191667 0.695370 0.190625 0.696296 0.190104 0.697222 0.189063 0.698148
0 0.189063 0.699074 0.188021 0.700000 0.187500 0.700926 0.692708 0.701852 0.690625 0.700926 0.690625 0.700000 0.689062 0.700000 0.689583 0.698148 0.688542 0.697222 0.687500 0.695370 0.688542 0.693519 0.688021 0.688889 0.688542 0.687037 0.688542 0.683333 0.689583 0.680556 0.690625 0.678704 0.691146 0.678704 0.692187 0.676852 0.692708 0.676852 0.693750 0.676852 0.694792 0.676852 0.695312 0.676852 0.695312 0.678704 0.696354 0.676852 0.697917 0.678704 0.697917 0.679630 0.698438 0.680556 0.698438 0.682407 0.698958 0.683333 0.700000 0.688889 0.699479 0.689815 0.699479 0.690741 0.697917 0.697222 0.697396 0.697222 0.696875 0.699074 0.695833 0.699074
0 0.695833 0.700926 0.529688 0.114815 0.529167 0.112037 0.527604 0.112963 0.525521 0.112037 0.522396 0.107407 0.521875 0.105556 0.520833 0.099074 0.521354 0.097222 0.520833 0.093519 0.522917 0.087037 0.525000 0.084259 0.525521 0.084259 0.526042 0.082407 0.528646 0.081481 0.529167 0.082407 0.530208 0.081481 0.530729 0.082407 0.531771 0.081481 0.532812 0.082407 0.535417 0.085185 0.535937 0.087037 0.535937 0.088889 0.536458 0.088889 0.537500 0.099074 0.536458 0.104630 0.535417 0.106481 0.534896 0.107407 0.534375 0.108333 0.532812 0.109259
0 0.532292 0.110185 0.530729 0.111111 0.530208 0.112963 0.128646 0.717593 0.123438 0.716667 0.122396 0.712963 0.121354 0.710185 0.120312 0.707407 0.119271 0.702778 0.119792 0.699074 0.119792 0.694444 0.120312 0.692593 0.121354 0.690741 0.122917 0.689815 0.124479 0.687037 0.125521 0.687037 0.126042 0.685185 0.131771 0.684259 0.133854 0.687037 0.136458 0.694444 0.136979 0.699074 0.136979 0.700926 0.136979 0.702778 0.136458 0.707407 0.135937 0.711111 0.134896 0.711111
0 0.133854 0.712963 0.132812 0.713889 0.131250 0.716667 0.413021 0.901852 0.411979 0.901852 0.408333 0.897222 0.407813 0.897222 0.406771 0.896296 0.406250 0.893519 0.405729 0.893519 0.405729 0.890741 0.406250 0.884259 0.407292 0.878704 0.407813 0.875926 0.408854 0.874074 0.409375 0.874074 0.409896 0.872222 0.411458 0.871296 0.411979 0.872222 0.415625 0.870370 0.416667 0.870370 0.418750 0.875926 0.419271 0.877778 0.419792 0.878704 0.419792 0.881481
0 0.420833 0.883333 0.420312 0.884259 0.420312 0.886111 0.420312 0.887963 0.420312 0.889815 0.420312 0.891667 0.418229 0.895370 0.418750 0.896296 0.417188 0.897222 0.417188 0.899074 0.415104 0.900000 0.414583 0.900926 0.313021 0.114815 0.312500 0.112037 0.310937 0.113889 0.310417 0.112037 0.309375 0.113889 0.308854 0.112963 0.308333 0.112963 0.307292 0.111111 0.306771 0.108333 0.305729 0.107407 0.305729 0.106481 0.305729 0.105556 0.306250 0.102778 0.306771 0.100926 0.305729 0.099074 0.306771 0.097222 0.307292 0.097222
0 0.307813 0.094444 0.308333 0.094444 0.308854 0.092593 0.309375 0.092593 0.309896 0.090741 0.313021 0.089815 0.313542 0.090741 0.315104 0.090741 0.317187 0.093519 0.317708 0.097222 0.317708 0.099074 0.317708 0.100000 0.317187 0.100926 0.317708 0.101852 0.316667 0.103704 0.316667 0.107407 0.316146 0.107407 0.315625 0.109259 0.315104 0.110185 0.313542 0.112963 0.276042 0.754630 0.275521 0.754630 0.273438 0.754630 0.271354 0.753704 0.270833 0.753704 0.267188 0.748148 0.265104 0.737963 0.266146 0.736111 0.266146 0.728704 0.267188 0.725000 0.268229 0.724074 0.271875 0.716667 0.278125 0.713889 0.281250 0.715741 0.284896 0.719444 0.284896 0.721296 0.285937 0.723148
0 0.285937 0.725926 0.286458 0.731481 0.284896 0.743519 0.284375 0.747222 0.282813 0.750000 0.278125 0.752778 0.277604 0.754630 0.026042 0.465741 0.023958 0.466667 0.023438 0.466667 0.022396 0.467593 0.020833 0.467593 0.021354 0.465741 0.019792 0.464815 0.020312 0.462963 0.018750 0.461111 0.019271 0.459259 0.018229 0.452778 0.019792 0.445370 0.020833 0.445370 0.021354 0.443519 0.025521 0.440741 0.026042 0.441667 0.027604 0.441667 0.028646 0.443519 0.029687 0.445370 0.030729 0.446296 0.031771 0.456481 0.031250 0.456481 0.031250 0.457407 0.029687 0.462963 0.029167 0.462963 0.028646 0.464815 0.591146 0.406481
0 0.590625 0.404630 0.589063 0.404630 0.588021 0.403704 0.587500 0.404630 0.586458 0.403704 0.586979 0.400926 0.585938 0.400000 0.584896 0.389815 0.584896 0.388889 0.585417 0.387037 0.585938 0.385185 0.586458 0.381481 0.588021 0.378704 0.589063 0.377778 0.590104 0.378704 0.591146 0.377778 0.591667 0.378704 0.592708 0.377778 0.593229 0.378704 0.593750 0.378704 0.596354 0.382407 0.596354 0.385185 0.596875 0.386111 0.597917 0.391667 0.597396 0.393519
0 0.597396 0.395370 0.597396 0.396296 0.597396 0.397222 0.596354 0.400000 0.594792 0.400926 0.594271 0.401852 0.592708 0.402778 0.592708 0.403704 0.591667 0.404630 0.248437 0.877778 0.247917 0.877778 0.246354 0.877778 0.245833 0.877778 0.244792 0.877778 0.242188 0.876852 0.242708 0.875000 0.241667 0.873148 0.240625 0.867593 0.240625 0.866667 0.241146 0.863889 0.241146 0.859259 0.242188 0.857407 0.243750 0.853704 0.244792 0.853704 0.245312 0.851852 0.247396 0.850926 0.247917 0.850926 0.250000 0.850000
0 0.250521 0.850926 0.252083 0.850000 0.253125 0.851852 0.253125 0.852778 0.253646 0.853704 0.254687 0.862963 0.254167 0.863889 0.254687 0.866667 0.254167 0.867593 0.254167 0.868519 0.253125 0.872222 0.252604 0.874074 0.252083 0.874074 0.251563 0.875000 0.250521 0.875926 0.250521 0.876852 0.553125 0.692593 0.552604 0.690741 0.551042 0.690741 0.548958 0.687963 0.547917 0.678704 0.547917 0.675926 0.548437 0.673148 0.549479 0.667593 0.550000 0.667593 0.551562 0.664815 0.552083 0.665741
0 0.553125 0.664815 0.553646 0.666667 0.554688 0.664815 0.555208 0.665741 0.556771 0.664815 0.558333 0.667593 0.558854 0.670370 0.559375 0.671296 0.559896 0.675000 0.559375 0.675926 0.559896 0.678704 0.559375 0.680556 0.559375 0.682407 0.558854 0.684259 0.558333 0.685185 0.557813 0.686111 0.557292 0.687037 0.556771 0.687963 0.556250 0.687963 0.555729 0.689815 0.555208 0.689815 0.554688 0.690741
0 0.418750 0.163889 0.416667 0.164815 0.416146 0.163889 0.415104 0.164815 0.413542 0.164815 0.414062 0.162963 0.411458 0.159259 0.411458 0.157407 0.410937 0.155556 0.409896 0.151852 0.410417 0.150000 0.410417 0.144444 0.411979 0.138889 0.412500 0.138889 0.413021 0.137037 0.415625 0.136111 0.416667 0.134259 0.417708 0.133333 0.421354 0.137037 0.421354 0.137963 0.422396 0.139815 0.422917 0.143519 0.423438 0.143519 0.423958 0.150000 0.423438 0.150926 0.423958 0.152778 0.422917 0.157407
0 0.422917 0.158333 0.421354 0.162963 0.188021 0.320370 0.187500 0.318519 0.183854 0.320370 0.182812 0.320370 0.179688 0.314815 0.179167 0.311111 0.179167 0.310185 0.179167 0.308333 0.179688 0.306481 0.178646 0.305556 0.179688 0.303704 0.179167 0.301852 0.179688 0.299074 0.181250 0.292593 0.182292 0.292593 0.183333 0.290741 0.185417 0.289815 0.186458 0.287963 0.189583 0.288889 0.190625 0.289815 0.192708 0.290741 0.193750 0.292593 0.194271 0.295370 0.194792 0.296296 0.195312 0.300926 0.194792 0.300926 0.195312 0.305556 0.194792 0.307407 0.193229 0.313889 0.192188 0.314815 0.191146 0.315741 0.190104 0.318519 0.256250 0.756481
0 0.253125 0.758333 0.250521 0.757407 0.248437 0.754630 0.246354 0.753704 0.245312 0.751852 0.244792 0.748148 0.244271 0.746296 0.244792 0.744444 0.243750 0.738889 0.244271 0.737037 0.244792 0.731481 0.248958 0.725926 0.253646 0.723148 0.254167 0.724074 0.255729 0.723148 0.258854 0.724074 0.259375 0.726852 0.261458 0.729630 0.261979 0.734259 0.262500 0.734259 0.263021 0.742593 0.261979 0.746296 0.261458 0.750926 0.258854 0.755556 0.761979 0.115741 0.758854 0.113889 0.756250 0.111111
0 0.755729 0.109259 0.754167 0.108333 0.753646 0.101852 0.753125 0.101852 0.753646 0.097222 0.753125 0.094444 0.753646 0.092593 0.754167 0.090741 0.755729 0.086111 0.757812 0.085185 0.758333 0.082407 0.759896 0.081481 0.760417 0.082407 0.763021 0.082407 0.764063 0.083333 0.764583 0.083333 0.766667 0.087037 0.767708 0.090741 0.768229 0.092593 0.769792 0.100000 0.769271 0.105556 0.768229 0.109259 0.766146 0.112963 0.765104 0.112963 0.765104 0.113889 0.268229 0.413889
0 0.257812 0.414815 0.252604 0.408333 0.251563 0.404630 0.251042 0.399074 0.251563 0.395370 0.251042 0.393519 0.249479 0.381481 0.253125 0.372222 0.260938 0.363889 0.266146 0.361111 0.273438 0.363889 0.279167 0.370370 0.280729 0.376852 0.281771 0.385185 0.280729 0.393519 0.278125 0.403704 0.276042 0.407407 0.273438 0.409259 0.271354 0.412037 0.672917 0.452778 0.672396 0.450926 0.670313 0.451852 0.669792 0.451852 0.669271 0.451852 0.667708 0.449074 0.667708 0.447222 0.667188 0.445370 0.665625 0.438889
0 0.666667 0.437037 0.666667 0.433333 0.667188 0.432407 0.667188 0.431481 0.668229 0.429630 0.673958 0.426852 0.675000 0.427778 0.675000 0.428704 0.676562 0.430556 0.676562 0.431481 0.677083 0.432407 0.677604 0.438889 0.677083 0.439815 0.677604 0.440741 0.677083 0.442593 0.677083 0.445370 0.676042 0.449074 0.675521 0.449074 0.675000 0.450926 0.085938 0.960185 0.085417 0.960185 0.084896 0.958333 0.082292 0.958333 0.081771 0.956481 0.080208 0.952778 0.078646 0.944444 0.078646 0.942593 0.079167 0.940741 0.080729 0.939815 0.079687 0.937963 0.079687 0.938889 0.080208 0.937963 0.080729 0.937037 0.081250 0.935185 0.086979 0.932407 0.088021 0.932407 0.089062 0.933333 0.092708 0.937037 0.093229 0.944444 0.091667 0.952778 0.091146 0.953704
0 0.091146 0.954630 0.090625 0.955556 0.090104 0.956481 0.086458 0.957407 0.085938 0.958333 0.688542 0.037037 0.685938 0.035185 0.685938 0.034259 0.684896 0.032407 0.684896 0.030556 0.683854 0.029630 0.683333 0.028704 0.682292 0.027778 0.681771 0.020370 0.681771 0.018519 0.682292 0.015741 0.682813 0.012963 0.683333 0.012963 0.692708 0.010185 0.693750 0.012037 0.694271 0.012963 0.694271 0.014815 0.694792 0.015741 0.695312 0.017593 0.694792 0.018519 0.695312 0.020370 0.695312 0.021296 0.695312 0.024074 0.694792 0.025000 0.694792 0.027778 0.693750 0.031481 0.691146 0.032407 0.691146 0.033333 0.689062 0.034259 0.688542 0.035185
0 0.766146 0.705556 0.765625 0.703704 0.763542 0.704630 0.764063 0.702778 0.763021 0.701852 0.762500 0.700000 0.761458 0.699074 0.761458 0.693519 0.759896 0.693519 0.760417 0.691667 0.760938 0.687963 0.760938 0.682407 0.763021 0.675926 0.767708 0.674074 0.768750 0.672222 0.769271 0.672222 0.769271 0.674074 0.770312 0.672222 0.773438 0.676852 0.773438 0.679630 0.773958 0.680556 0.774479 0.682407 0.775000 0.683333 0.774479 0.684259 0.774479 0.689815 0.772396 0.699074 0.771875 0.699074 0.771875 0.700000 0.769271 0.701852 0.768750 0.702778 0.682813 0.170370 0.682292 0.168519
0 0.680729 0.169444 0.680208 0.169444 0.679688 0.169444 0.678125 0.168519 0.677604 0.166667 0.676562 0.163889 0.675521 0.156481 0.676562 0.153704 0.676042 0.151852 0.676042 0.150926 0.676562 0.149074 0.676562 0.148148 0.677083 0.147222 0.678125 0.145370 0.678646 0.145370 0.679688 0.143519 0.683854 0.140741 0.684375 0.141667 0.684896 0.141667 0.686979 0.143519 0.688021 0.146296 0.689583 0.149074 0.690625 0.156481 0.689583 0.159259 0.690625 0.159259 0.689583 0.162963
0 0.689062 0.162963 0.687500 0.167593 0.119271 0.682407 0.118750 0.680556 0.116146 0.683333 0.115625 0.681481 0.113542 0.683333 0.114063 0.681481 0.113021 0.680556 0.112500 0.678704 0.111458 0.676852 0.109896 0.665741 0.110417 0.663889 0.110937 0.660185 0.111979 0.656482 0.111979 0.657407 0.112500 0.656482 0.113021 0.655556 0.114063 0.653704 0.115104 0.653704 0.115625 0.651852 0.117188 0.650926 0.117708 0.651852 0.118229 0.651852 0.118750 0.652778 0.119792 0.651852 0.122917 0.655556 0.123438 0.659259 0.123958 0.660185 0.124479 0.663889 0.123958 0.665741 0.124479 0.669444 0.123438 0.675000 0.122917 0.675926 0.121875 0.679630
0 0.120833 0.679630 0.120312 0.681481 0.098438 0.979630 0.098438 0.976852 0.099479 0.974074 0.100000 0.974074 0.101042 0.972222 0.101562 0.972222 0.103125 0.968518 0.105729 0.967593 0.106250 0.968518 0.108854 0.967593 0.108854 0.968518 0.110937 0.968518 0.113542 0.971296 0.114583 0.975000 0.115104 0.975000 0.115625 0.980556 0.115104 0.981481 0.555729 0.655556 0.554688 0.653704 0.554167 0.654630 0.552083 0.652778 0.552604 0.651852 0.552083 0.650000 0.551042 0.642593 0.551042 0.640741 0.551562 0.638889 0.552604 0.637037 0.552083 0.635185 0.553125 0.633333 0.553125 0.634259 0.553646 0.631481 0.559375 0.628704
0 0.561458 0.630556 0.561458 0.631481 0.563021 0.636111 0.564062 0.643519 0.561979 0.650926 0.558854 0.652778 0.558854 0.653704 0.806771 0.185185 0.804688 0.187037 0.804167 0.185185 0.803125 0.186111 0.802083 0.184259 0.801562 0.184259 0.800000 0.184259 0.800521 0.183333 0.800000 0.181481 0.799479 0.179630 0.798958 0.177778 0.797917 0.173148 0.798437 0.170370 0.798437 0.167593 0.798437 0.166667 0.798437 0.165741 0.799479 0.163889 0.801042 0.161111 0.801562 0.160185 0.802083 0.158333 0.804688 0.156481 0.806771 0.158333 0.807292 0.158333 0.808333 0.160185 0.808854 0.160185 0.809896 0.161111 0.809896 0.162037 0.810417 0.162963 0.810938 0.164815 0.811458 0.165741
0 0.812500 0.174074 0.811979 0.175926 0.812500 0.177778 0.811458 0.181481 0.810938 0.181481 0.810417 0.182407 0.809896 0.182407 0.809375 0.183333 0.315625 0.634259 0.315104 0.632407 0.311979 0.634259 0.308854 0.633333 0.305729 0.627778 0.305729 0.625000 0.303646 0.622222 0.304167 0.619444 0.304167 0.613889 0.304167 0.609259 0.304688 0.606481 0.306250 0.601852 0.307813 0.599074 0.311979 0.594444 0.312500 0.592593 0.315104 0.590741
0 0.316146 0.591667 0.319271 0.590741 0.322917 0.595370 0.323438 0.600000 0.324479 0.600926 0.325521 0.609259 0.325000 0.610185 0.325521 0.613889 0.325000 0.618519 0.323438 0.625926 0.320833 0.628704 0.320312 0.629630 0.318750 0.631481 0.318229 0.632407 0.166146 0.636111 0.161979 0.638889 0.158333 0.637963 0.158854 0.636111 0.155729 0.631481 0.155208 0.628704 0.154687 0.628704 0.153646 0.624074 0.154687 0.622222 0.154167 0.619444 0.154687 0.616667 0.156250 0.611111 0.158333 0.606481
0 0.160938 0.605556 0.161458 0.605556 0.164062 0.605556 0.166146 0.606481 0.168750 0.610185 0.169792 0.610185 0.169792 0.613889 0.170833 0.613889 0.171354 0.621296 0.170833 0.622222 0.171354 0.624074 0.170312 0.630556 0.169792 0.631481 0.168229 0.635185 0.209375 0.648148 0.208854 0.646296 0.208333 0.647222 0.207292 0.646296 0.206771 0.648148 0.206250 0.646296 0.205729 0.646296 0.203125 0.645370 0.203646 0.643519 0.202604 0.641667 0.202083 0.637037 0.201042 0.636111 0.201562 0.634259 0.202083 0.627778 0.202604 0.627778 0.203125 0.625926 0.203646 0.625926 0.204167 0.624074 0.205208 0.624074 0.205729 0.622222 0.208854 0.620370 0.209375 0.621296
0 0.210417 0.620370 0.211458 0.622222 0.211979 0.622222 0.212500 0.622222 0.212500 0.623148 0.214583 0.627778 0.214583 0.630556 0.214062 0.631481 0.214583 0.635185 0.213542 0.636111 0.214583 0.636111 0.213021 0.639815 0.213542 0.640741 0.212500 0.644444 0.211979 0.644444 0.211458 0.646296 0.198437 0.849074 0.194792 0.848148 0.193750 0.846296 0.192188 0.846296 0.190625 0.844444 0.189063 0.840741 0.188542 0.837963 0.188021 0.836111 0.188021 0.832407 0.188542 0.825926 0.189063 0.822222 0.194271 0.814815 0.195312 0.815741 0.196875 0.814815 0.197396 0.815741 0.199479 0.813889 0.201562 0.814815 0.204167 0.817593 0.206250 0.822222 0.206771 0.827778
0 0.207292 0.827778 0.207292 0.830556 0.206771 0.837963 0.203646 0.845370 0.202604 0.845370 0.202083 0.847222 0.200000 0.848148 0.199479 0.849074 0.795833 0.474074 0.795313 0.474074 0.794271 0.475000 0.793750 0.473148 0.792188 0.473148 0.790104 0.472222 0.790625 0.471296 0.790104 0.469444 0.789062 0.461111 0.789583 0.459259 0.788542 0.457407 0.789062 0.456481 0.789583 0.454630 0.790104 0.452778 0.790625 0.450926 0.791146 0.450926 0.791667 0.449074 0.792188 0.449074 0.793229 0.447222 0.795313 0.445370 0.796354 0.446296 0.796875 0.446296 0.797396 0.446296 0.797917 0.446296 0.801042 0.449074
0 0.801042 0.451852 0.801562 0.452778 0.802083 0.458333 0.802083 0.460185 0.802083 0.462037 0.801562 0.462963 0.802083 0.463889 0.800000 0.470370 0.799479 0.470370 0.798437 0.473148 0.594792 0.735185 0.594271 0.732407 0.593750 0.732407 0.590104 0.730556 0.591146 0.729630 0.589583 0.729630 0.590104 0.727778 0.590625 0.725926 0.589063 0.720370 0.590104 0.718518 0.589583 0.713889 0.592188 0.709259 0.594271 0.707407 0.594792 0.708333 0.596875 0.707407 0.597396 0.708333 0.598437 0.707407 0.600000 0.709259 0.600521 0.714815
0 0.601042 0.714815 0.601042 0.716667 0.601042 0.717593 0.601042 0.720370 0.600521 0.721296 0.601042 0.723148 0.600000 0.725926 0.599479 0.727778 0.598437 0.727778 0.597396 0.729630 0.596354 0.730556 0.595312 0.733333 0.482812 0.947222 0.482292 0.945370 0.480729 0.945370 0.478125 0.943519 0.477604 0.942593 0.477083 0.940741 0.477083 0.938889 0.476562 0.937037 0.475521 0.934259 0.476562 0.932407 0.475521 0.929630 0.476562 0.927778 0.476562 0.925000 0.476562 0.923148 0.477083 0.923148 0.479167 0.920370 0.479688 0.920370 0.480729 0.918519 0.481771 0.917593 0.482292 0.918519
0 0.483333 0.917593 0.483854 0.918519 0.484896 0.918519 0.485417 0.918519 0.485938 0.918519 0.487500 0.920370 0.487500 0.922222 0.488021 0.923148 0.488542 0.925000 0.489062 0.925926 0.489583 0.930556 0.489062 0.932407 0.489583 0.936111 0.489062 0.937037 0.489583 0.937963 0.489062 0.938889 0.486458 0.943519 0.485938 0.943519 0.485417 0.944444 0.776563 0.334259 0.776042 0.332407 0.775000 0.334259 0.774479 0.332407 0.773438 0.333333 0.771354 0.332407
0 0.769792 0.329630 0.768750 0.325926 0.768229 0.325926 0.766667 0.318519 0.767708 0.316667 0.767187 0.313889 0.767708 0.309259 0.769792 0.303704 0.770833 0.300926 0.775000 0.299074 0.775521 0.299074 0.777604 0.298148 0.779688 0.299074 0.782812 0.302778 0.782812 0.305556 0.783333 0.306481 0.784375 0.313889 0.783854 0.318519 0.781771 0.325926 0.780208 0.327778 0.779688 0.329630 0.777083 0.331481 0.798437 0.542593 0.797396 0.541667 0.794271 0.540741 0.791146 0.538889 0.791667 0.537037 0.791146 0.535185
0 0.789583 0.528704 0.790625 0.526852 0.790104 0.525000 0.790104 0.524074 0.790625 0.522222 0.791146 0.519444 0.791146 0.518519 0.792188 0.516667 0.793229 0.513889 0.794792 0.513889 0.795313 0.512037 0.796354 0.511111 0.796875 0.512037 0.798437 0.511111 0.798958 0.512037 0.800000 0.512037 0.800521 0.512037 0.801042 0.512037 0.803125 0.515741 0.803646 0.516667
0 0.804688 0.519444 0.804688 0.521296 0.805729 0.522222 0.805729 0.525926 0.805729 0.526852 0.805208 0.532407 0.803646 0.536111 0.802604 0.537037 0.802083 0.537963 0.801042 0.538889 0.801042 0.539815 0.800000 0.540741 0.799479 0.541667 0.359896 0.968518 0.359375 0.966667 0.357812 0.968518 0.356771 0.967593 0.355729 0.968518 0.355208 0.966667 0.354688 0.967593 0.352604 0.965741 0.353125 0.963889 0.351042 0.961111 0.350000 0.955556 0.350521 0.953704 0.349479 0.952778 0.350000 0.951852 0.350000 0.950000
0 0.350000 0.948148 0.350521 0.946296 0.351042 0.946296 0.351562 0.944444 0.352604 0.944444 0.353125 0.942593 0.354167 0.943519 0.354688 0.940741 0.358854 0.938889 0.359375 0.939815 0.360938 0.939815 0.363021 0.941667 0.363021 0.942593 0.363542 0.943519 0.363542 0.945370 0.364062 0.946296 0.364583 0.949074 0.365104 0.950000 0.365625 0.953704 0.365104 0.954630 0.365625 0.955556 0.363542 0.962963 0.363021 0.962963 0.360938 0.966667 0.854167 0.230556 0.853125 0.228704 0.852604 0.228704
0 0.848437 0.225000 0.847917 0.223148 0.846875 0.219444 0.845833 0.213889 0.846354 0.209259 0.846875 0.206481 0.846875 0.203704 0.848958 0.199074 0.850000 0.198148 0.855729 0.194444 0.856771 0.194444 0.859896 0.198148 0.859896 0.200000 0.860937 0.202778 0.861979 0.210185 0.861458 0.212963 0.861458 0.214815 0.861979 0.217593 0.859375 0.224074 0.858854 0.225000 0.854167 0.227778 0.190625 0.625000 0.188542 0.623148 0.189063 0.621296 0.187500 0.620370 0.188021 0.619444 0.185937 0.615741 0.184896 0.610185 0.185417 0.607407 0.185937 0.601852 0.187500 0.598148 0.190104 0.597222 0.190625 0.595370 0.194271 0.593518
0 0.194792 0.594444 0.196875 0.595370 0.197396 0.598148 0.199479 0.600926 0.200521 0.609259 0.199479 0.614815 0.200000 0.615741 0.199479 0.615741 0.197396 0.619444 0.193750 0.622222 0.192708 0.623148 0.191146 0.623148 0.643229 0.681481 0.642708 0.681481 0.641146 0.683333 0.640625 0.681481 0.637500 0.681481 0.638021 0.679630 0.635938 0.675000 0.635417 0.667593 0.638021 0.658333 0.638542 0.658333 0.640104 0.655556 0.643750 0.653704 0.644271 0.654630 0.645833 0.653704 0.646354 0.654630 0.647396 0.653704 0.647917 0.654630 0.648438 0.657407
0 0.649479 0.658333 0.650000 0.662037 0.650521 0.662037 0.651042 0.667593 0.650521 0.668519 0.650000 0.674074 0.648958 0.676852 0.648438 0.676852 0.647917 0.678704 0.646354 0.678704 0.645833 0.680556 0.077083 0.872222 0.073958 0.875000 0.073437 0.873148 0.072917 0.873148 0.068750 0.870370 0.067708 0.870370 0.066146 0.868519 0.066146 0.865741 0.064583 0.862037 0.063542 0.850926 0.065104 0.842593 0.068229 0.837037 0.071875 0.835185 0.072396 0.836111 0.075000 0.834259 0.075521 0.836111 0.079687 0.839815 0.082292 0.845370 0.082813 0.850926
0 0.083333 0.851852 0.084375 0.852778 0.083854 0.854630 0.083854 0.859259 0.082813 0.862963 0.079167 0.870370 0.167187 0.691667 0.166667 0.689815 0.165104 0.690741 0.164062 0.689815 0.162500 0.687963 0.161979 0.687963 0.160417 0.685185 0.158333 0.675000 0.158854 0.674074 0.159375 0.671296 0.160938 0.665741 0.163021 0.662963 0.163542 0.662963 0.164583 0.661111 0.166667 0.660185 0.167187 0.661111 0.168750 0.660185 0.169271 0.661111 0.170312 0.659259 0.171875 0.662037 0.172396 0.662963 0.173438 0.663889 0.173438 0.667593 0.173958 0.667593 0.175000 0.675000 0.174479 0.676852 0.175000 0.677778 0.173438 0.684259 0.171875 0.686111
0 0.169271 0.688889 0.169271 0.689815 0.624479 0.674074 0.623958 0.674074 0.623438 0.674074 0.620313 0.669444 0.618750 0.664815 0.619792 0.662963 0.618750 0.659259 0.619271 0.658333 0.619271 0.656482 0.619271 0.655556 0.619792 0.653704 0.622396 0.648148 0.623958 0.647222 0.624479 0.648148 0.626562 0.646296 0.627083 0.647222 0.628646 0.646296 0.630729 0.649074 0.631250 0.650926 0.631771 0.651852 0.631771 0.653704 0.632292 0.654630 0.632292 0.655556 0.632292 0.657407 0.632292 0.659259 0.631771 0.660185 0.632292 0.662963 0.631250 0.666667 0.631250 0.667593
0 0.630729 0.668519 0.630208 0.669444 0.629687 0.670370 0.628125 0.671296 0.627604 0.673148 0.609896 0.769444 0.609375 0.767593 0.608854 0.767593 0.607813 0.766667 0.607813 0.767593 0.605208 0.762037 0.603646 0.756481 0.604167 0.755556 0.604688 0.753704 0.605208 0.751852 0.605208 0.750000 0.605729 0.749074 0.606250 0.748148 0.606771 0.746296 0.607292 0.746296 0.608333 0.744444 0.608333 0.746296
0 0.609375 0.744444 0.609896 0.745370 0.610937 0.744444 0.612500 0.747222 0.612500 0.748148 0.614062 0.750000 0.614583 0.751852 0.614062 0.753704 0.614583 0.757407 0.611979 0.765741 0.610417 0.766667 0.342708 0.922222 0.339583 0.921296 0.336979 0.919444 0.336979 0.917593 0.336458 0.915741 0.335417 0.911111 0.335938 0.909259 0.335938 0.905556 0.337500 0.899074 0.338021 0.899074 0.338542 0.897222 0.339063 0.897222 0.340104 0.895370 0.341667 0.894444 0.342187 0.894444 0.343229 0.894444 0.343750 0.894444 0.345313 0.894444 0.345833 0.894444 0.346875 0.894444 0.347917 0.895370 0.347917 0.896296 0.350000 0.900000 0.350521 0.905556 0.350000 0.909259 0.350521 0.909259 0.349479 0.914815
0 0.348958 0.914815 0.348958 0.916667 0.347917 0.916667 0.347396 0.918519 0.346354 0.918519 0.346354 0.919444 0.345313 0.920370 0.343750 0.923148 0.416667 0.302778 0.416146 0.300926 0.415104 0.300926 0.413021 0.300000 0.413542 0.299074 0.413021 0.297222 0.411979 0.290741 0.411979 0.289815 0.412500 0.287963 0.414062 0.283333 0.416667 0.281481 0.417188 0.282407 0.417708 0.282407 0.420312 0.286111 0.421354 0.291667 0.420833 0.292593 0.420833 0.293519 0.420312 0.296296 0.419792 0.296296 0.418750 0.299074 0.417188 0.300000 0.628646 0.571296
0 0.628125 0.569444 0.626042 0.570370 0.622917 0.568519 0.623438 0.567593 0.622917 0.565741 0.622396 0.563889 0.621875 0.563889 0.621354 0.555556 0.622396 0.551852 0.621875 0.550000 0.622396 0.548148 0.622917 0.546296 0.622917 0.545370 0.623438 0.544444 0.624479 0.542593 0.626562 0.541667 0.627083 0.539815 0.630208 0.537963 0.630729 0.538889 0.632292 0.538889 0.633854 0.541667 0.634375 0.543519 0.634896 0.544444 0.634896 0.546296 0.635417 0.546296 0.636458 0.554630 0.635938 0.555556
0 0.636458 0.557407 0.635938 0.559259 0.635938 0.560185 0.634375 0.564815 0.633854 0.564815 0.632812 0.567593 0.716667 0.262963 0.714583 0.264815 0.709896 0.262963 0.707812 0.261111 0.705208 0.254630 0.703646 0.247222 0.703125 0.247222 0.703646 0.243519 0.703125 0.240741 0.704167 0.234259 0.705729 0.229630 0.709375 0.223148 0.712500 0.221296 0.713542 0.222222 0.716667 0.221296 0.720312 0.223148 0.723437 0.228704 0.725000 0.238889 0.724479 0.250926 0.722396 0.257407 0.718750 0.260185 0.718750 0.262963 0.658854 0.848148 0.658333 0.846296 0.657292 0.848148 0.656771 0.846296 0.655208 0.846296 0.654688 0.845370 0.653646 0.845370 0.654167 0.843518 0.652604 0.840741 0.651563 0.835185
0 0.651563 0.834259 0.651563 0.832407 0.651563 0.831481 0.652083 0.828704 0.652083 0.827778 0.652604 0.825926 0.653646 0.822222 0.654167 0.822222 0.656250 0.818519 0.658854 0.816667 0.659375 0.817593 0.660417 0.816667 0.662500 0.818519 0.663021 0.818519 0.663021 0.819444 0.664062 0.820370 0.664583 0.825000 0.665104 0.825000 0.665104 0.829630 0.664583 0.830556 0.665104 0.832407 0.664583 0.833333 0.664583 0.835185 0.664062 0.837037 0.664062 0.837963 0.662500 0.843518 0.661979 0.843518 0.660937 0.846296
0 0.813542 0.644444 0.812500 0.643519 0.811979 0.645370 0.811458 0.643519 0.809375 0.643519 0.807813 0.641667 0.805729 0.636111 0.805208 0.635185 0.804688 0.633333 0.804167 0.629630 0.803646 0.627778 0.803125 0.625000 0.805729 0.616667 0.806250 0.616667 0.807292 0.614815 0.808854 0.613889 0.809375 0.612037 0.811979 0.611111 0.812500 0.612963 0.813542 0.611111 0.815625 0.612037 0.819271 0.615741 0.820312 0.619444 0.820312 0.620370 0.820833 0.625926 0.820312 0.626852 0.820833 0.629630 0.819792 0.632407 0.819792 0.633333 0.818750 0.637963 0.817708 0.638889 0.815104 0.643519 0.408333 0.632407 0.406250 0.631481 0.402604 0.626852 0.402083 0.626852
0 0.400521 0.624074 0.399479 0.616667 0.400000 0.614815 0.399479 0.612963 0.400000 0.608333 0.400521 0.608333 0.402083 0.603704 0.403125 0.601852 0.403646 0.602778 0.404167 0.600000 0.406771 0.599074 0.407292 0.600000 0.408854 0.599074 0.408854 0.600926 0.409896 0.599074 0.413021 0.600926 0.415625 0.604630 0.416146 0.611111 0.416146 0.612963 0.416146 0.614815 0.415625 0.618519 0.414062 0.624074 0.414062 0.625926 0.413021 0.627778 0.411979 0.627778 0.411979 0.629630 0.410417 0.629630 0.409896 0.631481 0.820833 0.439815 0.820312 0.437963 0.818229 0.440741 0.817708 0.438889
0 0.816146 0.438889 0.812500 0.436111 0.813021 0.434259 0.812500 0.432407 0.811458 0.426852 0.811979 0.425000 0.811979 0.421296 0.814062 0.413889 0.814062 0.414815 0.814583 0.412037 0.820833 0.409259 0.825000 0.413889 0.825000 0.416667 0.825521 0.417593 0.826563 0.423148 0.826042 0.425000 0.826042 0.427778 0.825521 0.430556 0.825521 0.431481 0.823958 0.437037 0.352083 0.846296 0.351562 0.844444 0.350000 0.845370 0.349479 0.844444 0.348958 0.842593 0.347396 0.842593 0.347917 0.840741 0.346875 0.838889 0.345833 0.829630 0.346354 0.827778 0.345833 0.825926 0.345833 0.824074 0.346875 0.822222 0.348437 0.819444 0.351562 0.818519 0.352083 0.819444 0.353125 0.819444 0.353646 0.819444 0.355208 0.820370
0 0.355729 0.820370 0.355208 0.821296 0.355729 0.822222 0.356771 0.823148 0.357292 0.824074 0.357292 0.827778 0.357292 0.829630 0.357812 0.833333 0.355729 0.839815 0.355729 0.840741 0.355208 0.840741 0.354688 0.843518 0.354167 0.843518 0.353646 0.844444 0.353646 0.684259 0.348958 0.683333 0.349479 0.681481 0.345833 0.678704 0.346354 0.676852 0.345833 0.675000 0.344271 0.667593 0.344792 0.666667 0.344792 0.663889 0.346354 0.657407 0.346875 0.654630 0.348958 0.650926 0.355729 0.647222 0.357812 0.649074 0.358333 0.650926 0.359896 0.655556 0.360417 0.660185
0 0.360938 0.661111 0.360417 0.665741 0.360938 0.668519 0.358854 0.677778 0.358333 0.679630 0.356250 0.680556 0.355729 0.681481 0.353646 0.683333 0.441146 0.153704 0.440625 0.151852 0.440104 0.152778 0.439583 0.151852 0.438021 0.151852 0.436979 0.152778 0.437500 0.150926 0.436979 0.149074 0.436458 0.147222 0.435417 0.146296 0.435417 0.145370 0.435937 0.142593 0.435417 0.137037 0.435937 0.136111 0.436458 0.133333 0.436979 0.132407 0.438021 0.130556 0.438542 0.128704 0.440625 0.128704 0.440625 0.126852
0 0.441667 0.126852 0.442187 0.126852 0.443229 0.126852 0.443750 0.128704 0.444271 0.126852 0.444792 0.128704 0.445833 0.129630 0.446354 0.130556 0.446354 0.134259 0.446875 0.135185 0.447396 0.139815 0.446875 0.140741 0.446875 0.141667 0.446354 0.143519 0.446354 0.146296 0.445833 0.146296 0.445312 0.149074 0.444792 0.149074 0.444271 0.150926 0.113542 0.515741 0.113021 0.513889 0.111458 0.514815 0.110937 0.514815 0.108333 0.514815 0.105729 0.511111 0.104687 0.509259 0.103646 0.503704 0.104687 0.501852 0.104167 0.498148 0.104167 0.496296 0.104687 0.493519 0.104687 0.490741 0.105729 0.487037 0.106771 0.487037 0.107813 0.485185 0.109896 0.484259 0.110937 0.482407 0.111458 0.483333 0.113542 0.482407
0 0.116146 0.484259 0.118229 0.489815 0.118750 0.497222 0.118229 0.498148 0.118229 0.502778 0.116146 0.511111 0.115104 0.512963 0.114063 0.513889 0.260417 0.278704 0.257292 0.279630 0.256771 0.279630 0.255208 0.278704 0.253646 0.278704 0.254167 0.276852 0.251563 0.274074 0.251042 0.269444 0.250000 0.270370 0.250000 0.268519 0.250521 0.265741 0.250521 0.263889 0.250521 0.262037 0.251042 0.260185 0.252604 0.256481 0.253125 0.256481 0.254167 0.254630 0.260938 0.250926 0.264062 0.253704 0.264062 0.254630 0.264583 0.255556 0.264583 0.257407 0.266146 0.259259 0.266146 0.260185 0.265625 0.262037 0.266146 0.265741 0.265625 0.266667 0.266146 0.267593 0.263542 0.276852 0.163021 0.596296 0.162500 0.594444
0 0.161979 0.594444 0.159896 0.593518 0.160417 0.590741 0.159375 0.589815 0.158333 0.580556 0.158333 0.579630 0.158333 0.577778 0.158854 0.575926 0.158854 0.573148 0.159896 0.571296 0.160938 0.568519 0.167187 0.564815 0.169792 0.567593 0.169792 0.569444 0.170833 0.572222 0.171875 0.577778 0.171354 0.578704 0.171354 0.581481 0.170833 0.584259 0.171354 0.584259 0.169792 0.590741 0.167708 0.591667 0.167187 0.592593 0.807813 0.345370
0 0.803646 0.343519 0.802604 0.342593 0.802083 0.342593 0.800000 0.337963 0.798958 0.331481 0.798958 0.330556 0.799479 0.327778 0.800000 0.325000 0.801562 0.322222 0.800521 0.320370 0.801042 0.320370 0.802083 0.316667 0.803125 0.316667 0.804167 0.314815 0.805208 0.313889 0.805729 0.314815 0.807813 0.313889 0.808333 0.313889 0.809896 0.313889 0.810938 0.313889 0.813021 0.319444 0.814062 0.320370 0.814583 0.328704 0.814062 0.335185 0.813021 0.338889
0 0.813021 0.339815 0.811979 0.339815 0.811979 0.341667 0.810417 0.341667 0.810417 0.343519 0.808854 0.344444 0.808854 0.345370 0.882812 0.398148 0.882292 0.398148 0.879687 0.399074 0.879167 0.399074 0.878125 0.400000 0.878646 0.398148 0.876562 0.397222 0.877083 0.394444 0.876562 0.394444 0.876042 0.391667 0.875521 0.391667 0.874479 0.384259 0.875521 0.382407 0.875000 0.379630 0.875000 0.376852 0.875521 0.375926 0.876562 0.374074 0.877604 0.374074 0.878646 0.372222 0.882292 0.370370 0.882812 0.370370
0 0.884375 0.371296 0.886458 0.373148 0.886979 0.375000 0.887500 0.375000 0.887500 0.377778 0.888021 0.377778 0.888542 0.383333 0.888542 0.384259 0.888542 0.386111 0.888021 0.388889 0.888021 0.389815 0.886458 0.394444 0.885938 0.394444 0.885417 0.396296 0.884375 0.396296 0.884375 0.398148 0.720312 0.056481 0.719271 0.055556 0.718750 0.056481 0.718229 0.054630 0.717708 0.054630 0.715625 0.053704 0.716146 0.051852 0.714063 0.047222 0.714063 0.045370 0.713542 0.043519 0.713542 0.040741 0.714063 0.039815 0.713021 0.038889
0 0.714063 0.037963 0.714583 0.036111 0.715625 0.032407 0.716667 0.031481 0.717708 0.029630 0.718229 0.030556 0.720833 0.029630 0.720833 0.030556 0.723437 0.030556 0.724479 0.033333 0.725000 0.037037 0.725521 0.037963 0.726042 0.040741 0.726042 0.041667 0.725521 0.043519 0.725521 0.044444 0.726042 0.046296 0.725521 0.047222 0.725521 0.049074 0.725000 0.050000 0.724479 0.050926 0.723437 0.051852 0.722917 0.052778 0.721875 0.053704 0.721354 0.054630
0 0.744792 0.751852 0.740625 0.754630 0.738021 0.751852 0.738021 0.750000 0.737500 0.748148 0.735937 0.742593 0.736979 0.740741 0.736979 0.737963 0.737500 0.737963 0.737500 0.736111 0.739062 0.729630 0.740104 0.729630 0.741146 0.727778 0.745833 0.725000 0.748438 0.726852 0.748438 0.728704 0.748958 0.731481 0.750521 0.737963 0.750000 0.738889 0.750000 0.741667 0.749479 0.742593 0.750000 0.745370 0.748958 0.748148 0.748438 0.748148 0.747396 0.750926 0.092708 0.155556 0.091667 0.153704 0.091146 0.154630 0.089583 0.151852 0.089062 0.149074 0.088021 0.150000
0 0.088542 0.148148 0.088021 0.147222 0.087500 0.146296 0.087500 0.145370 0.087500 0.143519 0.088542 0.141667 0.088021 0.139815 0.090625 0.131481 0.094792 0.128704 0.095312 0.129630 0.096875 0.128704 0.098958 0.131481 0.098958 0.132407 0.100000 0.133333 0.100000 0.140741 0.099479 0.144444 0.100000 0.146296 0.098438 0.150000 0.097396 0.150926 0.096875 0.151852 0.094792 0.153704 0.094271 0.154630 0.470833 0.353704 0.469792 0.352778 0.467708 0.354630 0.467187 0.352778 0.465625 0.353704 0.465104 0.353704 0.464583 0.353704 0.463021 0.352778 0.463542 0.350926 0.461979 0.349074 0.460938 0.341667 0.461979 0.339815
0 0.461979 0.336111 0.463021 0.332407 0.463021 0.333333 0.463542 0.332407 0.464063 0.331481 0.465104 0.329630 0.466146 0.329630 0.466667 0.327778 0.468229 0.326852 0.468750 0.327778 0.469792 0.326852 0.470313 0.327778 0.470833 0.327778 0.471875 0.328704 0.472396 0.328704 0.472917 0.329630 0.473958 0.337037 0.473437 0.337963 0.473958 0.342593 0.472917 0.344444 0.473437 0.345370 0.471875 0.350926 0.471354 0.350926 0.742188 0.576852 0.739062 0.575926 0.739583 0.574074 0.739062 0.572222 0.738542 0.570370
0 0.738021 0.568519 0.737500 0.562037 0.738021 0.560185 0.736979 0.558333 0.738021 0.556481 0.737500 0.554630 0.739583 0.547222 0.745313 0.544444 0.746354 0.544444 0.746875 0.544444 0.749479 0.548148 0.749479 0.550000 0.750000 0.550926 0.751562 0.554630 0.751042 0.556481 0.750521 0.563889 0.747917 0.572222 0.745833 0.573148 0.745833 0.575000 0.770312 0.412963 0.767708 0.415741 0.767187 0.413889 0.764583 0.413889 0.761979 0.411111 0.762500 0.409259 0.761458 0.408333 0.760417 0.403704 0.761458 0.401852 0.760417 0.400926 0.760938 0.400000 0.761458 0.398148 0.763021 0.390741 0.763542 0.390741 0.764583 0.387963 0.770833 0.384259 0.771354 0.384259
0 0.772917 0.385185 0.773958 0.386111 0.773958 0.387037 0.776042 0.391667 0.775521 0.392593 0.776042 0.396296 0.775521 0.398148 0.776042 0.400000 0.775000 0.401852 0.775000 0.406481 0.773958 0.410185 0.773438 0.410185 0.773438 0.412037 0.615104 0.710185 0.614583 0.708333 0.613542 0.709259 0.613021 0.709259 0.611458 0.709259 0.610417 0.709259 0.607292 0.706481 0.607813 0.703704
0 0.605208 0.699074 0.605208 0.697222 0.605729 0.695370 0.605208 0.689815 0.606250 0.687963 0.606771 0.683333 0.607292 0.683333 0.607813 0.680556 0.611979 0.678704 0.612500 0.676852 0.614062 0.675926 0.614583 0.676852 0.615625 0.676852 0.617708 0.677778 0.618229 0.678704 0.619271 0.679630 0.621354 0.683333 0.621875 0.686111 0.622396 0.687037 0.622917 0.690741 0.622396 0.692593 0.622396 0.696296 0.621875 0.699074 0.620313 0.700926 0.618750 0.705556 0.617188 0.708333 0.304688 0.295370 0.304688 0.293519 0.303125 0.294444 0.302083 0.293519 0.301562 0.294444 0.300521 0.293519 0.301042 0.291667
0 0.300000 0.289815 0.299479 0.284259 0.298438 0.284259 0.298958 0.282407 0.298438 0.280556 0.298438 0.279630 0.298958 0.276852 0.299479 0.275000 0.300000 0.275000 0.301562 0.270370 0.303125 0.270370 0.303646 0.268519 0.305208 0.267593 0.305729 0.269444 0.306771 0.267593 0.307292 0.268519 0.307813 0.268519 0.308854 0.269444 0.309375 0.269444 0.309896 0.270370 0.310417 0.271296 0.310417 0.275000 0.311458 0.275926 0.311458 0.277778 0.310937 0.278704 0.310937 0.283333 0.310937 0.284259 0.310417 0.284259 0.308333 0.291667 0.307813 0.291667 0.307292 0.293519
0 0.353125 0.186111 0.350521 0.187037 0.350000 0.187037 0.349479 0.187037 0.346354 0.185185 0.346875 0.183333 0.345313 0.181481 0.344792 0.174074 0.344792 0.173148 0.344792 0.171296 0.344792 0.170370 0.345313 0.168519 0.345833 0.165741 0.346875 0.163889 0.347917 0.162037 0.351562 0.160185 0.352604 0.158333 0.353646 0.157407 0.354167 0.158333 0.355208 0.157407 0.357292 0.159259 0.357292 0.160185 0.357812 0.161111 0.358333 0.162963 0.359375 0.165741 0.360417 0.173148 0.359375 0.175926 0.359375 0.178704 0.358854 0.180556 0.358333 0.180556 0.357812 0.182407 0.355729 0.183333 0.355729 0.184259 0.734896 0.030556
0 0.733854 0.029630 0.733333 0.029630 0.732813 0.027778 0.731771 0.026852 0.731250 0.025000 0.729688 0.023148 0.730208 0.020370 0.728646 0.018519 0.728646 0.017593 0.728125 0.014815 0.728125 0.013889 0.728646 0.012037 0.740625 0.011111 0.741146 0.011111 0.741667 0.012963 0.741667 0.013889 0.741667 0.016667 0.741667 0.017593 0.741667 0.019444 0.741146 0.020370 0.741146 0.021296 0.740104 0.025000
0 0.739583 0.025000 0.739583 0.026852 0.738021 0.026852 0.737500 0.028704 0.736979 0.029630 0.736458 0.030556 0.274479 0.847222 0.273958 0.847222 0.272917 0.848148 0.272396 0.846296 0.271875 0.847222 0.269792 0.846296 0.267708 0.844444 0.267708 0.841667 0.266146 0.838889 0.265625 0.831481 0.266146 0.828704 0.266146 0.825926 0.267708 0.819444 0.268750 0.817593 0.269792 0.815741 0.273438 0.813889 0.273958 0.814815 0.277083 0.813889 0.280208 0.818519 0.281250 0.819444 0.281250 0.823148 0.281771 0.823148 0.282292 0.828704 0.282292 0.829630 0.282292 0.831481 0.281771 0.836111 0.280208 0.840741 0.278125 0.843518 0.276563 0.846296 0.165104 0.124074 0.164583 0.123148 0.161458 0.125000
0 0.160417 0.124074 0.159896 0.125000 0.156771 0.122222 0.157292 0.120370 0.156771 0.118519 0.156250 0.116667 0.155208 0.115741 0.156250 0.113889 0.156771 0.108333 0.158854 0.099074 0.160938 0.098148 0.161979 0.096296 0.165104 0.094444 0.164583 0.096296 0.165625 0.094444 0.169271 0.100000 0.169792 0.101852 0.170312 0.101852 0.170312 0.103704 0.170833 0.104630 0.170833 0.108333 0.170312 0.109259 0.170833 0.111111 0.169792 0.115741 0.169271 0.116667 0.168229 0.120370 0.167708 0.120370
0 0.166146 0.123148 0.636979 0.111111 0.636458 0.109259 0.635938 0.109259 0.634375 0.109259 0.634896 0.107407 0.632812 0.102778 0.632292 0.096296 0.632812 0.094444 0.631771 0.092593 0.632812 0.090741 0.632292 0.089815 0.634375 0.084259 0.641146 0.080556 0.642187 0.081481 0.644792 0.084259 0.644792 0.086111 0.645312 0.087037 0.645833 0.090741 0.645312 0.091667 0.645312 0.096296 0.645312 0.097222 0.645312 0.098148 0.644792 0.100926 0.644792 0.101852 0.643750 0.105556 0.640625 0.106481 0.640625 0.108333 0.128125 0.243519 0.127604 0.243519 0.126042 0.243519 0.124479 0.241667
0 0.125000 0.239815 0.124479 0.237963 0.123958 0.237037 0.122917 0.236111 0.122917 0.234259 0.123438 0.232407 0.123438 0.229630 0.123958 0.228704 0.123438 0.226852 0.125000 0.223148 0.126563 0.220370 0.129688 0.218519 0.130208 0.219444 0.131771 0.219444 0.133333 0.221296 0.133854 0.224074 0.133854 0.225000 0.134375 0.230556 0.133854 0.231481 0.134375 0.233333 0.133854 0.234259 0.133854 0.235185 0.132812 0.238889 0.132292 0.239815 0.131771 0.240741 0.131250 0.241667 0.130729 0.242593 0.064062 0.436111 0.063542 0.435185 0.062500 0.435185 0.061979 0.435185 0.061458 0.436111
0 0.060938 0.434259 0.060417 0.434259 0.060417 0.435185 0.058854 0.435185 0.059375 0.434259 0.058854 0.432407 0.057813 0.425926 0.057813 0.425000 0.058333 0.423148 0.058854 0.423148 0.059375 0.420370 0.059375 0.421296 0.060417 0.419444 0.060938 0.419444 0.061458 0.417593 0.064583 0.415741 0.065104 0.416667 0.065625 0.416667 0.065625 0.417593 0.066146 0.416667 0.067708 0.419444 0.068229 0.426852 0.067188 0.431481 0.066667 0.432407 0.064583 0.435185 0.843229 0.464815 0.841146 0.462963 0.840625 0.462963 0.840104 0.460185
0 0.838021 0.457407 0.837500 0.450000 0.838542 0.444444 0.838021 0.442593 0.840625 0.437037 0.844271 0.435185 0.844792 0.436111 0.847396 0.434259 0.849479 0.437037 0.849479 0.437963 0.851562 0.442593 0.852083 0.448148 0.851562 0.450000 0.851562 0.454630 0.850000 0.460185 0.847396 0.461111 0.846875 0.462037 0.121354 0.295370 0.120833 0.294444 0.118229 0.296296 0.117188 0.295370 0.116667 0.295370 0.116667 0.296296 0.115104 0.296296
0 0.115625 0.294444 0.112500 0.289815 0.110937 0.281481 0.111979 0.279630 0.111458 0.278704 0.111979 0.277778 0.112500 0.275926 0.114063 0.271296 0.116146 0.270370 0.116667 0.268519 0.119792 0.266667 0.120312 0.267593 0.120833 0.267593 0.122917 0.269444 0.122917 0.270370 0.123438 0.271296 0.123438 0.273148 0.125000 0.275926 0.125000 0.280556 0.125521 0.281481 0.125521 0.282407 0.125000 0.286111 0.125000 0.287963 0.123958 0.291667 0.123438 0.291667 0.122396 0.294444 0.058854 0.549074 0.058333 0.547222 0.056250 0.550000 0.055729 0.548148 0.053125 0.548148 0.051042 0.543519 0.050000 0.536111
0 0.050521 0.534259 0.050521 0.529630 0.052083 0.524074 0.052604 0.524074 0.053125 0.522222 0.054167 0.522222 0.054688 0.520370 0.056771 0.519444 0.057813 0.520370 0.059896 0.519444 0.061458 0.521296 0.061979 0.522222 0.062500 0.523148 0.062500 0.525000 0.063021 0.525926 0.064062 0.532407 0.063542 0.534259 0.063542 0.536111 0.063542 0.537037 0.063542 0.537963 0.062500 0.541667 0.061979 0.543519 0.060417 0.546296 0.059375 0.547222 0.731771 0.154630
0 0.731250 0.152778 0.728646 0.152778 0.727083 0.151852 0.726042 0.152778 0.725000 0.150000 0.724479 0.148148 0.723958 0.146296 0.722917 0.138889 0.723437 0.135185 0.723958 0.133333 0.724479 0.131481 0.725000 0.130556 0.725521 0.128704 0.727083 0.128704 0.727604 0.126852 0.729688 0.125000 0.730208 0.125926 0.731771 0.125000 0.732292 0.125926 0.732813 0.125926 0.734375 0.127778 0.734896 0.127778 0.736458 0.129630 0.737500 0.138889 0.736979 0.139815 0.736979 0.143519 0.736458 0.147222 0.735417 0.147222 0.734896 0.149074 0.732813 0.152778 0.159375 0.963889 0.158854 0.962037 0.157292 0.962963 0.154687 0.961111 0.153125 0.959259 0.151042 0.954630 0.148958 0.948148 0.150000 0.946296 0.150000 0.941667 0.151042 0.937963
0 0.153125 0.934259 0.155208 0.932407 0.155729 0.930556 0.157292 0.930556 0.158333 0.930556 0.159375 0.929630 0.159896 0.930556 0.160938 0.929630 0.163021 0.930556 0.164583 0.933333 0.165625 0.937037 0.166146 0.937037 0.166667 0.938889 0.167187 0.939815 0.167708 0.944444 0.167187 0.945370 0.167708 0.949074 0.165625 0.956481 0.164583 0.957407 0.164062 0.957407 0.163542 0.958333 0.161979 0.961111 0.416146 0.597222 0.415625 0.595370 0.415104 0.596296 0.414583 0.594444 0.414062 0.596296 0.413542 0.594444
0 0.413021 0.594444 0.412500 0.593518 0.411979 0.591667 0.411458 0.591667 0.409896 0.585185 0.410417 0.584259 0.410937 0.582407 0.411979 0.578704 0.412500 0.578704 0.413021 0.576852 0.413542 0.576852 0.414062 0.575000 0.415625 0.575000 0.416146 0.575000 0.417188 0.575000 0.417188 0.576852 0.418229 0.575000 0.419271 0.576852 0.419271 0.577778 0.419792 0.578704 0.420312 0.581481 0.420833 0.582407 0.421354 0.586111 0.420312 0.587963 0.420312 0.589815 0.420312 0.590741 0.419792 0.590741 0.418229 0.593518 0.417708 0.594444
0 0.417188 0.595370 0.060938 0.355556 0.058854 0.358333 0.058333 0.356481 0.057292 0.357407 0.056250 0.356481 0.055208 0.355556 0.054688 0.353704 0.053125 0.350000 0.052604 0.346296 0.052083 0.344444 0.052604 0.340741 0.052083 0.337963 0.054688 0.329630 0.058854 0.327778 0.059896 0.325926 0.062500 0.325926 0.063021 0.326852 0.063542 0.326852 0.066146 0.329630 0.067188 0.331481 0.067188 0.333333 0.067708 0.334259 0.068229 0.339815 0.067708 0.340741 0.068229 0.342593
0 0.066146 0.350000 0.063542 0.354630 0.335417 0.856481 0.334896 0.854630 0.333854 0.854630 0.331771 0.852778 0.331250 0.853704 0.330208 0.850926 0.329167 0.849074 0.328125 0.840741 0.328646 0.838889 0.328125 0.836111 0.328646 0.832407 0.329167 0.832407 0.330729 0.828704 0.331771 0.828704 0.332812 0.826852 0.333333 0.826852 0.333854 0.827778 0.334896 0.825926 0.335417 0.826852 0.338021 0.825926 0.339583 0.828704 0.340104 0.829630 0.340625 0.830556 0.340625 0.833333 0.341146 0.834259 0.342708 0.842593 0.342187 0.843518 0.342708 0.845370 0.342187 0.847222 0.342187 0.848148 0.341667 0.850926
0 0.340625 0.850926 0.340104 0.850926 0.338021 0.852778 0.337500 0.853704 0.339063 0.015741 0.338021 0.014815 0.334896 0.016667 0.333333 0.015741 0.333854 0.013889 0.333333 0.012037 0.342187 0.009259 0.341667 0.009259 0.340104 0.014815 0.860937 0.552778 0.858333 0.554630 0.856250 0.553704 0.852604 0.549074 0.853125 0.547222 0.852604 0.545370 0.851562 0.539815 0.851562 0.538889 0.851562 0.537037 0.852083 0.534259 0.854167 0.527778 0.856250 0.523148 0.857292 0.522222 0.857813 0.523148 0.861979 0.521296 0.863021 0.521296 0.865104 0.524074 0.866146 0.526852 0.866667 0.529630 0.867188 0.530556 0.867708 0.535185 0.867188 0.537037 0.867708 0.539815 0.866146 0.548148
0 0.865104 0.549074 0.864062 0.550000 0.864062 0.550926 0.110937 0.765741 0.110417 0.763889 0.108333 0.764815 0.107292 0.764815 0.106250 0.765741 0.103646 0.762963 0.102604 0.760185 0.102083 0.756481 0.101562 0.755556 0.101042 0.753704 0.101562 0.750926 0.101042 0.748148 0.101562 0.745370 0.102083 0.742593 0.102083 0.741667 0.103125 0.739815 0.103646 0.737963 0.104687 0.737963 0.105208 0.737037 0.106250 0.735185 0.106771 0.734259 0.109375 0.733333 0.109896 0.735185 0.110937 0.733333 0.111979 0.733333 0.115104 0.737037 0.115625 0.738889 0.116146 0.742593 0.116667 0.744444 0.116667 0.746296 0.116667 0.750000 0.116667 0.751852 0.114583 0.761111 0.113542 0.762037 0.113021 0.762963
0 0.112500 0.763889 0.494271 0.145370 0.491146 0.146296 0.490625 0.146296 0.490104 0.146296 0.489062 0.144444 0.489062 0.142593 0.488542 0.140741 0.486979 0.130556 0.487500 0.128704 0.488021 0.125926 0.488542 0.124074 0.488542 0.125000 0.489583 0.123148 0.495313 0.119444 0.495833 0.120370 0.496354 0.120370 0.496354 0.121296 0.496875 0.121296 0.497396 0.124074 0.497917 0.124074 0.497396 0.125926 0.498437 0.125926 0.498958 0.130556 0.499479 0.132407
0 0.499479 0.133333 0.499479 0.135185 0.498958 0.136111 0.499479 0.137963 0.498437 0.141667 0.497917 0.141667 0.497396 0.143519 0.812500 0.391667 0.811979 0.389815 0.809896 0.390741 0.809375 0.390741 0.808333 0.390741 0.807813 0.390741 0.806771 0.390741 0.804167 0.389815 0.804688 0.387963 0.803125 0.384259 0.802604 0.381481 0.802083 0.379630 0.801042 0.375926 0.802083 0.374074 0.801042 0.373148 0.801562 0.372222 0.802083 0.370370 0.803646 0.366667 0.804167 0.367593 0.804688 0.364815 0.806771 0.364815
0 0.807292 0.362037 0.809896 0.361111 0.810417 0.362037 0.811979 0.362037 0.814062 0.364815 0.814583 0.365741 0.816146 0.370370 0.816667 0.374074 0.816146 0.375000 0.816667 0.376852 0.816146 0.378704 0.815625 0.383333 0.814062 0.387963 0.813021 0.389815 0.270312 0.302778 0.269792 0.300926 0.268750 0.300926 0.264583 0.295370 0.264583 0.292593 0.265104 0.289815 0.264062 0.287037 0.265104 0.285185 0.265104 0.282407 0.265625 0.279630 0.266146 0.279630 0.266667 0.277778 0.267188 0.277778 0.267708 0.275926 0.270833 0.274074 0.271354 0.275000
0 0.272917 0.274074 0.273438 0.275000 0.273958 0.275000 0.275000 0.275926 0.275000 0.276852 0.276563 0.279630 0.276563 0.282407 0.277604 0.283333 0.277604 0.287963 0.277604 0.288889 0.277083 0.292593 0.276563 0.294444 0.276042 0.295370 0.275000 0.298148 0.273438 0.299074 0.272917 0.300000 0.178125 0.877778 0.176042 0.876852 0.171875 0.869444 0.171354 0.864815 0.169792 0.864815 0.170312 0.862037 0.170833 0.858333 0.171354 0.855556 0.171875 0.855556 0.172917 0.852778 0.173958 0.850000 0.175000 0.850000 0.175521 0.847222 0.180729 0.844444 0.182812 0.845370 0.184375 0.848148 0.184896 0.850000 0.185937 0.853704 0.186458 0.856481
0 0.186979 0.856481 0.187500 0.862037 0.186458 0.868519 0.185937 0.869444 0.184896 0.873148 0.182292 0.874074 0.182292 0.875926 0.863542 0.722222 0.862500 0.720370 0.860417 0.721296 0.859896 0.721296 0.858854 0.723148 0.858333 0.721296 0.857813 0.721296 0.854688 0.716667 0.853125 0.709259 0.853646 0.706481 0.854167 0.701852 0.855729 0.696296 0.856771 0.696296 0.857292 0.694444 0.858333 0.694444 0.859375 0.692593 0.860937 0.691667
0 0.861458 0.693519 0.862500 0.691667 0.863021 0.692593 0.863542 0.692593 0.866146 0.695370 0.866146 0.696296 0.867708 0.700000 0.868229 0.708333 0.867188 0.712037 0.867188 0.712963 0.866146 0.716667 0.865625 0.716667 0.864583 0.719444 0.863021 0.720370 0.191667 0.761111 0.191146 0.759259 0.189063 0.758333 0.186458 0.756481 0.186979 0.754630 0.186458 0.753704 0.185937 0.752778 0.184896 0.751852 0.185417 0.750000 0.184375 0.749074 0.182812 0.742593 0.183333 0.741667 0.183854 0.738889 0.184375 0.736111 0.185417 0.734259 0.186458 0.731481
0 0.187500 0.732407 0.188021 0.729630 0.189063 0.729630 0.190104 0.727778 0.193750 0.728704 0.195312 0.731481 0.195833 0.734259 0.196875 0.735185 0.197917 0.740741 0.197396 0.742593 0.197396 0.744444 0.197396 0.745370 0.197396 0.750926 0.196875 0.750926 0.196875 0.751852 0.194792 0.758333 0.178125 0.265741 0.177604 0.263889 0.176563 0.263889 0.176042 0.263889 0.175521 0.263889 0.173958 0.262037 0.172917 0.261111 0.171354 0.256481 0.170312 0.249074 0.171875 0.247222 0.170833 0.245370 0.171354 0.245370 0.172396 0.241667 0.172917 0.241667 0.173958 0.239815 0.175000 0.239815 0.175521 0.237963 0.176042 0.237963
0 0.176563 0.237963 0.178125 0.237963 0.178646 0.237963 0.179167 0.237963 0.180729 0.239815 0.180729 0.240741 0.182292 0.242593 0.182292 0.244444 0.182812 0.245370 0.183333 0.248148 0.183854 0.249074 0.183854 0.250000 0.183333 0.250926 0.183333 0.253704 0.182812 0.255556 0.183333 0.257407 0.181771 0.257407 0.181250 0.259259 0.180729 0.260185 0.179167 0.263889 0.063021 0.156481 0.063021 0.154630 0.059375 0.157407 0.058854 0.155556 0.058333 0.155556 0.055729 0.150000 0.054688 0.145370 0.055208 0.143519 0.055729 0.137963 0.057813 0.132407 0.058333 0.132407 0.059375 0.130556 0.062500 0.128704 0.063542 0.129630 0.065625 0.130556 0.066667 0.131481 0.066667 0.133333 0.067188 0.134259
0 0.067188 0.136111 0.068229 0.137037 0.068229 0.138889 0.067708 0.139815 0.068229 0.143519 0.067708 0.145370 0.067188 0.147222 0.065625 0.151852 0.065104 0.151852 0.064062 0.154630 0.482812 0.363889 0.482292 0.362037 0.480208 0.362963 0.479167 0.362037 0.477083 0.362037 0.477604 0.360185 0.476562 0.357407 0.475521 0.352778 0.475521 0.350926 0.476042 0.348148 0.477083 0.343519 0.477604 0.340741 0.478125 0.340741 0.480208 0.337037
0 0.482812 0.335185 0.483333 0.336111 0.484896 0.335185 0.485417 0.336111 0.486458 0.335185 0.487500 0.337037 0.488021 0.337963 0.488542 0.338889 0.488542 0.340741 0.489062 0.340741 0.489583 0.345370 0.489062 0.346296 0.489583 0.350000 0.489062 0.351852 0.489062 0.352778 0.488021 0.356481 0.487500 0.356481 0.486458 0.359259 0.485417 0.359259 0.484375 0.362037 0.643229 0.526852 0.640625 0.529630 0.640104 0.527778 0.639583 0.527778 0.636458 0.524074 0.636458 0.519444 0.634896 0.519444 0.634896 0.518519 0.635938 0.516667 0.635417 0.513889 0.635417 0.512963 0.635938 0.510185 0.635938 0.509259
0 0.636979 0.507407 0.638021 0.504630 0.639583 0.504630 0.640625 0.502778 0.644792 0.500926 0.645312 0.500926 0.646875 0.501852 0.648438 0.503704 0.649479 0.512963 0.648958 0.514815 0.649479 0.517593 0.647917 0.522222 0.647396 0.522222 0.646354 0.525000 0.386979 0.987963 0.385938 0.987037 0.384375 0.985185 0.383854 0.985185 0.381771 0.982407 0.381771 0.979630 0.381250 0.979630 0.380729 0.975000 0.380208 0.975000 0.379167 0.970370 0.380208 0.968518 0.379687 0.966667 0.380208 0.962963 0.380729 0.962963 0.381771 0.960185 0.383333 0.957407 0.388021 0.954630 0.388542 0.955556 0.390104 0.954630 0.392708 0.958333 0.393229 0.960185 0.393750 0.961111 0.393750 0.963889 0.394271 0.964815 0.395312 0.971296 0.394271 0.976852
0 0.394792 0.978704 0.394271 0.979630 0.393229 0.983333 0.392188 0.984259 0.390104 0.985185 0.389583 0.986111 0.325000 0.927778 0.324479 0.925926 0.323438 0.926852 0.322396 0.925926 0.320312 0.925926 0.316667 0.923148 0.317187 0.920370 0.315104 0.916667 0.314583 0.914815 0.313542 0.913889 0.314063 0.911111 0.314583 0.909259 0.314063 0.905556 0.315104 0.901852 0.317187 0.897222 0.318229 0.897222 0.319271 0.896296 0.323438 0.893519 0.328646 0.896296 0.331250 0.900926 0.332812 0.908333 0.329688 0.920370
0 0.327083 0.925926 0.456771 0.690741 0.455208 0.688889 0.454688 0.687963 0.454167 0.686111 0.453125 0.675926 0.453125 0.675000 0.453646 0.673148 0.454688 0.668519 0.456250 0.667593 0.456771 0.668519 0.460417 0.666667 0.460938 0.667593 0.461458 0.668519 0.462500 0.669444 0.462500 0.672222 0.463542 0.673148 0.463542 0.677778 0.463542 0.679630 0.463542 0.681481 0.462500 0.685185 0.461979 0.685185 0.461458 0.686111 0.459896 0.687963 0.459375 0.688889 0.447396 0.959259 0.443229 0.961111 0.442187 0.961111 0.438542 0.957407
0 0.435937 0.950926 0.436458 0.946296 0.435937 0.944444 0.436458 0.942593 0.436979 0.940741 0.437500 0.939815 0.438542 0.936111 0.440625 0.933333 0.443229 0.931481 0.443750 0.932407 0.446875 0.930556 0.451042 0.935185 0.451562 0.938889 0.452083 0.939815 0.452604 0.946296 0.452083 0.950926 0.451042 0.954630 0.451042 0.955556 0.450521 0.955556 0.450000 0.958333 0.358333 0.337037 0.357812 0.337037 0.356771 0.337963 0.356250 0.336111 0.355729 0.337037 0.352083 0.334259 0.352604 0.333333 0.352083 0.331481 0.351042 0.322222 0.351562 0.321296 0.351562 0.316667
0 0.353125 0.309259 0.353125 0.310185 0.354167 0.308333 0.354688 0.308333 0.355208 0.306481 0.358333 0.304630 0.358854 0.305556 0.360417 0.304630 0.360417 0.305556 0.361458 0.304630 0.363021 0.307407 0.363021 0.308333 0.364062 0.310185 0.365104 0.316667 0.365625 0.316667 0.365104 0.318519 0.365104 0.320370 0.365104 0.321296 0.365104 0.324074 0.364583 0.326852 0.364583 0.327778 0.360417 0.336111 0.826042 0.305556 0.825521 0.303704 0.821354 0.305556 0.819271 0.303704 0.818750 0.302778 0.817708 0.301852
0 0.818229 0.300000 0.817708 0.298148 0.816667 0.295370 0.817708 0.293519 0.817187 0.290741 0.818750 0.283333 0.820312 0.280556 0.820833 0.280556 0.821354 0.278704 0.822396 0.278704 0.822917 0.277778 0.823958 0.275926 0.825000 0.276852 0.825521 0.276852 0.826042 0.276852 0.827083 0.277778 0.829167 0.280556 0.829167 0.281481 0.830208 0.284259 0.830208 0.285185 0.831250 0.289815 0.830729 0.291667 0.830729 0.292593 0.829687 0.296296 0.829687 0.297222 0.828646 0.300926 0.828125 0.300926 0.827604 0.301852 0.827083 0.302778 0.826563 0.303704 0.834375 0.624074 0.833854 0.622222
0 0.832292 0.623148 0.831771 0.623148 0.830208 0.622222 0.827604 0.620370 0.828125 0.618519 0.827083 0.617593 0.826042 0.610185 0.826042 0.608333 0.826563 0.605556 0.826563 0.603704 0.827604 0.601852 0.828125 0.600000 0.829167 0.600000 0.830208 0.598148 0.831250 0.597222 0.832292 0.595370 0.833854 0.594444 0.834375 0.595370 0.835938 0.595370 0.838021 0.598148 0.839583 0.602778 0.840104 0.604630 0.840625 0.604630 0.840625 0.605556 0.840625 0.609259 0.840625 0.611111 0.840625 0.612037 0.838542 0.619444 0.838021 0.619444 0.836979 0.622222 0.502604 0.637963 0.502083 0.636111 0.500000 0.637037 0.498958 0.635185
0 0.498437 0.633333 0.497396 0.630556 0.497396 0.627778 0.496354 0.626852 0.495313 0.619444 0.495313 0.618519 0.495833 0.615741 0.496875 0.613889 0.496875 0.614815 0.497396 0.612037 0.498958 0.612037 0.499479 0.611111 0.503646 0.607407 0.504167 0.608333 0.504687 0.608333 0.506250 0.610185 0.506250 0.612037 0.507812 0.614815 0.508333 0.623148 0.507812 0.625926 0.507812 0.626852 0.507292 0.627778 0.507812 0.628704 0.506771 0.631481 0.506771 0.632407 0.505729 0.635185 0.861979 0.406481 0.861458 0.404630 0.860417 0.405556 0.859896 0.404630
0 0.858854 0.404630 0.858333 0.404630 0.858333 0.402778 0.857292 0.401852 0.857292 0.400000 0.856771 0.398148 0.855208 0.389815 0.856250 0.387963 0.856250 0.385185 0.856771 0.382407 0.857292 0.382407 0.857813 0.380556 0.860937 0.378704 0.861458 0.379630 0.863542 0.378704 0.865104 0.379630 0.865104 0.380556 0.866146 0.382407 0.866667 0.383333 0.867188 0.383333 0.867708 0.390741 0.867188 0.391667 0.867188 0.395370 0.866667 0.397222 0.866667 0.398148 0.866146 0.399074 0.865625 0.400000 0.864583 0.400000 0.864583 0.401852 0.863542 0.401852 0.863542 0.403704 0.862500 0.404630
0 0.394271 0.897222 0.390625 0.891667 0.390104 0.890741 0.389583 0.890741 0.389583 0.888889 0.389062 0.887037 0.388021 0.879630 0.388542 0.875926 0.389062 0.874074 0.390104 0.870370 0.390625 0.870370 0.391667 0.868519 0.397396 0.864815 0.397396 0.866667 0.397917 0.865741 0.402083 0.871296 0.401563 0.873148 0.402604 0.875926 0.402083 0.876852 0.402604 0.878704 0.402083 0.880556
0 0.402083 0.882407 0.402083 0.883333 0.402083 0.885185 0.401563 0.886111 0.402083 0.887037 0.400521 0.892593 0.398438 0.893519 0.398438 0.894444 0.139062 0.950926 0.138542 0.949074 0.136458 0.950000 0.134896 0.950000 0.135417 0.949074 0.134375 0.948148 0.134896 0.946296 0.134375 0.944444 0.133854 0.942593 0.133333 0.940741 0.131771 0.937037 0.132812 0.935185 0.132292 0.932407 0.132812 0.928704 0.133333 0.928704 0.133854 0.927778 0.134896 0.927778 0.134896 0.925926 0.136979 0.925926 0.137500 0.923148 0.138021 0.923148 0.138542 0.924074 0.140104 0.923148 0.140625 0.924074 0.142188 0.924074
0 0.143229 0.925926 0.143229 0.926852 0.145313 0.930556 0.145833 0.933333 0.145313 0.934259 0.145313 0.936111 0.145313 0.937037 0.145313 0.937963 0.143750 0.945370 0.143229 0.945370 0.141667 0.947222 0.627604 0.150926 0.627083 0.149074 0.625000 0.150000 0.620833 0.147222 0.619271 0.145370 0.616146 0.138889 0.616146 0.137963 0.616146 0.132407 0.617188 0.125000 0.618229 0.121296 0.618750 0.117593 0.619792 0.114815 0.627083 0.112037 0.627604 0.112037 0.628646 0.112037 0.633854 0.116667 0.634375 0.118519 0.635417 0.121296 0.636458 0.125000 0.635938 0.125926
0 0.636458 0.130556 0.635938 0.132407 0.632812 0.144444 0.630729 0.148148 0.723437 0.396296 0.722917 0.394444 0.721875 0.394444 0.721354 0.394444 0.719271 0.394444 0.717708 0.392593 0.717188 0.393519 0.715625 0.390741 0.714583 0.389815 0.715104 0.387037 0.714063 0.387037 0.713021 0.380556 0.714063 0.378704 0.713542 0.376852 0.717188 0.366667 0.718229 0.365741 0.719792 0.362963 0.720833 0.362037 0.721354 0.362963 0.722917 0.362037 0.723437 0.362963 0.724479 0.362037 0.725521 0.363889 0.725521 0.364815 0.727604 0.369444 0.729167 0.375926 0.728646 0.376852 0.728646 0.379630
0 0.728646 0.380556 0.728646 0.382407 0.728646 0.385185 0.727604 0.388889 0.725000 0.393519 0.723958 0.393519 0.872396 0.345370 0.871875 0.343519 0.869271 0.342593 0.866667 0.339815 0.866667 0.338889 0.866146 0.337037 0.865104 0.333333 0.866146 0.331481 0.865104 0.328704 0.865625 0.325926 0.866146 0.323148 0.866667 0.320370 0.867708 0.320370 0.868229 0.318519 0.872396 0.316667 0.872917 0.317593 0.873958 0.316667 0.875521 0.317593 0.875521 0.318519 0.876562 0.321296 0.877604 0.329630 0.877604 0.331481 0.878125 0.333333 0.877604 0.334259 0.877604 0.335185 0.876042 0.339815
0 0.875521 0.340741 0.874479 0.343519 0.872917 0.343519 0.873438 0.343519 0.196354 0.076852 0.195833 0.075000 0.194792 0.075000 0.194271 0.075000 0.193229 0.075000 0.192188 0.074074 0.192188 0.070370 0.191146 0.069444 0.191146 0.068519 0.192188 0.066667 0.191146 0.065741 0.192188 0.063889 0.191667 0.061111 0.192708 0.059259 0.193229 0.059259 0.193750 0.058333 0.194271 0.057407 0.195312 0.056481 0.196875 0.055556 0.196875 0.056481 0.198437 0.055556 0.198958 0.055556 0.200521 0.055556 0.200521 0.057407 0.201562 0.059259 0.201562 0.060185 0.202083 0.061111 0.202604 0.062963 0.202083 0.063889 0.202083 0.065741 0.202083 0.067593 0.202083 0.069444
0 0.201562 0.069444 0.201562 0.070370 0.201042 0.070370 0.199479 0.073148 0.198958 0.073148 0.198437 0.074074 0.460938 0.028704 0.460417 0.026852 0.458333 0.027778 0.457812 0.027778 0.456250 0.027778 0.455729 0.027778 0.454688 0.027778 0.453125 0.025926 0.450521 0.022222 0.451042 0.019444 0.450521 0.019444 0.450000 0.012963 0.450521 0.008333 0.465104 0.008333 0.466146 0.008333 0.466667 0.012963 0.466146 0.014815 0.466667 0.016667 0.466146 0.021296 0.465104 0.021296 0.461979 0.025926
0 0.461458 0.026852 0.261979 0.627778 0.261458 0.625000 0.260938 0.626852 0.260417 0.625000 0.259896 0.625926 0.259375 0.624074 0.258854 0.625000 0.256771 0.624074 0.257292 0.623148 0.256771 0.621296 0.256250 0.614815 0.256771 0.613889 0.256250 0.612037 0.257292 0.608333 0.257292 0.609259 0.258333 0.607407 0.258854 0.607407 0.259896 0.605556 0.260938 0.604630 0.261458 0.605556 0.262500 0.604630 0.263021 0.605556 0.263542 0.605556 0.264062 0.607407 0.264062 0.608333 0.265104 0.608333
0 0.265104 0.612037 0.265625 0.612963 0.266667 0.615741 0.266146 0.618519 0.266146 0.619444 0.265625 0.620370 0.265104 0.621296 0.264062 0.624074 0.263021 0.624074 0.262500 0.625926 0.401042 0.496296 0.400521 0.494444 0.400000 0.495370 0.399479 0.493519 0.398958 0.495370 0.398438 0.493519 0.397917 0.493519 0.396354 0.493519 0.396875 0.492593 0.396354 0.490741 0.394792 0.484259 0.395312 0.483333 0.395833 0.481481 0.396875 0.477778 0.397396 0.477778 0.397917 0.475926 0.397917 0.476852
0 0.398958 0.475000 0.400521 0.474074 0.401042 0.475000 0.402083 0.474074 0.402083 0.475926 0.403125 0.474074 0.404167 0.475926 0.404167 0.476852 0.404687 0.477778 0.405208 0.480556 0.405729 0.481481 0.406250 0.485185 0.405208 0.487963 0.405208 0.488889 0.405208 0.489815 0.404687 0.489815 0.403646 0.492593 0.402604 0.493519 0.402083 0.494444 0.334375 0.426852 0.333854 0.425000 0.333333 0.425000 0.332812 0.425000 0.332292 0.425926 0.331771 0.424074 0.331250 0.424074 0.329688 0.424074 0.330208 0.423148 0.329688 0.421296 0.328646 0.414815 0.328646 0.413889 0.329167 0.412037 0.329688 0.409259 0.330208 0.409259 0.330729 0.407407
0 0.331250 0.407407 0.332292 0.405556 0.333854 0.404630 0.333854 0.406481 0.334896 0.404630 0.335938 0.405556 0.337500 0.406481 0.337500 0.407407 0.338021 0.408333 0.338542 0.411111 0.339063 0.412037 0.339063 0.415741 0.338542 0.418519 0.338542 0.419444 0.338021 0.420370 0.336458 0.423148 0.335417 0.424074 0.335417 0.425000 0.231771 0.594444 0.231250 0.592593 0.230208 0.594444 0.229687 0.592593 0.228646 0.592593 0.228125 0.592593 0.227604 0.592593 0.226042 0.590741
0 0.225521 0.588889 0.224479 0.587963 0.223958 0.583333 0.223438 0.581481 0.223958 0.579630 0.224479 0.572222 0.224479 0.573148 0.225000 0.572222 0.225521 0.571296 0.226562 0.569444 0.227604 0.569444 0.228125 0.567593 0.231250 0.565741 0.231771 0.566667 0.232812 0.565741 0.233333 0.568519 0.234375 0.566667 0.234896 0.567593 0.234896 0.568519 0.236979 0.573148 0.236979 0.575926 0.236979 0.576852 0.236979 0.579630 0.236979 0.581481 0.236979 0.582407 0.235938 0.586111 0.235938 0.587037
0 0.234896 0.590741 0.234375 0.590741 0.233854 0.591667 0.223438 0.655556 0.222917 0.653704 0.221875 0.653704 0.221354 0.653704 0.220833 0.654630 0.220313 0.652778 0.219792 0.653704 0.217187 0.651852 0.217708 0.650000 0.216667 0.649074 0.216146 0.642593 0.215104 0.643519 0.215625 0.640741 0.216667 0.634259 0.216667 0.635185 0.217187 0.632407 0.218229 0.632407 0.218750 0.630556 0.219792 0.631481 0.220313 0.628704 0.223438 0.627778 0.223958 0.627778 0.225000 0.627778 0.226042 0.628704 0.226562 0.628704 0.227083 0.629630 0.227083 0.630556 0.229167 0.634259 0.229167 0.637963 0.228646 0.638889 0.229167 0.641667 0.228646 0.642593 0.228646 0.643519
0 0.227604 0.646296 0.228125 0.648148 0.226562 0.651852 0.226042 0.652778 0.288021 0.685185 0.287500 0.683333 0.286458 0.683333 0.282813 0.683333 0.283333 0.681481 0.282292 0.679630 0.280729 0.675926 0.280208 0.670370 0.280729 0.667593 0.281250 0.662963 0.282292 0.657407 0.283854 0.654630 0.287500 0.652778 0.288021 0.653704 0.290625 0.651852 0.291667 0.652778 0.293750 0.655556 0.294271 0.658333 0.294792 0.659259 0.295833 0.668519 0.293750 0.677778 0.292708 0.678704 0.292188 0.680556 0.291667 0.680556 0.291146 0.681481 0.289062 0.682407 0.289062 0.683333
0 0.278646 0.654630 0.278125 0.652778 0.277083 0.654630 0.276563 0.652778 0.275521 0.654630 0.275000 0.652778 0.274479 0.652778 0.272396 0.651852 0.272917 0.650000 0.271875 0.648148 0.271354 0.642593 0.269792 0.642593 0.270833 0.640741 0.271354 0.633333 0.271875 0.632407 0.272396 0.631481 0.273438 0.629630 0.273958 0.629630 0.275000 0.627778 0.277604 0.625926 0.278125 0.626852 0.279167 0.625926 0.280208 0.627778 0.280729 0.627778 0.281250 0.627778 0.281771 0.628704 0.283333 0.633333 0.283854 0.636111 0.283333 0.637037 0.283854 0.640741 0.283333 0.641667 0.283333 0.642593 0.282292 0.646296 0.282292 0.647222 0.281250 0.650926
0 0.280729 0.650926 0.280729 0.652778 0.273438 0.550000 0.272917 0.548148 0.271875 0.550000 0.271354 0.548148 0.270312 0.550000 0.269792 0.548148 0.269271 0.548148 0.267188 0.547222 0.267708 0.545370 0.266146 0.543519 0.265625 0.538889 0.264583 0.537963 0.265625 0.536111 0.265625 0.529630 0.266146 0.528704 0.267188 0.526852 0.267708 0.526852 0.268229 0.525000 0.269271 0.525000 0.270312 0.523148 0.272917 0.521296 0.273438 0.522222 0.274479 0.521296 0.275521 0.523148 0.276042 0.523148 0.276563 0.523148 0.276563 0.525000 0.278646 0.528704 0.279167 0.531482 0.278646 0.532407
0 0.278646 0.536111 0.278646 0.537037 0.278646 0.537963 0.277604 0.541667 0.277604 0.542593 0.276563 0.546296 0.276042 0.546296 0.275521 0.548148 0.211979 0.801852 0.211979 0.802778 0.210938 0.802778 0.210417 0.800926 0.209375 0.802778 0.208854 0.800926 0.208333 0.801852 0.206250 0.800000 0.206771 0.798148 0.205208 0.797222 0.204688 0.792593 0.203646 0.791667 0.204688 0.789815 0.204688 0.782407 0.205208 0.782407 0.205729 0.780556 0.206250 0.781482 0.206771 0.778704
0 0.208333 0.778704 0.208854 0.776852 0.211458 0.775926 0.211979 0.775926 0.213021 0.775926 0.214062 0.776852 0.214583 0.776852 0.215104 0.777778 0.215104 0.778704 0.217187 0.782407 0.217708 0.786111 0.217187 0.787037 0.217708 0.789815 0.217187 0.790741 0.217187 0.791667 0.216146 0.795370 0.216146 0.796296 0.215104 0.800000 0.214583 0.800000 0.214062 0.800926 0.223438 0.689815 0.222917 0.687963 0.221875 0.687963 0.221354 0.687963 0.220833 0.687963 0.219792 0.687037 0.219792 0.687963 0.217187 0.686111 0.217708 0.684259 0.216667 0.683333 0.216146 0.676852
0 0.215104 0.677778 0.215625 0.675000 0.216146 0.668519 0.216667 0.668519 0.217187 0.666667 0.217708 0.666667 0.218229 0.664815 0.219271 0.663889 0.219792 0.662037 0.222917 0.661111 0.222917 0.662963 0.223958 0.661111 0.225000 0.663889 0.226042 0.662037 0.226562 0.662963 0.226562 0.663889 0.228125 0.668519 0.228646 0.671296 0.228125 0.672222 0.228646 0.675000 0.228125 0.676852 0.228125 0.677778 0.227083 0.681481 0.227083 0.682407 0.226042 0.686111 0.225521 0.686111 0.225521 0.687037 0.291667 0.619444 0.291146 0.617593 0.290104 0.617593 0.286458 0.617593 0.286979 0.615741
0 0.285417 0.613889 0.284375 0.610185 0.283333 0.603704 0.284375 0.600926 0.284896 0.596296 0.285937 0.590741 0.288021 0.587963 0.291667 0.586111 0.292188 0.587037 0.294271 0.585185 0.295312 0.586111 0.297917 0.588889 0.297917 0.591667 0.298438 0.592593 0.299479 0.601852 0.297917 0.611111 0.296875 0.612037 0.296354 0.612963 0.294792 0.613889 0.294792 0.615741 0.292708 0.616667 0.292188 0.617593 0.278646 0.578704 0.278125 0.576852 0.277083 0.576852 0.276563 0.576852 0.275521 0.577778 0.275000 0.575926 0.274479 0.576852 0.272917 0.575000 0.272396 0.573148 0.271354 0.572222 0.271354 0.566667 0.270312 0.565741 0.270833 0.563889 0.271354 0.556481 0.271875 0.556481 0.272396 0.554630
0 0.272396 0.555556 0.273438 0.553704 0.275000 0.552778 0.275521 0.550926 0.278125 0.550000 0.278646 0.550000 0.279687 0.550000 0.280729 0.550926 0.281250 0.550926 0.281771 0.551852 0.281771 0.552778 0.283854 0.556481 0.283854 0.560185 0.283854 0.561111 0.283854 0.563889 0.283854 0.564815 0.283854 0.566667 0.282813 0.570370 0.282813 0.571296 0.281771 0.575000 0.281250 0.575000 0.280729 0.575926 0.334375 0.558333 0.333333 0.558333 0.332812 0.559259 0.332292 0.557407 0.331250 0.559259 0.330729 0.557407
0 0.330208 0.557407 0.327604 0.556481 0.328125 0.554630 0.327083 0.552778 0.326562 0.548148 0.325521 0.547222 0.326562 0.545370 0.327083 0.537963 0.327083 0.538889 0.327604 0.536111 0.328646 0.536111 0.329167 0.534259 0.330208 0.534259 0.330729 0.532407 0.333854 0.530556 0.334375 0.531482 0.335417 0.531482 0.336458 0.532407 0.336979 0.532407 0.337500 0.533333 0.337500 0.534259 0.339583 0.537963 0.339583 0.540741 0.339583 0.542593 0.339583 0.545370 0.339063 0.546296 0.339583 0.547222 0.338542 0.550926 0.338542 0.551852 0.337500 0.555556 0.336979 0.556481 0.336458 0.557407 0.348958 0.522222 0.348437 0.520370 0.347917 0.522222
0 0.347396 0.520370 0.346875 0.521296 0.346354 0.519444 0.345833 0.520370 0.344271 0.519444 0.344792 0.518519 0.344271 0.516667 0.342708 0.511111 0.343229 0.510185 0.343750 0.507407 0.344792 0.503704 0.344792 0.504630 0.345313 0.503704 0.345833 0.502778 0.346875 0.500926 0.348437 0.500000 0.348958 0.500926 0.350000 0.500000 0.350521 0.500926 0.351042 0.500926 0.352083 0.501852 0.352083 0.502778 0.352604 0.503704 0.353125 0.506481 0.353646 0.507407 0.354167 0.511111 0.353125 0.513889
0 0.353125 0.514815 0.353125 0.515741 0.352604 0.516667 0.351042 0.519444 0.350521 0.519444 0.350000 0.521296 0.352604 0.552778 0.352083 0.550926 0.351562 0.551852 0.351042 0.550000 0.350521 0.551852 0.350000 0.550000 0.349479 0.550000 0.347917 0.550000 0.348437 0.549074 0.347917 0.547222 0.346354 0.540741 0.346875 0.539815 0.347396 0.537963 0.348437 0.534259 0.348958 0.534259 0.349479 0.532407 0.350000 0.533333 0.350521 0.530556 0.352083 0.530556 0.352604 0.530556 0.353646 0.530556 0.353646 0.532407 0.354688 0.530556 0.355729 0.532407 0.355729 0.533333 0.356250 0.534259
0 0.356771 0.537037 0.357292 0.537963 0.357812 0.541667 0.356771 0.544444 0.357292 0.545370 0.356771 0.546296 0.356250 0.546296 0.355208 0.549074 0.354167 0.550000 0.353646 0.550926 0.413542 0.524074 0.410417 0.525926 0.407813 0.525000 0.408333 0.523148 0.406250 0.518519 0.405208 0.512963 0.405729 0.511111 0.406771 0.503704 0.407292 0.500926 0.407813 0.500926 0.408333 0.500000 0.413542 0.497222 0.414062 0.499074 0.415104 0.497222 0.417188 0.500000 0.417708 0.500000 0.419792 0.504630 0.420312 0.509259 0.419792 0.510185 0.419792 0.512037 0.418229 0.519444 0.417708 0.519444 0.416667 0.522222 0.430729 0.540741
0 0.428125 0.541667 0.425000 0.540741 0.425521 0.538889 0.423958 0.535185 0.422396 0.528704 0.423438 0.526852 0.423958 0.519444 0.425000 0.516667 0.425521 0.516667 0.426042 0.514815 0.431250 0.512037 0.431771 0.512963 0.432813 0.512963 0.434896 0.515741 0.435417 0.516667 0.436979 0.520370 0.437500 0.525000 0.436979 0.526852 0.437500 0.528704 0.435937 0.536111 0.435417 0.536111 0.433854 0.538889 0.448958 0.512963
0 0.445833 0.514815 0.443229 0.513889 0.443750 0.512037 0.441667 0.508333 0.440625 0.501852 0.441667 0.500000 0.442187 0.493519 0.442708 0.490741 0.443750 0.490741 0.444271 0.488889 0.449479 0.486111 0.450000 0.487037 0.451042 0.486111 0.453125 0.489815 0.453125 0.490741 0.455208 0.494444 0.455729 0.499074 0.455208 0.500000 0.455729 0.501852 0.453646 0.508333 0.453125 0.509259 0.452083 0.512037 0.435417 0.623148 0.432292 0.624074
0 0.429688 0.623148 0.430208 0.621296 0.428125 0.617593 0.427083 0.611111 0.427604 0.609259 0.428646 0.601852 0.429167 0.599074 0.430208 0.599074 0.430729 0.597222 0.435937 0.594444 0.435937 0.596296 0.436979 0.594444 0.439583 0.598148 0.439583 0.599074 0.441667 0.602778 0.442187 0.607407 0.441667 0.609259 0.441667 0.611111 0.440104 0.618519 0.439583 0.618519 0.438542 0.621296 0.453125 0.629630 0.452604 0.627778 0.452083 0.628704
0 0.451562 0.626852 0.451042 0.628704 0.450521 0.626852 0.450000 0.626852 0.448438 0.626852 0.448958 0.625926 0.448438 0.624074 0.446875 0.617593 0.447396 0.616667 0.447917 0.614815 0.448958 0.611111 0.449479 0.611111 0.450000 0.609259 0.450000 0.610185 0.451042 0.608333 0.452604 0.607407 0.453125 0.608333 0.454167 0.607407 0.454167 0.609259 0.455208 0.607407 0.456250 0.609259 0.456250 0.610185 0.456771 0.611111 0.457292 0.613889 0.457812 0.614815 0.458333 0.618519 0.457292 0.621296 0.457292 0.622222 0.457292 0.623148 0.456771 0.623148 0.455729 0.625926 0.454688 0.626852 0.454167 0.627778
0 0.454688 0.598148 0.454167 0.598148 0.453646 0.599074 0.453125 0.597222 0.452604 0.597222 0.452083 0.597222 0.451562 0.597222 0.450521 0.596296 0.450000 0.594444 0.449479 0.594444 0.448438 0.587963 0.449479 0.587037 0.448958 0.585185 0.450000 0.582407 0.450000 0.581481 0.451042 0.579630 0.452083 0.579630 0.452604 0.577778 0.453646 0.576852 0.454167 0.577778 0.455208 0.577778 0.455729 0.577778 0.456250 0.577778 0.457292 0.579630 0.457812 0.580556 0.458333 0.581481 0.458333 0.584259 0.458854 0.584259 0.459375 0.588889 0.458854 0.590741 0.458854 0.591667 0.458333 0.593518 0.457812 0.593518 0.456771 0.596296 0.455729 0.597222 0.455729 0.598148 0.396875 0.657407
0 0.393750 0.658333 0.391146 0.657407 0.391667 0.655556 0.389583 0.651852 0.388542 0.646296 0.389062 0.643519 0.390104 0.636111 0.390625 0.633333 0.391667 0.633333 0.392188 0.631481 0.396875 0.628704 0.397917 0.629630 0.398438 0.629630 0.401042 0.632407 0.401042 0.633333 0.403125 0.637037 0.403646 0.642593 0.403125 0.643519 0.403125 0.645370 0.401563 0.652778 0.401042 0.652778 0.400000 0.655556 0.489583 0.643519 0.489062 0.640741 0.488542 0.642593 0.488021 0.640741 0.487500 0.641667 0.486979 0.639815 0.486458 0.640741 0.485417 0.639815 0.484896 0.638889 0.484375 0.637037 0.483333 0.631481
0 0.484375 0.630556 0.483854 0.628704 0.484896 0.625926 0.484896 0.625000 0.485938 0.623148 0.486458 0.623148 0.487500 0.621296 0.488542 0.620370 0.489062 0.621296 0.490104 0.620370 0.490625 0.621296 0.491146 0.621296 0.492188 0.623148 0.492708 0.624074 0.493229 0.624074 0.493229 0.627778 0.493750 0.627778 0.494271 0.632407 0.493750 0.634259 0.493750 0.635185 0.493229 0.637037 0.492708 0.637037 0.491667 0.639815 0.490625 0.639815 0.490104 0.641667 0.332292 0.705556 0.331771 0.705556
0 0.331250 0.706481 0.330729 0.704630 0.330208 0.704630 0.329688 0.704630 0.329167 0.704630 0.327604 0.703704 0.328125 0.702778 0.327604 0.700926 0.326042 0.696296 0.326562 0.695370 0.327083 0.693519 0.327604 0.690741 0.328125 0.689815 0.329167 0.687963 0.329688 0.687963 0.330208 0.686111 0.331771 0.685185 0.332292 0.686111 0.333333 0.686111 0.333854 0.686111 0.334375 0.686111 0.335417 0.687963 0.335417 0.688889 0.335938 0.689815 0.336458 0.692593 0.336979 0.692593 0.337500 0.697222 0.336458 0.699074 0.336458 0.700000 0.336458 0.701852 0.335938 0.701852 0.334375 0.703704
0 0.333854 0.703704 0.333333 0.705556 0.146875 0.713889 0.146354 0.713889 0.145833 0.713889 0.144271 0.712037 0.143750 0.711111 0.143229 0.709259 0.141667 0.700000 0.142188 0.699074 0.142188 0.697222 0.142708 0.694444 0.142708 0.692593 0.142708 0.691667 0.143750 0.689815 0.144271 0.687963 0.150521 0.684259 0.153646 0.687037 0.153646 0.688889 0.154687 0.690741 0.155729 0.697222 0.155208 0.698148 0.155208 0.700000 0.154687 0.702778 0.154687 0.703704 0.152604 0.710185 0.151562 0.711111 0.151042 0.712037 0.172917 0.781482 0.172396 0.779630
0 0.171875 0.779630 0.170312 0.777778 0.169792 0.776852 0.169271 0.775000 0.168229 0.766667 0.168750 0.764815 0.167708 0.763889 0.168750 0.762037 0.168229 0.759259 0.169271 0.757407 0.169792 0.757407 0.169792 0.755556 0.176563 0.750926 0.179167 0.753704 0.179688 0.755556 0.180729 0.758333 0.181250 0.763889 0.181250 0.764815 0.181250 0.767593 0.180729 0.769444 0.180729 0.770370 0.179167 0.776852 0.177604 0.777778 0.176563 0.778704 0.152083 0.868519 0.151562 0.866667 0.150521 0.868519 0.150000 0.866667 0.148958 0.868519 0.148438 0.866667 0.147917 0.866667 0.145833 0.865741
0 0.146354 0.863889 0.144792 0.862037 0.144271 0.857407 0.143229 0.856481 0.144271 0.854630 0.144271 0.848148 0.144792 0.847222 0.145313 0.845370 0.145833 0.845370 0.145833 0.844444 0.147396 0.844444 0.148438 0.842593 0.151042 0.840741 0.151562 0.841667 0.152604 0.840741 0.153646 0.842593 0.154167 0.842593 0.154687 0.843518 0.154687 0.844444 0.156771 0.848148 0.157292 0.850926 0.156771 0.850926 0.157292 0.854630 0.156771 0.855556 0.156771 0.856481 0.155729 0.860185 0.155729 0.861111 0.154687 0.864815 0.154167 0.865741 0.154167 0.866667 0.145833 0.826852 0.145313 0.825000 0.144271 0.826852 0.143750 0.825000 0.142708 0.826852 0.142188 0.825000
0 0.141667 0.825000 0.140104 0.824074 0.139583 0.822222 0.138542 0.820370 0.138021 0.815741 0.137500 0.815741 0.138021 0.813889 0.138021 0.805556 0.138021 0.806481 0.138542 0.805556 0.139062 0.804630 0.140104 0.802778 0.141146 0.802778 0.142188 0.800926 0.144792 0.799074 0.145313 0.800000 0.145833 0.799074 0.146875 0.800926 0.147396 0.800926 0.147917 0.800926 0.147917 0.801852 0.150000 0.806481 0.150521 0.809259 0.150521 0.810185 0.150521 0.813889 0.150521 0.814815 0.150521 0.815741 0.149479 0.819444 0.149479 0.820370
0 0.148438 0.823148 0.147917 0.823148 0.147396 0.825000 0.167187 0.850926 0.166667 0.849074 0.165625 0.850926 0.165104 0.849074 0.164062 0.849074 0.163542 0.849074 0.163021 0.849074 0.160938 0.848148 0.161458 0.846296 0.159896 0.844444 0.159375 0.839815 0.158333 0.838889 0.159375 0.837037 0.159896 0.828704 0.159896 0.829630 0.160417 0.828704 0.161979 0.828704 0.161458 0.826852 0.162500 0.826852 0.163542 0.825000 0.166146 0.823148 0.166667 0.824074
0 0.167708 0.823148 0.168750 0.825000 0.169271 0.825000 0.169792 0.825000 0.169792 0.825926 0.171875 0.830556 0.172396 0.833333 0.171875 0.834259 0.172396 0.836111 0.171875 0.837963 0.171875 0.838889 0.170833 0.842593 0.170833 0.843518 0.170312 0.847222 0.169792 0.847222 0.169271 0.849074 0.085938 0.816667 0.085417 0.815741 0.084375 0.814815 0.083854 0.814815 0.082813 0.815741 0.082292 0.813889 0.081771 0.814815 0.079687 0.812963 0.080208 0.811111 0.079167 0.810185 0.078646 0.804630 0.077083 0.804630 0.078125 0.802778 0.078646 0.795370 0.079167 0.793519 0.080208 0.793519 0.080729 0.791667 0.081771 0.791667 0.082292 0.789815 0.084375 0.788889
0 0.085417 0.788889 0.085938 0.788889 0.086979 0.789815 0.087500 0.789815 0.088021 0.790741 0.088542 0.791667 0.090104 0.795370 0.090625 0.799074 0.090104 0.800000 0.090625 0.802778 0.090104 0.803704 0.090104 0.805556 0.089583 0.808333 0.089583 0.810185 0.088542 0.812963 0.088021 0.812963 0.088021 0.813889 0.069271 0.728704 0.068750 0.726852 0.067708 0.728704 0.067188 0.726852 0.066146 0.728704 0.065625 0.726852 0.065104 0.726852
0 0.063021 0.725926 0.063542 0.724074 0.062500 0.722222 0.061458 0.717593 0.060417 0.716667 0.061458 0.714815 0.061458 0.708333 0.061979 0.707407 0.062500 0.706481 0.063021 0.706481 0.064062 0.704630 0.064583 0.704630 0.065625 0.702778 0.068229 0.700926 0.068750 0.701852 0.069792 0.701852 0.070833 0.702778 0.071354 0.702778 0.071354 0.704630 0.071875 0.705556 0.073437 0.708333 0.073958 0.712037 0.073958 0.712963 0.074479 0.714815 0.073958 0.715741 0.073958 0.716667 0.072917 0.720370 0.072917 0.721296 0.071875 0.725000 0.071354 0.725000 0.071354 0.726852 0.052083 0.771296 0.051562 0.771296 0.050521 0.772222
0 0.050000 0.770370 0.048958 0.772222 0.048437 0.770370 0.047917 0.771296 0.046354 0.769444 0.046875 0.767593 0.045313 0.765741 0.044792 0.761111 0.043750 0.760185 0.044271 0.758333 0.044792 0.751852 0.045313 0.751852 0.045833 0.750000 0.046354 0.750926 0.046875 0.748148 0.048437 0.748148 0.048437 0.746296 0.051042 0.745370 0.051562 0.745370 0.052604 0.745370 0.053646 0.746296 0.054167 0.746296 0.054688 0.747222 0.054688 0.748148 0.056771 0.751852 0.057292 0.754630 0.056771 0.756481 0.056771 0.759259 0.056771 0.760185 0.056771 0.761111
0 0.055208 0.764815 0.055729 0.764815 0.055208 0.768519 0.054688 0.769444 0.054167 0.770370 0.040104 0.730556 0.039583 0.728704 0.038542 0.730556 0.038021 0.728704 0.036979 0.728704 0.036458 0.728704 0.035937 0.728704 0.034375 0.727778 0.033854 0.725926 0.032812 0.724074 0.032292 0.720370 0.031250 0.719444 0.032292 0.717593 0.032812 0.709259 0.032812 0.710185 0.033333 0.709259 0.033854 0.708333 0.034375 0.707407 0.035417 0.706481 0.036458 0.704630 0.039062 0.702778 0.039583 0.703704 0.040625 0.702778 0.041667 0.704630 0.042188 0.704630 0.042708 0.704630 0.042708 0.705556 0.044271 0.711111 0.044792 0.712963 0.044792 0.713889 0.044792 0.717593 0.044792 0.718518 0.044792 0.719444
0 0.043750 0.723148 0.043750 0.724074 0.043229 0.727778 0.041667 0.727778 0.041667 0.729630 0.045313 0.807407 0.044792 0.806481 0.043750 0.805556 0.043229 0.805556 0.042188 0.806481 0.041667 0.804630 0.041146 0.805556 0.039062 0.803704 0.039062 0.802778 0.038021 0.801852 0.038021 0.795370 0.036979 0.796296 0.037500 0.793519 0.038021 0.786111 0.038542 0.784259 0.039062 0.785185 0.040104 0.783333 0.041146 0.782407 0.041146 0.781482 0.043750 0.780556 0.044792 0.782407 0.045313 0.780556 0.046354 0.783333 0.046875 0.781482 0.047917 0.782407 0.047917 0.783333
0 0.049479 0.787037 0.050000 0.789815 0.049479 0.790741 0.050000 0.793519 0.049479 0.794444 0.050000 0.796296 0.048958 0.800000 0.048958 0.800926 0.047917 0.804630 0.047396 0.804630 0.047396 0.805556 0.045313 0.850926 0.044271 0.850000 0.043750 0.851852 0.043229 0.850000 0.042708 0.851852 0.042188 0.850000 0.041667 0.850000 0.039062 0.849074 0.039583 0.847222 0.038542 0.845370 0.038021 0.841667 0.037500 0.840741 0.037500 0.838889 0.037500 0.832407 0.038021 0.831481 0.038542 0.829630 0.039583 0.829630 0.039583 0.828704 0.040625 0.827778 0.041146 0.825926 0.044271 0.825000
0 0.044792 0.825926 0.045833 0.825926 0.046875 0.826852 0.047396 0.827778 0.047396 0.828704 0.049479 0.831481 0.050000 0.834259 0.050000 0.836111 0.050000 0.838889 0.049479 0.839815 0.050000 0.840741 0.048958 0.844444 0.048958 0.845370 0.048437 0.848148 0.047917 0.849074 0.047396 0.850000 0.075000 0.903704 0.074479 0.901852 0.073437 0.903704 0.072917 0.901852
0 0.071875 0.903704 0.071354 0.901852 0.070833 0.901852 0.068750 0.900926 0.069271 0.899074 0.068229 0.897222 0.067188 0.892593 0.066146 0.891667 0.067188 0.890741 0.067188 0.884259 0.067188 0.883333 0.068229 0.881481 0.068750 0.881481 0.069271 0.879630 0.070312 0.879630 0.070833 0.878704 0.073437 0.876852 0.073958 0.877778 0.075000 0.876852 0.076042 0.878704 0.076563 0.878704 0.077083 0.878704 0.077083 0.880556 0.079167 0.883333 0.079687 0.886111 0.079167 0.887037 0.079687 0.890741 0.079167 0.891667 0.079167 0.893519 0.078646 0.896296 0.078646 0.897222 0.077604 0.900000 0.077083 0.900000 0.076563 0.901852
0 0.135417 0.555556 0.134896 0.555556 0.132292 0.556481 0.131771 0.556481 0.130729 0.557407 0.130208 0.555556 0.129167 0.555556 0.129688 0.553704 0.128125 0.550926 0.126563 0.539815 0.127604 0.537963 0.127604 0.535185 0.128125 0.532407 0.128125 0.531482 0.128646 0.530556 0.129167 0.529630 0.130208 0.527778 0.131250 0.527778 0.131771 0.525926 0.133854 0.525000 0.134375 0.525926 0.135417 0.525000 0.135937 0.525926 0.136458 0.525926 0.140104 0.529630 0.140104 0.534259 0.140625 0.534259 0.141146 0.538889 0.140625 0.539815 0.141146 0.543519 0.139583 0.550000 0.139062 0.550000 0.138021 0.553704 0.136979 0.554630 0.136458 0.555556 0.089583 0.498148
0 0.090625 0.490741 0.093229 0.486111 0.098438 0.485185 0.100000 0.487963 0.100521 0.496296 0.099479 0.500926 0.097396 0.506481 0.093750 0.508333 0.090625 0.505556 0.052604 0.450926 0.053646 0.443519 0.056250 0.438889 0.061979 0.437963 0.063021 0.441667 0.063542 0.449074 0.062500 0.454630 0.060938 0.460185 0.056771 0.462037 0.053646 0.459259 0.092188 0.366667 0.091667 0.364815 0.090625 0.366667 0.090104 0.364815 0.089583 0.364815 0.089062 0.364815 0.088542 0.365741 0.088021 0.365741 0.087500 0.365741 0.087500 0.363889 0.086979 0.364815 0.086458 0.357407 0.086458 0.356481 0.086458 0.355556 0.087500 0.353704 0.088021 0.351852 0.088542 0.351852
0 0.089062 0.350000 0.090104 0.350000 0.090625 0.348148 0.092708 0.347222 0.093229 0.347222 0.093750 0.347222 0.094271 0.348148 0.094792 0.348148 0.096354 0.350000 0.097396 0.357407 0.095833 0.362037 0.095312 0.362037 0.094271 0.364815 0.070833 0.364815 0.071875 0.357407 0.074479 0.353704 0.079687 0.352778 0.081250 0.355556 0.081771 0.362963 0.080729 0.369444 0.078646 0.373148 0.074479 0.375926 0.071875 0.374074 0.045833 0.377778 0.046875 0.370370 0.050000 0.365741 0.054688 0.364815 0.056250 0.367593 0.057292 0.375926 0.056250 0.381481 0.053646 0.386111 0.050000 0.387963 0.046875 0.386111 0.008854 0.514815 0.008854 0.515741 0.009896 0.517593
0 0.010937 0.526852 0.010417 0.529630 0.010417 0.530556 0.008854 0.535185 0.028125 0.285185 0.027604 0.283333 0.026563 0.284259 0.022917 0.283333 0.019792 0.278704 0.019792 0.275000 0.019271 0.275000 0.018229 0.263889 0.019271 0.260185 0.018229 0.259259 0.019792 0.255556 0.021875 0.252778 0.022396 0.252778 0.023438 0.250926 0.023958 0.250926 0.024479 0.249074 0.027083 0.247222 0.027604 0.248148 0.029167 0.247222 0.029687 0.248148 0.030729 0.247222 0.031771 0.248148 0.034375 0.250926 0.034896 0.253704 0.036458 0.254630 0.036458 0.264815 0.036458 0.265741 0.036458 0.268519 0.036458 0.271296 0.035417 0.273148 0.035937 0.274074 0.033854 0.277778 0.031250 0.281481 0.030729 0.282407
0 0.113021 0.255556 0.112500 0.253704 0.110937 0.253704 0.109896 0.250926 0.109375 0.249074 0.108854 0.249074 0.108854 0.246296 0.108333 0.246296 0.107813 0.244444 0.108333 0.242593 0.107292 0.240741 0.107813 0.239815 0.108333 0.237963 0.108854 0.235185 0.109896 0.233333 0.110937 0.231481 0.114583 0.229630 0.115104 0.229630 0.116667 0.230556 0.117708 0.233333 0.117708 0.234259 0.118229 0.235185 0.118750 0.240741 0.118750 0.241667 0.118750 0.244444 0.118229 0.245370 0.118750 0.246296 0.117188 0.250000 0.116667 0.251852 0.115625 0.251852 0.115104 0.252778 0.146354 0.178704 0.145313 0.177778 0.143750 0.177778 0.142708 0.175000 0.142188 0.173148 0.141667 0.173148 0.141667 0.170370
0 0.141146 0.170370 0.140625 0.168519 0.141146 0.166667 0.140104 0.164815 0.140625 0.163889 0.141146 0.162037 0.141667 0.159259 0.142708 0.157407 0.143750 0.155556 0.146875 0.154630 0.147917 0.153704 0.149479 0.154630 0.151042 0.156481 0.151042 0.158333 0.151562 0.159259 0.151562 0.164815 0.151562 0.165741 0.151562 0.168519 0.151042 0.169444 0.151562 0.170370 0.150521 0.174074 0.150000 0.174074 0.149479 0.175000 0.148438 0.175926 0.147917 0.176852 0.168229 0.200000 0.167708 0.198148
0 0.166667 0.198148 0.164062 0.197222 0.164583 0.196296 0.164062 0.194444 0.163542 0.193519 0.163021 0.192593 0.163542 0.189815 0.164062 0.187963 0.163021 0.186111 0.163542 0.185185 0.164062 0.183333 0.165104 0.179630 0.165625 0.179630 0.166667 0.176852 0.169792 0.175000 0.170312 0.175926 0.171875 0.175926 0.172917 0.177778 0.173438 0.179630 0.173958 0.180556 0.174479 0.186111 0.173958 0.187963 0.174479 0.189815 0.174479 0.190741 0.173958 0.190741 0.172917 0.194444 0.172396 0.194444 0.171875 0.196296 0.171354 0.196296 0.170833 0.198148 0.158333 0.232407 0.157813 0.232407 0.156771 0.233333 0.156250 0.232407 0.155729 0.233333 0.153125 0.230556 0.153646 0.228704 0.151562 0.225000
0 0.151042 0.217593 0.151562 0.215741 0.152083 0.213889 0.153125 0.211111 0.153646 0.210185 0.154687 0.208333 0.156250 0.208333 0.155729 0.207407 0.156771 0.205556 0.156771 0.206481 0.158333 0.205556 0.158854 0.206481 0.159375 0.206481 0.160938 0.208333 0.161458 0.209259 0.162500 0.211111 0.162500 0.212963 0.163021 0.213889 0.163542 0.216667 0.164062 0.216667 0.164062 0.218519 0.163542 0.219444 0.164062 0.221296 0.163542 0.222222 0.163021 0.225926 0.162500 0.225926 0.161458 0.228704 0.159375 0.232407 0.174479 0.227778 0.173958 0.227778 0.172396 0.226852 0.170833 0.225000 0.170312 0.225000 0.169271 0.224074 0.169792 0.222222 0.169271 0.220370 0.168229 0.219444 0.169271 0.217593
0 0.168750 0.214815 0.168750 0.213889 0.169271 0.212037 0.170312 0.210185 0.170833 0.208333 0.171875 0.206481 0.175521 0.203704 0.176042 0.204630 0.177604 0.204630 0.179167 0.207407 0.179167 0.209259 0.179688 0.209259 0.180729 0.215741 0.180208 0.216667 0.180208 0.218519 0.179688 0.219444 0.180208 0.220370 0.179167 0.224074 0.178646 0.224074 0.178125 0.225000 0.177083 0.225926 0.176563 0.226852 0.176042 0.152778 0.175521 0.152778 0.173958 0.151852 0.172396 0.150000 0.172396 0.149074 0.171354 0.148148 0.171875 0.146296 0.171354 0.144444 0.170312 0.143519 0.171354 0.141667 0.170833 0.140741 0.170833 0.138889 0.171354 0.137037 0.172396 0.133333 0.172917 0.133333 0.173958 0.130556
0 0.177604 0.128704 0.178125 0.129630 0.179688 0.129630 0.181250 0.131481 0.180729 0.136111 0.181250 0.134259 0.182292 0.139815 0.181771 0.140741 0.181771 0.142593 0.181771 0.143519 0.181771 0.144444 0.180729 0.148148 0.180208 0.149074 0.179688 0.150000 0.178646 0.150926 0.178646 0.151852 0.283333 0.027778 0.282813 0.025926 0.282292 0.025926 0.281771 0.025926 0.281250 0.025926 0.278646 0.025000 0.279167 0.024074 0.278125 0.023148 0.278646 0.020370 0.277083 0.020370 0.277083 0.018519 0.278125 0.016667 0.277604 0.012037 0.277604 0.011111 0.290625 0.011111 0.290625 0.012037 0.290625 0.013889 0.290104 0.015741 0.290104 0.018519 0.289062 0.022222 0.286979 0.023148 0.286979 0.024074
0 0.283854 0.025000 0.311979 0.079630 0.308854 0.077778 0.306250 0.075000 0.305729 0.073148 0.304688 0.063889 0.305208 0.059259 0.306771 0.053704 0.309375 0.049074 0.311458 0.048148 0.311979 0.049074 0.315104 0.047222 0.316146 0.047222 0.319271 0.050926 0.319271 0.052778 0.319792 0.053704 0.320312 0.055556 0.320833 0.059259 0.321354 0.063889 0.320312 0.068519 0.320833 0.069444 0.318750 0.075000 0.315625 0.076852 0.315104 0.077778 0.398958 0.009259 0.396875 0.009259 0.496875 0.108333
0 0.496354 0.106481 0.493750 0.109259 0.493229 0.107407 0.492708 0.107407 0.490104 0.106481 0.490625 0.104630 0.490104 0.102778 0.489583 0.101852 0.489062 0.100000 0.488021 0.098148 0.489062 0.096296 0.488542 0.094444 0.488542 0.092593 0.489062 0.090741 0.489583 0.088889 0.490625 0.087037 0.491146 0.087037 0.492188 0.085185 0.494271 0.084259 0.494792 0.082407 0.497396 0.083333 0.498958 0.085185 0.499479 0.085185 0.499479 0.087037 0.500000 0.088889 0.500521 0.089815 0.500521 0.091667 0.501042 0.092593 0.501042 0.093519 0.500521 0.095370 0.500521 0.097222 0.500000 0.099074 0.500521 0.099074 0.499479 0.103704 0.498958 0.103704 0.497917 0.106481 0.513542 0.121296 0.512500 0.120370
0 0.510417 0.123148 0.509896 0.121296 0.508854 0.122222 0.507292 0.119444 0.506771 0.118519 0.505729 0.117593 0.506250 0.115741 0.505729 0.113889 0.504687 0.111111 0.505729 0.109259 0.505208 0.106481 0.505208 0.105556 0.505729 0.103704 0.505729 0.102778 0.506250 0.101852 0.506771 0.100926 0.507292 0.100000 0.507812 0.099074 0.510938 0.099074 0.510938 0.096296 0.513542 0.097222 0.515104 0.099074 0.516667 0.099074 0.516667 0.101852 0.517187 0.102778 0.517708 0.104630 0.518229 0.105556 0.518229 0.106481 0.517187 0.109259 0.517708 0.111111 0.517187 0.112037 0.517187 0.112963 0.516146 0.117593 0.515625 0.118519 0.514063 0.121296 0.479688 0.150926 0.479167 0.149074 0.476562 0.150926
0 0.476042 0.149074 0.475000 0.150000 0.473437 0.148148 0.472917 0.147222 0.471875 0.146296 0.472396 0.144444 0.471875 0.142593 0.471354 0.138889 0.471875 0.137037 0.470833 0.135185 0.471354 0.134259 0.471875 0.132407 0.472396 0.129630 0.472396 0.130556 0.473437 0.128704 0.473958 0.128704 0.474479 0.126852 0.476562 0.125926 0.477083 0.125000 0.479167 0.125926 0.481771 0.126852 0.482292 0.126852 0.482812 0.126852 0.482812 0.130556 0.483333 0.130556 0.483854 0.133333 0.484375 0.133333 0.484375 0.134259 0.483854 0.137037 0.483854 0.138889 0.483333 0.139815 0.483333 0.141667 0.482292 0.146296 0.481771 0.146296 0.480208 0.149074 0.550521 0.110185
0 0.550000 0.110185 0.547917 0.112037 0.547396 0.110185 0.546875 0.111111 0.545313 0.108333 0.544792 0.106481 0.544271 0.106481 0.544271 0.103704 0.543750 0.103704 0.543229 0.100926 0.543750 0.099074 0.542708 0.097222 0.543229 0.096296 0.543229 0.095370 0.543750 0.091667 0.544271 0.091667 0.544792 0.089815 0.545313 0.089815 0.545833 0.087963 0.547917 0.087963 0.548437 0.086111 0.551042 0.086111 0.552083 0.089815 0.553125 0.087963 0.553646 0.088889 0.554167 0.091667 0.554688 0.092593 0.554688 0.094444 0.555729 0.095370 0.555729 0.096296 0.554688 0.099074 0.555208 0.100926 0.554167 0.101852 0.554688 0.101852 0.553125 0.107407 0.552604 0.107407
0 0.551562 0.110185 0.546354 0.129630 0.545833 0.127778 0.547917 0.123148 0.550000 0.121296 0.551042 0.125926 0.552083 0.129630 0.549479 0.131481 0.547396 0.132407 0.598437 0.104630 0.597917 0.104630 0.595312 0.106481 0.594792 0.104630 0.593750 0.105556 0.592188 0.103704 0.592188 0.100926 0.591667 0.100926 0.591146 0.100000 0.590625 0.098148 0.590104 0.094444 0.590625 0.092593 0.590104 0.090741 0.590104 0.089815
0 0.590625 0.087963 0.591146 0.085185 0.591667 0.085185 0.592188 0.083333 0.592708 0.084259 0.593229 0.083333 0.595312 0.082407 0.596354 0.080556 0.598958 0.081481 0.600521 0.083333 0.601042 0.083333 0.601562 0.083333 0.602083 0.086111 0.602604 0.086111 0.602604 0.087963 0.603125 0.088889 0.603125 0.089815 0.602604 0.092593 0.602604 0.094444 0.602604 0.095370 0.602604 0.096296 0.601042 0.101852 0.600521 0.101852
0 0.599479 0.104630 0.648958 0.010185 0.647917 0.009259 0.646875 0.009259 0.646354 0.009259 0.644792 0.010185 0.644792 0.009259 0.651042 0.009259 0.807813 0.087037 0.806771 0.085185 0.806250 0.086111 0.805729 0.085185 0.804688 0.084259 0.805208 0.082407 0.804167 0.079630 0.803125 0.076852 0.803646 0.075000 0.803125 0.072222 0.803646 0.071296 0.804167 0.069444 0.804688 0.065741 0.811458 0.062037 0.811458 0.062963
0 0.811979 0.063889 0.811979 0.064815 0.813542 0.066667 0.814062 0.075926 0.813542 0.076852 0.813542 0.077778 0.813542 0.078704 0.814062 0.083333 0.813542 0.081481 0.813021 0.083333 0.810417 0.084259 0.809896 0.086111 0.823958 0.052778 0.822917 0.051852 0.821875 0.052778 0.822396 0.050926 0.821875 0.050000 0.821354 0.049074 0.820312 0.046296 0.819271 0.043519 0.820312 0.041667 0.819792 0.037963 0.820312 0.037037
0 0.820312 0.036111 0.821354 0.032407 0.827083 0.029630 0.827604 0.029630 0.828125 0.031481 0.828646 0.031481 0.829687 0.033333 0.830729 0.041667 0.830208 0.042593 0.830208 0.043519 0.830208 0.045370 0.829687 0.048148 0.829167 0.048148 0.829687 0.050000 0.826563 0.050926 0.826042 0.052778 0.856250 0.073148 0.855729 0.071296 0.855208 0.073148 0.854167 0.071296 0.854167 0.072222 0.850521 0.069444 0.851042 0.068519 0.850521 0.066667 0.848437 0.059259 0.849479 0.057407 0.849479 0.054630 0.850521 0.050000 0.851042 0.050000 0.853125 0.045370 0.855208 0.044444 0.856250 0.045370 0.857292 0.045370 0.857813 0.044444 0.858854 0.044444 0.860417 0.046296
0 0.860937 0.047222 0.861458 0.048148 0.861458 0.050926 0.861979 0.052778 0.863021 0.056481 0.863021 0.058333 0.863021 0.060185 0.861458 0.067593 0.860937 0.067593 0.859896 0.069444 0.858854 0.070370 0.858333 0.071296 0.867188 0.130556 0.866146 0.128704 0.865625 0.128704 0.865104 0.128704 0.864583 0.128704 0.861458 0.125926 0.861979 0.125000 0.861458 0.123148 0.859896 0.115741 0.860417 0.113889 0.860417 0.111111 0.861458 0.107407 0.862500 0.105556 0.863542 0.101852 0.866146 0.100926 0.866667 0.101852 0.868750 0.100926 0.869271 0.101852 0.870313 0.100926 0.871875 0.103704 0.871875 0.104630 0.872396 0.104630 0.872917 0.107407 0.873438 0.107407
0 0.873958 0.113889 0.873438 0.114815 0.873958 0.116667 0.871354 0.124074 0.870313 0.125926 0.869271 0.126852 0.869271 0.127778 0.777083 0.128704 0.776042 0.127778 0.775000 0.128704 0.775521 0.125926 0.773958 0.125926 0.774479 0.124074 0.773438 0.121296 0.772396 0.118519 0.773438 0.116667 0.772396 0.114815 0.773958 0.112963 0.773438 0.111111 0.774479 0.107407 0.780729 0.103704 0.780729 0.104630 0.781250 0.105556
0 0.781771 0.106481 0.782812 0.109259 0.783854 0.117593 0.783333 0.118519 0.782812 0.119444 0.783333 0.120370 0.782812 0.123148 0.782292 0.123148 0.782292 0.125000 0.779688 0.125926 0.779688 0.127778 0.832812 0.123148 0.833333 0.116667 0.835417 0.110185 0.839583 0.109259 0.841667 0.110185 0.843229 0.115741 0.843750 0.122222 0.842708 0.127778 0.840625 0.131481 0.838021 0.132407 0.834896 0.128704 0.802604 0.050000 0.802083 0.044444 0.803125 0.040741 0.805729 0.038889 0.807813 0.041667 0.808854 0.044444 0.808333 0.048148 0.806250 0.051852 0.804167 0.051852 0.772396 0.193519 0.771875 0.187963 0.773438 0.183333 0.776042 0.181481 0.778125 0.184259
0 0.779167 0.187963 0.778646 0.191667 0.776042 0.195370 0.773438 0.195370 0.752083 0.159259 0.752604 0.152778 0.755208 0.145370 0.758854 0.144444 0.760938 0.145370 0.762500 0.150926 0.763542 0.158333 0.762500 0.162963 0.759896 0.167593 0.757292 0.167593 0.753646 0.163889 0.743229 0.128704 0.743750 0.122222 0.745833 0.115741 0.750000 0.114815 0.752083 0.115741 0.753646 0.121296 0.754687 0.127778 0.753646 0.133333 0.751042 0.137037 0.748958 0.137963 0.745313 0.134259 0.763021 0.230556 0.764063 0.224074 0.766667 0.217593 0.770312 0.216667 0.772396 0.217593 0.774479 0.223148 0.775000 0.229630 0.773958 0.235185 0.771354 0.238889 0.768750 0.239815
0 0.765104 0.236111 0.744271 0.223148 0.744792 0.216667 0.747396 0.209259 0.751042 0.208333 0.753125 0.209259 0.754687 0.214815 0.755729 0.222222 0.754687 0.226852 0.752083 0.230556 0.749479 0.231481 0.745833 0.227778 0.752604 0.257407 0.753646 0.250000 0.755729 0.243519 0.759896 0.241667 0.761979 0.242593 0.763542 0.249074 0.764583 0.255556 0.763542 0.262037 0.760417 0.265741 0.758333 0.266667 0.754687 0.262963 0.838542 0.176852 0.838021 0.171296 0.839063 0.167593
0 0.841667 0.165741 0.843750 0.168519 0.844792 0.172222 0.844271 0.175000 0.842708 0.178704 0.840104 0.178704 0.825000 0.253704 0.823958 0.248148 0.825521 0.242593 0.828125 0.240741 0.830208 0.243519 0.830729 0.248148 0.831250 0.251852 0.828646 0.255556 0.826563 0.255556 0.815625 0.242593 0.815104 0.237963 0.816667 0.232407 0.819271 0.230556 0.821354 0.233333 0.822396 0.237037 0.821875 0.240741 0.819271 0.245370 0.817187 0.245370 0.871354 0.192593 0.870833 0.187963
0 0.871875 0.182407 0.875000 0.180556 0.877083 0.184259 0.877604 0.187037 0.877083 0.191667 0.875521 0.194444 0.872917 0.194444 0.879167 0.249074 0.878125 0.243519 0.880208 0.238889 0.882812 0.237037 0.884375 0.240741 0.885417 0.243519 0.885417 0.247222 0.882812 0.250926 0.880729 0.250926 0.860937 0.309259 0.856771 0.307407 0.855729 0.306481 0.855208 0.306481 0.853125 0.301852 0.852083 0.295370 0.852083 0.294444 0.852604 0.291667 0.853125 0.288889 0.854688 0.286111 0.853646 0.284259 0.854167 0.284259 0.855208 0.281481 0.857292 0.281481 0.857813 0.279630 0.858854 0.278704 0.859375 0.279630 0.860937 0.278704 0.861458 0.278704 0.863021 0.277778 0.864062 0.278704 0.866146 0.283333
0 0.867188 0.285185 0.868229 0.291667 0.867188 0.300000 0.866667 0.302778 0.866667 0.303704 0.865625 0.303704 0.865625 0.305556 0.864062 0.305556 0.863542 0.307407 0.862500 0.308333 0.861979 0.309259 0.842188 0.275000 0.841667 0.273148 0.840625 0.274074 0.836458 0.270370 0.835938 0.268519 0.834896 0.265741 0.833854 0.260185 0.834375 0.255556 0.834896 0.252778 0.834896 0.250000 0.836458 0.245370 0.837500 0.243519 0.843750 0.239815 0.844792 0.239815 0.847917 0.243519 0.847917 0.245370 0.848958 0.248148 0.850521 0.255556 0.850000 0.259259 0.850000 0.261111 0.850000 0.263889 0.847396 0.269444 0.846354 0.271296 0.842188 0.273148 0.831771 0.338889 0.831250 0.338889 0.827604 0.340741
0 0.825000 0.338889 0.825521 0.337037 0.823958 0.337037 0.824479 0.335185 0.823958 0.333333 0.822917 0.330556 0.823958 0.328704 0.823438 0.325926 0.824479 0.318519 0.825000 0.318519 0.826042 0.315741 0.826563 0.315741 0.826563 0.314815 0.828125 0.314815 0.829167 0.312963 0.830208 0.312037 0.830729 0.312963 0.831771 0.312963 0.832292 0.312963 0.833854 0.313889 0.835417 0.316667 0.835417 0.317593 0.836979 0.320370 0.836458 0.320370 0.836979 0.325000 0.836458 0.326852 0.836458 0.327778 0.835417 0.331481 0.835417 0.332407 0.834375 0.336111 0.833854 0.336111 0.833854 0.337037 0.832812 0.337963 0.832292 0.338889 0.853646 0.359259 0.853125 0.357407 0.852083 0.359259 0.851562 0.357407
0 0.851042 0.357407 0.849479 0.357407 0.850000 0.356481 0.849479 0.354630 0.848958 0.352778 0.848437 0.350926 0.846875 0.342593 0.847917 0.340741 0.847917 0.337963 0.848437 0.335185 0.848437 0.336111 0.848958 0.333333 0.853125 0.331481 0.853646 0.332407 0.854688 0.332407 0.856250 0.333333 0.857292 0.333333 0.858333 0.335185 0.858333 0.336111 0.858854 0.336111 0.859375 0.343519 0.859375 0.344444 0.858854 0.348148 0.858333 0.350000 0.858333 0.350926 0.857813 0.351852 0.857813 0.352778 0.856771 0.352778 0.856250 0.354630 0.855208 0.354630 0.855208 0.356481 0.853646 0.357407 0.837500 0.385185 0.836979 0.383333 0.835938 0.385185 0.835417 0.383333 0.834896 0.383333 0.833333 0.383333
0 0.833854 0.380556 0.833333 0.380556 0.832812 0.378704 0.832292 0.376852 0.830729 0.368519 0.831771 0.366667 0.831771 0.362963 0.832812 0.361111 0.832812 0.362037 0.833333 0.359259 0.836458 0.357407 0.837500 0.358333 0.839063 0.357407 0.840625 0.358333 0.840625 0.359259 0.842188 0.361111 0.842188 0.362037 0.842708 0.362037 0.843229 0.369444 0.843229 0.370370 0.842708 0.374074 0.842188 0.375926 0.842188 0.376852 0.841667 0.377778 0.841146 0.378704 0.840625 0.379630 0.840625 0.380556 0.839583 0.380556 0.839063 0.382407 0.838021 0.382407 0.845833 0.416667 0.845312 0.414815 0.844271 0.415741 0.843750 0.413889 0.843229 0.414815 0.841667 0.413889 0.842188 0.412963 0.841667 0.411111
0 0.841146 0.409259 0.840625 0.407407 0.839063 0.400000 0.840104 0.398148 0.839583 0.395370 0.840625 0.394444 0.841146 0.393519 0.841667 0.391667 0.844792 0.389815 0.845833 0.389815 0.847396 0.388889 0.848958 0.390741 0.848958 0.391667 0.850521 0.392593 0.850521 0.393519 0.851042 0.394444 0.851042 0.400926 0.851562 0.401852 0.851042 0.404630 0.850521 0.407407 0.850521 0.408333 0.850000 0.408333 0.849479 0.410185 0.848958 0.410185 0.848437 0.411111 0.847917 0.412963 0.847396 0.412963 0.846354 0.413889 0.820833 0.380556 0.819271 0.375926 0.820833 0.370370 0.823958 0.368519 0.826042 0.371296 0.826563 0.375000 0.826563 0.378704 0.823958 0.382407 0.821875 0.382407 0.881771 0.283333
0 0.879167 0.286111 0.878646 0.284259 0.878125 0.284259 0.877083 0.282407 0.876562 0.278704 0.876042 0.278704 0.875000 0.271296 0.875000 0.270370 0.875521 0.268519 0.876562 0.266667 0.876042 0.264815 0.877083 0.262037 0.882292 0.259259 0.884896 0.262037 0.884896 0.262963 0.885417 0.263889 0.885417 0.265741 0.886458 0.266667 0.886979 0.273148 0.886458 0.274074 0.886458 0.275000 0.886458 0.277778 0.886458 0.278704 0.885938 0.278704 0.885938 0.280556 0.884375 0.281481 0.883854 0.282407 0.892187 0.304630 0.889583 0.305556 0.889063 0.305556 0.888542 0.305556 0.887500 0.302778 0.886979 0.300926 0.885938 0.300000 0.885417 0.293519 0.886458 0.292593 0.885938 0.290741 0.886458 0.288889
0 0.886979 0.287037 0.887500 0.284259 0.893229 0.281481 0.895312 0.284259 0.895312 0.285185 0.895833 0.286111 0.896354 0.287963 0.896875 0.287963 0.897396 0.295370 0.896875 0.296296 0.897396 0.297222 0.896354 0.300000 0.896354 0.300926 0.895833 0.302778 0.894792 0.302778 0.894271 0.304630 0.898958 0.350926 0.897396 0.352778 0.896875 0.352778 0.896354 0.350926 0.894792 0.349074 0.894792 0.347222 0.894271 0.345370 0.892708 0.337963 0.893750 0.337037 0.893229 0.335185 0.893229 0.333333 0.893750 0.331481 0.894271 0.329630 0.900521 0.325926 0.902604 0.328704 0.902604 0.329630 0.903125 0.330556 0.903646 0.332407 0.904167 0.333333 0.904688 0.339815 0.904688 0.341667 0.904688 0.342593
0 0.903646 0.344444 0.904167 0.345370 0.903646 0.346296 0.903125 0.347222 0.901563 0.348148 0.901563 0.349074 0.866667 0.474074 0.864583 0.471296 0.864062 0.472222 0.863542 0.469444 0.861458 0.465741 0.860937 0.459259 0.861979 0.453704 0.861458 0.451852 0.864062 0.446296 0.867708 0.444444 0.868229 0.445370 0.870313 0.443519 0.872396 0.446296 0.872396 0.447222 0.874479 0.451852 0.875000 0.457407 0.874479 0.458333 0.873958 0.463889 0.872917 0.469444 0.870833 0.470370 0.870313 0.471296 0.885417 0.458333 0.883333 0.456481 0.882812 0.456481 0.882292 0.453704 0.880208 0.450926 0.879687 0.443519 0.880729 0.437963 0.880208 0.436111 0.882812 0.430556 0.885938 0.428704 0.886458 0.429630
0 0.889063 0.427778 0.891146 0.431481 0.891146 0.432407 0.893229 0.436111 0.893750 0.441667 0.893229 0.443519 0.893229 0.449074 0.891667 0.453704 0.889063 0.454630 0.889063 0.456481 0.914062 0.531482 0.912500 0.528704 0.911979 0.528704 0.910937 0.525926 0.909375 0.523148 0.908333 0.515741 0.908854 0.511111 0.909375 0.508333 0.911458 0.502778 0.915104 0.501852 0.915625 0.501852 0.917708 0.500000 0.920313 0.502778 0.920313 0.503704 0.921875 0.508333 0.922917 0.513889 0.922396 0.514815 0.921875 0.520370 0.920313 0.525926 0.918229 0.526852 0.917708 0.527778 0.906250 0.580556 0.903646 0.578704 0.903125 0.578704 0.902604 0.575926 0.901042 0.574074 0.900000 0.566667 0.901042 0.561111
0 0.900521 0.559259 0.903125 0.553704 0.906771 0.551852 0.907292 0.552778 0.909896 0.551852 0.911979 0.554630 0.911979 0.555556 0.913542 0.559259 0.914062 0.565741 0.914062 0.566667 0.913021 0.572222 0.911979 0.575926 0.909896 0.576852 0.909896 0.578704 0.885417 0.481481 0.885417 0.475000 0.886979 0.472222 0.890625 0.470370 0.892708 0.473148 0.893229 0.478704 0.892708 0.483333 0.890625 0.487037 0.887500 0.488889 0.884896 0.484259 0.841667 0.521296 0.842188 0.515741 0.844271 0.511111 0.847917 0.511111 0.849479 0.512963 0.850521 0.519444 0.850000 0.523148 0.847917 0.526852 0.844271 0.529630 0.841667 0.524074 0.859896 0.496296
0 0.860417 0.489815 0.862500 0.486111 0.866146 0.485185 0.867708 0.487963 0.868750 0.493519 0.868229 0.498148 0.866146 0.500926 0.862500 0.502778 0.859896 0.499074 0.806250 0.562037
0 0.806771 0.556481 0.808854 0.551852 0.811979 0.550926 0.813542 0.553704 0.814062 0.559259 0.814062 0.563889 0.811979 0.567593 0.808854 0.568519 0.806250 0.564815 0.889583 0.588889
0 0.889583 0.583333 0.892187 0.579630 0.895312 0.578704 0.896875 0.580556 0.897396 0.587037 0.896875 0.590741 0.894792 0.594444 0.892708 0.595370 0.889063 0.591667 0.844271 0.578704 0.843229 0.572222 0.844271 0.567593 0.846354 0.564815 0.848958 0.562963 0.852083 0.566667 0.853125 0.574074 0.852083 0.578704 0.850000 0.583333 0.846875 0.582407 0.867188 0.570370 0.866146 0.563889 0.867188 0.559259 0.869271 0.556481 0.871354 0.553704 0.875000 0.558333 0.876042 0.564815 0.875000 0.569444 0.872917 0.574074 0.869271 0.574074 0.863021 0.613889
0 0.861979 0.608333 0.863021 0.603704 0.865104 0.600926 0.867708 0.598148 0.870833 0.602778 0.872396 0.609259 0.871354 0.613889 0.868750 0.618519 0.865625 0.618519 0.909375 0.607407
0 0.908333 0.601852 0.909896 0.597222 0.911979 0.593518 0.914583 0.591667 0.917708 0.596296 0.918750 0.603704 0.917708 0.608333 0.915625 0.612037 0.911979 0.611111 0.833854 0.659259
0 0.833333 0.659259 0.831771 0.659259 0.831250 0.659259 0.830208 0.658333 0.828646 0.656482 0.828125 0.654630 0.827604 0.654630 0.826042 0.645370 0.826042 0.644444 0.826563 0.641667
0 0.827083 0.637963 0.827604 0.637963 0.828125 0.635185 0.829167 0.635185 0.830208 0.633333 0.831771 0.632407 0.832292 0.630556 0.833854 0.629630 0.834375 0.630556 0.835938 0.630556 0.837500 0.634259 0.839063 0.637963 0.840104 0.639815 0.840104 0.640741 0.840104 0.641667 0.840104 0.645370 0.840104 0.647222 0.840104 0.648148 0.838021 0.655556 0.837500 0.655556 0.836458 0.658333 0.831771 0.708333 0.830208 0.708333 0.828646 0.709259 0.828125 0.707407 0.826563 0.709259 0.826042 0.707407 0.825521 0.707407 0.821875 0.702778 0.820833 0.694444 0.821354 0.692593 0.821875 0.687963
0 0.823438 0.683333 0.823958 0.683333 0.825000 0.681481 0.826563 0.680556 0.827083 0.678704 0.828646 0.677778 0.829167 0.678704 0.830208 0.677778 0.830729 0.678704 0.831250 0.678704
0 0.833333 0.681481 0.833854 0.681481 0.835938 0.686111 0.836458 0.693519 0.835417 0.698148 0.834896 0.700000 0.834375 0.703704 0.833854 0.702778 0.832812 0.705556 0.831250 0.706481 0.808854 0.529630 0.808854 0.525000 0.811458 0.521296 0.813021 0.523148 0.814583 0.525926 0.813542 0.529630 0.812500 0.533333 0.810938 0.534259 0.809896 0.532407 0.750521 0.323148 0.751562 0.315741 0.753646 0.308333 0.757812 0.307407 0.759896 0.308333 0.761458 0.313889 0.762500 0.321296 0.761458 0.326852 0.758333 0.331481 0.756250 0.331481 0.752604 0.327778 0.717708 0.338889 0.718229 0.331481 0.720312 0.325000 0.724479 0.324074
0 0.727083 0.325000 0.728646 0.329630 0.729167 0.336111 0.728125 0.342593 0.725521 0.346296 0.722917 0.347222 0.719271 0.343519 0.687500 0.427778 0.688021 0.420370 0.690104 0.412963 0.694271 0.412037 0.696354 0.412963 0.697917 0.418519 0.698958 0.425926 0.697917 0.431481 0.694792 0.436111 0.692708 0.436111 0.689583 0.432407 0.668750 0.373148 0.669271 0.365741 0.671354 0.358333 0.675521 0.357407 0.677604 0.358333 0.679167 0.363889 0.679688 0.371296 0.678646 0.376852 0.676562 0.381481 0.673958 0.381481 0.670313 0.377778 0.699479 0.447222 0.700000 0.439815 0.702604 0.433333
0 0.706771 0.431481 0.708854 0.432407 0.710417 0.438889 0.710938 0.445370 0.709896 0.451852 0.707292 0.455556 0.704687 0.456481 0.701563 0.452778 0.745313 0.371296 0.744792 0.369444 0.743750 0.370370 0.743229 0.368519 0.741146 0.369444 0.739583 0.367593 0.739062 0.367593 0.737500 0.365741 0.736458 0.364815 0.736979 0.362037 0.735937 0.361111 0.734896 0.355556 0.735937 0.353704 0.735417 0.351852 0.739062 0.341667 0.740104 0.340741 0.741667 0.337963 0.742188 0.337963 0.742708 0.338889 0.744271 0.337963 0.745313 0.338889 0.746354 0.337963 0.747396 0.339815 0.747917 0.339815
0 0.750000 0.343519 0.751042 0.350000 0.750521 0.351852 0.750521 0.354630 0.750521 0.355556 0.750521 0.357407 0.750521 0.360185 0.749479 0.363889 0.746875 0.368519 0.745833 0.368519 0.778646 0.372222 0.778125 0.370370 0.777083 0.372222 0.776563 0.370370 0.773958 0.371296 0.772917 0.369444 0.772396 0.369444 0.770833 0.367593 0.770312 0.365741 0.769792 0.364815 0.769271 0.362963 0.768229 0.357407 0.768229 0.355556 0.768229 0.353704 0.772396 0.343519 0.772917 0.343519 0.774479 0.341667 0.775521 0.339815 0.776042 0.340741 0.777604 0.339815 0.778125 0.340741 0.779688 0.339815
0 0.780208 0.342593 0.781250 0.340741 0.783333 0.346296 0.783854 0.352778 0.783854 0.354630 0.783854 0.357407 0.783333 0.358333 0.783854 0.360185 0.782812 0.362037 0.782292 0.364815 0.779688 0.369444 0.779167 0.370370 0.741667 0.402778 0.742708 0.395370 0.744792 0.388889 0.748958 0.387963 0.751042 0.388889 0.753125 0.394444 0.753646 0.400926 0.752604 0.407407 0.750000 0.411111 0.747396 0.412037 0.743750 0.408333 0.786458 0.397222 0.786458 0.388889 0.788542 0.385185 0.791667 0.382407 0.795313 0.383333 0.796875 0.390741 0.796875 0.396296 0.795313 0.401852 0.791667 0.405556 0.788021 0.403704 0.695312 0.352778 0.694792 0.350926 0.693750 0.352778 0.693229 0.350926 0.690625 0.350926
0 0.689583 0.350000 0.689062 0.350000 0.687500 0.348148 0.686979 0.346296 0.686458 0.345370 0.685938 0.343519 0.684896 0.337037 0.684896 0.336111 0.685417 0.333333 0.689062 0.323148 0.689583 0.323148 0.691667 0.319444 0.692187 0.319444 0.692708 0.320370 0.694271 0.319444 0.694792 0.319444 0.696354 0.319444 0.697396 0.320370 0.697917 0.320370 0.700000 0.325000 0.700521 0.332407 0.700521 0.333333 0.700521 0.336111 0.700000 0.337963 0.700521 0.339815 0.700000 0.341667 0.698958 0.345370 0.696354 0.350000 0.695833 0.350926 0.670833 0.271296 0.668229 0.272222 0.667188 0.272222
0 0.666667 0.270370 0.665625 0.268519 0.665104 0.263889 0.664062 0.262963 0.665104 0.261111 0.664583 0.259259 0.664583 0.258333 0.664583 0.256481 0.664583 0.255556 0.665104 0.252778 0.665104 0.251852 0.665625 0.250000 0.666146 0.248148 0.666667 0.248148 0.666667 0.247222 0.667188 0.246296 0.668229 0.244444 0.670833 0.242593 0.671354 0.243519 0.671875 0.243519 0.675521 0.247222 0.675521 0.248148 0.676042 0.249074 0.676562 0.251852 0.677083 0.252778 0.677083 0.254630 0.677083 0.256481 0.676562 0.261111 0.676042 0.263889 0.675521 0.263889 0.674479 0.267593 0.673958 0.268519
0 0.673958 0.269444 0.618750 0.194444 0.618229 0.192593 0.616146 0.194444 0.615625 0.192593 0.615104 0.192593 0.613021 0.191667 0.613542 0.189815 0.611979 0.187037 0.611458 0.179630 0.611458 0.176852 0.611458 0.175000 0.611458 0.174074 0.611979 0.172222 0.612500 0.170370 0.613021 0.170370 0.613542 0.168519 0.615104 0.168519 0.615625 0.166667 0.619792 0.164815 0.620313 0.164815 0.620833 0.164815 0.622917 0.166667 0.623438 0.169444 0.625521 0.172222 0.626562 0.179630 0.626042 0.181481 0.626042 0.183333 0.625521 0.186111 0.625000 0.187037 0.622917 0.190741 0.590104 0.195370 0.589583 0.193519 0.586979 0.196296 0.586458 0.194444
0 0.585938 0.194444 0.583333 0.193519 0.583854 0.191667 0.583333 0.189815 0.582812 0.188889 0.582292 0.187037 0.581771 0.184259 0.582292 0.182407 0.581771 0.179630 0.581771 0.178704 0.582292 0.176852 0.582812 0.175000 0.583854 0.173148 0.584375 0.173148 0.585417 0.171296 0.587500 0.170370 0.588021 0.168519 0.590625 0.169444 0.592188 0.171296 0.592708 0.171296 0.593229 0.172222 0.593750 0.175000 0.594271 0.175926
0 0.594271 0.177778 0.594792 0.178704 0.594792 0.179630 0.594271 0.181481 0.594271 0.183333 0.594271 0.185185 0.594271 0.186111 0.592708 0.190741 0.592188 0.190741 0.591146 0.193519 0.643229 0.222222 0.642708 0.222222 0.640625 0.224074 0.640104 0.222222 0.639063 0.223148 0.636458 0.221296 0.636979 0.220370 0.635938 0.219444 0.636458 0.216667 0.635938 0.216667 0.634896 0.212963 0.635417 0.211111 0.634896 0.209259 0.635938 0.208333 0.635417 0.206481 0.636458 0.203704 0.636458 0.204630 0.636979 0.201852 0.638021 0.201852 0.638542 0.200000 0.639583 0.200000 0.640625 0.198148 0.643229 0.198148 0.644271 0.201852
0 0.645312 0.200000 0.645833 0.200926 0.646354 0.203704 0.646875 0.204630 0.646875 0.206481 0.647396 0.207407 0.647917 0.208333 0.646875 0.211111 0.647396 0.212963 0.646875 0.214815 0.647396 0.214815 0.645833 0.220370 0.645312 0.220370 0.644271 0.222222 0.700000 0.194444 0.699479 0.192593 0.697396 0.193519 0.696875 0.193519 0.695833 0.193519 0.694271 0.191667 0.693750 0.190741 0.692708 0.189815 0.693229 0.187963 0.692708 0.186111 0.691667 0.183333 0.692708 0.181481 0.691667 0.178704 0.692187 0.177778 0.692708 0.175926 0.693229 0.173148 0.693229 0.174074 0.693750 0.173148 0.694271 0.172222 0.695312 0.170370
0 0.697396 0.169444 0.697396 0.167593 0.700000 0.168519 0.701563 0.170370 0.702083 0.170370 0.702604 0.171296 0.703125 0.174074 0.703646 0.175000 0.704167 0.176852 0.704687 0.177778 0.704687 0.178704 0.704167 0.180556 0.704687 0.182407 0.704167 0.184259 0.704167 0.185185 0.702604 0.189815 0.701042 0.192593 0.711979 0.108333 0.710938 0.107407 0.708854 0.108333 0.708333 0.106481 0.707292 0.107407 0.705729 0.105556 0.705208 0.102778
0 0.704167 0.103704 0.704687 0.101852 0.704167 0.100000 0.703646 0.096296 0.703646 0.094444 0.702604 0.092593 0.703125 0.091667 0.703646 0.089815 0.704167 0.087963 0.704687 0.087963 0.705208 0.086111 0.705729 0.087037 0.706250 0.085185 0.708333 0.084259 0.708854 0.082407 0.711458 0.083333 0.713542 0.085185 0.714063 0.085185 0.714583 0.085185 0.714583 0.088889 0.715104 0.088889 0.715625 0.090741 0.716146 0.091667 0.715625 0.092593
0 0.715625 0.094444 0.715625 0.096296 0.715104 0.097222 0.715104 0.098148 0.714063 0.103704 0.713542 0.103704 0.711979 0.106481 0.693229 0.116667 0.692187 0.114815 0.690625 0.115741 0.690104 0.115741 0.689062 0.115741 0.687500 0.113889 0.686979 0.112963 0.685938 0.112037 0.686458 0.110185 0.685938 0.108333 0.684896 0.105556 0.685417 0.104630 0.684375 0.101852 0.684896 0.100926 0.685417 0.099074 0.685938 0.096296 0.685938 0.097222
0 0.686458 0.096296 0.686979 0.095370 0.688021 0.093519 0.690104 0.092593 0.690625 0.090741 0.693229 0.091667 0.695312 0.093519 0.696354 0.094444 0.696354 0.097222 0.696875 0.098148 0.697396 0.100000 0.697917 0.100926 0.697917 0.101852 0.696875 0.103704 0.697396 0.105556 0.696875 0.107407 0.696354 0.108333 0.695833 0.112037 0.695312 0.112037 0.693750 0.114815 0.636458 0.393519 0.635938 0.388889 0.638021 0.383333 0.640625 0.380556
0 0.643229 0.381481 0.644271 0.386111 0.644271 0.390741 0.644271 0.395370 0.641667 0.399074 0.638542 0.400000 0.551562 0.459259 0.551042 0.454630 0.552604 0.449074 0.555729 0.446296 0.557813 0.447222 0.558854 0.451852 0.559375 0.456481 0.558854 0.461111 0.556250 0.464815 0.553125 0.465741 0.619792 0.540741 0.619271 0.540741 0.616667 0.542593 0.616146 0.540741 0.615625 0.541667 0.614583 0.538889 0.614062 0.537037 0.613542 0.535185 0.613021 0.527778 0.613542 0.525926 0.613542 0.523148 0.614062 0.520370 0.614062 0.521296 0.615104 0.519444 0.620833 0.515741 0.621875 0.517593 0.621875 0.518519 0.622917 0.519444 0.622917 0.520370 0.623438 0.521296 0.624479 0.528704 0.623958 0.529630
0 0.623958 0.530556 0.623958 0.531482 0.623438 0.535185 0.622396 0.538889 0.621875 0.538889 0.621875 0.539815 0.735417 0.612037 0.732813 0.612037 0.733333 0.611111 0.732292 0.610185 0.732813 0.609259 0.732292 0.607407 0.730729 0.605556 0.731771 0.603704 0.731250 0.599074 0.731771 0.596296 0.732292 0.592593 0.732813 0.589815 0.733333 0.589815 0.733854 0.587963 0.734375 0.587963 0.735417 0.586111 0.735937 0.587037 0.737500 0.586111 0.738021 0.587037 0.739062 0.586111 0.739583 0.587037 0.740104 0.587037 0.740625 0.587963 0.740625 0.588889 0.741146 0.589815 0.741667 0.591667 0.742188 0.592593 0.742708 0.599074 0.742188 0.600926 0.742188 0.601852 0.740625 0.607407 0.740104 0.608333
0 0.739583 0.609259 0.739062 0.609259 0.738542 0.611111 0.748958 0.707407 0.744271 0.710185 0.741667 0.707407 0.741146 0.705556 0.740625 0.703704 0.740104 0.697222 0.740625 0.695370 0.740625 0.693519 0.741667 0.692593 0.741667 0.690741 0.743229 0.684259 0.744271 0.684259 0.744792 0.682407 0.748958 0.679630 0.751562 0.681481 0.752083 0.683333 0.753125 0.686111 0.754167 0.693519 0.753646 0.694444 0.753646 0.696296 0.753646 0.698148 0.753646 0.700926 0.753125 0.703704 0.752604 0.703704 0.751562 0.706481 0.747917 0.787037 0.743229 0.789815 0.740625 0.787037 0.740104 0.785185 0.739583 0.784259 0.738542 0.778704 0.738542 0.776852 0.739062 0.774074 0.739062 0.773148 0.739583 0.770370
0 0.741667 0.764815 0.742188 0.764815 0.743229 0.762963 0.747917 0.760185 0.750521 0.762037 0.751042 0.763889 0.752083 0.765741 0.753125 0.774074 0.752604 0.775000 0.752604 0.776852 0.752083 0.778704 0.752604 0.780556 0.752083 0.782407 0.751562 0.783333 0.750000 0.786111 0.626562 0.769444 0.626042 0.767593 0.623958 0.768519 0.623438 0.768519 0.622396 0.768519 0.621354 0.768519 0.620833 0.767593 0.620313 0.765741 0.618750 0.756481 0.619271 0.755556 0.619271 0.753704 0.619271 0.751852 0.619792 0.750000 0.620313 0.749074 0.620313 0.748148 0.621354 0.746296 0.622396 0.746296 0.622917 0.744444 0.623438 0.744444 0.624479 0.742593 0.625000 0.742593 0.625521 0.743519 0.626562 0.742593
0 0.627083 0.745370 0.628125 0.743519 0.628646 0.744444 0.628646 0.745370 0.629167 0.746296 0.629687 0.748148 0.630208 0.749074 0.631250 0.758333
0 0.629687 0.763889 0.629167 0.763889 0.628646 0.766667 0.628125 0.766667 0.627604 0.767593 0.638542 0.894444 0.635417 0.896296 0.634375 0.894444
0 0.632292 0.893519 0.629687 0.887037 0.629687 0.881481 0.630208 0.876852 0.629687 0.874074 0.630208 0.870370 0.631250 0.868519 0.632812 0.864815 0.639583 0.861111 0.643229 0.865741 0.643750 0.867593 0.645312 0.871296 0.645312 0.873148 0.645312 0.874074 0.645312 0.877778 0.644792 0.880556 0.644271 0.886111 0.641667 0.892593 0.677604 0.849074 0.677083 0.847222 0.675000 0.848148 0.674479 0.848148 0.673437 0.848148 0.671875 0.848148 0.672396 0.847222 0.671875 0.846296 0.670313 0.837037 0.670313 0.836111 0.670313 0.834259 0.671354 0.832407 0.670833 0.830556 0.671875 0.828704 0.671875 0.829630 0.672396 0.826852 0.673437 0.826852 0.673958 0.825000 0.675000 0.825000 0.675521 0.823148
0 0.676042 0.823148 0.676562 0.824074 0.677604 0.823148 0.678125 0.825926 0.679167 0.824074 0.679688 0.825000 0.680208 0.825926 0.680729 0.826852
0 0.680729 0.828704 0.681250 0.829630 0.682292 0.838889 0.681250 0.844444 0.679688 0.844444 0.679688 0.846296 0.679167 0.846296 0.678646 0.847222 0.735417 0.821296 0.734896 0.819444 0.732292 0.821296 0.732292 0.819444 0.731250 0.820370 0.730729 0.819444 0.730208 0.817593 0.729688 0.817593 0.728125 0.808333 0.729167 0.806481 0.728646 0.804630 0.728646 0.803704 0.729167 0.801852 0.729167 0.800926 0.729688 0.800000 0.730729 0.798148 0.731250 0.798148 0.731771 0.796296 0.732813 0.796296 0.733854 0.794444 0.734375 0.794444 0.734896 0.794444 0.735417 0.794444 0.736979 0.795370 0.737500 0.795370 0.738021 0.796296 0.738021 0.797222 0.738542 0.798148 0.738542 0.800000 0.739062 0.800926
0 0.739583 0.810185 0.738021 0.814815 0.738021 0.815741 0.736979 0.817593 0.736458 0.818519 0.736458 0.819444 0.731250 0.787963 0.730729 0.786111 0.728125 0.787037 0.727604 0.787037 0.726562 0.787037 0.725000 0.787037 0.725521 0.786111 0.725000 0.785185 0.723958 0.775000 0.723958 0.774074 0.724479 0.771296 0.724479 0.770370 0.725000 0.768519 0.725000 0.767593 0.725521 0.766667 0.726562 0.764815 0.727083 0.764815 0.727604 0.762963 0.728646 0.762963 0.729688 0.761111 0.730208 0.762963 0.731250 0.761111 0.731771 0.763889 0.732813 0.762037 0.733333 0.762963
0 0.733854 0.763889 0.734375 0.764815 0.734375 0.766667 0.734375 0.768519 0.735417 0.776852 0.733854 0.782407 0.733333 0.782407 0.732813 0.785185 0.732292 0.785185 0.731771 0.786111 0.760938 0.748148
0 0.760417 0.746296 0.758333 0.747222 0.757812 0.747222 0.756771 0.747222 0.755208 0.747222 0.755729 0.744444 0.754687 0.744444 0.753646 0.735185 0.753646 0.734259 0.754167 0.731481 0.754687 0.730556 0.754687 0.728704 0.755729 0.727778 0.756250 0.725926 0.756771 0.725926 0.757292 0.725000 0.758333 0.724074 0.758854 0.722222 0.759375 0.722222 0.759896 0.722222 0.760938 0.722222 0.761979 0.723148 0.762500 0.723148 0.762500 0.724074 0.763021 0.724074 0.763542 0.725000 0.764063 0.726852 0.764583 0.727778 0.765625 0.737037 0.764063 0.742593 0.763542 0.742593 0.763021 0.745370 0.762500 0.745370 0.761979 0.746296 0.715104 0.813889 0.716146 0.818519 0.718229 0.818519 0.720833 0.816667
0 0.720833 0.810185 0.720312 0.804630 0.718229 0.803704 0.716146 0.804630 0.715104 0.808333 0.712500 0.845370 0.712500 0.839815 0.714583 0.835185 0.718750 0.830556 0.722396 0.834259 0.722917 0.839815 0.723437 0.845370 0.722917 0.850926 0.719792 0.854630 0.716146 0.855556 0.714063 0.854630 0.712500 0.851852 0.778125 0.775000 0.778646 0.768519 0.780729 0.763889 0.784896 0.760185 0.788021 0.762963 0.789062 0.768519 0.789583 0.775000 0.789062 0.780556 0.785937 0.783333 0.782292 0.785185 0.780208 0.783333
0 0.778646 0.780556 0.785417 0.645370 0.785417 0.639815 0.787500 0.634259 0.791667 0.630556 0.794792 0.633333 0.796354 0.639815 0.796354 0.645370 0.795313 0.650926 0.793229 0.653704 0.789583 0.655556 0.786979 0.653704 0.786458 0.650000 0.837500 0.721296 0.837500 0.714815 0.839583 0.710185 0.843750 0.705556 0.847396 0.709259 0.847917 0.714815 0.848437 0.721296 0.847917 0.725926 0.844792 0.728704 0.841667 0.730556 0.839583 0.728704 0.838021 0.725926 0.871875 0.703704 0.871875 0.698148 0.873958 0.693519 0.878125 0.688889 0.881771 0.692593 0.882812 0.698148 0.882812 0.702778 0.882812 0.709259 0.879687 0.712037 0.876562 0.713889 0.873958 0.712037 0.872917 0.708333 0.890104 0.700000
0 0.890104 0.695370 0.892187 0.690741 0.896354 0.686111 0.899479 0.689815 0.900521 0.694444 0.901042 0.700000 0.900521 0.706481 0.897396 0.709259 0.893750 0.710185 0.891667 0.709259 0.890625 0.705556
0 0.914062 0.660185 0.914062 0.653704 0.916146 0.649074 0.920313 0.644444 0.923437 0.648148 0.924479 0.653704 0.925000 0.660185 0.924479 0.665741
0 0.921354 0.668519 0.917708 0.670370 0.915625 0.669444 0.914583 0.664815 0.583333 0.835185 0.582812 0.833333 0.581771 0.834259 0.579687 0.832407 0.580208 0.831481 0.579687 0.829630 0.579167 0.827778
0 0.578646 0.827778 0.577604 0.821296 0.578646 0.819444 0.578125 0.816667 0.578646 0.814815 0.577604 0.813889 0.578646 0.812037 0.579167 0.812037 0.579687 0.810185 0.580208 0.811111 0.580729 0.808333 0.582292 0.808333 0.582812 0.808333 0.585938 0.806481 0.587500 0.808333 0.588021 0.810185 0.589583 0.813889 0.590625 0.821296 0.590104 0.822222 0.590104 0.825000 0.589063 0.827778 0.588542 0.829630 0.586979 0.829630 0.586458 0.831481 0.584375 0.832407 0.583854 0.834259 0.551042 0.844444 0.550000 0.842593
0 0.548958 0.844444 0.548437 0.842593 0.547917 0.842593 0.545313 0.838889 0.544271 0.833333 0.544271 0.831481 0.544271 0.830556 0.545313 0.828704 0.545313 0.825926 0.545313 0.825000 0.545833 0.825000 0.546354 0.823148 0.546875 0.823148 0.547917 0.821296 0.548437 0.822222 0.549479 0.821296 0.550000 0.822222 0.551042 0.821296 0.552604 0.824074 0.552604 0.825000 0.554167 0.826852 0.554688 0.828704 0.554167 0.829630 0.554688 0.834259 0.552083 0.841667 0.550521 0.842593 0.569271 0.932407 0.568750 0.930556 0.568229 0.930556 0.567187 0.930556 0.564583 0.925926 0.563542 0.920370 0.563542 0.919444 0.563542 0.918519 0.564583 0.916667 0.564062 0.913889 0.564583 0.912963 0.565104 0.912037
0 0.565625 0.910185 0.566667 0.910185 0.567187 0.908333 0.567708 0.909259 0.568750 0.909259 0.569271 0.909259 0.570312 0.909259 0.571875 0.911111 0.571875 0.912037 0.573438 0.913889 0.573958 0.916667 0.573438 0.917593 0.573958 0.920370 0.571354 0.928704 0.569792 0.929630 0.358854 0.893519 0.358333 0.893519 0.357812 0.894444 0.357292 0.892593 0.355729 0.892593 0.354167 0.890741 0.353125 0.882407 0.353646 0.880556 0.353646 0.876852 0.354688 0.873148 0.355729 0.873148 0.356250 0.871296 0.356250 0.872222 0.357292 0.870370 0.358333 0.869444 0.358854 0.870370 0.359896 0.869444 0.360417 0.870370 0.361458 0.870370 0.362500 0.872222 0.362500 0.873148 0.363542 0.875000 0.365104 0.881481
0 0.364583 0.882407 0.364583 0.884259 0.364583 0.885185 0.364583 0.886111 0.363542 0.887963 0.363021 0.888889 0.362500 0.890741 0.361979 0.890741 0.361458 0.892593 0.359375 0.927778 0.358854 0.925926
0 0.358333 0.926852 0.357812 0.925000 0.356250 0.925000 0.354688 0.923148 0.353125 0.913889 0.353646 0.912037 0.353646 0.908333 0.354688 0.905556 0.355729 0.906482 0.355729 0.905556 0.356250 0.904630
0 0.357292 0.902778 0.358333 0.901852 0.358854 0.902778 0.359896 0.901852 0.360417 0.902778 0.361979 0.902778 0.363021 0.904630 0.363021 0.905556 0.364062 0.908333 0.365104 0.912963 0.364583 0.913889 0.364583 0.915741 0.364583 0.917593 0.364583 0.918519 0.363542 0.920370 0.363542 0.921296 0.362500 0.923148 0.361979 0.924074 0.361979 0.925000 0.366667 0.987037 0.366667 0.985185 0.367188 0.981481 0.368229 0.981481 0.368750 0.979630 0.369792 0.979630 0.370313 0.977778 0.370833 0.977778 0.371875 0.977778 0.372396 0.977778 0.372917 0.978704 0.374479 0.978704 0.376042 0.979630 0.376042 0.981481 0.376563 0.983333 0.377604 0.987963 0.389062 0.942593 0.388542 0.940741 0.388021 0.942593
0 0.387500 0.940741 0.385938 0.940741 0.384375 0.937963 0.383333 0.929630 0.383854 0.927778 0.383854 0.925000 0.384896 0.921296 0.385417 0.921296 0.386458 0.919444 0.386979 0.919444 0.386979 0.917593 0.388021 0.917593 0.388542 0.917593 0.389583 0.917593 0.390104 0.918519 0.391667 0.918519 0.392708 0.919444 0.392708 0.920370 0.394271 0.923148 0.394792 0.928704 0.394271 0.930556 0.394271 0.932407 0.394271 0.933333 0.394792 0.935185 0.394271 0.936111 0.393750 0.936111 0.392708 0.938889 0.392188 0.938889 0.392188 0.939815 0.301042 0.935185 0.300521 0.933333 0.300000 0.934259 0.299479 0.932407 0.297917 0.932407 0.296354 0.930556 0.294792 0.922222 0.295833 0.920370 0.295833 0.917593
0 0.296875 0.913889 0.297396 0.913889 0.297917 0.912963 0.298438 0.912037 0.299479 0.911111 0.300000 0.910185 0.300521 0.911111 0.301562 0.910185 0.302083 0.911111 0.303646 0.911111 0.304688 0.912963 0.304167 0.913889 0.306250 0.915741 0.306771 0.921296 0.306771 0.922222 0.306771 0.924074 0.306771 0.925926 0.306771 0.926852 0.306250 0.929630 0.305729 0.929630 0.304688 0.931481 0.303646 0.932407 0.303646 0.933333 0.294792 0.905556 0.294271 0.903704 0.293750 0.904630 0.293229 0.902778 0.291667 0.902778 0.290104 0.900926 0.288021 0.891667 0.289062 0.889815 0.289062 0.887037 0.290104 0.884259 0.290625 0.884259 0.291667 0.882407 0.292188 0.882407 0.292708 0.880556 0.293750 0.879630
0 0.294271 0.880556 0.295312 0.880556 0.295833 0.880556 0.297396 0.881481 0.298438 0.882407 0.298438 0.883333 0.300000 0.886111 0.300521 0.890741 0.300000 0.891667 0.300521 0.894444 0.300000 0.895370 0.300000 0.896296 0.299479 0.899074 0.298958 0.899074 0.297917 0.901852 0.297396 0.902778 0.265104 0.900926 0.265104 0.900000 0.264062 0.900000 0.263542 0.899074 0.261458 0.899074 0.259896 0.897222 0.258333 0.887963 0.259375 0.886111 0.259375 0.883333 0.259896 0.880556 0.260417 0.879630 0.261458 0.877778 0.261979 0.877778
0 0.262500 0.876852 0.263542 0.875926 0.264062 0.876852 0.265104 0.876852 0.265625 0.876852 0.267188 0.877778 0.268229 0.878704 0.268229 0.879630 0.269792 0.881481 0.270312 0.887037 0.269792 0.887963 0.270312 0.890741 0.269792 0.891667 0.269792 0.892593 0.269271 0.895370 0.268750 0.895370 0.268750 0.898148 0.268229 0.898148 0.267708 0.899074 0.300000 0.983333 0.299479 0.981481 0.297396 0.982407 0.295312 0.981481 0.293750 0.979630 0.291667 0.975000 0.291146 0.972222 0.291667 0.970370 0.291146 0.968518 0.291667 0.965741
0 0.291146 0.962037 0.292708 0.956481 0.293750 0.955556 0.294271 0.955556 0.295312 0.953704 0.297917 0.952778 0.298438 0.950926 0.301042 0.950000 0.303125 0.950926 0.304167 0.952778 0.304688 0.952778
0 0.305208 0.954630 0.306250 0.955556 0.307292 0.959259 0.307813 0.965741 0.307292 0.967593 0.307813 0.968518 0.307292 0.973148 0.306250 0.976852 0.303646 0.980556 0.322917 0.986111 0.326042 0.977778 0.329167 0.974074 0.333333 0.973148 0.338542 0.975000 0.340625 0.978704 0.342187 0.982407 0.343229 0.983333 0.346875 0.983333 0.348437 0.985185 0.342187 0.983333 0.373958 0.816667 0.373437 0.814815 0.371875 0.815741 0.370833 0.814815 0.370833 0.816667 0.370313 0.816667 0.369792 0.814815 0.367188 0.813889
0 0.367708 0.812037 0.366667 0.809259 0.365625 0.806481 0.364583 0.805556 0.365625 0.803704 0.365104 0.799074 0.366146 0.795370 0.365625 0.793519 0.367188 0.789815 0.367708 0.789815 0.368750 0.787963 0.370833 0.787037 0.371875 0.785185 0.372917 0.784259 0.373437 0.785185 0.374479 0.784259 0.375000 0.785185 0.375521 0.785185 0.378646 0.789815 0.379167 0.793519 0.379687 0.793519 0.380208 0.799074 0.379687 0.801852 0.379687 0.803704 0.377083 0.812963 0.376563 0.812963 0.376563 0.813889 0.190104 0.969444 0.189583 0.968518
0 0.188021 0.968518 0.185417 0.966667 0.182812 0.965741 0.181771 0.960185 0.180729 0.951852 0.181250 0.945370 0.183854 0.940741 0.184896 0.940741 0.185417 0.938889 0.185937 0.939815 0.186458 0.937963 0.186979 0.938889 0.189063 0.937963 0.190625 0.939815 0.191667 0.937963 0.193229 0.939815 0.194271 0.942593 0.194792 0.944444 0.195312 0.945370 0.195833 0.953704 0.195833 0.959259 0.194792 0.962037 0.194271 0.962963 0.193229 0.963889 0.190625 0.968518 0.207813 0.983333 0.207292 0.981481 0.205729 0.982407 0.202604 0.980556 0.201042 0.978704 0.198958 0.973148 0.197917 0.965741 0.198437 0.959259 0.201042 0.955556 0.201562 0.955556 0.202604 0.953704 0.203646 0.952778 0.204167 0.950926
0 0.205208 0.951852 0.206250 0.951852 0.208333 0.951852 0.209375 0.951852 0.210417 0.952778 0.211458 0.956481 0.211979 0.958333 0.212500 0.959259 0.214062 0.966667 0.213021 0.973148 0.212500 0.975926 0.211979 0.977778 0.210417 0.977778 0.208333 0.981481 0.122396 0.962963 0.121875 0.962037 0.120312 0.962963 0.119792 0.962037 0.119271 0.961111 0.118750 0.961111 0.118229 0.958333 0.117708 0.958333 0.117188 0.953704 0.116667 0.953704 0.115625 0.949074 0.116146 0.948148 0.116146 0.945370
0 0.116667 0.942593 0.117188 0.940741 0.118750 0.939815 0.119271 0.937963 0.120833 0.937963 0.121354 0.937037 0.121875 0.936111 0.122396 0.937037 0.123958 0.936111 0.124479 0.937037 0.125521 0.937037 0.127083 0.938889 0.126563 0.939815 0.129167 0.942593 0.129167 0.946296 0.128646 0.947222 0.129688 0.950000 0.129167 0.950000 0.129167 0.950926 0.127083 0.957407 0.126563 0.958333 0.126042 0.961111 0.139583 0.980556 0.138542 0.979630 0.136458 0.980556 0.136458 0.979630 0.135937 0.977778
0 0.135417 0.977778 0.135417 0.975000 0.134375 0.975000 0.133854 0.970370 0.133333 0.971296 0.132292 0.966667 0.132812 0.964815 0.132812 0.962037 0.133333 0.958333 0.133333 0.959259 0.133854 0.958333 0.134896 0.956481 0.135417 0.955556 0.136979 0.955556 0.137500 0.954630 0.138542 0.952778 0.139062 0.953704 0.140625 0.952778 0.141146 0.953704 0.142188 0.953704 0.143229 0.955556 0.143229 0.956481 0.145313 0.961111 0.145833 0.962963 0.145833 0.963889 0.145833 0.965741 0.145313 0.966667 0.145833 0.967593 0.143750 0.974074 0.143750 0.975000 0.142188 0.977778 0.071354 0.979630
0 0.071875 0.975926 0.071875 0.976852 0.072917 0.975000 0.073437 0.974074 0.073437 0.973148 0.076042 0.973148 0.076042 0.972222 0.077083 0.970370 0.077604 0.971296 0.078646 0.970370 0.079167 0.971296 0.080729 0.971296 0.081771 0.973148 0.081771 0.974074 0.083333 0.977778 0.084375 0.980556 0.059375 0.975000 0.063021 0.973148 0.066667 0.980556 0.146875 0.983333 0.150000 0.980556 0.152083 0.980556 0.176042 0.362037 0.171354 0.361111 0.169792 0.358333 0.168750 0.355556 0.167708 0.346296 0.168750 0.339815 0.171354 0.332407 0.172917 0.328704 0.175000 0.326852 0.175521 0.327778
0 0.179167 0.325926 0.180208 0.325926 0.183854 0.330556 0.184896 0.334259 0.185417 0.335185 0.186458 0.344444 0.185417 0.347222 0.184896 0.352778 0.184375 0.352778 0.182812 0.358333 0.179167 0.359259 0.179167 0.361111 0.218750 0.373148 0.217708 0.372222 0.217187 0.374074 0.216667 0.372222 0.216146 0.372222 0.215625 0.372222 0.215104 0.373148 0.215104 0.372222 0.213542 0.372222 0.214062 0.370370 0.213021 0.369444 0.211979 0.364815 0.212500 0.363889 0.212500 0.362963 0.213021 0.361111
0 0.213542 0.360185 0.214062 0.359259 0.214583 0.357407 0.215625 0.357407 0.216146 0.355556 0.218750 0.354630 0.219271 0.354630 0.219792 0.354630 0.220313 0.355556 0.220833 0.355556 0.222917 0.357407
0 0.223438 0.363889 0.221875 0.369444 0.221354 0.369444 0.220313 0.372222 0.243229 0.301852 0.242708 0.300000 0.241667 0.300926 0.239583 0.300000 0.237500 0.298148 0.238021 0.296296 0.235938 0.293519
0 0.235938 0.285185 0.236458 0.277778 0.237500 0.275926 0.239063 0.273148 0.239583 0.273148 0.240104 0.271296 0.241667 0.270370 0.242188 0.271296 0.244271 0.270370
0 0.244792 0.270370 0.246354 0.270370 0.248958 0.272222 0.250521 0.276852 0.251563 0.282407 0.251042 0.287037 0.248958 0.294444 0.248437 0.296296 0.246354 0.297222
0 0.245833 0.298148 0.243750 0.299074 0.329688 0.230556 0.327083 0.232407 0.326562 0.231481 0.326042 0.231481 0.323438 0.229630 0.323958 0.227778 0.322396 0.225000 0.321354 0.218519 0.321875 0.216667
0 0.321354 0.214815 0.322396 0.213889 0.321875 0.212037 0.323438 0.208333 0.325000 0.205556 0.328646 0.203704 0.329167 0.202778 0.330208 0.200926 0.330729 0.201852 0.331771 0.201852 0.333854 0.203704
0 0.334375 0.204630 0.334896 0.205556 0.334896 0.207407 0.335938 0.209259 0.336979 0.217593 0.336458 0.219444 0.335938 0.223148 0.335417 0.225000 0.334896 0.225926 0.334375 0.226852 0.332812 0.227778
0 0.332292 0.229630 0.383333 0.250926 0.382812 0.249074 0.382292 0.250000 0.378125 0.243519 0.376042 0.238889 0.375000 0.229630 0.375521 0.227778 0.376042 0.224074 0.377604 0.219444 0.379687 0.214815
0 0.384896 0.212963 0.387500 0.212963 0.389062 0.214815 0.391667 0.221296 0.392708 0.222222 0.393229 0.227778 0.392188 0.237037 0.389583 0.244444 0.388542 0.246296 0.383854 0.249074 0.370833 0.311111
0 0.370313 0.309259 0.369792 0.309259 0.369271 0.309259 0.368750 0.310185 0.368229 0.308333 0.367708 0.308333 0.366146 0.308333 0.366667 0.307407 0.366146 0.305556
0 0.365104 0.300000 0.365104 0.298148 0.365625 0.297222 0.367188 0.292593 0.367188 0.293519 0.368229 0.291667 0.369271 0.291667 0.369271 0.289815 0.370313 0.288889
0 0.370833 0.289815 0.371875 0.288889 0.372396 0.289815 0.372917 0.289815 0.373958 0.290741 0.373958 0.291667 0.374479 0.292593 0.375000 0.295370 0.375521 0.296296
0 0.376042 0.300000 0.375000 0.302778 0.375521 0.303704 0.375000 0.304630 0.374479 0.304630 0.373437 0.307407 0.372396 0.308333 0.371875 0.309259 0.320312 0.296296
0 0.320833 0.288889 0.322917 0.284259 0.326042 0.283333 0.329688 0.286111 0.331250 0.292593 0.330208 0.298148 0.327083 0.302778 0.323438 0.301852 0.365104 0.443519
0 0.360417 0.446296 0.357292 0.442593 0.357812 0.439815 0.356771 0.438889 0.356250 0.434259 0.356250 0.433333 0.356771 0.430556 0.357292 0.425000 0.357812 0.425000 0.359896 0.420370 0.360417 0.421296 0.361458 0.419444 0.362500 0.418519 0.363021 0.416667 0.364062 0.416667 0.364583 0.417593 0.365625 0.416667 0.367708 0.419444 0.367708 0.420370 0.368750 0.421296 0.368750 0.425000 0.369271 0.425926 0.369792 0.429630 0.369271 0.431481 0.369792 0.434259 0.369271 0.435185 0.369792 0.436111 0.368229 0.440741 0.367708 0.441667 0.367188 0.442593 0.496875 0.753704 0.496354 0.751852 0.495833 0.751852
0 0.495313 0.751852 0.494792 0.752778 0.494271 0.750926 0.493750 0.750926 0.491667 0.750926 0.492188 0.750000 0.491667 0.748148 0.491146 0.741667 0.491667 0.741667 0.491146 0.739815 0.492188 0.736111 0.492188 0.737037 0.493229 0.735185 0.493750 0.735185 0.494792 0.733333 0.495833 0.732407 0.496354 0.733333 0.497396 0.732407 0.497917 0.733333 0.498437 0.733333 0.499479 0.734259 0.499479 0.736111 0.500000 0.736111 0.500000 0.738889
0 0.500521 0.739815 0.501042 0.742593 0.500521 0.745370 0.500521 0.746296 0.500000 0.747222 0.499479 0.749074 0.498958 0.750926 0.497917 0.750926 0.497396 0.751852
0 0.635938 0.583333 0.635417 0.578704 0.636979 0.572222 0.640104 0.569444 0.642187 0.571296 0.643229 0.575000 0.643750 0.580556 0.643229 0.585185 0.640625 0.588889 0.637500 0.588889
