0 0.722917 0.427778 0.723437 0.428704 0.725000 0.428704 0.725521 0.429630 0.728646 0.430556 0.732292 0.433333 0.733333 0.437037 0.733333 0.438889 0.733854 0.438889 0.734375 0.445370 0.733854 0.445370 0.733333 0.450000 0.729688 0.454630 0.727604 0.455556 0.727083 0.456481 0.725000 0.456481 0.724479 0.457407 0.719792 0.456481 0.719271 0.456481 0.718229 0.456481 0.714063 0.451852 0.711979 0.450000 0.712500 0.448148 0.711979 0.446296 0.711979 0.437037 0.713542 0.432407 0.714583 0.430556 0.715625 0.430556 0.717708 0.429630 0.718750 0.429630 0.720833 0.427778
0 0.672396 0.870370 0.676042 0.874074 0.679167 0.875000 0.682813 0.880556 0.683333 0.886111 0.683854 0.887037 0.684375 0.894444 0.683333 0.894444 0.683854 0.898148 0.680208 0.902778 0.676042 0.906482 0.674479 0.905556 0.673958 0.906482 0.666146 0.905556 0.664062 0.904630 0.658333 0.897222 0.658333 0.895370 0.657812 0.893519 0.657292 0.885185 0.658333 0.883333 0.658333 0.880556 0.658854 0.877778 0.662500 0.873148 0.666667 0.871296 0.671875 0.871296
0 0.490625 0.733333 0.495313 0.735185 0.496875 0.735185 0.500521 0.737963 0.505208 0.743519 0.506771 0.748148 0.506771 0.756481 0.505208 0.760185 0.502604 0.762963 0.500521 0.764815 0.491667 0.768519 0.483854 0.767593 0.481250 0.766667 0.477604 0.761111 0.476562 0.756481 0.476042 0.749074 0.478125 0.743519 0.481250 0.737963 0.482812 0.736111 0.490104 0.734259
0 0.589583 0.280556 0.590104 0.281481 0.592188 0.281481 0.592708 0.282407 0.595312 0.283333 0.598437 0.287037 0.600521 0.291667 0.600521 0.299074 0.600000 0.300000 0.600000 0.300926 0.599479 0.302778 0.595833 0.307407 0.591146 0.311111 0.585417 0.312037 0.584896 0.310185 0.582812 0.310185 0.579687 0.305556 0.578125 0.302778 0.578125 0.298148 0.576563 0.298148 0.577604 0.296296 0.577604 0.292593 0.579167 0.287037 0.580729 0.284259 0.583333 0.282407 0.584896 0.283333 0.585938 0.281481 0.588021 0.282407 0.589063 0.280556
0 0.526042 0.866667 0.530208 0.866667 0.530729 0.867593 0.531771 0.867593 0.535417 0.871296 0.535937 0.871296 0.537500 0.874074 0.538021 0.875926 0.538542 0.876852 0.538542 0.884259 0.536979 0.889815 0.533854 0.893519 0.531771 0.895370 0.530729 0.895370 0.530208 0.895370 0.527604 0.895370 0.527083 0.895370 0.522396 0.894444 0.521354 0.893519 0.518750 0.891667 0.517187 0.889815 0.517708 0.887037 0.516146 0.884259 0.515625 0.875926 0.516146 0.875000 0.516667 0.873148 0.518229 0.870370 0.518750 0.868519 0.521875 0.866667
0 0.564062 0.809259 0.564583 0.810185 0.566146 0.810185 0.569792 0.812963 0.569792 0.813889 0.571875 0.816667 0.571875 0.826852 0.571354 0.827778 0.571354 0.829630 0.568750 0.834259 0.567187 0.835185 0.566146 0.835185 0.565625 0.835185 0.561979 0.836111 0.561458 0.834259 0.558333 0.834259 0.556250 0.833333 0.553125 0.829630 0.553646 0.827778 0.553125 0.825926 0.552604 0.821296 0.553125 0.820370 0.553646 0.817593 0.554167 0.815741 0.556771 0.811111 0.558333 0.812037 0.559375 0.810185 0.562500 0.811111 0.563542 0.809259
0 0.720312 0.374074 0.721354 0.375000 0.723958 0.375000 0.724479 0.375926 0.728125 0.376852 0.729167 0.377778 0.732292 0.382407 0.732813 0.391667 0.731771 0.392593 0.732292 0.394444 0.727604 0.401852 0.726562 0.401852 0.723958 0.403704 0.722396 0.403704 0.721875 0.404630 0.720312 0.405556 0.719792 0.403704 0.717708 0.404630 0.717188 0.402778 0.714583 0.402778 0.713542 0.401852 0.710938 0.398148 0.710417 0.396296 0.709375 0.394444 0.709375 0.390741 0.708854 0.390741 0.708333 0.387963 0.710417 0.382407 0.713021 0.377778 0.715104 0.376852 0.719792 0.375000
0 0.264583 0.776852 0.268229 0.776852 0.271875 0.779630 0.277083 0.786111 0.279167 0.790741 0.279167 0.797222 0.278125 0.799074 0.277604 0.800926 0.275521 0.804630 0.269792 0.808333 0.261979 0.809259 0.261458 0.807407 0.260417 0.807407 0.254687 0.803704 0.251563 0.797222 0.251563 0.793519 0.250521 0.792593 0.250521 0.791667 0.251563 0.789815 0.251042 0.786111 0.252083 0.784259 0.255208 0.779630 0.260938 0.776852
0 0.496875 0.201852 0.497396 0.202778 0.500521 0.203704 0.502604 0.204630 0.504167 0.206481 0.505729 0.211111 0.506250 0.217593 0.505729 0.218519 0.505208 0.223148 0.502604 0.225926 0.502604 0.226852 0.501042 0.229630 0.498958 0.230556 0.496875 0.230556 0.496354 0.231481 0.493229 0.232407 0.492708 0.230556 0.491667 0.230556 0.487500 0.227778 0.484375 0.223148 0.483854 0.221296 0.483854 0.218519 0.483333 0.216667 0.483854 0.210185 0.485938 0.206481 0.486458 0.204630 0.488021 0.202778 0.489583 0.202778 0.491667 0.201852 0.627604 0.358333
0 0.628125 0.359259 0.629687 0.359259 0.633854 0.362037 0.636458 0.365741 0.638021 0.370370 0.638021 0.377778 0.636458 0.382407 0.632292 0.387963 0.629167 0.389815 0.624479 0.390741 0.623958 0.388889 0.620313 0.387963 0.618750 0.386111 0.615625 0.381481 0.615625 0.378704 0.615104 0.376852 0.614583 0.373148 0.615625 0.372222 0.615104 0.368519 0.616146 0.367593 0.615625 0.365741 0.616146 0.363889 0.619792 0.360185 0.623958 0.360185 0.625000 0.358333 0.492188 0.619444
0 0.495833 0.619444 0.496354 0.620370 0.498437 0.621296 0.498437 0.622222 0.500000 0.625000 0.500000 0.625926 0.500521 0.625926 0.501042 0.633333 0.500521 0.634259 0.500521 0.637963 0.497396 0.641667 0.496875 0.641667 0.496354 0.642593 0.495313 0.642593 0.494792 0.643519 0.488021 0.643519 0.486979 0.641667 0.485417 0.641667 0.485938 0.639815 0.483854 0.638889 0.484375 0.637963 0.483854 0.636111 0.483333 0.629630 0.484375 0.627778 0.484375 0.625000 0.484896 0.625000 0.485417 0.623148 0.486979 0.620370 0.487500 0.620370 0.488542 0.619444 0.770312 0.353704
0 0.777083 0.359259 0.778125 0.359259 0.780208 0.362037 0.781771 0.365741 0.781771 0.370370 0.781250 0.371296 0.781250 0.373148 0.779688 0.378704 0.775521 0.383333 0.771354 0.385185 0.769792 0.385185 0.769271 0.385185 0.765104 0.384259 0.761979 0.383333 0.758854 0.378704 0.756250 0.372222 0.756250 0.366667 0.757812 0.363889 0.758333 0.361111 0.763542 0.354630 0.769792 0.354630 0.830729 0.435185
0 0.831771 0.436111 0.835938 0.437037 0.838542 0.439815 0.839063 0.439815 0.841667 0.445370 0.841667 0.453704 0.841146 0.454630 0.840625 0.458333 0.839063 0.460185 0.836979 0.462037 0.833854 0.462963 0.833333 0.463889 0.830729 0.463889 0.830208 0.463889 0.829167 0.464815 0.828646 0.462963 0.826042 0.462963 0.825521 0.462963 0.823438 0.462037 0.820833 0.458333 0.820312 0.456481 0.819271 0.455556 0.819792 0.453704 0.819271 0.451852 0.818750 0.450000 0.819792 0.449074 0.819271 0.446296 0.821354 0.441667 0.822917 0.438889 0.829167 0.435185 0.818750 0.604630
0 0.819271 0.604630 0.826563 0.605556 0.831250 0.608333 0.833333 0.611111 0.834375 0.613889 0.835417 0.619444 0.835938 0.620370 0.835938 0.621296 0.835417 0.622222 0.835417 0.626852 0.834375 0.629630 0.827604 0.637963 0.825000 0.637963 0.824479 0.637963 0.819271 0.637963 0.816146 0.637037 0.812500 0.633333 0.810938 0.629630 0.810417 0.625000 0.809375 0.624074 0.809896 0.614815 0.811458 0.610185 0.813542 0.607407 0.818229 0.604630 0.876562 0.713889
0 0.879687 0.713889 0.880208 0.714815 0.881250 0.714815 0.886979 0.718518 0.888542 0.722222 0.888542 0.728704 0.888021 0.729630 0.888021 0.731481 0.887500 0.733333 0.883854 0.739815 0.879687 0.742593 0.871354 0.741667 0.867188 0.737963 0.865625 0.733333 0.865104 0.725000 0.866146 0.724074 0.865625 0.721296 0.869792 0.714815 0.870833 0.714815 0.872917 0.715741 0.873958 0.713889 0.580729 0.842593
0 0.581771 0.842593 0.582812 0.843518 0.583333 0.843518 0.586458 0.845370 0.586458 0.846296 0.587500 0.848148 0.587500 0.849074 0.588021 0.850000 0.588021 0.850926 0.588542 0.851852 0.588542 0.853704 0.588021 0.854630 0.588021 0.856481 0.587500 0.857407 0.586979 0.860185 0.585938 0.862037 0.585417 0.862037 0.583854 0.862963 0.581771 0.862963 0.581250 0.863889 0.577604 0.864815 0.577083 0.862963 0.576563 0.862963 0.572396 0.859259 0.572917 0.858333 0.571875 0.857407 0.572396 0.855556 0.571875 0.853704 0.571354 0.850926 0.571875 0.850000 0.571875 0.849074 0.572396 0.848148 0.572396 0.847222 0.573438 0.845370 0.573958 0.845370 0.575000 0.843518 0.575521 0.843518 0.577604 0.842593 0.910417 0.433333
0 0.910937 0.434259 0.915104 0.434259 0.919271 0.437963 0.921875 0.441667 0.922396 0.448148 0.921875 0.449074 0.921875 0.452778 0.919792 0.459259 0.917708 0.461111 0.914583 0.463889 0.910937 0.464815 0.910417 0.465741 0.908333 0.465741 0.907292 0.464815 0.905729 0.464815 0.901042 0.462037 0.898438 0.458333 0.896875 0.452778 0.896354 0.445370 0.897396 0.445370 0.897917 0.440741 0.901563 0.436111 0.905729 0.434259 0.907292 0.433333 0.358854 0.640741
0 0.359896 0.641667 0.360938 0.641667 0.361979 0.642593 0.366667 0.646296 0.367188 0.648148 0.367708 0.650926 0.368229 0.651852 0.367708 0.653704 0.367708 0.656482 0.365625 0.663889 0.362500 0.667593 0.360417 0.668519 0.357292 0.668519 0.356771 0.669444 0.352604 0.669444 0.349479 0.666667 0.347396 0.663889 0.345313 0.659259 0.345313 0.651852 0.345833 0.650000 0.346354 0.647222 0.350000 0.642593 0.352083 0.640741 0.358333 0.641667 0.396875 0.208333
0 0.402604 0.208333 0.404687 0.210185 0.408333 0.215741 0.408854 0.225000 0.407292 0.228704 0.406250 0.230556 0.406250 0.231481 0.404687 0.233333 0.403646 0.234259 0.402604 0.234259 0.402083 0.235185 0.398958 0.236111 0.398438 0.234259 0.394271 0.234259 0.391146 0.230556 0.390625 0.228704 0.389583 0.226852 0.389583 0.223148 0.388542 0.223148 0.388542 0.215741 0.389062 0.213889 0.392708 0.209259 0.393750 0.208333 0.566146 0.501852
0 0.566667 0.502778 0.567708 0.502778 0.572396 0.505556 0.575000 0.509259 0.575521 0.516667 0.575000 0.517593 0.575000 0.520370 0.574479 0.522222 0.572396 0.525000 0.571354 0.525926 0.569792 0.525926 0.569271 0.526852 0.567708 0.526852 0.567187 0.527778 0.564062 0.528704 0.563542 0.526852 0.561979 0.526852 0.557292 0.523148 0.557813 0.520370 0.556771 0.519444 0.556250 0.513889 0.557292 0.512037 0.556771 0.510185 0.557813 0.508333 0.558854 0.507407 0.561458 0.503704 0.564583 0.501852 0.625000 0.632407
0 0.626042 0.633333 0.627083 0.633333 0.627604 0.634259 0.628125 0.634259 0.632292 0.639815 0.632292 0.644444 0.633333 0.645370 0.632292 0.646296 0.632292 0.648148 0.631771 0.648148 0.631250 0.650926 0.628646 0.654630 0.628125 0.654630 0.626042 0.656482 0.621875 0.656482 0.620833 0.655556 0.618229 0.655556 0.614583 0.650926 0.614583 0.649074 0.614062 0.647222 0.613021 0.640741 0.614062 0.638889 0.617708 0.633333 0.619271 0.633333 0.619792 0.633333 0.622917 0.634259 0.623958 0.632407 0.666667 0.729630 0.670313 0.730556
0 0.672396 0.731481 0.673437 0.731481 0.674479 0.733333 0.677083 0.735185 0.678646 0.739815 0.678646 0.746296 0.676562 0.751852 0.671354 0.757407 0.665625 0.757407 0.665104 0.758333 0.661979 0.757407 0.660937 0.755556 0.659375 0.754630 0.655729 0.751852 0.656250 0.750000 0.655729 0.748148 0.655208 0.739815 0.656250 0.736111 0.658333 0.734259 0.663021 0.729630 0.483854 0.388889 0.484375 0.389815
0 0.486458 0.390741 0.490104 0.395370 0.490625 0.395370 0.491146 0.397222 0.491667 0.397222 0.491667 0.400926 0.492188 0.401852 0.491667 0.402778 0.491667 0.407407 0.490104 0.410185 0.489583 0.412037 0.486979 0.415741 0.484896 0.416667 0.476042 0.416667 0.471354 0.413889 0.471875 0.411111 0.470313 0.409259 0.470833 0.406481 0.469792 0.405556 0.469271 0.400926 0.470313 0.399074 0.470313 0.396296 0.474479 0.390741 0.475521 0.389815 0.482292 0.390741 0.483333 0.388889 0.633333 0.590741 0.639063 0.593518
0 0.640625 0.595370 0.643750 0.600926 0.645312 0.606481 0.645312 0.613889 0.643229 0.622222 0.639583 0.625926 0.634896 0.626852 0.634375 0.627778 0.624479 0.626852 0.622396 0.625000 0.620313 0.623148 0.616146 0.618519 0.616667 0.615741 0.615104 0.612037 0.614583 0.604630 0.617188 0.598148 0.619792 0.594444 0.621875 0.592593 0.627083 0.591667 0.628125 0.590741 0.490625 0.583333 0.494792 0.583333
0 0.495833 0.585185 0.501042 0.588889 0.503125 0.591667 0.503646 0.591667 0.504167 0.593518 0.504167 0.596296 0.504687 0.597222 0.504167 0.603704 0.503646 0.605556 0.500000 0.610185 0.498437 0.610185 0.496354 0.612037 0.486458 0.611111 0.480729 0.607407 0.477604 0.604630 0.478125 0.602778 0.477604 0.600926 0.477083 0.596296 0.478125 0.595370 0.477604 0.592593 0.481771 0.586111 0.486979 0.583333 0.741146 0.621296 0.746354 0.624074
0 0.748438 0.626852 0.749479 0.629630 0.749479 0.635185 0.750521 0.636111 0.749479 0.636111 0.749479 0.637963 0.748958 0.638889 0.748958 0.640741 0.747917 0.643519 0.745833 0.647222 0.744792 0.647222 0.742188 0.648148 0.737500 0.649074 0.736979 0.647222 0.734375 0.647222 0.731250 0.647222 0.731771 0.645370 0.730208 0.642593 0.728125 0.640741 0.728646 0.638889 0.728125 0.637037 0.728125 0.630556 0.729688 0.627778 0.730208 0.625926 0.732292 0.622222 0.733854 0.621296 0.736458 0.621296 0.736979 0.621296 0.635417 0.771296 0.635938 0.771296
0 0.638021 0.772222 0.638542 0.772222 0.640104 0.773148 0.642708 0.776852 0.642708 0.777778 0.643750 0.778704 0.644271 0.787037 0.642708 0.788889 0.642708 0.789815 0.641146 0.792593 0.640625 0.792593 0.638021 0.795370 0.635938 0.795370 0.635417 0.797222 0.634896 0.795370 0.631771 0.796296 0.631250 0.794444 0.628125 0.794444 0.628646 0.792593 0.626562 0.790741 0.627083 0.788889 0.626042 0.786111 0.625521 0.780556 0.626562 0.778704 0.627604 0.775000 0.629687 0.772222 0.630208 0.773148 0.631250 0.771296 0.633333 0.771296 0.633854 0.771296 0.455729 0.398148 0.460417 0.400926
0 0.462500 0.404630 0.463021 0.406481 0.463021 0.413889 0.461458 0.418519 0.459896 0.420370 0.458333 0.421296 0.456771 0.423148 0.455729 0.423148 0.455208 0.424074 0.454167 0.425000 0.453646 0.423148 0.448438 0.423148 0.446875 0.422222 0.445312 0.419444 0.444271 0.418519 0.444792 0.416667 0.443750 0.415741 0.443750 0.413889 0.442708 0.412963 0.442708 0.411111 0.443750 0.409259 0.443750 0.405556 0.444792 0.402778 0.446354 0.400000 0.447917 0.399074 0.448958 0.399074 0.449479 0.399074 0.452083 0.400000 0.453125 0.398148 0.498437 0.343519 0.498958 0.344444
0 0.501562 0.344444 0.502083 0.345370 0.503125 0.345370 0.506250 0.348148 0.506250 0.349074 0.507292 0.350926 0.507812 0.353704 0.508333 0.353704 0.508333 0.360185 0.507812 0.361111 0.507812 0.363889 0.504687 0.368519 0.505208 0.369444 0.504167 0.369444 0.503125 0.371296 0.502083 0.371296 0.500521 0.372222 0.498437 0.372222 0.497917 0.373148 0.496875 0.374074 0.496354 0.372222 0.493229 0.373148 0.492708 0.371296 0.490625 0.371296 0.487500 0.367593 0.485417 0.362963 0.485938 0.358333 0.484375 0.358333 0.485417 0.356481 0.484896 0.352778 0.485938 0.350926 0.489062 0.345370 0.490625 0.345370 0.494792 0.345370 0.495833 0.343519 0.685417 0.669444 0.685938 0.670370
0 0.690625 0.671296 0.692187 0.673148 0.692708 0.673148 0.695833 0.679630 0.695833 0.682407 0.696354 0.683333 0.695833 0.691667 0.694792 0.693519 0.694792 0.694444 0.692187 0.698148 0.690625 0.699074 0.682813 0.699074 0.681771 0.698148 0.679167 0.697222 0.678125 0.696296 0.675000 0.692593 0.673958 0.691667 0.674479 0.688889 0.672917 0.685185 0.672396 0.679630 0.673437 0.677778 0.673958 0.674074 0.675521 0.672222 0.676562 0.672222 0.679167 0.670370 0.680729 0.671296 0.681771 0.669444 0.569792 0.721296 0.570312 0.722222
0 0.571875 0.722222 0.572917 0.723148 0.575521 0.724074 0.578646 0.725926 0.580208 0.728704 0.580729 0.731481 0.581771 0.734259 0.581771 0.739815 0.580208 0.745370 0.577083 0.749074 0.576042 0.750000 0.573438 0.750000 0.572917 0.750926 0.569271 0.751852 0.568750 0.750000 0.567187 0.750000 0.563021 0.746296 0.560417 0.740741 0.559375 0.736111 0.559896 0.735185 0.560417 0.732407 0.561458 0.731481 0.561979 0.728704 0.565104 0.724074 0.569271 0.721296 0.918229 0.536111 0.918750 0.537037
0 0.924479 0.537963 0.929688 0.541667 0.932292 0.547222 0.932813 0.550926 0.933333 0.551852 0.932813 0.560185 0.931250 0.562037 0.929688 0.565741 0.925521 0.571296 0.919792 0.572222 0.918750 0.573148 0.911979 0.570370 0.905729 0.562037 0.904167 0.554630 0.904688 0.548148 0.908333 0.540741 0.917708 0.536111 0.891667 0.607407 0.892187 0.607407
0 0.895833 0.608333 0.898958 0.612037 0.900521 0.615741 0.901563 0.625926 0.899479 0.631481 0.897396 0.634259 0.895312 0.636111 0.892187 0.637037 0.891667 0.637963 0.888021 0.637963 0.887500 0.636111 0.885938 0.637037 0.885417 0.635185 0.882812 0.634259 0.879687 0.632407 0.880208 0.629630 0.879167 0.626852 0.879167 0.623148 0.878646 0.621296 0.879167 0.614815 0.881250 0.610185 0.883333 0.608333 0.884896 0.609259 0.885938 0.607407 0.888021 0.608333 0.889063 0.606481 0.402083 0.854630 0.402604 0.855556
0 0.404687 0.855556 0.405208 0.856481 0.406771 0.856481 0.409375 0.861111 0.411458 0.865741 0.411458 0.872222 0.410417 0.875000 0.409896 0.877778 0.407292 0.881481 0.404687 0.883333 0.403125 0.883333 0.402604 0.884259 0.400521 0.884259 0.400000 0.886111 0.399479 0.884259 0.396354 0.883333 0.393750 0.880556 0.392188 0.878704 0.391146 0.875926 0.391146 0.874074 0.390625 0.872222 0.390104 0.866667 0.391146 0.864815 0.391667 0.861111 0.393229 0.859259 0.394792 0.858333 0.395833 0.856481 0.398438 0.854630 0.603646 0.578704
0 0.604167 0.579630 0.610417 0.581481 0.614062 0.587037 0.615104 0.588889 0.615104 0.594444 0.614062 0.597222 0.614062 0.600000 0.609896 0.606481 0.604167 0.608333 0.603646 0.609259 0.602083 0.610185 0.601562 0.608333 0.597917 0.609259 0.597396 0.607407 0.594271 0.606481 0.590625 0.603704 0.591146 0.601852 0.589063 0.600926 0.589583 0.598148 0.588021 0.595370 0.588021 0.588889 0.589583 0.584259 0.592188 0.581481 0.594271 0.579630 0.596875 0.580556 0.597917 0.578704 0.600000 0.578704 0.601042 0.578704 0.997917 0.584259 0.998438 0.581481
0 0.997396 0.578704 0.997396 0.574074 0.998958 0.569444 0.359896 0.677778 0.360417 0.678704 0.361458 0.678704 0.363021 0.680556 0.363542 0.680556 0.364583 0.681481 0.365104 0.684259 0.367188 0.687037 0.366667 0.687963 0.366667 0.692593 0.365625 0.694444 0.365625 0.695370 0.365104 0.696296 0.365104 0.697222 0.361979 0.700926 0.361458 0.700926 0.360938 0.701852 0.358333 0.702778 0.357812 0.700926 0.354688 0.700926 0.353646 0.700000 0.353125 0.700000 0.351042 0.699074 0.351562 0.698148 0.350521 0.697222 0.351042 0.694444
0 0.349479 0.692593 0.348958 0.689815 0.350000 0.687963 0.350000 0.685185 0.351042 0.682407 0.351562 0.680556 0.352604 0.679630 0.354688 0.680556 0.355729 0.678704 0.358333 0.679630 0.359375 0.677778 0.794792 0.485185 0.795313 0.486111 0.799479 0.486111 0.800000 0.487037 0.802083 0.487037 0.803646 0.488889 0.805729 0.490741 0.806250 0.492593 0.806250 0.493519 0.807813 0.496296 0.807292 0.498148 0.807292 0.502778 0.805729 0.507407 0.802604 0.511111
0 0.800521 0.511111 0.800000 0.512037 0.797396 0.511111 0.796875 0.512037 0.795313 0.512037 0.792708 0.511111 0.791667 0.509259 0.791146 0.509259 0.788021 0.503704 0.788021 0.494444 0.789062 0.490741 0.790625 0.488889 0.794271 0.486111 0.554167 0.650000 0.556771 0.651852 0.560938 0.658333 0.561458 0.659259 0.561458 0.667593 0.559896 0.672222 0.558333 0.675000 0.557292 0.675926 0.555208 0.675926 0.554688 0.676852 0.550521 0.677778 0.550000 0.675926 0.546875 0.675926 0.543750 0.672222 0.543229 0.669444 0.541146 0.666667 0.541146 0.660185 0.542708 0.655556 0.544792 0.651852 0.546354 0.650926 0.547396 0.650926 0.547917 0.650926 0.550000 0.650926 0.551042 0.650000
0 0.213021 0.903704 0.217187 0.907407 0.218229 0.910185 0.220833 0.913889 0.220833 0.920370 0.219792 0.923148 0.219792 0.924074 0.214062 0.931481 0.209375 0.931481 0.208854 0.932407 0.206771 0.933333 0.206250 0.931481 0.204688 0.931481 0.203125 0.931481 0.203646 0.929630 0.199479 0.925926 0.200000 0.924074 0.199479 0.922222 0.199479 0.913889 0.204167 0.905556 0.205208 0.906482 0.206250 0.904630 0.212500 0.904630 0.471354 0.703704 0.475521 0.703704 0.476042 0.704630 0.476562 0.704630
0 0.479688 0.708333 0.479688 0.709259 0.480729 0.712037 0.480729 0.718518 0.480208 0.719444 0.480208 0.721296 0.478646 0.724074 0.478646 0.725000 0.476562 0.726852 0.469271 0.726852 0.468750 0.728704 0.468229 0.726852 0.466667 0.725926 0.464063 0.725000 0.464583 0.723148 0.463542 0.721296 0.463542 0.718518 0.462500 0.717593 0.462500 0.716667 0.463542 0.714815 0.463021 0.711111 0.463542 0.711111 0.464063 0.709259 0.464583 0.708333
0 0.465104 0.706481 0.467708 0.703704 0.854688 0.545370 0.855208 0.546296 0.857292 0.546296 0.858854 0.548148 0.859896 0.548148 0.861979 0.550926 0.862500 0.550926 0.864062 0.554630 0.864583 0.564815 0.864062 0.565741 0.863542 0.570370 0.860937 0.573148 0.855729 0.576852 0.851042 0.575926 0.850521 0.575926 0.845833 0.574074 0.843229 0.571296 0.843750 0.568519 0.841667 0.563889 0.841667 0.561111 0.840625 0.560185
0 0.840625 0.558333 0.841667 0.556481 0.841667 0.552778 0.845312 0.547222 0.846354 0.548148 0.847396 0.546296 0.849479 0.547222 0.850521 0.545370 0.815104 0.789815 0.815625 0.790741 0.819271 0.791667 0.821875 0.793519 0.822917 0.794444 0.822917 0.795370 0.825521 0.800000 0.825521 0.806481 0.824479 0.808333 0.823958 0.812037 0.819271 0.816667 0.818229 0.817593 0.816146 0.817593 0.815625 0.818519 0.814062 0.819444 0.813542 0.817593 0.809896 0.818519 0.809375 0.816667 0.808333 0.816667 0.803646 0.811111 0.804167 0.808333 0.802604 0.805556
0 0.802604 0.801852 0.803125 0.800926 0.803646 0.798148 0.807292 0.792593 0.808333 0.792593 0.810417 0.791667 0.812500 0.791667 0.814583 0.789815 0.758854 0.454630 0.759375 0.455556 0.761458 0.455556 0.764063 0.457407 0.764063 0.458333 0.766146 0.462037 0.766146 0.468519 0.764583 0.472222 0.764583 0.473148 0.762500 0.475926 0.761458 0.475926 0.758854 0.478704 0.757292 0.478704 0.756250 0.477778 0.754167 0.478704 0.753646 0.476852 0.751042 0.476852 0.748958 0.475000 0.749479 0.473148 0.747396 0.472222 0.747917 0.469444
0 0.746875 0.466667 0.747396 0.466667 0.746875 0.462037 0.747917 0.460185 0.751042 0.455556 0.752604 0.456481 0.753646 0.454630 0.756771 0.454630 0.757292 0.454630 0.553125 0.553704 0.559375 0.554630 0.561979 0.555556 0.566146 0.562037 0.567187 0.564815 0.567187 0.573148 0.565625 0.577778 0.565104 0.577778 0.564062 0.579630 0.561458 0.580556 0.560938 0.580556 0.552604 0.579630 0.548437 0.577778 0.543229 0.571296 0.543229 0.568519 0.541667 0.566667 0.542708 0.564815 0.543229 0.561111 0.545313 0.558333 0.550000 0.553704 0.793229 0.973148
0 0.793750 0.974074 0.797396 0.974074 0.798437 0.975926 0.798958 0.975926 0.800521 0.977778 0.801562 0.980556 0.801562 0.982407 0.802083 0.983333 0.802083 0.989815 0.801042 0.992593 0.801042 0.993519 0.799479 0.997222 0.797396 0.998148 0.789583 0.998148 0.785937 0.996296 0.784375 0.990741 0.782812 0.989815 0.782812 0.983333 0.783333 0.982407 0.783854 0.979630 0.784375 0.977778 0.786458 0.975926 0.789583 0.973148 0.526563 0.633333 0.527083 0.634259 0.528125 0.634259 0.529167 0.635185 0.530208 0.635185 0.530729 0.636111 0.531250 0.636111 0.532812 0.637963
0 0.533333 0.638889 0.534375 0.640741 0.534375 0.641667 0.535417 0.643519 0.535417 0.649074 0.534896 0.649074 0.534896 0.650926 0.534375 0.651852 0.534375 0.652778 0.532292 0.655556 0.531771 0.655556 0.531250 0.656482 0.529688 0.656482 0.529167 0.657407 0.528125 0.657407 0.527604 0.658333 0.522917 0.659259 0.522396 0.657407 0.519271 0.655556 0.517187 0.650000
0 0.516146 0.643519 0.516667 0.642593 0.516667 0.641667 0.517187 0.640741 0.517708 0.638889 0.520833 0.634259 0.521354 0.634259 0.522917 0.633333 0.485417 0.478704 0.486458 0.479630 0.491146 0.485185 0.491667 0.487037 0.491667 0.490741 0.492188 0.491667 0.491667 0.492593 0.491667 0.497222 0.491146 0.499074 0.488021 0.503704 0.486458 0.503704 0.485938 0.504630 0.483854 0.505556 0.483333 0.503704 0.479167 0.503704 0.475521 0.499074
0 0.473958 0.495370 0.473958 0.493519 0.473437 0.491667 0.473958 0.488889 0.474479 0.486111 0.478646 0.480556 0.480208 0.481481 0.481250 0.479630 0.483854 0.480556 0.484896 0.478704 0.504687 0.302778 0.505208 0.303704 0.511458 0.304630 0.515104 0.309259 0.516146 0.312037 0.516146 0.318519 0.515625 0.319444 0.515104 0.323148 0.514063 0.325000 0.514063 0.325926 0.510938 0.329630 0.508854 0.330556 0.508333 0.331481 0.506771 0.331481 0.505729 0.332407 0.503125 0.333333 0.502604 0.331481 0.501042 0.332407 0.500521 0.330556 0.498437 0.329630 0.495313 0.325926 0.494792 0.323148 0.494271 0.321296 0.493750 0.312963 0.495313 0.308333 0.497396 0.306481
0 0.499479 0.304630 0.502083 0.304630 0.503125 0.302778 0.887500 0.373148 0.888021 0.373148 0.891146 0.373148 0.891667 0.374074 0.892708 0.374074 0.896354 0.377778 0.896354 0.378704 0.897396 0.380556 0.897917 0.387037 0.897396 0.387963 0.897396 0.391667 0.893750 0.397222 0.889583 0.399074 0.885417 0.400000 0.884375 0.399074 0.882812 0.399074 0.878646 0.397222 0.875000 0.391667 0.874479 0.389815 0.874479 0.387037 0.873438 0.386111 0.874479 0.384259 0.875000 0.379630
0 0.877083 0.376852 0.879167 0.375000 0.881771 0.375000 0.882812 0.373148 0.884375 0.374074 0.885417 0.372222 0.217708 0.322222 0.218229 0.323148 0.220313 0.323148 0.222396 0.325000 0.226042 0.329630 0.226562 0.331481 0.227083 0.333333 0.227604 0.334259 0.227604 0.339815 0.227083 0.340741 0.227083 0.342593 0.223958 0.347222 0.218750 0.350926 0.213542 0.351852 0.213021 0.350000 0.211458 0.350000 0.210417 0.349074 0.205729 0.342593 0.204688 0.336111 0.205729 0.334259 0.205729 0.331481 0.209375 0.325000 0.211458 0.324074
0 0.214062 0.324074 0.215104 0.322222 0.450000 0.452778 0.450521 0.453704 0.455729 0.453704 0.456771 0.454630 0.459896 0.458333 0.460417 0.460185 0.461979 0.462037 0.461979 0.464815 0.462500 0.465741 0.462500 0.468519 0.460417 0.475000 0.456771 0.477778 0.447917 0.478704 0.447396 0.476852 0.446354 0.476852 0.443750 0.475000 0.441146 0.469444 0.442187 0.467593 0.442187 0.462963 0.443750 0.457407 0.445833 0.454630 0.446875 0.453704 0.447917 0.454630 0.448958 0.452778 0.205208 0.650926 0.209375 0.650926 0.210417 0.651852
0 0.213542 0.656482 0.214583 0.659259 0.214583 0.661111 0.215625 0.662963 0.216146 0.669444 0.214583 0.670370 0.215104 0.672222 0.212500 0.675926 0.209375 0.677778 0.206771 0.677778 0.206250 0.678704 0.201042 0.678704 0.198437 0.676852 0.194271 0.673148 0.194792 0.671296 0.194271 0.669444 0.194271 0.661111 0.195833 0.658333 0.196354 0.655556 0.197396 0.654630 0.201562 0.650926 0.413542 0.470370 0.414062 0.471296 0.418750 0.471296 0.419271 0.472222
0 0.421354 0.472222 0.422396 0.473148 0.425000 0.479630 0.425000 0.485185 0.423958 0.487037 0.422917 0.490741 0.420312 0.493519 0.417188 0.496296 0.415625 0.496296 0.415104 0.497222 0.413021 0.497222 0.410417 0.494444 0.409896 0.494444 0.408333 0.491667 0.407292 0.491667 0.406250 0.490741 0.406250 0.487963 0.405729 0.486111 0.405208 0.483333 0.406250 0.481481 0.405729 0.478704 0.406771 0.476852 0.407813 0.475000 0.408333 0.473148
0 0.411979 0.471296 0.413021 0.471296 0.773958 0.884259 0.774479 0.885185 0.779688 0.886111 0.782292 0.887037 0.783854 0.889815 0.783854 0.890741 0.785937 0.893519 0.785937 0.900000 0.784375 0.904630 0.781771 0.907407 0.780208 0.907407 0.779688 0.908333 0.775000 0.908333 0.774479 0.909259 0.770833 0.906482 0.767187 0.900926 0.766146 0.899074 0.767187 0.897222 0.767187 0.892593 0.767708 0.891667 0.768229 0.888889 0.769792 0.886111
0 0.772396 0.885185 0.773438 0.885185 0.449479 0.753704 0.450000 0.754630 0.452604 0.754630 0.456250 0.756481 0.458333 0.760185 0.459375 0.763889 0.460417 0.767593 0.459896 0.768519 0.459896 0.771296 0.456250 0.777778 0.455208 0.778704 0.453646 0.778704 0.453125 0.779630 0.446875 0.781482 0.446354 0.779630 0.444792 0.780556 0.444271 0.778704 0.441667 0.777778 0.439583 0.774074 0.438021 0.772222 0.438021 0.763889 0.438542 0.762037 0.439063 0.760185 0.440625 0.757407 0.444792 0.754630 0.446354 0.754630 0.447396 0.753704 0.801042 0.751852
0 0.801562 0.751852 0.806771 0.752778 0.809896 0.753704 0.813542 0.759259 0.814062 0.759259 0.815104 0.762037 0.816667 0.772222 0.815104 0.778704 0.810938 0.783333 0.809896 0.783333 0.809375 0.784259 0.800521 0.783333 0.797917 0.781482 0.795313 0.777778 0.794792 0.777778 0.791667 0.772222 0.792188 0.771296 0.791667 0.769444 0.790625 0.762963 0.791146 0.762037 0.791667 0.759259 0.795313 0.754630 0.800000 0.751852 0.632292 0.264815
0 0.633333 0.264815 0.634896 0.264815 0.635417 0.265741 0.636979 0.265741 0.638021 0.266667 0.639063 0.266667 0.640625 0.269444 0.640625 0.270370 0.641667 0.271296 0.641667 0.272222 0.642187 0.273148 0.642187 0.277778 0.641667 0.278704 0.641667 0.280556 0.641146 0.281481 0.641146 0.282407 0.639583 0.285185 0.638542 0.285185 0.636979 0.286111 0.635417 0.286111 0.634896 0.287037 0.631250 0.287963 0.630729 0.286111 0.628646 0.286111 0.626562 0.283333 0.626042 0.283333 0.623958 0.280556 0.623958 0.276852
0 0.622917 0.277778 0.622917 0.275926 0.623438 0.275000 0.623438 0.273148 0.624479 0.271296 0.625000 0.269444 0.625521 0.269444 0.626562 0.267593 0.627083 0.267593 0.629167 0.265741 0.630208 0.265741 0.631771 0.264815 0.757812 0.780556 0.758333 0.781482 0.760417 0.781482 0.760938 0.782407 0.762500 0.783333 0.763542 0.785185 0.764583 0.785185 0.765625 0.787037 0.765625 0.787963 0.766146 0.788889 0.766146 0.792593 0.766667 0.793519
0 0.766146 0.793519 0.766146 0.797222 0.765625 0.798148 0.765625 0.800000 0.765104 0.800000 0.765104 0.800926 0.762500 0.804630 0.761458 0.804630 0.760417 0.805556 0.755208 0.806481 0.754687 0.804630 0.752604 0.805556 0.752083 0.803704 0.751042 0.803704 0.748958 0.801852 0.749479 0.800000 0.748438 0.798148 0.747917 0.795370 0.746875 0.794444 0.746875 0.793519 0.747917 0.791667 0.747396 0.789815 0.748438 0.787963 0.748958 0.785185 0.751042 0.783333 0.752083 0.783333 0.753646 0.781482 0.755729 0.782407 0.756771 0.780556 0.625521 0.236111 0.626562 0.237963 0.629167 0.238889 0.630729 0.241667 0.631771 0.243519 0.631771 0.245370 0.632292 0.245370 0.632292 0.250926 0.631771 0.251852 0.631771 0.252778 0.628646 0.258333 0.625521 0.261111
0 0.617188 0.261111 0.614062 0.257407 0.612500 0.252778 0.612500 0.250926 0.611979 0.249074 0.611979 0.246296 0.614583 0.238889 0.615104 0.238889 0.616667 0.237037 0.619271 0.237963 0.620313 0.236111 0.373437 0.594444 0.373958 0.595370 0.376042 0.595370 0.377083 0.596296 0.378125 0.596296 0.382812 0.599074 0.385417 0.602778 0.385417 0.608333 0.384896 0.609259 0.384375 0.613889 0.382812 0.617593 0.382812 0.618519 0.380729 0.621296 0.375000 0.624074 0.371354 0.624074 0.369271 0.623148 0.365625 0.622222 0.362500 0.618519 0.360938 0.613889 0.360417 0.611111 0.361458 0.609259 0.360938 0.607407 0.361979 0.605556 0.361458 0.603704 0.362500 0.601852 0.365104 0.598148 0.366667 0.598148 0.372396 0.594444 0.935417 0.702778 0.935938 0.703704
0 0.938542 0.703704 0.939062 0.703704 0.940625 0.703704 0.943750 0.705556 0.947917 0.711111 0.949479 0.715741 0.949479 0.724074 0.948438 0.725000 0.947917 0.727778 0.945312 0.730556 0.942708 0.733333 0.940104 0.733333 0.939583 0.734259 0.934375 0.734259 0.932292 0.732407 0.928125 0.727778 0.925521 0.721296 0.925521 0.719444 0.925000 0.717593 0.924479 0.711111 0.925521 0.708333 0.928646 0.704630 0.934896 0.702778
0 0.727083 0.175926 0.727604 0.176852 0.730729 0.176852 0.731771 0.177778 0.734375 0.180556 0.734896 0.182407 0.734896 0.185185 0.735417 0.186111 0.735417 0.188889 0.734896 0.189815 0.734896 0.192593 0.733854 0.194444 0.733333 0.197222 0.731250 0.200000 0.729167 0.200000 0.728646 0.200926 0.726042 0.200926 0.725521 0.201852 0.723958 0.202778 0.723437 0.200926 0.722396 0.201852 0.721875 0.200000 0.720833 0.200000 0.718229 0.198148 0.717188 0.197222 0.715625 0.193519 0.715104 0.185185 0.715625 0.184259
0 0.716146 0.181481 0.716667 0.179630 0.718750 0.177778 0.720312 0.177778 0.722396 0.175926 0.254687 0.418519 0.255208 0.419444 0.259375 0.419444 0.259896 0.420370 0.261979 0.420370 0.266146 0.426852 0.266146 0.428704 0.267188 0.432407 0.266667 0.433333 0.266146 0.437963 0.263021 0.443519 0.261979 0.444444 0.259896 0.444444 0.259375 0.445370 0.256250 0.445370 0.255729 0.446296 0.252083 0.445370 0.251042 0.444444 0.250000 0.444444 0.247917 0.442593
0 0.245833 0.439815 0.245312 0.437963 0.245312 0.436111 0.244792 0.434259 0.244271 0.432407 0.245312 0.430556 0.245312 0.427778 0.246354 0.425000 0.250000 0.420370 0.253125 0.420370 0.254167 0.418519 0.371875 0.186111 0.372396 0.187037 0.373437 0.187037 0.376563 0.190741 0.376563 0.191667 0.377083 0.192593 0.377083 0.196296 0.377604 0.197222 0.377604 0.198148 0.376563 0.200926 0.376563 0.202778 0.376042 0.203704 0.375521 0.206481 0.373958 0.208333 0.373437 0.208333 0.372917 0.209259 0.368229 0.209259 0.367188 0.208333 0.365104 0.208333 0.361979 0.206481 0.362500 0.204630 0.360938 0.202778
0 0.361458 0.200926 0.360417 0.200000 0.360417 0.198148 0.361458 0.196296 0.360938 0.194444 0.361458 0.194444 0.361979 0.192593 0.365104 0.187963 0.367188 0.188889 0.368229 0.187037 0.371354 0.187037 0.520312 0.575000 0.523438 0.575000 0.526042 0.576852 0.528646 0.580556 0.529167 0.582407 0.529167 0.583333 0.529688 0.584259 0.529688 0.587037 0.530208 0.587963 0.529688 0.588889 0.529688 0.590741 0.529167 0.591667 0.529167 0.593518 0.528125 0.595370 0.528125 0.596296 0.526563 0.598148 0.525521 0.599074 0.523958 0.599074 0.523438 0.600000 0.516146 0.600000
0 0.514583 0.599074 0.512500 0.595370 0.511979 0.593518 0.511458 0.591667 0.509896 0.589815 0.510417 0.588889 0.509896 0.587037 0.509896 0.581481 0.513542 0.575926 0.515104 0.575000 0.515625 0.576852 0.516667 0.575000 0.571875 0.670370 0.575521 0.670370 0.581771 0.678704 0.582292 0.681481 0.582812 0.682407 0.583333 0.687963 0.581250 0.693519 0.581250 0.694444 0.576563 0.700000 0.572917 0.700000 0.572396 0.700926 0.568229 0.700926 0.565104 0.698148 0.561458 0.693519 0.560417 0.690741 0.560417 0.688889 0.559896 0.687037 0.559375 0.679630 0.560417 0.679630 0.559896 0.677778 0.564583 0.672222
0 0.566667 0.672222 0.567708 0.670370 0.576563 0.937963 0.579687 0.937963 0.580729 0.938889 0.581250 0.938889 0.582812 0.940741 0.582812 0.942593 0.583333 0.943519 0.583854 0.949074 0.582812 0.950000 0.583333 0.951852 0.582292 0.952778 0.582292 0.953704 0.581250 0.955556 0.580729 0.955556 0.580208 0.956481 0.575000 0.956481 0.574479 0.958333 0.573958 0.956481 0.571875 0.955556 0.569792 0.953704 0.570312 0.952778 0.569792 0.950926 0.569271 0.945370 0.570312 0.944444 0.570833 0.941667 0.573438 0.937963 0.755208 0.682407 0.755729 0.683333 0.757292 0.683333 0.759375 0.685185
0 0.763542 0.690741 0.764063 0.692593 0.764583 0.702778 0.764063 0.703704 0.763542 0.703704 0.759375 0.709259 0.758333 0.709259 0.757812 0.710185 0.753125 0.710185 0.752083 0.709259 0.750521 0.710185 0.750000 0.708333 0.747396 0.707407 0.744271 0.703704 0.744792 0.700926 0.742708 0.699074 0.742708 0.697222 0.743750 0.695370 0.743750 0.692593 0.744792 0.688889 0.747396 0.685185 0.748438 0.684259 0.750000 0.685185
0 0.751042 0.683333 0.754687 0.683333 0.741146 0.282407 0.741667 0.283333 0.747917 0.284259 0.750521 0.285185 0.752604 0.287963 0.755208 0.292593 0.755208 0.296296 0.755729 0.297222 0.755729 0.302778 0.755208 0.303704 0.755208 0.305556 0.751042 0.311111 0.749479 0.312037 0.748438 0.312037 0.747917 0.312963 0.742188 0.312963 0.741667 0.313889 0.740104 0.312963 0.738542 0.312963 0.734375 0.310185 0.731250 0.304630 0.730208 0.297222 0.731250 0.295370 0.731250 0.292593
0 0.732292 0.289815 0.735937 0.285185 0.740104 0.282407 0.415104 0.537963 0.415625 0.538889 0.416146 0.538889 0.417188 0.540741 0.417708 0.540741 0.417708 0.541667 0.419271 0.544444 0.419271 0.545370 0.419792 0.546296 0.419792 0.547222 0.419271 0.548148 0.419271 0.550926 0.418750 0.550926 0.418750 0.551852 0.418229 0.552778 0.417188 0.557407 0.415104 0.559259 0.413542 0.559259 0.413021 0.560185 0.407292 0.560185 0.406250 0.559259 0.404687 0.559259 0.405208 0.558333 0.404167 0.557407 0.404687 0.555556 0.403646 0.552778
0 0.403125 0.546296 0.404167 0.545370 0.405208 0.541667 0.406250 0.539815 0.406250 0.540741 0.407292 0.538889 0.410937 0.539815 0.411979 0.537963 0.876562 0.799074 0.880729 0.799074 0.883333 0.800926 0.886458 0.804630 0.887500 0.805556 0.888021 0.807407 0.888021 0.810185 0.888542 0.811111 0.888542 0.812963 0.888021 0.813889 0.888021 0.816667 0.885938 0.820370 0.885938 0.821296 0.884375 0.824074 0.881771 0.825926 0.880729 0.825926 0.880208 0.827778 0.879687 0.825926 0.873438 0.825926
0 0.869271 0.822222 0.869792 0.820370 0.867188 0.816667 0.867188 0.813889 0.865625 0.812963 0.866667 0.811111 0.866667 0.806481 0.867708 0.804630 0.870313 0.800000 0.872396 0.799074 0.514063 0.767593 0.517187 0.770370 0.517187 0.771296 0.517708 0.772222 0.517708 0.774074 0.518229 0.775000 0.518229 0.780556 0.517708 0.781482 0.517708 0.783333 0.517187 0.784259 0.517187 0.785185 0.516146 0.787037 0.516146 0.787963 0.514583 0.789815 0.514063 0.789815 0.513542 0.790741 0.505729 0.790741 0.502604 0.788889 0.503125 0.787037 0.501562 0.786111 0.502083 0.785185 0.501562 0.783333 0.501562 0.781482 0.500521 0.780556
0 0.500521 0.778704 0.501562 0.776852 0.502083 0.773148 0.504687 0.769444 0.505208 0.770370 0.506250 0.768519 0.508854 0.769444 0.509896 0.767593 0.297917 0.288889 0.302083 0.288889 0.305729 0.293519 0.308333 0.301852 0.308854 0.308333 0.308333 0.310185 0.305729 0.312963 0.302604 0.315741 0.300000 0.316667 0.299479 0.314815 0.294271 0.314815 0.291667 0.312963 0.289062 0.310185 0.289583 0.307407 0.288542 0.306481 0.288542 0.297222 0.289062 0.296296 0.289583 0.294444 0.290104 0.292593 0.293750 0.288889 0.676562 0.266667
0 0.677083 0.267593 0.678125 0.267593 0.679688 0.269444 0.681250 0.269444 0.682292 0.270370 0.684896 0.273148 0.684896 0.274074 0.685938 0.275926 0.685938 0.279630 0.686458 0.280556 0.686458 0.283333 0.685938 0.284259 0.685938 0.287037 0.684896 0.288889 0.684375 0.288889 0.683333 0.289815 0.682292 0.289815 0.680208 0.291667 0.679167 0.291667 0.678646 0.292593 0.677083 0.292593 0.676562 0.293519 0.675000 0.294444 0.674479 0.292593 0.672396 0.292593 0.670313 0.290741 0.669271 0.290741 0.667708 0.287963 0.666667 0.287037 0.666667 0.285185 0.666146 0.283333 0.666146 0.275000
0 0.667188 0.272222 0.667708 0.271296 0.668229 0.269444 0.669271 0.269444 0.671354 0.268519 0.672396 0.268519 0.674479 0.266667 0.868229 0.916667 0.868750 0.917593 0.870313 0.917593 0.873438 0.920370 0.874479 0.920370 0.877083 0.923148 0.877083 0.925000 0.878125 0.928704 0.878125 0.939815 0.876562 0.946296 0.875000 0.949074 0.868750 0.952778 0.867188 0.952778
0 0.866146 0.951852 0.861458 0.951852 0.860417 0.950926 0.855729 0.946296 0.853125 0.942593 0.853646 0.940741 0.853125 0.938889 0.852604 0.932407 0.853646 0.930556 0.853646 0.927778 0.854688 0.926852 0.855208 0.924074 0.860417 0.917593 0.865104 0.918519 0.866146 0.916667 0.519792 0.384259 0.522396 0.386111 0.524479 0.388889 0.527083 0.389815 0.528125 0.392593 0.528125 0.395370 0.528646 0.395370 0.529167 0.400000 0.528125 0.400926 0.528646 0.402778 0.526563 0.406481 0.526563 0.407407 0.525521 0.408333 0.520833 0.412037 0.515104 0.412963 0.514583 0.411111 0.513021 0.411111 0.511458 0.410185 0.510417 0.408333 0.509896 0.405556 0.508333 0.402778 0.508333 0.399074 0.507292 0.398148 0.508333 0.396296 0.508333 0.392593
0 0.508333 0.393519 0.508854 0.390741 0.511458 0.385185 0.513542 0.386111 0.514583 0.384259 0.998438 0.975000 0.994792 0.970370 0.993750 0.967593 0.992708 0.964815 0.992708 0.956481 0.993229 0.956481 0.993229 0.953704 0.993750 0.951852 0.996875 0.946296 0.998438 0.945370 0.771354 0.734259 0.771875 0.735185 0.773438 0.735185 0.775000 0.737037 0.775000 0.737963 0.775521 0.738889 0.776042 0.746296 0.775521 0.747222 0.775521 0.749074 0.773958 0.750000 0.773958 0.750926 0.771875 0.754630 0.770312 0.755556
0 0.769792 0.753704 0.767187 0.754630 0.766667 0.752778 0.765104 0.752778 0.764063 0.751852 0.763542 0.751852 0.760938 0.748148 0.761458 0.745370 0.760417 0.744444 0.760417 0.740741 0.760417 0.741667 0.760417 0.739815 0.760938 0.738889 0.761458 0.737037 0.763021 0.735185 0.763542 0.735185 0.764063 0.735185 0.767187 0.735185 0.768229 0.734259 0.683854 0.355556 0.684375 0.356481 0.685938 0.356481 0.686458 0.357407 0.688021 0.358333 0.690625 0.362037 0.690625 0.362963 0.691667 0.363889 0.691667 0.369444 0.691146 0.369444 0.690625 0.372222
0 0.687500 0.377778 0.685938 0.377778 0.685417 0.378704 0.680208 0.379630 0.679688 0.377778 0.677604 0.377778 0.676042 0.377778 0.676562 0.375926 0.675000 0.375000 0.675521 0.373148 0.675000 0.371296 0.674479 0.364815 0.675521 0.362963 0.676042 0.361111 0.677604 0.358333 0.678125 0.359259 0.679167 0.357407 0.680729 0.358333 0.681771 0.356481 0.683333 0.356481 0.839063 0.872222 0.839583 0.873148 0.845312 0.873148 0.846875 0.874074
0 0.850521 0.878704 0.850521 0.880556 0.852083 0.883333 0.852083 0.890741 0.851042 0.893519 0.851042 0.894444 0.849479 0.898148 0.848958 0.898148 0.846875 0.900000 0.838021 0.900000 0.835417 0.898148 0.834896 0.898148 0.833333 0.895370 0.832292 0.895370 0.830729 0.892593 0.831250 0.891667 0.830729 0.889815 0.831250 0.887963 0.831250 0.883333 0.832292 0.880556 0.832812 0.877778 0.834896 0.874074 0.838542 0.872222 0.672396 0.481481 0.672917 0.482407 0.675521 0.482407 0.676042 0.482407 0.677604 0.483333 0.677604 0.484259 0.679688 0.486111 0.679688 0.487037 0.680208 0.487963
0 0.680208 0.495370 0.679688 0.496296 0.679688 0.498148 0.678646 0.500926 0.678125 0.500926 0.677083 0.501852 0.676562 0.501852 0.675000 0.503704 0.674479 0.503704 0.672917 0.505556 0.671875 0.506481 0.671354 0.504630 0.668229 0.505556 0.667708 0.503704 0.666146 0.503704 0.664062 0.502778 0.664583 0.500926 0.663542 0.499074 0.662500 0.495370 0.661979 0.493519 0.663021 0.493519 0.661979 0.491667 0.662500 0.490741 0.663021 0.487963 0.665625 0.483333 0.666146 0.484259 0.667188 0.482407 0.668750 0.482407 0.669792 0.481481 0.671354 0.481481 0.671875 0.481481
0 0.532812 0.542593 0.533333 0.543519 0.536458 0.544444 0.537500 0.545370 0.538021 0.545370 0.540104 0.549074 0.540104 0.551852 0.540625 0.552778 0.540625 0.556481 0.540104 0.557407 0.540104 0.559259 0.538542 0.562037 0.536979 0.562963 0.534375 0.564815 0.533333 0.564815 0.531250 0.566667 0.526563 0.567593 0.526042 0.565741 0.523438 0.565741 0.521875 0.564815 0.522396 0.562037 0.521354 0.561111 0.521354 0.558333 0.520833 0.556481 0.520312 0.552778 0.520833 0.551852 0.521354 0.550000
0 0.522396 0.546296 0.525521 0.544444 0.527604 0.542593 0.580208 0.898148 0.582812 0.900000 0.584375 0.901852 0.584896 0.901852 0.585417 0.904630 0.587500 0.908333 0.587500 0.912037 0.588021 0.912963 0.588021 0.914815 0.587500 0.914815 0.587500 0.918519 0.585417 0.922222 0.585417 0.923148 0.584375 0.925000 0.581771 0.926852 0.580729 0.926852 0.580208 0.926852 0.578125 0.926852 0.577083 0.926852 0.572917 0.926852 0.570312 0.922222 0.567708 0.918519 0.568229 0.916667 0.567708 0.914815 0.567187 0.911111 0.568229 0.909259 0.568750 0.906482 0.572396 0.900000 0.573438 0.900000 0.574479 0.900926 0.575521 0.899074 0.577604 0.900000 0.578646 0.898148 0.216146 0.688889 0.217708 0.689815 0.218229 0.689815 0.222396 0.696296
0 0.223438 0.699074 0.223958 0.705556 0.221875 0.709259 0.221354 0.712037 0.217187 0.716667 0.215625 0.715741 0.209896 0.715741 0.206250 0.712963 0.203646 0.706481 0.203125 0.700000 0.204167 0.698148 0.204167 0.695370 0.207813 0.690741 0.208854 0.689815 0.210417 0.690741 0.211458 0.688889 0.215625 0.688889 0.723437 0.867593 0.723958 0.868519 0.725521 0.868519 0.726042 0.869444 0.727604 0.869444 0.728125 0.870370 0.728646 0.870370 0.731250 0.874074 0.732292 0.876852 0.732292 0.880556 0.731771 0.881481 0.731771 0.883333 0.731250 0.884259
0 0.730208 0.887963 0.729167 0.889815 0.728646 0.889815 0.726562 0.891667 0.725521 0.891667 0.725000 0.892593 0.722917 0.892593 0.721875 0.891667 0.719271 0.889815 0.716667 0.887963 0.717188 0.886111 0.715625 0.883333 0.714583 0.875926 0.715625 0.874074 0.716667 0.872222 0.720312 0.868519 0.721875 0.869444 0.722917 0.867593 0.461979 0.611111 0.462500 0.612037 0.464583 0.612037 0.465625 0.612963 0.466146 0.612963 0.467708 0.615741 0.468229 0.616667 0.468229 0.618519 0.469271 0.619444 0.469271 0.622222 0.468750 0.622222 0.468750 0.625000 0.468229 0.625926 0.467708 0.628704 0.465625 0.630556
0 0.465104 0.630556 0.464583 0.631481 0.463542 0.631481 0.463021 0.632407 0.458333 0.633333 0.457812 0.631481 0.456250 0.631481 0.453646 0.628704 0.454167 0.626852 0.452604 0.625926 0.452604 0.620370 0.453646 0.618519 0.454688 0.613889 0.456250 0.612963 0.456771 0.612963 0.458333 0.611111 0.938021 0.456481 0.939062 0.456481 0.940104 0.457407 0.944271 0.462963 0.944792 0.462963
0 0.944792 0.463889 0.945833 0.464815 0.946354 0.471296 0.944271 0.476852 0.943750 0.476852 0.942187 0.478704 0.938542 0.481481 0.936458 0.482407 0.935938 0.480556 0.931250 0.480556 0.928646 0.478704 0.926042 0.475926 0.926562 0.473148 0.925521 0.472222 0.925000 0.469444 0.926042 0.467593 0.926042 0.464815 0.926562 0.462963 0.928646 0.461111 0.929167 0.459259 0.929688 0.459259 0.930729 0.457407 0.935938 0.456481 0.936458 0.456481 0.528646 0.418519 0.529167 0.419444 0.532812 0.419444 0.533333 0.420370 0.535417 0.420370 0.536458 0.421296 0.538021 0.423148 0.538542 0.423148
0 0.540104 0.425926 0.540104 0.428704 0.540625 0.428704 0.540625 0.436111 0.537500 0.441667 0.535937 0.441667 0.527083 0.441667 0.525521 0.440741 0.520833 0.436111 0.521354 0.433333 0.520312 0.431481 0.520312 0.428704 0.520833 0.427778 0.521354 0.425000 0.522396 0.423148 0.522917 0.423148 0.526042 0.419444 0.527083 0.418519 0.228125 0.528704 0.229167 0.529630 0.233854 0.531482 0.236458 0.534259 0.239583 0.538889 0.239583 0.542593 0.240104 0.542593 0.240104 0.549074 0.238542 0.550926 0.236458 0.556481 0.234896 0.558333 0.232812 0.558333 0.232292 0.559259 0.230729 0.559259
0 0.230208 0.560185 0.226562 0.561111 0.226042 0.559259 0.225000 0.559259 0.222917 0.557407 0.220833 0.556481 0.217708 0.550000 0.217708 0.546296 0.217187 0.546296 0.217187 0.537037 0.218229 0.536111 0.218750 0.533333 0.220833 0.529630 0.224479 0.530556 0.225521 0.528704 0.575521 0.186111 0.578646 0.188889 0.580208 0.196296 0.579687 0.197222 0.579687 0.200000 0.578125 0.203704 0.578125 0.204630 0.577083 0.206481 0.576563 0.206481 0.573438 0.209259 0.572917 0.210185 0.572396 0.208333 0.568750 0.209259 0.568229 0.207407
0 0.566667 0.207407 0.564062 0.205556 0.564583 0.203704 0.563542 0.200926 0.563021 0.194444 0.563542 0.193519 0.564062 0.191667 0.565625 0.188889 0.566146 0.188889 0.567708 0.187037 0.569271 0.187963 0.570312 0.186111 0.925000 0.771296 0.926042 0.772222 0.929167 0.773148 0.932292 0.775926 0.932813 0.775926 0.934896 0.779630 0.934896 0.780556 0.935417 0.781482 0.935417 0.788889 0.932813 0.794444 0.932813 0.795370 0.932292 0.795370 0.929688 0.798148 0.927083 0.798148
0 0.926562 0.799074 0.922396 0.800000 0.921875 0.798148 0.920313 0.798148 0.918229 0.796296 0.915104 0.791667 0.914583 0.789815 0.914583 0.787963 0.914062 0.786111 0.913542 0.778704 0.914062 0.776852 0.917188 0.773148 0.919271 0.772222 0.920313 0.773148 0.921354 0.771296 0.956771 0.936111 0.957292 0.937037 0.961458 0.937963 0.962500 0.938889 0.964063 0.940741 0.965104 0.942593 0.965104 0.946296 0.965625 0.947222 0.965625 0.950926 0.965104 0.951852 0.965104 0.953704 0.964583 0.955556 0.962500 0.959259 0.960938 0.960185
0 0.959896 0.960185 0.959375 0.961111 0.957812 0.961111 0.957292 0.962037 0.953646 0.962963 0.953125 0.961111 0.951563 0.961111 0.949479 0.959259 0.947396 0.957407 0.946875 0.954630 0.945833 0.952778 0.945833 0.944444 0.947396 0.939815 0.952083 0.937037 0.952604 0.937963 0.953646 0.936111 0.500521 0.881481 0.501042 0.882407 0.503125 0.883333 0.504687 0.886111 0.506771 0.890741 0.506771 0.895370 0.506250 0.896296 0.505729 0.899074 0.504167 0.900000 0.504167 0.900926 0.503646 0.900926
0 0.503125 0.901852 0.501562 0.901852 0.501042 0.902778 0.500521 0.903704 0.500000 0.901852 0.495833 0.902778 0.495313 0.900926 0.493750 0.900926 0.491667 0.899074 0.492188 0.897222 0.490625 0.896296 0.490625 0.890741 0.490104 0.890741 0.492188 0.884259 0.493229 0.884259 0.494792 0.883333 0.495833 0.884259 0.496875 0.882407 0.498958 0.883333 0.500000 0.881481 0.327083 0.828704 0.327604 0.829630 0.329167 0.829630 0.329688 0.830556 0.331250 0.831481 0.331250 0.832407 0.332292 0.833333 0.332812 0.834259 0.334375 0.837037
0 0.334375 0.844444 0.333333 0.846296 0.332292 0.849074 0.331771 0.849074 0.330208 0.850926 0.328646 0.850926 0.328125 0.851852 0.325521 0.851852 0.324479 0.850926 0.321875 0.851852 0.321354 0.850000 0.319792 0.850926 0.319271 0.849074 0.318750 0.850000 0.317708 0.849074 0.318229 0.847222 0.316667 0.845370 0.316667 0.844444 0.316146 0.842593 0.317187 0.841667 0.316667 0.838889 0.317708 0.838889 0.317187 0.837037 0.318750 0.835185 0.319271 0.832407 0.320312 0.831481 0.320833 0.832407 0.321875 0.830556 0.322917 0.830556 0.323958 0.829630
0 0.325521 0.830556 0.326562 0.828704 0.277604 0.495370 0.284896 0.501852 0.286979 0.504630 0.288021 0.509259 0.288021 0.514815 0.287500 0.515741 0.287500 0.516667 0.283854 0.522222 0.279167 0.525926 0.273438 0.526852 0.272917 0.525000 0.270312 0.525000 0.269271 0.524074 0.265625 0.518519 0.263542 0.515741 0.264062 0.513889 0.263542 0.512037 0.264062 0.505556 0.266146 0.500926 0.269792 0.496296 0.272917 0.497222 0.273958 0.495370 0.852083 0.460185 0.852604 0.461111 0.856250 0.462037 0.859375 0.465741 0.859375 0.466667 0.861458 0.468519 0.861458 0.471296 0.861979 0.472222
0 0.861979 0.475926 0.860937 0.479630 0.859375 0.481481 0.858854 0.481481 0.854167 0.486111 0.844792 0.486111 0.843750 0.486111 0.843229 0.484259 0.839583 0.480556 0.840104 0.477778 0.838542 0.475926 0.838542 0.471296 0.838542 0.472222 0.839063 0.469444 0.839583 0.467593 0.843229 0.462963 0.844271 0.462037 0.846354 0.462963 0.847396 0.461111 0.849479 0.462037 0.850521 0.460185 0.639063 0.172222 0.639583 0.173148 0.642187 0.174074 0.645312 0.176852 0.645312 0.177778 0.645833 0.178704 0.646354 0.186111 0.645833 0.187037 0.643750 0.192593 0.641146 0.196296 0.640104 0.196296 0.639583 0.197222 0.635938 0.198148 0.635417 0.196296 0.633333 0.197222 0.632812 0.195370 0.631250 0.194444 0.629167 0.191667 0.629167 0.188889 0.628646 0.187037 0.628125 0.182407
0 0.628646 0.181481 0.629167 0.178704 0.630729 0.175000 0.631250 0.175000 0.632292 0.174074 0.633333 0.175000 0.634375 0.173148 0.634896 0.174074 0.635938 0.172222 0.558333 0.375926 0.558854 0.376852 0.560938 0.376852 0.561979 0.377778 0.563021 0.377778 0.565104 0.380556 0.566146 0.384259 0.566667 0.385185 0.566667 0.393519 0.566146 0.393519 0.565625 0.398148 0.563542 0.400926 0.561979 0.400926
0 0.561458 0.401852 0.559896 0.401852 0.559375 0.402778 0.556771 0.402778 0.556250 0.403704 0.555208 0.403704 0.548958 0.398148 0.546354 0.391667 0.545833 0.386111 0.546875 0.384259 0.547396 0.381481 0.548958 0.378704 0.552604 0.376852 0.553125 0.377778 0.554167 0.375926 0.947917 0.853704 0.953646 0.854630 0.958333 0.857407 0.961979 0.862963 0.963021 0.868519 0.963542 0.868519 0.963021 0.875926 0.961979 0.878704 0.961979 0.880556 0.960417 0.882407 0.957292 0.885185 0.956250 0.885185 0.955729 0.886111 0.950521 0.886111
0 0.949479 0.885185 0.946354 0.884259 0.943750 0.882407 0.941667 0.879630 0.940625 0.876852 0.939062 0.874074 0.938542 0.870370 0.938021 0.868519 0.939062 0.867593 0.938542 0.862963 0.941146 0.859259 0.941667 0.857407 0.944792 0.853704 0.188021 0.944444 0.188542 0.945370 0.190625 0.946296 0.192188 0.948148 0.192188 0.949074 0.193750 0.951852 0.193750 0.959259 0.193229 0.960185 0.193229 0.962037 0.192708 0.962963 0.192708 0.963889 0.191667 0.965741 0.191146 0.965741 0.189063 0.966667 0.188021 0.966667 0.187500 0.967593 0.183854 0.968518
0 0.183333 0.966667 0.182292 0.967593 0.181771 0.965741 0.179688 0.964815 0.178646 0.963889 0.178646 0.961111 0.177083 0.958333 0.176563 0.956481 0.177604 0.954630 0.177083 0.951852 0.177604 0.951852 0.178125 0.950000 0.180729 0.946296 0.181250 0.946296 0.183854 0.944444 0.943229 0.653704 0.943750 0.654630 0.946875 0.655556 0.947917 0.657407 0.948438 0.657407 0.951042 0.660185 0.952083 0.663889 0.952604 0.665741 0.953125 0.666667 0.953125 0.667593 0.952604 0.668519 0.952604 0.673148 0.951563 0.674074
0 0.951563 0.675000 0.950000 0.676852 0.947917 0.678704 0.945833 0.678704 0.944792 0.678704 0.940104 0.678704 0.935417 0.675926 0.933854 0.674074 0.934375 0.672222 0.933854 0.670370 0.933854 0.668519 0.933333 0.666667 0.932813 0.664815 0.933854 0.663889 0.933333 0.661111 0.938021 0.655556 0.939062 0.654630 0.940104 0.655556 0.941146 0.653704 0.478646 0.837963 0.479167 0.838889 0.480208 0.838889 0.483854 0.844444 0.485938 0.848148 0.485938 0.850000 0.486458 0.850926 0.485938 0.850926
0 0.485938 0.853704 0.485417 0.854630 0.485417 0.856481 0.481771 0.862037 0.481250 0.862037 0.480729 0.862963 0.479688 0.862963 0.479167 0.862963 0.476562 0.862963 0.476042 0.862963 0.473437 0.863889 0.472917 0.862037 0.470833 0.862963 0.471354 0.861111 0.469792 0.860185 0.470313 0.858333 0.469271 0.855556 0.468750 0.853704 0.468229 0.851852 0.467708 0.850000 0.468229 0.849074 0.468229 0.847222 0.469271 0.845370 0.469792 0.842593 0.471354 0.841667 0.472396 0.841667 0.475000 0.838889 0.476562 0.839815 0.477604 0.837963 0.030729 0.375000 0.031250 0.375926 0.035417 0.376852
0 0.039062 0.379630 0.041146 0.382407 0.042188 0.385185 0.042188 0.387963 0.042708 0.388889 0.042708 0.394444 0.041146 0.400000 0.039062 0.402778 0.035417 0.403704 0.034896 0.404630 0.033333 0.404630 0.032812 0.405556 0.029687 0.406481 0.029167 0.404630 0.027604 0.404630 0.026563 0.403704 0.023958 0.402778 0.020833 0.398148 0.019792 0.394444 0.019271 0.392593 0.018750 0.390741 0.019792 0.384259 0.023438 0.378704 0.027083 0.377778 0.028125 0.375926 0.029167 0.376852 0.030208 0.375000 0.746875 0.923148 0.752083 0.926852 0.755208 0.930556 0.755208 0.931481 0.756250 0.933333
0 0.756250 0.937037 0.756771 0.937963 0.756771 0.939815 0.756250 0.940741 0.756250 0.944444 0.755208 0.946296 0.754167 0.949074 0.752083 0.951852 0.748438 0.952778 0.747917 0.953704 0.744792 0.954630 0.744271 0.952778 0.742708 0.952778 0.740104 0.950926 0.738542 0.948148 0.736458 0.944444 0.736458 0.942593 0.735937 0.940741 0.735937 0.936111 0.735417 0.934259 0.734896 0.932407 0.736979 0.927778 0.738542 0.925926 0.739583 0.925926 0.742188 0.924074 0.743750 0.925000 0.744792 0.923148 0.877604 0.306481 0.879167 0.308333 0.880208 0.308333 0.882292 0.310185 0.883333 0.310185 0.885938 0.312037 0.888021 0.318519 0.888542 0.321296 0.889063 0.322222 0.888542 0.329630 0.887500 0.332407
0 0.884896 0.335185 0.883854 0.335185 0.882292 0.337037 0.880208 0.337037 0.879687 0.337963 0.875521 0.338889 0.875000 0.337037 0.872396 0.337037 0.869271 0.335185 0.865104 0.329630 0.863021 0.324074 0.863021 0.319444 0.862500 0.317593 0.864583 0.312963 0.867188 0.310185 0.869792 0.307407 0.873958 0.308333 0.875000 0.306481 0.998438 0.844444 0.995833 0.841667 0.996354 0.839815 0.995313 0.838889 0.994792 0.834259 0.995313 0.833333 0.995833 0.830556 0.999479 0.825926 0.138021 0.289815 0.138542 0.290741 0.141667 0.290741 0.144271 0.292593
0 0.145313 0.294444 0.147917 0.300926 0.147917 0.304630 0.148438 0.304630 0.148438 0.307407 0.147917 0.309259 0.144792 0.314815 0.143750 0.314815 0.142708 0.315741 0.140104 0.315741 0.139583 0.316667 0.135417 0.317593 0.134896 0.315741 0.133854 0.315741 0.132812 0.314815 0.130729 0.313889 0.128646 0.311111 0.127083 0.306481 0.127604 0.302778 0.126042 0.302778 0.127083 0.300926 0.126563 0.299074 0.127604 0.297222 0.128125 0.294444 0.129688 0.291667 0.130729 0.291667 0.133333 0.289815 0.134896 0.289815 0.135417 0.289815 0.839063 0.336111 0.839583 0.337037 0.842708 0.337037
0 0.845312 0.340741 0.847396 0.345370 0.847396 0.354630 0.846875 0.354630 0.846875 0.357407 0.844271 0.362037 0.843750 0.362037 0.842188 0.363889 0.836458 0.364815 0.835938 0.365741 0.831250 0.363889 0.827604 0.361111 0.825521 0.356481 0.825000 0.352778 0.824479 0.352778 0.825000 0.344444 0.826563 0.339815 0.829687 0.337963 0.832812 0.337963 0.833854 0.336111 0.792708 0.914815 0.796354 0.914815 0.796875 0.915741 0.797917 0.915741 0.802083 0.920370 0.803646 0.921296 0.806771 0.927778 0.806250 0.934259 0.804167 0.940741
0 0.799479 0.947222 0.796875 0.950000 0.793229 0.949074 0.789062 0.946296 0.783854 0.939815 0.784375 0.937963 0.782292 0.933333 0.782292 0.929630 0.781250 0.928704 0.782292 0.926852 0.782812 0.923148 0.786979 0.916667 0.789583 0.914815 0.558333 0.165741 0.558854 0.166667 0.559896 0.166667 0.560938 0.168519 0.561458 0.168519 0.564583 0.172222 0.564583 0.178704 0.564062 0.179630 0.564062 0.181481 0.563542 0.182407 0.563542 0.184259 0.561979 0.186111 0.561458 0.186111 0.559896 0.187963 0.556250 0.188889 0.555729 0.187037 0.552604 0.187037 0.550521 0.186111
0 0.551042 0.184259 0.548437 0.178704 0.547917 0.175000 0.548437 0.174074 0.548958 0.171296 0.550000 0.170370 0.550521 0.170370 0.552604 0.168519 0.553646 0.169444 0.554688 0.167593 0.555208 0.168519 0.556250 0.166667 0.557813 0.166667 0.470833 0.322222 0.471354 0.323148 0.472917 0.323148 0.475521 0.324074 0.479167 0.328704 0.479688 0.328704 0.482292 0.333333 0.482292 0.337037 0.481771 0.337963 0.481771 0.339815 0.476562 0.349074 0.472396 0.350000 0.471875 0.350926 0.470313 0.350926 0.469792 0.351852 0.466667 0.352778 0.466146 0.350926 0.463021 0.350926 0.460417 0.349074 0.457812 0.345370
0 0.457812 0.342593 0.455729 0.339815 0.456771 0.337963 0.456771 0.334259 0.458854 0.328704 0.460938 0.325926 0.461979 0.325926 0.467187 0.322222 0.472396 0.875000 0.472917 0.875926 0.477083 0.875926 0.477604 0.875926 0.478646 0.875926 0.479167 0.876852 0.480208 0.876852 0.480729 0.877778 0.480729 0.878704 0.481771 0.880556 0.481771 0.881481 0.482812 0.883333 0.483333 0.889815 0.482812 0.890741 0.482812 0.892593
0 0.482292 0.893519 0.482292 0.894444 0.480208 0.896296 0.479688 0.896296 0.479167 0.897222 0.471875 0.897222 0.468750 0.894444 0.466667 0.889815 0.466146 0.884259 0.466667 0.883333 0.466667 0.882407 0.467187 0.881481 0.467708 0.879630 0.470833 0.875000 0.471354 0.875000 0.471875 0.875000 0.356250 0.849074 0.358333 0.850926 0.361458 0.854630 0.361979 0.854630 0.364062 0.859259 0.364062 0.862963
0 0.364583 0.862963 0.364583 0.865741 0.364062 0.866667 0.364062 0.868519 0.363021 0.871296 0.358854 0.875000 0.357812 0.875000 0.357292 0.875926 0.351562 0.876852 0.351042 0.875000 0.348958 0.875000 0.345833 0.872222 0.346354 0.869444 0.344792 0.866667 0.344792 0.860185 0.345833 0.856481 0.346354 0.853704 0.349479 0.850000 0.353646 0.850000 0.354688 0.849074 0.762500 0.845370 0.763021 0.845370 0.765104 0.845370 0.766146 0.846296 0.768750 0.850000 0.768750 0.850926 0.769792 0.852778 0.770833 0.855556 0.771354 0.862037 0.770312 0.862963 0.770833 0.865741
0 0.767187 0.870370 0.766146 0.871296 0.760938 0.870370 0.760417 0.871296 0.757292 0.870370 0.752083 0.866667 0.750000 0.863889 0.750521 0.862037 0.750000 0.860185 0.749479 0.858333 0.750521 0.856481 0.750000 0.854630 0.751042 0.852778 0.751562 0.850000 0.754687 0.846296 0.756250 0.846296 0.757292 0.844444 0.718229 0.925926 0.718750 0.926852 0.720312 0.926852 0.722396 0.928704 0.723437 0.928704 0.726042 0.931481 0.726042 0.933333 0.726562 0.934259 0.726562 0.938889 0.726042 0.939815 0.726042 0.943519
0 0.725521 0.944444 0.725000 0.946296 0.723437 0.948148 0.721875 0.948148 0.721354 0.949074 0.719792 0.949074 0.719271 0.950000 0.717188 0.950926 0.716667 0.949074 0.715104 0.948148 0.711979 0.945370 0.712500 0.944444 0.711458 0.943519 0.711979 0.940741 0.710417 0.938889 0.710938 0.937963 0.710938 0.936111 0.711458 0.935185 0.711458 0.933333 0.711979 0.932407 0.712500 0.930556 0.715104 0.926852 0.715104 0.927778 0.716146 0.925926 0.649479 0.237963 0.653646 0.237963 0.655729 0.239815 0.658333 0.241667 0.658333 0.242593 0.660937 0.247222 0.660937 0.253704 0.659375 0.258333
0 0.654688 0.264815 0.653125 0.264815 0.652604 0.265741 0.645312 0.265741 0.643229 0.263889 0.641146 0.261111 0.637500 0.259259 0.636979 0.255556 0.637500 0.254630 0.637500 0.252778 0.638542 0.250926 0.639063 0.246296 0.640104 0.245370 0.640625 0.242593 0.643229 0.239815 0.645312 0.237963 0.432813 0.582407 0.433333 0.583333 0.436458 0.583333 0.436979 0.584259 0.437500 0.584259 0.439063 0.586111 0.439063 0.588889 0.439583 0.589815 0.440104 0.593518 0.439583 0.594444
0 0.439583 0.598148 0.437500 0.600000 0.436458 0.600000 0.435937 0.600926 0.429688 0.600926 0.428125 0.599074 0.427604 0.599074 0.426562 0.597222 0.426562 0.595370 0.426042 0.593518 0.425521 0.591667 0.426042 0.590741 0.426042 0.588889 0.426562 0.587963 0.427083 0.586111 0.429688 0.582407 0.297396 0.253704 0.301042 0.253704 0.304688 0.258333 0.304688 0.260185 0.305208 0.261111 0.305729 0.267593 0.305208 0.268519 0.305208 0.271296 0.304688 0.271296 0.303125 0.275926 0.302604 0.275926 0.301562 0.277778
0 0.293229 0.276852 0.290625 0.275926 0.291146 0.274074 0.288542 0.269444 0.288542 0.263889 0.289062 0.262963 0.289062 0.261111 0.289583 0.260185 0.290104 0.258333 0.293750 0.253704 0.220833 0.425926 0.224479 0.425926 0.225000 0.426852 0.226562 0.426852 0.228125 0.429630 0.228646 0.429630 0.228646 0.430556 0.230208 0.431481 0.230208 0.434259 0.230729 0.435185 0.230729 0.444444 0.230208 0.445370 0.229687 0.448148 0.228646 0.450000 0.227604 0.450000 0.226562 0.450000 0.218750 0.450926 0.218229 0.449074 0.215625 0.450000 0.216146 0.448148 0.214583 0.447222 0.215104 0.445370 0.212500 0.443519 0.213021 0.441667 0.212500 0.439815
0 0.212500 0.436111 0.213021 0.436111 0.213542 0.431481 0.217708 0.425926 0.365104 0.525000 0.365625 0.525926 0.366667 0.525926 0.369792 0.529630 0.369792 0.531482 0.370833 0.533333 0.370833 0.537963 0.370313 0.538889 0.370313 0.539815 0.369792 0.540741 0.369792 0.541667 0.369271 0.542593 0.368750 0.542593 0.367708 0.544444 0.366667 0.544444 0.366146 0.544444 0.361979 0.544444 0.361458 0.544444 0.359896 0.544444 0.356771 0.542593
0 0.357292 0.540741 0.356250 0.539815 0.356250 0.537963 0.355208 0.537037 0.355208 0.535185 0.355729 0.534259 0.356250 0.532407 0.357812 0.528704 0.358854 0.528704 0.361458 0.525926 0.361979 0.526852 0.363021 0.525000 0.316146 0.583333 0.316667 0.584259 0.317708 0.584259 0.318229 0.584259 0.319792 0.585185 0.319792 0.586111 0.322396 0.589815 0.322396 0.591667 0.322917 0.591667 0.322917 0.595370 0.323958 0.596296 0.322917 0.597222 0.323438 0.599074 0.322396 0.600000
0 0.322917 0.601852 0.321875 0.602778 0.321875 0.603704 0.321354 0.604630 0.320833 0.604630 0.319271 0.606481 0.318750 0.606481 0.318229 0.607407 0.316146 0.607407 0.315625 0.608333 0.315104 0.609259 0.314583 0.607407 0.312500 0.607407 0.311458 0.606481 0.310417 0.607407 0.309896 0.605556 0.308333 0.604630 0.305729 0.602778 0.306250 0.601852 0.305729 0.600000 0.305729 0.598148 0.305208 0.596296
0 0.304688 0.592593 0.305208 0.591667 0.305729 0.589815 0.307813 0.586111 0.308333 0.586111 0.309896 0.584259 0.311458 0.584259 0.311979 0.584259 0.313021 0.585185 0.314063 0.583333 0.616667 0.861111 0.617708 0.862037 0.620313 0.862037 0.620833 0.862963 0.622396 0.862963 0.623438 0.864815 0.623438 0.865741 0.623958 0.866667 0.623958 0.867593 0.624479 0.868519 0.625000 0.875000 0.624479 0.875926 0.624479 0.876852 0.621875 0.880556 0.621354 0.880556 0.619792 0.881481 0.618750 0.881481 0.617708 0.882407 0.614062 0.882407
0 0.613021 0.881481 0.611979 0.882407 0.611458 0.880556 0.610937 0.881481 0.609896 0.880556 0.610417 0.878704 0.608333 0.876852 0.608333 0.868519 0.611458 0.862963 0.613021 0.862963 0.614583 0.861111 0.386458 0.424074 0.386979 0.424074 0.388021 0.424074 0.391146 0.426852 0.391146 0.427778 0.391667 0.428704 0.391667 0.430556 0.392188 0.431481 0.392188 0.432407 0.392708 0.433333 0.392708 0.435185 0.392188 0.436111 0.392708 0.438889 0.391667 0.439815 0.391667 0.440741 0.390625 0.442593 0.390104 0.442593 0.389583 0.443519 0.388542 0.443519 0.388021 0.443519 0.385938 0.443519
0 0.385417 0.444444 0.383333 0.445370 0.382812 0.443519 0.379687 0.442593 0.378125 0.439815 0.377604 0.438889 0.376563 0.437963 0.377083 0.437037 0.376042 0.436111 0.376042 0.434259 0.376563 0.433333 0.376563 0.431481 0.377604 0.429630 0.379687 0.425926 0.380729 0.425926 0.381771 0.424074 0.381771 0.425000 0.382812 0.423148 0.126563 0.810185 0.127083 0.811111 0.128125 0.811111 0.129688 0.812037 0.130729 0.813889 0.132812 0.815741 0.133854 0.816667 0.133854 0.818519 0.134375 0.819444 0.134375 0.827778 0.133854 0.828704 0.133854 0.829630 0.131250 0.834259 0.129688 0.835185 0.128646 0.835185 0.128125 0.835185 0.122396 0.836111 0.121875 0.834259 0.119271 0.834259 0.116146 0.830556 0.115104 0.829630 0.115625 0.827778 0.115104 0.825926 0.114583 0.822222 0.115625 0.820370 0.116146 0.816667 0.117708 0.813889 0.121354 0.811111
0 0.122396 0.812037 0.123438 0.810185 0.813542 0.187963 0.817187 0.187963 0.823438 0.191667 0.824479 0.193519 0.824479 0.195370 0.825000 0.196296 0.825000 0.202778 0.824479 0.204630 0.820833 0.210185 0.818229 0.212037 0.813021 0.212037 0.812500 0.212963 0.810938 0.212963 0.808333 0.211111 0.807292 0.209259 0.805208 0.204630 0.804688 0.197222 0.805208 0.196296 0.805729 0.193519 0.809375 0.187963 0.810417 0.187963 0.426042 0.709259 0.426562 0.710185 0.427604 0.710185 0.432292 0.713889 0.434375 0.715741 0.434375 0.717593 0.434896 0.718518
0 0.434896 0.722222 0.434375 0.722222 0.434375 0.725000 0.432292 0.731481 0.430208 0.734259 0.429688 0.734259 0.428646 0.735185 0.426562 0.737037 0.418750 0.734259 0.416146 0.731481 0.415625 0.728704 0.414583 0.726852 0.414062 0.720370 0.415104 0.718518 0.415625 0.714815 0.416667 0.712963 0.418750 0.712037 0.422917 0.711111 0.424479 0.709259 0.213021 0.246296 0.215625 0.246296 0.218750 0.250000 0.218750 0.250926 0.219792 0.253704 0.220313 0.261111 0.219792 0.261111 0.219792 0.262963 0.219271 0.263889 0.219271 0.264815 0.218229 0.265741 0.217708 0.265741 0.215625 0.268519 0.212500 0.269444 0.211979 0.267593 0.207813 0.267593 0.204688 0.264815 0.205208 0.262037 0.203646 0.262037 0.204167 0.260185 0.203125 0.259259
0 0.203125 0.257407 0.204167 0.255556 0.203646 0.253704 0.204167 0.252778 0.204688 0.250926 0.207813 0.247222 0.208854 0.248148 0.209896 0.246296 0.318750 0.779630 0.319271 0.780556 0.320312 0.780556 0.323958 0.787037 0.323958 0.789815 0.324479 0.789815 0.324479 0.793519 0.323958 0.794444 0.323958 0.796296 0.320833 0.801852 0.320312 0.801852 0.318750 0.802778 0.314063 0.802778 0.313021 0.803704 0.311979 0.804630 0.311458 0.802778 0.309896 0.802778 0.308333 0.800926 0.306771 0.797222 0.306771 0.793519 0.306250 0.791667 0.306771 0.789815 0.307292 0.787963
0 0.308333 0.785185 0.308854 0.783333 0.309375 0.783333 0.310937 0.781482 0.311979 0.781482 0.313021 0.780556 0.316667 0.780556 0.317708 0.779630 0.620313 0.706481 0.621875 0.708333 0.626042 0.710185 0.629167 0.712037 0.629687 0.714815 0.631771 0.718518 0.631771 0.720370 0.632292 0.721296 0.632292 0.726852 0.631771 0.727778 0.631771 0.730556 0.630729 0.733333 0.628646 0.736111
0 0.626562 0.736111 0.626042 0.737037 0.624479 0.737037 0.623958 0.737963 0.621354 0.737037 0.620833 0.737963 0.616146 0.737037 0.612500 0.735185 0.610937 0.729630 0.610937 0.726852 0.609896 0.725926 0.609896 0.721296 0.609375 0.719444 0.610417 0.712037 0.612500 0.710185 0.615104 0.708333 0.616146 0.708333 0.617708 0.706481 0.508854 0.479630 0.511979 0.479630 0.512500 0.480556 0.514063 0.480556 0.514583 0.481481 0.515104 0.481481 0.518229 0.486111 0.518750 0.498148
0 0.518229 0.498148 0.518229 0.499074 0.514583 0.503704 0.509375 0.503704 0.508854 0.503704 0.507812 0.503704 0.506771 0.502778 0.505208 0.502778 0.501042 0.498148 0.501562 0.496296 0.501042 0.494444 0.501042 0.486111 0.504687 0.480556 0.504687 0.481481 0.505729 0.479630 0.715625 0.678704 0.719271 0.678704 0.719792 0.679630 0.721354 0.679630 0.722396 0.680556 0.726042 0.684259 0.727083 0.685185 0.727604 0.687037 0.728125 0.687963 0.728646 0.698148 0.728125 0.699074 0.727604 0.704630 0.725000 0.710185 0.721875 0.711111
0 0.712500 0.712037 0.711979 0.710185 0.710938 0.710185 0.706250 0.703704 0.703646 0.700926 0.704167 0.699074 0.703646 0.697222 0.703646 0.688889 0.704167 0.688889 0.704167 0.685185 0.705208 0.683333 0.711979 0.678704 0.278125 0.867593 0.279167 0.868519 0.280729 0.868519 0.281250 0.869444 0.282292 0.869444 0.282813 0.870370 0.283854 0.870370 0.284896 0.871296 0.284896 0.873148 0.285417 0.874074 0.285417 0.878704 0.284896 0.878704 0.284896 0.881481 0.283854 0.883333 0.283333 0.883333 0.281771 0.884259 0.280208 0.884259 0.279687 0.885185 0.276563 0.885185 0.275521 0.884259
0 0.275000 0.884259 0.272396 0.882407 0.272917 0.879630 0.271875 0.878704 0.271354 0.875000 0.272396 0.873148 0.272917 0.870370 0.274479 0.869444 0.274479 0.870370 0.275521 0.868519 0.276042 0.869444 0.277083 0.867593 0.704167 0.977778 0.704687 0.978704 0.707292 0.980556 0.709375 0.982407 0.709375 0.984259 0.709896 0.985185 0.709896 0.987037 0.710417 0.987963 0.710417 0.992593 0.709896 0.993519 0.709896 0.994444 0.709375 0.995370 0.694271 0.996296 0.694792 0.995370 0.694271 0.993519 0.694271 0.991667 0.693750 0.989815 0.693229 0.987963 0.693750 0.987037
0 0.693750 0.986111 0.694271 0.985185 0.694271 0.983333 0.694792 0.982407 0.695312 0.980556 0.696354 0.979630 0.696875 0.980556 0.697917 0.978704 0.701042 0.979630 0.702083 0.977778 0.264062 0.454630 0.266667 0.455556 0.267708 0.457407 0.268229 0.457407 0.270312 0.460185 0.270312 0.462037 0.271354 0.463889 0.271354 0.468519 0.272396 0.468519 0.272396 0.471296 0.271354 0.475000 0.268750 0.477778 0.267708 0.477778
0 0.267188 0.478704 0.266146 0.478704 0.263542 0.480556 0.258333 0.480556 0.257812 0.478704 0.256771 0.478704 0.255208 0.477778 0.251563 0.472222 0.251563 0.470370 0.251042 0.468519 0.250521 0.465741 0.251563 0.463889 0.251042 0.462037 0.252083 0.460185 0.255208 0.455556 0.256250 0.456481 0.257292 0.454630 0.258854 0.454630 0.259375 0.454630 0.667188 0.800926 0.667708 0.800926 0.671875 0.801852 0.672396 0.801852 0.672917 0.801852 0.673958 0.803704 0.673958 0.804630
0 0.675521 0.806481 0.675521 0.807407 0.676042 0.808333 0.676042 0.813889 0.675521 0.814815 0.675000 0.818519 0.674479 0.819444 0.674479 0.820370 0.673958 0.821296 0.673437 0.821296 0.672396 0.822222 0.664062 0.822222 0.660417 0.821296 0.660937 0.819444 0.659375 0.814815 0.658854 0.808333 0.659896 0.807407 0.660417 0.805556 0.660937 0.804630 0.661458 0.802778 0.664062 0.800926 0.450521 0.517593 0.452604 0.520370 0.452604 0.521296 0.453125 0.522222 0.453125 0.523148 0.453646 0.524074 0.453646 0.527778 0.453125 0.528704 0.453125 0.531482 0.451562 0.534259 0.451562 0.535185
0 0.451042 0.535185 0.447917 0.535185 0.447396 0.536111 0.443229 0.537037 0.442708 0.535185 0.442187 0.535185 0.440104 0.534259 0.440625 0.532407 0.439583 0.531482 0.439063 0.525926 0.439583 0.525000 0.440104 0.523148 0.443229 0.519444 0.443229 0.520370 0.444271 0.518519 0.446875 0.519444 0.447917 0.517593 0.201042 0.975000 0.203646 0.977778 0.204167 0.977778 0.206250 0.980556 0.206250 0.982407 0.208333 0.987037 0.208333 0.987963 0.207813 0.988889 0.207813 0.992593 0.207292 0.993519 0.205729 0.996296 0.205729 0.997222 0.192188 0.998148 0.191146 0.999074 0.191667 0.997222 0.190625 0.996296 0.191146 0.994444 0.189583 0.994444 0.190104 0.991667 0.189583 0.991667 0.189583 0.981481 0.192708 0.976852 0.193750 0.977778 0.194792 0.975926
0 0.198437 0.976852 0.199479 0.975000 0.598958 0.679630 0.599479 0.680556 0.600521 0.680556 0.604167 0.683333 0.605729 0.685185 0.605729 0.686111 0.607813 0.689815 0.607813 0.697222 0.607292 0.698148 0.607292 0.700000 0.605208 0.702778 0.603646 0.703704 0.602083 0.703704 0.601562 0.704630 0.600000 0.704630 0.599479 0.705556 0.596354 0.706481 0.595833 0.704630 0.593750 0.705556 0.593229 0.703704 0.590625 0.702778 0.589063 0.700926 0.587500 0.696296 0.586458 0.687963 0.586979 0.687037 0.587500 0.684259 0.590625 0.681481 0.591667 0.682407 0.592708 0.680556 0.594271 0.681481
0 0.595312 0.679630 0.170833 0.775000 0.175000 0.775000 0.177604 0.776852 0.179688 0.779630 0.180208 0.782407 0.182292 0.784259 0.182292 0.787037 0.182812 0.787963 0.182812 0.792593 0.182292 0.793519 0.182292 0.795370 0.179688 0.800000 0.178646 0.801852 0.175521 0.803704 0.168229 0.803704 0.166146 0.801852 0.163542 0.800926 0.164062 0.799074 0.161979 0.795370 0.161458 0.795370 0.160938 0.793519 0.160417 0.791667 0.160417 0.783333 0.161979 0.778704 0.166667 0.774074 0.320833 0.424074 0.326562 0.424074
0 0.327604 0.425000 0.328646 0.425000 0.333333 0.430556 0.333854 0.430556 0.334896 0.433333 0.335938 0.438889 0.336458 0.439815 0.336458 0.445370 0.334896 0.450000 0.333333 0.451852 0.331771 0.451852 0.330208 0.453704 0.329167 0.453704 0.326562 0.455556 0.320312 0.454630 0.319792 0.455556 0.312500 0.450000 0.310937 0.445370 0.310937 0.441667 0.309896 0.440741 0.310417 0.433333 0.311458 0.429630 0.314063 0.426852 0.318229 0.424074 0.363542 0.229630 0.366667 0.229630 0.367708 0.231481 0.368229 0.231481
0 0.369271 0.232407 0.369271 0.233333 0.370313 0.236111 0.370313 0.246296 0.369792 0.246296 0.369792 0.249074 0.366667 0.252778 0.358854 0.251852 0.356250 0.250000 0.356771 0.248148 0.354688 0.244444 0.354688 0.239815 0.353646 0.238889 0.354688 0.237037 0.355729 0.232407 0.356250 0.232407 0.356771 0.232407 0.357812 0.230556 0.359375 0.231481 0.360417 0.229630 0.690625 0.300926 0.691146 0.301852 0.692187 0.301852 0.692708 0.302778 0.693229 0.302778 0.695833 0.305556 0.695833 0.306481 0.696875 0.308333 0.696875 0.309259 0.697917 0.310185 0.696875 0.311111 0.696875 0.312037 0.696354 0.312963
0 0.696354 0.314815 0.695833 0.315741 0.695833 0.316667 0.694792 0.317593 0.694792 0.318519 0.693229 0.321296 0.692187 0.321296 0.691667 0.322222 0.689583 0.323148 0.689062 0.321296 0.688021 0.322222 0.687500 0.320370 0.686979 0.320370 0.684375 0.317593 0.683854 0.315741 0.683854 0.312963 0.683333 0.311111 0.682813 0.309259 0.683333 0.310185 0.683854 0.308333 0.684896 0.306481 0.684896 0.305556 0.685938 0.303704 0.686458 0.303704 0.686979 0.303704 0.686979 0.304630 0.688021 0.302778 0.690104 0.301852 0.366667 0.287963 0.367188 0.288889 0.369271 0.289815
0 0.371875 0.293519 0.372396 0.300926 0.371875 0.301852 0.371875 0.304630 0.370313 0.306481 0.369792 0.306481 0.368750 0.308333 0.368229 0.308333 0.367708 0.309259 0.364062 0.310185 0.363542 0.308333 0.359896 0.308333 0.357812 0.306481 0.358333 0.303704 0.357812 0.303704 0.357292 0.297222 0.358333 0.297222 0.357812 0.295370 0.358333 0.295370 0.358854 0.292593 0.360417 0.290741 0.360938 0.291667 0.361979 0.289815 0.362500 0.290741 0.363542 0.288889
0 0.365104 0.289815 0.366146 0.287963 0.053646 0.248148 0.057292 0.248148 0.058333 0.249074 0.060417 0.249074 0.064062 0.254630 0.064583 0.255556 0.064583 0.262037 0.064062 0.262963 0.064062 0.264815 0.063021 0.268519 0.059896 0.274074 0.058854 0.275000 0.054167 0.274074 0.053646 0.275000 0.051042 0.275000 0.047396 0.273148 0.045313 0.270370 0.045833 0.268519 0.043229 0.267593 0.043750 0.265741 0.043229 0.263889 0.043229 0.257407 0.043750 0.255556 0.044792 0.253704
0 0.048437 0.248148 0.049479 0.247222 0.355729 0.412963 0.356771 0.413889 0.357812 0.413889 0.361458 0.415741 0.362500 0.417593 0.364062 0.422222 0.363542 0.423148 0.364062 0.427778 0.363021 0.428704 0.363542 0.430556 0.362500 0.431481 0.362500 0.433333 0.361979 0.434259 0.359375 0.437037 0.358333 0.437037 0.355729 0.438889 0.354167 0.439815 0.353646 0.437963 0.352083 0.438889 0.351562 0.437037 0.350521 0.437037 0.349479 0.436111 0.347917 0.434259
0 0.346354 0.434259 0.346875 0.432407 0.344792 0.428704 0.345833 0.426852 0.345833 0.422222 0.346875 0.419444 0.348958 0.415741 0.349479 0.415741 0.350521 0.413889 0.353125 0.412963 0.281771 0.376852 0.282813 0.377778 0.283854 0.377778 0.284375 0.378704 0.284896 0.378704 0.288021 0.382407 0.288021 0.389815 0.287500 0.390741 0.287500 0.393519 0.285417 0.397222 0.284896 0.397222 0.282292 0.399074 0.275521 0.399074 0.273438 0.398148 0.271875 0.398148 0.272396 0.396296 0.270833 0.393519 0.270312 0.387037 0.271354 0.385185 0.271354 0.384259 0.271875 0.383333 0.272396 0.381481 0.274479 0.378704 0.275521 0.378704 0.276042 0.378704 0.278646 0.379630 0.279687 0.377778 0.281250 0.377778 0.239063 0.647222 0.242188 0.647222 0.243229 0.648148 0.244792 0.648148
0 0.247396 0.650926 0.247396 0.651852 0.248437 0.654630 0.248437 0.655556 0.248958 0.656482 0.248958 0.657407 0.248437 0.658333 0.248437 0.662963 0.247917 0.663889 0.246875 0.667593 0.244792 0.670370 0.241667 0.670370 0.241146 0.671296 0.236979 0.671296 0.232292 0.668519 0.232812 0.667593 0.231771 0.666667 0.232292 0.664815 0.230729 0.663889 0.231250 0.661111 0.230208 0.660185 0.230208 0.655556 0.231250 0.653704 0.231771 0.651852 0.233854 0.649074 0.234375 0.649074 0.235938 0.647222 0.217708 0.939815 0.221875 0.939815 0.222396 0.940741
0 0.224479 0.941667 0.226042 0.943519 0.226042 0.944444 0.228125 0.948148 0.228125 0.954630 0.227604 0.955556 0.227604 0.956481 0.227083 0.957407 0.227083 0.958333 0.223438 0.962963 0.222917 0.962963 0.222396 0.963889 0.214062 0.963889 0.209896 0.959259 0.209896 0.957407 0.209375 0.955556 0.208854 0.948148 0.209896 0.946296 0.210938 0.941667 0.211458 0.941667 0.213542 0.939815 0.264583 0.928704 0.265104 0.928704 0.266667 0.928704 0.267188 0.929630 0.269271 0.930556 0.269792 0.931481
0 0.269792 0.932407 0.271354 0.936111 0.271875 0.942593 0.270833 0.942593 0.270312 0.945370 0.268229 0.949074 0.267188 0.949074 0.266667 0.949074 0.263021 0.950000 0.262500 0.948148 0.261458 0.948148 0.260417 0.948148 0.259896 0.948148 0.258333 0.947222 0.258854 0.945370 0.257292 0.942593 0.256250 0.937963 0.256771 0.937037 0.257292 0.935185 0.258854 0.934259 0.259375 0.931481 0.260938 0.929630 0.261458 0.930556 0.262500 0.928704 0.263542 0.928704 0.445833 0.162963 0.446354 0.163889 0.447917 0.163889 0.448438 0.164815 0.448958 0.164815 0.450000 0.165741 0.450000 0.166667 0.450521 0.167593
0 0.450521 0.169444 0.451562 0.170370 0.451562 0.177778 0.451042 0.178704 0.450521 0.180556 0.448438 0.183333 0.447396 0.183333 0.446875 0.184259 0.445833 0.184259 0.445312 0.184259 0.441667 0.185185 0.441146 0.183333 0.440104 0.183333 0.439583 0.183333 0.438542 0.183333 0.436979 0.182407 0.437500 0.180556 0.436458 0.177778 0.435937 0.170370 0.436979 0.170370 0.437500 0.167593 0.439583 0.163889 0.440104 0.163889 0.441667 0.162963 0.623958 0.488889 0.624479 0.489815 0.626562 0.489815 0.627083 0.490741 0.629687 0.491667 0.631771 0.494444 0.633854 0.499074 0.633854 0.502778
0 0.634375 0.503704 0.634375 0.505556 0.633854 0.506481 0.633854 0.509259 0.633333 0.511111 0.628125 0.514815 0.626562 0.514815 0.626042 0.515741 0.620313 0.516667 0.619792 0.514815 0.618750 0.515741 0.618229 0.513889 0.615625 0.512963 0.614062 0.511111 0.613542 0.509259 0.613542 0.507407 0.613021 0.505556 0.611979 0.499074 0.613021 0.497222 0.613542 0.493519 0.614062 0.493519 0.616667 0.490741 0.617708 0.490741 0.621354 0.488889 0.133854 0.646296 0.134375 0.647222 0.136458 0.647222 0.139583 0.650926
0 0.139583 0.651852 0.141146 0.654630 0.141146 0.661111 0.140104 0.662037 0.140104 0.662963 0.138542 0.664815 0.139062 0.665741 0.136458 0.668519 0.133854 0.668519 0.132812 0.669444 0.129167 0.669444 0.128125 0.668519 0.127604 0.668519 0.125000 0.666667 0.125521 0.664815 0.123438 0.660185 0.123438 0.653704 0.123958 0.652778 0.124479 0.650000 0.126042 0.647222 0.126563 0.647222 0.128646 0.646296 0.508854 0.956481 0.509375 0.957407 0.512500 0.958333 0.513542 0.959259 0.516146 0.961111 0.520312 0.966667 0.521354 0.970370 0.521875 0.977778 0.521354 0.978704
0 0.521354 0.979630 0.520833 0.981481 0.517708 0.985185 0.516667 0.985185 0.516146 0.986111 0.512500 0.986111 0.511979 0.987037 0.508854 0.987037 0.506771 0.985185 0.502604 0.979630 0.500521 0.975000 0.500521 0.972222 0.500000 0.970370 0.499479 0.966667 0.500000 0.965741 0.500521 0.962963 0.501562 0.961111 0.502083 0.957407 0.503646 0.957407 0.504167 0.957407 0.508333 0.957407 0.416667 0.945370 0.423438 0.950926 0.423438 0.952778
0 0.425000 0.955556 0.425000 0.958333 0.424479 0.959259 0.424479 0.962963 0.421875 0.967593 0.418229 0.970370 0.417188 0.970370 0.416667 0.971296 0.413542 0.972222 0.413021 0.970370 0.409375 0.970370 0.407813 0.968518 0.406771 0.965741 0.405729 0.964815 0.404687 0.961111 0.404687 0.955556 0.406250 0.950926 0.408333 0.947222 0.409375 0.946296 0.411458 0.946296 0.413542 0.945370 0.383854 0.709259 0.384375 0.710185 0.384896 0.710185 0.388021 0.714815 0.388021 0.715741 0.388542 0.716667 0.388542 0.718518 0.389062 0.719444 0.389062 0.720370 0.388021 0.723148
0 0.388021 0.724074 0.387500 0.725000 0.387500 0.725926 0.386979 0.726852 0.386458 0.726852 0.383854 0.728704 0.380729 0.728704 0.380208 0.728704 0.379167 0.727778 0.378125 0.727778 0.377083 0.727778 0.375521 0.726852 0.376042 0.725926 0.375521 0.724074 0.375521 0.721296 0.373958 0.721296 0.374479 0.720370 0.374479 0.718518 0.375000 0.717593 0.375000 0.715741 0.376563 0.715741 0.376042 0.713889 0.378125 0.711111 0.378646 0.711111 0.380208 0.709259 0.185417 0.387037 0.189583 0.387963 0.190625 0.388889 0.191146 0.388889 0.192708 0.391667 0.192708 0.392593 0.193750 0.393519
0 0.193750 0.394444 0.194792 0.397222 0.194792 0.403704 0.194271 0.404630 0.193229 0.408333 0.192708 0.408333 0.192188 0.409259 0.191146 0.409259 0.190625 0.410185 0.182292 0.410185 0.178646 0.408333 0.179167 0.406481 0.176563 0.402778 0.176042 0.396296 0.176563 0.395370 0.177083 0.392593 0.180208 0.387963 0.180208 0.388889 0.181250 0.387037 0.960938 0.775926 0.961458 0.776852 0.964583 0.776852 0.965104 0.777778 0.965625 0.777778 0.968229 0.780556 0.968229 0.781482 0.969271 0.784259 0.969271 0.786111 0.968750 0.787037 0.968750 0.790741 0.967708 0.791667 0.967708 0.792593
0 0.966146 0.795370 0.959375 0.795370 0.958854 0.796296 0.957292 0.793519 0.956771 0.793519 0.953646 0.790741 0.954167 0.787963 0.952604 0.786111 0.952604 0.784259 0.953125 0.783333 0.953646 0.780556 0.954687 0.777778 0.955208 0.777778 0.956250 0.776852 0.956771 0.777778 0.957812 0.775926 0.601042 0.492593 0.605208 0.496296 0.605208 0.497222 0.606250 0.499074 0.606250 0.500926 0.606771 0.501852 0.606771 0.503704 0.607292 0.504630 0.606250 0.507407 0.606250 0.508333
0 0.605729 0.509259 0.605208 0.512037 0.604688 0.512037 0.603646 0.513889 0.603125 0.513889 0.602604 0.514815 0.598958 0.513889 0.598437 0.513889 0.596354 0.514815 0.595833 0.512963 0.594792 0.513889 0.594792 0.512963 0.593229 0.512963 0.593750 0.511111 0.591667 0.509259 0.592188 0.507407 0.591146 0.506481 0.591146 0.504630 0.592188 0.502778 0.592188 0.500000 0.592188 0.500926 0.592708 0.498148 0.593750 0.496296 0.594271 0.496296 0.597396 0.494444 0.598437 0.494444 0.600000 0.492593 0.448958 0.303704 0.452604 0.303704 0.453646 0.304630
0 0.454167 0.304630 0.455729 0.307407 0.455729 0.308333 0.456250 0.309259 0.456250 0.311111 0.457292 0.312037 0.457292 0.313889 0.456771 0.314815 0.456771 0.319444 0.456250 0.320370 0.456250 0.322222 0.455208 0.323148 0.454167 0.323148 0.453646 0.324074 0.445833 0.325000 0.445312 0.323148 0.443750 0.324074 0.444271 0.322222 0.443229 0.320370 0.441667 0.317593 0.441146 0.313889 0.440625 0.313889 0.440625 0.311111 0.441146 0.309259
0 0.441667 0.307407 0.442708 0.305556 0.443750 0.305556 0.445312 0.303704 0.661458 0.608333 0.661979 0.609259 0.666667 0.611111 0.668750 0.612963 0.669792 0.616667 0.669792 0.624074 0.669271 0.625000 0.669271 0.625926 0.668229 0.629630 0.667188 0.630556 0.664583 0.635185 0.663021 0.635185 0.662500 0.636111 0.654167 0.636111 0.653125 0.635185 0.652083 0.635185 0.650521 0.633333 0.648438 0.628704 0.648438 0.625926 0.647917 0.624074 0.648438 0.617593 0.649479 0.613889 0.650521 0.612037 0.652604 0.611111 0.653646 0.611111 0.655208 0.611111 0.657292 0.609259 0.658854 0.610185 0.659896 0.608333 0.722917 0.326852 0.726562 0.326852
0 0.727083 0.327778 0.727604 0.327778 0.729688 0.330556 0.729688 0.331481 0.730208 0.332407 0.730208 0.339815 0.729688 0.340741 0.729688 0.344444 0.728646 0.346296 0.728646 0.347222 0.727083 0.348148 0.718750 0.349074 0.718229 0.347222 0.717708 0.347222 0.717188 0.347222 0.715625 0.347222 0.716146 0.345370 0.714583 0.343519 0.714583 0.341667 0.713542 0.340741 0.714063 0.339815 0.713021 0.338889 0.714063 0.337037 0.713542 0.334259 0.714063 0.334259 0.714583 0.332407
0 0.717188 0.327778 0.717708 0.327778 0.719271 0.326852 0.922917 0.380556 0.929688 0.385185 0.929688 0.387037 0.931250 0.390741 0.931250 0.397222 0.929167 0.403704 0.928646 0.403704 0.926042 0.405556 0.925000 0.405556 0.922917 0.407407 0.920833 0.408333 0.920313 0.406481 0.916146 0.407407 0.915625 0.405556 0.914583 0.405556 0.911458 0.402778 0.911979 0.400926 0.910937 0.397222 0.910417 0.388889 0.911458 0.388889 0.910937 0.386111 0.914062 0.382407 0.915104 0.381481 0.918229 0.382407 0.919271 0.380556 0.252083 0.258333
0 0.252604 0.258333 0.253646 0.258333 0.254167 0.259259 0.254687 0.259259 0.255208 0.260185 0.255729 0.260185 0.256250 0.261111 0.258333 0.262037 0.258854 0.262963 0.258854 0.266667 0.259375 0.267593 0.259375 0.269444 0.258854 0.270370 0.258854 0.272222 0.258333 0.273148 0.258333 0.274074 0.257812 0.275000 0.257292 0.275000 0.255729 0.276852 0.254167 0.276852 0.253646 0.277778 0.249479 0.278704 0.248958 0.276852 0.247917 0.277778 0.247396 0.275926 0.244792 0.275926 0.245312 0.274074 0.243750 0.270370 0.243229 0.268519 0.244271 0.266667 0.244271 0.263889 0.245312 0.262037 0.245833 0.262037 0.247396 0.259259 0.247917 0.259259 0.250000 0.258333 0.457292 0.816667
0 0.457812 0.817593 0.459375 0.817593 0.463021 0.821296 0.463021 0.822222 0.463542 0.823148 0.464063 0.828704 0.462500 0.830556 0.462500 0.832407 0.461458 0.834259 0.460938 0.834259 0.459896 0.835185 0.459375 0.835185 0.457812 0.837037 0.455208 0.837963 0.454688 0.836111 0.453646 0.837037 0.453125 0.835185 0.451042 0.834259 0.449479 0.834259 0.450000 0.833333 0.449479 0.831481 0.448438 0.825000 0.448958 0.824074 0.449479 0.822222 0.452083 0.819444 0.452604 0.819444 0.455208 0.816667 0.682813 0.632407 0.684896 0.634259 0.686979 0.635185 0.689062 0.637037 0.689583 0.637037
0 0.691146 0.640741 0.692187 0.647222 0.691146 0.649074 0.691146 0.651852 0.690625 0.653704 0.686979 0.658333 0.684896 0.660185 0.683333 0.660185 0.682813 0.660185 0.675521 0.660185 0.672396 0.657407 0.671354 0.658333 0.671875 0.655556 0.669792 0.651852 0.668750 0.645370 0.669792 0.643519 0.670833 0.639815 0.674479 0.634259 0.678646 0.635185 0.679688 0.633333 0.680729 0.634259 0.681771 0.632407 0.382292 0.505556 0.384896 0.505556 0.385417 0.506481 0.386979 0.506481 0.391667 0.512963 0.391667 0.514815 0.392708 0.517593
0 0.390625 0.524074 0.389583 0.525926 0.389062 0.525926 0.386458 0.527778 0.378646 0.527778 0.376042 0.525926 0.375521 0.525926 0.374479 0.524074 0.373437 0.521296 0.371875 0.518519 0.372396 0.515741 0.372396 0.513889 0.373437 0.512037 0.374479 0.510185 0.375000 0.508333 0.376042 0.507407 0.377604 0.506481 0.378125 0.507407 0.379167 0.505556 0.920833 0.630556 0.921354 0.631481 0.926562 0.631481 0.929167 0.633333 0.931771 0.637963 0.934375 0.643519 0.934375 0.650000 0.933333 0.650926 0.932292 0.655556 0.928646 0.660185 0.927604 0.661111 0.926042 0.661111 0.925521 0.662037
0 0.922396 0.662037 0.921875 0.662963 0.919792 0.662037 0.917188 0.661111 0.913021 0.655556 0.912500 0.652778 0.910937 0.650000 0.910417 0.647222 0.911458 0.645370 0.911458 0.642593 0.912500 0.638889 0.919792 0.630556 0.146354 0.595370 0.146875 0.596296 0.149479 0.596296 0.153125 0.599074 0.153125 0.600000 0.155208 0.602778 0.156250 0.605556 0.156250 0.609259 0.156771 0.611111 0.156250 0.611111 0.156250 0.612963 0.155729 0.613889 0.155208 0.617593
0 0.152083 0.622222 0.151042 0.622222 0.150000 0.623148 0.146875 0.623148 0.146354 0.623148 0.142708 0.624074 0.142188 0.622222 0.141146 0.622222 0.134896 0.615741 0.135417 0.614815 0.134896 0.612963 0.134375 0.607407 0.135417 0.605556 0.135417 0.602778 0.136458 0.600000 0.137500 0.598148 0.141667 0.595370 0.693229 0.421296 0.694271 0.421296 0.694792 0.421296 0.695833 0.423148 0.695833 0.424074 0.696875 0.426852 0.696875 0.429630 0.696354 0.430556 0.696354 0.433333 0.695833 0.434259 0.694792 0.436111 0.694792 0.437037 0.693750 0.438889 0.688021 0.439815 0.687500 0.437963 0.685938 0.438889 0.684896 0.437963 0.685417 0.436111 0.684375 0.433333 0.683854 0.430556
0 0.684375 0.429630 0.684375 0.427778 0.684896 0.426852 0.685417 0.425000 0.686458 0.423148 0.686979 0.423148 0.688542 0.421296 0.690625 0.421296 0.691146 0.421296 0.539062 0.145370 0.539583 0.146296 0.541667 0.146296 0.542188 0.147222 0.543229 0.147222 0.544271 0.149074 0.544271 0.150000 0.545833 0.151852 0.545833 0.154630 0.546354 0.155556 0.546354 0.156481 0.545833 0.157407 0.545833 0.158333 0.545313 0.159259 0.545313 0.161111 0.543750 0.162963 0.542708 0.162963 0.542188 0.163889 0.541146 0.163889
0 0.540625 0.164815 0.539583 0.164815 0.539062 0.165741 0.535417 0.166667 0.534896 0.164815 0.534375 0.164815 0.531771 0.162037 0.531771 0.160185 0.530729 0.159259 0.531250 0.157407 0.530208 0.156481 0.530729 0.155556 0.530729 0.153704 0.531250 0.152778 0.531771 0.150000 0.534375 0.146296 0.534375 0.147222 0.535417 0.145370 0.270833 0.163889 0.271354 0.163889 0.272396 0.163889 0.272917 0.164815 0.274479 0.164815 0.275521 0.165741 0.278646 0.170370 0.279687 0.173148 0.279687 0.180556
0 0.278646 0.183333 0.278646 0.184259 0.278125 0.186111 0.276042 0.189815 0.273438 0.190741 0.268750 0.191667 0.268229 0.189815 0.267188 0.190741 0.266667 0.188889 0.265625 0.188889 0.264062 0.188889 0.263021 0.187037 0.262500 0.187037 0.259896 0.182407 0.260417 0.181481 0.259896 0.179630 0.259896 0.173148 0.260417 0.171296 0.260417 0.169444 0.261458 0.167593 0.263542 0.164815 0.264583 0.165741 0.265625 0.163889 0.268750 0.164815 0.269792 0.162963 0.885938 0.544444
0 0.889583 0.544444 0.895312 0.548148 0.897396 0.550926 0.898958 0.554630 0.898958 0.560185 0.898438 0.561111 0.898438 0.563889 0.897917 0.565741 0.894792 0.569444 0.894792 0.570370 0.890625 0.574074 0.882292 0.573148 0.879167 0.571296 0.875000 0.564815 0.873958 0.558333 0.875000 0.556481 0.875521 0.552778 0.879687 0.546296 0.882292 0.544444 0.966667 0.718518 0.967188 0.719444 0.969271 0.719444 0.969792 0.720370 0.970833 0.720370 0.971354 0.720370
0 0.972396 0.720370 0.973958 0.723148 0.973958 0.725000 0.974479 0.725926 0.974479 0.731481 0.973958 0.732407 0.973958 0.733333 0.973437 0.734259 0.973437 0.735185 0.971875 0.737963 0.970312 0.737963 0.969792 0.738889 0.966667 0.738889 0.966146 0.738889 0.965104 0.738889 0.964063 0.738889 0.963021 0.739815 0.962500 0.737963 0.961458 0.737963 0.958854 0.734259 0.958854 0.731481 0.957812 0.730556 0.957812 0.729630 0.958333 0.728704 0.958854 0.725926 0.959375 0.725926 0.959375 0.723148 0.960938 0.720370 0.961458 0.720370 0.962500 0.719444
0 0.963021 0.720370 0.964063 0.718518 0.427083 0.348148 0.427604 0.349074 0.428646 0.349074 0.431250 0.350926 0.432813 0.353704 0.432813 0.354630 0.433854 0.356481 0.434375 0.362963 0.433333 0.363889 0.433854 0.365741 0.433333 0.367593 0.430208 0.371296 0.428125 0.373148 0.426562 0.373148 0.426042 0.374074 0.425000 0.375000 0.424479 0.373148 0.423438 0.374074 0.422917 0.372222 0.421354 0.373148 0.420833 0.371296 0.419792 0.371296 0.418750 0.370370 0.415625 0.366667 0.413542 0.362037 0.414062 0.360185 0.414062 0.355556 0.418229 0.350000
0 0.419271 0.350000 0.419792 0.350000 0.420833 0.350000 0.423438 0.348148 0.821354 0.645370 0.821875 0.646296 0.823438 0.646296 0.823958 0.647222 0.826042 0.648148 0.827083 0.650000 0.827083 0.650926 0.828125 0.652778 0.828125 0.654630 0.829167 0.655556 0.829167 0.662037 0.828646 0.662963 0.828646 0.664815 0.827604 0.665741 0.826563 0.665741 0.826042 0.666667 0.825000 0.666667 0.824479 0.667593 0.822917 0.667593 0.822396 0.668519 0.820833 0.668519 0.820312 0.669444 0.819271 0.670370 0.818750 0.668519 0.815625 0.666667 0.813542 0.664815 0.814062 0.662963 0.811979 0.662963 0.812500 0.661111 0.811979 0.659259 0.811458 0.654630 0.811979 0.653704 0.812500 0.651852 0.813542 0.650926
0 0.813542 0.650000 0.814583 0.648148 0.815104 0.648148 0.818229 0.645370 0.043750 0.660185 0.044271 0.661111 0.045313 0.661111 0.048958 0.664815 0.048958 0.665741 0.049479 0.666667 0.049479 0.668519 0.050521 0.669444 0.051042 0.673148 0.050000 0.674074 0.050521 0.675926 0.048958 0.677778 0.048958 0.678704 0.047917 0.680556 0.047917 0.681481 0.045833 0.683333 0.044792 0.683333 0.043750 0.684259 0.036458 0.685185 0.035937 0.683333 0.035417 0.683333 0.033333 0.680556 0.031771 0.675926 0.030729 0.670370 0.031771 0.668519 0.033333 0.664815 0.035937 0.661111 0.038021 0.662963 0.039062 0.661111 0.041146 0.662037
0 0.042188 0.660185 0.418750 0.742593 0.419271 0.743519 0.421354 0.743519 0.424479 0.747222 0.424479 0.748148 0.425000 0.749074 0.425000 0.752778 0.424479 0.753704 0.424479 0.755556 0.423958 0.756481 0.423958 0.757407 0.423438 0.758333 0.423438 0.759259 0.422396 0.760185 0.420833 0.760185 0.420312 0.761111 0.418750 0.762037 0.418229 0.760185 0.417188 0.760185
0 0.416146 0.759259 0.415625 0.760185 0.415104 0.758333 0.413021 0.756481 0.413542 0.754630 0.412500 0.753704 0.412500 0.749074 0.415625 0.745370 0.416146 0.745370 0.417188 0.743519 0.418229 0.743519 0.718229 0.750926 0.722396 0.750926 0.724479 0.752778 0.727604 0.756481 0.728125 0.756481 0.728125 0.757407 0.729167 0.759259 0.729688 0.765741 0.729167 0.766667 0.728646 0.770370 0.725521 0.775000 0.725521 0.775926 0.722396 0.777778 0.714063 0.777778 0.711458 0.775926 0.709375 0.775000 0.709896 0.773148 0.707812 0.769444 0.706771 0.763889 0.707292 0.762963 0.707812 0.760185 0.708854 0.756481 0.710938 0.752778 0.712500 0.751852 0.713542 0.752778 0.714583 0.750926 0.703646 0.784259
0 0.704167 0.785185 0.707292 0.785185 0.709375 0.787037 0.712500 0.791667 0.713021 0.796296 0.713542 0.797222 0.713542 0.804630 0.711979 0.806481 0.711979 0.808333 0.709896 0.812037 0.707812 0.812963 0.705208 0.813889 0.704687 0.812037 0.700000 0.812037 0.696875 0.810185 0.691667 0.802778 0.690625 0.798148 0.691667 0.796296 0.691146 0.794444 0.692187 0.792593 0.692708 0.789815 0.694792 0.786111 0.698438 0.784259 0.425521 0.512963 0.426042 0.512963 0.428646 0.512963 0.429688 0.513889 0.431250 0.517593 0.431250 0.519444 0.431771 0.520370 0.432292 0.523148 0.432813 0.524074 0.432813 0.527778
0 0.432292 0.528704 0.432292 0.530556 0.431771 0.532407 0.429167 0.536111 0.427604 0.536111 0.427083 0.537037 0.423438 0.537037 0.422917 0.537963 0.421354 0.538889 0.420833 0.537037 0.419271 0.537037 0.417188 0.535185 0.414583 0.532407 0.414062 0.530556 0.414062 0.526852 0.413021 0.525926 0.413542 0.524074 0.415104 0.522222 0.417188 0.515741 0.420312 0.512037 0.774479 0.151852 0.775000 0.151852 0.777083 0.151852 0.777604 0.152778 0.778646 0.152778 0.779688 0.153704 0.782812 0.158333 0.783333 0.159259 0.783333 0.165741 0.782812 0.166667 0.782292 0.171296 0.779167 0.175926 0.776563 0.177778 0.770833 0.176852 0.770312 0.176852 0.768229 0.176852 0.765104 0.175000 0.765625 0.173148
0 0.764063 0.170370 0.763542 0.168519 0.763021 0.166667 0.762500 0.162037 0.763021 0.161111 0.763021 0.159259 0.764063 0.157407 0.766146 0.153704 0.767187 0.154630 0.768229 0.152778 0.769271 0.153704 0.770312 0.151852 0.772396 0.151852 0.772917 0.151852 0.406250 0.372222 0.406771 0.373148 0.410937 0.373148 0.411458 0.374074 0.411979 0.374074 0.415625 0.377778 0.415625 0.379630 0.416146 0.380556 0.416667 0.387963 0.416146 0.387963 0.416146 0.389815 0.415104 0.391667 0.414062 0.391667 0.413021 0.393519 0.412500 0.393519 0.411979 0.394444 0.410417 0.395370 0.409896 0.393519
0 0.405208 0.393519 0.404167 0.392593 0.403646 0.392593 0.401042 0.389815 0.401563 0.387037 0.400000 0.387963 0.400521 0.386111 0.399479 0.385185 0.399479 0.384259 0.400521 0.382407 0.400521 0.378704 0.401042 0.377778 0.401563 0.375926 0.403646 0.374074 0.404167 0.372222 0.221875 0.193519 0.222396 0.194444 0.227604 0.194444 0.228646 0.195370 0.231250 0.199074 0.232292 0.202778 0.232812 0.210185 0.231771 0.211111 0.232292 0.212963 0.229167 0.216667 0.228646 0.218519 0.227604 0.218519 0.227083 0.219444 0.225521 0.219444 0.223438 0.221296 0.220313 0.222222
0 0.219792 0.220370 0.218750 0.220370 0.217708 0.219444 0.213542 0.212963 0.213542 0.209259 0.212500 0.208333 0.213021 0.206481 0.212500 0.203704 0.213021 0.202778 0.213542 0.200926 0.214583 0.199074 0.215625 0.199074 0.217187 0.196296 0.219271 0.194444 0.220313 0.194444 0.221354 0.193519 0.973958 0.453704 0.974479 0.454630 0.975521 0.454630 0.979167 0.458333 0.979688 0.458333 0.979688 0.459259 0.981250 0.462037 0.981250 0.467593 0.980729 0.468519 0.980729 0.469444
0 0.980208 0.470370 0.980208 0.471296 0.977083 0.475926 0.976562 0.475926 0.976042 0.476852 0.975000 0.476852 0.974479 0.477778 0.973958 0.477778 0.972917 0.476852 0.971354 0.477778 0.970833 0.475926 0.969792 0.476852 0.969271 0.475000 0.967708 0.475926 0.967188 0.474074 0.966667 0.474074 0.963542 0.472222 0.964063 0.471296 0.963542 0.469444 0.963542 0.466667 0.963021 0.466667 0.962500 0.464815 0.963021 0.463889 0.963021 0.462037
0 0.964063 0.460185 0.964583 0.458333 0.966146 0.455556 0.967708 0.456481 0.968750 0.454630 0.969271 0.455556 0.970312 0.453704 0.971875 0.454630 0.972917 0.453704 0.984375 0.490741 0.984896 0.491667 0.988542 0.491667 0.989583 0.492593 0.993229 0.498148 0.994271 0.500000 0.994271 0.503704 0.994792 0.504630 0.993750 0.508333 0.993750 0.510185 0.991146 0.513889 0.988021 0.515741 0.983854 0.515741 0.983333 0.516667 0.982292 0.516667 0.979688 0.514815 0.978125 0.512963 0.977604 0.512963 0.974479 0.510185 0.975000 0.507407 0.973437 0.504630
0 0.974479 0.503704 0.973958 0.499074 0.974479 0.497222 0.976042 0.496296 0.977604 0.493519 0.981250 0.490741 0.984896 0.664815 0.985417 0.665741 0.986979 0.665741 0.989062 0.667593 0.990625 0.669444 0.990625 0.670370 0.991667 0.671296 0.992188 0.671296 0.992708 0.675000 0.993229 0.675926 0.993750 0.684259 0.992708 0.687963 0.989583 0.691667 0.986458 0.694444 0.978125 0.694444 0.973958 0.688889 0.973437 0.686111 0.971875 0.683333 0.971354 0.679630 0.972396 0.677778 0.972917 0.673148 0.977083 0.667593 0.978125 0.666667 0.979688 0.667593 0.980729 0.665741 0.984375 0.665741
0 0.334375 0.742593 0.334896 0.743519 0.336458 0.743519 0.339583 0.746296 0.339583 0.749074 0.340104 0.749074 0.340104 0.754630 0.339583 0.755556 0.339583 0.757407 0.339063 0.758333 0.339063 0.759259 0.336458 0.762963 0.335938 0.762963 0.332812 0.766667 0.332292 0.764815 0.330208 0.764815 0.329167 0.763889 0.327604 0.762963 0.325521 0.762037 0.326042 0.760185 0.325000 0.759259 0.324479 0.752778 0.325521 0.750926 0.326042 0.748148 0.328646 0.745370 0.329167 0.745370 0.330208 0.743519 0.330729 0.744444 0.331771 0.742593 0.113542 0.902778 0.114583 0.903704 0.116146 0.904630 0.117708 0.906482
0 0.118750 0.909259 0.119792 0.911111 0.119792 0.912037 0.120312 0.912037 0.120312 0.913889 0.119792 0.914815 0.119792 0.918519 0.119271 0.918519 0.119271 0.919444 0.118229 0.921296 0.118229 0.922222 0.117188 0.924074 0.116667 0.924074 0.116146 0.924074 0.114583 0.924074 0.114063 0.925000 0.111979 0.925926 0.111458 0.924074 0.109375 0.925000 0.108854 0.923148 0.107813 0.923148 0.105208 0.922222 0.105729 0.920370 0.104687 0.917593 0.104687 0.915741 0.104167 0.913889 0.103646 0.912037 0.104167 0.911111 0.104167 0.910185 0.104687 0.909259 0.105208 0.907407 0.106771 0.904630
0 0.107813 0.904630 0.109896 0.903704 0.110937 0.904630 0.111979 0.902778 0.876042 0.251852 0.881771 0.255556 0.881771 0.256481 0.882812 0.258333 0.884375 0.262037 0.884375 0.268519 0.883333 0.269444 0.883333 0.270370 0.881250 0.274074 0.880729 0.274074 0.879687 0.275000 0.877604 0.276852 0.873958 0.277778 0.873438 0.275926 0.869271 0.275926 0.866146 0.272222 0.865625 0.269444 0.864583 0.267593 0.864062 0.260185 0.865625 0.258333 0.866146 0.256481 0.868750 0.252778 0.873438 0.253704 0.874479 0.251852 0.393750 0.887963 0.397396 0.892593 0.397396 0.893519 0.397917 0.894444 0.397917 0.899074 0.397396 0.899074 0.397396 0.900926 0.396354 0.902778 0.396354 0.903704 0.394792 0.905556 0.393750 0.905556 0.393229 0.906482 0.392188 0.905556 0.388542 0.905556 0.387500 0.904630
0 0.385417 0.905556 0.385938 0.904630 0.384896 0.903704 0.385417 0.901852 0.384896 0.900000 0.384375 0.897222 0.385417 0.896296 0.384375 0.892593 0.384896 0.892593 0.385417 0.890741 0.386458 0.890741 0.388021 0.888889 0.389583 0.889815 0.390625 0.887963 0.865625 0.616667 0.869792 0.617593 0.870833 0.617593 0.873438 0.621296 0.874479 0.624074 0.874479 0.625926 0.875000 0.626852 0.875000 0.632407 0.874479 0.633333 0.873958 0.637037 0.872917 0.638889 0.872917 0.639815 0.872396 0.639815 0.870833 0.642593
0 0.869792 0.643519 0.863021 0.642593 0.862500 0.644444 0.861979 0.642593 0.860937 0.642593 0.858854 0.640741 0.858333 0.640741 0.854688 0.635185 0.854167 0.633333 0.853646 0.631481 0.853125 0.629630 0.854167 0.627778 0.854167 0.625000 0.854688 0.623148 0.856771 0.620370 0.861458 0.616667 0.844271 0.289815 0.844792 0.289815 0.847917 0.289815 0.852083 0.295370 0.852604 0.297222 0.852604 0.300000 0.853646 0.300926 0.852604 0.301852 0.853125 0.305556 0.852604 0.307407
0 0.848958 0.312037 0.847917 0.312963 0.846875 0.312963 0.845833 0.313889 0.844792 0.313889 0.844271 0.314815 0.840104 0.314815 0.838021 0.312037 0.837500 0.312037 0.834375 0.307407 0.833854 0.305556 0.832812 0.300926 0.833854 0.299074 0.833333 0.297222 0.834375 0.295370 0.836458 0.292593 0.836979 0.292593 0.838021 0.290741 0.840104 0.289815 0.395312 0.297222 0.395833 0.298148 0.397396 0.298148 0.397917 0.299074 0.399479 0.300000 0.403125 0.304630 0.403125 0.311111 0.402604 0.312037 0.402604 0.312963 0.401042 0.314815
0 0.401042 0.315741 0.400521 0.315741 0.398958 0.317593 0.397396 0.317593 0.396875 0.318519 0.394792 0.319444 0.394271 0.317593 0.392708 0.318519 0.392188 0.316667 0.390104 0.316667 0.390625 0.314815 0.389583 0.313889 0.388021 0.314815 0.388542 0.313889 0.388021 0.312037 0.388021 0.307407 0.388542 0.307407 0.388542 0.304630 0.389062 0.304630 0.393229 0.299074 0.394792 0.298148 0.111979 0.421296 0.112500 0.422222 0.113542 0.422222 0.116146 0.423148 0.118750 0.427778 0.120312 0.430556 0.120312 0.435185 0.120833 0.436111 0.119792 0.437963 0.119792 0.439815 0.119271 0.441667 0.116667 0.444444 0.116146 0.444444 0.114063 0.447222 0.112500 0.447222 0.111458 0.448148 0.108854 0.447222 0.106250 0.445370 0.105208 0.443519
0 0.104687 0.443519 0.102604 0.441667 0.101562 0.440741 0.102083 0.438889 0.101562 0.437037 0.101562 0.430556 0.103125 0.425926 0.104687 0.423148 0.107292 0.422222 0.108333 0.423148 0.109375 0.421296 0.353646 0.967593 0.354688 0.968518 0.356771 0.968518 0.357292 0.969444 0.358854 0.969444 0.361458 0.973148 0.361458 0.974074 0.363021 0.977778 0.363021 0.984259 0.362500 0.985185 0.361979 0.988889 0.360417 0.991667 0.357812 0.992593
0 0.355729 0.992593 0.355208 0.993519 0.352604 0.993519 0.352083 0.994444 0.346354 0.990741 0.343750 0.987037 0.342708 0.983333 0.342708 0.980556 0.341667 0.979630 0.341667 0.976852 0.342187 0.976852 0.342187 0.974074 0.342708 0.972222 0.344792 0.970370 0.346354 0.970370 0.347396 0.968518 0.348958 0.969444 0.350000 0.967593 0.581250 0.567593 0.581771 0.568519 0.583854 0.569444 0.585938 0.572222 0.585938 0.574074 0.587500 0.576852 0.587500 0.583333 0.586979 0.584259 0.586458 0.587963 0.584896 0.589815 0.583333 0.589815
0 0.582812 0.590741 0.578646 0.591667 0.578125 0.589815 0.576563 0.590741 0.576042 0.588889 0.574479 0.588889 0.573958 0.588889 0.573438 0.589815 0.572396 0.588889 0.572917 0.587037 0.570312 0.583333 0.569792 0.577778 0.570833 0.575926 0.571875 0.572222 0.573958 0.569444 0.575000 0.569444 0.575521 0.569444 0.576563 0.570370 0.577604 0.568519 0.578646 0.569444 0.579687 0.567593 0.111458 0.462963 0.111979 0.463889 0.113021 0.463889 0.114063 0.464815 0.116667 0.466667 0.118750 0.469444 0.118750 0.472222 0.119271 0.473148 0.119271 0.475926
0 0.118750 0.476852 0.118750 0.477778 0.118229 0.478704 0.118229 0.480556 0.116667 0.482407 0.116146 0.482407 0.114063 0.484259 0.113021 0.484259 0.112500 0.485185 0.110937 0.485185 0.109896 0.484259 0.107813 0.485185 0.107292 0.483333 0.106250 0.483333 0.105208 0.482407 0.104687 0.483333 0.104167 0.482407 0.103125 0.481481 0.103646 0.479630 0.103125 0.477778 0.102604 0.474074 0.103125 0.473148 0.103125 0.471296 0.103646 0.470370 0.104167 0.468519 0.106250 0.465741 0.106250 0.466667 0.107292 0.464815 0.108333 0.464815
0 0.109375 0.463889 0.110937 0.463889 0.641146 0.511111 0.644792 0.511111 0.647917 0.514815 0.648438 0.517593 0.647917 0.518519 0.648438 0.524074 0.647396 0.525000 0.647396 0.525926 0.646875 0.526852 0.646875 0.527778 0.646354 0.528704 0.645833 0.528704 0.644792 0.530556 0.641146 0.530556 0.640625 0.531482 0.636979 0.532407 0.636458 0.530556 0.635938 0.530556 0.634896 0.528704 0.634375 0.529630 0.633333 0.528704 0.633854 0.526852 0.632292 0.526852 0.632812 0.524074 0.631250 0.523148 0.631250 0.521296 0.631771 0.520370 0.632292 0.517593 0.632812 0.517593
0 0.633333 0.514815 0.634896 0.512037 0.635938 0.512037 0.636979 0.511111 0.096875 0.292593 0.097396 0.292593 0.101042 0.292593 0.103646 0.295370 0.103646 0.296296 0.105208 0.300000 0.105208 0.306481 0.104687 0.307407 0.104167 0.310185 0.103125 0.312037 0.102604 0.312037 0.101562 0.313889 0.101042 0.313889 0.100521 0.314815 0.097917 0.314815 0.097396 0.315741 0.092708 0.316667 0.092188 0.314815 0.091146 0.315741 0.090625 0.313889 0.089583 0.313889 0.087500 0.310185 0.085938 0.307407 0.085938 0.303704 0.086458 0.303704 0.086458 0.300926
0 0.088542 0.299074 0.089062 0.297222 0.091146 0.293519 0.091667 0.293519 0.093229 0.291667 0.026042 0.737963 0.026563 0.737963 0.027604 0.738889 0.028125 0.738889 0.029687 0.739815 0.029687 0.740741 0.031250 0.743519 0.031250 0.745370 0.031771 0.746296 0.031771 0.751852 0.031250 0.751852 0.031250 0.754630 0.030729 0.755556 0.030729 0.756481 0.028646 0.759259 0.028125 0.759259 0.027604 0.760185 0.026042 0.760185 0.025521 0.761111 0.020833 0.762037 0.020312 0.760185 0.019271 0.761111 0.018750 0.759259 0.018229 0.759259 0.016146 0.758333 0.016667 0.756481 0.015625 0.754630 0.015104 0.748148 0.016146 0.746296 0.016667 0.743519 0.019792 0.738889 0.020312 0.738889 0.022396 0.737963 0.901042 0.957407
0 0.901563 0.958333 0.903125 0.958333 0.905208 0.960185 0.905208 0.961111 0.906250 0.963889 0.906250 0.966667 0.906771 0.967593 0.906771 0.969444 0.905729 0.972222 0.905729 0.973148 0.905208 0.974074 0.905208 0.975000 0.904167 0.976852 0.903646 0.976852 0.903125 0.977778 0.902083 0.977778 0.901563 0.978704 0.898958 0.977778 0.898438 0.978704 0.894792 0.977778 0.892708 0.974074 0.892187 0.971296 0.890625 0.970370 0.890625 0.968518 0.891667 0.966667 0.891146 0.964815 0.891667 0.963889 0.892187 0.962037 0.895312 0.958333 0.895312 0.959259 0.896354 0.957407
0 0.338021 0.295370 0.339063 0.296296 0.340625 0.297222 0.341667 0.299074 0.342187 0.301852 0.344271 0.303704 0.344271 0.310185 0.343229 0.312037 0.343229 0.312963 0.342187 0.314815 0.338542 0.319444 0.335938 0.320370 0.335417 0.318519 0.331250 0.319444 0.330729 0.317593 0.329688 0.317593 0.328125 0.313889 0.328125 0.312037 0.327604 0.310185 0.326562 0.305556 0.327604 0.303704 0.328646 0.300926 0.329167 0.300926 0.329688 0.299074 0.330208 0.299074 0.331771 0.297222 0.333854 0.298148 0.334896 0.296296 0.336458 0.297222 0.337500 0.295370 0.646354 0.540741 0.646875 0.541667
0 0.647917 0.541667 0.649479 0.543519 0.650000 0.543519 0.650521 0.544444 0.650521 0.545370 0.651563 0.546296 0.651563 0.547222 0.652083 0.548148 0.652604 0.556481 0.648958 0.561111 0.648438 0.561111 0.647917 0.562037 0.646875 0.562037 0.646354 0.562963 0.643750 0.563889 0.643229 0.562037 0.641667 0.562037 0.640625 0.561111 0.639583 0.562037 0.639063 0.560185 0.638542 0.560185 0.635938 0.556481 0.635417 0.550926 0.636458 0.549074 0.637500 0.544444 0.638542 0.543519 0.639583 0.544444 0.640625 0.542593 0.640625 0.543519 0.641667 0.541667 0.642187 0.542593 0.643229 0.540741 0.752604 0.506481 0.753646 0.508333 0.753646 0.509259 0.754687 0.511111 0.754687 0.512037 0.755208 0.512963 0.755729 0.518519 0.755208 0.519444 0.753646 0.521296
0 0.753646 0.522222 0.752083 0.525000 0.745313 0.525000 0.742188 0.522222 0.742708 0.520370 0.741146 0.518519 0.742188 0.516667 0.742188 0.512037 0.744792 0.508333 0.745313 0.509259 0.746354 0.507407 0.748958 0.508333 0.750000 0.506481 0.786979 0.812037 0.787500 0.812963 0.789583 0.812963 0.790104 0.813889 0.792708 0.814815 0.794271 0.816667 0.794792 0.816667 0.795833 0.819444 0.795833 0.821296 0.796354 0.822222 0.796875 0.826852 0.794271 0.833333 0.790104 0.839815 0.787500 0.840741 0.786979 0.842593 0.786458 0.840741 0.782812 0.841667 0.782292 0.839815 0.780208 0.839815 0.776042 0.833333
0 0.775521 0.831481 0.775000 0.829630 0.775521 0.821296 0.777604 0.816667 0.778125 0.814815 0.780729 0.813889 0.782292 0.814815 0.783333 0.812963 0.785417 0.813889 0.786458 0.812037 0.242708 0.392593 0.246875 0.392593 0.247396 0.393519 0.247396 0.394444 0.249479 0.396296 0.249479 0.397222 0.250000 0.398148 0.250000 0.406481 0.249479 0.407407 0.249479 0.409259 0.246875 0.413889 0.245312 0.413889 0.243750 0.414815 0.238021 0.414815 0.235417 0.412037 0.233854 0.412037 0.234375 0.410185 0.232812 0.408333 0.233333 0.405556 0.232292 0.405556 0.231771 0.402778 0.232812 0.400926 0.233333 0.399074
0 0.237500 0.393519 0.237500 0.394444 0.238542 0.392593 0.999479 0.709259 0.997396 0.706481 0.996354 0.702778 0.994792 0.701852 0.995833 0.700000 0.995313 0.693519 0.996354 0.692593 0.995833 0.690741 0.997917 0.687963 0.600000 0.721296 0.600521 0.722222 0.602604 0.722222 0.603125 0.722222 0.604167 0.722222 0.605208 0.724074 0.605208 0.725000 0.606771 0.727778 0.606771 0.731481 0.607292 0.732407 0.607292 0.735185 0.606771 0.736111 0.606771 0.737037 0.606250 0.737963 0.606250 0.739815 0.605208 0.741667 0.602083 0.741667 0.601562 0.741667 0.597396 0.741667 0.594271 0.740741 0.594792 0.738889
0 0.592708 0.734259 0.592188 0.729630 0.592708 0.728704 0.593750 0.726852 0.594271 0.724074 0.595833 0.721296 0.596875 0.721296 0.597396 0.721296 0.201042 0.213889 0.201562 0.214815 0.204688 0.216667 0.208333 0.222222 0.208333 0.223148 0.208854 0.224074 0.208854 0.228704 0.208333 0.229630 0.208333 0.230556 0.205208 0.235185 0.204688 0.235185 0.203125 0.237037 0.202604 0.237037 0.201042 0.238889 0.196875 0.239815 0.196354 0.237963 0.193229 0.237963 0.190104 0.230556 0.190104 0.226852 0.189063 0.225926 0.189583 0.224074 0.190104 0.223148 0.190625 0.221296 0.193750 0.217593
0 0.194271 0.217593 0.195312 0.215741 0.195312 0.216667 0.196354 0.214815 0.197396 0.214815 0.198437 0.213889 0.153646 0.340741 0.154167 0.341667 0.156771 0.343519 0.159375 0.346296 0.159375 0.348148 0.159896 0.348148 0.159896 0.350926 0.160417 0.351852 0.160417 0.352778 0.159896 0.353704 0.159896 0.357407 0.159375 0.358333 0.159375 0.359259 0.157292 0.362037 0.156771 0.362037 0.156250 0.362963 0.155208 0.362963 0.154687 0.363889 0.150521 0.364815 0.150000 0.362963 0.147396 0.363889
0 0.146875 0.362037 0.145833 0.362037 0.142708 0.360185 0.143229 0.359259 0.142708 0.357407 0.142708 0.355556 0.141667 0.354630 0.141667 0.352778 0.142708 0.350926 0.143229 0.348148 0.145833 0.344444 0.146354 0.344444 0.147396 0.342593 0.148958 0.342593 0.150521 0.340741 0.906771 0.318519 0.907292 0.319444 0.908854 0.319444 0.909896 0.320370 0.913542 0.325000 0.914062 0.326852 0.914062 0.328704 0.914583 0.329630 0.915104 0.336111 0.913021 0.338889 0.913021 0.339815 0.909896 0.343519 0.908333 0.343519 0.907812 0.344444 0.900000 0.344444 0.897396 0.342593
0 0.895312 0.341667 0.895833 0.338889 0.893229 0.335185 0.893229 0.334259 0.894271 0.332407 0.894271 0.327778 0.895833 0.323148 0.897396 0.321296 0.898958 0.320370 0.899479 0.321296 0.900521 0.319444 0.903646 0.320370 0.904688 0.318519 0.078125 0.931481 0.078646 0.932407 0.081771 0.933333 0.082292 0.934259 0.082292 0.936111 0.083333 0.938889 0.083854 0.945370 0.082292 0.947222 0.081771 0.951852 0.078646 0.954630 0.071354 0.954630 0.070833 0.955556 0.069271 0.952778 0.068750 0.950926 0.068229 0.950926 0.067708 0.949074 0.067188 0.947222 0.066667 0.940741 0.067708 0.938889 0.068750 0.935185 0.070312 0.932407
0 0.071875 0.932407 0.072396 0.932407 0.073437 0.933333 0.074479 0.931481 0.829687 0.372222 0.830208 0.372222 0.832292 0.373148 0.832812 0.373148 0.833854 0.373148 0.834375 0.374074 0.834896 0.374074 0.836458 0.375926 0.836458 0.376852 0.836979 0.377778 0.836979 0.386111 0.836458 0.386111 0.835938 0.388889 0.832812 0.391667 0.831250 0.391667 0.830729 0.391667 0.826563 0.391667 0.826042 0.391667 0.825000 0.392593 0.824479 0.390741
0 0.823438 0.390741 0.820833 0.387963 0.821354 0.387037 0.820833 0.385185 0.819792 0.379630 0.820833 0.377778 0.822917 0.375000 0.823438 0.375000 0.824479 0.373148 0.824479 0.374074 0.825521 0.372222 0.826563 0.372222 0.827604 0.372222 0.744271 0.327778 0.748438 0.327778 0.750000 0.330556 0.750521 0.330556 0.752604 0.332407 0.752604 0.333333 0.753125 0.334259 0.753125 0.337037 0.753646 0.337963 0.753646 0.344444 0.753125 0.344444 0.753125 0.345370 0.751562 0.348148 0.751562 0.349074 0.751042 0.350000 0.750521 0.350000 0.748958 0.350926
0 0.740625 0.351852 0.740104 0.350000 0.738021 0.349074 0.734375 0.343519 0.734375 0.336111 0.734896 0.335185 0.735417 0.332407 0.740625 0.327778 0.748958 0.593518 0.749479 0.594444 0.752604 0.596296 0.753646 0.597222 0.753646 0.598148 0.754687 0.600926 0.754687 0.603704 0.754167 0.604630 0.754167 0.606481 0.753646 0.607407 0.753125 0.610185 0.752604 0.610185 0.752083 0.610185 0.750521 0.612963 0.749479 0.612963 0.748438 0.613889 0.744792 0.613889 0.743750 0.612963
0 0.742708 0.613889 0.742188 0.612037 0.741146 0.612963 0.740625 0.611111 0.740104 0.611111 0.739062 0.610185 0.738542 0.608333 0.738021 0.608333 0.738021 0.605556 0.736979 0.604630 0.736979 0.602778 0.737500 0.602778 0.737500 0.601852 0.738542 0.600000 0.739583 0.595370 0.740625 0.595370 0.741146 0.595370 0.742188 0.596296 0.743229 0.594444 0.743750 0.595370 0.744792 0.593518 0.941146 0.984259 0.941667 0.985185 0.942708 0.985185 0.944792 0.987963 0.944792 0.988889 0.946354 0.991667 0.929688 0.999074 0.928646 0.998148 0.929688 0.996296 0.929167 0.993519 0.929688 0.992593
0 0.930208 0.990741 0.933854 0.986111 0.934375 0.987037 0.935417 0.985185 0.938542 0.986111 0.939583 0.984259 0.885417 0.667593 0.886458 0.669444 0.886979 0.669444 0.889063 0.671296 0.889063 0.682407 0.888542 0.683333 0.888542 0.684259 0.887500 0.685185 0.886979 0.685185 0.884896 0.687037 0.879687 0.687963 0.879167 0.686111 0.877604 0.686111 0.876562 0.685185 0.876042 0.685185 0.873958 0.684259 0.874479 0.682407 0.873958 0.680556 0.873438 0.676852 0.873958 0.675926 0.874479 0.674074 0.876042 0.670370 0.876562 0.670370 0.877604 0.668519
0 0.880729 0.669444 0.881771 0.667593 0.642708 0.729630 0.643750 0.730556 0.645312 0.730556 0.645833 0.731481 0.646875 0.731481 0.647396 0.732407 0.648438 0.732407 0.650000 0.734259 0.650000 0.735185 0.650521 0.736111 0.651042 0.747222 0.650521 0.747222 0.650521 0.748148 0.648438 0.750926 0.641146 0.750926 0.639583 0.749074 0.639063 0.749074 0.636458 0.746296 0.636979 0.743519 0.634896 0.741667 0.634896 0.740741 0.635417 0.739815 0.635417 0.737963 0.635938 0.737037 0.636458 0.734259 0.639583 0.730556 0.639583 0.731481 0.640625 0.729630
0 0.287500 0.645370 0.288021 0.646296 0.292188 0.646296 0.292708 0.646296 0.293229 0.646296 0.294792 0.649074 0.295312 0.657407 0.294792 0.658333 0.294792 0.660185 0.292188 0.662963 0.290625 0.662963 0.290104 0.663889 0.286458 0.664815 0.285937 0.662963 0.284896 0.662963 0.282813 0.660185 0.282292 0.658333 0.281771 0.658333 0.281771 0.650926 0.282292 0.650000 0.282813 0.648148 0.283333 0.648148 0.284375 0.646296 0.284375 0.647222 0.285417 0.645370 0.286979 0.645370 0.381771 0.662037 0.382292 0.662963 0.383854 0.663889 0.385938 0.665741 0.386458 0.665741 0.389583 0.670370 0.389583 0.671296 0.390104 0.671296 0.390104 0.673148 0.390625 0.674074
0 0.390625 0.676852 0.390104 0.677778 0.390104 0.679630 0.389583 0.680556 0.389583 0.681481 0.388021 0.683333 0.384896 0.684259 0.383333 0.686111 0.380208 0.686111 0.377604 0.683333 0.376042 0.684259 0.375521 0.682407 0.373958 0.682407 0.372396 0.681481 0.372917 0.678704 0.371875 0.677778 0.371354 0.675000 0.371875 0.674074 0.371875 0.672222 0.372396 0.671296 0.372917 0.669444 0.374479 0.668519 0.376042 0.667593 0.377604 0.664815 0.378125 0.664815 0.380208 0.662963 0.380208 0.663889 0.381250 0.662037 0.073437 0.885185
0 0.074479 0.886111 0.076563 0.886111 0.079167 0.888889 0.079167 0.889815 0.079687 0.890741 0.079687 0.892593 0.080208 0.893519 0.080208 0.902778 0.079687 0.903704 0.079167 0.906482 0.077604 0.907407 0.075521 0.907407 0.074479 0.908333 0.068750 0.908333 0.067708 0.906482 0.067188 0.907407 0.066146 0.906482 0.066667 0.904630 0.065104 0.904630 0.065625 0.903704 0.064583 0.902778 0.065104 0.900926 0.064583 0.899074 0.064583 0.894444 0.065104 0.893519
0 0.065104 0.891667 0.065625 0.890741 0.066146 0.888889 0.068750 0.885185 0.212500 0.380556 0.213021 0.381481 0.217187 0.381481 0.220833 0.386111 0.220833 0.392593 0.219792 0.395370 0.219792 0.397222 0.219271 0.397222 0.219271 0.398148 0.217708 0.400926 0.216146 0.400926 0.215104 0.401852 0.213021 0.401852 0.212500 0.402778 0.209896 0.403704 0.209375 0.401852 0.207813 0.400926 0.206771 0.399074 0.205729 0.399074 0.204688 0.397222 0.204167 0.395370 0.203125 0.396296 0.203646 0.394444 0.203125 0.392593 0.202604 0.390741 0.203646 0.389815 0.203125 0.387963 0.203646 0.387963 0.204167 0.386111 0.207292 0.382407
0 0.207813 0.382407 0.209896 0.380556 0.178125 0.564815 0.184896 0.568519 0.186458 0.571296 0.188542 0.575926 0.188542 0.583333 0.187500 0.585185 0.186979 0.587963 0.183854 0.590741 0.182812 0.590741 0.180729 0.592593 0.173958 0.593518 0.173438 0.591667 0.171354 0.591667 0.168229 0.587963 0.167708 0.585185 0.166146 0.582407 0.165625 0.578704 0.166667 0.576852 0.167187 0.573148 0.167708 0.571296 0.170312 0.567593 0.171354 0.567593 0.172396 0.568519
0 0.173438 0.566667 0.175521 0.566667 0.177604 0.564815 0.460417 0.925000 0.460938 0.925926 0.464063 0.926852 0.465625 0.929630 0.465625 0.930556 0.466667 0.931481 0.466667 0.933333 0.467187 0.933333 0.467187 0.936111 0.466667 0.937037 0.466146 0.940741 0.461979 0.946296 0.461458 0.946296 0.460938 0.947222 0.459896 0.947222 0.459375 0.948148 0.457812 0.949074 0.457292 0.947222 0.455729 0.948148 0.455208 0.946296 0.454167 0.946296 0.453125 0.945370 0.452604 0.945370 0.450521 0.942593 0.449479 0.934259 0.450521 0.932407 0.451562 0.928704 0.453125 0.926852 0.453646 0.926852 0.456250 0.925000 0.769792 0.511111 0.773438 0.511111 0.773958 0.512037 0.774479 0.512037 0.776042 0.513889 0.776042 0.514815
0 0.777604 0.518519 0.777604 0.524074 0.776042 0.526852 0.776042 0.527778 0.773958 0.530556 0.769271 0.530556 0.768750 0.531482 0.766667 0.532407 0.766146 0.530556 0.765104 0.531482 0.764583 0.529630 0.763021 0.530556 0.763542 0.528704 0.761979 0.528704 0.762500 0.527778 0.761458 0.526852 0.761979 0.525000 0.761458 0.523148 0.761458 0.517593 0.762500 0.515741 0.763021 0.513889 0.764583 0.512037 0.765104 0.512037 0.766146 0.511111 0.865104 0.423148
0 0.865625 0.424074 0.867188 0.424074 0.868229 0.425000 0.870313 0.428704 0.871354 0.428704 0.872396 0.429630 0.872917 0.431481 0.872917 0.434259 0.873438 0.435185 0.873958 0.441667 0.871875 0.446296 0.868229 0.449074 0.866146 0.449074 0.865625 0.450926 0.865104 0.449074 0.863021 0.449074 0.860417 0.447222 0.858854 0.447222 0.856771 0.445370 0.856250 0.442593 0.855208 0.440741 0.854688 0.434259 0.855729 0.434259 0.855729 0.429630 0.858854 0.425926 0.859896 0.425926
0 0.862500 0.424074 0.863542 0.425000 0.864583 0.423148 0.239583 0.917593 0.240104 0.918519 0.242708 0.918519 0.246875 0.925000 0.246875 0.926852 0.247396 0.926852 0.247396 0.937037 0.246354 0.938889 0.246354 0.939815 0.244271 0.942593 0.243229 0.943519 0.241146 0.944444 0.240625 0.942593 0.234896 0.942593 0.230729 0.937037 0.228646 0.931481 0.228125 0.929630 0.229167 0.927778 0.229167 0.925000 0.231771 0.922222 0.232292 0.920370 0.234896 0.917593 0.270312 0.350926 0.273958 0.350926 0.274479 0.351852
0 0.275521 0.351852 0.277083 0.352778 0.277604 0.352778 0.278125 0.353704 0.278125 0.355556 0.278646 0.356481 0.278646 0.358333 0.279167 0.359259 0.279167 0.362037 0.278646 0.362963 0.278646 0.365741 0.276042 0.369444 0.275521 0.369444 0.275000 0.370370 0.272917 0.370370 0.272396 0.371296 0.266667 0.370370 0.265625 0.369444 0.265104 0.369444 0.263542 0.369444 0.264062 0.367593 0.263021 0.365741 0.263021 0.362963 0.262500 0.361111 0.261979 0.359259 0.263021 0.357407
0 0.263021 0.354630 0.265104 0.350926 0.265625 0.350926 0.266146 0.350926 0.836458 0.672222 0.839583 0.674074 0.841146 0.675926 0.841667 0.677778 0.841667 0.678704 0.842188 0.679630 0.842188 0.684259 0.842708 0.685185 0.843229 0.687963 0.841146 0.692593 0.836979 0.696296 0.835417 0.696296 0.834896 0.697222 0.833854 0.696296 0.831250 0.697222 0.830729 0.695370 0.828646 0.695370 0.827604 0.694444 0.826042 0.692593 0.824479 0.687963 0.824479 0.685185 0.823438 0.684259 0.822917 0.682407 0.823438 0.681481 0.823958 0.678704 0.824479 0.676852 0.827083 0.674074 0.828125 0.675000 0.829167 0.673148 0.830208 0.673148 0.832812 0.671296 0.542708 0.721296 0.545833 0.721296 0.546354 0.722222
0 0.547917 0.722222 0.549479 0.722222 0.551042 0.725000 0.551042 0.725926 0.553125 0.728704 0.553125 0.731481 0.553646 0.732407 0.553646 0.736111 0.553125 0.737037 0.553125 0.739815 0.552083 0.740741 0.548958 0.744444 0.547917 0.745370 0.545833 0.745370 0.545313 0.746296 0.542188 0.746296 0.541667 0.747222 0.540104 0.746296 0.536458 0.742593 0.536979 0.740741 0.535417 0.739815 0.533854 0.734259 0.533333 0.731481 0.533854 0.730556 0.534375 0.727778 0.539062 0.721296 0.540104 0.721296 0.352604 0.903704 0.353125 0.904630 0.355208 0.904630
0 0.355729 0.905556 0.357292 0.906482 0.357292 0.907407 0.358333 0.909259 0.358854 0.916667 0.358333 0.917593 0.358333 0.919444 0.357812 0.920370 0.357812 0.921296 0.357292 0.922222 0.356250 0.922222 0.353646 0.925000 0.352083 0.925000 0.351562 0.925926 0.349479 0.926852 0.348958 0.925000 0.347917 0.925926 0.347396 0.924074 0.345313 0.923148 0.343750 0.922222 0.344271 0.920370 0.343229 0.918519 0.342708 0.917593 0.341667 0.916667 0.342708 0.914815 0.342187 0.911111 0.342708 0.910185 0.343229 0.908333 0.346875 0.904630 0.347396 0.905556 0.348437 0.903704 0.004688 0.721296
0 0.008333 0.721296 0.011458 0.725000 0.011458 0.725926 0.011979 0.726852 0.011979 0.728704 0.013021 0.729630 0.013021 0.730556 0.013542 0.731481 0.013542 0.732407 0.013021 0.733333 0.013021 0.737037 0.011979 0.738889 0.011979 0.739815 0.009375 0.742593 0.004167 0.742593 0.003646 0.743519 0.002083 0.744444 0.001563 0.742593 0.000000 0.742593 0.001042 0.721296 0.900521 0.679630 0.901042 0.679630 0.903646 0.679630 0.904167 0.680556 0.905208 0.680556 0.907292 0.682407
0 0.907292 0.683333 0.907812 0.684259 0.907812 0.686111 0.908333 0.687037 0.908333 0.692593 0.907812 0.693519 0.907812 0.694444 0.906771 0.696296 0.906771 0.697222 0.906250 0.697222 0.905208 0.699074 0.904688 0.699074 0.904167 0.699074 0.902604 0.699074 0.902083 0.700000 0.900521 0.700000 0.900000 0.700926 0.896354 0.699074 0.893229 0.696296 0.891667 0.696296 0.892187 0.695370 0.891667 0.693519 0.891667 0.688889 0.893750 0.686111 0.894271 0.684259 0.897396 0.679630 0.897917 0.679630 0.898438 0.679630 0.485938 0.156481 0.486979 0.156481
0 0.488021 0.156481 0.488542 0.157407 0.489062 0.157407 0.490625 0.160185 0.491146 0.167593 0.490625 0.168519 0.490625 0.171296 0.488021 0.175000 0.487500 0.175000 0.486979 0.175926 0.485417 0.175926 0.484896 0.175926 0.479167 0.175926 0.478125 0.175000 0.477604 0.175000 0.476562 0.173148 0.476562 0.163889 0.477083 0.162963 0.477604 0.160185 0.478646 0.158333 0.478646 0.159259 0.479688 0.157407 0.481250 0.157407 0.482292 0.156481 0.484896 0.156481 0.485417 0.156481 0.544271 0.471296 0.544792 0.472222 0.546354 0.472222 0.546875 0.473148
0 0.548437 0.473148 0.548958 0.474074 0.551042 0.475000 0.552083 0.475926 0.552083 0.477778 0.552604 0.478704 0.552604 0.487037 0.550000 0.492593 0.549479 0.492593 0.548958 0.493519 0.546875 0.493519 0.546354 0.494444 0.544271 0.494444 0.543750 0.494444 0.540625 0.493519 0.539062 0.492593 0.539583 0.490741 0.536458 0.487963 0.536979 0.487037 0.536458 0.485185 0.536458 0.483333 0.535937 0.481481 0.537500 0.475926 0.539062 0.474074 0.540625 0.473148 0.542188 0.471296 0.288542 0.910185 0.292708 0.910185 0.293750 0.912037 0.294271 0.912037
0 0.294792 0.912963 0.296354 0.914815 0.296354 0.918519 0.296875 0.919444 0.296875 0.921296 0.296354 0.922222 0.296354 0.925000 0.295833 0.925926 0.295833 0.926852 0.293229 0.931481 0.285417 0.931481 0.281771 0.928704 0.282292 0.926852 0.280729 0.925000 0.281250 0.923148 0.280208 0.922222 0.280208 0.920370 0.280729 0.919444 0.280729 0.918519 0.281250 0.917593 0.281771 0.914815 0.284896 0.910185 0.000000 0.231481 0.272396 0.549074 0.273438 0.550000 0.273958 0.550000 0.273958 0.550926 0.276042 0.553704
0 0.276563 0.553704 0.278125 0.555556 0.278646 0.555556 0.278646 0.559259 0.279167 0.560185 0.279167 0.562037 0.278646 0.562963 0.278125 0.566667 0.277604 0.566667 0.276042 0.569444 0.275521 0.569444 0.273958 0.571296 0.273438 0.571296 0.271875 0.572222 0.270833 0.572222 0.270312 0.572222 0.268229 0.573148 0.267708 0.571296 0.266146 0.572222 0.265625 0.570370 0.264062 0.570370 0.263542 0.569444
0 0.261979 0.569444 0.262500 0.567593 0.261458 0.564815 0.260938 0.563889 0.260417 0.562037 0.259896 0.560185 0.260938 0.558333 0.260938 0.555556 0.261458 0.554630 0.261979 0.552778 0.264062 0.550926 0.264062 0.551852 0.265104 0.550000 0.266667 0.550926 0.267708 0.549074 0.507292 0.806481 0.507812 0.807407 0.509375 0.808333 0.511458 0.810185 0.511979 0.810185 0.511979 0.811111 0.512500 0.812037 0.512500 0.817593 0.511979 0.818519 0.511979 0.819444 0.511458 0.820370 0.510938 0.822222 0.509896 0.824074 0.509375 0.824074 0.507812 0.825926 0.505208 0.826852 0.504687 0.825000 0.503646 0.825926
0 0.503125 0.824074 0.500521 0.824074 0.501042 0.823148 0.500000 0.822222 0.500521 0.820370 0.499479 0.818519 0.498958 0.813889 0.500000 0.813889 0.499479 0.812037 0.502604 0.807407 0.503125 0.807407 0.504687 0.806481 0.028646 0.825000 0.032292 0.825000 0.032812 0.825926 0.034375 0.826852 0.034375 0.827778 0.035937 0.830556 0.035937 0.831481 0.036458 0.832407 0.036458 0.834259 0.035937 0.835185 0.035937 0.837963 0.035417 0.838889 0.034375 0.843518 0.033333 0.844444 0.033333 0.845370 0.032812 0.845370 0.031771 0.846296 0.028646 0.846296 0.028125 0.847222
0 0.025000 0.848148 0.024479 0.846296 0.022917 0.845370 0.020833 0.844444 0.021354 0.843518 0.020312 0.842593 0.020833 0.841667 0.020312 0.839815 0.019792 0.836111 0.020833 0.834259 0.020833 0.831481 0.021354 0.830556 0.021875 0.828704 0.023958 0.825926 0.023958 0.826852 0.025000 0.825000 0.631250 0.927778 0.631771 0.928704 0.635417 0.929630 0.636979 0.931481 0.638021 0.931481 0.641667 0.936111 0.642187 0.937963 0.642708 0.940741 0.643229 0.941667 0.642708 0.948148 0.640104 0.952778 0.640104 0.953704 0.639583 0.953704 0.638542 0.954630
0 0.635938 0.954630 0.634896 0.955556 0.629687 0.956481 0.629167 0.954630 0.628125 0.954630 0.625521 0.952778 0.620313 0.948148 0.620833 0.946296 0.620313 0.944444 0.620313 0.938889 0.620833 0.938889 0.621354 0.935185 0.623438 0.932407 0.627083 0.929630 0.629687 0.928704 0.630729 0.927778 0.008333 0.327778 0.008854 0.328704 0.011458 0.328704 0.011979 0.329630 0.013021 0.329630 0.013542 0.330556 0.014062 0.330556 0.015625 0.332407 0.015625 0.334259 0.016146 0.334259 0.016146 0.337037 0.016667 0.337963 0.016667 0.339815 0.016146 0.340741 0.016146 0.341667 0.015625 0.342593 0.015625 0.344444 0.014583 0.346296
0 0.014062 0.346296 0.011979 0.347222 0.010937 0.347222 0.010417 0.348148 0.006250 0.349074 0.005729 0.347222 0.005208 0.348148 0.004688 0.346296 0.002604 0.346296 0.001563 0.344444 0.001563 0.342593 0.001042 0.340741 0.000521 0.337963 0.001042 0.337037 0.001042 0.336111 0.002083 0.334259 0.002604 0.332407 0.005729 0.328704 0.007812 0.328704 0.000000 0.803704 0.000000 0.804630 0.001042 0.805556 0.001042 0.806481 0.001563 0.807407 0.001563 0.813889
0 0.001042 0.814815 0.000521 0.817593 0.991667 0.194444 0.992188 0.195370 0.994792 0.196296 0.996875 0.198148 0.997396 0.198148 0.997396 0.199074 0.998438 0.201852 0.998958 0.208333 0.996354 0.213889 0.995833 0.213889 0.993229 0.216667 0.991146 0.216667 0.990625 0.216667 0.990104 0.217593 0.989583 0.215741 0.986979 0.215741 0.986458 0.215741 0.984896 0.216667 0.984375 0.214815 0.983333 0.214815 0.981250 0.213889 0.981771 0.212037 0.980208 0.210185
0 0.980729 0.209259 0.979688 0.208333 0.979688 0.207407 0.980729 0.205556 0.980729 0.201852 0.980729 0.202778 0.980729 0.200926 0.981250 0.200000 0.981771 0.198148 0.983333 0.196296 0.983333 0.197222 0.984375 0.195370 0.986458 0.196296 0.987500 0.194444 0.018750 0.459259 0.019271 0.460185 0.021354 0.460185 0.021875 0.461111 0.025000 0.462037 0.026563 0.464815 0.028125 0.467593 0.028125 0.470370 0.028646 0.471296 0.028646 0.477778 0.028125 0.478704 0.028125 0.479630 0.027083 0.483333 0.025000 0.486111 0.021354 0.487037 0.020833 0.487963 0.016667 0.488889 0.016146 0.487037 0.014583 0.487037 0.011979 0.485185
0 0.008854 0.482407 0.009375 0.480556 0.008854 0.478704 0.008854 0.475926 0.007812 0.475000 0.007812 0.473148 0.008854 0.471296 0.008854 0.467593 0.009896 0.463889 0.010937 0.462963 0.013542 0.461111 0.016146 0.461111 0.017188 0.459259 0.730208 0.812963 0.731250 0.813889 0.731771 0.813889 0.736458 0.820370 0.736458 0.821296 0.736979 0.822222 0.736979 0.828704 0.736458 0.828704 0.735937 0.831481 0.734896 0.833333 0.734375 0.833333 0.731250 0.835185 0.730208 0.835185 0.729688 0.837037 0.729167 0.835185 0.727604 0.835185
0 0.726562 0.834259 0.725521 0.834259 0.725000 0.834259 0.723437 0.833333 0.721875 0.833333 0.722396 0.832407 0.721354 0.831481 0.721875 0.829630 0.721354 0.827778 0.721354 0.820370 0.721875 0.820370 0.722396 0.818519 0.722917 0.818519 0.725000 0.814815 0.726042 0.814815 0.728646 0.812963 0.507292 0.691667 0.511458 0.691667 0.511979 0.691667 0.512500 0.691667 0.515104 0.698148 0.515104 0.705556 0.514583 0.705556 0.514583 0.706481 0.511979 0.711111 0.510938 0.711111 0.510417 0.711111 0.508333 0.711111 0.507812 0.712037 0.503646 0.712037
0 0.498958 0.707407 0.499479 0.706481 0.498958 0.704630 0.497917 0.699074 0.498958 0.697222 0.500521 0.693519 0.501042 0.693519 0.502083 0.691667 0.502083 0.692593 0.503125 0.690741 0.023958 0.931481 0.024479 0.932407 0.027083 0.932407 0.029167 0.934259 0.029167 0.936111 0.029687 0.937037 0.029687 0.942593 0.030208 0.943519 0.030729 0.944444 0.029687 0.945370 0.029687 0.946296 0.029167 0.947222 0.028646 0.950000 0.027083 0.952778 0.026042 0.952778 0.025521 0.952778 0.023438 0.952778
0 0.022917 0.953704 0.018750 0.953704 0.015104 0.951852 0.015625 0.949074 0.014583 0.948148 0.014062 0.940741 0.014583 0.939815 0.015104 0.937963 0.015625 0.937963 0.016146 0.936111 0.016667 0.935185 0.017188 0.933333 0.018229 0.932407 0.018750 0.932407 0.019792 0.931481 0.571354 0.783333 0.573438 0.785185 0.573438 0.786111 0.574479 0.788889 0.575000 0.797222 0.573438 0.798148 0.573438 0.799074 0.571875 0.801852 0.568229 0.802778 0.567708 0.800926 0.566146 0.801852 0.565625 0.800000 0.564062 0.800926 0.563021 0.800000
0 0.563542 0.798148 0.562500 0.795370 0.561979 0.793519 0.563021 0.791667 0.562500 0.789815 0.563021 0.788889 0.563542 0.786111 0.564062 0.786111 0.565625 0.784259 0.567187 0.785185 0.568229 0.783333 0.325000 0.552778 0.328646 0.553704 0.329167 0.553704 0.331250 0.554630 0.332292 0.556481 0.332292 0.557407 0.332812 0.558333 0.332812 0.560185 0.333333 0.561111 0.333854 0.567593 0.332812 0.569444 0.332812 0.570370 0.329167 0.575000 0.325000 0.575000 0.324479 0.575926 0.321354 0.576852 0.320833 0.575000 0.317708 0.574074 0.318229 0.571296 0.316146 0.567593 0.316146 0.564815 0.316667 0.564815 0.316146 0.562037 0.317187 0.560185 0.318229 0.556481 0.319271 0.554630 0.319792 0.554630 0.321875 0.552778 0.157292 0.733333 0.157813 0.734259 0.159896 0.734259
0 0.162500 0.737037 0.162500 0.737963 0.163542 0.740741 0.163542 0.744444 0.161979 0.748148 0.161979 0.750000 0.160417 0.753704 0.159896 0.753704 0.159375 0.753704 0.157292 0.753704 0.156771 0.754630 0.154167 0.754630 0.153646 0.755556 0.149479 0.752778 0.146875 0.751852 0.147396 0.750000 0.146354 0.749074 0.146875 0.747222 0.146354 0.745370 0.147917 0.737963 0.150521 0.733333 0.151042 0.733333 0.152083 0.733333
0 0.800000 0.704630 0.800521 0.705556 0.804688 0.707407 0.806250 0.709259 0.806250 0.711111 0.806771 0.712037 0.806771 0.720370 0.806250 0.721296 0.806250 0.722222 0.803646 0.726852 0.803125 0.726852 0.802083 0.726852 0.801042 0.726852 0.800521 0.727778 0.795313 0.728704 0.794792 0.726852 0.791667 0.726852 0.790104 0.725926 0.790625 0.725000 0.790104 0.723148 0.790104 0.718518 0.789062 0.718518 0.788542 0.713889 0.789062 0.712963 0.789583 0.711111 0.791667 0.707407 0.791667 0.708333 0.792708 0.706481 0.793229 0.707407 0.794271 0.705556
0 0.794792 0.707407 0.795833 0.705556 0.796875 0.706481 0.797917 0.704630 0.170312 0.878704 0.171875 0.880556 0.172396 0.880556 0.175521 0.885185 0.175521 0.886111 0.176042 0.887037 0.176042 0.891667 0.175521 0.892593 0.174479 0.896296 0.171875 0.899074 0.170833 0.899074 0.170312 0.900000 0.169271 0.900926 0.168750 0.899074 0.165104 0.900000 0.164583 0.898148 0.163542 0.898148 0.161979 0.897222 0.160938 0.892593 0.159896 0.891667 0.159375 0.889815 0.160417 0.888889 0.159375 0.886111 0.160938 0.884259 0.160417 0.884259 0.163021 0.879630 0.164062 0.880556 0.165104 0.878704 0.607292 0.408333 0.607813 0.409259 0.609896 0.409259
0 0.614062 0.414815 0.614583 0.416667 0.614583 0.418519 0.615104 0.418519 0.615104 0.425926 0.614583 0.427778 0.612500 0.431481 0.608854 0.434259 0.607292 0.434259 0.606771 0.436111 0.606250 0.434259 0.604167 0.435185 0.603646 0.433333 0.602604 0.434259 0.602083 0.432407 0.601042 0.432407 0.599479 0.431481 0.596875 0.427778 0.595833 0.425926 0.595833 0.424074 0.594792 0.423148 0.595312 0.420370 0.596875 0.415741 0.598437 0.412963 0.605729 0.408333 0.172396 0.309259 0.173438 0.310185 0.174479 0.310185 0.175000 0.311111 0.175521 0.311111
0 0.177604 0.313889 0.177604 0.314815 0.178646 0.317593 0.178646 0.324074 0.175000 0.329630 0.173958 0.329630 0.173438 0.330556 0.168750 0.331481 0.168229 0.329630 0.165625 0.329630 0.163021 0.327778 0.163542 0.325926 0.162500 0.325000 0.161979 0.320370 0.163021 0.318519 0.163542 0.315741 0.165104 0.312963 0.165625 0.311111 0.167708 0.312037 0.168750 0.310185 0.171875 0.310185 0.800000 0.336111 0.800521 0.337037 0.801562 0.337037 0.802083 0.337963 0.805208 0.338889 0.808854 0.344444 0.808854 0.350926 0.808333 0.351852 0.807813 0.356481 0.806771 0.357407 0.806250 0.357407 0.802083 0.361111 0.801042 0.361111 0.800521 0.362037 0.798437 0.362963 0.797917 0.361111
0 0.796354 0.360185 0.794792 0.358333 0.794271 0.358333 0.792708 0.355556 0.790625 0.350926 0.790104 0.345370 0.790625 0.344444 0.791146 0.342593 0.794271 0.338889 0.794271 0.339815 0.795313 0.337963 0.796354 0.337963 0.797917 0.336111 0.239583 0.736111 0.240104 0.737037 0.241146 0.737037 0.244271 0.740741 0.244271 0.744444 0.244792 0.745370 0.244271 0.746296 0.244271 0.749074 0.243750 0.750000 0.243750 0.750926 0.243229 0.751852 0.243229 0.752778 0.242708 0.752778
0 0.241146 0.755556 0.240625 0.755556 0.240104 0.756481 0.238021 0.757407 0.237500 0.755556 0.235938 0.756481 0.235417 0.754630 0.233854 0.755556 0.233333 0.753704 0.232812 0.753704 0.231771 0.751852 0.231771 0.748148 0.230208 0.748148 0.230208 0.746296 0.231250 0.744444 0.230729 0.741667 0.231250 0.740741 0.231771 0.737963 0.232292 0.737963 0.234375 0.737037 0.235417 0.737963 0.236458 0.736111 0.056250 0.176852 0.056771 0.176852 0.058854 0.177778 0.059896 0.177778 0.060938 0.177778 0.061458 0.178704 0.061979 0.178704 0.063021 0.180556 0.063021 0.181481 0.064062 0.182407 0.064062 0.184259 0.064583 0.185185 0.064583 0.188889 0.064062 0.189815 0.064062 0.190741
0 0.063542 0.191667 0.063542 0.194444 0.063021 0.195370 0.063021 0.196296 0.061979 0.197222 0.061458 0.197222 0.060417 0.198148 0.059375 0.198148 0.058854 0.199074 0.053646 0.200000 0.053125 0.198148 0.052604 0.198148 0.048958 0.195370 0.049479 0.194444 0.048437 0.193519 0.048958 0.191667 0.048437 0.189815 0.047396 0.184259 0.048437 0.182407 0.051042 0.178704 0.051562 0.178704 0.053125 0.176852 0.054167 0.176852 0.054688 0.176852 0.192708 0.883333 0.193229 0.884259 0.195312 0.885185 0.197396 0.888889 0.198958 0.890741 0.198958 0.898148 0.197917 0.900000 0.197917 0.900926 0.196354 0.902778
0 0.195312 0.902778 0.193750 0.904630 0.190104 0.905556 0.189583 0.903704 0.188542 0.904630 0.188021 0.902778 0.185937 0.901852 0.183854 0.898148 0.183854 0.894444 0.182812 0.893519 0.182812 0.890741 0.184896 0.887963 0.185417 0.887963 0.187500 0.885185 0.188021 0.885185 0.190104 0.883333 0.833333 0.227778 0.833854 0.228704 0.834375 0.228704 0.835417 0.230556 0.836458 0.230556 0.838021 0.232407 0.838021 0.237037 0.837500 0.237037 0.837500 0.239815 0.836979 0.240741
0 0.836979 0.244444 0.836458 0.245370 0.835417 0.250000 0.834896 0.250000 0.833333 0.250926 0.831771 0.251852 0.831250 0.250000 0.828125 0.250000 0.827083 0.249074 0.825521 0.249074 0.823958 0.249074 0.824479 0.247222 0.822396 0.246296 0.822917 0.245370 0.822396 0.243519 0.822396 0.235185 0.822917 0.235185 0.822917 0.232407 0.825000 0.228704 0.825000 0.230556 0.826042 0.228704 0.829167 0.229630 0.830208 0.227778 0.022396 0.972222 0.026563 0.976852 0.027083 0.976852 0.028646 0.979630 0.028646 0.981481 0.029687 0.982407 0.029687 0.988889 0.029167 0.989815 0.029167 0.991667
0 0.028646 0.992593 0.025521 0.997222 0.017708 0.998148 0.014062 0.998148 0.013021 0.997222 0.009896 0.994444 0.010417 0.992593 0.009896 0.990741 0.009375 0.982407 0.010937 0.978704 0.013542 0.975000 0.014583 0.975926 0.015625 0.974074 0.017188 0.974074 0.019271 0.972222 0.688542 0.908333 0.690104 0.911111 0.690104 0.912037 0.691667 0.914815 0.691667 0.916667 0.692187 0.917593 0.692187 0.921296 0.691667 0.921296 0.691667 0.922222
0 0.691146 0.923148 0.690625 0.925926 0.689583 0.926852 0.689062 0.926852 0.688542 0.927778 0.686979 0.928704 0.686458 0.926852 0.682813 0.926852 0.682292 0.926852 0.681250 0.925926 0.679688 0.925926 0.680208 0.924074 0.678125 0.923148 0.678646 0.922222 0.677604 0.921296 0.678125 0.919444 0.678646 0.919444 0.678646 0.914815 0.681250 0.912037 0.681250 0.912963 0.682292 0.911111 0.682813 0.912037 0.683854 0.910185 0.683854 0.911111 0.684896 0.909259 0.685938 0.910185 0.686979 0.908333 0.217708 0.751852 0.221354 0.756481 0.221354 0.757407 0.221875 0.758333 0.221875 0.761111
0 0.222396 0.761111 0.222396 0.762963 0.221354 0.765741 0.221354 0.767593 0.220833 0.767593 0.220833 0.768519 0.218229 0.772222 0.217187 0.773148 0.216667 0.771296 0.210417 0.772222 0.210938 0.770370 0.209375 0.769444 0.209896 0.767593 0.209375 0.765741 0.208854 0.764815 0.208333 0.762963 0.208333 0.760185 0.208854 0.760185 0.208854 0.756481 0.210417 0.753704 0.211979 0.753704 0.212500 0.753704 0.213021 0.754630 0.214062 0.752778 0.215625 0.752778
0 0.216667 0.751852 0.427083 0.976852 0.427604 0.977778 0.431250 0.977778 0.431771 0.978704 0.432292 0.978704 0.433333 0.980556 0.433333 0.981481 0.434375 0.981481 0.434375 0.983333 0.434896 0.984259 0.434896 0.985185 0.434375 0.986111 0.434375 0.987963 0.433854 0.987963 0.433854 0.989815 0.430729 0.994444 0.429167 0.993519 0.428646 0.994444 0.427604 0.994444 0.427083 0.995370 0.422917 0.995370 0.419271 0.992593 0.419792 0.991667 0.419271 0.989815 0.418750 0.987037 0.418229 0.985185 0.419271 0.984259
0 0.419792 0.981481 0.420833 0.979630 0.421875 0.977778 0.421875 0.978704 0.422917 0.976852 0.371354 0.788889 0.371875 0.789815 0.376563 0.789815 0.379167 0.791667 0.383854 0.797222 0.384896 0.800926 0.385417 0.812963 0.384896 0.812963 0.384896 0.815741 0.382292 0.822222 0.377604 0.826852 0.369271 0.825926 0.361458 0.818519 0.358854 0.815741 0.359375 0.803704 0.360938 0.797222 0.364062 0.791667 0.369271 0.788889 0.071875 0.611111 0.072396 0.612037 0.073437 0.612037
0 0.073958 0.612963 0.076042 0.613889 0.077083 0.614815 0.077083 0.624074 0.076563 0.625000 0.076563 0.626852 0.074479 0.629630 0.073958 0.629630 0.072396 0.631481 0.069792 0.632407 0.069271 0.630556 0.068229 0.630556 0.067188 0.629630 0.066146 0.630556 0.065625 0.628704 0.064062 0.629630 0.064583 0.627778 0.063542 0.625926 0.063021 0.625000 0.062500 0.623148 0.063021 0.621296 0.061979 0.619444 0.061979 0.620370 0.061979 0.618519 0.062500 0.617593 0.063021 0.614815 0.064062 0.612963 0.064583 0.612963 0.065104 0.612963 0.066146 0.613889 0.067188 0.612037 0.068750 0.612963 0.069792 0.611111 0.004167 0.864815
0 0.005208 0.865741 0.006250 0.865741 0.010937 0.873148 0.011979 0.875926 0.012500 0.884259 0.010937 0.888889 0.009896 0.888889 0.008333 0.891667 0.004688 0.893519 0.003125 0.894444 0.002604 0.892593 0.003646 0.864815 0.654167 0.850000 0.658333 0.850000 0.659375 0.851852 0.659896 0.852778 0.659896 0.857407 0.660417 0.858333 0.660417 0.859259 0.659896 0.859259 0.660417 0.862037 0.658854 0.864815 0.652604 0.865741 0.652083 0.863889 0.650521 0.864815 0.651042 0.862963 0.649479 0.862963 0.650000 0.861111
0 0.648958 0.858333 0.648438 0.854630 0.648958 0.853704 0.649479 0.851852 0.650521 0.850000 0.108854 0.621296 0.109375 0.622222 0.110937 0.622222 0.111458 0.623148 0.114583 0.625000 0.118229 0.632407 0.118229 0.637037 0.118750 0.637963 0.117188 0.641667 0.117188 0.643519 0.116667 0.643519 0.116146 0.644444 0.106771 0.643519 0.106250 0.643519 0.105208 0.643519 0.101042 0.637963 0.101562 0.637037 0.100521 0.636111 0.101042 0.633333 0.099479 0.633333 0.100000 0.630556 0.100521 0.629630 0.101042 0.626852 0.104167 0.623148
0 0.104687 0.623148 0.106250 0.621296 0.356771 0.491667 0.357292 0.491667 0.357812 0.491667 0.358854 0.493519 0.360938 0.494444 0.364062 0.499074 0.364583 0.500000 0.364583 0.502778 0.365104 0.503704 0.365104 0.506481 0.364583 0.507407 0.364583 0.508333 0.362500 0.512037 0.361979 0.512037 0.361458 0.512037 0.358854 0.512037 0.358333 0.512963 0.355208 0.513889 0.354688 0.512037 0.353646 0.512037 0.349479 0.508333 0.350000 0.507407 0.348958 0.506481 0.349479 0.504630
0 0.348437 0.503704 0.348437 0.501852 0.349479 0.500000 0.350000 0.497222 0.350521 0.497222 0.351042 0.495370 0.351562 0.495370 0.354167 0.491667 0.355729 0.491667 0.356250 0.491667 0.097917 0.332407 0.102083 0.332407 0.103125 0.334259 0.103125 0.335185 0.103646 0.336111 0.103646 0.337963 0.104687 0.339815 0.105208 0.345370 0.103646 0.347222 0.103125 0.350000 0.102083 0.350926 0.101042 0.350926 0.100521 0.351852 0.093229 0.352778 0.092708 0.350926 0.091146 0.351852 0.091667 0.350000 0.090104 0.346296 0.089062 0.343519 0.089583 0.342593
0 0.089583 0.340741 0.090625 0.338889 0.091667 0.337037 0.092188 0.336111 0.092708 0.334259 0.094271 0.332407 0.151562 0.501852 0.152083 0.502778 0.154167 0.502778 0.156250 0.504630 0.156250 0.505556 0.156771 0.506481 0.156771 0.508333 0.157292 0.509259 0.157292 0.513889 0.156771 0.513889 0.156771 0.516667 0.155208 0.520370 0.154687 0.520370 0.154167 0.521296 0.153125 0.521296 0.152083 0.522222 0.150521 0.522222 0.150000 0.523148 0.147917 0.523148 0.146875 0.522222 0.143750 0.521296 0.144271 0.519444 0.141667 0.516667 0.142188 0.514815 0.141667 0.512963 0.141667 0.509259 0.144792 0.503704 0.145313 0.503704 0.147396 0.501852
0 0.463021 0.369444 0.463542 0.370370 0.464583 0.370370 0.465104 0.371296 0.465625 0.371296 0.467187 0.373148 0.467708 0.373148 0.467708 0.374074 0.468750 0.375926 0.468750 0.381481 0.468229 0.382407 0.467708 0.385185 0.467187 0.385185 0.466667 0.386111 0.466146 0.386111 0.465625 0.387037 0.465104 0.387037 0.463542 0.387963 0.460938 0.388889 0.460417 0.387037 0.459896 0.387037 0.458333 0.386111 0.457812 0.386111 0.456250 0.385185 0.456771 0.384259 0.455729 0.383333 0.456250 0.382407 0.455729 0.380556 0.454688 0.378704 0.456250 0.376852 0.456771 0.374074 0.458854 0.371296 0.459375 0.371296 0.460938 0.369444 0.852604 0.843518 0.853125 0.844444 0.853646 0.844444 0.855729 0.847222 0.855729 0.848148 0.857292 0.850000
0 0.857292 0.852778 0.857813 0.853704 0.858333 0.859259 0.857292 0.860185 0.857813 0.862963 0.855729 0.865741 0.855208 0.865741 0.853646 0.867593 0.851042 0.868519 0.850521 0.866667 0.849479 0.867593 0.848958 0.865741 0.846875 0.866667 0.846354 0.864815 0.845312 0.864815 0.843229 0.862963 0.842708 0.862963 0.842188 0.861111 0.841667 0.861111 0.841146 0.852778 0.841667 0.851852 0.842188 0.849074 0.844792 0.845370 0.845312 0.845370 0.846354 0.844444 0.848437 0.845370
0 0.849479 0.843518 0.099479 0.939815 0.100000 0.940741 0.101562 0.941667 0.102604 0.942593 0.103646 0.942593 0.105729 0.946296 0.105729 0.950000 0.106771 0.950926 0.105729 0.951852 0.106250 0.953704 0.104687 0.955556 0.103646 0.957407 0.103125 0.957407 0.102604 0.958333 0.101562 0.958333 0.101042 0.959259 0.098438 0.960185 0.097917 0.958333 0.096875 0.959259 0.096354 0.957407 0.094792 0.957407 0.092708 0.955556 0.093229 0.953704 0.092188 0.952778 0.091146 0.949074 0.091667 0.948148 0.092188 0.946296 0.095312 0.941667 0.095833 0.941667 0.097396 0.940741 0.098958 0.940741 0.169792 0.687963
0 0.173958 0.687963 0.176042 0.690741 0.176042 0.691667 0.177083 0.693519 0.177604 0.694444 0.178125 0.695370 0.178125 0.701852 0.177604 0.702778 0.177083 0.704630 0.175521 0.707407 0.174479 0.707407 0.173958 0.708333 0.166667 0.708333 0.164062 0.706481 0.164583 0.704630 0.163021 0.703704 0.163542 0.701852 0.163021 0.700000 0.162500 0.696296 0.163021 0.695370 0.163021 0.694444 0.164062 0.692593 0.164583 0.689815 0.166146 0.687963 0.550521 0.441667 0.552604 0.443519
0 0.554167 0.443519 0.554688 0.443519 0.556250 0.443519 0.556771 0.444444 0.557292 0.444444 0.558333 0.446296 0.558333 0.447222 0.558854 0.448148 0.559375 0.450926 0.559896 0.451852 0.559896 0.453704 0.559375 0.454630 0.559375 0.455556 0.558333 0.457407 0.556771 0.459259 0.556250 0.459259 0.555729 0.460185 0.554688 0.460185 0.554167 0.461111 0.551562 0.461111 0.551042 0.462037 0.548958 0.462963 0.548437 0.461111 0.546354 0.460185 0.544271 0.458333 0.544792 0.456481 0.542708 0.456481 0.543229 0.455556 0.542188 0.454630 0.542188 0.452778 0.543229 0.450926 0.544271 0.447222 0.545833 0.445370 0.546354 0.445370 0.548958 0.441667 0.118229 0.763889
0 0.118750 0.764815 0.119271 0.764815 0.120312 0.766667 0.120312 0.767593 0.122396 0.771296 0.122396 0.776852 0.121875 0.777778 0.121875 0.778704 0.118750 0.782407 0.118229 0.782407 0.117708 0.783333 0.114063 0.784259 0.113542 0.782407 0.110937 0.782407 0.108333 0.778704 0.108333 0.776852 0.107813 0.775000 0.107292 0.772222 0.108333 0.770370 0.108854 0.767593 0.110417 0.765741 0.111458 0.766667 0.112500 0.764815 0.114063 0.765741 0.115104 0.763889 0.522917 0.742593 0.526563 0.742593 0.527083 0.743519 0.528125 0.743519 0.530208 0.746296 0.531771 0.750000
0 0.531771 0.752778 0.531250 0.752778 0.531250 0.756481 0.530208 0.759259 0.530208 0.760185 0.529688 0.761111 0.529688 0.762037 0.529167 0.762037 0.527604 0.763889 0.525000 0.763889 0.524479 0.764815 0.518750 0.763889 0.518229 0.763889 0.517708 0.763889 0.515104 0.762037 0.515625 0.761111 0.514583 0.760185 0.515104 0.758333 0.514583 0.756481 0.514063 0.750926 0.515625 0.749074 0.516146 0.747222 0.519271 0.742593 0.040104 0.499074 0.041146 0.500000 0.042188 0.500000 0.043229 0.500926 0.043750 0.500926 0.045313 0.502778 0.045833 0.505556 0.047396 0.508333 0.047396 0.514815 0.046875 0.515741
0 0.046875 0.518519 0.044792 0.521296 0.043750 0.521296 0.043229 0.522222 0.042188 0.522222 0.041146 0.523148 0.039583 0.524074 0.039062 0.522222 0.038021 0.523148 0.037500 0.521296 0.035937 0.522222 0.035417 0.520370 0.033854 0.520370 0.032812 0.519444 0.033333 0.517593 0.032292 0.516667 0.032292 0.514815 0.031771 0.512963 0.031250 0.508333 0.031771 0.507407 0.031771 0.506481 0.032292 0.505556 0.032812 0.503704 0.034375 0.500926 0.034375 0.501852 0.035417 0.500000
0 0.036458 0.500926 0.037500 0.499074 0.038542 0.499074 0.039062 0.499074 0.329688 0.509259 0.330208 0.510185 0.334896 0.510185 0.335417 0.511111 0.335938 0.511111 0.337500 0.512963 0.337500 0.513889 0.338021 0.514815 0.338021 0.515741 0.338542 0.515741 0.339063 0.518519 0.338542 0.519444 0.338542 0.522222 0.338021 0.522222
0 0.338021 0.523148 0.336979 0.525000 0.336458 0.525000 0.334375 0.526852 0.333333 0.526852 0.332812 0.527778 0.331771 0.527778 0.331250 0.527778 0.330208 0.527778 0.329167 0.528704 0.327604 0.529630 0.327083 0.527778 0.326562 0.527778 0.325521 0.526852 0.323958 0.527778 0.324479 0.525926 0.322917 0.523148 0.322917 0.520370 0.323438 0.520370 0.323438 0.517593 0.323958 0.516667 0.324479 0.514815 0.325000 0.514815 0.325521 0.512963 0.327604 0.509259 0.304688 0.349074 0.305208 0.349074 0.306771 0.349074 0.307292 0.350000 0.308854 0.350926 0.310937 0.353704 0.310937 0.358333 0.311458 0.359259 0.310937 0.360185 0.310937 0.361111 0.307292 0.365741
0 0.306771 0.365741 0.306250 0.366667 0.305208 0.366667 0.304688 0.367593 0.302083 0.368519 0.301562 0.366667 0.300521 0.367593 0.300521 0.366667 0.298958 0.366667 0.299479 0.364815 0.297396 0.362963 0.297917 0.362037 0.296875 0.361111 0.297396 0.360185 0.297396 0.358333 0.298438 0.356481 0.298958 0.354630 0.303125 0.349074 0.253125 0.365741 0.253646 0.366667 0.254167 0.366667 0.255208 0.367593 0.256250 0.367593 0.257292 0.369444 0.257812 0.369444 0.260417 0.372222 0.260417 0.373148 0.261458 0.375926 0.261458 0.376852 0.260417 0.379630 0.260417 0.381481
0 0.258333 0.384259 0.257812 0.384259 0.255729 0.387037 0.255208 0.387037 0.253646 0.389815 0.253125 0.387963 0.250521 0.388889 0.250000 0.387037 0.246875 0.385185 0.245312 0.384259 0.245833 0.383333 0.245312 0.381481 0.245312 0.375000 0.245833 0.375000 0.246354 0.372222 0.248437 0.368519 0.252604 0.366667 0.602604 0.894444 0.603125 0.895370 0.608854 0.896296 0.616146 0.903704 0.616146 0.905556 0.617188 0.907407 0.618229 0.915741 0.617188 0.916667
0 0.617708 0.919444 0.615625 0.922222 0.610417 0.925000 0.608333 0.925000 0.605729 0.924074 0.601562 0.923148 0.595312 0.913889 0.594271 0.914815 0.594792 0.912037 0.593229 0.909259 0.593750 0.907407 0.593750 0.902778 0.595312 0.900926 0.596354 0.900926 0.597396 0.899074 0.597917 0.897222 0.601042 0.894444 0.165104 0.832407 0.165625 0.832407 0.168229 0.833333 0.169792 0.835185 0.169792 0.837037
0 0.170312 0.837963 0.170312 0.848148 0.169792 0.849074 0.169792 0.851852 0.168750 0.852778 0.167708 0.857407 0.163021 0.860185 0.161979 0.860185 0.159375 0.858333 0.158854 0.858333 0.157292 0.858333 0.157813 0.856481 0.154687 0.851852 0.154687 0.850000 0.154167 0.848148 0.154167 0.844444 0.154687 0.844444 0.154687 0.840741 0.155208 0.838889 0.155729 0.838889 0.156771 0.837963 0.157292 0.836111 0.160938 0.832407 0.661458 0.987037 0.661979 0.987963 0.664583 0.987963 0.665104 0.988889
0 0.666667 0.988889 0.667708 0.989815 0.670833 0.993519 0.653125 0.997222 0.653646 0.996296 0.654167 0.993519 0.656250 0.989815 0.660937 0.987037 0.596354 0.257407 0.596875 0.258333 0.597917 0.258333 0.598437 0.259259 0.600521 0.260185 0.602604 0.262963 0.603125 0.265741 0.605208 0.268519 0.604688 0.269444 0.604167 0.274074 0.601042 0.275926 0.600000 0.275926 0.599479 0.276852 0.597917 0.276852 0.597396 0.277778 0.595833 0.278704 0.595312 0.276852 0.593229 0.277778 0.592708 0.275926 0.590625 0.276852 0.590104 0.275000 0.589063 0.275000 0.586979 0.274074 0.587500 0.272222 0.585938 0.270370 0.585938 0.269444 0.586458 0.268519
0 0.586458 0.266667 0.586979 0.265741 0.587500 0.262963 0.588542 0.261111 0.589063 0.261111 0.591146 0.260185 0.593750 0.259259 0.595833 0.257407 0.682292 0.516667 0.682813 0.516667 0.683333 0.517593 0.684896 0.518519 0.684896 0.519444 0.685938 0.522222 0.685938 0.525000 0.685417 0.525926 0.685417 0.528704 0.684896 0.529630 0.684896 0.530556 0.683854 0.531482 0.683854 0.532407 0.682813 0.534259 0.677083 0.534259 0.676042 0.533333 0.675000 0.534259 0.673958 0.533333
0 0.674479 0.531482 0.673437 0.528704 0.672917 0.525000 0.673958 0.524074 0.673437 0.522222 0.673958 0.522222 0.674479 0.520370 0.675521 0.518519 0.676042 0.518519 0.677604 0.516667 0.679688 0.516667 0.680208 0.516667 0.597396 0.529630 0.598437 0.530556 0.598958 0.530556 0.600000 0.532407 0.600000 0.533333 0.601042 0.535185 0.601042 0.538889 0.600521 0.539815 0.600521 0.541667 0.600000 0.542593 0.600000 0.543519 0.598958 0.545370 0.598958 0.546296 0.597917 0.548148 0.592188 0.547222 0.591667 0.547222 0.590104 0.548148
0 0.589063 0.547222 0.589583 0.545370 0.588542 0.542593 0.588021 0.539815 0.589063 0.537963 0.588542 0.536111 0.589583 0.534259 0.590625 0.532407 0.591146 0.532407 0.592708 0.530556 0.594271 0.531482 0.595312 0.529630 0.569792 0.469444 0.570312 0.470370 0.570833 0.470370 0.572396 0.472222 0.573438 0.475000 0.573438 0.478704 0.572917 0.478704 0.572917 0.481481 0.572396 0.482407 0.572396 0.483333 0.571354 0.485185 0.570312 0.487037 0.564583 0.487037 0.563542 0.486111 0.562500 0.487037 0.561458 0.486111 0.561979 0.484259 0.560938 0.482407 0.560417 0.477778 0.561458 0.477778 0.560938 0.475000 0.561458 0.475000
0 0.561979 0.473148 0.563021 0.471296 0.563542 0.471296 0.565104 0.470370 0.566667 0.471296 0.567708 0.469444 0.593229 0.447222 0.598958 0.450000 0.601042 0.451852 0.603646 0.457407 0.605208 0.462963 0.605208 0.470370 0.603125 0.478704 0.599479 0.482407 0.594792 0.483333 0.594271 0.484259 0.584375 0.483333 0.582292 0.481481 0.580208 0.479630 0.576042 0.475000 0.576563 0.472222 0.575000 0.468519 0.574479 0.461111 0.577083 0.454630 0.579687 0.450000 0.582292 0.449074 0.586979 0.449074 0.588021 0.447222 0.802083 0.539815 0.802604 0.539815 0.806771 0.540741 0.807292 0.540741 0.809896 0.540741
0 0.810938 0.542593 0.813021 0.544444 0.814062 0.546296 0.814062 0.548148 0.815104 0.550000 0.814583 0.551852 0.814583 0.556481 0.813021 0.561111 0.810417 0.564815 0.807813 0.564815 0.807292 0.565741 0.804688 0.565741 0.804167 0.566667 0.802604 0.565741 0.800000 0.564815 0.798958 0.562963 0.798437 0.562963 0.795313 0.557407 0.795313 0.548148 0.796354 0.545370 0.797917 0.542593 0.801562 0.539815 0.825000 0.526852 0.825521 0.526852 0.829687 0.527778 0.830208 0.527778 0.832292 0.527778 0.833854 0.529630 0.835938 0.531482 0.836458 0.533333 0.836458 0.535185 0.838021 0.537037
0 0.837500 0.538889 0.837500 0.543519 0.835938 0.548148 0.832812 0.551852 0.830729 0.551852 0.830208 0.552778 0.827604 0.552778 0.827083 0.553704 0.825521 0.552778 0.822917 0.551852 0.821875 0.550000 0.821354 0.550000 0.818229 0.544444 0.817708 0.535185 0.819271 0.532407 0.820833 0.529630 0.824479 0.526852 0.970312 0.318519 0.970833 0.318519 0.972917 0.318519 0.973437 0.319444 0.974479 0.319444 0.975000 0.320370 0.975521 0.320370 0.978125 0.325000
0 0.978125 0.325926 0.978646 0.325926 0.978646 0.328704 0.979688 0.329630 0.979688 0.333333 0.979167 0.334259 0.978646 0.337037 0.977083 0.337963 0.977083 0.338889 0.973437 0.342593 0.971354 0.342593 0.970833 0.343519 0.966667 0.343519 0.966146 0.341667 0.963542 0.339815 0.961979 0.339815 0.962500 0.338889 0.961458 0.337963 0.961979 0.337037 0.961458 0.335185 0.960938 0.327778 0.961458 0.326852 0.961979 0.325000 0.963542 0.323148 0.964063 0.321296 0.964583 0.321296 0.965625 0.319444 0.966146 0.320370 0.967188 0.318519 0.967708 0.319444 0.968750 0.317593 0.979688 0.164815 0.980208 0.164815 0.981771 0.164815 0.982813 0.165741 0.983854 0.165741 0.984375 0.166667 0.984896 0.166667
0 0.987500 0.171296 0.987500 0.172222 0.988021 0.172222 0.988021 0.175000 0.988542 0.175926 0.988542 0.179630 0.988021 0.180556 0.987500 0.183333 0.986458 0.185185 0.982292 0.188889 0.980729 0.188889 0.980208 0.189815 0.976042 0.189815 0.975521 0.187963 0.972396 0.187037 0.971354 0.186111 0.971875 0.185185 0.970833 0.184259 0.971354 0.183333 0.970833 0.181481 0.969792 0.174074 0.970312 0.173148 0.970833 0.171296 0.972917 0.169444 0.973437 0.167593 0.973958 0.167593
0 0.975000 0.165741 0.975000 0.166667 0.976042 0.164815 0.977083 0.164815 0.978125 0.164815 0.994792 0.307407 0.996875 0.308333 0.998958 0.308333 0.994792 0.337963 0.990625 0.337963 0.990104 0.336111 0.988542 0.337037 0.988021 0.335185 0.985937 0.334259 0.983854 0.332407 0.981771 0.325926 0.980729 0.319444 0.981771 0.317593 0.981771 0.314815 0.983333 0.311111 0.986458 0.307407 0.990104 0.307407 0.990625 0.307407 0.925000 0.275926 0.925521 0.276852 0.926562 0.276852 0.928125 0.277778 0.931250 0.282407 0.932292 0.284259 0.932292 0.286111
0 0.932813 0.286111 0.932813 0.292593 0.931250 0.296296 0.931250 0.297222 0.927604 0.300926 0.926562 0.300926 0.926042 0.301852 0.917708 0.301852 0.915625 0.300000 0.913021 0.298148 0.913542 0.296296 0.911458 0.292593 0.911458 0.291667 0.912500 0.289815 0.912500 0.285185 0.914062 0.280556 0.915625 0.277778 0.916667 0.277778 0.917708 0.277778 0.918750 0.276852 0.921354 0.277778 0.922396 0.275926 0.899479 0.282407 0.900000 0.283333 0.901042 0.283333 0.902604 0.284259 0.905729 0.288889 0.906771 0.290741 0.906771 0.291667 0.907292 0.292593 0.907292 0.299074 0.905729 0.302778 0.905729 0.303704 0.902083 0.307407 0.901042 0.307407 0.900521 0.308333 0.892187 0.308333 0.890104 0.306481 0.887500 0.304630 0.888021 0.302778
0 0.885938 0.299074 0.886458 0.296296 0.886979 0.296296 0.886979 0.291667 0.888542 0.287037 0.890104 0.284259 0.891146 0.283333 0.892187 0.283333 0.893229 0.283333 0.895833 0.284259 0.896875 0.282407 0.962500 0.487037 0.963021 0.487963 0.964063 0.487963 0.967708 0.492593 0.968229 0.492593 0.968229 0.493519 0.969792 0.495370 0.969792 0.500926 0.969271 0.501852 0.969271 0.503704 0.968750 0.504630 0.968750 0.505556 0.965625 0.510185 0.965104 0.510185 0.964583 0.511111 0.963542 0.511111 0.963021 0.512037 0.962500 0.512037 0.961458 0.511111 0.959896 0.512037 0.959375 0.510185 0.958333 0.511111 0.957812 0.509259 0.956250 0.510185 0.955729 0.508333 0.955208 0.508333 0.952604 0.505556 0.952083 0.503704
0 0.952083 0.501852 0.951042 0.500926 0.951042 0.499074 0.951563 0.498148 0.951563 0.496296 0.952604 0.494444 0.953125 0.491667 0.954687 0.489815 0.956250 0.490741 0.957292 0.488889 0.957812 0.489815 0.958854 0.487963 0.960417 0.487963 0.961458 0.487037 0.957812 0.272222 0.955729 0.279630 0.948958 0.287037 0.941146 0.287963 0.935938 0.284259 0.930729 0.275926 0.927604 0.265741 0.929167 0.255556 0.932292 0.250000 0.937500 0.245370 0.942708 0.243519 0.948958 0.245370 0.953646 0.252778 0.956250 0.259259 0.958333 0.266667
0 0.957812 0.418519 0.958333 0.419444 0.959896 0.419444 0.964063 0.425000 0.964583 0.425000 0.964583 0.425926 0.965625 0.427778 0.965625 0.434259 0.964063 0.438889 0.963542 0.438889 0.961979 0.441667 0.958333 0.443519 0.956250 0.444444 0.955729 0.442593 0.951042 0.442593 0.948438 0.440741 0.945833 0.437963 0.945833 0.436111 0.945312 0.434259 0.944792 0.431481 0.945312 0.430556 0.945833 0.427778 0.946354 0.425926 0.947917 0.423148 0.948438 0.421296 0.948958 0.421296 0.950521 0.420370 0.955208 0.420370 0.956250 0.418519 0.989583 0.520370
0 0.990104 0.521296 0.991667 0.522222 0.991667 0.523148 0.993229 0.525926 0.993229 0.526852 0.993750 0.527778 0.993750 0.528704 0.993229 0.529630 0.993229 0.534259 0.989583 0.538889 0.982813 0.539815 0.982292 0.537963 0.981771 0.537963 0.979167 0.534259 0.978646 0.532407 0.979688 0.530556 0.979167 0.528704 0.980208 0.526852 0.980729 0.525000 0.982292 0.522222 0.984375 0.523148 0.985417 0.521296 0.988021 0.521296 0.989062 0.520370 0.867708 0.489815
0 0.868229 0.490741 0.870313 0.491667 0.870313 0.492593 0.871354 0.494444 0.871354 0.496296 0.871875 0.497222 0.871875 0.498148 0.871354 0.499074 0.871354 0.503704 0.868229 0.508333 0.860937 0.509259 0.860417 0.507407 0.859896 0.507407 0.857813 0.503704 0.857292 0.500000 0.858333 0.499074 0.857813 0.497222 0.858854 0.496296 0.859375 0.493519 0.860937 0.491667 0.862500 0.492593 0.863542 0.490741 0.866146 0.491667 0.867188 0.489815 0.920313 0.509259 0.921354 0.510185 0.922917 0.511111 0.922917 0.512037
0 0.923958 0.514815 0.923958 0.516667 0.925000 0.516667 0.925000 0.517593 0.923958 0.518519 0.924479 0.523148 0.920833 0.528704 0.914062 0.527778 0.913021 0.527778 0.912500 0.527778 0.910417 0.523148 0.909896 0.521296 0.910937 0.519444 0.910417 0.517593 0.911458 0.515741 0.911979 0.513889 0.913542 0.511111 0.915625 0.511111 0.916667 0.510185 0.918750 0.511111 0.919792 0.509259 0.946354 0.532407
0 0.946875 0.533333 0.947917 0.533333 0.952083 0.538889 0.953125 0.538889 0.953125 0.539815 0.954167 0.541667 0.954167 0.548148 0.952604 0.552778 0.952083 0.552778 0.950521 0.554630 0.946875 0.557407 0.944271 0.558333 0.943750 0.556481 0.939062 0.556481 0.936979 0.554630 0.934375 0.551852 0.934375 0.550000 0.933854 0.548148 0.933333 0.545370 0.934375 0.543519 0.933854 0.541667 0.934896 0.539815 0.936458 0.537037 0.936979 0.535185 0.937500 0.535185 0.938542 0.534259 0.943750 0.534259 0.944792 0.532407 0.840625 0.179630 0.844271 0.179630 0.850000 0.183333 0.851042 0.185185 0.851042 0.187037 0.851562 0.187963 0.852083 0.195370
0 0.851562 0.196296 0.847396 0.201852 0.845312 0.203704 0.840104 0.203704 0.839063 0.204630 0.837500 0.204630 0.835417 0.202778 0.833854 0.200926 0.832292 0.196296 0.831250 0.188889 0.831771 0.187963 0.832292 0.185185 0.835938 0.180556 0.836979 0.179630 0.818750 0.154630 0.822396 0.154630 0.828125 0.158333 0.829167 0.160185 0.829167 0.162037 0.829687 0.162963 0.830208 0.170370 0.829687 0.171296 0.825521 0.176852 0.823438 0.178704 0.817708 0.178704 0.817187 0.179630 0.815625 0.179630 0.813021 0.177778 0.811979 0.175926 0.810417 0.171296
0 0.809375 0.163889 0.809896 0.162963 0.810417 0.160185 0.814062 0.155556 0.815104 0.154630 0.853125 0.247222 0.852604 0.251852 0.849479 0.253704 0.846354 0.254630 0.843229 0.251852 0.842708 0.246296 0.843750 0.243519 0.844792 0.240741 0.849479 0.238889 0.852604 0.242593 0.804167 0.164815 0.803646 0.169444 0.801042 0.172222 0.797396 0.172222 0.794792 0.169444 0.793750 0.163889 0.794792 0.161111 0.795833 0.158333 0.801042 0.157407 0.803646 0.160185 0.866667 0.141667 0.870313 0.141667 0.876042 0.146296 0.877604 0.148148 0.877604 0.149074
0 0.878125 0.150000 0.878125 0.157407 0.877604 0.159259 0.873438 0.164815 0.871354 0.166667 0.866146 0.166667 0.865625 0.166667 0.863542 0.166667 0.861458 0.165741 0.860417 0.163889 0.858333 0.159259 0.857813 0.151852 0.858854 0.150000 0.858854 0.147222 0.861979 0.142593 0.863542 0.141667 0.716667 0.267593 0.720312 0.267593 0.722396 0.269444 0.722917 0.269444 0.724479 0.272222 0.724479 0.273148 0.725521 0.274074 0.725521 0.275926 0.726042 0.276852 0.726042 0.283333 0.725521 0.284259 0.725521 0.285185 0.723958 0.287963 0.723437 0.288889
0 0.722396 0.288889 0.720833 0.290741 0.712500 0.291667 0.711979 0.289815 0.710417 0.288889 0.706771 0.283333 0.706771 0.275926 0.707292 0.274074 0.707812 0.272222 0.713021 0.266667 0.806250 0.309259 0.809896 0.309259 0.811979 0.311111 0.812500 0.311111 0.814062 0.313889 0.814062 0.314815 0.814583 0.315741 0.814583 0.318519 0.815625 0.318519 0.815625 0.325000 0.815104 0.325926 0.815104 0.326852
0 0.813542 0.329630 0.813542 0.330556 0.813021 0.331481 0.811979 0.331481 0.810417 0.332407 0.802083 0.333333 0.801562 0.331481 0.800000 0.330556 0.796354 0.325000 0.796354 0.317593 0.796875 0.316667 0.797396 0.313889 0.802604 0.309259 0.775521 0.317593 0.776042 0.318519 0.777604 0.318519 0.778646 0.319444 0.779688 0.319444 0.780208 0.319444 0.780729 0.319444 0.781771 0.321296 0.781771 0.322222 0.782812 0.323148 0.782812 0.331481 0.782292 0.332407 0.781771 0.334259 0.778646 0.337037
0 0.777083 0.337037 0.776563 0.337963 0.772396 0.338889 0.771875 0.337037 0.770833 0.337037 0.769792 0.336111 0.769271 0.336111 0.767708 0.333333 0.767187 0.331481 0.766667 0.331481 0.765625 0.325926 0.766146 0.325000 0.766667 0.323148 0.768750 0.320370 0.769271 0.320370 0.770312 0.318519 0.770833 0.318519 0.771354 0.318519 0.771875 0.319444 0.772917 0.317593 0.770312 0.444444 0.768750 0.450926 0.764583 0.453704 0.758333 0.450926 0.757292 0.445370 0.758333 0.440741 0.759375 0.438889
0 0.763542 0.437037 0.767708 0.437037 0.768750 0.439815 0.700521 0.403704 0.698958 0.410185 0.695312 0.411111 0.690625 0.411111 0.689062 0.405556 0.688542 0.400000 0.689583 0.398148 0.693750 0.395370 0.697917 0.396296 0.698958 0.399074 0.675000 0.328704 0.675521 0.329630 0.676562 0.329630 0.677083 0.330556 0.679167 0.331481 0.681250 0.335185 0.681250 0.336111 0.682813 0.337037 0.682813 0.342593 0.682292 0.342593 0.681771 0.345370 0.678125 0.350926 0.677083 0.350926 0.676562 0.351852 0.671354 0.352778 0.670833 0.350926 0.668229 0.351852 0.667188 0.350926 0.667708 0.349074 0.666146 0.348148 0.666667 0.345370 0.665625 0.344444 0.665104 0.337963 0.666146 0.336111 0.666667 0.334259 0.668229 0.331481
0 0.669271 0.332407 0.670313 0.330556 0.671354 0.331481 0.672396 0.329630 0.674479 0.329630 0.661458 0.179630 0.661979 0.180556 0.664583 0.180556 0.666146 0.181481 0.668229 0.184259 0.668750 0.186111 0.669271 0.187963 0.669792 0.188889 0.669792 0.192593 0.669271 0.193519 0.669271 0.196296 0.668229 0.198148 0.667708 0.200926 0.665104 0.203704 0.663542 0.203704 0.663021 0.204630 0.659896 0.204630 0.659375 0.205556 0.658333 0.206481 0.657812 0.204630 0.656250 0.205556 0.655729 0.203704 0.654688 0.203704 0.652604 0.201852 0.651042 0.200000 0.650000 0.197222 0.649479 0.188889 0.650000 0.187963 0.650521 0.185185 0.651042 0.183333 0.653125 0.180556 0.654167 0.180556 0.656771 0.179630 0.668750 0.148148
0 0.669792 0.149074 0.676042 0.150000 0.678125 0.151852 0.680729 0.154630 0.683333 0.159259 0.683333 0.162963 0.683854 0.162963 0.683854 0.169444 0.683333 0.169444 0.683333 0.171296 0.678646 0.177778 0.677604 0.178704 0.676562 0.178704 0.676042 0.179630 0.670313 0.179630 0.669792 0.180556 0.668229 0.179630 0.666667 0.179630 0.662500 0.176852 0.659375 0.171296 0.658333 0.162963 0.658854 0.162037 0.659375 0.159259 0.660417 0.155556 0.663542 0.151852 0.668229 0.148148 0.632292 0.325926 0.632812 0.326852 0.639063 0.327778 0.641667 0.329630 0.643750 0.331481 0.646354 0.337037 0.646354 0.339815 0.646875 0.340741 0.646875 0.346296 0.646354 0.347222 0.646354 0.349074 0.642187 0.355556 0.640625 0.355556
0 0.639583 0.355556 0.639063 0.356481 0.633333 0.356481 0.632812 0.357407 0.631250 0.356481 0.629687 0.356481 0.625521 0.353704 0.622396 0.348148 0.621354 0.340741 0.622396 0.338889 0.622396 0.336111 0.623438 0.333333 0.627083 0.328704 0.631250 0.325926 0.714063 0.242593 0.713021 0.246296 0.710938 0.249074 0.706250 0.249074 0.703646 0.246296 0.703125 0.241667 0.703125 0.237963 0.704687 0.236111 0.708333 0.233333 0.710938 0.234259 0.713542 0.237963 0.583333 0.260185
0 0.582292 0.263889 0.580208 0.266667 0.575521 0.266667 0.572917 0.263889 0.572396 0.259259 0.572396 0.255556 0.573958 0.253704 0.577604 0.251852 0.580208 0.251852 0.582812 0.255556 0.563542 0.272222 0.563021 0.275926 0.560417 0.278704 0.555729 0.278704 0.553125 0.275926 0.552604 0.271296 0.553125 0.267593 0.554167 0.265741 0.557813 0.263889 0.560938 0.264815 0.563542 0.267593 0.611979 0.182407 0.611458 0.187037 0.607292 0.189815 0.604688 0.188889 0.602604 0.186111
0 0.602604 0.182407 0.603125 0.178704 0.606771 0.175926 0.610417 0.176852 0.584375 0.382407 0.584896 0.383333 0.586979 0.383333 0.591146 0.386111 0.593229 0.389815 0.595312 0.394444 0.595312 0.401852 0.593750 0.406481 0.589063 0.412037 0.586458 0.413889 0.581771 0.414815 0.581250 0.412963 0.577604 0.412037 0.575521 0.410185 0.572917 0.405556 0.572396 0.402778 0.571875 0.400926 0.571875 0.396296 0.572396 0.396296 0.571875 0.393519 0.572396 0.392593 0.572917 0.389815 0.573438 0.387963 0.577083 0.384259 0.581250 0.384259
0 0.582292 0.382407 0.546875 0.498148 0.551042 0.502778 0.552083 0.504630 0.552083 0.506481 0.552604 0.507407 0.552604 0.509259 0.553125 0.510185 0.552083 0.512963 0.552083 0.514815 0.551562 0.515741 0.551042 0.517593 0.550521 0.517593 0.549479 0.519444 0.548958 0.519444 0.548437 0.520370 0.544792 0.521296 0.544271 0.519444 0.542188 0.520370 0.541667 0.518519 0.540625 0.519444 0.540625 0.518519 0.539062 0.518519 0.539583 0.516667 0.537500 0.514815 0.538021 0.512963 0.536979 0.512037 0.536979 0.510185 0.537500 0.509259
0 0.537500 0.507407 0.538021 0.506481 0.538542 0.503704 0.539583 0.501852 0.540104 0.501852 0.543229 0.500000 0.544271 0.500000 0.545833 0.498148 0.609896 0.543519 0.610417 0.544444 0.612500 0.544444 0.613021 0.545370 0.615104 0.546296 0.617708 0.550000 0.619792 0.554630 0.619792 0.557407 0.620313 0.558333 0.620313 0.561111 0.619792 0.562037 0.619792 0.563889 0.619271 0.565741 0.614062 0.570370 0.612500 0.569444 0.611979 0.570370 0.606250 0.571296 0.605729 0.569444 0.604688 0.570370 0.604167 0.568519 0.601562 0.568519 0.600000 0.565741 0.598958 0.564815 0.599479 0.562037 0.598437 0.561111 0.597917 0.554630 0.598958 0.552778 0.599479 0.549074 0.600000 0.549074 0.602604 0.546296 0.603646 0.546296 0.607292 0.543519 0.630208 0.564815 0.630729 0.565741 0.631771 0.565741
0 0.632812 0.567593 0.632812 0.568519 0.633854 0.570370 0.633854 0.574074 0.633333 0.575000 0.633333 0.576852 0.632812 0.577778 0.632812 0.578704 0.631771 0.580556 0.631771 0.581481 0.630729 0.582407 0.625000 0.583333 0.624479 0.581481 0.622917 0.582407 0.621875 0.581481 0.622396 0.579630 0.621354 0.577778 0.621354 0.573148 0.621875 0.573148 0.621354 0.571296 0.621875 0.570370 0.622396 0.568519 0.623438 0.566667 0.623958 0.567593 0.625521 0.565741 0.627083 0.566667 0.628125 0.564815 0.492708 0.448148 0.493229 0.448148 0.495313 0.448148 0.495833 0.449074 0.497396 0.449074 0.499479 0.452778 0.500521 0.455556 0.501042 0.456481 0.501042 0.464815 0.500521 0.465741 0.500000 0.469444 0.497917 0.473148 0.496354 0.473148 0.495833 0.474074 0.494271 0.474074 0.493750 0.474074
0 0.491146 0.474074 0.490625 0.475000 0.489583 0.475000 0.482812 0.470370 0.480729 0.463889 0.480208 0.458333 0.481250 0.456481 0.481771 0.453704 0.483333 0.450926 0.486979 0.448148 0.488021 0.448148 0.488542 0.448148
0 0.428646 0.380556 0.429688 0.381481 0.430729 0.381481 0.431250 0.382407 0.431771 0.382407 0.432813 0.384259 0.433333 0.384259 0.433854 0.385185 0.434896 0.387963 0.434896 0.393519 0.434375 0.394444 0.433854 0.396296 0.433333 0.396296 0.432813 0.397222 0.432292 0.397222
0 0.431771 0.398148 0.430729 0.398148 0.429167 0.400000 0.427083 0.400000 0.426042 0.399074 0.425521 0.399074 0.424479 0.397222 0.423958 0.397222 0.422396 0.396296 0.422917 0.394444 0.422396 0.394444 0.421875 0.392593 0.421354 0.392593 0.420833 0.389815 0.421875 0.387963
0 0.422396 0.386111 0.425000 0.382407 0.425521 0.382407 0.427083 0.380556 0.514063 0.425000 0.512500 0.428704 0.506771 0.429630 0.504167 0.426852 0.503646 0.422222 0.504167 0.419444 0.506250 0.417593 0.509896 0.416667 0.512500 0.419444 0.583333 0.437963 0.581771 0.441667 0.576563 0.443519 0.573958 0.439815 0.572917 0.436111 0.573958 0.432407 0.576042 0.430556 0.579687 0.430556 0.582292 0.433333 0.557813 0.416667 0.559375 0.418519 0.560938 0.418519
0 0.561979 0.419444 0.563021 0.419444 0.563542 0.420370 0.564062 0.420370 0.565104 0.422222 0.565104 0.423148 0.566146 0.423148 0.566146 0.426852 0.566667 0.427778 0.566667 0.429630 0.566146 0.429630 0.566146 0.430556 0.565104 0.432407 0.565104 0.433333 0.564062 0.435185 0.563021 0.435185 0.562500 0.436111 0.561458 0.436111 0.560938 0.436111 0.558854 0.436111 0.557813 0.437037 0.555729 0.437963 0.555208 0.436111 0.553125 0.435185 0.551042 0.434259 0.551562 0.432407 0.550000 0.431481 0.550521 0.429630 0.548958 0.429630
0 0.548958 0.428704 0.550000 0.426852 0.551562 0.422222 0.552604 0.421296 0.553125 0.421296 0.555729 0.416667 0.407292 0.325926 0.407813 0.326852 0.411979 0.326852 0.412500 0.327778 0.413021 0.327778 0.416667 0.331481 0.416667 0.333333 0.417188 0.334259 0.417188 0.341667 0.416667 0.341667 0.416667 0.343519 0.415625 0.345370 0.415104 0.345370 0.414062 0.347222 0.413542 0.347222 0.413021 0.348148 0.410937 0.349074 0.410417 0.347222 0.405729 0.348148
0 0.405208 0.346296 0.404687 0.346296 0.401563 0.343519 0.402083 0.341667 0.401042 0.340741 0.401563 0.339815 0.400521 0.338889 0.400521 0.337963 0.401563 0.336111 0.401563 0.332407 0.402083 0.331481 0.402604 0.329630 0.404167 0.327778 0.404687 0.325926 0.400000 0.349074 0.400521 0.350000 0.401563 0.350000 0.402083 0.350926 0.402604 0.350926 0.404167 0.352778 0.404687 0.352778 0.404687 0.353704 0.405729 0.355556 0.405729 0.361111 0.405208 0.362037
0 0.404687 0.364815 0.404167 0.364815 0.403646 0.365741 0.403125 0.365741 0.402604 0.366667 0.402083 0.366667 0.400000 0.367593 0.397917 0.368519 0.397396 0.366667 0.396354 0.366667 0.395312 0.365741 0.394792 0.365741 0.393229 0.364815 0.393750 0.363889 0.392708 0.362963 0.393229 0.361111 0.392188 0.360185 0.391667 0.358333 0.392708 0.356481 0.393229 0.353704 0.395833 0.350926 0.396354 0.350926 0.397917 0.349074 0.374479 0.401852 0.375000 0.402778
0 0.376042 0.402778 0.376563 0.403704 0.377083 0.403704 0.378646 0.405556 0.379167 0.405556 0.380208 0.408333 0.380729 0.413889 0.379687 0.414815 0.379167 0.417593 0.378646 0.417593 0.378125 0.418519 0.377604 0.418519 0.377083 0.418519 0.376563 0.418519 0.375000 0.420370 0.372396 0.421296 0.371875 0.419444 0.371354 0.419444 0.369792 0.417593 0.369271 0.417593 0.367708 0.417593 0.368229 0.416667 0.367188 0.415741 0.367708 0.414815 0.367188 0.412963 0.366146 0.410185 0.367708 0.409259 0.368229 0.406481 0.370313 0.403704
0 0.370833 0.403704 0.372396 0.401852 0.332292 0.364815 0.332812 0.365741 0.333854 0.365741 0.335938 0.366667 0.336458 0.367593 0.338021 0.370370 0.338021 0.371296 0.339063 0.373148 0.339583 0.379630 0.338542 0.380556 0.339063 0.382407 0.338021 0.384259 0.335417 0.387963 0.333333 0.389815 0.331771 0.389815 0.331250 0.390741 0.330208 0.391667 0.329688 0.389815 0.328646 0.389815 0.327604 0.388889 0.326562 0.389815 0.326042 0.387963 0.325000 0.387963
0 0.323958 0.387037 0.320833 0.383333 0.318229 0.378704 0.319271 0.376852 0.319271 0.372222 0.323438 0.366667 0.323958 0.367593 0.325000 0.365741 0.326042 0.365741 0.328646 0.364815 0.328125 0.326852 0.328646 0.327778 0.330208 0.327778 0.331250 0.329630 0.332292 0.332407 0.333854 0.335185 0.333854 0.341667 0.332812 0.342593 0.332812 0.343519 0.331771 0.345370 0.331771 0.346296
0 0.328646 0.350000 0.325521 0.350926 0.325000 0.349074 0.320833 0.350000 0.320312 0.348148 0.319792 0.348148 0.317708 0.345370 0.317708 0.342593 0.317187 0.340741 0.316667 0.336111 0.317708 0.334259 0.318229 0.332407 0.318750 0.331481 0.319271 0.329630 0.319792 0.329630 0.321354 0.327778 0.323438 0.328704 0.324479 0.326852 0.326042 0.328704 0.327083 0.326852 0.283854 0.325000
0 0.284375 0.325926 0.285937 0.325926 0.289062 0.328704 0.290625 0.329630 0.292188 0.335185 0.291667 0.335185 0.291667 0.340741 0.291146 0.341667 0.291146 0.342593 0.290625 0.343519
0 0.290625 0.345370 0.290104 0.347222 0.287500 0.349074 0.285937 0.349074 0.283854 0.350926 0.282292 0.351852 0.281771 0.350000 0.280208 0.350926 0.279687 0.349074 0.278646 0.349074
0 0.277604 0.348148 0.275521 0.346296 0.274479 0.347222 0.275000 0.344444 0.272917 0.339815 0.273958 0.339815 0.273438 0.334259 0.274479 0.331481 0.277083 0.327778 0.277604 0.327778 0.278646 0.326852 0.281250 0.325000 0.336979 0.409259 0.335417 0.413889 0.332812 0.415741 0.327083 0.416667 0.322917 0.413889 0.321354 0.410185 0.321875 0.406481 0.322917 0.402778 0.323958 0.400000
0 0.326562 0.398148 0.329688 0.397222 0.332292 0.400000 0.334375 0.401852 0.336979 0.405556 0.351562 0.404630 0.348437 0.405556 0.345833 0.404630 0.344271 0.402778 0.343229 0.401852 0.343750 0.399074 0.344271 0.396296 0.345313 0.394444 0.347396 0.393519 0.348958 0.394444 0.351042 0.396296 0.352083 0.398148 0.352083 0.401852 0.347917 0.447222 0.346875 0.448148 0.344271 0.450000 0.341667 0.449074 0.339583 0.447222 0.339063 0.445370 0.339063 0.442593
0 0.339583 0.439815 0.341146 0.438889 0.343229 0.437963 0.344792 0.437963 0.346875 0.439815 0.347396 0.442593 0.347396 0.445370 0.375000 0.471296 0.375521 0.472222 0.376563 0.472222 0.380208 0.475000 0.381250 0.476852 0.383333 0.481481 0.382812 0.482407 0.382812 0.487037 0.382292 0.487963 0.382292 0.489815 0.381771 0.490741 0.381771 0.491667 0.381250 0.493519 0.378125 0.496296 0.377083 0.496296 0.375000 0.497222 0.372917 0.498148 0.372396 0.496296
0 0.371354 0.496296 0.370833 0.496296 0.369271 0.496296 0.368229 0.495370 0.366667 0.492593 0.366146 0.492593 0.365625 0.490741 0.363542 0.487963 0.364583 0.486111 0.364583 0.481481 0.365625 0.477778 0.367708 0.475000 0.368229 0.475000 0.369792 0.473148 0.371875 0.471296 0.311979 0.473148 0.312500 0.474074 0.313542 0.474074 0.317187 0.475926 0.318229 0.477778 0.320312 0.482407 0.319792 0.483333 0.319792 0.487963 0.319271 0.488889 0.319271 0.490741 0.318750 0.491667 0.318750 0.493519 0.318229 0.494444 0.315104 0.497222 0.314063 0.497222 0.311979 0.499074 0.309896 0.500000 0.309375 0.498148 0.308333 0.499074
0 0.307813 0.497222 0.306771 0.497222 0.305208 0.496296 0.304167 0.494444 0.302604 0.494444 0.303125 0.492593 0.300521 0.488889 0.301562 0.487037 0.301562 0.482407 0.302604 0.479630
0 0.305208 0.475926 0.305729 0.475926 0.306771 0.474074 0.308854 0.473148 0.288021 0.465741 0.288542 0.465741 0.289583 0.465741 0.293229 0.468519 0.294271 0.470370 0.296354 0.475000
0 0.295833 0.475926 0.295833 0.480556 0.295312 0.481481 0.295312 0.483333 0.294792 0.484259 0.294792 0.486111 0.294271 0.487037 0.291146 0.489815 0.290104 0.489815 0.288021 0.491667 0.285937 0.492593 0.285417 0.490741 0.284375 0.491667 0.283854 0.489815 0.282292 0.489815 0.281250 0.488889 0.279687 0.486111 0.278646 0.487037 0.279167 0.484259 0.276563 0.481481 0.277604 0.479630 0.277604 0.475000 0.278646 0.471296 0.280729 0.468519 0.281771 0.468519 0.282813 0.466667 0.284896 0.465741 0.308854 0.512037 0.307292 0.516667 0.304167 0.519444 0.298958 0.519444
0 0.294792 0.516667 0.293229 0.512963 0.293750 0.509259 0.294271 0.505556 0.295312 0.502778 0.298438 0.500926 0.301042 0.500000 0.304167 0.502778 0.305729 0.504630 0.308854 0.508333 0.334896 0.470370 0.335417 0.471296 0.336458 0.471296 0.340104 0.474074 0.341146 0.475926 0.343229 0.480556 0.342708 0.481481 0.342708 0.486111 0.342187 0.487037 0.342187 0.488889 0.341667 0.489815 0.341667 0.490741 0.341146 0.492593 0.338021 0.495370 0.336979 0.495370 0.334896 0.496296 0.332812 0.497222 0.332292 0.495370 0.331250 0.496296 0.330729 0.494444 0.329167 0.494444 0.328125 0.494444 0.326562 0.491667
0 0.325521 0.492593 0.326042 0.489815 0.323438 0.487037 0.324479 0.485185 0.324479 0.480556 0.325521 0.476852 0.327604 0.474074 0.328646 0.474074 0.329688 0.472222 0.331771 0.470370 0.226562 0.497222 0.227083 0.498148 0.228125 0.498148 0.231771 0.500926 0.233333 0.502778 0.234896 0.507407 0.234375 0.508333 0.234375 0.512963 0.233854 0.513889 0.233854 0.515741 0.233333 0.516667 0.233333 0.517593 0.232812 0.519444 0.230208 0.522222 0.228646 0.522222 0.226562 0.523148 0.225000 0.523148
0 0.223958 0.522222 0.222917 0.523148 0.222396 0.521296 0.221354 0.521296 0.219792 0.521296 0.218229 0.518519 0.217187 0.519444 0.217708 0.516667 0.215104 0.513889 0.216146 0.512037 0.216146 0.507407 0.217187 0.503704 0.219792 0.500926 0.220313 0.500926 0.221354 0.499074 0.223438 0.497222 0.251042 0.510185 0.258854 0.515741 0.260417 0.519444 0.261979 0.523148 0.261979 0.528704 0.261458 0.529630 0.261458 0.531482 0.257292 0.537037 0.252604 0.539815 0.246875 0.540741 0.246354 0.538889
0 0.243750 0.538889 0.242708 0.537963 0.239063 0.532407 0.238021 0.529630 0.238021 0.527778 0.237500 0.525926 0.237500 0.519444 0.240104 0.514815 0.243229 0.511111 0.246354 0.512037 0.247396 0.510185
0 0.182812 0.471296 0.183333 0.472222 0.184375 0.472222 0.188021 0.475000 0.189063 0.475926 0.191146 0.481481 0.190625 0.482407 0.190625 0.487037 0.190104 0.487963 0.190104 0.488889 0.189583 0.489815
0 0.189583 0.491667 0.189063 0.493519 0.185937 0.495370 0.184896 0.495370 0.182812 0.497222 0.180729 0.498148 0.180208 0.496296 0.179167 0.497222 0.178646 0.495370 0.177604 0.495370 0.176042 0.494444
0 0.174479 0.492593 0.173438 0.493519 0.173958 0.490741 0.171354 0.487963 0.172396 0.486111 0.172396 0.480556 0.173438 0.477778 0.176042 0.474074 0.176563 0.475000
0 0.177604 0.473148 0.179688 0.471296 0.224479 0.467593 0.225000 0.467593 0.226042 0.467593 0.229687 0.470370 0.231250 0.472222 0.232812 0.476852 0.232292 0.477778 0.232292 0.482407 0.231771 0.483333 0.231771 0.485185 0.231250 0.486111 0.231250 0.487963 0.230729 0.488889 0.228125 0.491667 0.226562 0.491667 0.224479 0.493519 0.222917 0.493519 0.221875 0.492593 0.220833 0.493519 0.220313 0.491667 0.219271 0.491667 0.217708 0.490741 0.216146 0.487963 0.215104 0.488889
0 0.215625 0.486111 0.213021 0.483333 0.214062 0.481481 0.214062 0.476852 0.215104 0.473148 0.217708 0.470370 0.218229 0.470370 0.219271 0.468519 0.221354 0.466667 0.171354 0.530556 0.179167 0.536111 0.180729 0.538889 0.181771 0.543519 0.182292 0.549074 0.181771 0.550000 0.181771 0.550926 0.177604 0.557407 0.172917 0.560185 0.167187 0.561111 0.166667 0.559259 0.164062 0.559259 0.163021 0.558333 0.159375 0.552778 0.157813 0.550000 0.158333 0.547222 0.157292 0.546296 0.157813 0.539815 0.160417 0.535185 0.163542 0.530556 0.167187 0.530556 0.167708 0.530556 0.097917 0.587037 0.105729 0.593518 0.107292 0.596296 0.108854 0.600000 0.108854 0.606481 0.108333 0.606481
0 0.108333 0.608333 0.104167 0.613889 0.099479 0.617593 0.093750 0.618519 0.093229 0.616667 0.091146 0.616667 0.089583 0.615741 0.085938 0.610185 0.084896 0.606481 0.084896 0.603704 0.084375 0.603704 0.084896 0.597222 0.086979 0.591667 0.090104 0.587963 0.093229 0.588889 0.094271 0.587037 0.075521 0.561111 0.083333 0.566667 0.084896 0.570370 0.086458 0.574074 0.086458 0.579630 0.085938 0.580556 0.085938 0.582407 0.081771 0.587963 0.077604 0.591667 0.071354 0.590741 0.070833 0.590741 0.068750 0.590741 0.067188 0.589815 0.063542 0.583333 0.062500 0.580556 0.062500 0.578704
0 0.061979 0.576852 0.062500 0.570370 0.064583 0.565741 0.068229 0.562037 0.070833 0.562963 0.071875 0.561111 0.052083 0.580556 0.059896 0.586111 0.061979 0.588889 0.063021 0.593518 0.063021 0.599074 0.062500 0.600000 0.062500 0.601852 0.058854 0.607407 0.054167 0.610185 0.047917 0.611111 0.047396 0.609259 0.045313 0.609259 0.044271 0.608333 0.040625 0.602778 0.039062 0.600000 0.039062 0.598148 0.038542 0.596296 0.039062 0.589815 0.041146 0.585185 0.044792 0.580556 0.047917 0.581481 0.048958 0.580556 0.007812 0.590741 0.015104 0.596296
0 0.017188 0.600000 0.018229 0.603704 0.018750 0.609259 0.017708 0.610185 0.017708 0.612037 0.014062 0.617593 0.009375 0.620370 0.003646 0.621296 0.003125 0.619444 0.000521 0.619444 0.000000 0.591667 0.003125 0.592593 0.004167 0.590741 0.058854 0.720370 0.066667 0.725926 0.068750 0.729630 0.069792 0.733333 0.069792 0.739815 0.069271 0.739815 0.069271 0.741667 0.065625 0.747222 0.060938 0.750926 0.055208 0.750926 0.054167 0.750000 0.052083 0.750000 0.051042 0.749074 0.047396 0.743519 0.045833 0.739815
0 0.045833 0.737963 0.045313 0.736111 0.045833 0.729630 0.047917 0.725000 0.051562 0.721296 0.054688 0.722222 0.055729 0.720370 0.076042 0.754630 0.083333 0.760185 0.085417 0.763889 0.086458 0.767593 0.086979 0.773148 0.085938 0.774074 0.086458 0.775926 0.082292 0.781482 0.077604 0.784259 0.071875 0.785185 0.071354 0.783333 0.068750 0.783333 0.067708 0.783333 0.064062 0.776852 0.063021 0.774074 0.062500 0.772222 0.061979 0.770370 0.062500 0.763889 0.065104 0.759259 0.068229 0.755556 0.071354 0.756481 0.072396 0.754630 0.016146 0.673148 0.016667 0.674074 0.017708 0.674074 0.018229 0.675000 0.019792 0.675926
0 0.020312 0.676852 0.021354 0.679630 0.021354 0.681481 0.021875 0.682407 0.021875 0.687037 0.021354 0.687963 0.021354 0.690741 0.020833 0.691667 0.020833 0.692593
0 0.018750 0.695370 0.018229 0.695370 0.017708 0.696296 0.016146 0.696296 0.015625 0.697222 0.010937 0.698148 0.010417 0.696296 0.009375 0.697222 0.008854 0.695370
0 0.008333 0.695370 0.006250 0.694444 0.006771 0.692593 0.005729 0.690741 0.005208 0.684259 0.006250 0.682407 0.006771 0.679630 0.009896 0.675000 0.010937 0.675000 0.012500 0.673148 0.034375 0.708333 0.034896 0.709259 0.035937 0.709259 0.036458 0.710185 0.038542 0.711111 0.038542 0.712037 0.039583 0.714815 0.039583 0.716667 0.040104 0.717593 0.040625 0.722222 0.040104 0.723148 0.040104 0.725926 0.039583 0.726852 0.039583 0.727778 0.036979 0.730556 0.036458 0.730556 0.035937 0.731481 0.034896 0.731481 0.034375 0.732407 0.029687 0.733333 0.029167 0.731481 0.027604 0.732407 0.027083 0.730556 0.026563 0.730556 0.025000 0.729630 0.025521 0.727778 0.023958 0.725926 0.023438 0.719444
0 0.024479 0.717593 0.025000 0.714815 0.028646 0.710185 0.029167 0.710185 0.030729 0.708333 0.103125 0.735185 0.104167 0.736111 0.105208 0.736111 0.105729 0.737037 0.107292 0.737963 0.107292 0.738889 0.108854 0.741667 0.108854 0.743519 0.109375 0.744444 0.109375 0.749074 0.108854 0.750000 0.108854 0.752778 0.108333 0.753704 0.108333 0.754630 0.106250 0.757407 0.105729 0.757407 0.104687 0.758333 0.103646 0.758333 0.103125 0.759259 0.098438 0.760185 0.097917 0.758333 0.096875 0.759259 0.096354 0.757407 0.095833 0.757407 0.093750 0.756481 0.094271 0.754630 0.093229 0.752778 0.092708 0.746296
0 0.093750 0.744444 0.094271 0.741667 0.097396 0.737037 0.097917 0.737037 0.100000 0.735185 0.104167 0.703704 0.104687 0.704630 0.106250 0.704630 0.106771 0.704630 0.108333 0.705556 0.108333 0.706481 0.109896 0.709259 0.109896 0.712037 0.110417 0.712037 0.110417 0.717593 0.109896 0.718518 0.109896 0.720370 0.109375 0.721296 0.109375 0.722222 0.107292 0.725000 0.106250 0.725000 0.105729 0.725926 0.104687 0.725926 0.104167 0.726852 0.099479 0.727778 0.098958 0.725926 0.097917 0.725926 0.096875 0.725000 0.096354 0.725000 0.095312 0.723148 0.094271 0.720370 0.093229 0.713889 0.094271 0.712037 0.094792 0.710185
0 0.098438 0.704630 0.098958 0.704630 0.100521 0.703704 0.063021 0.825926 0.063542 0.826852 0.064062 0.826852 0.065104 0.827778 0.065104 0.828704 0.067188 0.833333 0.067188 0.838889 0.066667 0.839815 0.066667 0.840741 0.064062 0.844444 0.063542 0.844444 0.062500 0.845370 0.059375 0.846296 0.058854 0.844444 0.055729 0.844444 0.052604 0.840741 0.053125 0.838889 0.052604 0.837037 0.052604 0.832407 0.053125 0.832407 0.053646 0.829630 0.055208 0.826852 0.057292 0.826852 0.057813 0.826852 0.058854 0.827778 0.059896 0.825926 0.117708 0.858333 0.118229 0.859259 0.118750 0.859259 0.119792 0.861111 0.119792 0.862037
0 0.121875 0.865741 0.121875 0.871296 0.121354 0.872222 0.121354 0.873148 0.118750 0.876852 0.118229 0.876852 0.117188 0.877778 0.114063 0.878704 0.113542 0.876852 0.110417 0.876852 0.107813 0.873148 0.107813 0.871296 0.107292 0.869444 0.106771 0.866667 0.107813 0.864815 0.108333 0.862037 0.109896 0.860185 0.111458 0.861111 0.112500 0.859259 0.113542 0.860185 0.114583 0.858333 0.097396 0.886111 0.097917 0.887037 0.098438 0.887037 0.099479 0.888889 0.100000 0.889815 0.101562 0.893519 0.101562 0.899074 0.101042 0.900000 0.101042 0.900926 0.098438 0.904630 0.097917 0.904630 0.097396 0.905556
0 0.093750 0.906482 0.093229 0.904630 0.090104 0.904630 0.087500 0.900926 0.087500 0.899074 0.086979 0.897222 0.086458 0.894444 0.087500 0.892593 0.088021 0.890741 0.089583 0.887963 0.091146 0.888889 0.092188 0.887037 0.093229 0.887963 0.094271 0.886111 0.081771 0.852778 0.082292 0.853704 0.083333 0.853704 0.084896 0.854630 0.085938 0.856481 0.088542 0.858333 0.089062 0.859259 0.089062 0.861111 0.089583 0.862037 0.089583 0.870370 0.089062 0.871296 0.089062 0.872222 0.086458 0.876852 0.085417 0.876852 0.083854 0.876852 0.083333 0.877778 0.077604 0.878704
0 0.077083 0.876852 0.074479 0.876852 0.071875 0.873148 0.070312 0.872222 0.070833 0.870370 0.070312 0.868519 0.069792 0.864815 0.070833 0.862963 0.071354 0.859259 0.072917 0.856481 0.076563 0.853704 0.077604 0.854630 0.078646 0.852778 0.085417 0.802778 0.085938 0.803704 0.086979 0.803704 0.088021 0.805556 0.088021 0.806481 0.089583 0.810185 0.090104 0.815741 0.089583 0.816667 0.089583 0.817593 0.086458 0.822222 0.085938 0.822222 0.085417 0.822222 0.081771 0.823148 0.081250 0.821296 0.078125 0.821296 0.076042 0.817593 0.076042 0.814815 0.075000 0.813889 0.074479 0.811111 0.075521 0.809259
0 0.076042 0.807407 0.078125 0.804630 0.079167 0.805556 0.080208 0.803704 0.081771 0.804630 0.082813 0.802778 0.040625 0.911111 0.041146 0.912037 0.043750 0.913889 0.044792 0.914815 0.044792 0.916667 0.045833 0.918519 0.045833 0.925000 0.044792 0.927778
0 0.044271 0.931481 0.041146 0.935185 0.033854 0.935185 0.033333 0.936111 0.030208 0.933333 0.030729 0.932407 0.029687 0.931481 0.030208 0.929630 0.029687 0.927778 0.029167 0.921296 0.030208 0.919444 0.031250 0.915741 0.032812 0.912963 0.033333 0.913889
0 0.034375 0.912037 0.035937 0.912963 0.036979 0.911111 0.013542 0.904630 0.014062 0.905556 0.017188 0.906482 0.017708 0.907407 0.017708 0.909259 0.018750 0.912037 0.018750 0.918519 0.017708 0.920370 0.017188 0.925000 0.014062 0.927778 0.006771 0.927778
0 0.006250 0.928704 0.003646 0.925926 0.004167 0.924074 0.003125 0.924074 0.003125 0.922222 0.002604 0.920370 0.002083 0.913889 0.003125 0.912037 0.004167 0.908333 0.005729 0.905556 0.006771 0.906482 0.007812 0.904630 0.009375 0.904630 0.009896 0.904630 0.000000 0.924074 0.001042 0.925000 0.001042 0.926852 0.002083 0.928704 0.002083 0.935185 0.001042 0.937963 0.000521 0.941667 0.002604 0.965741 0.002604 0.967593 0.000521 0.971296 0.002083 0.959259 0.003125 0.963889 0.063542 0.862963 0.064062 0.864815 0.061458 0.868519 0.056771 0.867593 0.054167 0.864815 0.053125 0.860185 0.054688 0.856481
0 0.057813 0.854630 0.063021 0.856481 0.064583 0.861111 0.111458 0.965741 0.111979 0.966667 0.114063 0.967593 0.115104 0.969444 0.115625 0.969444 0.118229 0.972222 0.118229 0.976852 0.118750 0.977778 0.118229 0.977778 0.118229 0.979630 0.117188 0.981481 0.117188 0.982407 0.116146 0.984259 0.115625 0.984259 0.115104 0.984259 0.113542 0.984259 0.113021 0.985185 0.110937 0.986111 0.110417 0.984259 0.108854 0.985185 0.108333 0.983333 0.107292 0.983333 0.105208 0.982407 0.105729 0.980556 0.104167 0.978704 0.103646 0.975926 0.104167 0.975000 0.104687 0.972222 0.107813 0.968518 0.108333 0.968518
0 0.109896 0.966667 0.110937 0.966667 0.102083 0.998148 0.081771 0.995370 0.083333 0.989815 0.084896 0.986111 0.089062 0.984259 0.091667 0.984259 0.097917 0.985185 0.101042 0.988889 0.102083 0.993519 0.010937 0.781482 0.014583 0.781482 0.015104 0.782407 0.016667 0.783333 0.016667 0.784259 0.018229 0.787037 0.018229 0.787963 0.018750 0.788889 0.018750 0.790741 0.018229 0.791667 0.018229 0.794444 0.017708 0.795370 0.016667 0.800000 0.015625 0.800926 0.015625 0.801852 0.015104 0.801852 0.014583 0.802778 0.010937 0.802778 0.010417 0.803704 0.007292 0.804630 0.006771 0.802778 0.005208 0.801852
0 0.004167 0.800926 0.003646 0.799074 0.002604 0.800000 0.003125 0.798148 0.002604 0.796296 0.002083 0.792593 0.003125 0.790741 0.003125 0.787963 0.004167 0.786111 0.006250 0.782407 0.006250 0.783333 0.007292 0.781482 0.210938 0.862037 0.215104 0.864815
0 0.216146 0.868519 0.218750 0.871296 0.218750 0.877778 0.217708 0.880556 0.217708 0.882407 0.211979 0.888889 0.207292 0.888889 0.206771 0.889815 0.204688 0.890741 0.204167 0.888889 0.202604 0.888889 0.201042 0.888889 0.201562 0.887037 0.197396 0.883333 0.197917 0.880556 0.197396 0.880556 0.197396 0.871296 0.202083 0.862963 0.203125 0.863889 0.204167 0.862037 0.210417 0.862037 0.227604 0.887963 0.228125 0.888889 0.229687 0.888889 0.230208 0.889815 0.231771 0.889815 0.232292 0.890741 0.232812 0.890741 0.233854 0.892593 0.233854 0.894444 0.234375 0.895370 0.234896 0.899074 0.233854 0.900000
0 0.234375 0.901852 0.232812 0.903704 0.232292 0.903704 0.230729 0.905556 0.229687 0.905556 0.229167 0.906482 0.225521 0.907407 0.225000 0.905556 0.224479 0.905556 0.221354 0.902778 0.221875 0.900000 0.221354 0.900000 0.220833 0.895370 0.221875 0.893519 0.222396 0.891667 0.223438 0.889815 0.223438 0.890741 0.224479 0.888889 0.225000 0.889815 0.226042 0.887963 0.236979 0.995370 0.223958 0.997222 0.223958 0.993519 0.225521 0.989815 0.227083 0.987963 0.230729 0.987037 0.233333 0.987037 0.236458 0.988889 0.202604 0.804630 0.203125 0.805556 0.204688 0.805556 0.205208 0.806481 0.206771 0.806481
0 0.207292 0.807407 0.207813 0.807407 0.208854 0.808333 0.208854 0.810185 0.209896 0.811111 0.209896 0.814815 0.209375 0.815741 0.209375 0.818519 0.208333 0.820370 0.207292 0.820370 0.205729 0.821296 0.204688 0.821296 0.204167 0.822222 0.200521 0.823148 0.200000 0.821296 0.199479 0.821296 0.196354 0.819444 0.196875 0.817593 0.196354 0.815741 0.195833 0.812037 0.196875 0.810185 0.197396 0.807407
0 0.198437 0.806481 0.198437 0.807407 0.199479 0.805556 0.200521 0.805556 0.201562 0.804630 0.191667 0.779630 0.192708 0.779630 0.194271 0.779630 0.194792 0.780556 0.195833 0.780556 0.196354 0.781482 0.197396 0.781482 0.198437 0.783333 0.198437 0.785185 0.198958 0.786111 0.198958 0.789815 0.198437 0.790741 0.198437 0.793519 0.197396 0.794444 0.196875 0.794444 0.195312 0.796296 0.193750 0.796296 0.193229 0.797222 0.190104 0.797222 0.189063 0.796296 0.188542 0.796296 0.185937 0.793519 0.186458 0.792593 0.185937 0.790741 0.185417 0.785185 0.185937 0.785185 0.186458 0.782407 0.188021 0.780556
0 0.188021 0.781482 0.189063 0.779630 0.190104 0.779630 0.190625 0.779630 0.197396 0.731481 0.197917 0.732407 0.199479 0.732407 0.200521 0.733333 0.201562 0.733333 0.202083 0.734259 0.202604 0.734259 0.203646 0.735185 0.203646 0.737037 0.204688 0.737963 0.204688 0.741667 0.204167 0.742593 0.204167 0.745370 0.203125 0.747222 0.202083 0.747222 0.200521 0.748148 0.199479 0.748148 0.198958 0.749074 0.195312 0.750000 0.194792 0.748148 0.194271 0.748148 0.191146 0.746296 0.191667 0.744444 0.191146 0.742593 0.190625 0.738889 0.191667 0.737037 0.192188 0.734259 0.193229 0.733333 0.193229 0.734259
0 0.194271 0.732407 0.195312 0.733333 0.196354 0.731481 0.250000 0.708333 0.250521 0.709259 0.252604 0.709259 0.253125 0.710185 0.254167 0.710185 0.254687 0.711111 0.255208 0.711111 0.256771 0.712963 0.256771 0.714815 0.257292 0.714815 0.257292 0.719444 0.256771 0.720370 0.256771 0.722222 0.255729 0.724074 0.255208 0.724074 0.253125 0.725926 0.252083 0.725926 0.251563 0.726852 0.247917 0.725926
0 0.247396 0.725926 0.246875 0.725926 0.243750 0.723148 0.244271 0.721296 0.243750 0.719444 0.243229 0.715741 0.244271 0.713889 0.244792 0.712037 0.245833 0.710185 0.246354 0.710185 0.247396 0.709259 0.247917 0.710185 0.248958 0.708333 0.252083 0.675926 0.252604 0.676852 0.254167 0.676852 0.254687 0.676852 0.256250 0.676852 0.256771 0.677778 0.257292 0.677778 0.258333 0.679630 0.258333 0.681481
0 0.258854 0.682407 0.259375 0.686111 0.258333 0.687037 0.258854 0.689815 0.257292 0.690741 0.256771 0.690741 0.255208 0.692593 0.254167 0.692593 0.253646 0.693519 0.250000 0.694444 0.249479 0.692593 0.248958 0.692593 0.245833 0.689815 0.246354 0.688889 0.245833 0.687037 0.245312 0.683333 0.246354 0.681481 0.246875 0.678704 0.247917 0.676852 0.247917 0.677778 0.248958 0.675926 0.250000 0.675926
0 0.250521 0.675926 0.267708 0.692593 0.268229 0.693519 0.269792 0.693519 0.270833 0.694444 0.271875 0.694444 0.272396 0.695370 0.272917 0.695370 0.273958 0.696296 0.273958 0.698148 0.275000 0.699074 0.275000 0.702778 0.274479 0.703704 0.274479 0.706481 0.273438 0.708333 0.272396 0.708333 0.270833 0.709259 0.269792 0.709259 0.269271 0.710185 0.265625 0.711111 0.265104 0.709259 0.264583 0.709259
0 0.261458 0.707407 0.261979 0.705556 0.261458 0.703704 0.260938 0.700000 0.261979 0.698148 0.262500 0.695370 0.263542 0.694444 0.263542 0.695370 0.264583 0.693519 0.265625 0.694444 0.266667 0.692593 0.301562 0.762963 0.302083 0.763889 0.303646 0.763889 0.304167 0.764815 0.305729 0.764815 0.306250 0.765741 0.306771 0.765741 0.307813 0.766667 0.307813 0.768519 0.308333 0.769444 0.308854 0.773148
0 0.308333 0.774074 0.308333 0.776852 0.306771 0.778704 0.306250 0.778704 0.304688 0.779630 0.303646 0.779630 0.303125 0.780556 0.299479 0.781482 0.298958 0.779630 0.298438 0.779630 0.295312 0.777778 0.295833 0.775926 0.295312 0.774074 0.294792 0.770370 0.295833 0.768519 0.296354 0.765741 0.297396 0.764815 0.297396 0.765741 0.298438 0.763889 0.299479 0.763889 0.300521 0.762963 0.315625 0.723148
0 0.316146 0.723148 0.317708 0.723148 0.318750 0.724074 0.319792 0.724074 0.320312 0.725000 0.320833 0.725000 0.321875 0.726852 0.321875 0.728704 0.322917 0.729630 0.322917 0.733333 0.322396 0.734259 0.322396 0.737037 0.321354 0.737963 0.320312 0.737963 0.318750 0.739815 0.317708 0.739815 0.317187 0.740741 0.313542 0.741667 0.313021 0.739815 0.312500 0.739815 0.309375 0.737037 0.309896 0.736111
0 0.309375 0.734259 0.309375 0.728704 0.309896 0.728704 0.310417 0.725926 0.311458 0.724074 0.311458 0.725000 0.312500 0.723148 0.313542 0.723148 0.314583 0.723148 0.314063 0.688889 0.315104 0.689815 0.316667 0.689815 0.317187 0.690741 0.318229 0.690741 0.318750 0.691667 0.319792 0.691667 0.320833 0.692593 0.320833 0.694444 0.321354 0.695370 0.321354 0.699074 0.320833 0.700000 0.320833 0.702778
0 0.319792 0.704630 0.319271 0.704630 0.317708 0.705556 0.316146 0.705556 0.315625 0.706481 0.312500 0.706481 0.311458 0.705556 0.310937 0.705556 0.308333 0.703704 0.308854 0.700926 0.307813 0.700000 0.307292 0.696296 0.308333 0.694444 0.308854 0.691667 0.310417 0.690741 0.310417 0.691667 0.311458 0.689815 0.311979 0.690741 0.313021 0.688889 0.306250 0.660185 0.307292 0.661111 0.308854 0.661111 0.309375 0.662037 0.310417 0.662037 0.310937 0.662963 0.311979 0.662963 0.313021 0.664815 0.313021 0.666667 0.313542 0.666667 0.313542 0.671296 0.313021 0.672222 0.313021 0.674074 0.311979 0.675926
0 0.311458 0.675926 0.309896 0.677778 0.308333 0.677778 0.307813 0.678704 0.304688 0.678704 0.303646 0.677778 0.303125 0.677778 0.300521 0.675000 0.301042 0.672222 0.300000 0.671296 0.299479 0.667593 0.300521 0.665741 0.301042 0.663889 0.302604 0.662037 0.302604 0.662963 0.303646 0.661111 0.304167 0.662037 0.305208 0.660185 0.296354 0.683333 0.296875 0.684259 0.297917 0.684259 0.298958 0.686111 0.304167 0.688889 0.304688 0.690741 0.304688 0.693519 0.305208 0.694444 0.304688 0.696296 0.304688 0.700000 0.302604 0.706481 0.299479 0.710185 0.297396 0.712037 0.294271 0.712037 0.293750 0.712037
0 0.289583 0.712037 0.286979 0.710185 0.284375 0.706481 0.282813 0.701852 0.282292 0.694444 0.282813 0.692593 0.283333 0.690741 0.286979 0.685185 0.289062 0.684259 0.295833 0.684259 0.297396 0.557407 0.300521 0.557407 0.301042 0.558333 0.303125 0.558333 0.305208 0.561111 0.305208 0.562037 0.306771 0.563889 0.306771 0.565741 0.307292 0.566667 0.307292 0.567593 0.306771 0.568519 0.306771 0.573148 0.306250 0.574074 0.305208 0.577778 0.302604 0.580556 0.300000 0.580556 0.299479 0.580556 0.295312 0.580556 0.290625 0.578704 0.291146 0.577778 0.290104 0.576852 0.290625 0.574074 0.288542 0.574074
0 0.289062 0.572222 0.288542 0.570370 0.288542 0.565741 0.289583 0.563889 0.290104 0.561111 0.291667 0.559259 0.292708 0.559259 0.294271 0.557407 0.348437 0.595370 0.348958 0.596296 0.353125 0.596296 0.353646 0.597222 0.354167 0.597222 0.356250 0.599074 0.356250 0.607407 0.355729 0.608333 0.355729 0.610185 0.353646 0.612963 0.351562 0.612963 0.351042 0.613889 0.347396 0.614815 0.346875 0.612963 0.345833 0.612963 0.343229 0.610185 0.342708 0.608333 0.342708 0.600926 0.343229 0.600000 0.343750 0.598148 0.344271 0.598148 0.345313 0.596296 0.346354 0.596296 0.346875 0.596296 0.347917 0.596296
0 0.334375 0.583333 0.334896 0.584259 0.339063 0.584259 0.339583 0.585185 0.340625 0.585185 0.342187 0.587963 0.342187 0.596296 0.341667 0.597222 0.341667 0.598148 0.339583 0.601852 0.338021 0.601852 0.337500 0.602778 0.333854 0.603704 0.333333 0.601852 0.331771 0.601852 0.329167 0.599074 0.329688 0.598148 0.329167 0.596296 0.328646 0.588889 0.329167 0.588889 0.329688 0.587037 0.330729 0.587037 0.331771 0.585185 0.331771 0.586111 0.332812 0.584259 0.333854 0.584259 0.261458 0.615741 0.261979 0.616667 0.266146 0.616667 0.266667 0.617593 0.267188 0.617593 0.269271 0.620370 0.269271 0.627778
0 0.268750 0.628704 0.268750 0.630556 0.266667 0.633333 0.264583 0.633333 0.264062 0.634259 0.260938 0.634259 0.259896 0.633333 0.258854 0.633333 0.256250 0.631481 0.256771 0.629630 0.255729 0.628704 0.255729 0.621296 0.256250 0.620370 0.256771 0.618519 0.257292 0.618519 0.258854 0.617593 0.258854 0.618519 0.259896 0.616667 0.260938 0.616667 0.267708 0.587963 0.268229 0.588889 0.272396 0.588889 0.272917 0.589815 0.273438 0.589815 0.275521 0.592593 0.275521 0.600926
0 0.275000 0.600926 0.275000 0.602778 0.272396 0.606481 0.270833 0.606481 0.270312 0.607407 0.266667 0.606481 0.266146 0.606481 0.265104 0.606481 0.261979 0.603704 0.262500 0.602778 0.261979 0.600926 0.261979 0.593518 0.262500 0.593518 0.263021 0.591667 0.263542 0.591667 0.264583 0.589815 0.264583 0.590741 0.265625 0.588889 0.267188 0.588889 0.245833 0.594444 0.246354 0.595370 0.250521 0.595370 0.251042 0.596296 0.251563 0.596296 0.253125 0.598148 0.253646 0.606481
0 0.253125 0.607407 0.253125 0.609259 0.250521 0.612037 0.248958 0.612037 0.248437 0.612963 0.244792 0.613889 0.244271 0.612037 0.243229 0.612037 0.240104 0.610185 0.240625 0.609259 0.240104 0.607407 0.240104 0.600000 0.240625 0.599074 0.241146 0.597222 0.241667 0.597222 0.242708 0.596296 0.242708 0.597222 0.243750 0.595370 0.244792 0.595370 0.247917 0.552778 0.248958 0.553704 0.252604 0.553704 0.253646 0.554630 0.254167 0.554630 0.255729 0.556481 0.255729 0.564815
0 0.255208 0.565741 0.255208 0.567593 0.253125 0.570370 0.251563 0.570370 0.251042 0.571296 0.247396 0.572222 0.246875 0.570370 0.245312 0.570370 0.243229 0.567593 0.242708 0.565741 0.242188 0.558333 0.243229 0.557407 0.243750 0.555556 0.244271 0.555556 0.245312 0.553704 0.245833 0.553704 0.246354 0.553704 0.247396 0.553704 0.230208 0.567593 0.233854 0.567593 0.234375 0.568519 0.235938 0.568519 0.238542 0.571296 0.238542 0.572222 0.239583 0.574074 0.239583 0.575926 0.240104 0.576852 0.240104 0.577778 0.239583 0.578704 0.239583 0.583333 0.239063 0.584259
0 0.238021 0.587963 0.235938 0.590741 0.232812 0.590741 0.232292 0.591667 0.228125 0.591667 0.223438 0.588889 0.223958 0.587963 0.222917 0.587037 0.223438 0.584259 0.221875 0.584259 0.222396 0.581481 0.221354 0.580556 0.221354 0.575926 0.222396 0.574074 0.222917 0.571296 0.225000 0.569444 0.225521 0.569444 0.227083 0.567593 0.313542 0.528704 0.317187 0.528704 0.317708 0.529630 0.319792 0.530556 0.320833 0.532407 0.320833 0.533333 0.321354 0.534259 0.321354 0.536111
0 0.321875 0.537037 0.322396 0.543519 0.320833 0.545370 0.320833 0.546296 0.317708 0.550926 0.313542 0.550926 0.313021 0.551852 0.309896 0.552778 0.309375 0.550926 0.305729 0.550000 0.306250 0.547222 0.304688 0.543519 0.304688 0.540741 0.305208 0.540741 0.304688 0.537963 0.305729 0.536111 0.306771 0.532407 0.307813 0.530556 0.308333 0.530556 0.310417 0.528704 0.354688 0.573148 0.355208 0.574074 0.359375 0.574074 0.359896 0.575000 0.360417 0.575000
0 0.362500 0.577778 0.362500 0.585185 0.361979 0.586111 0.361979 0.587963 0.359375 0.590741 0.357812 0.590741 0.357292 0.591667 0.353646 0.592593 0.353125 0.590741 0.352083 0.590741 0.348958 0.588889 0.349479 0.587963 0.348958 0.586111 0.348958 0.578704 0.350000 0.576852 0.350521 0.576852 0.351562 0.575000 0.352083 0.575000 0.353125 0.574074 0.354167 0.574074 0.266667 0.645370 0.267188 0.649074 0.264583 0.651852 0.260938 0.651852 0.258333 0.649074
0 0.257292 0.644444 0.258854 0.641667 0.260938 0.639815 0.265625 0.640741 0.254167 0.768519 0.254167 0.772222 0.252083 0.775000 0.247917 0.775000 0.245833 0.772222 0.244792 0.767593 0.246354 0.764815 0.247917 0.762963 0.252604 0.763889 0.343229 0.807407 0.343750 0.808333 0.344792 0.808333 0.345313 0.809259 0.347396 0.810185 0.348437 0.812037 0.348437 0.812963 0.350000 0.815741 0.350521 0.823148 0.348958 0.824074 0.348958 0.825000 0.347917 0.827778
0 0.347396 0.827778 0.345833 0.829630 0.344792 0.829630 0.344271 0.829630 0.341146 0.830556 0.340625 0.828704 0.337500 0.828704 0.336979 0.828704 0.335938 0.829630 0.335417 0.827778
0 0.334896 0.827778 0.333333 0.827778 0.333854 0.825926 0.332292 0.824074 0.333333 0.822222 0.331771 0.822222 0.332812 0.820370 0.332292 0.818519 0.332812 0.817593 0.333333 0.814815 0.334375 0.813889 0.334896 0.811111 0.335938 0.809259 0.336979 0.809259 0.338021 0.809259 0.338542 0.810185 0.339583 0.808333 0.341146 0.809259 0.342187 0.807407 0.380208 0.841667 0.380729 0.841667 0.381771 0.841667 0.382292 0.842593 0.384375 0.843518 0.384375 0.844444
0 0.385417 0.846296 0.385417 0.847222 0.386979 0.849074 0.387500 0.856481 0.385938 0.858333 0.385938 0.859259 0.384896 0.862037 0.384375 0.862037 0.382812 0.862963 0.381771 0.862963
0 0.381250 0.863889 0.378125 0.864815 0.377604 0.862963 0.374479 0.863889 0.373958 0.862037 0.372917 0.862963 0.372396 0.861111 0.371875 0.861111 0.370833 0.860185 0.369271 0.858333 0.369792 0.856481 0.368750 0.855556 0.369271 0.854630 0.369271 0.852778 0.369792 0.851852 0.370313 0.849074 0.371354 0.847222 0.371875 0.845370 0.372917 0.843518 0.373958 0.843518 0.375000 0.842593 0.375521 0.843518 0.376563 0.841667 0.378646 0.841667 0.379167 0.841667 0.383333 0.761111 0.383854 0.762037 0.384375 0.762037 0.387500 0.765741 0.387500 0.766667 0.388021 0.767593 0.388021 0.769444
0 0.389062 0.770370 0.389062 0.771296 0.387500 0.774074 0.388021 0.775926 0.386979 0.775926 0.386979 0.776852 0.386458 0.777778 0.385938 0.777778 0.383333 0.780556 0.380208 0.781482 0.379687 0.779630 0.378646 0.780556 0.378125 0.778704 0.376563 0.778704 0.375000 0.777778
0 0.375521 0.776852 0.375000 0.775000 0.375000 0.773148 0.373958 0.772222 0.374479 0.771296 0.374479 0.769444 0.375000 0.768519 0.375000 0.767593 0.375521 0.766667 0.376042 0.764815 0.377604 0.762037 0.378125 0.762037 0.379687 0.761111 0.467187 0.648148 0.467708 0.649074 0.468750 0.649074 0.473437 0.651852 0.475000 0.654630 0.475521 0.656482 0.476042 0.656482 0.476042 0.660185 0.475521 0.661111 0.475521 0.662963 0.473437 0.669444 0.471354 0.672222 0.470833 0.672222 0.469792 0.674074 0.467708 0.675000 0.459896 0.673148 0.457292 0.669444 0.456771 0.666667 0.455729 0.665741 0.455208 0.657407 0.456250 0.656482 0.456771 0.653704
0 0.457812 0.651852 0.459896 0.650000 0.464063 0.649074 0.465625 0.648148 0.409896 0.712037 0.409375 0.717593 0.404167 0.718518 0.401042 0.714815 0.400000 0.711111 0.400000 0.705556 0.403646 0.703704 0.406250 0.703704 0.409896 0.707407 0.402604 0.668519 0.401563 0.673148 0.396875 0.674074 0.393750 0.671296 0.392708 0.667593 0.392708 0.662037 0.396354 0.660185 0.398958 0.660185 0.402604 0.663889 0.400521 0.593518
0 0.401042 0.594444 0.402604 0.594444 0.407292 0.598148 0.408854 0.600000 0.408854 0.601852 0.409375 0.602778 0.409375 0.605556 0.408854 0.606481 0.408854 0.609259 0.406771 0.615741 0.405208 0.618519 0.404687 0.618519 0.403646 0.619444 0.401042 0.621296 0.393750 0.618519 0.391146 0.615741 0.390625 0.612963 0.389062 0.611111 0.388542 0.604630 0.389583 0.602778 0.390104 0.599074 0.391146 0.597222 0.393750 0.596296 0.397917 0.595370 0.399479 0.593518 0.441667 0.691667 0.445312 0.691667 0.445833 0.692593 0.446354 0.692593 0.449479 0.697222 0.449479 0.698148 0.450521 0.700000
0 0.451042 0.706481 0.450000 0.707407 0.450521 0.710185 0.448438 0.712037 0.448438 0.712963 0.446354 0.715741 0.439063 0.715741 0.438542 0.717593 0.438021 0.715741 0.436458 0.714815 0.433854 0.712963
0 0.434375 0.711111 0.433333 0.710185 0.433333 0.706481 0.432292 0.705556 0.432813 0.703704 0.433333 0.703704 0.432813 0.700000 0.433333 0.699074 0.433854 0.697222 0.434375 0.697222 0.434896 0.695370 0.437500 0.691667 0.488542 0.817593 0.489062 0.818519 0.490625 0.818519 0.494271 0.821296 0.494271 0.823148 0.494792 0.824074 0.495313 0.828704 0.493750 0.831481 0.494271 0.832407 0.492708 0.834259 0.492188 0.834259 0.491146 0.836111 0.490625 0.836111 0.489062 0.837963 0.486458 0.837037 0.485938 0.837037 0.484896 0.837963 0.484375 0.836111 0.482292 0.835185 0.480729 0.834259
0 0.481250 0.833333 0.480729 0.831481 0.479688 0.825000 0.481250 0.825000 0.480729 0.823148 0.483333 0.819444 0.483854 0.819444 0.486458 0.817593 0.449479 0.950000 0.450521 0.950000 0.453125 0.951852 0.455208 0.954630 0.455208 0.955556 0.455729 0.956481 0.455729 0.957407 0.456250 0.958333 0.456250 0.961111 0.455729 0.962037 0.455208 0.965741 0.451042 0.971296 0.450521 0.971296 0.450000 0.972222 0.448958 0.972222 0.448438 0.973148 0.447396 0.973148 0.446354 0.972222 0.444792 0.973148 0.444271 0.971296 0.443229 0.972222 0.442708 0.970370 0.441667 0.970370 0.439583 0.967593
0 0.439063 0.959259 0.440104 0.957407 0.441146 0.953704 0.442187 0.951852 0.442708 0.951852 0.445833 0.949074 0.470313 0.967593 0.473958 0.972222 0.473958 0.973148 0.474479 0.974074 0.475000 0.977778 0.474479 0.978704 0.474479 0.980556 0.472917 0.981481 0.472917 0.982407 0.471354 0.985185 0.470313 0.985185 0.469792 0.987037 0.469271 0.985185 0.465104 0.986111 0.464583 0.984259 0.461979 0.985185 0.462500 0.983333 0.461458 0.982407 0.461979 0.980556 0.461458 0.978704 0.460938 0.976852 0.461979 0.975000 0.461458 0.972222 0.461979 0.971296 0.462500 0.969444 0.463021 0.969444
0 0.464583 0.967593 0.466667 0.968518 0.467708 0.966667 0.522396 0.927778 0.529167 0.933333 0.529167 0.935185 0.530729 0.937963 0.530729 0.940741 0.530208 0.941667 0.530208 0.945370 0.527604 0.950000 0.523958 0.952778 0.522917 0.952778 0.522396 0.953704 0.519271 0.954630 0.518750 0.952778 0.515104 0.952778 0.513542 0.950926 0.512500 0.948148 0.511458 0.947222 0.510417 0.943519 0.510417 0.937963 0.511979 0.933333 0.514063 0.929630 0.515104 0.928704 0.517187 0.928704 0.519271 0.927778 0.476562 0.942593 0.480208 0.947222 0.480208 0.948148 0.480729 0.949074 0.480729 0.952778
0 0.480208 0.953704 0.480208 0.955556 0.479167 0.957407 0.479167 0.958333 0.477604 0.960185 0.476562 0.960185 0.476042 0.962037 0.475521 0.960185 0.471354 0.961111 0.470833 0.959259 0.468229 0.960185 0.468750 0.959259 0.467708 0.958333 0.468229 0.956481 0.467708 0.954630 0.467187 0.952778 0.468229 0.950926 0.467708 0.947222 0.468750 0.945370 0.469271 0.945370 0.470833 0.943519 0.472917 0.944444 0.473958 0.942593 0.397396 0.969444 0.401042 0.975000 0.401042 0.975926 0.401563 0.976852 0.402083 0.980556 0.401042 0.981481 0.401563 0.983333 0.400000 0.984259 0.400000 0.985185
0 0.398438 0.987963 0.397396 0.987963 0.396875 0.989815 0.396354 0.987963 0.392188 0.988889 0.391667 0.987037 0.389062 0.987963 0.389583 0.986111 0.388542 0.985185 0.389062 0.983333 0.388542 0.981481 0.388021 0.979630 0.389062 0.977778 0.388542 0.975000 0.389062 0.974074 0.389583 0.972222 0.390104 0.972222 0.391667 0.970370 0.393750 0.971296 0.394792 0.969444 0.421875 0.911111 0.420312 0.915741 0.415625 0.916667 0.413021 0.913889 0.411979 0.908333 0.413021 0.903704 0.415104 0.902778 0.417708 0.902778 0.420312 0.906482 0.672917 0.839815 0.673437 0.840741 0.677604 0.840741
0 0.678125 0.841667 0.678646 0.841667 0.679688 0.842593 0.679688 0.843518 0.681250 0.845370 0.681250 0.846296 0.681771 0.847222 0.681771 0.852778 0.681250 0.853704 0.680729 0.857407 0.680208 0.858333 0.680208 0.859259 0.679688 0.860185 0.679167 0.860185 0.678125 0.862037 0.669792 0.861111 0.666146 0.860185 0.666667 0.858333 0.665104 0.853704 0.664583 0.847222 0.665104 0.847222 0.665625 0.844444 0.666667 0.843518 0.667188 0.841667 0.669792 0.839815 0.646354 0.830556 0.650000 0.830556 0.651563 0.832407 0.651563 0.833333 0.652083 0.834259 0.652083 0.837963 0.652604 0.838889
0 0.652604 0.839815 0.652083 0.840741 0.652083 0.842593 0.651042 0.845370 0.644792 0.846296 0.644271 0.844444 0.642187 0.845370 0.642708 0.844444 0.641667 0.843518 0.642187 0.841667 0.641146 0.839815 0.640625 0.835185 0.641146 0.835185 0.641667 0.833333 0.642708 0.830556 0.678646 0.777778 0.679167 0.778704 0.683333 0.778704 0.683854 0.779630 0.684375 0.779630 0.685938 0.781482 0.685938 0.782407 0.686979 0.784259 0.686979 0.785185 0.687500 0.785185 0.687500 0.791667 0.686979 0.791667 0.686458 0.796296 0.685938 0.797222 0.685938 0.798148 0.685417 0.798148 0.684896 0.798148
0 0.683854 0.800000 0.675521 0.800000 0.671875 0.798148 0.672396 0.796296 0.670833 0.792593 0.670313 0.787037 0.671354 0.785185 0.671875 0.783333 0.672396 0.782407 0.672917 0.780556 0.675521 0.777778 0.710417 0.716667 0.710938 0.717593 0.715104 0.717593 0.715625 0.718518 0.716146 0.718518 0.717708 0.720370 0.717708 0.721296 0.718750 0.722222 0.718750 0.723148 0.719271 0.724074 0.719271 0.729630 0.718750 0.730556 0.718229 0.735185 0.717708 0.735185 0.717708 0.736111 0.717188 0.737037 0.716667 0.737037 0.715625 0.738889 0.707292 0.738889 0.704167 0.737037 0.704687 0.735185
0 0.702604 0.731481 0.702083 0.725926 0.703125 0.724074 0.703646 0.721296 0.704167 0.721296 0.704687 0.719444 0.707812 0.716667 0.753125 0.656482 0.753646 0.657407 0.754687 0.657407 0.756771 0.659259 0.756771 0.660185 0.757292 0.661111 0.757292 0.668519 0.756771 0.669444 0.756771 0.671296 0.755729 0.672222 0.755729 0.673148 0.753646 0.676852 0.751562 0.677778 0.751042 0.675926 0.748958 0.675926 0.747917 0.675000 0.746354 0.675926 0.745833 0.674074 0.745313 0.674074 0.742708 0.670370 0.742708 0.668519 0.742188 0.666667 0.742188 0.662963 0.742188 0.663889 0.742188 0.662037
0 0.742708 0.661111 0.743229 0.659259 0.744271 0.657407 0.744792 0.657407 0.745313 0.657407 0.748438 0.658333 0.749479 0.656482 0.696354 0.703704 0.697396 0.704630 0.698438 0.704630 0.700000 0.706481 0.700000 0.707407 0.700521 0.708333 0.701042 0.715741 0.700521 0.716667 0.700521 0.718518 0.699479 0.719444 0.699479 0.720370 0.696875 0.724074 0.695312 0.725000 0.694792 0.723148 0.692187 0.724074 0.691667 0.722222 0.690104 0.723148 0.689583 0.721296
0 0.688542 0.721296 0.686458 0.717593 0.686458 0.715741 0.685938 0.713889 0.684896 0.712037 0.685417 0.711111 0.685938 0.708333 0.686979 0.708333 0.686458 0.706481 0.688021 0.705556 0.688021 0.706481 0.689062 0.704630 0.692187 0.705556 0.693229 0.703704 0.704167 0.616667 0.706250 0.618519 0.708333 0.619444 0.709896 0.622222 0.710938 0.622222 0.712500 0.625000 0.713021 0.631481 0.711979 0.634259 0.711979 0.636111 0.711458 0.637963 0.708333 0.642593 0.705729 0.644444 0.704687 0.644444 0.704167 0.645370 0.696354 0.645370 0.694271 0.642593 0.692708 0.642593
0 0.693229 0.640741 0.691146 0.636111 0.690104 0.629630 0.691146 0.627778 0.692187 0.624074 0.695312 0.619444 0.699479 0.619444 0.700521 0.617593 0.702083 0.618519 0.703125 0.616667 0.777604 0.701852 0.778125 0.701852 0.779167 0.701852 0.781250 0.703704 0.785937 0.709259 0.786458 0.711111 0.786458 0.721296 0.785937 0.722222 0.785417 0.722222 0.781250 0.727778 0.780208 0.727778 0.779688 0.728704 0.775000 0.729630 0.774479 0.727778 0.772396 0.728704 0.771875 0.726852 0.769792 0.726852 0.766146 0.722222 0.766667 0.720370 0.765104 0.717593 0.765104 0.715741
0 0.766146 0.713889 0.765625 0.711111 0.767187 0.707407 0.769271 0.703704 0.770312 0.702778 0.772396 0.703704 0.773438 0.701852 0.776563 0.701852 0.856771 0.668519 0.859896 0.671296 0.861458 0.672222 0.861979 0.674074 0.861979 0.675926 0.862500 0.676852 0.862500 0.680556 0.863021 0.681481 0.863542 0.685185 0.861458 0.689815 0.857292 0.692593 0.855729 0.692593 0.855208 0.693519 0.854167 0.692593 0.851562 0.693519 0.851042 0.691667 0.848958 0.691667 0.847396 0.690741
0 0.846354 0.689815 0.844271 0.685185 0.844792 0.682407 0.843750 0.681481 0.843229 0.678704 0.843750 0.677778 0.844271 0.675926 0.844792 0.674074 0.847396 0.670370 0.848437 0.672222 0.849479 0.670370 0.850521 0.670370 0.853125 0.668519 0.872396 0.862037 0.873438 0.862963 0.875000 0.862963 0.876562 0.864815 0.878125 0.864815 0.880208 0.868519 0.880208 0.869444 0.880729 0.870370 0.881250 0.875000 0.880729 0.875926 0.880729 0.879630 0.880208 0.880556 0.879687 0.882407
0 0.877604 0.884259 0.876562 0.884259 0.876042 0.885185 0.874479 0.885185 0.873438 0.886111 0.871875 0.887037 0.871354 0.885185 0.869792 0.884259 0.867188 0.881481 0.866667 0.879630 0.866667 0.876852 0.864583 0.875000 0.865104 0.874074 0.865104 0.872222 0.865625 0.871296 0.865625 0.869444 0.866667 0.867593 0.869792 0.862963 0.869792 0.863889 0.870833 0.862037 0.827604 0.842593 0.828125 0.843518 0.829687 0.843518 0.831771 0.845370 0.832812 0.845370 0.834896 0.848148
0 0.834896 0.850000 0.835938 0.850926 0.835938 0.855556 0.835417 0.856481 0.835417 0.860185 0.834896 0.861111 0.834375 0.862963 0.832292 0.864815 0.831250 0.864815 0.830729 0.865741 0.829167 0.865741 0.828646 0.866667 0.826563 0.867593 0.826042 0.865741 0.824479 0.864815 0.822396 0.862037 0.821875 0.860185 0.821354 0.860185 0.821354 0.857407 0.819792 0.854630 0.820833 0.853704 0.820312 0.851852 0.821354 0.850926 0.820833 0.849074 0.821354 0.849074 0.821875 0.847222
0 0.824479 0.843518 0.824479 0.844444 0.825521 0.842593 0.823438 0.971296 0.823958 0.972222 0.827604 0.972222 0.828646 0.974074 0.829167 0.974074 0.830729 0.975926 0.831771 0.978704 0.831771 0.980556 0.832292 0.981481 0.832812 0.987963 0.831250 0.989815 0.831250 0.991667 0.829687 0.995370 0.827604 0.996296 0.819792 0.996296 0.816146 0.994444 0.814583 0.988889 0.813542 0.987963 0.813021 0.981481 0.813542 0.980556 0.814062 0.977778 0.814583 0.975926 0.816667 0.974074
0 0.819792 0.971296 0.828125 0.906482 0.828646 0.907407 0.830729 0.907407 0.832292 0.909259 0.833333 0.909259 0.835938 0.912963 0.835938 0.913889 0.836458 0.914815 0.836458 0.919444 0.835938 0.920370 0.835938 0.924074 0.835417 0.925000 0.834896 0.926852 0.833333 0.928704 0.832292 0.928704 0.831771 0.929630 0.829687 0.929630 0.829167 0.930556 0.827604 0.931481 0.827083 0.929630 0.825000 0.928704 0.822396 0.925926 0.822917 0.924074 0.821875 0.924074 0.821875 0.921296
0 0.820312 0.919444 0.820833 0.918519 0.820833 0.916667 0.821354 0.915741 0.821354 0.913889 0.821875 0.912963 0.822396 0.911111 0.825521 0.907407 0.825521 0.908333 0.826563 0.906482 0.786458 0.851852 0.786979 0.852778 0.789062 0.852778 0.790104 0.852778 0.792708 0.856481 0.792708 0.857407 0.793750 0.859259 0.794792 0.862037 0.795313 0.868519 0.794271 0.869444 0.794792 0.872222 0.791146 0.876852 0.790104 0.877778 0.784896 0.877778 0.784375 0.877778 0.781250 0.877778 0.776042 0.873148 0.774479 0.870370 0.774479 0.868519 0.773958 0.866667 0.773958 0.863889
0 0.774479 0.863889 0.773958 0.861111 0.775000 0.859259 0.775521 0.856481 0.778646 0.852778 0.780729 0.851852 0.781250 0.851852 0.863542 0.963889 0.863021 0.968518 0.859375 0.971296 0.855729 0.970370 0.853125 0.965741 0.853646 0.961111 0.855208 0.959259 0.858333 0.957407 0.861979 0.960185 0.827083 0.877778 0.827083 0.882407 0.822917 0.886111 0.819792 0.884259 0.817187 0.879630 0.817708 0.875000 0.818750 0.873148 0.822396 0.871296 0.825521 0.874074 0.860417 0.806481 0.860417 0.812037 0.856250 0.814815
0 0.853125 0.812963 0.850521 0.808333 0.851042 0.803704 0.852083 0.801852 0.855729 0.800926 0.858854 0.802778 0.839583 0.795370 0.839583 0.800000 0.835417 0.802778 0.831771 0.801852 0.829687 0.797222 0.829687 0.792593 0.831250 0.790741 0.834896 0.788889 0.838021 0.791667 0.890625 0.840741 0.891146 0.841667 0.892708 0.841667 0.894792 0.843518 0.895833 0.843518 0.897917 0.846296 0.898438 0.848148 0.898958 0.849074 0.898958 0.853704 0.898438 0.854630 0.898438 0.858333
0 0.897917 0.858333 0.897396 0.861111 0.895312 0.862963 0.894271 0.862963 0.893750 0.863889 0.892187 0.863889 0.891667 0.863889 0.889583 0.863889 0.889063 0.863889
0 0.887500 0.862963 0.884375 0.860185 0.884896 0.859259 0.883854 0.858333 0.884375 0.855556 0.882812 0.853704 0.883333 0.852778 0.883333 0.850926 0.883854 0.850000
0 0.883854 0.848148 0.884375 0.847222 0.884896 0.845370 0.887500 0.841667 0.887500 0.842593 0.888542 0.840741 0.898958 0.760185 0.899479 0.761111 0.901563 0.761111 0.903125 0.762963 0.904167 0.762963 0.906771 0.765741 0.906771 0.767593 0.907292 0.768519 0.907292 0.773148 0.906771 0.774074 0.906771 0.777778 0.906250 0.777778 0.905729 0.780556 0.904167 0.782407 0.903125 0.782407 0.902604 0.783333 0.900521 0.783333 0.900000 0.783333 0.898438 0.783333 0.897917 0.783333 0.895833 0.782407 0.893229 0.779630 0.893750 0.777778 0.892187 0.777778 0.892708 0.775000 0.891146 0.773148 0.891667 0.772222 0.891667 0.770370 0.892187 0.769444 0.892187 0.767593 0.892708 0.766667 0.893229 0.764815 0.896354 0.761111 0.896354 0.762037 0.897396 0.760185 0.996354 0.889815
0 0.996875 0.890741 0.999479 0.914815 0.997396 0.914815 0.996875 0.915741 0.993229 0.916667 0.992708 0.914815 0.991667 0.914815 0.989062 0.913889 0.987500 0.911111 0.986979 0.908333 0.985937 0.907407 0.985417 0.899074 0.986979 0.893519 0.991667 0.890741 0.992708 0.890741 0.993750 0.889815 0.977083 0.900926 0.977604 0.901852 0.981771 0.901852 0.982813 0.902778 0.984896 0.905556 0.985417 0.907407 0.985417 0.910185 0.985937 0.911111 0.985937 0.915741 0.985417 0.915741 0.985417 0.918519 0.984896 0.920370 0.982813 0.924074 0.981771 0.925000 0.980208 0.925000 0.979688 0.925926 0.978125 0.925926 0.977604 0.926852 0.973958 0.927778 0.973437 0.925926 0.972396 0.925926 0.969792 0.924074 0.968229 0.921296 0.967188 0.919444 0.966146 0.917593 0.966146 0.909259
0 0.967708 0.904630 0.972396 0.900926 0.973437 0.900926 0.973958 0.900926 0.961458 0.988889 0.961979 0.989815 0.964063 0.989815 0.965625 0.992593 0.965625 0.993519 0.967188 0.995370 0.952083 0.996296 0.952604 0.995370 0.953125 0.993519 0.955729 0.989815 0.955729 0.990741 0.956771 0.988889 0.981771 0.703704 0.982292 0.703704 0.984375 0.703704 0.984896 0.704630 0.985937 0.704630 0.986458 0.705556 0.986979 0.705556 0.989062 0.708333 0.989062 0.710185 0.989583 0.711111 0.989583 0.716667 0.989062 0.717593 0.989062 0.718518 0.988542 0.719444 0.988542 0.720370 0.986979 0.723148 0.985417 0.723148 0.984375 0.723148 0.981771 0.723148
0 0.981250 0.724074 0.980208 0.724074 0.979167 0.723148 0.978125 0.724074 0.977604 0.722222 0.976562 0.722222 0.973958 0.719444 0.973958 0.716667 0.972917 0.715741 0.972917 0.714815 0.973437 0.713889 0.973437 0.712037 0.973958 0.711111 0.974479 0.708333 0.976042 0.705556 0.976562 0.705556 0.977604 0.703704 0.978125 0.704630 0.979167 0.702778 0.978125 0.632407 0.979167 0.633333 0.980208 0.633333 0.982292 0.635185 0.983854 0.637037 0.984896 0.638889 0.985417 0.638889
0 0.985937 0.642593 0.986979 0.643519 0.986979 0.651852 0.985937 0.655556 0.982813 0.659259 0.979688 0.662037 0.971354 0.662037 0.967188 0.656482 0.966667 0.653704
0 0.965104 0.650926 0.964583 0.647222 0.965625 0.645370 0.966146 0.640741 0.970312 0.635185 0.971354 0.634259 0.973437 0.635185 0.974479 0.633333 0.977604 0.633333
0 0.985417 0.603704 0.985937 0.604630 0.986979 0.604630 0.989583 0.606481 0.991667 0.609259 0.992188 0.611111 0.992188 0.613889 0.993229 0.614815 0.993229 0.620370 0.991146 0.626852 0.988542 0.628704 0.987500 0.628704 0.986979 0.629630 0.981771 0.630556 0.981250 0.628704 0.978646 0.628704 0.976042 0.625926 0.974479 0.620370 0.973958 0.613889 0.974479 0.612963 0.975000 0.610185 0.975521 0.608333 0.977083 0.606481 0.978125 0.605556 0.980208 0.606481 0.981250 0.604630
0 0.982813 0.605556 0.983854 0.603704 0.939062 0.608333 0.940104 0.609259 0.941146 0.609259 0.943229 0.611111 0.945833 0.613889 0.946354 0.615741 0.946354 0.618519 0.946875 0.619444 0.947396 0.625000 0.944792 0.631481 0.942708 0.633333 0.941667 0.633333 0.941146 0.634259 0.935938 0.634259 0.934896 0.633333 0.932813 0.633333 0.930208 0.629630 0.928646 0.625000 0.928125 0.616667 0.928646 0.617593 0.929167 0.614815 0.929688 0.612963 0.931250 0.610185 0.932292 0.610185 0.934375 0.611111 0.935417 0.609259 0.936979 0.610185 0.938021 0.608333
0 0.781771 0.527778 0.782292 0.527778 0.786458 0.528704 0.786979 0.528704 0.789062 0.528704 0.790625 0.530556 0.792708 0.532407 0.793229 0.534259 0.793229 0.536111 0.794792 0.537963 0.794271 0.539815 0.794271 0.544444 0.792708 0.549074 0.789583 0.552778 0.787500 0.552778 0.786979 0.553704 0.784375 0.553704 0.783854 0.554630 0.782292 0.553704 0.779688 0.552778 0.778646 0.550926 0.778125 0.550926 0.775000 0.545370 0.775000 0.536111 0.776042 0.533333 0.777604 0.530556 0.781250 0.527778 0.858854 0.596296
0 0.856771 0.600926 0.853646 0.605556 0.848437 0.605556 0.844792 0.601852 0.843750 0.600926 0.842188 0.594444 0.843229 0.587963 0.846875 0.583333 0.848958 0.583333 0.851042 0.582407 0.855208 0.584259 0.857292 0.585185 0.858333 0.589815 0.858854 0.592593 0.892708 0.510185 0.888021 0.513889 0.885417 0.512963 0.883854 0.512037 0.882292 0.507407 0.882812 0.505556 0.883333 0.503704 0.884375 0.502778 0.886458 0.501852 0.888542 0.500926 0.892187 0.501852 0.804688 0.473148 0.805729 0.470370 0.804167 0.465741 0.803646 0.465741 0.800000 0.465741
0 0.798958 0.467593 0.798958 0.470370 0.798958 0.472222 0.799479 0.475926 0.802083 0.475926 0.803646 0.475926 0.364583 0.258333 0.367708 0.258333 0.368750 0.260185 0.369271 0.260185 0.369792 0.261111 0.369792 0.262963 0.371354 0.264815 0.371354 0.275000 0.370833 0.275926 0.370833 0.277778 0.367708 0.281481 0.359896 0.281481 0.356771 0.278704 0.357292 0.276852 0.355729 0.273148 0.355729 0.269444 0.355208 0.268519 0.354688 0.266667 0.355729 0.265741 0.356250 0.262963 0.357292 0.261111 0.357812 0.261111 0.358854 0.259259
0 0.360417 0.259259 0.361458 0.258333 0.315104 0.198148 0.318229 0.198148 0.319271 0.200000 0.319792 0.200000 0.320312 0.200926 0.320833 0.201852 0.321875 0.204630 0.321875 0.213889 0.321354 0.214815 0.321354 0.217593 0.318229 0.220370 0.310417 0.220370 0.307292 0.218519 0.307813 0.216667 0.306250 0.212037 0.306250 0.208333 0.305208 0.207407 0.305729 0.205556 0.306250 0.205556 0.306771 0.201852 0.307813 0.200000 0.308333 0.200000
0 0.309375 0.199074 0.310937 0.199074 0.311979 0.198148 0.307292 0.226852 0.310937 0.227778 0.311979 0.228704 0.312500 0.228704 0.313021 0.229630 0.313021 0.231481 0.314583 0.234259 0.314583 0.243519 0.314063 0.244444 0.314063 0.247222 0.310417 0.250000 0.303125 0.250000 0.300521 0.246296 0.298958 0.241667 0.298438 0.237963 0.297396 0.237037 0.297396 0.236111 0.298438 0.234259 0.299479 0.230556 0.300521 0.229630 0.301042 0.229630 0.302083 0.227778 0.303125 0.228704 0.304167 0.226852 0.253125 0.288889 0.253646 0.289815
0 0.254687 0.289815 0.255208 0.290741 0.256771 0.291667 0.258854 0.293519 0.258854 0.299074 0.259375 0.300000 0.258854 0.300000 0.258854 0.300926 0.255729 0.305556 0.255208 0.305556 0.254167 0.306481 0.253125 0.306481 0.252604 0.307407 0.250521 0.307407 0.249479 0.306481 0.248437 0.307407 0.248437 0.306481 0.246875 0.306481 0.247396 0.304630 0.245833 0.303704 0.246354 0.300926 0.244792 0.300926 0.245312 0.300000 0.245833 0.298148 0.246875 0.297222 0.247396 0.294444 0.251042 0.288889 0.175521 0.272222 0.176042 0.273148
0 0.177604 0.273148 0.180208 0.275000 0.183854 0.279630 0.184375 0.281481 0.184375 0.283333 0.184896 0.284259 0.184896 0.289815 0.184375 0.290741 0.184375 0.292593
0 0.181771 0.297222 0.176563 0.300000 0.171354 0.300000 0.170833 0.300000 0.168750 0.299074 0.167708 0.299074 0.163542 0.292593 0.162500 0.286111 0.163542 0.284259
0 0.163021 0.280556 0.166667 0.275000 0.168750 0.273148 0.171354 0.274074 0.172396 0.272222 0.247917 0.185185 0.251042 0.185185 0.252083 0.187037 0.252604 0.187037 0.253125 0.187037 0.253125 0.188889 0.254687 0.191667 0.254687 0.200926 0.254167 0.201852 0.254167 0.204630 0.251042 0.207407 0.243229 0.207407 0.240104 0.205556 0.240625 0.203704 0.239063 0.199074 0.239063 0.194444 0.237500 0.194444 0.238021 0.192593 0.239063 0.191667 0.239583 0.188889 0.240625 0.187037 0.241146 0.187037 0.242188 0.186111
0 0.243229 0.187037 0.244271 0.185185 0.307292 0.138889 0.307813 0.139815 0.308854 0.139815 0.309375 0.140741 0.310937 0.140741 0.311979 0.141667 0.315104 0.145370 0.316146 0.149074 0.316146 0.156481 0.315104 0.158333 0.315104 0.160185 0.314583 0.162037 0.312500 0.164815 0.309896 0.166667 0.305208 0.167593 0.304688 0.165741 0.303646 0.166667 0.303125 0.164815 0.302083 0.164815 0.300521 0.163889
0 0.299479 0.162037 0.298958 0.162037 0.296354 0.158333 0.296875 0.156481 0.296354 0.154630 0.296354 0.148148 0.296875 0.147222 0.297396 0.144444 0.297917 0.142593 0.300000 0.140741 0.301042 0.141667 0.302083 0.139815 0.305208 0.140741 0.306250 0.138889 0.226042 0.297222 0.226562 0.298148 0.227083 0.298148 0.227604 0.299074 0.228125 0.299074 0.228646 0.299074 0.229687 0.299074 0.230208 0.300000 0.231771 0.300926 0.232292 0.301852 0.232292 0.306481 0.233333 0.306481 0.233333 0.308333 0.232292 0.309259
0 0.232812 0.312037 0.231771 0.312037 0.232292 0.312963 0.231250 0.313889 0.230729 0.313889 0.229167 0.315741 0.228125 0.315741 0.227604 0.316667 0.223438 0.317593 0.222917 0.315741 0.221354 0.316667 0.220833 0.314815 0.218750 0.314815 0.219271 0.312963 0.217187 0.309259 0.216667 0.307407 0.217708 0.305556 0.217708 0.302778 0.218750 0.300926 0.219271 0.300926 0.221354 0.298148 0.221875 0.298148 0.223438 0.297222 0.387500 0.146296 0.386458 0.157407 0.380729 0.162963 0.373958 0.164815 0.369792 0.163889
0 0.365104 0.160185 0.364062 0.155556 0.361979 0.147222 0.361979 0.144444 0.364583 0.138889 0.366146 0.137037 0.371875 0.135185 0.374479 0.135185 0.381250 0.137037 0.385417 0.139815 0.467187 0.158333 0.467708 0.159259 0.468750 0.159259 0.469792 0.160185 0.470313 0.160185 0.471354 0.162037 0.471354 0.162963 0.471875 0.163889 0.471875 0.164815 0.472396 0.165741 0.472917 0.173148 0.472396 0.174074 0.471875 0.176852 0.469792 0.178704 0.468750 0.178704 0.468229 0.179630 0.467187 0.179630 0.466667 0.180556 0.463021 0.181481 0.462500 0.179630 0.461458 0.179630 0.460417 0.178704
0 0.459896 0.178704 0.458333 0.177778 0.458854 0.175926 0.457812 0.174074 0.456771 0.167593 0.457812 0.165741 0.458333 0.162963 0.460938 0.160185 0.461458 0.160185 0.463021 0.158333 0.272396 0.218519 0.272917 0.225926 0.269271 0.228704 0.264583 0.228704 0.261458 0.223148 0.261979 0.220370 0.263021 0.216667 0.266667 0.214815 0.269271 0.214815 0.241146 0.321296 0.241667 0.322222 0.242708 0.322222 0.243229 0.323148 0.245312 0.323148 0.246875 0.325926 0.246875 0.330556 0.247396 0.331481 0.246875 0.332407 0.246875 0.333333 0.243750 0.337963 0.243229 0.337963 0.242708 0.338889
0 0.241146 0.338889 0.240625 0.339815 0.238542 0.340741 0.238021 0.338889 0.236458 0.339815 0.236458 0.338889 0.234896 0.338889 0.235417 0.337037 0.233854 0.336111 0.233854 0.334259 0.233333 0.332407 0.233854 0.332407 0.233854 0.330556 0.234896 0.328704 0.235417 0.326852 0.239063 0.321296 0.157292 0.440741 0.158333 0.441667 0.158854 0.441667 0.159375 0.441667 0.160417 0.441667 0.161458 0.443519 0.161979 0.443519 0.164583 0.447222 0.164583 0.448148 0.165625 0.450000 0.166146 0.451852
0 0.164583 0.454630 0.164583 0.455556 0.162500 0.459259 0.161979 0.459259 0.160417 0.461111 0.159896 0.461111 0.157813 0.463889 0.157292 0.462037 0.155208 0.462037 0.154167 0.461111 0.151562 0.460185 0.150521 0.459259 0.150000 0.458333 0.149479 0.456481 0.148958 0.450926 0.150000 0.449074 0.150521 0.447222 0.153125 0.443519 0.156771 0.441667 0.120833 0.380556 0.117188 0.392593 0.108854 0.397222 0.101562 0.399074 0.094792 0.393519 0.092708 0.387963 0.093229 0.380556 0.093229 0.374074 0.094271 0.370370 0.097917 0.362963
0 0.103646 0.357407 0.112500 0.362037 0.118750 0.371296 0.157813 0.212963 0.156250 0.219444 0.149479 0.225926 0.142188 0.226852 0.133333 0.223148 0.130208 0.218519 0.129167 0.213889 0.129167 0.207407 0.130208 0.201852 0.131771 0.199074 0.135937 0.195370 0.139062 0.193519 0.143229 0.191667 0.147396 0.191667 0.152083 0.197222 0.154687 0.200000 0.157292 0.206481 0.076042 0.326852 0.079687 0.326852 0.080729 0.328704 0.080729 0.329630 0.081771 0.329630 0.081771 0.331481 0.082813 0.334259 0.082813 0.339815 0.081771 0.341667 0.081250 0.343519 0.080208 0.345370
0 0.079167 0.345370 0.078646 0.346296 0.071354 0.347222 0.070833 0.345370 0.069271 0.346296 0.069792 0.344444 0.067708 0.340741 0.067188 0.337037 0.067708 0.336111 0.067708 0.335185 0.068750 0.333333 0.069271 0.330556 0.070312 0.328704 0.072396 0.326852 0.127083 0.397222 0.130729 0.397222 0.131771 0.399074 0.131771 0.400000 0.132292 0.400926 0.132812 0.401852 0.133854 0.404630 0.133854 0.410185 0.132812 0.412037 0.132292 0.414815 0.131250 0.415741 0.129688 0.415741 0.129167 0.416667 0.122396 0.417593 0.121875 0.415741 0.120833 0.416667 0.120312 0.414815 0.118750 0.411111 0.118750 0.406481 0.118750 0.407407 0.118750 0.405556
0 0.119792 0.403704 0.120312 0.400926 0.120833 0.400926 0.121354 0.399074 0.122917 0.397222 0.132292 0.323148 0.132812 0.324074 0.135417 0.325926 0.138021 0.327778 0.138021 0.329630 0.138542 0.330556 0.138542 0.333333 0.139583 0.333333 0.139583 0.334259 0.138542 0.335185 0.139062 0.339815 0.138542 0.339815 0.138542 0.340741 0.135937 0.344444 0.135417 0.344444 0.134896 0.345370 0.133854 0.345370 0.133333 0.345370 0.129167 0.346296 0.128646 0.344444 0.126042 0.344444 0.125521 0.344444 0.124479 0.344444 0.121354 0.341667 0.121875 0.340741 0.120833 0.339815 0.121354 0.337963 0.120833 0.336111 0.120312 0.334259 0.121354 0.332407
0 0.121875 0.330556 0.124479 0.325926 0.125000 0.325926 0.126042 0.325000 0.127604 0.325000 0.129167 0.323148 0.122396 0.264815 0.122917 0.265741 0.126042 0.267593 0.128646 0.269444 0.128646 0.271296 0.129167 0.272222 0.129167 0.275000 0.129688 0.275926 0.129688 0.276852 0.129167 0.276852 0.129167 0.281481 0.128646 0.282407 0.128646 0.283333 0.126563 0.286111 0.126042 0.286111 0.125521 0.287037 0.123958 0.287037 0.123438 0.287963
0 0.119271 0.288889 0.118750 0.287037 0.116667 0.287963 0.116146 0.286111 0.114583 0.286111 0.111979 0.283333 0.112500 0.282407 0.111979 0.280556 0.111458 0.279630 0.110937 0.277778 0.110417 0.275926 0.111458 0.274074 0.111979 0.272222 0.115104 0.268519 0.115625 0.268519 0.116667 0.266667 0.117708 0.266667 0.119792 0.264815 0.105729 0.237963 0.106250 0.238889 0.109375 0.239815 0.111458 0.242593 0.111458 0.244444 0.111979 0.245370 0.112500 0.247222 0.113021 0.248148 0.113021 0.249074 0.112500 0.250000 0.112500 0.253704 0.111979 0.254630 0.111979 0.255556 0.109375 0.258333 0.108854 0.258333 0.108333 0.259259 0.107292 0.259259
0 0.106771 0.260185 0.102604 0.261111 0.102083 0.259259 0.099479 0.260185 0.098958 0.258333 0.097917 0.258333 0.094792 0.256481 0.095312 0.255556 0.094792 0.253704 0.094792 0.251852 0.093750 0.250926 0.093750 0.249074 0.094792 0.247222 0.095312 0.244444 0.097917 0.240741 0.098958 0.240741 0.100000 0.238889 0.101042 0.238889 0.102604 0.237963 0.118750 0.218519 0.117188 0.225000 0.110417 0.232407 0.103125 0.233333 0.094271 0.229630 0.091146 0.224074 0.090104 0.220370 0.090104 0.213889 0.091146 0.207407
0 0.092708 0.205556 0.096875 0.201852 0.100000 0.199074 0.104167 0.198148 0.108333 0.198148 0.113021 0.202778 0.115625 0.206481 0.118229 0.212037 0.003646 0.131481
0 0.007292 0.131481 0.008333 0.132407 0.010417 0.133333 0.014062 0.137963 0.014583 0.139815 0.014583 0.146296 0.014062 0.147222 0.014062 0.149074 0.013021 0.151852
0 0.009896 0.157407 0.008854 0.158333 0.004167 0.158333 0.003125 0.159259 0.001042 0.159259 0.017708 0.255556 0.015625 0.259259 0.009896 0.260185 0.005208 0.259259
0 0.003125 0.254630 0.003125 0.249074 0.004167 0.245370 0.008333 0.241667 0.014583 0.243519 0.016667 0.246296 0.018750 0.250000 0.007812 0.304630 0.005208 0.308333
0 0.000000 0.309259 0.004167 0.292593 0.006771 0.295370 0.008333 0.299074 0.040625 0.327778 0.038542 0.331481 0.033333 0.332407 0.028125 0.331481 0.026042 0.327778 0.026563 0.322222 0.027604 0.317593 0.031771 0.314815 0.037500 0.315741 0.039583 0.318519 0.041667 0.322222 0.028125 0.310185 0.025521 0.313889 0.020312 0.314815 0.015625 0.313889 0.013542 0.309259 0.013542 0.303704 0.014583 0.300000 0.018750 0.296296 0.024479 0.297222 0.027083 0.300000 0.028646 0.303704 0.175000 0.183333 0.176042 0.183333 0.178646 0.185185 0.181250 0.187963 0.181250 0.189815 0.181771 0.190741 0.181771 0.192593 0.182292 0.193519 0.182292 0.194444
0 0.181771 0.195370 0.181771 0.199074 0.181250 0.200000 0.181250 0.200926 0.179167 0.203704 0.178646 0.203704 0.178125 0.204630 0.176563 0.204630 0.176042 0.205556 0.171875 0.206481 0.171354 0.204630 0.169271 0.205556 0.168750 0.203704 0.167187 0.203704 0.164583 0.201852 0.165104 0.200926 0.164583 0.199074 0.164583 0.196296 0.163021 0.196296 0.163021 0.194444 0.164062 0.192593 0.164583 0.189815 0.167708 0.186111 0.168229 0.186111 0.169271 0.184259 0.170312 0.184259 0.172396 0.182407 0.159896 0.166667 0.160938 0.166667 0.163542 0.168519 0.166146 0.171296 0.166146 0.173148 0.166667 0.174074 0.166667 0.175926 0.167187 0.176852
0 0.167187 0.177778 0.166667 0.178704 0.166667 0.182407 0.166146 0.183333 0.166146 0.184259 0.164062 0.187037 0.163542 0.187037 0.163021 0.187963 0.161979 0.187963 0.160938 0.188889 0.157292 0.188889 0.156250 0.187963 0.154167 0.188889 0.153646 0.187037 0.152604 0.187037 0.149479 0.185185 0.150000 0.184259 0.149479 0.182407 0.149479 0.179630 0.147917 0.179630 0.147917 0.177778 0.148958 0.175926 0.150000 0.173148 0.152604 0.169444 0.153125 0.169444 0.154167 0.167593 0.155729 0.167593 0.157292 0.166667 0.203125 0.132407 0.203646 0.133333
0 0.209375 0.133333 0.210417 0.134259 0.212500 0.137963 0.214062 0.141667 0.214062 0.149074 0.213542 0.149074 0.213542 0.151852 0.210938 0.155556 0.210417 0.157407 0.208854 0.157407 0.208333 0.158333 0.207292 0.158333 0.205208 0.160185 0.202083 0.161111 0.201562 0.159259 0.200521 0.159259 0.198958 0.158333 0.194792 0.151852 0.194792 0.148148 0.193750 0.147222 0.194792 0.145370 0.194271 0.142593 0.194792 0.141667 0.195312 0.139815 0.196354 0.137963 0.196875 0.137963 0.198437 0.134259 0.201042 0.133333 0.201562 0.134259 0.202604 0.132407
0 0.142188 0.263889 0.142188 0.270370 0.139062 0.274074 0.134375 0.272222 0.131250 0.267593 0.131250 0.263889 0.133333 0.261111 0.136458 0.259259 0.140104 0.260185 0.163542 0.257407 0.163021 0.262963 0.159896 0.266667 0.155208 0.264815 0.152083 0.260185 0.152083 0.257407 0.154167 0.253704 0.157292 0.252778 0.160938 0.253704 0.149479 0.235185 0.149479 0.241667 0.146354 0.245370 0.141667 0.243519 0.138542 0.238889 0.138542 0.235185 0.140625 0.232407 0.143750 0.230556 0.147396 0.231481 0.083854 0.131481 0.084375 0.132407 0.086979 0.132407 0.087500 0.133333 0.088542 0.133333
0 0.089062 0.134259 0.090104 0.134259 0.091146 0.136111 0.091667 0.137037 0.091667 0.139815 0.092188 0.140741 0.092188 0.143519 0.091667 0.144444 0.091667 0.146296 0.091146 0.147222 0.091146 0.150000 0.090625 0.150000 0.090625 0.150926 0.089583 0.152778 0.089062 0.152778 0.088542 0.153704 0.087500 0.153704 0.086979 0.154630 0.081771 0.154630 0.080729 0.153704 0.080208 0.153704 0.077604 0.150000 0.077083 0.148148 0.076042 0.149074 0.076563 0.147222 0.076042 0.145370 0.075521 0.139815 0.076042 0.138889 0.076563 0.137037 0.078646 0.134259 0.079167 0.134259 0.081250 0.132407
0 0.081771 0.133333 0.082813 0.131481 0.052083 0.434259 0.052604 0.435185 0.056771 0.436111 0.060417 0.438889 0.061979 0.440741 0.063542 0.444444 0.063542 0.446296
0 0.064062 0.447222 0.064062 0.452778 0.062500 0.458333 0.060417 0.462037 0.056771 0.462963 0.056250 0.463889 0.054688 0.463889 0.053646 0.463889 0.051042 0.463889 0.050521 0.463889 0.048437 0.462963 0.047917 0.462963 0.045313 0.462037 0.042188 0.456481 0.040625 0.453704 0.040625 0.450926 0.040104 0.449074 0.041146 0.443519 0.044792 0.437037 0.047917 0.437037 0.048958 0.435185 0.050521 0.436111 0.051562 0.434259 0.072396 0.505556 0.072917 0.506481 0.073958 0.506481 0.076563 0.508333 0.079687 0.512037 0.080729 0.515741 0.080729 0.519444 0.081250 0.520370 0.080208 0.522222
0 0.080208 0.524074 0.079687 0.525926 0.077604 0.528704 0.077083 0.528704 0.074479 0.531482 0.072917 0.531482 0.072396 0.532407 0.069271 0.531482 0.067188 0.529630 0.065625 0.527778 0.065104 0.527778 0.063542 0.525926 0.062500 0.525000 0.063021 0.522222 0.061979 0.521296 0.061979 0.514815 0.063542 0.510185 0.065625 0.507407 0.067708 0.506481 0.068750 0.507407 0.069792 0.505556 0.003646 0.514815 0.004167 0.515741 0.005729 0.515741 0.007812 0.517593 0.010937 0.521296 0.011979 0.525000 0.012500 0.528704 0.013021 0.529630 0.011979 0.531482 0.011979 0.533333 0.011458 0.535185
0 0.008854 0.537963 0.008333 0.537963 0.006250 0.540741 0.004167 0.540741 0.003646 0.541667 0.001042 0.540741 0.000521 0.516667 0.001563 0.514815 0.076563 0.415741 0.077083 0.416667 0.081250 0.417593
0 0.084896 0.420370 0.086458 0.422222 0.087500 0.425926 0.088021 0.427778 0.088542 0.428704 0.088542 0.434259 0.086979 0.439815 0.084375 0.443519 0.081250 0.444444 0.080729 0.445370 0.078646 0.445370
0 0.078125 0.445370 0.075521 0.445370 0.074479 0.444444 0.072917 0.444444 0.072396 0.444444 0.069271 0.443519 0.066146 0.437963 0.065104 0.435185 0.065104 0.432407
0 0.064583 0.430556 0.065625 0.424074 0.068750 0.418519 0.072396 0.418519 0.073437 0.416667 0.075000 0.417593 0.076042 0.415741 0.135937 0.523148 0.136458 0.524074
0 0.138542 0.524074 0.140625 0.525926 0.140625 0.526852 0.141146 0.527778 0.141146 0.529630 0.141667 0.530556 0.141667 0.535185 0.141146 0.536111 0.141146 0.537963 0.139583 0.542593 0.139062 0.542593
0 0.138542 0.542593 0.137500 0.542593 0.136979 0.543519 0.134896 0.543519 0.134375 0.544444 0.132292 0.545370 0.131771 0.543519 0.128125 0.542593 0.128646 0.540741 0.126042 0.537963 0.126563 0.536111
0 0.126042 0.534259 0.126042 0.530556 0.129167 0.525000 0.130208 0.525000 0.131771 0.523148 0.115104 0.514815 0.115625 0.515741 0.118229 0.515741 0.119792 0.517593 0.119792 0.518519 0.120312 0.518519 0.120833 0.521296 0.121354 0.522222 0.121354 0.525926 0.120833 0.526852 0.120833 0.529630 0.119271 0.533333 0.118750 0.533333 0.117708 0.534259 0.116667 0.534259 0.116146 0.535185 0.114583 0.535185 0.114063 0.536111 0.111458 0.537037 0.110937 0.535185 0.107292 0.534259 0.107813 0.532407 0.105729 0.529630 0.106250 0.527778
0 0.105729 0.525926 0.105208 0.522222 0.108854 0.516667 0.109375 0.516667 0.110937 0.514815 0.102604 0.559259 0.103125 0.560185 0.105729 0.560185 0.107292 0.562037 0.107292 0.562963 0.107813 0.563889
0 0.107813 0.565741 0.108854 0.566667 0.108854 0.570370 0.108333 0.571296 0.108333 0.574074 0.106250 0.577778 0.105729 0.577778 0.105208 0.578704 0.104167 0.578704 0.103646 0.579630 0.102083 0.579630 0.101042 0.580556 0.098958 0.581481 0.098438 0.579630 0.094792 0.578704 0.095312 0.576852 0.093229 0.574074 0.093750 0.571296 0.092708 0.570370 0.092708 0.566667 0.096354 0.561111 0.096875 0.561111 0.098438 0.559259 0.142188 0.474074 0.141667 0.478704 0.138542 0.483333 0.133854 0.483333 0.130208 0.480556
0 0.128646 0.474074 0.128646 0.470370 0.129688 0.466667 0.132812 0.464815 0.138021 0.465741 0.140625 0.468519 0.069792 0.484259 0.070312 0.491667 0.065104 0.495370 0.058854 0.494444 0.056771 0.491667 0.055729 0.485185 0.056771 0.480556 0.058854 0.477778 0.063021 0.475926 0.066146 0.475926 0.068229 0.478704 0.094271 0.633333 0.091146 0.637963 0.086458 0.638889 0.082813 0.635185 0.081250 0.629630 0.082813 0.625926 0.084375 0.624074 0.088542 0.622222 0.091667 0.622222 0.093229 0.626852 0.160417 0.644444 0.157292 0.649074 0.152604 0.650000 0.148958 0.645370 0.147396 0.640741 0.149479 0.636111 0.150521 0.634259 0.155208 0.633333 0.157813 0.633333 0.159896 0.637963 0.013021 0.574074
0 0.009896 0.578704 0.005208 0.579630 0.001563 0.575926 0.000000 0.570370 0.001563 0.566667 0.003125 0.564815 0.007812 0.562963 0.010417 0.562963 0.012500 0.567593 0.027083 0.585185 0.023958 0.589815 0.019271 0.590741 0.015625 0.586111 0.014583 0.581481 0.016146 0.576852 0.017188 0.575000 0.021875 0.574074 0.024479 0.574074 0.026563 0.578704 0.001042 0.645370 0.001563 0.646296 0.003125 0.646296 0.006771 0.650000 0.006771 0.650926 0.007292 0.651852 0.007292 0.652778
0 0.008333 0.654630 0.008333 0.658333 0.007812 0.659259 0.007812 0.661111 0.006771 0.662963 0.006771 0.663889 0.005729 0.665741 0.003125 0.668519 0.002083 0.668519 0.001563 0.669444 0.000000 0.645370 0.582292 0.633333 0.582812 0.634259 0.583854 0.634259 0.584896 0.636111 0.585938 0.638889 0.585938 0.642593 0.585417 0.642593 0.585417 0.645370 0.584896 0.646296 0.584896 0.647222 0.583854 0.649074 0.582812 0.650926 0.577083 0.651852 0.576563 0.650000 0.575000 0.650926
0 0.573958 0.650000 0.574479 0.648148 0.573438 0.646296 0.573438 0.641667 0.573958 0.641667 0.573438 0.639815 0.573958 0.638889 0.574479 0.637037 0.575521 0.635185 0.576042 0.635185 0.577604 0.634259 0.579167 0.635185 0.580208 0.633333 0.618229 0.679630 0.618750 0.680556 0.620833 0.680556 0.621354 0.681481 0.622396 0.681481 0.623438 0.683333 0.625000 0.686111 0.625000 0.689815 0.625521 0.690741 0.625521 0.693519 0.625000 0.694444 0.625000 0.696296 0.624479 0.696296 0.624479 0.698148 0.623438 0.700000
0 0.620313 0.700000 0.619792 0.700926 0.615625 0.700926 0.612500 0.699074 0.613021 0.697222 0.610937 0.693519 0.610417 0.688889 0.610937 0.687963 0.610937 0.687037 0.611979 0.685185 0.612500 0.682407 0.614062 0.680556 0.614583 0.681481 0.615625 0.679630 0.530208 0.706481 0.530729 0.707407 0.531250 0.707407 0.532292 0.708333 0.532292 0.709259 0.533854 0.712037 0.533854 0.714815 0.533333 0.715741 0.533333 0.718518 0.532812 0.719444 0.532812 0.720370 0.531771 0.721296 0.531771 0.722222 0.530729 0.724074
0 0.524479 0.725000 0.523958 0.723148 0.522917 0.724074 0.521875 0.723148 0.522396 0.721296 0.520833 0.719444 0.520312 0.715741 0.520833 0.714815 0.520833 0.712963 0.521354 0.712037 0.521875 0.710185 0.522917 0.708333 0.523958 0.708333 0.525521 0.707407 0.526563 0.708333 0.527604 0.706481 0.547396 0.756481 0.547396 0.761111 0.545833 0.764815 0.541667 0.766667 0.538542 0.765741 0.535937 0.762963 0.534896 0.757407 0.536458 0.752778 0.539062 0.750926
