0 0.435850 0.562466 0.436405 0.562951 0.437445 0.562880 0.438000 0.563364 0.439038 0.563294 0.439593 0.563779 0.440113 0.563744 0.440668 0.564229 0.441188 0.564194 0.441743 0.564678 0.442782 0.564608 0.446665 0.568000 0.446700 0.568520 0.447255 0.569004 0.447290 0.569524 0.447845 0.570008 0.447880 0.570528 0.448989 0.571497 0.449024 0.572017 0.448539 0.572571 0.448680 0.574650 0.448196 0.575205 0.448266 0.576244 0.447781 0.576798 0.447816 0.577318 0.446847 0.578428 0.446882 0.578948 0.446397 0.579502 0.446432 0.580022 0.445948 0.580577 0.445983 0.581096 0.444530 0.582761 0.443490 0.582831 0.443006 0.583386 0.441967 0.583456 0.441482 0.584011 0.440442 0.584081 0.439958 0.584635 0.438919 0.584706 0.438434 0.585260 0.437915 0.585295 0.437430 0.585850 0.435871 0.585956 0.435317 0.585471 0.434797 0.585506 0.434242 0.585022 0.432683 0.585127 0.432128 0.584643 0.430569 0.584748 0.430015 0.584263 0.428456 0.584368 0.427347 0.583399 0.426827 0.583434 0.425162 0.581981 0.425127 0.581461 0.424572 0.580977 0.424537 0.580457 0.423982 0.579972 0.423947 0.579453 0.423393 0.578968 0.423358 0.578448 0.422803 0.577964 0.422487 0.573287 0.422972 0.572732 0.422867 0.571174 0.423350 0.570619 0.423245 0.569060 0.425669 0.566286 0.426188 0.566251 0.427157 0.565141 0.427677 0.565106 0.428161 0.564552 0.429720 0.564446 0.430205 0.563891 0.431764 0.563786 0.432249 0.563231 0.433807 0.563126 0.434292 0.562571
0 0.208753 0.386332 0.208824 0.387371 0.209378 0.387855 0.209413 0.388375 0.209968 0.388859 0.210389 0.395095 0.209905 0.395650 0.209975 0.396689 0.209490 0.397244 0.209561 0.398284 0.209076 0.398838 0.209111 0.399358 0.208591 0.399393 0.208106 0.399948 0.207067 0.400018 0.206583 0.400573 0.205543 0.400643 0.205059 0.401198 0.203500 0.401303 0.203016 0.401858 0.201456 0.401963 0.200972 0.402517 0.199933 0.402588 0.199378 0.402104 0.193142 0.402525 0.192587 0.402040 0.191547 0.402111 0.190994 0.401626 0.190474 0.401661 0.189919 0.401177 0.189399 0.401212 0.187735 0.399758 0.187700 0.399238 0.187145 0.398753 0.187110 0.398234 0.185446 0.396780 0.185411 0.396260 0.184855 0.395776 0.184539 0.391099 0.185024 0.390544 0.184954 0.389505 0.185439 0.388951 0.185404 0.388431 0.185888 0.387876 0.185853 0.387357 0.188760 0.384028 0.189281 0.383992 0.190734 0.382328 0.191253 0.382293 0.191738 0.381738 0.195896 0.381458 0.196379 0.380903 0.199498 0.380693 0.200052 0.381177 0.200572 0.381142 0.201127 0.381626 0.201647 0.381591 0.202756 0.382560 0.203275 0.382525 0.204940 0.383979 0.205460 0.383944 0.206014 0.384429 0.206534 0.384394
0 0.632550 0.661414 0.636188 0.661168 0.636742 0.661653 0.640899 0.661372 0.642009 0.662340 0.642528 0.662305 0.643083 0.662790 0.643603 0.662755 0.644712 0.663724 0.645232 0.663689 0.646896 0.665143 0.647416 0.665108 0.649634 0.667046 0.649669 0.667566 0.650225 0.668050 0.650260 0.668570 0.650815 0.669054 0.651201 0.674770 0.650716 0.675325 0.650751 0.675844 0.650266 0.676400 0.650301 0.676919 0.648364 0.679138 0.647844 0.679173 0.646874 0.680283 0.646356 0.680318 0.645871 0.680873 0.645351 0.680908 0.644866 0.681463 0.644346 0.681498 0.643862 0.682052 0.643343 0.682087 0.642858 0.682642 0.634025 0.683239 0.633469 0.682754 0.632950 0.682790 0.632395 0.682305 0.631875 0.682340 0.631320 0.681855 0.630801 0.681891 0.630246 0.681406 0.629726 0.681441 0.628063 0.679987 0.628028 0.679468 0.627473 0.678983 0.627438 0.678464 0.626328 0.677494 0.626293 0.676975 0.625738 0.676490 0.625492 0.672853 0.624937 0.672368 0.624902 0.671849 0.625387 0.671294 0.625317 0.670255 0.625801 0.669700 0.625766 0.669180 0.627220 0.667516 0.627185 0.666996 0.627704 0.666961 0.628673 0.665852 0.629193 0.665817 0.630646 0.664152 0.630611 0.663633
0 0.547118 0.548164 0.547153 0.548684 0.548263 0.549653 0.548299 0.550172 0.548853 0.550657 0.549064 0.553775 0.548579 0.554329 0.548685 0.555888 0.547715 0.556998 0.547750 0.557518 0.546782 0.558627 0.546262 0.558662 0.545292 0.559772 0.544773 0.559807 0.543804 0.560916 0.543284 0.560951 0.542800 0.561506 0.542280 0.561541 0.541795 0.562096 0.540756 0.562166 0.540272 0.562721 0.539232 0.562791 0.538749 0.563346 0.538194 0.562861 0.535076 0.563072 0.534521 0.562587 0.531923 0.562763 0.531368 0.562278 0.530328 0.562348 0.528109 0.560410 0.528074 0.559891 0.525856 0.557952 0.525821 0.557432 0.525266 0.556948 0.525125 0.554870 0.524570 0.554385 0.524254 0.549708 0.524739 0.549154 0.524669 0.548114 0.527091 0.545340 0.527611 0.545305 0.528580 0.544196 0.529100 0.544161 0.529584 0.543606 0.538418 0.543009 0.538973 0.543494 0.539493 0.543459 0.540602 0.544428 0.541121 0.544393 0.542231 0.545362 0.542751 0.545327 0.543860 0.546296 0.544380 0.546261 0.544935 0.546745 0.545455 0.546710
0 0.210464 0.723191 0.215282 0.724466 0.219968 0.727906 0.222511 0.732083 0.223431 0.737970 0.222289 0.741664 0.220928 0.743670 0.219673 0.744659 0.219512 0.745170 0.218059 0.746834 0.215890 0.748150 0.214076 0.749107 0.211999 0.749854 0.207321 0.750170 0.206283 0.750240 0.205728 0.749755 0.204688 0.749825 0.204133 0.749341 0.203095 0.749411 0.202540 0.748927 0.202020 0.748962 0.200910 0.747993 0.200390 0.748028 0.199281 0.747059 0.199246 0.746539 0.197582 0.745085 0.197546 0.744566 0.196992 0.744081 0.196957 0.743561 0.196402 0.743077 0.196367 0.742557 0.195813 0.742073 0.195777 0.741553 0.195602 0.738955 0.195426 0.736356 0.195911 0.735802 0.195876 0.735282 0.196360 0.734727 0.196290 0.733688 0.196774 0.733133 0.196704 0.732094 0.198856 0.728532 0.201459 0.726374 0.205378 0.724126
0 0.406179 0.703378 0.406734 0.703863 0.408292 0.703758 0.408847 0.704242 0.409367 0.704207 0.409922 0.704692 0.410961 0.704621 0.411515 0.705106 0.412555 0.705036 0.413110 0.705520 0.413629 0.705485 0.414184 0.705969 0.414703 0.705934 0.416922 0.707873 0.416957 0.708393 0.417512 0.708877 0.417547 0.709397 0.418102 0.709881 0.418137 0.710401 0.418692 0.710885 0.418727 0.711405 0.418836 0.714977 0.417954 0.717259 0.415177 0.721112 0.413136 0.722694 0.411740 0.723884 0.411256 0.724438 0.409696 0.724544 0.409212 0.725098 0.407688 0.725723 0.405610 0.725864 0.405055 0.725379 0.404015 0.725449 0.403460 0.724965 0.402941 0.725000 0.402385 0.724515 0.401347 0.724586 0.400792 0.724101 0.399474 0.722765 0.397762 0.720437 0.396947 0.718233 0.395688 0.715504 0.395827 0.712430 0.395792 0.711910 0.396277 0.711356 0.396242 0.710836 0.396726 0.710281 0.396691 0.709761 0.397176 0.709207 0.397141 0.708687 0.397626 0.708132 0.398145 0.708097 0.398629 0.707542 0.399149 0.707507 0.400119 0.706397 0.400638 0.706362 0.401607 0.705253 0.402127 0.705218 0.403096 0.704109 0.403616 0.704074 0.404100 0.703519
0 0.730011 0.705467 0.730046 0.705986 0.730600 0.706471 0.730636 0.706990 0.731191 0.707475 0.731261 0.708514 0.731816 0.708999 0.731851 0.709518 0.731366 0.710073 0.731577 0.713191 0.728185 0.717074 0.727665 0.717109 0.726696 0.718219 0.726177 0.718254 0.725692 0.718809 0.723614 0.718949 0.723129 0.719504 0.714815 0.720065 0.714260 0.719581 0.713221 0.719651 0.708228 0.715290 0.707842 0.709574 0.708326 0.709019 0.708291 0.708499 0.708775 0.707945 0.708705 0.706906 0.709675 0.705796 0.710194 0.705761 0.711163 0.704651 0.711682 0.704616 0.712168 0.704062 0.712687 0.704026 0.713172 0.703472 0.713692 0.703436 0.714175 0.702882 0.714695 0.702847 0.715180 0.702292 0.719337 0.702011 0.719822 0.701456 0.723460 0.701211 0.724014 0.701695 0.724534 0.701660 0.725643 0.702629 0.726163 0.702594 0.727272 0.703563 0.727792 0.703528
0 0.527934 0.526903 0.527969 0.527422 0.529079 0.528391 0.529149 0.529431 0.529704 0.529915 0.529845 0.531994 0.529359 0.532549 0.529535 0.535147 0.529050 0.535702 0.529121 0.536741 0.528151 0.537850 0.528186 0.538370 0.526733 0.540034 0.526213 0.540069 0.525729 0.540624 0.525209 0.540659 0.524725 0.541214 0.523685 0.541284 0.523201 0.541839 0.519043 0.542120 0.518489 0.541635 0.515890 0.541811 0.515335 0.541326 0.513257 0.541467 0.511593 0.540013 0.511558 0.539493 0.511003 0.539009 0.510968 0.538489 0.509858 0.537520 0.509823 0.537001 0.509268 0.536516 0.508917 0.531319 0.509887 0.530209 0.509852 0.529690 0.511305 0.528026 0.511270 0.527506 0.512239 0.526397 0.512759 0.526362 0.513243 0.525807 0.515322 0.525667 0.515807 0.525112 0.517366 0.525006 0.517850 0.524452 0.521488 0.524206 0.522042 0.524691 0.523082 0.524620 0.523637 0.525105 0.524676 0.525035 0.525231 0.525519 0.525750 0.525484 0.526305 0.525969 0.526824 0.525934
0 0.596078 0.485187 0.596113 0.485707 0.596667 0.486191 0.596738 0.487231 0.597293 0.487715 0.597328 0.488235 0.597883 0.488719 0.597988 0.490278 0.597504 0.490833 0.597644 0.492912 0.597159 0.493467 0.597229 0.494506 0.596744 0.495061 0.596780 0.495580 0.596295 0.496135 0.596365 0.497174 0.595880 0.497729 0.595950 0.498768 0.594982 0.499878 0.595017 0.500397 0.592110 0.503726 0.591590 0.503761 0.591105 0.504316 0.590066 0.504386 0.589581 0.504941 0.588542 0.505011 0.588058 0.505566 0.586499 0.505671 0.586015 0.506226 0.581337 0.506542 0.580782 0.506057 0.578184 0.506233 0.577629 0.505748 0.576071 0.505853 0.574961 0.504884 0.574441 0.504919 0.573886 0.504435 0.573851 0.503916 0.568859 0.499554 0.568824 0.499035 0.568269 0.498550 0.568234 0.498030 0.567679 0.497545 0.567644 0.497026 0.567090 0.496542 0.566704 0.490826 0.567672 0.489716 0.567602 0.488677 0.568087 0.488122 0.568052 0.487602 0.568536 0.487048 0.568501 0.486528 0.569470 0.485419 0.569989 0.485383 0.572412 0.482610 0.572932 0.482575 0.573901 0.481465 0.574421 0.481430 0.574906 0.480875 0.584260 0.480243 0.584814 0.480728 0.586373 0.480623 0.586928 0.481107 0.587966 0.481037 0.588521 0.481522 0.589561 0.481451 0.590116 0.481935 0.590636 0.481900 0.591190 0.482385 0.591709 0.482350 0.592819 0.483319 0.593339 0.483284 0.594449 0.484253 0.594968 0.484218
0 0.341762 0.551994 0.342532 0.554592 0.342026 0.556797 0.340973 0.558955 0.340087 0.560274 0.338770 0.561826 0.336951 0.563777 0.334238 0.565154 0.330601 0.565399 0.330046 0.564915 0.327967 0.565055 0.327413 0.564571 0.326373 0.564641 0.325819 0.564156 0.324779 0.564227 0.324225 0.563743 0.323705 0.563778 0.322041 0.562323 0.322006 0.561804 0.321451 0.561319 0.321416 0.560800 0.320861 0.560315 0.320791 0.559276 0.320236 0.558791 0.320201 0.558272 0.319646 0.557787 0.320131 0.557232 0.319885 0.553595 0.320369 0.553040 0.320334 0.552520 0.320819 0.551966 0.320784 0.551446 0.321269 0.550891 0.321234 0.550372 0.321717 0.549817 0.321682 0.549297 0.322167 0.548742 0.322687 0.548707 0.323171 0.548153 0.323691 0.548117 0.324176 0.547563 0.325214 0.547493 0.325699 0.546938 0.327778 0.546797 0.328262 0.546243 0.332420 0.545962 0.334533 0.546341 0.336683 0.547240 0.338276 0.547654 0.339871 0.548069 0.339906 0.548589
0 0.835050 0.699415 0.838688 0.699169 0.839173 0.698615 0.843330 0.698334 0.843884 0.698818 0.844404 0.698783 0.844959 0.699268 0.845479 0.699233 0.846033 0.699717 0.846553 0.699682 0.847108 0.700167 0.847627 0.700132 0.848182 0.700616 0.849221 0.700546 0.849776 0.701031 0.850296 0.700995 0.850366 0.702035 0.850921 0.702519 0.850956 0.703039 0.851511 0.703523 0.851581 0.704562 0.852135 0.705047 0.852205 0.706087 0.852760 0.706571 0.852900 0.708650 0.853456 0.709134 0.853772 0.713811 0.853286 0.714366 0.853321 0.714886 0.851384 0.717105 0.850344 0.717175 0.849861 0.717729 0.848821 0.717800 0.848336 0.718354 0.847817 0.718390 0.847332 0.718944 0.846293 0.719014 0.845808 0.719569 0.844249 0.719675 0.843764 0.720229 0.843210 0.719745 0.841131 0.719885 0.840577 0.719400 0.839018 0.719505 0.838463 0.719021 0.836904 0.719127 0.836349 0.718642 0.835310 0.718712 0.833646 0.717259 0.833611 0.716739 0.832501 0.715770 0.832466 0.715250 0.831911 0.714766 0.831806 0.713207 0.831251 0.712723 0.831180 0.711683 0.830627 0.711198 0.830346 0.707041 0.830829 0.706486 0.830724 0.704928 0.831209 0.704373 0.831104 0.702814 0.833041 0.700595 0.833561 0.700560 0.834046 0.700005 0.834566 0.699970
0 0.319967 0.647553 0.320038 0.648593 0.320592 0.649077 0.320838 0.652714 0.320354 0.653269 0.320459 0.654828 0.319974 0.655383 0.320044 0.656422 0.317137 0.659750 0.316618 0.659786 0.316133 0.660340 0.315613 0.660375 0.315129 0.660930 0.314089 0.661000 0.313605 0.661555 0.308928 0.661871 0.308444 0.662426 0.305845 0.662601 0.305291 0.662117 0.303212 0.662257 0.302657 0.661773 0.302138 0.661808 0.301582 0.661323 0.301064 0.661358 0.300509 0.660874 0.299469 0.660944 0.296141 0.658037 0.296070 0.656997 0.295516 0.656513 0.295410 0.654954 0.294855 0.654469 0.294715 0.652391 0.295200 0.651836 0.295094 0.650277 0.295579 0.649722 0.295509 0.648683 0.297446 0.646464 0.297967 0.646429 0.298451 0.645874 0.298971 0.645839 0.299456 0.645284 0.299976 0.645249 0.300459 0.644694 0.300979 0.644659 0.301464 0.644105 0.301983 0.644069 0.302468 0.643515 0.303507 0.643444 0.303992 0.642889 0.308669 0.642573 0.309223 0.643058 0.311822 0.642883 0.312377 0.643367 0.313935 0.643262 0.314490 0.643747 0.315010 0.643712 0.316119 0.644681 0.316639 0.644646
0 0.443451 0.419963 0.445670 0.421901 0.446190 0.421866 0.446225 0.422386 0.448444 0.424324 0.448584 0.426403 0.449139 0.426887 0.449210 0.427927 0.449764 0.428412 0.448311 0.430075 0.448346 0.430595 0.447862 0.431150 0.447897 0.431669 0.447412 0.432224 0.447447 0.432744 0.445993 0.434408 0.445473 0.434443 0.444504 0.435553 0.443985 0.435588 0.443500 0.436142 0.442980 0.436177 0.442497 0.436732 0.437819 0.437048 0.437335 0.437603 0.434217 0.437814 0.433662 0.437329 0.433143 0.437364 0.432588 0.436879 0.431548 0.436949 0.430994 0.436465 0.430473 0.436500 0.429365 0.435531 0.428845 0.435566 0.427735 0.434597 0.427215 0.434632 0.427180 0.434113 0.426626 0.433628 0.426591 0.433109 0.426036 0.432624 0.425966 0.431585 0.425411 0.431100 0.425025 0.425384 0.425994 0.424274 0.425959 0.423755 0.426478 0.423720 0.428901 0.420946 0.429420 0.420911 0.429905 0.420356 0.430945 0.420286 0.431430 0.419731 0.432468 0.419661 0.432953 0.419106 0.436591 0.418860 0.437145 0.419345 0.440783 0.419099 0.441338 0.419584 0.442377 0.419514 0.442932 0.419998
0 0.615596 0.410423 0.616150 0.410908 0.616670 0.410873 0.617225 0.411357 0.617745 0.411322 0.618855 0.412291 0.619374 0.412256 0.619928 0.412741 0.620448 0.412705 0.620483 0.413225 0.623812 0.416132 0.624331 0.416097 0.624886 0.416582 0.625027 0.418660 0.624542 0.419215 0.624682 0.421294 0.623713 0.422403 0.623748 0.422923 0.623264 0.423478 0.623335 0.424517 0.622850 0.425072 0.622885 0.425591 0.621915 0.426701 0.621396 0.426736 0.617519 0.431175 0.616480 0.431245 0.615996 0.431799 0.613917 0.431939 0.613432 0.432494 0.611873 0.432599 0.611389 0.433154 0.607752 0.433400 0.607197 0.432915 0.605637 0.433021 0.605083 0.432536 0.604044 0.432606 0.603489 0.432122 0.602969 0.432157 0.602414 0.431672 0.601376 0.431742 0.601341 0.431223 0.599676 0.429769 0.599641 0.429250 0.597977 0.427796 0.597942 0.427276 0.597387 0.426792 0.597281 0.425233 0.596727 0.424748 0.596446 0.420591 0.596930 0.420036 0.596825 0.418478 0.597310 0.417923 0.597275 0.417403 0.598243 0.416293 0.598208 0.415774 0.599662 0.414110 0.599627 0.413590 0.600147 0.413555 0.600631 0.413000 0.601150 0.412965 0.601635 0.412410 0.602675 0.412340 0.603160 0.411785 0.603679 0.411750 0.604163 0.411195 0.605203 0.411125 0.605687 0.410570 0.606207 0.410535 0.606692 0.409981 0.610329 0.409735 0.610884 0.410219 0.613481 0.410044 0.614037 0.410528
0 0.759573 0.401220 0.759608 0.401739 0.760163 0.402224 0.760654 0.409499 0.760170 0.410054 0.760275 0.411613 0.758822 0.413277 0.758302 0.413312 0.757817 0.413867 0.757299 0.413902 0.755845 0.415566 0.755325 0.415601 0.754355 0.416711 0.753837 0.416746 0.753352 0.417301 0.752832 0.417336 0.752347 0.417890 0.746112 0.418312 0.745556 0.417827 0.742959 0.418003 0.742403 0.417518 0.741884 0.417553 0.739665 0.415615 0.739145 0.415650 0.736927 0.413712 0.736407 0.413747 0.735852 0.413262 0.735817 0.412743 0.735263 0.412258 0.735193 0.411219 0.734638 0.410734 0.734568 0.409695 0.734012 0.409211 0.734497 0.408656 0.734217 0.404499 0.734701 0.403944 0.734666 0.403424 0.736119 0.401760 0.736084 0.401240 0.737054 0.400131 0.737572 0.400096 0.738542 0.398986 0.739062 0.398951 0.739546 0.398396 0.740585 0.398326 0.741069 0.397771 0.741590 0.397736 0.742074 0.397182 0.751428 0.396550 0.751983 0.397034 0.752503 0.396999 0.753057 0.397484 0.754096 0.397413 0.754651 0.397898 0.755171 0.397863 0.756281 0.398832 0.756799 0.398797
0 0.720401 0.570912 0.720471 0.571952 0.719986 0.572506 0.720021 0.573026 0.719536 0.573581 0.719607 0.574620 0.719122 0.575175 0.719157 0.575694 0.718672 0.576249 0.718707 0.576769 0.717254 0.578433 0.717289 0.578953 0.716805 0.579508 0.716840 0.580027 0.715870 0.581137 0.715351 0.581172 0.714867 0.581726 0.712787 0.581867 0.712304 0.582422 0.709186 0.582632 0.708701 0.583187 0.706622 0.583327 0.706067 0.582843 0.705028 0.582913 0.704473 0.582429 0.703434 0.582499 0.702879 0.582014 0.702360 0.582049 0.701805 0.581565 0.701285 0.581600 0.701250 0.581080 0.700696 0.580596 0.700660 0.580076 0.699550 0.579107 0.699515 0.578587 0.698961 0.578103 0.698926 0.577583 0.698371 0.577098 0.698856 0.576544 0.698610 0.572906 0.701033 0.570132 0.700998 0.569613 0.701966 0.568503 0.701931 0.567984 0.702451 0.567949 0.703420 0.566839 0.704460 0.566769 0.704944 0.566215 0.710661 0.565828 0.711216 0.566312 0.714334 0.566102 0.714887 0.566586 0.715407 0.566551 0.715962 0.567036 0.716482 0.567001 0.719256 0.569424 0.719291 0.569943
0 0.698305 0.344282 0.698340 0.344802 0.697856 0.345356 0.697926 0.346396 0.697442 0.346950 0.697512 0.347990 0.697027 0.348544 0.697062 0.349064 0.696543 0.349099 0.696059 0.349654 0.695538 0.349689 0.694569 0.350799 0.694049 0.350834 0.693566 0.351388 0.693046 0.351423 0.692076 0.352533 0.691557 0.352568 0.691072 0.353123 0.688994 0.353263 0.688509 0.353818 0.686951 0.353923 0.686466 0.354478 0.682308 0.354759 0.681753 0.354274 0.680715 0.354344 0.679605 0.353375 0.679085 0.353410 0.678530 0.352926 0.678011 0.352961 0.677457 0.352476 0.676936 0.352512 0.676382 0.352027 0.675862 0.352062 0.674198 0.350608 0.673847 0.345412 0.674331 0.344857 0.674261 0.343818 0.674745 0.343263 0.674710 0.342744 0.675195 0.342189 0.675160 0.341669 0.675645 0.341114 0.676164 0.341079 0.676649 0.340525 0.677169 0.340489 0.677652 0.339935 0.678173 0.339900 0.678657 0.339345 0.679177 0.339310 0.679662 0.338755 0.680181 0.338720 0.680665 0.338165 0.681185 0.338130 0.681670 0.337575 0.687386 0.337189 0.687941 0.337674 0.691059 0.337463 0.692169 0.338432 0.692688 0.338397 0.693797 0.339366 0.694317 0.339331 0.695427 0.340300 0.695946 0.340265 0.695982 0.340785 0.696535 0.341270 0.696570 0.341789 0.697126 0.342274 0.697161 0.342793 0.697715 0.343278 0.697751 0.343797
0 0.557387 0.483784 0.557738 0.488980 0.555799 0.491199 0.555834 0.491719 0.555351 0.492274 0.555386 0.492793 0.554901 0.493348 0.554381 0.493383 0.553411 0.494493 0.552893 0.494528 0.552408 0.495083 0.551368 0.495153 0.550884 0.495707 0.541530 0.496339 0.540975 0.495855 0.540455 0.495890 0.539901 0.495405 0.539381 0.495440 0.537162 0.493502 0.537127 0.492983 0.536573 0.492498 0.536538 0.491978 0.535983 0.491494 0.535948 0.490974 0.534838 0.490005 0.534768 0.488966 0.534213 0.488481 0.534002 0.485363 0.536909 0.482035 0.536874 0.481515 0.537844 0.480406 0.538884 0.480335 0.539367 0.479781 0.540407 0.479711 0.540891 0.479156 0.549725 0.478559 0.550835 0.479528 0.551355 0.479493 0.554684 0.482400 0.555202 0.482365 0.556867 0.483819
0 0.377833 0.374165 0.377868 0.374684 0.378423 0.375169 0.378458 0.375689 0.377973 0.376243 0.378219 0.379880 0.377734 0.380436 0.377804 0.381475 0.377320 0.382030 0.377390 0.383069 0.376905 0.383624 0.376940 0.384143 0.375487 0.385807 0.374447 0.385877 0.373963 0.386432 0.372924 0.386502 0.372439 0.387057 0.371400 0.387127 0.370915 0.387682 0.368837 0.387823 0.368352 0.388378 0.367832 0.388413 0.367278 0.387928 0.365719 0.388034 0.365164 0.387548 0.363086 0.387689 0.362530 0.387204 0.360972 0.387310 0.360417 0.386825 0.359898 0.386860 0.359342 0.386376 0.358823 0.386411 0.357714 0.385442 0.357644 0.384403 0.357089 0.383918 0.357054 0.383399 0.356499 0.382914 0.356464 0.382394 0.355909 0.381910 0.355663 0.378272 0.356148 0.377718 0.356043 0.376159 0.357496 0.374494 0.357461 0.373974 0.359399 0.371755 0.359919 0.371720 0.360403 0.371165 0.361442 0.371095 0.361927 0.370541 0.362966 0.370471 0.363451 0.369916 0.364490 0.369846 0.364975 0.369291 0.368613 0.369045 0.369167 0.369530 0.370726 0.369425 0.371281 0.369909 0.372320 0.369839 0.372875 0.370323 0.373394 0.370288 0.374504 0.371257 0.375024 0.371222 0.376688 0.372675 0.376723 0.373196
0 0.841377 0.684893 0.841623 0.688531 0.839200 0.691304 0.839235 0.691824 0.837782 0.693488 0.837262 0.693523 0.836778 0.694078 0.836258 0.694113 0.835773 0.694668 0.834734 0.694738 0.834250 0.695293 0.831652 0.695468 0.831097 0.694984 0.825381 0.695370 0.824826 0.694886 0.824306 0.694921 0.823751 0.694436 0.823233 0.694471 0.822678 0.693987 0.822643 0.693467 0.822087 0.692982 0.822052 0.692462 0.821497 0.691978 0.821462 0.691459 0.819798 0.690005 0.819482 0.685329 0.819966 0.684773 0.820486 0.684738 0.820971 0.684184 0.820936 0.683664 0.823843 0.680335 0.833717 0.679668 0.834826 0.680638 0.835345 0.680602 0.837010 0.682056 0.837530 0.682021 0.838639 0.682990 0.839159 0.682955 0.840268 0.683925 0.840789 0.683889 0.840824 0.684409
0 0.725771 0.611789 0.729655 0.615181 0.729971 0.619858 0.726094 0.624296 0.725575 0.624331 0.725089 0.624886 0.723531 0.624991 0.723047 0.625546 0.720448 0.625721 0.719964 0.626276 0.717365 0.626451 0.716811 0.625967 0.716291 0.626002 0.715736 0.625517 0.714698 0.625588 0.713587 0.624619 0.713552 0.624099 0.711334 0.622161 0.711299 0.621641 0.710189 0.620672 0.709908 0.616515 0.710428 0.616480 0.712366 0.614261 0.712885 0.614226 0.714823 0.612007 0.715343 0.611971 0.715828 0.611417 0.716348 0.611382 0.716833 0.610827 0.718911 0.610686 0.719465 0.611171 0.722583 0.610960 0.723139 0.611445 0.724697 0.611340 0.725252 0.611824
0 0.081782 0.734598 0.081817 0.735117 0.082372 0.735602 0.082407 0.736122 0.082962 0.736606 0.082997 0.737126 0.083552 0.737611 0.083587 0.738130 0.084141 0.738615 0.084527 0.744331 0.084043 0.744886 0.084078 0.745405 0.083594 0.745960 0.083629 0.746480 0.083144 0.747034 0.083179 0.747554 0.081725 0.749218 0.080687 0.749288 0.080202 0.749843 0.078643 0.749949 0.078159 0.750503 0.075559 0.750679 0.075076 0.751234 0.074036 0.751304 0.073481 0.750819 0.071923 0.750925 0.071368 0.750440 0.069809 0.750545 0.069254 0.750060 0.067695 0.750166 0.067140 0.749682 0.066100 0.749752 0.065547 0.749267 0.065027 0.749302 0.064992 0.748783 0.064437 0.748298 0.064401 0.747778 0.063847 0.747294 0.063812 0.746774 0.063257 0.746290 0.063187 0.745250 0.062632 0.744766 0.063116 0.744211 0.062941 0.741613 0.063425 0.741058 0.063355 0.740019 0.063840 0.739464 0.063805 0.738944 0.064290 0.738390 0.064255 0.737870 0.064739 0.737315 0.064704 0.736796 0.065188 0.736240 0.065153 0.735721 0.065638 0.735166 0.066157 0.735131 0.066642 0.734577 0.067682 0.734506 0.068166 0.733952 0.068685 0.733917 0.069170 0.733362 0.070210 0.733292 0.070694 0.732737 0.072253 0.732632 0.072737 0.732077 0.073777 0.732007 0.074331 0.732491 0.075370 0.732421 0.075925 0.732906 0.076965 0.732835 0.077520 0.733320 0.078039 0.733285 0.078594 0.733769 0.079634 0.733699 0.080188 0.734184 0.080707 0.734149 0.081262 0.734633
0 0.363156 0.552760 0.363191 0.553280 0.364301 0.554248 0.364336 0.554768 0.364891 0.555253 0.365171 0.559410 0.364687 0.559965 0.364722 0.560484 0.364238 0.561040 0.364308 0.562079 0.363823 0.562633 0.363858 0.563153 0.363374 0.563708 0.363409 0.564227 0.362890 0.564262 0.362405 0.564817 0.361885 0.564852 0.361400 0.565407 0.360880 0.565442 0.360396 0.565997 0.359877 0.566032 0.359392 0.566587 0.358353 0.566657 0.357868 0.567212 0.352672 0.567563 0.352117 0.567078 0.350038 0.567219 0.349484 0.566734 0.348444 0.566804 0.347890 0.566320 0.347370 0.566355 0.345706 0.564901 0.345600 0.563342 0.345045 0.562858 0.344589 0.556102 0.345074 0.555547 0.345004 0.554508 0.345488 0.553953 0.345453 0.553434 0.345938 0.552879 0.345903 0.552359 0.346872 0.551250 0.347911 0.551180 0.348395 0.550625 0.350473 0.550484 0.350959 0.549930 0.353037 0.549789 0.353521 0.549235 0.355601 0.549094 0.356156 0.549579 0.356674 0.549544 0.357229 0.550028 0.358269 0.549958 0.358824 0.550442 0.359343 0.550407 0.359897 0.550892 0.360418 0.550857 0.362082 0.552310 0.362602 0.552275
0 0.612629 0.582890 0.615957 0.585798 0.615992 0.586318 0.617102 0.587286 0.617137 0.587806 0.616653 0.588361 0.616863 0.591479 0.613956 0.594807 0.613436 0.594842 0.612468 0.595952 0.610908 0.596057 0.610423 0.596612 0.607826 0.596787 0.607340 0.597342 0.603704 0.597588 0.603149 0.597103 0.602109 0.597173 0.601555 0.596689 0.601035 0.596724 0.599926 0.595755 0.599406 0.595790 0.598296 0.594820 0.597776 0.594855 0.597221 0.594371 0.596703 0.594406 0.595593 0.593437 0.595487 0.591878 0.595972 0.591324 0.595937 0.590804 0.596906 0.589695 0.596870 0.589175 0.597355 0.588620 0.597320 0.588101 0.598289 0.586991 0.598254 0.586471 0.598739 0.585917 0.598669 0.584877 0.599154 0.584323 0.599119 0.583803 0.599638 0.583768 0.600122 0.583213 0.600642 0.583178 0.601127 0.582623 0.602166 0.582553 0.602651 0.581998 0.605768 0.581788 0.606323 0.582272 0.608921 0.582097 0.609476 0.582581 0.611035 0.582476 0.611590 0.582960
0 0.678919 0.242753 0.679305 0.248470 0.678820 0.249024 0.678891 0.250064 0.678406 0.250618 0.678476 0.251658 0.677023 0.253322 0.676503 0.253357 0.676018 0.253912 0.675499 0.253947 0.675014 0.254502 0.674495 0.254537 0.674010 0.255091 0.673490 0.255127 0.673006 0.255681 0.672486 0.255716 0.672001 0.256271 0.671482 0.256306 0.670998 0.256861 0.670478 0.256896 0.669993 0.257451 0.661159 0.258048 0.660604 0.257563 0.660085 0.257598 0.658421 0.256144 0.657901 0.256180 0.656791 0.255211 0.656756 0.254691 0.655093 0.253237 0.654917 0.250639 0.654362 0.250154 0.654327 0.249635 0.653772 0.249150 0.654256 0.248596 0.654151 0.247037 0.654636 0.246482 0.654531 0.244923 0.655015 0.244368 0.654980 0.243848 0.657888 0.240520 0.658406 0.240485 0.658891 0.239930 0.659411 0.239895 0.659896 0.239340 0.666131 0.238919 0.666616 0.238364 0.668175 0.238259 0.668730 0.238744 0.670289 0.238638 0.670843 0.239123 0.671883 0.239053 0.672437 0.239537 0.672957 0.239502 0.673512 0.239987 0.674031 0.239951 0.674586 0.240436 0.675106 0.240401 0.675660 0.240885 0.676181 0.240850 0.678399 0.242789
0 0.780012 0.595597 0.780047 0.596116 0.781156 0.597085 0.781191 0.597605 0.781747 0.598090 0.781782 0.598609 0.782336 0.599094 0.782546 0.602212 0.783101 0.602696 0.782616 0.603252 0.782687 0.604290 0.782203 0.604845 0.782238 0.605365 0.781753 0.605920 0.781823 0.606959 0.780854 0.608068 0.780334 0.608103 0.779850 0.608658 0.778811 0.608728 0.778326 0.609283 0.777286 0.609353 0.776803 0.609908 0.776283 0.609943 0.775798 0.610498 0.774759 0.610568 0.774274 0.611122 0.773235 0.611193 0.772750 0.611748 0.772196 0.611263 0.770118 0.611403 0.769562 0.610919 0.767483 0.611060 0.766930 0.610575 0.764330 0.610751 0.763777 0.610266 0.763256 0.610301 0.762147 0.609332 0.761627 0.609367 0.761073 0.608882 0.761038 0.608363 0.760483 0.607878 0.760448 0.607359 0.759893 0.606874 0.759858 0.606354 0.759303 0.605870 0.759268 0.605350 0.758713 0.604866 0.758678 0.604346 0.758123 0.603862 0.757912 0.600744 0.757357 0.600259 0.757842 0.599704 0.758362 0.599669 0.760784 0.596896 0.760749 0.596376 0.762203 0.594712 0.762724 0.594676 0.763207 0.594122 0.763727 0.594087 0.764212 0.593532 0.766290 0.593392 0.766774 0.592837 0.768854 0.592696 0.769338 0.592142 0.772455 0.591931 0.773010 0.592416 0.773530 0.592380 0.774085 0.592865 0.775125 0.592795 0.775680 0.593279 0.776198 0.593244 0.776753 0.593729 0.777273 0.593694 0.777828 0.594178 0.778348 0.594143
0 0.515908 0.356603 0.517362 0.354938 0.517882 0.354903 0.518366 0.354348 0.518885 0.354313 0.519370 0.353759 0.519890 0.353723 0.520860 0.352614 0.521379 0.352579 0.521863 0.352024 0.522383 0.351989 0.522868 0.351434 0.523907 0.351364 0.524392 0.350809 0.525950 0.350704 0.526505 0.351189 0.531702 0.350838 0.532256 0.351322 0.533815 0.351217 0.534370 0.351701 0.534890 0.351666 0.535445 0.352151 0.535964 0.352116 0.536519 0.352600 0.537039 0.352565 0.537593 0.353050 0.538633 0.352979 0.539187 0.353464 0.540227 0.353394 0.540781 0.353878 0.541301 0.353843 0.542966 0.355297 0.543457 0.362572 0.542972 0.363127 0.543042 0.364166 0.542558 0.364721 0.542593 0.365240 0.541623 0.366350 0.541659 0.366870 0.541140 0.366905 0.539686 0.368569 0.539166 0.368604 0.538681 0.369159 0.537643 0.369229 0.537158 0.369784 0.536118 0.369854 0.535633 0.370409 0.534595 0.370479 0.534110 0.371034 0.529433 0.371350 0.528948 0.371904 0.524791 0.372185 0.524237 0.371701 0.523197 0.371771 0.522643 0.371286 0.521603 0.371356 0.521049 0.370872 0.520009 0.370942 0.519454 0.370458 0.518935 0.370493 0.518380 0.370008 0.517860 0.370043 0.517306 0.369559 0.517271 0.369039 0.516161 0.368070 0.516126 0.367551 0.515016 0.366581 0.514665 0.361385 0.515150 0.360829 0.515080 0.359791 0.515564 0.359236 0.515494 0.358197 0.515978 0.357642
0 0.599624 0.529479 0.600180 0.529963 0.600699 0.529928 0.601254 0.530413 0.601774 0.530377 0.602883 0.531347 0.602918 0.531866 0.605691 0.534289 0.605762 0.535328 0.606316 0.535813 0.606351 0.536332 0.606907 0.536817 0.606942 0.537337 0.608051 0.538306 0.608086 0.538825 0.607602 0.539380 0.607707 0.540939 0.607223 0.541494 0.607328 0.543053 0.606358 0.544162 0.606393 0.544682 0.605910 0.545237 0.605980 0.546276 0.605495 0.546831 0.605530 0.547350 0.604076 0.549015 0.603556 0.549050 0.603073 0.549604 0.602553 0.549640 0.602068 0.550194 0.597910 0.550475 0.597427 0.551030 0.593269 0.551311 0.592714 0.550826 0.591675 0.550896 0.591120 0.550412 0.590081 0.550482 0.589526 0.549997 0.589007 0.550032 0.588452 0.549548 0.587413 0.549618 0.586858 0.549134 0.586338 0.549169 0.584120 0.547231 0.584085 0.546711 0.583529 0.546227 0.583459 0.545187 0.582905 0.544703 0.582553 0.539505 0.583038 0.538951 0.582827 0.535833 0.583312 0.535279 0.583277 0.534759 0.583762 0.534204 0.583727 0.533684 0.585180 0.532021 0.585700 0.531986 0.586669 0.530876 0.587708 0.530805 0.588193 0.530251 0.589751 0.530146 0.590235 0.529591 0.595953 0.529205 0.596506 0.529689
0 0.851801 0.647648 0.851836 0.648167 0.852391 0.648652 0.852461 0.649691 0.853016 0.650176 0.853051 0.650695 0.853606 0.651180 0.853746 0.653259 0.853262 0.653813 0.853402 0.655892 0.852918 0.656447 0.852953 0.656966 0.852468 0.657521 0.852503 0.658041 0.852019 0.658595 0.852054 0.659115 0.851570 0.659670 0.851640 0.660709 0.849216 0.663483 0.848698 0.663518 0.848213 0.664073 0.847693 0.664108 0.847208 0.664663 0.842532 0.664978 0.842047 0.665533 0.839449 0.665709 0.838894 0.665224 0.837855 0.665294 0.837299 0.664810 0.836261 0.664880 0.835706 0.664396 0.835186 0.664431 0.834631 0.663946 0.833592 0.664016 0.833038 0.663531 0.832518 0.663566 0.830298 0.661629 0.830263 0.661109 0.829709 0.660624 0.829674 0.660105 0.829119 0.659620 0.829049 0.658581 0.828494 0.658096 0.828143 0.652900 0.828628 0.652345 0.828522 0.650786 0.829007 0.650231 0.828902 0.648672 0.829386 0.648118 0.829905 0.648083 0.830875 0.646973 0.831915 0.646903 0.832398 0.646348 0.833958 0.646243 0.834442 0.645688 0.834962 0.645653 0.835447 0.645098 0.836486 0.645028 0.836970 0.644473 0.837490 0.644438 0.837975 0.643883 0.842651 0.643568 0.843206 0.644052 0.846324 0.643841 0.846879 0.644326 0.847399 0.644291 0.848507 0.645260 0.849027 0.645225
0 0.585584 0.754374 0.585619 0.754893 0.586172 0.755378 0.586243 0.756417 0.586797 0.756902 0.586868 0.757941 0.587423 0.758426 0.587493 0.759465 0.587008 0.760020 0.587043 0.760539 0.586558 0.761094 0.586594 0.761614 0.586110 0.762168 0.586145 0.762688 0.585660 0.763243 0.585695 0.763762 0.584241 0.765427 0.583203 0.765497 0.582718 0.766052 0.581678 0.766122 0.581193 0.766677 0.579635 0.766782 0.579150 0.767337 0.577072 0.767477 0.576587 0.768032 0.576068 0.768067 0.575513 0.767582 0.572395 0.767793 0.571840 0.767309 0.569242 0.767484 0.568687 0.766999 0.568168 0.767034 0.565949 0.765096 0.565773 0.762498 0.565218 0.762014 0.565042 0.759415 0.565527 0.758861 0.565352 0.756262 0.567774 0.753489 0.569333 0.753383 0.569819 0.752828 0.570857 0.752758 0.571342 0.752204 0.572381 0.752133 0.572866 0.751578 0.573385 0.751543 0.573869 0.750989 0.577507 0.750743 0.578062 0.751227 0.579102 0.751157 0.579657 0.751642 0.580696 0.751572 0.581250 0.752056 0.582290 0.751986 0.582845 0.752471 0.583364 0.752436
0 0.736952 0.560920 0.737921 0.559810 0.738961 0.559740 0.739444 0.559186 0.739964 0.559150 0.740933 0.558041 0.741454 0.558006 0.741938 0.557451 0.742457 0.557416 0.743426 0.556306 0.744466 0.556236 0.744951 0.555681 0.745469 0.555646 0.746025 0.556131 0.747584 0.556026 0.748138 0.556510 0.748657 0.556475 0.749213 0.556960 0.749732 0.556924 0.750287 0.557409 0.751326 0.557339 0.751881 0.557823 0.752401 0.557788 0.752956 0.558273 0.753475 0.558238 0.754584 0.559207 0.755104 0.559172 0.755659 0.559656 0.755694 0.560176 0.756249 0.560660 0.756319 0.561700 0.756874 0.562184 0.756944 0.563224 0.757500 0.563708 0.757535 0.564228 0.757050 0.564783 0.757085 0.565302 0.756600 0.565857 0.756635 0.566377 0.756151 0.566931 0.756186 0.567451 0.754248 0.569670 0.753208 0.569740 0.752723 0.570294 0.751165 0.570400 0.750680 0.570955 0.748602 0.571095 0.748117 0.571650 0.744999 0.571861 0.744444 0.571376 0.743405 0.571446 0.742851 0.570961 0.742331 0.570996 0.741776 0.570512 0.740737 0.570583 0.740181 0.570098 0.739663 0.570133 0.739108 0.569649 0.738588 0.569684 0.738033 0.569199 0.737963 0.568160 0.737408 0.567675 0.737373 0.567156 0.736818 0.566671 0.736502 0.561994 0.736987 0.561440
0 0.655580 0.415031 0.655721 0.417109 0.656276 0.417594 0.656381 0.419153 0.655412 0.420262 0.655447 0.420782 0.653994 0.422446 0.654029 0.422966 0.652090 0.425185 0.651571 0.425220 0.651087 0.425774 0.650566 0.425810 0.650082 0.426364 0.649562 0.426399 0.649077 0.426954 0.647519 0.427060 0.646964 0.426575 0.641248 0.426961 0.640693 0.426477 0.639653 0.426547 0.639099 0.426062 0.638580 0.426097 0.638025 0.425613 0.637505 0.425648 0.636395 0.424679 0.636360 0.424159 0.635806 0.423675 0.635771 0.423154 0.635216 0.422670 0.635181 0.422151 0.634071 0.421182 0.634036 0.420662 0.633481 0.420177 0.633966 0.419623 0.633825 0.417544 0.634310 0.416989 0.634240 0.415951 0.634725 0.415395 0.635244 0.415360 0.637182 0.413141 0.637147 0.412622 0.638117 0.411512 0.638635 0.411477 0.639120 0.410922 0.647954 0.410325 0.648509 0.410810 0.649029 0.410775 0.649584 0.411259 0.650104 0.411224 0.651767 0.412678 0.652287 0.412643 0.653397 0.413612 0.653917 0.413577
0 0.160961 0.349258 0.161067 0.350816 0.161620 0.351301 0.161971 0.356497 0.161488 0.357052 0.161593 0.358611 0.161108 0.359166 0.160588 0.359201 0.159619 0.360310 0.159099 0.360346 0.158614 0.360900 0.157056 0.361006 0.156571 0.361560 0.154493 0.361701 0.154008 0.362256 0.148812 0.362607 0.148257 0.362122 0.146698 0.362227 0.146144 0.361743 0.145104 0.361813 0.144549 0.361328 0.143510 0.361399 0.141846 0.359945 0.141811 0.359425 0.141256 0.358941 0.141116 0.356862 0.140561 0.356378 0.140420 0.354299 0.140905 0.353744 0.140765 0.351666 0.141249 0.351111 0.141214 0.350592 0.141699 0.350037 0.141664 0.349517 0.143117 0.347853 0.143637 0.347818 0.145091 0.346153 0.146130 0.346083 0.146614 0.345528 0.147654 0.345458 0.148138 0.344903 0.152295 0.344623 0.152850 0.345107 0.154409 0.345002 0.154963 0.345486 0.156003 0.345416 0.157113 0.346385 0.157632 0.346350
0 0.697857 0.662223 0.698377 0.662187 0.698862 0.661633 0.699380 0.661598 0.699865 0.661043 0.700385 0.661008 0.700870 0.660453 0.701390 0.660418 0.701874 0.659863 0.702913 0.659793 0.703398 0.659238 0.703917 0.659203 0.704402 0.658648 0.705961 0.658543 0.706515 0.659028 0.712232 0.658641 0.712786 0.659126 0.713826 0.659056 0.714381 0.659540 0.714899 0.659505 0.715455 0.659990 0.715974 0.659955 0.716529 0.660439 0.717569 0.660369 0.718678 0.661338 0.719198 0.661303 0.719752 0.661788 0.720273 0.661752 0.721381 0.662722 0.721416 0.663241 0.722526 0.664210 0.722561 0.664730 0.723116 0.665214 0.723221 0.666773 0.723777 0.667258 0.723847 0.668297 0.724400 0.668782 0.724576 0.671380 0.724092 0.671935 0.724233 0.674013 0.723263 0.675123 0.723298 0.675643 0.722329 0.676752 0.722364 0.677272 0.721396 0.678381 0.721431 0.678901 0.720911 0.678936 0.719942 0.680045 0.719422 0.680081 0.718453 0.681190 0.717933 0.681225 0.717449 0.681780 0.716929 0.681815 0.716444 0.682370 0.715925 0.682405 0.715441 0.682960 0.714921 0.682995 0.714436 0.683549 0.709240 0.683900 0.708755 0.684455 0.705118 0.684701 0.704563 0.684216 0.702484 0.684357 0.701929 0.683872 0.701410 0.683907 0.700854 0.683423 0.700336 0.683458 0.699226 0.682489 0.698706 0.682524 0.698151 0.682039 0.697631 0.682075 0.696523 0.681105 0.696488 0.680586 0.695932 0.680101 0.695897 0.679582 0.695343 0.679097 0.695272 0.678058 0.694718 0.677573 0.694612 0.676014 0.694057 0.675530 0.693776 0.671372 0.694261 0.670818 0.694121 0.668739 0.694605 0.668184 0.694535 0.667145 0.695020 0.666590 0.694985 0.666071 0.695953 0.664961 0.695918 0.664442
0 0.276252 0.340426 0.277222 0.339316 0.277741 0.339281 0.279679 0.337062 0.280199 0.337027 0.280684 0.336472 0.281203 0.336437 0.281688 0.335882 0.282207 0.335847 0.282692 0.335293 0.283731 0.335222 0.284216 0.334668 0.285774 0.334562 0.286330 0.335047 0.288408 0.334906 0.288962 0.335391 0.290002 0.335321 0.290557 0.335805 0.291597 0.335735 0.292151 0.336220 0.292671 0.336185 0.293780 0.337154 0.294300 0.337118 0.296519 0.339057 0.297038 0.339022 0.301477 0.342898 0.301512 0.343418 0.302066 0.343902 0.302276 0.347020 0.301793 0.347575 0.301863 0.348614 0.299439 0.351388 0.298920 0.351423 0.297467 0.353087 0.296947 0.353122 0.295978 0.354232 0.295459 0.354267 0.294974 0.354822 0.293934 0.354892 0.293449 0.355447 0.285135 0.356008 0.284581 0.355524 0.283541 0.355594 0.282987 0.355110 0.282467 0.355145 0.281912 0.354660 0.281393 0.354695 0.280284 0.353726 0.279764 0.353761 0.278654 0.352792 0.278134 0.352827 0.275915 0.350889 0.275845 0.349850 0.275290 0.349365 0.275185 0.347806 0.274630 0.347322 0.274525 0.345763 0.275009 0.345208 0.274939 0.344169 0.275424 0.343614 0.275354 0.342574 0.275839 0.342020 0.275804 0.341501 0.276287 0.340945
0 0.537430 0.404741 0.537781 0.409937 0.537298 0.410492 0.537368 0.411531 0.536883 0.412086 0.536918 0.412606 0.534979 0.414825 0.534461 0.414860 0.533491 0.415969 0.532971 0.416004 0.532486 0.416559 0.531967 0.416594 0.530998 0.417704 0.530479 0.417739 0.529994 0.418293 0.529474 0.418329 0.528990 0.418883 0.527951 0.418954 0.527466 0.419508 0.525388 0.419649 0.524903 0.420203 0.517108 0.420730 0.516554 0.420245 0.513436 0.420456 0.512881 0.419971 0.512361 0.420007 0.510696 0.418553 0.510178 0.418588 0.506848 0.415681 0.506462 0.409965 0.506947 0.409410 0.506876 0.408371 0.507361 0.407816 0.507256 0.406257 0.508225 0.405147 0.508190 0.404628 0.508675 0.404073 0.508640 0.403553 0.509125 0.402999 0.509089 0.402479 0.510058 0.401369 0.510578 0.401334 0.511062 0.400780 0.511582 0.400744 0.512067 0.400190 0.513106 0.400119 0.513590 0.399565 0.515150 0.399459 0.515633 0.398905 0.517193 0.398799 0.517678 0.398245 0.519236 0.398139 0.519721 0.397585 0.527516 0.397058 0.528070 0.397543 0.529110 0.397472 0.529664 0.397957 0.530185 0.397922 0.531293 0.398891 0.531813 0.398856 0.535696 0.402248 0.535731 0.402767 0.536842 0.403736 0.536877 0.404256
0 0.518439 0.239499 0.520103 0.240953 0.520138 0.241472 0.520692 0.241957 0.520727 0.242477 0.521283 0.242961 0.521318 0.243481 0.521873 0.243965 0.521943 0.245005 0.521458 0.245559 0.521493 0.246079 0.521008 0.246634 0.521078 0.247673 0.520594 0.248228 0.520629 0.248748 0.520145 0.249302 0.520181 0.249822 0.519696 0.250377 0.519731 0.250896 0.517793 0.253115 0.516753 0.253185 0.516269 0.253740 0.514191 0.253881 0.513705 0.254435 0.509028 0.254751 0.508473 0.254267 0.507434 0.254337 0.502997 0.250461 0.502961 0.249941 0.502406 0.249456 0.502301 0.247897 0.501747 0.247413 0.501642 0.245854 0.502125 0.245299 0.502646 0.245264 0.504100 0.243600 0.504065 0.243080 0.505033 0.241971 0.504998 0.241452 0.505483 0.240896 0.506002 0.240861 0.506487 0.240306 0.507007 0.240271 0.507975 0.239162 0.516810 0.238565 0.517919 0.239534
0 0.650429 0.746874 0.652648 0.748813 0.652753 0.750372 0.653308 0.750857 0.653413 0.752415 0.653968 0.752900 0.654003 0.753419 0.653518 0.753974 0.653624 0.755533 0.653139 0.756088 0.653244 0.757647 0.651791 0.759311 0.651826 0.759831 0.649404 0.762605 0.648884 0.762640 0.648399 0.763195 0.643723 0.763511 0.643238 0.764065 0.640640 0.764241 0.640085 0.763756 0.639046 0.763826 0.638490 0.763342 0.637971 0.763377 0.634643 0.760469 0.634608 0.759950 0.633498 0.758981 0.633463 0.758461 0.632908 0.757977 0.632838 0.756937 0.632284 0.756453 0.632038 0.752815 0.632522 0.752261 0.632452 0.751221 0.632937 0.750667 0.632902 0.750147 0.634355 0.748482 0.634875 0.748447 0.635844 0.747338 0.636883 0.747267 0.637367 0.746713 0.638407 0.746642 0.638892 0.746088 0.647726 0.745491 0.648280 0.745975 0.648801 0.745940 0.649909 0.746910
0 0.575450 0.380248 0.575485 0.380767 0.576040 0.381252 0.576075 0.381771 0.576630 0.382256 0.576665 0.382776 0.577219 0.383260 0.577570 0.388457 0.577086 0.389011 0.577122 0.389531 0.576152 0.390641 0.576187 0.391160 0.575703 0.391716 0.575738 0.392235 0.574284 0.393899 0.573765 0.393934 0.573280 0.394489 0.572760 0.394524 0.572276 0.395079 0.571755 0.395114 0.571272 0.395668 0.570232 0.395739 0.569748 0.396293 0.568708 0.396364 0.568223 0.396918 0.561469 0.397375 0.560914 0.396890 0.558316 0.397066 0.557760 0.396581 0.557241 0.396616 0.556686 0.396132 0.556166 0.396167 0.554502 0.394713 0.554467 0.394194 0.553912 0.393709 0.553877 0.393190 0.553322 0.392705 0.553287 0.392185 0.552732 0.391701 0.552697 0.391181 0.551589 0.390212 0.551518 0.389172 0.550963 0.388688 0.550823 0.386609 0.550268 0.386125 0.550753 0.385570 0.550717 0.385050 0.551686 0.383941 0.551651 0.383421 0.552620 0.382312 0.552585 0.381792 0.554040 0.380128 0.554559 0.380093 0.555528 0.378984 0.556047 0.378949 0.557017 0.377839 0.557537 0.377804 0.558020 0.377249 0.561138 0.377038 0.561623 0.376483 0.564741 0.376273 0.565226 0.375718 0.565745 0.375683 0.566301 0.376168 0.566819 0.376132 0.567929 0.377102 0.568449 0.377066 0.569004 0.377551 0.569524 0.377516 0.570078 0.378001 0.570597 0.377966 0.571152 0.378450 0.571672 0.378415 0.572227 0.378899 0.572747 0.378864 0.573302 0.379349 0.574340 0.379279
0 0.794385 0.669275 0.794870 0.668720 0.794834 0.668200 0.798226 0.664317 0.798746 0.664282 0.799715 0.663172 0.801274 0.663067 0.801829 0.663552 0.805985 0.663271 0.806541 0.663755 0.809138 0.663580 0.809694 0.664065 0.810213 0.664029 0.811323 0.664998 0.811843 0.664963 0.814061 0.666902 0.814097 0.667421 0.814652 0.667906 0.814968 0.672583 0.812545 0.675356 0.812025 0.675391 0.811056 0.676501 0.810536 0.676536 0.810051 0.677091 0.801217 0.677688 0.800662 0.677203 0.800143 0.677238 0.799589 0.676754 0.799069 0.676789 0.798514 0.676304 0.797994 0.676339 0.795775 0.674401 0.795740 0.673881 0.795186 0.673397 0.794975 0.670279 0.794420 0.669794
0 0.404552 0.624613 0.404762 0.627730 0.405317 0.628215 0.404833 0.628770 0.404868 0.629289 0.404383 0.629844 0.404418 0.630364 0.403933 0.630919 0.404003 0.631958 0.403519 0.632513 0.403554 0.633032 0.402584 0.634142 0.402066 0.634177 0.401096 0.635286 0.400056 0.635357 0.399573 0.635911 0.393856 0.636298 0.393372 0.636852 0.392332 0.636922 0.391777 0.636438 0.390738 0.636508 0.390183 0.636024 0.389664 0.636059 0.389109 0.635574 0.388589 0.635609 0.387479 0.634640 0.386960 0.634675 0.386406 0.634191 0.386090 0.629514 0.387543 0.627850 0.387508 0.627330 0.389930 0.624556 0.390450 0.624521 0.391419 0.623412 0.393498 0.623271 0.393983 0.622716 0.398140 0.622435 0.398625 0.621881 0.399664 0.621811 0.400218 0.622295 0.400738 0.622260 0.401293 0.622745 0.401812 0.622710 0.402367 0.623194 0.402887 0.623159 0.403442 0.623644 0.403961 0.623608 0.403996 0.624128
0 0.304928 0.491823 0.305483 0.492307 0.306003 0.492272 0.306556 0.492757 0.307076 0.492722 0.307631 0.493206 0.308151 0.493171 0.308706 0.493656 0.309225 0.493621 0.309780 0.494105 0.310299 0.494070 0.310855 0.494554 0.311374 0.494519 0.311929 0.495004 0.312449 0.494969 0.313003 0.495453 0.313038 0.495973 0.313593 0.496458 0.313733 0.498536 0.314288 0.499021 0.314394 0.500580 0.313424 0.501689 0.313459 0.502209 0.312976 0.502764 0.313011 0.503283 0.312041 0.504393 0.311522 0.504428 0.311036 0.504983 0.310517 0.505018 0.310032 0.505573 0.308993 0.505643 0.308509 0.506197 0.306951 0.506303 0.306465 0.506857 0.303868 0.507033 0.303312 0.506548 0.302273 0.506619 0.301718 0.506134 0.300679 0.506204 0.300124 0.505720 0.299605 0.505755 0.296831 0.503332 0.296796 0.502812 0.296241 0.502327 0.295890 0.497131 0.296375 0.496577 0.296340 0.496057 0.296860 0.496022 0.297828 0.494912 0.298348 0.494877 0.298833 0.494323 0.299352 0.494287 0.299836 0.493733 0.300356 0.493698 0.300840 0.493143 0.301361 0.493108 0.301845 0.492553 0.302365 0.492518 0.302850 0.491963
0 0.224856 0.329762 0.226134 0.333069 0.226829 0.336850 0.225849 0.340932 0.223127 0.343375 0.221309 0.345254 0.217208 0.346787 0.213992 0.346678 0.213437 0.346194 0.212917 0.346229 0.212363 0.345745 0.211844 0.345780 0.210734 0.344810 0.210214 0.344845 0.209105 0.343876 0.208586 0.343911 0.206366 0.341973 0.206331 0.341453 0.205776 0.340969 0.205670 0.339409 0.205117 0.338925 0.204941 0.336327 0.205425 0.335772 0.205355 0.334733 0.205839 0.334178 0.205769 0.333139 0.207223 0.331475 0.207743 0.331440 0.208711 0.330330 0.209231 0.330295 0.210201 0.329186 0.210721 0.329150 0.211204 0.328596 0.211724 0.328561 0.212209 0.328006 0.212729 0.327971 0.213213 0.327416 0.215811 0.327240 0.216366 0.327725 0.218445 0.327585 0.218999 0.328069 0.220558 0.327964 0.221113 0.328448 0.222152 0.328378 0.222707 0.328863 0.223227 0.328828 0.224336 0.329797
0 0.707394 0.594760 0.707675 0.598917 0.706222 0.600581 0.706257 0.601101 0.705288 0.602210 0.705323 0.602730 0.704353 0.603839 0.703834 0.603874 0.703349 0.604429 0.702830 0.604464 0.702345 0.605019 0.701825 0.605054 0.701341 0.605609 0.695106 0.606030 0.694551 0.605546 0.692471 0.605686 0.690253 0.603748 0.690218 0.603228 0.689663 0.602743 0.689628 0.602224 0.688518 0.601255 0.688377 0.599176 0.688862 0.598622 0.688792 0.597582 0.689277 0.597027 0.689242 0.596508 0.689726 0.595953 0.689691 0.595434 0.692114 0.592660 0.693153 0.592589 0.693638 0.592035 0.695197 0.591929 0.695681 0.591375 0.697241 0.591269 0.697724 0.590715 0.700842 0.590504 0.701952 0.591473 0.702472 0.591438 0.703027 0.591923 0.703546 0.591887 0.705211 0.593341 0.705730 0.593306
0 0.268438 0.278833 0.268957 0.278798 0.269927 0.277689 0.270446 0.277653 0.271416 0.276544 0.271935 0.276509 0.272419 0.275954 0.277096 0.275638 0.277652 0.276123 0.281289 0.275877 0.282398 0.276846 0.282918 0.276811 0.283473 0.277296 0.283993 0.277260 0.284546 0.277745 0.285066 0.277709 0.287286 0.279648 0.287321 0.280168 0.288985 0.281621 0.289020 0.282141 0.289575 0.282626 0.289680 0.284185 0.289196 0.284739 0.289336 0.286818 0.285459 0.291256 0.285494 0.291775 0.284976 0.291810 0.284491 0.292365 0.283971 0.292400 0.283486 0.292955 0.282966 0.292990 0.282483 0.293545 0.279364 0.293756 0.278810 0.293271 0.273613 0.293622 0.273058 0.293138 0.272539 0.293173 0.269764 0.290750 0.269729 0.290230 0.268066 0.288777 0.268030 0.288257 0.267476 0.287772 0.267335 0.285694 0.266780 0.285209 0.266640 0.283131 0.267125 0.282576 0.267054 0.281537 0.267539 0.280982 0.267469 0.279943
0 0.705911 0.719623 0.705946 0.720142 0.705461 0.720697 0.705532 0.721736 0.705047 0.722291 0.705117 0.723330 0.704632 0.723885 0.704667 0.724405 0.704183 0.724960 0.703663 0.724995 0.703179 0.725550 0.702659 0.725585 0.702174 0.726139 0.701655 0.726174 0.701170 0.726729 0.692336 0.727326 0.691781 0.726841 0.691261 0.726877 0.690708 0.726392 0.690188 0.726427 0.689078 0.725458 0.688558 0.725493 0.688523 0.724973 0.687968 0.724489 0.687933 0.723969 0.685160 0.721546 0.684639 0.721582 0.684464 0.718983 0.684949 0.718429 0.684844 0.716870 0.685363 0.716835 0.686333 0.715724 0.686852 0.715689 0.687336 0.715135 0.687856 0.715100 0.688341 0.714545 0.688860 0.714510 0.689830 0.713401 0.690349 0.713366 0.690834 0.712811 0.691353 0.712776 0.691838 0.712221 0.700152 0.711659 0.701262 0.712628 0.701782 0.712593 0.703446 0.714047 0.703481 0.714566 0.704590 0.715536 0.704696 0.717095 0.705251 0.717579 0.705356 0.719138
0 0.814268 0.507671 0.814823 0.508156 0.815862 0.508086 0.816418 0.508570 0.817976 0.508465 0.818531 0.508950 0.819570 0.508879 0.820124 0.509363 0.821164 0.509293 0.823383 0.511232 0.823418 0.511752 0.823972 0.512236 0.824007 0.512756 0.824563 0.513240 0.824598 0.513760 0.825707 0.514729 0.825742 0.515249 0.825258 0.515804 0.825468 0.518921 0.824984 0.519476 0.825019 0.519996 0.823081 0.522215 0.822561 0.522250 0.822077 0.522805 0.819998 0.522945 0.819513 0.523499 0.817955 0.523605 0.817470 0.524160 0.815911 0.524265 0.815426 0.524820 0.814388 0.524890 0.813832 0.524405 0.813313 0.524441 0.812758 0.523956 0.812238 0.523991 0.811684 0.523507 0.811164 0.523542 0.810609 0.523057 0.809570 0.523127 0.809015 0.522643 0.808495 0.522678 0.807941 0.522193 0.806902 0.522264 0.804683 0.520325 0.804648 0.519806 0.804093 0.519321 0.804022 0.518282 0.803468 0.517797 0.803327 0.515719 0.803812 0.515164 0.803777 0.514644 0.804262 0.514090 0.804227 0.513570 0.804711 0.513015 0.804676 0.512496 0.805160 0.511941 0.805125 0.511421 0.805610 0.510866 0.806129 0.510831 0.806614 0.510276 0.807652 0.510206 0.808137 0.509652 0.809177 0.509581 0.809661 0.509027 0.810701 0.508956 0.811185 0.508402 0.812225 0.508331 0.812709 0.507777
0 0.272386 0.531662 0.272023 0.535574 0.268959 0.538918 0.263983 0.540004 0.260609 0.538961 0.258391 0.537023 0.256656 0.534529 0.256480 0.531932 0.256860 0.529818 0.258440 0.526649 0.262771 0.524851 0.266179 0.524245 0.268567 0.525373 0.271301 0.527660
0 0.333353 0.266096 0.333388 0.266616 0.333941 0.267101 0.333977 0.267620 0.334531 0.268104 0.334566 0.268624 0.335676 0.269593 0.335712 0.270113 0.336266 0.270597 0.335782 0.271152 0.335852 0.272191 0.335367 0.272746 0.335473 0.274304 0.334988 0.274860 0.335023 0.275379 0.334055 0.276489 0.333534 0.276524 0.332565 0.277634 0.332045 0.277669 0.331561 0.278223 0.330522 0.278294 0.330037 0.278848 0.325880 0.279129 0.325325 0.278645 0.323247 0.278785 0.322692 0.278300 0.321133 0.278406 0.320578 0.277921 0.320059 0.277956 0.318395 0.276503 0.318360 0.275983 0.317805 0.275498 0.317699 0.273940 0.317145 0.273455 0.317074 0.272416 0.316520 0.271931 0.317489 0.270822 0.317454 0.270302 0.318423 0.269192 0.318388 0.268673 0.319841 0.267009 0.320361 0.266973 0.320846 0.266419 0.321884 0.266349 0.322369 0.265794 0.323409 0.265724 0.323894 0.265169 0.325452 0.265064 0.325937 0.264509 0.329055 0.264298 0.329609 0.264783 0.330648 0.264713 0.331203 0.265197 0.331723 0.265162 0.332832 0.266131
0 0.672216 0.421737 0.674435 0.423675 0.674470 0.424195 0.677244 0.426618 0.677314 0.427657 0.677869 0.428142 0.677974 0.429701 0.678529 0.430185 0.678599 0.431224 0.678115 0.431779 0.678150 0.432299 0.677665 0.432854 0.677735 0.433893 0.677250 0.434447 0.677321 0.435487 0.675867 0.437151 0.675903 0.437671 0.675418 0.438226 0.675453 0.438745 0.674968 0.439300 0.675038 0.440339 0.674070 0.441449 0.674105 0.441968 0.673620 0.442523 0.673100 0.442558 0.672616 0.443113 0.671577 0.443183 0.671093 0.443738 0.670053 0.443808 0.669568 0.444363 0.669048 0.444398 0.668565 0.444953 0.666485 0.445093 0.666000 0.445648 0.665446 0.445163 0.661809 0.445409 0.661254 0.444924 0.658136 0.445135 0.657581 0.444651 0.657062 0.444686 0.655953 0.443716 0.655433 0.443752 0.654323 0.442783 0.653803 0.442818 0.652140 0.441364 0.652104 0.440844 0.651549 0.440360 0.651514 0.439840 0.649849 0.438387 0.649814 0.437867 0.649260 0.437382 0.648873 0.431666 0.649358 0.431111 0.649323 0.430592 0.649808 0.430037 0.649773 0.429517 0.650257 0.428963 0.650222 0.428443 0.653614 0.424560 0.654134 0.424525 0.654619 0.423970 0.655137 0.423935 0.656592 0.422271 0.657630 0.422200 0.658115 0.421645 0.662792 0.421329 0.663277 0.420775 0.664316 0.420705 0.664871 0.421189 0.666950 0.421048 0.667504 0.421533 0.669583 0.421393 0.670138 0.421877
0 0.842802 0.335043 0.842838 0.335563 0.843392 0.336048 0.843462 0.337087 0.844018 0.337571 0.844053 0.338091 0.844608 0.338575 0.844678 0.339615 0.844193 0.340170 0.844263 0.341209 0.843778 0.341764 0.843813 0.342283 0.843329 0.342838 0.843364 0.343358 0.842880 0.343912 0.842360 0.343948 0.841876 0.344502 0.841356 0.344537 0.840871 0.345092 0.839833 0.345162 0.839348 0.345718 0.838308 0.345788 0.837823 0.346342 0.836265 0.346447 0.835780 0.347002 0.832143 0.347248 0.831588 0.346763 0.829509 0.346904 0.828955 0.346420 0.827915 0.346490 0.827361 0.346005 0.826321 0.346075 0.825211 0.345106 0.825071 0.343027 0.824517 0.342543 0.824342 0.339944 0.824825 0.339390 0.824755 0.338351 0.825240 0.337796 0.825205 0.337276 0.825690 0.336721 0.825654 0.336202 0.826624 0.335092 0.827143 0.335057 0.827627 0.334502 0.828147 0.334467 0.828632 0.333912 0.829152 0.333877 0.829637 0.333323 0.830675 0.333252 0.831160 0.332698 0.832199 0.332627 0.832684 0.332073 0.834763 0.331933 0.835317 0.332417 0.836357 0.332347 0.836911 0.332831 0.838470 0.332726 0.839025 0.333210 0.840064 0.333140 0.840619 0.333625 0.841139 0.333590
0 0.640828 0.343466 0.640898 0.344506 0.641453 0.344991 0.641804 0.350187 0.641319 0.350741 0.641460 0.352820 0.638067 0.356703 0.637549 0.356738 0.637064 0.357293 0.636025 0.357363 0.635540 0.357918 0.626706 0.358515 0.626151 0.358030 0.625631 0.358065 0.625076 0.357581 0.624558 0.357616 0.620674 0.354224 0.620428 0.350586 0.619873 0.350102 0.620358 0.349547 0.620323 0.349027 0.620808 0.348473 0.620773 0.347953 0.621256 0.347398 0.621221 0.346879 0.621706 0.346324 0.621636 0.345285 0.624058 0.342511 0.624578 0.342476 0.625548 0.341366 0.626067 0.341331 0.626552 0.340776 0.635906 0.340145 0.636461 0.340629 0.636979 0.340594 0.638644 0.342048 0.639164 0.342013
0 0.773792 0.495789 0.773827 0.496309 0.774382 0.496793 0.774522 0.498872 0.775077 0.499356 0.775148 0.500396 0.774178 0.501505 0.774213 0.502025 0.773244 0.503134 0.772725 0.503169 0.772240 0.503724 0.771720 0.503759 0.770266 0.505424 0.769747 0.505459 0.769263 0.506013 0.768223 0.506083 0.767739 0.506638 0.766699 0.506709 0.766215 0.507263 0.764656 0.507369 0.764100 0.506884 0.762542 0.506989 0.761987 0.506505 0.760428 0.506610 0.759874 0.506126 0.759354 0.506161 0.758799 0.505676 0.758280 0.505711 0.756616 0.504257 0.756581 0.503738 0.755471 0.502769 0.755436 0.502249 0.754881 0.501765 0.754565 0.497088 0.755049 0.496533 0.755014 0.496013 0.755499 0.495459 0.755464 0.494939 0.755949 0.494384 0.755914 0.493865 0.756882 0.492755 0.758961 0.492615 0.759445 0.492060 0.762044 0.491885 0.762529 0.491330 0.765646 0.491119 0.766200 0.491604 0.767240 0.491534 0.767795 0.492018 0.768315 0.491983 0.768870 0.492467 0.769389 0.492432 0.771609 0.494370 0.772128 0.494335
0 0.640723 0.303278 0.640793 0.304317 0.640309 0.304872 0.640414 0.306431 0.639930 0.306985 0.640001 0.308025 0.636608 0.311908 0.636089 0.311943 0.635119 0.313053 0.633561 0.313158 0.633076 0.313713 0.624242 0.314309 0.623687 0.313825 0.622647 0.313895 0.618764 0.310503 0.618729 0.309984 0.618175 0.309499 0.618140 0.308979 0.618624 0.308425 0.618413 0.305307 0.619867 0.303642 0.619832 0.303123 0.620802 0.302013 0.620767 0.301494 0.622704 0.299275 0.623224 0.299240 0.623709 0.298685 0.624228 0.298650 0.624712 0.298095 0.628350 0.297849 0.628835 0.297295 0.632993 0.297014 0.633547 0.297498 0.634066 0.297463 0.634621 0.297948 0.635141 0.297913 0.635696 0.298397 0.636216 0.298362 0.638434 0.300300 0.638469 0.300820 0.639024 0.301304 0.639059 0.301824
0 0.982407 0.593410 0.982962 0.593894 0.983032 0.594934 0.983588 0.595418 0.983658 0.596457 0.984212 0.596941 0.984283 0.597981 0.984837 0.598466 0.984978 0.600544 0.985533 0.601029 0.985638 0.602588 0.985153 0.603142 0.985188 0.603663 0.984704 0.604217 0.984739 0.604737 0.984254 0.605291 0.984290 0.605811 0.983804 0.606366 0.983840 0.606885 0.983320 0.606920 0.982837 0.607475 0.982316 0.607510 0.981832 0.608065 0.981312 0.608100 0.980827 0.608655 0.979789 0.608725 0.979304 0.609280 0.974107 0.609631 0.973623 0.610186 0.971025 0.610361 0.970470 0.609877 0.969430 0.609947 0.968876 0.609462 0.967837 0.609532 0.967282 0.609048 0.966762 0.609083 0.966207 0.608598 0.965688 0.608634 0.965132 0.608149 0.965097 0.607629 0.964542 0.607145 0.964507 0.606625 0.963398 0.605656 0.963363 0.605137 0.962809 0.604652 0.962563 0.601014 0.963047 0.600460 0.962977 0.599420 0.963462 0.598866 0.963981 0.598831 0.964950 0.597721 0.964915 0.597201 0.965884 0.596092 0.965849 0.595572 0.967302 0.593908 0.967823 0.593873 0.968307 0.593318 0.968827 0.593283 0.969312 0.592728 0.969832 0.592693 0.970315 0.592138 0.973953 0.591893 0.974508 0.592377 0.979185 0.592061 0.979739 0.592546 0.980259 0.592511 0.980814 0.592995 0.981333 0.592960 0.981889 0.593445
0 0.918694 0.276149 0.918975 0.280306 0.917521 0.281970 0.917002 0.282005 0.916517 0.282560 0.915478 0.282630 0.914992 0.283185 0.914474 0.283220 0.913989 0.283775 0.912949 0.283845 0.912465 0.284401 0.911945 0.284436 0.911460 0.284990 0.909902 0.285095 0.909417 0.285650 0.908862 0.285165 0.902626 0.285587 0.902072 0.285103 0.901033 0.285173 0.899923 0.284203 0.899403 0.284238 0.897739 0.282785 0.897704 0.282265 0.897149 0.281780 0.897079 0.280741 0.897564 0.280186 0.897458 0.278627 0.897943 0.278073 0.897873 0.277033 0.898357 0.276479 0.898322 0.275959 0.898806 0.275404 0.898771 0.274885 0.899741 0.273775 0.899706 0.273255 0.900190 0.272701 0.900710 0.272666 0.901195 0.272111 0.902753 0.272005 0.903238 0.271451 0.904796 0.271345 0.905281 0.270791 0.906841 0.270686 0.907324 0.270131 0.909924 0.269955 0.910477 0.270440 0.911517 0.270370 0.912072 0.270854 0.912592 0.270819 0.913147 0.271303 0.913666 0.271268 0.914220 0.271753 0.914740 0.271718 0.917514 0.274141 0.917549 0.274660 0.918104 0.275145 0.918139 0.275664
0 0.889859 0.699367 0.893743 0.702759 0.893813 0.703798 0.894368 0.704283 0.894438 0.705322 0.894992 0.705806 0.895028 0.706326 0.895583 0.706811 0.895969 0.712527 0.895484 0.713082 0.895554 0.714121 0.895070 0.714676 0.895140 0.715714 0.894655 0.716270 0.894135 0.716305 0.893167 0.717414 0.892647 0.717449 0.892162 0.718004 0.891643 0.718039 0.891158 0.718594 0.889599 0.718699 0.889115 0.719254 0.888075 0.719324 0.887591 0.719879 0.887072 0.719914 0.886586 0.720469 0.886067 0.720504 0.885582 0.721059 0.884024 0.721164 0.883539 0.721719 0.882500 0.721789 0.881944 0.721304 0.877788 0.721585 0.877233 0.721101 0.875154 0.721241 0.874600 0.720757 0.874080 0.720792 0.873525 0.720307 0.873006 0.720342 0.871897 0.719373 0.871377 0.719408 0.870267 0.718439 0.870232 0.717919 0.869677 0.717434 0.869642 0.716915 0.869087 0.716431 0.869016 0.715391 0.868462 0.714907 0.868427 0.714387 0.867873 0.713903 0.867732 0.711824 0.868216 0.711269 0.868040 0.708671 0.868525 0.708116 0.868490 0.707597 0.868975 0.707042 0.868869 0.705483 0.869354 0.704928 0.869319 0.704409 0.873679 0.699416 0.874719 0.699346 0.875204 0.698791 0.878322 0.698580 0.878806 0.698026 0.883483 0.697710 0.884038 0.698194 0.885077 0.698124 0.885632 0.698609 0.886671 0.698538 0.887226 0.699023 0.888265 0.698953 0.888821 0.699437
0 0.804330 0.592388 0.804885 0.592873 0.804920 0.593392 0.806585 0.594845 0.806620 0.595365 0.808284 0.596819 0.807798 0.597374 0.807833 0.597894 0.807350 0.598448 0.807385 0.598968 0.806901 0.599523 0.806936 0.600042 0.806451 0.600597 0.806486 0.601117 0.804063 0.603890 0.803543 0.603926 0.803059 0.604480 0.802539 0.604515 0.801570 0.605625 0.800531 0.605695 0.800046 0.606250 0.797448 0.606425 0.796963 0.606980 0.795923 0.607050 0.795369 0.606566 0.793810 0.606671 0.793256 0.606187 0.792735 0.606222 0.792182 0.605737 0.791662 0.605772 0.791107 0.605288 0.790587 0.605323 0.790032 0.604838 0.788993 0.604908 0.788439 0.604424 0.787919 0.604459 0.787884 0.603939 0.786774 0.602971 0.786739 0.602451 0.786184 0.601966 0.785833 0.596770 0.786318 0.596214 0.786248 0.595176 0.786732 0.594621 0.786697 0.594101 0.787182 0.593546 0.787702 0.593511 0.788185 0.592956 0.788705 0.592921 0.789190 0.592367 0.790229 0.592296 0.790714 0.591742 0.791753 0.591672 0.792238 0.591117 0.793277 0.591047 0.793762 0.590492 0.796360 0.590316 0.796915 0.590801 0.798473 0.590696 0.799028 0.591180 0.800068 0.591110 0.800623 0.591594 0.801662 0.591524 0.802216 0.592009 0.803256 0.591938 0.803810 0.592423
0 0.194465 0.713874 0.194570 0.715433 0.195125 0.715918 0.195335 0.719036 0.194851 0.719591 0.194921 0.720630 0.194436 0.721185 0.194471 0.721704 0.193987 0.722259 0.194057 0.723298 0.193087 0.724408 0.192569 0.724443 0.192084 0.724998 0.191564 0.725033 0.191079 0.725588 0.187839 0.726842 0.184595 0.726961 0.183319 0.726634 0.180163 0.725059 0.178460 0.722072 0.176959 0.718372 0.177083 0.715011 0.179501 0.712099 0.182716 0.709970 0.186160 0.708685 0.190546 0.709963 0.193320 0.712386 0.193355 0.712906
0 0.183372 0.585482 0.184711 0.582167 0.185680 0.581057 0.186200 0.581022 0.187168 0.579913 0.187688 0.579877 0.188173 0.579323 0.188693 0.579288 0.189661 0.578178 0.195897 0.577757 0.196452 0.578241 0.198530 0.578101 0.199085 0.578586 0.199605 0.578550 0.200715 0.579520 0.201234 0.579484 0.202343 0.580454 0.202863 0.580419 0.203890 0.582000 0.204696 0.583589 0.205723 0.586026 0.206216 0.588458 0.205448 0.592290 0.204185 0.594882 0.202207 0.597850 0.198739 0.599440 0.195768 0.600463 0.193259 0.600427 0.190062 0.599944 0.186113 0.597458 0.183907 0.594608 0.183264 0.591661 0.182737 0.588852
0 0.657115 0.584583 0.657326 0.587701 0.657880 0.588186 0.657951 0.589225 0.657466 0.589780 0.657501 0.590300 0.657016 0.590854 0.657086 0.591894 0.656602 0.592448 0.656672 0.593488 0.655219 0.595152 0.654699 0.595187 0.653731 0.596297 0.653211 0.596332 0.652726 0.596886 0.650648 0.597027 0.650163 0.597582 0.644446 0.597968 0.643892 0.597483 0.642853 0.597553 0.642298 0.597069 0.641778 0.597104 0.641223 0.596619 0.640704 0.596654 0.639594 0.595685 0.639075 0.595720 0.637965 0.594751 0.637895 0.593712 0.637341 0.593227 0.637271 0.592188 0.636715 0.591704 0.636575 0.589625 0.637060 0.589070 0.636990 0.588031 0.637473 0.587476 0.637403 0.586437 0.640310 0.583108 0.640830 0.583073 0.641800 0.581964 0.642319 0.581929 0.642804 0.581374 0.651638 0.580777 0.652193 0.581262 0.652713 0.581227 0.653822 0.582196 0.654341 0.582161
0 0.822650 0.624038 0.822686 0.624557 0.823240 0.625042 0.823276 0.625562 0.823830 0.626046 0.823971 0.628125 0.824526 0.628610 0.824701 0.631207 0.824216 0.631762 0.824251 0.632282 0.822313 0.634501 0.821794 0.634536 0.821309 0.635091 0.819750 0.635196 0.819266 0.635751 0.817187 0.635891 0.816702 0.636446 0.812546 0.636726 0.811990 0.636242 0.810951 0.636312 0.810396 0.635828 0.809358 0.635898 0.808802 0.635414 0.807763 0.635484 0.807208 0.634999 0.806170 0.635069 0.804505 0.633616 0.804470 0.633096 0.803914 0.632612 0.803774 0.630533 0.803220 0.630049 0.803010 0.626930 0.803493 0.626376 0.803458 0.625856 0.803943 0.625301 0.803873 0.624262 0.805327 0.622598 0.805846 0.622563 0.806330 0.622008 0.807370 0.621938 0.807855 0.621383 0.809413 0.621278 0.809898 0.620723 0.811458 0.620618 0.811942 0.620063 0.814020 0.619923 0.814575 0.620407 0.816134 0.620302 0.816689 0.620786 0.817728 0.620716 0.818283 0.621201 0.818802 0.621166 0.819357 0.621650 0.819877 0.621615 0.820987 0.622584 0.821505 0.622549 0.821540 0.623069
0 0.237244 0.303909 0.238354 0.304878 0.238389 0.305398 0.240608 0.307336 0.240643 0.307856 0.241198 0.308340 0.241303 0.309899 0.241858 0.310384 0.242034 0.312982 0.241549 0.313537 0.241584 0.314056 0.241100 0.314611 0.241135 0.315131 0.240650 0.315686 0.240685 0.316205 0.240200 0.316760 0.240235 0.317280 0.238782 0.318944 0.238262 0.318979 0.237294 0.320088 0.236774 0.320123 0.236289 0.320678 0.234730 0.320784 0.234245 0.321338 0.229569 0.321654 0.229084 0.322209 0.228045 0.322279 0.226935 0.321310 0.226416 0.321345 0.225861 0.320861 0.225341 0.320896 0.224786 0.320411 0.224268 0.320446 0.223712 0.319962 0.223193 0.319997 0.222638 0.319512 0.221599 0.319582 0.221044 0.319098 0.220004 0.319168 0.218340 0.317715 0.218305 0.317195 0.217751 0.316710 0.217716 0.316191 0.216606 0.315222 0.216536 0.314182 0.215981 0.313698 0.215770 0.310579 0.215215 0.310095 0.215700 0.309541 0.215630 0.308501 0.216114 0.307946 0.216079 0.307427 0.216564 0.306872 0.216529 0.306352 0.217497 0.305243 0.218537 0.305173 0.219022 0.304618 0.220581 0.304513 0.221065 0.303958 0.222624 0.303853 0.223109 0.303298 0.224668 0.303193 0.225152 0.302638 0.228790 0.302393 0.229345 0.302877 0.231943 0.302701 0.232498 0.303186 0.234576 0.303045 0.235131 0.303530 0.236171 0.303460 0.236724 0.303944
0 0.694794 0.746609 0.694830 0.747128 0.695939 0.748097 0.695974 0.748617 0.697083 0.749586 0.697118 0.750106 0.697673 0.750590 0.697778 0.752149 0.697294 0.752704 0.697399 0.754263 0.696915 0.754818 0.696985 0.755857 0.694562 0.758630 0.694597 0.759150 0.693628 0.760260 0.693109 0.760295 0.692624 0.760850 0.691584 0.760920 0.691100 0.761475 0.690061 0.761545 0.689577 0.762100 0.685938 0.762346 0.685384 0.761861 0.682786 0.762037 0.682231 0.761552 0.680153 0.761692 0.679597 0.761208 0.679078 0.761243 0.678523 0.760758 0.678488 0.760238 0.677934 0.759754 0.677863 0.758714 0.677274 0.757710 0.677342 0.753218 0.678140 0.748943 0.680138 0.746032 0.680658 0.745997 0.681143 0.745442 0.681662 0.745407 0.682147 0.744852 0.683186 0.744782 0.683671 0.744228 0.685230 0.744122 0.685715 0.743567 0.687793 0.743427 0.688348 0.743912 0.689387 0.743841 0.689942 0.744326 0.690461 0.744291 0.691016 0.744775 0.691536 0.744740 0.692091 0.745225 0.692610 0.745190 0.694274 0.746644
0 0.238502 0.670282 0.238537 0.670802 0.239092 0.671287 0.239127 0.671806 0.238642 0.672361 0.238888 0.675999 0.237919 0.677108 0.237954 0.677628 0.235531 0.680401 0.235011 0.680437 0.234527 0.680991 0.233487 0.681062 0.233003 0.681616 0.231444 0.681722 0.230959 0.682276 0.226803 0.682557 0.226247 0.682073 0.224169 0.682213 0.223615 0.681728 0.222575 0.681799 0.222020 0.681314 0.221500 0.681349 0.219836 0.679896 0.219801 0.679376 0.219246 0.678891 0.219211 0.678372 0.218656 0.677887 0.218411 0.674250 0.218895 0.673695 0.218790 0.672136 0.219760 0.671026 0.219724 0.670507 0.222632 0.667178 0.223151 0.667143 0.223635 0.666588 0.224675 0.666518 0.225159 0.665963 0.226198 0.665893 0.226683 0.665339 0.228242 0.665233 0.228797 0.665718 0.229836 0.665648 0.230391 0.666132 0.231430 0.666062 0.231985 0.666546 0.232504 0.666511 0.233614 0.667480 0.234134 0.667445 0.234688 0.667930 0.235209 0.667895 0.236317 0.668864 0.236837 0.668829
0 0.272659 0.627258 0.274878 0.629196 0.274913 0.629715 0.276022 0.630684 0.276057 0.631204 0.277166 0.632173 0.277237 0.633213 0.276753 0.633767 0.276788 0.634287 0.276303 0.634842 0.276338 0.635361 0.275854 0.635916 0.275889 0.636436 0.275404 0.636990 0.275439 0.637511 0.274919 0.637546 0.273951 0.638655 0.273431 0.638690 0.272946 0.639245 0.270868 0.639385 0.270383 0.639940 0.267265 0.640150 0.266781 0.640705 0.265221 0.640810 0.264668 0.640326 0.264147 0.640361 0.263593 0.639876 0.263073 0.639912 0.262518 0.639427 0.261998 0.639462 0.260889 0.638493 0.260370 0.638529 0.260334 0.638008 0.259780 0.637524 0.259745 0.637004 0.259189 0.636520 0.259119 0.635480 0.258011 0.634511 0.257905 0.632952 0.258390 0.632398 0.258355 0.631877 0.258838 0.631323 0.258803 0.630804 0.259288 0.630249 0.259253 0.629729 0.260222 0.628620 0.260742 0.628584 0.261226 0.628030 0.261746 0.627995 0.262231 0.627440 0.262750 0.627405 0.263235 0.626850 0.268431 0.626499 0.268986 0.626984 0.271064 0.626843 0.271619 0.627328
0 0.212826 0.429277 0.215599 0.431700 0.215634 0.432220 0.216190 0.432704 0.216225 0.433224 0.217333 0.434193 0.217368 0.434713 0.217924 0.435197 0.217994 0.436237 0.218549 0.436721 0.218654 0.438280 0.219209 0.438765 0.219279 0.439804 0.218310 0.440913 0.218345 0.441433 0.217375 0.442543 0.217410 0.443062 0.216442 0.444172 0.215922 0.444207 0.215438 0.444762 0.214917 0.444797 0.214434 0.445351 0.208198 0.445772 0.207643 0.445288 0.204526 0.445499 0.203970 0.445015 0.202931 0.445085 0.199602 0.442177 0.199567 0.441657 0.198458 0.440688 0.198283 0.438090 0.197728 0.437605 0.197623 0.436047 0.198107 0.435492 0.198072 0.434972 0.198556 0.434417 0.198521 0.433898 0.199006 0.433343 0.198971 0.432823 0.199455 0.432269 0.199420 0.431749 0.199940 0.431714 0.200908 0.430604 0.201428 0.430569 0.201913 0.430014 0.202952 0.429944 0.203437 0.429390 0.211751 0.428828 0.212306 0.429312
0 0.150364 0.748797 0.150399 0.749316 0.150953 0.749801 0.150988 0.750321 0.151543 0.750805 0.151578 0.751325 0.152133 0.751809 0.152168 0.752329 0.152723 0.752814 0.153004 0.756971 0.152035 0.758080 0.152070 0.758600 0.151550 0.758636 0.150096 0.760299 0.149577 0.760334 0.149092 0.760889 0.148572 0.760924 0.148088 0.761479 0.147049 0.761549 0.146564 0.762104 0.146045 0.762139 0.145489 0.761654 0.142371 0.761865 0.141818 0.761380 0.139218 0.761556 0.138664 0.761072 0.138145 0.761107 0.137590 0.760622 0.137070 0.760657 0.134852 0.758719 0.134641 0.755601 0.134086 0.755117 0.134015 0.754077 0.134985 0.752967 0.134950 0.752448 0.135433 0.751893 0.135398 0.751374 0.135883 0.750819 0.135848 0.750299 0.137786 0.748080 0.138826 0.748010 0.139310 0.747455 0.141389 0.747315 0.141874 0.746760 0.144471 0.746585 0.144956 0.746030 0.145476 0.745995 0.146031 0.746479 0.147070 0.746409 0.148180 0.747378 0.148699 0.747343
0 0.936215 0.659172 0.936320 0.660731 0.935835 0.661286 0.935905 0.662325 0.935421 0.662880 0.935456 0.663400 0.934971 0.663954 0.935006 0.664474 0.934486 0.664509 0.933033 0.666174 0.932513 0.666209 0.931544 0.667318 0.931025 0.667353 0.930540 0.667908 0.930020 0.667943 0.929536 0.668498 0.929016 0.668533 0.928531 0.669088 0.924893 0.669333 0.924340 0.668849 0.920702 0.669095 0.920147 0.668610 0.919107 0.668680 0.918552 0.668196 0.918034 0.668231 0.917479 0.667746 0.916959 0.667781 0.915849 0.666812 0.915330 0.666847 0.914775 0.666363 0.914740 0.665843 0.914185 0.665359 0.913834 0.660162 0.914319 0.659607 0.914284 0.659088 0.914769 0.658533 0.914698 0.657494 0.915182 0.656939 0.915147 0.656419 0.915632 0.655864 0.916152 0.655829 0.917605 0.654165 0.918124 0.654130 0.918609 0.653575 0.920687 0.653435 0.921172 0.652880 0.927408 0.652459 0.927963 0.652943 0.929002 0.652873 0.929558 0.653358 0.930077 0.653323 0.931186 0.654292 0.931706 0.654257 0.933924 0.656195 0.933959 0.656714 0.935624 0.658168 0.935659 0.658688
0 0.911511 0.481789 0.911581 0.482827 0.912136 0.483312 0.912452 0.487989 0.911967 0.488544 0.912143 0.491142 0.911658 0.491696 0.911693 0.492216 0.908786 0.495545 0.908266 0.495580 0.907781 0.496135 0.906743 0.496205 0.906258 0.496759 0.905218 0.496830 0.904735 0.497384 0.903695 0.497455 0.903210 0.498009 0.901652 0.498115 0.901167 0.498669 0.899608 0.498775 0.899053 0.498290 0.892817 0.498711 0.892262 0.498227 0.891223 0.498297 0.890114 0.497329 0.889594 0.497364 0.888485 0.496394 0.887965 0.496429 0.887410 0.495944 0.886891 0.495980 0.885782 0.495011 0.885262 0.495046 0.884707 0.494561 0.884187 0.494596 0.882522 0.493143 0.882487 0.492623 0.881933 0.492138 0.881898 0.491619 0.881343 0.491134 0.881308 0.490615 0.880198 0.489645 0.880093 0.488086 0.879538 0.487602 0.879327 0.484484 0.880297 0.483375 0.880262 0.482855 0.881231 0.481745 0.881196 0.481226 0.883134 0.479007 0.883654 0.478972 0.884139 0.478417 0.884658 0.478382 0.885142 0.477827 0.886701 0.477722 0.887186 0.477167 0.888225 0.477097 0.888710 0.476542 0.890269 0.476436 0.890753 0.475882 0.899588 0.475285 0.900142 0.475769 0.901701 0.475664 0.902256 0.476149 0.903296 0.476079 0.903849 0.476563 0.905409 0.476458 0.905964 0.476943 0.907002 0.476872 0.907558 0.477357 0.908077 0.477322 0.909187 0.478291 0.909222 0.478811 0.910331 0.479780 0.910366 0.480299 0.910921 0.480784 0.910956 0.481304
0 0.406129 0.444131 0.406199 0.445170 0.406754 0.445655 0.406895 0.447734 0.407449 0.448218 0.407835 0.453934 0.407351 0.454489 0.407421 0.455529 0.406937 0.456083 0.407007 0.457123 0.406038 0.458232 0.404999 0.458302 0.404514 0.458857 0.403994 0.458892 0.403510 0.459446 0.402470 0.459517 0.401985 0.460071 0.400946 0.460142 0.400462 0.460697 0.399422 0.460767 0.398939 0.461322 0.397899 0.461392 0.397414 0.461947 0.392737 0.462263 0.392253 0.462817 0.389135 0.463028 0.388580 0.462543 0.385462 0.462754 0.384908 0.462270 0.383349 0.462375 0.382794 0.461890 0.381235 0.461996 0.380680 0.461511 0.380160 0.461546 0.379606 0.461061 0.378566 0.461131 0.377456 0.460163 0.376937 0.460198 0.374718 0.458260 0.374648 0.457220 0.374093 0.456736 0.374023 0.455696 0.373469 0.455211 0.373153 0.450535 0.373637 0.449980 0.373601 0.449461 0.374086 0.448906 0.374051 0.448386 0.374536 0.447831 0.374501 0.447311 0.374985 0.446757 0.374950 0.446237 0.378342 0.442354 0.378861 0.442319 0.380800 0.440100 0.382358 0.439994 0.382843 0.439439 0.387001 0.439159 0.387485 0.438604 0.390603 0.438393 0.391157 0.438878 0.394795 0.438632 0.395350 0.439117 0.397429 0.438976 0.397983 0.439461 0.398503 0.439426 0.399058 0.439911 0.399577 0.439876 0.400687 0.440845 0.401206 0.440810 0.402316 0.441779 0.402836 0.441744 0.403946 0.442713 0.404464 0.442678 0.405020 0.443162 0.405539 0.443127 0.405574 0.443647
0 0.823862 0.425588 0.823897 0.426108 0.823413 0.426663 0.823483 0.427702 0.822998 0.428257 0.823069 0.429296 0.822584 0.429851 0.822619 0.430370 0.822135 0.430925 0.821614 0.430960 0.820161 0.432624 0.819642 0.432660 0.819157 0.433214 0.818637 0.433249 0.818152 0.433804 0.817634 0.433839 0.817149 0.434394 0.816629 0.434429 0.816144 0.434984 0.807830 0.435546 0.807275 0.435061 0.806756 0.435096 0.806200 0.434612 0.805682 0.434647 0.804572 0.433677 0.804052 0.433713 0.803497 0.433228 0.802977 0.433263 0.802422 0.432779 0.801904 0.432814 0.801349 0.432329 0.800829 0.432364 0.799719 0.431395 0.799614 0.429836 0.800099 0.429281 0.799923 0.426683 0.800443 0.426648 0.804804 0.421655 0.805323 0.421620 0.805808 0.421066 0.806328 0.421030 0.807297 0.419921 0.813013 0.419535 0.813498 0.418980 0.815576 0.418840 0.816131 0.419324 0.816651 0.419289 0.817205 0.419774 0.817724 0.419739 0.818280 0.420223 0.818799 0.420188 0.819354 0.420673 0.819874 0.420637 0.820983 0.421607 0.821018 0.422126 0.821573 0.422611 0.821608 0.423130 0.823273 0.424583 0.823308 0.425104
0 0.199429 0.362320 0.202203 0.364742 0.202238 0.365262 0.202793 0.365747 0.202863 0.366786 0.203416 0.367270 0.203487 0.368310 0.204042 0.368794 0.204077 0.369314 0.203592 0.369869 0.203697 0.371428 0.203214 0.371982 0.203284 0.373022 0.201830 0.374686 0.201310 0.374722 0.200342 0.375831 0.198262 0.375971 0.197777 0.376526 0.195699 0.376666 0.195215 0.377221 0.193136 0.377361 0.192652 0.377916 0.191612 0.377986 0.191057 0.377502 0.189499 0.377607 0.188944 0.377122 0.187905 0.377193 0.187350 0.376708 0.186311 0.376778 0.185756 0.376294 0.184716 0.376364 0.183052 0.374910 0.183017 0.374391 0.182462 0.373906 0.182427 0.373386 0.181872 0.372902 0.181837 0.372382 0.181282 0.371898 0.181247 0.371378 0.180693 0.370893 0.180623 0.369854 0.181107 0.369299 0.180966 0.367221 0.181451 0.366666 0.181381 0.365627 0.183320 0.363408 0.184358 0.363338 0.184843 0.362783 0.185882 0.362713 0.186367 0.362158 0.187406 0.362088 0.187891 0.361533 0.188930 0.361463 0.189415 0.360908 0.192013 0.360732 0.192568 0.361218 0.193606 0.361147 0.194162 0.361631 0.195721 0.361526 0.196275 0.362011 0.197834 0.361905 0.198389 0.362390
0 0.914229 0.557819 0.914545 0.562496 0.914061 0.563051 0.914096 0.563571 0.913127 0.564680 0.912607 0.564715 0.912122 0.565270 0.910564 0.565375 0.910079 0.565930 0.908001 0.566070 0.907516 0.566626 0.903359 0.566907 0.902803 0.566422 0.901765 0.566492 0.901210 0.566007 0.899650 0.566112 0.899096 0.565628 0.898577 0.565663 0.898022 0.565178 0.896982 0.565249 0.896427 0.564764 0.896392 0.564245 0.895837 0.563760 0.895521 0.559083 0.896006 0.558528 0.895971 0.558009 0.896456 0.557454 0.896421 0.556934 0.896940 0.556899 0.897910 0.555790 0.898429 0.555755 0.899398 0.554645 0.899918 0.554610 0.900402 0.554055 0.901442 0.553985 0.901926 0.553430 0.902966 0.553360 0.903450 0.552806 0.905009 0.552701 0.905564 0.553185 0.907123 0.553079 0.907678 0.553564 0.908717 0.553494 0.909272 0.553978 0.910311 0.553908 0.911420 0.554877 0.911940 0.554842 0.912495 0.555326 0.912530 0.555846 0.913640 0.556815 0.913675 0.557335
0 0.859032 0.351174 0.862360 0.354081 0.862395 0.354601 0.863504 0.355570 0.863820 0.360247 0.862852 0.361356 0.862887 0.361876 0.861432 0.363540 0.860912 0.363575 0.859944 0.364685 0.858904 0.364755 0.858420 0.365310 0.850626 0.365836 0.845632 0.361475 0.845422 0.358357 0.845906 0.357803 0.845836 0.356763 0.847774 0.354544 0.848294 0.354509 0.849748 0.352845 0.850267 0.352810 0.850751 0.352255 0.854389 0.352009 0.854874 0.351455
0 0.069271 0.328828 0.070725 0.327164 0.071245 0.327129 0.071729 0.326574 0.072248 0.326539 0.072733 0.325984 0.073253 0.325949 0.073737 0.325394 0.074258 0.325359 0.074742 0.324804 0.075781 0.324734 0.076265 0.324179 0.078344 0.324039 0.078899 0.324523 0.079418 0.324488 0.079973 0.324973 0.080493 0.324938 0.081048 0.325422 0.081567 0.325387 0.082122 0.325872 0.082642 0.325837 0.083196 0.326322 0.083717 0.326287 0.084270 0.326771 0.084790 0.326736 0.085900 0.327705 0.086420 0.327670 0.086455 0.328189 0.087010 0.328674 0.087045 0.329193 0.087599 0.329678 0.087634 0.330198 0.088189 0.330682 0.088224 0.331202 0.088779 0.331686 0.088919 0.333765 0.089474 0.334250 0.089615 0.336328 0.089130 0.336883 0.089165 0.337403 0.088680 0.337957 0.088715 0.338477 0.088231 0.339032 0.088266 0.339551 0.086813 0.341216 0.086293 0.341251 0.085808 0.341805 0.077494 0.342367 0.076939 0.341882 0.075381 0.341988 0.074826 0.341503 0.074306 0.341538 0.073196 0.340569 0.072677 0.340604 0.071013 0.339151 0.070493 0.339186 0.070458 0.338666 0.069902 0.338182 0.069832 0.337142 0.069278 0.336658 0.068856 0.330422 0.069341 0.329867
0 0.862509 0.209471 0.862544 0.209991 0.863099 0.210475 0.863134 0.210995 0.864244 0.211964 0.864349 0.213523 0.863865 0.214078 0.863900 0.214598 0.863415 0.215152 0.863521 0.216711 0.862067 0.218376 0.861548 0.218411 0.859610 0.220630 0.859090 0.220665 0.858121 0.221774 0.854483 0.222020 0.853999 0.222575 0.848282 0.222961 0.847728 0.222476 0.847208 0.222511 0.844989 0.220573 0.844953 0.220054 0.843845 0.219084 0.843810 0.218565 0.843255 0.218080 0.843079 0.215482 0.843564 0.214927 0.843459 0.213368 0.844912 0.211704 0.844877 0.211184 0.845361 0.210630 0.845326 0.210110 0.845811 0.209555 0.845776 0.209036 0.846296 0.209001 0.847264 0.207891 0.847784 0.207856 0.848269 0.207301 0.856063 0.206775 0.856547 0.206220 0.857103 0.206704 0.858142 0.206634 0.858697 0.207119 0.859216 0.207084 0.859771 0.207568 0.860291 0.207533
0 0.303575 0.366247 0.303681 0.367807 0.303197 0.368361 0.303302 0.369920 0.302818 0.370474 0.302853 0.370994 0.301883 0.372104 0.301364 0.372139 0.300879 0.372694 0.299840 0.372764 0.299355 0.373318 0.298836 0.373354 0.298351 0.373908 0.297312 0.373978 0.296828 0.374533 0.293710 0.374744 0.293155 0.374259 0.291595 0.374365 0.291040 0.373880 0.289482 0.373985 0.288927 0.373501 0.287888 0.373571 0.286224 0.372117 0.286153 0.371078 0.285599 0.370594 0.285493 0.369035 0.284938 0.368550 0.284798 0.366471 0.285283 0.365917 0.285142 0.363838 0.286596 0.362173 0.287116 0.362138 0.287600 0.361584 0.289679 0.361444 0.290163 0.360889 0.291722 0.360784 0.292207 0.360229 0.293765 0.360123 0.294250 0.359569 0.294805 0.360053 0.295325 0.360018 0.295880 0.360503 0.296918 0.360433 0.297473 0.360917 0.297993 0.360882 0.298548 0.361366 0.299068 0.361331 0.300177 0.362301 0.300697 0.362265 0.301251 0.362750 0.301287 0.363270 0.301841 0.363754 0.301876 0.364274 0.302986 0.365243 0.303021 0.365763
0 0.583682 0.641224 0.584237 0.641708 0.585276 0.641638 0.585831 0.642123 0.586351 0.642088 0.586905 0.642572 0.587425 0.642537 0.587980 0.643021 0.588499 0.642986 0.589054 0.643471 0.590093 0.643401 0.590649 0.643885 0.591168 0.643850 0.591722 0.644335 0.592242 0.644300 0.595015 0.646722 0.595051 0.647242 0.595606 0.647727 0.595887 0.651884 0.595402 0.652439 0.595437 0.652958 0.594953 0.653513 0.594988 0.654033 0.594504 0.654587 0.594539 0.655107 0.594054 0.655662 0.594089 0.656181 0.593120 0.657291 0.593155 0.657811 0.592116 0.657881 0.591632 0.658436 0.591111 0.658471 0.590627 0.659025 0.589587 0.659096 0.589103 0.659650 0.588584 0.659685 0.587614 0.660795 0.586055 0.660900 0.585571 0.661455 0.584531 0.661525 0.583977 0.661041 0.582418 0.661146 0.581863 0.660661 0.581343 0.660696 0.580789 0.660212 0.580268 0.660247 0.579714 0.659763 0.579195 0.659798 0.578640 0.659314 0.578120 0.659349 0.577565 0.658864 0.577045 0.658899 0.576491 0.658414 0.576456 0.657894 0.575346 0.656925 0.575206 0.654847 0.574651 0.654362 0.574230 0.648126 0.574715 0.647572 0.574679 0.647052 0.576618 0.644833 0.577657 0.644763 0.578626 0.643653 0.579665 0.643583 0.580150 0.643028 0.580670 0.642993 0.581155 0.642438 0.582193 0.642368 0.582678 0.641814 0.583198 0.641778
0 0.177177 0.272469 0.177493 0.277146 0.173616 0.281584 0.173096 0.281619 0.172611 0.282174 0.172093 0.282209 0.171608 0.282764 0.170568 0.282834 0.170084 0.283389 0.165407 0.283705 0.164922 0.284259 0.160765 0.284540 0.160210 0.284056 0.158132 0.284196 0.157577 0.283711 0.155499 0.283852 0.154944 0.283367 0.153904 0.283438 0.152795 0.282468 0.152760 0.281949 0.152205 0.281464 0.152170 0.280945 0.151615 0.280460 0.151545 0.279421 0.150990 0.278936 0.150745 0.275299 0.151229 0.274744 0.151054 0.272146 0.151538 0.271591 0.151433 0.270032 0.151918 0.269477 0.151883 0.268958 0.153336 0.267293 0.153856 0.267258 0.154340 0.266703 0.154860 0.266668 0.155345 0.266114 0.155864 0.266079 0.156349 0.265524 0.156868 0.265489 0.157353 0.264934 0.158392 0.264864 0.158876 0.264309 0.164074 0.263958 0.164628 0.264443 0.166707 0.264303 0.167262 0.264787 0.168300 0.264716 0.168855 0.265201 0.169375 0.265166 0.170485 0.266135 0.171005 0.266100 0.173223 0.268038 0.173743 0.268003 0.173778 0.268523 0.174332 0.269007 0.174367 0.269527 0.175477 0.270496 0.175512 0.271015
0 0.953434 0.264928 0.953504 0.265967 0.954059 0.266452 0.954129 0.267492 0.954683 0.267976 0.954718 0.268495 0.955273 0.268980 0.954788 0.269535 0.954823 0.270054 0.954340 0.270609 0.954375 0.271129 0.953890 0.271683 0.953960 0.272723 0.952506 0.274387 0.951986 0.274422 0.951501 0.274976 0.950983 0.275011 0.950498 0.275567 0.949978 0.275602 0.949494 0.276157 0.944817 0.276472 0.944262 0.275988 0.940624 0.276234 0.940070 0.275749 0.939549 0.275784 0.938441 0.274815 0.937921 0.274850 0.937886 0.274331 0.937331 0.273846 0.937261 0.272807 0.936706 0.272322 0.936671 0.271802 0.936116 0.271318 0.936080 0.270798 0.935526 0.270314 0.936010 0.269759 0.935940 0.268720 0.936425 0.268165 0.936320 0.266606 0.937774 0.264942 0.938294 0.264907 0.938777 0.264352 0.939297 0.264317 0.939782 0.263762 0.941340 0.263657 0.941825 0.263102 0.947542 0.262716 0.948026 0.262161 0.948581 0.262646 0.949100 0.262611 0.949655 0.263095 0.950175 0.263060 0.950729 0.263545 0.951249 0.263509 0.952359 0.264479 0.952879 0.264443
0 0.085044 0.299573 0.085598 0.300058 0.087157 0.299953 0.087712 0.300437 0.088752 0.300367 0.089306 0.300852 0.089826 0.300816 0.090381 0.301301 0.090900 0.301266 0.091456 0.301750 0.091974 0.301715 0.093084 0.302684 0.093119 0.303204 0.094784 0.304657 0.095100 0.309335 0.094615 0.309889 0.094650 0.310409 0.094165 0.310964 0.094201 0.311484 0.093716 0.312038 0.093751 0.312558 0.092298 0.314222 0.090738 0.314327 0.090253 0.314882 0.088695 0.314987 0.088210 0.315542 0.085612 0.315718 0.085128 0.316272 0.084608 0.316307 0.084053 0.315823 0.082494 0.315928 0.081940 0.315444 0.081420 0.315479 0.080865 0.314994 0.079826 0.315064 0.077052 0.312642 0.076533 0.312677 0.076498 0.312157 0.075943 0.311673 0.075908 0.311153 0.075353 0.310668 0.075072 0.306511 0.075556 0.305956 0.075521 0.305437 0.076490 0.304327 0.077010 0.304292 0.079433 0.301518 0.079952 0.301483 0.080437 0.300929 0.080957 0.300894 0.081441 0.300339 0.082480 0.300269 0.082965 0.299714
0 0.327770 0.616227 0.330543 0.618649 0.331063 0.618614 0.332173 0.619584 0.332208 0.620103 0.332762 0.620588 0.332867 0.622146 0.333422 0.622631 0.333492 0.623670 0.334047 0.624155 0.334258 0.627273 0.333773 0.627828 0.333843 0.628867 0.333359 0.629422 0.332840 0.629457 0.331870 0.630566 0.331351 0.630601 0.330866 0.631156 0.330347 0.631191 0.329863 0.631746 0.329342 0.631781 0.328858 0.632336 0.327298 0.632441 0.326815 0.632996 0.324735 0.633136 0.324251 0.633691 0.319055 0.634042 0.318499 0.633557 0.317980 0.633592 0.317426 0.633108 0.316906 0.633143 0.316351 0.632658 0.315832 0.632694 0.314168 0.631240 0.313648 0.631275 0.313093 0.630791 0.313058 0.630271 0.312503 0.629786 0.312433 0.628747 0.311878 0.628262 0.311772 0.626704 0.311219 0.626219 0.310973 0.622581 0.311456 0.622027 0.311386 0.620988 0.311871 0.620433 0.311836 0.619913 0.312356 0.619878 0.313810 0.618214 0.314329 0.618179 0.315298 0.617069 0.315263 0.616549 0.316303 0.616479 0.316786 0.615924 0.317826 0.615854 0.318311 0.615299 0.322468 0.615019 0.323022 0.615503 0.325101 0.615363 0.325657 0.615847 0.326695 0.615777 0.327250 0.616262
0 0.656588 0.615418 0.657107 0.615383 0.658076 0.614274 0.658596 0.614239 0.659081 0.613684 0.659600 0.613649 0.660085 0.613094 0.661124 0.613024 0.661608 0.612469 0.662129 0.612434 0.662683 0.612918 0.669439 0.612462 0.669994 0.612947 0.670513 0.612912 0.671067 0.613396 0.671587 0.613361 0.672142 0.613846 0.672662 0.613810 0.673217 0.614295 0.673736 0.614260 0.674291 0.614744 0.674326 0.615264 0.674881 0.615749 0.674916 0.616268 0.675471 0.616753 0.675506 0.617272 0.676061 0.617757 0.676096 0.618277 0.676651 0.618761 0.676932 0.622918 0.676447 0.623473 0.676482 0.623993 0.673575 0.627321 0.673055 0.627356 0.672085 0.628466 0.671566 0.628501 0.671082 0.629056 0.670562 0.629091 0.670077 0.629646 0.663842 0.630067 0.663357 0.630622 0.662837 0.630657 0.662282 0.630172 0.661243 0.630242 0.660689 0.629758 0.660169 0.629793 0.659614 0.629308 0.659094 0.629344 0.654657 0.625467 0.654306 0.620271 0.655275 0.619161 0.655240 0.618641 0.655724 0.618087 0.655688 0.617567 0.656174 0.617012 0.656103 0.615973
0 0.595718 0.301620 0.596069 0.306816 0.595584 0.307371 0.595619 0.307891 0.595135 0.308445 0.595170 0.308965 0.594685 0.309520 0.594720 0.310039 0.594235 0.310594 0.594270 0.311114 0.593302 0.312223 0.592782 0.312258 0.592298 0.312813 0.591778 0.312848 0.591293 0.313402 0.590773 0.313438 0.590290 0.313993 0.589250 0.314063 0.588765 0.314618 0.587726 0.314688 0.587242 0.315243 0.586202 0.315313 0.585718 0.315868 0.585198 0.315903 0.584644 0.315418 0.582045 0.315594 0.581491 0.315109 0.578372 0.315320 0.577818 0.314835 0.576778 0.314905 0.576224 0.314420 0.575703 0.314455 0.574595 0.313487 0.574075 0.313522 0.573520 0.313037 0.573450 0.311998 0.572895 0.311514 0.572579 0.306837 0.573064 0.306282 0.572958 0.304723 0.573443 0.304168 0.573408 0.303649 0.573893 0.303094 0.573858 0.302574 0.574341 0.302019 0.574306 0.301500 0.575276 0.300390 0.575241 0.299871 0.576695 0.298206 0.577733 0.298136 0.578218 0.297581 0.579258 0.297511 0.579743 0.296956 0.581301 0.296851 0.581786 0.296296 0.583345 0.296191 0.583829 0.295636 0.584868 0.295566 0.585423 0.296051 0.586462 0.295981 0.587017 0.296465 0.588057 0.296395 0.588611 0.296879 0.589650 0.296809 0.590205 0.297294 0.590725 0.297259 0.591280 0.297743 0.592320 0.297673 0.593428 0.298642 0.593463 0.299161 0.594573 0.300131 0.594608 0.300651
0 0.987722 0.726166 0.988277 0.726650 0.989835 0.726545 0.990390 0.727030 0.991428 0.726959 0.991983 0.727444 0.992503 0.727409 0.993613 0.728378 0.994133 0.728343 0.995797 0.729797 0.995832 0.730316 0.996941 0.731285 0.996976 0.731805 0.996492 0.732360 0.996632 0.734438 0.996148 0.734993 0.996218 0.736032 0.995248 0.737141 0.994730 0.737176 0.994245 0.737732 0.993725 0.737767 0.992755 0.738876 0.991717 0.738946 0.991232 0.739501 0.990712 0.739536 0.990228 0.740091 0.989189 0.740161 0.988705 0.740716 0.987665 0.740786 0.987110 0.740302 0.985031 0.740442 0.984477 0.739958 0.983437 0.740028 0.982882 0.739543 0.982363 0.739578 0.981808 0.739094 0.981289 0.739129 0.979070 0.737191 0.978754 0.732514 0.979239 0.731959 0.979204 0.731439 0.981141 0.729220 0.981661 0.729185 0.982630 0.728076 0.983150 0.728041 0.983634 0.727486 0.984674 0.727416 0.985159 0.726861 0.986717 0.726756 0.987202 0.726201
0 0.499384 0.397914 0.499454 0.398954 0.500009 0.399438 0.500079 0.400477 0.500634 0.400962 0.500704 0.402001 0.501259 0.402486 0.501364 0.404044 0.500880 0.404599 0.501091 0.407717 0.500605 0.408272 0.500641 0.408792 0.500156 0.409347 0.500191 0.409866 0.499708 0.410421 0.499778 0.411460 0.499293 0.412015 0.498773 0.412050 0.497804 0.413160 0.496765 0.413230 0.496280 0.413785 0.494202 0.413925 0.493717 0.414480 0.491638 0.414620 0.491153 0.415175 0.487517 0.415421 0.486962 0.414936 0.484883 0.415076 0.484329 0.414592 0.482249 0.414732 0.481694 0.414248 0.481176 0.414283 0.480620 0.413798 0.480101 0.413833 0.479546 0.413349 0.479511 0.412829 0.478956 0.412345 0.478921 0.411825 0.477812 0.410856 0.477777 0.410336 0.476667 0.409367 0.476632 0.408848 0.476077 0.408363 0.475972 0.406804 0.475417 0.406319 0.475311 0.404761 0.474757 0.404276 0.474686 0.403237 0.475171 0.402682 0.474960 0.399564 0.476900 0.397345 0.477419 0.397310 0.478388 0.396200 0.478907 0.396165 0.479392 0.395611 0.480431 0.395540 0.480915 0.394986 0.482475 0.394880 0.482960 0.394326 0.485038 0.394185 0.485522 0.393630 0.488640 0.393420 0.489196 0.393904 0.490234 0.393834 0.490789 0.394319 0.491309 0.394284 0.491864 0.394768 0.492384 0.394733 0.492938 0.395218 0.493977 0.395147 0.494532 0.395632 0.495572 0.395562 0.496680 0.396531 0.497200 0.396496 0.498310 0.397465 0.498830 0.397430
0 0.688959 0.314114 0.689205 0.317752 0.689760 0.318236 0.684915 0.323784 0.684395 0.323819 0.683910 0.324373 0.683390 0.324409 0.682905 0.324963 0.674591 0.325525 0.674037 0.325040 0.672997 0.325111 0.672443 0.324626 0.671923 0.324661 0.669150 0.322238 0.669115 0.321719 0.668559 0.321234 0.668524 0.320715 0.667970 0.320230 0.667864 0.318671 0.668349 0.318116 0.668279 0.317077 0.668764 0.316522 0.668693 0.315483 0.669177 0.314929 0.669142 0.314409 0.672049 0.311080 0.672569 0.311045 0.673054 0.310490 0.675133 0.310350 0.675617 0.309795 0.678216 0.309620 0.678699 0.309065 0.681298 0.308889 0.681852 0.309374 0.682892 0.309304 0.683447 0.309788 0.683967 0.309753
0 0.889797 0.273403 0.890113 0.278080 0.887690 0.280853 0.887171 0.280888 0.886202 0.281998 0.877367 0.282595 0.876259 0.281625 0.875739 0.281661 0.875184 0.281176 0.874664 0.281211 0.872445 0.279273 0.872129 0.274596 0.872614 0.274041 0.872579 0.273522 0.875486 0.270193 0.876005 0.270158 0.876490 0.269603 0.885325 0.269007 0.888653 0.271914 0.888688 0.272434
0 0.492961 0.658314 0.493277 0.662991 0.491339 0.665211 0.490819 0.665246 0.490335 0.665800 0.481500 0.666397 0.480946 0.665913 0.480426 0.665948 0.478762 0.664494 0.478242 0.664529 0.478207 0.664009 0.477652 0.663524 0.477547 0.661965 0.476992 0.661481 0.476851 0.659402 0.477336 0.658848 0.477301 0.658328 0.478270 0.657219 0.478235 0.656699 0.480173 0.654480 0.480693 0.654445 0.481178 0.653890 0.489492 0.653328 0.490047 0.653813 0.490082 0.654333 0.490637 0.654817 0.490672 0.655337 0.491781 0.656306 0.491816 0.656826 0.492371 0.657310 0.492406 0.657830
0 0.612893 0.725906 0.613413 0.725871 0.613897 0.725316 0.614417 0.725281 0.614902 0.724726 0.615940 0.724656 0.616425 0.724101 0.616945 0.724066 0.617430 0.723511 0.618468 0.723441 0.618953 0.722886 0.619473 0.722851 0.619958 0.722297 0.624635 0.721981 0.625189 0.722465 0.628307 0.722255 0.628862 0.722739 0.629901 0.722669 0.630456 0.723154 0.630976 0.723118 0.632085 0.724088 0.632605 0.724052 0.633159 0.724537 0.633680 0.724502 0.635343 0.725956 0.635863 0.725921 0.636418 0.726405 0.636938 0.726370 0.639711 0.728793 0.639781 0.729832 0.640337 0.730316 0.640372 0.730836 0.640926 0.731321 0.640997 0.732360 0.641550 0.732844 0.641866 0.737521 0.641383 0.738076 0.641453 0.739115 0.640969 0.739671 0.641004 0.740190 0.640519 0.740745 0.640554 0.741264 0.640069 0.741819 0.640104 0.742339 0.638650 0.744003 0.636052 0.744178 0.635567 0.744733 0.629332 0.745154 0.628778 0.744670 0.627218 0.744775 0.626663 0.744291 0.624585 0.744431 0.624030 0.743946 0.622472 0.744052 0.621916 0.743567 0.621397 0.743602 0.619178 0.741664 0.618658 0.741699 0.616439 0.739761 0.615920 0.739796 0.614255 0.738342 0.614220 0.737823 0.613665 0.737338 0.613630 0.736819 0.613076 0.736334 0.613041 0.735814 0.612486 0.735330 0.612381 0.733771 0.611826 0.733286 0.611685 0.731208 0.611130 0.730723 0.611615 0.730168 0.611545 0.729129 0.612030 0.728574 0.611995 0.728055 0.612479 0.727500 0.612444 0.726980 0.612928 0.726426
0 0.294672 0.327175 0.295641 0.326066 0.296161 0.326031 0.297130 0.324921 0.297649 0.324886 0.298134 0.324331 0.299174 0.324261 0.299659 0.323706 0.302777 0.323495 0.303330 0.323980 0.308527 0.323629 0.309083 0.324114 0.309602 0.324078 0.310156 0.324563 0.310676 0.324528 0.311231 0.325013 0.311750 0.324978 0.312306 0.325462 0.312824 0.325427 0.313379 0.325911 0.313899 0.325876 0.313934 0.326396 0.314489 0.326880 0.314524 0.327400 0.316189 0.328854 0.316259 0.329893 0.316813 0.330378 0.316848 0.330897 0.316364 0.331452 0.316575 0.334570 0.314636 0.336789 0.314116 0.336824 0.313148 0.337933 0.312628 0.337969 0.312143 0.338523 0.311624 0.338558 0.311139 0.339114 0.310100 0.339184 0.309615 0.339738 0.307536 0.339879 0.306983 0.339394 0.304903 0.339535 0.304348 0.339050 0.302790 0.339155 0.302235 0.338671 0.300677 0.338776 0.299567 0.337807 0.299047 0.337842 0.297383 0.336388 0.296863 0.336423 0.296308 0.335939 0.296273 0.335419 0.295718 0.334935 0.295613 0.333375 0.295058 0.332891 0.295023 0.332372 0.294469 0.331887 0.294329 0.329808 0.294812 0.329254
0 0.812620 0.444618 0.812655 0.445138 0.813208 0.445623 0.813244 0.446143 0.813799 0.446627 0.813869 0.447666 0.814424 0.448151 0.814775 0.453347 0.814290 0.453902 0.814325 0.454422 0.812872 0.456086 0.812907 0.456605 0.811938 0.457715 0.811418 0.457750 0.810933 0.458305 0.809895 0.458375 0.809410 0.458930 0.806812 0.459105 0.806327 0.459660 0.803729 0.459835 0.803244 0.460390 0.801166 0.460531 0.800611 0.460046 0.798013 0.460222 0.797458 0.459737 0.795379 0.459878 0.794824 0.459393 0.794305 0.459428 0.793195 0.458459 0.793125 0.457420 0.792570 0.456935 0.792535 0.456415 0.791426 0.455446 0.791391 0.454926 0.790836 0.454442 0.790801 0.453922 0.791286 0.453368 0.791040 0.449730 0.791524 0.449175 0.791453 0.448136 0.791938 0.447582 0.791903 0.447062 0.792388 0.446507 0.792353 0.445987 0.793322 0.444878 0.793841 0.444843 0.794326 0.444288 0.795365 0.444218 0.795850 0.443663 0.796370 0.443628 0.796855 0.443073 0.797893 0.443003 0.798378 0.442448 0.798898 0.442413 0.799383 0.441858 0.799902 0.441823 0.800386 0.441269 0.802984 0.441093 0.803539 0.441578 0.806138 0.441402 0.806692 0.441887 0.808771 0.441746 0.809880 0.442715 0.810400 0.442680
0 0.676634 0.363494 0.676985 0.368691 0.673593 0.372574 0.673628 0.373094 0.673108 0.373129 0.672625 0.373684 0.672105 0.373719 0.671620 0.374274 0.671100 0.374309 0.670615 0.374863 0.670097 0.374898 0.669612 0.375453 0.668572 0.375523 0.668018 0.375039 0.666459 0.375144 0.665904 0.374660 0.664345 0.374765 0.663791 0.374280 0.662231 0.374386 0.661677 0.373901 0.661156 0.373936 0.660048 0.372967 0.660013 0.372447 0.658903 0.371478 0.658868 0.370959 0.658313 0.370474 0.658278 0.369955 0.657723 0.369470 0.657547 0.366872 0.658032 0.366317 0.657927 0.364758 0.660349 0.361984 0.661389 0.361914 0.661873 0.361359 0.663432 0.361254 0.663917 0.360699 0.665476 0.360594 0.665961 0.360039 0.669598 0.359794 0.670708 0.360763 0.671227 0.360728 0.671782 0.361212 0.672301 0.361177 0.673411 0.362146 0.673931 0.362111 0.674485 0.362596 0.675006 0.362560 0.675559 0.363045 0.676079 0.363010
0 0.071831 0.521280 0.072351 0.521245 0.072834 0.520691 0.073354 0.520656 0.073839 0.520101 0.076437 0.519925 0.076992 0.520410 0.080110 0.520199 0.080665 0.520684 0.082223 0.520579 0.084443 0.522517 0.084963 0.522482 0.085517 0.522966 0.085552 0.523486 0.087216 0.524939 0.087287 0.525979 0.087842 0.526463 0.087912 0.527503 0.088467 0.527987 0.088572 0.529546 0.087602 0.530655 0.087638 0.531175 0.087153 0.531730 0.087188 0.532250 0.085735 0.533914 0.085215 0.533949 0.084730 0.534504 0.084211 0.534539 0.083726 0.535094 0.082686 0.535164 0.082133 0.534679 0.075897 0.535100 0.075342 0.534616 0.074302 0.534686 0.073747 0.534202 0.073228 0.534237 0.071564 0.532783 0.071528 0.532263 0.070418 0.531294 0.070383 0.530775 0.069829 0.530290 0.069723 0.528731 0.069170 0.528247 0.068994 0.525648 0.069478 0.525094 0.069443 0.524574 0.071381 0.522355 0.071346 0.521835
0 0.704066 0.236357 0.704101 0.236876 0.703616 0.237431 0.703651 0.237951 0.700744 0.241279 0.700224 0.241314 0.699740 0.241869 0.697661 0.242009 0.697177 0.242565 0.695099 0.242705 0.694614 0.243259 0.692535 0.243400 0.692051 0.243954 0.691496 0.243470 0.688898 0.243645 0.688343 0.243161 0.685745 0.243337 0.685190 0.242852 0.684150 0.242922 0.683595 0.242438 0.683075 0.242473 0.682522 0.241988 0.682487 0.241468 0.680267 0.239530 0.680232 0.239011 0.679677 0.238526 0.679571 0.236967 0.680056 0.236412 0.679916 0.234334 0.680401 0.233779 0.680366 0.233259 0.682303 0.231040 0.682823 0.231005 0.683308 0.230451 0.684347 0.230380 0.684832 0.229826 0.685871 0.229755 0.686356 0.229201 0.687915 0.229096 0.688400 0.228540 0.690478 0.228400 0.690963 0.227845 0.691482 0.227810 0.692036 0.228295 0.693076 0.228225 0.693631 0.228710 0.694151 0.228675 0.694705 0.229159 0.695224 0.229124 0.695780 0.229608 0.696299 0.229573 0.696854 0.230057 0.697893 0.229987 0.698447 0.230472 0.699487 0.230402 0.702261 0.232824 0.702296 0.233344 0.702851 0.233829 0.702921 0.234868 0.703476 0.235352 0.703511 0.235872
0 0.964743 0.478714 0.965261 0.478679 0.966231 0.477570 0.966750 0.477535 0.967235 0.476980 0.968275 0.476910 0.968758 0.476355 0.969798 0.476285 0.970283 0.475730 0.970803 0.475695 0.971358 0.476179 0.973956 0.476004 0.974510 0.476489 0.976069 0.476383 0.976624 0.476868 0.978182 0.476763 0.979292 0.477732 0.979812 0.477696 0.979847 0.478216 0.980956 0.479185 0.980991 0.479705 0.981546 0.480190 0.981581 0.480709 0.982691 0.481678 0.982796 0.483237 0.983351 0.483722 0.983456 0.485281 0.984012 0.485765 0.984187 0.488363 0.983702 0.488918 0.983842 0.490997 0.980935 0.494325 0.980415 0.494360 0.979931 0.494915 0.979411 0.494950 0.978926 0.495505 0.976848 0.495645 0.976363 0.496200 0.969609 0.496656 0.969054 0.496172 0.968014 0.496242 0.966349 0.494788 0.965831 0.494824 0.964721 0.493854 0.964201 0.493890 0.963092 0.492920 0.963057 0.492401 0.962502 0.491916 0.962362 0.489838 0.961806 0.489353 0.961561 0.485715 0.962046 0.485161 0.961905 0.483082 0.962390 0.482527 0.962355 0.482008 0.962838 0.481453 0.962803 0.480933
0 0.224728 0.412291 0.224245 0.412845 0.224385 0.414924 0.223900 0.415479 0.224005 0.417038 0.223521 0.417592 0.223556 0.418112 0.223071 0.418667 0.223106 0.419187 0.222621 0.419741 0.222692 0.420781 0.221238 0.422445 0.220719 0.422480 0.220234 0.423034 0.219714 0.423069 0.219230 0.423625 0.215593 0.423870 0.215108 0.424425 0.208872 0.424846 0.208317 0.424362 0.206759 0.424467 0.206204 0.423982 0.205164 0.424052 0.204610 0.423568 0.203571 0.423638 0.201906 0.422185 0.201871 0.421665 0.200761 0.420696 0.200726 0.420176 0.200171 0.419692 0.200101 0.418652 0.199547 0.418168 0.199231 0.413491 0.200199 0.412382 0.200164 0.411862 0.200649 0.411307 0.200614 0.410787 0.201099 0.410232 0.201064 0.409713 0.202033 0.408604 0.203072 0.408533 0.203557 0.407979 0.205116 0.407873 0.205601 0.407318 0.207679 0.407178 0.208164 0.406623 0.212320 0.406343 0.212875 0.406827 0.214953 0.406687 0.215508 0.407171 0.218106 0.406996 0.218661 0.407480 0.219181 0.407445 0.219736 0.407930 0.220256 0.407895 0.221919 0.409348 0.221954 0.409868
0 0.787894 0.418621 0.788449 0.419106 0.788485 0.419626 0.789039 0.420110 0.789180 0.422189 0.789733 0.422673 0.789769 0.423193 0.784924 0.428740 0.782325 0.428916 0.781771 0.428431 0.780212 0.428537 0.779657 0.428052 0.779137 0.428087 0.778582 0.427602 0.778063 0.427637 0.776399 0.426184 0.776364 0.425665 0.775809 0.425180 0.775774 0.424660 0.775219 0.424176 0.775703 0.423621 0.775598 0.422062 0.776083 0.421507 0.776013 0.420469 0.776981 0.419359 0.777501 0.419324 0.777986 0.418769 0.779026 0.418698 0.779510 0.418144 0.780549 0.418074 0.781033 0.417519 0.783111 0.417378 0.783597 0.416824 0.784151 0.417308 0.784671 0.417273 0.785226 0.417758 0.786264 0.417687 0.787374 0.418657
0 0.063180 0.455046 0.063321 0.457125 0.063876 0.457609 0.064121 0.461247 0.063637 0.461801 0.063742 0.463361 0.062288 0.465025 0.061769 0.465060 0.060800 0.466170 0.060280 0.466205 0.059311 0.467314 0.058792 0.467349 0.057822 0.468459 0.057303 0.468494 0.056818 0.469049 0.055779 0.469119 0.055294 0.469674 0.053216 0.469814 0.052731 0.470369 0.049614 0.470579 0.049129 0.471134 0.046531 0.471310 0.045976 0.470825 0.045456 0.470860 0.044901 0.470376 0.043862 0.470446 0.043308 0.469962 0.042788 0.469997 0.042233 0.469512 0.041713 0.469547 0.038939 0.467124 0.038904 0.466604 0.038349 0.466120 0.038279 0.465081 0.037724 0.464596 0.037584 0.462517 0.037030 0.462033 0.036889 0.459954 0.037373 0.459400 0.037233 0.457321 0.037718 0.456766 0.037647 0.455727 0.038617 0.454617 0.039137 0.454582 0.039620 0.454028 0.040660 0.453957 0.041145 0.453403 0.042704 0.453297 0.043188 0.452743 0.044747 0.452637 0.045232 0.452082 0.047830 0.451907 0.048315 0.451352 0.055069 0.450896 0.055624 0.451381 0.056144 0.451345 0.056699 0.451830 0.057219 0.451795 0.057774 0.452279 0.058294 0.452244 0.058847 0.452729 0.059367 0.452694 0.059922 0.453178 0.060442 0.453143 0.060997 0.453628 0.061516 0.453593
0 0.978899 0.502815 0.979382 0.502260 0.979902 0.502225 0.980872 0.501116 0.981391 0.501081 0.981876 0.500526 0.982395 0.500491 0.982880 0.499936 0.983400 0.499901 0.983884 0.499346 0.984404 0.499311 0.984889 0.498756 0.986447 0.498651 0.986932 0.498096 0.988492 0.497990 0.989045 0.498476 0.991125 0.498335 0.991680 0.498820 0.992718 0.498750 0.993273 0.499234 0.994313 0.499164 0.994868 0.499648 0.995386 0.499613 0.995942 0.500098 0.998397 0.499852 0.998397 0.517001 0.992943 0.517527 0.992459 0.518082 0.987781 0.518398 0.987226 0.517913 0.985148 0.518054 0.984593 0.517569 0.983553 0.517639 0.983000 0.517155 0.982480 0.517190 0.981925 0.516705 0.981405 0.516740 0.979741 0.515287 0.979706 0.514767 0.978596 0.513798 0.978491 0.512239 0.977936 0.511755 0.977866 0.510715 0.977311 0.510231 0.977135 0.507632 0.977620 0.507078 0.977550 0.506038 0.978035 0.505484 0.977964 0.504444 0.978934 0.503335
0 0.772002 0.469287 0.772556 0.469771 0.773595 0.469701 0.774150 0.470185 0.775190 0.470115 0.775745 0.470600 0.776784 0.470530 0.777338 0.471014 0.778898 0.470909 0.779453 0.471394 0.779971 0.471359 0.781636 0.472812 0.782156 0.472777 0.782191 0.473297 0.782746 0.473781 0.782781 0.474301 0.783336 0.474785 0.783371 0.475305 0.783925 0.475790 0.783995 0.476829 0.784550 0.477314 0.784621 0.478353 0.784136 0.478908 0.784276 0.480986 0.783792 0.481541 0.783828 0.482061 0.781889 0.484280 0.781369 0.484315 0.780401 0.485424 0.779361 0.485494 0.778876 0.486049 0.778356 0.486084 0.777873 0.486639 0.776833 0.486709 0.776348 0.487264 0.775829 0.487299 0.775343 0.487854 0.774305 0.487924 0.773820 0.488479 0.771222 0.488654 0.770667 0.488170 0.769628 0.488240 0.769073 0.487755 0.768554 0.487790 0.767444 0.486821 0.766405 0.486892 0.765849 0.486407 0.765330 0.486442 0.764776 0.485958 0.764256 0.485993 0.761483 0.483570 0.761342 0.481491 0.760787 0.481007 0.760471 0.476330 0.760956 0.475775 0.760851 0.474216 0.763273 0.471443 0.764312 0.471372 0.764796 0.470817 0.766876 0.470677 0.767361 0.470122 0.768919 0.470017 0.769404 0.469462
0 0.773309 0.735951 0.774349 0.735881 0.774834 0.735326 0.776392 0.735221 0.776877 0.734666 0.778956 0.734525 0.779440 0.733971 0.782038 0.733795 0.782593 0.734280 0.784152 0.734174 0.784708 0.734659 0.785746 0.734589 0.786301 0.735073 0.787861 0.734968 0.788415 0.735453 0.788934 0.735417 0.789489 0.735902 0.790009 0.735867 0.795556 0.740712 0.796076 0.740677 0.796146 0.741717 0.796701 0.742201 0.796771 0.743241 0.797326 0.743725 0.797502 0.746323 0.797017 0.746878 0.797052 0.747398 0.796567 0.747952 0.796638 0.748992 0.792761 0.753430 0.792242 0.753465 0.791272 0.754574 0.790233 0.754645 0.789749 0.755199 0.787150 0.755375 0.786666 0.755929 0.780431 0.756351 0.779876 0.755866 0.778836 0.755936 0.778281 0.755452 0.777241 0.755522 0.776132 0.754553 0.775613 0.754588 0.772839 0.752165 0.772804 0.751646 0.772249 0.751161 0.772214 0.750641 0.771659 0.750157 0.771624 0.749637 0.771069 0.749153 0.771034 0.748633 0.769925 0.747664 0.769890 0.747144 0.769335 0.746660 0.769300 0.746140 0.769785 0.745585 0.769539 0.741948 0.770507 0.740838 0.770472 0.740319 0.771442 0.739209 0.771407 0.738689 0.771891 0.738134 0.771856 0.737615
0 0.256378 0.504041 0.256228 0.507700 0.255495 0.512113 0.252105 0.514687 0.251620 0.515242 0.250061 0.515347 0.249506 0.514862 0.247428 0.515003 0.246873 0.514518 0.245834 0.514588 0.245279 0.514104 0.244239 0.514174 0.243685 0.513689 0.243165 0.513725 0.240946 0.511786 0.240911 0.511267 0.240356 0.510782 0.240005 0.505586 0.240490 0.505031 0.240420 0.503992 0.240904 0.503437 0.240834 0.502398 0.241318 0.501843 0.241283 0.501323 0.242252 0.500214 0.242772 0.500179 0.243257 0.499624 0.244296 0.499554 0.244781 0.498999 0.246339 0.498894 0.250323 0.498976 0.254000 0.500552
0 0.106053 0.270253 0.108651 0.270077 0.109206 0.270562 0.110246 0.270492 0.110801 0.270976 0.111320 0.270941 0.111874 0.271426 0.112394 0.271391 0.117387 0.275751 0.117422 0.276271 0.117977 0.276756 0.118152 0.279354 0.118707 0.279839 0.118777 0.280878 0.118293 0.281433 0.118328 0.281952 0.117359 0.283062 0.117394 0.283581 0.116910 0.284136 0.116945 0.284656 0.116460 0.285210 0.116495 0.285730 0.116010 0.286285 0.115491 0.286320 0.115006 0.286875 0.114487 0.286910 0.114002 0.287465 0.113482 0.287500 0.112998 0.288055 0.111959 0.288125 0.111474 0.288680 0.109395 0.288820 0.108911 0.289375 0.108356 0.288890 0.106797 0.288996 0.106242 0.288511 0.105204 0.288581 0.104649 0.288096 0.104129 0.288132 0.103574 0.287647 0.103054 0.287682 0.102500 0.287197 0.101980 0.287233 0.098652 0.284325 0.098617 0.283806 0.098062 0.283321 0.098027 0.282802 0.097472 0.282317 0.097401 0.281278 0.097886 0.280723 0.097781 0.279164 0.098266 0.278609 0.098160 0.277050 0.098644 0.276495 0.098609 0.275976 0.099094 0.275422 0.099059 0.274902 0.099543 0.274347 0.099508 0.273827 0.100478 0.272718 0.100997 0.272682 0.101482 0.272128 0.102001 0.272093 0.102486 0.271538 0.103525 0.271468 0.104010 0.270913 0.105568 0.270808
0 0.925244 0.396294 0.925762 0.396259 0.927217 0.394594 0.927737 0.394559 0.928221 0.394004 0.928740 0.393969 0.929225 0.393414 0.929745 0.393379 0.930229 0.392824 0.930749 0.392789 0.931234 0.392234 0.932273 0.392164 0.932757 0.391609 0.933797 0.391539 0.934351 0.392024 0.936950 0.391848 0.937504 0.392333 0.939583 0.392192 0.940138 0.392677 0.941176 0.392607 0.942286 0.393576 0.942806 0.393541 0.945025 0.395479 0.945060 0.395999 0.945615 0.396483 0.945650 0.397003 0.946205 0.397487 0.946240 0.398007 0.947350 0.398976 0.947701 0.404173 0.946731 0.405282 0.946212 0.405317 0.944274 0.407536 0.943754 0.407571 0.942785 0.408681 0.940706 0.408821 0.940222 0.409377 0.931908 0.409938 0.931352 0.409453 0.930313 0.409523 0.925876 0.405647 0.925735 0.403568 0.925180 0.403084 0.924900 0.398927 0.925384 0.398372
0 0.923679 0.705435 0.923194 0.705990 0.923264 0.707029 0.922780 0.707584 0.922850 0.708623 0.922365 0.709178 0.922400 0.709697 0.921915 0.710252 0.921396 0.710287 0.920912 0.710842 0.920392 0.710877 0.919907 0.711432 0.919388 0.711467 0.918903 0.712022 0.918384 0.712057 0.917899 0.712611 0.916860 0.712682 0.916375 0.713237 0.915336 0.713307 0.914852 0.713861 0.914332 0.713897 0.913777 0.713412 0.909100 0.713728 0.908546 0.713243 0.906466 0.713384 0.905358 0.712415 0.904838 0.712450 0.904283 0.711965 0.904248 0.711446 0.903693 0.710961 0.903658 0.710441 0.903103 0.709957 0.902997 0.708398 0.902444 0.707914 0.902233 0.704795 0.902716 0.704241 0.902646 0.703201 0.903131 0.702647 0.903096 0.702127 0.903581 0.701572 0.904100 0.701537 0.904586 0.700982 0.905104 0.700947 0.905589 0.700393 0.906628 0.700322 0.907113 0.699768 0.910231 0.699557 0.910716 0.699002 0.913314 0.698827 0.913799 0.698272 0.915462 0.699726 0.915982 0.699691 0.917647 0.701144 0.918166 0.701109 0.918201 0.701629 0.919865 0.703082 0.920386 0.703047 0.921494 0.704016 0.922014 0.703981
0 0.673672 0.553710 0.673742 0.554749 0.674297 0.555234 0.674437 0.557312 0.672015 0.560086 0.672050 0.560606 0.671565 0.561161 0.671046 0.561196 0.670562 0.561750 0.670042 0.561785 0.669073 0.562895 0.668553 0.562930 0.667585 0.564040 0.660829 0.564496 0.660274 0.564011 0.657676 0.564187 0.657121 0.563702 0.656601 0.563737 0.655491 0.562768 0.654973 0.562803 0.654417 0.562319 0.654347 0.561279 0.653792 0.560795 0.653722 0.559756 0.653167 0.559271 0.653132 0.558751 0.652577 0.558267 0.652261 0.553590 0.653715 0.551926 0.653680 0.551406 0.656103 0.548632 0.656623 0.548597 0.657108 0.548042 0.665941 0.547446 0.666496 0.547930 0.667535 0.547860 0.673083 0.552706 0.673118 0.553225
0 0.637713 0.227788 0.641105 0.223905 0.641623 0.223870 0.642593 0.222760 0.644671 0.222620 0.645226 0.223104 0.647824 0.222929 0.648379 0.223414 0.650457 0.223273 0.651012 0.223758 0.651532 0.223723 0.654861 0.226630 0.654931 0.227669 0.655486 0.228154 0.655591 0.229713 0.656146 0.230197 0.656356 0.233315 0.656912 0.233800 0.657017 0.235359 0.656047 0.236468 0.655528 0.236503 0.654559 0.237613 0.653519 0.237683 0.653035 0.238238 0.651475 0.238343 0.650992 0.238897 0.647354 0.239143 0.646869 0.239698 0.643751 0.239909 0.643197 0.239424 0.642676 0.239459 0.642123 0.238975 0.641603 0.239010 0.638829 0.236587 0.638724 0.235028 0.638169 0.234544 0.638064 0.232985 0.637509 0.232501 0.637438 0.231461 0.637924 0.230906
0 0.670323 0.633283 0.671293 0.632173 0.671811 0.632138 0.672296 0.631584 0.672816 0.631549 0.673301 0.630994 0.673820 0.630959 0.674305 0.630404 0.674824 0.630369 0.675308 0.629814 0.675829 0.629779 0.676313 0.629224 0.676833 0.629189 0.677318 0.628635 0.677837 0.628600 0.678321 0.628045 0.678876 0.628529 0.680436 0.628424 0.680991 0.628909 0.682029 0.628838 0.682584 0.629323 0.683624 0.629253 0.684179 0.629737 0.684697 0.629702 0.685253 0.630187 0.685772 0.630152 0.686327 0.630636 0.686847 0.630601 0.687956 0.631570 0.688061 0.633129 0.688616 0.633614 0.688757 0.635692 0.689311 0.636177 0.688827 0.636731 0.689072 0.640369 0.687134 0.642588 0.684016 0.642799 0.683532 0.643353 0.676776 0.643810 0.676221 0.643325 0.675183 0.643395 0.674628 0.642911 0.673588 0.642981 0.673033 0.642497 0.672513 0.642532 0.670850 0.641078 0.670744 0.639519 0.670190 0.639035 0.669944 0.635397 0.670428 0.634842
0 0.958905 0.577771 0.958975 0.578810 0.959530 0.579294 0.959565 0.579814 0.960119 0.580299 0.960154 0.580818 0.961264 0.581787 0.961299 0.582307 0.960815 0.582862 0.960990 0.585460 0.960505 0.586015 0.960540 0.586534 0.960022 0.586569 0.959052 0.587679 0.958532 0.587714 0.955625 0.591043 0.955105 0.591078 0.954620 0.591633 0.949944 0.591949 0.949459 0.592503 0.945822 0.592749 0.945267 0.592265 0.944228 0.592335 0.943673 0.591850 0.943153 0.591885 0.943118 0.591365 0.942008 0.590396 0.941973 0.589877 0.940865 0.588907 0.940830 0.588388 0.940274 0.587903 0.940169 0.586344 0.940654 0.585789 0.940408 0.582152 0.940893 0.581597 0.940788 0.580038 0.941271 0.579484 0.941201 0.578445 0.942171 0.577335 0.942690 0.577300 0.944628 0.575081 0.953982 0.574449 0.955092 0.575418 0.955612 0.575383 0.957275 0.576837 0.957795 0.576801
0 0.579224 0.575228 0.580888 0.576682 0.580923 0.577202 0.581478 0.577686 0.581549 0.578725 0.582103 0.579210 0.582138 0.579730 0.582693 0.580214 0.582728 0.580734 0.582244 0.581289 0.582279 0.581808 0.581309 0.582918 0.581344 0.583437 0.580860 0.583992 0.580895 0.584512 0.579926 0.585621 0.579407 0.585656 0.578922 0.586211 0.577882 0.586281 0.577399 0.586836 0.576359 0.586906 0.575874 0.587461 0.574835 0.587531 0.574351 0.588086 0.572792 0.588191 0.572307 0.588746 0.571753 0.588261 0.571233 0.588297 0.570678 0.587812 0.570158 0.587847 0.569603 0.587363 0.569083 0.587398 0.567975 0.586429 0.567455 0.586464 0.566900 0.585979 0.566865 0.585460 0.566310 0.584975 0.566240 0.583936 0.565685 0.583451 0.565614 0.582412 0.565060 0.581927 0.565025 0.581408 0.565509 0.580853 0.565474 0.580333 0.565959 0.579778 0.565924 0.579259 0.566409 0.578704 0.566373 0.578184 0.566858 0.577630 0.566823 0.577110 0.567308 0.576555 0.567828 0.576520 0.568796 0.575411 0.569316 0.575376 0.569800 0.574821 0.570320 0.574786 0.570805 0.574231 0.573403 0.574055 0.573957 0.574540 0.576036 0.574400 0.576591 0.574885 0.578150 0.574779 0.578705 0.575263
0 0.723438 0.754980 0.723543 0.756539 0.724098 0.757024 0.724203 0.758583 0.724757 0.759067 0.724273 0.759622 0.724414 0.761701 0.723929 0.762256 0.724140 0.765373 0.699715 0.767023 0.699083 0.757669 0.699568 0.757114 0.699463 0.755556 0.702855 0.751672 0.703894 0.751602 0.704379 0.751047 0.705938 0.750942 0.706422 0.750387 0.707982 0.750282 0.708465 0.749727 0.712623 0.749447 0.713178 0.749931 0.715256 0.749791 0.715811 0.750275 0.717370 0.750170 0.717924 0.750654 0.718445 0.750619 0.718999 0.751104 0.719519 0.751069 0.722847 0.753976 0.722883 0.754496
0 0.511792 0.759358 0.513732 0.757139 0.514250 0.757104 0.516189 0.754885 0.516709 0.754850 0.517193 0.754295 0.517712 0.754260 0.518197 0.753705 0.518717 0.753670 0.519201 0.753115 0.521800 0.752940 0.522354 0.753424 0.524433 0.753284 0.524988 0.753769 0.527066 0.753628 0.527621 0.754113 0.528141 0.754078 0.529805 0.755531 0.530324 0.755496 0.531434 0.756465 0.531469 0.756985 0.533134 0.758439 0.533169 0.758958 0.533723 0.759443 0.533758 0.759962 0.534313 0.760447 0.534348 0.760967 0.535458 0.761936 0.535493 0.762455 0.536048 0.762940 0.535563 0.763495 0.535668 0.765054 0.535184 0.765608 0.535289 0.767167 0.530928 0.772160 0.529889 0.772230 0.529404 0.772785 0.526287 0.772996 0.525802 0.773550 0.520086 0.773937 0.519531 0.773452 0.519011 0.773487 0.518457 0.773003 0.517938 0.773038 0.517382 0.772553 0.516863 0.772588 0.516828 0.772069 0.512944 0.768677 0.512874 0.767637 0.512319 0.767153 0.512249 0.766114 0.511695 0.765629 0.511414 0.761472 0.511898 0.760917
0 0.315548 0.427559 0.316658 0.428528 0.316693 0.429048 0.317246 0.429532 0.317317 0.430571 0.317872 0.431056 0.317942 0.432095 0.318497 0.432580 0.318567 0.433619 0.318082 0.434174 0.318188 0.435733 0.317703 0.436288 0.317773 0.437327 0.317289 0.437882 0.317324 0.438401 0.316355 0.439511 0.315835 0.439546 0.315351 0.440101 0.314831 0.440136 0.314346 0.440691 0.313827 0.440726 0.313342 0.441280 0.312823 0.441315 0.312338 0.441870 0.310780 0.441975 0.310295 0.442530 0.308735 0.442636 0.308252 0.443190 0.307732 0.443225 0.307177 0.442741 0.305617 0.442846 0.305063 0.442362 0.304024 0.442432 0.303469 0.441947 0.302949 0.441982 0.302394 0.441498 0.301875 0.441533 0.299101 0.439110 0.298925 0.436512 0.298371 0.436027 0.298055 0.431350 0.298539 0.430796 0.298469 0.429757 0.299923 0.428092 0.300963 0.428022 0.301446 0.427467 0.302486 0.427397 0.302971 0.426842 0.304009 0.426772 0.304494 0.426217 0.308652 0.425937 0.309206 0.426421 0.310765 0.426316 0.311320 0.426800 0.312359 0.426730 0.312915 0.427215 0.314473 0.427109 0.315028 0.427594
0 0.338012 0.404639 0.338082 0.405678 0.338637 0.406162 0.338743 0.407722 0.339297 0.408206 0.339367 0.409245 0.338883 0.409800 0.338918 0.410320 0.338433 0.410874 0.338469 0.411394 0.337983 0.411949 0.338054 0.412988 0.337086 0.414098 0.336565 0.414133 0.336081 0.414687 0.335561 0.414723 0.335076 0.415277 0.334557 0.415312 0.334073 0.415867 0.333033 0.415937 0.332549 0.416492 0.332029 0.416527 0.331545 0.417082 0.328427 0.417292 0.327872 0.416808 0.325793 0.416948 0.325238 0.416464 0.323680 0.416569 0.323125 0.416084 0.322086 0.416154 0.321531 0.415670 0.321011 0.415705 0.319902 0.414736 0.319381 0.414771 0.319311 0.413732 0.318756 0.413248 0.318721 0.412728 0.318168 0.412243 0.318133 0.411724 0.317577 0.411239 0.317437 0.409161 0.317922 0.408606 0.317817 0.407047 0.318300 0.406492 0.318265 0.405972 0.319719 0.404308 0.320239 0.404273 0.321208 0.403164 0.327963 0.402707 0.328448 0.402152 0.328968 0.402117 0.329522 0.402602 0.330562 0.402532 0.331116 0.403016 0.332675 0.402911 0.333231 0.403395 0.334269 0.403325 0.334824 0.403810 0.335863 0.403740 0.336419 0.404224 0.336938 0.404189 0.337492 0.404674
0 0.785208 0.239750 0.785524 0.244427 0.784070 0.246091 0.783551 0.246126 0.783067 0.246681 0.782546 0.246716 0.782062 0.247271 0.781542 0.247306 0.781057 0.247861 0.780538 0.247896 0.780054 0.248450 0.779014 0.248521 0.778459 0.248036 0.772224 0.248457 0.771668 0.247973 0.770630 0.248043 0.769520 0.247074 0.769000 0.247109 0.767891 0.246140 0.767716 0.243542 0.767161 0.243057 0.767056 0.241498 0.768024 0.240389 0.767989 0.239869 0.770896 0.236540 0.771936 0.236470 0.772421 0.235916 0.773979 0.235810 0.774464 0.235255 0.776543 0.235115 0.777027 0.234560 0.779625 0.234385 0.780180 0.234869 0.780700 0.234834 0.781255 0.235319 0.781774 0.235284 0.783438 0.236738 0.783473 0.237257 0.784028 0.237742 0.784063 0.238261 0.784618 0.238746 0.784653 0.239265
0 0.560073 0.268530 0.560108 0.269050 0.560663 0.269534 0.560768 0.271093 0.561323 0.271578 0.561428 0.273136 0.561983 0.273621 0.562229 0.277259 0.559807 0.280033 0.559287 0.280068 0.558802 0.280622 0.557762 0.280693 0.557278 0.281247 0.556759 0.281282 0.556274 0.281837 0.555754 0.281872 0.555270 0.282427 0.554230 0.282497 0.553746 0.283052 0.552707 0.283122 0.552222 0.283677 0.551183 0.283747 0.550629 0.283262 0.548549 0.283403 0.547995 0.282918 0.546955 0.282989 0.546401 0.282504 0.545361 0.282574 0.544806 0.282090 0.543767 0.282160 0.543213 0.281675 0.542693 0.281710 0.540474 0.279772 0.540123 0.274575 0.541091 0.273466 0.541056 0.272947 0.544448 0.269063 0.544968 0.269028 0.545453 0.268474 0.545973 0.268438 0.546458 0.267884 0.546977 0.267849 0.547461 0.267294 0.548501 0.267224 0.548985 0.266669 0.550025 0.266599 0.550508 0.266044 0.551029 0.266009 0.551583 0.266494 0.554701 0.266283 0.555256 0.266767 0.556814 0.266662 0.557370 0.267147 0.558409 0.267076
0 0.827725 0.366861 0.827761 0.367381 0.828315 0.367865 0.828491 0.370463 0.829046 0.370948 0.829081 0.371468 0.828596 0.372022 0.828666 0.373062 0.828182 0.373616 0.828217 0.374136 0.827733 0.374691 0.827767 0.375210 0.826799 0.376320 0.826279 0.376355 0.825794 0.376910 0.825275 0.376945 0.824790 0.377500 0.823232 0.377605 0.822746 0.378160 0.818589 0.378441 0.818034 0.377956 0.816476 0.378061 0.815921 0.377577 0.814881 0.377647 0.814326 0.377162 0.813808 0.377197 0.812698 0.376228 0.812627 0.375189 0.812073 0.374705 0.812002 0.373665 0.811447 0.373181 0.811377 0.372141 0.811862 0.371587 0.811792 0.370547 0.812276 0.369993 0.812206 0.368953 0.814144 0.366734 0.814664 0.366699 0.815633 0.365590 0.816153 0.365555 0.816638 0.365000 0.817156 0.364965 0.817642 0.364410 0.818161 0.364375 0.818646 0.363820 0.820724 0.363680 0.821279 0.364164 0.822319 0.364094 0.822874 0.364579 0.823913 0.364508 0.824467 0.364993 0.824987 0.364958 0.826097 0.365927 0.826616 0.365892
0 0.506788 0.623449 0.506859 0.624488 0.507414 0.624973 0.507624 0.628091 0.507140 0.628645 0.507245 0.630204 0.506760 0.630759 0.506240 0.630794 0.505756 0.631349 0.505237 0.631384 0.504752 0.631939 0.503192 0.632044 0.502709 0.632599 0.500630 0.632739 0.500145 0.633294 0.498067 0.633434 0.497582 0.633989 0.496542 0.634059 0.496059 0.634614 0.495503 0.634130 0.494464 0.634200 0.493909 0.633715 0.493390 0.633750 0.492280 0.632781 0.491761 0.632816 0.490096 0.631363 0.489780 0.626686 0.491234 0.625022 0.491199 0.624502 0.492169 0.623392 0.492134 0.622873 0.494071 0.620654 0.494591 0.620619 0.495076 0.620064 0.503390 0.619502 0.505608 0.621441 0.505643 0.621961 0.506199 0.622445 0.506234 0.622964
0 0.377857 0.305534 0.379937 0.305393 0.380420 0.304838 0.383539 0.304628 0.384023 0.304073 0.387141 0.303862 0.387696 0.304347 0.389255 0.304242 0.389809 0.304726 0.390849 0.304656 0.391403 0.305141 0.392443 0.305070 0.392998 0.305555 0.394037 0.305485 0.394592 0.305969 0.395111 0.305934 0.396220 0.306903 0.396255 0.307423 0.396810 0.307907 0.396845 0.308427 0.397955 0.309396 0.397990 0.309916 0.398545 0.310400 0.398580 0.310920 0.399136 0.311405 0.399276 0.313483 0.399829 0.313968 0.400145 0.318645 0.399662 0.319200 0.399732 0.320239 0.399247 0.320793 0.399282 0.321313 0.397343 0.323532 0.397379 0.324052 0.395441 0.326271 0.394402 0.326341 0.393918 0.326895 0.393397 0.326930 0.392913 0.327486 0.392393 0.327521 0.391908 0.328075 0.390870 0.328146 0.390385 0.328700 0.389865 0.328735 0.389381 0.329290 0.388342 0.329360 0.387857 0.329915 0.387302 0.329431 0.386263 0.329501 0.385707 0.329016 0.384149 0.329122 0.383594 0.328637 0.381516 0.328777 0.380961 0.328293 0.379922 0.328363 0.379366 0.327878 0.378848 0.327913 0.376628 0.325975 0.376593 0.325456 0.376038 0.324971 0.376003 0.324452 0.375448 0.323967 0.375413 0.323447 0.374859 0.322963 0.374824 0.322443 0.374269 0.321959 0.373637 0.312605 0.374122 0.312050 0.374087 0.311531 0.374570 0.310976 0.374500 0.309936 0.374985 0.309382 0.374950 0.308862 0.375919 0.307753 0.375884 0.307233 0.376404 0.307198
0 0.119894 0.375000 0.119929 0.375520 0.120484 0.376005 0.120589 0.377564 0.121144 0.378048 0.121319 0.380646 0.121874 0.381131 0.122331 0.387886 0.121846 0.388441 0.121881 0.388961 0.121396 0.389515 0.121431 0.390035 0.119977 0.391699 0.120012 0.392219 0.119044 0.393329 0.118524 0.393364 0.118040 0.393918 0.117001 0.393989 0.116516 0.394544 0.115477 0.394614 0.114992 0.395168 0.110835 0.395449 0.110351 0.396004 0.104634 0.396390 0.104080 0.395905 0.103040 0.395976 0.102485 0.395492 0.101447 0.395562 0.100892 0.395077 0.100372 0.395112 0.099817 0.394627 0.098777 0.394698 0.098222 0.394213 0.097704 0.394248 0.096594 0.393279 0.096074 0.393314 0.093855 0.391376 0.093820 0.390856 0.092710 0.389887 0.092675 0.389367 0.093160 0.388813 0.093054 0.387254 0.093539 0.386699 0.093434 0.385140 0.093919 0.384585 0.093884 0.384066 0.094368 0.383511 0.094298 0.382472 0.094782 0.381917 0.094746 0.381397 0.095231 0.380842 0.095161 0.379803 0.095646 0.379248 0.095576 0.378209 0.096060 0.377654 0.096025 0.377135 0.096510 0.376580 0.096475 0.376060 0.096994 0.376025 0.097478 0.375470 0.097998 0.375435 0.098968 0.374326 0.099488 0.374291 0.101910 0.371517 0.102430 0.371482 0.103398 0.370372 0.109634 0.369951 0.110189 0.370436 0.112267 0.370295 0.112822 0.370780 0.113342 0.370745 0.114452 0.371714 0.114972 0.371679 0.117190 0.373616 0.117710 0.373581 0.118819 0.374551 0.119339 0.374516
0 0.783079 0.300970 0.784118 0.300900 0.784602 0.300345 0.786682 0.300204 0.787167 0.299650 0.789245 0.299510 0.789730 0.298955 0.793366 0.298709 0.793921 0.299194 0.796001 0.299053 0.796555 0.299537 0.798114 0.299432 0.798669 0.299917 0.799707 0.299847 0.801372 0.301300 0.801892 0.301265 0.803002 0.302234 0.803037 0.302754 0.803591 0.303239 0.803626 0.303758 0.804181 0.304243 0.804216 0.304763 0.804771 0.305247 0.804841 0.306286 0.805396 0.306771 0.805606 0.309889 0.806162 0.310373 0.806548 0.316089 0.806063 0.316644 0.806098 0.317164 0.805613 0.317719 0.805683 0.318758 0.804230 0.320422 0.803711 0.320457 0.802741 0.321567 0.801701 0.321637 0.801217 0.322192 0.798618 0.322367 0.798135 0.322922 0.791899 0.323343 0.791344 0.322859 0.789785 0.322964 0.789230 0.322479 0.788191 0.322550 0.787636 0.322065 0.786597 0.322135 0.786042 0.321651 0.785522 0.321686 0.784968 0.321202 0.784448 0.321237 0.782783 0.319783 0.782748 0.319263 0.781640 0.318294 0.781605 0.317774 0.781049 0.317290 0.781014 0.316770 0.780459 0.316286 0.780354 0.314726 0.779799 0.314242 0.779694 0.312683 0.779139 0.312199 0.779624 0.311644 0.779413 0.308526 0.779898 0.307971 0.779828 0.306932 0.780312 0.306377 0.780242 0.305338 0.780727 0.304783 0.780692 0.304263 0.781177 0.303709 0.781141 0.303189
0 0.947064 0.309730 0.947204 0.311809 0.946719 0.312363 0.946895 0.314962 0.945440 0.316626 0.944921 0.316661 0.943952 0.317770 0.942393 0.317875 0.941839 0.317391 0.935083 0.317847 0.934528 0.317363 0.934009 0.317398 0.933454 0.316914 0.932934 0.316949 0.932379 0.316464 0.931860 0.316499 0.930196 0.315046 0.929915 0.310888 0.930399 0.310334 0.930364 0.309814 0.932302 0.307595 0.932822 0.307560 0.933307 0.307005 0.933826 0.306970 0.934311 0.306415 0.934831 0.306380 0.935314 0.305825 0.940512 0.305474 0.940997 0.304920 0.943075 0.304779 0.944184 0.305748 0.944703 0.305713 0.945258 0.306198 0.945294 0.306717 0.945848 0.307202 0.945884 0.307722 0.946438 0.308206 0.946508 0.309245
0 0.532536 0.471368 0.532711 0.473966 0.532227 0.474521 0.532262 0.475041 0.531777 0.475595 0.531847 0.476635 0.531327 0.476670 0.530843 0.477224 0.530322 0.477260 0.529354 0.478369 0.528834 0.478404 0.528350 0.478959 0.527310 0.479029 0.526825 0.479584 0.526307 0.479620 0.525822 0.480174 0.522184 0.480419 0.521629 0.479935 0.517473 0.480216 0.516918 0.479731 0.516398 0.479766 0.513624 0.477343 0.513554 0.476304 0.512999 0.475820 0.512964 0.475300 0.512409 0.474815 0.512374 0.474296 0.511819 0.473811 0.511714 0.472252 0.512199 0.471698 0.512093 0.470139 0.512578 0.469584 0.512543 0.469064 0.513512 0.467955 0.514031 0.467920 0.515001 0.466810 0.515520 0.466775 0.516005 0.466221 0.517044 0.466151 0.517529 0.465595 0.520126 0.465420 0.520611 0.464865 0.523209 0.464690 0.523694 0.464135 0.524214 0.464100 0.525324 0.465069 0.525842 0.465034 0.526952 0.466003 0.527472 0.465968 0.530246 0.468390 0.530281 0.468910 0.531390 0.469879 0.531426 0.470399
0 0.746547 0.757073 0.747032 0.756519 0.746997 0.755999 0.747482 0.755444 0.747446 0.754925 0.747931 0.754370 0.747896 0.753850 0.749834 0.751631 0.750354 0.751596 0.750838 0.751041 0.751358 0.751006 0.751843 0.750451 0.752882 0.750381 0.753366 0.749826 0.753886 0.749791 0.754371 0.749237 0.755409 0.749166 0.755894 0.748612 0.756934 0.748542 0.757419 0.747987 0.758977 0.747881 0.759532 0.748366 0.760572 0.748296 0.761125 0.748780 0.762165 0.748710 0.762720 0.749195 0.763760 0.749124 0.764314 0.749609 0.764833 0.749574 0.765388 0.750058 0.765908 0.750023 0.766463 0.750508 0.766983 0.750473 0.768092 0.751442 0.768127 0.751962 0.769237 0.752931 0.769272 0.753450 0.769826 0.753935 0.769862 0.754454 0.770972 0.755424 0.771182 0.758541 0.771736 0.759027 0.771947 0.762144 0.748043 0.763759 0.747903 0.761680 0.747348 0.761195 0.747243 0.759636 0.746687 0.759152
0 0.167716 0.348802 0.168685 0.347692 0.169205 0.347657 0.170174 0.346547 0.170693 0.346512 0.171178 0.345957 0.171698 0.345922 0.172182 0.345367 0.173221 0.345297 0.173706 0.344742 0.175265 0.344637 0.175820 0.345122 0.177898 0.344981 0.178453 0.345466 0.180012 0.345361 0.180567 0.345845 0.182126 0.345740 0.183235 0.346709 0.183755 0.346674 0.185420 0.348127 0.185665 0.351765 0.186220 0.352249 0.185736 0.352804 0.185771 0.353324 0.185286 0.353879 0.185321 0.354398 0.184352 0.355508 0.184387 0.356027 0.183902 0.356582 0.183937 0.357102 0.182969 0.358211 0.174653 0.358773 0.174099 0.358288 0.172540 0.358394 0.171985 0.357909 0.171465 0.357944 0.170357 0.356975 0.170322 0.356455 0.169212 0.355486 0.169177 0.354967 0.168622 0.354482 0.168587 0.353963 0.168031 0.353478
0 0.716942 0.419238 0.717012 0.420277 0.716527 0.420832 0.716597 0.421871 0.716112 0.422426 0.716183 0.423465 0.713760 0.426239 0.713240 0.426274 0.712756 0.426829 0.711716 0.426899 0.711231 0.427454 0.707075 0.427735 0.706590 0.428290 0.703992 0.428465 0.703437 0.427981 0.702397 0.428051 0.701844 0.427566 0.700804 0.427636 0.700249 0.427152 0.699729 0.427187 0.699174 0.426702 0.698655 0.426737 0.698101 0.426253 0.697581 0.426288 0.697026 0.425804 0.696506 0.425839 0.695951 0.425354 0.695635 0.420677 0.696120 0.420122 0.696085 0.419603 0.698507 0.416829 0.698472 0.416309 0.698992 0.416274 0.699477 0.415720 0.699996 0.415684 0.700481 0.415130 0.701001 0.415095 0.701485 0.414540 0.702524 0.414470 0.703009 0.413915 0.707685 0.413599 0.708241 0.414084 0.711358 0.413873 0.711913 0.414357 0.712433 0.414322 0.712988 0.414807 0.713508 0.414772 0.714617 0.415741 0.714652 0.416261 0.715761 0.417230 0.715796 0.417749 0.716352 0.418234 0.716387 0.418753
0 0.778949 0.688067 0.778984 0.688586 0.779539 0.689070 0.779574 0.689590 0.780129 0.690074 0.780164 0.690594 0.780719 0.691079 0.780754 0.691598 0.781309 0.692083 0.781449 0.694161 0.780965 0.694716 0.781105 0.696795 0.779651 0.698459 0.779686 0.698979 0.778718 0.700088 0.778198 0.700123 0.777228 0.701233 0.776710 0.701268 0.775740 0.702378 0.775221 0.702413 0.774736 0.702967 0.774216 0.703002 0.773731 0.703557 0.773213 0.703592 0.772728 0.704147 0.772208 0.704182 0.771723 0.704737 0.768606 0.704947 0.768050 0.704463 0.764932 0.704673 0.764378 0.704189 0.762819 0.704294 0.762264 0.703810 0.761744 0.703845 0.760636 0.702876 0.760116 0.702911 0.759006 0.701942 0.758971 0.701422 0.757861 0.700453 0.757826 0.699933 0.756717 0.698964 0.756612 0.697405 0.756057 0.696920 0.755846 0.693803 0.756331 0.693248 0.756296 0.692728 0.756781 0.692174 0.756711 0.691134 0.757194 0.690580 0.757124 0.689541 0.758094 0.688431 0.758613 0.688396 0.759583 0.687286 0.760101 0.687251 0.760586 0.686696 0.761106 0.686661 0.761591 0.686106 0.764709 0.685896 0.765193 0.685341 0.767272 0.685201 0.767756 0.684646 0.770354 0.684470 0.770909 0.684955 0.771949 0.684885 0.772503 0.685369 0.773022 0.685334 0.773578 0.685819 0.774097 0.685784 0.774652 0.686268 0.775692 0.686198 0.776246 0.686683 0.776766 0.686647 0.777321 0.687132 0.777840 0.687097
0 0.785878 0.450601 0.786089 0.453719 0.786644 0.454203 0.786679 0.454723 0.786194 0.455277 0.786229 0.455797 0.785260 0.456907 0.785295 0.457427 0.782872 0.460200 0.782353 0.460235 0.781869 0.460790 0.781349 0.460825 0.780864 0.461380 0.779824 0.461450 0.779340 0.462005 0.775183 0.462286 0.774698 0.462841 0.770022 0.463157 0.769467 0.462672 0.768947 0.462707 0.768392 0.462222 0.767353 0.462293 0.766799 0.461808 0.766279 0.461843 0.765724 0.461359 0.765204 0.461394 0.763540 0.459940 0.763505 0.459420 0.762396 0.458451 0.762360 0.457932 0.761806 0.457447 0.761420 0.451731 0.761904 0.451176 0.761869 0.450657 0.765261 0.446773 0.765781 0.446738 0.766264 0.446184 0.766785 0.446148 0.767269 0.445594 0.768309 0.445523 0.768794 0.444969 0.778146 0.444337 0.778701 0.444821 0.779221 0.444786 0.779776 0.445271 0.780295 0.445236 0.783069 0.447658 0.783104 0.448179
0 0.413039 0.348413 0.413594 0.348897 0.414114 0.348862 0.414668 0.349347 0.415188 0.349312 0.415743 0.349796 0.416263 0.349761 0.416817 0.350245 0.417337 0.350210 0.421221 0.353602 0.421572 0.358799 0.418664 0.362127 0.418700 0.362647 0.417245 0.364311 0.416726 0.364346 0.416241 0.364901 0.415202 0.364971 0.414717 0.365526 0.412120 0.365701 0.411564 0.365217 0.410005 0.365322 0.409450 0.364838 0.407892 0.364943 0.407337 0.364458 0.406817 0.364494 0.406263 0.364009 0.405743 0.364044 0.405708 0.363524 0.405153 0.363040 0.405118 0.362520 0.404008 0.361551 0.403973 0.361032 0.403418 0.360547 0.403032 0.354831 0.403517 0.354275 0.403482 0.353756 0.403966 0.353202 0.403931 0.352682 0.404416 0.352127 0.404346 0.351088 0.404831 0.350533 0.405869 0.350463 0.406354 0.349908 0.408432 0.349768 0.408917 0.349213 0.411516 0.349037 0.412000 0.348483
0 0.497938 0.724275 0.497974 0.724794 0.498528 0.725279 0.498634 0.726838 0.499189 0.727322 0.499364 0.729920 0.498879 0.730475 0.498915 0.730995 0.497945 0.732104 0.497981 0.732624 0.496042 0.734843 0.495523 0.734878 0.495038 0.735433 0.487763 0.735925 0.487279 0.736479 0.486724 0.735995 0.485684 0.736065 0.484575 0.735096 0.484056 0.735131 0.483501 0.734646 0.483465 0.734127 0.482911 0.733642 0.482876 0.733122 0.482321 0.732638 0.482286 0.732118 0.481730 0.731634 0.481695 0.731114 0.481141 0.730630 0.481000 0.728551 0.481485 0.727996 0.481344 0.725918 0.483768 0.723144 0.484287 0.723109 0.485741 0.721444 0.494055 0.720883
0 0.054577 0.482250 0.056242 0.483704 0.056277 0.484224 0.056832 0.484708 0.056902 0.485747 0.057456 0.486232 0.057491 0.486752 0.057008 0.487306 0.057148 0.489385 0.056663 0.489940 0.056733 0.490979 0.054311 0.493753 0.053791 0.493788 0.052337 0.495452 0.051818 0.495487 0.051334 0.496042 0.050813 0.496077 0.050329 0.496632 0.047211 0.496843 0.046656 0.496358 0.045617 0.496428 0.045063 0.495944 0.044023 0.496014 0.043468 0.495529 0.042948 0.495564 0.042393 0.495080 0.041875 0.495115 0.040765 0.494146 0.040729 0.493626 0.040175 0.493142 0.040140 0.492622 0.039584 0.492137 0.039479 0.490579 0.039964 0.490024 0.039789 0.487426 0.040273 0.486871 0.040238 0.486351 0.041208 0.485242 0.041726 0.485207 0.042696 0.484098 0.043216 0.484062 0.044670 0.482398 0.045188 0.482363 0.045673 0.481808 0.046713 0.481738 0.047198 0.481183 0.049276 0.481042 0.049831 0.481527 0.051389 0.481422 0.051944 0.481906 0.053504 0.481801 0.054058 0.482285
0 0.875513 0.301513 0.875829 0.306189 0.874861 0.307299 0.874896 0.307819 0.873926 0.308928 0.873406 0.308963 0.872438 0.310073 0.869319 0.310283 0.868765 0.309799 0.867206 0.309904 0.866651 0.309420 0.865092 0.309525 0.864537 0.309040 0.863497 0.309110 0.863463 0.308591 0.862354 0.307622 0.862319 0.307102 0.861764 0.306618 0.862249 0.306063 0.862179 0.305023 0.862662 0.304469 0.862627 0.303949 0.863111 0.303394 0.863041 0.302355 0.863561 0.302320 0.864046 0.301766 0.864566 0.301731 0.865051 0.301175 0.866089 0.301105 0.866574 0.300550 0.867613 0.300480 0.868098 0.299925 0.869657 0.299820 0.870141 0.299265 0.871181 0.299195 0.871736 0.299680 0.872254 0.299645 0.872810 0.300129 0.873329 0.300094 0.873884 0.300579 0.874404 0.300543
0 0.645029 0.629772 0.645345 0.634448 0.642922 0.637222 0.642402 0.637257 0.641918 0.637812 0.641398 0.637847 0.640913 0.638402 0.639874 0.638472 0.639390 0.639027 0.634194 0.639378 0.633639 0.638893 0.631041 0.639069 0.628821 0.637131 0.628786 0.636611 0.628231 0.636126 0.628126 0.634567 0.628610 0.634013 0.628470 0.631934 0.628955 0.631379 0.628885 0.630340 0.629369 0.629785 0.629334 0.629266 0.629819 0.628711 0.629749 0.627672 0.630234 0.627117 0.630198 0.626597 0.630682 0.626042 0.638997 0.625481 0.639552 0.625965 0.640590 0.625895 0.642255 0.627349 0.642775 0.627314 0.643884 0.628283 0.643919 0.628803
0 0.972562 0.231270 0.972598 0.231790 0.973153 0.232275 0.973434 0.236432 0.972464 0.237541 0.972499 0.238062 0.972015 0.238616 0.972050 0.239136 0.971565 0.239690 0.971600 0.240210 0.971116 0.240765 0.971151 0.241284 0.970667 0.241839 0.969107 0.241944 0.968622 0.242499 0.966544 0.242640 0.966060 0.243194 0.963461 0.243370 0.962977 0.243925 0.962422 0.243440 0.960863 0.243545 0.960308 0.243061 0.959789 0.243096 0.959233 0.242611 0.958714 0.242646 0.957050 0.241193 0.957015 0.240673 0.956460 0.240189 0.956425 0.239669 0.955870 0.239185 0.955835 0.238665 0.955281 0.238180 0.955141 0.236102 0.955624 0.235547 0.955519 0.233988 0.956004 0.233433 0.955969 0.232914 0.956489 0.232878 0.957458 0.231769 0.957977 0.231734 0.958461 0.231179 0.958981 0.231144 0.959466 0.230589 0.959986 0.230554 0.960471 0.229999 0.962029 0.229894 0.962514 0.229339 0.969269 0.228883 0.969824 0.229367 0.970344 0.229332
0 0.841324 0.544995 0.841394 0.546035 0.840910 0.546589 0.840981 0.547629 0.840496 0.548183 0.840566 0.549223 0.839597 0.550332 0.839077 0.550367 0.838593 0.550922 0.837553 0.550992 0.837069 0.551547 0.836029 0.551617 0.835545 0.552172 0.832946 0.552348 0.832462 0.552902 0.831908 0.552418 0.830868 0.552488 0.830313 0.552003 0.829793 0.552038 0.829239 0.551554 0.828720 0.551589 0.828164 0.551104 0.827645 0.551139 0.827090 0.550655 0.827055 0.550135 0.826500 0.549651 0.826429 0.548612 0.825875 0.548127 0.825840 0.547607 0.825286 0.547123 0.825216 0.546084 0.827153 0.543865 0.827673 0.543830 0.828643 0.542720 0.829161 0.542685 0.829646 0.542130 0.830166 0.542095 0.830651 0.541540 0.834289 0.541294 0.834843 0.541779 0.836402 0.541674 0.836956 0.542158 0.837996 0.542088 0.838550 0.542573 0.839070 0.542538 0.840735 0.543991 0.840770 0.544511
0 0.336877 0.650587 0.338541 0.652040 0.338576 0.652560 0.339131 0.653045 0.339166 0.653564 0.339721 0.654049 0.339756 0.654568 0.340311 0.655053 0.339826 0.655608 0.339861 0.656127 0.338892 0.657237 0.338927 0.657757 0.337959 0.658866 0.337439 0.658901 0.336954 0.659456 0.335395 0.659561 0.334911 0.660116 0.331273 0.660362 0.330788 0.660916 0.330234 0.660432 0.328675 0.660537 0.328120 0.660053 0.327600 0.660088 0.325382 0.658150 0.325347 0.657630 0.324791 0.657145 0.324756 0.656626 0.324202 0.656141 0.324686 0.655586 0.324651 0.655067 0.325136 0.654512 0.325066 0.653473 0.325549 0.652918 0.325514 0.652398 0.326484 0.651289 0.327004 0.651254 0.327488 0.650699 0.328527 0.650629 0.329011 0.650074 0.331611 0.649898 0.332165 0.650383 0.334763 0.650208 0.335317 0.650692
0 0.872027 0.435385 0.872097 0.436425 0.872653 0.436909 0.872898 0.440547 0.869023 0.444985 0.868503 0.445020 0.868018 0.445574 0.867498 0.445610 0.867014 0.446164 0.865974 0.446235 0.865490 0.446789 0.863411 0.446930 0.862857 0.446445 0.860778 0.446586 0.860223 0.446101 0.858664 0.446206 0.858109 0.445722 0.857070 0.445792 0.856515 0.445307 0.856480 0.444788 0.855926 0.444303 0.855856 0.443264 0.855300 0.442779 0.855230 0.441740 0.854675 0.441255 0.855160 0.440701 0.855090 0.439661 0.855575 0.439107 0.855505 0.438067 0.855988 0.437513 0.855953 0.436993 0.856438 0.436438 0.856403 0.435919 0.857442 0.435848 0.857927 0.435294 0.858967 0.435223 0.859450 0.434669 0.860490 0.434598 0.860975 0.434044 0.862533 0.433938 0.863018 0.433384 0.864578 0.433278 0.865131 0.433763 0.866691 0.433658 0.867246 0.434142 0.868285 0.434072 0.868839 0.434557 0.869359 0.434521 0.869914 0.435006 0.870954 0.434936 0.871508 0.435420
0 0.890147 0.394488 0.890392 0.398125 0.889907 0.398681 0.889942 0.399200 0.888973 0.400309 0.888453 0.400344 0.887968 0.400899 0.887450 0.400934 0.886965 0.401489 0.886445 0.401524 0.885961 0.402079 0.882322 0.402325 0.881839 0.402879 0.876642 0.403230 0.876087 0.402746 0.874528 0.402851 0.873974 0.402366 0.873454 0.402402 0.872899 0.401917 0.871860 0.401987 0.871305 0.401503 0.870785 0.401538 0.868567 0.399600 0.868532 0.399080 0.867977 0.398595 0.867941 0.398076 0.867387 0.397591 0.867317 0.396552 0.866762 0.396067 0.866727 0.395548 0.867211 0.394993 0.867176 0.394473 0.867661 0.393919 0.867590 0.392879 0.868076 0.392324 0.868040 0.391805 0.869008 0.390695 0.869529 0.390660 0.870013 0.390105 0.871053 0.390035 0.871537 0.389481 0.872576 0.389410 0.873061 0.388856 0.874619 0.388750 0.875104 0.388196 0.879262 0.387915 0.879816 0.388399 0.881895 0.388259 0.882450 0.388743 0.884528 0.388603 0.887302 0.391026 0.887337 0.391545 0.889556 0.393484 0.889591 0.394003
0 0.331484 0.528396 0.331450 0.531379 0.330547 0.534264 0.326518 0.536285 0.323014 0.536577 0.320383 0.534794 0.318788 0.532078 0.319237 0.528946 0.319721 0.528392 0.319616 0.526833 0.320585 0.525724 0.322926 0.524817 0.325316 0.524184 0.328865 0.524642
0 0.862598 0.744014 0.862633 0.744534 0.863188 0.745018 0.863363 0.747617 0.862879 0.748171 0.863019 0.750250 0.862535 0.750805 0.862570 0.751324 0.861600 0.752434 0.861635 0.752954 0.861117 0.752989 0.860147 0.754098 0.860287 0.756177 0.842100 0.757405 0.841959 0.755327 0.840850 0.754358 0.840815 0.753838 0.839151 0.752384 0.839116 0.751865 0.838561 0.751380 0.838455 0.749821 0.838940 0.749266 0.838800 0.747188 0.839283 0.746633 0.839248 0.746113 0.840218 0.745004 0.840183 0.744484 0.840667 0.743929 0.840632 0.743410 0.841117 0.742855 0.841082 0.742335 0.842051 0.741226 0.842570 0.741191 0.843540 0.740082 0.844059 0.740047 0.844544 0.739491 0.849221 0.739175 0.849705 0.738621 0.853343 0.738375 0.853898 0.738860 0.854936 0.738789 0.855491 0.739274 0.856011 0.739239 0.856566 0.739723 0.857086 0.739688 0.857641 0.740173 0.858159 0.740138 0.858715 0.740622 0.859234 0.740587 0.861453 0.742525 0.861488 0.743045
0 0.724842 0.381641 0.724877 0.382161 0.725432 0.382645 0.725818 0.388361 0.725333 0.388915 0.725368 0.389436 0.724399 0.390545 0.724434 0.391065 0.722981 0.392729 0.721941 0.392799 0.721456 0.393354 0.720417 0.393424 0.719933 0.393979 0.715775 0.394260 0.715222 0.393775 0.712622 0.393951 0.712069 0.393466 0.710509 0.393571 0.709954 0.393087 0.709434 0.393122 0.706661 0.390699 0.706626 0.390179 0.705516 0.389211 0.705305 0.386093 0.705790 0.385538 0.705685 0.383979 0.707139 0.382315 0.707104 0.381795 0.709526 0.379021 0.711086 0.378916 0.711569 0.378361 0.712609 0.378291 0.713094 0.377736 0.714652 0.377631 0.715137 0.377076 0.717735 0.376901 0.718290 0.377385 0.719329 0.377315 0.719885 0.377800 0.720403 0.377765 0.721513 0.378734 0.722033 0.378699 0.722588 0.379183 0.722623 0.379703
0 0.866042 0.563162 0.866113 0.564202 0.866667 0.564686 0.866702 0.565206 0.867258 0.565690 0.867328 0.566730 0.866843 0.567285 0.867054 0.570402 0.865115 0.572622 0.864596 0.572657 0.864111 0.573211 0.863591 0.573246 0.863107 0.573801 0.862068 0.573871 0.861584 0.574426 0.860544 0.574496 0.860059 0.575051 0.858501 0.575156 0.858016 0.575711 0.857496 0.575746 0.856941 0.575262 0.855383 0.575367 0.854827 0.574882 0.853788 0.574953 0.853233 0.574468 0.852714 0.574503 0.852160 0.574019 0.851120 0.574089 0.850565 0.573604 0.850045 0.573639 0.848936 0.572670 0.848901 0.572151 0.848346 0.571666 0.848065 0.567509 0.848550 0.566954 0.848515 0.566434 0.849483 0.565325 0.850003 0.565290 0.850973 0.564180 0.851493 0.564145 0.852946 0.562481 0.853465 0.562446 0.853950 0.561891 0.854470 0.561856 0.854954 0.561301 0.855994 0.561231 0.856478 0.560676 0.858036 0.560571 0.858591 0.561056 0.861190 0.560880 0.861744 0.561365 0.863304 0.561259 0.863859 0.561744 0.864897 0.561674 0.864932 0.562193
0 0.348477 0.327717 0.348652 0.330315 0.348167 0.330870 0.348273 0.332429 0.346335 0.334648 0.345815 0.334683 0.344846 0.335792 0.344327 0.335827 0.343842 0.336382 0.343322 0.336417 0.342838 0.336972 0.341799 0.337043 0.341314 0.337597 0.339755 0.337702 0.339200 0.337218 0.337641 0.337323 0.337087 0.336838 0.336047 0.336909 0.335492 0.336424 0.334973 0.336459 0.334418 0.335975 0.333379 0.336045 0.332270 0.335076 0.331750 0.335111 0.330640 0.334142 0.330324 0.329465 0.330809 0.328910 0.330774 0.328391 0.332227 0.326726 0.332747 0.326691 0.333232 0.326136 0.333751 0.326101 0.334236 0.325547 0.334755 0.325511 0.335239 0.324957 0.335760 0.324922 0.336244 0.324367 0.337284 0.324297 0.337768 0.323742 0.341405 0.323496 0.341960 0.323981 0.343000 0.323911 0.343555 0.324395 0.344074 0.324360 0.345738 0.325814 0.346258 0.325779
0 0.769771 0.335800 0.770256 0.335246 0.772334 0.335105 0.772819 0.334550 0.774898 0.334410 0.775382 0.333855 0.776941 0.333750 0.777425 0.333195 0.777945 0.333160 0.778500 0.333645 0.779540 0.333574 0.780093 0.334059 0.781133 0.333989 0.781688 0.334473 0.782208 0.334438 0.782763 0.334923 0.783283 0.334888 0.783836 0.335373 0.784357 0.335338 0.784911 0.335822 0.785951 0.335751 0.787060 0.336721 0.787095 0.337240 0.788205 0.338209 0.788275 0.339249 0.788830 0.339733 0.788970 0.341812 0.789525 0.342296 0.789560 0.342816 0.789075 0.343371 0.789110 0.343890 0.788626 0.344445 0.788661 0.344965 0.788176 0.345520 0.788212 0.346039 0.787726 0.346594 0.787762 0.347114 0.786794 0.348223 0.786273 0.348258 0.785789 0.348813 0.783190 0.348988 0.782706 0.349544 0.779588 0.349754 0.779104 0.350309 0.778548 0.349825 0.777510 0.349895 0.776955 0.349410 0.776435 0.349445 0.775880 0.348960 0.775360 0.348995 0.774806 0.348511 0.774287 0.348546 0.772067 0.346608 0.771547 0.346643 0.770993 0.346158 0.770473 0.346193 0.769364 0.345224 0.769329 0.344705 0.768773 0.344220 0.768668 0.342661 0.768114 0.342176 0.767904 0.339059 0.768872 0.337949 0.768837 0.337430 0.769806 0.336321
0 0.810884 0.480755 0.811852 0.479646 0.812372 0.479610 0.812857 0.479056 0.813377 0.479020 0.813861 0.478466 0.814382 0.478431 0.814866 0.477876 0.815385 0.477841 0.815870 0.477286 0.816389 0.477251 0.816874 0.476696 0.817394 0.476661 0.818362 0.475552 0.818882 0.475517 0.819367 0.474962 0.820407 0.474892 0.820961 0.475376 0.827196 0.474955 0.827751 0.475439 0.828271 0.475404 0.828826 0.475889 0.829346 0.475854 0.830456 0.476823 0.830974 0.476788 0.831529 0.477272 0.832049 0.477237 0.833159 0.478206 0.833679 0.478171 0.834233 0.478656 0.834268 0.479175 0.835378 0.480144 0.835413 0.480664 0.835967 0.481149 0.836003 0.481668 0.836558 0.482153 0.836768 0.485271 0.836283 0.485826 0.836424 0.487904 0.832547 0.492342 0.832027 0.492377 0.831544 0.492932 0.831024 0.492967 0.830539 0.493522 0.829500 0.493592 0.829015 0.494147 0.827456 0.494252 0.826972 0.494806 0.824373 0.494982 0.823889 0.495537 0.819212 0.495853 0.818658 0.495368 0.818138 0.495403 0.817583 0.494919 0.816543 0.494989 0.815989 0.494505 0.815470 0.494540 0.814914 0.494055 0.814395 0.494090 0.813840 0.493606 0.813320 0.493641 0.812211 0.492672 0.812176 0.492152 0.811621 0.491668 0.811551 0.490628 0.810996 0.490144 0.810961 0.489624 0.810406 0.489140 0.810090 0.484463 0.810575 0.483908 0.810470 0.482349 0.810954 0.481794
0 0.334824 0.365180 0.335380 0.365665 0.335415 0.366185 0.337079 0.367638 0.337115 0.368158 0.337668 0.368642 0.337949 0.372799 0.338504 0.373284 0.338019 0.373839 0.338054 0.374359 0.337571 0.374913 0.337641 0.375953 0.337156 0.376507 0.337226 0.377547 0.336742 0.378101 0.336777 0.378621 0.335807 0.379731 0.335842 0.380250 0.335359 0.380805 0.334319 0.380875 0.333834 0.381430 0.332795 0.381500 0.332310 0.382055 0.330752 0.382160 0.330267 0.382715 0.326110 0.382996 0.325556 0.382511 0.324516 0.382581 0.323961 0.382097 0.323441 0.382132 0.322886 0.381647 0.321847 0.381718 0.321293 0.381233 0.320773 0.381268 0.317444 0.378361 0.317409 0.377841 0.316299 0.376872 0.316264 0.376352 0.315155 0.375383 0.315015 0.373305 0.315500 0.372750 0.315395 0.371191 0.315878 0.370636 0.315843 0.370117 0.316328 0.369562 0.316292 0.369042 0.316778 0.368487 0.316742 0.367968 0.317712 0.366859 0.317676 0.366339 0.318646 0.365229 0.322283 0.364983 0.322768 0.364429 0.329003 0.364007 0.329558 0.364492 0.331636 0.364352 0.332192 0.364836 0.333751 0.364731 0.334306 0.365215
0 0.969834 0.438175 0.969904 0.439214 0.970459 0.439699 0.970599 0.441777 0.971154 0.442262 0.969216 0.444481 0.968697 0.444516 0.968212 0.445071 0.967692 0.445106 0.967207 0.445661 0.966687 0.445696 0.966204 0.446250 0.965684 0.446285 0.965199 0.446840 0.964679 0.446875 0.964195 0.447430 0.962636 0.447535 0.962151 0.448090 0.957994 0.448371 0.957439 0.447887 0.954841 0.448062 0.954286 0.447578 0.953248 0.447648 0.951583 0.446194 0.951548 0.445674 0.950993 0.445190 0.950957 0.444670 0.950404 0.444185 0.950334 0.443146 0.950817 0.442592 0.950747 0.441552 0.951232 0.440997 0.951197 0.440478 0.953619 0.437704 0.954139 0.437669 0.955108 0.436560 0.955629 0.436525 0.956113 0.435970 0.957152 0.435899 0.957636 0.435345 0.958676 0.435274 0.959161 0.434720 0.960199 0.434650 0.960754 0.435134 0.962832 0.434994 0.963387 0.435478 0.964947 0.435373 0.965502 0.435858 0.966541 0.435788 0.967095 0.436272 0.967615 0.436237
0 0.740552 0.359177 0.741520 0.358067 0.741485 0.357548 0.742939 0.355884 0.742904 0.355364 0.743389 0.354809 0.743908 0.354774 0.744392 0.354219 0.744912 0.354184 0.745397 0.353629 0.746955 0.353524 0.747440 0.352969 0.747995 0.353454 0.750593 0.353278 0.751148 0.353763 0.752707 0.353658 0.753262 0.354142 0.754301 0.354072 0.754856 0.354557 0.755375 0.354521 0.755930 0.355006 0.756449 0.354971 0.757559 0.355940 0.757594 0.356460 0.758704 0.357429 0.758914 0.360547 0.758430 0.361101 0.758535 0.362660 0.756112 0.365435 0.755593 0.365470 0.755108 0.366024 0.751990 0.366235 0.751505 0.366789 0.747349 0.367070 0.746794 0.366586 0.745754 0.366656 0.745199 0.366172 0.744681 0.366207 0.743571 0.365237 0.743051 0.365272 0.741386 0.363819 0.741281 0.362260 0.740727 0.361775
0 0.862443 0.409410 0.862794 0.414607 0.860372 0.417380 0.859851 0.417415 0.858397 0.419079 0.857359 0.419149 0.856874 0.419704 0.855835 0.419774 0.855350 0.420329 0.854795 0.419845 0.853756 0.419915 0.853201 0.419430 0.852162 0.419500 0.851608 0.419016 0.850568 0.419086 0.850013 0.418602 0.849493 0.418637 0.848938 0.418152 0.847900 0.418222 0.845680 0.416284 0.845645 0.415765 0.845090 0.415280 0.845055 0.414760 0.845540 0.414206 0.845364 0.411607 0.845849 0.411053 0.845779 0.410013 0.846263 0.409458 0.846783 0.409423 0.847268 0.408868 0.847787 0.408833 0.848271 0.408279 0.849311 0.408209 0.849796 0.407654 0.850836 0.407584 0.851319 0.407029 0.852878 0.406924 0.853364 0.406369 0.855442 0.406228 0.855996 0.406713 0.857036 0.406643 0.857590 0.407127 0.858110 0.407092 0.858665 0.407577 0.859184 0.407542 0.859740 0.408026 0.860259 0.407991 0.861923 0.409445
0 0.834385 0.612283 0.837503 0.612072 0.838058 0.612557 0.839097 0.612486 0.839652 0.612971 0.840171 0.612936 0.840726 0.613421 0.841246 0.613386 0.841800 0.613870 0.842321 0.613835 0.842875 0.614319 0.843394 0.614284 0.843949 0.614769 0.844469 0.614734 0.846133 0.616187 0.846308 0.618786 0.846863 0.619270 0.847003 0.621349 0.846519 0.621903 0.846554 0.622423 0.845585 0.623533 0.845620 0.624052 0.845136 0.624607 0.844616 0.624642 0.844131 0.625197 0.843093 0.625267 0.842608 0.625822 0.841048 0.625927 0.840565 0.626482 0.839005 0.626587 0.838521 0.627142 0.836962 0.627247 0.836407 0.626763 0.835887 0.626798 0.835333 0.626313 0.834813 0.626348 0.833704 0.625379 0.833184 0.625414 0.832074 0.624445 0.831554 0.624480 0.830446 0.623511 0.829926 0.623546 0.828261 0.622093 0.827945 0.617416 0.828430 0.616861 0.828395 0.616341 0.829849 0.614677 0.830368 0.614642 0.830852 0.614088 0.831372 0.614053 0.831857 0.613497 0.832377 0.613462 0.832862 0.612908 0.833900 0.612837
0 0.610093 0.220779 0.608640 0.222444 0.608675 0.222963 0.608191 0.223518 0.608226 0.224038 0.607741 0.224593 0.607776 0.225112 0.607291 0.225667 0.606773 0.225702 0.606288 0.226257 0.605768 0.226292 0.605283 0.226847 0.604764 0.226882 0.604279 0.227436 0.598563 0.227823 0.598008 0.227338 0.595410 0.227514 0.594855 0.227029 0.594336 0.227064 0.593226 0.226095 0.593191 0.225575 0.592636 0.225091 0.592531 0.223532 0.591976 0.223047 0.591906 0.222008 0.592391 0.221454 0.592356 0.220934 0.593810 0.219269 0.593775 0.218750 0.595228 0.217085 0.596268 0.217015 0.596752 0.216460 0.599350 0.216285 0.599834 0.215730 0.603992 0.215449 0.604546 0.215934 0.605586 0.215864 0.606141 0.216348 0.606660 0.216313 0.607215 0.216798 0.607734 0.216763 0.607770 0.217282 0.608324 0.217767 0.608359 0.218286 0.608915 0.218771 0.608950 0.219291 0.609505 0.219775 0.609540 0.220295
0 0.964766 0.309057 0.964837 0.310095 0.964352 0.310650 0.964563 0.313768 0.964077 0.314323 0.964148 0.315362 0.962210 0.317581 0.961690 0.317616 0.961205 0.318171 0.957569 0.318417 0.957014 0.317932 0.955455 0.318038 0.954899 0.317553 0.953861 0.317623 0.953306 0.317138 0.952786 0.317173 0.952231 0.316689 0.951711 0.316724 0.951158 0.316240 0.951122 0.315720 0.950568 0.315235 0.950182 0.309519 0.950666 0.308965 0.950631 0.308445 0.951600 0.307335 0.953678 0.307195 0.954162 0.306640 0.957280 0.306430 0.957765 0.305875 0.958804 0.305805 0.959360 0.306289 0.960398 0.306219 0.960953 0.306704 0.961473 0.306669 0.962028 0.307153 0.962548 0.307118
0 0.689208 0.373682 0.689278 0.374720 0.688793 0.375276 0.688864 0.376315 0.688380 0.376870 0.688485 0.378429 0.686546 0.380648 0.686027 0.380683 0.685543 0.381238 0.677748 0.381764 0.677192 0.381280 0.676673 0.381315 0.674454 0.379376 0.674419 0.378857 0.673864 0.378372 0.673618 0.374735 0.676041 0.371961 0.676006 0.371441 0.676975 0.370332 0.685809 0.369735 0.687474 0.371189 0.687509 0.371708 0.688618 0.372677 0.688653 0.373197
0 0.320432 0.229383 0.320642 0.232501 0.321197 0.232985 0.321408 0.236104 0.319470 0.238323 0.318950 0.238358 0.318465 0.238912 0.317946 0.238948 0.317461 0.239502 0.314863 0.239678 0.314378 0.240233 0.311780 0.240409 0.311296 0.240963 0.309737 0.241068 0.309182 0.240584 0.308662 0.240619 0.308107 0.240134 0.307587 0.240169 0.305369 0.238231 0.305334 0.237711 0.304779 0.237227 0.304323 0.230471
0 0.840495 0.586813 0.844132 0.586567 0.844687 0.587052 0.846246 0.586947 0.846801 0.587431 0.848360 0.587326 0.848915 0.587810 0.850473 0.587705 0.851583 0.588674 0.852103 0.588639 0.852657 0.589124 0.852693 0.589643 0.853248 0.590128 0.853318 0.591167 0.853873 0.591651 0.853943 0.592691 0.854497 0.593175 0.854602 0.594734 0.855157 0.595219 0.855438 0.599376 0.854953 0.599931 0.855128 0.602529 0.854645 0.603084 0.854680 0.603603 0.854196 0.604158 0.854266 0.605198 0.853781 0.605752 0.853851 0.606792 0.851912 0.609011 0.851393 0.609046 0.850909 0.609600 0.849869 0.609671 0.849384 0.610225 0.848346 0.610296 0.847861 0.610850 0.846301 0.610956 0.845817 0.611510 0.844778 0.611581 0.844293 0.612135 0.843739 0.611651 0.842180 0.611756 0.841625 0.611272 0.840586 0.611342 0.840030 0.610857 0.838472 0.610963 0.837917 0.610478 0.836877 0.610548 0.836323 0.610064 0.835284 0.610134 0.834729 0.609649 0.834209 0.609684 0.832546 0.608231 0.832511 0.607711 0.831955 0.607226 0.831885 0.606187 0.831330 0.605703 0.831050 0.601546 0.830495 0.601061 0.830354 0.598982 0.830839 0.598428 0.830628 0.595310 0.831113 0.594755 0.831078 0.594235 0.831563 0.593681 0.831493 0.592641 0.831977 0.592087 0.831942 0.591567 0.832426 0.591012 0.832390 0.590493 0.832911 0.590457 0.834365 0.588793 0.835403 0.588723 0.835888 0.588168 0.837967 0.588028 0.838451 0.587473 0.840010 0.587368
0 0.779589 0.272494 0.779659 0.273534 0.780214 0.274019 0.780250 0.274538 0.781359 0.275507 0.781429 0.276547 0.779007 0.279321 0.779042 0.279840 0.778557 0.280395 0.778592 0.280914 0.778108 0.281469 0.777588 0.281504 0.777103 0.282059 0.776583 0.282094 0.776100 0.282649 0.775580 0.282684 0.775095 0.283239 0.770937 0.283520 0.770384 0.283035 0.767265 0.283246 0.766711 0.282761 0.766191 0.282796 0.763972 0.280858 0.763937 0.280339 0.763383 0.279854 0.763347 0.279334 0.762792 0.278850 0.762757 0.278330 0.762202 0.277845 0.761886 0.273169 0.765278 0.269285 0.773072 0.268759 0.773628 0.269243 0.774147 0.269208 0.775257 0.270177 0.775776 0.270142 0.776886 0.271111 0.777406 0.271076 0.777960 0.271561 0.778481 0.271526
0 0.884725 0.376061 0.884830 0.377620 0.884346 0.378174 0.884381 0.378695 0.882443 0.380914 0.881923 0.380949 0.880953 0.382058 0.879915 0.382128 0.879430 0.382683 0.878911 0.382718 0.878426 0.383273 0.872190 0.383694 0.871635 0.383210 0.869037 0.383385 0.868482 0.382901 0.867962 0.382936 0.867409 0.382451 0.867374 0.381932 0.866818 0.381447 0.866748 0.380408 0.866193 0.379923 0.866123 0.378884 0.865568 0.378399 0.865498 0.377360 0.865983 0.376805 0.865912 0.375766 0.866397 0.375211 0.866327 0.374172 0.867780 0.372508 0.868820 0.372437 0.869304 0.371883 0.871383 0.371743 0.871867 0.371188 0.874466 0.371012 0.874950 0.370457 0.875990 0.370387 0.876545 0.370872 0.877063 0.370837 0.877619 0.371322 0.878658 0.371251 0.879213 0.371735 0.879733 0.371700 0.880287 0.372185 0.880807 0.372150 0.881362 0.372634 0.881881 0.372599 0.882990 0.373568 0.883025 0.374088 0.884135 0.375057 0.884170 0.375577
0 0.935442 0.292244 0.935758 0.296922 0.934788 0.298031 0.934269 0.298066 0.933785 0.298620 0.932225 0.298726 0.931740 0.299281 0.929662 0.299421 0.929178 0.299976 0.926060 0.300186 0.925504 0.299702 0.924986 0.299737 0.924431 0.299252 0.923911 0.299287 0.922246 0.297834 0.921965 0.293677 0.922935 0.292567 0.923455 0.292532 0.924424 0.291422 0.924943 0.291387 0.925428 0.290832 0.929585 0.290551 0.930140 0.291036 0.932738 0.290861 0.933293 0.291345 0.934332 0.291275
0 0.986732 0.309661 0.987785 0.325250 0.983627 0.325531 0.983074 0.325046 0.980474 0.325222 0.979921 0.324737 0.977842 0.324878 0.977286 0.324393 0.975728 0.324498 0.972399 0.321591 0.972294 0.320032 0.971739 0.319548 0.971529 0.316430 0.973466 0.314211 0.973431 0.313691 0.973916 0.313136 0.974436 0.313101 0.975406 0.311992 0.976964 0.311886 0.977449 0.311332 0.979008 0.311226 0.979491 0.310672 0.981571 0.310531 0.982056 0.309976
0 0.214108 0.587363 0.214628 0.587328 0.215182 0.587812 0.217261 0.587672 0.217816 0.588156 0.218855 0.588086 0.219409 0.588571 0.219929 0.588536 0.220484 0.589020 0.221003 0.588985 0.222668 0.590439 0.222914 0.594076 0.222429 0.594631 0.222534 0.596190 0.222049 0.596745 0.222084 0.597264 0.221600 0.597819 0.221635 0.598339 0.221151 0.598894 0.220631 0.598929 0.220147 0.599483 0.219627 0.599519 0.219142 0.600073 0.217064 0.600214 0.216579 0.600768 0.215021 0.600874 0.214466 0.600389 0.213946 0.600424 0.213391 0.599940 0.212871 0.599975 0.211763 0.599006 0.211242 0.599041 0.209024 0.597103 0.208708 0.592426 0.211614 0.589097 0.212134 0.589062 0.213104 0.587953 0.213623 0.587918
0 0.516726 0.221866 0.516831 0.223425 0.516346 0.223980 0.516451 0.225539 0.515968 0.226093 0.516038 0.227133 0.515068 0.228242 0.514549 0.228277 0.511641 0.231606 0.511122 0.231641 0.510637 0.232196 0.510117 0.232231 0.509633 0.232786 0.505476 0.233066 0.504921 0.232582 0.501803 0.232792 0.501248 0.232308 0.500210 0.232378 0.499100 0.231409 0.498580 0.231444 0.496361 0.229506 0.496326 0.228986 0.495473 0.225694 0.495579 0.223054 0.498546 0.218513 0.503914 0.217368 0.508382 0.217137 0.512323 0.218509 0.512877 0.218994 0.513397 0.218959 0.514507 0.219927 0.515027 0.219892 0.516135 0.220862 0.516170 0.221382
0 0.955406 0.340488 0.955511 0.342047 0.955026 0.342601 0.955236 0.345719 0.954752 0.346274 0.954787 0.346794 0.954302 0.347348 0.954337 0.347868 0.953852 0.348423 0.953888 0.348943 0.953369 0.348978 0.952399 0.350087 0.951880 0.350122 0.951395 0.350677 0.950875 0.350712 0.950391 0.351267 0.949352 0.351337 0.948867 0.351892 0.946789 0.352032 0.946304 0.352587 0.945749 0.352102 0.944709 0.352173 0.944156 0.351688 0.943116 0.351758 0.942561 0.351274 0.942041 0.351309 0.940931 0.350340 0.940896 0.349820 0.939787 0.348851 0.939752 0.348331 0.939197 0.347847 0.939162 0.347327 0.938608 0.346843 0.938502 0.345284 0.938987 0.344729 0.938952 0.344209 0.939436 0.343654 0.939401 0.343135 0.939886 0.342580 0.939851 0.342060 0.941304 0.340396 0.941824 0.340361 0.942308 0.339806 0.942829 0.339771 0.943313 0.339216 0.943832 0.339181 0.944317 0.338627 0.948474 0.338346 0.949029 0.338830 0.952667 0.338585 0.953221 0.339069 0.953741 0.339034
0 0.088261 0.254462 0.088815 0.254947 0.090894 0.254807 0.091449 0.255292 0.092488 0.255221 0.093043 0.255705 0.094082 0.255635 0.094638 0.256120 0.095156 0.256085 0.095711 0.256569 0.096231 0.256534 0.096786 0.257019 0.096821 0.257538 0.097931 0.258507 0.097966 0.259027 0.098521 0.259512 0.098591 0.260551 0.098106 0.261106 0.098212 0.262665 0.097727 0.263219 0.097797 0.264259 0.096343 0.265923 0.095823 0.265958 0.095340 0.266513 0.094819 0.266548 0.094335 0.267103 0.093295 0.267173 0.092812 0.267728 0.091772 0.267798 0.091287 0.268353 0.088169 0.268563 0.087614 0.268079 0.086576 0.268149 0.086021 0.267664 0.085501 0.267699 0.084946 0.267215 0.084426 0.267250 0.082207 0.265312 0.081997 0.262194 0.081442 0.261709 0.081407 0.261190 0.081891 0.260635 0.081856 0.260115 0.082825 0.259006 0.082790 0.258486 0.084729 0.256267 0.085249 0.256232 0.085733 0.255678 0.086252 0.255643 0.086737 0.255087 0.087776 0.255017
0 0.026354 0.729038 0.028018 0.730492 0.028053 0.731011 0.029163 0.731980 0.029198 0.732500 0.030307 0.733469 0.030693 0.739185 0.030210 0.739740 0.026026 0.744078 0.021195 0.746383 0.014451 0.746025 0.013328 0.729396 0.023201 0.728729 0.023685 0.728174 0.024205 0.728139 0.024760 0.728623 0.025280 0.728588 0.025834 0.729073
0 0.929584 0.684677 0.930139 0.685161 0.931179 0.685091 0.931734 0.685576 0.932254 0.685541 0.932807 0.686026 0.933327 0.685990 0.933882 0.686475 0.934402 0.686440 0.934957 0.686924 0.935476 0.686889 0.936030 0.687374 0.936551 0.687339 0.937105 0.687823 0.937625 0.687788 0.940953 0.690695 0.940989 0.691216 0.941544 0.691700 0.941614 0.692739 0.942169 0.693223 0.942344 0.695822 0.941375 0.696931 0.941410 0.697451 0.940925 0.698006 0.940960 0.698525 0.939506 0.700190 0.938988 0.700225 0.938503 0.700779 0.937983 0.700815 0.937498 0.701369 0.935940 0.701474 0.935455 0.702029 0.933377 0.702170 0.932892 0.702724 0.930813 0.702865 0.930329 0.703420 0.929809 0.703455 0.929254 0.702970 0.927695 0.703076 0.927140 0.702591 0.926101 0.702661 0.925547 0.702177 0.924507 0.702247 0.923952 0.701762 0.922913 0.701832 0.920694 0.699894 0.920659 0.699375 0.920105 0.698890 0.920070 0.698370 0.919514 0.697886 0.919479 0.697366 0.918925 0.696882 0.918819 0.695323 0.919304 0.694768 0.919199 0.693209 0.919684 0.692655 0.919613 0.691615 0.920097 0.691060 0.920062 0.690541 0.921031 0.689431 0.920996 0.688911 0.921516 0.688876 0.922000 0.688322 0.922521 0.688286 0.923489 0.687177 0.924009 0.687142 0.924493 0.686587 0.925013 0.686552 0.925498 0.685997 0.926017 0.685962 0.926501 0.685407 0.927541 0.685337 0.928026 0.684782
0 0.551011 0.443497 0.552949 0.441278 0.553469 0.441243 0.553954 0.440688 0.554993 0.440618 0.555477 0.440063 0.557036 0.439958 0.557521 0.439403 0.559079 0.439298 0.559564 0.438743 0.560604 0.438673 0.561089 0.438118 0.562647 0.438013 0.563202 0.438497 0.563722 0.438462 0.564277 0.438947 0.564795 0.438912 0.565350 0.439396 0.565870 0.439361 0.566980 0.440330 0.567500 0.440295 0.568054 0.440780 0.568573 0.440744 0.569129 0.441229 0.569648 0.441194 0.570203 0.441678 0.570723 0.441643 0.571832 0.442613 0.571867 0.443132 0.572422 0.443617 0.572492 0.444656 0.573047 0.445141 0.573082 0.445660 0.573637 0.446145 0.573812 0.448743 0.573328 0.449298 0.573433 0.450857 0.571496 0.453076 0.569416 0.453216 0.568931 0.453771 0.564775 0.454052 0.564290 0.454606 0.562732 0.454712 0.562177 0.454227 0.559579 0.454403 0.559024 0.453918 0.556944 0.454059 0.556390 0.453574 0.555351 0.453644 0.554796 0.453160 0.554276 0.453195 0.553166 0.452226 0.553131 0.451706 0.552577 0.451221 0.552542 0.450702 0.551987 0.450217 0.551952 0.449698 0.551397 0.449213 0.551362 0.448693 0.550807 0.448209 0.550737 0.447169 0.551222 0.446615
0 0.477796 0.472455 0.477867 0.473495 0.478421 0.473979 0.478492 0.475018 0.479047 0.475503 0.478562 0.476057 0.478597 0.476577 0.475205 0.480461 0.474165 0.480531 0.473681 0.481086 0.472642 0.481156 0.472157 0.481711 0.471118 0.481781 0.470633 0.482336 0.467516 0.482546 0.466961 0.482062 0.462804 0.482342 0.462249 0.481858 0.461210 0.481928 0.460655 0.481443 0.460135 0.481479 0.460065 0.480439 0.459510 0.479955 0.459475 0.479435 0.458920 0.478951 0.458850 0.477911 0.458295 0.477426 0.458225 0.476388 0.458710 0.475833 0.458675 0.475313 0.459159 0.474758 0.459089 0.473719 0.459574 0.473164 0.459538 0.472645 0.461477 0.470426 0.462516 0.470355 0.463001 0.469801 0.464039 0.469731 0.464524 0.469176 0.465564 0.469106 0.466049 0.468551 0.467087 0.468481 0.467572 0.467926 0.469650 0.467785 0.470205 0.468270 0.470725 0.468235 0.471280 0.468719 0.471799 0.468684 0.472355 0.469169 0.473393 0.469099 0.474503 0.470068 0.475023 0.470033 0.475578 0.470517 0.476098 0.470482 0.477207 0.471451 0.477242 0.471971
0 0.065554 0.436093 0.066039 0.435538 0.065969 0.434499 0.066454 0.433944 0.066419 0.433424 0.066902 0.432870 0.066867 0.432350 0.068321 0.430686 0.069360 0.430616 0.069845 0.430061 0.070884 0.429991 0.071369 0.429436 0.072927 0.429331 0.073412 0.428776 0.075490 0.428636 0.075975 0.428081 0.077534 0.427976 0.078090 0.428460 0.082246 0.428179 0.082801 0.428664 0.084361 0.428559 0.084914 0.429043 0.085434 0.429008 0.085989 0.429493 0.086509 0.429458 0.088174 0.430911 0.088209 0.431431 0.088762 0.431915 0.088798 0.432435 0.089353 0.432920 0.089388 0.433439 0.089943 0.433924 0.090294 0.439120 0.089324 0.440230 0.088806 0.440265 0.088321 0.440820 0.087801 0.440855 0.087316 0.441409 0.086797 0.441445 0.086312 0.441999 0.085273 0.442069 0.084788 0.442624 0.080631 0.442905 0.080146 0.443460 0.076508 0.443706 0.075955 0.443221 0.074915 0.443291 0.074360 0.442807 0.073321 0.442877 0.072767 0.442392 0.071727 0.442463 0.071172 0.441978 0.070652 0.442013 0.070097 0.441529 0.069578 0.441564 0.069023 0.441079 0.068504 0.441114 0.067949 0.440630 0.067914 0.440110 0.067358 0.439625 0.067323 0.439106 0.066770 0.438621 0.066735 0.438102 0.066180 0.437617 0.066145 0.437097 0.065589 0.436613
0 0.730109 0.382329 0.730593 0.381774 0.731113 0.381739 0.732082 0.380630 0.732602 0.380595 0.733087 0.380040 0.733605 0.380005 0.734160 0.380489 0.736758 0.380314 0.737313 0.380799 0.738873 0.380694 0.739427 0.381178 0.740986 0.381072 0.741541 0.381557 0.742061 0.381522 0.743725 0.382976 0.743760 0.383495 0.744315 0.383980 0.744350 0.384499 0.745460 0.385468 0.745635 0.388067 0.745150 0.388621 0.745291 0.390700 0.744806 0.391255 0.744286 0.391290 0.743317 0.392399 0.742798 0.392434 0.742313 0.392989 0.741274 0.393059 0.740789 0.393614 0.738711 0.393755 0.738226 0.394309 0.733030 0.394660 0.732475 0.394176 0.731955 0.394211 0.729736 0.392273 0.729701 0.391753 0.729146 0.391269 0.728866 0.387111 0.729350 0.386557 0.729245 0.384998 0.729730 0.384443 0.729660 0.383404 0.730144 0.382849
0 0.600386 0.726229 0.600421 0.726748 0.600976 0.727233 0.601292 0.731910 0.600324 0.733019 0.600359 0.733539 0.598420 0.735757 0.597900 0.735793 0.597416 0.736348 0.593259 0.736629 0.592774 0.737183 0.590176 0.737359 0.589621 0.736874 0.589101 0.736909 0.588546 0.736424 0.588511 0.735905 0.587403 0.734936 0.587368 0.734416 0.586812 0.733932 0.586777 0.733412 0.585668 0.732443 0.585422 0.728806 0.584867 0.728321 0.586806 0.726102 0.587325 0.726067 0.588294 0.724957 0.588814 0.724922 0.589298 0.724368 0.596054 0.723911 0.596609 0.724396 0.597648 0.724326 0.598203 0.724810 0.598722 0.724775
0 0.544811 0.444438 0.545365 0.444922 0.545885 0.444887 0.547549 0.446341 0.547584 0.446860 0.548139 0.447345 0.548174 0.447865 0.548729 0.448349 0.548834 0.449909 0.549389 0.450393 0.549460 0.451432 0.550014 0.451917 0.550190 0.454515 0.549705 0.455069 0.549740 0.455589 0.549255 0.456144 0.549291 0.456664 0.548806 0.457218 0.548286 0.457253 0.547801 0.457808 0.547283 0.457843 0.546798 0.458398 0.545758 0.458468 0.545274 0.459023 0.543715 0.459128 0.543230 0.459683 0.541151 0.459824 0.540668 0.460378 0.539628 0.460448 0.539073 0.459964 0.538033 0.460034 0.537479 0.459549 0.536440 0.459620 0.535885 0.459135 0.535365 0.459170 0.534810 0.458686 0.533771 0.458756 0.533216 0.458271 0.533181 0.457752 0.532071 0.456783 0.532036 0.456263 0.531483 0.455778 0.531447 0.455259 0.530893 0.454774 0.530542 0.449578 0.531026 0.449023 0.530956 0.447984 0.533379 0.445210 0.534417 0.445140 0.534902 0.444585 0.536980 0.444445 0.537465 0.443889 0.540063 0.443714 0.540618 0.444199 0.542697 0.444058 0.543252 0.444543
0 0.973709 0.510996 0.976483 0.513419 0.976518 0.513938 0.977072 0.514423 0.977107 0.514943 0.977662 0.515427 0.977697 0.515947 0.978252 0.516431 0.978287 0.516951 0.978842 0.517435 0.978982 0.519515 0.978498 0.520069 0.978533 0.520589 0.978048 0.521143 0.978118 0.522183 0.977150 0.523292 0.976630 0.523327 0.976145 0.523882 0.975626 0.523917 0.975141 0.524472 0.974102 0.524542 0.973617 0.525097 0.965303 0.525658 0.962529 0.523236 0.962213 0.518559 0.962698 0.518004 0.962487 0.514886 0.963941 0.513222 0.964461 0.513187 0.964944 0.512632 0.966504 0.512527 0.966989 0.511972 0.969067 0.511832 0.969552 0.511277 0.971630 0.511136 0.972115 0.510582 0.972634 0.510547 0.973190 0.511031
0 0.830844 0.289391 0.830880 0.289911 0.831435 0.290395 0.831505 0.291435 0.832060 0.291919 0.832305 0.295557 0.831821 0.296112 0.831856 0.296631 0.831371 0.297186 0.831406 0.297706 0.830921 0.298260 0.830403 0.298295 0.829918 0.298850 0.829398 0.298885 0.828914 0.299440 0.828393 0.299475 0.827910 0.300030 0.825831 0.300170 0.825346 0.300725 0.821709 0.300971 0.821154 0.300486 0.820115 0.300557 0.819560 0.300072 0.819040 0.300107 0.817931 0.299138 0.817411 0.299173 0.815192 0.297235 0.815157 0.296715 0.814603 0.296231 0.814568 0.295711 0.815051 0.295156 0.814981 0.294117 0.815466 0.293562 0.815395 0.292523 0.816850 0.290859 0.817370 0.290824 0.817854 0.290269 0.818373 0.290234 0.819342 0.289124 0.820382 0.289054 0.820867 0.288499 0.821385 0.288464 0.821870 0.287909 0.824988 0.287699 0.825543 0.288183 0.827103 0.288078 0.827656 0.288563 0.828696 0.288492 0.829251 0.288977 0.830289 0.288907
0 0.994134 0.651084 0.994239 0.652642 0.994794 0.653127 0.995075 0.657284 0.994590 0.657839 0.994660 0.658879 0.994176 0.659434 0.994211 0.659953 0.993241 0.661062 0.992723 0.661098 0.992238 0.661652 0.991718 0.661687 0.991234 0.662242 0.981880 0.662874 0.981325 0.662389 0.980286 0.662460 0.979731 0.661975 0.979211 0.662010 0.978657 0.661526 0.978136 0.661561 0.977582 0.661076 0.977511 0.660037 0.976958 0.659552 0.976853 0.657993 0.976297 0.657509 0.976227 0.656470 0.976712 0.655915 0.976677 0.655395 0.977161 0.654840 0.977125 0.654321 0.977610 0.653765 0.977540 0.652727 0.978509 0.651617 0.979029 0.651582 0.979514 0.651027 0.980034 0.650992 0.981002 0.649883 0.981522 0.649848 0.982007 0.649293 0.990321 0.648731 0.990876 0.649216 0.991395 0.649181 0.993614 0.651119
0 0.552714 0.213693 0.552855 0.215772 0.552371 0.216326 0.552477 0.217885 0.551992 0.218440 0.552097 0.219999 0.550643 0.221663 0.550123 0.221698 0.549640 0.222253 0.549119 0.222288 0.548635 0.222843 0.548115 0.222878 0.547630 0.223433 0.546592 0.223503 0.546037 0.223018 0.539281 0.223475 0.538726 0.222990 0.538206 0.223025 0.537098 0.222056 0.536578 0.222091 0.535468 0.221122 0.535363 0.219563 0.534808 0.219079 0.534702 0.217520 0.534149 0.217035 0.534008 0.214956
0 0.461202 0.512728 0.461237 0.513247 0.461792 0.513732 0.462038 0.517370 0.459130 0.520698 0.458611 0.520733 0.457641 0.521843 0.457122 0.521878 0.456637 0.522432 0.453000 0.522678 0.452515 0.523233 0.449917 0.523408 0.449432 0.523963 0.448394 0.524033 0.444510 0.520641 0.444475 0.520122 0.443365 0.519153 0.443155 0.516035 0.443639 0.515480 0.443534 0.513921 0.444987 0.512257 0.444952 0.511737 0.445472 0.511702 0.446926 0.510038 0.447446 0.510003 0.447929 0.509448 0.455725 0.508922 0.456834 0.509891 0.457353 0.509856 0.459018 0.511309 0.459538 0.511274
0 0.940599 0.484521 0.940950 0.489718 0.939981 0.490827 0.940016 0.491347 0.939047 0.492456 0.939082 0.492976 0.936660 0.495750 0.936140 0.495785 0.935655 0.496340 0.935136 0.496375 0.934652 0.496930 0.934132 0.496965 0.933647 0.497519 0.932607 0.497590 0.932124 0.498144 0.931569 0.497660 0.928971 0.497835 0.928416 0.497351 0.924258 0.497632 0.923703 0.497147 0.922664 0.497217 0.922110 0.496733 0.921590 0.496768 0.921035 0.496283 0.920515 0.496318 0.918296 0.494380 0.918261 0.493861 0.916596 0.492407 0.916561 0.491887 0.915453 0.490918 0.915137 0.486241 0.915622 0.485687 0.915587 0.485167 0.916070 0.484612 0.916035 0.484093 0.917489 0.482428 0.917454 0.481909 0.917974 0.481874 0.918459 0.481319 0.918977 0.481284 0.919462 0.480729 0.919982 0.480694 0.920467 0.480139 0.920987 0.480104 0.921470 0.479549 0.922510 0.479479 0.922995 0.478924 0.930790 0.478398 0.931343 0.478882 0.932383 0.478812 0.932938 0.479297 0.933458 0.479262 0.934013 0.479746 0.934532 0.479711 0.935087 0.480196 0.935607 0.480161
0 0.320656 0.248161 0.321625 0.247051 0.322145 0.247016 0.324083 0.244797 0.324603 0.244762 0.325087 0.244207 0.325607 0.244172 0.326092 0.243617 0.327131 0.243547 0.327686 0.244032 0.328725 0.243962 0.329279 0.244446 0.330319 0.244376 0.330874 0.244861 0.331393 0.244825 0.331949 0.245310 0.332467 0.245275 0.333022 0.245759 0.333542 0.245724 0.336315 0.248147 0.336386 0.249186 0.336941 0.249671 0.336976 0.250191 0.337531 0.250675 0.337601 0.251714 0.338156 0.252199 0.338226 0.253238 0.337741 0.253793 0.337847 0.255352 0.337362 0.255907 0.337397 0.256426 0.336429 0.257536 0.335909 0.257571 0.335424 0.258126 0.334385 0.258196 0.333899 0.258751 0.331821 0.258891 0.331337 0.259446 0.328739 0.259621 0.328254 0.260176 0.327215 0.260246 0.326661 0.259762 0.325621 0.259832 0.325066 0.259347 0.324546 0.259383 0.323991 0.258898 0.323472 0.258933 0.322362 0.257964 0.321843 0.257999 0.321773 0.256960 0.321217 0.256475 0.321182 0.255956 0.320628 0.255471 0.320558 0.254432 0.320004 0.253948 0.319758 0.250310 0.320242 0.249755 0.320207 0.249235 0.320691 0.248680
0 0.969719 0.544675 0.972143 0.541901 0.972663 0.541866 0.973146 0.541311 0.974186 0.541240 0.974670 0.540686 0.975190 0.540651 0.975745 0.541135 0.977304 0.541030 0.977858 0.541515 0.979417 0.541410 0.979972 0.541894 0.981011 0.541824 0.981567 0.542308 0.982085 0.542273 0.982640 0.542758 0.983160 0.542723 0.984270 0.543692 0.984305 0.544212 0.984860 0.544696 0.985176 0.549373 0.984691 0.549928 0.984726 0.550447 0.983272 0.552112 0.982752 0.552147 0.982269 0.552701 0.980189 0.552842 0.979705 0.553397 0.973988 0.553783 0.973435 0.553298 0.972915 0.553333 0.970140 0.550911 0.970105 0.550391 0.969551 0.549906 0.969271 0.545749 0.969754 0.545194
0 0.744274 0.259742 0.747049 0.262164 0.747084 0.262684 0.748193 0.263653 0.748228 0.264173 0.748783 0.264657 0.748959 0.267256 0.748474 0.267810 0.748579 0.269369 0.744702 0.273807 0.744184 0.273842 0.743699 0.274397 0.743179 0.274432 0.742694 0.274986 0.740616 0.275127 0.740131 0.275682 0.735974 0.275963 0.735489 0.276518 0.734450 0.276588 0.728349 0.271258 0.727828 0.271293 0.727274 0.270808 0.726993 0.266651 0.727477 0.266096 0.727442 0.265577 0.731318 0.261139 0.731838 0.261104 0.732323 0.260549 0.733362 0.260479 0.733847 0.259924 0.736965 0.259713 0.737450 0.259159 0.740048 0.258983 0.740531 0.258428 0.741051 0.258393 0.741606 0.258878 0.742126 0.258843 0.742681 0.259327 0.743201 0.259292 0.743755 0.259777
0 0.127527 0.387535 0.128567 0.387465 0.129050 0.386910 0.130090 0.386840 0.130645 0.387325 0.137400 0.386868 0.137955 0.387353 0.137991 0.387873 0.139099 0.388842 0.139134 0.389361 0.139689 0.389846 0.139725 0.390365 0.140279 0.390850 0.140490 0.393968 0.141045 0.394453 0.141115 0.395492 0.140630 0.396047 0.140700 0.397086 0.140216 0.397641 0.140251 0.398160 0.139766 0.398715 0.139801 0.399235 0.138348 0.400899 0.136269 0.401039 0.135785 0.401594 0.132667 0.401805 0.132182 0.402359 0.129585 0.402535 0.129029 0.402050 0.127990 0.402121 0.127435 0.401636 0.126396 0.401706 0.125841 0.401221 0.125322 0.401256 0.125286 0.400737 0.124177 0.399768 0.124141 0.399248 0.123587 0.398764 0.123552 0.398244 0.122998 0.397760 0.122963 0.397240 0.122407 0.396755 0.122892 0.396201 0.122822 0.395161 0.123306 0.394607 0.123271 0.394088 0.123755 0.393532 0.123685 0.392493 0.124170 0.391938 0.124135 0.391419
0 0.925012 0.369686 0.925047 0.370205 0.926712 0.371659 0.926747 0.372179 0.927856 0.373148 0.927891 0.373667 0.928446 0.374152 0.928481 0.374672 0.929036 0.375156 0.929106 0.376195 0.929661 0.376680 0.929731 0.377719 0.930286 0.378204 0.929317 0.379313 0.929352 0.379833 0.928383 0.380943 0.928418 0.381462 0.926479 0.383681 0.925960 0.383716 0.925475 0.384271 0.924955 0.384306 0.924472 0.384861 0.922393 0.385001 0.921907 0.385556 0.915672 0.385977 0.915117 0.385493 0.914078 0.385563 0.912969 0.384594 0.912448 0.384629 0.910785 0.383176 0.910750 0.382656 0.909640 0.381687 0.909605 0.381167 0.907941 0.379713 0.907871 0.378674 0.908356 0.378119 0.908145 0.375001 0.909113 0.373892 0.909633 0.373857 0.912056 0.371083 0.912576 0.371048 0.913545 0.369938 0.914583 0.369868 0.915069 0.369313 0.923383 0.368752 0.924492 0.369721
0 0.189516 0.775406 0.188819 0.778374 0.186825 0.780344 0.183661 0.780766 0.181083 0.780075 0.179418 0.778622 0.179383 0.778101 0.178828 0.777617 0.178723 0.776058 0.179208 0.775504 0.179102 0.773945 0.179587 0.773390 0.179552 0.772870 0.180521 0.771761 0.181569 0.770186 0.183989 0.769564 0.186636 0.769844 0.188664 0.771751
0 0.707842 0.276819 0.707913 0.277858 0.708468 0.278343 0.708538 0.279382 0.709093 0.279867 0.709198 0.281426 0.708714 0.281980 0.708749 0.282500 0.707780 0.283610 0.707815 0.284130 0.706846 0.285239 0.706881 0.285758 0.706361 0.285794 0.705876 0.286348 0.704838 0.286418 0.704353 0.286973 0.695519 0.287570 0.694964 0.287085 0.693925 0.287156 0.693370 0.286671 0.692850 0.286706 0.692815 0.286187 0.692261 0.285702 0.692191 0.284663 0.691636 0.284178 0.691425 0.281060 0.691910 0.280505 0.691840 0.279466 0.692323 0.278911 0.692253 0.277872 0.693222 0.276763 0.693742 0.276727 0.694227 0.276173 0.696305 0.276032 0.696790 0.275478 0.700428 0.275232 0.700911 0.274677 0.702471 0.274572 0.703026 0.275056 0.703546 0.275021 0.704101 0.275506 0.705139 0.275436 0.706249 0.276405 0.706769 0.276370 0.707324 0.276854
0 0.268103 0.413757 0.268658 0.414242 0.269697 0.414172 0.270252 0.414656 0.271291 0.414586 0.271846 0.415070 0.272366 0.415035 0.272920 0.415520 0.273440 0.415485 0.273994 0.415969 0.274514 0.415934 0.276733 0.417872 0.277154 0.424108 0.276670 0.424663 0.276705 0.425183 0.276221 0.425737 0.276256 0.426258 0.274317 0.428476 0.273798 0.428511 0.273314 0.429066 0.272794 0.429101 0.272309 0.429656 0.270750 0.429761 0.270266 0.430316 0.267668 0.430491 0.267113 0.430007 0.266073 0.430077 0.265518 0.429592 0.264479 0.429663 0.263925 0.429178 0.263405 0.429213 0.262850 0.428729 0.261811 0.428799 0.261256 0.428314 0.260737 0.428349 0.259072 0.426896 0.259002 0.425856 0.258447 0.425372 0.258412 0.424852 0.257857 0.424368 0.257752 0.422809 0.258236 0.422254 0.258061 0.419656 0.258545 0.419101 0.258510 0.418581 0.258995 0.418027 0.259515 0.417992 0.260000 0.417437 0.260519 0.417402 0.261003 0.416847 0.261523 0.416812 0.262007 0.416257 0.262528 0.416222 0.263012 0.415667 0.263531 0.415632 0.264500 0.414523 0.265540 0.414452 0.266025 0.413898
0 0.982742 0.381969 0.982882 0.384047 0.981913 0.385157 0.981948 0.385676 0.981463 0.386231 0.980945 0.386266 0.980460 0.386821 0.975783 0.387137 0.975228 0.386653 0.972110 0.386863 0.969891 0.384925 0.969821 0.383886 0.970305 0.383331 0.970270 0.382811 0.970755 0.382256 0.970720 0.381737 0.971204 0.381182 0.971169 0.380663 0.972138 0.379553 0.973178 0.379483 0.973663 0.378928 0.975221 0.378823 0.975706 0.378268 0.977264 0.378163 0.977749 0.377608 0.979828 0.377467 0.981492 0.378921 0.981527 0.379441 0.982082 0.379925 0.982187 0.381484
0 0.354178 0.535735 0.354145 0.538718 0.353241 0.541603 0.349212 0.543624 0.345708 0.543916 0.343077 0.542132 0.341481 0.539416 0.341931 0.536285 0.342415 0.535730 0.342310 0.534172 0.343279 0.533062 0.345620 0.532155 0.348009 0.531523 0.351559 0.531981
0 0.341850 0.507784 0.341816 0.510768 0.340913 0.513653 0.336884 0.515673 0.333380 0.515966 0.330749 0.514182 0.329153 0.511466 0.329603 0.508335 0.330087 0.507781 0.329981 0.506222 0.330950 0.505112 0.333291 0.504205 0.335681 0.503573 0.339231 0.504031
0 0.349436 0.518954 0.349402 0.521937 0.348498 0.524822 0.344470 0.526843 0.340966 0.527135 0.338334 0.525352 0.336739 0.522635 0.337189 0.519504 0.337672 0.518950 0.337567 0.517391 0.338537 0.516281 0.340877 0.515374 0.343267 0.514742 0.346816 0.515200
0 0.237154 0.502045 0.237005 0.505704 0.236271 0.510116 0.232881 0.512690 0.232396 0.513245 0.230837 0.513350 0.230282 0.512866 0.228204 0.513006 0.227649 0.512522 0.226610 0.512592 0.226055 0.512107 0.225016 0.512178 0.224461 0.511693 0.223941 0.511728 0.221723 0.509790 0.221687 0.509270 0.221132 0.508786 0.220781 0.503590 0.221266 0.503035 0.221196 0.501995 0.221681 0.501440 0.221610 0.500401 0.222095 0.499846 0.222060 0.499327 0.223028 0.498217 0.223548 0.498182 0.224033 0.497627 0.225072 0.497557 0.225557 0.497002 0.227116 0.496897 0.231099 0.496980 0.234776 0.498556
0 0.262297 0.469177 0.262264 0.472160 0.261360 0.475045 0.257331 0.477066 0.253827 0.477359 0.251196 0.475575 0.249601 0.472859 0.250050 0.469728 0.250534 0.469174 0.250429 0.467615 0.251398 0.466505 0.253739 0.465597 0.256128 0.464966 0.259678 0.465423
0 0.313182 0.525796 0.313033 0.529456 0.312299 0.533868 0.308909 0.536442 0.308425 0.536997 0.306865 0.537102 0.306310 0.536618 0.304232 0.536758 0.303677 0.536274 0.302638 0.536344 0.302084 0.535859 0.301044 0.535930 0.300489 0.535445 0.299969 0.535480 0.297750 0.533542 0.297715 0.533022 0.297160 0.532538 0.296809 0.527341 0.297294 0.526787 0.297224 0.525747 0.297708 0.525192 0.297638 0.524153 0.298123 0.523598 0.298088 0.523079 0.299056 0.521969 0.299576 0.521934 0.300061 0.521379 0.301101 0.521309 0.301585 0.520754 0.303144 0.520649 0.307127 0.520732 0.310804 0.522308
0 0.227223 0.487027 0.226860 0.490939 0.223796 0.494283 0.218819 0.495369 0.215446 0.494326 0.213227 0.492388 0.211492 0.489895 0.211316 0.487296 0.211696 0.485183 0.213277 0.482013 0.217607 0.480216 0.221015 0.479610 0.223403 0.480737 0.226137 0.483025
0 0.207311 0.478171 0.206948 0.482083 0.203884 0.485427 0.198907 0.486514 0.195533 0.485470 0.193315 0.483532 0.191580 0.481039 0.191404 0.478441 0.191784 0.476327 0.193365 0.473157 0.197695 0.471360 0.201103 0.470754 0.203491 0.471882 0.206225 0.474169
0 0.274890 0.566288 0.274856 0.569271 0.273953 0.572156 0.269924 0.574177 0.266420 0.574469 0.263789 0.572686 0.262193 0.569970 0.262643 0.566838 0.263127 0.566284 0.263021 0.564725 0.263991 0.563615 0.266332 0.562708 0.268721 0.562076 0.272271 0.562534
0 0.257877 0.615086 0.257843 0.618069 0.256939 0.620954 0.252911 0.622975 0.249406 0.623267 0.246775 0.621484 0.245179 0.618768 0.245629 0.615636 0.246113 0.615082 0.246008 0.613523 0.246977 0.612413 0.249318 0.611506 0.251707 0.610875 0.255257 0.611332
0 0.232052 0.552220 0.232019 0.555203 0.231115 0.558089 0.227086 0.560109 0.223583 0.560401 0.220951 0.558618 0.219356 0.555902 0.219805 0.552771 0.220289 0.552216 0.220184 0.550657 0.221153 0.549548 0.223494 0.548641 0.225884 0.548008 0.229433 0.548467
0 0.175648 0.600963 0.175614 0.603946 0.174710 0.606832 0.170682 0.608852 0.167178 0.609145 0.164547 0.607361 0.162951 0.604645 0.163401 0.601513 0.163884 0.600959 0.163779 0.599400 0.164749 0.598291 0.167090 0.597384 0.169479 0.596751 0.173028 0.597210
0 0.158275 0.594714 0.157912 0.598626 0.154848 0.601971 0.149871 0.603056 0.146498 0.602013 0.144279 0.600074 0.142545 0.597582 0.142369 0.594984 0.142748 0.592870 0.144329 0.589700 0.148660 0.587903 0.152067 0.587296 0.154455 0.588425 0.157189 0.590712
0 0.149531 0.541981 0.149497 0.544964 0.148594 0.547849 0.144565 0.549870 0.141035 0.549521 0.138742 0.547332 0.138135 0.544235 0.138844 0.540611 0.141638 0.539032 0.144767 0.538304 0.147637 0.539619
0 0.111309 0.577817 0.111275 0.580800 0.110371 0.583685 0.106343 0.585706 0.102839 0.585998 0.100208 0.584215 0.098612 0.581498 0.099062 0.578367 0.099545 0.577813 0.099440 0.576254 0.100410 0.575145 0.102751 0.574237 0.105140 0.573605 0.108689 0.574063
0 0.116233 0.596163 0.116199 0.599146 0.115296 0.602031 0.111267 0.604052 0.107763 0.604345 0.105132 0.602561 0.103536 0.599845 0.103986 0.596714 0.104470 0.596159 0.104364 0.594600 0.105333 0.593490 0.107674 0.592583 0.110064 0.591951 0.113614 0.592409
0 0.098762 0.595707 0.098612 0.599366 0.097879 0.603779 0.094489 0.606353 0.094004 0.606907 0.092445 0.607013 0.091890 0.606528 0.089812 0.606669 0.089257 0.606184 0.088218 0.606254 0.087663 0.605770 0.086624 0.605840 0.086069 0.605355 0.085549 0.605390 0.083330 0.603452 0.083295 0.602933 0.082740 0.602448 0.082389 0.597252 0.082874 0.596697 0.082804 0.595657 0.083288 0.595103 0.083218 0.594063 0.083703 0.593509 0.083668 0.592989 0.084636 0.591880 0.085156 0.591844 0.085641 0.591289 0.086680 0.591219 0.087165 0.590664 0.088723 0.590559 0.092707 0.590642 0.096384 0.592218
0 0.167317 0.523388 0.167283 0.526372 0.166380 0.529257 0.162351 0.531277 0.158821 0.530928 0.156528 0.528739 0.155921 0.525642 0.156630 0.522018 0.159424 0.520439 0.162554 0.519711 0.165424 0.521027
0 0.110338 0.527175 0.111677 0.523861 0.112646 0.522751 0.113166 0.522716 0.114134 0.521607 0.114654 0.521572 0.115139 0.521017 0.115659 0.520982 0.116627 0.519872 0.122863 0.519451 0.123418 0.519936 0.125496 0.519795 0.126051 0.520280 0.126571 0.520245 0.127681 0.521214 0.128200 0.521179 0.129309 0.522148 0.129829 0.522113 0.130856 0.523694 0.131661 0.525283 0.132689 0.527720 0.133182 0.530152 0.132414 0.533984 0.131150 0.536575 0.129173 0.539544 0.125705 0.541134 0.122734 0.542157 0.120224 0.542121 0.117027 0.541638 0.113079 0.539152 0.110873 0.536302 0.110230 0.533355 0.109703 0.530547
0 0.041370 0.520854 0.042708 0.517540 0.043677 0.516430 0.044197 0.516395 0.045165 0.515285 0.045685 0.515250 0.046170 0.514695 0.046690 0.514660 0.047658 0.513551 0.053894 0.513130 0.054449 0.513614 0.056527 0.513474 0.057082 0.513958 0.057602 0.513923 0.058712 0.514892 0.059232 0.514857 0.060341 0.515826 0.060860 0.515791 0.061886 0.517373 0.062693 0.518962 0.063720 0.521399 0.064213 0.523830 0.063445 0.527663 0.062181 0.530254 0.060204 0.533223 0.056736 0.534813 0.053764 0.535835 0.051255 0.535799 0.048058 0.535317 0.044110 0.532831 0.041904 0.529980 0.041261 0.527034 0.040734 0.524225
0 0.045362 0.628053 0.045328 0.631037 0.044424 0.633922 0.040396 0.635942 0.036891 0.636235 0.034260 0.634451 0.032664 0.631735 0.033114 0.628604 0.033598 0.628049 0.033493 0.626491 0.034462 0.625381 0.036803 0.624474 0.039192 0.623842 0.042742 0.624300
0 0.065598 0.636181 0.065564 0.639164 0.064661 0.642049 0.060632 0.644070 0.057128 0.644362 0.054497 0.642579 0.052901 0.639862 0.053351 0.636731 0.053835 0.636177 0.053729 0.634618 0.054699 0.633509 0.057040 0.632601 0.059429 0.631969 0.062979 0.632427
0 0.084991 0.625050 0.084841 0.628709 0.084108 0.633121 0.080718 0.635695 0.080233 0.636250 0.078674 0.636355 0.078119 0.635871 0.076041 0.636011 0.075486 0.635527 0.074447 0.635597 0.073892 0.635112 0.072853 0.635183 0.072298 0.634698 0.071778 0.634733 0.069559 0.632795 0.069524 0.632275 0.068969 0.631791 0.068618 0.626595 0.069103 0.626040 0.069033 0.625000 0.069518 0.624445 0.069448 0.623406 0.069932 0.622851 0.069897 0.622332 0.070866 0.621222 0.071385 0.621187 0.071870 0.620632 0.072910 0.620562 0.073394 0.620007 0.074952 0.619902 0.078936 0.619985 0.082613 0.621561
0 0.034910 0.661791 0.034876 0.664774 0.033973 0.667660 0.029944 0.669680 0.026440 0.669972 0.023809 0.668189 0.022213 0.665473 0.022663 0.662341 0.023147 0.661787 0.023041 0.660228 0.024011 0.659119 0.026352 0.658212 0.028741 0.657579 0.032291 0.658037
0 0.078075 0.693691 0.078041 0.696674 0.077138 0.699559 0.073109 0.701580 0.069605 0.701872 0.066974 0.700089 0.065379 0.697373 0.065828 0.694242 0.066312 0.693688 0.066207 0.692128 0.067176 0.691019 0.069517 0.690112 0.071907 0.689480 0.075456 0.689937
0 0.051187 0.701218 0.051153 0.704201 0.050250 0.707087 0.046221 0.709108 0.042717 0.709400 0.040086 0.707617 0.038490 0.704900 0.038940 0.701769 0.039424 0.701215 0.039318 0.699655 0.040288 0.698546 0.042629 0.697639 0.045018 0.697007 0.048568 0.697465
0 0.099320 0.704096 0.099286 0.707080 0.098382 0.709965 0.094354 0.711985 0.090850 0.712278 0.088219 0.710494 0.086623 0.707778 0.087073 0.704647 0.087557 0.704093 0.087451 0.702534 0.088421 0.701424 0.090762 0.700517 0.093151 0.699885 0.096700 0.700343
0 0.024131 0.765676 0.025240 0.766645 0.025416 0.769243 0.024552 0.771912 0.023583 0.773021 0.021574 0.774201 0.017890 0.773237 0.016016 0.769199 0.017375 0.766132 0.018864 0.764988 0.021982 0.764777
0 0.064612 0.714853 0.064647 0.715372 0.065201 0.715856 0.065517 0.720533 0.065033 0.721088 0.065068 0.721608 0.064098 0.722717 0.063579 0.722752 0.062610 0.723862 0.062090 0.723897 0.061606 0.724452 0.057968 0.724698 0.054591 0.722734 0.053989 0.717969 0.054668 0.714480 0.057329 0.712857 0.060834 0.713020 0.061388 0.713504 0.062428 0.713434 0.063537 0.714403 0.064057 0.714368
0 0.203455 0.688187 0.203560 0.689746 0.204115 0.690231 0.204325 0.693349 0.203841 0.693903 0.203911 0.694942 0.203426 0.695497 0.203461 0.696017 0.202976 0.696572 0.203047 0.697611 0.202077 0.698721 0.201558 0.698756 0.201074 0.699310 0.200554 0.699345 0.200069 0.699900 0.196829 0.701154 0.193584 0.701274 0.192309 0.700946 0.189153 0.699372 0.187450 0.696385 0.185949 0.692684 0.186072 0.689324 0.188492 0.686411 0.191706 0.684283 0.195151 0.682997 0.199536 0.684276 0.202309 0.686698 0.202345 0.687218
0 0.178077 0.671819 0.178182 0.673378 0.178737 0.673863 0.178947 0.676981 0.178463 0.677536 0.178533 0.678575 0.178048 0.679129 0.178083 0.679649 0.177598 0.680204 0.177669 0.681244 0.176699 0.682353 0.176180 0.682388 0.175696 0.682943 0.175176 0.682978 0.174691 0.683533 0.171451 0.684787 0.168206 0.684906 0.166931 0.684579 0.163775 0.683004 0.162072 0.680017 0.161711 0.676478 0.162128 0.673827 0.163712 0.669904 0.166328 0.667915 0.169773 0.666630 0.174158 0.667908 0.176931 0.670331 0.176967 0.670851
0 0.198032 0.664007 0.198138 0.665566 0.198692 0.666051 0.198903 0.669169 0.198419 0.669724 0.198489 0.670763 0.198004 0.671318 0.198039 0.671837 0.197554 0.672392 0.197624 0.673431 0.196655 0.674541 0.196136 0.674576 0.195652 0.675131 0.195132 0.675166 0.194647 0.675721 0.191406 0.676975 0.188162 0.677094 0.186887 0.676767 0.183731 0.675192 0.182028 0.672205 0.180527 0.668505 0.180650 0.665144 0.183069 0.662232 0.186283 0.660103 0.189728 0.658818 0.194114 0.660096 0.196887 0.662519 0.196922 0.663039
0 0.205933 0.769052 0.205237 0.772020 0.203242 0.773989 0.200078 0.774412 0.197500 0.773721 0.195836 0.772267 0.195801 0.771748 0.195246 0.771263 0.195141 0.769704 0.195625 0.769149 0.195520 0.767590 0.196005 0.767036 0.195970 0.766516 0.196939 0.765407 0.197987 0.763832 0.200406 0.763210 0.203054 0.763489 0.205081 0.765397
0 0.121291 0.740357 0.121326 0.740876 0.121881 0.741360 0.122197 0.746038 0.121712 0.746593 0.121747 0.747112 0.120778 0.748221 0.120258 0.748256 0.119289 0.749366 0.118770 0.749401 0.118285 0.749956 0.114647 0.750201 0.111270 0.748238 0.110668 0.743472 0.111347 0.739984 0.114008 0.738361 0.117513 0.738524 0.118068 0.739008 0.119107 0.738938 0.120216 0.739907 0.120736 0.739872
0 0.246709 0.778568 0.246744 0.779087 0.247300 0.779572 0.247616 0.784249 0.247130 0.784803 0.247166 0.785324 0.246196 0.786433 0.245676 0.786468 0.244708 0.787577 0.244188 0.787612 0.243704 0.788167 0.240066 0.788413 0.236689 0.786449 0.236087 0.781684 0.236766 0.778195 0.239426 0.776572 0.242931 0.776735 0.243486 0.777219 0.244526 0.777149 0.245635 0.778118 0.246154 0.778083
0 0.309013 0.749657 0.309048 0.750176 0.309603 0.750661 0.309919 0.755338 0.309434 0.755892 0.309469 0.756412 0.308500 0.757522 0.307980 0.757557 0.307011 0.758666 0.306492 0.758701 0.306007 0.759256 0.302369 0.759502 0.298993 0.757538 0.298390 0.752773 0.299069 0.749284 0.301730 0.747661 0.305235 0.747824 0.305790 0.748308 0.306829 0.748238 0.307938 0.749207 0.308458 0.749172
0 0.269869 0.774158 0.269904 0.774677 0.270459 0.775161 0.270775 0.779839 0.270291 0.780393 0.270326 0.780913 0.269356 0.782022 0.268836 0.782057 0.267868 0.783167 0.267348 0.783202 0.266864 0.783757 0.263226 0.784003 0.259849 0.782039 0.259247 0.777274 0.259926 0.773785 0.262587 0.772162 0.266091 0.772325 0.266646 0.772809 0.267686 0.772739 0.268794 0.773708 0.269315 0.773673
0 0.256275 0.677572 0.256381 0.679131 0.256935 0.679616 0.257146 0.682734 0.256662 0.683289 0.256732 0.684327 0.256247 0.684883 0.256282 0.685402 0.255797 0.685957 0.255867 0.686996 0.254898 0.688106 0.254379 0.688141 0.253895 0.688696 0.253375 0.688731 0.252890 0.689286 0.249650 0.690540 0.246405 0.690659 0.245130 0.690332 0.241974 0.688757 0.240271 0.685770 0.238770 0.682069 0.238893 0.678709 0.241312 0.675797 0.244527 0.673668 0.247971 0.672383 0.252357 0.673661 0.255130 0.676084 0.255165 0.676603
0 0.203159 0.639979 0.202618 0.643042 0.201094 0.643667 0.198496 0.643842 0.197095 0.642332 0.197086 0.639576 0.197826 0.637971 0.199581 0.637782 0.201683 0.638028
0 0.255140 0.652878 0.254599 0.655941 0.253075 0.656566 0.250477 0.656741 0.249077 0.655231 0.249067 0.652475 0.249807 0.650869 0.251562 0.650680 0.253665 0.650927
0 0.245833 0.666379 0.245292 0.669442 0.243768 0.670067 0.241170 0.670242 0.239769 0.668732 0.239760 0.665976 0.240500 0.664371 0.242255 0.664182 0.244357 0.664429
0 0.283170 0.638183 0.282630 0.641247 0.281106 0.641871 0.278508 0.642047 0.277107 0.640537 0.277098 0.637781 0.277838 0.636175 0.279592 0.635986 0.281695 0.636233
0 0.309330 0.683486 0.308789 0.686550 0.307265 0.687174 0.304667 0.687350 0.303267 0.685840 0.303257 0.683084 0.303997 0.681478 0.305752 0.681289 0.307854 0.681536
0 0.297850 0.753222 0.297309 0.756285 0.295786 0.756910 0.293187 0.757085 0.291787 0.755575 0.291777 0.752819 0.292517 0.751213 0.294273 0.751024 0.296375 0.751271
0 0.343036 0.717696 0.343002 0.720679 0.342099 0.723564 0.338070 0.725585 0.334566 0.725877 0.331935 0.724094 0.330339 0.721378 0.330789 0.718246 0.331273 0.717692 0.331167 0.716133 0.332137 0.715024 0.334478 0.714116 0.336867 0.713484 0.340417 0.713942
0 0.320890 0.706352 0.320995 0.707911 0.321550 0.708395 0.321761 0.711514 0.321276 0.712069 0.321346 0.713107 0.320861 0.713662 0.320896 0.714182 0.320412 0.714737 0.320482 0.715776 0.319512 0.716886 0.318994 0.716921 0.318509 0.717476 0.317989 0.717511 0.317505 0.718066 0.314265 0.719320 0.311020 0.719439 0.309744 0.719112 0.306588 0.717537 0.304885 0.714550 0.303385 0.710849 0.303508 0.707489 0.305927 0.704576 0.309141 0.702447 0.312586 0.701163 0.316971 0.702441 0.319745 0.704864 0.319780 0.705383
0 0.257155 0.713448 0.257260 0.715007 0.257815 0.715492 0.258025 0.718610 0.257541 0.719165 0.257611 0.720204 0.257126 0.720759 0.257162 0.721278 0.256676 0.721833 0.256747 0.722872 0.255778 0.723982 0.255258 0.724017 0.254774 0.724572 0.254254 0.724607 0.253769 0.725162 0.250529 0.726416 0.247285 0.726535 0.246009 0.726208 0.242853 0.724633 0.241150 0.721646 0.239649 0.717946 0.239773 0.714585 0.242192 0.711673 0.245406 0.709544 0.248850 0.708259 0.253236 0.709537 0.256010 0.711960 0.256045 0.712480
0 0.124482 0.653399 0.124587 0.654958 0.125142 0.655442 0.125352 0.658561 0.124868 0.659115 0.124938 0.660154 0.124453 0.660709 0.124488 0.661229 0.124003 0.661783 0.124073 0.662823 0.123104 0.663932 0.122585 0.663967 0.122101 0.664522 0.121581 0.664557 0.121096 0.665112 0.117856 0.666366 0.114611 0.666485 0.113336 0.666159 0.110180 0.664583 0.108477 0.661596 0.106976 0.657896 0.107099 0.654536 0.109518 0.651623 0.112732 0.649494 0.116177 0.648210 0.120563 0.649487 0.123336 0.651910 0.123371 0.652430
0 0.373475 0.740484 0.372934 0.743547 0.371411 0.744172 0.368812 0.744347 0.367412 0.742837 0.367402 0.740081 0.368143 0.738476 0.369897 0.738286 0.372000 0.738533
0 0.371498 0.703278 0.370957 0.706341 0.369433 0.706966 0.366835 0.707142 0.365435 0.705631 0.365425 0.702875 0.366166 0.701270 0.367920 0.701081 0.370023 0.701328
0 0.436132 0.723954 0.436098 0.726937 0.435195 0.729823 0.431166 0.731843 0.427662 0.732135 0.425031 0.730352 0.423435 0.727636 0.423885 0.724504 0.424369 0.723950 0.424263 0.722391 0.425233 0.721282 0.427574 0.720375 0.429963 0.719742 0.433513 0.720201
0 0.441212 0.693477 0.441317 0.695037 0.441872 0.695521 0.442083 0.698639 0.441598 0.699194 0.441668 0.700233 0.441183 0.700787 0.441218 0.701307 0.440734 0.701862 0.440804 0.702902 0.439835 0.704011 0.439316 0.704046 0.438831 0.704601 0.438311 0.704636 0.437827 0.705191 0.434586 0.706445 0.431342 0.706564 0.430067 0.706237 0.426910 0.704662 0.425207 0.701675 0.423707 0.697974 0.423830 0.694614 0.426249 0.691702 0.429463 0.689573 0.432908 0.688288 0.437293 0.689566 0.440067 0.691989 0.440102 0.692509
0 0.364855 0.631468 0.364314 0.634530 0.362791 0.635155 0.360192 0.635331 0.358792 0.633821 0.358782 0.631064 0.359523 0.629459 0.361278 0.629270 0.363380 0.629517
0 0.360323 0.614135 0.360428 0.615694 0.360983 0.616179 0.361194 0.619297 0.360709 0.619852 0.360779 0.620891 0.360295 0.621445 0.360330 0.621965 0.359845 0.622520 0.359915 0.623559 0.358946 0.624669 0.358427 0.624704 0.357942 0.625258 0.357423 0.625294 0.356938 0.625848 0.353698 0.627103 0.350453 0.627222 0.349177 0.626895 0.346021 0.625320 0.344318 0.622333 0.342818 0.618632 0.342941 0.615272 0.345360 0.612359 0.348574 0.610231 0.352019 0.608946 0.356405 0.610224 0.359178 0.612647 0.359213 0.613167
0 0.310343 0.629023 0.310309 0.632006 0.309406 0.634891 0.305377 0.636912 0.301873 0.637204 0.299242 0.635421 0.297646 0.632704 0.298095 0.629573 0.298580 0.629019 0.298474 0.627460 0.299444 0.626350 0.301784 0.625443 0.304174 0.624811 0.307724 0.625269
0 0.332834 0.595887 0.332939 0.597446 0.333494 0.597932 0.333705 0.601049 0.333220 0.601604 0.333290 0.602643 0.332805 0.603198 0.332840 0.603717 0.332356 0.604272 0.332426 0.605312 0.331456 0.606421 0.330938 0.606456 0.330453 0.607011 0.329933 0.607046 0.329448 0.607601 0.326208 0.608855 0.322964 0.608974 0.321688 0.608647 0.318532 0.607073 0.316829 0.604086 0.315329 0.600385 0.315452 0.597025 0.317870 0.594112 0.321085 0.591983 0.324529 0.590698 0.328915 0.591977 0.331689 0.594399 0.331724 0.594919
0 0.314331 0.585916 0.315101 0.588513 0.314595 0.590719 0.313543 0.592876 0.312657 0.594196 0.311339 0.595747 0.309521 0.597698 0.306808 0.599075 0.303170 0.599321 0.302615 0.598836 0.300537 0.598976 0.299982 0.598492 0.298942 0.598562 0.298388 0.598077 0.297349 0.598148 0.296794 0.597664 0.296274 0.597699 0.294610 0.596245 0.294575 0.595725 0.294020 0.595240 0.293985 0.594721 0.293430 0.594236 0.293360 0.593197 0.292805 0.592712 0.292770 0.592193 0.292215 0.591708 0.292700 0.591153 0.292454 0.587516 0.292939 0.586961 0.292904 0.586441 0.293388 0.585887 0.293353 0.585367 0.293838 0.584812 0.293803 0.584293 0.294287 0.583738 0.294252 0.583219 0.294736 0.582664 0.295256 0.582629 0.295741 0.582074 0.296261 0.582039 0.296745 0.581484 0.297784 0.581414 0.298269 0.580859 0.300347 0.580718 0.300832 0.580164 0.304989 0.579883 0.307103 0.580262 0.309252 0.581161 0.310845 0.581576 0.312440 0.581990 0.312475 0.582510
0 0.271023 0.583118 0.271794 0.585715 0.271288 0.587920 0.270235 0.590078 0.269349 0.591397 0.268032 0.592949 0.266213 0.594901 0.263500 0.596277 0.259862 0.596522 0.259308 0.596038 0.257230 0.596178 0.256674 0.595694 0.255635 0.595764 0.255081 0.595279 0.254041 0.595350 0.253486 0.594866 0.252967 0.594901 0.251303 0.593447 0.251268 0.592927 0.250713 0.592442 0.250678 0.591923 0.250123 0.591438 0.250052 0.590399 0.249498 0.589914 0.249463 0.589395 0.248908 0.588910 0.249392 0.588355 0.249147 0.584718 0.249631 0.584163 0.249596 0.583643 0.250081 0.583089 0.250046 0.582569 0.250531 0.582014 0.250495 0.581495 0.250979 0.580940 0.250944 0.580421 0.251429 0.579866 0.251949 0.579831 0.252433 0.579276 0.252953 0.579241 0.253438 0.578686 0.254477 0.578616 0.254961 0.578061 0.257039 0.577920 0.257524 0.577366 0.261682 0.577085 0.263795 0.577464 0.265945 0.578364 0.267538 0.578778 0.269133 0.579192 0.269168 0.579712
0 0.237721 0.568682 0.237826 0.570242 0.238381 0.570726 0.238591 0.573844 0.238107 0.574399 0.238177 0.575438 0.237692 0.575992 0.237728 0.576512 0.237242 0.577067 0.237313 0.578107 0.236344 0.579216 0.235824 0.579251 0.235340 0.579806 0.234820 0.579841 0.234335 0.580396 0.231095 0.581650 0.227851 0.581769 0.226576 0.581442 0.223419 0.579867 0.221716 0.576880 0.220215 0.573179 0.220339 0.569819 0.222758 0.566907 0.225972 0.564778 0.229417 0.563493 0.233802 0.564771 0.236576 0.567194 0.236611 0.567714
0 0.144559 0.624582 0.144665 0.626140 0.145220 0.626625 0.145431 0.629743 0.144946 0.630298 0.145016 0.631337 0.144531 0.631892 0.144566 0.632411 0.144082 0.632966 0.144152 0.634006 0.143182 0.635116 0.142664 0.635151 0.142179 0.635705 0.141659 0.635740 0.141175 0.636295 0.137934 0.637549 0.134690 0.637668 0.133414 0.637341 0.130258 0.635767 0.128555 0.632780 0.127055 0.629079 0.127178 0.625719 0.129596 0.622806 0.132811 0.620678 0.136255 0.619392 0.140641 0.620671 0.143415 0.623093 0.143450 0.623613
0 0.167103 0.658023 0.166740 0.661935 0.163676 0.665279 0.158699 0.666365 0.155326 0.665322 0.153107 0.663384 0.151372 0.660890 0.151197 0.658293 0.151576 0.656178 0.153157 0.653009 0.157487 0.651212 0.160895 0.650605 0.163283 0.651734 0.166017 0.654021
0 0.154710 0.673099 0.154347 0.677011 0.151283 0.680356 0.146306 0.681442 0.141879 0.679225 0.139980 0.675657 0.139917 0.671655 0.141317 0.668866 0.145095 0.666289 0.148502 0.665682 0.150890 0.666810 0.153625 0.669098
0 0.103350 0.675681 0.102987 0.679593 0.099923 0.682937 0.094946 0.684023 0.090519 0.681806 0.088619 0.678239 0.088556 0.674236 0.089957 0.671448 0.093735 0.668870 0.097142 0.668264 0.099530 0.669392 0.102265 0.671679
0 0.080467 0.647503 0.080573 0.649062 0.081127 0.649546 0.081338 0.652664 0.080854 0.653219 0.080924 0.654258 0.080439 0.654813 0.080474 0.655333 0.079989 0.655887 0.080059 0.656927 0.079090 0.658036 0.078571 0.658071 0.078087 0.658626 0.077567 0.658661 0.077082 0.659216 0.073842 0.660470 0.070597 0.660589 0.069322 0.660262 0.066166 0.658687 0.064463 0.655700 0.062962 0.651999 0.063085 0.648639 0.065504 0.645727 0.068719 0.643598 0.072163 0.642313 0.076549 0.643591 0.079322 0.646014 0.079357 0.646534
0 0.061758 0.664180 0.061863 0.665739 0.062418 0.666224 0.062628 0.669342 0.062144 0.669897 0.062214 0.670936 0.061729 0.671490 0.061765 0.672010 0.061280 0.672565 0.061350 0.673604 0.060381 0.674714 0.059862 0.674749 0.059377 0.675303 0.058857 0.675338 0.058372 0.675894 0.055132 0.677148 0.051888 0.677267 0.050612 0.676940 0.047456 0.675365 0.045754 0.672378 0.044252 0.668677 0.044376 0.665317 0.046795 0.662404 0.050009 0.660276 0.053454 0.658991 0.057839 0.660269 0.060613 0.662692 0.060648 0.663212
0 0.029283 0.695948 0.029388 0.697507 0.029943 0.697992 0.030154 0.701110 0.029669 0.701665 0.029739 0.702704 0.029254 0.703258 0.029290 0.703778 0.028805 0.704333 0.028875 0.705372 0.027906 0.706482 0.027387 0.706517 0.026902 0.707072 0.026382 0.707107 0.025898 0.707661 0.022657 0.708916 0.019413 0.709035 0.018138 0.708708 0.014982 0.707133 0.013278 0.704146 0.011778 0.700446 0.011901 0.697085 0.014320 0.694173 0.017534 0.692044 0.020979 0.690759 0.025364 0.692037 0.028138 0.694460 0.028173 0.694980
0 0.087609 0.771210 0.087576 0.774193 0.086672 0.777079 0.082644 0.779099 0.079140 0.779391 0.076509 0.777608 0.074913 0.774892 0.075362 0.771761 0.075847 0.771207 0.075741 0.769647 0.076710 0.768538 0.079051 0.767631 0.081441 0.766999 0.084991 0.767456
0 0.036009 0.754052 0.035975 0.757035 0.035072 0.759920 0.031043 0.761941 0.027539 0.762233 0.024908 0.760450 0.023312 0.757734 0.023762 0.754603 0.024246 0.754049 0.024140 0.752489 0.025110 0.751379 0.027451 0.750472 0.029841 0.749841 0.033390 0.750298
0 0.056080 0.773360 0.056046 0.776343 0.055142 0.779228 0.051113 0.781249 0.047609 0.781541 0.044978 0.779758 0.043383 0.777042 0.043832 0.773911 0.044316 0.773356 0.044211 0.771797 0.045180 0.770688 0.047521 0.769780 0.049910 0.769148 0.053460 0.769606
0 0.105179 0.743352 0.105214 0.743872 0.105769 0.744357 0.105804 0.744876 0.106359 0.745361 0.106395 0.745880 0.107503 0.746850 0.107854 0.752046 0.107371 0.752601 0.107406 0.753120 0.106921 0.753675 0.106956 0.754195 0.106471 0.754750 0.106541 0.755789 0.103763 0.758548 0.101717 0.760039 0.097908 0.760997 0.095944 0.761203 0.094231 0.761151 0.092982 0.760628 0.090540 0.759021 0.086965 0.755855 0.086213 0.753013 0.086015 0.749037 0.086577 0.746175 0.086542 0.745655 0.087512 0.744545 0.087477 0.744026 0.088446 0.742917 0.088965 0.742882 0.089934 0.741772 0.090454 0.741737 0.090939 0.741182 0.091457 0.741147 0.091942 0.740593 0.100257 0.740031 0.100811 0.740515 0.101331 0.740480 0.102441 0.741449 0.102961 0.741414
0 0.128662 0.781232 0.128697 0.781752 0.129251 0.782236 0.129286 0.782756 0.129841 0.783241 0.129876 0.783761 0.130985 0.784730 0.131336 0.789926 0.130853 0.790481 0.130888 0.791001 0.130403 0.791555 0.130438 0.792075 0.129953 0.792630 0.130024 0.793669 0.127245 0.796428 0.125199 0.797920 0.121390 0.798877 0.119426 0.799083 0.117713 0.799031 0.116464 0.798509 0.114022 0.796900 0.110448 0.793735 0.109696 0.790893 0.109497 0.786917 0.110059 0.784055 0.110024 0.783535 0.110993 0.782426 0.110958 0.781906 0.111928 0.780797 0.112447 0.780762 0.113416 0.779652 0.113936 0.779617 0.114421 0.779062 0.114940 0.779027 0.115424 0.778473 0.123740 0.777911 0.124293 0.778396 0.124813 0.778360 0.125923 0.779330 0.126443 0.779294
0 0.124098 0.714588 0.123735 0.718500 0.120671 0.721844 0.115694 0.722930 0.111267 0.720713 0.109368 0.717146 0.109305 0.713143 0.110705 0.710355 0.114483 0.707777 0.117891 0.707170 0.120279 0.708298 0.123013 0.710585
0 0.174512 0.709819 0.174148 0.713731 0.171085 0.717075 0.166108 0.718161 0.161681 0.715944 0.159781 0.712376 0.159718 0.708374 0.161119 0.705586 0.164896 0.703007 0.168304 0.702401 0.170692 0.703529 0.173426 0.705817
0 0.172488 0.773514 0.172125 0.777426 0.169061 0.780770 0.164084 0.781856 0.159657 0.779640 0.157758 0.776072 0.157694 0.772070 0.159095 0.769281 0.162873 0.766703 0.166281 0.766097 0.168668 0.767224 0.171403 0.769512
0 0.147046 0.782070 0.144751 0.785520 0.139774 0.786606 0.135347 0.784389 0.134136 0.780736 0.134811 0.777471 0.136471 0.775571 0.139263 0.773653 0.143553 0.774496 0.146329 0.776753
0 0.219928 0.780333 0.219565 0.784245 0.216501 0.787589 0.211524 0.788675 0.207097 0.786458 0.205197 0.782890 0.205134 0.778888 0.206535 0.776100 0.210312 0.773522 0.213720 0.772915 0.216108 0.774043 0.218843 0.776331
0 0.177525 0.744775 0.177631 0.746334 0.178186 0.746818 0.178396 0.749937 0.177912 0.750491 0.177982 0.751530 0.177497 0.752085 0.177532 0.752605 0.177047 0.753159 0.177117 0.754199 0.176148 0.755308 0.175629 0.755343 0.175145 0.755898 0.174625 0.755933 0.174140 0.756488 0.170900 0.757742 0.167655 0.757861 0.166380 0.757535 0.163224 0.755959 0.161521 0.752973 0.160020 0.749272 0.160143 0.745911 0.162562 0.742999 0.165777 0.740870 0.169221 0.739586 0.173607 0.740863 0.176380 0.743287 0.176415 0.743806
0 0.172806 0.693487 0.172443 0.697399 0.169380 0.700743 0.164402 0.701829 0.159975 0.699613 0.158076 0.696045 0.158013 0.692043 0.159414 0.689254 0.163191 0.686676 0.166599 0.686070 0.168987 0.687197 0.171721 0.689485
0 0.288666 0.681997 0.288302 0.685910 0.285239 0.689254 0.280262 0.690340 0.275835 0.688123 0.273935 0.684555 0.273872 0.680553 0.275273 0.677764 0.279050 0.675187 0.282458 0.674580 0.284846 0.675708 0.287580 0.677996
0 0.268757 0.698754 0.268394 0.702667 0.265330 0.706011 0.260354 0.707097 0.255926 0.704880 0.254027 0.701312 0.253964 0.697310 0.255365 0.694522 0.259142 0.691944 0.262550 0.691337 0.264938 0.692465 0.267672 0.694753
0 0.316738 0.766743 0.316704 0.769727 0.315801 0.772612 0.311772 0.774633 0.308268 0.774925 0.305637 0.773141 0.304041 0.770425 0.304491 0.767294 0.304975 0.766739 0.304869 0.765180 0.305839 0.764071 0.308180 0.763164 0.310569 0.762531 0.314119 0.762990
0 0.299828 0.779643 0.299934 0.781202 0.300489 0.781687 0.300699 0.784805 0.300215 0.785359 0.300285 0.786398 0.299800 0.786953 0.299835 0.787473 0.299350 0.788028 0.299421 0.789067 0.298451 0.790177 0.297932 0.790212 0.297448 0.790766 0.296928 0.790802 0.296443 0.791356 0.293202 0.792610 0.289958 0.792730 0.288683 0.792403 0.285527 0.790828 0.283824 0.787841 0.283537 0.783253 0.284865 0.777867 0.288079 0.775739 0.292127 0.774823 0.295910 0.775732 0.298683 0.778154 0.298719 0.778674
0 0.331957 0.755706 0.331923 0.758689 0.331020 0.761575 0.326991 0.763595 0.323487 0.763888 0.320856 0.762104 0.319260 0.759388 0.319710 0.756257 0.320194 0.755703 0.320089 0.754144 0.321058 0.753034 0.323399 0.752127 0.325788 0.751495 0.329338 0.751952
0 0.422872 0.746889 0.422839 0.749872 0.421935 0.752757 0.417907 0.754778 0.414402 0.755070 0.411771 0.753287 0.410175 0.750570 0.410625 0.747439 0.411109 0.746885 0.411004 0.745326 0.411973 0.744217 0.414314 0.743309 0.416703 0.742677 0.420253 0.743135
0 0.441808 0.679142 0.441774 0.682126 0.440870 0.685011 0.436842 0.687031 0.433338 0.687324 0.430706 0.685540 0.429111 0.682824 0.429561 0.679693 0.430044 0.679139 0.429939 0.677580 0.430909 0.676470 0.433250 0.675563 0.435639 0.674931 0.439188 0.675389
0 0.477863 0.716836 0.477968 0.718395 0.478523 0.718879 0.478734 0.721998 0.478249 0.722552 0.478319 0.723591 0.477835 0.724146 0.477870 0.724666 0.477385 0.725220 0.477455 0.726260 0.476486 0.727369 0.475967 0.727404 0.475482 0.727959 0.474963 0.727995 0.474478 0.728549 0.471237 0.729803 0.467993 0.729922 0.466718 0.729596 0.463561 0.728020 0.461859 0.725033 0.460358 0.721333 0.460481 0.717973 0.462900 0.715060 0.466114 0.712931 0.469559 0.711646 0.473945 0.712924 0.476718 0.715347 0.476753 0.715867
0 0.445640 0.762614 0.445745 0.764173 0.446300 0.764657 0.446511 0.767776 0.446026 0.768331 0.446096 0.769369 0.445612 0.769924 0.445647 0.770444 0.445162 0.770999 0.445232 0.772038 0.444263 0.773148 0.443744 0.773183 0.443259 0.773738 0.442740 0.773773 0.442255 0.774328 0.439014 0.775582 0.435770 0.775701 0.434495 0.775374 0.431338 0.773799 0.429636 0.770812 0.428135 0.767111 0.428258 0.763751 0.430677 0.760838 0.433891 0.758709 0.437336 0.757425 0.441722 0.758703 0.444495 0.761126 0.444530 0.761645
0 0.515075 0.706259 0.515180 0.707818 0.515735 0.708302 0.515945 0.711421 0.515461 0.711976 0.515531 0.713014 0.515047 0.713569 0.515082 0.714089 0.514597 0.714644 0.514667 0.715683 0.513698 0.716792 0.513179 0.716827 0.512694 0.717382 0.512174 0.717417 0.511689 0.717972 0.508449 0.719227 0.505205 0.719346 0.503929 0.719018 0.500773 0.717444 0.499071 0.714457 0.497569 0.710756 0.497693 0.707395 0.500112 0.704483 0.503326 0.702354 0.506770 0.701070 0.511156 0.702347 0.513930 0.704771 0.513965 0.705290
0 0.526559 0.653575 0.531377 0.654850 0.536063 0.658291 0.538607 0.662467 0.539526 0.668354 0.538384 0.672049 0.537023 0.674054 0.535768 0.675043 0.535607 0.675554 0.534154 0.677218 0.531985 0.678534 0.530171 0.679491 0.528093 0.680237 0.523416 0.680553 0.522377 0.680624 0.521822 0.680139 0.520783 0.680209 0.520228 0.679725 0.519189 0.679795 0.518634 0.679310 0.518115 0.679345 0.517005 0.678377 0.516485 0.678412 0.515376 0.677443 0.515341 0.676923 0.513676 0.675469 0.513641 0.674949 0.513087 0.674465 0.513052 0.673945 0.512497 0.673461 0.512462 0.672941 0.511907 0.672457 0.511872 0.671937 0.511697 0.669339 0.511521 0.666740 0.512006 0.666186 0.511971 0.665666 0.512456 0.665111 0.512385 0.664072 0.512869 0.663518 0.512799 0.662478 0.514951 0.658916 0.517554 0.656757 0.521473 0.654510
0 0.509515 0.686512 0.509481 0.689495 0.508577 0.692380 0.504549 0.694401 0.501044 0.694693 0.498413 0.692909 0.496817 0.690193 0.497267 0.687062 0.497751 0.686508 0.497646 0.684949 0.498615 0.683839 0.500956 0.682932 0.503345 0.682300 0.506895 0.682758
0 0.542375 0.711881 0.542930 0.712366 0.544488 0.712261 0.545043 0.712745 0.545563 0.712710 0.546118 0.713195 0.547156 0.713124 0.547711 0.713609 0.548751 0.713539 0.549306 0.714023 0.549826 0.713988 0.550379 0.714472 0.550900 0.714437 0.553118 0.716375 0.553153 0.716895 0.553708 0.717380 0.553743 0.717900 0.554298 0.718384 0.554333 0.718904 0.554888 0.719388 0.554923 0.719908 0.555032 0.723480 0.554149 0.725762 0.551373 0.729615 0.549332 0.731197 0.547936 0.732386 0.547452 0.732941 0.545892 0.733047 0.545407 0.733601 0.543884 0.734226 0.541806 0.734367 0.541251 0.733882 0.540211 0.733952 0.539657 0.733468 0.539136 0.733503 0.538582 0.733018 0.537543 0.733088 0.536988 0.732604 0.535671 0.731268 0.533958 0.728940 0.533142 0.726736 0.531884 0.724007 0.532023 0.720933 0.531988 0.720413 0.532473 0.719858 0.532438 0.719339 0.532922 0.718784 0.532887 0.718264 0.533372 0.717709 0.533337 0.717189 0.533822 0.716635 0.534342 0.716600 0.534825 0.716045 0.535345 0.716010 0.536314 0.714900 0.536835 0.714865 0.537803 0.713756 0.538323 0.713721 0.539292 0.712612 0.539812 0.712576 0.540296 0.712022
0 0.578499 0.732519 0.578604 0.734078 0.579160 0.734563 0.579370 0.737681 0.578885 0.738235 0.578955 0.739274 0.578471 0.739829 0.578506 0.740349 0.578022 0.740904 0.578092 0.741943 0.577122 0.743053 0.576603 0.743088 0.576118 0.743642 0.575599 0.743677 0.575114 0.744232 0.571874 0.745486 0.568630 0.745606 0.567354 0.745278 0.564198 0.743704 0.562495 0.740717 0.560994 0.737016 0.561117 0.733656 0.563536 0.730743 0.566751 0.728615 0.570195 0.727330 0.574581 0.728608 0.577355 0.731030 0.577390 0.731550
0 0.587214 0.712378 0.587320 0.713937 0.587874 0.714422 0.588085 0.717540 0.587600 0.718095 0.587671 0.719134 0.587185 0.719688 0.587221 0.720208 0.586736 0.720763 0.586806 0.721802 0.585837 0.722912 0.585318 0.722947 0.584834 0.723502 0.584313 0.723537 0.583829 0.724092 0.580589 0.725346 0.577344 0.725465 0.576069 0.725138 0.572913 0.723563 0.571209 0.720576 0.569709 0.716875 0.569832 0.713515 0.572251 0.710602 0.575466 0.708474 0.578910 0.707189 0.583295 0.708467 0.586069 0.710890 0.586104 0.711410
0 0.693128 0.686407 0.693233 0.687967 0.693788 0.688451 0.693999 0.691569 0.693514 0.692124 0.693584 0.693163 0.693099 0.693717 0.693134 0.694237 0.692650 0.694792 0.692720 0.695832 0.691751 0.696941 0.691232 0.696976 0.690747 0.697531 0.690227 0.697566 0.689743 0.698121 0.686502 0.699375 0.683258 0.699494 0.681983 0.699167 0.678826 0.697592 0.677123 0.694605 0.675623 0.690904 0.675746 0.687544 0.678165 0.684632 0.681379 0.682503 0.684824 0.681218 0.689209 0.682496 0.691983 0.684919 0.692018 0.685439
0 0.672798 0.647103 0.672764 0.650087 0.671861 0.652972 0.667832 0.654993 0.664328 0.655285 0.661697 0.653502 0.660101 0.650785 0.660551 0.647654 0.661035 0.647100 0.660929 0.645541 0.661899 0.644431 0.664240 0.643524 0.666630 0.642892 0.670179 0.643350
0 0.579432 0.633123 0.579398 0.636106 0.578495 0.638991 0.574466 0.641012 0.570962 0.641305 0.568331 0.639521 0.566735 0.636805 0.567185 0.633674 0.567669 0.633119 0.567563 0.631560 0.568533 0.630450 0.570874 0.629543 0.573264 0.628911 0.576813 0.629369
0 0.613120 0.655118 0.613225 0.656677 0.613780 0.657162 0.613991 0.660280 0.613506 0.660834 0.613576 0.661873 0.613091 0.662428 0.613127 0.662948 0.612642 0.663503 0.612712 0.664542 0.611743 0.665652 0.611224 0.665687 0.610739 0.666241 0.610219 0.666277 0.609735 0.666831 0.606494 0.668085 0.603250 0.668205 0.601975 0.667878 0.598818 0.666303 0.597116 0.663316 0.595615 0.659615 0.595738 0.656255 0.598157 0.653342 0.601371 0.651214 0.604816 0.649929 0.609201 0.651207 0.611975 0.653629 0.612010 0.654149
0 0.576243 0.608903 0.576209 0.611886 0.575306 0.614771 0.571277 0.616792 0.567773 0.617084 0.565142 0.615301 0.563546 0.612585 0.563996 0.609454 0.564480 0.608900 0.564374 0.607340 0.565344 0.606231 0.567685 0.605323 0.570074 0.604692 0.573624 0.605149
0 0.564753 0.596992 0.564719 0.599975 0.563815 0.602860 0.559787 0.604881 0.556283 0.605173 0.553652 0.603390 0.552056 0.600674 0.552506 0.597542 0.552990 0.596988 0.552885 0.595429 0.553854 0.594320 0.556195 0.593412 0.558584 0.592780 0.562133 0.593238
0 0.402286 0.741394 0.402327 0.744364 0.400331 0.745900 0.398772 0.746006 0.396770 0.744633 0.396465 0.742478 0.396799 0.740332 0.398316 0.739250 0.401047 0.739567
0 0.445761 0.728407 0.445802 0.731377 0.443806 0.732913 0.442247 0.733018 0.440246 0.731646 0.439941 0.729490 0.440274 0.727344 0.441791 0.726263 0.444523 0.726579
0 0.350863 0.741834 0.350904 0.744804 0.348908 0.746340 0.347349 0.746445 0.345347 0.745073 0.345043 0.742917 0.345376 0.740771 0.346893 0.739690 0.349625 0.740007
0 0.484711 0.708352 0.484752 0.711322 0.482756 0.712858 0.481197 0.712964 0.479196 0.711592 0.478890 0.709436 0.479224 0.707290 0.480741 0.706208 0.483472 0.706525
0 0.455726 0.690105 0.455692 0.693088 0.454789 0.695974 0.450760 0.697994 0.447256 0.698286 0.444625 0.696503 0.443029 0.693787 0.443479 0.690655 0.443963 0.690101 0.443857 0.688542 0.444827 0.687433 0.447168 0.686526 0.449557 0.685893 0.453107 0.686351
0 0.444077 0.663143 0.443714 0.667055 0.440650 0.670399 0.435673 0.671485 0.431246 0.669268 0.429346 0.665700 0.429283 0.661698 0.430684 0.658910 0.434462 0.656331 0.437869 0.655725 0.440257 0.656853 0.442991 0.659141
0 0.456349 0.642989 0.455986 0.646901 0.452922 0.650245 0.447945 0.651331 0.443518 0.649114 0.441619 0.645546 0.441556 0.641544 0.442956 0.638755 0.446733 0.636178 0.450141 0.635571 0.452529 0.636699 0.455263 0.638987
0 0.426254 0.641382 0.426359 0.642941 0.426914 0.643425 0.427125 0.646544 0.426640 0.647099 0.426710 0.648137 0.426226 0.648692 0.426261 0.649212 0.425776 0.649766 0.425847 0.650806 0.424877 0.651916 0.424358 0.651951 0.423873 0.652506 0.423354 0.652541 0.422869 0.653095 0.419629 0.654350 0.416385 0.654468 0.415109 0.654142 0.411952 0.652566 0.410250 0.649580 0.408749 0.645879 0.408872 0.642519 0.411291 0.639606 0.414505 0.637477 0.417950 0.636193 0.422336 0.637471 0.425110 0.639894 0.425145 0.640413
0 0.403471 0.677158 0.403107 0.681070 0.400044 0.684414 0.395067 0.685500 0.390640 0.683283 0.388740 0.679715 0.388677 0.675713 0.390078 0.672924 0.393855 0.670347 0.397263 0.669740 0.399651 0.670868 0.402385 0.673156
0 0.366410 0.652621 0.366516 0.654180 0.367070 0.654664 0.367281 0.657783 0.366797 0.658337 0.366867 0.659376 0.366382 0.659931 0.366417 0.660451 0.365932 0.661005 0.366002 0.662045 0.365033 0.663155 0.364514 0.663190 0.364030 0.663745 0.363510 0.663780 0.363025 0.664334 0.359785 0.665588 0.356540 0.665707 0.355265 0.665381 0.352109 0.663805 0.350406 0.660819 0.348905 0.657118 0.349028 0.653758 0.351447 0.650845 0.354662 0.648716 0.358106 0.647432 0.362492 0.648710 0.365265 0.651133 0.365300 0.651652
0 0.375375 0.607587 0.375930 0.608071 0.377489 0.607966 0.378044 0.608450 0.378563 0.608415 0.379118 0.608900 0.380157 0.608830 0.380712 0.609314 0.381752 0.609244 0.382306 0.609728 0.382826 0.609693 0.383380 0.610177 0.383900 0.610142 0.386119 0.612081 0.386154 0.612601 0.386709 0.613085 0.386744 0.613605 0.387299 0.614089 0.387334 0.614609 0.387889 0.615094 0.387924 0.615613 0.388033 0.619185 0.387150 0.621467 0.384373 0.625320 0.382332 0.626902 0.380937 0.628092 0.380452 0.628646 0.378893 0.628752 0.378408 0.629307 0.376885 0.629931 0.374806 0.630072 0.374251 0.629587 0.373212 0.629658 0.372657 0.629173 0.372137 0.629208 0.371582 0.628724 0.370544 0.628794 0.369989 0.628309 0.368671 0.626974 0.366959 0.624645 0.366143 0.622442 0.364884 0.619712 0.365024 0.616638 0.364989 0.616118 0.365473 0.615564 0.365438 0.615044 0.365923 0.614489 0.365888 0.613970 0.366373 0.613414 0.366338 0.612895 0.366822 0.612340 0.367342 0.612305 0.367826 0.611750 0.368345 0.611715 0.369315 0.610605 0.369835 0.610570 0.370803 0.609461 0.371323 0.609426 0.372293 0.608317 0.372812 0.608282 0.373297 0.607727
0 0.517107 0.743997 0.517073 0.746980 0.516169 0.749865 0.512141 0.751886 0.508637 0.752178 0.506005 0.750395 0.504410 0.747679 0.504860 0.744547 0.505343 0.743993 0.505238 0.742434 0.506207 0.741324 0.508548 0.740417 0.510938 0.739785 0.514487 0.740243
0 0.597602 0.706113 0.597643 0.709083 0.595647 0.710619 0.594088 0.710724 0.592086 0.709352 0.591782 0.707197 0.592115 0.705050 0.593632 0.703969 0.596364 0.704286
0 0.591972 0.702493 0.592013 0.705464 0.590017 0.706999 0.588458 0.707105 0.586457 0.705733 0.586152 0.703577 0.586485 0.701431 0.588002 0.700349 0.590733 0.700666
0 0.562153 0.675442 0.562258 0.677001 0.562813 0.677486 0.563024 0.680603 0.562539 0.681158 0.562609 0.682197 0.562124 0.682752 0.562159 0.683272 0.561675 0.683827 0.561745 0.684866 0.560775 0.685975 0.560257 0.686011 0.559772 0.686565 0.559252 0.686600 0.558767 0.687155 0.555527 0.688409 0.552283 0.688529 0.551007 0.688201 0.547851 0.686627 0.546148 0.683640 0.544647 0.679939 0.544771 0.676579 0.547190 0.673666 0.550404 0.671538 0.553848 0.670252 0.558234 0.671531 0.561008 0.673953 0.561043 0.674473
0 0.511897 0.649927 0.512002 0.651486 0.512557 0.651971 0.512768 0.655089 0.512283 0.655644 0.512353 0.656683 0.511868 0.657238 0.511903 0.657757 0.511419 0.658312 0.511489 0.659351 0.510520 0.660461 0.510001 0.660496 0.509516 0.661051 0.508996 0.661086 0.508512 0.661641 0.505271 0.662895 0.502027 0.663014 0.500752 0.662687 0.497595 0.661112 0.495892 0.658125 0.494392 0.654425 0.494515 0.651064 0.496934 0.648152 0.500148 0.646023 0.503593 0.644738 0.507978 0.646016 0.510752 0.648439 0.510787 0.648959
0 0.595844 0.667808 0.596399 0.668293 0.597957 0.668188 0.598512 0.668672 0.599032 0.668637 0.599587 0.669122 0.600625 0.669051 0.601180 0.669536 0.602220 0.669466 0.602775 0.669950 0.603295 0.669915 0.603848 0.670399 0.604369 0.670364 0.606587 0.672302 0.606622 0.672822 0.607177 0.673307 0.607212 0.673827 0.607767 0.674311 0.607802 0.674831 0.608357 0.675315 0.608392 0.675835 0.608501 0.679407 0.607618 0.681688 0.604842 0.685542 0.602801 0.687124 0.601405 0.688313 0.600921 0.688868 0.599361 0.688973 0.598876 0.689528 0.597353 0.690153 0.595275 0.690294 0.594720 0.689809 0.593680 0.689879 0.593126 0.689395 0.592605 0.689430 0.592051 0.688945 0.591012 0.689016 0.590457 0.688530 0.589140 0.687195 0.587427 0.684867 0.586611 0.682663 0.585353 0.679934 0.585492 0.676860 0.585457 0.676340 0.585942 0.675785 0.585907 0.675266 0.586391 0.674711 0.586356 0.674191 0.586841 0.673636 0.586806 0.673117 0.587291 0.672562 0.587811 0.672527 0.588294 0.671972 0.588814 0.671937 0.589783 0.670827 0.590303 0.670792 0.591272 0.669683 0.591792 0.669648 0.592761 0.668539 0.593281 0.668503 0.593765 0.667949
0 0.668230 0.760372 0.669711 0.762403 0.670035 0.767144 0.666006 0.769165 0.662503 0.769457 0.660219 0.768002 0.659647 0.765029 0.660094 0.762034 0.661457 0.760274 0.664323 0.759478
0 0.751425 0.681493 0.751391 0.684476 0.750487 0.687361 0.746459 0.689382 0.742955 0.689674 0.740324 0.687891 0.738728 0.685174 0.739178 0.682043 0.739662 0.681489 0.739557 0.679930 0.740526 0.678820 0.742867 0.677913 0.745256 0.677281 0.748805 0.677739
0 0.745607 0.641179 0.745573 0.644162 0.744670 0.647048 0.740641 0.649068 0.737137 0.649361 0.734506 0.647577 0.732910 0.644861 0.733360 0.641729 0.733844 0.641175 0.733738 0.639616 0.734708 0.638507 0.737049 0.637600 0.739438 0.636967 0.742988 0.637426
0 0.761372 0.666644 0.761338 0.669627 0.760435 0.672512 0.756406 0.674533 0.752902 0.674825 0.750271 0.673042 0.748675 0.670325 0.749125 0.667194 0.749609 0.666640 0.749503 0.665081 0.750473 0.663972 0.752814 0.663064 0.755204 0.662432 0.758753 0.662890
0 0.685473 0.703853 0.685440 0.706836 0.684536 0.709721 0.680507 0.711742 0.677003 0.712034 0.674373 0.710251 0.672777 0.707535 0.673227 0.704403 0.673710 0.703849 0.673605 0.702290 0.674574 0.701180 0.676915 0.700273 0.679305 0.699641 0.682854 0.700099
0 0.770041 0.647096 0.770146 0.648655 0.770701 0.649139 0.770911 0.652258 0.770427 0.652812 0.770497 0.653851 0.770012 0.654406 0.770047 0.654926 0.769562 0.655480 0.769633 0.656520 0.768664 0.657629 0.768144 0.657664 0.767660 0.658220 0.767140 0.658255 0.766655 0.658809 0.763415 0.660063 0.760170 0.660182 0.758895 0.659856 0.755739 0.658280 0.754036 0.655293 0.752535 0.651593 0.752658 0.648233 0.755078 0.645320 0.758292 0.643191 0.761736 0.641907 0.766122 0.643184 0.768896 0.645608 0.768931 0.646127
0 0.790132 0.654088 0.790099 0.657071 0.789195 0.659956 0.785167 0.661977 0.781663 0.662269 0.779032 0.660486 0.777436 0.657770 0.777885 0.654638 0.778370 0.654084 0.778264 0.652525 0.779233 0.651416 0.781574 0.650508 0.783964 0.649876 0.787514 0.650334
0 0.766834 0.619394 0.767149 0.624070 0.764727 0.626844 0.764207 0.626879 0.763722 0.627434 0.763202 0.627469 0.762718 0.628024 0.761679 0.628094 0.761194 0.628649 0.755998 0.629000 0.755443 0.628515 0.752845 0.628691 0.750625 0.626752 0.750590 0.626233 0.750036 0.625748 0.749930 0.624190 0.750415 0.623635 0.750274 0.621556 0.750760 0.621001 0.750689 0.619962 0.751174 0.619407 0.751139 0.618887 0.751623 0.618333 0.751553 0.617294 0.752038 0.616739 0.752003 0.616219 0.752487 0.615665 0.760801 0.615103 0.761357 0.615587 0.762395 0.615517 0.764060 0.616970 0.764580 0.616935 0.765688 0.617904 0.765724 0.618424
0 0.758013 0.705320 0.758055 0.708291 0.756058 0.709826 0.754499 0.709932 0.752498 0.708560 0.752193 0.706404 0.752526 0.704258 0.754043 0.703176 0.756775 0.703493
0 0.774650 0.628105 0.774692 0.631075 0.772695 0.632611 0.771137 0.632716 0.769135 0.631344 0.768830 0.629188 0.769163 0.627042 0.770680 0.625961 0.773412 0.626277
0 0.729832 0.588421 0.729874 0.591391 0.727877 0.592927 0.726318 0.593032 0.724317 0.591661 0.724012 0.589504 0.724345 0.587359 0.725862 0.586277 0.728594 0.586594
0 0.681160 0.564473 0.681126 0.567457 0.680223 0.570341 0.676194 0.572362 0.672690 0.572655 0.670059 0.570871 0.668463 0.568155 0.668913 0.565024 0.669397 0.564469 0.669292 0.562910 0.670261 0.561801 0.672602 0.560894 0.674992 0.560261 0.678541 0.560719
0 0.610875 0.563436 0.611156 0.567594 0.609703 0.569258 0.609738 0.569778 0.608769 0.570887 0.608804 0.571407 0.607835 0.572516 0.607316 0.572551 0.606831 0.573106 0.606311 0.573141 0.605827 0.573696 0.605307 0.573731 0.604822 0.574286 0.598587 0.574707 0.598032 0.574222 0.595953 0.574363 0.593734 0.572425 0.593699 0.571905 0.593144 0.571420 0.593109 0.570901 0.591999 0.569932 0.591859 0.567853 0.592344 0.567298 0.592273 0.566259 0.592758 0.565704 0.592723 0.565184 0.593208 0.564629 0.593173 0.564110 0.595596 0.561337 0.596635 0.561266 0.597120 0.560712 0.598678 0.560606 0.599163 0.560052 0.600722 0.559946 0.601206 0.559392 0.604324 0.559181 0.605434 0.560150 0.605953 0.560115 0.606509 0.560599 0.607027 0.560564 0.608692 0.562018 0.609212 0.561983
0 0.585482 0.553857 0.585448 0.556840 0.584545 0.559725 0.580516 0.561746 0.577012 0.562038 0.574381 0.560255 0.572785 0.557539 0.573235 0.554408 0.573718 0.553853 0.573613 0.552294 0.574583 0.551184 0.576923 0.550277 0.579313 0.549645 0.582863 0.550103
0 0.591794 0.586727 0.591835 0.589697 0.589839 0.591233 0.588280 0.591338 0.586279 0.589966 0.585974 0.587810 0.586307 0.585664 0.587824 0.584583 0.590556 0.584899
0 0.578200 0.620936 0.578241 0.623906 0.576244 0.625442 0.574685 0.625547 0.572684 0.624175 0.572379 0.622019 0.572712 0.619873 0.574229 0.618792 0.576961 0.619108
0 0.585082 0.618492 0.585123 0.621462 0.583127 0.622998 0.581568 0.623104 0.579567 0.621732 0.579262 0.619576 0.579595 0.617430 0.581112 0.616348 0.583843 0.616665
0 0.520587 0.607033 0.521142 0.607517 0.522700 0.607412 0.523255 0.607896 0.523775 0.607861 0.524330 0.608346 0.525369 0.608276 0.525923 0.608760 0.526963 0.608690 0.527518 0.609174 0.528038 0.609139 0.528592 0.609624 0.529111 0.609589 0.531330 0.611527 0.531365 0.612046 0.531920 0.612531 0.531955 0.613051 0.532510 0.613536 0.532545 0.614055 0.533101 0.614540 0.533136 0.615059 0.533244 0.618631 0.532362 0.620913 0.529585 0.624766 0.527544 0.626348 0.526149 0.627538 0.525664 0.628093 0.524104 0.628198 0.523620 0.628753 0.522096 0.629378 0.520018 0.629518 0.519463 0.629033 0.518424 0.629104 0.517868 0.628619 0.517349 0.628654 0.516794 0.628170 0.515755 0.628240 0.515200 0.627755 0.513883 0.626419 0.512170 0.624091 0.511355 0.621888 0.510096 0.619158 0.510235 0.616084 0.510200 0.615565 0.510685 0.615010 0.510650 0.614490 0.511135 0.613935 0.511100 0.613415 0.511584 0.612860 0.511549 0.612341 0.512034 0.611786 0.512554 0.611751 0.513037 0.611196 0.513557 0.611161 0.514527 0.610052 0.515046 0.610017 0.516015 0.608908 0.516535 0.608872 0.517504 0.607763 0.518024 0.607728 0.518509 0.607173
0 0.524938 0.567588 0.525043 0.569148 0.525599 0.569632 0.525809 0.572750 0.525324 0.573305 0.525394 0.574344 0.524910 0.574898 0.524945 0.575418 0.524460 0.575973 0.524531 0.577013 0.523561 0.578122 0.523042 0.578157 0.522557 0.578712 0.522038 0.578747 0.521553 0.579302 0.518313 0.580556 0.515068 0.580675 0.513793 0.580348 0.510637 0.578773 0.508934 0.575787 0.507433 0.572086 0.507556 0.568725 0.509975 0.565813 0.513189 0.563684 0.516634 0.562399 0.521020 0.563677 0.523793 0.566100 0.523828 0.566620
0 0.480845 0.610514 0.480951 0.612073 0.481505 0.612557 0.481716 0.615676 0.481231 0.616230 0.481302 0.617269 0.480817 0.617824 0.480852 0.618344 0.480367 0.618898 0.480437 0.619938 0.479468 0.621047 0.478949 0.621082 0.478465 0.621637 0.477944 0.621672 0.477460 0.622227 0.474219 0.623482 0.470975 0.623600 0.469700 0.623274 0.466544 0.621698 0.464841 0.618712 0.463340 0.615011 0.463463 0.611651 0.465882 0.608738 0.469096 0.606609 0.472541 0.605325 0.476926 0.606602 0.479700 0.609026 0.479735 0.609545
0 0.454009 0.615912 0.454114 0.617471 0.454669 0.617955 0.454880 0.621074 0.454395 0.621628 0.454465 0.622667 0.453980 0.623222 0.454015 0.623742 0.453531 0.624296 0.453601 0.625336 0.452631 0.626446 0.452113 0.626481 0.451628 0.627035 0.451108 0.627071 0.450624 0.627625 0.447383 0.628879 0.444139 0.628998 0.442863 0.628672 0.439707 0.627097 0.438004 0.624110 0.436504 0.620409 0.436627 0.617049 0.439045 0.614136 0.442260 0.612008 0.445704 0.610723 0.450090 0.612001 0.452864 0.614424 0.452899 0.614943
0 0.531174 0.713767 0.531216 0.716737 0.529219 0.718273 0.527660 0.718378 0.525659 0.717006 0.525354 0.714850 0.525687 0.712704 0.527204 0.711622 0.529936 0.711939
0 0.436955 0.630493 0.436414 0.633556 0.434891 0.634181 0.432292 0.634357 0.430892 0.632847 0.430882 0.630091 0.431622 0.628485 0.433377 0.628296 0.435480 0.628543
0 0.415961 0.599812 0.416067 0.601371 0.416621 0.601855 0.416832 0.604973 0.416348 0.605528 0.416418 0.606567 0.415933 0.607122 0.415968 0.607642 0.415483 0.608196 0.415553 0.609236 0.414584 0.610345 0.414065 0.610380 0.413581 0.610935 0.413060 0.610970 0.412576 0.611525 0.409335 0.612779 0.406091 0.612898 0.404816 0.612571 0.401660 0.610996 0.399957 0.608010 0.398456 0.604309 0.398579 0.600948 0.400998 0.598036 0.404212 0.595907 0.407657 0.594623 0.412042 0.595900 0.414816 0.598324 0.414851 0.598843
0 0.490571 0.636755 0.490538 0.639739 0.489634 0.642624 0.485606 0.644644 0.482101 0.644937 0.479471 0.643153 0.477874 0.640437 0.478324 0.637306 0.478808 0.636752 0.478703 0.635193 0.479672 0.634083 0.482013 0.633176 0.484403 0.632544 0.487952 0.633002
0 0.477294 0.497076 0.477399 0.498635 0.477954 0.499120 0.478165 0.502238 0.477680 0.502793 0.477750 0.503832 0.477266 0.504387 0.477301 0.504906 0.476817 0.505461 0.476887 0.506500 0.475917 0.507610 0.475398 0.507645 0.474913 0.508200 0.474394 0.508235 0.473909 0.508789 0.470669 0.510044 0.467425 0.510163 0.466149 0.509836 0.462992 0.508261 0.461290 0.505274 0.459789 0.501574 0.459912 0.498213 0.462331 0.495301 0.465545 0.493172 0.468990 0.491887 0.473376 0.493165 0.476150 0.495588 0.476185 0.496108
0 0.445298 0.492200 0.445403 0.493759 0.445958 0.494244 0.446169 0.497362 0.445684 0.497916 0.445754 0.498955 0.445270 0.499511 0.445305 0.500030 0.444820 0.500585 0.444890 0.501624 0.443921 0.502734 0.443402 0.502769 0.442917 0.503324 0.442398 0.503359 0.441913 0.503913 0.438672 0.505167 0.435428 0.505287 0.434152 0.504960 0.430996 0.503385 0.429294 0.500398 0.427793 0.496697 0.427916 0.493337 0.430335 0.490425 0.433549 0.488296 0.436994 0.487011 0.441380 0.488289 0.444153 0.490712 0.444188 0.491231
0 0.434976 0.451707 0.435082 0.453265 0.435637 0.453750 0.435847 0.456868 0.435362 0.457423 0.435433 0.458462 0.434948 0.459017 0.434983 0.459536 0.434499 0.460091 0.434569 0.461131 0.433599 0.462240 0.433081 0.462275 0.432595 0.462830 0.432076 0.462865 0.431591 0.463420 0.428351 0.464674 0.425107 0.464793 0.423831 0.464466 0.420675 0.462892 0.418972 0.459905 0.417471 0.456204 0.417594 0.452844 0.420013 0.449931 0.423228 0.447803 0.426672 0.446517 0.431058 0.447796 0.433832 0.450218 0.433867 0.450738
0 0.519577 0.495983 0.519682 0.497542 0.520238 0.498026 0.520448 0.501144 0.519963 0.501699 0.520033 0.502738 0.519549 0.503293 0.519584 0.503812 0.519099 0.504367 0.519170 0.505406 0.518200 0.506516 0.517681 0.506551 0.517196 0.507106 0.516677 0.507141 0.516192 0.507696 0.512952 0.508950 0.509707 0.509069 0.508432 0.508742 0.505276 0.507167 0.503573 0.504180 0.502072 0.500480 0.502195 0.497120 0.504614 0.494207 0.507828 0.492078 0.511273 0.490793 0.515659 0.492071 0.518432 0.494494 0.518468 0.495014
0 0.497933 0.482647 0.498039 0.484206 0.498594 0.484691 0.498804 0.487809 0.498319 0.488364 0.498390 0.489403 0.497905 0.489958 0.497940 0.490477 0.497456 0.491032 0.497526 0.492071 0.496556 0.493181 0.496038 0.493216 0.495552 0.493771 0.495033 0.493806 0.494548 0.494361 0.491308 0.495615 0.488064 0.495734 0.486788 0.495407 0.483632 0.493832 0.481929 0.490845 0.480428 0.487145 0.480552 0.483784 0.482970 0.480872 0.486185 0.478743 0.489629 0.477458 0.494015 0.478736 0.496789 0.481159 0.496824 0.481679
0 0.507082 0.427573 0.507188 0.429132 0.507743 0.429617 0.507954 0.432735 0.507469 0.433289 0.507539 0.434328 0.507054 0.434884 0.507089 0.435403 0.506605 0.435958 0.506675 0.436997 0.505705 0.438107 0.505187 0.438142 0.504702 0.438697 0.504182 0.438732 0.503697 0.439286 0.500457 0.440540 0.497213 0.440660 0.495937 0.440333 0.492781 0.438758 0.491078 0.435771 0.489577 0.432070 0.489701 0.428710 0.492119 0.425797 0.495334 0.423669 0.498778 0.422384 0.503164 0.423662 0.505938 0.426085 0.505973 0.426604
0 0.525691 0.428645 0.525796 0.430203 0.526351 0.430688 0.526561 0.433806 0.526077 0.434361 0.526147 0.435400 0.525662 0.435955 0.525698 0.436474 0.525213 0.437029 0.525283 0.438068 0.524314 0.439178 0.523794 0.439213 0.523310 0.439768 0.522790 0.439803 0.522305 0.440358 0.519065 0.441612 0.515821 0.441731 0.514545 0.441404 0.511389 0.439829 0.509686 0.436842 0.508185 0.433142 0.508309 0.429781 0.510728 0.426869 0.513942 0.424740 0.517387 0.423455 0.521772 0.424733 0.524546 0.427156 0.524581 0.427676
0 0.512246 0.449752 0.512212 0.452735 0.511309 0.455620 0.507280 0.457641 0.503776 0.457933 0.501145 0.456150 0.499549 0.453434 0.499999 0.450302 0.500483 0.449748 0.500377 0.448189 0.501347 0.447080 0.503688 0.446173 0.506077 0.445540 0.509627 0.445998
0 0.501609 0.458228 0.502038 0.460706 0.500944 0.463079 0.497903 0.463702 0.495796 0.462261 0.495621 0.459662 0.496070 0.458588 0.497524 0.456924 0.499555 0.457217
0 0.433511 0.537600 0.433940 0.540078 0.432845 0.542451 0.429805 0.543074 0.427698 0.541633 0.427522 0.539035 0.427972 0.537960 0.429425 0.536296 0.431457 0.536589
0 0.420836 0.543949 0.420941 0.545508 0.421496 0.545993 0.421706 0.549111 0.421222 0.549666 0.421292 0.550705 0.420807 0.551260 0.420842 0.551779 0.420358 0.552334 0.420428 0.553373 0.419458 0.554483 0.418940 0.554518 0.418455 0.555073 0.417935 0.555108 0.417450 0.555663 0.414210 0.556917 0.410966 0.557036 0.409690 0.556709 0.406534 0.555134 0.404831 0.552147 0.403330 0.548447 0.403454 0.545086 0.405872 0.542174 0.409086 0.540045 0.412531 0.538760 0.416917 0.540038 0.419691 0.542461 0.419726 0.542981
0 0.391610 0.499082 0.391715 0.500642 0.392270 0.501126 0.392481 0.504244 0.391996 0.504799 0.392066 0.505838 0.391581 0.506392 0.391616 0.506912 0.391132 0.507467 0.391202 0.508507 0.390233 0.509616 0.389714 0.509651 0.389229 0.510206 0.388709 0.510241 0.388225 0.510796 0.384984 0.512050 0.381740 0.512169 0.380464 0.511842 0.377308 0.510267 0.375605 0.507281 0.374104 0.503580 0.374227 0.500219 0.376646 0.497307 0.379861 0.495178 0.383306 0.493893 0.387691 0.495171 0.390465 0.497594 0.390500 0.498114
0 0.371343 0.490623 0.371449 0.492182 0.372003 0.492667 0.372214 0.495785 0.371730 0.496340 0.371800 0.497379 0.371315 0.497933 0.371350 0.498453 0.370865 0.499008 0.370935 0.500047 0.369966 0.501157 0.369447 0.501192 0.368963 0.501746 0.368442 0.501782 0.367958 0.502336 0.364718 0.503591 0.361473 0.503710 0.360198 0.503382 0.357042 0.501808 0.355339 0.498821 0.353838 0.495120 0.353961 0.491760 0.356380 0.488847 0.359595 0.486719 0.363039 0.485434 0.367424 0.486712 0.370198 0.489134 0.370233 0.489655
0 0.372247 0.467735 0.372352 0.469294 0.372907 0.469779 0.373118 0.472897 0.372633 0.473451 0.372703 0.474491 0.372219 0.475045 0.372254 0.475565 0.371769 0.476120 0.371839 0.477159 0.370870 0.478269 0.370351 0.478304 0.369866 0.478858 0.369347 0.478893 0.368862 0.479448 0.365622 0.480702 0.362377 0.480822 0.361102 0.480494 0.357946 0.478920 0.356242 0.475933 0.354742 0.472232 0.354865 0.468872 0.357284 0.465959 0.360498 0.463831 0.363943 0.462546 0.368329 0.463824 0.371102 0.466246 0.371137 0.466767
0 0.358932 0.448296 0.358967 0.448816 0.360077 0.449785 0.360147 0.450824 0.360702 0.451308 0.360843 0.453387 0.360358 0.453942 0.360533 0.456540 0.360049 0.457095 0.360119 0.458134 0.359149 0.459244 0.359184 0.459764 0.357731 0.461428 0.357212 0.461463 0.356727 0.462018 0.356207 0.462053 0.355723 0.462607 0.354684 0.462678 0.354199 0.463232 0.350041 0.463513 0.349488 0.463029 0.346888 0.463204 0.346334 0.462720 0.344255 0.462860 0.342592 0.461406 0.342557 0.460887 0.342001 0.460402 0.341966 0.459882 0.340857 0.458913 0.340822 0.458394 0.340266 0.457909 0.339915 0.452712 0.340885 0.451603 0.340850 0.451084 0.342303 0.449419 0.342268 0.448900 0.343238 0.447790 0.343757 0.447755 0.344242 0.447200 0.346320 0.447060 0.346805 0.446505 0.348364 0.446400 0.348848 0.445845 0.352486 0.445599 0.353041 0.446084 0.354080 0.446014 0.354635 0.446498 0.355674 0.446428 0.356229 0.446913 0.356748 0.446878 0.357304 0.447362 0.357822 0.447327
0 0.343877 0.428909 0.343912 0.429430 0.345022 0.430399 0.345092 0.431437 0.345647 0.431922 0.345787 0.434001 0.345303 0.434555 0.345478 0.437154 0.344993 0.437709 0.345063 0.438748 0.344094 0.439857 0.344130 0.440377 0.342676 0.442041 0.342156 0.442076 0.341672 0.442631 0.341152 0.442666 0.340668 0.443221 0.339629 0.443291 0.339144 0.443846 0.334986 0.444127 0.334432 0.443642 0.331833 0.443817 0.331278 0.443333 0.329200 0.443473 0.327536 0.442020 0.327501 0.441500 0.326946 0.441015 0.326911 0.440496 0.325801 0.439527 0.325766 0.439008 0.325212 0.438523 0.324861 0.433326 0.325830 0.432217 0.325795 0.431697 0.327248 0.430033 0.327213 0.429513 0.328182 0.428403 0.328702 0.428368 0.329187 0.427814 0.331265 0.427673 0.331749 0.427119 0.333309 0.427013 0.333793 0.426458 0.337431 0.426213 0.337985 0.426697 0.339025 0.426627 0.339580 0.427112 0.340619 0.427041 0.341173 0.427526 0.341694 0.427491 0.342248 0.427975 0.342767 0.427940
0 0.401252 0.400800 0.401287 0.401319 0.402397 0.402288 0.402467 0.403327 0.403022 0.403812 0.403162 0.405891 0.402677 0.406446 0.402853 0.409044 0.402368 0.409598 0.402439 0.410637 0.401469 0.411747 0.401504 0.412267 0.400051 0.413931 0.399531 0.413966 0.399046 0.414521 0.398527 0.414556 0.398043 0.415111 0.397003 0.415181 0.396519 0.415736 0.392361 0.416017 0.391807 0.415532 0.389208 0.415708 0.388653 0.415223 0.386575 0.415364 0.384911 0.413910 0.384876 0.413390 0.384321 0.412906 0.384286 0.412386 0.383176 0.411416 0.383141 0.410897 0.382586 0.410413 0.382235 0.405216 0.383205 0.404106 0.383170 0.403587 0.384623 0.401923 0.384588 0.401403 0.385557 0.400294 0.386077 0.400259 0.386561 0.399704 0.388640 0.399563 0.389125 0.399009 0.390684 0.398903 0.391168 0.398349 0.394805 0.398103 0.395360 0.398587 0.396400 0.398517 0.396955 0.399002 0.397993 0.398932 0.398548 0.399416 0.399068 0.399381 0.399623 0.399866 0.400142 0.399830
0 0.445117 0.375286 0.445671 0.375771 0.446192 0.375736 0.446745 0.376220 0.447265 0.376185 0.447820 0.376670 0.448340 0.376635 0.448895 0.377119 0.449414 0.377084 0.449968 0.377569 0.450489 0.377534 0.451043 0.378018 0.451563 0.377982 0.452118 0.378467 0.452638 0.378432 0.453192 0.378917 0.453227 0.379436 0.453782 0.379921 0.453922 0.382000 0.454477 0.382484 0.454582 0.384043 0.453613 0.385152 0.453648 0.385672 0.453164 0.386227 0.453200 0.386746 0.452230 0.387856 0.451710 0.387891 0.451226 0.388446 0.450706 0.388481 0.450221 0.389036 0.449182 0.389106 0.448698 0.389661 0.447139 0.389766 0.446654 0.390321 0.444057 0.390497 0.443501 0.390012 0.442462 0.390082 0.441907 0.389598 0.440867 0.389668 0.440313 0.389183 0.439793 0.389218 0.437020 0.386795 0.436985 0.386276 0.436430 0.385791 0.436079 0.380594 0.436563 0.380040 0.436528 0.379520 0.437048 0.379485 0.438017 0.378376 0.438537 0.378341 0.439021 0.377786 0.439541 0.377751 0.440025 0.377196 0.440545 0.377161 0.441030 0.376606 0.441549 0.376571 0.442034 0.376017 0.442553 0.375981 0.443039 0.375427
0 0.450474 0.395499 0.451029 0.395984 0.451549 0.395949 0.452103 0.396433 0.452623 0.396398 0.453178 0.396883 0.453698 0.396848 0.454252 0.397332 0.454771 0.397297 0.455326 0.397782 0.455846 0.397747 0.456401 0.398231 0.456921 0.398195 0.457476 0.398680 0.457996 0.398645 0.458549 0.399130 0.458585 0.399649 0.459139 0.400134 0.459280 0.402213 0.459835 0.402697 0.459940 0.404256 0.458971 0.405365 0.459006 0.405885 0.458522 0.406440 0.458557 0.406959 0.457588 0.408069 0.457068 0.408104 0.456583 0.408659 0.456063 0.408694 0.455579 0.409249 0.454540 0.409319 0.454056 0.409874 0.452497 0.409979 0.452012 0.410534 0.449414 0.410710 0.448859 0.410225 0.447820 0.410295 0.447264 0.409811 0.446225 0.409881 0.445671 0.409396 0.445151 0.409431 0.442377 0.407008 0.442342 0.406488 0.441788 0.406004 0.441437 0.400807 0.441921 0.400253 0.441886 0.399733 0.442406 0.399698 0.443374 0.398589 0.443895 0.398554 0.444379 0.397999 0.444899 0.397964 0.445383 0.397409 0.445902 0.397374 0.446387 0.396819 0.446907 0.396784 0.447392 0.396230 0.447911 0.396194 0.448396 0.395640
0 0.333699 0.390002 0.333666 0.392986 0.332762 0.395870 0.328734 0.397891 0.325229 0.398184 0.322599 0.396400 0.321002 0.393684 0.321452 0.390553 0.321936 0.389999 0.321831 0.388440 0.322800 0.387330 0.325141 0.386423 0.327531 0.385791 0.331080 0.386248
0 0.349135 0.354346 0.349101 0.357329 0.348198 0.360214 0.344169 0.362235 0.340665 0.362528 0.338034 0.360744 0.336438 0.358028 0.336888 0.354897 0.337372 0.354342 0.337266 0.352783 0.338236 0.351673 0.340576 0.350766 0.342966 0.350134 0.346516 0.350592
0 0.318373 0.380911 0.318478 0.382470 0.319033 0.382955 0.319243 0.386073 0.318759 0.386627 0.318829 0.387666 0.318344 0.388221 0.318379 0.388741 0.317894 0.389296 0.317965 0.390335 0.316996 0.391445 0.316476 0.391480 0.315992 0.392035 0.315472 0.392070 0.314987 0.392624 0.311747 0.393878 0.308503 0.393998 0.307227 0.393671 0.304071 0.392096 0.302368 0.389109 0.300867 0.385408 0.300990 0.382048 0.303410 0.379135 0.306624 0.377007 0.310069 0.375722 0.314454 0.377000 0.317228 0.379423 0.317263 0.379942
0 0.295919 0.429771 0.296024 0.431329 0.296579 0.431814 0.296789 0.434933 0.296305 0.435487 0.296375 0.436526 0.295890 0.437081 0.295925 0.437600 0.295440 0.438155 0.295511 0.439195 0.294541 0.440305 0.294023 0.440340 0.293538 0.440894 0.293018 0.440929 0.292533 0.441484 0.289293 0.442738 0.286049 0.442857 0.284773 0.442530 0.281617 0.440955 0.279914 0.437968 0.278413 0.434268 0.278536 0.430908 0.280955 0.427995 0.284169 0.425866 0.287614 0.424582 0.292000 0.425859 0.294774 0.428282 0.294809 0.428802
0 0.254983 0.440178 0.255018 0.440697 0.256128 0.441666 0.256198 0.442705 0.256753 0.443190 0.256893 0.445268 0.256409 0.445823 0.256584 0.448422 0.256100 0.448977 0.256170 0.450015 0.255200 0.451125 0.255235 0.451645 0.253782 0.453309 0.253262 0.453344 0.252777 0.453899 0.252258 0.453934 0.251774 0.454489 0.250734 0.454559 0.250250 0.455114 0.246092 0.455395 0.245538 0.454910 0.242939 0.455086 0.242384 0.454601 0.240306 0.454741 0.238642 0.453287 0.238607 0.452768 0.238052 0.452283 0.238017 0.451763 0.236907 0.450794 0.236872 0.450275 0.236317 0.449791 0.235966 0.444594 0.236936 0.443484 0.236901 0.442965 0.238354 0.441301 0.238319 0.440781 0.239288 0.439671 0.239808 0.439636 0.240293 0.439081 0.242371 0.438941 0.242856 0.438386 0.244415 0.438281 0.244899 0.437726 0.248536 0.437480 0.249092 0.437965 0.250131 0.437895 0.250686 0.438379 0.251724 0.438309 0.252280 0.438794 0.252799 0.438759 0.253354 0.439243 0.253873 0.439208
0 0.262189 0.376057 0.262155 0.379040 0.261251 0.381925 0.257223 0.383946 0.253719 0.384239 0.251087 0.382455 0.249492 0.379739 0.249942 0.376608 0.250425 0.376054 0.250320 0.374495 0.251289 0.373385 0.253630 0.372477 0.256019 0.371846 0.259569 0.372303
0 0.242425 0.391358 0.242391 0.394341 0.241488 0.397226 0.237459 0.399247 0.233955 0.399539 0.231324 0.397755 0.229729 0.395039 0.230178 0.391908 0.230662 0.391354 0.230557 0.389795 0.231526 0.388685 0.233867 0.387778 0.236257 0.387146 0.239806 0.387604
0 0.262749 0.354605 0.262715 0.357588 0.261811 0.360473 0.257783 0.362494 0.254278 0.362786 0.251647 0.361003 0.250052 0.358286 0.250501 0.355155 0.250985 0.354601 0.250880 0.353042 0.251849 0.351932 0.254190 0.351025 0.256580 0.350393 0.260129 0.350851
0 0.191840 0.328759 0.191806 0.331742 0.190903 0.334628 0.186874 0.336648 0.183370 0.336941 0.180739 0.335157 0.179143 0.332441 0.179592 0.329310 0.180077 0.328755 0.179971 0.327196 0.180940 0.326087 0.183281 0.325180 0.185671 0.324547 0.189221 0.325006
0 0.219143 0.359063 0.219109 0.362046 0.218205 0.364931 0.214177 0.366952 0.210673 0.367244 0.208041 0.365461 0.206446 0.362745 0.206895 0.359613 0.207379 0.359059 0.207274 0.357500 0.208243 0.356391 0.210584 0.355484 0.212974 0.354852 0.216524 0.355309
0 0.174254 0.324918 0.174346 0.330204 0.171277 0.332066 0.167772 0.332358 0.165141 0.330575 0.164541 0.326103 0.166664 0.323247 0.169179 0.322283 0.171845 0.322566
0 0.209998 0.303429 0.210103 0.304988 0.210658 0.305473 0.211009 0.310669 0.210525 0.311223 0.210630 0.312783 0.210145 0.313338 0.209626 0.313373 0.208656 0.314482 0.208136 0.314517 0.207651 0.315072 0.206093 0.315177 0.205608 0.315732 0.203530 0.315873 0.203045 0.316427 0.197849 0.316778 0.197295 0.316294 0.195735 0.316399 0.195181 0.315914 0.194142 0.315985 0.193586 0.315500 0.192547 0.315570 0.190883 0.314117 0.190848 0.313597 0.190293 0.313112 0.190152 0.311034 0.189598 0.310549 0.189457 0.308471 0.189942 0.307916 0.189801 0.305837 0.190287 0.305282 0.190251 0.304763 0.190736 0.304208 0.190701 0.303689 0.192154 0.302024 0.192674 0.301989 0.194128 0.300325 0.195167 0.300255 0.195651 0.299700 0.196691 0.299630 0.197174 0.299075 0.201332 0.298794 0.201887 0.299279 0.203446 0.299174 0.204001 0.299658 0.205040 0.299588 0.206150 0.300557 0.206669 0.300522
0 0.166049 0.292177 0.166084 0.292697 0.166639 0.293182 0.166674 0.293702 0.166190 0.294257 0.166435 0.297894 0.165951 0.298448 0.166021 0.299488 0.165536 0.300042 0.165606 0.301082 0.165122 0.301637 0.165157 0.302156 0.163704 0.303820 0.162664 0.303891 0.162179 0.304445 0.161140 0.304516 0.160656 0.305070 0.159616 0.305140 0.159132 0.305695 0.157053 0.305836 0.156568 0.306390 0.156049 0.306426 0.155495 0.305941 0.153936 0.306046 0.153380 0.305562 0.151302 0.305702 0.150747 0.305218 0.149189 0.305323 0.148634 0.304838 0.148114 0.304873 0.147559 0.304389 0.147039 0.304424 0.145931 0.303455 0.145861 0.302416 0.145305 0.301932 0.145270 0.301411 0.144715 0.300927 0.144680 0.300407 0.144126 0.299923 0.143880 0.296286 0.144364 0.295731 0.144259 0.294171 0.145712 0.292507 0.145677 0.291988 0.147616 0.289768 0.148136 0.289733 0.148620 0.289179 0.149659 0.289108 0.150144 0.288554 0.151183 0.288484 0.151667 0.287929 0.152707 0.287859 0.153192 0.287304 0.156829 0.287059 0.157383 0.287543 0.158943 0.287438 0.159498 0.287922 0.160536 0.287852 0.161091 0.288336 0.161611 0.288301 0.162721 0.289270 0.163240 0.289235 0.164904 0.290689 0.164939 0.291208
0 0.244344 0.284347 0.244449 0.285906 0.245004 0.286391 0.245214 0.289508 0.244730 0.290063 0.244800 0.291102 0.244315 0.291657 0.244350 0.292176 0.243866 0.292732 0.243936 0.293771 0.242966 0.294881 0.242448 0.294916 0.241963 0.295470 0.241443 0.295505 0.240958 0.296060 0.237718 0.297314 0.234474 0.297434 0.233198 0.297106 0.230042 0.295532 0.228339 0.292545 0.226838 0.288844 0.226962 0.285484 0.229381 0.282571 0.232595 0.280443 0.236039 0.279157 0.240425 0.280436 0.243199 0.282858 0.243234 0.283378
0 0.189097 0.262068 0.189189 0.267354 0.186119 0.269216 0.182615 0.269508 0.179984 0.267725 0.179384 0.263253 0.181507 0.260397 0.184022 0.259433 0.186688 0.259716
0 0.076637 0.380498 0.076730 0.385784 0.073660 0.387646 0.070156 0.387939 0.067525 0.386155 0.066924 0.381683 0.069048 0.378828 0.071563 0.377864 0.074229 0.378147
0 0.090481 0.375710 0.090573 0.380996 0.087504 0.382858 0.084000 0.383150 0.081368 0.381367 0.080768 0.376895 0.082891 0.374039 0.085407 0.373075 0.088072 0.373358
0 0.066938 0.370717 0.066905 0.373700 0.066001 0.376586 0.061972 0.378606 0.058468 0.378899 0.055837 0.377115 0.054241 0.374399 0.054691 0.371267 0.055175 0.370713 0.055070 0.369154 0.056039 0.368045 0.058380 0.367138 0.060769 0.366505 0.064319 0.366963
0 0.019527 0.369606 0.019620 0.374893 0.016550 0.376755 0.013046 0.377047 0.010415 0.375264 0.009815 0.370792 0.011937 0.367936 0.014453 0.366972 0.017119 0.367255
0 0.000000 0.352329 0.000000 0.357615 0.000000 0.359478 0.000000 0.359770 0.000000 0.357987 0.000000 0.353515 0.000000 0.350659 0.000000 0.349695 0.000000 0.349978
0 0.000000 0.298824 0.000000 0.304110 0.000000 0.305972 0.000000 0.306264 0.000000 0.304481 0.000000 0.300009 0.000000 0.297153 0.000000 0.296189 0.000000 0.296472
0 0.012336 0.287768 0.012428 0.293055 0.009359 0.294916 0.005854 0.295209 0.003224 0.293425 0.002623 0.288953 0.004746 0.286098 0.007261 0.285134 0.009927 0.285417
0 0.026761 0.319085 0.027314 0.319569 0.029394 0.319429 0.029949 0.319914 0.030987 0.319843 0.031542 0.320327 0.032582 0.320257 0.033137 0.320742 0.033655 0.320707 0.034211 0.321191 0.034730 0.321156 0.035285 0.321641 0.035320 0.322160 0.036430 0.323129 0.036465 0.323649 0.037020 0.324134 0.037090 0.325173 0.036606 0.325728 0.036711 0.327287 0.036226 0.327841 0.036297 0.328881 0.034842 0.330545 0.034322 0.330580 0.033839 0.331135 0.033319 0.331170 0.032834 0.331725 0.031795 0.331795 0.031311 0.332350 0.030272 0.332420 0.029786 0.332975 0.026668 0.333186 0.026114 0.332701 0.025075 0.332771 0.024520 0.332286 0.024001 0.332321 0.023445 0.331837 0.022926 0.331872 0.020707 0.329934 0.020497 0.326816 0.019941 0.326332 0.019906 0.325812 0.020391 0.325257 0.020356 0.324737 0.021324 0.323628 0.021289 0.323108 0.023228 0.320889 0.023748 0.320854 0.024233 0.320300 0.024752 0.320265 0.025236 0.319710 0.026276 0.319640
0 0.095212 0.274177 0.095304 0.279463 0.092234 0.281325 0.088730 0.281617 0.086099 0.279834 0.085499 0.275362 0.087622 0.272506 0.090137 0.271542 0.092803 0.271825
0 0.142313 0.431973 0.142405 0.437260 0.139336 0.439122 0.135832 0.439414 0.133200 0.437631 0.132600 0.433159 0.134723 0.430303 0.137239 0.429339 0.139904 0.429622
0 0.178202 0.434366 0.178295 0.439652 0.175225 0.441514 0.171721 0.441806 0.169090 0.440023 0.168490 0.435551 0.170613 0.432695 0.173128 0.431731 0.175794 0.432014
0 0.166782 0.433744 0.166875 0.439031 0.163805 0.440893 0.160301 0.441185 0.157670 0.439402 0.157070 0.434930 0.159193 0.432074 0.161708 0.431110 0.164374 0.431393
0 0.110111 0.432369 0.110077 0.435352 0.109174 0.438237 0.105145 0.440258 0.101641 0.440550 0.099010 0.438767 0.097415 0.436051 0.097864 0.432920 0.098348 0.432366 0.098243 0.430806 0.099212 0.429697 0.101553 0.428789 0.103943 0.428158 0.107492 0.428615
0 0.128112 0.431870 0.128078 0.434853 0.127174 0.437738 0.123146 0.439759 0.119641 0.440051 0.117011 0.438267 0.115415 0.435551 0.115864 0.432420 0.116348 0.431865 0.116243 0.430307 0.117212 0.429197 0.119553 0.428290 0.121943 0.427658 0.125493 0.428116
0 0.013095 0.436123 0.013061 0.439107 0.012158 0.441992 0.008129 0.444013 0.004625 0.444305 0.001995 0.442522 0.000399 0.439805 0.000848 0.436674 0.001332 0.436120 0.001227 0.434561 0.002196 0.433451 0.004537 0.432544 0.006927 0.431912 0.010476 0.432370
0 0.018414 0.459444 0.018380 0.462427 0.017477 0.465312 0.013448 0.467333 0.009944 0.467625 0.007313 0.465842 0.005717 0.463126 0.006167 0.459995 0.006651 0.459441 0.006545 0.457881 0.007515 0.456772 0.009856 0.455864 0.012245 0.455233 0.015795 0.455690
0 0.039734 0.445468 0.039700 0.448451 0.038796 0.451336 0.034768 0.453357 0.031264 0.453649 0.028633 0.451866 0.027037 0.449149 0.027487 0.446018 0.027970 0.445464 0.027865 0.443905 0.028835 0.442796 0.031176 0.441888 0.033565 0.441256 0.037114 0.441714
0 0.090989 0.501531 0.091081 0.506818 0.088011 0.508680 0.084508 0.508973 0.081876 0.507189 0.081276 0.502717 0.083399 0.499861 0.085915 0.498897 0.088580 0.499180
0 0.083599 0.494663 0.083692 0.499949 0.080622 0.501812 0.077118 0.502103 0.074487 0.500320 0.073887 0.495848 0.076010 0.492992 0.078525 0.492028 0.081191 0.492311
0 0.070786 0.492495 0.070879 0.497782 0.067809 0.499644 0.064305 0.499936 0.061674 0.498153 0.061074 0.493681 0.063196 0.490825 0.065712 0.489861 0.068378 0.490144
0 0.047177 0.503792 0.047143 0.506776 0.046240 0.509661 0.042211 0.511681 0.038707 0.511974 0.036076 0.510190 0.034480 0.507474 0.034930 0.504343 0.035414 0.503789 0.035308 0.502230 0.036278 0.501120 0.038619 0.500213 0.041009 0.499581 0.044558 0.500039
0 0.033704 0.544583 0.035042 0.541268 0.036012 0.540159 0.036531 0.540124 0.037500 0.539014 0.038019 0.538979 0.038504 0.538424 0.039024 0.538389 0.039992 0.537280 0.046228 0.536859 0.046783 0.537343 0.048861 0.537203 0.049416 0.537687 0.049936 0.537652 0.051046 0.538621 0.051566 0.538586 0.052674 0.539555 0.053195 0.539520 0.054221 0.541101 0.055026 0.542690 0.056054 0.545128 0.056547 0.547559 0.055779 0.551391 0.054516 0.553983 0.052538 0.556951 0.049070 0.558541 0.046099 0.559564 0.043589 0.559528 0.040393 0.559046 0.036444 0.556560 0.034238 0.553709 0.033596 0.550762 0.033069 0.547954
0 0.025507 0.528372 0.025599 0.533658 0.022529 0.535520 0.019025 0.535812 0.016394 0.534029 0.015794 0.529557 0.017917 0.526701 0.020432 0.525737 0.023098 0.526020
0 0.019204 0.572277 0.019297 0.577564 0.016226 0.579426 0.012723 0.579718 0.010091 0.577935 0.009491 0.573462 0.011614 0.570607 0.014130 0.569643 0.016795 0.569926
0 0.026731 0.590373 0.026368 0.594286 0.023304 0.597630 0.018327 0.598716 0.014953 0.597673 0.012735 0.595734 0.011000 0.593241 0.010824 0.590643 0.011204 0.588529 0.012785 0.585360 0.017115 0.583563 0.020523 0.582956 0.022911 0.584084 0.025645 0.586372
0 0.047163 0.584203 0.046799 0.588115 0.043736 0.591460 0.038759 0.592545 0.035386 0.591502 0.033167 0.589564 0.031432 0.587070 0.031256 0.584473 0.031636 0.582359 0.033216 0.579190 0.037547 0.577392 0.040955 0.576786 0.043343 0.577914 0.046077 0.580201
0 0.031967 0.618292 0.032060 0.623579 0.028990 0.625441 0.025486 0.625733 0.022855 0.623950 0.022255 0.619478 0.024377 0.616622 0.026893 0.615658 0.029559 0.615941
0 0.129336 0.601981 0.128795 0.605044 0.127272 0.605669 0.124673 0.605844 0.123273 0.604334 0.123263 0.601578 0.124003 0.599972 0.125758 0.599783 0.127861 0.600030
0 0.167526 0.584652 0.166985 0.587715 0.165461 0.588340 0.162863 0.588515 0.161462 0.587005 0.161453 0.584249 0.162193 0.582644 0.163948 0.582455 0.166050 0.582701
0 0.141457 0.658597 0.140916 0.661660 0.139392 0.662285 0.136794 0.662460 0.135393 0.660950 0.135384 0.658194 0.136124 0.656588 0.137879 0.656399 0.139981 0.656646
0 0.213330 0.554209 0.213296 0.557192 0.212393 0.560077 0.208364 0.562098 0.204834 0.561749 0.202540 0.559560 0.201933 0.556463 0.202642 0.552839 0.205436 0.551260 0.208566 0.550532 0.211436 0.551848
0 0.284115 0.603430 0.288933 0.604705 0.293619 0.608146 0.296162 0.612322 0.297082 0.618209 0.295940 0.621904 0.294579 0.623909 0.293324 0.624898 0.293163 0.625409 0.291710 0.627074 0.289541 0.628389 0.287727 0.629347 0.285650 0.630093 0.280972 0.630409 0.279934 0.630479 0.279379 0.629994 0.278339 0.630064 0.277784 0.629580 0.276745 0.629650 0.276191 0.629166 0.275670 0.629201 0.274561 0.628232 0.274041 0.628267 0.272932 0.627298 0.272897 0.626778 0.271232 0.625325 0.271197 0.624805 0.270643 0.624321 0.270608 0.623800 0.270053 0.623316 0.270018 0.622796 0.269463 0.622312 0.269428 0.621792 0.269253 0.619194 0.269077 0.616596 0.269562 0.616041 0.269527 0.615521 0.270011 0.614966 0.269941 0.613927 0.270425 0.613373 0.270355 0.612334 0.272507 0.608772 0.275110 0.606613 0.279029 0.604365
0 0.226098 0.592160 0.227436 0.588846 0.228405 0.587736 0.228925 0.587701 0.229894 0.586591 0.230413 0.586556 0.230898 0.586002 0.231418 0.585967 0.232387 0.584857 0.238622 0.584436 0.239177 0.584920 0.241255 0.584780 0.241811 0.585265 0.242330 0.585229 0.243440 0.586199 0.243960 0.586163 0.245069 0.587132 0.245588 0.587097 0.246615 0.588679 0.247420 0.590268 0.248448 0.592705 0.248941 0.595137 0.248173 0.598968 0.246909 0.601560 0.244932 0.604529 0.241464 0.606119 0.238493 0.607141 0.235983 0.607105 0.232787 0.606623 0.228838 0.604137 0.226632 0.601286 0.225990 0.598340 0.225463 0.595531
0 0.185355 0.522196 0.184992 0.526108 0.181928 0.529453 0.176951 0.530538 0.173578 0.529495 0.171360 0.527557 0.169625 0.525063 0.169449 0.522466 0.169828 0.520352 0.171409 0.517183 0.175740 0.515385 0.179147 0.514779 0.181536 0.515907 0.184270 0.518194
0 0.181854 0.494286 0.181889 0.494806 0.182999 0.495775 0.183069 0.496813 0.183624 0.497298 0.183764 0.499377 0.183280 0.499931 0.183455 0.502530 0.182970 0.503085 0.183040 0.504124 0.182071 0.505233 0.182106 0.505753 0.180653 0.507417 0.180133 0.507452 0.179648 0.508007 0.179129 0.508043 0.178645 0.508597 0.177605 0.508667 0.177120 0.509222 0.172963 0.509503 0.172409 0.509018 0.169810 0.509194 0.169255 0.508709 0.167177 0.508850 0.165513 0.507396 0.165478 0.506876 0.164923 0.506391 0.164888 0.505872 0.163778 0.504903 0.163743 0.504384 0.163188 0.503899 0.162837 0.498702 0.163806 0.497593 0.163771 0.497073 0.165224 0.495409 0.165189 0.494890 0.166159 0.493780 0.166678 0.493744 0.167164 0.493190 0.169242 0.493049 0.169726 0.492495 0.171286 0.492389 0.171770 0.491834 0.175407 0.491589 0.175962 0.492073 0.177002 0.492003 0.177557 0.492488 0.178595 0.492417 0.179150 0.492902 0.179670 0.492867 0.180225 0.493351 0.180744 0.493316
0 0.162811 0.510700 0.162448 0.514612 0.159384 0.517957 0.154408 0.519042 0.151034 0.517999 0.148815 0.516060 0.147080 0.513568 0.146905 0.510970 0.147285 0.508856 0.148865 0.505686 0.153196 0.503889 0.156604 0.503283 0.158991 0.504411 0.161726 0.506698
0 0.152251 0.482770 0.152217 0.485754 0.151314 0.488639 0.147285 0.490660 0.143755 0.490311 0.141461 0.488122 0.140854 0.485024 0.141563 0.481401 0.144357 0.479822 0.147487 0.479094 0.150357 0.480409
0 0.112829 0.476069 0.114168 0.472754 0.115137 0.471645 0.115657 0.471610 0.116625 0.470500 0.117145 0.470465 0.117630 0.469910 0.118150 0.469875 0.119118 0.468766 0.125354 0.468345 0.125909 0.468829 0.127987 0.468689 0.128542 0.469173 0.129062 0.469138 0.130172 0.470107 0.130691 0.470072 0.131800 0.471041 0.132320 0.471006 0.133347 0.472588 0.134152 0.474177 0.135180 0.476614 0.135673 0.479045 0.134905 0.482877 0.133642 0.485469 0.131664 0.488437 0.128196 0.490028 0.125225 0.491050 0.122715 0.491014 0.119518 0.490532 0.115570 0.488046 0.113364 0.485195 0.112721 0.482249 0.112194 0.479440
0 0.276716 0.314257 0.276682 0.317240 0.275779 0.320126 0.271750 0.322146 0.268246 0.322438 0.265615 0.320655 0.264019 0.317939 0.264469 0.314807 0.264953 0.314253 0.264847 0.312694 0.265817 0.311585 0.268157 0.310678 0.270547 0.310045 0.274097 0.310503
0 0.390529 0.361727 0.390495 0.364711 0.389591 0.367596 0.385563 0.369616 0.382059 0.369909 0.379428 0.368125 0.377832 0.365409 0.378282 0.362278 0.378765 0.361724 0.378660 0.360165 0.379630 0.359055 0.381971 0.358148 0.384360 0.357516 0.387909 0.357974
0 0.449337 0.322046 0.449304 0.325030 0.448400 0.327915 0.444371 0.329936 0.440867 0.330228 0.438236 0.328445 0.436640 0.325728 0.437090 0.322597 0.437574 0.322043 0.437469 0.320484 0.438438 0.319374 0.440779 0.318467 0.443168 0.317835 0.446718 0.318293
0 0.462677 0.287355 0.463106 0.289834 0.462012 0.292207 0.458972 0.292830 0.456865 0.291388 0.456689 0.288790 0.457139 0.287716 0.458592 0.286051 0.460623 0.286345
0 0.450754 0.269091 0.451183 0.271570 0.450089 0.273943 0.447049 0.274566 0.444941 0.273124 0.444766 0.270526 0.445215 0.269452 0.446669 0.267787 0.448700 0.268081
0 0.368620 0.264645 0.368587 0.267628 0.367196 0.269885 0.363506 0.271093 0.360964 0.270370 0.358322 0.268183 0.358103 0.263979 0.360062 0.261066 0.362452 0.260433 0.366002 0.260891
0 0.383118 0.269440 0.383084 0.272423 0.381694 0.274679 0.378003 0.275888 0.375461 0.275165 0.372820 0.272978 0.372600 0.268774 0.374560 0.265860 0.376949 0.265228 0.380498 0.265686
0 0.385456 0.280681 0.385422 0.283665 0.384032 0.285921 0.380444 0.286184 0.378241 0.284800 0.376372 0.282688 0.376908 0.279264 0.379533 0.277425 0.383895 0.277642
0 0.414056 0.272319 0.414091 0.272839 0.414646 0.273324 0.414681 0.273843 0.414196 0.274398 0.414442 0.278036 0.413957 0.278590 0.414027 0.279630 0.413543 0.280184 0.413613 0.281224 0.413128 0.281779 0.413163 0.282298 0.411710 0.283962 0.410671 0.284033 0.410186 0.284587 0.409147 0.284658 0.408663 0.285212 0.407623 0.285283 0.407138 0.285837 0.405060 0.285978 0.404575 0.286532 0.404056 0.286568 0.403501 0.286083 0.401942 0.286188 0.401387 0.285704 0.399309 0.285844 0.398754 0.285360 0.397195 0.285465 0.396640 0.284980 0.396121 0.285015 0.395566 0.284531 0.395046 0.284566 0.393937 0.283596 0.393867 0.282558 0.393312 0.282073 0.393277 0.281553 0.392722 0.281069 0.392687 0.280549 0.392132 0.280065 0.391886 0.276428 0.392371 0.275872 0.392266 0.274313 0.393719 0.272649 0.393684 0.272130 0.395623 0.269911 0.396142 0.269875 0.396626 0.269320 0.397666 0.269250 0.398151 0.268696 0.399189 0.268626 0.399674 0.268071 0.400713 0.268001 0.401198 0.267446 0.404836 0.267200 0.405390 0.267685 0.406949 0.267579 0.407504 0.268064 0.408543 0.267994 0.409098 0.268478 0.409617 0.268443 0.410728 0.269412 0.411247 0.269377 0.412911 0.270831 0.412946 0.271350
0 0.494490 0.316848 0.494456 0.319831 0.493553 0.322716 0.489524 0.324737 0.486020 0.325029 0.483389 0.323246 0.481793 0.320530 0.482243 0.317398 0.482726 0.316844 0.482621 0.315285 0.483591 0.314176 0.485932 0.313269 0.488321 0.312636 0.491870 0.313094
0 0.534999 0.260137 0.534965 0.263120 0.534062 0.266005 0.530033 0.268026 0.526529 0.268318 0.523898 0.266534 0.522302 0.263818 0.522752 0.260687 0.523236 0.260133 0.523130 0.258574 0.524100 0.257464 0.526441 0.256557 0.528830 0.255925 0.532380 0.256383
0 0.544387 0.290895 0.544597 0.294012 0.544112 0.294567 0.544217 0.296126 0.542764 0.297791 0.542245 0.297826 0.541275 0.298935 0.532961 0.299497 0.532406 0.299012 0.531886 0.299047 0.531333 0.298563 0.530813 0.298598 0.529148 0.297144 0.529113 0.296624 0.528558 0.296140 0.528417 0.294062 0.527864 0.293577 0.527793 0.292538 0.528277 0.291983 0.528242 0.291463 0.528727 0.290908 0.528692 0.290388 0.529176 0.289834 0.529141 0.289314 0.529626 0.288759 0.529591 0.288240 0.530111 0.288204 0.530595 0.287650 0.531114 0.287615 0.531599 0.287060 0.537315 0.286674 0.537870 0.287159 0.540468 0.286983 0.543242 0.289405 0.543278 0.289925
0 0.472189 0.246902 0.472399 0.250020 0.471914 0.250574 0.472020 0.252133 0.470566 0.253798 0.470047 0.253833 0.469077 0.254943 0.460763 0.255504 0.460209 0.255020 0.459688 0.255055 0.459135 0.254570 0.458615 0.254605 0.456950 0.253151 0.456915 0.252632 0.456360 0.252147 0.456220 0.250069 0.455666 0.249584 0.455596 0.248545 0.456079 0.247990 0.456044 0.247471 0.456529 0.246915 0.456494 0.246396 0.456978 0.245841 0.456943 0.245321 0.457428 0.244767 0.457393 0.244247 0.457913 0.244212 0.458398 0.243658 0.458916 0.243623 0.459401 0.243068 0.465117 0.242682 0.465672 0.243166 0.468270 0.242991 0.471045 0.245413 0.471080 0.245933
0 0.561491 0.300098 0.561457 0.303081 0.560554 0.305966 0.556525 0.307987 0.553021 0.308279 0.550390 0.306495 0.548794 0.303779 0.549244 0.300648 0.549727 0.300094 0.549622 0.298535 0.550592 0.297425 0.552933 0.296518 0.555322 0.295886 0.558872 0.296344
0 0.610573 0.298669 0.610539 0.301652 0.609636 0.304537 0.605607 0.306558 0.602103 0.306850 0.599472 0.305067 0.597876 0.302350 0.598326 0.299219 0.598809 0.298665 0.598704 0.297106 0.599674 0.295996 0.602014 0.295089 0.604404 0.294457 0.607954 0.294915
0 0.684404 0.290605 0.684614 0.293722 0.684130 0.294277 0.684235 0.295836 0.682782 0.297500 0.682262 0.297535 0.681293 0.298645 0.672979 0.299207 0.672423 0.298722 0.671904 0.298757 0.671349 0.298272 0.670830 0.298307 0.669165 0.296854 0.669130 0.296334 0.668575 0.295849 0.668435 0.293771 0.667881 0.293287 0.667810 0.292247 0.668294 0.291693 0.668259 0.291173 0.668744 0.290618 0.668709 0.290098 0.669194 0.289543 0.669159 0.289024 0.669643 0.288469 0.669608 0.287949 0.670128 0.287914 0.670612 0.287360 0.671132 0.287325 0.671616 0.286770 0.677332 0.286384 0.677887 0.286869 0.680485 0.286693 0.683259 0.289115 0.683294 0.289635
0 0.612723 0.240069 0.612933 0.243186 0.612449 0.243741 0.612554 0.245300 0.611101 0.246964 0.610581 0.246999 0.609612 0.248109 0.601297 0.248671 0.600743 0.248186 0.600223 0.248221 0.599669 0.247737 0.599149 0.247772 0.597484 0.246318 0.597449 0.245798 0.596894 0.245314 0.596754 0.243236 0.596200 0.242751 0.596130 0.241711 0.596614 0.241157 0.596578 0.240637 0.597063 0.240082 0.597028 0.239563 0.597513 0.239008 0.597477 0.238488 0.597962 0.237933 0.597927 0.237414 0.598447 0.237379 0.598932 0.236824 0.599451 0.236789 0.599935 0.236235 0.605651 0.235849 0.606206 0.236333 0.608804 0.236158 0.611579 0.238580 0.611614 0.239099
0 0.795886 0.283210 0.795852 0.286193 0.794949 0.289078 0.791991 0.290427 0.787969 0.290912 0.784511 0.288692 0.784027 0.285470 0.784792 0.281791 0.784587 0.281912 0.787328 0.279630 0.789717 0.278998 0.793267 0.279456
0 0.647791 0.557484 0.647757 0.560467 0.646854 0.563352 0.642825 0.565373 0.639321 0.565665 0.636690 0.563882 0.635094 0.561165 0.635543 0.558034 0.636028 0.557480 0.635922 0.555921 0.636891 0.554812 0.639232 0.553904 0.641622 0.553272 0.645172 0.553730
0 0.823809 0.308514 0.823775 0.311498 0.822871 0.314382 0.819914 0.315732 0.815892 0.316217 0.812434 0.313996 0.811949 0.310775 0.812714 0.307096 0.812509 0.307216 0.815251 0.304935 0.817640 0.304303 0.821189 0.304760
0 0.736378 0.361166 0.736344 0.364149 0.735441 0.367034 0.732483 0.368383 0.728461 0.368868 0.725003 0.366648 0.724519 0.363427 0.725284 0.359748 0.725079 0.359868 0.727820 0.357587 0.730210 0.356954 0.733759 0.357412
0 0.707474 0.434591 0.707440 0.437574 0.706537 0.440459 0.703579 0.441808 0.699557 0.442293 0.696099 0.440073 0.695615 0.436852 0.696380 0.433173 0.696175 0.433293 0.698915 0.431011 0.701305 0.430379 0.704855 0.430837
0 0.681437 0.472565 0.681648 0.475683 0.682202 0.476168 0.682273 0.477207 0.681788 0.477762 0.681823 0.478282 0.681339 0.478836 0.681409 0.479875 0.680924 0.480430 0.680994 0.481469 0.679541 0.483134 0.679021 0.483169 0.678053 0.484279 0.677533 0.484314 0.677049 0.484869 0.674970 0.485009 0.674485 0.485564 0.668768 0.485950 0.668214 0.485465 0.667175 0.485536 0.666620 0.485051 0.666100 0.485086 0.665545 0.484601 0.665026 0.484636 0.663916 0.483667 0.663397 0.483702 0.662287 0.482733 0.662216 0.481694 0.661663 0.481209 0.661593 0.480170 0.661038 0.479686 0.660897 0.477607 0.661382 0.477052 0.661312 0.476013 0.661795 0.475458 0.661725 0.474419 0.664632 0.471091 0.665153 0.471056 0.666122 0.469946 0.666642 0.469910 0.667126 0.469356 0.675960 0.468759 0.676515 0.469243 0.677035 0.469208 0.678144 0.470178 0.678663 0.470143
0 0.707629 0.526618 0.707670 0.529588 0.705674 0.531124 0.704115 0.531229 0.702113 0.529857 0.701808 0.527701 0.702141 0.525555 0.703658 0.524474 0.706390 0.524790
0 0.702824 0.514808 0.702790 0.517791 0.701887 0.520676 0.697858 0.522697 0.694354 0.522989 0.691723 0.521206 0.690127 0.518490 0.690577 0.515358 0.691061 0.514804 0.690956 0.513245 0.691925 0.512136 0.694266 0.511229 0.696656 0.510596 0.700205 0.511054
0 0.670956 0.502263 0.670923 0.505247 0.670019 0.508132 0.665990 0.510153 0.662486 0.510445 0.659855 0.508662 0.658260 0.505945 0.658709 0.502814 0.659193 0.502260 0.659088 0.500701 0.660057 0.499591 0.662398 0.498684 0.664787 0.498052 0.668337 0.498510
0 0.701836 0.463053 0.702047 0.466171 0.702602 0.466655 0.702672 0.467695 0.702187 0.468250 0.702222 0.468769 0.701738 0.469323 0.701808 0.470363 0.701323 0.470917 0.701394 0.471957 0.699940 0.473622 0.699420 0.473657 0.698452 0.474766 0.697932 0.474801 0.697448 0.475356 0.695369 0.475496 0.694884 0.476051 0.689168 0.476437 0.688613 0.475953 0.687574 0.476023 0.687019 0.475538 0.686499 0.475574 0.685945 0.475089 0.685425 0.475124 0.684316 0.474154 0.683796 0.474190 0.682686 0.473220 0.682616 0.472181 0.682062 0.471697 0.681992 0.470657 0.681437 0.470173 0.681296 0.468095 0.681781 0.467540 0.681711 0.466500 0.682195 0.465945 0.682125 0.464906 0.685032 0.461578 0.685552 0.461543 0.686521 0.460433 0.687041 0.460398 0.687525 0.459843 0.696359 0.459246 0.696914 0.459731 0.697434 0.459696 0.698543 0.460665 0.699063 0.460630
0 0.834904 0.533132 0.834945 0.536102 0.832948 0.537638 0.831389 0.537744 0.829388 0.536371 0.829084 0.534216 0.829416 0.532070 0.830933 0.530988 0.833665 0.531305
0 0.827446 0.597489 0.827551 0.599048 0.828106 0.599533 0.828317 0.602650 0.827832 0.603205 0.827902 0.604244 0.827417 0.604799 0.827452 0.605318 0.826968 0.605873 0.827038 0.606913 0.826069 0.608023 0.825550 0.608058 0.825065 0.608612 0.824545 0.608647 0.824061 0.609202 0.820820 0.610456 0.817576 0.610575 0.816301 0.610248 0.813144 0.608674 0.811441 0.605687 0.809941 0.601986 0.810064 0.598626 0.812482 0.595713 0.815697 0.593585 0.819142 0.592299 0.823527 0.593578 0.826301 0.596000 0.826336 0.596520
0 0.838868 0.570686 0.838834 0.573669 0.837931 0.576555 0.833902 0.578576 0.830398 0.578868 0.827767 0.577084 0.826171 0.574368 0.826621 0.571237 0.827105 0.570683 0.827000 0.569123 0.827969 0.568014 0.830310 0.567107 0.832700 0.566475 0.836249 0.566933
0 0.793677 0.547784 0.793712 0.548303 0.794267 0.548788 0.794337 0.549827 0.794892 0.550312 0.794927 0.550831 0.795482 0.551316 0.795622 0.553395 0.795138 0.553950 0.795278 0.556028 0.794793 0.556583 0.794828 0.557102 0.794344 0.557657 0.794379 0.558177 0.793895 0.558731 0.793930 0.559251 0.793445 0.559806 0.793516 0.560846 0.791092 0.563619 0.790573 0.563654 0.790089 0.564209 0.789569 0.564244 0.789084 0.564799 0.784408 0.565114 0.783923 0.565669 0.781325 0.565845 0.780770 0.565360 0.779730 0.565430 0.779175 0.564946 0.778137 0.565016 0.777582 0.564532 0.777062 0.564567 0.776507 0.564082 0.775468 0.564152 0.774913 0.563668 0.774394 0.563703 0.772174 0.561765 0.772139 0.561245 0.771585 0.560760 0.771550 0.560241 0.770995 0.559756 0.770925 0.558717 0.770370 0.558232 0.770019 0.553036 0.770504 0.552481 0.770398 0.550922 0.770883 0.550367 0.770778 0.548809 0.771262 0.548254 0.771781 0.548219 0.772751 0.547109 0.773790 0.547039 0.774274 0.546484 0.775834 0.546379 0.776318 0.545824 0.776838 0.545789 0.777323 0.545234 0.778361 0.545164 0.778846 0.544609 0.779366 0.544574 0.779850 0.544020 0.784527 0.543704 0.785082 0.544188 0.788200 0.543977 0.788755 0.544462 0.789274 0.544427 0.790383 0.545396 0.790903 0.545361
0 0.780693 0.567777 0.780728 0.568296 0.781283 0.568781 0.781354 0.569821 0.781908 0.570305 0.781944 0.570825 0.782498 0.571309 0.782639 0.573388 0.782154 0.573943 0.782295 0.576021 0.781810 0.576576 0.781845 0.577096 0.781360 0.577650 0.781395 0.578170 0.780912 0.578725 0.780947 0.579244 0.780462 0.579799 0.780532 0.580839 0.778109 0.583612 0.777590 0.583647 0.777105 0.584202 0.776585 0.584237 0.776101 0.584792 0.771424 0.585108 0.766195 0.583765 0.761955 0.581160 0.759611 0.575379 0.760136 0.570420 0.762850 0.566372 0.763335 0.565818 0.763855 0.565782 0.764339 0.565228 0.765378 0.565157 0.765863 0.564603 0.766382 0.564568 0.766867 0.564013 0.771544 0.563697 0.772098 0.564182 0.775216 0.563971 0.775771 0.564455 0.776291 0.564420 0.777400 0.565390 0.777920 0.565354
0 0.733218 0.522408 0.733253 0.522928 0.733808 0.523412 0.733878 0.524451 0.734433 0.524936 0.734468 0.525456 0.735023 0.525940 0.735163 0.528019 0.734679 0.528574 0.734819 0.530652 0.734335 0.531207 0.734370 0.531726 0.733885 0.532281 0.733920 0.532801 0.733436 0.533356 0.733471 0.533875 0.732986 0.534430 0.733056 0.535470 0.730633 0.538243 0.730114 0.538278 0.729629 0.538833 0.729110 0.538868 0.728625 0.539423 0.723948 0.539739 0.718719 0.538396 0.714480 0.535791 0.712135 0.530010 0.712660 0.525052 0.715375 0.521003 0.715859 0.520448 0.716379 0.520413 0.716864 0.519858 0.717903 0.519788 0.718387 0.519234 0.718907 0.519198 0.719391 0.518644 0.724068 0.518328 0.724623 0.518812 0.727741 0.518602 0.728296 0.519086 0.728815 0.519051 0.729924 0.520020 0.730444 0.519985
0 0.884820 0.581400 0.884786 0.584383 0.883883 0.587268 0.879854 0.589289 0.876350 0.589581 0.873719 0.587798 0.872123 0.585082 0.872573 0.581950 0.873057 0.581396 0.872952 0.579837 0.873921 0.578728 0.876262 0.577821 0.878651 0.577188 0.882201 0.577646
0 0.918386 0.615927 0.918352 0.618910 0.917448 0.621795 0.913420 0.623816 0.909916 0.624109 0.907284 0.622325 0.905689 0.619609 0.906139 0.616478 0.906622 0.615924 0.906517 0.614365 0.907486 0.613255 0.909827 0.612347 0.912216 0.611716 0.915766 0.612173
0 0.907212 0.603401 0.907178 0.606384 0.906275 0.609269 0.902246 0.611290 0.898742 0.611582 0.896111 0.609799 0.894516 0.607082 0.894965 0.603951 0.895449 0.603397 0.895344 0.601838 0.896313 0.600728 0.898654 0.599821 0.901044 0.599189 0.904593 0.599647
0 0.906869 0.534407 0.906974 0.535967 0.907529 0.536452 0.907740 0.539569 0.907255 0.540124 0.907325 0.541163 0.906840 0.541718 0.906875 0.542237 0.906391 0.542793 0.906461 0.543832 0.905491 0.544942 0.904973 0.544977 0.904488 0.545531 0.903968 0.545566 0.903484 0.546121 0.900243 0.547375 0.896999 0.547495 0.895723 0.547167 0.892567 0.545593 0.890864 0.542606 0.889364 0.538905 0.889487 0.535545 0.891905 0.532632 0.895120 0.530504 0.898565 0.529218 0.902950 0.530497 0.905724 0.532919 0.905759 0.533439
0 0.936219 0.521990 0.936325 0.523549 0.936879 0.524033 0.937090 0.527152 0.936605 0.527707 0.936676 0.528745 0.936190 0.529300 0.936226 0.529820 0.935741 0.530374 0.935811 0.531414 0.934842 0.532524 0.934323 0.532559 0.933838 0.533114 0.933318 0.533149 0.932834 0.533704 0.929593 0.534958 0.926349 0.535076 0.925074 0.534750 0.921918 0.533174 0.920215 0.530188 0.918714 0.526487 0.918837 0.523127 0.921256 0.520214 0.924470 0.518085 0.927915 0.516801 0.932300 0.518078 0.935074 0.520502 0.935109 0.521021
0 0.930086 0.507230 0.930191 0.508788 0.930746 0.509273 0.930957 0.512391 0.930472 0.512946 0.930542 0.513985 0.930058 0.514540 0.930093 0.515059 0.929608 0.515614 0.929678 0.516653 0.928709 0.517763 0.928190 0.517798 0.927705 0.518353 0.927186 0.518388 0.926701 0.518943 0.923461 0.520197 0.920216 0.520316 0.918940 0.519989 0.915784 0.518414 0.914081 0.515427 0.912581 0.511727 0.912704 0.508367 0.915123 0.505454 0.918337 0.503325 0.921781 0.502040 0.926168 0.503318 0.928941 0.505741 0.928976 0.506261
0 0.890060 0.515719 0.890027 0.518702 0.889123 0.521587 0.885094 0.523608 0.881590 0.523900 0.878959 0.522117 0.877364 0.519400 0.877813 0.516269 0.878297 0.515715 0.878192 0.514156 0.879161 0.513046 0.881502 0.512139 0.883892 0.511507 0.887441 0.511965
0 0.861462 0.723082 0.861428 0.726065 0.860525 0.728950 0.856496 0.730971 0.852992 0.731263 0.850361 0.729479 0.848765 0.726763 0.849215 0.723632 0.849699 0.723078 0.849593 0.721519 0.850563 0.720409 0.852903 0.719502 0.855294 0.718870 0.858843 0.719328
0 0.899495 0.730578 0.899536 0.733548 0.897540 0.735084 0.895981 0.735189 0.893979 0.733817 0.893675 0.731661 0.894007 0.729515 0.895524 0.728433 0.898257 0.728751
0 0.914099 0.738791 0.914141 0.741761 0.912145 0.743297 0.910586 0.743402 0.908584 0.742030 0.908280 0.739874 0.908612 0.737728 0.910129 0.736647 0.912861 0.736963
0 0.947069 0.726490 0.947110 0.729460 0.945114 0.730996 0.943555 0.731101 0.941554 0.729729 0.941249 0.727573 0.941582 0.725427 0.943099 0.724346 0.945831 0.724662
0 0.998397 0.682673 0.998397 0.685656 0.998397 0.688542 0.998397 0.690562 0.995407 0.690855 0.992776 0.689071 0.991180 0.686355 0.991630 0.683224 0.992114 0.682669 0.992009 0.681110 0.992978 0.680001 0.995319 0.679094 0.997709 0.678461 0.998397 0.678920
0 0.998397 0.595948 0.998397 0.598931 0.998397 0.601816 0.997280 0.603837 0.993775 0.604130 0.991145 0.602346 0.989549 0.599630 0.989998 0.596499 0.990482 0.595945 0.990377 0.594386 0.991346 0.593276 0.993687 0.592368 0.996077 0.591737 0.998397 0.592194
0 0.961100 0.553931 0.961066 0.556914 0.960163 0.559800 0.956134 0.561820 0.952630 0.562113 0.949999 0.560329 0.948403 0.557613 0.948853 0.554482 0.949337 0.553927 0.949232 0.552368 0.950201 0.551259 0.952542 0.550352 0.954931 0.549719 0.958480 0.550178
0 0.907702 0.688052 0.907807 0.689611 0.908362 0.690095 0.908573 0.693214 0.908088 0.693769 0.908158 0.694807 0.907674 0.695362 0.907709 0.695882 0.907224 0.696436 0.907294 0.697476 0.906325 0.698585 0.905806 0.698620 0.905321 0.699175 0.904801 0.699210 0.904316 0.699765 0.901076 0.701019 0.897832 0.701138 0.896556 0.700812 0.893400 0.699236 0.891698 0.696250 0.890196 0.692549 0.890320 0.689189 0.892739 0.686276 0.895953 0.684147 0.899398 0.682863 0.903784 0.684140 0.906557 0.686564 0.906592 0.687083
0 0.884318 0.678691 0.884284 0.681675 0.883381 0.684560 0.879352 0.686580 0.875847 0.686873 0.873217 0.685090 0.871620 0.682373 0.872070 0.679242 0.872554 0.678688 0.872449 0.677129 0.873418 0.676019 0.875759 0.675112 0.878149 0.674480 0.881698 0.674938
0 0.890901 0.599915 0.890943 0.602885 0.888946 0.604421 0.887387 0.604526 0.885386 0.603154 0.885081 0.600998 0.885414 0.598853 0.886931 0.597771 0.889663 0.598087
0 0.986699 0.425064 0.986804 0.426623 0.987359 0.427108 0.987570 0.430226 0.987085 0.430781 0.987155 0.431820 0.986671 0.432374 0.986706 0.432894 0.986221 0.433449 0.986292 0.434489 0.985322 0.435598 0.984803 0.435633 0.984318 0.436188 0.983799 0.436223 0.983314 0.436778 0.980074 0.438032 0.976829 0.438151 0.975554 0.437824 0.972397 0.436249 0.970695 0.433262 0.969194 0.429562 0.969317 0.426201 0.971736 0.423288 0.974950 0.421160 0.978395 0.419875 0.982781 0.421153 0.985555 0.423576 0.985590 0.424096
0 0.913479 0.437751 0.913446 0.440734 0.912542 0.443619 0.908514 0.445640 0.905009 0.445932 0.902378 0.444148 0.900782 0.441432 0.901232 0.438301 0.901716 0.437746 0.901611 0.436188 0.902580 0.435078 0.904921 0.434171 0.907311 0.433539 0.910860 0.433997
0 0.870328 0.423211 0.870369 0.426181 0.868373 0.427717 0.866814 0.427822 0.864813 0.426450 0.864508 0.424294 0.864841 0.422148 0.866358 0.421067 0.869090 0.421384
0 0.904690 0.398054 0.905209 0.398019 0.906178 0.396910 0.906698 0.396875 0.907183 0.396320 0.908222 0.396250 0.908706 0.395695 0.909746 0.395625 0.910230 0.395070 0.910750 0.395035 0.911305 0.395519 0.913903 0.395344 0.914457 0.395828 0.916017 0.395723 0.916571 0.396208 0.918130 0.396102 0.919240 0.397071 0.919760 0.397036 0.919795 0.397555 0.920904 0.398525 0.920939 0.399044 0.921493 0.399529 0.921529 0.400049 0.922639 0.401018 0.922744 0.402577 0.923299 0.403062 0.923404 0.404620 0.923959 0.405104 0.924134 0.407703 0.923650 0.408258 0.923790 0.410337 0.920883 0.413665 0.920363 0.413700 0.919878 0.414255 0.919358 0.414290 0.918874 0.414845 0.916795 0.414985 0.916311 0.415540 0.909556 0.415996 0.909001 0.415512 0.907962 0.415582 0.906297 0.414128 0.905778 0.414163 0.904668 0.413194 0.904148 0.413229 0.903039 0.412260 0.903004 0.411741 0.902449 0.411256 0.902309 0.409177 0.901754 0.408693 0.901509 0.405055 0.901993 0.404501 0.901853 0.402422 0.902337 0.401867 0.902302 0.401348 0.902786 0.400792 0.902751 0.400273
0 0.971409 0.349772 0.971375 0.352755 0.970471 0.355641 0.966443 0.357662 0.962939 0.357954 0.960307 0.356170 0.958712 0.353454 0.959161 0.350323 0.959645 0.349768 0.959540 0.348209 0.960509 0.347100 0.962850 0.346193 0.965240 0.345560 0.968790 0.346019
0 0.948023 0.370428 0.947989 0.373411 0.947085 0.376297 0.943057 0.378317 0.939552 0.378609 0.936921 0.376826 0.935326 0.374110 0.935775 0.370979 0.936259 0.370425 0.936154 0.368865 0.937123 0.367756 0.939464 0.366849 0.941854 0.366217 0.945403 0.366674
0 0.911815 0.330445 0.911781 0.333428 0.910877 0.336313 0.907919 0.337662 0.903897 0.338147 0.900439 0.335927 0.899955 0.332706 0.900720 0.329026 0.900515 0.329147 0.903256 0.326865 0.905645 0.326233 0.909195 0.326691
0 0.596044 0.518463 0.596010 0.521446 0.595106 0.524331 0.591077 0.526352 0.587574 0.526644 0.584943 0.524861 0.583347 0.522144 0.583797 0.519013 0.584280 0.518459 0.584175 0.516900 0.585144 0.515790 0.587485 0.514883 0.589875 0.514251 0.593424 0.514709
0 0.565468 0.460043 0.565573 0.461602 0.566128 0.462087 0.566339 0.465205 0.565854 0.465760 0.565924 0.466799 0.565439 0.467354 0.565474 0.467873 0.564990 0.468428 0.565060 0.469467 0.564091 0.470577 0.563572 0.470612 0.563087 0.471167 0.562567 0.471202 0.562083 0.471757 0.558843 0.473011 0.555598 0.473130 0.554322 0.472803 0.551166 0.471228 0.549463 0.468241 0.547963 0.464541 0.548086 0.461181 0.550505 0.458268 0.553719 0.456139 0.557164 0.454854 0.561549 0.456132 0.564323 0.458555 0.564358 0.459075
0 0.528211 0.385263 0.528177 0.388246 0.527273 0.391131 0.523245 0.393152 0.519741 0.393444 0.517109 0.391660 0.515514 0.388944 0.515964 0.385813 0.516447 0.385259 0.516342 0.383699 0.517312 0.382590 0.519652 0.381683 0.522042 0.381051 0.525591 0.381509
0 0.552098 0.363512 0.552527 0.365991 0.551433 0.368363 0.548393 0.368987 0.546285 0.367545 0.546110 0.364946 0.546559 0.363872 0.548013 0.362208 0.550045 0.362501
0 0.570866 0.363152 0.570833 0.366135 0.569929 0.369020 0.565901 0.371041 0.562397 0.371333 0.559766 0.369550 0.558170 0.366833 0.558619 0.363702 0.559104 0.363148 0.558998 0.361588 0.559967 0.360479 0.562308 0.359572 0.564698 0.358940 0.568247 0.359398
0 0.465866 0.335060 0.465832 0.338043 0.464928 0.340928 0.460900 0.342949 0.457396 0.343241 0.454764 0.341458 0.453169 0.338742 0.453618 0.335610 0.454102 0.335056 0.453997 0.333497 0.454967 0.332387 0.457307 0.331480 0.459697 0.330848 0.463246 0.331306
0 0.478204 0.307165 0.478171 0.310148 0.477267 0.313033 0.473238 0.315054 0.469735 0.315347 0.467103 0.313563 0.465508 0.310847 0.465957 0.307716 0.466441 0.307161 0.466336 0.305603 0.467305 0.304492 0.469646 0.303585 0.472035 0.302954 0.475585 0.303411
0 0.213695 0.500585 0.213155 0.503647 0.211631 0.504272 0.209033 0.504448 0.207632 0.502938 0.207623 0.500181 0.208363 0.498576 0.210118 0.498387 0.212220 0.498634
0 0.248966 0.532854 0.248426 0.535917 0.246902 0.536542 0.244304 0.536718 0.242904 0.535208 0.242894 0.532451 0.243634 0.530846 0.245389 0.530657 0.247492 0.530903
0 0.298754 0.485770 0.298214 0.488833 0.296690 0.489457 0.294092 0.489633 0.292691 0.488123 0.292682 0.485367 0.293422 0.483762 0.295177 0.483572 0.297279 0.483819
0 0.277512 0.450601 0.277479 0.453585 0.276575 0.456469 0.272546 0.458490 0.269016 0.458141 0.266723 0.455952 0.266116 0.452855 0.266825 0.449231 0.269619 0.447652 0.272749 0.446924 0.275619 0.448240
0 0.288342 0.456026 0.288308 0.459009 0.287404 0.461894 0.283376 0.463914 0.279872 0.464207 0.277240 0.462423 0.275645 0.459707 0.276095 0.456576 0.276578 0.456022 0.276473 0.454463 0.277443 0.453353 0.279783 0.452446 0.282173 0.451814 0.285722 0.452272
0 0.192038 0.458434 0.191674 0.462346 0.188611 0.465690 0.183634 0.466776 0.180261 0.465733 0.178042 0.463794 0.176307 0.461301 0.176132 0.458703 0.176511 0.456589 0.178091 0.453420 0.182422 0.451623 0.185830 0.451016 0.188218 0.452145 0.190952 0.454432
0 0.703004 0.247398 0.703432 0.249877 0.702339 0.252249 0.699298 0.252873 0.697191 0.251431 0.697016 0.248833 0.697465 0.247759 0.698919 0.246094 0.700950 0.246388
0 0.796473 0.208449 0.796439 0.211433 0.795535 0.214318 0.792577 0.215667 0.788555 0.216152 0.785097 0.213932 0.784613 0.210710 0.785378 0.207031 0.785173 0.207152 0.787914 0.204870 0.790303 0.204238 0.793853 0.204696
0 0.786195 0.294305 0.786161 0.297288 0.785258 0.300173 0.782300 0.301522 0.778278 0.302007 0.774820 0.299787 0.774336 0.296565 0.775101 0.292886 0.774896 0.293007 0.777637 0.290725 0.780027 0.290093 0.783576 0.290551
0 0.718445 0.358310 0.718412 0.361293 0.717508 0.364178 0.713480 0.366199 0.709976 0.366491 0.707345 0.364708 0.705749 0.361991 0.706199 0.358860 0.706683 0.358306 0.706577 0.356746 0.707546 0.355637 0.709887 0.354730 0.712277 0.354098 0.715826 0.354556
0 0.745447 0.338659 0.745482 0.339179 0.746036 0.339663 0.746212 0.342262 0.746767 0.342746 0.746802 0.343266 0.746317 0.343821 0.746388 0.344860 0.745903 0.345415 0.745938 0.345934 0.745454 0.346490 0.745489 0.347009 0.744520 0.348118 0.744000 0.348153 0.743515 0.348708 0.742996 0.348743 0.742511 0.349298 0.740953 0.349403 0.740468 0.349958 0.736310 0.350239 0.735755 0.349754 0.734197 0.349860 0.733642 0.349375 0.732602 0.349445 0.732047 0.348961 0.731529 0.348996 0.730419 0.348027 0.730349 0.346987 0.729794 0.346503 0.729724 0.345464 0.729168 0.344979 0.729098 0.343940 0.729583 0.343385 0.729513 0.342346 0.729998 0.341791 0.729927 0.340751 0.731865 0.338533 0.732385 0.338497 0.733354 0.337388 0.733874 0.337353 0.734359 0.336798 0.734878 0.336763 0.735363 0.336208 0.735882 0.336173 0.736367 0.335618 0.738445 0.335478 0.739000 0.335963 0.740040 0.335892 0.740595 0.336377 0.741634 0.336307 0.742188 0.336791 0.742708 0.336756 0.743818 0.337725 0.744337 0.337690
0 0.722884 0.334442 0.722920 0.334961 0.723474 0.335445 0.723650 0.338044 0.724205 0.338529 0.724240 0.339048 0.723755 0.339603 0.723825 0.340642 0.723341 0.341197 0.723376 0.341717 0.722891 0.342272 0.722926 0.342791 0.721958 0.343901 0.721438 0.343936 0.720953 0.344490 0.720434 0.344526 0.719949 0.345080 0.718391 0.345185 0.717905 0.345740 0.713748 0.346021 0.713193 0.345537 0.711635 0.345642 0.711080 0.345157 0.710040 0.345228 0.709485 0.344743 0.708967 0.344778 0.707857 0.343809 0.707786 0.342770 0.707232 0.342285 0.707161 0.341246 0.706606 0.340761 0.706536 0.339722 0.707021 0.339167 0.706951 0.338128 0.707435 0.337573 0.707365 0.336533 0.709303 0.334315 0.709823 0.334280 0.710792 0.333170 0.711312 0.333135 0.711797 0.332580 0.712315 0.332545 0.712801 0.331991 0.713320 0.331955 0.713805 0.331401 0.715883 0.331260 0.716438 0.331745 0.717478 0.331675 0.718033 0.332159 0.719071 0.332089 0.719626 0.332574 0.720146 0.332538 0.721256 0.333508 0.721774 0.333472
0 0.731192 0.277799 0.731159 0.280782 0.730255 0.283667 0.726227 0.285688 0.722722 0.285980 0.720091 0.284197 0.718495 0.281480 0.718945 0.278349 0.719429 0.277795 0.719324 0.276236 0.720293 0.275126 0.722634 0.274219 0.725024 0.273587 0.728573 0.274045
0 0.432559 0.301183 0.433112 0.301669 0.433632 0.301634 0.434187 0.302118 0.434707 0.302083 0.435817 0.303052 0.436337 0.303017 0.436890 0.303501 0.437410 0.303466 0.437445 0.303986 0.440774 0.306893 0.441294 0.306858 0.441848 0.307343 0.441989 0.309421 0.441504 0.309976 0.441645 0.312055 0.440675 0.313164 0.440710 0.313684 0.440227 0.314239 0.440297 0.315278 0.439812 0.315833 0.439847 0.316352 0.438878 0.317462 0.438358 0.317497 0.434481 0.321935 0.433442 0.322006 0.432958 0.322560 0.430880 0.322700 0.430395 0.323255 0.428835 0.323360 0.428352 0.323915 0.424714 0.324161 0.424159 0.323676 0.422599 0.323782 0.422046 0.323297 0.421006 0.323367 0.420451 0.322883 0.419932 0.322918 0.419376 0.322433 0.418338 0.322503 0.418303 0.321984 0.416638 0.320530 0.416603 0.320010 0.414939 0.318557 0.414904 0.318037 0.414349 0.317553 0.414244 0.315994 0.413689 0.315509 0.413408 0.311352 0.413893 0.310797 0.413787 0.309239 0.414272 0.308683 0.414237 0.308164 0.415205 0.307054 0.415170 0.306535 0.416624 0.304870 0.416589 0.304351 0.417110 0.304316 0.417593 0.303761 0.418113 0.303726 0.418598 0.303171 0.419637 0.303101 0.420122 0.302546 0.420642 0.302511 0.421125 0.301956 0.422165 0.301886 0.422650 0.301331 0.423170 0.301296 0.423654 0.300741 0.427291 0.300496 0.427846 0.300980 0.430444 0.300805 0.430999 0.301289
0 0.362853 0.234349 0.363407 0.234834 0.366468 0.238886 0.368425 0.245321 0.368244 0.250941 0.364776 0.255101 0.363737 0.255171 0.363253 0.255725 0.361175 0.255865 0.360690 0.256420 0.359130 0.256525 0.358647 0.257080 0.355009 0.257326 0.354454 0.256841 0.352894 0.256947 0.352341 0.256462 0.351301 0.256532 0.350746 0.256048 0.350227 0.256083 0.349671 0.255598 0.348633 0.255668 0.348598 0.255149 0.346933 0.253695 0.346898 0.253175 0.345234 0.251722 0.345199 0.251202 0.344644 0.250718 0.344539 0.249159 0.343984 0.248674 0.343703 0.244517 0.344188 0.243962 0.344082 0.242404 0.344567 0.241848 0.344532 0.241329 0.345500 0.240219 0.345465 0.239700 0.346919 0.238036 0.346884 0.237516 0.347404 0.237481 0.347888 0.236926 0.348408 0.236891 0.348893 0.236336 0.349932 0.236266 0.350417 0.235711 0.350937 0.235676 0.351420 0.235121 0.352460 0.235051 0.352945 0.234496 0.353465 0.234461 0.353949 0.233906 0.357586 0.233661 0.358141 0.234145 0.360739 0.233970 0.361294 0.234454
0 0.375724 0.240307 0.376153 0.242785 0.375059 0.245158 0.372019 0.245781 0.369912 0.244339 0.369736 0.241741 0.370186 0.240667 0.371639 0.239002 0.373670 0.239296
0 0.410012 0.332825 0.410441 0.335304 0.409347 0.337676 0.406307 0.338300 0.404199 0.336858 0.404024 0.334259 0.404473 0.333185 0.405927 0.331521 0.407958 0.331814
0 0.411557 0.340678 0.411986 0.343157 0.410892 0.345529 0.407852 0.346152 0.405745 0.344710 0.405569 0.342112 0.406019 0.341038 0.407472 0.339373 0.409503 0.339667
0 0.383978 0.348737 0.383944 0.351720 0.383041 0.354605 0.379012 0.356626 0.375508 0.356918 0.372877 0.355135 0.371281 0.352418 0.371731 0.349287 0.372214 0.348733 0.372109 0.347174 0.373079 0.346064 0.375419 0.345157 0.377809 0.344525 0.381359 0.344983
0 0.367940 0.347229 0.368369 0.349707 0.367275 0.352080 0.364235 0.352703 0.362128 0.351261 0.361952 0.348663 0.362402 0.347589 0.363855 0.345924 0.365886 0.346218
0 0.391913 0.250957 0.391879 0.253941 0.390489 0.256197 0.386902 0.256461 0.384699 0.255076 0.382830 0.252965 0.383365 0.249541 0.385990 0.247701 0.390352 0.247918
0 0.566521 0.307242 0.566950 0.309721 0.565856 0.312093 0.562815 0.312717 0.560708 0.311275 0.560533 0.308677 0.560982 0.307602 0.562436 0.305938 0.564467 0.306231
0 0.773207 0.207927 0.773174 0.210911 0.772270 0.213796 0.769312 0.215144 0.765290 0.215630 0.761832 0.213409 0.761348 0.210188 0.762113 0.206509 0.761908 0.206629 0.764649 0.204348 0.767038 0.203715 0.770588 0.204174
0 0.757287 0.216784 0.757254 0.219768 0.756350 0.222653 0.753392 0.224002 0.749370 0.224487 0.745912 0.222266 0.745428 0.219045 0.746193 0.215366 0.745988 0.215486 0.748729 0.213205 0.751118 0.212573 0.754668 0.213031
0 0.759586 0.253530 0.759552 0.256514 0.758648 0.259399 0.755690 0.260747 0.751669 0.261233 0.748211 0.259012 0.747726 0.255791 0.748492 0.252112 0.748286 0.252232 0.751027 0.249951 0.753416 0.249318 0.756966 0.249777
0 0.837217 0.233584 0.837183 0.236567 0.836280 0.239452 0.833323 0.240801 0.829300 0.241286 0.825842 0.239066 0.825358 0.235845 0.826123 0.232165 0.825918 0.232286 0.828659 0.230004 0.831049 0.229372 0.834598 0.229830
0 0.894168 0.223174 0.894134 0.226158 0.893231 0.229043 0.890272 0.230392 0.886251 0.230877 0.882793 0.228656 0.882308 0.225435 0.883074 0.221756 0.882868 0.221876 0.885609 0.219595 0.887999 0.218963 0.891549 0.219421
0 0.849999 0.260566 0.850034 0.261086 0.850589 0.261570 0.850764 0.264169 0.851320 0.264653 0.851355 0.265173 0.850869 0.265727 0.850940 0.266767 0.850455 0.267322 0.850490 0.267841 0.850006 0.268396 0.850041 0.268916 0.849072 0.270025 0.848553 0.270060 0.848067 0.270615 0.847548 0.270650 0.847063 0.271205 0.845505 0.271310 0.845020 0.271865 0.840863 0.272146 0.840307 0.271661 0.838749 0.271766 0.838194 0.271282 0.837154 0.271352 0.836600 0.270868 0.836081 0.270903 0.834971 0.269933 0.834901 0.268894 0.834346 0.268410 0.834276 0.267370 0.833721 0.266886 0.833650 0.265847 0.834135 0.265292 0.834065 0.264252 0.834550 0.263698 0.834480 0.262658 0.836417 0.260439 0.836937 0.260404 0.837906 0.259295 0.838427 0.259260 0.838911 0.258705 0.839430 0.258670 0.839915 0.258115 0.840435 0.258080 0.840919 0.257525 0.842998 0.257385 0.843553 0.257869 0.844592 0.257799 0.845147 0.258284 0.846186 0.258214 0.846741 0.258698 0.847260 0.258663 0.848370 0.259632 0.848889 0.259597
0 0.920240 0.233420 0.920275 0.233940 0.920830 0.234424 0.921005 0.237022 0.921561 0.237507 0.921596 0.238027 0.921111 0.238581 0.921181 0.239621 0.920696 0.240175 0.920731 0.240695 0.920247 0.241250 0.920282 0.241769 0.919313 0.242879 0.918794 0.242914 0.918309 0.243469 0.917789 0.243504 0.917304 0.244059 0.915746 0.244164 0.915261 0.244719 0.911104 0.245000 0.910549 0.244515 0.908990 0.244620 0.908435 0.244136 0.907395 0.244206 0.906841 0.243721 0.906322 0.243756 0.905212 0.242787 0.905142 0.241748 0.904587 0.241264 0.904517 0.240224 0.903962 0.239740 0.903892 0.238700 0.904377 0.238146 0.904306 0.237106 0.904791 0.236552 0.904721 0.235512 0.906658 0.233293 0.907179 0.233258 0.908148 0.232149 0.908668 0.232114 0.909152 0.231559 0.909671 0.231524 0.910156 0.230969 0.910676 0.230934 0.911160 0.230379 0.913239 0.230239 0.913794 0.230723 0.914833 0.230653 0.915388 0.231138 0.916427 0.231067 0.916982 0.231552 0.917501 0.231517 0.918611 0.232486 0.919130 0.232451
0 0.919325 0.215097 0.919291 0.218080 0.918388 0.220965 0.915430 0.222314 0.911408 0.222799 0.907950 0.220579 0.907465 0.217358 0.908231 0.213679 0.908025 0.213799 0.910766 0.211518 0.913156 0.210885 0.916706 0.211343
0 0.936514 0.221989 0.936480 0.224973 0.935577 0.227858 0.932619 0.229207 0.928597 0.229692 0.925139 0.227472 0.924654 0.224251 0.925420 0.220571 0.925214 0.220692 0.927955 0.218410 0.930345 0.217778 0.933895 0.218236
0 0.802262 0.231981 0.802228 0.234965 0.801324 0.237850 0.798366 0.239199 0.794345 0.239684 0.790887 0.237464 0.790402 0.234243 0.791168 0.230563 0.790962 0.230684 0.793703 0.228402 0.796093 0.227770 0.799643 0.228228
0 0.871776 0.227896 0.872205 0.230374 0.871111 0.232747 0.868071 0.233370 0.865963 0.231929 0.865788 0.229330 0.866237 0.228256 0.867691 0.226592 0.869722 0.226885
0 0.197317 0.419807 0.196954 0.423719 0.193890 0.427064 0.188913 0.428150 0.185539 0.427106 0.183321 0.425168 0.181586 0.422675 0.181410 0.420077 0.181789 0.417963 0.183371 0.414794 0.187701 0.412997 0.191109 0.412390 0.193497 0.413518 0.196231 0.415805
0 0.169420 0.453759 0.169057 0.457671 0.165993 0.461016 0.161016 0.462102 0.157643 0.461058 0.155424 0.459120 0.153689 0.456627 0.153514 0.454029 0.153893 0.451915 0.155474 0.448746 0.159804 0.446949 0.163212 0.446342 0.165600 0.447470 0.168334 0.449757
0 0.241255 0.349232 0.240891 0.353144 0.237827 0.356489 0.232851 0.357575 0.229477 0.356531 0.227258 0.354593 0.225524 0.352100 0.225348 0.349502 0.225727 0.347388 0.227308 0.344219 0.231639 0.342422 0.235047 0.341815 0.237434 0.342943 0.240169 0.345230
0 0.303678 0.275424 0.303315 0.279336 0.300251 0.282681 0.295275 0.283767 0.291901 0.282723 0.289682 0.280785 0.287947 0.278292 0.287772 0.275694 0.288151 0.273580 0.289732 0.270411 0.294063 0.268614 0.297471 0.268007 0.299858 0.269135 0.302593 0.271422
0 0.265409 0.264106 0.265046 0.268018 0.261982 0.271362 0.257005 0.272448 0.253631 0.271405 0.251413 0.269467 0.249678 0.266974 0.249502 0.264375 0.249882 0.262262 0.251463 0.259092 0.255793 0.257295 0.259201 0.256689 0.261589 0.257817 0.264323 0.260104
0 0.477093 0.550785 0.477198 0.552345 0.477754 0.552830 0.477964 0.555947 0.477479 0.556502 0.477549 0.557541 0.477065 0.558096 0.477100 0.558615 0.476616 0.559171 0.476686 0.560210 0.475716 0.561319 0.475197 0.561355 0.474712 0.561909 0.474193 0.561944 0.473708 0.562499 0.470468 0.563753 0.467223 0.563873 0.465948 0.563545 0.462792 0.561971 0.461089 0.558984 0.459588 0.555283 0.459711 0.551923 0.462130 0.549010 0.465344 0.546881 0.468789 0.545596 0.473175 0.546875 0.475949 0.549297 0.475984 0.549817
0 0.467055 0.531411 0.467090 0.531930 0.468200 0.532899 0.468270 0.533939 0.468825 0.534423 0.468966 0.536502 0.468481 0.537057 0.468656 0.539655 0.468172 0.540210 0.468242 0.541249 0.467272 0.542358 0.467307 0.542878 0.465854 0.544542 0.465334 0.544577 0.464850 0.545132 0.464330 0.545167 0.463846 0.545722 0.462806 0.545792 0.462322 0.546347 0.458164 0.546628 0.457610 0.546143 0.455011 0.546319 0.454456 0.545834 0.452378 0.545975 0.450715 0.544521 0.450679 0.544001 0.450124 0.543517 0.450089 0.542997 0.448980 0.542028 0.448945 0.541509 0.448389 0.541024 0.448038 0.535827 0.449008 0.534717 0.448973 0.534198 0.450426 0.532534 0.450391 0.532014 0.451360 0.530905 0.451880 0.530870 0.452365 0.530315 0.454443 0.530174 0.454928 0.529620 0.456487 0.529514 0.456971 0.528960 0.460609 0.528714 0.461164 0.529199 0.462203 0.529128 0.462758 0.529613 0.463797 0.529543 0.464352 0.530027 0.464871 0.529992 0.465427 0.530477 0.465945 0.530442
0 0.612737 0.613292 0.613291 0.613776 0.614850 0.613671 0.615405 0.614155 0.615925 0.614120 0.616479 0.614605 0.617518 0.614535 0.618073 0.615019 0.619113 0.614949 0.619667 0.615433 0.620188 0.615398 0.620741 0.615883 0.621261 0.615847 0.623480 0.617786 0.623515 0.618305 0.624070 0.618790 0.624105 0.619310 0.624660 0.619795 0.624695 0.620314 0.625250 0.620799 0.625285 0.621318 0.625394 0.624891 0.624511 0.627172 0.621734 0.631025 0.619693 0.632607 0.618298 0.633797 0.617813 0.634352 0.616254 0.634457 0.615769 0.635012 0.614246 0.635637 0.612168 0.635777 0.611612 0.635292 0.610573 0.635363 0.610018 0.634878 0.609498 0.634913 0.608944 0.634429 0.607905 0.634499 0.607350 0.634014 0.606033 0.632678 0.604320 0.630350 0.603504 0.628147 0.602245 0.625417 0.602385 0.622343 0.602350 0.621824 0.602834 0.621269 0.602799 0.620749 0.603284 0.620194 0.603249 0.619674 0.603734 0.619120 0.603699 0.618600 0.604183 0.618045 0.604703 0.618010 0.605187 0.617455 0.605707 0.617420 0.606676 0.616311 0.607196 0.616276 0.608164 0.615167 0.608684 0.615131 0.609654 0.614022 0.610173 0.613987 0.610659 0.613432
0 0.567080 0.524922 0.567635 0.525406 0.568155 0.525371 0.568710 0.525856 0.569230 0.525821 0.570338 0.526790 0.570374 0.527310 0.573147 0.529732 0.573218 0.530772 0.573772 0.531256 0.573807 0.531776 0.574363 0.532260 0.574398 0.532780 0.575507 0.533749 0.575542 0.534269 0.575058 0.534823 0.575163 0.536382 0.574679 0.536937 0.574784 0.538496 0.573814 0.539606 0.573849 0.540126 0.573366 0.540680 0.573436 0.541719 0.572951 0.542274 0.572986 0.542794 0.571532 0.544458 0.571012 0.544493 0.570529 0.545048 0.570009 0.545083 0.569524 0.545638 0.565366 0.545919 0.564883 0.546473 0.560725 0.546754 0.560170 0.546269 0.559131 0.546340 0.558576 0.545855 0.557537 0.545925 0.556982 0.545441 0.556463 0.545476 0.555907 0.544991 0.554869 0.545062 0.554314 0.544577 0.553794 0.544612 0.551576 0.542674 0.551541 0.542154 0.550985 0.541670 0.550915 0.540630 0.550360 0.540146 0.550009 0.534949 0.550494 0.534395 0.550283 0.531277 0.550768 0.530722 0.550733 0.530202 0.551218 0.529648 0.551183 0.529128 0.552636 0.527464 0.553155 0.527429 0.554125 0.526319 0.555164 0.526249 0.555648 0.525694 0.557207 0.525589 0.557691 0.525034 0.563409 0.524648 0.563962 0.525133
0 0.322998 0.463055 0.323553 0.463540 0.324593 0.463469 0.325148 0.463953 0.326186 0.463883 0.326741 0.464368 0.327261 0.464333 0.327816 0.464818 0.328336 0.464783 0.328891 0.465267 0.329929 0.465197 0.333813 0.468589 0.333848 0.469108 0.334403 0.469593 0.334438 0.470113 0.334993 0.470597 0.335028 0.471117 0.336136 0.472086 0.336171 0.472606 0.335687 0.473160 0.335827 0.475239 0.335344 0.475794 0.335414 0.476833 0.334929 0.477387 0.334964 0.477907 0.333995 0.479017 0.334030 0.479537 0.333545 0.480091 0.333580 0.480611 0.333096 0.481166 0.333131 0.481685 0.331678 0.483350 0.330638 0.483420 0.330154 0.483975 0.329114 0.484045 0.328630 0.484600 0.327590 0.484670 0.327105 0.485225 0.326067 0.485295 0.325582 0.485849 0.325063 0.485885 0.324577 0.486439 0.323019 0.486545 0.322464 0.486060 0.321945 0.486095 0.321389 0.485611 0.319831 0.485716 0.319276 0.485232 0.317717 0.485337 0.317163 0.484852 0.315604 0.484957 0.314495 0.483988 0.313975 0.484023 0.312310 0.482570 0.312275 0.482050 0.311720 0.481566 0.311685 0.481046 0.311130 0.480561 0.311095 0.480042 0.310541 0.479557 0.310506 0.479037 0.309951 0.478553 0.309635 0.473876 0.310120 0.473321 0.310015 0.471763 0.310498 0.471208 0.310393 0.469649 0.312817 0.466875 0.313336 0.466840 0.314305 0.465730 0.314824 0.465695 0.315309 0.465141 0.316867 0.465035 0.317353 0.464480 0.318912 0.464375 0.319396 0.463820 0.320955 0.463715 0.321440 0.463160
0 0.288277 0.729622 0.288244 0.732605 0.287340 0.735490 0.283311 0.737511 0.279808 0.737803 0.277176 0.736020 0.275581 0.733304 0.276030 0.730172 0.276514 0.729618 0.276409 0.728059 0.277378 0.726949 0.279719 0.726042 0.282109 0.725410 0.285658 0.725868
0 0.286614 0.700977 0.287169 0.701461 0.288728 0.701356 0.289283 0.701841 0.289802 0.701805 0.290357 0.702290 0.291396 0.702220 0.291951 0.702704 0.292991 0.702634 0.293545 0.703118 0.294065 0.703083 0.294619 0.703568 0.295139 0.703533 0.297358 0.705471 0.297393 0.705991 0.297948 0.706475 0.297983 0.706995 0.298538 0.707480 0.298573 0.707999 0.299128 0.708484 0.299163 0.709004 0.299272 0.712576 0.298389 0.714857 0.295612 0.718711 0.293571 0.720293 0.292176 0.721482 0.291691 0.722037 0.290132 0.722142 0.289647 0.722697 0.288124 0.723322 0.286045 0.723462 0.285490 0.722978 0.284451 0.723048 0.283896 0.722563 0.283376 0.722598 0.282821 0.722114 0.281783 0.722184 0.281228 0.721699 0.279910 0.720364 0.278198 0.718035 0.277382 0.715832 0.276123 0.713103 0.276263 0.710028 0.276228 0.709509 0.276712 0.708954 0.276677 0.708434 0.277162 0.707880 0.277127 0.707360 0.277612 0.706805 0.277577 0.706285 0.278061 0.705730 0.278581 0.705695 0.279065 0.705140 0.279585 0.705105 0.280554 0.703996 0.281074 0.703961 0.282042 0.702852 0.282562 0.702817 0.283532 0.701707 0.284051 0.701672 0.284536 0.701117
0 0.876328 0.639424 0.876294 0.642407 0.875391 0.645292 0.871362 0.647313 0.867858 0.647605 0.865227 0.645822 0.863631 0.643106 0.864081 0.639974 0.864565 0.639420 0.864460 0.637861 0.865429 0.636751 0.867770 0.635844 0.870159 0.635212 0.873709 0.635670
0 0.926748 0.572949 0.926783 0.573468 0.927338 0.573952 0.927408 0.574992 0.927963 0.575477 0.927998 0.575996 0.928553 0.576481 0.928693 0.578559 0.928209 0.579114 0.928349 0.581192 0.927864 0.581747 0.927900 0.582267 0.927415 0.582822 0.927450 0.583342 0.926966 0.583896 0.927001 0.584416 0.926517 0.584971 0.926587 0.586010 0.924163 0.588783 0.923645 0.588818 0.923159 0.589374 0.922640 0.589409 0.922155 0.589963 0.917479 0.590279 0.912250 0.588937 0.908010 0.586332 0.905665 0.580550 0.906190 0.575592 0.908905 0.571544 0.909389 0.570989 0.909909 0.570954 0.910394 0.570399 0.911433 0.570329 0.911917 0.569774 0.912437 0.569739 0.912922 0.569184 0.917598 0.568869 0.918153 0.569353 0.921271 0.569142 0.921826 0.569627 0.922346 0.569592 0.923454 0.570561 0.923975 0.570526
0 0.882988 0.537097 0.883094 0.538657 0.883648 0.539141 0.883859 0.542259 0.883374 0.542814 0.883445 0.543853 0.882959 0.544407 0.882995 0.544927 0.882510 0.545482 0.882580 0.546521 0.881611 0.547631 0.881092 0.547666 0.880607 0.548221 0.880087 0.548256 0.879603 0.548811 0.876362 0.550065 0.873118 0.550184 0.871843 0.549857 0.868687 0.548282 0.866983 0.545295 0.865483 0.541594 0.865606 0.538234 0.868025 0.535322 0.871239 0.533193 0.874684 0.531908 0.879069 0.533186 0.881843 0.535609 0.881878 0.536129
0 0.850100 0.507867 0.850135 0.508386 0.850691 0.508871 0.850761 0.509910 0.851316 0.510395 0.851351 0.510915 0.851905 0.511399 0.852046 0.513478 0.851561 0.514032 0.851702 0.516110 0.851217 0.516665 0.851252 0.517185 0.850767 0.517740 0.850802 0.518260 0.850319 0.518815 0.850354 0.519334 0.849869 0.519889 0.849940 0.520928 0.847516 0.523702 0.846997 0.523737 0.846512 0.524292 0.845992 0.524327 0.845508 0.524882 0.840832 0.525198 0.835602 0.523855 0.831362 0.521250 0.829018 0.515469 0.829543 0.510510 0.832257 0.506462 0.832742 0.505907 0.833262 0.505872 0.833746 0.505317 0.834785 0.505247 0.835270 0.504692 0.835789 0.504657 0.836275 0.504103 0.840951 0.503787 0.841506 0.504271 0.844623 0.504061 0.845178 0.504545 0.845698 0.504510 0.846807 0.505479 0.847327 0.505444
0 0.786630 0.523060 0.786736 0.524620 0.787291 0.525104 0.787501 0.528222 0.787017 0.528777 0.787087 0.529816 0.786602 0.530370 0.786637 0.530890 0.786152 0.531445 0.786222 0.532485 0.785253 0.533594 0.784734 0.533629 0.784250 0.534184 0.783729 0.534219 0.783245 0.534774 0.780004 0.536028 0.776760 0.536147 0.775485 0.535820 0.772329 0.534245 0.770626 0.531259 0.769125 0.527557 0.769248 0.524197 0.771667 0.521285 0.774881 0.519156 0.778326 0.517871 0.782712 0.519149 0.785485 0.521572 0.785520 0.522092
0 0.753429 0.471548 0.753464 0.472067 0.754019 0.472552 0.754090 0.473591 0.754644 0.474076 0.754680 0.474596 0.755234 0.475080 0.755375 0.477159 0.754890 0.477713 0.755031 0.479791 0.754546 0.480346 0.754581 0.480866 0.754096 0.481421 0.754131 0.481941 0.753648 0.482496 0.753683 0.483015 0.753198 0.483570 0.753268 0.484609 0.750845 0.487383 0.750326 0.487418 0.749841 0.487973 0.749321 0.488008 0.748837 0.488563 0.744160 0.488879 0.738931 0.487536 0.734691 0.484931 0.732347 0.479150 0.732871 0.474191 0.735586 0.470143 0.736071 0.469588 0.736591 0.469553 0.737075 0.468998 0.738114 0.468928 0.738599 0.468374 0.739118 0.468338 0.739603 0.467784 0.744280 0.467468 0.744834 0.467952 0.747952 0.467742 0.748507 0.468226 0.749027 0.468191 0.750136 0.469160 0.750656 0.469125
0 0.628926 0.706403 0.628961 0.706923 0.629516 0.707407 0.629832 0.712084 0.628864 0.713193 0.628899 0.713713 0.626960 0.715932 0.626440 0.715967 0.625957 0.716522 0.621799 0.716803 0.621314 0.717357 0.618716 0.717533 0.618161 0.717048 0.617642 0.717084 0.617086 0.716599 0.617051 0.716079 0.615943 0.715110 0.615908 0.714591 0.615352 0.714106 0.615317 0.713586 0.614208 0.712617 0.613962 0.708980 0.613407 0.708495 0.615346 0.706276 0.615865 0.706241 0.616834 0.705132 0.617354 0.705097 0.617839 0.704542 0.624595 0.704085 0.625149 0.704570 0.626188 0.704500 0.626743 0.704984 0.627262 0.704949
0 0.573398 0.473189 0.573827 0.475667 0.572733 0.478040 0.569692 0.478663 0.567585 0.477222 0.567410 0.474623 0.567859 0.473549 0.569313 0.471885 0.571345 0.472178
0 0.606098 0.385551 0.606065 0.388534 0.605161 0.391419 0.601133 0.393440 0.597628 0.393732 0.594998 0.391949 0.593401 0.389233 0.593851 0.386102 0.594335 0.385547 0.594230 0.383988 0.595199 0.382878 0.597540 0.381971 0.599930 0.381339 0.603479 0.381797
0 0.628230 0.373769 0.628197 0.376752 0.627293 0.379637 0.623265 0.381658 0.619760 0.381950 0.617129 0.380167 0.615533 0.377451 0.615983 0.374320 0.616467 0.373765 0.616362 0.372206 0.617331 0.371096 0.619672 0.370189 0.622061 0.369557 0.625611 0.370015
0 0.513738 0.359201 0.513704 0.362184 0.512801 0.365069 0.508772 0.367090 0.505268 0.367382 0.502637 0.365598 0.501041 0.362882 0.501491 0.359751 0.501975 0.359197 0.501869 0.357637 0.502839 0.356528 0.505179 0.355621 0.507569 0.354989 0.511119 0.355447
0 0.463441 0.355232 0.463995 0.355717 0.464516 0.355682 0.465069 0.356166 0.465589 0.356131 0.466144 0.356616 0.466664 0.356581 0.467219 0.357065 0.467738 0.357030 0.468292 0.357515 0.469237 0.360691 0.469623 0.365329 0.467506 0.369052 0.467022 0.369607 0.465463 0.369712 0.464978 0.370267 0.462380 0.370443 0.461825 0.369958 0.460786 0.370028 0.460231 0.369544 0.459191 0.369614 0.458637 0.369129 0.458118 0.369164 0.455344 0.366741 0.455309 0.366222 0.454754 0.365737 0.454403 0.360540 0.454887 0.359986 0.454852 0.359466 0.455372 0.359431 0.456340 0.358322 0.456861 0.358287 0.457345 0.357732 0.457865 0.357697 0.458349 0.357142 0.458869 0.357107 0.459353 0.356552 0.459873 0.356517 0.460358 0.355963 0.460877 0.355927 0.461363 0.355373
0 0.020763 0.295480 0.023362 0.295304 0.023916 0.295789 0.024956 0.295718 0.025511 0.296203 0.026030 0.296168 0.026585 0.296652 0.027104 0.296617 0.032097 0.300978 0.032132 0.301498 0.032687 0.301982 0.032863 0.304581 0.033417 0.305065 0.033488 0.306105 0.033003 0.306660 0.033038 0.307179 0.032069 0.308288 0.032105 0.308808 0.031620 0.309363 0.031655 0.309882 0.031170 0.310437 0.031205 0.310957 0.030721 0.311512 0.030201 0.311547 0.029716 0.312102 0.029197 0.312137 0.028713 0.312691 0.028193 0.312726 0.027708 0.313282 0.026669 0.313352 0.026185 0.313907 0.024106 0.314047 0.023621 0.314601 0.023067 0.314117 0.021507 0.314223 0.020953 0.313738 0.019914 0.313808 0.019359 0.313323 0.018839 0.313358 0.018284 0.312874 0.017765 0.312909 0.017210 0.312424 0.016691 0.312459 0.013362 0.309552 0.013327 0.309032 0.012772 0.308548 0.012737 0.308029 0.012182 0.307544 0.012112 0.306504 0.012597 0.305950 0.012491 0.304391 0.012976 0.303836 0.012871 0.302277 0.013355 0.301722 0.013320 0.301203 0.013804 0.300648 0.013769 0.300129 0.014254 0.299574 0.014219 0.299054 0.015188 0.297944 0.015708 0.297909 0.016192 0.297354 0.016712 0.297319 0.017196 0.296765 0.018236 0.296694 0.018720 0.296140 0.020279 0.296034
0 0.125224 0.310062 0.125259 0.310581 0.125814 0.311066 0.125849 0.311586 0.125364 0.312141 0.125610 0.315778 0.125125 0.316333 0.125196 0.317372 0.124711 0.317927 0.124781 0.318967 0.124296 0.319521 0.124331 0.320040 0.122878 0.321705 0.121838 0.321775 0.121354 0.322330 0.120315 0.322400 0.119830 0.322955 0.118791 0.323025 0.118306 0.323580 0.116228 0.323720 0.115743 0.324275 0.115223 0.324310 0.114670 0.323825 0.113110 0.323931 0.112555 0.323446 0.110477 0.323586 0.109922 0.323102 0.108364 0.323207 0.107808 0.322723 0.107289 0.322758 0.106734 0.322273 0.106214 0.322308 0.105105 0.321339 0.105035 0.320300 0.104480 0.319816 0.104445 0.319296 0.103890 0.318811 0.103855 0.318291 0.103300 0.317807 0.103054 0.314170 0.103539 0.313615 0.103434 0.312056 0.104887 0.310391 0.104852 0.309872 0.106790 0.307653 0.107311 0.307618 0.107794 0.307063 0.108834 0.306993 0.109318 0.306438 0.110357 0.306368 0.110842 0.305814 0.111882 0.305743 0.112366 0.305189 0.116004 0.304943 0.116558 0.305427 0.118117 0.305322 0.118672 0.305807 0.119711 0.305736 0.120266 0.306221 0.120785 0.306185 0.121895 0.307154 0.122415 0.307119 0.124079 0.308573 0.124114 0.309093
0 0.082054 0.351651 0.082608 0.352136 0.084687 0.351995 0.085242 0.352480 0.086281 0.352410 0.086836 0.352894 0.087875 0.352823 0.088430 0.353308 0.088949 0.353273 0.089504 0.353758 0.090024 0.353722 0.090578 0.354207 0.090614 0.354727 0.091724 0.355696 0.091759 0.356215 0.092313 0.356700 0.092384 0.357740 0.091899 0.358294 0.092004 0.359853 0.091520 0.360408 0.091590 0.361447 0.090136 0.363111 0.089616 0.363146 0.089132 0.363701 0.088613 0.363736 0.088127 0.364291 0.087088 0.364361 0.086604 0.364916 0.085565 0.364987 0.085080 0.365541 0.081962 0.365752 0.081407 0.365267 0.080368 0.365338 0.079814 0.364852 0.079294 0.364888 0.078739 0.364403 0.078219 0.364438 0.076001 0.362500 0.075790 0.359383 0.075235 0.358898 0.075200 0.358378 0.075685 0.357823 0.075650 0.357303 0.076618 0.356194 0.076583 0.355674 0.078522 0.353455 0.079041 0.353420 0.079526 0.352866 0.080045 0.352831 0.080530 0.352276 0.081570 0.352206
0 0.035095 0.356735 0.035187 0.362021 0.032118 0.363883 0.028613 0.364176 0.025982 0.362393 0.025382 0.357921 0.027505 0.355065 0.030020 0.354101 0.032686 0.354384
0 0.046175 0.414818 0.047513 0.411503 0.048482 0.410394 0.049003 0.410358 0.049971 0.409249 0.050491 0.409214 0.050975 0.408659 0.051495 0.408624 0.052464 0.407515 0.058699 0.407093 0.059254 0.407578 0.061333 0.407438 0.061888 0.407922 0.062407 0.407887 0.063517 0.408856 0.064037 0.408821 0.065146 0.409790 0.065665 0.409755 0.066692 0.411336 0.067498 0.412926 0.068525 0.415362 0.069019 0.417794 0.068250 0.421626 0.066987 0.424218 0.065010 0.427186 0.061542 0.428777 0.058570 0.429799 0.056061 0.429763 0.052864 0.429280 0.048915 0.426794 0.046709 0.423944 0.046067 0.420998 0.045540 0.418189
0 0.155949 0.472689 0.157287 0.469375 0.158256 0.468265 0.158776 0.468230 0.159744 0.467120 0.160265 0.467085 0.160749 0.466531 0.161269 0.466495 0.162237 0.465386 0.168473 0.464965 0.169028 0.465449 0.171106 0.465309 0.171661 0.465793 0.172181 0.465758 0.173291 0.466727 0.173811 0.466692 0.174920 0.467661 0.175439 0.467626 0.176466 0.469208 0.177272 0.470797 0.178299 0.473234 0.178792 0.475666 0.178024 0.479497 0.176761 0.482089 0.174783 0.485058 0.171315 0.486648 0.168344 0.487670 0.165835 0.487634 0.162637 0.487152 0.158689 0.484666 0.156483 0.481815 0.155840 0.478869 0.155314 0.476060
